arrived_at,num_prefill_tokens,num_decode_tokens,prefill_inflated,decode_inflated
0.0,329,140,0,0
0.6300724835830342,2380,20,0,0
0.6301817756552819,13,432,0,0
0.6438752875411348,47,243,0,0
0.7809177847794757,17,309,0,0
1.0505707745190196,24,409,0,0
1.1172857219528174,190,226,1,0
1.4776401118515778,23,361,0,0
1.5098659140174537,18,113,0,0
1.5642127568312127,14,27,0,0
1.5900115479141923,34,329,0,0
1.5921182734335177,16,221,0,0
1.5954370437441816,12,169,0,0
1.6339895360994396,444,166,0,0
1.6396440935884633,64,2130,0,1
1.869156023734499,38,343,0,0
2.10843387762381,23,184,0,0
2.7672371302046135,16,545,0,0
2.7843649594746456,505,354,0,0
3.071591651328041,184,381,0,0
3.074539766309559,106,3510,0,1
3.0780659733450175,20,761,0,0
3.0992968882782224,32,321,0,0
3.130977786878641,965,768,0,0
3.131714818565524,37,767,0,0
3.1322811384912246,88,121,0,0
3.1689896652474245,15,246,0,0
3.172206751671776,62,345,0,0
3.374469253495371,342,504,0,0
3.4141928210377173,6,268,0,0
3.4475482810341567,22,235,0,0
3.4749262192597667,19,348,0,0
3.5831068614745574,40,335,0,0
3.596393514076744,3073,662,0,0
3.7546337308264723,128,820,0,0
3.760936717645636,73,366,0,0
3.772442581707093,20,80,0,0
3.777069272439365,930,83,1,0
3.8367002992570387,1082,560,0,0
3.856087648458863,6,103,0,0
3.8593042267259907,76,767,0,0
4.84822294637209,14,76,0,0
4.856941245815642,817,752,0,0
4.871241148203115,206,53,0,0
4.910934424214622,7,127,0,0
5.5056921160547665,20,213,0,0
5.519103246489136,2874,6,0,0
5.592745484891542,300,184,0,0
5.614732299411922,37,233,0,0
5.615698160674806,25,426,0,0
5.703651529838828,31,45,0,0
5.842603845871011,53,250,0,0
5.853769915779776,10,66,0,0
5.871266043508568,104,769,0,0
5.872162074740597,7,194,0,0
5.873020160113218,420,312,1,0
5.881266853965754,96,280,0,0
5.944366743024151,5,740,0,1
5.951421506411205,48,285,0,0
5.983780694887537,1514,200,0,0
6.1087898477950615,251,4560,0,1
6.130643696478977,30,235,0,0
6.187571790919886,934,481,0,0
6.514127080160459,14,325,0,0
6.515620092851174,83,364,0,0
6.595538196684014,37,161,0,0
6.595954426825704,27,101,0,0
6.6387372810693135,741,30,0,0
6.665818529302566,28,300,0,0
6.671905695954804,2350,352,0,0
6.673997916918954,160,180,0,0
6.689943631946847,738,1630,0,1
6.697887298403843,14,285,0,0
6.719822559796016,8,223,0,0
6.722759148998829,7,25,0,0
6.776485679439422,9,418,0,0
6.778758795867038,5,34,0,0
6.788578408849522,38,210,0,0
6.796817385537832,21,109,0,0
7.024653652135565,14,208,0,0
7.025559815791098,436,791,0,0
7.0334435730672515,380,115,0,0
7.225496997629805,12,255,0,0
7.230333393470851,19,76,0,0
7.231846114446494,103,257,0,0
7.263616520697161,28,50,0,0
7.27371910681752,876,75,0,0
7.369528631636888,11,227,0,0
7.372392209823474,1114,142,0,0
7.3988272573941565,443,126,0,0
7.467209070210669,93,5,0,0
7.610416758070476,16,29,0,0
7.612391744996293,253,250,0,0
7.923589876398431,116,538,0,0
7.9265684929601505,5,245,0,0
7.9274446159149345,94,165,0,0
7.930118985949196,31,550,0,0
7.954714174272521,38,393,0,0
7.964195119897418,10,23,0,0
8.007738753037252,31,81,0,0
8.056359912303176,8,309,0,0
8.090454588902537,38,22,0,0
8.101300589998054,80,116,1,0
8.780563477586174,14,740,0,0
8.780778027080782,45,152,0,0
8.781340256198835,11,164,0,0
8.787887736926107,20,225,0,0
8.789353561181764,201,406,0,0
8.789462279122937,1043,248,0,0
8.79314155223379,54,397,0,0
8.79717382461287,40,244,0,0
8.797308586426338,21,486,0,0
8.897816667842255,15,452,0,0
9.140334777824116,9,365,0,0
9.353369356386734,2131,645,0,0
9.359897815102787,473,147,0,0
9.384139570883743,26,380,0,0
9.386057472703262,13,296,0,0
9.413325827906366,985,480,0,0
9.418011463382317,339,317,0,0
9.458972393655404,24,669,0,0
9.468059964890355,102,194,0,0
9.610706119024083,127,77,0,0
9.704967140113315,582,85,0,0
9.919989424705667,369,116,0,0
9.920717217252706,43,476,0,0
9.921191305323733,8,4730,0,1
9.961733241672853,77,768,0,0
9.967422226978668,23,640,0,0
10.007407454608362,7,78,0,0
10.04021353829906,510,702,1,0
10.066088664478755,197,734,0,0
10.179538337543967,450,22,1,0
10.23446974589172,65,657,0,0
10.28089039140645,54,356,0,0
10.28391025759884,8,131,0,0
10.851945145524345,30,145,0,0
10.875189899461555,11,218,0,0
11.040355870456365,24,40,0,0
11.075064436187317,404,289,0,0
11.303575160603337,6,124,0,0
11.328105799787323,344,105,0,0
11.355990372575963,2139,59,0,0
11.379761673551895,35,63,0,0
11.384134867316996,500,43,1,0
11.389882679598971,9,171,0,0
11.403332349891002,7,300,0,0
11.417612770184823,1020,312,0,0
11.420140859057842,442,9,0,0
13.430334118586195,34,381,0,0
13.432868910242297,23,716,0,0
13.442653953478452,16,221,0,0
15.843140895284296,5,474,0,0
15.847964282485503,130,689,0,0
15.931454442489418,16,221,0,0
15.999122882988122,96,281,0,0
16.011026127137548,28,498,0,0
16.01206174084291,17,257,0,0
16.012869738187938,20,161,0,0
16.030630965213756,689,126,0,0
16.07249739971844,594,529,0,0
16.072739262029554,8118,74,1,0
16.097236209592037,655,635,0,0
16.102113579715407,86,487,0,0
16.210235574564397,17,195,0,0
16.2359120621067,91,280,0,0
16.23954481449042,50,502,0,0
16.247280018369626,1819,549,0,0
16.2671621718272,22,50,0,0
16.535563965954456,34,24,0,0
24.596715624684244,95,462,0,0
24.634265995087752,474,474,0,0
24.657670087522792,1608,141,0,0
24.732729405935455,41,177,0,0
24.752509963843234,507,106,0,0
24.827226997281993,48,438,0,0
24.873333339031806,35,246,0,0
24.894827145754853,201,598,0,0
24.899219709009056,26,183,0,0
24.928953405262828,179,190,0,0
25.060787501266,1010,88,1,0
25.086033460471352,236,162,0,0
25.535921570517495,23,449,0,0
25.679597695568383,8,27,0,0
25.696431120550063,63,372,0,0
26.40585168534354,4,11,0,0
26.40816913753928,78,364,0,0
26.63738249304297,41,271,0,0
27.542188451341076,3540,92,0,0
27.5555318804995,1820,103,1,0
27.573641848707627,778,768,0,0
27.71923503863503,189,99,0,0
28.111270176992026,40,354,0,0
28.165787774476637,9,174,0,0
28.202495562485662,23,620,0,0
28.34515231885006,82,100,0,0
28.38359790695671,14,409,0,0
28.38563951639071,624,324,0,0
28.401357975588922,1595,416,0,0
28.423584241321727,1378,422,0,0
28.42472478960323,123,100,0,0
28.47563632655624,15,286,0,0
28.48082482076896,50,1960,0,1
28.581875066272858,6,227,0,0
28.583037886368754,17,3550,0,1
28.586726793282057,22,360,0,0
28.58796476614742,280,91,0,0
28.886028157885494,2015,99,0,0
29.177925515544025,58,232,0,0
29.60857004357744,320,13,0,0
30.04530217851402,832,318,0,0
30.184622778025094,2073,130,0,0
30.321193862481156,13,83,0,0
30.321957922805343,766,366,0,0
30.366042140977534,21,214,0,0
30.374444543270513,2386,8,0,0
30.386461247063124,1906,629,0,0
30.388419414929857,90,770,0,0
30.704587532142032,1926,371,0,0
30.735998170647765,24,323,0,0
30.73716838727226,51,472,0,0
30.80026688612876,10,133,0,0
30.819465361219024,107,596,0,0
30.82218881462327,17,266,0,0
30.833935616441284,18,245,0,0
30.83838027553712,58,170,0,0
30.838587852661483,8,126,0,0
30.839534988878604,2085,13,0,0
30.893328574314662,63,533,0,0
30.93137372297865,482,7710,0,1
30.96357513892228,53,133,0,0
30.965324642999537,25,311,0,0
30.97081970801879,100,227,1,0
30.99139783705001,122,485,0,0
31.06321162675438,71,560,0,0
31.066554491968926,20,545,0,0
31.068720641334373,195,418,0,0
31.24506883265543,53,174,0,0
31.265682718930456,25,347,0,0
31.274105967251657,18,26,0,0
31.278212204420278,16,241,0,0
31.28305552638774,77,306,0,0
31.712315655432192,14,507,0,0
31.837728298004734,447,412,0,0
31.84555319900494,65,507,0,0
31.847022960554366,11,6,0,0
32.35979276602722,26,168,0,0
32.77690199638266,454,319,0,0
32.97746791824363,16,312,0,0
33.074587648464565,6,252,0,0
33.07500187927557,48,255,0,0
33.07636614050519,663,240,0,0
33.13221956414798,20,399,0,0
33.14242603471667,1013,305,0,0
33.17250370365498,260,239,0,0
33.17881257812985,7,76,0,0
33.18366186502014,56,133,0,0
33.23823455412714,61,221,0,0
33.2463314397296,276,116,0,0
33.26427716564565,2840,388,0,0
33.29434933211277,1749,249,0,0
33.32302786529912,35,30,0,0
33.5061430759529,45,222,0,0
33.78463897231829,773,7,0,0
33.78580775921966,22,307,0,0
33.79633426462995,64,69,0,0
33.80126353744294,26,218,0,0
33.88266774328305,21,277,0,0
33.8847896250896,11,109,0,0
33.96950495573991,786,279,0,0
34.042441940924135,104,94,0,0
34.09950641118762,29,262,0,0
34.10206829667412,135,17,0,0
34.11374363109556,129,339,0,0
34.11581077258516,44,3480,0,1
34.155483548227835,9,405,0,0
34.27663031971197,28,233,0,0
34.27748671586844,13,2250,0,1
34.28091780207089,550,435,0,0
34.2938515808476,24,340,0,0
34.30005045718392,17,323,0,0
34.655336152958945,18,441,0,0
34.66874771219427,44,286,0,0
34.698475538025335,13,467,0,0
34.70041708498205,9,330,0,0
35.09318363869519,9,299,0,0
35.11817560413868,9,214,0,0
35.20253386457096,13,172,0,0
35.22388500003457,541,136,0,0
35.22414316947587,9,134,0,0
35.2248777722725,14,259,0,0
35.226243263872306,80,71,0,0
35.27232107179031,191,181,0,0
35.27879962820124,110,209,0,0
35.32113096185337,28,249,0,0
35.35302458302618,402,395,0,0
35.38262469402874,30,231,0,0
35.495597539557785,41,391,0,0
35.52148940092578,6,236,0,0
35.52216344172034,124,23,0,0
35.52678676031665,105,1160,0,1
36.025178556893664,93,186,0,0
36.02728609866046,10,433,0,0
36.30230724237028,958,118,0,0
36.79391952803728,11,252,0,0
36.79940794955822,891,32,0,0
36.835329949919334,702,390,0,0
36.83642202490369,640,93,0,0
36.920977930286746,15,664,0,0
36.92478628617736,23,184,0,0
36.92609881335513,36,186,0,0
36.93432049702296,16,29,0,0
36.94154932274895,790,134,0,0
36.947146190785396,29,307,0,0
36.97386527670479,18,742,0,0
36.98673500270438,18,84,0,0
36.99152194308958,11,18,0,0
37.11187731017954,216,97,0,0
39.40089942688086,88,182,0,0
39.42145102303895,15,293,0,0
39.42586177735489,47,130,0,0
39.428339406759086,229,767,0,0
39.48705871747907,74,268,0,0
39.49786085421358,14,316,0,0
39.51645721671628,43,291,0,0
39.5167912335155,18,769,0,0
39.51866644982108,18,57,0,0
39.520431812237746,13,519,0,0
39.63955859476689,17,4880,0,1
39.650066866328466,375,767,0,0
39.650192020309554,18,294,0,0
39.69749844886126,8,433,0,0
39.8712886365228,540,240,1,0
40.116272697814736,57,48,0,0
40.11633918064955,173,445,0,0
40.140830811800065,440,393,1,0
40.23223063772459,23,19,0,0
40.292820988367204,237,417,0,0
40.30407633027185,60,20,0,0
40.30456806045828,123,196,0,0
40.312148978022755,18,386,0,0
40.32159811915372,529,210,0,0
40.37845828991749,8,306,0,0
40.44332287919695,110,450,0,1
40.45442948673702,121,55,0,0
40.55263409132886,5,9,0,0
40.55481472056186,15,140,0,0
40.55942172031526,31,637,0,0
40.57637994898975,985,480,0,0
40.63320828527296,41,247,0,0
40.64268225358407,9,440,0,0
40.85416553014893,12,336,0,0
40.89521041573765,40,463,0,0
40.897913952022336,1741,154,0,0
40.91932759063664,182,31,0,0
40.922385846449124,60,355,0,0
40.92501779513499,101,404,0,0
40.92605658606504,21,285,0,0
41.22135736733829,78,498,0,0
41.33259628192743,2361,12,0,0
41.333330974796965,5,407,0,0
41.500446162878056,18,25,0,0
41.6237641401078,6,30,0,0
41.63248872525469,6,94,0,0
41.68224965007093,30,768,0,0
43.29030507506598,5700,261,1,0
43.322291582791074,28,778,0,0
43.36424872303597,15,492,0,0
43.534548415148365,44,646,0,0
43.53682694596573,11,508,0,0
43.53826171900756,8,107,0,0
43.539338560893896,58,320,0,0
43.55480247173818,9,344,0,0
43.65817911727259,60,176,0,0
43.66141838206272,1206,203,0,0
43.66258543120838,10,769,0,0
43.690449553340066,67,173,0,0
43.69942078277485,17,22,0,0
43.762999299258446,4592,228,0,0
43.77782742416961,72,295,0,0
43.79122467649695,257,251,0,0
43.80767227643415,8,597,0,0
43.82865834332941,73,71,0,0
43.83151122272399,12,31,0,0
43.83358518069112,9,259,0,0
44.30539277269834,94,278,0,0
53.821739237742705,34,341,0,0
54.00737583898977,65,25,0,0
54.00813626104017,60,334,1,0
54.029224353502,12,212,0,0
54.244156118516415,12,225,0,0
54.24493631922884,7,123,0,0
54.25247971296623,9,300,0,0
54.261315471831516,35,218,0,0
54.264523766971784,11,700,0,1
54.268282341655016,1759,770,0,0
54.42105014557357,11,379,0,0
54.42920050868381,23,660,0,0
54.44197851177469,19,769,0,0
55.06847718003314,13,542,0,0
55.07216467737472,17,276,0,0
55.07260234318934,90,314,1,0
55.146516169633756,134,25,0,0
56.28196508406672,10,84,0,0
56.3127979563186,14,386,0,0
56.350127157816004,278,381,0,0
56.351662491996265,27,3830,0,1
56.35475439131707,97,432,0,0
56.73373559896804,4,258,0,0
56.98462036879509,946,287,0,0
57.04999321454528,44,297,0,0
57.05554226708454,13,129,0,0
57.057383730987205,4860,285,1,0
57.05983395285168,32,30,0,0
57.06172325375303,26,120,0,0
57.128706969528885,92,310,0,0
57.13273393978327,9,24,0,0
57.13990199269944,4,175,0,0
57.21679965057979,29,422,0,0
57.29010239679217,51,313,0,0
57.31095097454501,80,492,0,0
57.35981034362884,240,573,1,0
57.37861047310176,16,80,0,0
57.378994073343065,4,680,0,1
57.394703692693454,346,326,0,0
57.40252879805584,4,86,0,0
57.41146019050686,63,589,0,0
57.44093086434759,39,1300,0,1
57.44676590214401,182,181,0,0
57.65684866880608,183,299,0,0
57.66970516242245,6,12,0,0
57.69496829893103,40,400,0,0
57.73002292493126,221,168,0,0
57.74283288043415,230,180,1,0
57.80906659824983,110,434,1,0
57.89148607345027,8,3150,0,1
57.955580008223016,18,218,0,0
57.9599269672282,46,104,0,0
57.96283887489304,36,215,0,0
57.96809965674135,182,38,0,0
57.98590062595102,47,32,0,0
57.98631229055923,1703,132,0,0
57.98951311193112,12,41,0,0
57.99124082802409,2382,182,0,0
57.99571574381331,78,325,0,0
57.998426757233005,17,163,0,0
58.08647075233509,6,37,0,0
58.12863556596665,12,282,0,0
58.24584920166918,512,7680,0,1
58.248224175226994,6,95,0,0
58.25183410821342,330,690,1,0
58.26130452020611,19,453,0,0
58.73908515287052,32,39,0,0
59.239420239037244,9,230,0,0
59.244449181709605,26,326,0,0
59.3059815012431,29,925,0,0
60.59780725177547,15,495,0,0
60.60004336200945,527,23,0,0
60.612067648179256,28,30,0,0
60.85018393750219,4,302,0,0
60.92552692314447,100,267,0,0
60.9279412747985,43,73,0,0
61.300664057174664,6270,1020,1,1
61.42813967210051,340,374,1,0
61.49944651861366,77,62,0,0
61.50093064230892,8,20,0,0
61.51374858442295,7,279,0,0
61.76417219988784,1126,108,0,0
61.81200569679758,1988,200,0,0
61.900658873307435,23,22,0,0
61.91114650823383,26,250,0,0
62.28118033747537,996,767,0,0
62.29224298569953,23,205,0,0
62.40614266349309,7,256,0,0
62.440453536054214,2670,324,1,0
62.4430552602582,14,87,0,0
62.79416458145562,9,81,0,0
62.79560380420133,17,299,0,0
62.79971052623785,126,328,0,0
62.8235325818805,12,254,0,0
62.82460756935042,96,244,0,0
62.8250889107969,48,210,0,0
62.83918576369352,16,693,0,0
62.84675944340681,11,464,0,0
62.85700970975355,30,7670,0,1
62.90550604641601,4,139,0,0
64.54095656175976,13,254,0,0
64.5486326195819,10,456,0,0
66.92213829588492,53,179,0,0
66.95071596836834,204,340,0,0
66.96520889979999,223,767,0,0
66.96528722012977,5,124,0,0
66.96609990167065,21,96,0,0
66.99535136554132,5,192,0,0
67.04789797973014,37,345,0,0
67.05113208374266,41,203,0,0
67.08240102996243,505,380,0,0
67.18506896821785,95,84,0,0
67.19053029515712,180,32,0,0
67.19118645527523,8,768,0,0
67.19354158367463,8,41,0,0
67.20268950439626,400,31,1,0
67.23228597348636,8149,43,1,0
67.31131615077166,14,313,0,0
67.3139253310249,158,500,0,1
67.33181120900649,184,216,0,0
67.34172791634934,176,104,0,0
67.35959969553586,146,750,0,1
67.5108003651964,241,29,0,0
67.73460464158507,164,75,0,0
67.74103409071215,2167,55,0,0
67.74598081718915,188,352,0,0
67.75017216196169,1471,211,0,0
67.75599613422357,78,92,0,0
67.76330228925498,52,206,0,0
67.77523192508387,2077,130,0,0
67.78134159994653,420,768,0,0
67.78330198042237,17,180,0,0
67.784918263473,7,3420,0,1
67.80376501633002,13,85,0,0
70.03376585964686,26,257,0,0
70.08523145278296,44,171,0,0
70.14708137928302,136,390,0,0
70.18111715072772,9,342,0,0
70.19335486438645,123,171,0,0
71.12155905544952,41,339,0,0
71.13057657640039,32,767,0,0
71.13297948225808,22,53,0,0
71.13440528003733,9,209,0,0
71.15890814336264,203,147,0,0
71.161203878684,51,728,0,0
71.16414574747269,16,89,0,0
71.16710885740817,10,137,0,0
71.16832209080793,50,372,0,0
71.19194341586012,9,141,0,0
71.19252949655862,200,327,1,0
72.81983340443898,19,357,0,0
72.81990055583243,20,420,0,0
72.82094011984832,19,80,0,0
72.84020648941033,9,644,0,0
72.87955340803533,150,84,0,0
72.88816430095345,11,414,0,0
72.91859209665283,13,2460,0,1
72.94316443035363,30,130,0,0
72.9656033493195,23,252,0,0
73.02215263196773,21,231,0,0
73.05084665998274,355,327,0,0
73.06536581687787,21,427,0,0
73.07879332183398,60,40,0,0
73.18365575363481,13,235,0,0
73.19606389703115,32,310,0,0
73.25243545312995,12,104,0,0
73.67955527162871,123,613,0,0
73.71883253971716,10,306,0,0
73.92295102859757,8,298,0,0
73.9306571423708,49,171,0,0
73.96224818530487,14,4880,0,1
74.01315266956395,211,136,0,0
74.04229495627715,19,79,0,0
74.09028956100966,5,58,0,0
74.39646309724529,81,417,0,0
74.40622342664088,40,21,0,0
74.411015933066,8,119,0,0
74.44622411273977,10,200,0,0
74.44721154795252,17,258,0,0
74.46488573146672,6,91,0,0
74.6615147141585,680,109,0,0
74.67917823055049,92,446,0,0
74.73308676919312,229,3670,0,1
74.77199837860222,753,113,0,0
74.97197781023124,11,539,0,0
75.02164793110701,361,205,0,0
75.0487355557173,16,1200,0,1
75.04875863129047,13,179,0,0
75.05506657351124,103,286,0,0
75.1290628164895,4672,251,0,0
75.14239995913158,140,310,1,0
75.14634838970781,10,349,0,0
75.25358909544852,433,288,0,0
75.2565687926762,31,36,0,0
75.26530869702262,13,156,0,0
75.33274051736262,19,238,0,0
75.33882943271288,3090,308,1,0
75.3627694090304,14,87,0,0
75.37903608279817,43,43,0,0
75.38055586072679,183,518,0,0
75.38635125883964,9,378,0,0
75.39429508465564,23,260,0,1
75.39878303737474,8,78,0,0
75.54382941210291,3940,764,1,0
75.55929658370235,12,109,0,0
75.56377844053435,287,769,0,0
75.56477276236592,49,420,0,0
75.5731354255628,30,423,0,0
75.79146542685781,9,256,0,0
75.80005874925529,13,292,0,0
75.87149398660011,2095,15,0,0
75.91039877298326,6,248,0,0
75.91597324767956,32,425,0,0
75.91831656924121,8,17,0,0
75.96449096622165,91,301,0,0
75.96503317752304,11,107,0,0
76.01427663843123,45,579,0,0
76.01574409521227,21,717,0,0
76.10339317207841,49,360,0,0
76.11064918201663,23,230,0,0
76.12402330678152,8,199,0,0
76.25495615142631,19,572,0,0
76.25712806405487,693,196,0,0
76.27495797306133,543,483,0,0
76.28352657819431,74,298,0,0
76.32839178017457,290,86,0,0
76.39680726245297,625,257,0,0
76.42573443792786,31,191,0,0
76.45042690659109,4,316,0,0
76.45771469051581,1362,115,0,0
76.51266452811053,7792,400,1,0
76.52292435456366,120,357,1,0
76.54424460858839,9,365,0,0
76.56810856397911,692,578,0,0
76.56920041529452,53,237,0,0
76.57093023586108,204,754,0,0
76.59667835216952,13,266,0,0
76.61269422913817,137,63,0,0
76.81610834816344,19,132,0,0
76.81623838665543,11,337,0,0
76.84166416730076,3230,704,0,0
76.98899488220464,287,452,0,0
77.00914935925961,23,358,0,0
77.08906338688348,6,71,0,0
77.10663323072828,4,640,0,1
77.12173377183126,364,236,0,0
77.22413833451861,10,270,0,0
77.22542178905549,42,284,0,0
77.22561613986488,9,300,0,0
77.26947415114766,7,91,0,0
77.29113333632249,34,208,0,0
77.312426584265,44,303,0,0
77.34248955048724,18,222,0,0
77.40161751821114,22,249,0,0
77.40836731833211,1667,134,0,0
77.45190709425646,46,144,0,0
77.48375263703024,35,660,0,0
77.48549094963671,20,737,0,0
77.49814809715491,175,440,0,0
77.52755405096526,12,176,0,0
77.53111210242844,33,501,0,0
77.66753231909998,98,1087,0,0
77.67697988481143,12,667,0,0
77.76216779451333,36,322,0,0
78.07391099288061,33,216,0,0
78.07482555245412,207,288,0,0
78.07606497377773,1120,992,0,0
78.13202180179333,412,152,0,0
78.14396565588348,23,167,0,0
78.192661582332,14,400,0,0
78.73838085514076,24,303,0,0
78.74506694647532,20,323,0,0
78.84279533756276,17,434,0,0
78.85335487464374,50,753,0,0
78.85825026049405,233,426,0,0
78.90356802100851,39,423,0,0
78.93316708371287,26,450,0,0
79.08479447222919,6,624,0,0
79.11790659578553,41,527,0,0
79.21927287872627,321,767,0,0
79.26986311021946,22,147,0,0
79.2704634442804,10,185,0,0
79.27917128798161,143,541,0,0
79.28861045137512,1267,580,0,0
79.39474723648935,240,171,0,0
79.39697316589708,848,165,0,0
79.4231934318036,39,277,0,0
79.43112013087487,20,2120,0,1
79.431602778982,13,318,0,0
79.44495421008335,67,297,0,0
79.50937424722281,20,119,0,0
79.51809315137578,188,81,0,0
79.63299646905864,277,695,0,0
79.67212102605548,19,291,0,0
79.70590610056139,20,700,0,1
79.7124609881665,12,204,0,0
79.72557303591914,19,287,0,0
79.77157417599885,1856,195,0,0
79.79057158558889,182,38,0,0
79.7921339581883,10,242,0,0
79.80496508905269,5,435,0,0
79.84512049942707,1250,266,1,0
80.01579577379135,9,18,0,0
80.11283191512018,55,26,0,0
80.11540188762874,949,284,0,0
80.18821925734657,16,703,0,0
80.18895662412568,5,466,0,0
80.19393370129633,40,68,0,0
80.1975176802506,14,7370,0,1
80.57509864696378,108,127,0,0
80.64632996487565,7,267,0,0
80.67918476816246,21,100,0,0
80.68445785954772,1540,398,1,0
80.89985457129937,97,302,0,0
80.91099346295249,123,747,0,0
80.95773632379915,10,35,0,0
81.12290285036369,34,700,0,1
81.13295176241544,14,324,0,0
81.1867636177851,226,219,0,0
81.18711627014206,58,156,0,0
81.24537335445567,32,265,0,0
81.24599583239349,85,207,0,0
81.28783785619865,14,63,0,0
81.3207409772548,20,301,0,0
81.36868948949878,65,390,0,0
83.24465517350832,15,111,0,0
83.24478393037403,14,126,0,0
83.29107388230987,26,602,0,0
83.29949562399189,102,765,0,0
83.383564183794,35,252,0,0
83.41840186256167,36,184,0,0
83.4414150661529,20,123,0,0
83.4482595841177,28,233,0,0
83.45278300806706,13,545,0,0
83.49074975530215,8,359,0,0
83.4916702832465,15,214,0,0
83.65177678834635,511,537,0,0
83.65773500695587,21,766,0,0
83.70488661374597,59,143,0,0
83.70665577834812,33,729,0,0
83.75388582860629,8,190,0,0
83.76577075340766,14,32,0,0
83.85427290503739,25,314,0,0
84.07335462750628,11,355,0,0
84.07978214466074,9,18,0,0
84.10320979482366,104,339,0,0
84.1340727847455,24,257,0,0
84.48265683797278,15,350,0,0
84.48408424870289,89,767,0,0
84.54671734637706,60,49,0,0
84.56507011545881,13,165,0,0
84.56680328502574,257,301,0,0
84.5766907401372,370,94,1,0
84.58173064843011,12,110,0,0
84.75649312074822,315,341,0,0
84.75941689473846,207,431,0,0
84.90705205721757,369,640,0,0
84.91475446680893,7,112,0,0
84.98985767303542,5,74,0,0
84.99049458278185,2560,378,1,0
84.99472346185084,69,30,0,0
85.02148691923585,90,170,0,0
85.0246033765726,19,439,0,0
85.02546933563119,19,730,0,0
85.04569098855502,2030,39,0,0
85.13849068860385,14,631,0,0
85.15833579603853,11,521,0,0
85.17107154297312,1289,746,0,0
85.21480563367119,22,275,0,0
85.22311198278463,1491,179,0,0
85.34614925227616,289,328,0,0
85.5226384928767,23,82,0,0
85.52416540278963,23,165,0,0
85.68178049094163,24,641,0,0
85.75800700546287,140,7,0,0
85.79280576595683,42,33,0,0
85.87052637916089,34,180,0,0
86.21192005885295,9,171,0,0
87.1332787602738,620,185,0,0
87.63816836908957,6,255,0,0
87.65038584013601,77,375,0,0
87.93934548016925,330,402,1,0
87.94005439814664,160,451,0,0
88.0609644965392,28,362,0,0
88.1433740712532,34,424,0,0
88.28649977171276,2015,237,0,0
88.28987515637337,20,352,0,0
88.65118168208126,5,144,0,0
88.9122113461732,179,204,0,0
88.9430995542157,84,273,0,0
88.94429218719216,1173,36,0,0
88.98351379674891,15,91,0,0
88.98725026260813,1822,225,0,0
88.98814191443944,9,9,0,0
88.99297518428284,24,456,0,0
91.17860524173034,15,127,0,0
91.17965568365317,359,157,0,0
91.18963235052017,41,162,0,0
91.21814475009846,173,85,0,0
91.34526194204766,1868,727,0,0
91.34786587425444,49,599,0,0
91.35053654172539,14,339,0,0
91.46116818247393,9,117,0,0
91.49320253188291,1210,692,1,0
91.71043285194051,13,233,0,0
91.71224336041608,1103,263,0,0
91.7269512530762,18,152,0,0
91.84273940211378,6,3600,0,1
91.86588519029708,250,210,1,0
91.86779551274745,887,227,0,0
91.89074705255828,622,3530,0,1
91.89115648532498,74,302,0,0
91.89501305365819,17,164,0,0
91.97816845130762,16,34,0,0
92.08343336714437,21,3210,0,1
92.12304543817307,833,425,0,0
92.19318803754506,10,616,0,0
92.19405873424908,403,154,0,0
92.1988416338901,369,641,0,0
92.33984961059762,22,238,0,0
94.03649700706403,26,180,0,0
94.07972758792769,27,384,0,0
94.08253372898078,13,239,0,0
94.0851163297563,16,172,0,0
94.2788913141955,134,282,0,0
94.4329188381564,3368,309,0,0
94.43449324576036,22,362,0,0
94.45767786512077,1598,23,0,0
94.7366553931407,14,225,0,0
95.02821898610836,109,588,0,0
95.034453735819,44,661,0,0
95.04684851972532,51,52,0,0
95.09157283492432,66,103,0,0
95.09355861338089,150,408,0,0
95.09424425049976,6,229,0,0
95.09876335300453,279,393,0,0
95.2956272232188,1412,34,0,0
95.44990568894286,49,43,0,0
95.49529458720394,926,91,0,0
95.49698061989749,190,334,1,0
95.4973254887302,7,75,0,0
95.49947556151328,29,217,0,0
95.51762367620061,8,664,0,0
95.64760055968942,18,528,0,0
95.65042122814981,761,13,0,0
95.6692594834984,10,208,0,0
95.66970866463625,2190,266,0,0
95.6699445357752,26,275,0,0
95.6854876437995,505,380,0,0
95.68693551467487,253,49,0,0
95.68887025567862,47,283,0,0
95.68903314726226,7,19,0,0
95.76463785738397,363,268,0,0
95.76504637991643,100,132,0,0
95.78029165835632,26,501,0,0
95.78101058073206,525,173,0,0
95.78757937725013,48,66,0,0
95.99067243699551,10,258,0,0
96.01322410112006,253,673,0,0
96.03081829267958,695,665,0,0
96.11352287663274,26,597,0,0
96.15369483235143,24,179,0,0
96.37704463255133,47,39,0,0
96.37780060157051,5,153,0,0
96.58928453346664,834,168,0,0
96.60540893152493,31,375,0,0
96.60718750716735,7,81,0,0
96.6543568649843,11,159,0,0
96.69616348751967,34,743,0,0
96.71028837344042,5,149,0,0
96.79025625874662,42,450,0,0
96.79131150763729,94,165,0,0
96.79184164297307,199,392,0,0
96.79629356842509,95,94,0,0
96.92618105395512,15,391,0,0
96.96889043127797,848,104,0,0
96.98389188181906,136,390,0,0
96.98813543475566,36,336,0,0
97.0029504249399,689,126,0,0
97.15850026347157,52,372,0,0
97.16352333531036,43,6630,0,1
97.16827790027946,78,219,0,0
97.20519770748774,21,373,0,0
97.26232971924851,352,301,0,0
97.28319502301065,106,715,0,0
97.56372213141205,658,180,0,0
97.58782235268279,39,769,0,0
97.59015928457502,359,157,0,0
97.59036053336621,40,259,0,0
97.76304069928537,193,73,0,0
97.77504505604898,110,850,1,1
97.80740049050883,10,74,0,0
97.84949271776122,16,337,0,0
98.10350084465239,40,293,0,0
98.24281327436302,87,483,0,0
98.37065109789548,48,169,0,0
98.40215511552942,15,500,0,1
98.41366704835417,20,368,0,0
98.44488086374659,56,373,0,0
98.44847496398205,11,304,0,0
98.48696987071224,88,182,0,0
98.64433156288607,37,171,0,0
98.72308796257084,904,389,0,0
98.74840580923842,13,278,0,0
98.75167494023343,54,15,0,0
98.75489658493775,513,573,0,0
98.75930829871407,30,40,0,0
98.76766072964807,14,87,0,0
98.81304393495378,1254,97,0,0
98.86281998590638,946,287,0,0
98.92164349028472,23,1470,0,1
99.06209163885255,530,94,1,0
99.06475755750174,10,179,0,0
99.07697705548935,20,145,0,0
99.13049826654303,941,231,0,0
99.22135362165659,33,494,0,0
99.22620117111666,27,3540,0,1
99.23082256759669,27,54,0,0
99.41282602235808,6,140,0,0
99.48567846148451,540,46,0,0
99.53120927760756,34,166,0,0
99.54178942405485,24,203,0,0
99.54456940830427,13,570,0,0
99.56216840511844,2434,109,0,0
99.59678441430627,30,384,0,0
99.64716430769708,24,475,0,0
99.75119392850242,26,82,0,0
99.77452421653935,184,158,0,0
99.99995384765877,9,87,0,0
100.00952023715551,12,412,0,0
100.04613106506783,587,519,0,0
100.06743454128296,13,385,0,0
100.06796401926745,19,675,0,0
100.06934706062515,1807,315,0,0
100.07582996666693,122,4420,0,1
100.10068151157623,234,724,0,0
100.13616929792889,7,250,0,0
100.37019914996186,7,32,0,0
100.3880094759072,227,16,0,0
100.39755821977467,303,86,0,0
100.4321602335107,682,142,0,0
100.43378026288411,16,312,0,0
100.44616179681216,165,222,0,0
100.44858736862268,38,320,0,0
100.46881811689535,13,2500,0,1
100.4732681304266,400,372,0,0
100.48099924236489,334,88,0,0
101.26888387728104,42,287,0,0
101.42869518592029,13,123,0,0
103.949073298994,18,766,0,0
103.97483989407701,94,764,0,0
103.98721235115285,43,490,0,0
103.9908876477722,10,305,0,0
104.00731402212836,10,236,0,0
104.0078491650709,15,80,0,0
104.02876571053477,7,202,0,0
104.03448098214196,440,674,1,0
104.03569437701252,15,135,0,0
104.03617557795113,44,765,0,0
104.03904494312877,443,386,0,0
104.04671851424212,52,264,0,0
104.0627395462902,31,312,0,0
104.06341328703463,10,99,0,0
104.07895180572724,75,51,0,0
104.11078822150299,530,304,1,0
105.5144688979925,7,81,0,0
105.54999999360294,7886,306,1,0
105.65781499603204,14,215,0,0
105.66199964056793,2233,6,0,0
105.67935746715258,9,226,0,0
105.68346171159016,9,42,0,0
105.68679332280202,19,228,0,0
105.73370942044401,22,557,0,0
105.7448589902872,91,22,0,0
106.06299849968939,9,93,0,0
106.079616851407,29,442,0,0
106.12068337571289,343,34,0,0
106.12225717664339,11,539,0,0
106.12467347347393,5,121,0,0
106.19105210188245,17,75,0,0
106.19559185334236,15,375,0,0
106.41833399714999,11,280,0,0
106.42180662902437,286,718,0,0
106.42485033464905,42,367,0,0
107.24813423643292,27,172,0,0
107.24873650282775,45,441,0,0
107.25517124911354,11,485,0,0
107.30545131855298,23,18,0,0
107.36409459100942,14,163,0,0
107.3659598410004,34,389,0,0
108.65320777045542,135,246,0,0
108.66043469557292,2511,306,0,0
108.66082740648972,6,278,0,0
108.77006166962573,15,242,0,0
108.77694179262015,23,50,0,0
108.79723972388452,5,44,0,0
108.87986081082771,80,498,0,0
108.88283293353446,117,221,0,0
108.88710857404769,498,767,0,0
108.90172628221313,22,216,0,0
108.99740944472518,220,307,1,0
108.99870850439312,241,149,0,0
109.3174976628849,23,282,0,0
109.35465056898798,26,99,0,0
109.35655666331921,31,81,0,0
109.37601514381397,235,277,0,0
109.43145067307061,25,143,0,0
109.63903070703095,7,245,0,0
109.7391898090526,8,217,0,0
109.90807735305967,54,337,0,0
109.92159986477567,20,433,0,0
109.99891567523512,329,109,0,0
109.99900512813117,132,583,0,0
110.13385226276749,17,72,0,0
110.15045628189733,5,56,0,0
110.58287587860026,284,377,0,0
110.58841024705069,230,219,1,0
110.59539436003948,66,631,0,0
110.61511834143465,11,90,0,0
110.7071204834655,85,305,0,0
110.74220415851272,14,1820,0,1
110.8844131393861,9,769,0,0
110.9045835710101,90,320,1,0
111.05096679337845,8,230,0,0
115.94970522133565,10,289,0,0
116.16833066185049,353,768,0,0
116.23168401250483,8,236,0,0
116.23268763767932,51,346,0,0
116.2977856978404,8,308,0,0
116.4591930265017,48,418,0,0
116.47224738329234,16,256,0,0
116.62130467906742,15,72,0,0
116.62154152556609,84,247,0,0
116.62634757449203,26,70,0,0
116.62925421081542,36,467,0,0
116.68341172759028,75,25,0,0
116.68711404517225,57,236,0,0
116.68985295691127,52,586,0,0
117.04224855456809,12,257,0,0
117.0432796072241,29,472,0,0
117.09434863377403,899,161,0,0
117.26093844403549,1485,256,0,0
117.27175532008175,25,343,0,0
117.27478912437591,21,373,0,0
117.28749341421303,28,87,0,0
117.2933252936536,65,44,0,0
117.29710952478275,20,169,0,0
117.3260394288332,143,429,0,0
117.3430009877574,43,25,0,0
126.78021602621948,12,274,0,0
127.02781461147909,19,294,0,0
127.05484856355447,96,371,0,0
127.11260483563441,2258,371,0,0
127.6531584155432,60,565,0,0
127.85000266775276,207,340,0,0
127.87102976285033,21,378,0,0
127.87500098368318,16,5380,0,1
128.52999484532893,29,433,0,0
128.54868451337603,149,1200,0,1
128.57959791427962,93,42,0,0
128.87019085453437,96,104,0,0
128.8980374449466,45,524,0,0
129.15336455611725,28,294,0,0
129.16409045301793,20,150,0,0
129.19193122283028,16,249,0,0
129.204891241213,4,62,0,0
130.47120955094772,10,450,0,0
130.47224955446657,9,371,0,0
130.48513677806946,19,211,0,0
130.48834835006457,410,22,1,0
130.49265260421703,645,287,0,0
130.49406055892973,20,75,0,0
130.49763813918634,15,255,0,0
130.7041133869182,16,39,0,0
131.0337380745492,1681,98,0,0
131.0386191363617,300,323,1,0
131.04016852904135,456,57,0,0
131.04698604582123,126,209,0,0
131.51732277583642,53,85,0,0
131.5326442564878,290,30,1,0
131.53289198149974,276,336,0,0
131.62897033972695,174,213,0,0
131.64269964563246,15,83,0,0
131.70263485457747,75,770,0,0
131.74213395884777,18,81,0,0
131.74343631533245,490,29,0,0
131.87817210271683,11,473,0,0
131.94460963508348,110,239,1,0
131.94912945413785,14,336,0,0
131.94931354238878,33,282,0,0
131.95099764788557,960,6330,0,1
131.95277309267397,10,275,0,0
132.02112631659375,13,182,0,0
132.0264210199112,503,45,0,0
132.03350412615845,443,123,0,0
132.05186929309383,20,231,0,0
132.05894290594495,12,285,0,0
132.0963663944205,23,666,0,0
132.12858088388728,4820,337,1,0
132.24149633587902,8,716,0,0
132.2429530557626,2401,118,0,0
132.27779920977736,1471,211,0,0
132.28778138419563,105,547,0,0
133.46437718081827,590,900,0,1
133.78949992794594,9,523,0,0
133.79724027141737,92,35,0,0
133.91455159117993,9,16,0,0
133.91506994780926,98,113,0,0
133.91717859366787,29,3810,0,1
133.92741671055168,31,360,0,0
133.9571729674815,2082,766,0,0
133.9590929212819,105,594,0,0
133.97780997356202,90,278,1,0
134.19000875910294,12,131,0,0
134.19070807282995,21,184,0,0
134.19187125515705,5,26,0,0
134.19224832474507,120,70,0,0
134.36315601546843,5,259,0,0
134.36516732448501,34,277,0,0
134.37308533028667,12,252,0,0
134.37598427190687,15,185,0,0
134.39018606905032,45,176,0,0
134.39890606810224,5,231,0,0
134.4234288930012,16,370,0,0
134.44724644670072,29,257,0,0
134.86060763816923,1792,186,0,0
134.86317013366562,7,325,0,0
134.88711807458574,654,769,0,0
134.90145636306013,5070,500,0,0
134.9041596525348,25,326,0,0
134.99344665819032,2125,181,0,0
135.62921642178046,16,80,0,0
135.63102662968578,135,64,0,0
137.80685619038593,19,86,0,0
137.81902015372867,24,487,0,0
137.8328080654111,8,528,0,0
137.83289696210923,29,522,0,0
137.85132907518388,884,655,0,0
137.86395331378785,57,462,0,0
137.87361329086792,3571,357,0,0
137.93499494002552,239,773,0,0
137.94640085043076,26,210,0,0
137.9801667211793,31,87,0,0
137.98452919091827,207,232,0,0
137.9862022214037,2070,434,0,0
138.00647105981903,253,296,0,0
138.0585355843429,672,464,0,0
138.12337940280787,101,32,0,0
138.1434374361193,20,168,0,0
138.1471285716037,20,154,0,0
138.16486876487954,18,291,0,0
138.1745916384944,18,83,0,0
138.175909879888,97,204,0,0
138.20746688731518,22,268,0,0
138.21883473726177,9,169,0,0
138.22063008934975,287,203,0,0
138.2295798084657,6,253,0,0
138.28353087740416,552,4860,0,1
138.61358560510746,190,374,1,0
138.61401214372265,655,773,0,0
138.62188540394416,16,2360,0,1
138.67108622725613,17,165,0,0
138.8374506600883,210,3450,1,1
138.8728124918354,9,293,0,0
138.87493318675712,1582,115,0,0
138.8810226463463,270,1420,1,1
138.89621598553163,147,505,0,0
138.8995779788446,364,250,0,0
138.901529926794,8,20,0,0
138.90277230545325,36,250,0,0
141.63579197226056,20,416,0,0
141.65304365763294,29,272,0,0
141.6631369269452,133,355,0,0
141.72875911317655,29,300,0,0
141.74719872391174,64,169,0,0
141.75953631169241,11,29,0,0
141.7857468495804,59,2220,0,1
141.7893969798306,13,105,0,0
141.7969064387289,111,345,0,0
141.90255294473795,7,159,0,0
141.96104365472016,7,357,0,0
141.96298156997545,115,1090,0,1
142.30781000236104,261,149,0,0
142.31560653537403,216,103,0,0
142.31632260175817,8,356,0,0
142.38867119142014,6,207,0,0
142.45284691771886,7,616,0,0
142.48602308796472,92,555,0,0
142.48851890486222,25,323,0,0
142.68330826805888,10,433,0,0
142.73373244113844,19,155,0,0
142.77002915262858,152,58,0,0
142.79853725378902,4,105,0,0
142.83642614570775,14,249,0,0
144.38665599720235,13,316,0,0
144.39334787418642,67,25,0,0
144.4267733573029,7,13,0,0
144.60485091997552,111,107,0,0
144.69493189747243,765,104,0,0
144.69894991925122,7,72,0,0
144.7141413740792,144,527,0,0
144.72311860380705,9,226,0,0
144.72417095862141,55,325,0,0
144.73719139453038,105,268,0,0
144.86795004279628,60,65,0,0
144.90192589647475,490,10,0,0
145.07895102263606,1371,183,0,0
145.12549814529268,28,221,0,0
145.1301525401321,10,290,0,0
145.18632691978252,1382,29,0,0
145.1869245798646,14,116,0,0
145.4201041950355,4,88,0,0
145.42892123015136,8,780,0,1
145.94503542593034,12,130,0,0
145.94623521399635,542,4,0,0
145.94889969656862,184,148,0,0
145.95652667569678,80,168,1,0
145.96727183146243,23,6240,0,1
145.9680251613895,520,6370,0,1
145.9694280854102,11,414,0,0
146.0161312804925,82,767,0,0
146.01960138326487,100,769,0,0
146.12084624026164,6,110,0,0
146.59192979387456,93,431,0,0
146.59284663269352,2188,1460,0,1
146.60091965021581,170,412,0,0
147.1764992439684,24,428,0,0
147.33201156650952,1698,720,0,0
147.33319879666013,79,347,0,0
147.37108289192454,153,467,0,0
147.8740422242146,16,105,0,0
147.87428222981904,935,425,0,0
147.9116523489056,495,468,0,0
148.06940507861827,8,400,0,0
148.0761407132611,98,5730,0,1
148.08116522748008,4,288,0,0
148.163511117786,33,402,0,0
148.16425336262287,23,219,0,0
148.22061413254877,9,252,0,0
148.4371963774564,933,403,0,0
148.4593379911254,180,363,0,0
148.46013079303756,132,339,0,0
148.90293474973757,25,413,0,0
148.92026884008507,111,284,0,0
148.97716388783343,2270,767,1,0
148.98030022360862,13,36,0,0
148.9956194444166,195,9,0,0
149.1624845682141,11,65,0,0
149.16334813577498,6720,277,1,0
149.16460523529136,34,454,0,0
149.16487915776557,5,492,0,0
149.20843273703554,45,32,0,0
149.25206643998334,476,250,0,0
149.25523722566408,364,236,0,0
149.29014273066423,17,436,0,0
149.3087160698729,81,149,0,0
150.18861506752415,33,179,0,0
150.1902067958777,24,768,0,0
150.2193275251194,37,540,0,0
150.22655432344217,88,58,0,0
150.92980765135457,832,686,0,0
150.97340811149354,492,399,0,0
150.97499155080905,25,210,0,0
151.01721895842778,7,329,0,0
151.02992807615308,14,28,0,0
151.03248962110203,6,265,0,0
151.0715231846357,28,740,0,0
151.09422972888441,9,185,0,0
151.09584129987385,20,340,0,0
151.10267257039436,5,261,0,0
151.27534541093496,14,212,0,0
151.4026724735114,11,38,0,0
151.41575878056733,36,29,0,0
151.42416324048082,309,454,0,0
151.45392914186039,20,521,0,0
151.46744326941334,6,90,0,1
151.46894250965053,140,313,0,0
151.52967611268747,110,304,1,0
151.5330434966641,220,220,1,0
151.85363884882713,111,384,0,0
151.90914721244593,2988,426,0,0
151.9822543370247,9,477,0,0
151.99132646755257,13,322,0,0
152.01547929371327,24,356,0,0
152.02077545812506,48,153,0,0
152.02854855872187,153,172,0,0
152.0307141312192,6,45,0,0
152.3329570032047,14,339,0,0
152.33476643748156,65,177,0,0
152.85957193276778,315,185,0,0
152.93770386094613,25,176,0,0
152.94053674063642,806,683,0,0
153.18768220522747,217,715,0,0
153.2287942536603,13,3710,0,1
153.23239480870163,14,491,0,0
153.26199918798147,78,201,0,0
153.27121103644313,100,265,1,0
153.2751157860893,40,475,0,0
153.2910614014094,722,68,0,0
153.3221606318546,24,240,0,0
153.33151318813844,189,732,0,0
153.34822379144842,10,303,0,0
153.4361361339819,55,254,0,0
153.45033261154003,14,59,0,0
153.45879588754494,137,267,0,0
153.4601513565614,20,447,0,0
153.47600924194913,580,13,1,0
153.48307580642162,51,136,0,0
153.4946855313679,5,541,0,0
153.5844375637651,22,329,0,0
153.687323036786,93,233,0,0
153.70690634184933,31,582,0,0
153.71264948460842,20,748,0,0
153.7368713952266,15,487,0,0
153.77168746654408,50,71,1,0
153.80172411034977,23,292,0,0
153.8027843032138,6,343,0,0
153.83722982451056,14,35,0,0
153.8396733912457,410,86,0,0
153.873916423693,79,228,0,0
153.91550030892665,23,228,0,0
153.94050906260836,8,64,0,0
154.14256875233818,9,449,0,0
154.16115521093494,522,399,0,0
154.1958002862915,16,291,0,0
154.19889876109727,75,498,0,0
154.21367169653942,774,12,0,0
154.22529480738396,458,56,0,0
154.24584056749464,2036,431,0,0
154.25872022354284,9,181,0,0
154.25888236233627,549,522,0,0
154.34923001292057,13,242,0,0
154.42157596212903,7,234,0,0
154.42185791195698,8,138,0,0
154.4522245834445,106,89,0,0
154.5892779740839,25,250,0,0
154.6678337175357,19,131,0,0
154.74325384047765,19,337,0,0
154.75591336975992,603,767,0,0
154.76249049970372,7,29,0,0
155.58896996317156,37,96,0,0
155.6324606814046,18,226,0,0
156.12185822528434,506,680,0,0
156.138110842516,2233,6,0,0
156.25730304084624,1912,5820,0,1
156.35436670721086,30,440,0,0
156.44718193323124,13,244,0,0
156.44885635358617,95,228,0,0
158.60860715361605,17,135,0,0
158.64390709574067,86,384,0,0
158.65385862122602,24,573,0,0
158.68840992874775,6,115,0,0
158.68897596413984,18,130,0,0
158.99712015959966,118,207,0,0
159.00613533749555,273,5610,0,1
159.04039472080674,9,476,0,0
159.0687287071845,7821,371,1,0
159.06932118396264,117,200,0,0
159.0796317651457,22,114,0,0
159.32267139936002,109,462,0,0
159.32685971859408,584,59,0,0
159.35996216844808,20,53,0,0
159.51200580391674,163,393,0,0
159.99200599243304,9,235,0,0
159.99588075476427,29,204,0,0
160.1592662530247,1048,407,0,0
160.23937209480582,16,81,0,0
160.30058962191697,21,331,0,0
160.44473040442782,41,65,0,0
160.53778987415555,9,193,0,0
160.54077187811296,920,501,0,0
160.59629354554258,31,354,0,0
160.6026331470105,19,185,0,0
160.64372605949345,17,57,0,0
160.65302744343091,210,53,1,0
161.06654832532794,232,800,0,1
161.20450268293058,1044,470,0,0
161.26224421992575,16,474,0,0
161.26789211170936,21,197,0,0
161.3183204985759,10,3300,0,1
161.32074508922508,15,358,0,0
161.32460184555967,27,328,0,0
161.32538011871284,1474,335,0,0
161.4493594682912,16,425,0,0
161.45742764346676,5,2030,0,1
161.59156871059375,82,316,0,0
161.79786992107546,264,512,0,0
161.9628013581105,617,280,0,0
161.97255130007215,6,18,0,0
162.36358143529353,27,541,0,0
162.59010588079605,13,165,0,0
162.5918989751094,28,427,0,0
162.63793051562615,9,98,0,0
162.6424236721942,24,310,0,0
162.65965930726978,292,765,0,0
162.90439826855214,25,188,0,0
162.94640260338784,11,652,0,0
163.46935743552953,1921,34,0,0
163.54664827865375,520,672,0,0
163.64542471440902,258,58,0,0
164.26027484224159,247,733,0,0
164.52526145460317,39,500,0,0
164.6369923561749,23,361,0,0
164.9802802656478,5,64,0,0
165.238413554354,140,21,0,0
165.23991337211248,28,770,0,0
165.24286492377027,13,578,0,0
165.2705114072422,30,34,0,0
165.47254103050182,38,215,0,0
165.47776891562796,95,322,0,0
165.47859893443274,17,575,0,0
165.49874354552836,9,777,0,0
165.50567594851842,70,205,1,0
165.9268575328185,33,155,0,0
165.92705884625985,372,170,0,0
166.03796388325554,317,275,0,0
166.11838895942222,44,424,0,0
166.11849664600553,33,302,0,0
166.1213465928333,114,86,0,0
166.1342590619007,708,732,0,0
166.178638322331,17,71,0,0
166.20055492953287,580,768,1,0
166.27227530985786,28,294,0,0
166.30354575000237,13,52,0,0
166.30786090336554,5,251,0,0
166.88991963132776,4,27,0,0
166.9273065166098,31,366,0,0
166.93114580224304,22,86,0,0
166.98688746548927,30,1670,0,1
167.0028540741,160,221,1,0
167.0119075884514,25,177,0,0
167.01781739946998,14,284,0,0
167.01888917666346,8,70,0,0
167.02247682328155,864,298,0,0
167.02413362666664,74,370,0,0
167.0245389491888,4,761,0,0
167.07885083703422,13,295,0,0
167.11613095244354,8,98,0,0
167.12947592497855,19,67,0,0
167.13172684463242,336,358,0,0
167.13602986075793,45,573,0,0
167.60602517067062,273,181,0,0
167.60969787500954,11,268,0,0
167.72150123934657,5,280,0,0
167.76298702858685,22,172,0,0
167.81917305014525,1075,482,0,0
167.82728734192364,77,329,0,0
167.84044495856122,857,495,0,0
167.85861049405904,10,460,0,0
167.860961997698,64,767,0,0
168.17680896896601,24,80,0,0
168.18082984053623,18,320,0,0
168.20997910177803,10,148,0,0
168.90167102548008,300,235,1,0
169.29455500631343,147,186,0,0
169.3007923287461,40,280,0,0
169.35764679310094,1746,168,0,0
169.5164535155693,165,412,0,0
169.5168645113153,107,681,0,0
170.74627707084235,9,379,0,0
170.80678156909272,1080,767,1,0
170.8184941564341,2549,315,0,0
170.8359866943064,42,177,0,0
170.83622470157405,11,210,0,0
170.92060710926475,38,242,0,0
171.4133777761554,19,244,0,0
171.4278233356717,175,98,0,0
171.9453961569118,8,298,0,0
172.0264849180082,23,99,0,0
172.0279200336782,1756,106,0,0
172.09150870016788,27,334,0,0
172.09187142673423,923,181,0,0
172.09235795406565,13,166,0,0
172.1675868584075,163,147,0,0
172.23126654056153,13,204,0,0
172.24843928446472,13,262,0,0
172.26508918192238,136,78,0,0
172.26605007509275,941,425,0,0
172.42190776600648,6,170,0,0
172.4417929510291,19,271,0,0
172.4556067880835,23,455,0,0
200.2268654084704,52,11,0,0
200.2634041862051,5,230,0,0
200.28345642310885,286,752,0,0
201.46931104138847,67,373,0,0
201.50843445109547,66,392,0,0
201.51680032999872,22,113,0,0
201.99543720584026,41,257,0,0
202.01228709694638,19,722,0,0
202.01685359738514,9,193,0,0
202.02808116815513,105,181,0,0
202.05180188704833,39,179,0,0
202.198758658616,6,344,0,0
202.50166128902157,17,287,0,0
202.50373720847438,11,174,0,0
202.79747016399753,18,228,0,0
202.8040860209359,10,265,0,0
202.81343073665116,7,14,0,0
202.81355479535324,1435,264,0,0
203.44355453611126,87,607,0,0
203.5199337840383,6,312,0,0
203.5350196742956,8,104,0,0
203.55147384003394,15,287,0,0
203.71804748936233,980,461,1,0
203.74252434747055,11,4460,0,1
203.74258410136687,30,198,0,0
203.78311187315703,9,134,0,0
203.80534097265055,31,515,0,0
203.83553302049242,2725,106,0,0
203.86137419273427,931,287,0,0
203.9934875312948,4592,228,0,0
203.99887966304166,80,159,1,0
206.41748304492484,21,26,0,0
206.4481081297968,15,122,0,0
206.45348260935495,5,212,0,0
206.48185787613616,18,161,0,0
206.48259571338906,370,311,0,0
206.49938640058744,421,119,0,0
206.5045471183077,115,177,0,0
206.50771837873646,288,423,0,0
206.62707669659713,6,16,0,0
206.66835392476787,21,63,0,0
206.67160871153692,8,82,0,0
206.67809498137953,11,304,0,0
206.7224810682023,18,344,0,0
209.00742085803142,23,180,0,0
209.02514700848565,19,268,0,0
209.04169512617077,5,297,0,0
209.1012401743515,34,615,0,0
209.10304486966814,99,197,0,0
209.12144537557216,18,163,0,0
209.21777060200156,15,449,0,0
209.26759036947138,9,285,0,0
209.3124799626722,13,150,0,0
209.31444369762036,371,87,0,0
209.33877269025615,794,260,0,0
209.74634565092967,134,22,0,0
214.79699325153652,268,497,0,0
214.96589711381594,19,351,0,0
214.97376279973207,56,554,0,0
214.98323134666487,117,130,0,0
214.99967101030236,905,13,0,0
216.7527011819375,11,550,0,1
216.7542661100348,14,90,0,0
216.7693194563518,1259,149,0,0
216.77014057648296,24,345,0,0
216.78034280749776,69,74,0,0
216.7932122577277,308,615,0,0
216.93916863488874,466,656,0,0
217.05739209765957,18,78,0,0
217.09357451315523,101,30,0,0
217.1069662502126,18,296,0,0
217.11712412567607,13,230,0,0
217.75682635071593,5,259,0,0
217.7752867216759,31,235,0,0
217.77777203543064,123,786,0,0
217.7828638398678,20,218,0,0
217.80756386417264,10,154,0,0
217.81222768329417,6,162,0,0
217.81318477738398,56,298,0,0
217.96402489748064,31,794,0,0
217.96957773541817,424,117,0,0
217.9868431080348,12,200,0,0
218.01381780366617,192,133,0,0
218.02687698352423,6,61,0,0
218.04267524587664,5,92,0,0
218.04279702816652,17,286,0,0
218.06664042027035,22,213,0,0
218.0802642538057,20,447,0,0
218.08969869607597,9,68,0,0
218.1084380159788,6,34,0,0
219.98710230029985,28,277,0,0
220.60647149567168,9,342,0,0
220.70294992087133,81,505,0,0
221.2064473290625,191,103,0,0
221.21572394024804,140,151,0,0
221.23508461639514,1106,33,0,0
221.29158394556575,701,668,0,0
221.4252785030677,26,359,0,0
221.54149326586048,60,289,0,0
222.44259817981884,26,198,0,0
222.45955104117147,44,376,0,0
222.79731459839715,13,316,0,0
222.8035389181421,93,351,0,0
222.870981477154,270,410,1,0
222.87409592806796,6,393,0,0
223.15022832916574,997,768,0,0
223.157792050493,26,124,0,0
223.4734131449031,13,295,0,0
223.47388531161073,19,357,0,0
224.3342512206358,67,57,0,0
224.35540489590772,18,108,0,0
224.40963855223794,22,767,0,0
224.44915969204104,716,636,0,0
224.44990414896873,11,237,0,0
224.45640731641708,49,121,0,0
224.46265909797407,18,192,0,0
224.4805076068938,67,531,0,0
224.4814196060186,139,234,0,0
224.48720185498055,27,7380,0,1
224.5119172714693,67,542,0,0
224.71719205682308,1197,237,0,0
224.80773661882026,28,294,0,0
224.80967179695716,14,370,0,0
224.92932233692173,37,769,0,0
225.4502773261688,27,393,0,0
225.55051942255986,10,42,0,0
225.56105511532186,8,44,0,0
225.56452153601228,3851,138,0,0
225.5735367292453,198,148,0,0
226.14112922455095,32,190,0,0
226.14394981564482,8,417,0,0
226.14409264471237,27,5680,0,1
226.27525057744998,20,145,0,0
226.28095875238463,25,128,0,0
226.2993838126519,90,532,0,0
226.30886003698825,92,163,0,0
226.50622248807753,11,238,0,0
226.51585472895553,12,84,0,0
226.52070664024077,746,177,0,0
226.52495998967868,1785,533,0,0
227.2598844372177,398,317,0,0
227.69993659842027,25,198,0,0
227.71028852971895,670,241,1,0
227.71826221863935,187,253,0,0
227.73591263359523,200,145,1,0
227.8045926021437,1136,274,0,0
227.80863054726538,9,479,0,0
228.29970967660344,121,55,0,0
228.33846181391635,92,708,0,0
228.3385728343355,36,772,0,0
228.3411880946453,30,247,0,0
228.35319961556542,24,403,0,0
231.1818765888726,545,34,0,0
231.73343882354834,576,580,0,0
231.76713982930247,436,767,0,0
231.76929741178463,173,409,0,0
231.78780697366346,63,369,0,0
231.8105964827256,9,329,0,0
231.81907665943686,52,210,0,0
231.84594669550046,19,384,0,0
231.93089879479567,10,284,0,0
231.938479070524,1020,69,0,0
231.94045824932965,18,94,0,0
231.9666315109179,4,104,0,0
231.96746119066333,1561,174,0,0
231.97475108120284,13,555,0,0
232.17045293234344,83,364,0,0
232.196215919293,25,767,0,0
232.19771485924875,35,156,0,0
232.21291042878406,11,571,0,0
232.22235591312295,22,128,0,0
232.2428490336914,7,642,0,0
232.3664339170305,105,256,0,0
232.37196840958325,17,12,0,0
232.37325303116884,17,259,0,0
232.7424305755685,36,229,0,0
232.74521536384873,416,619,0,0
232.79833996055197,7,166,0,0
232.83411301733554,11,336,0,0
232.84232792460102,27,2660,0,1
232.89221826044934,31,337,0,0
232.92370530384662,14,352,0,0
232.94734149618853,219,263,0,0
233.02255445833427,854,606,0,0
233.02646655999771,50,94,0,0
233.13547730111802,185,489,0,0
233.1384715752001,6,34,0,0
233.25902927312868,17,693,0,0
233.50857906344254,27,646,0,0
233.51188112199654,28,78,0,0
234.41122065499096,11,297,0,0
234.41585134990348,10,205,0,0
234.43061852050133,712,92,0,0
234.43375144701872,24,573,0,0
234.44287411036245,24,171,0,0
234.4616762016542,29,393,0,0
234.46642197491488,52,352,0,0
234.5813234500743,1747,761,0,0
234.58461446002804,13,175,0,0
234.6151488738468,5320,306,1,0
234.61699120424845,3664,388,0,0
234.619423819626,24,228,0,0
234.63880783649614,48,246,0,0
234.66729587133935,130,416,0,0
234.6746467976022,130,72,1,0
234.7043291465195,34,358,0,0
234.7433514457677,289,435,0,0
234.74736985615476,46,69,0,0
234.7641013857286,17,233,0,0
234.766867742988,7,130,0,1
234.767992485528,49,599,0,0
234.77265462762156,18,360,0,0
234.78264663133157,134,366,0,0
234.9515178672481,21,63,0,0
234.9962505363508,229,15,0,0
235.01646267519814,96,280,0,0
235.01667297662715,728,769,0,0
235.0192235481994,13,84,0,0
235.06323081777109,19,272,0,0
235.11648806804322,1503,159,0,0
235.13302013076674,22,146,0,0
235.1345290979812,13,268,0,0
235.1348636742704,439,330,0,0
235.13545250400267,16,415,0,0
235.15887496733023,22,17,0,0
235.19646538506424,148,79,0,0
235.8219074194177,249,416,0,0
235.82648331381816,17,247,0,0
235.86032865352067,19,75,0,0
235.86402611954406,54,319,0,0
235.8758209458859,6,6,0,0
235.8974363430127,124,20,0,0
235.90364542401346,330,631,1,0
236.21182585045065,230,128,1,0
236.2138692871319,12,768,0,0
236.3032690442844,32,141,0,0
236.3151655672165,610,123,1,0
236.32195912706018,99,241,0,0
236.46840504380967,11,588,0,0
236.47405150840407,28,391,0,0
236.5078011335875,23,27,0,0
236.52637013084575,202,145,0,0
236.6040075048531,3637,377,0,0
236.60574727493463,14,178,0,0
236.63885541129457,1896,174,0,0
236.68840649849733,23,300,0,0
236.69356124012825,35,767,0,0
236.69607329757972,11,138,0,0
236.6984860988783,512,295,0,0
236.71608953650548,25,198,0,0
236.72009454242547,14,203,0,0
236.77537457375718,232,185,0,0
236.79015423544178,94,426,0,0
236.80137950308128,27,36,0,0
236.8186934878159,8,354,0,0
236.8402945077759,113,267,0,0
236.86377464380655,882,193,0,0
236.92393045070327,43,456,0,0
237.11290319524818,12,162,0,0
237.15775327326193,73,71,0,0
237.21091286625202,44,141,0,0
237.61094110244926,480,47,1,0
238.0184005007552,451,142,0,0
238.0414856800465,790,318,1,0
238.04386971669675,302,634,0,0
238.25548965385047,81,318,0,0
238.25957739771445,40,370,0,0
238.26406015829104,102,380,0,0
238.26811669849315,5,159,0,0
238.2781301487813,28,599,0,0
238.27832035665753,35,7670,0,1
238.28555123564288,623,327,0,0
238.47638904537868,9,146,0,0
241.88695834090404,136,140,0,0
241.94000240349158,2239,80,0,0
242.04423469931103,13,289,0,0
242.1696566590184,14,735,0,0
242.17638236388436,7,100,0,0
242.1795990233737,90,516,0,0
242.225541915523,53,462,0,0
242.43580639312145,140,115,0,0
242.4648980253253,107,269,0,0
242.50967832085712,806,683,0,0
242.5310876354383,15,619,0,0
242.54838821204123,261,378,0,0
242.55646275206215,1148,127,0,0
242.7567024984611,69,399,0,0
242.88179799061226,1260,70,0,0
242.89979452258748,1481,440,0,0
242.94051784317637,16,33,0,0
243.02161374389863,15,416,0,0
243.2420881355642,376,22,0,0
244.4094948098419,6,3640,0,1
245.2014907941304,21,367,0,0
245.22660568871544,11,319,0,0
245.26723984864415,710,503,1,0
245.28183196614293,266,591,0,0
245.40121713340687,82,583,0,0
245.62652181456016,568,652,0,0
245.6275153328635,26,336,0,0
245.65927245994772,141,307,0,0
246.1022668293765,50,465,0,0
246.10371711655873,25,26,0,0
246.63228241555814,27,208,0,0
246.86940265578053,20,223,0,0
246.87838623110716,6,330,0,0
246.88171909123741,11,291,0,0
247.6580754239066,39,332,0,0
247.66966825663178,22,74,0,0
247.67162283901104,350,100,1,0
247.6992340897998,39,122,0,0
247.70072582298292,742,118,0,0
247.70384802667982,8105,87,1,0
248.47684229377717,4,314,0,0
248.48635957514418,16,206,0,0
248.50281573581674,17,253,0,0
248.50361547471886,34,218,0,0
248.50734454705383,18,381,0,0
248.6716586702593,25,346,0,0
248.71832298264195,759,418,0,0
248.88663489811051,20,92,0,0
249.029959177128,16,373,0,0
249.0618174828837,127,294,0,0
249.07053375043154,1490,768,0,0
249.07079126070118,43,273,0,0
249.2479157059275,20,224,0,0
249.27249806892277,55,397,0,0
252.69519172351454,2960,505,1,0
252.71026196674703,19,132,0,0
252.72585044498024,14,222,0,0
252.73342980364086,90,198,0,0
252.73514603365876,93,13,0,0
252.7556242347564,32,261,0,0
252.79300073109755,46,180,0,0
252.8231823226307,2203,233,0,0
252.83403632935654,348,99,0,0
252.83811268814196,17,225,0,0
253.0284813565375,9,342,0,0
253.16948105706277,114,256,0,0
253.17492115163625,15,274,0,0
253.17644975075328,33,536,0,0
253.18171346486452,9,230,0,0
253.1868607730772,23,660,0,0
253.34363626311048,86,384,0,0
253.34725337090322,65,442,0,0
253.39010417610362,2698,25,0,0
253.39280559531477,150,216,1,0
253.40947211995214,52,200,0,1
257.4692266384276,10,32,0,0
257.4748472220297,37,349,0,0
257.5242008499991,25,772,0,0
257.5326591883731,692,590,0,0
257.74572173880586,18,558,0,0
257.78954206863875,35,100,0,0
257.8121908047967,12,586,0,0
258.2113056089606,40,409,0,0
258.3290253057739,21,330,0,0
258.41117310366957,39,273,0,0
258.41328319190904,11,155,0,0
258.4169630252249,503,236,0,0
258.8074820330541,36,770,0,0
258.80955087002053,10,137,0,0
259.3522013574481,105,273,0,0
259.8737102806661,18,329,0,0
259.8871073262663,12,174,0,0
259.89074674280164,164,205,0,0
259.8924529880333,19,3150,0,1
259.989311134722,14,53,0,0
260.04631932851663,6,140,0,0
260.05027268095574,9,23,0,0
260.0525528517858,661,230,0,0
260.09991416913226,105,181,0,0
260.1049232609933,5,257,0,0
260.12184221693065,198,233,0,0
260.12268839964605,13,730,0,1
260.16300927873556,364,600,0,1
260.18603417681135,17,135,0,0
260.192702240903,378,111,0,0
260.194346513365,74,275,0,0
260.20913082278304,6,28,0,0
260.2442660871212,19,95,0,0
260.283079110109,9,38,0,0
260.30472233978156,34,70,0,0
260.3085197206817,205,29,0,0
260.37233512344187,143,119,0,0
260.54215476926527,2139,59,0,0
260.5473192032327,7,766,0,0
260.54869617187353,978,104,0,0
260.86080121680374,6,33,0,0
260.88581565616056,24,408,0,0
260.8861883232929,47,258,0,0
260.9727962075124,8,207,0,0
260.99591389293045,12,3200,0,1
260.99998257577954,41,4280,0,1
261.0190592491981,146,305,0,0
261.02087317222635,19,205,0,0
261.02367793216905,27,4220,0,1
261.0242541144335,530,341,1,0
261.17522345149007,17,773,0,0
261.18031435755756,12,4240,0,1
261.2017039756632,9,287,0,0
261.22955209073933,16,249,0,0
261.22962847822936,62,248,0,0
261.2481885864962,75,759,0,0
261.249541083812,35,243,0,0
261.4010539570666,72,271,0,0
261.40219506191164,120,278,1,0
261.4695798723029,12,343,0,0
261.81215895145044,22,188,0,0
261.83362022465957,81,249,0,0
261.9340811452887,21,148,0,0
262.1309227591121,86,494,0,0
262.15000393121414,8,21,0,0
262.15829228782195,84,175,0,0
262.1590442188631,73,651,0,0
262.6945706861409,122,252,0,0
262.7966725478669,25,356,0,0
262.84634610411206,24,360,0,0
262.84679807597246,68,87,0,0
262.9737285236729,3924,145,0,0
262.9802419614145,20,3240,0,1
262.9998980186532,258,533,0,0
263.0282136344207,15,153,0,0
263.1630994450739,6,215,0,0
263.1708901583745,8065,127,1,0
263.1746048837342,15,340,0,0
263.2210964024281,7,145,0,0
263.24593315121604,272,287,0,0
263.250388916286,40,213,0,0
264.2503069729271,61,418,0,0
264.39573689344587,22,311,0,0
264.39637974946965,17,773,0,0
264.3965607682582,8,217,0,0
264.39689405797117,180,12,1,0
264.40318492647964,11,3270,0,1
264.43968711806366,32,515,0,0
264.90814026950557,1035,114,0,0
264.9293971297071,797,1130,0,1
264.93354847637534,45,192,0,0
264.9536673567036,186,276,0,0
264.97026841413305,46,365,0,0
264.9727005063533,80,279,1,0
264.9934472276268,2152,37,0,0
264.99382536553355,132,10,0,0
265.00136281696706,516,565,0,0
265.0402378216446,16,358,0,0
265.05045490759454,10,135,0,0
265.0963596073667,224,4210,0,1
265.2360244230738,596,4,0,0
265.2901594708716,84,457,0,0
265.3528740144646,60,377,1,0
265.4150316218353,264,218,0,0
265.4266897420179,8,120,0,0
265.5554347538357,7,285,0,0
265.5854952561419,282,507,0,0
265.5881179663663,7,65,0,0
265.7099515306632,186,461,0,0
265.7279788078252,17,76,0,0
265.728017998958,159,122,0,0
266.3084134167992,819,583,0,0
266.32984220176655,62,29,0,0
266.334217993298,15,79,0,0
266.4283190664912,51,60,0,0
266.47307637511295,1372,53,0,0
266.50802413561547,7,70,0,0
267.2066722282324,4,105,0,0
267.4195202601091,728,173,0,0
267.43316217296444,7,159,0,0
267.4392353375788,14,232,0,0
267.44120011353317,3529,17,0,0
267.4976630200616,112,61,0,0
267.5280658214252,11,227,0,0
267.7397270176075,738,623,0,0
267.776679511084,48,289,0,0
267.8809386894396,14,239,0,0
268.24574735278367,7,260,0,0
268.2554266054981,10,300,0,0
268.2594177366389,12,233,0,0
268.28563204999466,50,104,0,0
268.2877220726858,15,228,0,0
268.30625644471144,16,774,0,0
268.321933557659,4772,311,0,0
268.76625741837427,447,412,0,0
268.7797411893007,9,325,0,0
269.06316724555813,38,602,0,0
269.0752815251308,392,366,0,0
269.09929351786184,26,541,0,0
269.1094984861598,160,389,0,0
269.1315623840554,10,55,0,0
269.1394907305349,15,326,0,0
269.1424102575077,39,235,0,0
269.1445008781396,405,365,0,0
269.2925308672224,24,163,0,0
269.32763646721344,206,86,0,0
269.9298501100633,17,208,0,0
270.42005819094044,844,276,0,0
270.42344389293515,117,544,0,0
271.48461692182724,94,165,0,0
271.49479943672793,476,448,0,0
271.49586167261754,9,85,0,0
271.49831388031237,227,302,0,0
271.5065687887381,240,41,0,0
271.5067678296011,12,67,0,0
271.56678679817617,343,558,0,0
271.57862628416973,5,2270,0,1
271.661607788383,5220,4,1,0
271.7083197860728,16,342,0,0
271.7488017636876,70,99,1,0
271.84832434478636,126,350,0,0
271.9120498824219,8,23,0,0
271.9135375407149,73,767,0,0
272.4381402733279,1460,531,0,0
272.44763892972685,330,259,0,0
272.473417149515,35,207,0,0
272.5712942414718,800,25,0,0
272.5770264376392,129,159,0,0
272.58519051395473,9,186,0,0
272.58583737667294,127,771,0,0
272.67063258243576,2067,1110,0,1
272.75608101030275,10,357,0,0
272.765999403105,37,532,0,0
272.77065505170276,11,91,0,0
272.7707730523729,39,191,0,0
272.82368198860047,18,3430,0,1
272.8269732187814,45,330,0,0
272.83467996850413,794,260,0,0
272.8446480450017,7,75,0,0
272.8542954571547,16,303,0,0
272.88052712371996,12,182,0,0
272.94414241873505,708,392,0,0
272.97101867933907,19,426,0,0
272.973249975443,55,90,0,0
272.99056949109354,9,178,0,0
273.0057457884637,131,278,0,0
273.0087055981795,11,103,0,0
273.0202971596456,13,214,0,0
273.13126402323735,7,104,0,0
273.2180561093118,5,767,0,0
273.27373038621715,38,441,0,0
273.34211007547646,8,230,0,0
273.3426118189863,8,138,0,0
273.37327770535416,145,245,0,0
273.7699364814872,16,270,0,0
273.78161790652223,21,296,0,0
273.7933965692273,19,19,0,0
273.79854070661094,27,267,0,0
273.8384682479216,13,270,0,0
273.8595016422557,3602,770,0,0
273.86277886937626,15,411,0,0
273.88982696787696,121,238,0,0
273.913351383305,51,60,0,0
273.9597690768756,110,79,0,0
274.0105763953064,256,298,0,0
274.01596380295854,4693,129,0,0
274.06752773732813,15,196,0,0
274.0888450693191,8,108,0,0
274.10805221213735,12,48,0,0
274.11864821146855,13,60,0,0
274.14497592364984,7,80,0,1
274.15174382754964,66,631,0,0
274.1544053391626,14,360,0,0
274.34324639676873,32,246,0,0
274.34523593306,40,188,0,0
274.38022916400695,10,195,0,0
274.47065102157643,100,200,1,0
274.5028948614739,1714,287,0,0
274.5141372087762,12,225,0,0
274.5289858532812,17,339,0,0
274.53003911699864,216,130,0,0
274.56725729822404,980,163,0,0
274.5705789700341,25,300,0,0
274.5858614572328,16,144,0,0
274.58929224811453,30,328,0,0
274.6905054720826,12,503,0,0
274.69940658821037,539,501,0,0
274.7169711978266,18,656,0,0
275.0108950457111,543,483,0,0
275.01394367409307,22,362,0,0
275.0256808125116,9,21,0,0
275.0259541390723,7,111,0,0
275.035773448242,9,500,0,0
275.04351996906587,727,4680,0,1
275.04886234378364,983,178,0,0
275.1150814011866,10,273,0,0
275.4465823333881,32,240,0,0
275.53359312760495,307,235,0,0
275.6099392886411,63,27,0,0
275.7469892417535,29,384,0,0
275.7531215412315,282,334,0,0
275.75732095349986,3071,588,0,0
275.792061345446,2045,98,0,0
276.3197085193689,8,19,0,0
276.3262628832769,1630,128,1,0
276.32739967526845,14,87,0,0
276.34903622777995,27,543,0,0
276.4847424904866,20,455,0,0
276.5583864650452,404,191,0,0
276.60663398762284,167,132,0,0
276.62299387089166,49,39,0,0
276.7083591520566,190,716,1,0
276.71780843897795,231,142,0,0
276.93099425511434,393,135,0,0
277.1950190539104,8,50,0,0
277.2935503164055,51,264,0,0
278.27234285109256,84,533,0,0
280.49937561695936,309,308,0,0
280.5039957397174,68,27,0,0
280.51881041767535,12,32,0,0
280.52219541979855,35,116,0,0
280.5230261544369,42,265,0,0
280.5254708453418,442,766,0,0
280.54032921079875,31,750,0,1
280.5957989858712,14,441,0,0
280.64164481754347,20,1100,0,1
280.6417874979226,6,217,0,0
280.6592698268789,32,252,0,0
280.66133489025606,42,579,0,0
280.7287958538286,22,2800,0,1
280.7326244070109,77,42,0,0
280.86006541534636,37,3310,0,1
281.40132862744264,25,213,0,0
282.1462469654017,61,92,0,0
282.15947825672373,14,126,0,0
282.18988525718885,129,339,0,0
282.20000517026733,31,5870,0,1
282.21812850354894,9,29,0,0
282.77701419306845,1050,206,0,0
282.7776008494912,15,589,0,0
282.78352022384263,19,203,0,0
282.80531235491173,7,301,0,0
282.8126056099694,1043,171,0,0
282.8146610727512,18,93,0,0
282.9618869168009,9,321,0,0
282.97765030141045,80,767,1,0
282.9854056901047,114,28,0,0
282.986692170403,10,148,0,0
283.00061201888633,2556,67,0,0
283.1108457449551,24,500,0,1
283.123788856277,690,131,1,0
283.28828588931515,96,6,0,0
283.297920081445,11,206,0,0
283.30137855113605,188,356,0,0
283.32105530505265,79,282,0,0
283.324045591038,177,108,0,0
283.3249938158216,6,24,0,0
283.3764028214279,33,499,0,0
283.5007634969926,619,71,0,0
283.9983652688902,15,470,0,0
283.9988159662127,44,413,0,0
284.1190394466828,14,57,0,0
284.18586109296666,100,189,0,0
284.21103796402855,44,458,0,0
284.2591188130232,67,428,0,0
284.3312151060824,20,39,0,0
284.38379491051904,12,145,0,0
284.4420742195394,150,195,1,0
284.4529933754563,26,120,0,0
285.02794163186786,9,294,0,0
285.04658912998093,22,491,0,0
285.21007980323213,20,449,0,0
285.21925925311024,11,319,0,0
285.23677304874735,59,248,0,0
285.25185061561416,11,518,0,0
285.28184671655293,605,767,0,0
285.56572018440767,71,123,0,0
285.56669952481525,570,728,0,0
285.77901271080697,8,108,0,0
285.78377898744884,23,120,0,1
286.950712596526,80,112,0,0
286.9535779812401,96,30,0,0
286.97950787059574,198,256,0,0
287.04664477704813,564,658,0,0
287.0474557787911,357,319,0,0
287.0661809032596,354,109,0,0
287.08790247695566,54,22,0,0
287.12858250840117,56,382,0,0
287.1416662889729,597,188,0,0
287.1441114263484,10,42,0,0
287.14458923147384,13,298,0,0
287.1508057693577,862,119,0,0
287.15938066668906,314,5750,0,1
287.16832997934074,630,767,0,0
287.26461397966597,14,239,0,0
287.2876684955501,90,227,0,0
287.28830777173806,8,171,0,0
287.2917471729689,30,312,0,0
287.4672687383268,34,2980,0,1
287.53541707420436,956,491,0,0
287.5607956353558,480,674,1,0
287.5705159759189,10,59,0,0
287.72973658916936,2478,255,0,0
287.7338430555692,685,180,0,0
287.7388664688571,42,157,0,0
287.90556124428673,11,132,0,0
287.90606622860304,8,44,0,0
288.08030803840546,7,226,0,0
288.0879759990888,83,169,0,0
288.1302383235604,26,254,0,0
288.13844602886155,100,343,1,0
288.1389327271469,167,391,0,0
288.17905763348364,110,202,1,0
288.18395990207387,20,292,0,0
288.20001847845293,54,40,0,0
288.2426985568092,81,433,0,0
288.27003899708336,16,372,0,0
288.29522693682486,5,221,0,0
288.3637482922314,9,150,0,0
288.36495714919494,13,163,0,0
289.56136066967144,57,308,0,0
289.56228823112934,13,328,0,0
289.57520890544487,47,365,0,0
289.5944107822048,9,191,0,0
289.60146138835927,335,114,0,0
289.6877887252252,13,403,0,0
289.6950448204867,30,561,0,0
289.71643098744926,781,7,0,0
293.4947766270258,7,229,0,0
293.50288455850944,15,37,0,0
295.57403447587564,18,301,0,0
295.57525093382725,5,144,0,0
295.638135697106,452,503,0,0
295.6684473505868,12,27,0,0
295.7427110826265,16,123,0,0
295.74290355855067,220,357,0,0
295.74322979359545,136,769,0,0
295.81518008287196,18,516,0,0
295.92006474773444,44,366,0,0
295.9956518480534,25,619,0,0
296.00314995992704,62,109,0,0
296.0572270926241,31,199,0,0
296.10035312953875,12,203,0,0
296.1063697696371,137,256,0,0
296.9456942365925,21,86,0,0
296.9637272392542,36,139,0,0
296.9707828412008,164,161,0,0
297.01244256328357,6,317,0,0
297.0213616009459,9,561,0,0
297.0542624311127,80,262,1,0
297.05740306768536,29,333,0,0
297.06090928197295,76,123,0,0
297.0676517110982,11,151,0,0
297.22519201575415,92,555,0,0
297.23703011774757,7870,322,1,0
297.7152065819712,89,58,0,0
298.0752811257145,35,201,0,0
298.08187034911833,20,248,0,0
298.08958469962795,168,260,0,0
298.295806366165,114,200,0,0
298.3066442353144,512,7680,0,1
298.31651354443176,30,246,0,0
299.0058771765434,8,267,0,0
299.259412735694,135,220,0,0
299.32535230104384,90,108,1,0
299.32590906837385,18,29,0,0
299.3537550396315,8,64,0,0
299.35444153186353,48,334,0,0
299.38658898196985,47,203,0,0
299.428713424381,380,450,0,0
300.21098811527014,2194,929,0,0
300.21249607046497,375,70,0,0
300.24178935119056,10,224,0,0
300.282779455624,30,241,0,0
300.3331243330012,44,184,0,0
300.3963436195867,55,379,0,0
300.615201234809,258,313,0,0
300.6773166823101,9,87,0,0
300.68742687579504,15,230,0,0
300.70117818107946,13,44,0,0
300.9047884556009,68,382,0,0
300.91662908653973,16,71,0,0
300.91705890416955,73,72,0,0
300.9180085949494,57,266,0,0
300.9199503332491,23,594,0,0
300.9216585958113,142,3900,0,1
300.95843945391,1694,767,0,0
300.98977265638274,15,339,0,0
300.9904232901946,23,741,0,0
300.99321188754703,19,68,0,0
301.04393652422914,8,470,0,1
301.0935516633906,14,131,0,0
301.11044839012663,85,167,0,0
302.70195033918554,1823,229,0,0
302.70578854417874,47,537,0,0
302.9057888081442,105,589,0,0
302.940584501079,53,399,0,0
302.94089952597824,55,90,0,0
302.94312843356664,29,123,0,0
302.9667883388017,322,345,0,0
302.9707941337182,10,753,0,0
302.97974842282684,39,82,0,0
302.99383904531686,1831,47,0,0
303.0297040524227,110,407,0,0
303.0397159013645,47,730,0,0
303.1080869592839,401,475,0,0
303.1202107667605,94,402,0,0
303.12260842964923,95,241,0,0
303.1304816885792,49,34,0,0
303.132008895116,5950,769,1,0
303.2206366200214,11,336,0,0
303.2215509384679,70,430,0,0
303.2272951182455,32,391,0,0
303.2349798410553,79,554,0,0
303.28609198569416,48,290,0,1
303.5980331924327,19,90,0,1
303.59973146292276,252,278,0,0
303.60851046512863,7,195,0,0
303.61493930414287,13,2030,0,1
303.6188236422793,74,180,0,0
303.6194180262963,114,212,0,0
303.6401706289397,13,418,0,0
303.6405601365132,42,48,0,0
303.9705280748006,15,205,0,0
304.0656628452156,210,370,1,0
304.2165928150291,10,323,0,0
304.9656335263805,118,213,0,0
304.9798053489702,890,42,0,0
304.98373202333863,30,171,0,0
304.9841239697137,796,768,0,0
305.1585744744555,21,443,0,0
305.24568420420246,305,698,0,0
305.2520496522545,111,299,0,0
305.2540048808418,39,120,0,0
305.28691637939056,139,107,0,0
305.31691993213246,220,1370,0,1
305.31857207268024,11,115,0,0
305.6515829192387,13,1460,0,1
305.6572641834717,5,113,0,0
305.7134651275061,5,123,0,0
305.7138765227036,169,250,0,0
305.71576841667184,195,220,0,0
305.7373181615708,28,21,0,0
305.73931319951635,8,341,0,0
306.3064226551397,23,125,0,0
306.3067274714864,39,4110,0,1
306.31233833691283,29,369,0,0
306.31272273030885,60,153,0,0
306.31980431957356,920,673,0,0
306.52035312269925,91,366,0,0
306.5472126164096,44,162,0,0
306.55767071980256,23,624,0,0
306.75709108834076,19,342,0,0
306.7577484484722,252,767,0,0
306.75896983640746,1514,167,0,0
306.7595830649496,25,584,0,0
306.90200589975245,18,79,0,0
306.9025565155728,187,2230,0,1
307.14707263756395,68,247,0,0
307.1506742284449,1899,1670,0,1
307.1608051713531,34,23,0,0
307.1681682997911,9,21,0,0
307.25653051986046,6,57,0,0
307.2623400108734,1455,278,0,0
307.27101410358154,11,242,0,0
307.2797907719236,915,157,0,0
307.29208874929077,879,267,0,0
307.2946292922071,8,111,0,0
307.3112443068083,97,36,0,0
307.3131661686098,277,237,0,0
307.3623334923621,424,254,0,0
307.36826339388114,85,86,0,0
307.6485350719547,31,245,0,0
307.64949032259125,100,59,1,0
307.67176089352057,1047,615,0,0
307.6845552729298,11,574,0,0
308.2677094267174,11,275,0,0
308.31406915627207,21,105,0,0
308.3249824871963,156,760,0,0
308.3361227870349,558,364,0,0
308.33994809445784,7,248,0,0
309.3646280427037,28,516,0,0
310.59520451625053,70,800,0,1
310.6087110589785,2664,362,0,0
310.61209913994946,8,386,0,0
310.65080478800974,137,88,0,0
310.7202229154735,24,2320,0,1
310.7225704676588,20,374,0,0
310.72930132739793,3610,205,1,0
310.73447555558624,88,694,0,0
310.7430195653972,1704,10,0,0
310.7838469813044,54,255,0,0
310.78563269787793,223,335,0,0
310.7860094890142,29,247,0,0
311.77238832687783,35,767,0,0
311.779621317714,952,598,0,0
311.81912954538535,65,770,0,0
311.8245373815027,39,291,0,0
311.84377873347006,12,403,0,0
311.87066637939546,67,14,0,0
311.88151918803294,420,768,0,0
314.3595989241997,9,114,0,0
314.4134160368516,33,396,0,0
314.4211169702614,114,267,0,0
314.43851306955776,104,352,0,0
314.45309416147336,14,357,0,0
314.46222675830785,22,609,0,0
314.595325607824,172,68,0,0
314.7245317096699,5,769,0,0
314.7375818017512,337,205,0,0
314.7612816869249,11,228,0,0
314.76242309587013,13,135,0,0
314.8017981296285,1314,159,0,0
314.81282805057674,40,75,0,0
314.8154072454175,102,463,0,0
314.8223812003382,231,149,0,0
315.0936434754828,24,240,0,0
315.09567898282216,160,215,1,0
315.0980401564276,8,108,0,0
315.1293987854424,2140,220,1,0
315.16515538491586,663,23,0,0
315.17598866697347,13,73,0,0
315.177663169825,297,167,0,0
315.18177876533167,2619,300,0,0
315.9721004972424,21,337,0,0
315.9729564343775,34,418,0,0
315.9947173758787,28,343,0,0
316.08424903719487,5,3480,0,1
316.1460893883824,7,77,0,0
317.67733802903655,45,126,0,0
317.7106198470116,18,24,0,0
317.7169835745257,11,159,0,0
317.7205455962397,10,34,0,0
317.72929041932025,31,213,0,0
317.97617493273344,11,586,0,0
317.9777668407306,58,398,0,0
318.0033190176245,625,731,0,0
318.0061988951827,59,266,0,0
318.01844977440146,36,136,0,0
318.8865157599837,62,262,0,0
318.9115278006117,58,46,0,0
318.949025714967,13,208,0,0
318.9545107998116,15,341,0,0
318.95516978815454,19,910,0,1
318.9578432265335,8,95,0,0
318.96383718852866,71,461,0,0
318.9778822687723,6,241,0,0
318.97816494847393,887,6000,0,1
318.9896043387965,653,468,0,0
319.2770790236897,35,225,0,0
319.28283621784385,1732,767,0,0
319.35585445359715,18,729,0,0
319.38075595627464,21,443,0,0
319.3950380501978,10,578,0,0
319.4042666530328,1926,279,0,0
319.4738755773885,41,305,0,0
319.96175362695186,6,36,0,0
319.96217516925697,6,422,0,0
320.0945142978129,165,950,0,1
320.1018517209602,22,87,0,0
320.1355660583287,21,192,0,0
320.2822636861217,100,87,0,0
320.3060469845363,38,230,0,0
321.15829076828936,95,22,0,0
321.3075241047062,22,477,0,0
321.31670350844655,13,148,0,0
321.41568251248066,110,334,0,0
321.4165450480657,412,557,0,0
321.444778441718,15,176,0,0
321.4503181137901,60,594,0,0
321.453480328318,62,145,0,0
321.5927969021123,224,166,0,0
321.62068741675773,59,314,0,0
321.6272441516547,8,66,0,0
321.6633387981198,44,424,0,0
321.67803431961096,10,407,0,0
321.69130261817673,12,506,0,0
321.6920056083216,8,241,0,0
321.6982252560316,8,154,0,0
321.750048908964,64,492,0,0
321.7887703575443,216,261,0,0
321.80917570142793,21,209,0,0
321.81088205292434,5,91,0,0
321.81474309854906,70,479,0,0
321.81487439364435,20,3240,0,1
321.8170337417375,77,175,0,0
322.04038380608614,78,6,0,0
322.612297871412,68,353,0,0
322.6333903856797,42,150,0,0
322.65078269170505,20,309,0,0
322.6517594068452,53,238,0,0
322.679829550054,807,111,0,0
322.6857588256812,300,210,1,0
324.061419595716,17,213,0,0
324.1120383395837,9,158,0,0
324.1270546054265,10,2810,0,1
324.1278452782783,96,504,0,0
324.4869593640184,30,22,0,0
324.50860665591557,129,4190,0,1
325.78340224763815,789,63,0,0
325.8552262895533,23,15,0,0
325.8691117704762,44,484,0,0
325.9541740181104,63,102,0,0
326.051588366307,72,310,0,0
326.057781059726,144,37,0,0
326.36642538405766,9,278,0,0
327.36786011145085,121,364,0,0
327.3727714654951,15,278,0,0
327.3729337183827,18,491,0,0
327.46158114682703,1153,157,0,0
327.48680582576105,7,195,0,0
327.5072060775979,9,115,0,0
327.51022939591167,960,300,1,1
327.9576050804141,427,265,0,0
327.9578749658482,47,80,0,0
328.2076065944817,8,94,0,0
328.21477894829746,50,576,0,0
328.21503795536506,12,388,0,0
328.2185596316296,40,1540,0,1
328.2358863352678,537,22,0,0
329.34909200876666,17,700,0,0
329.55014709242,173,754,0,0
329.5634833737313,5,213,0,0
329.583374014145,110,588,1,0
329.8640949838044,18,6,0,0
329.96116011416694,266,222,0,0
331.74630132155056,195,9,0,0
331.75098044709057,10,295,0,0
331.79544184593436,60,229,1,0
331.8015256790227,324,287,0,0
331.8263848260645,7,29,0,0
331.8272852870942,80,46,0,0
331.8467080160098,133,38,0,0
331.8476757110274,23,389,0,0
331.88545307492683,10,80,0,0
332.2557975593797,43,208,0,0
332.286684134102,203,427,0,0
332.3124771238747,91,293,0,0
332.32599024592787,180,440,1,0
332.3271296098154,7,282,0,0
332.33143571429673,9,144,0,0
332.339020495081,429,764,0,0
332.34119082230063,6,31,0,0
332.5035146921013,15,234,0,0
332.50392417057355,15,600,0,0
332.5059502465674,115,286,0,0
332.50866964409744,89,167,0,0
332.5179212886372,238,260,0,0
332.51965323651154,6,236,0,0
332.52060938524517,235,769,0,0
332.5219040581379,6,17,0,0
332.5259877822859,4,145,0,0
332.52691867293646,1807,315,0,0
332.6753814287527,267,543,0,0
332.6917717119577,42,413,0,0
332.8998728759094,11,235,0,0
332.90505369299007,186,215,0,0
332.961513097532,15,607,0,0
332.97630325582344,8,9,0,0
333.00140106467313,19,555,0,0
333.4182862388778,239,773,0,0
333.49308430876795,16,201,0,0
333.5220036560397,14,291,0,0
333.53477860803577,13,107,0,0
333.5352518599421,9,112,0,0
333.5461085268352,1763,767,0,0
333.550660216318,13,214,0,0
334.22078104913123,23,2320,0,1
334.22674449560685,16,220,0,0
334.25007611738187,342,102,0,0
334.2633679808205,32,92,0,0
334.26816284880204,948,322,0,0
334.4037477274755,358,359,0,0
334.4056613323709,11,42,0,0
334.4616386957586,13,394,0,0
334.4620088721741,171,362,0,0
334.46733504445206,38,3690,0,1
334.98534343238003,101,311,0,0
334.99693831550314,798,397,0,0
335.02472750310926,13,82,0,0
335.0557635918242,100,29,0,0
335.0748720411736,29,56,0,0
335.0749573795268,22,300,0,0
335.0757071353026,98,113,0,0
335.18017376564603,160,285,0,0
335.20289422440743,857,186,0,0
335.20386515277147,12,258,0,0
335.2049498345009,13,212,0,0
335.4066136873882,32,412,0,0
335.41269833431886,6570,103,1,0
335.4229454215328,37,96,0,0
335.42952071014344,9,211,0,0
335.4326471484477,5,358,0,0
335.46209567488415,6080,20,1,0
335.5064019436836,20,162,0,0
335.5162195618358,28,605,0,0
335.53027799448546,7,543,0,0
335.53333310915895,14,310,0,0
335.7590451881855,370,311,0,0
335.75988381828637,115,419,0,0
335.7879959671249,12,246,0,0
335.8526045136808,1578,157,0,0
336.01040479490814,15,392,0,0
336.02778165906807,66,107,0,0
336.0722818599447,144,89,0,0
336.083110236637,78,768,0,0
336.0861727633164,233,44,0,0
336.1066266136477,26,762,0,0
336.2338431317064,25,128,0,0
336.29912030963146,49,175,0,0
336.3005377824518,26,188,0,0
336.3188222172028,77,3100,0,1
336.5370991552915,55,195,0,0
336.57233991175906,52,27,0,0
336.88739155780297,162,363,0,0
336.90706081528174,9,484,0,0
336.91945807009415,151,410,0,0
336.91947940490684,1219,113,0,0
337.15225239688806,140,73,1,0
337.15284327796104,15,192,0,0
337.1595116394931,8,165,0,0
337.1618835831074,7,132,0,0
337.165628032801,7,201,0,0
337.2529215671684,193,73,0,0
337.2535720379418,191,160,0,0
337.284962999611,27,186,0,0
337.2863350390353,10,290,0,0
337.30193662041216,31,201,0,0
337.3403950624747,1371,10,0,0
337.3513601248314,103,224,0,0
337.36034753032163,2740,363,0,0
337.37247689928984,390,317,1,0
337.38391734927,1405,11,0,0
337.4400491061472,15,335,0,0
337.4764464245938,11,238,0,0
337.48368919094105,21,312,0,0
338.9634417694601,21,108,0,0
338.9676196491179,7,261,0,0
339.59808241608437,3061,84,0,0
339.60968497625703,9,159,0,0
339.84554319035664,79,132,0,0
339.9879664880538,63,196,0,0
339.9967857499849,1971,247,0,0
340.0831769780592,2063,69,0,0
341.1245062498586,8,316,0,0
341.1252393141727,609,206,0,0
341.1265176416446,49,430,0,1
341.1298874283764,950,244,1,0
341.79422579165305,316,450,0,0
341.84292984961303,56,287,0,0
341.84737559513843,8,211,0,0
341.8595266389165,27,113,0,0
341.89026719384066,12,2270,0,1
341.8936051377494,13,288,0,0
341.90416589885973,82,192,0,0
341.9266062235719,1493,768,0,0
341.9749095152124,442,23,0,0
342.09926843571833,17,109,0,0
342.10618469287715,284,249,0,0
342.1183965519981,58,636,0,0
342.11982673913616,17,253,0,0
342.13409022958956,26,5010,0,1
342.15681975351947,16,91,0,0
342.1727816110865,3010,175,1,0
342.217280977042,7,201,0,0
342.2194031444758,42,657,0,0
342.3889649655387,42,473,0,0
342.41410546343775,19,214,0,0
342.61197717616557,800,54,1,0
342.6146846943362,81,235,0,0
342.62698839400383,9,25,0,0
342.64964914629644,4,9,0,0
342.6546321096403,1294,557,0,0
342.81294092942585,40,302,0,0
342.83091295013327,530,729,1,0
342.8320408036443,20,447,0,0
342.9566172121716,33,50,0,0
342.9617910489445,7,387,0,0
342.99416540389626,512,7680,0,1
343.0864335433181,8064,128,1,0
343.08874579769946,209,304,0,0
343.3650795517829,10,154,0,0
343.4524195582092,14,339,0,0
343.45326047477914,226,231,0,0
343.64085335107546,11,248,0,0
343.64425458502245,748,260,0,0
343.6482296759475,16,350,0,0
344.10835684552404,696,64,0,0
344.1094668817149,106,264,0,0
344.10957170958574,13,295,0,0
344.1346989668321,7,102,0,0
344.1462077726712,2380,221,0,0
344.14903945226325,17,60,0,0
344.27728785966207,30,360,0,0
344.27814465371875,57,86,0,0
344.28069962652006,12,344,0,0
344.3637764652631,5645,165,0,0
344.36814604510744,23,112,0,0
344.3707377749029,21,275,0,0
344.37900013468106,25,600,0,0
344.3804704849502,12,540,0,0
344.3817959753676,42,43,0,0
344.39531675568287,14,2400,0,1
344.4015142979521,18,287,0,0
344.4138274456537,11,291,0,0
344.41693086972975,19,769,0,0
344.4419865194731,126,4750,0,1
344.4799304602205,2200,279,0,0
344.5560275262447,84,364,0,0
344.5609623573915,51,346,0,0
344.5653466346405,19,767,0,0
344.56689824400837,11,155,0,0
344.5951983752716,15,432,0,0
344.68906186929894,11,430,0,0
344.7882023400005,26,63,0,0
344.86230769046307,990,342,0,0
345.0279432177064,26,31,0,0
345.5369795971695,11,218,0,0
345.5630036106324,38,272,0,0
345.6219799271829,7,153,0,0
345.6257484452968,42,343,0,0
345.6666427936047,28,437,0,0
345.76920314495214,18,124,0,0
345.7746472701859,68,247,0,0
346.70626383142474,41,50,0,0
346.76140414035865,9,228,0,0
346.8544537830945,469,710,0,0
346.88805888784356,1569,653,0,0
347.84419059248347,53,228,0,0
347.8751853730986,26,211,0,0
347.9939285731316,2740,363,0,0
348.02757494467636,443,479,0,0
348.0364701308688,27,379,0,0
348.0522960636475,520,129,0,0
348.05931741745366,14,28,0,0
348.06998920796065,53,729,0,0
348.178504601829,822,113,0,0
348.1829869561889,953,40,0,1
348.1942202958984,20,211,0,0
348.2906065802179,75,767,0,0
348.5028409254071,107,246,0,0
348.5262666150378,20,197,0,0
348.53736213841665,26,271,0,0
348.53897807254697,108,712,0,0
348.6107020418725,42,26,0,0
348.6150315944733,157,767,0,0
348.6216196438472,92,5020,0,1
348.7033889491972,12,119,0,0
348.710830214319,7,201,0,0
348.7656953183931,8,259,0,0
348.8190673780875,27,401,0,0
348.8241165885849,48,334,0,0
348.83885362578167,12,246,0,0
349.06337422331234,107,328,0,0
349.10257214900713,2684,113,0,0
349.13274052392137,110,767,0,0
349.1341550723314,35,163,0,0
349.1497815016995,6,260,0,0
349.3732445647752,12,241,0,0
349.3844775406242,151,108,0,0
349.4261717569668,1486,766,0,0
349.5533144479141,47,39,0,0
351.6221554216125,7,354,0,0
351.6228734480436,8,33,0,0
351.7741569313076,27,610,0,0
351.9559996430381,25,429,0,0
351.9783145449673,42,541,0,0
352.9274833472455,42,340,0,0
352.929158697312,12,177,0,0
352.93024746315643,13,450,0,0
352.9450196138629,8,99,0,0
353.0213416527383,13,174,0,0
353.02375563961306,40,234,0,0
353.0423960841724,38,576,0,0
353.0491756166893,26,105,0,0
354.00523283148465,39,708,0,0
354.0115583529448,230,764,1,0
354.2952893912707,9,729,0,0
354.29560758035035,659,500,0,0
354.3117550136688,147,232,0,0
354.33118639710585,15,205,0,0
354.33260407660674,70,348,0,0
354.3427299785978,11,235,0,0
354.37897037423625,11,17,0,0
354.389654498722,11,220,0,0
354.39638654652714,140,291,1,0
354.411618045116,12,3730,0,1
354.45508064508255,7,1520,0,1
354.5064457565152,39,378,0,0
354.5120804626945,7,1650,0,1
354.62788206466496,2396,520,0,0
354.6426398953302,164,608,0,0
357.0856190865978,20,374,0,0
357.1028944655045,40,152,1,0
357.1313047030399,273,769,0,0
357.1335755461542,11,281,0,0
357.49920709160324,26,114,0,0
357.51127551276613,44,392,0,0
357.5481332442244,971,139,0,0
357.6687361721834,1680,163,0,0
357.67762576974326,185,738,0,0
357.7072958232943,244,761,0,0
357.71547792168025,7,219,0,0
357.7193024966143,12,237,0,0
357.7207579369413,68,201,0,0
357.7210945664508,18,284,0,0
357.72331021865307,78,290,0,0
357.7236997845542,63,154,0,0
357.8014555343526,24,286,0,0
357.80330253867805,17,130,0,0
361.4700421506504,22,50,0,0
361.48152690100653,17,559,0,0
361.48571420691275,14,222,0,0
361.81050292214474,86,425,0,0
361.83823186602183,34,178,0,0
361.8497199009362,11,151,0,0
361.86067472310975,86,266,0,0
362.1668617046599,12,56,0,0
362.1706939626851,23,226,0,0
362.17238574730845,9,120,0,0
362.1850518919899,23,1480,0,1
362.21990411540787,107,686,0,0
362.2201622582887,13,61,0,0
362.2213687390629,15,297,0,0
362.22426771628574,149,218,0,0
362.2306951526003,1294,557,0,0
362.2452305540197,7,23,0,0
362.24560004892396,41,394,0,0
362.25248636036054,18,29,0,0
362.25286444031855,34,2180,0,1
362.3258667734712,7,325,0,0
362.3344203519616,49,545,0,0
362.40911283508876,401,274,0,0
362.6645570604253,19,142,0,0
362.69162717079905,172,209,0,0
362.71208513960966,1195,15,0,0
362.71647022444915,18,417,0,0
362.72209986521983,93,4310,0,1
362.7764992462332,338,355,0,0
362.88564149455055,117,130,0,0
363.54452177288715,21,415,0,0
363.54860838765876,13,244,0,0
363.5511737580654,403,270,0,0
364.4051750182859,753,113,0,0
364.4255395736354,16,452,0,0
364.42805554472795,39,133,0,0
364.5680458850689,71,503,0,0
364.5808230554526,796,768,0,0
364.58802618660616,1007,768,0,0
364.589505828932,134,222,0,0
364.69135840017896,31,394,0,0
364.7997844959533,32,136,0,0
365.2992047123464,28,26,0,0
365.3246287323101,23,361,0,0
365.3338885459219,40,37,0,0
365.3602595757091,26,313,0,0
365.39103970494034,372,31,0,0
365.40099719136344,28,360,0,0
365.40232253528217,228,4470,0,1
365.4045983689759,114,730,0,0
365.4197055465626,58,708,0,0
365.4282232372801,125,718,0,0
365.9781799820439,2578,92,0,0
366.0044596495486,22,147,0,0
366.01804082875464,26,501,0,0
366.0236183345681,51,468,0,0
366.0918770328167,30,159,0,0
366.1062898518328,9,245,0,0
366.2473890380141,19,282,0,0
366.2728905790604,473,767,0,0
366.461263920292,9,191,0,0
366.47751781250355,45,290,0,0
366.55891039115744,191,29,0,0
366.8145257911827,54,327,0,0
366.8235632910247,223,87,0,0
367.2004218093644,423,222,0,0
367.21971844888543,197,204,0,0
368.8092905511725,19,752,0,0
369.2395612170185,40,2520,0,1
369.4412222912418,1579,13,0,0
369.59827568656203,50,96,1,0
370.37715022968354,16,328,0,0
370.3860703481953,217,92,0,0
370.54579075220346,208,176,0,0
370.5671042631174,19,197,0,0
370.6145491986381,159,410,0,0
370.6875606542283,17,58,0,0
370.9074724966956,97,323,0,0
370.91370777686285,286,752,0,0
370.91693538233875,17,315,0,0
370.91826565144225,31,645,0,0
370.99503844483394,39,417,0,0
371.0042287128317,23,291,0,0
371.0901068986309,32,345,0,0
371.2822604609266,2410,29,1,0
371.53355062062997,7,241,0,0
371.53403030815116,28,252,0,0
371.5668801944831,12,159,0,0
371.5970836337781,23,33,0,0
371.6001805137168,921,645,0,0
371.60112618482947,14,1820,0,1
371.6489512776249,78,179,0,0
373.52960791976386,12,314,0,0
373.53140014512434,71,504,0,0
373.54598030191534,21,424,0,0
373.60090122610495,117,221,0,0
373.6010405895467,1571,158,0,0
374.236124325466,1775,276,0,0
374.2398589126667,36,326,0,0
374.414636985635,34,25,0,0
380.13038525237073,13,459,0,0
380.16498832049575,7,96,0,0
380.16750029616105,27,137,0,0
380.1872702528258,111,139,0,0
380.19515068202713,211,25,0,0
380.2708640700307,32,340,0,0
380.27379664389144,10,13,0,0
380.4589540008298,45,374,0,0
380.46406348219756,43,265,0,0
393.6505826873862,9,334,0,0
393.6517096461852,13,174,0,0
393.7673527573289,1040,296,1,0
393.76852473009154,27,610,0,0
394.0008721570186,330,321,1,0
394.0214047583637,107,52,0,0
394.021783936925,3560,168,1,0
394.02454443748906,8,20,0,0
394.0295992989712,12,18,0,0
394.0308595306374,354,758,0,0
394.05059217871764,6,330,0,0
394.05268267267274,5,33,0,0
394.06824319718794,240,324,0,0
394.11893906450666,30,452,0,0
394.1381391883041,122,252,0,0
394.1467212699524,14,180,0,0
394.1552026847612,54,542,0,0
394.20527759221164,29,4130,0,1
394.21187271087126,19,409,0,0
394.2276634023666,25,431,0,0
394.22784607167046,96,766,0,0
394.2305273491086,14,296,0,0
394.2690657830363,9,525,0,0
394.2817911528124,649,69,0,0
394.3035954430236,41,391,0,0
394.3255309644111,11,393,0,0
394.6338898772892,310,146,0,0
394.6389255388751,9,312,0,0
394.6394740554807,539,33,0,0
394.838299280438,13,225,0,0
394.8636971843154,1760,118,1,0
394.86711902966033,183,112,0,0
394.8683590545921,18,354,0,0
394.86866116298086,21,5090,0,1
394.8714935374181,137,299,0,0
394.8824816255889,41,288,0,0
395.10207953871566,110,2700,0,1
395.1091889180376,131,404,0,0
395.11861171180846,52,282,0,0
395.1220689535043,45,389,0,0
395.1231563883358,4,34,0,0
395.15443988325353,3165,153,0,0
395.1772909623657,46,223,0,0
395.1873155874508,12,31,0,0
395.26799710622913,1125,269,0,0
395.2687432265134,7,92,0,0
395.283230448609,38,363,0,0
395.29053333366164,20,358,0,0
395.3460920438296,14,253,0,0
395.3489225700703,46,631,0,0
395.35508263355973,53,73,0,0
395.360402337736,41,391,0,0
395.38176898970335,35,241,0,0
395.38872040587853,105,244,0,0
395.39470146898117,410,222,0,0
395.3962881100103,13,259,0,0
395.3986256527982,696,64,0,0
395.4351467202674,23,45,0,0
395.43794332866696,144,69,0,0
395.5394943729615,1989,29,0,0
396.11597927818315,4,715,0,0
396.371645446813,75,301,0,0
396.41192081926823,19,227,0,0
396.44706422031425,147,529,0,0
396.50224393017606,11,402,0,0
396.51738320418866,18,4820,0,1
396.5276925535734,53,223,0,0
396.53929596560556,13,159,0,0
396.54194833921287,6,267,0,0
396.5470171695002,13,13,0,0
396.9974696334549,250,128,1,0
396.99853782290546,180,306,1,0
396.9998516444852,23,180,0,0
397.0001747515508,30,318,0,0
397.0589970748164,24,53,0,0
397.6923566142521,64,25,0,0
397.8378752199966,269,160,0,0
397.8461589246222,9,273,0,0
397.9244996675634,90,81,1,0
397.9613756375927,78,325,0,0
398.02185491812224,8,389,0,0
398.024059005098,6,22,0,0
398.1186343911805,10,290,0,0
398.1221755520969,26,226,0,0
398.1544488745095,12,265,0,0
398.21718827907563,225,380,0,0
398.3098280013812,11,149,0,0
398.920451398192,20,303,0,0
399.2557660028557,3165,153,0,0
399.2678518198082,37,511,0,0
400.85912291191767,6,225,0,0
400.8597767108866,13,41,0,0
400.8646488906998,7,236,0,0
400.89115344302303,4,476,0,0
400.94856874718823,135,4320,0,1
400.9668644605032,520,406,1,0
400.9832085218964,1710,424,1,0
401.3990559175043,576,674,0,0
401.3996105304863,24,219,0,0
401.41072305965554,131,296,0,0
401.41455269240686,68,42,0,0
401.4294012275269,7,1640,0,1
401.43518768521244,40,257,0,0
401.4803118955737,26,480,0,0
401.65900988127527,56,345,0,0
402.13066005008125,120,28,0,0
402.1308764477159,460,630,0,1
402.13702226352837,1060,401,0,0
402.33375847739904,33,337,0,0
402.3534782497749,217,113,0,0
402.3632414021364,13,247,0,0
402.37781930601005,46,439,0,0
402.49793557556825,663,4,0,0
402.51193066220003,29,771,0,0
402.53898517948215,42,410,0,1
402.55037105529135,1785,533,0,0
402.5710967466762,10,290,0,0
402.6043717715583,804,28,0,0
403.58087416200425,501,308,0,0
403.6545852362864,140,577,1,0
403.6833458139457,410,688,1,0
403.8789840325053,77,6710,0,1
403.8798374668776,34,294,0,0
403.88932361295065,15,320,0,0
403.9136134728133,98,291,0,0
403.91554938441277,15,335,0,0
403.9285908660913,194,500,0,0
403.93904721328335,220,36,1,0
403.946262941384,140,21,0,0
403.95192916469176,2272,547,0,0
403.9726194049155,11,42,0,0
404.10773506908197,330,71,0,0
404.11585578405516,69,764,0,0
404.15256548900317,10,321,0,0
404.20306378307293,98,161,0,0
404.20951535577626,1028,86,0,0
404.22305011201655,86,445,0,0
404.36296178322874,83,156,0,0
404.36401488171487,22,767,0,0
404.3865761260188,21,307,0,0
404.4065389936838,154,288,0,0
404.41270729593305,23,50,0,0
404.41294387086685,5,7680,0,1
404.4895647069882,9,123,0,0
406.7703056589084,110,22,0,0
406.7827661502946,112,61,0,0
406.88597490899156,1386,452,0,0
406.9183464673193,13,247,0,0
406.9494073847673,36,465,0,0
406.9609865211216,140,143,1,0
406.9993170152312,4,185,0,0
407.00194980470604,14,3470,0,1
407.01823377541234,649,24,0,0
407.03973680726637,86,591,0,0
407.06207710870535,33,39,0,0
407.065625145243,341,530,0,0
407.1554596492226,26,402,0,0
407.15633390649185,67,473,0,0
407.1577212536146,4,170,0,0
407.1828817091459,16,240,0,0
407.18340293239277,42,473,0,0
408.54102975441464,8,64,0,0
408.54234694354216,23,263,0,0
408.54891633966315,61,6780,0,1
408.80129174634294,248,274,0,0
408.80261451763135,8,305,0,0
409.19642081198145,80,261,1,0
409.46635381374904,49,350,0,0
409.64560717573744,33,42,0,0
409.66487695213874,22,458,0,0
410.0131959769593,3532,172,0,0
410.02884525684374,26,279,0,0
410.15073524808565,337,210,0,0
410.15373048517205,13,543,0,0
410.28434066487046,6,132,0,0
410.37753145696524,250,497,1,0
410.44890673264905,27,109,0,0
410.5688200149341,5,337,0,0
410.57142957324385,22,217,0,0
410.7130513194137,59,290,0,0
410.7268561130336,104,302,0,0
410.75079501457986,2250,410,1,0
410.80782895546923,19,211,0,0
410.8137948114723,469,710,0,0
410.9229454436523,33,2250,0,1
410.9360233046122,6,749,0,0
411.01871885523826,34,166,0,0
411.03932525653465,57,38,0,0
411.04295727594626,65,100,0,0
411.16657278801085,82,108,0,0
411.18488966367374,5,2510,0,1
411.2390715145856,15,767,0,0
411.2465429761658,20,15,0,0
411.24738259438794,206,86,0,0
411.34873045207775,6,196,0,0
411.34903211491206,19,572,0,0
411.3533182204925,30,260,0,0
411.3537877791101,12,29,0,0
411.38925927532085,17,324,0,0
411.38954668953096,80,323,1,0
411.4621903825154,12,1530,0,1
413.9137612613473,5,39,0,0
413.9165163131939,30,385,0,0
414.0669578540927,16,204,0,0
414.9244075316937,26,737,0,0
414.92589323220216,26,342,0,0
414.94646919433984,33,216,0,0
414.9516164368914,23,1420,0,1
414.9715082527959,459,4,0,0
414.98147962550235,12,178,0,0
415.88811369350304,19,429,0,0
415.9187768018103,174,18,0,0
418.78622303328217,8,26,0,0
420.67130768757704,65,581,0,0
420.9384732323688,16,565,0,0
420.9489174746506,1124,95,0,0
420.9577483913621,216,83,0,0
420.9632666563158,15,112,0,0
421.06253373106955,29,58,0,0
421.08982652120056,75,660,0,0
421.12153369542244,19,88,0,0
421.1570734729766,30,424,0,0
422.36083200164563,11,126,0,0
422.37900121863345,29,168,0,0
422.3919557937824,125,4030,0,1
422.4422120290197,32,313,0,0
422.49213319989633,23,503,0,0
422.8049952504051,1775,276,0,0
423.1917041825167,55,289,0,0
423.1962042276016,8,577,0,0
423.2615112472249,144,89,0,0
423.27207783801055,24,670,0,1
423.34167185919296,14,305,0,0
423.3537379914776,7,296,0,0
423.3578668856348,23,23,0,0
423.37204268005064,8,100,0,0
423.42457716757843,367,583,0,0
423.4272458898737,110,155,1,0
423.4777311204901,13,332,0,0
423.49830308247766,316,485,0,0
423.51024461737603,14,153,0,0
423.56373512528353,14,292,0,0
423.65778115658475,4,383,0,0
423.6722798163919,638,26,0,0
423.6723204971966,8,11,0,0
423.6762361691767,49,2160,0,1
423.87445466197937,13,82,0,0
423.8759181662557,4,139,0,0
423.91385136996183,8,337,0,0
423.91441566783675,7,55,0,0
425.3632593184418,7,126,0,0
425.3666809417323,146,128,0,0
425.4428301180806,104,155,0,0
425.44944150727054,84,247,0,0
425.4775560700396,6,83,0,0
425.70270050871517,27,382,0,0
425.7219915341574,22,138,0,0
425.7246374313842,15,214,0,0
426.1170338657602,9,230,0,0
426.1315732956912,1008,79,0,0
426.4924536628916,43,578,0,0
426.49695677112646,247,171,0,0
426.5073695373235,29,104,0,0
426.5928622223194,116,769,0,0
426.72234340936035,1494,52,0,0
426.80356866435153,7,55,0,0
426.8077882248458,230,230,1,0
426.8657437181953,45,293,0,0
426.86680324914363,127,360,0,0
426.987059055409,36,172,0,0
427.0162399824078,41,162,0,0
427.1270426768127,669,88,0,0
427.135777262691,1670,254,0,0
427.1517903679127,24,209,0,0
427.22353188672673,8,67,0,0
427.22496494985876,21,65,0,0
427.2330186366225,30,336,0,0
427.37184060964535,10,115,0,0
427.45213953361224,38,412,0,0
427.4631239938059,12,213,0,0
427.46949895966185,1970,106,1,0
427.4717329940428,480,448,0,0
427.4843261714253,158,72,0,0
427.5738824479212,11,90,0,0
427.6048917047438,74,84,0,0
427.6071192568536,578,259,0,0
427.61113681094275,117,930,0,1
427.6909609927299,13,170,0,0
427.6911593500546,22,169,0,0
428.19779471236467,11,469,0,0
428.1978515516366,27,254,0,0
428.21763450341786,20,372,0,0
428.22238108305146,121,142,0,0
428.22653766445455,9,84,0,0
428.2309422796289,25,588,0,0
428.26243915408156,57,157,0,0
428.2751269479821,6,131,0,0
428.28459297175715,67,241,0,0
428.7607118439296,42,220,0,0
428.79972393057045,6,420,0,1
428.8150936960423,698,188,0,0
428.815984064389,2080,22,0,0
428.82809295523566,24,55,0,0
428.8462101350268,50,86,1,0
428.9021077896484,30,22,0,0
428.9217770385068,180,69,0,0
428.9382575099438,6,56,0,0
428.9448478105684,18,139,0,0
429.04707867290637,9,310,0,0
429.04769024883973,101,681,0,0
429.0705584403544,89,332,0,0
429.31527092252253,38,94,0,0
429.31534205617106,61,121,0,0
429.58612334931735,50,710,0,0
429.63343363380045,34,388,0,0
429.6696442801347,164,427,0,0
429.6729364455298,7,219,0,0
429.6766464294602,7,273,0,0
429.6792973646112,59,159,0,0
448.39833656461917,13,119,0,0
448.40122861589316,131,72,0,0
450.1400589462481,34,357,0,0
450.1522166197904,470,443,0,0
450.1547675889641,12,268,0,0
450.2239372882878,110,194,0,0
450.23502612376,83,177,0,0
450.23819216641624,25,210,0,0
450.2458402109992,13,244,0,0
450.3240556063215,14,204,0,0
450.3339502483825,42,410,0,1
450.3392421949509,22,111,0,0
450.3635664569827,7,166,0,0
450.4106415397101,35,1090,0,1
450.4119009979614,188,94,0,0
450.67393123897614,8,161,0,0
450.67603872076205,87,254,0,0
450.6910445738804,28,252,0,0
450.8418044634054,111,385,0,0
450.8976438736542,3301,248,0,0
450.90959237810506,13,128,0,0
450.91939530005095,522,291,0,0
450.9430323029114,5,196,0,0
451.18437589773214,23,27,0,0
451.20590978885576,55,150,0,1
451.451329933305,25,582,0,0
451.4690732124661,75,498,0,0
453.0559543095619,145,231,0,0
453.0927038646973,343,40,0,0
453.41653274569387,10,118,0,0
453.4185029090544,26,380,0,0
453.43964272826906,307,767,0,0
453.5309908697138,14,362,0,0
453.5315391259615,41,307,0,0
453.5372675436714,16,467,0,0
453.5396610281784,169,143,0,0
453.6051346137438,325,408,0,0
453.6088552080411,27,500,0,0
453.6358873029825,66,385,0,0
453.65075771575664,119,95,0,0
453.66662454478154,23,313,0,0
453.66729008096587,227,49,0,0
453.7348505371801,21,18,0,0
453.73525108058277,42,383,0,0
453.9106620102199,59,351,0,0
453.93280647029366,340,365,1,0
453.9358900667528,122,323,0,0
453.9479015651184,43,217,0,0
453.9484196190964,1697,503,0,0
453.95403923505484,10,185,0,0
453.97302034475973,2687,127,0,0
455.7153037097122,165,385,0,0
455.7163318331524,23,124,0,0
455.7296116094531,180,258,0,0
455.7322494660227,41,132,0,0
455.77909290382604,474,330,0,0
456.09212833391143,41,527,0,0
456.09428052433066,8,125,0,0
456.12043296837487,7,209,0,0
456.28792325771917,1605,22,0,0
456.29601338489545,7,1110,0,1
456.30752299730017,63,126,0,0
456.3163207989881,2880,95,1,0
456.3364571535821,1094,368,0,0
456.36684328823725,129,241,0,0
456.3711276070207,11,204,0,0
456.3821008834776,5382,574,0,0
456.3842342586637,10,82,0,0
456.411587378563,17,539,0,0
456.43663464306127,23,302,0,0
456.5948152616376,20,80,0,0
456.60855404562227,119,25,0,0
456.6207978419998,13,261,0,0
456.62180556204004,453,92,0,0
456.7087346038838,9,198,0,0
456.7340948342004,71,336,0,0
456.7411825360919,29,179,0,0
456.78040840875883,7,164,0,0
456.9683930472683,202,2560,0,1
457.03541649319226,326,83,0,0
457.0917588152288,11,330,0,0
457.1780208230036,7,182,0,0
457.18080013810965,219,119,0,0
457.19471746212463,15,81,0,0
457.2362914323639,394,764,0,0
457.2373843891511,12,325,0,0
457.24737717164913,7,116,0,0
457.50535911043016,10,227,0,0
457.5074223550471,443,479,0,0
457.51569090993837,33,150,0,0
457.5311639420353,24,246,0,0
457.657097744166,758,100,0,0
457.65880620813346,2571,194,0,0
457.7376366120889,18,205,0,0
458.0907046074277,1764,341,0,0
458.1180023603051,774,142,0,0
458.12044239167454,26,467,0,0
458.60834456252906,5830,480,1,0
458.6739523194048,20,58,0,0
458.733215916083,211,188,0,0
459.0887694081938,37,198,0,0
459.14880500432224,48,188,0,0
459.1608671527765,12,314,0,0
459.1617085353743,207,202,0,0
459.77925449325227,1130,35,0,0
459.79861992930097,1127,644,0,0
459.8116870986095,39,266,0,0
459.8763913056124,137,198,0,0
460.0109124468714,31,343,0,0
460.0135792307414,11,107,0,0
460.0321144825562,7,365,0,0
460.03734127355773,15,452,0,0
460.03954591458506,6,6,0,0
460.0453933255713,9,108,0,0
460.0516565003666,24,492,0,0
460.06439357065443,11,226,0,0
460.0655080443445,10,160,0,0
460.0687975240082,1003,766,0,0
460.1621985675961,129,411,0,0
460.1632094774206,585,720,0,0
460.17591366194995,14,323,0,0
460.17713478480465,28,267,0,0
460.18223223891863,13,369,0,0
460.20259552600544,18,344,0,0
460.2741869642484,33,317,0,0
460.3688830798182,137,714,0,0
460.3714089140899,60,713,0,0
460.59555419315063,67,647,0,0
460.5968250374618,60,465,0,0
460.78214082088624,9,32,0,0
460.7832464345353,7,42,0,0
460.7859179717454,46,77,0,0
460.8426608313626,107,328,0,0
460.8531448328462,92,768,0,0
460.95035393977116,122,369,0,0
460.9805746559624,9,231,0,0
461.00562351757543,16,180,0,0
461.16502209799074,889,769,0,0
461.17453082254383,340,554,1,0
461.1826794176813,6,254,0,0
461.22102567943244,356,555,0,0
461.2451048227152,16,112,0,0
461.28386037304386,555,497,0,0
461.34319828574047,76,19,0,0
461.48615701958727,62,379,0,0
461.49122482575126,11,276,0,0
461.49190057896976,17,530,0,0
461.5150652230525,16,172,0,0
461.58938915685627,13,93,0,0
461.62314832986954,69,126,0,0
461.6249330587045,28,300,0,0
461.6255620670516,6,56,0,0
461.626218421413,78,290,0,0
461.6624012751712,130,180,1,0
461.6672022954375,17,360,0,0
461.82099460755046,8,110,0,0
462.78354613832835,32,280,0,0
462.8777747328838,558,303,0,0
462.91617491002705,466,395,0,0
462.9431539221011,41,412,0,0
462.9945394055809,45,333,0,0
464.1139842097659,170,7680,1,1
464.1243128475704,34,23,0,0
464.126019347707,50,328,0,0
464.1870531395153,313,265,0,0
464.4561661634357,205,49,0,0
464.45833906293836,49,199,0,0
464.45978374620796,92,128,0,0
464.46035581263317,12,176,0,0
464.4747609404299,22,50,0,0
464.47595139293674,33,51,0,0
464.8875005720364,39,235,0,0
464.88962676085885,74,373,0,0
465.12837026943004,38,3520,0,1
465.1636456402734,500,376,0,0
465.1639689287428,31,587,0,0
465.1913654027972,7,62,0,0
465.71549429340257,15,766,0,0
465.8088227942161,19,298,0,0
465.8167326998429,1267,516,0,0
465.8306862412312,54,231,0,0
465.85418544708006,23,361,0,0
465.8799195550394,13,249,0,0
465.89529778298146,74,179,0,0
465.89859951025164,2897,89,0,0
465.9008309139841,1425,334,0,0
465.9011939415205,88,68,0,0
465.9208738608274,200,166,0,0
465.93427534643564,137,299,0,0
465.93644006005576,19,71,0,0
466.1406486656565,216,382,0,0
466.1453796438238,13,199,0,0
466.4366259202989,195,558,0,0
466.4458675826847,319,281,0,0
466.4514959473914,34,184,0,0
466.4965135660842,447,84,0,0
466.4985859069906,625,324,0,0
466.74245375131136,314,3000,0,1
467.28167761311903,526,1580,0,1
467.29467258718836,520,480,1,0
467.33740986819987,1791,764,0,0
467.3397975060518,507,324,0,0
467.3859260605618,254,767,0,0
467.5847753548265,29,29,0,0
467.59223993301407,11,90,0,0
467.6324342022929,15,278,0,0
467.66675569480964,618,238,0,0
467.6781287770142,9,300,0,0
468.2132372951421,109,34,0,0
470.3137129907155,223,669,0,0
470.3163608661226,97,172,0,0
470.38689412404256,15,151,0,0
470.3871934334282,11,450,0,0
470.40683747232384,10,195,0,0
470.4396610983533,13,487,0,0
470.45146347938646,13,201,0,0
470.47760120452955,48,438,0,0
470.51730632470975,9,478,0,0
470.896240456075,10,382,0,0
470.91322344849846,386,144,0,0
470.91691161668984,76,97,0,0
470.95776511204457,13,214,0,0
472.19834451800705,8,860,0,1
472.2064391797579,16,98,0,0
472.60610616008137,1556,225,0,0
472.6541640569897,20,116,0,0
472.6556630263749,51,208,0,0
472.6731858255204,16,178,0,0
472.68038254260773,63,306,0,0
472.75615464164827,16,240,0,0
472.7572057999006,16,308,0,0
472.7924068388759,242,326,0,0
472.815503430029,80,129,0,0
472.8156842361895,362,394,0,0
472.8293250286287,41,5620,0,1
472.8342760680885,8058,134,1,0
473.01567420654885,2602,260,0,0
473.0825664730762,996,179,0,0
473.19816943201783,10,66,0,0
473.22272253762486,1041,468,0,0
473.22526257810176,7,256,0,0
473.4435026500036,1403,772,0,0
473.53520465794907,36,397,0,0
473.55452002222427,10,34,0,0
473.5772470413493,177,116,0,0
473.7074393617219,7,122,0,0
473.8154267233746,149,261,0,0
473.83389270851427,59,289,0,0
473.84455702093936,13,34,0,0
474.0365453168397,29,341,0,0
474.0610333404159,16,511,0,0
474.0688048856884,1480,24,0,0
474.0904787264105,67,14,0,0
474.1001360743392,14,175,0,0
474.1376956882768,40,25,0,0
474.14668000523034,48,272,0,0
474.16672040229156,432,125,0,0
474.2263615952539,30,85,0,0
474.2358736635149,743,192,0,0
474.24250241969185,54,399,0,0
474.27504930313876,8,445,0,0
474.2783486656563,31,85,0,0
474.2898752208862,226,37,0,0
474.30128979965826,10,769,0,0
474.3308511572964,570,602,0,0
474.3619077327343,495,306,0,0
474.3764193399861,751,726,0,0
474.7809785146673,222,743,0,0
474.78411646103933,947,405,0,0
474.7970316536919,6,61,0,0
475.10771459220217,20,238,0,0
475.1171455734611,410,637,1,0
475.13356443082654,2385,298,0,0
475.1367428279871,19,462,0,0
475.1687950447447,7,137,0,0
475.51726067651776,34,234,0,0
475.5308667861283,1477,196,0,0
475.534500242821,1550,520,1,1
475.54847005131535,10,143,0,0
475.5494043330205,20,769,0,0
475.5535150742632,2070,268,0,0
477.8038654158876,38,352,0,0
477.80512436298744,6,323,0,0
477.80623938974884,11,45,0,0
477.8177935959049,17,309,0,0
477.8202019296558,1400,293,0,0
477.83251755299017,61,465,0,0
478.81467161029616,31,447,0,0
478.96480622770673,1807,193,0,0
478.9675149300191,3349,106,0,0
479.1333142475801,180,367,0,0
479.27249239317035,214,114,0,0
479.4862174647081,235,493,0,0
479.49346599699254,965,352,0,0
479.52918092434106,73,76,0,0
479.5377360867079,84,480,0,0
479.5870008949873,761,130,0,0
479.6192129709434,685,6160,0,1
479.87230618516946,42,34,0,0
479.93631086305646,107,161,0,0
479.94825762836257,822,768,0,0
479.9484444916135,13,233,0,0
479.99223190742543,8,121,0,0
480.05984265143223,14,315,0,0
480.192953356629,38,227,0,0
480.2183054324952,17,369,0,0
480.2489784618385,10,335,0,0
480.26793426969243,20,286,0,0
480.2810262954228,36,290,0,0
480.2817048538511,195,117,0,0
480.2869699037775,47,66,0,0
480.2966696709231,60,14,0,0
480.29735932158303,772,278,0,0
480.3107519323882,18,166,0,0
480.3131285460705,13,188,0,0
480.378027504452,18,637,0,0
480.4100419776846,33,40,0,0
480.4106856489731,73,424,0,0
480.4109577928317,107,6,0,0
480.47363633134654,4,7670,0,1
480.64613552105686,323,419,0,0
480.7386211673669,397,85,0,0
480.7391096236513,37,61,0,0
480.84163085555934,11,289,0,0
480.85348123045617,872,95,0,0
481.0024041272627,6,304,0,0
481.02891423846347,3971,271,0,0
481.0372214051449,310,199,1,0
481.0520970241408,14,351,0,0
481.138646235529,24,669,0,0
481.1847812838405,38,658,0,0
481.18573097957756,35,199,0,0
481.19766267985847,354,306,0,0
481.2583569984134,5,124,0,0
481.28957782040465,599,385,0,0
481.3066333017916,10,183,0,0
481.3263148414136,27,208,0,0
481.3273763859784,18,6,0,0
481.3288158476429,1540,380,0,0
481.3445243494536,48,126,0,0
481.3583203597467,11,16,0,0
481.3860580736103,41,4850,0,1
481.3894060313303,717,7020,0,1
481.39329381864064,30,140,0,0
481.39608518144775,78,450,0,0
481.4112814231402,286,5660,0,1
481.4326094156758,97,26,0,0
481.5124283844638,37,111,0,0
481.5956876267425,17,600,0,0
481.66351074671456,15,85,0,0
481.7364275038152,9,300,0,0
482.08836999138254,25,251,0,0
482.3518292705293,14,373,0,0
482.36729546267054,32,318,0,0
482.36833967719616,10,11,0,0
482.3767887176043,662,375,0,0
482.40248376633025,41,285,0,0
482.42523253455806,12,264,0,0
482.4304244608895,13,19,0,0
482.56435785274437,24,330,0,0
482.5651814108917,14,136,0,0
482.58506991888294,45,713,0,0
482.59902786426693,14,208,0,0
482.86325707335465,25,329,0,0
482.912111731744,1036,646,0,0
482.9171735172538,8,171,0,0
482.91816930185524,7,328,0,0
482.9217961767527,19,424,0,0
483.0177686129743,108,572,0,0
483.0271402451102,358,585,0,0
483.0821063439426,34,17,0,0
483.12802399736154,1231,112,0,0
483.14335644281266,6,5,0,0
483.3375233916588,169,431,0,0
483.3428263482297,6,91,0,0
483.3730885194213,58,7560,0,1
483.4993588540284,412,505,0,0
483.52471800468936,4,293,0,0
483.55334637916985,18,230,0,0
483.55833317059785,12,464,0,0
483.56097385359215,76,179,0,0
483.5866828742777,869,29,0,0
483.6139912604547,12,290,0,0
483.61905044168117,474,350,0,0
483.62667631769807,43,773,0,0
483.63947935058883,29,3780,0,1
483.67850121038333,39,337,0,0
483.9879994809533,19,76,0,0
484.0253360223236,12,316,0,0
484.04374727235864,517,635,0,0
485.15413285810143,4,170,0,0
485.15475100531296,163,577,0,0
485.20132061186854,30,68,0,0
485.21141478029887,10,197,0,0
485.2474446638069,127,676,0,0
486.02470604148215,5,8,0,0
486.02687164518807,560,71,1,0
486.0297429744177,412,270,0,0
486.056687639473,38,767,0,0
486.37501919877474,109,341,0,0
486.38869713974066,90,2250,1,1
486.41638923790197,21,13,0,0
486.4436222044788,252,278,0,0
486.44648128243847,5,311,0,0
486.4783753871703,566,29,0,0
486.48719381335167,10,137,0,0
486.503917715646,19,117,0,0
486.5339789525809,4,203,0,0
486.53479375139375,53,435,0,0
486.5498771773916,135,7670,0,1
486.55976074762737,220,146,0,0
486.5713800530436,306,164,0,0
486.57766254014416,330,592,0,0
486.6294684338781,14,136,0,0
487.6335934909594,11,91,0,0
487.64909277488596,9,304,0,0
487.97474959298887,34,664,0,0
487.9870772722482,34,424,0,0
488.01635308680153,10,16,0,0
488.16022012176956,113,529,0,0
488.16998564140704,7925,267,1,0
488.18436418851763,231,343,0,0
488.186432657185,543,699,0,0
488.6950984935651,1482,4,0,0
488.6959686345782,34,608,0,0
488.7263432410987,2760,110,0,0
488.73906634899424,127,14,0,0
488.76441244569145,6,54,0,0
488.76707539574164,116,292,0,0
488.7903135359579,11,163,0,0
488.84290913427117,728,124,0,0
488.84771816238714,655,638,0,0
488.85171791229584,3800,367,1,0
488.930666941392,14,280,0,0
488.9877944476248,13,22,0,0
489.03100075173205,9,478,0,0
489.1617647869918,18,131,0,0
489.18541161754496,8,266,0,0
489.1937953045782,8,337,0,0
489.201380136565,9,428,0,0
489.2940195028789,1259,234,0,0
489.296517195517,570,38,1,0
489.31101895149465,621,93,0,0
489.3120386230792,30,767,0,0
489.32053066212734,14,215,0,0
489.57795256949953,12,244,0,0
489.6285193221631,19,405,0,0
489.63885219863454,137,714,0,0
489.6405337250528,21,167,0,0
489.6423598114826,55,710,0,0
489.64450784189046,551,146,0,0
489.66628086232424,127,366,0,0
489.66959041905506,13,320,0,0
489.7364630805377,16,625,0,0
489.73830137208125,560,18,0,0
490.9579556985473,21,203,0,0
490.98619509055675,1017,642,0,0
491.05733481524703,24,157,0,0
491.1030213625489,14,217,0,0
491.10843724494794,25,107,0,0
491.11297103585036,200,486,1,0
491.11617369982287,12,195,0,0
491.1230457657763,7,150,0,0
492.55946982523847,38,535,0,0
492.5834622058718,316,74,0,0
492.64604557940015,1347,31,0,0
492.6492345310658,63,704,0,0
492.6576994415335,13,317,0,0
492.66545814911456,1855,411,0,0
492.6657584612826,8,141,0,0
492.66584452513234,40,240,0,0
492.67089835894257,28,770,0,0
492.6740181161638,143,299,0,0
492.67491392615534,7876,316,1,0
492.84132559828373,13,122,0,0
493.1241717410126,13,217,0,0
493.12510839170466,24,277,0,0
493.3110794845646,13,549,0,0
493.3421366504369,230,176,1,0
493.3440093326885,36,343,0,0
493.34475869610776,321,767,0,0
493.3574668787533,156,476,0,0
493.3588429388205,80,261,1,0
493.38463859381056,303,471,0,0
493.5070461841089,19,314,0,0
493.5491531194884,114,684,0,0
498.1208913496344,12,311,0,0
498.2153309773471,6,303,0,0
498.3647893354253,18,230,0,0
498.4421779142405,10,141,0,0
498.47955582229645,257,359,0,0
498.5039188206261,20,126,0,0
498.5439824822031,93,186,0,0
498.54701733082624,4,401,0,0
499.3690201517945,9,42,0,0
499.37283798836495,44,35,0,0
499.94098428409785,41,449,0,0
499.979082209394,24,301,0,0
500.12011936870425,17,645,0,0
500.12214382379807,13,307,0,0
500.1246372115098,14,101,0,0
500.5616584364268,11,273,0,0
500.6083800028998,16,49,0,0
500.6117572027595,11,101,0,0
500.6139086576291,75,8,0,0
500.61759923641057,7,267,0,0
500.62264802537373,87,16,0,0
500.75824117612154,27,236,0,0
501.4503212408912,787,65,0,0
501.53165424871634,86,445,0,0
501.6759695876852,106,313,0,0
501.75546558675137,14,226,0,0
501.75963836316623,34,499,0,0
501.7893092965152,364,394,0,0
501.8492343628847,21,298,0,0
501.98298120731255,60,31,0,0
501.99099494948314,18,307,0,0
502.064782433324,37,184,0,0
502.81312784084685,43,374,0,0
504.43250741394843,152,213,0,0
504.5714592948095,279,424,0,0
504.57301200296007,41,238,0,0
504.5826732714356,350,444,0,0
504.6745083425405,174,524,0,0
504.6788007803033,22,479,0,0
504.68743862395064,61,249,0,0
504.78320033068337,31,494,0,0
504.78410012332415,3086,462,0,0
505.208536403878,9,1210,0,1
505.23263101151423,124,4490,0,1
505.2473316669541,13,156,0,0
505.25892941633543,84,190,0,0
505.2638784496086,18,344,0,0
505.7916928739798,28,387,0,0
505.8931367284668,8,330,0,0
505.908560099623,2651,73,0,0
506.0882804035592,232,139,0,0
506.1333366375882,363,114,0,0
506.14618800606104,14,436,0,0
506.15187611170717,65,350,0,0
506.3545061295312,73,233,0,0
506.35977670082985,7,63,0,0
506.36724779205633,10,363,0,0
506.36903748477965,15,264,0,0
506.3827546087619,14,236,0,0
506.38333972320623,977,68,0,0
506.3866823758044,37,271,0,0
506.41904052760987,36,172,0,0
506.48407313212863,113,108,0,0
508.8202684623422,85,655,0,0
508.83272183808896,19,65,0,0
508.83848040399727,7,185,0,0
508.8434640717305,117,130,0,0
508.9680642242468,17,29,0,0
508.98955649834994,34,70,0,0
508.9926272869174,14,131,0,0
509.03410228788726,1047,770,0,0
509.0538382013831,33,730,0,1
509.0758616965111,25,161,0,0
509.08529370739234,23,620,0,0
509.30958606022716,4,158,0,0
509.3255025310745,375,41,0,0
509.3823594301058,291,220,0,0
509.39845415329364,20,759,0,0
510.0098232242022,10,450,0,0
510.01757190055383,6,398,0,0
510.09820794398087,31,108,0,0
510.0988904588958,126,208,0,0
510.461934449111,25,8,0,0
510.46323836715464,10,2130,0,1
510.4670975414399,2889,471,0,0
510.47930087714224,296,313,0,0
510.54195677255586,83,115,0,0
510.5479342172425,71,122,0,0
510.6534677597838,13,88,0,0
510.7070385498484,23,7670,0,1
510.82952529448835,10,48,0,0
510.8307853700323,2664,59,0,0
510.8361903254075,33,150,0,0
510.84024511876737,10,258,0,0
510.86491262969713,54,207,0,0
510.88360208531867,15,416,0,0
510.9272579528457,10,203,0,0
510.9675734067218,13,113,0,0
511.1500089083666,940,166,0,0
511.1562719586768,862,119,0,0
511.15836789964345,70,4,1,0
511.2063218790597,1315,743,0,0
511.26986126158187,8,224,0,0
511.31554927146937,20,51,0,0
511.3219727450886,56,67,0,0
511.32205529498833,163,121,0,0
511.5388078312772,12,130,0,0
511.5724604362614,2610,449,1,0
512.910775402095,135,17,0,0
512.9183330811745,11,360,0,0
512.9267711249904,13,304,0,0
512.926909131634,14,260,0,0
512.9288433858563,3021,211,0,0
512.9378812330698,9,308,0,0
512.952519637001,18,244,0,0
513.5880641472578,34,608,0,0
514.7630431553252,7,297,0,0
514.7675489480687,71,193,0,0
514.8483594561624,6,80,0,0
515.0685951201319,48,47,0,0
515.1329284601653,22,307,0,0
515.2607334132864,5,596,0,0
518.3148435780763,410,252,0,0
518.3553922589407,2474,29,0,0
518.4010725210547,26,244,0,0
518.4161983932686,524,121,0,0
518.448769034056,56,330,0,0
518.4741211354241,60,83,1,0
518.4848147958949,14,194,0,0
518.4989361020184,1571,28,0,0
518.5054239337999,41,388,0,0
518.5126289376759,42,57,0,0
518.515063535058,218,370,0,0
518.5492822164099,13,259,0,0
518.5745865322614,7,495,0,0
518.5751208596827,33,504,0,0
518.7470713288684,93,94,0,0
518.9995423553901,319,118,0,0
519.1095217476052,42,49,0,0
519.168047998986,46,1980,0,1
519.2148850526544,210,148,0,0
519.251333667249,15,164,0,0
519.2578852222201,32,237,0,0
519.2697416990741,46,15,0,0
519.2730626325566,128,72,0,0
519.2785677496493,821,417,0,0
519.2794576057217,16,521,0,0
519.303180609666,107,152,0,0
519.3344515471506,48,334,0,0
520.2224180558417,10,304,0,0
520.2730366150998,42,301,0,0
520.3283820338629,65,760,0,1
520.3334549661952,61,389,0,0
520.3512752323111,27,26,0,0
520.3535114958656,2954,148,0,0
520.3950362585148,14,483,0,0
533.0405980140758,29,114,0,0
533.0519787653216,125,596,0,0
533.0521933061775,116,633,0,0
533.4678985405736,59,11,0,0
533.6395803908213,9,89,0,0
533.642678439032,11,333,0,0
533.6830692378835,105,596,0,0
533.6891709677143,298,106,0,0
533.7808186168224,160,451,0,0
533.7835503571266,592,318,0,0
533.8116956041944,13,325,0,0
534.069446989959,75,767,0,0
534.1069915608923,12,203,0,0
534.2532878958732,47,42,0,0
534.3351227225982,754,170,0,0
534.3505352094637,15,327,0,0
534.375542398685,21,309,0,0
534.3890520396936,8,152,0,0
534.4540342502793,5,144,0,0
534.4965958234222,9,217,0,0
534.7910230563424,9,292,0,0
534.8330047160619,104,487,0,0
534.8609865038312,90,705,0,0
534.8713738018705,10,258,0,0
534.8921864984624,2911,20,0,0
534.9326805426582,1510,361,0,0
535.2281038882015,1399,116,0,0
535.3468051246114,194,137,0,0
536.355808140579,19,209,0,0
536.3641130958283,10,151,0,0
536.373575644416,134,382,0,0
536.3794047458931,15,376,0,0
536.4738691174905,17,301,0,0
536.4826291741149,3750,200,0,0
536.7015940073178,1765,770,0,0
536.7576196907784,7,352,0,0
536.7579366041429,19,379,0,0
538.2215392629628,1092,111,0,0
538.241950297348,57,31,0,0
538.2496574505233,56,108,0,0
538.3359523579359,261,121,0,0
538.3395887476331,17,325,0,0
538.3571384852607,7,233,0,0
538.3626442908453,55,638,0,0
538.3644904780518,361,287,0,0
538.3658071591643,70,9,0,0
538.4322036124425,314,416,0,0
538.4511168598104,8,53,0,0
538.4705991828306,8,66,0,0
538.4804980741386,50,174,0,0
538.4834544414297,46,227,0,0
538.5112716320228,10,286,0,0
538.5259057711106,160,336,1,0
538.8456376441086,338,335,0,0
538.8516977348878,19,45,0,0
538.8836765565475,377,721,0,0
538.8869092291329,18,325,0,0
538.9025305962674,11,135,0,0
538.906211654858,100,154,0,0
542.900954838397,8,102,0,0
543.1281214833882,23,45,0,0
543.1517596910155,57,462,0,0
543.355165860322,22,129,0,0
543.9276638854466,10,265,0,0
544.047530719057,130,273,1,0
544.0478482542803,28,426,0,0
544.2155452521889,5,280,0,0
544.2373362623705,80,356,0,0
544.2495370098017,30,90,0,0
544.3609208542358,23,260,0,1
544.3876971742571,260,8,1,0
544.3884381889236,437,33,0,0
544.3914906738873,8,514,0,0
544.4016174649696,20,348,0,0
544.4844613910079,21,184,0,0
544.5259278037242,21,398,0,0
544.526125829282,52,282,0,0
544.5345849162194,11,701,0,0
544.5353597236181,63,264,0,0
544.5356474908031,7,182,0,0
544.5365918248912,20,576,0,0
544.5381698423181,204,272,0,0
544.5425933681084,20,219,0,0
544.5550380956338,9,62,0,0
544.9933694915546,39,206,0,0
545.0545133836323,72,269,0,0
545.1361993850953,21,153,0,0
545.1609632653983,169,2900,0,1
545.416528864713,11,280,0,0
553.6036759821126,12,271,0,0
553.7397395153635,62,9,0,0
553.7479568016657,11,149,0,0
553.7517767692505,24,384,0,0
553.7651707616677,12,233,0,0
553.895914480539,8,238,0,0
553.9020733988491,21,27,0,0
553.903611581477,305,93,0,0
553.9518722590734,14,116,0,0
556.0026081262995,32,327,0,0
556.0199839254195,124,719,0,0
556.0786877747192,54,208,0,0
556.1226371472037,239,467,0,0
556.136380899052,34,180,0,0
556.1854839376762,5,97,0,0
556.6086577452221,7,268,0,0
556.6155756079373,127,379,0,0
556.7102676846367,17,62,0,0
556.83864218894,522,7670,1,1
556.9821071449489,7,102,0,0
557.0074909328044,9,12,0,0
557.0076066955085,13,82,0,0
557.1048352161944,11,450,0,1
557.163027027652,109,125,0,0
557.1860543713196,999,272,0,0
557.1933480010985,16,101,0,0
557.1974105232483,133,160,0,0
557.2573366933627,1498,549,0,0
557.3906951212329,7,349,0,0
557.3968976048182,8,77,0,0
557.4038170281651,104,160,0,0
557.4234096753524,11,189,0,0
557.4287531590853,80,43,1,0
557.4484444776748,268,1410,0,1
557.6218538784145,28,226,0,0
557.6488952236729,216,89,0,0
557.6624134553797,757,487,0,0
557.7354445524519,1127,776,0,0
557.7358361390051,7637,555,1,0
557.7374062917335,14,3210,0,1
557.7946433528462,199,769,0,0
557.8934477764177,22,225,0,0
557.8964704703085,8,217,0,0
558.7398391945057,60,153,0,0
559.4744203872821,70,227,0,0
559.4997366017051,93,402,0,0
559.7388000766293,135,684,0,0
559.8613745501171,310,59,1,0
559.8631463610649,8,119,0,0
559.9236385037882,14,394,0,0
559.9354121499134,12,236,0,0
559.9515358315286,166,710,0,0
559.9676823974238,10,384,0,0
559.9680634934201,7,215,0,0
559.9896991167923,6,280,0,0
560.9604684180833,70,21,1,0
560.9706806778755,21,1050,0,1
561.112555592815,140,111,1,0
561.1131774580069,9,95,0,0
561.2334101999261,2179,632,0,0
561.2372296397341,306,134,0,0
561.2895158879213,62,23,0,0
561.4090774148317,11,767,0,0
561.4099321287782,901,155,0,0
561.4197215284623,9,117,0,0
561.5214867978729,12,66,0,0
561.5609427998548,12,11,0,0
561.5612145510554,125,428,0,0
561.5850207642452,21,333,0,0
561.5860137143816,5,23,0,0
561.6020053228561,29,609,0,0
561.6025844124514,22,257,0,0
561.6027530918886,16,165,0,0
561.6253277070292,204,183,0,0
561.6270836615362,100,98,0,0
561.7169394593838,45,209,0,0
561.764338444241,33,224,0,0
561.7820691602512,39,297,0,0
561.899689465995,857,188,0,0
561.909290757842,489,267,0,0
561.9742012734248,203,427,0,0
561.9896005046838,3620,50,1,0
561.9896924725128,69,626,0,0
562.0070361960873,25,255,0,0
562.0078291927234,10,270,0,0
562.0138890856438,7,1040,0,1
562.117884720879,839,434,0,0
562.11976784102,53,635,0,0
562.2014330728107,58,299,0,0
562.2968178614232,16,237,0,0
563.1639413992463,536,2320,0,1
563.2379105575519,21,215,0,0
563.239195045338,36,34,0,0
563.2518843533609,9,311,0,0
563.2527337725825,14,122,0,0
563.2687728528316,177,121,0,0
563.2784007715412,832,686,0,0
563.5104350387296,2421,314,0,0
563.5218593194314,1165,164,0,0
563.5245556109603,11,243,0,0
563.5274928363621,25,406,0,0
563.5352929823059,18,287,0,0
563.5364309050523,17,767,0,0
563.5459631498009,15,365,0,0
563.5562569992264,22,404,0,0
563.5625535648684,11,134,0,0
563.5642762521724,393,509,0,0
563.5735992287443,380,119,0,0
563.5915119129545,32,34,0,0
563.6760576544201,16,607,0,0
563.6872519592773,18,60,0,0
563.7791042037136,30,767,0,0
563.7797082864961,313,405,0,0
563.8803600433491,5,26,0,0
563.8805948593083,7,81,0,0
563.8822894701404,77,515,0,0
563.9005056353991,11,540,0,0
563.9110030196542,100,158,1,0
564.0024744024478,81,286,0,0
564.0652665205457,16,511,0,0
564.1211516497981,10,616,0,0
564.1350039046052,86,29,0,0
564.1392095462433,276,224,0,0
564.2077316022016,57,409,0,0
564.2234285540346,2630,33,1,0
564.2500753858474,208,241,0,0
564.276437916241,26,105,0,0
564.2958022701138,28,151,0,0
564.3379248849092,15,614,0,0
564.37533963237,85,361,0,0
564.3838490767495,11,304,0,0
564.385190557751,13,71,0,0
564.4159861209299,10,144,0,0
564.4227697081367,9,1470,0,1
564.4309440058555,28,267,0,0
564.4598688053127,16,210,0,0
564.4633772050636,56,283,0,0
564.4747063534053,12,390,0,0
564.4897659669202,19,572,0,0
564.5915969300942,46,354,0,0
565.9808526389467,1044,64,0,0
565.996653850594,909,22,0,0
566.0302764203368,18,327,0,0
566.0399382436188,256,331,0,0
566.2692814418805,49,28,0,0
566.300444393653,21,173,0,0
566.4471004774218,44,667,0,0
566.8572572504439,1002,87,0,0
568.4036712093447,72,619,0,0
568.4210903050711,9,191,0,0
568.4229990059468,18,360,0,0
568.4426492435286,10,187,0,0
568.4433242914225,454,509,0,0
581.8707060514753,10,308,0,0
581.892312006631,30,52,0,0
581.9014538916967,11,431,0,0
582.2695008605374,571,655,0,0
582.2789759131792,52,130,0,0
582.5162516579243,6,111,0,0
582.5176501538758,134,282,0,0
582.5183048984411,19,95,0,0
582.5601726937145,9,542,0,0
582.5612033593869,21,277,0,0
582.56285135076,96,474,0,0
582.7092956790357,11,306,0,0
582.7146545899984,43,710,0,0
582.7297109047902,6,47,0,0
582.7370188977224,1575,192,0,0
582.8915463318373,76,40,0,0
582.9089565761053,28,582,0,0
582.9199592119826,1702,42,0,0
582.925869365473,49,1780,0,1
582.9623946200638,28,387,0,0
583.0415003888203,22,467,0,0
583.0426059632605,15,76,0,0
583.1524382447285,11,30,0,0
583.1646643373131,15,296,0,0
583.1971342234586,25,384,0,0
583.2710637123577,59,365,0,0
583.2777511890775,1459,236,0,0
583.2781079131582,465,469,0,0
583.278771237331,16,81,0,0
583.4081513661864,9,333,0,0
583.6412821311707,12,154,0,0
591.6069836894673,24,286,0,0
591.6182675535207,10,195,0,0
591.7085734417743,1248,588,0,0
591.721241007277,12,171,0,0
591.7241366652249,35,270,0,0
591.8128177858251,6,128,0,0
591.8482112894933,73,295,0,0
591.8939654503761,4160,274,1,0
591.9180505243033,16,461,0,0
591.9933719132215,7,26,0,0
592.0095120557413,13,240,0,0
592.1319878764484,8,343,0,0
592.1428456114786,11,115,0,0
592.1482031084961,8,35,0,0
592.6807254167564,56,193,0,0
593.3655427353843,1714,3450,0,1
593.4828683014796,20,5380,0,1
593.4856334274731,12,143,0,0
593.4948925052609,21,64,0,0
593.4950122076355,33,443,0,0
593.4958224398054,12,111,0,0
595.0688252271464,881,43,0,0
595.0692207262209,15,539,0,0
595.1088811769077,53,295,0,0
595.1966992545335,625,140,0,0
595.2009789970706,152,773,0,0
595.2889210303948,21,228,0,0
595.29405261019,5,212,0,0
595.4291947399538,69,626,0,0
595.460543111597,12,101,0,0
595.4814277194291,288,377,0,0
595.5002515358908,116,246,0,0
595.7391687640755,30,357,0,0
595.7407812277792,51,282,0,0
595.7470285902626,106,203,0,0
595.7478977588432,31,81,0,0
595.7588430369086,12,98,0,0
595.7834911563821,118,175,0,0
595.7924358099434,14,2750,0,1
595.817018123895,24,767,0,0
595.8250269662952,84,69,0,0
596.4912215076299,18,152,0,0
596.5778944956077,38,203,0,0
596.5925052762047,12,131,0,0
596.6246710348121,377,274,0,0
596.6338339528896,15,206,0,0
596.8196872491698,124,140,0,0
596.8205452992003,732,418,0,0
596.8213600637883,21,406,0,0
596.8222088751209,31,152,0,0
596.9565108232006,18,494,0,0
600.6101342327275,8,99,0,0
600.8719228979915,39,375,0,0
600.8801776205993,121,3640,0,1
600.9026983370354,9,55,0,0
600.9556539973254,240,302,0,0
600.9666975560498,8,84,0,0
600.9758451946519,9,103,0,0
601.0588387830669,43,2550,0,1
601.0621459937458,11,289,0,0
601.0621848585083,1739,9,0,0
601.9266004510297,10,329,0,0
602.1041281853709,42,243,0,0
602.1104110038846,20,111,0,0
602.8461224865233,16,237,0,0
602.849215945538,17,327,0,0
602.8732251130449,1426,767,0,0
602.8859430966127,351,469,0,0
602.9150870345001,7,161,0,0
602.9166809647896,9,45,0,0
602.958017073613,216,2610,0,1
603.0565769119345,16,324,0,0
603.0666255647633,2277,328,0,0
603.0952408171883,13,98,0,0
603.150313452093,52,96,0,0
603.2331396928655,21,281,0,0
603.2603047499368,80,23,1,0
603.3095755854515,4,440,0,1
603.3258303417607,53,239,0,0
603.3314296133058,23,19,0,0
603.3315034823753,46,766,0,0
603.8050694370891,45,229,0,0
603.8204831617334,60,1740,1,1
603.8705897527457,25,321,0,0
603.9660306696821,1987,381,0,0
603.9719251389375,1199,124,0,0
604.0422254772723,145,55,0,0
604.0514621654949,109,598,0,0
604.067983849804,13,681,0,0
604.0684382677753,6,21,0,0
604.1308887782943,689,48,0,0
604.1661781188725,75,145,0,0
604.1673105731045,20,5930,0,1
604.2586148108064,45,221,0,0
604.358097802305,53,217,0,0
604.3663484506931,11,150,0,0
604.3674508146953,34,1830,0,1
604.3865537669465,65,265,0,0
604.3879821160112,15,260,0,0
604.4199845445993,17,253,0,0
604.4765797191404,1831,31,0,0
604.4792247105935,26,240,0,0
604.6047539276032,35,328,0,0
604.6062547487107,6,162,0,0
604.861322708203,11,18,0,0
604.9406444334746,17,293,0,0
604.9518720596307,15,399,0,0
605.057414524512,47,414,0,0
605.1438749123262,12,234,0,0
606.2355054286921,4868,122,0,0
606.2734638328892,7,96,0,0
606.2822168452226,112,234,0,0
606.606995774868,10,202,0,0
606.612895477068,15,108,0,0
606.615878548525,8,355,0,0
606.6217637409076,13,291,0,0
606.6264322760675,2036,341,0,0
606.6296906339305,7,320,0,0
606.6298563877313,20,372,0,0
607.0349426085679,20,329,0,0
607.0433581113357,151,320,0,0
607.0751817352259,17,75,0,0
607.1431609555335,648,369,0,0
607.1938366665629,63,242,0,0
607.1953730583461,9,280,0,0
607.1984431762854,89,160,0,0
607.3339236326914,40,218,1,0
607.3422337778129,7827,365,1,0
607.3567222007907,10,195,0,0
607.4131415864523,16,373,0,0
607.4583791521076,2088,426,0,0
607.46959947514,13,121,0,0
607.5889443108812,91,4,0,0
607.5922154402077,28,282,0,0
607.5931070147121,437,780,0,0
607.5983042653804,93,10,0,0
607.6857220708017,1350,305,1,0
607.700927190019,11,380,0,0
607.7052348857267,39,309,0,0
607.7144960632459,4,80,0,0
607.7221909849895,362,67,0,0
607.906314591716,12,275,0,0
607.9191839037302,51,57,0,0
608.3678120095717,150,125,0,0
608.3688315814837,186,453,0,0
608.374578625388,120,147,0,0
608.4103877956213,12,251,0,0
608.4300657803312,916,772,0,0
608.4304783545174,8,222,0,0
608.7581124860781,63,50,0,0
608.7833845787143,2627,224,0,0
608.7882580341485,114,409,0,0
608.7895043128989,10,246,0,0
608.8058180957557,22,227,0,0
608.8440722772834,21,124,0,0
608.8684333431254,1735,241,0,0
608.8848442911899,8,95,0,0
608.8906544236901,12,143,0,0
609.0524072486866,97,5640,0,1
609.0991707540858,6,167,0,0
609.1338935238263,38,174,0,0
609.1504242777987,422,7770,0,1
609.1886854784805,134,616,0,0
609.2634319117409,46,696,0,0
609.4405747990322,14,265,0,0
609.4503834094089,2773,51,0,0
609.456595765539,90,176,0,0
609.4589364449728,34,218,0,0
609.4608085001352,23,456,0,0
609.5888518991228,25,373,0,0
610.4002776913545,6,193,0,0
610.4192077329213,29,42,0,0
610.4260565645966,27,201,0,0
610.5542748818913,8,39,0,0
611.9609164666267,570,35,0,0
611.9652572500638,98,565,0,0
612.0028300055245,9,187,0,0
612.0075222233409,264,575,0,0
612.033674108633,90,58,1,0
612.0359690596763,11,220,0,0
612.0380617234579,31,515,0,0
612.0406514272019,7,35,0,0
612.110736179572,65,32,0,0
612.1282823043907,20,633,0,0
612.1468622718534,8,174,0,0
612.1670861254415,27,272,0,0
612.1790385515668,533,747,0,0
612.200143635407,164,205,0,0
612.212027811855,144,765,0,0
612.4595125805924,27,383,0,0
612.7250922992508,22,275,0,0
612.7757851937175,107,246,0,0
612.973322030317,5,267,0,0
613.0101541326197,16,4,0,0
613.0209581354451,20,9,0,0
613.0396319666619,32,289,0,0
613.0732349973887,1411,760,0,0
613.0774634880316,33,246,0,0
613.0783982203048,2520,25,0,0
613.1287352021311,5,27,0,0
613.2212610001209,49,112,0,0
613.2226296333326,8,305,0,0
613.9676107823962,33,95,0,0
613.9727059892498,8,120,0,0
613.99769950592,673,391,0,0
614.0056466283614,33,43,0,0
614.0087418956696,90,217,1,0
614.0447005902026,1393,155,0,0
614.0484403897025,21,100,0,0
614.0988491767166,19,26,0,0
614.1283322052861,14,357,0,0
614.1402597446579,170,561,1,0
614.2973025852905,9,288,0,0
614.3642788967398,41,150,0,0
614.3816168086239,19,298,0,0
614.4012619476661,6,254,0,0
614.4222074008139,31,314,0,0
614.4764589569838,1942,58,0,0
614.4794005274794,44,105,0,0
614.4808206129002,8,19,0,0
614.5103186852133,36,130,0,0
614.5225025305374,36,246,0,0
614.5861240091915,25,227,0,0
614.5989208023099,96,27,0,0
614.6123931780361,24,21,0,0
614.6480203218713,952,223,0,0
614.7144637682555,230,323,0,0
614.777213935329,13,404,0,0
614.8280488755877,28,50,0,0
614.8729206995015,12,247,0,0
614.8740212150024,47,337,0,0
615.199038767334,7,436,0,0
615.2232818277345,1021,149,0,0
615.2376966747145,8,207,0,0
615.2388208949211,17,358,0,0
615.2587536621759,44,184,0,0
615.2912697050087,120,379,0,0
615.3311025766917,28,254,0,0
615.3824742541059,870,227,0,0
615.3832486003754,79,228,0,0
615.3842713693759,58,299,0,0
618.4194036340555,918,138,0,0
618.4204466703858,15,417,0,0
618.4480635228161,9,185,0,0
618.4860629209492,11,234,0,0
618.498689948265,11,497,0,0
618.4990471892824,18,204,0,0
618.5035757715564,415,27,0,0
618.5183083876676,86,211,0,0
618.5183984303001,99,670,0,0
618.5747843404652,8,42,0,0
618.5974922863436,60,330,0,0
618.6029007194654,17,767,0,0
618.6049902002886,10,149,0,0
618.6070522017543,9,320,0,0
618.830659057316,9,16,0,0
618.9454543245209,35,63,0,0
619.0082109168535,13,235,0,0
619.0803195730953,1326,96,0,0
619.0814290845962,54,63,0,0
619.1095460496083,10,483,0,0
619.1240410347775,8040,152,1,0
619.1424231229596,450,534,1,0
619.1455210965893,240,525,1,0
619.1610499695124,13,183,0,0
619.1641522332577,94,47,0,0
619.2452100936464,17,431,0,0
619.2578312669879,9,457,0,0
619.4155820021464,7,140,0,0
619.4416994341179,51,60,0,0
619.4517659760174,476,250,0,0
619.5412025816792,659,249,0,0
619.6644165243239,76,251,0,0
619.6787519738511,188,767,0,0
619.7160029607433,10,183,0,0
619.7241219348583,12,237,0,0
619.7488528141396,73,389,0,0
619.7607441997378,1274,650,0,0
619.805681931041,4685,122,0,0
619.8103799970195,73,20,0,0
619.8112787433238,219,161,0,0
619.8318301067815,95,365,0,0
619.8340967035907,21,148,0,0
619.8373947529358,105,387,0,0
619.838094181913,93,3500,0,1
620.1426314083882,22,27,0,0
620.1581947010682,330,40,1,0
620.1712410115417,12,273,0,0
620.175248030063,1059,5,0,0
620.1914590635043,10,377,0,0
620.197279355497,446,486,0,0
620.2072453274861,80,691,0,0
620.3722880839985,31,12,0,0
620.9403839691385,157,233,0,0
620.9404993898461,132,237,0,0
620.9422249893696,19,117,0,0
620.9494304419359,11,518,0,0
620.9515475447532,42,357,0,0
620.9586782503313,18,131,0,0
620.9745524721375,9,196,0,0
620.9944905753293,404,204,0,0
620.9969325363893,234,724,0,0
620.997682208854,20,236,0,0
620.99779776548,107,194,0,0
621.0358503239534,7,215,0,0
621.2041177220501,12,56,0,0
621.4526158418757,13,337,0,0
621.4618096430753,4,17,0,0
621.4627618434444,364,236,0,0
621.4633262851922,34,365,0,0
621.5863677211995,152,440,0,0
621.6018340222696,11,280,0,0
623.7137779812082,7,353,0,0
623.7992656021861,196,420,0,0
623.808931579316,22,219,0,0
623.9827812434593,160,276,1,0
623.9935560168656,1354,2550,0,1
624.0132325222539,8,43,0,0
624.018009788826,156,760,0,0
624.0709614295283,64,213,0,0
624.0742611951057,719,421,0,0
624.0836152167393,18,769,0,0
624.089247278873,454,480,0,0
624.1465225754722,24,408,0,0
624.2240719876061,890,42,0,0
624.2355776422845,15,174,0,0
624.2737750173488,14,257,0,0
624.2748996684026,64,616,0,0
624.2799832171362,75,265,0,0
624.2827762581278,68,247,0,0
624.2829066587908,11,101,0,0
624.2839455407469,76,176,0,0
624.2914561216639,62,313,0,0
624.3043684250293,9,240,0,0
624.334224056579,5,407,0,0
624.8385588176299,16,32,0,0
624.8584254000814,51,504,0,0
625.0364302754375,184,381,0,0
625.0507852476958,176,134,0,0
625.059104550387,15,137,0,0
625.0744782878919,107,104,0,0
625.0752297820513,19,160,0,0
625.0784375266899,21,340,0,0
625.0836530279123,933,676,0,0
625.1704066414117,794,345,0,0
625.2007497700428,10,246,0,0
625.2286994742396,9,181,0,0
625.2327328407367,1160,345,0,0
625.2515702714294,10,109,0,0
625.2537120510282,56,379,0,0
631.7555940884938,25,323,0,0
631.7714282761043,1633,437,0,0
631.771852349059,177,219,0,0
631.8443069950273,18,688,0,0
631.8493727929798,114,287,0,0
631.9711936398031,1369,100,0,0
631.9841158175872,21,188,0,0
631.9856556683867,28,267,0,0
632.047952354057,33,380,0,0
632.0554213119946,138,544,0,0
635.205653006131,3308,234,0,0
635.4804536833508,433,471,0,0
635.4815710637273,18,66,0,0
635.6151356303992,145,652,0,0
635.6154887804894,7,35,0,0
635.637067975335,15,400,0,0
635.6524311097791,19,620,0,1
635.7308408364526,7,148,0,0
635.7369382063308,17,132,0,0
635.7420320659493,26,3020,0,1
635.7460659768931,10,326,0,0
635.8283914003125,396,212,0,0
635.8676368923591,14,71,0,0
635.922619209835,14,37,0,0
635.9611631264258,7,258,0,0
635.9728631352792,25,321,0,0
636.3614820275374,35,43,0,0
636.3657034377691,16,331,0,0
636.7249042024368,10,140,0,1
636.903544339596,3339,461,0,0
636.9058229634626,255,334,0,0
636.9633041518429,802,370,0,0
637.0288653335184,34,294,0,0
637.1040427209374,28,194,0,0
637.1061694657609,9,98,0,0
637.2159498499075,179,442,0,0
637.2660253402563,117,130,0,0
637.2668703532571,4,139,0,0
637.2748986140722,20,261,0,0
637.3734768090201,15,192,0,0
637.3811048095868,20,476,0,0
637.4244776480093,7,182,0,0
637.4322410096718,35,71,0,0
637.4350444072353,44,82,0,0
637.4499961604574,339,108,0,0
637.4948774054852,165,203,0,0
637.5034472810667,17,56,0,0
637.5049673393702,11,462,0,0
637.5055304080888,681,279,0,0
637.5747453336609,24,310,0,0
637.6110776211925,115,77,0,0
637.9054857104744,61,625,0,0
637.9260709797121,9,38,0,0
638.2075032365498,994,356,0,0
638.2130897958317,7,109,0,0
638.3277796638637,10,660,0,1
638.3285092589553,67,114,0,0
638.328676195332,100,1890,0,1
638.3627490503685,11,646,0,0
638.3663614800113,1154,241,0,0
638.3808054912959,17,777,0,0
638.3925269603029,23,85,0,0
638.3941934823501,707,258,0,0
638.4040465711843,35,273,0,0
638.4051920173669,149,337,0,0
638.4163062802933,9,447,0,0
638.4186335168384,174,213,0,0
638.4370696919052,17,112,0,0
638.4457909922569,420,52,1,0
638.8048758328814,309,89,0,0
638.8169568688388,216,214,0,0
639.3974627840123,70,514,0,0
639.4028825667297,6,40,0,0
639.5019249591894,69,120,0,0
639.5805991817472,777,622,0,0
639.5911169221291,172,243,0,0
639.6576721180014,13,235,0,0
639.6628935753206,7,140,0,0
639.6751615496652,23,516,0,0
639.755864979879,8088,104,1,0
639.7738733421924,28,139,0,0
639.7741125352454,31,32,0,0
639.7769579477522,49,151,0,0
640.150169718257,13,4130,0,1
640.2030808667405,10,360,0,0
640.2282657695076,6,56,0,0
640.2362123995152,250,8,1,0
640.2453550312596,37,328,0,0
640.2470801983401,5,223,0,0
640.326603967094,550,253,1,0
640.3574659551832,12,412,0,0
640.6630258180498,54,229,0,0
640.8292159236721,8,220,0,0
640.8434513344508,18,257,0,0
640.8639752734191,25,170,0,0
640.8775731391038,8,130,0,0
640.9222614951043,7,65,0,0
640.9296471008576,21,486,0,0
640.9297905280024,11,1240,0,1
640.9339540643501,7,3050,0,1
640.9436108434693,422,386,0,0
641.1810878004472,700,247,1,0
641.1866881840938,10,112,0,0
641.189984225097,39,279,0,0
641.195079434587,203,63,0,0
641.202752461418,410,769,0,0
641.2879270220524,342,2670,0,1
641.28843903736,29,398,0,0
642.2519420737367,723,597,0,0
642.3014801064754,10,287,0,0
642.5018434228621,19,126,0,0
642.5176073838489,772,204,0,0
642.5567149838494,10,210,0,0
642.5571010083736,1275,90,0,0
642.5859083062012,27,33,0,0
642.6079040531893,20,207,0,0
642.7862383226069,604,127,0,0
642.80803296965,20,2660,0,1
642.8411822657711,24,202,0,0
642.8878965502888,38,148,0,0
642.8895862917312,36,20,0,0
642.9462489084311,21,75,0,0
645.565639667558,10,63,0,0
645.5817011978758,838,225,0,0
645.8623301580174,16,312,0,0
645.8780231915207,206,768,0,0
646.6598011057457,4,308,0,0
647.4055036418474,20,301,0,0
647.4208597434019,839,14,0,0
647.4276854069675,711,174,0,0
647.4737251777431,53,408,0,0
647.4974470396513,19,211,0,0
647.504239986621,24,172,0,0
647.5084734700246,9,310,0,0
647.5091404620059,210,330,1,0
647.514137771735,180,732,0,0
647.5225223084853,9,21,0,0
647.9992925885819,7,179,0,0
648.1206139614382,108,110,0,0
648.1250469154604,7,236,0,0
648.1383546566975,9,328,0,0
648.1421504863062,40,314,0,0
648.2828895765253,12,200,0,0
649.4617601630969,220,16,1,0
649.4786284784726,5,19,0,0
649.5084481721883,6,573,0,0
649.6264778822757,10,207,0,0
649.6300153152907,90,193,1,0
649.9120688695324,16,4,0,0
649.954712618774,56,373,0,0
649.9554182895863,11,340,0,0
649.9582374642953,187,78,0,0
649.9665108285548,1024,461,0,0
649.9909841351088,260,288,0,0
650.0209317289226,654,96,0,0
650.0455669723823,52,126,0,0
650.0786246265626,210,141,1,0
650.1171050100487,16,119,0,0
650.1553500959849,110,314,1,0
650.220311395952,1642,830,0,1
650.5395023857608,281,47,0,0
650.6045150198948,455,180,0,0
650.6581026065422,7,123,0,0
650.6598203708369,5,192,0,0
650.6711482276514,12,121,0,0
650.6885511023041,4,79,0,0
650.7778847158559,14,151,0,0
650.7994930880235,140,133,1,0
650.8031606633552,8,57,0,0
650.883964820146,34,71,0,0
650.942946989521,6,379,0,0
650.9760414292859,47,126,0,0
650.9769478236364,14,2700,0,1
650.9891766229489,22,458,0,0
650.9990583857322,1455,278,0,0
651.0091323255863,309,454,0,0
651.4891082364286,47,202,0,0
651.4913191304925,77,160,0,0
651.4914426688991,13,373,0,0
651.53678752261,147,126,0,0
651.5439211894501,5,29,0,0
651.5778930685251,474,587,0,0
652.0238004074192,122,369,0,0
652.1026993291642,9,169,0,0
652.1029776155099,1096,303,0,0
652.1094565710218,11,115,0,0
652.1263121260037,38,139,0,0
652.1400559471871,95,74,0,0
652.1426728847151,33,444,0,0
652.143895743152,19,632,0,0
652.540211705231,750,542,0,0
652.5531916149954,67,471,0,0
652.5610367087081,1331,756,0,0
652.7883737131522,42,777,0,0
652.7890554389028,18,34,0,0
652.7897430718714,1506,18,0,0
652.9227565405217,11,295,0,0
652.94723883188,12,141,0,0
652.9644631364064,10,248,0,0
653.0776272512852,7,710,0,0
653.0804615905923,11,2960,0,1
653.1340135978992,22,443,0,0
653.2025125009343,2322,306,0,0
653.2352557557917,574,531,0,0
653.360582909124,6,60,0,0
653.374193212266,11,756,0,0
653.3744302108436,14,159,0,0
653.8462522664785,69,234,0,0
653.8910676349514,7,208,0,0
653.8985313781099,749,265,0,0
653.8996961691278,231,365,0,0
653.9009243474247,32,55,0,0
653.9022836688531,24,309,0,0
653.9038071732865,33,268,0,0
653.9814381009272,957,210,0,0
654.0172603080756,47,105,0,0
654.0672849014869,50,176,0,0
654.1317761371937,1389,421,0,0
654.1450083920598,159,241,0,0
654.1951158572784,1096,164,0,0
654.2096056593371,22,280,0,0
654.2441410504881,985,480,0,0
654.3534704046715,537,117,0,0
654.3600700232499,331,363,0,0
654.3659983654597,413,635,0,0
654.4185539468355,21,296,0,0
654.4309729439287,360,508,1,0
654.5175843071615,158,768,0,0
654.530196471389,36,234,0,0
654.5413204851686,2684,113,0,0
654.5421540347006,86,26,0,0
654.5517123312967,107,2180,0,1
654.5572513578566,20,318,0,0
654.5896624111323,1084,769,0,0
654.5916855013987,30,384,0,0
654.5977194948395,17,257,0,0
654.616048724208,68,111,0,0
655.6898931843691,14,338,0,0
655.7306331029442,1600,311,1,0
655.7744643684756,14,264,0,0
655.786315617733,84,110,0,0
655.8056170776637,12,194,0,0
655.8154367217201,102,357,0,0
655.8440460668523,60,19,1,0
656.5598055026086,8,276,0,0
656.5651095863864,13,188,0,0
656.5677217968644,16,280,0,0
656.5690425374451,277,446,0,0
656.6442337077659,54,40,0,0
656.6548694786875,16,349,0,0
656.669935181722,32,35,0,0
657.1322243033334,335,322,0,0
659.8671311891189,140,55,0,0
659.9248072918307,732,205,0,0
659.9340434029693,73,441,0,0
660.2768242652878,11,229,0,0
660.3033323155285,10,56,0,0
660.5574375595412,420,85,1,0
660.6112202495617,929,407,0,0
660.620987921787,91,92,0,0
660.6239982483327,116,264,0,0
660.6551535189172,48,6070,0,1
660.6724511636039,1237,140,0,0
661.0803353621903,2897,89,0,0
661.0883105845562,27,130,0,0
661.1037734548803,15,135,0,0
661.1050313531102,29,225,0,0
661.1090695107832,857,147,0,0
661.1507475643995,11,214,0,0
661.1573384303882,751,726,0,0
661.2175174396975,43,34,0,0
661.2205405403386,7,198,0,0
661.2333305792371,18,309,0,0
661.2958722624967,8,600,0,0
661.5836068164206,13,312,0,0
661.5908713677865,14,417,0,0
661.5910074879237,819,305,0,0
661.8842391817946,33,447,0,0
661.9699224992751,57,94,0,0
661.980423195117,13,22,0,0
662.8714607051947,277,483,0,0
662.9063088535114,49,34,0,0
662.9488832717988,16,509,0,0
662.9582844017684,754,88,0,0
662.967826804064,54,254,0,0
662.9742657571849,5,221,0,0
662.9932178438002,33,18,0,0
663.2292647899118,20,240,0,0
663.3394940301779,110,226,0,0
663.3710095847713,11,469,0,0
663.522894417541,60,416,0,0
663.5656160613705,460,756,1,0
663.5702294873678,20,27,0,0
663.5745592407039,5,206,0,0
663.5746361124219,40,710,0,0
663.611621225642,17,237,0,0
663.7196092747196,40,574,0,0
663.7623722476912,7,9,0,0
663.9520822836286,1631,85,0,0
664.1262974700333,73,7660,0,1
664.32804285014,188,315,0,0
664.3313273848645,41,28,0,0
664.354927113464,7,168,0,0
664.4817505195695,14,3070,0,1
664.4837016270579,64,297,0,0
664.4876029657131,664,767,0,0
664.5028472884073,20,352,0,0
664.5154910282898,55,258,0,0
664.5732456373598,5,100,0,0
664.8373589101824,90,283,1,0
664.9178241305088,21,2980,0,1
664.9232021461784,65,479,0,0
665.1136786668241,21,312,0,0
665.1307360640936,43,488,0,0
665.2266065859295,588,265,0,0
665.2530502169693,37,132,0,0
665.4070966783964,131,126,0,0
665.4097618086676,156,261,0,0
665.562960113451,144,14,0,0
668.3677123904589,2673,214,0,0
668.3997267595181,53,571,0,0
668.4027331932014,62,398,0,0
668.4059955219814,71,283,0,0
668.5525813722892,24,84,0,0
668.5752795646442,23,151,0,0
668.6322001667893,697,551,0,0
668.6606084025688,14,292,0,0
668.6891392553762,22,572,0,0
671.507710805626,17,622,0,0
671.5077928504471,6,76,0,0
671.5605730724101,12,23,0,0
671.7132430785902,10,502,0,0
671.7372854149368,1704,75,0,0
671.7381212979832,12,363,0,0
671.7641066439511,72,310,0,0
671.7699267467826,739,222,0,0
671.7836097697125,50,449,0,0
671.882561545782,7921,271,1,0
671.8863636172448,44,581,0,0
671.890138873512,4,126,0,0
672.2386397901939,50,44,0,0
672.2441119853505,1085,543,0,0
672.2536729895701,274,622,0,0
672.3725165412314,13,82,0,0
672.3765197941104,982,129,0,0
672.4235528741868,145,37,0,0
672.427464393287,13,3360,0,1
672.4308373642053,15,276,0,0
672.4329180521321,47,730,0,0
672.4378367057029,14,339,0,0
673.7298391816449,1389,515,0,0
673.7648842248959,270,320,0,0
673.7656326353715,1582,115,0,0
673.7675873408135,8,420,0,0
673.7739043151672,15,210,0,0
673.8206798572561,96,272,0,0
673.8219241929742,1117,202,0,0
673.9346907960806,15,344,0,0
673.9358519926128,28,332,0,0
673.9363007607031,12,112,0,0
673.9432936961443,488,22,0,0
673.9472069401966,25,451,0,0
673.947581748048,63,99,0,0
673.963387463239,16,349,0,0
673.9721911986624,91,156,0,0
673.9920496668386,6,124,0,0
673.9990981578754,12,109,0,0
674.021033904658,35,32,0,0
674.3323149898656,8,473,0,0
674.3342606709365,339,136,0,0
674.3519061508182,1228,767,0,0
674.3581681073446,226,378,0,0
674.3795792039747,24,143,0,0
674.4149924609503,39,330,0,0
674.4180099276568,524,354,0,0
674.5233076384434,13,268,0,0
674.5521412041919,13,2550,0,1
674.5567145479909,8,264,0,0
674.6031732017766,163,734,0,0
674.6046817275387,14,143,0,0
678.8250022533878,65,212,0,0
678.82787173084,29,44,0,0
679.0321205437257,21,277,0,0
679.056768364558,74,56,0,0
679.1114413865166,66,680,0,0
679.1708035435896,478,158,0,0
679.1746652998884,10,340,0,0
679.1764077112689,44,490,0,0
679.2607358879075,809,458,0,0
679.2690696100182,2980,498,1,0
679.2733065752558,108,368,0,0
679.5991364208097,1092,345,0,0
680.1049825952798,118,576,0,0
680.1085341589211,24,316,0,0
680.2588054434129,20,157,0,0
680.3107751024304,16,347,0,0
680.31831392496,12,219,0,0
680.3599874280014,170,240,0,0
680.360087763088,120,194,1,0
680.6670633600932,18,175,0,0
680.8749763687583,10,291,0,0
680.9947872570206,15,213,0,0
680.9978471202558,171,313,0,0
681.0499818530287,9,32,0,0
681.0631089897,11,101,0,0
681.0651211679284,37,5010,0,1
681.0671439521974,1424,277,0,0
681.0740245389526,40,42,0,0
681.0842888136058,130,527,1,0
681.0852643795862,26,532,0,0
681.1140497084353,173,212,0,0
681.1430010031776,23,219,0,0
681.4048326721733,608,20,0,0
681.4329675018859,9,72,0,0
681.5639863037001,6,124,0,0
681.7792198024686,141,186,0,0
681.7800084724378,7,169,0,0
681.9342113574642,246,146,0,0
681.9366643407823,11,226,0,0
682.017266165627,15,303,0,0
682.0399736462158,64,350,0,0
682.0428215174128,27,289,0,0
682.2098715556249,5,248,0,0
682.2130668428376,13,168,0,0
682.217814480456,28,533,0,0
682.2221020660397,15,300,0,0
682.2223969511897,14,86,0,0
682.4309065914596,18,192,0,0
682.6209196596867,14,291,0,0
682.7415875470678,16,283,0,0
682.985580152005,48,180,0,1
683.012474811501,15,318,0,0
683.0281519732886,16,249,0,0
683.0368993549052,760,307,1,0
683.0370499996328,42,541,0,0
683.0440756140771,122,57,0,0
683.0452466245301,8,166,0,0
683.0767274730206,49,24,0,0
683.0858026106959,19,305,0,0
683.0903453016418,7,195,0,0
684.1915168711818,9,198,0,0
684.4904628229634,120,162,1,0
684.4914938662243,5,194,0,0
684.4952848223045,9,644,0,0
684.4971767931718,13,41,0,0
684.5356454929848,9,181,0,0
684.8348138888222,1118,10,0,0
684.8617325958297,20,57,0,0
685.1757497654229,986,221,0,0
685.1783948361035,8068,124,1,0
685.1837803642376,689,769,0,0
685.1934585936957,17,3400,0,1
685.7173417417829,12,323,0,0
685.8215164190472,4760,250,1,0
685.8222774919144,12,86,0,0
685.8227344724894,9,550,0,0
685.846779676333,19,441,0,0
688.6799898789285,13,312,0,0
688.7278088216257,50,101,0,0
688.7289691335922,11,394,0,0
688.8007022404324,9,305,0,0
688.806948149493,461,7,0,0
688.8354330838955,236,210,0,0
688.8481397303786,9,95,0,0
688.8525460341381,10,230,0,0
688.853034160707,58,587,0,0
688.9697188093485,57,176,0,0
689.0758951155549,15,62,0,0
689.12243740373,17,374,0,0
689.1259923307322,12,293,0,0
689.1450119116537,1555,43,0,0
689.1817250516485,21,7400,0,1
689.2699132241503,1103,30,0,0
689.2807214711363,129,719,0,0
689.2883317518668,6,78,0,0
689.3344714868193,943,36,0,0
689.3802961865005,99,407,0,0
689.3826061804326,30,6620,0,1
689.6952676201694,110,48,1,0
689.6974841895644,11,56,0,0
689.8840990794006,270,73,0,0
689.8987369883548,19,318,0,0
690.1608388410127,13,330,0,0
690.1624381257651,19,290,0,0
690.1968338985725,38,166,0,0
690.2010747387288,9,120,0,0
690.2015871770071,10,381,0,0
690.2197784262706,18,156,0,0
690.2200020770146,7,140,0,0
690.4164266700329,29,44,0,0
690.5140559285735,10,492,0,0
690.5339901918111,19,306,0,0
690.538668327205,22,252,0,0
690.5462291963192,9,307,0,0
690.5907189587684,10,462,0,0
690.5926800878659,18,248,0,0
690.593151477934,215,2410,0,1
690.6596094439091,61,465,0,0
690.716169388923,6,71,0,0
690.716622482801,257,610,0,0
690.7337386197324,5,107,0,0
690.817941177988,18,294,0,0
690.8668389547591,74,224,0,0
690.8707477590331,12,321,0,0
691.0202584035054,33,48,0,0
691.6570417620413,9,77,0,0
691.6681501484352,15,135,0,0
691.699084367868,110,269,1,0
691.7246151584865,11,362,0,0
691.7410866709196,5,604,0,0
691.7986245770685,7,354,0,0
691.8073543515147,39,138,0,0
691.8121038100119,39,328,0,0
692.0426395494784,43,132,0,0
692.0443146610511,752,616,0,0
692.0750915857261,54,284,0,0
692.0852971932745,183,5040,0,1
692.1045392552214,23,292,0,0
692.7064627636134,65,204,0,0
692.7145442996568,4,40,0,0
692.8058520509987,120,1090,1,1
692.8184198014613,66,34,0,0
692.8204789134716,14,86,0,0
692.8577617680786,10,295,0,0
692.8602780651852,29,170,0,0
692.8617835231463,185,268,0,0
692.870280582832,10,620,0,1
692.8761045688226,35,1520,0,1
692.8802726699956,230,2580,1,1
692.9250089578408,25,181,0,0
692.9288726155606,1541,171,0,0
693.2822258064527,12,84,0,0
693.2876676123806,343,526,0,0
693.5409929670449,10,299,0,0
693.5692688886456,75,660,0,0
693.5736478094427,1624,156,0,0
693.5812018371331,15,342,0,0
693.6106293994851,6,419,0,0
693.6325111490299,21,75,0,0
693.6659223219629,11,115,0,0
693.7643517302824,56,330,0,0
693.7655112756808,144,69,0,0
693.8110374492313,17,29,0,0
693.8281261383465,8,87,0,0
693.86067034214,191,546,0,0
693.9180150579633,60,312,0,0
693.9480053965893,10,370,0,0
693.9521797373776,8,47,0,0
693.9535090047818,150,2800,1,1
693.9772274300545,16,347,0,0
694.1754112981802,22,314,0,0
694.176437865139,83,1080,0,1
694.1841299392084,28,698,0,0
694.1865546753331,123,269,0,0
694.1881029902383,12,71,0,0
694.2512259678938,15,128,0,0
694.4519194414736,69,623,0,0
694.4632053971629,38,242,0,0
694.511126728425,12,164,0,0
694.5435573117026,22,395,0,0
694.5567335199934,91,116,0,0
695.0677868793492,11,90,0,0
696.022018410315,14,233,0,0
696.0489222804339,13,372,0,0
696.0500141151076,738,3850,0,1
696.054644909825,14,322,0,0
696.0691213815281,1722,2800,0,1
696.0758334498615,9,108,0,0
696.1258437875485,60,494,0,0
696.1418827063399,161,668,0,0
696.1470800146869,12,296,0,0
696.149138650586,13,113,0,0
696.2507476462221,8,39,0,0
696.259012942279,6,29,0,0
696.2680591886356,2188,146,0,0
696.2864775461701,629,736,0,0
696.2945216891422,511,61,0,0
696.6138018825536,101,35,0,0
696.6210488254136,27,368,0,0
698.3195261490625,15,374,0,0
698.3464028298476,7,800,0,1
698.3555388342087,263,41,0,0
698.3673176087543,11,328,0,0
698.4997856512986,82,245,0,0
698.5249321079959,29,221,0,0
698.531482842197,371,474,0,0
698.5334951035193,42,285,0,0
698.5344957860189,20,475,0,0
698.6084166312095,15,365,0,0
698.6697421387842,54,158,0,0
698.6697718648278,27,21,0,0
698.7442460198758,15,422,0,0
698.7513625560982,14,154,0,0
698.7871200733553,838,243,0,0
698.8807360061103,7,66,0,0
698.9811969357548,11,241,0,0
698.9854459136048,13,205,0,0
698.9881255042786,264,326,0,0
698.9960745097976,11,259,0,0
698.9997025364758,71,574,0,0
699.0019135118391,180,527,0,0
699.0054996756742,14,354,0,0
699.0122997819286,33,40,0,0
699.0133275886201,30,64,0,0
699.157809256922,21,302,0,0
699.1805923918444,24,303,0,0
699.2892016930132,9,146,0,0
699.2902239998143,305,256,0,0
699.3001802095336,28,42,0,0
699.3187626892679,13,201,0,0
699.3217199239297,16,166,0,0
704.3423025536181,7,685,0,0
704.4185623149137,38,195,0,0
704.842689935488,87,265,0,0
704.8964861332651,76,2510,0,1
705.1621549679952,18,267,0,0
705.3030927112939,1667,1260,0,1
705.3749758295037,12,43,0,0
705.643775544246,22,118,0,0
706.349681865332,28,344,0,0
706.3578409273845,6,194,0,0
706.3842217894812,927,562,0,0
706.3960870590815,54,327,0,0
706.3994457221207,29,257,0,0
706.4046556500849,11,215,0,0
706.4219115208211,993,280,0,0
706.5527309742633,6,290,0,0
706.6950791871119,9,252,0,0
707.1445792602342,84,374,0,0
707.1471400059289,56,411,0,0
707.1534396267133,21,174,0,0
707.1734932157807,13,187,0,0
707.1964035603023,25,90,0,0
713.3003982551437,55,32,0,0
713.3349443821066,66,194,0,0
713.360262298372,23,337,0,0
713.3778671056525,6,27,0,0
713.3809119681623,1845,275,0,0
713.4230866024327,7,32,0,0
713.427531835346,33,351,0,0
713.984815527967,9,363,0,0
713.9854394254778,155,57,0,0
714.0786449687254,7,42,0,0
714.08161107816,2484,134,0,0
714.1742895811982,93,402,0,0
714.1765575571794,4,51,0,0
714.2425808790792,104,116,0,0
714.3126705753292,134,71,0,0
714.331513374128,24,405,0,0
714.3358304366668,26,382,0,0
714.3742227754768,8,84,0,0
714.3767547694555,9,18,0,0
714.3980977178006,24,257,0,0
714.4039861231946,44,388,0,0
714.5895225272512,80,395,0,0
714.6118557233887,141,307,0,0
714.6269330189995,11,245,0,0
714.633114017887,12,212,0,0
714.6470714830039,11,362,0,0
714.74661558363,28,257,0,0
714.8934022071611,40,72,0,0
714.9133299141303,21,228,0,0
714.958991758865,22,226,0,0
714.970868714792,29,285,0,0
714.9725792183652,81,70,0,0
715.0311378186037,744,42,0,0
715.0440861119904,168,132,0,0
715.0552566918669,134,767,0,0
715.2186027138886,23,354,0,0
715.2312760558325,14,357,0,0
715.3353801677252,1378,422,0,0
715.3365908810932,13,413,0,0
715.7759496083887,230,290,1,0
716.0781188300327,9,373,0,0
716.121923459238,32,248,0,0
716.4680502828511,152,350,0,0
716.4751194492334,188,759,0,0
716.6204445531254,8,632,0,0
716.6236049970427,540,142,1,0
716.6275027149219,985,254,0,0
716.6349091042844,47,191,0,0
716.6479767532895,5,384,0,0
716.649263320717,110,45,0,0
716.7213582381626,14,214,0,0
716.7383457146723,17,437,0,0
716.7474392227565,50,52,0,0
716.8580753502443,6,130,0,0
716.8619272733616,1117,385,0,0
716.8635374547788,14,249,0,0
716.8709955685923,8,660,0,0
716.9342412296152,21,283,0,0
716.9439337266518,9,42,0,0
716.9557382208731,14,362,0,0
717.2773551156332,41,158,0,0
717.2780319294111,108,76,0,0
717.9147346987087,11,174,0,0
717.9614178536111,31,342,0,0
717.9920666399569,69,27,0,0
717.9976520795581,20,381,0,0
718.007492871487,708,392,0,0
718.0086064837736,45,285,0,0
718.0198710697885,21,30,0,0
718.0208873215895,20,288,0,0
718.0321757223521,7,323,0,0
718.1503458467353,9,222,0,0
718.1521281965717,126,57,0,0
718.1989036471974,14,2450,0,1
718.2254964695935,1367,8,0,0
718.2610312463898,15,1590,0,1
718.2726553069622,14,86,0,0
718.2745222845203,80,25,0,0
718.2748807257669,6,190,0,0
718.2754541896378,9,97,0,0
718.2761177819051,8,269,0,0
718.3974308870958,10,153,0,0
718.4058077675758,125,193,0,0
718.4095641009253,7,316,0,0
718.4614862249741,54,269,0,0
718.4784904454041,14,37,0,0
718.6032862085607,35,609,0,0
718.6241103319849,515,164,0,0
718.6247168418897,67,412,0,0
718.6403275369167,123,529,0,0
718.6440095842655,13,276,0,0
718.7242156138321,23,257,0,0
718.7403458901222,319,332,0,0
718.7443477151248,9,18,0,0
718.8005438637384,13,225,0,0
718.8115060121332,100,507,1,0
718.8664178572238,1654,83,0,0
718.8849474258465,75,158,0,0
718.886196921936,142,140,0,0
718.9338405850871,68,269,0,0
721.318933524256,12,145,0,0
721.3196984500755,90,315,1,0
721.3235048887788,5,14,0,0
721.331408483447,47,325,0,0
721.3583108245567,7,1530,0,1
723.5371137517659,169,360,0,0
723.5436749370247,723,286,0,0
723.5455914352024,65,581,0,0
723.5461091989295,53,321,0,0
723.5469096319739,500,436,0,0
723.6018636891095,431,121,0,0
723.6072413375753,61,87,0,0
723.6077142947912,170,55,1,0
723.6099559471496,53,239,0,0
723.6115979150375,84,565,0,0
723.6250436756526,13,360,0,0
723.6837387101463,1310,159,1,0
723.7033041077814,14,165,0,0
723.7042563858176,80,479,0,0
723.7180841558746,10,297,0,0
725.2121814610545,149,491,0,0
725.2125790256702,23,124,0,0
725.36391932016,578,571,0,0
726.0170477263187,9,276,0,0
726.0186306305419,443,194,0,0
726.0216977768429,46,266,0,0
726.2200151757563,19,224,0,0
726.2714053666888,31,22,0,0
726.278800572926,17,445,0,0
726.3745801088825,2779,134,0,0
726.385819330637,346,210,0,0
726.3967190850701,23,660,0,0
726.4256387103779,24,573,0,0
726.4354248626478,571,144,0,0
726.4388310733455,59,273,0,0
726.4413477104594,647,769,0,0
726.4601470465157,51,380,0,0
726.4677011820406,860,222,0,0
726.4771698592975,12,212,0,0
726.4819209079918,8,2020,0,1
726.5667645040302,70,366,1,0
727.2374140725585,81,254,0,0
727.4954682565904,17,433,0,0
727.5162475848948,1194,770,0,0
727.5207311816156,37,388,0,0
727.560369590822,25,408,0,0
727.6988741295341,1034,7150,0,1
727.7252591448608,188,759,0,0
727.727400636036,21,510,0,0
727.7328031799864,75,283,0,0
727.8456921034419,48,371,0,0
727.8538752200008,14,267,0,0
727.8539479829794,230,269,1,0
727.8603506494708,12,143,0,0
727.8610052123836,4,206,0,0
727.989792814142,21,315,0,0
728.0074651410922,15,173,0,0
728.0397262814972,8128,64,1,0
728.0642168617038,14,257,0,0
728.1140176593425,16,342,0,0
728.1213280610101,84,190,0,0
728.1943846185076,65,1541,0,0
728.6934972207591,1230,33,0,0
728.7002924197901,67,3620,0,1
728.706563745136,21,141,0,0
728.7087126564327,556,398,0,0
728.7257526076359,10,767,0,0
728.7282047385394,9,99,0,0
729.1103161211106,7,325,0,0
729.1711207518495,2386,8,0,0
729.1942366768607,1973,67,0,0
729.1989430720909,9,86,0,0
729.4135086407553,79,154,0,0
729.4142356607638,1879,28,0,0
729.5784570743466,35,663,0,0
729.627878355444,388,175,0,0
729.6316590592169,35,339,0,0
729.6382715826005,386,454,0,0
729.6405100187876,20,238,0,0
729.7207070391613,14,320,0,0
729.7257950415907,23,53,0,0
729.7315633801268,28,298,0,0
729.7321857886881,13,164,0,0
730.8812437295946,86,261,0,0
730.8937514238887,76,539,0,0
730.8954384241848,505,617,0,0
730.9447625586109,25,2940,0,1
730.9636178703181,31,232,0,0
730.9647145031073,73,341,0,0
731.0805252445242,159,295,0,0
731.088636050753,2350,493,1,0
731.2043168888762,45,466,0,0
731.2143659658586,154,529,0,0
731.2160029538275,24,53,0,0
731.2168420769169,366,319,0,0
731.2405436287506,252,682,0,0
731.2424133545941,11,338,0,0
731.2881882075632,11,258,0,0
731.6562125814243,348,105,0,0
731.6627662705719,138,251,0,0
731.6795355263157,693,117,0,0
732.1455632838981,13,185,0,0
732.1667700458821,192,243,0,0
732.2711209977367,55,325,0,0
732.2907985063453,122,249,0,0
732.4260147991527,13,198,0,0
732.4277796103489,5,261,0,0
732.4306121463087,22,164,0,0
732.4842636419805,9,348,0,0
732.4864567630659,86,24,0,0
732.4869605682004,7,35,0,0
732.4930794906943,104,62,0,0
732.663235544081,7,341,0,0
732.6997287691929,160,228,1,0
732.7099088393165,22,76,0,0
732.7626688474395,19,242,0,0
732.8206897915195,3143,567,0,0
732.8805158222691,113,261,0,0
732.8955930484004,2374,602,0,0
732.9144068934858,20,269,0,0
732.9394780036956,124,2910,0,1
732.9439980525581,182,137,0,0
733.0185106170193,22,297,0,0
733.174882413139,3510,9,0,0
733.2038587779011,241,2330,0,1
733.2243923310026,1118,151,0,0
733.2298277582456,60,375,0,0
733.232496578578,389,158,0,0
733.2417829655069,18,561,0,0
733.2439707814805,11,139,0,0
733.267677120705,1334,378,0,0
733.3480563511482,875,24,0,0
733.349684212627,9,270,0,0
733.4663514327073,18,407,0,0
733.4814060319205,240,276,1,0
733.4923207906618,17,113,0,0
733.5057990784279,1429,175,0,0
733.5100468051241,30,444,0,0
733.5488704900877,6,304,0,0
734.474397422388,29,21,0,0
734.4819877831836,10,2450,0,1
734.484844092148,4,170,0,0
734.6645670912411,12,176,0,0
734.7519617712755,109,75,0,0
734.758737689234,45,290,0,0
734.7746037895464,292,765,0,0
734.7805009595484,1236,337,0,0
734.7885224951215,19,461,0,0
734.9756433092432,47,362,0,0
734.9777381870304,4,182,0,0
734.9907599145408,15,104,0,0
737.3156037379609,8,342,0,0
737.7844884734625,109,65,0,0
737.786055005801,6,432,0,0
737.7879981648728,540,338,0,0
737.7883509129141,144,160,0,0
737.8647824892538,177,108,0,0
738.2439993465242,15,280,0,0
738.254163669756,7,3610,0,1
738.2765388299644,200,188,0,0
738.2881355672662,11,174,0,0
738.4020507745023,24,276,0,0
738.6746454480999,13,344,0,0
738.6833296461767,111,596,0,0
738.7117626562956,14,208,0,0
739.5322819076052,15,621,0,0
739.5335486336218,130,169,0,0
739.6607404432282,21,319,0,0
739.7908928839767,2128,394,0,0
739.8156187533715,12,275,0,0
739.8632439907559,176,626,0,0
739.868163820346,26,338,0,0
739.8806310347665,10,267,0,0
739.9438627591221,993,36,0,0
739.9548776971982,31,288,0,0
739.9782769376346,8,126,0,0
740.1304272638721,6,64,0,0
740.2008784953166,42,201,0,0
740.3552576789989,57,94,0,0
740.3937920656656,23,353,0,0
740.5155721009637,84,565,0,0
740.7676035837926,28,207,0,0
740.7850723618196,7,32,0,0
740.7874827941279,23,232,0,0
740.9081161013037,17,158,0,0
740.9121626775885,943,489,0,0
740.9355765418243,268,108,0,0
740.9716817501643,251,296,0,0
741.6107485782002,19,190,0,0
741.6250828149879,93,307,0,0
741.989927140801,9,299,0,0
742.1655347402467,15,452,0,0
742.273565274257,17,562,0,0
742.2845939043556,80,44,1,0
742.3025560819151,16,18,0,0
742.9475986817207,115,108,0,0
743.0647258401211,12,507,0,0
743.0662397263661,22,512,0,0
743.0666499113244,16,169,0,0
743.0675270238636,337,320,0,0
743.1054765394341,30,227,0,0
743.1522176421788,26,264,0,0
743.1812265376512,153,770,0,0
743.1838753419776,22,161,0,0
743.1897291481281,19,332,0,0
743.1947046304134,38,767,0,0
743.2038526413653,10,284,0,0
743.7336658825586,57,128,0,0
743.739467314799,52,467,0,0
743.7509563446346,114,730,0,0
743.7675343508902,23,14,0,0
744.1273492980827,5,123,0,0
744.1374839885449,113,17,0,0
744.1398680880296,6,87,0,0
744.1401011980474,34,554,0,0
745.1367719001255,670,317,1,0
745.1381452891719,202,114,0,0
745.1929102420664,45,721,0,0
745.2133605144577,943,178,0,0
745.2141220183491,9,114,0,0
745.2507473765058,24,47,0,0
745.2616556883614,225,2200,0,1
745.2909794616509,12,159,0,0
745.2930535677681,130,269,1,0
745.4291196241588,44,210,0,0
746.26755958138,29,1700,0,1
746.2677042750955,18,143,0,0
746.2832587572451,62,84,0,0
746.3462161751131,11,58,0,0
746.3603349625067,569,605,0,0
746.4147840286469,13,134,0,0
746.4192915246808,68,305,0,0
746.4257478021775,938,425,0,0
746.4260250678901,8,123,0,0
746.4319231425826,22,571,0,0
746.4408171058087,21,326,0,0
746.46536899341,79,160,0,0
746.4837059164167,29,181,0,0
746.5289457870567,235,241,0,0
746.6152350258023,173,78,0,0
746.7995907962784,21,494,0,0
746.8915998563693,26,224,0,0
746.9001427838876,101,20,0,0
746.9011267391592,8,95,0,0
746.9015832281484,1885,222,0,0
747.1199874650931,20,538,0,0
747.123905831524,560,256,1,0
747.3401612080136,48,188,0,0
747.375046184711,50,248,1,0
747.389756735868,8,160,0,0
747.6524032129162,1389,101,0,0
747.7030025923891,242,97,0,0
747.7809142328214,401,265,0,0
747.8619414245114,28,304,0,0
747.8826737446117,96,392,0,0
747.9614070352762,30,59,0,0
747.9618123581453,214,220,0,0
748.0334059602009,18,374,0,0
748.0584624062329,20,424,0,0
748.0648393381077,329,374,0,0
748.1210466390115,12,86,0,0
748.2362798438747,167,486,0,0
748.3453007896984,20,352,0,0
748.3699969008428,154,336,0,0
748.39989302022,16,38,0,0
748.4152559592972,7,354,0,0
748.4160564167978,45,513,0,0
748.4397004964474,9,288,0,0
748.458781277739,370,25,1,0
748.7038088891436,48,510,0,0
748.7059702444124,22,458,0,0
751.468106325219,60,270,1,0
751.4710223116067,40,255,0,0
751.479496440064,173,754,0,0
751.4799906054809,5,58,0,0
751.6215853617263,30,155,0,0
751.6266880064741,14,357,0,0
751.661706981822,187,423,0,0
751.680799902966,1485,256,0,0
751.7415549587319,21,484,0,0
751.7446262242953,61,622,0,0
751.7603338897663,588,381,0,0
751.7645986763235,54,208,0,0
751.7765985479593,17,311,0,0
751.7770571964382,20,145,0,0
751.861828525681,6,260,0,0
751.8770774084884,7,244,0,0
751.8968239990448,8,656,0,0
751.8977092726109,16,107,0,0
751.9230350242842,59,18,0,0
751.9313418882527,15,228,0,0
752.0137943054256,13,246,0,0
752.0518781902438,2057,509,0,0
752.3483276817651,591,119,0,0
752.3569755939992,14,287,0,0
752.359831648669,39,126,0,0
753.1868353013973,99,385,0,0
753.201877104714,38,695,0,0
753.2192395174936,25,730,0,0
753.4582771141578,191,399,0,0
753.6938237830708,1030,106,0,0
753.704076361682,37,64,0,0
753.7048320847822,47,130,0,0
753.9993899224828,29,457,0,0
754.0049669651088,390,2120,1,1
754.0075124967804,15,94,0,0
754.0285634182068,18,473,0,0
754.1406588458512,265,253,0,0
754.197544533456,8,144,0,0
754.2183694448424,9,320,0,0
757.3969561788251,141,497,0,0
757.8994860751415,23,411,0,0
757.9510291091106,51,213,0,0
757.9705583526527,83,485,0,0
757.971338900656,13,128,0,0
758.0747403980455,318,756,0,0
758.0791642524786,14,557,0,0
758.3851118374672,169,211,0,0
761.2005679689471,2082,69,0,0
761.2006727981691,62,769,0,0
761.2460673825332,1419,692,0,0
761.3017588973825,188,94,0,0
761.3056298898902,3632,447,0,0
761.6244801501226,74,307,0,0
761.6288446782838,25,452,0,0
761.6336916533702,1250,453,0,0
761.6357118057849,75,158,0,0
761.6432258225004,106,487,0,0
761.6433378982468,310,4290,0,1
761.9106341772739,556,676,0,0
761.9174403855843,30,133,0,0
761.9356385400266,111,136,0,0
762.0349751838924,31,111,0,0
762.0626168658281,1681,362,0,0
762.1142779848446,542,767,0,0
762.4747463837173,25,595,0,0
762.4754921733482,55,304,0,0
762.6928111269275,14,271,0,0
762.6940104029579,76,714,0,0
762.6955705598082,28,209,0,0
762.7227476878443,13,139,0,0
762.8440937249627,1395,43,0,0
762.8447326936156,9,196,0,0
762.9343052921478,6,102,0,0
762.9579220060689,16,24,0,0
763.0086199702963,18,152,0,0
763.026432172875,51,194,0,0
763.0431371750433,16,241,0,0
763.1845631241856,20,191,0,0
763.201996140555,41,293,0,0
763.2425138268237,8,267,0,0
763.9240157213418,30,258,0,0
763.9722288378528,129,350,0,0
764.0196182063244,4,1180,0,1
764.0303773016182,1426,767,0,0
764.0418072493426,12,349,0,0
765.0746840150928,2350,327,0,0
765.2471842630716,94,767,0,0
765.367948854978,15,411,0,0
765.3774384064625,14,271,0,0
765.3854810052928,49,189,0,0
765.4153703910142,202,105,0,0
765.9174128151463,66,55,0,0
765.9189885132946,15,152,0,0
765.9373424428985,20,37,0,0
765.94336679764,12,323,0,0
765.9517708471267,15,52,0,0
765.9557369152275,8,699,0,0
765.9790686706355,251,131,0,0
766.0703385712584,3529,103,0,0
766.1068842550568,10,97,0,0
766.1121945253834,17,361,0,0
766.1306257356025,347,315,0,0
766.251877246626,335,322,0,0
766.2536955671014,40,42,0,0
766.2586983508393,20,21,0,0
766.2690174469969,26,360,0,0
766.5084220996541,331,372,0,0
766.5088915175786,17,329,0,0
766.7965263840189,15,422,0,0
766.7970812893888,83,84,0,0
767.0118039834991,22,470,0,0
767.0133039114897,16,471,0,0
767.0164834036358,28,6620,0,1
767.0945670505876,62,30,0,0
767.1646635671499,156,769,0,0
767.1782803187268,13,411,0,0
767.1809776511078,6,139,0,0
767.6412615842548,85,2490,0,1
767.706552996385,21,443,0,0
767.7534983766244,180,275,0,0
767.7784572789374,20,204,0,0
767.8013580613203,11,95,0,0
767.8229701132441,28,36,0,0
768.0382764375187,226,148,0,0
768.0385626439112,28,316,0,0
768.0684903256397,17,294,0,0
768.2005893724362,1920,178,0,0
768.2007484205963,13,198,0,0
768.2261425838332,10,337,0,0
768.2309694752549,18,377,0,0
774.9464869628343,118,352,0,0
775.0255719111123,463,770,0,0
775.0289815312115,126,467,0,0
775.0445643008636,210,173,1,0
775.0829090046166,19,218,0,0
775.0844118047602,13,257,0,0
775.0871131593856,62,108,0,0
775.1148812617387,205,509,0,0
775.8608432105466,18,228,0,0
775.8630860813151,13,276,0,0
784.2285696448836,12,219,0,0
784.2309986582401,401,113,0,0
784.2364189384645,7,224,0,0
784.2450130126423,240,394,0,0
784.2911001009029,9,245,0,0
784.3123699980606,10,182,0,0
784.375016213239,8,282,0,0
784.3765938890751,140,260,0,0
784.3783942950304,7,247,0,0
784.3930196667477,47,316,0,0
784.404621139828,17,353,0,0
784.4054197931856,27,23,0,0
784.4324034216223,12,42,0,0
784.4371892432722,16,251,0,0
784.500571048723,12,6,0,0
784.5157608419784,266,2540,0,1
784.5173853115355,75,51,0,0
784.9060426958818,67,136,0,0
785.0133967927568,319,332,0,0
785.2571187490881,51,97,0,0
785.2580155893962,6,253,0,0
785.4948267221126,112,240,0,0
785.4951086886543,48,438,0,0
785.5276620162757,13,567,0,0
785.5317591126586,8,165,0,0
785.5347581381639,13,3340,0,1
785.5913489474154,11,222,0,0
785.8309606996706,116,699,0,0
785.8384407510637,95,29,0,0
785.9670504591834,503,445,0,0
785.970703246877,533,250,0,0
786.0391227320176,626,587,0,0
786.0397305267215,913,161,0,0
786.0625306988637,194,515,0,0
786.0639717797552,15,245,0,0
786.0712530387832,20,4170,0,1
786.2242333356767,25,238,0,0
786.4621172006792,35,71,0,0
786.4704155550686,161,68,0,0
786.6094632119358,430,204,0,0
786.6145285071863,12,58,0,0
786.688596586721,9,85,0,0
786.7605293722626,190,65,1,0
786.7731501352059,87,366,0,0
786.9463509053577,8058,134,1,0
787.0418691514487,5,52,0,0
787.306451321176,524,361,0,0
787.5494229737752,11,172,0,0
787.6106528149957,53,133,0,0
787.6332719167514,385,104,0,0
787.6406780778941,515,383,0,0
787.6410116486056,165,362,0,0
787.6557371344062,19,70,0,0
787.6884886859272,14,417,0,0
787.6905483441907,1292,32,0,0
787.6961445241916,9,158,0,0
787.6963645066571,760,30,0,0
787.7110678558628,20,70,0,0
787.7116133721771,36,333,0,0
787.7293291967815,3740,368,1,0
787.7520519126409,91,611,0,0
787.772474367397,603,34,0,0
787.7757799728201,7,156,0,0
787.8276862193986,1950,23,1,0
787.8319446609923,30,45,0,0
787.8336021890217,175,17,0,0
787.8474621901593,13,73,0,0
788.030921477498,11,249,0,0
788.257192484532,7,144,0,0
788.2680328451813,35,37,0,0
788.2741309611301,21,298,0,0
788.2867888600466,1394,510,0,0
789.1574732987269,7,93,0,0
789.1681866670048,100,767,1,0
789.3072494553619,62,45,0,0
789.3221136387192,6,233,0,0
789.3233907383774,16,22,0,0
789.4829726653896,662,990,0,1
789.4895044163599,25,210,0,0
790.8180367867944,20,95,0,0
790.8185206156488,13,333,0,0
791.2437158890782,15,444,0,0
791.2558695286326,6,9,0,0
791.2571852470608,84,364,0,0
791.259424286761,1474,120,0,0
791.2716144909135,27,92,0,0
791.6887756504614,14,203,0,0
791.7051777509973,15,282,0,0
791.7465897876867,19,776,0,0
791.7553805725977,42,27,0,0
791.8325368218118,304,315,0,0
791.8680604522278,7,340,0,0
791.8705922426766,19,88,0,0
791.8722635196884,82,287,0,0
792.0703148341654,81,427,0,0
792.0723884948761,2067,1110,0,1
792.293393078977,6,214,0,0
792.3067743573978,393,509,0,0
792.3158944684487,14,35,0,0
792.5141124729222,10,203,0,0
792.7650057356263,31,238,0,0
793.1092658213765,15,360,0,0
793.1656971047673,20,281,0,0
793.3856195386461,10,17,0,0
793.6254648857746,19,332,0,0
794.4494160771852,2045,363,0,0
794.5368131937176,265,125,0,0
794.5525316863487,89,160,0,0
794.5952458767013,39,3490,0,1
794.8355663230931,15,252,0,0
794.8365908403129,2990,330,1,0
794.8400489101283,52,324,0,0
794.9076376013147,221,3170,0,1
794.919605125032,8002,190,1,0
794.9207108064289,28,282,0,0
799.1810941751834,24,567,0,0
799.1941363634645,161,333,0,0
799.2062363861982,4,105,0,0
799.2691593435056,8,131,0,0
799.3284634563065,2445,160,0,0
799.3537471387154,2391,15,0,0
799.379158280048,559,302,0,0
799.3829474407395,15,93,0,0
799.4163655321273,26,342,0,0
799.4172664113503,25,236,0,0
799.4175923537005,11,97,0,0
799.4210269276053,114,860,0,1
799.5412650989574,985,111,0,0
799.5523516479745,7,197,0,0
799.5651675997951,11,455,0,0
799.7105213735715,15,104,0,0
799.7111493988853,11,266,0,0
799.7976419070067,197,102,0,0
799.8032468574801,18,367,0,0
799.8175864364595,284,377,0,0
799.843177818663,8,435,0,0
799.8435523796434,18,137,0,0
799.8960494632789,106,55,0,0
800.0285432570017,12,154,0,0
800.0391140661349,343,558,0,0
800.0908549758411,14,208,0,0
800.097489894182,526,644,0,0
801.1403421849882,205,46,0,0
801.1462879194349,7,63,0,0
801.1470410614224,13,129,0,0
801.1546352549585,58,775,0,0
801.697938014688,1610,368,0,0
801.6986516969577,11,332,0,0
803.3452284284396,3230,160,1,0
803.4101530842743,35,34,0,0
803.469480389465,80,3400,0,1
803.4916129967997,1044,92,0,0
803.492739169955,7,261,0,0
803.5157646393902,185,771,0,0
803.5208574434673,1114,330,0,0
803.8366784661507,170,160,0,0
803.8550519260307,159,122,0,0
803.8684726278412,41,280,0,0
803.872079574639,8,200,0,1
803.8789785837471,9,323,0,0
804.0370741305812,166,371,0,0
804.0430629547761,13,2480,0,1
804.0593874560238,21,431,0,0
804.0611730048478,119,69,0,0
804.302022813942,6,92,0,0
804.4040694220895,8,218,0,0
804.4050331982043,41,31,0,0
804.9251550700861,8,39,0,0
804.971849035399,12,1230,0,1
804.9730913187058,46,134,0,0
804.9971124273744,193,1880,0,1
805.2616337510932,23,252,0,0
805.3059017941321,26,27,0,0
805.4523141727813,473,147,0,0
805.4659244895144,2883,397,0,0
805.4720370249023,88,510,0,0
805.9811651051406,15,256,0,0
806.0884717164543,23,134,0,0
806.2734165761464,43,384,0,0
806.3362142799076,39,138,0,0
806.3393538074515,10,144,0,0
806.3418921366588,191,633,0,0
806.3519435859514,296,373,0,0
806.3538765576034,5,8,0,0
806.3894523734905,29,397,0,0
806.3899629229161,6,299,0,0
806.3906118762625,258,289,0,0
806.4259718799924,4,144,0,0
806.4670129812941,933,481,0,0
806.5474444225549,44,38,0,0
806.5930137622249,88,118,0,0
806.5942362682237,65,26,0,0
806.6923697938075,1100,43,0,0
807.1155190667896,9,193,0,0
807.1299821647284,116,636,0,0
807.1307380516115,80,89,0,0
807.7015482418303,15,384,0,0
807.7945571211933,7,320,0,0
807.7952266550445,108,65,0,0
807.8341007462873,109,42,0,0
808.2335473457722,64,45,0,0
808.238706210042,47,422,0,0
808.291561751184,193,179,0,0
808.2921382781017,54,521,0,0
808.3010509062199,5,144,0,0
808.3316554170126,18,211,0,0
808.419931574518,16,227,0,0
808.5556324087624,210,13,1,0
808.8392749406248,356,86,0,0
808.850683477487,114,331,0,0
808.9487329156835,41,567,0,0
808.9517849079859,406,391,0,0
808.9960134545288,488,93,0,0
811.7546955411339,65,131,0,0
811.9537541236697,2793,165,0,0
811.9599352411387,1908,470,0,0
812.0545975843078,21,2360,0,1
812.2097770571156,3093,772,0,0
812.4036083342778,1175,284,0,0
812.5874552930312,78,53,0,0
812.6275974709278,11,248,0,0
812.6302947999675,1343,31,0,0
812.6834277719095,337,320,0,0
812.6881538139123,1349,596,0,0
812.6994485202231,12,181,0,0
812.7016281528581,16,196,0,0
812.7129531966194,10,173,0,0
815.8732665334468,7,132,0,0
815.8906050040384,28,504,0,0
815.9327126028325,22,157,0,0
815.9396841673496,134,426,0,0
815.9778046767395,148,79,0,0
816.252068369768,11,14,0,0
816.4142748754381,184,225,0,0
816.4279125906586,772,332,0,0
816.4320768465549,14,250,0,0
816.4362844139035,20,43,0,0
816.4395065462154,68,33,0,0
816.4445904307412,19,500,0,0
816.6201407794557,155,564,0,0
816.6213531026543,19,419,0,0
816.6424322427788,15,106,0,0
816.6572198658783,1680,148,1,0
816.7028477408608,216,89,0,0
816.7353819069161,6,163,0,0
816.7832478432969,32,483,0,0
816.7867048179269,951,426,0,0
816.8857552918178,6,444,0,0
816.8858318919773,45,316,0,0
817.1034559560607,1245,38,0,0
817.1279882258809,7429,763,1,0
817.135210729432,10,113,0,0
817.2036001148742,543,175,0,0
817.238107345743,8,6990,0,1
817.2626504358377,53,38,0,0
817.2638209073284,1252,476,0,0
817.2648747957653,17,48,0,0
817.2765338848812,19,117,0,0
817.312616040651,77,418,0,0
817.315474939868,30,111,0,0
817.4835024429697,129,2410,0,1
817.7271046997095,9,280,0,0
817.7718829940202,22,19,0,0
817.9424273815573,89,404,0,0
817.9611425688597,56,139,0,0
817.9639104224433,44,141,0,0
817.9675977834377,7,321,0,0
817.9854027952584,46,279,0,0
818.0843859954933,27,502,0,0
818.1161887479806,7,276,0,0
818.5484073666158,34,180,0,0
818.549582177291,26,82,0,0
818.5580334709489,855,361,0,0
818.5629392296195,720,101,1,0
818.5768794942351,34,286,0,0
818.5820202781388,34,84,0,0
818.7015171859015,15,8,0,0
818.7040920743117,286,137,0,0
819.4940712091717,144,527,0,0
819.502180829863,70,221,0,0
819.6182445252405,286,767,0,0
819.9001776375067,9,520,0,0
819.900812702685,10,318,0,0
819.9603108212671,36,467,0,0
819.9727925497139,1534,16,0,0
819.9853499178951,67,4150,0,1
820.0048856140567,5,2260,0,1
820.0575075390237,46,252,0,0
820.084617958774,64,169,0,0
820.0862482509382,6,163,0,0
820.1326119771234,10,1850,0,1
820.2441312066642,3060,121,1,0
820.2807813256576,28,243,0,0
820.2810887223872,7,147,0,0
820.2829646082857,46,134,0,0
820.3089794198715,36,361,0,0
820.3322826126977,21,316,0,0
820.378217975945,5,124,0,0
820.3911693637584,982,468,0,0
820.4007419451856,8,100,0,0
820.4116223629692,145,205,0,0
820.4219810132422,1526,19,0,0
820.4314478537448,130,255,0,0
820.4330508128088,15,111,0,0
820.4698228600591,9,602,0,0
820.4859098675647,11,280,0,0
820.615673832551,18,151,0,0
820.6193824053263,94,165,0,0
820.626641669617,9,327,0,0
820.645963893224,9,259,0,0
820.676408818494,178,159,0,0
820.7515802959394,18,343,0,0
820.7562733014464,290,299,0,0
821.2203259869939,6,161,0,0
821.2551884691204,12,513,0,0
821.257833469862,657,485,0,0
821.2670748207687,112,141,0,0
821.2882524225719,8,86,0,0
821.3410927117854,51,48,0,0
821.4627171399045,173,4430,0,1
821.4750809538988,17,379,0,0
821.4863655928366,61,8,0,0
821.4864971847373,742,23,0,0
821.4874429172229,29,301,0,0
821.4876294356407,13,768,0,0
821.4888009637236,35,152,0,0
821.6201041749972,21,373,0,0
821.6313104193983,29,262,0,0
821.6317595457366,407,374,0,0
821.6332234852435,18,257,0,0
821.8279006045902,32,410,0,0
821.8294788614631,119,69,0,0
821.8296313999449,5,86,0,0
821.8304805380504,4,232,0,0
821.8403037688838,11,701,0,0
821.8552749184266,11,17,0,0
821.991359102286,18,178,0,0
822.0183504265302,15,600,0,1
822.0474077901696,400,328,0,0
822.0493494020851,131,533,0,0
822.0637254210948,60,603,0,0
822.065645999696,9,87,0,0
822.067148868272,742,335,0,0
822.0688075967281,37,115,0,0
822.126213699713,48,345,0,0
822.1675098616605,22,265,0,0
822.1957745173494,18,259,0,0
822.1994096674197,7,191,0,0
823.9246790125092,26,7000,0,1
823.9307267082756,206,1340,0,1
823.9657803483012,14,21,0,0
823.9915091395392,8,271,0,0
824.224843903562,27,410,0,0
824.251843839833,34,447,0,0
824.3012116695633,18,228,0,0
824.325820794311,6,169,0,0
824.3307060016544,79,554,0,0
824.3341486547565,20,73,0,0
824.338509237717,7,100,0,0
824.3556162789162,353,261,0,0
824.3903592785736,54,87,0,0
824.3910271578023,54,352,0,0
824.4155654086987,7,145,0,0
824.4275410633816,30,736,0,0
824.4285723715294,101,566,0,0
824.4510082972514,116,21,0,0
824.4666047381243,10,255,0,0
824.4701890712169,2090,294,1,0
824.4776484527274,142,23,0,0
824.5837633699222,51,418,0,0
824.6316996423787,89,4340,0,1
824.6563881120687,51,767,0,0
824.6574739238646,81,64,0,0
824.6749204023079,48,45,0,0
824.7303525978613,38,166,0,0
824.7650676607669,361,356,0,0
826.4475682901895,13,98,0,0
826.4572444942754,14,264,0,0
827.0016895776914,18,152,0,0
827.2731736575361,8,1360,0,1
827.2780261738174,30,197,0,0
827.2790878829509,794,385,0,0
827.9593848063273,4,58,0,0
827.9882515233429,1103,30,0,0
827.994709613717,31,95,0,0
828.5631298383253,36,90,0,0
828.571585405612,10,337,0,0
828.5772504606957,15,306,0,0
828.6046553202937,764,162,0,0
828.8447087311642,373,783,0,0
828.8457792986578,21,437,0,0
828.8469886707061,102,323,0,0
828.8539103278555,15,152,0,0
828.8707138087148,19,271,0,0
828.8707519917273,3653,252,0,0
828.9271635691734,49,216,0,0
828.9275731302682,15,375,0,0
828.928802718131,166,351,0,0
829.2967069874223,57,3620,0,1
829.297855819145,297,167,0,0
829.3217293474812,97,398,0,0
829.3372569273286,21,64,0,0
829.401484332424,8,767,0,0
829.4056857276447,27,234,0,0
829.4353076986383,9,198,0,0
829.4434892155172,37,169,0,0
829.4734178181254,21,116,0,0
829.4780409258447,17,333,0,0
829.5031268318393,16,255,0,0
829.5176046822739,468,335,0,0
829.5348405488387,240,147,0,0
829.5392636115572,4,26,0,0
829.5420168781465,4,90,0,0
829.6232512311178,1012,471,0,0
829.6342243844398,21,194,0,0
829.6590453054482,998,87,0,0
829.8182619714084,15,121,0,0
829.824429359659,16,415,0,0
829.8849234573881,1831,47,0,0
829.9044686529497,7,17,0,0
829.9294474417791,15,285,0,0
830.5361846104255,7,258,0,0
830.5522086109121,492,7700,1,1
830.596658078853,266,197,0,0
830.628839700795,117,460,0,0
830.7180769025279,12,3000,0,1
830.7218943459242,41,10,0,0
830.9102225066694,56,442,0,0
830.9102762442711,6,248,0,0
830.910655710596,12,247,0,0
830.9110053375676,216,83,0,0
830.9371832728397,840,767,1,0
830.9849298748355,114,256,0,0
830.9890087648752,6,215,0,0
831.2331990378817,2160,584,1,0
831.2772295328126,30,113,0,0
831.2779341915763,82,159,0,0
831.2790732849093,22,312,0,0
831.2838995022312,12,1950,0,1
831.2919921979233,5,370,0,0
831.3254459481934,8,283,0,0
831.3273355034175,8,504,0,0
831.4011068409395,2105,275,0,0
831.4130889441411,21,203,0,0
831.4154080925291,152,186,0,0
831.6492558459108,1993,3200,0,1
832.1864340834126,14,93,0,0
832.1901407230374,69,324,0,0
832.2014053149397,101,241,0,0
832.2280613122499,8,283,0,0
832.2490372985711,10,275,0,0
832.2571518569288,13,270,0,0
832.2637639334606,17,493,0,0
832.2948691619422,512,122,0,0
832.510619981517,103,583,0,0
832.5112226151123,1276,251,0,0
832.5143073845384,15,362,0,0
832.7611711593177,30,289,0,0
832.7791167256308,22,278,0,0
832.7806786678044,14,156,0,0
832.7857730901513,53,506,0,0
832.8256440152273,69,506,0,0
832.857286991661,666,258,0,0
832.947121859711,65,657,0,0
832.960821982523,165,74,0,0
832.966019015388,33,201,0,0
832.9665808706852,720,121,0,0
832.977884042716,17,322,0,0
832.9876026514576,27,193,0,0
833.520220658367,13,606,0,0
833.6828428862386,1250,453,0,0
833.6929052419958,16,246,0,0
833.6944398401796,14,1230,0,1
833.6950925100235,204,2720,0,1
833.6951958662378,14,52,0,0
833.7171799923111,662,99,0,0
833.8744431777951,266,591,0,0
833.8884129360715,114,329,0,0
833.9455168771987,3357,157,0,0
833.949667818578,24,342,0,0
834.3433426466909,17,526,0,0
840.3138475933545,18,129,0,0
840.4525692031069,17,258,0,0
840.5050310715419,103,200,0,0
840.5710690061949,12,326,0,0
840.581965237952,488,308,0,0
840.5905914957624,1132,1030,0,1
840.5992423366775,1704,24,0,0
840.6115637624827,8,175,0,0
840.6313348571929,999,272,0,0
840.6695311219731,11,1070,0,1
840.6849560967584,6,60,0,1
840.770089403969,116,335,0,0
840.7716436712017,518,619,0,0
840.781705972747,231,142,0,0
840.795040056007,15,220,0,0
840.8265837388691,167,394,0,0
840.8466460895274,60,422,0,0
840.8902450003251,470,255,1,0
840.8973907602284,18,272,0,0
840.9002243100059,1802,2970,0,1
840.910874677135,895,36,0,0
840.9406800418502,220,2840,1,1
841.0022410302071,14,172,0,0
841.7042157147135,14,448,0,0
841.7259936306974,573,118,0,0
841.7304755740165,1608,22,0,0
841.7703686674354,10,322,0,0
841.7792024033902,10,264,0,0
841.8480132599609,670,311,1,0
842.2462339728343,51,329,0,0
842.2717891977268,89,317,0,0
843.2982978456491,6,216,0,0
843.3102916044877,33,164,0,0
843.3157210153825,568,154,0,0
843.3158998630195,28,312,0,0
843.3327811910011,11,414,0,0
843.3346862569842,20,231,0,0
843.3429716876254,13,198,0,0
843.35864985222,87,372,0,0
843.359223067097,43,292,0,0
843.3595495660993,52,208,0,0
843.4785511544679,375,70,0,0
843.486073979645,42,236,0,0
843.7155726764627,7,153,0,0
843.7164350516447,94,165,0,0
843.7174033721387,130,1390,1,1
843.8057034209356,229,586,0,0
844.2194225741258,85,249,0,0
844.2200004058628,13,255,0,0
844.2578752397359,29,227,0,0
845.1638210093373,17,681,0,0
845.3502841933728,51,326,0,0
845.4514145068088,97,67,0,0
845.4648948956756,11,1340,0,1
845.4684538260506,31,772,0,0
845.540997244925,214,21,0,0
845.5739495660255,804,284,0,0
845.5752558455505,6,280,0,0
845.5757511113901,41,180,0,0
845.5769722236988,95,763,0,0
845.6068750669692,9,332,0,0
845.6434958215233,1394,157,0,0
845.6463146124496,3327,129,0,0
845.8879726162343,19,508,0,0
845.9502318326827,18,474,0,0
846.0047735149437,215,416,0,0
846.0233764782108,73,205,0,0
846.0280697659391,40,615,0,0
846.0286808509934,42,201,0,0
846.0303243904442,930,106,1,0
846.038162761953,111,136,0,0
846.0653012278431,332,452,0,0
846.073435773874,18,166,0,0
846.0879895711367,10,1100,0,1
846.1051429968563,4150,110,1,0
846.1511843526474,16,85,0,0
846.2073538649713,29,71,0,0
846.215682074681,41,243,0,0
846.2332328491586,11,369,0,0
846.2447037868769,6,159,0,0
846.2459454933163,9,330,0,0
846.9257947777375,150,106,1,0
846.9346283643439,3980,309,1,0
846.9386189225648,33,289,0,0
846.9396379333665,5970,418,1,0
846.9677483376241,13,178,0,0
846.9720316928365,742,42,0,0
846.9990497207484,900,337,0,0
847.0091256608091,68,267,0,0
847.0572329073483,662,542,0,0
847.0668173146252,508,54,0,0
847.0686102546327,34,623,0,0
847.0826624961567,577,310,0,0
847.1786735056334,460,499,0,0
847.2064167220741,24,3350,0,1
847.2231228002738,162,363,0,0
847.3636037483511,75,322,0,0
847.3981124575131,9,212,0,0
847.4768545356519,4,8,0,0
847.4825051716384,867,195,0,0
847.493452789786,136,78,0,0
847.5014879827613,390,604,0,0
847.7663397695233,26,99,0,0
847.9672304313464,7,10,0,0
850.1299956320875,38,383,0,0
850.2781598007981,61,471,0,0
850.2784249455957,10,243,0,0
850.2872673894942,13,283,0,0
850.3440924123453,491,246,0,0
854.1868058529909,29,27,0,0
854.1888748833023,180,257,1,0
854.2999221592859,1082,773,0,0
854.337877379852,48,322,0,0
854.3380730510718,761,13,0,0
854.3453146940956,330,259,0,0
854.4456393318411,16,215,0,0
854.4695027830495,136,489,0,0
854.470836898728,6,227,0,0
854.4802123082385,13,43,0,0
854.4911488231023,364,250,0,0
854.8781930927055,27,170,0,0
855.0512995876028,16,80,0,0
859.3698485909933,22,171,0,0
859.414690112686,53,462,0,0
859.5265168477733,27,335,0,0
859.5268014585154,18,215,0,0
859.5284573167055,11,57,0,0
859.5354863266208,326,499,0,0
859.5463259096401,29,216,0,0
859.5470612323855,18,227,0,0
859.5581537834566,8,218,0,0
859.5631584646707,42,48,0,0
859.695381704808,5,435,0,0
859.7422649566671,15,670,0,0
859.7478946822362,1800,258,1,0
859.767271918638,20,289,0,0
860.1112685215622,11,2520,0,1
860.11200365487,2627,224,0,0
860.6326878139598,160,2410,1,1
860.6331512413595,2137,117,0,0
860.6481467838739,14,265,0,0
860.650865322634,3478,196,0,0
860.6669176503211,12,164,0,0
860.6823683907918,27,32,0,0
860.6836822596491,99,766,0,0
860.7131039929616,8,207,0,0
860.7200843372726,20,281,0,0
860.7275549780982,2870,83,0,0
860.7453882726851,9,3370,0,1
860.7644340584012,22,561,0,0
860.7810710776324,20,45,0,0
860.796526915067,46,471,0,0
860.8143525488787,45,453,0,0
860.8205499892151,33,332,0,0
860.8223683213619,503,236,0,0
860.9625027114286,439,225,0,0
860.9642222696875,10,262,0,0
860.990537942711,150,148,0,0
861.4449201952175,9,101,0,0
861.4534194299384,11,19,0,0
861.4654443212605,29,1050,0,1
861.4827588412744,70,80,1,0
861.538190925492,6,166,0,0
861.5725047129467,67,238,0,0
869.6159411691168,42,318,0,0
869.6164193588031,7,114,0,0
869.621875893018,8,40,0,0
869.638074256327,75,63,0,0
869.7000911113599,22,298,0,0
869.7625510528273,10,404,0,0
869.784425299574,84,315,0,0
870.0797116273668,11,494,0,0
870.0839033541578,63,351,0,0
870.1114312645493,13,126,0,0
870.1655318079646,47,255,0,0
870.1661348312776,225,4,0,0
870.1916541464302,16,76,0,0
870.1965452980949,10,248,0,0
870.356199178384,69,474,0,0
870.5009772924641,93,233,0,0
870.5011002300375,12,24,0,0
870.5225515014628,27,170,0,0
870.7389593660035,68,770,0,0
870.7424842818939,285,767,0,0
870.7562180603398,910,521,1,0
870.7685278270046,2288,237,0,0
870.7765704261656,691,757,0,0
870.7775170612102,14,269,0,0
870.7786549337271,14,137,0,0
870.7807705806275,223,261,0,0
871.1703838249942,948,297,0,0
871.1823692218798,45,31,0,0
871.1847232359457,1240,452,0,0
871.1890970758341,10,730,0,1
871.2015003716606,420,147,0,0
871.4060047014814,13,76,0,0
871.4144918897458,12,220,0,0
871.5169282204149,83,16,0,0
871.6132640935539,206,102,0,0
871.6498466777274,16,285,0,0
871.655574369452,3857,160,0,0
871.7775565661348,7,76,0,0
871.7782957343421,14,167,0,0
871.8010536724328,67,14,0,0
871.801547701129,1467,345,0,0
871.801909625747,10,287,0,0
871.8306395408844,287,51,0,0
871.8622321146283,6,388,0,0
871.9364169454537,54,629,0,0
871.9519006859639,17,21,0,0
872.8319451870238,17,282,0,0
872.9253081671619,82,159,0,0
872.9271935811909,133,131,0,0
872.9842946328129,456,78,0,0
872.9847749103894,39,289,0,0
873.0097523544227,669,428,0,0
873.0441328968986,6,87,0,0
873.0492361886885,648,319,0,0
873.0971608182848,340,339,0,0
873.1826784048226,12,707,0,0
873.1910164945632,106,767,0,0
873.3102716311505,10,287,0,0
873.3212953374688,15,190,0,0
873.357432261959,7599,593,1,0
873.3588900832716,77,2790,0,1
873.4338815398379,50,65,0,0
873.4375261799796,101,45,0,0
873.454959537342,6,398,0,0
873.5517118507088,1305,447,0,0
873.6058392210135,158,57,0,0
873.6785035593979,550,254,1,0
873.6809147437095,16,119,0,0
873.8988470367167,92,6,0,0
873.9034216780549,370,111,0,0
873.9093788261405,400,524,0,0
874.0488535507958,83,108,0,0
874.0603384126605,41,14,0,0
874.0768437991507,40,154,1,0
874.0865195102353,110,21,1,0
874.0876123695798,1432,110,0,1
874.1156987335771,108,326,0,0
874.252831394612,576,130,0,0
874.2640259633115,39,345,0,0
874.4248783225987,13,258,0,0
874.4305128529627,250,243,1,0
874.4441494960158,78,206,0,0
874.4559027253794,30,255,0,0
874.4676722409572,230,338,1,0
874.4818839613644,61,215,0,0
874.4831433928113,100,238,1,0
874.4901405137871,8,217,0,0
874.5074925192681,613,33,0,0
874.5099053009933,10,767,0,0
874.5144562342236,21,131,0,0
874.5279330902355,80,498,0,0
874.5490542534167,14,153,0,0
877.3129481201443,41,287,0,0
877.3159589627849,31,31,0,0
877.4278410654175,29,75,0,0
877.4421643220159,1923,355,0,0
877.5305116349726,17,651,0,0
877.6250780188374,12,767,0,0
877.6321136952865,29,306,0,0
877.6593423991318,1901,241,0,0
877.6645234253041,136,211,0,0
877.6751369300041,305,38,0,0
877.675414826518,1043,772,0,0
877.6862817992575,37,64,0,0
877.7008674536298,45,173,0,0
877.7087251772148,1174,176,0,0
878.3573928539079,672,724,0,0
878.3620394578097,8,309,0,0
878.3746108278406,8,455,0,0
878.3823019724844,430,126,0,0
878.3830859965537,179,442,0,0
878.4404897056855,418,320,0,0
878.4430271323506,30,205,0,0
878.4477566931308,774,1180,0,1
878.4583190717357,8,767,0,0
878.4963248796313,13,234,0,0
878.8093088705482,74,233,0,0
879.6505975521872,9,550,0,0
879.7524537044726,155,202,0,0
879.9144385430584,2168,305,0,0
879.9160716310954,10,17,0,0
879.9212366133323,4,25,0,0
879.9378387583503,289,368,0,0
880.0045634145523,199,676,0,0
880.0690126966651,7,88,0,0
880.123427815443,28,220,0,0
880.5615304435335,35,710,0,0
880.5775233593546,22,165,0,0
880.5940317587163,3327,129,0,0
881.3893307921358,140,76,1,0
881.6559442316731,16,197,0,0
881.6689033476996,36,339,0,0
881.6716737290653,16,251,0,0
881.7037909191738,76,767,0,0
881.710893935477,78,51,0,0
881.8311532172664,105,74,0,0
881.867365554719,326,560,0,0
884.7322567550628,583,769,0,0
884.7658645649543,86,741,0,0
884.8872648992525,253,550,0,0
884.9869420467606,57,242,0,0
885.0054841187927,69,42,0,0
885.0174757632304,250,359,1,0
885.0223728157632,938,219,0,0
885.0271541399329,11,418,0,0
885.0356309404706,84,26,0,0
885.0575286035264,580,126,1,0
885.0915392579035,17,70,0,0
885.137347465231,22,488,0,0
885.1390602958786,3855,295,0,0
885.3303303228756,1272,6920,0,1
885.5120019830402,44,220,0,0
885.5286441986185,10,246,0,0
886.1171791719888,31,375,0,0
886.1871811759086,188,81,0,0
886.1888641486261,10,337,0,0
887.4678921576404,80,158,0,0
887.4695801428884,9,494,0,0
887.5360455672629,170,129,1,0
887.548091812245,16,305,0,0
887.5694753471016,2253,215,0,0
887.5710343423654,353,297,0,0
887.5725021856551,19,90,0,0
887.5736202631844,11,6400,0,1
887.5851765486643,2380,24,0,0
887.5863851443496,24,408,0,0
887.600030336355,14,118,0,0
887.6138820704759,8,199,0,0
887.7213152472875,51,286,0,0
888.4285874832557,27,57,0,0
888.4313541412517,390,324,1,0
888.4518075158135,14,249,0,0
888.4524474034667,851,659,0,0
888.4827156494912,26,2260,0,1
888.5803561239877,131,296,0,0
888.6901064824419,660,26,0,0
888.709833958984,35,24,0,0
888.7399779761772,33,305,0,0
888.7483611202231,2525,164,0,0
888.7497944320137,12,86,0,0
888.895671789394,13,111,0,0
890.399244100786,15,672,0,0
890.410402576718,10,193,0,0
890.4131241857025,107,82,0,0
890.417954491356,12,255,0,0
890.4261164454547,40,239,0,0
891.3322011470933,48,56,0,0
891.3813055730991,42,427,0,0
891.4279830168106,220,156,1,0
891.5124582050579,121,142,0,0
891.5171258650188,31,238,0,0
891.5268541035352,813,179,0,0
891.5274618347601,24,232,0,0
891.615375970979,457,768,0,0
891.6175095297964,8,433,0,0
891.6281910128481,39,170,0,0
891.6304451896401,6,252,0,0
891.6484842206263,22,220,0,0
891.7527329422593,117,153,0,0
891.855196242067,6,89,0,0
891.8760356480075,93,1280,0,1
891.9536442999064,10,258,0,0
891.9547685438692,137,135,0,0
891.9771420307145,69,84,0,0
891.9837443295469,28,473,0,0
892.0012836140363,333,175,0,0
892.0048907137142,329,109,0,0
892.0058736709702,142,295,0,0
892.0168717262848,32,252,0,0
892.0242196187122,216,97,0,0
892.0260851005714,59,30,0,0
892.0262424242844,11,254,0,0
892.485275113671,169,246,0,0
892.5080758664524,70,93,1,0
892.6420643462068,10,82,0,0
896.3943853726747,10,171,0,0
896.3958877841427,31,90,0,0
896.5728657130699,1221,21,0,0
896.5801356695162,19,187,0,0
896.7106470423568,176,104,0,0
896.7297232461851,15,66,0,0
896.8086079363453,9,88,0,0
897.9988550596238,9,348,0,0
898.652453166691,74,764,0,0
898.6848498483517,210,194,1,0
898.6928629657283,9,311,0,0
898.7411956141736,44,592,0,0
898.7441965348337,18,178,0,0
898.8405903314141,959,769,0,0
900.373777843301,66,474,0,0
900.3795903440559,38,337,0,0
900.3885096528176,20,398,0,0
900.4380908537826,1819,22,0,0
900.4446464153597,113,37,0,0
900.4524813623718,30,198,0,0
900.4960643080564,12,244,0,0
900.7747690940691,506,57,0,0
900.8635774794828,37,256,0,0
900.8873056146206,293,144,0,0
900.8930097100889,33,655,0,0
900.9917720851396,8,213,0,0
901.0669479051909,350,485,1,0
901.5737157286339,230,768,0,0
901.7102423440626,85,310,0,1
901.7309083249069,13,181,0,0
902.3488840742242,340,31,1,0
902.564694267958,12,262,0,0
902.5702991023597,1536,51,0,0
902.7206071495925,1020,121,0,0
902.9117495544259,5,168,0,0
903.0282099426161,6,144,0,0
903.0310885428303,10,99,0,0
903.1236804005205,10,19,0,0
903.1683089124766,365,697,0,0
903.1750428790508,114,220,0,0
903.182364161101,13,2960,0,1
903.1844493053675,140,447,1,0
903.2474531204919,25,458,0,0
903.2500056460127,44,74,0,0
903.2839673519497,10,269,0,0
903.3226611624974,420,41,1,0
903.3242405271709,85,347,0,0
903.3257978843551,17,313,0,0
903.3342801784506,208,146,0,0
903.3408562927109,410,499,0,0
903.3413032996825,541,313,0,0
903.4030927263223,8,160,0,0
903.4957907893518,15,260,0,0
903.5871176073545,153,356,0,0
903.6473320220601,14,4820,0,1
903.6477011689735,60,125,0,0
903.6477378265139,92,78,0,0
903.6645289252344,12,202,0,0
903.6667433193907,1061,540,0,0
903.7067712423276,42,20,0,0
903.7104297375116,19,338,0,0
903.738432546355,54,356,0,0
903.8707016671054,54,300,0,0
903.875465271263,17,207,0,0
903.8835539074677,9,419,0,0
903.9879302403086,14,86,0,0
903.9890093592762,12,211,0,0
904.0214293676057,245,3100,0,1
904.0225527059367,69,672,0,0
904.0230271882034,95,93,0,0
904.0861443446892,1186,734,0,0
904.0867928168227,9,247,0,0
908.9945275837428,9,243,0,0
909.0141019215395,661,310,0,0
909.1351642573343,270,170,0,0
909.1893492357626,14,450,0,0
909.1932970630656,9,18,0,0
909.2108109682845,13,431,0,0
909.2122066632853,66,734,0,0
909.2135735968194,4,53,0,0
909.2196766308294,5,585,0,0
909.2294192996875,9,30,0,0
910.2814391931033,107,252,0,0
910.3062048686671,14,296,0,0
910.3637220575325,11,368,0,0
910.4055457980379,48,152,0,0
910.4132080145121,19,1530,0,1
910.4985766834399,21,393,0,0
910.5076992821394,96,338,0,0
910.5451974487345,37,94,0,0
910.5497239970696,30,74,0,0
910.6244659262004,875,24,0,0
910.6246832303773,90,494,1,0
910.6762787238337,7,99,0,0
910.9306598399165,185,352,0,0
910.9799657854991,729,251,0,0
910.9835014279081,19,311,0,0
911.1977562500466,8,424,0,0
911.2013300158019,5,290,0,0
911.2452087032378,23,57,0,0
911.262974512855,395,286,0,0
911.3253930896536,6,87,0,0
911.3780708480639,48,316,0,0
911.4411961051983,16,15,0,0
911.6205652705631,90,186,0,0
911.6275444899593,300,764,1,0
912.2997181721903,16,116,0,0
912.3239092628368,19,451,0,0
912.5039519098653,12,268,0,0
912.564623064626,40,5190,0,1
912.5824225104768,5,251,0,0
912.606405224838,17,288,0,0
912.7379546579901,8,130,0,0
912.7630690573378,9,374,0,0
913.002137282904,68,616,0,0
913.0142429111426,386,135,0,0
913.0152463416387,20,197,0,0
913.0280745827343,110,196,0,0
913.1166789014264,7,275,0,0
913.1203433447356,25,98,0,0
913.1240259124664,22,143,0,0
913.133666649166,152,773,0,0
913.1358493566629,29,329,0,0
913.1420852742173,10,485,0,0
913.2152421064559,10,171,0,0
913.3116545774228,91,242,0,0
913.320566628643,4,185,0,0
913.3270873926571,5,772,0,0
913.3504710531959,19,76,0,0
913.4301748783163,38,705,0,0
913.6279006784451,13,321,0,0
913.7004349606523,1160,87,1,0
914.0878629381957,140,176,0,0
914.1514238153334,5,233,0,0
914.165723252963,50,348,0,0
914.2495758682376,625,731,0,0
914.2684063547794,141,614,0,0
914.269012357759,111,39,0,0
914.2698690495254,28,396,0,0
916.942930999186,5,123,0,0
916.9716169810202,6,42,0,0
916.9783593901481,14,176,0,0
916.9785827676328,41,391,0,0
917.3073359212581,27,296,0,0
917.4360227244623,2263,243,0,0
917.4538760739439,23,155,0,0
917.4547621264877,926,356,0,0
917.4844882543289,43,410,0,0
917.5427511114607,11,195,0,0
917.5479222501532,9,769,0,0
917.5894805102525,2258,371,0,0
917.677669157776,11,401,0,0
917.7107413160347,9,150,0,0
917.7328720741059,8,664,0,0
917.7485903871158,291,220,0,0
917.8335725132259,14,608,0,0
917.8338268233379,71,20,0,0
917.8341511262806,18,4820,0,1
917.8343294082146,7424,768,1,0
917.8361474840162,151,320,0,0
917.8402876606312,10,248,0,0
917.8404439769112,66,525,0,0
917.8420228774181,23,666,0,0
917.8480116888368,5,221,0,0
917.9598821061835,14,31,0,0
917.9620713738809,169,104,0,0
917.9873360739831,32,427,0,0
917.994916017617,11,633,0,0
918.0160399985791,17,257,0,0
918.0180910005661,8,756,0,0
918.021804714544,13,333,0,0
918.0410641324996,21,298,0,0
918.070958149204,16,519,0,0
918.109202783643,729,458,0,0
918.3275217040466,134,32,0,0
919.3192322123286,10,244,0,0
919.5473800823817,13,82,0,0
919.61922613044,230,308,1,0
919.6218045139963,190,627,0,0
919.6280449379907,11,249,0,0
919.838389555601,62,248,0,0
919.8840822288147,18,358,0,0
919.8891811709434,117,93,0,0
920.3451736295551,177,42,0,0
920.8214651865721,39,33,0,0
920.893883223496,629,390,0,0
921.0743472577159,2350,327,0,0
921.1985728794232,23,99,0,0
921.210279422474,73,51,0,0
921.3697966532716,807,385,0,0
921.4016428632114,37,327,0,0
921.5670836740179,65,369,0,0
921.7935261577182,20,97,0,0
921.7948565524704,23,24,0,0
921.8123196372553,8,417,0,0
921.8210539496212,15,353,0,0
921.8309775754499,127,114,0,0
921.8341003599833,14,167,0,0
921.8458899273732,123,615,0,0
921.8512377432356,17,3160,0,1
921.8513933230092,344,327,0,0
922.0694607834513,25,12,0,0
922.0778469005159,38,705,0,0
922.0798354511169,12,386,0,0
922.0976786742444,73,198,0,0
922.0982368636353,20,261,0,0
922.1037009644955,17,458,0,0
922.1040714364036,97,234,0,0
922.155950873773,991,2890,0,1
922.1618762532423,1579,748,0,0
922.5582115265219,110,338,1,0
922.6175057854038,8,165,0,0
922.7304452817922,21,262,0,0
922.9504706592337,10,263,0,0
922.9545856013158,9,217,0,0
922.9594730322967,38,75,0,0
922.9598041628952,98,169,0,0
922.9598653698297,11,344,0,0
922.9643576832676,35,674,0,0
922.970305668221,21,445,0,0
922.9995338185975,124,270,0,0
923.006207064661,240,382,0,0
923.0065566850151,61,622,0,0
923.1113165306803,120,299,1,0
923.1221504310524,9,3040,0,1
923.1424501647873,1474,335,0,0
923.1687090562566,11,214,0,0
923.174564374843,260,118,1,0
923.1751563248388,7,134,0,0
923.1756415476525,17,225,0,0
923.2513309110972,86,24,0,0
923.2517521869748,31,218,0,0
923.2794726831945,68,208,0,0
925.7463804366367,81,215,0,0
925.7466923075567,121,1840,0,1
925.9269122900082,1034,715,0,0
925.9311655993864,91,627,0,0
925.9413051491028,50,580,0,0
925.9615036114161,35,7150,0,1
926.2934013883839,307,277,0,0
926.300692225908,17,65,0,0
926.304890180888,32,253,0,0
926.4516049488564,124,456,0,0
926.4648731319302,300,308,0,0
926.4653829226585,120,320,1,1
926.469338812065,30,767,0,0
926.5817991086897,13,337,0,0
926.5855220381252,110,389,1,0
926.6972802648729,172,636,0,0
926.6985625823476,25,517,0,0
926.8617085366667,322,133,0,0
926.8621711985259,299,113,0,0
926.8759385790813,21,245,0,0
926.9324069026603,46,133,0,0
926.9330127186352,195,772,0,0
926.9386834634574,31,342,0,0
939.1175463390105,25,236,0,0
939.1630656189224,1232,274,0,0
939.1760030975242,218,559,0,0
939.20154055963,39,622,0,0
939.2025173352362,9,756,0,0
939.4429208282945,14,257,0,0
939.4445334920338,14,699,0,0
939.522672293455,157,160,0,0
939.5361919424923,6,22,0,0
939.546830347146,2246,188,0,0
939.5496403849302,29,84,0,0
939.5861628051873,10,107,0,0
939.5906553080924,29,346,0,0
939.5957673678826,90,474,0,0
939.6735003750958,1081,577,0,0
939.6735967552545,35,35,0,0
940.040668637114,326,159,0,0
940.0417250081455,25,144,0,0
940.0580342743117,7,180,0,1
940.1619817300336,13,161,0,0
940.1646073325193,23,83,0,0
940.7778337116539,38,348,0,0
940.8011856387429,29,585,0,0
940.8051288438801,487,411,0,0
940.8351108538882,12,222,0,0
940.8419516260748,21,190,0,0
940.8422193658404,68,286,0,0
940.9045734712852,36,462,0,0
940.91237518005,17,216,0,0
940.9180279567386,10,267,0,0
941.0606880565585,111,299,0,0
941.0608371935293,27,36,0,0
941.0614951940113,28,660,0,0
941.0737517710801,173,78,0,0
941.07567856816,26,564,0,0
941.077468755121,71,584,0,0
941.1055155438378,18,131,0,0
941.1625864796808,2034,328,0,0
941.1683270952941,4,80,0,0
941.7559144657381,6,278,0,0
941.8469372535803,4,87,0,0
941.8602024873301,28,318,0,0
941.877409792624,642,552,0,0
941.9552574750335,8,639,0,0
941.9576995486383,100,3050,0,1
941.9659403749065,148,83,0,0
941.9741995603451,16,238,0,0
941.9805705155113,15,250,0,0
941.9845856546254,414,308,0,0
942.0104608408551,218,161,0,0
942.0286444154531,82,316,0,0
942.141934000579,8,553,0,0
942.5959522510337,110,60,1,0
942.6020623055152,110,71,1,0
942.6210072718114,16,331,0,0
942.7202164478344,1348,362,0,0
942.7249950823522,18,257,0,0
942.7829120885114,21,303,0,0
942.7846996057638,34,473,0,0
942.821993925967,504,420,0,0
942.8259703222129,1772,250,0,0
942.9829788237882,11,149,0,0
943.0266483107046,4,185,0,0
943.1315855892532,300,297,0,0
943.153075709235,764,677,0,0
943.161864220042,40,113,0,0
943.6548657895809,471,329,0,0
943.6713840361878,22,2430,0,1
943.67930359645,10,209,0,0
943.7005941591095,16,187,0,0
943.7040048362082,42,181,0,0
943.7159357466691,32,114,0,0
943.7342792133574,12,268,0,0
943.7445620383915,12,1650,0,1
943.8461964703955,10,375,0,0
943.8589726196916,65,189,0,0
943.918746333345,1302,264,0,0
943.9334603508947,1166,27,0,0
943.9417296319866,110,137,0,0
943.9438843489799,105,127,0,0
943.9767783644896,9,72,0,0
943.9899610060734,24,191,0,0
944.0080752831725,9,41,0,0
944.0110801364872,126,633,0,0
944.018829326892,90,126,1,0
944.0222473599786,57,43,0,0
944.0234708229881,1157,466,0,0
944.0236701813911,369,320,0,0
944.0552179805024,18,377,0,0
944.1689974882145,10,767,0,0
944.3564456859708,8,254,0,0
944.6718347634744,184,771,0,0
944.6811009688629,27,147,0,0
944.6893121525729,28,415,0,0
944.7290029336173,14,357,0,0
944.7590671820343,10,38,0,0
944.7593496985438,17,296,0,0
944.7694681352572,35,424,0,0
944.8614116068502,55,116,0,0
944.8746551331776,604,127,0,0
945.2199561832019,79,1320,0,1
945.222614667246,850,17,0,0
945.4579938185565,16,590,0,1
945.4854181891415,771,3730,0,1
945.4978897117293,45,534,0,0
945.8663859578201,10,144,0,0
945.950983667769,85,1830,0,1
946.0500657044856,317,165,0,0
946.0629593722787,327,478,0,0
946.0650476358037,33,444,0,0
946.1562612275778,696,640,0,1
946.1567987087969,95,169,0,0
946.1687586639265,45,767,0,0
946.4147541089044,5,74,0,0
946.4212141227064,390,3490,0,1
946.5702780760143,2706,164,0,0
950.4838180872051,135,1450,0,1
950.5002447881058,51,329,0,0
950.5008254997666,65,415,0,0
950.5012017834199,84,232,0,0
950.51254678152,529,364,0,0
950.5346265568273,11,379,0,0
950.9760195895018,13,565,0,0
952.8935703849387,33,1550,0,1
953.0498448246612,73,702,0,0
953.0664703860125,934,221,0,0
953.0789308758777,13,262,0,0
953.2433196245138,43,29,0,0
953.2466221642449,16,409,0,0
953.3722353771234,30,300,0,0
953.3816233590095,15,404,0,0
953.3967463593746,12,198,0,0
953.4179706132599,15,166,0,0
953.6648316033742,280,91,0,0
953.6675593294357,122,245,0,0
953.6745384365992,34,254,0,0
953.7099812596313,455,180,0,0
953.7283231345492,73,767,0,0
953.7437382592958,14,7,0,0
953.7632885543438,65,206,0,0
953.7966542501871,444,234,0,0
953.8781349634634,488,308,0,0
953.8814786192954,20,123,0,0
953.8815837981042,10,363,0,0
954.0547056320883,48,322,0,0
954.0709863868607,115,108,0,0
954.0762077139308,32,353,0,0
954.0776693654547,9,169,0,0
954.0908002628053,57,171,0,0
954.0963839873835,8,477,0,0
954.1476426644313,10,299,0,0
954.4011864319199,13,45,0,0
954.4063524585757,5870,134,1,0
954.4529855853306,11,633,0,0
954.4554497435801,1672,743,0,0
954.4558356151689,11,214,0,0
954.4571478701666,9,92,0,0
954.4588466198408,8,311,0,0
954.5610213710443,190,113,1,0
954.5847343985625,10,284,0,0
954.5943053413174,400,207,1,0
954.5950871121918,7,248,0,0
954.5954746413472,15,299,0,0
954.5963106761923,28,415,0,0
954.6069633789868,22,295,0,0
954.6133249223864,48,510,0,0
954.6143872204328,10,595,0,0
954.6713507649472,1114,142,0,0
954.794533543784,36,319,0,0
954.8184892590201,11,30,0,0
954.8262019260746,13,313,0,0
954.8316545159923,90,532,0,0
954.854559771374,36,394,0,0
954.8584492059251,879,80,0,0
954.9613134384393,33,307,0,0
955.0102270047005,6,303,0,0
955.0400088182275,106,301,0,0
955.0621801909701,17,23,0,0
955.0694306681963,43,436,0,0
955.1209755718103,9,214,0,0
955.1448359977018,61,11,0,0
955.1556418873747,71,96,0,0
955.158760190439,1500,221,1,0
955.1987271078956,343,488,0,0
955.2101122581535,43,166,0,0
955.239578530133,554,750,0,0
955.2507622803053,8,248,0,0
955.5719495737134,17,233,0,0
955.5744713203835,5,23,0,0
955.5761995657876,204,273,0,0
955.5927017951317,4,255,0,0
955.6021791795977,898,197,0,0
956.3871389792062,29,71,0,0
956.4663245366345,107,159,0,0
956.5784273671444,419,201,0,0
956.7751232134641,65,478,0,0
956.7770247380117,28,401,0,0
956.7869446727145,83,215,0,0
956.8026217308019,7,101,0,0
956.838788339064,169,645,0,0
957.3428404441547,14,880,0,1
957.4017987417503,6080,196,1,0
957.4029123854681,9,15,0,0
958.9650817772937,2079,160,0,0
959.0393522602599,15,607,0,0
959.0404434337659,338,562,0,0
959.1588094557239,34,545,0,0
959.21100852076,15,266,0,0
959.2179407839109,55,80,0,0
959.2391443475109,30,68,0,0
959.2803702991686,6,332,0,0
959.2806627844706,5,580,0,0
959.3632438200832,37,86,0,0
959.4177867321066,10,249,0,0
959.4418347637496,8,222,0,0
959.4436913686384,10,284,0,0
959.4847868344988,268,386,0,0
959.5494351151469,10,44,0,0
959.6925982456221,8,100,0,0
959.6929872696425,9,19,0,0
959.7230076646465,731,383,0,0
959.7254310798023,11,168,0,0
959.7722878785794,29,122,0,0
959.773036157965,188,767,0,0
959.7774968970836,80,144,0,0
959.7775886322913,72,100,0,0
959.780517799474,30,365,0,0
959.8989838250313,124,121,0,0
959.9020126568217,2085,111,0,0
959.9033856043703,43,269,0,0
959.9063153275872,14,373,0,0
959.9110671572307,15,385,0,0
959.9133856648681,460,314,0,0
959.9229183696123,9,21,0,0
959.9325600236049,95,136,0,0
959.947503874268,407,242,0,0
960.9719563038971,28,248,0,0
960.9727042029353,4,98,0,0
961.1589955887016,227,16,0,0
961.3296514327814,46,443,0,0
961.3298195899051,5,168,0,0
961.64438006313,9,345,0,0
962.284433021301,2233,28,0,0
962.3497849852517,17,93,0,0
962.3507270835632,16,350,0,0
962.3540942313443,202,770,0,0
962.3734900049716,10,391,0,0
962.5933470392032,14,2600,0,1
962.6123926583755,81,211,0,0
962.6149846437352,1701,344,0,0
962.7346139730533,101,361,0,0
962.90187202282,28,371,0,0
962.9660914213795,15,161,0,0
963.0184885326282,1571,158,0,0
963.0393539642466,6,25,0,0
963.0460775555482,8,217,0,0
963.0489809926054,22,179,0,0
963.0705195365641,25,341,0,0
963.5534039863912,8,104,0,0
969.1731670506805,26,360,0,0
969.1755471389577,52,117,0,0
969.1779486529199,99,82,0,0
969.1858628733894,395,155,0,0
969.189131838121,44,248,0,0
969.1898511066099,27,243,0,0
969.346254352887,48,289,0,0
969.3537777846677,392,536,0,0
969.3542819206594,5,179,0,0
969.3636833583861,11,207,0,0
969.5000315370961,45,290,0,0
969.5362157518643,1490,767,0,0
969.5441704793614,2077,130,0,0
969.555487590135,16,2260,0,1
969.6283594500862,15,4990,0,1
969.9638117395441,41,297,0,0
970.0271491525091,1450,55,1,0
970.0750235766723,387,527,0,0
970.1142181210121,217,350,0,0
970.1167865503338,21,90,0,0
970.169987938662,383,611,0,0
970.1824377850024,5510,106,1,0
970.2179779337218,160,136,1,0
970.2231897714634,32,233,0,0
970.2446078246978,41,1840,0,1
970.2570979066642,13,527,0,0
970.2573811907752,35,92,0,0
970.2647278023398,90,262,0,0
970.2858852878161,1285,333,0,0
970.2885887771694,293,59,0,0
970.2887483694167,487,143,0,0
970.3002786225114,1450,292,0,0
970.3751980630961,11,79,0,0
970.3879763389546,16,166,0,0
970.4906636184668,205,1560,0,1
970.4916505959267,655,477,0,0
970.523387570597,41,355,0,0
970.5402415720853,1173,36,0,0
970.5402954912066,538,112,0,0
970.5593360405252,334,3380,0,1
970.6621362177975,26,675,0,0
970.6675702676317,13,210,0,1
970.6715834961656,12,344,0,0
970.6724383567622,60,151,0,0
970.7831815851478,65,337,0,0
970.8140894130997,238,198,0,0
970.8175940413645,15,40,0,0
970.8792899248566,80,130,1,0
970.89718587006,262,309,0,0
971.3856167191122,117,3210,0,1
971.86043508652,570,602,0,0
971.9089655620398,17,233,0,0
971.9127595449552,2860,78,0,0
972.1815381152967,12,768,0,0
972.1908487679078,180,22,1,0
972.2104650286713,13,228,0,0
972.225031197802,84,364,0,0
972.239322410094,9,385,0,0
972.2573037971666,25,233,0,0
972.2613964516139,7423,769,1,0
972.2688767588724,113,267,0,0
972.2751251521881,43,482,0,0
972.2757635930573,42,343,0,0
972.2759824223891,79,305,0,0
972.2861327059906,12,24,0,0
972.3009491766426,16,263,0,0
972.314260260964,375,70,0,0
972.3379600443095,42,753,0,0
972.3701181734837,15,154,0,0
972.3826498641205,9,115,0,0
972.3898959024569,18,350,0,0
972.39628481831,20,305,0,0
972.4080333864039,420,474,0,0
972.4107611686586,190,577,1,0
972.4134162120234,1517,43,0,0
972.4169133827546,104,197,0,0
972.4259276222208,940,166,0,0
972.4350450464193,84,110,0,0
972.477479545846,16,234,0,0
972.4856095678884,373,375,0,0
972.4899454681592,185,268,0,0
972.4960731595394,23,52,0,0
972.7004899416537,37,474,0,0
972.758931188153,273,561,0,0
972.8807120745058,712,92,0,0
972.903574528458,26,15,0,0
972.9646491480413,110,46,1,0
972.9882647749318,6,193,0,0
972.996555021968,118,175,0,0
972.9994737648173,5,92,0,0
973.0052615389162,1094,498,0,0
973.0064785649188,9,387,0,0
973.0160998649026,3028,506,0,0
973.0194342561762,18,287,0,0
973.117061234703,6770,396,1,0
973.4587501299732,16,276,0,0
973.5244198798513,107,6,0,0
973.5340020225583,18,182,0,0
973.5785401357724,2792,580,0,0
973.5793222767358,50,7670,0,1
973.5967047040585,60,166,1,0
973.5970452280823,108,463,0,0
973.5979036058843,488,22,0,0
973.6239190226598,1062,401,0,0
973.6696468258763,25,527,0,0
973.8021276342628,28,298,0,0
973.8061874394106,7,299,0,0
973.9176418079966,63,351,0,0
973.9197627411459,177,657,0,0
973.9263607083836,673,391,0,0
973.9443201776352,18,312,0,0
973.9603810120726,148,310,0,0
974.2311840033462,197,168,0,0
974.2374248789324,52,505,0,0
974.2488946724171,203,358,0,0
974.256706469886,38,255,0,0
974.2752664759702,9,156,0,0
974.2778143613707,252,767,0,0
974.2813595796562,18,181,0,0
974.2818930431348,19,313,0,0
974.3962034423587,8,167,0,0
974.4084418782013,9,126,0,0
975.1447123792078,46,471,0,0
975.1528773913928,9,273,0,0
975.8698551038457,30,423,0,0
975.8943444214123,25,394,0,0
975.8967100596261,50,718,0,0
975.9124432220283,250,319,0,0
976.002169301306,29,332,0,0
976.0595637470316,39,345,0,0
976.24825175203,9,478,0,0
976.2592252846416,760,30,0,0
976.7736032464937,11,116,0,0
976.8471250874061,497,399,0,0
976.8613596665704,11,33,0,0
976.8720411034176,12,398,0,0
976.8863304072676,16,406,0,0
976.8909249242408,27,346,0,0
977.116210081192,13,146,0,0
977.1463503654643,23,167,0,0
977.1507801368748,50,328,0,0
977.1779002727403,386,298,0,0
977.1823807417956,155,527,0,0
977.2020847368734,21,42,0,0
977.2372127349847,14,345,0,0
977.427465192022,5,604,0,0
977.4531035640323,226,173,0,0
977.4685898398591,33,7,0,0
977.4749735297298,54,300,0,0
977.4860630587378,11,258,0,0
977.4909276862677,8032,160,1,0
977.4951748756675,48,507,0,0
977.4983946948142,251,296,0,0
977.5439196110002,107,769,0,0
978.7912322659998,318,522,0,0
978.7933693210118,31,252,0,0
978.8468272456181,8,350,0,0
978.8626573967535,47,214,0,0
978.8777658573983,17,434,0,0
978.9493377219635,8,216,0,0
980.6007211225293,1034,91,0,0
981.8237103369768,206,3530,0,1
981.8251120947103,7,3870,0,1
982.0144160685262,11,528,0,0
982.0249613262575,12,452,0,0
982.0730161310247,2253,215,0,0
982.0818328839957,30,103,0,0
982.231056443488,144,765,0,0
982.2322582689944,731,383,0,0
982.2478891348991,26,359,0,0
982.2601281345444,27,197,0,0
982.2652442203397,87,286,0,0
982.2727810459162,67,303,0,0
982.4310145738932,29,489,0,0
982.4326854244089,54,113,0,0
982.5736367736041,17,391,0,0
982.6376424415945,14,275,0,0
982.7058901427324,94,90,0,0
982.7206113738027,12,742,0,0
982.7267393051757,6,445,0,0
982.7323486433909,12,2250,0,1
982.7667159883517,687,113,0,0
982.9866990757895,19,88,0,0
983.005575552302,1774,149,0,0
983.1408499148067,82,218,0,0
983.1457610543213,300,157,1,0
983.1523914277718,66,328,0,0
983.1712081557132,18,192,0,0
983.1850764658955,12,49,0,0
983.4000864446859,447,137,0,0
983.4274202033134,35,199,0,0
983.4388698033084,135,451,0,0
983.4844136603401,83,531,0,0
983.7846658778349,119,769,0,0
983.9082296163901,19,235,0,0
984.9303250368681,20,7670,0,1
985.0052138609735,2397,94,0,0
985.0056504576277,17,381,0,0
985.0131766553504,7,27,0,0
985.0286961227582,10,106,0,0
985.0452399637071,51,754,0,0
985.1750876088561,554,750,0,0
985.231621763231,85,260,0,0
985.2547714937223,30,439,0,0
985.5176530606786,10,213,0,0
985.5215862964178,6,309,0,0
985.5487185368353,12,248,0,0
985.5494565417907,33,330,0,0
985.9408516685661,6,23,0,0
985.9415462660842,1465,763,0,0
986.0291964654951,39,673,0,0
986.0531843190852,1273,367,0,0
986.078952134637,120,73,1,0
986.1097708193528,13,2790,0,1
986.1207445992047,23,281,0,0
989.1449994411871,232,428,0,0
989.1651886080438,260,118,0,0
989.1725770105028,19,134,0,0
990.9985311655437,67,121,0,0
991.0936725578057,11,303,0,0
991.095768081445,1626,399,0,0
991.1458973864039,51,51,0,0
991.164532799818,363,628,0,0
991.2703956699582,49,3490,0,1
991.2850252303101,70,281,0,0
991.3019171318199,40,122,1,0
991.3216022725345,158,233,0,0
991.3259334559995,54,698,0,0
991.8889785470905,67,471,0,0
991.9321646801131,20,714,0,0
991.9662438044084,4,229,0,0
991.9950671993984,5571,283,0,0
992.0238743776943,306,174,0,0
992.0324763109207,59,321,0,0
992.1593608146111,415,27,0,0
992.1801464972033,11,575,0,0
992.1821955829154,6,67,0,0
992.2009969996487,6,125,0,0
992.2362212745293,2163,201,0,0
992.3411963832242,67,483,0,0
992.3475236562521,17,395,0,0
992.3492934249784,22,576,0,0
992.4153429300732,43,420,0,0
992.4626010926374,22,132,0,0
992.6019482090423,73,637,0,0
992.6653417629257,21,80,0,0
992.7215257995906,18,7750,0,1
992.7281175643815,5,143,0,0
992.7584808664693,93,767,0,0
992.7668710002524,2043,135,0,0
992.8431990136916,18,486,0,0
992.8496847556479,293,132,0,0
992.8636551101654,123,496,0,0
992.8714860292617,7,223,0,0
992.8772874913982,21,231,0,0
992.8795862709696,8187,5,1,0
997.1429513332185,87,275,0,0
997.1485680928828,32,429,0,0
997.1526644115819,29,335,0,0
997.1739620075517,40,146,1,0
997.1826576072655,2048,462,0,0
997.185334847719,32,402,0,0
997.3088960323728,19,767,0,0
997.3148813406834,76,242,0,0
997.3229792790128,5,660,0,1
997.5091106145129,151,708,0,0
997.5338014441609,7,366,0,0
997.6321362387986,276,336,0,0
997.7911938903787,13,118,0,0
997.7949879814078,19,180,0,0
997.8810636377505,16,652,0,0
997.9743831295402,114,329,0,0
998.0165777304109,21,425,0,0
998.0742684671324,41,3440,0,1
998.0776712724131,17,349,0,0
998.0813735432685,13,184,0,0
998.0890140550291,9,2820,0,1
998.1022923375357,12,204,0,0
998.1063083290031,5,341,0,0
999.7129743203836,268,159,0,0
999.7646634359131,72,383,0,0
999.8215316852002,7,263,0,0
