arrived_at,num_prefill_tokens,num_decode_tokens,prefill_inflated,decode_inflated
0.0,115,372,0,0
0.001245536887719514,12,3590,0,1
0.002431599202667492,138,95,0,0
0.011363399681032692,199,72,0,0
0.011540274877298801,296,505,0,0
0.023907599286646927,2690,326,0,0
0.02656777932008564,252,767,0,0
0.1343435237964281,2085,13,0,0
0.2566520472911373,14,577,0,0
0.5488316575272734,13,217,0,0
0.6325779988983339,9,56,0,0
0.6488068842504547,51,292,0,0
0.7495365383818111,260,224,1,0
1.115969126863512,5,149,0,0
1.1208516552203587,12,391,0,0
1.1820153964332294,8,194,0,0
1.1985839179842657,8,395,0,0
1.5200479652327261,42,48,0,0
1.5234319780124337,908,196,0,0
1.5333045365084543,19,213,0,0
1.5705499736611905,7,7,0,0
1.600787168764279,640,297,1,0
1.601466909607438,39,130,0,0
1.6385500608819432,19,475,0,0
1.6527872409779192,90,159,1,0
1.663958636722609,34,218,0,0
1.6771854877793773,13,73,0,0
1.7051460679898076,1572,255,0,0
1.705623210979404,17,388,0,0
2.108159557394308,15,121,0,0
2.1113814498686443,10,195,0,0
2.111585399247675,575,107,0,0
2.1269014794601535,43,364,0,0
2.4597918084920107,9,255,0,0
2.4661876647196164,9,2700,0,1
2.867766353125578,9,360,0,0
3.27392192188643,90,157,1,0
3.2771355110249756,158,96,0,0
3.2772658796359155,72,130,0,0
3.278791630631287,133,125,0,0
3.4727641902022564,698,110,0,0
3.476287172629009,30,220,0,0
3.4771665837976133,13,1870,0,1
3.4784095031268008,32,768,0,0
3.4964607100280816,8,253,0,0
3.5135873525113612,7,299,0,0
3.6168155542379012,17,157,0,0
3.7472606217284787,8,33,0,0
3.750057081398119,23,3250,0,1
3.7632454445452095,370,289,0,0
3.765113658677922,5,178,0,0
3.7859486448786748,25,491,0,0
3.7877555881449583,11,701,0,0
3.78939174342403,41,144,0,0
5.050436875901146,7,310,0,0
5.069689166297617,45,714,0,0
5.135003367123973,3289,95,0,0
8.025110977234345,25,192,0,0
8.111991155306848,25,343,0,0
8.126352885661216,248,274,0,0
8.146479281141355,22,243,0,0
8.150550198316315,5,63,0,0
8.31157028839762,11,351,0,0
8.320891521131463,16,300,0,0
8.933878264354536,10,134,0,0
8.942933428108622,21,180,0,0
8.951829469538138,39,143,0,0
8.959629264589969,9,15,0,0
9.022698936452302,9,85,0,0
9.048924231302028,339,82,0,0
9.32918404337473,56,3660,0,1
9.335150498759557,34,149,0,0
9.367394388101713,80,107,0,0
10.23764021167048,18,372,0,0
10.248797454682856,418,297,0,0
10.30115404644422,16,81,0,0
10.719628873941087,912,699,0,0
10.774213038716644,398,278,0,0
10.77928557995375,66,236,0,0
10.779577332938347,111,139,0,0
12.94242186530148,46,278,0,0
12.985091213543573,8,195,0,0
13.20959891996872,6,27,0,0
13.21655923794927,13,3970,0,1
13.90183114543811,15,230,0,0
13.952836518372298,53,595,0,0
13.972770923605202,8,253,0,0
13.975742872336081,9,575,0,0
14.013426348472455,13,568,0,0
14.020245889650036,645,582,0,0
14.031803150675977,161,243,0,0
14.032506311689025,5,53,0,0
14.03927119084246,10,200,0,0
14.064115043106035,1455,122,0,0
14.06559385640103,15,228,0,0
14.086512593673978,36,159,0,0
14.154507990989957,188,767,0,0
14.164278146441575,1442,369,0,0
14.169491816004417,123,309,0,0
14.174712371866534,14,230,0,0
14.293238908151713,8,420,0,0
14.294077393784608,179,85,0,0
14.303971601155258,10,185,0,0
14.311770963997523,53,461,0,0
14.33583807797449,9,213,0,0
14.351538884537565,119,452,0,0
14.35350850318729,393,1830,0,1
15.420962054794149,37,440,0,0
15.446702816592246,30,341,0,0
15.447934985066679,70,301,1,0
15.450969299034691,33,4530,0,1
15.472902949521616,10,160,0,0
15.534387881430114,141,582,0,0
15.535619762257328,30,769,0,0
15.610472748515742,84,192,0,0
15.611630254981138,36,115,0,0
15.615314532995992,10,595,0,0
15.714704858856217,10,312,0,0
16.25647765434073,277,446,0,0
16.27171023373358,12,465,0,0
16.281426243570923,7,46,0,0
16.509267821936916,157,269,0,0
16.51138248287055,21,84,0,0
16.542841822917325,8,89,0,0
16.571612117097562,15,106,0,0
16.70745456988726,25,62,0,0
16.740240817032394,197,768,0,0
16.750832441981082,134,616,0,0
16.81251254671121,654,277,0,0
16.814408501456786,12,42,0,0
16.90633645172851,11,98,0,0
16.911036154375132,1382,68,0,0
16.91395772236892,20,283,0,0
16.922607723729687,543,508,0,0
16.942391359930518,35,190,0,0
17.0171320068421,9,265,0,0
17.02892506316366,495,383,0,0
17.107519267565955,105,82,0,0
17.234370782742303,22,171,0,0
17.2489753549201,5,224,0,0
17.25150925091542,9,135,0,0
17.365071874781645,699,57,0,0
17.39637596456871,66,202,0,0
17.39663845653236,550,510,1,0
17.39913841708927,329,363,0,0
17.423165355601533,1529,140,0,0
17.424326076446093,1175,284,0,0
17.428944308564553,432,4,0,0
17.4295311550466,10,115,0,0
17.46987260531057,9,309,0,0
17.499122848036517,8,156,0,0
17.524787213225334,26,19,0,0
17.85108172522578,27,216,0,0
17.859995955587014,325,426,0,0
17.87011573521308,487,108,0,0
18.895372971775473,32,362,0,0
18.89671090534559,31,57,0,0
18.97428069674769,5,72,0,0
18.97558108020758,245,4810,0,1
19.00452510649547,42,337,0,0
20.246449652379287,402,334,0,0
20.277498581169368,86,177,0,0
20.281352947873483,32,767,0,0
22.405837262897265,9,273,0,0
22.41191850828803,32,380,0,0
22.423865258095752,13,101,0,0
22.457033617081432,395,281,0,0
22.458264487853132,1395,43,0,0
22.62611081243254,41,307,0,0
23.085777840931748,13,192,0,0
23.168078892761645,43,488,0,0
23.203016866561736,21,216,0,0
23.216403502380896,35,550,0,0
23.32270968258081,144,347,0,0
23.322742812970446,13,67,0,0
23.33680250151199,50,339,0,0
23.366919920796978,8,243,0,0
23.36726012537954,339,108,0,0
23.40957704235576,47,173,0,0
23.423560042119288,13,234,0,0
23.44039942420959,24,573,0,0
23.462500686541084,14,362,0,0
23.51950496279967,79,520,0,0
23.56460023190148,324,950,0,1
23.5668665313155,117,276,0,0
23.581147507350423,220,19,1,0
23.593684147997394,19,5970,0,1
23.613170165075267,17,160,0,0
23.61870283041355,7,247,0,0
23.744234752194544,8,40,0,0
23.98940405206308,17,314,0,0
24.367917584244694,9,72,0,0
25.183707452848196,23,266,0,0
25.541306925549634,32,549,0,0
25.548499067194886,47,73,0,0
25.553779977627784,304,1080,0,1
25.561926363578788,1044,456,0,0
25.617058310462852,208,175,0,0
25.630976421849308,71,505,0,0
25.761955737054276,24,219,0,0
26.251578506341595,4,170,0,0
26.25921035252011,342,102,0,0
26.387240749472284,30,2710,0,1
26.39546397624363,14,153,0,0
26.39689710107211,140,273,1,0
26.39832351733972,5,74,0,0
26.407854930220868,24,206,0,0
26.4082593306926,153,124,0,0
26.45724232708095,318,221,0,0
26.82750558753713,719,773,0,0
26.829261042467916,212,4510,0,1
26.83850734803787,21,244,0,0
27.233935409678303,8,327,0,0
27.270072372819204,27,79,0,0
27.296759611735023,200,575,1,0
27.307454696689017,22,244,0,0
27.44585771442782,10,235,0,0
27.480717605794382,330,15,0,0
27.48278125693898,51,213,0,0
27.482920527835645,17,222,0,0
27.483005067678995,30,208,0,0
27.550240148918007,10,296,0,0
27.56083833963677,123,2020,0,1
27.88756105002513,700,21,1,0
27.937601982713765,52,109,0,0
27.93901931760061,17,473,0,0
27.9712729324313,48,29,0,0
28.16697147957235,8,213,0,0
28.169943787951986,63,27,0,0
28.17646700407826,55,3450,0,1
28.763350668412343,19,464,0,0
28.76389951750193,6,336,0,0
28.765938148354326,95,168,0,0
28.913306020565656,58,82,0,0
28.94017154190412,2014,253,0,0
28.942008058366167,1211,240,0,0
28.942990574450775,29,435,0,0
28.988583919626603,54,383,0,0
29.193252362932185,1405,768,0,0
29.287509003752955,25,120,0,1
29.328576744142755,29,265,0,0
29.687747791364295,20,10,0,0
29.721368353724813,140,324,1,0
29.724782398597608,19,200,0,0
30.77485337237578,42,236,0,0
30.776382571351856,2700,320,1,0
30.790170248347643,12,286,0,0
30.805761619441235,7,169,0,0
31.121566587827864,79,58,0,0
31.125484056812464,397,637,0,0
31.13585919115262,1236,310,0,0
31.136371944386443,11,440,0,0
31.17181480597788,59,5050,0,1
31.215770282884403,33,2950,0,1
31.282071407432195,30,452,0,0
31.28489888384695,10,767,0,0
31.31384909413239,25,201,0,0
31.316927963886208,8,487,0,0
31.32384933948629,242,617,0,0
31.339269756010133,42,18,0,0
31.578672006342373,60,169,0,0
31.586152430117483,96,7,0,0
31.611706537179685,709,62,0,0
31.61501996672182,28,280,0,0
31.620753221648723,720,210,1,0
31.62515705584921,4,288,0,0
31.638180561961075,9,162,0,0
31.720994258225844,32,494,0,0
31.722948978087114,60,40,0,0
31.79801138732545,90,86,1,0
31.800662504084343,10,269,0,0
31.83536693206571,15,234,0,0
31.841244307614936,50,450,0,1
31.85090793084054,478,282,0,0
31.85898083903959,23,26,0,0
32.017674378289826,139,713,0,0
32.0468048437781,16,445,0,0
32.1959360971154,71,9,0,0
32.20431780458989,62,381,0,0
32.21508314274492,16,157,0,0
32.65106022355866,45,49,0,0
32.65169908317712,8,207,0,0
32.654673107063786,95,129,0,0
32.66673309254645,70,85,1,0
33.32413637798081,28,136,0,0
33.32922014851582,95,129,0,0
33.41338138982025,58,392,0,0
33.820659392149146,3724,142,0,0
33.83136859208921,27,372,0,0
33.843503691964145,2520,660,1,0
34.32901079967971,45,284,0,0
34.33468132522659,8,70,0,0
34.336767961377916,62,147,0,0
34.42667518684145,13,14,0,0
34.432779990121276,32,218,0,0
34.66258260927778,12,329,0,0
34.71298039548951,110,40,0,0
34.713493658170464,28,276,0,0
34.74344282952998,29,332,0,0
34.760981787301006,28,407,0,0
34.76552753515363,18,20,0,0
34.92155248504505,17,234,0,0
34.92204768279922,10,767,0,0
34.92344256580259,297,692,0,0
34.929776989691156,190,395,1,0
35.0133132283615,60,19,1,0
35.01409506610386,2048,767,0,0
35.01885673309809,9,305,0,0
35.02292249328815,426,537,0,0
35.023747681017255,19,362,0,0
35.031539914894495,12,275,0,0
35.0332243504938,8,89,0,0
35.04001045427284,345,296,0,0
35.06968319630318,741,772,0,0
35.072363763974785,12,533,0,0
35.07526253520026,14,236,0,0
35.07755482202059,12,120,0,0
35.0805777964858,86,547,0,0
35.08129188191638,74,245,0,0
35.08284467054537,10,227,0,0
35.1039017347941,3050,750,1,0
35.10674269853995,11,667,0,0
46.72875345306662,16,36,0,0
46.731984564367885,24,561,0,0
46.77345159490293,24,159,0,0
46.774261005885506,60,12,0,0
46.78391832372464,8,83,0,0
46.78944912528872,7,306,0,0
46.80359728281173,21,349,0,0
47.04390819029676,12,113,0,0
47.05580542006632,29,143,0,0
47.05728602835261,30,48,0,0
47.07860915724544,7,139,0,0
47.08103268058436,2330,9,0,0
47.09432173668932,153,195,0,0
47.51377886247854,258,58,0,0
47.629757306585404,11,446,0,0
47.78226418820899,512,7680,0,1
47.83344947290963,9,261,0,0
47.85038957323208,22,58,0,0
47.85118969514119,65,663,0,0
47.85803484171439,68,206,0,0
47.86415427832206,11,452,0,0
47.93391342996847,173,36,0,0
48.06579109582368,25,104,0,0
48.11277958840595,13,31,0,0
48.11642577982609,20,597,0,0
48.84696621521839,1010,192,1,0
49.15571912739439,65,100,0,0
49.16739538050748,883,4,0,0
49.19416001508237,5,92,0,0
49.25909665633693,11,107,0,0
49.28130870612479,284,108,0,0
49.29612579368542,7,76,0,0
49.34463200098092,5,303,0,0
49.36305619044953,24,217,0,0
49.390208849535796,22,326,0,0
49.39092788251725,13,187,0,0
49.39165234425801,26,3360,0,1
49.97865285115304,696,7340,0,1
49.97951193692123,21,217,0,0
50.02732552711595,1094,769,0,0
50.06157277464002,13,414,0,0
50.08973185224577,370,24,1,0
50.094238902085856,44,18,0,0
50.23184670904958,12,37,0,0
50.26825834994723,19,212,0,0
50.2773606760805,48,510,0,0
50.2784422589182,15,545,0,0
50.28984025010621,5,192,0,0
50.295286565586416,12,271,0,0
50.2967433274205,860,673,1,0
50.33541445732899,35,235,0,0
50.393302365590245,2037,662,0,0
50.48924638661557,42,295,0,0
50.51237967873102,356,64,0,0
50.52358207864351,20,249,0,0
50.703236296263,24,275,0,0
50.78967268504124,61,59,0,0
52.66090113223446,812,767,0,0
52.71813517478661,33,446,0,0
52.72101364448201,252,727,0,0
52.85130571769739,335,206,0,0
54.86334835411937,25,4450,0,1
54.89618705216962,23,303,0,0
54.90939279020383,7,183,0,0
54.915178692016966,40,198,0,0
55.7948099708248,260,182,1,0
55.80807838543449,5,27,0,0
55.81990477250258,156,157,0,0
55.855652018824614,10,7670,0,1
55.856781044943446,29,518,0,0
55.8681031815716,34,167,0,0
55.86964977379037,22,211,0,0
55.884440669825764,12,350,0,0
55.93785401964453,45,71,0,0
56.06449436852347,12,3040,0,1
56.0730729464082,14,352,0,0
56.17610043877194,15,255,0,0
56.18517921691569,583,769,0,0
56.18590449577568,15,304,0,0
56.2489976741462,13,124,0,0
56.26226895168379,121,480,0,0
56.28735570789641,564,7,0,0
56.28746158297883,67,656,0,0
56.31864672814131,97,415,0,0
56.35226386451817,17,325,0,0
56.385904296830105,10,207,0,0
56.55170427931521,101,127,0,0
56.56174061011358,15,374,0,0
58.10291535154331,143,13,0,0
58.192847830682034,23,256,0,0
58.255704978879024,10,160,0,0
58.255847236836246,24,137,0,0
58.25625651280566,54,61,0,0
58.685387802328414,1561,603,0,0
58.732181036143345,711,174,0,0
58.87098679202387,955,494,0,0
58.881075688916496,1126,108,0,0
58.89817046025776,91,29,0,0
58.96920369105536,34,369,0,0
58.97372282231656,20,325,0,0
59.2883189828518,77,345,0,0
59.29073957817171,406,313,0,0
59.32577785788909,12,642,0,0
59.33896229836322,17,191,0,0
59.385457097359854,16,117,0,0
59.66561785082497,872,196,0,0
59.6680793496067,84,1100,0,1
59.726151585553055,140,157,0,0
59.75618002712515,18,318,0,0
59.88432356719426,24,376,0,0
59.9070326784735,9,175,0,0
59.915958219758686,10,34,0,0
59.98143658191159,54,172,0,0
60.328411914756664,47,537,0,0
60.45218528819918,72,767,0,0
60.48527318949967,44,248,0,0
60.54213333879269,169,475,0,0
60.54324438475358,70,387,0,0
60.55148746716571,1426,519,0,0
60.56618611298666,14,42,0,0
60.57450670340552,1097,593,0,0
60.58050619821559,300,169,1,0
60.60266662760487,5,74,0,0
60.65702305127308,29,160,0,0
61.837857558679,2140,678,1,0
61.843849003403115,147,212,0,0
61.84779760742518,599,5540,0,1
62.026395096586974,480,248,1,0
62.059576855372505,29,269,0,0
62.06368637333154,170,24,0,0
62.58378010153853,10,246,0,0
62.5997816775697,20,19,0,0
62.61240779064871,6,1430,0,1
62.61949075985166,10,270,0,0
62.62331547042567,20,372,0,0
62.652783906766146,143,13,0,0
62.656322124982246,69,182,0,0
65.9053900494198,20,230,0,0
65.95178387573108,7,45,0,0
65.96619739988043,11,267,0,0
65.97120384785009,910,40,0,1
66.01019117528689,12,240,0,0
66.18015624654107,15,490,0,0
66.21750157551344,68,698,0,0
66.21983486096462,23,23,0,0
66.23419719693237,513,225,0,0
66.23494641744351,21,263,0,0
66.63258790624585,24,309,0,0
66.7208123568509,4,154,0,0
66.75483274811643,8,20,0,0
66.79511003616805,8,318,0,0
66.80231749347344,397,637,0,0
66.81907676790951,18,245,0,0
66.9724478883842,523,166,0,0
66.99299407579656,44,36,0,0
67.0658447755543,6,215,0,0
67.10070313723082,39,288,0,0
67.13641630453529,259,683,0,0
67.17892968935129,100,770,0,0
67.35920136642802,27,94,0,0
67.3717903820481,506,237,0,0
67.4597447760758,20,538,0,0
67.46440486954009,273,195,0,0
67.47149812903966,988,149,0,0
67.47692263353021,191,67,0,0
67.60235216341306,391,234,0,0
67.61484305041446,24,321,0,0
67.8808486813967,32,6750,0,1
67.88383528143741,36,230,0,0
67.93356114327788,39,121,0,0
67.93584657547468,988,149,0,0
68.1537780070436,8,2830,0,1
68.15955766723935,38,387,0,0
68.21713523881759,26,3290,0,1
68.22298061554056,5,150,0,0
68.22798671371118,101,436,0,0
68.2654529214001,88,175,0,0
68.2662008627288,31,137,0,0
68.26832953565247,93,344,0,0
68.74234836438964,8,100,0,1
68.74681785530892,22,113,0,0
68.86467434992319,2794,245,0,0
68.86880403174145,40,227,0,0
68.86967143019629,706,153,0,0
68.87975177732208,251,296,0,0
69.00967603705936,97,310,0,0
69.03150869305505,58,253,0,0
69.04423289226196,716,522,0,0
69.17100374058175,1086,163,0,0
69.17601745784555,7,70,0,0
69.27304825530814,14,245,0,0
69.31564240007484,107,6,0,0
69.31856101067203,7,192,0,0
69.46260485434331,5700,184,1,0
69.67602018745656,12,236,0,0
69.68986767456327,15,424,0,0
69.7184227744829,35,39,0,0
69.7312262993163,75,8,0,0
69.73359755594976,14,113,0,0
69.84195231570519,14,127,0,0
69.8449075293209,2020,128,0,0
69.90826876986678,21,226,0,0
69.91588159448024,46,610,0,0
69.91869935109945,150,408,1,0
69.9934761357016,10,317,0,0
70.02839350464241,31,81,0,0
70.90408263702494,116,382,0,0
70.92305740380202,23,325,0,0
70.9525070553595,20,289,0,0
70.98004051694448,9,65,0,0
70.99330804356617,120,1290,0,1
71.29762530909031,15,223,0,0
71.74075552178539,3410,27,1,0
71.82630719098351,8,263,0,0
71.82923770232391,13,2020,0,1
71.88361365714998,1153,1570,0,1
71.90848069315177,14,576,0,0
71.9175039565673,649,4870,0,1
71.91850156271214,21,307,0,0
72.04862152805515,55,116,0,0
72.29346216605268,8,315,0,0
72.33491476463156,63,33,0,0
72.39023429643464,30,318,0,0
73.1389346355439,17,196,0,0
74.20612726505708,38,363,0,0
74.24085258784358,40,372,0,0
74.24092676295453,6,240,0,0
74.33349687478827,62,262,0,0
74.36369737355338,313,324,0,0
74.45125502534815,22,245,0,0
74.4591677849577,7,769,0,0
74.46216877339951,67,273,0,0
74.52361989541592,34,257,0,0
74.53579594635286,6,430,0,0
74.56293852843619,230,205,1,0
74.613643922582,3349,18,0,0
74.6406345489592,10,490,0,0
74.64187114755632,3620,147,1,0
74.71057454057905,20,224,0,0
74.7187541699069,6,119,0,0
74.73292752827079,8,48,0,0
74.78310486084737,70,96,1,0
74.78427809449009,17,274,0,0
74.79677946355862,8,298,0,0
74.79732788015039,8,212,0,0
74.80421139353143,249,392,0,0
74.84515461609524,155,204,0,0
74.86062676484417,360,312,1,0
74.87219528169248,50,9,1,0
74.93538995938661,68,304,0,0
74.9442249556655,12,221,0,0
74.94503050949007,509,128,0,0
75.10652707809504,16,445,0,0
75.13526336990256,3924,145,0,0
75.225589510591,396,636,0,0
75.23378712363743,173,74,0,0
75.24150317298079,51,754,0,0
75.24563436884775,267,3300,0,1
75.24601902563718,105,127,0,0
75.2530080967201,72,270,0,0
75.25830508251765,27,659,0,0
75.66737254442955,106,6060,0,1
75.66775883632647,4,28,0,0
75.68591221855955,177,96,0,0
75.6976870160986,40,204,0,0
75.71192484245663,24,204,0,0
75.72409018283703,290,23,1,0
75.74929957738547,55,194,0,0
75.83820347418119,7,320,0,0
75.83879447581562,40,4420,0,1
75.92267412959852,331,457,0,0
75.93165691193482,199,72,0,0
75.93383112050844,8,18,0,0
75.93420827968377,6,38,0,0
75.93460841909219,31,165,0,0
75.9476325726191,7,96,0,0
75.94922865615308,90,186,0,0
75.95080641395353,926,35,0,0
75.9563557058273,8,114,0,0
75.97181865298023,57,154,0,0
75.97762953451036,57,157,0,0
75.97917906325787,24,235,0,0
75.98345562309855,56,269,0,0
75.99401551691149,9,68,0,0
75.99586191634822,15,91,0,0
76.08779489636467,18,391,0,0
76.27947388308816,121,91,0,0
76.48130563086448,230,768,0,0
76.48940900415236,17,398,0,0
76.49724163064606,43,2250,0,1
76.49973991164336,592,239,0,0
76.74391038621765,346,210,0,0
76.74999402769257,15,150,0,0
77.96422947669389,14,189,0,0
77.96450087231433,190,279,0,0
77.98946647272062,369,197,0,0
78.03301915656587,128,1870,0,1
78.0492437744761,1598,35,0,0
78.10095578677809,11,414,0,0
78.96880574214005,553,524,0,0
78.98378362440741,4,216,0,0
79.0682135584893,60,206,1,0
79.07493484452117,41,773,0,0
79.07629095890387,2054,707,0,0
79.07829744691682,16,244,0,0
79.16676335951917,8,117,0,0
79.19827222261766,9,231,0,0
79.19922820071668,11,123,0,0
79.23064980275407,440,217,1,0
79.28689402558449,4,126,0,0
79.33176085711968,67,53,0,0
79.49395441668375,93,233,0,0
79.4948970872541,10,85,0,0
79.4975268062657,9,324,0,0
79.49957540846488,69,270,0,1
79.52288438708906,1354,255,0,0
79.76013601959502,18,117,0,0
79.76746787533702,98,96,0,0
79.80263532755588,163,147,0,0
79.90325216147596,134,266,0,0
79.91040571900483,52,234,0,0
80.00002906778577,15,317,0,0
80.01427968689478,3570,116,1,0
80.62745848367977,629,390,0,0
80.92395502000032,25,279,0,0
80.93144752545714,46,46,0,0
80.9377717250967,11,550,0,0
81.67015310787492,270,128,1,0
81.67344746044175,1150,249,1,0
81.8620498089006,66,71,0,0
81.87033531609755,56,329,0,0
81.87221477491826,1106,157,0,0
82.46578353861271,330,74,0,0
82.51107014648461,25,581,0,0
82.51348809724078,35,199,0,0
82.52536178156352,7,249,0,0
82.52978754593835,58,4080,0,1
82.53256308997206,10,346,0,0
82.5480366136401,96,159,0,0
82.7171711750858,125,350,0,0
82.71830840945479,29,383,0,0
82.76963667009326,18,334,0,0
82.77068231771678,39,297,0,0
82.78712494434085,266,591,0,0
82.78817971816893,120,286,1,0
82.78947866904369,207,170,0,0
82.79416851069556,12,314,0,0
82.92668593944016,20,313,0,0
83.02220029972011,34,249,0,0
83.03583547549627,11,135,0,0
83.04530578982384,303,186,0,0
83.06777670565432,333,555,0,0
88.01595453032216,658,180,0,0
88.05156826208783,15,317,0,0
88.06527150454113,118,30,0,0
88.0720427406111,25,80,0,1
88.08157914720228,6,4060,0,1
88.14278415843788,35,764,0,0
88.1991068841366,512,122,0,0
88.19925729142358,45,496,0,0
89.37767734254828,119,327,0,0
89.4206227237053,2990,144,1,0
89.43528573291022,12,388,0,0
93.18838961150504,32,23,0,0
93.189196455037,17,373,0,0
93.1906523236682,9,124,0,0
93.35673675949393,561,17,0,0
93.37453645507013,8,283,0,0
93.47876672260892,13,45,0,0
93.6854528986102,895,287,0,0
94.37335798665312,160,766,0,0
94.44081856391595,20,302,0,0
94.44581025176923,57,541,0,0
94.44643451353116,12,66,0,0
94.46982374778075,346,768,0,0
94.47035225724166,21,26,0,0
94.49043726008713,10,263,0,0
94.49404107248594,32,564,0,0
94.53226975893705,10,151,0,0
94.60380229144705,1814,686,0,0
94.6201711705361,100,65,1,0
94.62129860934483,422,96,0,0
94.64517568289855,49,281,0,0
94.64934209923321,799,459,0,0
94.68239182054553,12,366,0,0
94.68948686905328,879,267,0,0
96.58842130299087,163,601,0,0
96.5943297920013,43,767,0,0
96.5947024787331,17,241,0,0
96.59753887967499,354,109,0,0
96.6184115252786,930,291,1,0
101.25782930941615,32,202,0,0
101.55201989499177,748,152,0,0
101.55740278926037,8,14,0,0
101.57530868882672,69,288,0,0
101.57688818509222,86,494,0,0
101.57782744545646,12,116,0,0
101.6943058703984,107,269,0,0
101.73474842103218,7,316,0,0
101.73863095319889,7,320,0,0
101.74279744416845,116,729,0,0
101.78429242563428,11,395,0,0
101.85312119573706,6,252,0,0
101.85662427351063,56,121,0,0
101.85718708169084,34,230,0,0
101.96440750485398,12,523,0,0
101.96842025465689,1975,632,0,0
101.96886475739487,37,320,0,0
101.98087487325645,221,249,0,0
102.00781545356341,38,769,0,0
102.12965114284059,250,565,1,0
102.13698844944783,10,76,0,0
102.16777655388216,2369,11,0,0
102.16914998338015,4,491,0,0
102.21412565901431,86,320,0,0
102.21491702631522,5,213,0,0
102.27463346473422,17,130,0,0
102.29939011994877,24,766,0,0
102.30021352864658,10,46,0,0
102.30517818935945,38,157,0,0
102.80066816995082,7,133,0,0
102.8027577258374,1540,317,1,0
102.80339586717055,88,1610,0,1
102.81323410562871,11,211,0,0
102.83779515593737,8,46,0,0
102.9291057773483,30,762,0,0
102.94222021061539,41,251,0,0
102.94912616059331,18,474,0,0
102.96013032669954,81,205,0,0
103.04338466130994,30,190,0,1
103.05566913185352,80,260,0,0
103.10974910229612,5,280,0,0
103.11023244100451,8,256,0,0
103.11877698825471,525,613,0,0
103.1335405911501,44,248,0,0
103.27474122052534,24,385,0,0
103.31933124515646,22,194,0,0
103.34653782052524,14,108,0,0
103.50248229159656,1174,265,0,0
103.5274920525071,178,202,0,0
113.52135052517914,13,203,0,0
113.52419758811833,14,20,0,0
113.54708702361302,11,59,0,0
114.27648465943108,93,1280,0,1
114.36305473198755,35,95,0,0
114.39686331926991,82,565,0,0
114.53478144822094,11,614,0,0
114.54186478290227,92,582,0,0
114.56485385544619,180,32,0,0
114.59084558611238,25,1430,0,1
115.50157522919875,91,150,0,0
115.5369976229623,11,162,0,0
116.73896137587008,13,494,0,0
116.75638613396079,7739,453,1,0
116.78780832915191,41,394,0,0
116.78840457012802,14,733,0,0
116.85352792697739,581,417,0,0
116.85386989056792,29,522,0,0
116.92510384815638,447,84,0,0
117.05768400517431,74,766,0,0
117.09901563773016,9,97,0,0
117.10122934522181,2190,266,0,0
117.11152862179085,18,297,0,0
117.11161566110654,14,296,0,0
117.11587056294428,13,38,0,0
117.14488974413905,14,342,0,0
117.16304679718283,12,344,0,0
117.1715757135882,10,382,0,0
117.42034251903377,433,378,0,0
117.45639464151894,23,376,0,0
117.47409920827766,4,26,0,0
117.500055181912,10,199,0,0
117.50212105556601,7,430,0,0
117.51437341028655,1391,767,0,0
117.51471132920469,7,194,0,0
117.51477822778371,24,93,0,0
117.52326298248741,64,488,0,0
117.6338067533393,61,353,0,0
117.63566474947991,26,31,0,0
117.67295813116101,529,210,0,0
117.67346138295038,21,363,0,0
117.68957362857232,37,181,0,0
117.70719823563512,79,296,0,0
117.7239833118746,7,31,0,0
117.72491432620168,53,208,0,0
117.77661496304509,633,406,0,0
117.84583795560077,11,299,0,0
117.8967948994752,16,2660,0,1
119.57536666693842,17,184,0,0
119.58384437263055,21,194,0,0
119.60941558905475,104,352,0,0
119.81152969612307,6,24,0,0
119.81270550188141,14,242,0,0
119.81549377956246,10,316,0,0
119.97633760737294,832,210,0,0
119.98513558520438,163,314,0,0
119.98865649379596,21,322,0,0
120.03635382665156,16,461,0,0
120.03750959623413,917,767,0,0
120.06129751823039,25,89,0,0
120.06350429256018,13,407,0,0
120.06830296159244,541,301,0,0
120.06838768436229,165,473,0,0
120.09568301942738,408,434,0,0
120.12495000883776,90,390,0,0
120.13739485559395,21,586,0,0
120.14206570949241,6,186,0,0
120.17055539652236,8,230,0,0
120.5181268620225,34,122,0,0
120.62287123411485,66,294,0,0
120.62717578050413,381,2630,0,1
120.65659878017378,1177,90,0,0
120.66749965407486,10,307,0,0
120.72121910111228,25,123,0,0
120.72483449228497,7,3000,0,1
121.0889442253878,9,333,0,0
121.0927338560868,600,178,1,0
121.09518459183403,6,207,0,0
121.13210655716114,117,112,0,0
121.63236894652415,1077,575,0,0
121.63299666779643,120,1290,0,1
121.65388594277323,109,65,0,0
121.71973424705953,99,1820,0,1
125.94235454228973,2445,160,0,0
125.94326409559841,6,549,0,0
126.12359586482091,5,224,0,0
126.12789177855414,18,294,0,0
126.13752163638712,13,446,0,0
126.26513402180676,259,198,0,0
126.28602142691422,10,359,0,0
126.28723095953218,10,17,0,0
126.2992532474932,230,1070,1,1
126.30781172246405,36,130,0,0
126.33444391329601,32,224,0,0
126.33723184882501,316,226,0,0
126.3417968027583,576,1300,0,1
126.35106188621546,10,86,0,0
126.37018096951873,20,37,0,0
126.3830644321787,9,140,0,0
126.42598715156771,1393,155,0,0
126.49131431996805,145,1200,0,1
126.52604755019642,12,31,0,0
126.53081326212644,13,193,0,0
126.53160486718582,3400,321,1,0
126.53458039218414,15,613,0,0
126.53903892601632,39,285,0,0
126.54933909354783,148,323,0,0
126.65661254193571,29,233,0,0
126.67104675529522,44,67,0,0
126.67350160984334,4,95,0,0
126.67467493773168,40,850,0,1
126.68749263826011,6,34,0,0
126.69715494161944,6,49,0,0
126.69904737956992,21,29,0,0
126.69963632032805,5,70,0,0
126.70753313636345,195,418,0,0
126.74180023481496,5,43,0,0
126.76562546638415,16,349,0,0
126.76647279681721,172,178,0,0
126.77295856925771,17,21,0,0
126.78348003287249,139,545,0,0
126.78570995058354,36,377,0,0
126.79871372930957,214,552,0,0
126.80298734087604,469,3670,0,1
126.90129842554335,1896,326,0,0
126.90547487086874,151,540,0,0
127.30479841688509,7,176,0,0
127.42442046370309,13,105,0,0
127.45910426028588,15,194,0,0
127.48674002743338,84,257,0,0
127.76670120819998,22,154,0,0
127.77494821340748,12,165,0,0
127.81489447205695,47,101,0,0
127.82549385899532,3028,137,0,0
128.20395379996646,1770,42,1,0
128.21358800021937,962,250,0,0
128.22421747452105,317,165,0,0
128.2243067380653,28,298,0,0
128.2530555393495,163,220,0,0
128.26158228183317,977,68,0,0
128.31607803221354,13,327,0,0
128.31700566213146,12,254,0,0
128.3200630033507,13,452,0,0
128.55952447984902,96,89,0,0
128.56327869886715,7853,339,1,0
128.58918436557957,9,217,0,0
128.69822450798495,414,99,0,0
128.71873423909886,9,644,0,0
128.73853728847484,121,4800,0,1
128.93648786319326,32,275,0,0
128.94254463546238,11,157,0,0
128.99818231374834,1459,236,0,0
129.00848629013805,9,621,0,0
129.01033652584658,4,254,0,0
129.02975685354255,230,201,0,0
129.28429962080088,11,239,0,0
129.29698084021732,96,392,0,0
129.3014043788312,48,334,0,0
129.31323534841187,16,2540,0,1
129.32002020360932,926,91,0,0
129.36974860307495,13,237,0,0
129.37215302363626,121,21,0,0
129.48084043906638,200,638,0,0
129.52191921165723,56,300,0,0
129.73072523095587,49,159,0,0
129.73791651065486,4,17,0,0
129.85651342866402,10,142,0,0
129.8589603947539,844,276,0,0
129.91931197786042,9,343,0,0
129.93079134316974,11,468,0,0
129.93270901803857,5,194,0,0
130.02052068846686,61,111,0,0
130.35269232831774,1171,29,0,0
131.00176399424205,46,101,0,0
131.04661618239905,20,204,0,0
131.05782910733777,8,298,0,0
131.40711593616845,42,436,0,0
131.4098252561326,12,174,0,0
131.43385446780934,13,390,0,0
131.4347886062833,95,132,0,0
131.45888824267445,22,204,0,0
131.48917489799214,15,345,0,0
131.49719351613106,1354,146,0,0
131.6445083860266,67,277,0,0
131.65851150791624,476,95,0,0
131.70537980499842,11,530,0,0
131.75860978696446,1484,765,0,0
131.7727459615734,62,540,0,0
131.77285244848136,73,185,0,0
131.7807210610558,16,187,0,0
131.8056078700327,625,289,0,0
131.8079504966622,431,230,0,0
131.82779064622386,10,227,0,0
131.82868744724735,11,56,0,0
131.89112160372562,37,264,0,0
131.95303185085444,18,92,0,0
131.9929821699683,22,284,0,0
131.99970787185268,1348,362,0,0
132.0314405757356,16,8176,0,1
132.03285345677054,81,371,0,0
132.03652046826218,9,240,0,0
132.07758900877883,14,733,0,0
132.08209831298717,26,195,0,0
132.09268374614382,59,226,0,0
132.10936858430304,20,248,0,0
132.2556377478874,19,332,0,0
132.26012055240648,10,195,0,0
132.2657278522327,9,193,0,0
132.26994516589113,13,117,0,0
132.27056815345128,29,393,0,0
132.2955161648328,1583,251,0,0
132.29578512109893,2615,78,0,0
132.29910444315183,807,3850,0,1
132.5260701247867,7,236,0,0
132.5431909671599,1254,97,0,0
132.54337048055518,22,289,0,0
132.54561101303858,858,557,0,0
133.0143369974374,11,360,0,0
133.02375118751246,338,355,0,0
133.7012481814506,20,70,0,0
133.70666879283428,94,562,0,0
133.7067924427984,429,694,0,0
133.73474927289786,39,232,0,0
133.74498125166568,17,434,0,0
133.77370592205,7,677,0,0
133.77569094250248,253,12,0,0
133.77758986549776,78,199,0,0
133.7825541705575,12,209,0,0
133.78447636769943,369,198,0,0
133.87451982787883,30,278,0,0
134.02672793709186,14,122,0,0
134.03723721438118,390,8,1,0
134.14459705896218,210,20,1,0
134.1486177269456,210,502,0,0
134.1573042293826,50,433,0,0
134.1578745652026,38,573,0,0
134.358474861836,148,150,0,0
134.36402791733067,16,331,0,0
134.56734680551926,1395,43,0,0
134.7689745340649,64,254,0,0
134.81650097964092,2066,130,0,0
134.84336071630068,144,259,0,0
134.8455145290469,1003,133,0,0
134.94213969682906,190,769,1,0
135.00172228214538,49,360,0,0
135.1621136510142,18,151,0,0
135.19768602071113,25,195,0,0
135.1992170211912,144,380,0,0
135.2010579598707,27,368,0,0
135.3181247959558,78,325,0,0
135.79985325270985,10,65,0,0
135.810649059567,1802,297,0,0
135.82632273819047,56,445,0,0
135.86071292500947,10,372,0,0
135.88812691698757,17,450,0,0
135.92089231312326,344,474,0,0
135.93159253882231,118,260,0,0
135.95786794497872,205,46,0,0
135.96354332000791,142,23,0,0
135.977695913076,30,716,0,0
136.04519262886058,50,46,0,0
136.06467170240236,21,112,0,0
136.06961329605673,20,213,0,0
136.10077049333017,28,237,0,0
136.10267418775632,14,76,0,0
136.1073143700991,23,49,0,0
136.10942415256253,34,66,0,0
136.13962943229475,689,769,0,0
136.20153284621355,13,185,0,0
136.20972378924463,8,238,0,0
136.21257344168706,60,40,0,0
136.2562402167709,106,27,0,0
136.2843314390397,1136,453,0,0
136.2850632647041,4,26,0,0
136.40289407103015,24,124,0,0
136.5101986633965,7,599,0,0
136.52021957387257,16,349,0,0
136.5347328362664,108,159,0,0
136.54825844780285,15,167,0,0
136.55459836012363,28,151,0,0
136.59364063783232,1564,430,0,1
136.59746553516504,92,266,0,0
136.60626202363352,370,44,1,0
136.62767120050506,448,740,0,0
136.62821713646048,80,55,0,0
136.63387749497306,184,225,0,0
136.63515946550578,216,99,0,0
136.64131336902716,17,296,0,0
136.6467916240927,36,35,0,0
136.6569063390251,24,339,0,0
136.67634849293555,51,767,0,0
136.67821841066734,32,313,0,0
136.703750119119,243,338,0,0
136.70420906223185,738,385,0,0
136.79435578623668,2233,6,0,0
136.8061592843445,21,280,0,0
136.8727263177544,22,699,0,0
136.87302545337974,10,67,0,0
137.08651535976782,916,481,0,0
137.0940631151496,214,364,0,0
137.12043997537202,10,328,0,0
137.13727801774044,24,205,0,0
137.14908246452558,10,382,0,0
137.15441864746325,220,707,0,0
137.1546663503463,112,149,0,0
137.31951356265205,8,105,0,0
137.8960315392247,8,245,0,0
137.90017325216584,13,235,0,0
138.10757939560196,23,22,0,0
138.20168884297448,1534,161,0,0
138.23107481045363,23,130,0,0
138.24227043825545,39,665,0,0
138.29097496197622,33,225,0,0
138.29507141796364,14,344,0,0
138.30277236341595,22,470,0,0
138.30795903765684,64,43,0,0
138.31137133791984,11,489,0,0
138.31642850509863,104,684,0,0
138.36730969370177,751,726,0,0
138.42605749839248,9,767,0,0
138.42911266465777,21,748,0,0
138.4424838203486,16,184,0,0
138.45298754471315,27,767,0,0
138.45346491252977,343,526,0,0
138.6004344904425,41,285,0,0
138.60217760049287,393,366,0,0
138.75499645072406,35,156,0,0
138.75514578791083,11,308,0,0
138.75849256933282,150,128,1,0
138.8323554577088,36,465,0,0
138.87119533351125,621,93,0,0
138.91579354536438,22,216,0,0
138.9307737928247,11,123,0,0
139.93934859248634,10,148,0,0
139.95820374544218,10,291,0,0
139.99090356230494,87,558,0,0
139.9948094076166,4,104,0,0
139.99819900060373,630,223,1,0
140.2625884772286,22,164,0,0
140.53098065437834,21,427,0,0
140.5314352810738,44,292,0,0
140.53706569133905,11,234,0,0
140.74964334774683,216,79,0,0
140.7704024556658,12,235,0,0
140.8939967049849,40,37,0,0
140.89446543835447,305,115,0,0
140.92006159226278,1380,130,1,0
140.93837658344063,37,330,0,0
140.95871365668572,6,304,0,0
140.96355592305696,8,148,0,0
140.98013129313006,7,209,0,0
141.61748156763028,11,327,0,0
141.61954336318013,16,606,0,0
141.63524722544673,8,175,0,0
141.64496812184254,980,187,1,0
141.65550240955181,97,19,0,0
142.34212581370647,10,115,0,0
142.78117613780506,1113,71,0,0
142.78981604398462,132,7,0,0
142.84280124235352,10,67,0,0
142.84629768134786,17,392,0,0
142.8811573627564,2374,602,0,0
142.8897650269216,18,159,0,0
143.24929183878766,17,254,0,0
143.29507303904174,26,192,0,0
143.29725441422985,43,27,0,0
143.29774321054958,68,457,0,0
143.29965419412576,119,378,0,0
144.60420157051593,314,193,0,0
144.6067591661513,396,70,0,0
144.60780065982303,17,256,0,0
144.61245226118245,11,14,0,0
144.6192268200466,24,34,0,0
144.68286333965213,12,162,0,0
144.68681018325194,28,390,0,0
145.218724576966,852,590,0,0
145.23742640791764,12,771,0,0
145.27142583294395,35,63,0,0
145.59928004816712,36,243,0,0
145.6258726277326,8,76,0,0
145.66142249605966,11,261,0,0
145.72930621970733,62,767,0,0
145.7335599930718,17,626,0,0
145.73982970319943,17,286,0,0
145.81312057662842,6,432,0,0
145.81694407815723,223,60,0,0
145.82277412705906,442,527,0,0
145.9453336768531,35,252,0,0
146.00716837647926,632,296,0,0
146.04413779404754,700,208,0,0
146.0459961671526,420,717,0,0
147.0466613360337,8,225,0,0
147.0603023329643,86,266,0,0
147.0700453291781,2502,506,0,0
147.0828762954143,19,228,0,0
147.08624635941806,51,168,0,0
147.09683492169717,17,174,0,0
148.1369959334368,19,141,0,0
148.1378656862616,15,233,0,0
149.80730554091772,71,37,0,0
149.80995704373254,27,137,0,0
149.8126051713964,362,744,0,0
150.09561531597987,28,373,0,0
150.9534570804198,1456,173,0,0
150.96145054721478,25,210,0,0
151.05633905716337,21,275,0,0
151.0600029837223,7,124,0,0
151.06847568540462,9,134,0,0
151.0722516388242,14,297,0,0
151.09452861766147,13,316,0,0
151.09909003734847,1729,290,0,0
151.12093231436853,9,19,0,0
151.1291652294692,59,273,0,0
151.14550869530896,5389,168,0,0
151.16409907904713,14,232,0,0
151.16820042355613,6035,86,0,0
151.17548195273713,11,266,0,0
151.17701901293844,6,2220,0,1
151.21995366530774,13,379,0,0
151.28852069493323,523,93,0,0
151.2958461893143,11,98,0,0
151.3043810576123,20,141,0,0
151.309356486123,758,100,0,0
151.31533455285873,12,282,0,0
151.33533108286073,42,39,0,0
151.33582686798493,23,438,0,0
151.33661778559411,11,12,0,0
151.3534511950028,53,197,0,0
151.44018315487102,53,315,0,0
151.44378527569324,23,423,0,0
151.5160722217234,4,194,0,0
151.61316749524133,7,273,0,0
151.63123430106714,64,143,0,0
152.90386167611055,4,27,0,0
152.91531812414124,300,167,1,0
152.93434188375102,7,106,0,0
152.9358309443016,4,113,0,0
152.93768131936585,35,63,0,0
152.95553904815696,316,351,0,0
153.00160304610515,5,223,0,0
153.01100996885327,21,42,0,0
153.023778814769,6,141,0,0
153.04123250320325,11,335,0,0
153.1049388264901,122,249,0,0
153.10539924746908,1170,312,1,0
153.17280088070825,9,154,0,0
153.17532581057387,5,121,0,0
153.21146567670024,10,115,0,0
153.27632605031928,51,31,0,0
153.27712853233487,13,190,0,0
153.40057012841635,8,68,0,0
153.41537304142125,12,27,0,0
153.4197808319811,27,28,0,0
153.87814580092322,63,553,0,0
153.87914851867194,13,307,0,0
153.87976024527433,49,23,0,0
153.89807114353965,88,222,0,0
153.92785429569204,218,193,0,0
153.93585489021834,91,609,0,0
153.97514146974893,463,2930,0,1
153.97525143653684,55,710,0,0
154.06711817125455,9,86,0,0
154.08496202699183,23,149,0,0
154.0864091297489,21,117,0,0
154.08755595456932,54,57,0,0
154.12009024676536,225,232,0,0
154.14878379743365,47,189,0,0
154.1522810571993,8,64,0,0
154.16871217762588,70,23,0,0
154.18299663405028,187,734,0,0
154.29975155425467,113,17,0,0
154.30186157869718,58,232,0,0
154.40683970809636,9,173,0,0
154.42406466140255,432,304,0,0
154.43970981665328,81,490,0,0
154.4813483004134,37,389,0,0
154.48682604945796,1443,251,0,0
154.48765530192668,68,111,0,0
154.48820274518252,12,24,0,0
154.60020580445774,5,248,0,0
154.6006551108765,154,392,0,0
154.71847556733948,382,576,0,0
154.72202764124287,381,278,0,0
154.8558285404769,39,254,0,0
154.85815426593882,28,371,0,0
154.88561400520499,2448,240,0,0
154.90727576660902,212,240,0,0
154.9790782614509,361,379,0,0
154.98591323349945,164,723,0,0
155.023318216173,125,9,0,0
155.38364131545686,23,355,0,0
155.38464420192773,34,60,0,0
155.50718294846064,18,264,0,0
155.5090474414978,9,230,0,0
155.61924928558435,69,84,0,0
155.6266078238008,12,494,0,0
155.9141338787627,536,9,0,0
155.92373711244767,21,671,0,0
155.92961033979947,34,277,0,0
156.06062201288034,1500,125,1,0
156.07060007497873,89,404,0,0
156.08150096691847,8,235,0,0
156.1935378488433,32,147,0,0
156.48599940275238,158,768,0,0
156.5809317691497,498,48,0,0
156.58130888048495,12,164,0,0
156.6153745002656,13,108,0,0
156.64691032468866,11,116,0,0
156.7475398843842,11,282,0,0
156.89677135530275,105,1350,0,1
157.03848930123314,30,35,0,0
157.08780014313993,7,138,0,0
158.18313670405323,103,2860,0,1
158.19740239060636,29,336,0,0
158.20252933741736,359,31,0,0
158.20411497603624,11,219,0,0
158.21340267869977,44,294,0,0
158.30949392627446,326,45,0,0
158.33110714797303,167,1010,0,1
158.6731615519711,24,147,0,0
158.69364652776696,16,630,0,0
158.70078945699223,396,3170,0,1
159.14230361017098,81,630,0,0
159.15651315606254,20,253,0,0
159.36717202886751,43,136,0,0
159.36741354972224,39,276,0,0
159.3689806834984,15,62,0,0
159.37649853029123,7,459,0,0
159.37918090064443,308,4,0,0
159.4142456770152,363,524,0,0
159.43934047582061,36,767,0,0
159.47282429871356,6,352,0,0
159.47646840079926,89,790,0,1
159.48025193828735,1199,10,0,0
159.48599323794704,18,722,0,0
159.8977347609985,406,769,0,0
159.90934212252944,39,673,0,0
160.0361436282312,123,474,0,0
160.04002515496248,9,43,0,0
160.04117754667672,25,88,0,0
160.0661088591746,1763,364,0,0
160.19678782204346,20,286,0,0
160.1974542712142,75,389,0,0
160.2037460766467,96,280,0,0
160.267132496247,9,222,0,0
160.27767548424504,15,108,0,0
160.28742034362668,2276,215,0,0
160.3695081583427,110,325,1,0
160.3937773929596,33,274,0,0
160.41889819492803,20,53,0,0
160.4253058849987,4,103,0,0
160.4554765298903,22,202,0,0
160.46180573068074,14,304,0,0
160.75801525644894,11,1920,0,1
160.7580515529541,13,403,0,0
160.7798539338573,1347,310,0,1
160.85474730850666,100,146,1,0
160.85735751307035,130,3370,1,1
160.91460893958785,9,18,0,0
160.9187937098174,12,145,0,0
160.98903303107065,11,2010,0,1
161.4643111478328,300,574,1,0
161.47515718975754,19,776,0,0
162.96153263684496,58,320,0,0
162.97809122609732,14,197,0,0
162.9782279831166,11,332,0,0
162.98585545291277,24,10,0,0
163.0080563825072,156,366,0,0
163.03483766207188,13,119,0,0
163.0512817314347,8,239,0,0
163.08769034157586,64,26,0,0
163.09921099367736,50,211,0,0
163.34081209984421,3244,229,0,0
163.3729577247861,280,451,0,0
163.3856824426956,8,399,0,0
164.04288017722914,540,46,0,0
164.04417740372008,363,524,0,0
164.04456220640225,247,574,0,0
164.04877022168512,16,760,0,1
164.04887062946622,11,267,0,0
164.09419305582432,19,769,0,0
164.10320214616996,19,90,0,0
165.221305587124,132,39,0,0
165.2238541413006,376,6270,0,1
165.22537535177656,29,577,0,0
165.28964855629826,11,80,0,0
165.34846592971675,9,44,0,0
165.41115847027652,353,454,0,0
165.4163193385865,2652,34,0,0
165.42142839536805,43,25,0,0
165.4706775703889,41,201,0,0
165.48275909507743,76,220,0,0
165.5350010501932,2054,245,0,0
165.69194775265765,8,216,0,0
165.70132798380286,1382,68,0,0
165.75334226503324,17,276,0,0
165.7536984304742,9,333,0,0
166.15886578918764,9,221,0,0
166.51572089538556,170,331,1,0
166.53995346035933,17,148,0,0
166.55124744251958,25,684,0,0
166.5751324005453,31,326,0,0
166.60538192996202,62,301,0,0
166.62159204912584,30,68,0,0
166.62675779087246,84,26,0,0
166.66067462099525,571,680,0,0
166.8771083034381,24,446,0,0
166.87752319624326,6,80,0,0
166.88446683988545,29,773,0,0
166.88818993452279,516,212,0,0
166.89014334262623,14,212,0,0
166.90815107574306,32,95,0,0
166.90838245862622,16,167,0,0
166.9163524554871,179,454,0,0
167.01644713841637,10,109,0,0
167.12643379880433,43,410,0,0
167.19741843906127,501,690,0,0
167.23358252496757,69,434,0,0
167.32968309444763,13,483,0,0
167.35515326507098,5,258,0,0
167.40531804860325,1083,109,0,0
167.48751552551576,9,62,0,0
167.8692138407255,918,769,0,0
168.02436169193166,410,594,1,0
168.1418006794985,10,113,0,0
168.14281436134067,58,349,0,0
168.17716562069418,18,537,0,0
168.2050462523397,289,355,0,0
168.21186061394934,336,454,0,0
168.2143676044713,7,146,0,0
168.28687990422893,194,522,0,0
168.30990180980731,25,394,0,0
168.3205209605119,15,218,0,0
168.32268021923645,22,1730,0,1
168.32695014499836,336,238,0,0
168.33362427130967,314,193,0,0
168.3684190543871,11,67,0,0
168.8643720705915,184,187,0,0
168.89193408731217,42,541,0,0
168.89227843573855,22,338,0,0
168.93522210060766,20,443,0,0
168.9808325696834,4779,128,0,0
168.98318384056503,251,185,0,0
168.98444615968359,350,170,1,0
169.0023533756246,7,106,0,0
169.07989376427602,475,645,0,0
169.11928765530413,41,199,0,0
169.50341382037237,296,373,0,0
169.51634961085367,13,163,0,0
169.5334747689925,75,243,0,0
169.5363922612096,79,348,0,0
169.6518032878669,27,38,0,0
169.67656909762704,2043,135,0,0
169.72587377411017,5,36,0,0
169.72604762092828,8,102,0,0
169.72650143588896,135,64,0,0
169.75924408688113,199,392,0,0
169.81198204813293,69,756,0,0
169.81865515461845,28,198,0,0
169.8269930236528,49,90,0,0
169.89203792101165,94,426,0,0
169.8950332304856,2212,123,0,0
169.9106735565136,21,290,0,1
169.91291492215737,31,593,0,0
169.91753840554554,57,240,0,0
169.99534998976083,24,456,0,0
169.99581130802875,29,357,0,0
169.99917569413194,568,652,0,0
169.99927890475914,288,95,0,0
170.0276487732096,12,768,0,0
170.04996245045487,14,233,0,0
174.83011057871093,86,2050,0,1
174.8369426356552,347,1660,0,1
174.86081876312664,24,260,0,0
174.99536894288858,21,186,0,0
175.05493243117206,21,37,0,0
175.0636337574393,13,286,0,0
175.24621239875717,25,619,0,0
175.24627903683367,266,597,0,0
175.28658337082334,738,385,0,0
175.2900578648867,240,254,1,0
175.293287318658,32,362,0,0
175.29516076031263,30,2310,0,1
175.32475109712334,1083,339,0,0
175.3266588642664,50,311,0,0
175.34686269953235,67,248,0,0
175.8212524054184,151,157,0,0
175.82475010720657,33,212,0,0
175.8427742431489,95,22,0,0
175.84717227916494,45,183,0,0
175.84821256471906,313,465,0,0
175.89447479395125,7,300,0,0
176.06226338062663,68,68,0,0
176.066043486119,190,351,1,0
176.08200561894552,16,469,0,0
176.09279878163358,175,121,0,0
176.09604291237653,18,210,0,0
176.17061236303488,61,465,0,0
176.17087070410867,21,283,0,0
176.45214934174413,133,380,0,1
176.45693242940288,20,202,0,0
176.93689048042776,15,486,0,0
176.97521544971227,411,766,0,0
176.98717267659313,7,3050,0,1
176.98765477158233,8,21,0,0
176.98864274250627,2485,30,0,0
177.04194886619425,23,127,0,0
177.04509232505245,21,363,0,0
177.12597010660986,1369,12,0,0
177.1270091182178,210,455,0,0
177.24354298422116,16,56,0,0
177.2564999080605,16,166,0,0
177.28636753928836,32,104,0,0
177.28864033284972,704,433,0,0
177.29430024683165,21,331,0,0
177.33072577553256,29,516,0,0
177.34895072644895,95,54,0,0
177.35085775494662,35,516,0,0
177.37066357494112,24,168,0,0
177.3713353197648,3255,307,0,0
178.11127326878702,276,466,0,0
178.1515989247033,9,181,0,0
178.15635303746095,15,432,0,0
178.16338536728728,12,189,0,0
178.1650420705181,11,360,0,0
178.18030005123117,14,127,0,0
178.18035243159957,379,56,0,0
178.19251839841888,55,236,0,0
178.56891139225593,1760,301,1,0
178.5690995114379,10,285,0,0
178.58679093145793,904,547,0,0
178.59095984953802,2536,153,0,0
178.59993313611562,220,467,0,0
178.60114853257824,49,34,0,0
178.69230985907328,120,503,1,0
178.69326824160925,17,373,0,0
178.78347206538126,1340,10,1,0
178.8946190914454,132,314,0,0
178.91482271701625,57,312,0,0
178.95804017048715,100,68,0,0
178.95830273414919,18,528,0,0
178.96187093725771,90,279,1,0
178.96196069145395,15,280,0,0
179.00906299083644,647,769,0,0
179.145044467851,18,113,0,0
179.14570798820563,16,137,0,0
179.16617229367876,368,357,0,0
179.17464390407216,29,216,0,0
179.1749416817273,691,104,0,0
179.18165755925716,345,277,0,0
179.19788727376528,177,578,0,0
179.30037655701034,45,118,0,0
179.3116058041475,9,160,0,0
179.3638722605053,26,271,0,0
180.06431549035386,21,95,0,0
180.2101549184432,1605,22,0,0
180.21326163518364,2034,328,0,0
180.25765701982792,16,66,0,0
180.73101280172529,14,82,0,0
184.71611514205688,21,481,0,0
184.7959224549421,14,86,0,0
184.97851545959665,2213,251,0,0
185.08581491852522,15,100,0,0
186.2050820758005,2132,6060,0,1
186.32487482528305,10,301,0,0
186.4869399848772,24,77,0,0
186.48984311730416,9,289,0,0
186.49919473440505,112,149,0,0
186.50001892002817,17,582,0,0
186.50305225252797,45,221,0,0
186.53723460648573,16,346,0,0
186.71070405612303,18,60,0,0
186.86833524776213,16,769,0,0
186.9170224997346,123,310,0,0
188.40267132898137,30,282,0,0
188.40411714265392,5200,637,1,0
188.42210898657362,24,354,0,0
188.80327232079398,10,385,0,0
188.84444965270643,193,767,0,0
188.87164761926965,12,37,0,0
189.01013630019648,203,147,0,0
189.01463447721417,5,196,0,0
189.01931679480052,1336,504,0,0
189.02839426285655,15,342,0,0
189.84890654305985,13,355,0,0
189.85035548679235,50,363,0,0
189.85600594862015,9,367,0,0
191.76561577915524,30,239,0,0
191.80885125768347,13,317,0,0
191.82024191367825,732,205,0,0
191.82068889496318,8,409,0,0
191.84730176793965,30,402,0,0
191.865093299058,48,254,0,0
191.99655496642782,88,570,0,0
191.99999762990757,18,349,0,0
192.00477518456927,7,116,0,0
192.1098977983185,35,225,0,0
192.112559034284,2036,530,0,0
192.58531426720106,8,79,0,0
192.59850797084803,23,151,0,0
192.64270584738932,15,755,0,0
192.64843870466288,1000,139,0,0
193.22664236061956,10,557,0,0
193.23249409470742,27,256,0,0
193.50927545229754,46,305,0,0
193.51602666058395,47,221,0,0
193.55894681163488,14,82,0,0
193.56228863180965,8,477,0,0
193.65410491160767,29,265,0,0
194.11811103528507,8,265,0,0
194.12497435334984,33,148,0,0
194.92853904677946,19,322,0,0
194.9524655603246,16,139,0,0
194.9568797639461,21,32,0,0
194.99075557955035,167,382,0,0
194.99871890258868,70,322,0,0
195.03042515235938,90,390,0,0
195.03762288173206,36,383,0,0
195.03843133273998,1010,436,0,0
195.28219013080704,1261,73,0,0
195.3137854761718,20,305,0,0
195.3235220481226,126,322,0,0
195.39013558979036,52,336,0,0
195.3913502175359,7,26,0,0
195.4034010529109,290,44,1,0
195.4836728941178,22,288,0,0
195.8048291106913,12,520,0,1
195.83346671661891,21,309,0,0
195.94552999314342,128,251,0,0
195.9461021079949,90,768,1,0
195.96496610381092,27,53,0,0
196.0781324347327,262,261,0,0
196.36637271026248,32,229,0,0
196.36818058418905,18,551,0,0
196.85669909289754,7,23,0,0
199.84100403960085,27,278,0,0
199.87080229243946,21,297,0,0
199.87142212246326,2010,230,1,0
199.94983246592201,203,321,0,0
200.02504792761485,14,446,0,0
200.0331597194857,4,275,0,0
200.35979955644865,4,76,0,0
201.10721785168025,67,224,0,0
201.1097541358411,13,243,0,0
201.11205518078168,15,490,0,0
201.14408290423353,83,245,0,0
201.3583911443013,7,318,0,0
201.3598520053431,19,451,0,0
201.36351558023165,642,552,0,0
201.3735975378198,520,315,1,0
201.37687719371038,13,202,0,0
201.38734898225994,46,294,0,0
201.5144104014487,2170,715,1,0
201.51719058436183,36,47,0,0
201.59018982742455,117,608,0,0
201.60704322296044,221,322,0,0
201.61669740932177,181,259,0,0
201.61768537593386,130,4170,1,1
201.6446486732595,9,176,0,0
201.69456919833183,30,209,0,0
201.69786628371145,24,153,0,0
201.8069689831057,355,800,0,1
201.93774502712998,36,271,0,0
201.9614102629637,25,190,0,0
201.96430141638513,3752,152,0,0
201.9783513568516,100,17,1,0
202.0967674554843,1230,120,1,0
202.20947537131903,33,40,0,0
202.2244063890487,267,667,0,0
202.2359386882313,2030,39,0,0
202.3182673743554,79,210,0,0
202.38868978083508,27,213,0,0
202.5339236205307,955,767,0,0
202.5359099212653,5,18,0,0
202.55032923076718,465,469,0,0
202.66276881994705,30,64,0,0
202.6669935128482,5584,308,0,0
202.69088082460613,342,61,0,0
202.69512534772048,180,6930,1,1
202.8288538322846,11,277,0,0
203.10579617509444,845,138,0,0
203.11241047654246,20,230,0,0
205.44452629847407,22,90,0,0
205.550403908224,11,189,0,0
205.56095621767813,96,187,0,0
205.61813027352125,68,616,0,0
205.62596952430073,141,582,0,0
205.7895248929745,34,290,0,0
205.8042752913595,520,484,0,0
205.80773485172534,7,235,0,0
205.81966400260276,26,77,0,0
205.82120116705886,12,179,0,0
205.82139243929635,404,204,0,0
205.82247340032382,9,284,0,0
205.8786453540891,737,109,0,0
205.88450733045858,14,480,0,0
205.9240454636467,24,168,0,0
205.9310018406586,620,33,1,0
205.94707544139703,59,748,0,0
205.98009903228416,19,406,0,0
206.08081133692215,60,494,0,0
206.08330139801447,228,499,0,0
206.08652601294642,29,338,0,0
206.10658951951586,28,486,0,0
206.54797302072632,5,180,0,0
206.57958596802604,6,266,0,0
206.59205037743388,7,22,0,0
206.60519069842329,1750,540,1,1
206.61626290394202,26,86,0,0
206.6215054301562,10,370,0,0
206.72995995187014,1560,274,0,0
207.53782111638697,77,445,0,0
207.56999455609528,2077,130,0,0
207.57099908573392,23,315,0,0
207.57147078020333,280,324,1,0
208.50918013692657,181,332,0,0
208.50973370561047,19,329,0,0
210.6699215785781,65,159,0,0
210.718566591634,101,473,0,0
210.73276326327277,1175,212,0,0
210.8369320808814,25,387,0,0
210.85685888884,48,767,0,0
211.40315828902817,1812,2700,0,1
211.41018948816532,31,423,0,0
211.4456642938915,296,175,0,0
211.45206328194453,190,627,0,0
211.50606549215817,1646,9,0,0
211.60355738196915,35,110,0,0
211.60489300995394,43,62,0,0
211.60558843838817,55,36,0,0
211.74655890697684,18,259,0,0
211.8376023059105,20,65,0,0
211.88602208548707,20,381,0,0
211.8904928406088,5,71,0,0
211.89228562279843,1761,191,0,0
211.89468108580317,25,323,0,0
211.913945108628,22,329,0,0
211.91650368181362,114,200,0,0
211.91901821453317,607,256,0,0
211.958300530164,141,577,0,0
212.5182362159163,1037,200,0,0
213.4637771149392,95,308,0,0
213.4954345755824,1059,5,0,0
213.6925438753055,14,120,0,0
213.7445511518835,18,592,0,0
213.78598699509809,24,772,0,0
213.802533096488,13,467,0,0
213.80813736425063,57,351,0,0
213.81486001880532,398,309,0,0
213.84679884169594,30,241,0,0
214.2182602222372,3003,115,0,0
214.2195473714921,9,294,0,0
214.22586219714464,92,128,0,0
214.22773302483506,22,233,0,0
214.30389161319744,1361,400,0,0
217.11239225797542,1607,84,0,0
217.1642982984044,98,71,0,0
217.1656733249029,33,350,0,0
217.21668119697324,117,292,0,0
218.31076656237224,15,240,0,0
218.31464418433515,42,767,0,0
218.31482847062188,24,14,0,0
218.31515057294862,60,595,0,0
218.36227239941283,19,214,0,0
218.36265412008416,875,157,0,0
218.78519666639883,104,281,0,0
218.78533350908685,18,321,0,0
218.79820851699722,23,114,0,0
218.79947490734924,45,48,0,0
218.9020458179135,2664,75,0,0
218.93931643510538,1684,160,0,0
219.00330679166473,33,533,0,0
219.08262749062104,136,346,0,0
219.08606245532363,438,127,0,0
219.1078266013485,19,62,0,0
219.11056348631587,15,93,0,0
219.11888981892434,666,50,0,0
219.14453845031383,11,380,0,0
219.15214544796467,8,66,0,0
219.1531455864652,13,337,0,0
219.15431362085917,7,22,0,0
219.15589494239603,56,654,0,0
219.1577155524829,38,392,0,0
219.15934199744243,440,3450,1,1
219.44248442861357,20,45,0,0
219.53681517094572,19,307,0,0
219.5689409275837,7,300,0,0
219.86648910053174,209,294,0,0
219.91679177501095,8,76,0,0
219.92329154042474,660,769,0,0
220.10731245526358,34,340,0,0
220.1568159873163,212,451,0,0
220.15705953520327,65,350,0,0
221.91837655960404,321,767,0,0
221.93184134648163,14,429,0,0
221.9323389776697,447,137,0,0
222.1938778402099,17,336,0,0
222.21656163448407,81,427,0,0
222.24064763848278,34,445,0,0
222.56714612770517,5,196,0,0
222.67156733227475,58,203,0,0
222.70665085472476,145,4500,0,1
222.734974934601,14,489,0,0
222.75698022525364,1236,310,0,0
222.76949006018046,90,176,0,0
222.7705692621984,50,710,0,0
222.93243068525027,17,362,0,0
222.9504942226934,11,108,0,0
222.96478160076958,9,194,0,0
223.04812583464107,360,114,0,0
223.05251349790962,26,292,0,0
223.0601988217612,20,225,0,0
223.1315940694952,11,734,0,0
223.14284148616596,22,481,0,0
223.1447154180127,35,710,0,1
223.14677416599542,7,479,0,0
229.975426326369,21,766,0,0
229.9811290198967,7,177,0,0
231.627206886353,26,5010,0,1
231.63116748162017,12,4490,0,1
231.66822685155574,9,320,0,0
231.67509302294724,1260,746,0,0
231.67666545501643,116,3270,0,1
231.6855425585534,2281,7,0,0
232.92283639787036,27,5470,0,1
232.9263710683729,82,669,0,0
232.92849216200037,86,446,0,0
232.96695109300336,180,378,1,0
232.9690710037419,216,89,0,0
232.97223757782103,4350,195,1,0
232.97309694056278,13,653,0,0
233.0954876534435,22,244,0,0
233.16289531217254,22,226,0,0
233.1630192558126,16,461,0,0
233.22976200637189,1320,769,0,0
233.2398005241238,93,5,0,0
233.2535734817807,24,464,0,0
233.25710864265827,87,169,0,0
233.2826167313325,28,481,0,0
233.34166718223526,15,230,0,0
233.3447557070899,34,340,0,0
233.36049890788107,42,770,0,0
233.37506355138913,2651,75,0,0
233.37814125233007,8,312,0,0
233.38340088886522,507,304,0,0
233.39619041151562,134,366,0,0
233.4846570871748,99,150,0,0
233.48876054658007,16,767,0,0
233.5052930769291,30,328,0,0
233.63234917796095,664,305,0,0
233.907110589006,17,266,0,0
233.9079588224682,8,239,0,0
233.9332513448197,267,178,0,0
233.9433720664881,412,524,0,0
233.94876837984148,23,22,0,0
233.95255833792345,994,356,0,0
234.469395779858,12,309,0,0
234.59737571520924,23,244,0,0
234.60711600419378,9,365,0,0
234.62759983510531,44,477,0,0
234.64179860731298,2485,30,0,0
234.65299881479928,8,274,0,0
234.7417254975665,306,181,0,0
234.7482249908231,10,201,0,0
234.82216487979827,20,293,0,0
234.8230981628705,13,192,0,0
234.85183333057418,195,129,0,0
234.86541527983377,719,6,0,0
234.8708344459803,905,765,0,0
234.91178017975398,26,82,0,0
234.93482774811093,84,76,0,0
234.94397841151198,123,203,0,0
235.2063751544918,42,386,0,0
235.22020975553806,7,300,0,0
235.23236848499997,30,361,0,0
235.2384046659865,11,179,0,0
235.40421242540143,119,192,0,0
235.52699970643866,22,4040,0,1
235.52715444136837,2165,47,0,0
235.53000268724486,39,299,0,0
235.56695564448333,10,362,0,0
235.6909249170865,9,265,0,0
235.74200132369785,29,478,0,0
235.75699907463908,107,269,0,0
236.1121311902428,27,5480,0,1
236.1187187791171,36,462,0,0
236.14183287085834,12,298,0,0
236.1610376130451,22,183,0,0
236.18567259315228,1585,272,0,0
236.18858174442423,4,19,0,0
236.19973078499876,1288,19,0,0
236.27916003196478,60,22,0,0
236.4273670854219,30,769,0,0
236.52952274042147,82,50,0,0
236.5806731140337,14,137,0,0
236.59212054435787,211,361,0,0
236.66438279090335,32,190,0,0
236.6827836817375,7,46,0,0
236.7088661609773,26,209,0,0
236.75733487685324,1498,549,0,0
236.761114200007,16,360,0,0
236.82274421157933,326,484,0,0
237.00976061765317,4,314,0,0
237.0105327107494,59,254,0,0
237.02089736294351,8,199,0,0
237.0302329649493,28,151,0,0
237.50591132256207,21,454,0,0
237.53000483631473,490,139,1,0
237.5956602954902,23,17,0,0
237.68106824168294,154,398,0,0
237.68507987040624,9,401,0,0
237.686429433824,307,339,0,0
237.869031628783,33,572,0,0
238.12051847323283,130,437,1,0
238.23129424167146,10,326,0,0
238.33015479062516,55,265,0,0
238.33469550577766,57,266,0,0
238.3391361729446,9,63,0,0
238.35831510678088,331,372,0,0
238.42918401474356,29,501,0,0
238.43893148775751,59,203,0,0
238.44915317829975,198,228,0,0
238.4991304253406,416,88,0,0
238.9598524904104,675,714,0,0
238.96064636761227,73,357,0,0
238.97250698883988,35,24,0,0
238.9734394018411,39,24,0,0
238.97393271014727,7,77,0,0
239.1504612181981,15,521,0,0
239.15286485472146,7,203,0,0
239.19126443815995,10,153,0,0
239.3667377329441,14,45,0,0
239.44133309666086,190,330,1,0
239.44388164223722,76,114,0,0
239.48309766629657,2404,766,0,0
239.49899859254174,5,286,0,0
239.50345079610395,67,103,0,0
239.51304319519494,28,101,0,0
239.51933294117518,43,75,0,0
239.66012619392228,115,80,0,0
239.6777654839178,368,285,0,0
239.6857540029514,16,172,0,0
239.7266643527235,11,376,0,0
239.76761260278525,9,81,0,0
239.82880927690078,99,290,0,0
239.9639469750114,6,186,0,0
239.9679970707615,181,534,0,0
239.97409501135365,125,366,0,0
240.14943845049294,30,47,0,0
240.15401795526057,2806,182,0,0
240.22928589404145,127,437,0,0
240.22950363389242,33,317,0,0
240.24686008003636,71,207,0,0
240.25009595724538,105,289,0,0
240.26190141072456,173,8,0,0
240.30243798063074,4,170,0,1
240.30278380793882,8,399,0,0
240.30361984375529,23,57,0,0
240.32032780466707,10,250,0,0
240.32199510413048,13,294,0,0
240.34988632888425,29,49,0,0
240.3703066136765,38,331,0,0
240.3724797347691,7,26,0,0
240.48443453256277,5,6350,0,1
240.55862220805847,420,717,0,0
240.60066556759605,89,160,0,0
240.6062515823973,6,102,0,0
240.61215286030068,64,488,0,0
240.61318614667434,468,123,0,0
240.61346629635673,2082,69,0,0
240.62177222420573,10,265,0,0
240.6958039316211,32,28,0,0
240.70629084160305,422,386,0,0
240.76242084510574,9,311,0,0
240.76810008145992,15,244,0,0
240.77510282513322,12,453,0,0
240.7824508051857,3181,17,0,0
240.9813570531186,62,314,0,0
240.98311257239018,22,102,0,0
240.9875150113049,346,210,0,0
241.0680013093959,180,163,1,0
241.19294620991104,5,108,0,0
241.25356287727374,50,414,0,0
244.64954297920409,15,63,0,0
244.66350212094014,920,448,1,0
244.68209441261544,26,120,0,0
244.68783132779794,12,374,0,0
244.69741047694643,10,175,0,0
245.31645185505414,7,246,0,0
245.46819347500022,64,3440,0,1
245.47754567578974,166,253,0,0
245.7353105214675,67,21,0,0
245.73816642014327,118,69,0,0
246.46362882743804,63,618,0,0
246.47225816961003,125,55,0,0
246.56709469771383,5,208,0,0
246.568440308119,314,193,0,0
246.59449605223148,35,267,0,0
246.6026364186179,13,287,0,0
246.61435524868324,31,85,0,0
246.6293172706461,15,298,0,0
246.62994836940433,682,253,0,0
246.6306238674456,29,160,0,0
246.92464647208942,19,15,0,0
246.92640164594386,283,550,0,0
246.9266104753012,44,30,0,0
246.97105492934335,10,141,0,0
246.98938068562512,2877,496,0,0
247.01462944846367,1103,660,0,1
247.02198486257933,798,1680,0,1
247.09312801476338,64,138,0,0
247.2078019214863,17,171,0,0
247.21960523100816,1670,450,1,0
247.2610835267281,46,216,0,0
247.26145182930773,6,394,0,0
247.27218780155818,31,275,0,0
247.27512871151288,7,114,0,0
247.27695753990326,6,39,0,0
247.3993899156045,42,376,0,0
247.39963314975958,380,2770,1,1
247.42882424936417,94,767,0,0
247.42994024065956,8,198,0,0
247.59408816688733,11,292,0,0
247.61753982055833,78,651,0,0
247.72731667664772,13,467,0,0
247.7378215793528,1636,1550,0,1
247.73880267943724,41,277,0,0
250.01301355858922,140,313,0,0
250.02573722149114,13,123,0,0
250.0275959191654,20,500,0,0
250.19213584667315,154,2080,0,1
251.43567569251567,18,138,0,0
251.45487668365976,16,294,0,0
251.46200067122862,362,148,0,0
251.53238501170733,13,52,0,0
251.6434103815442,12,429,0,0
251.77421043336116,665,454,0,0
251.78461905649996,30,410,0,1
251.8031954594875,51,562,0,0
251.85178198326977,6,52,0,0
252.92562444379934,131,47,0,0
253.18466848804465,17,187,0,0
253.19079041952457,9,2860,0,1
253.23831428307534,454,1960,0,1
253.34741248831256,8,366,0,0
253.35334491471187,160,1440,0,1
253.35339971152837,1205,640,0,1
253.3783037853391,16,679,0,0
253.38498780272508,37,476,0,0
253.4175938588136,17,293,0,0
253.46013359854402,31,218,0,0
253.48703339373273,5,677,0,0
253.50821726624946,6,163,0,0
253.69080631542533,900,22,0,0
253.69914400854435,144,69,0,0
253.70013859673284,1076,387,0,0
253.70034476049491,11,3350,0,1
253.76162633817526,14,205,0,0
253.7629614982098,3053,12,0,0
253.7778933901573,500,212,0,0
253.8014668005538,15,249,0,0
253.90846682966466,38,81,0,0
254.0322229001679,15,65,0,0
254.0561015406109,62,84,0,0
254.08010162890622,15,67,0,0
254.7004750364487,25,280,0,0
254.70076442172487,9,277,0,0
254.71451239710606,14,310,0,0
254.7186750583777,291,337,0,0
254.73447072228706,100,13,1,0
255.52239918057705,113,3810,0,1
255.53026820080925,12,233,0,0
255.53200385884938,15,624,0,0
255.53314594853845,197,1020,0,1
255.5534258946416,26,281,0,0
255.5585400175088,55,526,0,0
255.5611431505567,993,358,0,0
255.78868601528757,3370,185,1,0
257.2952317621835,34,518,0,0
257.3030082650326,18,312,0,0
257.3066240361753,1294,238,0,0
257.3817333239636,16,331,0,0
257.39200116988627,19,67,0,0
257.5105468851794,70,226,0,0
257.71722881338735,146,406,0,0
257.77535179501456,11,307,0,0
257.80546677630366,387,609,0,0
257.80912180910593,9,11,0,0
257.9723869448222,38,472,0,0
258.23047391101085,23,273,0,0
258.23184270886196,85,214,0,0
258.23886339813777,73,70,0,0
258.30472974405046,732,205,0,0
258.3441754946496,181,768,0,0
258.6004750388377,324,6760,0,1
258.6035726390891,662,241,0,0
258.61772885983487,180,544,1,0
258.6396418930963,50,312,0,0
258.662923421788,2780,320,1,0
258.87640887424135,55,2180,0,1
258.99695423869434,30,768,0,0
259.4553001387765,142,23,0,0
259.4763556088179,8,117,0,0
259.48451104081767,13,1700,0,1
259.6113424614644,113,267,0,0
259.6660044360642,14,313,0,0
259.6683922423467,299,475,0,0
259.6705648439956,34,234,0,0
259.7055966756563,25,122,0,0
259.8709027303973,1387,705,0,0
259.8739578878016,57,760,0,1
260.70075165882844,760,7,1,0
260.7753144041142,51,126,0,0
260.79897622154533,84,145,0,0
261.0496072782608,44,664,0,0
261.0759164503209,11,241,0,0
261.07712566291804,26,330,0,0
261.0855652185911,439,2920,0,1
261.2086565976572,104,88,0,0
261.33818924130986,22,288,0,0
261.34669225140703,2861,680,0,0
261.36221838591126,73,376,0,0
261.38087228434244,6,422,0,0
261.3812914181239,390,722,0,0
261.38572057744796,32,297,0,0
261.39103025397026,27,141,0,0
261.48882422477357,6,196,0,0
261.49017330502215,1315,743,0,0
261.5808113329967,761,130,0,0
261.5932584587854,576,580,0,0
261.60573978986105,6,406,0,0
261.60615259856354,49,377,0,0
262.0323119881416,1755,344,0,0
263.89418402433677,27,155,0,0
263.8949479863511,10,682,0,0
263.90207880519375,15,341,0,0
263.9022553095028,738,163,0,0
263.9202546725214,607,340,0,0
263.9427541437647,27,285,0,0
263.96875107086834,30,727,0,0
263.96969196684864,40,385,0,0
265.1711277820041,415,255,0,0
265.28956063692056,16,186,0,0
265.2901549326216,130,312,1,0
265.2936600666777,9,290,0,0
265.3032274284671,5,360,0,0
265.3182288296577,281,622,0,0
265.8937475695493,4,163,0,0
265.895633729604,65,96,0,0
265.90125612289097,194,5220,0,1
265.9108809999542,20,204,0,0
265.92080756158754,19,95,0,0
265.9357276078264,15,341,0,0
265.9712195025421,26,224,0,0
266.7242767994429,61,153,0,0
267.0411867743624,34,600,0,1
267.08538901400493,63,366,0,0
267.08632538173646,47,25,0,0
267.0888856621759,16,311,0,0
267.0914731265976,200,176,1,0
267.10458383965135,32,359,0,0
267.1062672590688,308,305,0,0
267.1111155577399,143,439,0,0
267.2083996513957,80,279,0,0
267.457732419751,10,336,0,0
267.4702062005966,25,58,0,0
267.8552898442134,854,606,0,0
267.85534436079865,871,157,0,0
267.8726208192189,91,48,0,0
267.8779794325482,348,720,0,0
267.9633454329501,18,190,0,0
267.97692196287824,28,39,0,0
268.00613840909926,19,272,0,0
268.0574292067604,17,33,0,0
268.06988928627715,40,257,0,0
268.13209047898226,350,506,1,0
268.1392191904571,34,258,0,0
268.140661047867,13,449,0,0
268.14532329196845,6,110,0,0
268.17112683399284,14,412,0,0
268.17765388112235,2530,99,0,0
268.18162325678543,49,350,0,0
268.18214851563476,36,150,0,0
268.1848721209478,29,33,0,0
268.2485905882844,39,397,0,0
268.2884381019905,6,153,0,0
268.37459045430484,937,154,0,0
268.3821934374082,10,311,0,0
268.3936546644411,35,377,0,0
268.4706205027787,100,764,1,0
268.4724693220018,49,428,0,0
277.13707105687683,15,52,0,0
277.1391398772632,7,412,0,0
277.19638920919255,1998,99,0,0
277.68311526350226,12,642,0,0
277.687359138726,6,267,0,0
277.6874541859089,5,254,0,0
277.6882177699407,13,393,0,0
277.6883992929794,9,2510,0,1
277.68855451804876,48,540,0,0
278.47328439991867,31,235,0,0
278.5924172845495,6,14,0,0
278.6900344109327,31,288,0,0
278.6925529776329,22,309,0,0
278.71192562547066,31,493,0,0
278.7185059589484,12,767,0,0
278.7283050243924,10,39,0,0
278.7385083030806,19,361,0,0
278.89880341472923,11,147,0,0
278.933678480461,40,138,0,0
278.9591138088657,50,110,0,0
278.9707763775759,14,99,0,0
278.97139619806404,52,126,0,0
279.0161215578667,21,18,0,0
279.037326822921,8,734,0,0
279.8113669829944,11,125,0,0
279.81176052776254,11,267,0,0
279.8140248375075,10,116,0,0
279.83363068926667,10,155,0,0
279.8775143817126,11,196,0,0
279.92865293915514,14,282,0,0
279.9437648908538,9,537,0,0
279.94905686651987,4,71,0,0
279.9709541311461,10,307,0,0
280.7342134728836,305,198,0,0
280.86411889032166,8,716,0,0
280.86549024769937,15,399,0,0
280.8716638191617,48,29,0,0
280.8721776878465,10,205,0,0
280.8738246796486,52,1670,0,1
280.99059721635126,9,293,0,0
281.2629614942394,140,372,0,0
281.26751456480895,35,446,0,0
281.34650695805954,50,620,0,0
281.3480309380602,15,359,0,0
281.49655897040344,8,240,0,0
281.50472314880693,216,95,0,0
281.51746476102477,14,342,0,0
281.5209318865147,10,245,0,0
281.52651460127976,75,112,0,0
282.41918511691836,8,43,0,0
282.46285127020775,8010,182,1,0
282.53207971168666,35,441,0,0
282.5412659288031,409,114,0,0
282.5511516741906,78,333,0,0
282.56013843678767,13,159,0,0
282.5629485109507,182,379,0,0
282.6415956046212,529,171,0,0
282.6438158542802,230,124,1,0
282.71778010729173,13,416,0,0
283.09197724130155,507,142,0,0
283.1926945592931,64,40,0,0
283.1948010193816,7,240,0,0
283.72948676423266,42,34,0,0
283.7326203008078,1037,200,0,0
283.7438025093316,523,152,0,0
283.7501550634179,683,139,0,0
283.7529596972024,14,249,0,0
283.7551016921825,495,183,0,0
283.7621326473541,17,294,0,0
283.77914241857627,1378,767,0,0
283.8043083482997,94,165,0,0
283.805237637774,1893,386,0,0
284.2381818888585,8084,108,1,0
284.2689994655917,18,315,0,0
284.29332254852716,19,280,0,0
284.31763593713686,1032,49,0,0
284.4137515129205,9,114,0,0
284.46625980790907,590,327,1,0
284.4992136744657,5,347,0,0
284.50274101437407,90,255,1,0
284.58066463888656,6,92,0,0
284.59928378396734,21,181,0,0
284.6179168633419,26,508,0,0
284.62762100468444,1357,185,0,0
284.6696349791969,457,4,0,0
284.7175927245481,861,507,0,0
284.755501868472,13,347,0,0
285.34614864457654,47,267,0,0
285.4597120336387,10,106,0,0
285.48346655710026,50,328,0,0
285.5354819029137,20,769,0,0
285.53614639475717,80,522,0,0
285.6509535154355,13,105,0,0
285.6585354267927,264,171,0,0
285.66254479638377,2040,238,0,0
285.72941304917873,1507,591,0,0
285.73169368618005,28,422,0,0
285.80922376979913,48,284,0,0
285.81413459008684,7,16,0,0
285.81519996273556,99,670,0,0
285.82783243500626,35,29,0,0
285.9305411235399,33,154,0,0
285.9363789414794,19,3140,0,1
286.00519850449825,10,372,0,0
286.0210192122108,10,375,0,0
286.0408333458255,302,634,0,0
286.1817621627226,49,630,0,0
286.2025639557568,40,204,0,0
292.0312844212068,6,133,0,0
292.0412661847377,12,170,0,0
292.0443354270631,7,92,0,0
292.04466562799144,16,519,0,0
292.0461488059894,21,263,0,0
292.06216974478934,16,363,0,0
292.0626259329028,18,121,0,0
292.0635247221577,49,2250,0,1
292.1062740010497,442,262,0,0
292.11600725143785,11,427,0,0
292.11847393098634,28,662,0,0
292.11897581516473,93,240,0,0
292.12217138104296,1479,126,0,0
292.13309349792434,11,106,0,0
292.1422983647186,976,191,0,0
292.1527647471881,11,104,0,0
292.16143353125295,131,533,0,0
292.16836626987896,62,434,0,0
292.2015663921288,4540,278,1,0
292.31746822272044,11,73,0,0
292.38105861203996,16,304,0,0
292.3866140074065,2914,137,0,0
292.48352928821964,44,188,0,0
292.53140907861507,850,246,0,0
292.5789215789777,346,585,0,0
292.64596080812083,10,245,0,0
292.7108688098357,1230,87,0,0
292.7127523645129,10,618,0,0
292.7302565826285,10,574,0,0
292.7384020898716,194,314,0,0
292.7404965250215,18,182,0,0
299.8986680639804,218,313,0,0
299.9084043689323,861,112,0,0
299.9119852456538,78,450,0,0
299.96383026108646,5,367,0,0
299.9745068157001,104,75,0,0
299.9807439424842,24,180,0,0
300.0107731009017,18,558,0,0
300.0817678548493,24,79,0,0
300.12343503430355,15,101,0,0
300.21242062248,568,510,0,0
300.21575934715173,4,80,0,0
300.21851554620633,335,302,0,0
300.5316248221389,26,250,0,0
300.53372572262725,368,190,0,0
300.5896855003902,93,523,0,0
300.59750854274006,10,95,0,0
300.59859753213254,26,376,0,0
300.65865070426594,210,234,0,0
300.75150298140585,20,82,0,0
300.75166398426364,216,261,0,0
300.75484284445196,6,127,0,0
300.7761589184269,524,121,0,0
300.77644063077014,1561,603,0,0
300.8225716114161,802,195,0,0
300.82277755467845,4,204,0,0
301.13175249016126,780,768,1,0
301.1336308530537,23,209,0,0
301.15473006572194,479,368,0,0
301.1556630501078,697,760,0,0
301.39096838624783,40,404,0,0
301.397231913475,12,94,0,0
301.39975608753366,6,158,0,0
301.4208320905993,26,289,0,0
301.4300699471929,431,230,0,0
301.4301166016933,1317,766,0,0
301.4348764699839,19,192,0,0
301.46026347527163,108,416,0,0
301.46274159726477,3610,287,1,0
301.4870936349112,481,228,0,0
301.4967116658322,17,331,0,0
301.5795500703907,379,439,0,0
301.58530787671907,18,494,0,0
301.94982506432524,161,17,0,0
301.9548748901217,17,106,0,0
301.9697095150077,500,731,1,0
301.97641169228933,779,773,0,0
301.9780493033215,22,86,0,0
301.9911709017728,42,428,0,0
301.99572689738204,135,146,0,0
302.0886313949952,19,278,0,0
302.1032894198287,201,20,0,0
302.2169965078035,1662,68,0,0
302.3262667055754,5,194,0,0
302.33382798578805,110,193,1,0
302.34677909366746,13,207,0,0
306.6019564416205,31,288,0,0
306.73924963431233,70,656,0,0
306.7723008055256,16,154,0,0
307.4199027565553,18,94,0,0
307.42455885162684,24,43,0,0
307.4253555946669,12,201,0,0
307.57089441423415,7,147,0,0
307.579754405113,5,206,0,0
307.580456569313,8,181,0,0
307.58455642202296,95,245,0,0
307.6069621544315,7,129,0,0
307.6092287786064,4,25,0,0
307.63150557733775,305,321,0,0
307.707181069189,216,91,0,0
307.7601206447634,209,48,0,0
307.9437541048437,15,672,0,0
307.9447114726779,44,138,0,0
309.8641649981026,258,284,0,0
309.86440541078935,1600,389,1,0
309.86834420743327,1188,68,0,0
309.8699010120098,130,767,1,0
309.93267201625804,702,125,0,0
309.9633550254512,1175,212,0,0
310.26362520133574,209,329,0,0
310.40997223222007,9,124,0,0
310.507762915585,34,490,0,0
310.5253875071996,1362,115,0,0
310.5693784793708,209,226,0,0
310.58012241336473,7,458,0,0
310.7632663671997,14,123,0,0
310.8450698493686,1904,248,0,0
311.12904474166953,50,349,0,0
311.1579248801183,9,156,0,0
311.1730551474788,230,346,0,0
311.2428598334332,59,374,0,0
311.2509350523866,18,690,0,0
311.26367567433454,8,117,0,0
311.26697042066786,6970,250,1,0
311.32763207022,23,295,0,0
311.3604765727708,5,197,0,0
311.36573267578666,1633,437,0,0
312.5738094351637,12,763,0,0
312.63686048370766,126,279,0,0
312.6493249227388,4,17,0,0
312.6524478437745,31,211,0,0
312.6559788443294,38,110,0,0
312.67050529414905,120,237,1,0
312.6711739116975,2144,117,0,0
312.6742007095682,35,313,0,0
312.70291575442434,452,121,0,0
312.8085124879103,128,60,0,0
312.81021137949233,1106,317,0,0
313.004688278562,14,197,0,0
313.0979760285934,4,654,0,0
313.1001374306752,28,39,0,0
313.10111024681305,21,296,0,0
313.160245535602,15,32,0,0
313.2263476868827,6,12,0,0
313.2373487801663,8,127,0,0
313.3193716997221,123,279,0,0
324.0817856357859,10,138,0,0
324.0991487067506,77,246,0,0
324.42182397964,20,289,0,0
324.42852064203635,29,400,0,0
324.42961399200385,2605,166,0,0
324.4318997031811,401,15,0,0
324.4326390993786,926,356,0,0
324.5842466700778,11,83,0,0
324.61439746478214,2484,74,0,0
324.6598864519903,7,76,0,0
324.7204128591049,30,257,0,0
324.72493619286996,11,346,0,0
324.74816734910246,810,687,1,0
324.75526343500513,15,369,0,0
324.7639362323586,15,124,0,0
324.7659345980939,188,300,0,0
324.7666815835828,25,676,0,0
324.7846045612933,6,313,0,0
324.78811620795176,2045,769,0,0
324.79232217637417,9,624,0,0
324.91936168254875,7,129,0,0
324.94408823102026,48,328,0,0
324.96136670334585,30,410,0,0
324.9730414965888,20,475,0,0
324.9878821968218,30,166,0,0
325.13173327173416,49,175,0,0
325.140700289914,522,7670,0,1
325.7026100755382,613,330,0,1
326.0217545138143,79,475,0,0
326.02313916321344,66,504,0,0
326.0321489289943,14,336,0,0
326.150677554714,28,45,0,0
326.154505955986,25,429,0,0
326.155196185704,21,206,0,0
326.18704929467225,10,245,0,0
326.48821990110287,977,36,0,0
326.4888696150772,23,323,0,0
326.6380079182546,6,14,0,0
326.6391859314634,7,155,0,0
326.6421592749733,8,3740,0,1
326.6822864461903,29,131,0,0
326.6905057324806,4,10,0,0
326.69607585658844,7,111,0,0
326.70359509400936,9,194,0,0
326.7039851094744,524,361,0,0
327.004422415661,7,282,0,0
327.01099114722865,93,402,0,0
327.0128790355292,117,283,0,0
327.01443197733164,79,529,0,0
327.0612234586611,28,679,0,0
327.0894192294684,9,769,0,0
327.08986532571885,8141,51,1,0
327.0955642033982,13,323,0,0
327.09638962061524,12,379,0,0
327.1302511139602,15,392,0,0
327.13438633832544,11,430,0,0
327.18620467483345,47,337,0,0
327.24374472370886,21,319,0,0
327.38653717600994,14,269,0,0
327.3938474190896,12,87,0,0
327.3999783252381,1521,303,0,0
327.422159939996,130,224,1,0
327.5304446302667,423,608,0,0
327.53799628313624,1529,335,0,0
327.54449545772644,562,485,0,0
327.6633002671827,1206,236,0,0
327.6637311265166,6,230,0,0
327.99103247153147,78,232,0,0
328.00427901409677,36,145,0,0
328.0380320356366,31,113,0,0
328.19576073593305,30,320,0,0
328.1989484673406,21,277,0,0
328.22788745650803,109,355,0,0
328.4222688091419,7,192,0,0
328.4553198715997,30,97,0,0
328.5385818501478,24,405,0,0
328.5431797834055,22,313,0,0
328.6236652503071,163,3490,0,1
328.65105213111576,11,485,0,0
328.65908985881407,8,1130,0,1
328.66039781380664,4,387,0,0
328.70396779462834,13,543,0,0
328.70613817965375,13,115,0,0
328.741422088503,11,311,0,0
329.08644754665323,27,56,0,0
329.0953383039268,15,190,0,0
329.1335164818496,30,271,0,0
329.13549393598,1405,768,0,0
329.2216555409583,888,407,0,0
329.2219313781745,15,490,0,0
329.24015716090884,13,37,0,0
329.24185075636086,21,117,0,0
329.2442755476963,36,217,0,0
329.2467565843451,5,263,0,0
329.6947272821218,17,457,0,0
329.6975515552845,13,215,0,0
330.0042094561208,29,311,0,0
330.01878426719725,1074,767,0,0
330.0231869174861,55,573,0,0
330.0388170318125,27,40,0,0
330.0511803846057,8,170,0,0
330.06478356584313,63,750,0,1
330.19961803536285,14,172,0,0
330.20019459127724,59,366,0,0
330.23175770681337,14,262,0,0
330.2480112198648,30,545,0,0
330.2867169246311,158,305,0,0
330.2905718866181,102,25,0,0
330.93515349998745,11,238,0,0
330.97232709373964,7,190,0,0
330.9750371075802,183,540,0,0
330.9822498197534,106,312,0,0
330.9927924416399,4,1470,0,1
330.9993837302885,280,198,1,0
331.115492280883,780,378,0,0
331.11742386520837,25,173,0,0
333.97854319554995,168,59,0,0
333.9855085332566,51,600,0,0
333.99811023626296,101,767,0,0
334.0106412747689,10,27,0,0
334.06814171648756,400,526,0,0
334.0683861984224,12,240,0,0
334.0844452626198,1953,279,0,0
334.16381585985687,993,556,0,0
334.17231455276874,28,25,0,0
334.2143891489189,245,1470,0,1
334.83342353440656,74,233,0,0
334.83552394373686,16,245,0,0
334.8388281527339,1777,182,0,0
334.85566615862086,46,377,0,0
334.88137969083965,96,766,0,0
334.89682626662176,37,288,0,0
334.8998225696296,6,81,0,0
334.9040079208447,1061,540,0,0
334.91035530416127,27,328,0,0
334.95373605603635,163,360,0,0
337.88689704869336,42,296,0,0
337.90865831429596,12,292,0,0
337.9094869647701,9,134,0,0
338.45744591068257,14,339,0,0
338.4654826824477,133,4100,0,1
338.5541307822366,8,131,0,0
338.59792680322727,25,548,0,0
338.6133223639767,9,441,0,0
338.63661096809136,81,225,0,0
338.63685418848917,10,294,0,0
338.78283054206173,75,431,0,0
338.7829495972464,11,455,0,0
339.1331771385446,17,767,0,0
339.14750836985985,10,305,0,0
339.1478618162073,26,319,0,0
339.18450939486195,8,435,0,0
339.8399739694874,8,366,0,0
340.42785291828216,22,215,0,0
340.4857771231184,33,351,0,0
340.55077614575407,267,330,0,0
340.5853513441464,13,97,0,0
340.7083647414294,411,6,0,0
340.72106384320983,397,144,0,0
340.8052609247322,33,120,0,0
340.80704071664377,16,245,0,0
340.8548046825732,12,144,0,0
340.8561803840195,11,323,0,0
340.8581811709688,364,250,0,0
341.1987213830707,10,133,0,0
341.23210627134364,2747,82,0,0
342.35754973973184,564,37,0,0
342.36014099187287,83,73,0,0
342.3605963895394,29,104,0,0
342.3629508268068,57,145,0,0
342.4901352813522,443,285,0,0
342.5747718429956,400,252,1,0
342.5758405700029,15,301,0,0
342.58199064679604,8,236,0,0
342.60652483324924,47,422,0,0
342.61397180100823,34,454,0,0
342.61420862314947,1305,447,0,0
346.47547179452704,4,650,0,1
347.8683989781428,18,410,0,0
347.9703975733554,170,84,1,0
347.97267309547556,1347,31,0,0
347.97317740375036,1078,709,0,0
348.06513890007506,4050,254,1,0
348.1253810631816,20,248,0,0
348.3149088222155,34,199,0,0
348.58039139599526,12,12,0,0
348.5911670428016,264,151,0,0
348.60103295243687,18,444,0,0
348.6266722498216,258,289,0,0
348.6373352525402,10,200,0,0
348.6389885953393,9,295,0,0
348.6573804178653,41,391,0,0
348.91755604600513,135,300,0,0
348.9388685020177,49,225,0,0
348.9756330144088,15,29,0,0
349.94036904299264,61,2090,0,1
349.94588401446134,322,1330,0,1
349.9648313369293,64,388,0,0
349.9763195613316,293,211,0,0
349.9937195784574,19,217,0,0
350.0338480878109,364,5260,0,1
350.0361545527061,29,424,0,0
350.05018776748574,11,538,0,0
352.0029043562835,5673,101,0,0
352.0050270578436,29,257,0,0
352.0398344890817,19,136,0,0
352.39080459835384,9,6,0,0
353.7693360709304,17,221,0,0
353.87622780447305,8,253,0,0
353.8787229632545,500,6,1,0
353.88936569938664,119,217,0,0
354.1787378534488,25,270,0,0
354.4501526109181,20,324,0,0
354.4562701471343,16,300,0,0
354.47365106205734,11,307,0,0
354.82407127080586,6,56,0,0
354.8263806304795,8,152,0,0
355.2597115477795,44,210,0,0
355.26012113279944,67,121,0,0
355.2621191833405,186,85,0,0
355.3241437195174,17,323,0,0
355.3756906486418,60,32,0,0
355.37778775071274,41,791,0,0
356.1998446925355,221,322,0,0
356.2034498116458,4,129,0,0
356.24528875608075,7,191,0,0
357.1305607721707,1433,229,0,0
357.18810392585806,1095,354,0,0
357.4147717330634,91,609,0,0
357.4165386245123,9,34,0,0
357.4227928827294,449,310,0,0
357.42414073490977,175,445,0,0
357.4553168379293,25,47,0,0
357.472565973889,194,138,0,0
357.47684545101026,26,279,0,0
357.54813620969367,197,117,0,0
357.55538550779977,2038,62,0,0
357.7989973582317,38,237,0,0
357.84975043953347,48,311,0,0
357.856212414521,18,91,0,0
357.94646933881063,128,220,0,0
357.975797331755,71,631,0,0
358.461587634276,51,196,0,0
358.46395459349304,44,7,0,0
358.63513793804213,78,199,0,0
358.649622126165,1200,87,1,0
358.65309852624165,753,401,0,0
358.79552411629726,13,34,0,0
358.79788283750065,25,198,0,0
358.8091590457738,6,115,0,0
358.8372799599857,21,223,0,0
358.93109261174095,14,523,0,0
358.9586307213149,6,14,0,0
358.96185503556217,17,152,0,0
359.0077857811027,31,394,0,0
359.00852265924794,106,15,0,0
359.0091758365536,11,344,0,0
359.01120243130003,25,238,0,0
359.07499484681506,15,332,0,0
359.0782795792234,10,44,0,0
359.11187945475274,906,767,0,0
359.12452792134604,10,240,0,0
359.13031758505866,1020,121,0,0
359.143625384012,439,2920,0,1
359.87843152723224,16,458,0,0
360.02413964271807,1086,163,0,0
360.04244946776265,14,354,0,0
360.05580245358584,94,503,0,0
360.05606511203945,20,329,0,0
360.2990866262204,57,89,0,0
360.3268725573268,256,362,0,0
360.41317313938237,50,163,1,0
360.7685299098054,506,21,0,0
360.7764125556692,144,16,0,0
361.468948676122,30,3320,0,1
361.4695840687905,73,316,0,0
361.4766066626587,37,39,0,0
361.4797876788346,40,264,0,0
361.4837275788331,1160,175,1,0
361.7674626441459,10,205,0,0
361.84531414552475,4,149,0,0
361.9450447242917,797,113,0,0
361.94997434767566,92,223,0,0
361.9901713223677,10,290,0,0
361.9908022252289,193,392,0,0
362.0627884002138,51,49,0,0
362.06364361321073,127,160,0,0
362.06842886821676,13,407,0,0
362.07022561929153,5,149,0,0
362.11280700268736,13,414,0,0
362.11459981308064,42,285,0,0
362.16177368428237,354,169,0,0
362.2140340881752,21,382,0,0
362.2148162704546,139,433,0,0
362.50478416257107,25,676,0,0
362.5684446871003,10,479,0,0
362.5734813658172,55,325,0,0
362.57936300074516,7,295,0,0
362.59215402332245,30,35,0,0
362.6235273535796,429,694,0,0
362.64933568434174,33,282,0,0
362.65298918336117,17,5190,0,1
362.73292753631915,65,39,0,0
362.73979847385584,11,280,0,0
362.75073858524064,10,231,0,0
362.7546366343823,1405,22,0,0
362.8516827268517,193,120,0,0
362.9432146826974,43,45,0,0
363.14952481820603,11,42,0,0
363.15372352543994,77,306,0,0
363.171650700358,13,212,0,0
363.23052942790343,106,767,0,0
363.23272075303714,160,259,1,0
363.23429063129595,71,19,0,0
363.28195201914775,26,357,0,0
363.28455100609915,40,7670,0,1
363.2949589484247,36,772,0,0
363.29780109701,391,556,0,0
363.55205253278683,9,134,0,0
363.6258916669614,816,6180,0,1
363.65836409670914,19,425,0,0
363.7948123903749,204,148,0,0
363.8184211748746,151,540,0,0
363.82484869439793,8,270,0,0
365.3337320965985,53,381,0,0
365.33956851845653,18,217,0,0
390.388801935093,8,274,0,0
390.3946696963245,15,309,0,0
390.48760611863776,9,327,0,0
390.48818753542946,1806,309,0,0
390.53520859531284,21,245,0,0
390.54531669460994,11,386,0,0
390.5531221134944,59,135,0,0
390.5654873553813,166,196,0,0
390.57392961824746,16,66,0,0
390.63431880729104,228,429,0,0
391.4120769465221,21,267,0,0
391.4174498532895,43,110,0,0
391.41790186134176,19,19,0,0
391.4216947450319,16,119,0,0
391.4343794556454,11,234,0,0
391.4370717635068,42,57,0,0
391.47424310223045,9,161,0,0
391.4796659094771,773,147,0,0
391.6287875965721,21,2510,0,1
391.656071273127,7,292,0,0
391.7037563968029,95,488,0,0
391.71160855526205,18,566,0,0
391.7348448933968,20,358,0,0
391.73900762452433,30,35,0,0
391.81040999875177,9,170,0,0
391.82896561204666,14,791,0,0
391.83146173104484,39,444,0,0
392.07370629889607,15,16,0,0
392.0818699555246,58,242,0,0
392.15191997071713,110,22,0,0
392.17269241824357,18,349,0,0
392.48521735691196,49,246,0,0
392.4957091952437,1901,167,0,0
392.5079176591952,58,242,0,0
392.5395547025627,44,29,0,0
392.5416390464986,409,114,0,0
392.5586637593803,56,218,0,0
392.6135700409766,8,121,0,0
392.62274752996757,8,98,0,0
392.6358191810206,177,121,0,0
392.6448089076556,750,87,0,0
392.7026546296225,30,276,0,0
392.741558558777,16,127,0,0
392.86007415654404,9,23,0,0
392.8679562377085,9,419,0,0
393.1162700374376,10,128,0,0
393.1272432753586,110,243,1,0
393.16952188119615,2627,224,0,0
393.17209809952027,37,3820,0,1
393.1728267080272,21,397,0,0
393.236152136099,21,758,0,0
393.2378371989319,468,305,0,0
393.4860715885037,10,3610,0,1
393.486953592935,52,505,0,0
393.4880727944697,15,312,0,0
393.48907226197764,5,106,0,0
393.5133635172818,8,76,0,0
393.5158068573585,630,24,0,0
393.51880057423637,100,230,0,0
393.5780395815082,13,293,0,0
393.57982788821073,11,38,0,0
393.6090984775419,12,255,0,0
394.1038960035382,185,68,0,0
394.1060548579607,16,241,0,0
394.1064221470929,278,300,0,0
394.3591993775134,120,354,0,0
394.4150405340729,16,200,0,0
394.4154844652115,305,253,0,0
394.4373029281524,10,153,0,0
394.4375548605209,22,349,0,0
394.51762011259626,2719,272,0,0
394.654474188477,226,164,0,0
394.6559649616059,67,21,0,0
394.79551481446254,55,194,0,0
394.8292130071803,160,779,1,0
394.92387611312427,22,189,0,0
395.026540062411,18,578,0,0
395.03316445571204,8,163,0,0
395.1110960869681,83,4750,0,1
395.1338609878796,13,175,0,0
395.19787226700834,110,63,1,0
395.20093187922447,548,4640,0,1
395.2011617160342,1877,11,0,0
400.56677169203874,1228,29,0,0
400.5718121228911,6,145,0,0
400.57789512693336,7956,236,1,0
400.5783286597782,32,265,0,0
400.9262444151229,977,116,0,0
400.9274315963149,9,253,0,0
400.9280228233568,54,23,0,0
400.93215624496634,72,202,0,0
400.962448032188,18,68,0,0
400.9789394851319,133,125,0,0
400.9791949458396,29,122,0,0
401.19005146372075,2029,766,0,0
401.6064980525886,12,240,0,0
401.6771850111315,167,294,0,0
401.6931658712436,97,543,0,0
401.72309228086925,361,3790,0,1
403.67966368237876,99,245,0,0
403.68312077247884,64,225,0,0
403.7404379671976,6,252,0,0
403.76245005975676,189,5390,0,1
403.7693605525367,285,1580,0,1
403.78498372706827,1880,769,0,0
403.797534523345,5,468,0,0
404.9958852790413,19,434,0,0
405.10761655863183,24,238,0,0
405.1104195389164,14,489,0,0
405.11253063443735,50,285,0,0
405.12407981391584,16,73,0,0
405.32486150882056,7,165,0,0
405.3571679759379,22,233,0,0
405.44168598265634,71,32,0,0
405.684324992738,8,450,0,0
405.6950791614056,15,360,0,0
405.82005392499656,7977,215,1,0
405.86581614463387,60,40,0,0
406.1352500217137,22,171,0,0
406.18145937549536,695,286,0,0
407.3942816136733,72,347,0,0
407.409713516461,82,50,0,0
407.43956302023435,236,289,0,0
407.44428218593146,241,148,0,0
407.51096671987534,171,370,0,0
407.54820553630725,44,58,0,0
407.5484430526416,57,312,0,0
407.5489376104179,180,319,1,0
407.5505808777398,396,296,0,0
407.554827566576,480,135,1,0
408.09849959950213,31,285,0,0
408.11352717330806,117,93,0,0
408.12818215712326,19,224,0,0
408.1731535682896,165,638,0,0
408.2074953264081,17,317,0,0
408.40291586319415,9,213,0,0
408.41627123194974,20,249,0,0
408.42107780428876,8,157,0,0
408.4683340339677,29,332,0,0
408.6293580586012,64,490,0,0
408.6526963913584,44,193,0,0
408.65724129803795,6,767,0,0
408.6874339869454,10,770,0,0
408.6984517759687,354,426,0,0
408.7021767677254,19,150,0,0
408.89393277626647,42,367,0,0
408.89826414315974,15,920,0,1
408.9047641429043,19,476,0,0
408.9068831240455,52,130,0,0
408.91797070240244,7,110,0,0
409.0001847151908,304,291,0,0
409.0019859755944,208,264,0,0
409.04176064693013,34,166,0,0
409.0540162158242,7,210,0,0
409.05755892469574,5,194,0,0
412.6408278307676,39,649,0,0
412.6655612842233,47,365,0,0
412.70159841908145,957,372,0,0
412.70230339788975,7,322,0,0
415.8700185160668,131,658,0,0
415.9028860892809,33,120,0,0
415.9344027242682,59,381,0,0
416.1427003670245,292,765,0,0
416.1585086499662,9,194,0,0
416.1808737123698,16,172,0,0
416.1824572550457,4,88,0,0
416.1887493573534,73,534,0,0
416.1950832177364,20,168,0,0
416.3164868724358,144,266,0,0
416.755827700254,160,119,1,0
416.75767625428153,41,141,0,0
416.8889435126844,31,405,0,0
416.9695659391452,8,21,0,0
416.9934420707425,48,260,0,1
417.0112355917767,39,236,0,0
417.04621955476915,10,101,0,0
417.05987029492576,6,167,0,0
418.07848517615275,1050,206,0,0
418.07971507366807,6450,352,1,0
418.1078354794498,9,282,0,0
418.306709880431,4,19,0,0
418.3776138166011,76,545,0,0
418.4091067233305,12,403,0,0
418.6407270149172,226,516,0,0
418.70917327302897,9,188,0,0
419.03480862990097,488,311,0,0
419.195815468085,7,187,0,0
419.2272742464748,163,113,0,0
419.26572009292335,304,700,0,1
419.328188489569,21,218,0,0
419.3296719114738,9,309,0,0
419.3439328804732,23,31,0,0
419.45974449095183,19,140,0,0
419.47058527475394,4,162,0,0
419.50299027584964,45,171,0,0
419.52620734169165,6,173,0,0
419.56190888655374,8,233,0,0
419.56425001575354,589,9,0,0
419.59006013752656,1670,246,1,0
419.7029209390067,148,174,0,0
419.70339572825867,114,39,0,0
419.70359443124914,53,348,0,0
419.71525704595155,91,7,0,0
419.7353037708754,29,385,0,0
419.77122760523974,275,690,0,0
419.89039316587593,10,282,0,0
419.8934244260269,51,449,0,0
419.93135550459675,22,235,0,0
420.0123786729508,34,16,0,0
420.0709737200407,32,494,0,0
420.074275991354,375,70,0,0
420.07898556720124,395,286,0,0
420.09361500274645,29,611,0,0
420.1355170935705,30,336,0,0
420.1550800325348,200,141,0,0
420.15718321953415,7,102,0,0
420.32565776175153,54,428,0,0
420.6226435630272,17,237,0,0
421.91912112125175,25,212,0,0
421.92720636573006,46,365,0,0
421.94226968195153,70,315,0,0
421.9987199861805,164,161,0,0
422.00010294634507,47,422,0,0
422.0028026022679,127,366,0,0
422.0046512309596,140,627,1,0
422.15222172550057,10,132,0,0
422.19623052434474,32,221,0,0
422.20162905395614,31,333,0,0
422.2026981648715,18,561,0,0
422.2099455128407,68,74,0,0
422.40018328521194,749,87,0,0
422.42037862787504,340,232,0,0
422.58131365135756,64,32,0,0
422.5985640418272,28,295,0,0
422.96518133298855,1482,593,0,0
422.9722216004056,24,28,0,0
422.9849305874693,2806,182,0,0
423.00612900628795,17,661,0,0
423.01067325025804,19,184,0,0
423.02151829559966,37,147,0,0
423.03234734614824,97,62,0,0
423.0361882102051,955,226,0,0
423.32390872044226,29,94,0,0
423.3630436166941,12,1130,0,1
423.3656405824,32,6990,0,1
423.3686524549335,21,206,0,0
423.3875293336911,2826,176,0,0
423.3904245244831,44,229,0,0
423.64941992979146,9,130,0,0
423.78118691641833,231,538,0,0
423.7906777856125,56,442,0,0
423.9289876991425,65,100,0,0
423.93312048141,6,119,0,0
423.9499497484496,1175,2040,0,1
423.97312728456296,1132,481,0,0
423.97348568260816,329,140,0,0
424.0266246423439,5,131,0,0
424.1029620778938,6,3340,0,1
424.1079381646762,522,7670,0,1
424.4964360370112,24,770,0,0
424.52338751896195,23,197,0,0
424.53054936886826,284,249,0,0
425.14804710964904,7,100,0,0
425.2914667360213,19,585,0,0
425.3035653179849,15,100,0,0
426.31450245601667,58,232,0,0
427.2193883220963,26,444,0,0
427.23240896113657,1180,55,0,0
427.33012800133633,4,131,0,0
428.6481679637021,302,300,0,1
428.6482603650032,260,257,1,0
429.13257221112843,920,31,1,0
429.1387551977708,82,273,0,0
429.1399107725199,12,176,0,0
429.6024699447171,43,341,0,0
429.60721738370586,230,209,0,0
429.6076573736408,8,133,0,0
429.6959570403439,142,390,0,0
429.69677723581486,67,76,0,0
429.723888807691,27,430,0,0
429.73381136015075,34,330,0,0
429.7701330339689,230,98,1,0
429.78369908452197,18,245,0,0
429.7853879439418,46,743,0,0
429.79604731873843,80,71,0,0
429.81555686903533,48,112,0,0
429.85307849833464,105,273,0,0
429.8850331926416,110,137,0,0
429.8901597209482,259,200,0,0
429.8950117611871,931,233,0,0
429.9111143638801,7,345,0,0
429.9246116506174,154,596,0,0
437.09562350278895,1076,421,0,0
437.1731726321485,1109,158,0,0
437.2244750796947,18,247,0,0
437.3621839751097,99,3770,0,1
437.411075222853,23,28,0,0
437.92652785102155,22,118,0,0
437.93545371991684,1159,570,0,0
437.9645632002207,15,465,0,0
437.96675793601463,2983,212,0,0
438.00179518070996,29,348,0,0
438.0098675545586,48,328,0,0
438.0100822708609,16,45,0,0
438.0135444283892,55,61,0,0
438.2438148116992,400,117,0,0
438.2882978389861,52,140,0,0
438.3477108700875,18,190,0,0
438.3564612188565,31,101,0,0
439.09339031334224,14,335,0,0
439.15643161218514,70,205,1,0
439.1583769819145,22,273,0,0
439.16353302890434,37,345,0,0
439.3539818857179,59,321,0,0
439.35801447823997,13,378,0,0
439.5365188563317,182,256,0,0
440.04193696405235,36,56,0,0
440.0428490061957,2859,768,0,0
440.05019086707523,20,622,0,0
440.07560814562646,16,346,0,0
440.09526933652796,21,474,0,0
440.1173839125928,73,656,0,0
440.2495257611611,4,39,0,0
440.44110059403135,37,308,0,0
440.50538579788,28,19,0,0
440.5168773628609,298,526,0,0
440.5578650300128,22,447,0,0
440.6020393923329,26,572,0,0
440.618490455314,13,45,0,0
440.62413201513885,34,98,0,0
440.62784955703466,845,372,0,0
440.7058540472183,7,310,0,0
440.7300485475836,104,149,0,0
440.73578718808454,1906,629,0,0
440.74633469184175,18,101,0,0
441.1397390849801,7,29,0,0
441.1429020669599,41,758,0,0
441.1595408558672,1120,290,1,0
441.3238082558845,26,79,0,0
441.3457500479031,13,221,0,0
441.3463077940085,45,619,0,0
441.40243155162733,15,326,0,0
441.40593188143595,160,451,0,0
441.4343030624226,2004,372,0,0
441.44789034401305,23,23,0,0
442.04856573385825,29,432,0,0
442.07616363367066,9,249,0,0
442.0800531147304,18,248,0,0
442.1052273119948,54,33,0,0
442.12336953325286,61,187,0,0
442.13562168293186,27,338,0,0
442.72169986438877,261,272,0,0
442.80352059922086,11,210,0,0
442.829915623296,17,329,0,0
442.8306353363873,32,134,0,0
442.83448281197246,29,19,0,0
444.34515534450304,1047,648,0,0
444.52376649612177,751,362,0,0
444.63556865933276,50,90,0,0
444.6964732253668,12,423,0,0
444.69753611381435,25,323,0,0
444.7220937298469,120,330,1,0
444.8740818573117,18,528,0,0
444.92317386548433,10,109,0,0
444.93069306727665,12,214,0,0
444.98767214221044,17,156,0,0
445.11030321920646,315,489,0,0
445.1124060947156,7894,298,1,0
445.1143452598457,7,126,0,0
445.11838449484765,8,201,0,0
445.11895522661075,8,10,0,0
445.1203511620507,15,566,0,0
445.1220168645276,19,3700,0,1
445.1228738195118,11,771,0,0
445.127296449636,66,680,0,0
445.1281119742779,220,235,1,0
445.12977302541833,31,769,0,0
445.1935613620346,26,82,0,0
445.20703159853815,8170,22,1,0
445.2196124241304,27,382,0,0
445.22770241189914,30,45,0,0
445.23777132425147,8,26,0,0
445.25694906802346,24,224,0,0
445.5244075661454,215,71,0,0
445.52958776216735,21,1850,0,1
445.5341784002186,442,527,0,0
445.5429101137089,22,211,0,0
445.61490140957466,122,330,0,0
445.62830347416457,6,115,0,0
445.85503430542445,600,264,1,0
445.9167175926131,39,35,0,0
445.9340581011429,106,552,0,0
446.036948434823,20,191,0,0
446.1929556634742,141,24,0,0
446.1951608912603,6,216,0,0
446.3620581960334,8,242,0,0
446.40952927954226,10,284,0,0
446.41077921290906,13,242,0,0
446.41374724901453,13,284,0,0
446.4155675240047,10,297,0,0
446.5067861362028,10,229,0,0
446.61082439053945,28,30,0,0
447.08203587693987,209,406,0,0
447.09448762413257,84,76,0,0
454.7820894054053,6,456,0,0
454.8605581559327,2570,115,0,0
454.87293392953757,18,148,0,0
454.8844562692948,137,286,0,0
454.89918576853313,15,363,0,0
454.90202338082673,64,256,0,0
454.98924586133035,520,198,1,0
454.996565511323,40,215,1,0
455.0233694942282,35,112,0,0
455.31040633961254,409,430,0,0
455.37161006962975,286,718,0,0
455.4270233325922,128,72,0,0
455.43385095275016,18,474,0,0
455.71417334230904,202,2570,0,1
455.7230924906763,30,79,0,0
455.7427239377434,52,198,0,0
456.66422082631345,1011,767,0,0
456.6646175004886,14,120,0,0
456.7520755475751,7,391,0,0
456.76726883541636,9,245,0,0
456.76806021418224,8,283,0,0
456.7821617358494,442,527,0,0
456.8768928962769,1987,381,0,0
456.8862171572301,5,489,0,0
457.0359222638752,6,124,0,0
457.0446518674078,4,67,0,0
457.10410734326797,14,199,0,0
457.10896243756673,52,720,0,1
457.1091036638586,11,273,0,0
457.1199362201078,380,367,0,0
457.1200804196471,30,158,0,0
457.1454203309493,6,148,0,0
457.2259968676716,35,588,0,0
458.2974775504404,14,335,0,0
458.34631406120764,1179,13,0,0
458.3506757737293,22,725,0,0
458.8105224638996,7,261,0,0
458.822932687872,9,53,0,0
459.089855975726,37,8,0,0
459.1045161949793,67,303,0,0
459.10535954569576,26,762,0,0
459.10897369966125,5062,689,0,0
459.1125052462687,78,232,0,0
459.14664176044533,18,124,0,0
459.2011765758818,14,196,0,0
459.20522608485874,17,332,0,0
459.21200343017836,47,234,0,0
459.2129802448755,26,265,0,0
459.2312333654847,13,520,0,0
459.24050433490675,50,14,0,0
459.24092370133457,23,297,0,0
459.29679568792494,216,99,0,0
459.4035429619054,1571,28,0,0
459.4150851053724,8,250,0,0
459.610343510578,10,406,0,0
460.6162531129896,62,296,0,0
462.32734830942286,432,125,0,0
462.3844719644988,13,245,0,0
462.410681862471,209,480,0,0
462.50586219571437,11,215,0,0
462.9229560979011,17,122,0,0
462.97130680514874,13,94,0,0
463.0605109268704,13,1120,0,1
463.06307673973214,24,89,0,0
463.1561301092441,13,768,0,0
463.2277669062647,142,92,0,0
463.24525926411957,46,230,0,0
463.2582083313222,1534,16,0,0
463.2689773287015,354,758,0,0
463.3118700819721,16,110,0,0
463.3265846486814,29,162,0,0
463.3667817102372,10,396,0,0
463.456331158572,11,173,0,0
463.4673897921908,7,310,0,0
463.5184827572788,16,346,0,0
463.5243241577312,27,199,0,0
463.5308558760454,7,2150,0,1
463.54058577239505,41,394,0,0
463.5450738713508,840,136,1,0
463.554788020124,8,90,0,0
463.5928099176833,34,111,0,0
463.6134894036215,143,334,0,0
463.6167592353111,20,207,0,0
463.6573484969632,203,427,0,0
463.6827462018109,6,191,0,0
463.79392706296875,6,263,0,0
463.80482767073113,18,104,0,0
463.83332045403426,43,475,0,0
463.83838730288056,969,235,0,0
463.84268938748227,30,322,0,0
463.91139348030964,15,146,0,0
463.96650270162405,15,305,0,0
463.9928824486945,64,474,0,0
463.994927736685,28,473,0,0
464.8342592943045,9,290,0,0
464.8490420970602,14,85,0,0
464.86283167909977,310,312,1,0
465.068862841816,136,124,0,0
465.069367911604,9,99,0,0
465.1644141474982,8,63,0,0
465.1763650671702,51,30,0,0
465.18252079656173,22,571,0,0
465.34015532003883,144,540,0,0
465.34128829405546,68,308,0,0
465.3435644895377,13,13,0,0
465.5984162143523,199,676,0,0
465.598525029643,41,199,0,0
465.6064979894462,26,370,0,0
465.6097782418512,16,560,0,0
465.62163070578504,108,334,0,0
465.62932580156496,98,50,0,0
465.63558068464766,66,392,0,0
465.7022735147063,20,140,0,0
465.72170060286714,316,351,0,0
465.7355381959361,12,276,0,0
465.73644417253115,77,425,0,0
465.79069727114626,29,383,0,0
465.90821013574975,51,278,0,0
465.91378084649295,626,147,0,0
465.9711208779668,7,200,0,0
465.98312944642464,84,76,0,0
465.9956753795349,167,767,0,0
466.39956707662975,59,374,0,0
466.5208571439719,7,13,0,0
466.59664458968666,41,129,0,0
466.6047402736442,28,259,0,0
466.6139251896302,2923,249,0,0
466.61512470245805,87,495,0,0
466.62183549493676,41,31,0,0
466.64149367319794,43,285,0,0
466.64458613126266,14,2620,0,1
466.9664569978949,78,290,0,0
467.0409972386256,1822,225,0,0
467.09433256826685,8,448,0,0
467.1014976109269,20,178,0,0
467.90917200196424,32,79,0,0
467.9227801453751,57,329,0,0
467.92907785223576,215,482,0,0
468.0062982279789,8,262,0,0
468.0686895008783,649,275,0,0
468.112478994397,14,153,0,0
468.13668084881317,9,20,0,0
468.16415290098115,18,454,0,0
468.17029931947417,209,386,0,0
468.1851524115633,41,562,0,0
468.4342756210703,60,240,1,0
468.4534637124329,635,537,0,0
468.48340743356704,16,245,0,0
468.7099353644466,17,356,0,0
468.72514468635916,13,436,0,0
468.80015221352437,6,166,0,0
468.80442857449833,452,299,0,0
469.0144839606786,2940,576,1,0
469.1853968229476,10,213,0,0
469.30962724002734,14,4380,0,1
469.4568320372613,5,180,0,0
469.4695048648381,11,99,0,0
469.5747786517559,72,426,0,0
469.5764437714009,60,32,0,0
469.5775600510647,465,47,0,0
469.5835016888046,76,123,0,0
469.58507952579856,14,446,0,0
469.603023736807,589,9,0,0
469.98175571851976,65,141,0,0
469.98533416756413,190,175,0,0
469.9934635960297,34,116,0,0
469.99557351940314,474,350,0,0
470.07524820476857,29,773,0,0
470.1658772389833,91,7,0,0
470.2197932380192,64,297,0,0
470.2353771798439,15,313,0,0
470.27568189232585,5,229,0,0
470.5867035076702,41,37,0,0
470.9562487550865,26,18,0,0
471.2147636699184,22,728,0,0
471.2448919371536,5,194,0,0
471.25920423639474,10,403,0,0
471.2605608858995,851,444,0,0
471.28993696931883,50,710,0,0
471.29508624224917,34,426,0,0
471.29806018277947,39,769,0,0
471.36876356865025,41,280,0,0
471.3963028521166,25,409,0,0
471.4175604947863,121,142,0,0
471.52213861958734,65,218,0,0
471.53154637236344,35,156,0,0
471.53202926393095,52,480,0,0
471.5848705961013,1448,223,0,0
471.68324577598435,69,429,0,0
471.68380306555866,72,130,0,0
471.81581415386916,2906,426,0,0
471.8170386611078,169,3050,0,1
471.82345400025207,134,262,0,0
471.8906054024056,320,140,1,0
471.91617093841427,9,265,0,0
472.42530199367644,170,70,1,0
472.53768707144417,51,83,0,0
472.5445616713691,18,900,0,1
472.5514216069685,5,304,0,0
472.6172077248953,27,285,0,0
472.6180930928952,110,237,1,0
472.82978335697436,1320,769,0,0
472.84928993349695,8,123,0,0
472.91583041384115,12,4710,0,1
472.93014709804936,7820,372,1,0
472.935176207948,659,249,0,0
473.1001711926407,30,535,0,0
473.1211176025062,13,358,0,0
473.48576177948945,208,245,0,0
473.7845782978978,95,237,0,0
476.61892984363425,20,234,0,0
476.6305820284699,413,85,0,0
476.7092192866887,31,24,0,0
476.8753927734116,19,213,0,0
477.0511939334597,104,28,0,0
477.0918441917399,7,96,0,0
477.09267595411126,8,235,0,0
477.22993054095764,42,312,0,0
477.2501711811949,302,634,0,0
477.2509632187496,720,712,0,0
477.3275110892532,10,265,0,0
477.3309941766658,14,165,0,0
477.33202869966107,9,341,0,0
477.352096246661,170,412,0,0
477.40221218081217,17,163,0,0
477.4143464962518,6,139,0,0
477.4307053980811,430,341,1,0
477.4451668144822,87,769,0,0
477.46061009926217,1053,224,0,0
477.4969813373316,8,188,0,0
477.5388749472858,8,95,0,0
477.75455971250915,780,349,0,0
477.7548412483213,37,314,0,0
477.7746379842043,383,232,0,0
477.7785826857743,627,102,0,0
477.7915109593064,549,522,0,0
477.82019055176744,18,184,0,0
477.89918278627243,185,85,0,0
478.19571755824643,6,355,0,0
478.2067911966582,53,456,0,0
478.20945568864806,135,267,0,0
478.2184132392603,6,22,0,0
478.2967800184019,270,384,1,0
478.4016988855645,8,111,0,0
478.5564604344097,80,330,0,1
478.5772898265697,9,617,0,0
478.6328881393243,121,142,0,0
478.7645324126065,227,314,0,0
478.94957005568,2530,360,1,0
478.95645845340147,522,7670,0,1
478.96025929355363,9,283,0,0
478.96108836161704,4061,9,0,0
478.96273897066317,8,40,0,0
478.9809144249797,33,113,0,0
478.99127298863937,8,148,0,0
479.01941060322207,16,5190,0,1
479.080975012339,13,64,0,0
479.08278016686535,476,180,0,0
479.12143788262404,15,444,0,0
479.1682286760166,360,492,0,0
479.2649442239173,113,346,0,0
479.2651122818892,169,305,0,0
479.381348008684,17,155,0,0
479.39158909335015,21,105,0,0
479.3917666754808,67,4460,0,1
479.3938932187145,28,582,0,0
479.5410041344336,41,766,0,0
479.5706196255783,27,646,0,0
479.59775132818794,1517,261,0,0
479.7006142071512,980,96,0,0
479.96959129910437,26,534,0,0
479.983427741067,103,91,0,0
479.9839571709438,23,323,0,0
479.9992654814844,940,166,0,0
480.2005181565286,260,377,1,0
480.2037987880701,140,59,1,0
480.2142938354596,619,71,0,0
480.2165641771774,330,592,0,0
480.2452422757453,166,371,0,0
480.24575288737805,1818,557,0,0
480.32476049614155,10,413,0,0
480.39032528262896,16,317,0,0
480.898992583937,869,305,0,0
480.9352606310534,26,97,0,0
480.94228017835167,211,136,0,0
480.9569263169857,26,274,0,0
481.002430089654,18,302,0,0
481.02534361904696,756,767,0,0
482.2188592456275,1878,176,0,0
483.17918360934345,9,44,0,0
483.1862562278405,32,39,0,0
483.2088413062083,27,236,0,0
483.20983366309287,10,115,0,0
483.23593223152085,74,222,0,0
483.36606056208234,203,63,0,0
483.372364128964,13,283,0,0
483.3726193328573,299,111,0,0
483.48338255312177,137,145,0,0
483.48540875105795,492,78,0,0
483.6973735296007,8,118,0,0
483.6977044474234,253,140,0,0
483.75772136705433,4,26,0,0
484.1872141155887,22,234,0,0
484.22463566587066,14,318,0,0
484.234347956472,210,178,1,0
484.2568207811931,13,355,0,0
484.25736930027045,9,104,0,0
484.260753219937,419,421,0,0
484.37179383091154,3990,426,1,0
484.53716751790864,576,580,0,0
484.53953731327425,15,326,0,0
484.54268236115024,18,298,0,0
484.66421999702686,7455,737,1,0
484.66507949651435,74,698,0,0
484.86770169259887,50,171,1,0
484.8941461172889,90,40,0,0
484.9410173077035,15,5950,0,1
484.95995507854116,53,241,0,0
485.00392929808123,20,115,0,0
485.00508125336495,13,255,0,0
485.00979889060585,194,71,0,0
485.3545301738524,93,767,0,0
485.4070647413755,73,40,0,0
485.4080807944876,33,255,0,0
485.54221167568875,2841,138,0,0
485.5720929650037,272,323,0,0
486.1887240841031,142,450,0,0
486.20862549640816,20,109,0,0
486.2315303806091,5,181,0,0
486.232285543193,10,82,0,0
486.43295870143,13,316,0,0
486.4394041160656,247,232,0,0
486.44328199480447,12,237,0,0
486.4594516408333,9,475,0,0
486.460945749461,11,268,0,0
486.47840469010356,10,74,0,0
486.5162184291889,79,660,0,0
486.53188641959565,975,192,0,0
486.5946428604935,3053,12,0,0
486.80035603538835,2085,13,0,0
486.83718079588874,12,366,0,0
486.839287833374,54,208,0,0
486.9176592991632,33,82,0,0
487.1884526224419,2379,170,0,0
487.34063748252186,30,49,0,0
487.35104918516964,16,321,0,0
487.4010709435833,1320,769,0,0
488.0412450691722,560,338,0,0
488.05704733261194,53,315,0,0
488.06794165875766,891,353,0,0
488.0695462333166,26,242,0,0
488.08271944143326,371,290,0,0
488.3176971717926,1430,74,1,0
488.3222345745198,10,83,0,0
488.3225134498473,14,203,0,0
488.3247309865518,13,171,0,0
488.36848515824005,11,159,0,0
488.36970254019525,23,301,0,0
488.37644967037,11,324,0,0
488.6814484190102,84,121,0,0
488.7002932800634,70,760,0,1
489.6926383799231,17,374,0,0
489.7353095310573,25,722,0,0
489.8199525915385,535,507,0,0
489.8216761410752,38,54,0,0
489.8441737980716,177,110,0,0
489.8457022828105,7,1840,0,1
489.84632497761396,105,214,0,0
490.5070031111744,220,29,0,0
490.511181338992,1421,458,0,0
490.51271585956783,15,194,0,0
490.57504411164274,11,260,0,0
490.5766273819116,7120,92,1,0
490.5941024602982,136,774,0,0
490.5972028860184,175,465,0,0
490.7036813348102,9,326,0,0
490.705556858717,5,195,0,0
490.73093869550627,77,1930,0,1
490.7340447142005,11,33,0,0
490.807261235315,21,229,0,0
490.80813709022306,47,122,0,0
490.8084095988876,19,2550,0,1
490.8918108665019,14,584,0,0
490.892441232539,137,420,0,0
490.9853720201144,568,510,0,0
490.9922688052462,86,342,0,0
490.997704189196,27,136,0,0
491.504942625577,92,31,0,0
491.51020902989427,21,133,0,0
491.52741032653256,51,767,0,0
491.5437061851186,27,285,0,0
491.57890942092,320,25,1,0
491.5896164613841,12,219,0,0
491.85391030055985,58,430,0,0
491.89310822894055,620,546,0,0
491.92595588260224,18,733,0,0
491.93166324703117,11,94,0,0
492.88040267663115,392,366,0,0
492.8856820631435,5,86,0,0
492.9160658419234,26,97,0,0
492.93723756407616,131,590,0,1
492.94598958156075,9,205,0,0
493.0043646382569,6,204,0,0
493.02785000924257,15,492,0,0
493.13199996818804,488,661,0,0
493.17426217530107,12,12,0,0
493.1804870635211,9,286,0,0
493.1984319687749,6,68,0,0
493.20454986677623,12,71,0,0
493.37652992293084,14,240,0,0
493.38930559497544,8,39,0,0
493.42846516314484,7,210,0,0
493.43143206091776,7,180,0,0
493.60686485762375,1096,81,0,0
493.6289124300448,5,510,0,0
493.9049043137561,395,3660,0,1
493.9059195765399,30,255,0,0
493.9098906106124,516,139,0,0
493.9174465801798,18,87,0,0
493.9185501782261,13,116,0,0
493.9544637454472,137,612,0,0
493.9593981513118,69,461,0,0
493.995298319598,31,118,0,0
494.0016849947577,15,345,0,0
494.0060176797791,334,42,0,0
494.0133636664931,12,31,0,0
494.0138257989664,150,335,1,0
494.02252274924797,24,275,0,0
494.0848668288165,15,480,0,0
494.085743041988,11,107,0,0
494.0859445042389,22,231,0,0
494.08790921920377,20,545,0,0
494.11132164665975,11,438,0,0
494.11980786075424,12,112,0,0
494.15752917916774,22,216,0,0
494.15877500416036,152,482,0,0
494.15921039322853,35,714,0,0
494.1690098522863,828,224,0,0
494.2203226847103,220,282,1,0
494.25873745619197,104,1320,0,1
494.2625925595143,986,312,0,0
494.3376686010839,696,734,0,0
494.3397527918865,19,246,0,0
494.35628105807547,23,494,0,0
494.51015506749087,132,588,0,0
494.5147132618814,11,167,0,0
494.5189535355145,136,129,0,0
499.9164029951167,382,2730,0,1
499.91735775251414,5,159,0,0
500.4687632003103,338,146,0,0
500.4713671513073,5,304,0,0
500.472169407153,22,79,0,0
500.47930424959316,91,60,0,0
500.5194253867853,36,272,0,0
500.58799971496444,7,391,0,0
500.5897724822493,334,472,0,0
500.5908299611504,20,348,0,0
500.61582104439776,14,284,0,0
500.61785423488925,26,168,0,0
501.2634524988245,594,503,0,0
501.2857929486159,10,237,0,0
501.3985948064862,15,145,0,0
501.40233145425583,5,2410,0,1
501.4178711652796,12,206,0,0
501.6537888800434,37,30,0,0
505.47842594532153,34,231,0,0
505.824705241641,765,104,0,0
505.89252787880264,173,74,0,0
505.9334579059289,2395,326,0,0
505.93833686956947,10,190,0,0
505.94011138161136,305,256,0,0
506.33616168100804,10,579,0,0
506.5094995215918,4,42,0,0
506.529043794011,38,271,0,0
507.36813933546887,5,218,0,0
507.378423048073,68,318,0,0
507.3836653289076,15,470,0,0
507.3947303244509,111,340,0,0
507.58502155609904,950,174,0,0
507.6094703108653,8047,145,1,0
507.61580814136744,8,316,0,0
507.9053631768473,1209,147,0,0
507.971403127793,82,581,0,0
508.001731311952,340,339,0,0
508.0025854685708,13,30,0,0
508.0228806702475,44,219,0,0
508.02623418930494,11,29,0,0
508.03301232440646,39,375,0,0
508.073249107968,114,39,0,0
508.07488776650877,756,314,0,0
508.21633318414126,25,426,0,0
508.25403478735194,86,565,0,0
508.25406821981306,150,406,1,0
508.50877991932543,128,187,0,0
508.5165049555594,1529,1400,0,1
508.61516143473904,159,301,0,0
508.6173531362877,7,83,0,0
509.73497707722316,20,292,0,0
510.536236528435,549,365,0,0
510.5615264945361,26,210,0,0
510.5632310883437,41,263,0,0
510.5646051052496,62,139,0,0
510.56509695402315,99,116,0,0
510.56842974900087,19,752,0,0
510.5793860676176,8,96,0,0
510.58920341045456,15,390,0,0
510.6479403890561,60,42,1,0
510.6722856688067,16,434,0,0
511.96953630202796,29,347,0,0
511.97277514532453,40,311,0,0
511.97516420444833,182,38,0,0
512.0123478005049,690,1580,0,1
514.8213910810201,1550,139,1,0
514.8342475975019,450,333,1,0
514.8444807246641,128,820,0,0
514.8791957582271,51,670,0,0
514.9000756290308,8,27,0,0
514.952344249125,75,245,0,0
514.9532300972807,25,190,0,0
514.9593824820421,70,293,1,0
514.9654997793888,58,232,0,0
514.9853637671662,10,27,0,0
515.1086284262833,216,100,0,0
515.1090602300546,625,257,0,0
515.125520608146,12,336,0,0
515.1848265906337,2764,246,0,0
515.1936025999732,5,32,0,0
515.2202440898998,177,470,0,0
515.2284879580567,54,208,0,0
515.2288546217799,6,75,0,0
515.2405992972539,362,437,0,0
515.2514821310136,327,198,0,0
515.2963600250895,38,216,0,0
515.3383175528779,8116,76,1,0
515.343701032056,1722,280,0,0
515.4500253341025,199,676,0,0
515.4857754524631,100,399,1,0
515.4973764984483,22,767,0,0
515.4975575103107,25,243,0,0
517.6796682879932,12,50,0,0
517.7256794345193,250,133,0,0
517.7271472808745,20,58,0,0
517.7547512055746,31,637,0,0
517.7597696756754,60,76,0,0
517.7705890583698,916,769,0,0
517.7894904892166,36,4140,0,1
518.1207069591409,7,81,0,0
518.202688641159,78,55,0,0
518.2321845943252,7,186,0,0
518.2444778397926,56,194,0,0
518.3129754673191,2627,224,0,0
518.9083155445863,17,147,0,0
518.9189711422998,21,484,0,0
519.0369388180627,369,198,0,0
519.0402554310965,11,129,0,0
519.1713920042736,6,341,0,0
519.7673079910634,14,400,0,0
519.808904020884,12,578,0,0
519.8121262218193,9,416,0,0
519.8151193818736,710,434,1,0
519.8170831071908,20,94,0,0
519.8365376691519,359,470,0,0
519.8475347565634,13,45,0,0
519.9088476280431,381,6340,0,1
519.9110522190133,259,346,0,0
519.9801378036747,16,445,0,0
519.9886495821655,1499,767,0,0
519.98928727351,1018,242,0,0
520.0477210763314,5,3730,0,1
520.0583040960937,435,46,0,0
520.1807262969343,20,113,0,0
520.189848656252,212,424,0,0
520.2370679083997,4,452,0,0
520.2431750413616,24,104,0,0
520.4062738758728,12,144,0,0
520.4967927025906,5,186,0,0
520.6789719586591,2126,70,0,0
520.7506154610478,16,66,0,0
520.7887925750532,19,301,0,0
520.825581215743,29,204,0,0
521.1197657929232,1566,223,0,0
521.121984268548,5,243,0,0
521.1401452166573,13,208,0,0
521.147143218246,669,267,0,0
521.154193296194,140,157,0,0
521.154881524494,7,215,0,0
521.1590027396121,120,236,1,0
521.4087073930913,251,277,0,0
521.4110718140282,8,110,0,0
521.4230898482789,748,488,0,0
521.4662553518431,165,362,0,0
521.4668174909864,23,256,0,0
521.4720481589611,12,144,0,0
521.6099671260226,216,113,0,0
521.6664005975715,15,212,0,0
521.668133802022,23,358,0,0
522.108840916206,9,77,0,0
522.1088643641745,64,297,0,0
522.1395388892446,25,207,0,0
522.4253170936836,39,425,0,0
522.4294304728932,3190,149,1,0
522.4532154495837,11,434,0,0
522.4678239543935,145,248,0,0
522.6692360486074,20,238,0,0
522.7646325218134,42,182,0,0
522.7688140571212,408,543,0,0
523.1190060974066,130,514,0,0
523.1356899224226,16,373,0,0
523.1490786585254,20,106,0,0
523.1504745086369,32,275,0,0
523.1543951278395,53,33,0,0
523.2124776537563,5,106,0,0
524.2286084867691,9,314,0,0
524.2317596870387,12,56,0,0
524.2362970869061,4,88,0,0
524.2370902689075,536,137,0,0
524.2721741671988,23,155,0,0
530.0743841266026,2870,73,0,0
530.1202083878903,3148,200,0,0
530.1225076709599,2861,61,0,0
530.1314157650236,7,352,0,0
530.1485023620181,150,624,1,0
530.1515116610223,218,792,0,0
530.1596843035502,57,206,0,0
530.1625407619358,9,346,0,0
530.1825007863157,5250,1730,1,1
530.2412375949865,348,343,0,0
530.2644102668771,110,368,1,0
530.4074827301997,36,23,0,0
530.4075820683876,117,440,0,0
530.4161258001275,10,290,0,0
530.420817102734,14,339,0,0
530.4922101542024,1639,227,0,0
530.5487301789744,782,192,0,0
530.5506668176986,241,89,0,0
530.6232280737822,80,375,1,0
530.6337688279517,217,319,0,0
530.6419742530186,8,769,0,0
530.6701662486163,182,1740,0,1
530.6937392926914,7,232,0,0
530.6941983502209,20,205,0,0
530.6942619540109,8,12,0,0
530.941801047334,2897,89,0,0
530.9524662851267,60,581,0,0
530.9569913644127,65,17,0,0
530.9879320056034,93,325,0,0
532.0234858846384,187,75,0,0
532.0236660285125,16,472,0,0
532.0386158973661,22,313,0,0
532.1862324607912,117,292,0,0
532.2460696655179,7,234,0,0
532.2515533864508,31,107,0,0
532.331165857348,19,86,0,0
532.4751387652005,517,2570,0,1
532.487852255511,28,303,0,0
532.7813963750992,15,130,0,0
532.7864317360129,726,391,0,0
532.7877796936449,625,140,0,0
533.0475249890977,401,113,0,0
533.0699232428549,387,156,0,0
533.1047871751055,8,345,0,0
533.1075982998715,16,525,0,0
533.1127021355159,11,164,0,0
533.1238671380589,7,565,0,0
533.1766032582062,31,130,0,0
534.0124758570306,742,768,0,0
534.5251362686133,74,185,0,0
534.9575396327824,1220,411,1,0
534.984631437644,11,414,0,0
535.0031783570168,2427,1630,0,1
535.0127366820553,11,394,0,0
535.0289742353484,7992,200,1,0
535.0331799167016,10,507,0,0
535.1388150148539,60,501,0,0
536.1509152979446,7,144,0,0
536.7001247985668,5,86,0,0
536.7013831483779,120,134,0,0
536.7210113315886,5,202,0,0
536.8500680266766,5,45,0,0
536.8828299884995,40,181,0,0
536.8887826100431,28,238,0,0
536.8890755194036,158,50,0,0
536.8891761958879,13,225,0,0
536.929564677265,10,354,0,0
536.9324274383571,60,411,0,0
536.9561218818495,22,272,0,0
537.088173079106,55,442,0,0
537.0964401256871,15,3620,0,1
537.1778107246536,280,315,0,0
537.1803026877709,20,156,0,0
537.1814366531779,118,387,0,0
537.2274029121592,298,136,0,0
537.2283195561677,8,69,0,0
540.9094528974626,10,162,0,0
540.9399724911963,15,567,0,0
540.9718579861559,17,192,0,0
541.0730232590017,5,362,0,0
541.0925534274687,15,316,0,0
541.0972334987268,16,77,0,0
541.2020786894913,6,43,0,0
541.2211243489347,167,453,0,0
541.2253571152479,8,295,0,0
541.2307559901897,14,122,0,0
541.3398722244613,1405,22,0,0
541.3822447091975,12,230,0,0
541.3872548913565,15,216,0,0
541.4801836826952,19,716,0,0
541.6463657417878,440,255,0,0
541.6489304560981,8,70,0,0
541.6732364152845,14,220,0,0
541.7921270850726,18,70,0,0
542.2546267907596,4,270,0,0
542.3102951066318,838,77,0,0
542.3116592835347,149,140,0,0
542.3189380932317,145,378,0,0
542.3226332388646,14,292,0,0
542.3639577718164,5,97,0,0
542.3672474471153,18,441,0,0
542.4118820069972,6,110,0,0
542.4715425538352,28,203,0,0
542.5305287917026,315,489,0,0
542.5472302471995,13,317,0,0
542.5480426898781,602,120,0,0
555.5875789901135,51,224,0,0
555.8699854800072,158,474,0,0
555.8922937172065,7,200,0,0
555.9480374896796,8069,123,1,0
555.9696425824993,45,767,0,0
555.9802279725583,5,81,0,0
555.9810047680354,11,98,0,0
556.055106508137,64,665,0,0
556.2154067684106,20,325,0,0
556.2266653903354,12,277,0,0
556.2306333897337,91,511,0,0
556.4470406978537,9,153,0,0
556.4791784502897,96,89,0,0
556.4804669095672,19,192,0,0
556.4924583245315,69,768,0,0
556.5216911352531,1868,146,0,0
556.6906958995907,1053,224,0,0
556.7928137843446,11,277,0,0
556.8092328475599,562,81,0,0
559.9920131274265,22,113,0,0
559.9948923044955,1019,501,0,0
559.9982036174334,180,767,1,0
560.0000671953179,10,148,0,0
560.3909324221304,30,68,0,0
561.3276123093801,11,16,0,0
561.5994563593238,63,178,0,0
561.6544059583292,1680,163,0,0
561.7998559942632,29,50,0,0
561.8101459401034,44,188,0,0
561.8261106919202,18,228,0,0
562.4574485345114,9,85,0,0
562.4737220578296,2152,195,0,0
562.4761058767193,822,768,0,0
562.4806634177845,9,146,0,0
562.4856789373173,10,207,0,0
562.4983248006774,296,361,0,0
563.1808370548077,38,230,0,0
563.3551545446456,22,19,0,0
564.0403495095381,20,343,0,0
564.0570080473844,731,557,0,0
564.0593913754929,32,767,0,0
564.1065402110564,11,347,0,0
564.2576468482757,39,446,0,0
564.2677828718702,873,219,0,0
564.2684374268919,155,241,0,0
564.3031250217367,20,265,0,0
564.4061719379347,54,42,0,0
564.4132969033002,57,186,0,0
564.4141581648751,7,125,0,0
564.4631436741362,4,16,0,0
564.7588058503658,21,319,0,0
564.7616560448896,9,769,0,0
564.8140992644218,18,88,0,0
564.8725747252377,16,60,0,0
564.8845524110237,77,445,0,0
564.9659804569744,68,24,0,0
564.968740141404,9,441,0,0
565.0292582385,1199,10,0,0
565.03198093796,372,170,0,0
565.0378313552918,2455,377,0,0
565.5226857582325,25,373,0,0
565.5498839398209,22,99,0,0
565.5508341695937,170,472,0,0
565.8639771040125,7,182,0,0
565.9048997158013,30,769,0,0
565.9053764205804,214,2520,0,1
566.1421184905743,147,352,0,0
566.187520598228,216,1000,0,1
566.2137269657934,126,201,0,0
566.231005000515,10,74,0,0
566.3833020372178,22,18,0,0
566.3895425542748,243,542,0,0
566.4183495178647,59,219,0,0
566.6860611376928,105,362,0,0
566.6868490888276,240,260,0,0
566.6886015443235,262,202,0,0
566.7136173311251,109,134,0,0
566.7162444071103,17,423,0,0
566.723862428721,6,298,0,0
566.7565750171344,19,150,0,0
566.7582810888148,12,248,0,0
566.7748653106869,71,501,0,0
566.7918429430584,88,29,0,0
566.8925001874011,25,41,0,0
566.8935356213435,182,38,0,0
566.9047618587404,12,338,0,0
566.9061392175396,10,78,0,0
566.9070240266011,181,128,0,0
566.9229762772977,14,373,0,0
566.9955685998523,17,296,0,0
567.0303587338187,390,377,1,0
567.1136271701714,24,286,0,0
567.131202959752,793,478,0,0
567.1320235682581,123,20,0,0
567.6905640477628,545,316,0,0
567.7040571923073,117,93,0,0
568.4427161977814,48,6740,0,1
568.4491478217133,29,188,0,0
568.4504475016126,12,775,0,0
568.4509092350504,5,107,0,0
568.9164815389469,24,478,0,0
568.9205496257802,58,448,0,0
569.030320061415,484,133,0,0
569.0370879571559,72,390,0,0
569.0862868270036,25,575,0,0
569.2963746270858,15,216,0,0
569.3007223071888,10,800,0,1
569.4342652743303,41,139,0,0
569.4675248080334,128,127,0,0
569.4830581535239,43,124,0,0
569.4872392258605,88,510,0,0
569.4905665663388,86,10,0,0
569.4922812061623,24,331,0,0
569.4939474533267,32,30,0,0
569.5172605029449,689,126,0,0
569.5383582538094,14,42,0,0
569.800124316504,85,767,0,0
569.8310136926389,2810,367,0,0
569.8320536307011,29,769,0,0
569.8550466374935,1096,54,0,0
569.8619371690821,1008,605,0,0
569.991179632011,109,355,0,0
570.000078687027,11,326,0,0
570.0337810893361,18,31,0,0
570.0400082936325,1020,33,0,0
570.430380402048,48,455,0,0
570.4312961537664,625,134,0,0
570.4693242934503,8,64,0,0
570.5125071341301,12,23,0,0
570.5128651934588,3452,745,0,0
570.5228093452029,127,437,0,0
570.5230674771493,15,375,0,0
570.6054146611968,646,375,0,0
570.6107270076623,10,288,0,0
570.618152998403,16,311,0,0
570.646122410615,1378,422,0,0
570.6840380662661,17,256,0,0
570.690728246434,85,249,0,0
570.6957441342155,1236,337,0,0
570.6998966331834,7917,275,1,0
570.7177006219479,9,203,0,0
570.728766832741,723,304,0,0
570.7357938382215,6,19,0,0
570.8079258875956,6,48,0,0
570.8136510514936,14,165,0,0
570.8895586039116,23,627,0,0
570.8899104533598,10,203,0,0
570.9106385056194,18,201,0,0
571.189291128586,43,1520,0,1
571.1992405145614,5,239,0,0
571.4115328931407,18,92,0,0
571.4501554293074,10,1020,0,1
571.4518894315236,871,165,0,0
571.5250979051415,25,414,0,0
571.5269090911899,15,29,0,0
571.5352331773062,55,544,0,0
571.5759817174643,989,320,0,1
571.6550677842778,10,320,0,0
571.7291787527492,10,490,0,0
571.7401796801544,15,164,0,0
571.741902711494,6,71,0,0
571.768413048955,125,154,0,0
571.7694188710301,23,741,0,0
571.7841454063216,1434,93,0,0
571.8816431323539,275,690,0,0
571.9736399614924,24,341,0,0
571.9816791866074,160,587,1,0
572.0497135901888,10,148,0,0
587.5823040414286,805,131,0,0
587.6064550417285,34,327,0,0
587.7050640465574,11,641,0,0
587.7184030973357,440,768,1,0
587.7515249988282,5075,197,0,0
587.7537207121593,7869,323,1,0
587.810574911883,8,262,0,0
587.846952914133,804,284,0,0
587.862620582364,14,52,0,0
587.8674343170946,15,506,0,0
587.8788373980802,830,295,1,0
587.8792504008366,68,332,0,0
588.075632312227,190,356,1,0
588.2590159897865,2740,101,1,0
588.2855362016873,7,330,0,0
588.2857705689805,65,32,0,0
588.3447461364015,127,192,0,0
588.3885833600575,57,266,0,0
588.4826943775786,135,146,0,0
588.5063604855424,555,214,0,0
588.5106677229951,21,333,0,0
588.7023515368884,20,297,0,0
588.711491202512,9,146,0,0
588.7130977518433,12,176,0,0
588.7231973488916,698,392,0,0
588.7350499945014,31,26,0,0
588.7361076075192,1271,203,0,0
588.7503936844985,10,281,0,0
588.7536861184269,20,167,0,0
588.7591182705462,12,3860,0,1
588.7611177744859,15,335,0,0
588.7666962128311,447,285,0,0
588.7749154744333,24,238,0,0
588.8070589964983,25,300,0,0
588.960900830003,41,293,0,0
588.9987212721045,280,486,1,0
590.0332822965163,14,146,0,0
590.7362163682833,24,306,0,0
590.8862200573581,44,162,0,0
590.8947025981713,40,208,0,0
590.9033739862716,19,70,0,0
590.9056927962774,34,288,0,0
591.3271542895861,2690,5370,0,1
591.3291677640894,55,767,0,0
591.6855999591887,287,80,0,0
591.7108570845176,760,134,1,0
591.7188815665021,23,213,0,0
591.7504845150107,8,216,0,0
591.7550204736311,23,167,0,0
591.7806435960794,89,487,0,0
591.7969047310393,33,383,0,0
591.8105234321595,4,98,0,0
591.9508161133531,64,616,0,0
592.1525596486035,7,357,0,0
592.1557603464753,188,200,0,0
592.2230062935231,31,337,0,0
592.2458352334808,7,389,0,0
592.2490184511215,81,64,0,0
592.2496312327207,2246,188,0,0
592.3266261691181,93,430,0,0
592.3356990873718,8,47,0,0
592.3507298751194,8,1130,0,1
592.7489194629658,62,29,0,0
592.7890998038092,40,249,0,0
592.7976303658836,8,169,0,0
593.0118216424808,19,1560,0,1
593.0154010353925,22,55,0,0
593.6322886501872,43,42,0,0
593.6564095732303,38,4500,0,1
593.6570743550301,15,218,0,0
593.6932113080424,69,259,0,0
593.791143193672,9,62,0,0
593.8300604649581,6,412,0,0
593.837999219138,11,16,0,0
593.8765958805162,12,339,0,0
594.0163634225856,2177,534,0,0
594.0936228944241,35,13,0,0
594.1146699215055,16,180,0,0
594.2486557228412,347,1640,0,1
594.2517654681019,8,66,0,0
594.3183818821858,51,237,0,0
594.3278517755031,1822,225,0,0
594.5558029736172,792,7400,0,1
594.6258626752633,22,235,0,0
594.794953464292,796,768,0,0
594.8038956081696,415,110,0,0
594.8063260046418,79,16,0,0
594.8562163781447,54,30,0,0
594.8613842210367,23,259,0,0
594.8636146462381,126,633,0,0
594.8711133053412,10,122,0,0
594.8801413833552,8,260,0,0
594.929317096615,89,482,0,0
595.193362921537,10,260,0,0
595.2602903277256,412,5240,0,1
595.4099173409072,105,105,0,0
595.4324411651696,3057,185,0,0
595.4580748685171,74,232,0,0
595.4847742376403,8,230,0,0
595.4981589652349,7,130,0,0
595.5024570826664,105,589,0,0
595.523607463649,369,673,0,0
595.5667360696037,8,165,0,0
595.5669540352383,23,16,0,0
595.5729242378623,39,406,0,0
595.7083811037737,18,34,0,0
595.7126303907003,29,74,0,0
596.0384862791526,75,51,0,0
596.0434945946762,1792,186,0,0
596.053373543138,608,140,0,0
596.0614943520184,35,607,0,0
596.1669752938335,174,272,0,0
596.1838159669786,12,310,0,0
596.2314060172415,244,147,0,0
596.2324980950517,2249,218,0,0
596.4233571564567,164,161,0,0
596.4591497804497,20,141,0,0
596.4718674893849,101,241,0,0
596.4761883193756,231,142,0,0
596.4773009199617,16,646,0,0
596.5474513975663,22,19,0,0
596.9826888354856,71,769,0,0
597.0029536102813,171,536,0,0
597.0076800169096,14,596,0,0
597.0189653843418,495,128,0,0
597.0254067961479,573,120,0,0
597.0583052418755,3031,775,0,0
597.1109294334002,160,25,1,0
597.1167689655555,6,16,0,0
597.1633679280632,2401,118,0,0
597.2284618894251,1007,29,0,0
597.3347780393804,13,180,0,0
597.3435182607643,49,350,0,0
597.369009142286,67,767,0,0
597.4187481442308,18,201,0,0
597.4206718689999,31,146,0,0
597.4288442929198,40,34,0,0
597.4849193349784,66,375,0,0
597.4917320745249,530,156,1,0
597.4962909411022,39,331,0,0
597.4982176013337,15,481,0,0
597.5328897946767,12,188,0,0
597.5451365410684,30,220,0,0
597.5799137666995,64,66,0,0
597.5829711405198,452,668,0,0
597.6333988493093,17,65,0,0
597.661765859184,148,214,0,0
597.6857607443503,9,309,0,0
597.6943962435249,12,185,0,0
597.7052147012627,24,180,0,0
597.7315586546218,367,41,0,0
597.8933186583795,43,235,0,0
597.8994893380064,39,125,0,0
597.9041337949991,65,463,0,0
598.1993251267369,341,69,0,0
598.2170536715589,615,28,0,0
598.741038133613,53,19,0,0
598.8283278549651,7,431,0,0
599.4606442328675,26,349,0,0
599.4615879261839,87,143,0,0
599.4796381753051,8,294,0,0
599.4829413096169,15,231,0,0
599.5937889836947,203,415,0,0
599.5945743720628,41,80,0,0
599.6007305930224,19,46,0,0
599.6015387210871,543,699,0,0
599.6187772380935,303,208,0,0
599.6198306696242,14,207,0,0
599.6296902375186,103,157,0,0
599.6396021514981,6,67,0,0
599.705113635208,480,219,0,0
599.7540358644211,444,255,0,0
599.766400918587,45,230,0,1
599.7830537214178,263,34,0,0
599.7870975860392,628,349,0,0
600.319821033726,73,70,0,0
600.4004160358991,790,201,1,0
600.4511320943659,14,294,0,0
600.4534879254485,54,437,0,0
600.5096954356248,7,168,0,0
600.8491499745207,231,223,0,0
601.0221205371419,318,1800,0,1
601.1078858200472,36,394,0,0
601.2158933833208,45,383,0,0
602.8138435750742,38,168,0,0
602.8427947558727,6,215,0,0
602.9809772000216,194,132,0,0
602.9905975167017,12,170,0,0
603.3124540963346,16,1980,0,1
603.3448698945036,1140,359,1,0
603.3454100739403,19,132,0,0
603.3466716774413,2998,153,0,0
603.3617325345124,26,262,0,0
603.3824087295259,420,43,1,0
603.3827068932069,7,267,0,0
603.4456682365485,9,260,0,0
603.4465343228544,15,93,0,0
603.4739498518053,58,429,0,0
603.476365496302,26,341,0,0
603.5827211254382,38,376,0,0
603.6565035874423,318,120,0,0
603.7385126604087,338,335,0,0
603.7468356652553,586,673,0,0
603.9179741303717,250,690,0,0
603.9290735332842,370,84,1,0
603.9415382876092,15,445,0,0
603.9424584530832,27,125,0,0
603.9715569701294,21,315,0,0
604.0515452354246,15,228,0,0
604.0879961809587,308,637,0,0
604.1448123810034,17,653,0,0
604.212734543856,24,311,0,0
604.2180028351896,8,830,0,1
605.1457472041566,7,50,0,0
605.3461082553978,10,105,0,0
605.4058162503749,14,476,0,0
605.4332971634761,3937,215,0,0
605.4759855430901,4,149,0,0
605.4772325586857,37,254,0,0
605.4790338409093,62,308,0,0
605.4829621905728,577,227,0,0
605.4856146193079,490,112,1,0
605.4895947458134,14,232,0,0
605.4907461138584,11,402,0,0
605.5467693561106,9,29,0,0
605.7763691658595,6,317,0,0
605.8779481517603,10,179,0,0
605.9026236553565,55,194,0,0
605.9088783752869,8,189,0,0
605.9144303013218,47,422,0,0
606.1023085950408,71,493,0,0
606.1254915584988,9,152,0,0
606.1361241374645,131,561,0,0
606.1789508842146,251,767,0,0
606.243155668608,459,4,0,0
606.2705484212996,18,200,0,0
606.3639839529689,17,147,0,0
606.3643409933674,1628,188,0,0
606.4794890020971,585,125,0,0
606.4799125698099,337,668,0,0
606.4833613549857,188,39,0,0
606.4964159123659,16,2630,0,1
606.4964620954051,41,265,0,0
607.2584027449907,470,258,1,0
607.2597124142975,1553,54,0,0
607.268378760491,1025,152,0,0
607.277378724987,54,428,0,0
607.2891769512008,63,78,0,0
607.3086144700089,24,150,0,0
607.7018955564281,23,139,0,0
607.7087683866439,20,1950,0,1
607.97060607081,129,128,0,0
607.9714586151242,150,628,1,0
607.9796608024894,51,705,0,0
608.1118831912836,47,261,0,0
608.1137553883547,12,296,0,0
608.1472934670734,30,140,0,0
608.1550364804446,24,67,0,0
608.2466218691935,74,275,0,0
608.3021085924004,14,106,0,0
608.3083122485333,9,418,0,0
608.3572466297272,27,492,0,0
608.3675171241449,6,99,0,0
608.3684095580091,11,329,0,0
608.3694030120489,9,282,0,0
608.4206883268714,97,129,0,0
608.4288217367717,7,63,0,0
608.4404667372257,145,131,0,0
608.5606767756922,23,318,0,0
608.5833121057831,56,104,0,0
609.9060641637695,118,352,0,0
609.9069685676019,735,96,0,0
610.0554803061832,10,86,0,0
610.0569017699312,344,490,0,0
610.0579126586889,28,930,0,1
610.3457981202907,86,313,0,0
610.3494941065701,253,49,0,0
610.3590573315231,684,360,0,1
610.3713642268227,20,453,0,0
610.3935739835377,2054,62,0,0
610.3956314906447,10,110,0,0
610.4214163273775,5,606,0,0
610.6829814847047,7445,204,0,0
610.6847656277271,844,520,0,0
610.6858343017008,93,10,0,0
610.6877475976889,49,658,0,0
610.7799672373941,45,180,0,0
610.7811001505586,50,303,1,0
610.781786445447,74,56,0,0
611.0145264196279,936,457,0,0
611.0244439557401,240,5,1,0
611.0260186569972,10,146,0,0
611.0330835325211,17,174,0,0
611.035195042336,12,699,0,0
611.0651303503033,16,234,0,0
611.0653526153196,16,349,0,0
611.0998228823938,2560,124,1,0
611.1609745477583,38,220,0,0
611.183374151646,23,262,0,0
611.5371365905503,169,285,0,0
611.5386495301487,15,326,0,0
611.5411110172956,11,344,0,0
611.5416626022637,430,99,1,0
612.2507320622652,10,530,0,1
612.376772117839,30,190,0,0
612.429948368843,44,270,0,0
612.434609721656,82,28,0,0
612.6360956011746,7,100,0,0
612.6548891942767,49,436,0,0
612.6674886752332,575,101,0,0
612.6743179124593,9,291,0,0
612.6766661557912,47,89,0,0
612.6793719050546,36,319,0,0
612.6819312216189,163,220,0,0
612.7259175413052,625,134,0,0
612.7598494770424,61,480,0,0
612.7748760044002,99,150,0,0
612.7781763025163,95,570,0,1
612.8333827303372,88,187,0,0
612.9046195468778,12,4780,0,1
612.9102183089517,1585,272,0,0
612.9148792442589,12,277,0,0
613.0357445604525,7,405,0,0
613.0608554692832,82,108,0,0
613.0638971529163,32,106,0,0
613.0850226879252,54,15,0,0
613.1127103830053,11,238,0,0
613.1713647543381,22,288,0,0
613.1901360498396,142,87,0,0
613.2004219627183,193,32,0,0
613.2525327349418,38,171,0,0
613.307756121155,349,128,0,0
613.3148225341964,163,128,0,0
613.3229977630648,8,256,0,0
613.3272078909085,5,243,0,0
613.3297760325693,13,552,0,0
613.3360851246618,168,132,0,0
613.3485868119044,4,163,0,0
614.4677331547122,82,192,0,0
614.8113592210773,12,230,0,0
614.8254010526811,1194,296,0,0
614.8359249472446,11,347,0,0
614.8370147841259,2758,85,0,0
614.8415701178584,10,291,0,0
614.8936854748935,10,334,0,0
614.9186569433762,100,128,1,0
614.91983537503,7,26,0,0
614.9654342526475,7,501,0,0
614.9962606301796,504,420,0,0
615.0098669190287,240,133,1,0
615.1149379410995,114,458,0,0
615.3331341523875,6,61,0,0
615.3387036124838,30,37,0,0
615.3498603192598,6530,769,1,0
615.353962447278,9,279,0,0
615.3713360023623,77,375,0,0
615.3802582591645,72,55,0,0
615.4249458178448,21,297,0,0
615.4367773294454,19,767,0,0
615.4637383211506,127,334,0,0
615.5176860719987,12,260,0,0
615.5221257166933,9,20,0,0
615.6993589279876,36,342,0,0
615.733602580674,19,95,0,0
615.7585009125504,6,411,0,0
615.7727634754771,20,353,0,0
615.7984212007359,88,623,0,0
615.8024901376115,35,252,0,0
615.8100817651795,560,174,1,0
615.9969579164482,14,164,0,0
616.0012471144447,31,698,0,0
617.1410373616442,10,228,0,0
617.2125659127913,19,555,0,0
617.2559798574762,6,162,0,0
617.3588614189657,328,9,0,0
617.3662371722511,9,307,0,0
617.3668721594996,18,312,0,0
617.3717263201107,7425,767,1,0
617.3999897048641,16,339,0,0
617.5414600618583,20,543,0,0
617.5435092134785,38,194,0,0
617.5469747528808,57,284,0,0
617.582339226036,91,460,0,0
618.0869519355824,1992,224,0,0
618.3025973117418,11,412,0,0
618.316648606513,481,465,0,0
618.4670599397372,326,88,0,0
618.5122824096226,2860,78,0,0
618.5931366122309,50,300,0,0
618.5983758401459,34,290,0,0
618.6056967491586,19,342,0,0
618.6071700988429,17,379,0,0
618.6212610162289,543,263,0,0
618.6450764559522,109,90,0,0
618.6786861433092,429,711,0,0
618.68170272394,41,417,0,0
620.4973136974581,28,35,0,0
620.5040925808809,21,124,0,0
620.5132609954046,22,116,0,0
620.5394725464388,70,224,0,0
620.5402886519746,22,382,0,0
620.5407968583573,26,769,0,0
620.8063280271374,85,41,0,0
620.8198806843511,16,500,0,0
620.8200650727244,7,49,0,0
620.9009743266399,7,134,0,0
620.9147163172205,40,767,0,0
620.9258990906911,14,48,0,0
620.9507312000287,62,314,0,0
620.9612662441837,13,112,0,0
620.964727344485,252,660,0,0
622.7993066177537,203,202,0,0
622.8250449803517,21,609,0,0
622.8365363858194,230,577,0,0
622.8449239692372,58,229,0,0
622.8820153216327,243,467,0,0
622.8901529755155,40,98,0,0
622.8995328728579,188,31,0,0
623.0068127870642,13,57,0,0
623.0074290356134,10,108,0,0
623.0148157857141,14,21,0,0
623.1455990718829,18,84,0,0
623.1982310351024,12,110,0,0
623.2021561820837,34,621,0,0
623.2232657328215,14,280,0,0
623.2411323207797,43,210,0,0
623.2744180864934,24,670,0,0
623.3239466120127,81,146,0,0
623.3325765181005,8,126,0,0
623.3379351775473,9,280,0,0
623.3696830266218,719,421,0,0
624.3284669564696,12,229,0,0
624.3324399215278,6,283,0,0
624.5767798959905,11,115,0,0
624.5774829909212,4,9,0,0
624.6394335366659,29,381,0,0
624.6433599397968,45,303,0,0
624.6586352517159,1868,3210,0,1
624.6836468235642,58,285,0,0
624.6877878727302,141,368,0,0
624.7066438486466,18,105,0,0
624.7285260018596,2651,78,0,0
624.7645904783213,44,406,0,0
624.8079192853654,472,22,0,0
624.8810885968902,256,23,0,0
624.8885055914906,13,122,0,0
624.9071696144446,177,578,0,0
625.039049062418,60,148,1,0
625.0433430102678,21,492,0,0
625.1673812399204,21,1920,0,1
625.1728622963066,2117,398,0,0
625.1754540189004,54,57,0,0
625.1977123192164,17,256,0,0
625.2244056376232,10,1530,0,1
625.2741874755699,3270,478,1,0
625.4967678267245,227,767,0,0
625.5161609656112,9,114,0,0
625.5169869236736,14,190,0,0
625.6896950704538,18,7680,0,1
625.6952552325465,12,250,0,0
625.6974002005248,42,306,0,0
625.703150231429,1109,158,0,0
625.8114521733215,145,478,0,0
625.8136279193321,10,148,0,0
625.8585413435835,3260,199,1,0
625.8643728312995,48,112,0,0
625.8816942591228,6,25,0,0
625.8865827089854,30,513,0,0
625.8885493165304,52,372,0,0
625.8908415374776,238,3950,0,1
625.8980813318436,386,188,0,0
625.9262098659535,11,403,0,0
625.9396712670622,202,70,0,0
626.1261905597805,98,1087,0,0
626.2792594897745,32,340,0,0
626.2982656412812,1430,22,0,0
626.3635586099153,10,32,0,0
626.4192342078642,977,38,0,0
626.4250584737412,347,372,0,0
626.4869282445306,229,767,0,0
627.2359918472521,11,245,0,0
627.2714119249874,495,306,0,0
627.2717169089614,8,266,0,0
627.3969814850436,5,767,0,0
627.4085729630647,451,781,0,0
627.4178155355451,305,210,0,0
627.4205974098882,90,85,0,0
627.4635714854205,7,223,0,0
627.473990870287,15,293,0,0
628.5304425064519,462,343,0,0
628.5317244495876,18,34,0,0
628.5389759178373,443,126,0,0
629.0978034282778,884,171,0,0
629.1052051212589,12,98,0,0
629.1417064463144,294,576,0,0
629.1578929978998,69,339,0,0
629.2317970232419,14,349,0,0
629.2947574745413,10,329,0,0
629.4248200391715,154,398,0,0
629.4382242202423,270,100,0,0
629.5494111546815,1053,763,0,0
629.5738381809015,10,187,0,0
629.6400624811814,9,77,0,0
629.6461869432561,929,5,0,0
629.646360382255,47,2550,0,1
629.6471490817772,1937,159,0,0
629.710635224442,8,430,0,0
629.720466668879,7,95,0,0
629.7233454022005,14,49,0,0
629.7782811798661,70,239,1,0
629.8504372642392,50,444,0,0
629.8718584783394,12,211,0,0
629.8723855452117,19,120,0,0
629.967510560083,15,507,0,0
629.9724396916617,147,232,0,0
629.9779683137754,91,767,0,0
629.9861844130434,72,151,0,0
630.0055806105945,12,124,0,0
630.0064313242059,1085,543,0,0
630.0193419993468,44,82,0,0
630.02049127702,44,189,0,0
630.0226117074492,266,322,0,0
630.0234199872544,540,15,1,0
630.0381598545513,814,234,0,0
630.0458200989344,22,768,0,0
630.1174248467589,11,90,0,0
630.1205060224843,7867,325,1,0
630.1618033567303,8,304,0,0
630.1759763689433,37,314,0,0
630.2843610789981,330,270,1,0
630.286594791057,48,81,0,0
630.288334962637,70,443,0,0
630.3090411525318,10,382,0,0
630.351369565541,36,272,0,0
630.4095951753619,9,575,0,0
630.6231239461979,690,341,0,0
630.6932143041224,22,223,0,0
630.7617716685518,6,23,0,0
632.1744183283004,13,270,0,0
632.1903052693266,6,173,0,0
632.4523882261526,93,11,0,0
632.4645818680713,146,75,0,0
632.5285394317445,156,38,0,0
632.5513860069649,32,268,0,0
632.5687085369977,384,262,0,0
632.8979198351283,54,27,0,0
633.3085916225858,20,113,0,0
633.3275505820905,16,241,0,0
633.3409817339638,10,454,0,0
633.3518377016329,926,53,0,0
633.3526208872343,14,84,0,0
633.5765249797843,38,31,0,0
633.5985901846614,35,653,0,0
633.7241097355081,20,1470,0,1
633.9190170663495,21,145,0,0
633.9295942455888,103,12,0,0
633.9955775576359,1576,2270,0,1
633.9997434835343,467,228,0,0
634.0005689192795,368,533,0,0
634.0053596995833,18,249,0,0
634.0148883829324,191,292,0,0
634.0350047661864,10,217,0,0
634.0445913880606,107,152,0,0
634.047492124529,22,437,0,0
634.0506037035173,146,180,0,0
634.075747647857,240,767,1,0
634.0770110432721,1000,483,0,0
634.0970109746806,5,8,0,0
634.1103234607497,4,35,0,0
634.1363068654372,430,372,1,0
634.1364838483311,79,252,0,0
634.3634307240409,25,1810,0,1
634.3636494530965,263,41,0,0
634.394311513404,23,299,0,0
634.4003647252796,40,268,0,0
634.4114416973449,1085,543,0,0
634.4187367653675,19,330,0,0
634.4313855120043,17,446,0,0
634.4365885976321,420,235,0,0
634.651605243917,12,28,0,0
634.8078703307941,49,210,0,0
635.0065282767443,11,109,0,0
635.0461382221232,232,626,0,0
635.054333530432,18,178,0,0
637.6639941125159,35,154,0,0
637.6913113350246,351,317,0,0
637.6921156618547,1395,43,0,0
638.3232986995897,17,60,0,0
639.3470545699498,24,330,0,0
639.3485024213675,68,269,0,0
639.3809421020667,8,1730,0,1
639.3901461952454,21,307,0,0
639.616906199441,52,372,0,0
639.6173915066105,402,489,0,0
639.6273522661821,14,733,0,0
639.6473834627786,164,205,0,0
639.6822973715841,129,207,0,0
639.6846815553453,18,70,0,0
639.8398335865197,21,205,0,0
639.8412506726648,486,434,0,0
639.9055012222608,4,217,0,0
644.6093763766687,81,69,0,0
644.6095787895422,406,391,0,0
644.6548150766059,13,44,0,0
644.8137222799689,43,186,0,0
644.8144447426724,215,63,0,0
644.8491685483058,14,495,0,0
644.8634367417419,158,768,0,0
644.8708066602866,650,753,0,0
644.8720269256065,6,267,0,0
644.8776805817828,2560,358,1,0
644.887021890266,133,68,0,0
644.8875674113442,110,296,1,0
644.8878527952984,19,87,0,0
644.8895385589085,189,270,0,0
644.8917759164029,352,63,0,0
644.8989822655161,7,195,0,0
644.9164785120633,60,423,0,0
644.953185819778,6,173,0,0
644.9591308118207,19,238,0,0
645.0354108798115,16,653,0,0
645.0699786374918,9,220,0,0
645.077321065353,17,346,0,0
645.1508481053075,33,402,0,0
645.1715786055345,22,79,0,0
645.2028835605779,13,184,0,0
645.7464954850313,1926,279,0,0
645.7476227874047,435,85,0,0
645.7538467875413,107,52,0,0
645.7629275993681,32,105,0,0
645.8187564916773,1510,572,1,0
645.8200179905195,6,395,0,0
645.8223448181155,14,120,0,0
645.8229643404391,10,192,0,0
645.823108514354,77,193,0,0
645.8250948359163,14,217,0,0
645.8259129599168,20,382,0,0
645.8378130112317,9,191,0,0
645.9436443152185,14,338,0,0
645.9673784922559,96,767,0,0
645.9686433401932,1534,16,0,0
646.1114385380879,364,600,0,1
646.4111785452652,10,118,0,0
646.4473853846509,9,271,0,0
646.4807230030194,130,196,1,0
646.4866513680488,3880,113,1,0
646.602661970453,1072,299,0,0
646.8858903789305,16,171,0,0
646.8892664923327,31,370,0,0
647.0511692515952,9,284,0,0
647.0556773930983,200,80,1,0
647.062227338809,20,138,0,0
650.6664182084054,102,910,0,1
650.7799008688472,120,50,1,0
651.4454858911628,39,580,0,0
651.4464395800403,100,349,0,0
651.8026074250307,66,666,0,0
653.7473307020831,6,162,0,0
653.756042477663,24,51,0,0
653.8354660391307,17,261,0,0
653.8452633754266,11,501,0,0
653.865696240545,11,239,0,0
653.868341138802,10,378,0,0
654.0145832454158,863,101,0,0
654.0335837068394,1636,75,0,0
654.0361417696369,16,42,0,0
654.0508919617113,19,290,0,0
654.052660954681,91,307,0,0
654.0667019550142,19,433,0,0
654.0790607201945,18,373,0,0
654.081144288793,58,750,0,0
654.0853995361111,15,144,0,0
659.0852646591786,156,476,0,0
659.2126533414227,15,350,0,0
659.2284750526751,460,63,0,0
659.2287696284347,43,27,0,0
659.2415578996661,10,280,0,0
659.241807952079,137,536,0,0
659.5047519848989,12,299,0,0
659.5288939076218,35,198,0,0
660.5709886581243,50,300,0,0
660.6483242439709,511,591,0,0
660.6795585803804,941,23,0,0
660.7006019800998,31,307,0,0
660.7033893774493,9,419,0,0
660.7280950165135,70,20,0,0
660.7283547029252,322,345,0,0
660.736936322863,40,2280,0,1
662.7580338282254,284,339,0,0
662.7608086701533,23,197,0,0
662.8190319672548,1094,769,0,0
662.9417162227853,37,261,0,0
662.9431609817827,10,300,0,0
663.0982093109719,154,596,0,0
663.102879651576,65,8,0,0
663.1194750183116,4,209,0,0
663.1199964997123,6,47,0,0
663.1208162410994,24,342,0,0
663.1304710817358,31,547,0,0
663.1355322083426,482,549,0,0
663.1381329723682,313,202,0,0
663.3376767333056,269,175,0,0
663.35156467452,86,249,0,0
663.35278664947,29,6900,0,1
663.354296698872,79,296,0,0
663.3562192215534,71,527,0,0
663.4535088319718,32,136,0,0
663.4702999667577,10,770,0,0
663.5093871889663,768,121,0,0
663.5159621963154,57,91,0,0
663.5290885561251,44,450,0,0
663.544688493694,1804,29,0,0
663.6340116231534,7,152,0,0
663.6564080640862,187,4230,0,1
663.6761399124399,24,261,0,0
663.8170134767537,19,480,0,0
663.8301432019626,68,451,0,0
663.9366085695265,1043,412,0,0
663.9495695338088,8,181,0,0
664.0122868344305,45,305,0,0
664.0155144310172,19,248,0,0
664.0416910044339,20,213,0,0
664.0965650820464,221,317,0,0
664.1013934452651,240,147,0,0
664.1230381507658,228,335,0,0
664.1493738318344,15,317,0,0
664.1527012532157,18,591,0,0
664.1579618259029,11,434,0,0
664.1606711597055,33,198,0,0
664.3080759424763,1558,634,0,0
664.3329590442847,16,630,0,0
664.4013471758924,36,1820,0,1
664.4054668505174,7,11,0,0
664.4133299283125,11,319,0,0
664.4289436231285,34,65,0,0
664.5074399460786,80,239,0,0
664.509236313986,497,104,0,0
664.5117461398547,19,768,0,0
664.6336106454962,61,465,0,0
664.6369367672563,84,533,0,0
664.6532566433208,661,2300,0,1
664.6615021816832,8,298,0,0
664.9544973319925,21,92,0,0
664.972241632516,575,487,0,0
664.9750734403951,4,1640,0,1
665.1615361680491,12,292,0,0
665.169472707102,774,424,0,0
665.1970149380263,33,4020,0,1
665.2007238725826,225,140,0,0
665.201982635217,410,626,0,0
665.2362985536357,142,226,0,0
665.2486172040426,17,315,0,0
665.503752278647,69,126,0,0
665.5158909287395,13,161,0,0
665.5197545827411,40,209,0,0
665.8045234555357,29,703,0,0
665.8362394254848,10,358,0,0
665.8421244442055,77,261,0,0
665.9412453287243,63,159,0,0
665.9502121534852,13,229,0,0
666.293493607891,140,345,1,0
666.4478496166828,9,52,0,0
666.4663961588492,80,195,1,0
666.4830297889162,41,527,0,0
666.4926722121595,19,705,0,0
666.5049939936438,41,207,0,0
666.5088030694094,17,394,0,0
666.5509940078489,1110,619,1,0
666.5512396475292,1285,333,0,0
666.6505992870124,7,297,0,0
666.6565422946278,19,207,0,0
666.6866043841035,24,107,0,0
666.710652413951,27,3190,0,1
666.7388688926702,477,97,0,0
672.84847979588,807,211,0,0
672.8488368351162,6,169,0,0
672.8506292685781,16,639,0,0
672.863679111128,94,181,0,0
672.9346554112749,55,231,0,0
672.9359944634066,14,111,0,0
673.3419342223718,60,312,1,0
673.3428813273719,477,3440,0,1
673.3514971851782,13,606,0,0
673.3664447063375,22,514,0,0
673.3755746824808,4030,169,1,0
673.4086138490776,51,144,0,0
673.5535442137187,177,42,0,0
673.5655529113775,25,285,0,0
673.6382259538582,97,202,0,0
673.7998136821847,12,237,0,0
673.806709425326,169,39,0,0
673.8302112828421,40,342,0,0
673.8307420171749,22,102,0,0
673.838934170769,41,307,0,0
673.8670527535828,5,75,0,0
674.2599886819179,37,330,0,0
674.2601828445156,162,590,0,0
674.285651634634,9,193,0,0
674.2929047838866,22,48,0,0
674.2943134320498,571,144,0,0
674.2969996956897,265,349,0,0
674.3142579501879,11,206,0,0
674.4252654709985,165,95,0,0
674.4320291665169,409,430,0,0
674.5330340456248,8,197,0,0
674.5358480120397,156,2280,0,1
674.5409086019088,204,360,0,1
674.5657022441407,84,247,0,0
674.6154720895902,72,69,0,0
674.6796021247175,456,78,0,0
674.6823070958527,498,61,0,0
674.7251832826145,32,2650,0,1
674.739783044264,370,4,0,0
674.9002368238315,2079,653,0,0
674.9112824897028,142,140,0,0
674.9826378964568,14,198,0,0
675.0600237569097,14,282,0,0
675.0837852146947,1951,293,0,0
675.0843990831312,10,224,0,0
675.0847954731728,15,74,0,0
675.090204019254,89,304,0,0
675.1041082765033,7,187,0,0
675.1237621843871,5,192,0,0
675.1287035093933,437,566,0,0
675.1295454966046,24,504,0,0
675.1638922429481,1332,760,0,1
675.1649161489945,23,16,0,0
675.1917188153603,16,555,0,0
675.8334343339333,30,253,0,0
675.8500082084029,50,90,0,0
676.2403197354029,156,767,0,0
676.2479214130327,8,190,0,0
676.2592241941325,18,192,0,0
676.3862427971588,5,158,0,0
676.4063958244477,5,27,0,0
676.4732704164524,34,70,0,0
676.4755008919634,16,39,0,0
676.4826923679001,13,242,0,0
676.5098708143298,53,319,0,0
676.5148463891063,16,322,0,0
676.5675718531069,11,273,0,0
677.5865362773332,6,31,0,0
677.5958416585626,14,340,0,0
677.6087917148427,18,183,0,0
677.71224773201,668,491,0,0
677.7160351401423,522,7670,0,1
677.7623144994516,19,257,0,0
677.7759096535756,62,9,0,0
677.8078782381549,37,100,0,0
678.1151824841905,109,462,0,0
678.1165342900937,7851,341,1,0
678.1610131499261,1390,46,0,0
678.194143317988,15,252,0,0
678.2188566313471,20,323,0,0
678.2446970471748,33,406,0,0
678.7839592237837,6,310,0,0
679.3735885832971,17,249,0,0
679.4451411591772,340,388,1,0
679.4683327433349,28,688,0,0
679.472891010583,5,108,0,0
679.4862782538063,56,246,0,0
679.4936091453022,43,180,0,0
679.5711895814264,419,295,0,0
679.5759387454897,30,445,0,0
679.655960393186,44,450,0,0
679.6724986832785,47,172,0,0
679.6735610842052,43,768,0,0
679.7335577407893,28,340,0,0
679.7725504422004,18,5810,0,1
679.8611633035658,9,299,0,0
679.864376533838,679,385,0,0
679.947325006398,361,285,0,0
679.9610964072218,92,35,0,0
679.9633674673742,9,293,0,0
680.1245581808281,5,768,0,0
680.1755330801353,1141,771,0,0
680.1766399304039,2131,155,0,0
682.2814165454613,10,783,0,0
682.4378463046553,345,277,0,0
682.4492487402979,34,330,0,0
682.4523517236269,11,154,0,0
682.4593753690903,15,228,0,0
682.4795124288228,13,183,0,0
683.1749046575676,14,159,0,0
683.1810389557514,5,468,0,0
683.1825561886068,16,528,0,0
683.1860456488306,2854,421,0,0
683.2016257519555,558,364,0,0
683.2021119200701,32,185,0,0
683.2076744832739,63,767,0,0
683.2157047923046,4,216,0,0
683.2633200486115,15,262,0,0
683.2675670855573,7,55,0,0
683.26921102568,10,685,0,0
683.2826124617524,14,87,0,0
683.2985967238291,49,11,0,0
683.3868634451437,121,87,0,0
683.4940388911475,27,415,0,0
683.5196426234584,12,113,0,0
683.5375068780754,137,699,0,0
683.5411805889537,7,299,0,0
684.0644076273929,172,243,0,0
684.1579394410377,27,170,0,0
684.161727417279,35,207,0,0
684.3941132881218,30,257,0,0
684.415905560024,1561,612,0,0
684.4199685657102,190,85,1,0
684.4236001948907,353,144,0,0
684.4359025796273,222,133,0,0
684.6483354465286,34,610,0,0
684.6796904958005,191,200,0,0
684.6883234075124,112,355,0,0
684.6940603122628,1382,250,0,1
684.6950707807381,20,545,0,0
684.7090438721168,70,227,0,0
684.7534557246197,47,282,0,0
684.7753528235378,1335,123,0,0
686.5245518294787,32,91,0,0
686.5389164315226,6,26,0,0
686.5441080098968,18,86,0,0
686.5449740643467,27,40,0,0
686.7186910528231,2124,88,0,0
686.7213417464083,96,109,0,0
686.7264791681922,9,282,0,0
686.7455156490146,11,355,0,0
686.8071936309932,17,392,0,0
688.57952525714,7925,267,1,0
688.5847268433652,12,264,0,0
688.5951921758669,37,389,0,0
688.5998548681882,190,314,1,0
688.6025474818927,700,4180,1,1
688.7435962470248,5,251,0,0
688.7892986306639,60,34,1,0
688.7947363121286,179,204,0,0
688.8103790753194,29,438,0,0
689.6293899140287,11,40,0,0
689.6536267295022,48,190,0,0
693.5832303251409,7,165,0,0
693.5890462215623,1271,203,0,0
693.5896828260335,8,121,0,0
693.5943923238377,10,775,0,0
693.6041669367677,7890,302,1,0
693.6116270630679,7,32,0,0
693.6163343403966,142,46,0,0
693.6331817165611,864,190,0,0
693.6387564211452,245,310,0,0
693.6398178590224,22,172,0,0
693.9759625830663,796,768,0,0
693.9799716302905,2222,213,0,0
694.0107507858883,5062,689,0,0
694.0124516225253,77,394,0,0
694.2801457383831,21,210,0,0
694.3382223065712,5,19,0,0
694.3389547750847,138,215,0,0
694.340877171399,2072,463,0,0
694.356504053869,230,767,0,0
694.3598958625985,57,242,0,0
694.3649939441619,130,166,1,0
694.3744463708263,472,7720,0,1
694.4405072727627,777,235,0,0
694.496991123775,21,327,0,0
694.5308981022018,104,123,0,0
694.5385295399549,6,12,0,0
694.5390689696721,41,605,0,0
694.5676804025233,16,181,0,0
694.5818173979827,333,272,0,0
694.6005910677643,1458,373,0,0
695.8964437124761,1628,188,0,0
695.9162360781355,6,620,0,0
695.9383298252587,14,33,0,0
696.0744088921161,19,121,0,0
696.0946759988705,35,71,0,0
696.1139253156111,40,181,0,0
696.2970187889276,34,277,0,0
696.4525431352641,10,195,0,0
696.4560781634442,100,206,0,0
696.4769667223579,11,269,0,0
696.4952417658355,27,3320,0,1
696.5013165096772,15,231,0,0
696.5025616160018,24,573,0,0
696.5031094684018,6,43,0,0
696.5208068729287,8072,120,1,0
696.5474732466716,44,620,0,0
696.9001679791088,7,265,0,0
696.9452787815864,28,321,0,0
696.9600100123654,899,28,0,0
696.9842118641171,258,515,0,0
697.0021028003945,144,442,0,0
697.0030321232008,15,532,0,0
697.0090752046029,63,362,0,0
697.0330919166106,191,519,0,0
697.0366720863616,576,729,0,0
697.0395369224417,200,266,0,0
697.0425483886942,11,233,0,0
697.0498994204808,53,157,0,0
697.0721130917871,15,117,0,0
697.1378320208762,157,767,0,0
697.141355318802,5,183,0,0
697.181242048076,14,264,0,0
697.1917798359597,34,234,0,0
697.285861871155,14,304,0,0
697.4164158493105,40,194,0,0
697.4314571760148,17,233,0,0
697.4389129805752,7954,238,1,0
697.4584741658084,288,715,0,0
697.4857554299195,1104,570,0,0
697.4877650040473,150,263,0,0
697.4958741800434,13,171,0,0
697.6007492213544,7,175,0,0
697.9103540060104,17,354,0,0
697.9229483274763,14,394,0,0
697.9538786905135,35,299,0,0
697.9919170198668,23,205,0,0
698.0073680804146,11,16,0,0
698.0456911258894,35,156,0,0
698.1009643358674,23,162,0,0
698.1085959677373,273,78,0,0
698.1637533307312,307,235,0,0
698.2058578776041,25,351,0,0
698.2089213051732,7,2110,0,1
698.2400467282625,30,31,0,0
699.8720755403016,40,363,0,0
699.878641266272,13,19,0,0
699.9097605446377,246,49,0,0
700.030615874296,6,148,0,0
700.090511140855,41,320,0,0
700.0922416889763,43,263,0,0
700.135733880292,330,67,0,0
700.156473629585,57,297,0,0
700.1634870836676,19,102,0,0
702.1353839928519,49,348,0,0
702.1468954713921,60,454,0,0
702.2808092935139,212,97,0,0
702.3161058068857,104,88,0,0
702.3209226250132,13,286,0,0
702.3228123630944,18,152,0,0
702.327829466999,6,432,0,0
702.3403902917737,63,767,0,0
702.349393575677,1474,120,0,0
702.6417377059889,25,12,0,0
702.7948596069592,24,330,0,0
702.7957955000985,4061,9,0,0
702.8309233152431,25,346,0,0
702.8336562731881,12,27,0,0
703.1662976685174,10,210,0,0
703.2016794542417,1034,769,0,0
703.2021678521284,14,339,0,0
703.6148958673614,455,290,0,0
704.7063875579543,97,574,0,0
705.0885243189359,18,215,0,0
705.0905653084158,61,215,0,0
705.0941577901378,20,235,0,0
705.0974499870568,1440,768,0,0
705.1465242462119,142,264,0,0
705.167062003571,15,470,0,0
705.1722201776671,49,229,0,0
707.2185384746325,80,158,0,0
707.2299777005146,45,119,0,0
707.2398626382978,4,407,0,0
707.2423445736953,14,733,0,0
707.2596586511598,349,33,0,0
707.259797316516,393,509,0,0
707.2666106006781,135,146,0,0
707.3333179414691,13,529,0,0
707.3838126734363,6,210,0,0
707.4579605790867,36,15,0,0
707.4689652860186,14,483,0,0
707.6697406986731,80,307,0,0
707.6800011472674,361,633,0,0
707.6902111885964,28,5040,0,1
707.8607003291372,273,561,0,0
708.0785796683342,202,145,0,0
708.2794161475983,47,767,0,0
708.2837524849467,61,622,0,0
708.289228915546,630,24,0,0
708.3047559055884,67,103,0,0
708.4101954046098,2326,163,0,0
708.6476088302725,5,604,0,0
708.6508560896006,55,72,0,0
708.9539557237624,30,445,0,0
708.960740553821,40,220,0,0
708.9676473218137,216,94,0,0
709.0673048393796,16,8176,0,1
709.0712450289315,472,22,0,0
709.9870611881053,58,320,0,0
710.0002201015845,5,291,0,0
710.0158627830816,92,572,0,0
710.1407829468787,11,213,0,0
710.1672651581116,1522,22,0,0
710.17495738712,23,232,0,0
710.3389842060067,42,111,0,0
710.4084101741731,16,194,0,0
710.4107572187154,29,53,0,0
710.4138111998041,79,619,0,0
710.5372909947687,28,91,0,0
711.8885468787764,7,247,0,0
711.8951427258219,158,360,0,1
712.320497272343,446,7140,0,1
712.3220996677186,101,578,0,0
712.342688306131,26,22,0,0
712.3730822024241,6,2990,0,1
712.3964073570577,43,334,0,0
712.4091192067117,41,399,0,0
712.417225049516,738,385,0,0
712.420282303647,9,135,0,0
712.8978041433459,10,109,0,0
712.901150646267,37,767,0,0
712.9114547128298,710,357,0,0
713.107813720505,26,5080,0,1
713.1134997286905,255,767,0,0
713.1158417162663,17,418,0,0
713.121561648939,70,302,1,0
713.1443060281846,180,3290,1,1
713.1587078028595,11,228,0,0
713.1814294409883,13,99,0,0
713.6196463128524,68,767,0,0
713.6386668965926,18,398,0,0
713.6627434602157,52,198,0,0
713.6843446736373,45,5,0,0
713.7097104582083,13,332,0,0
713.7346045108486,122,329,0,0
713.7439693262752,4,248,0,0
713.7448393958684,63,445,0,0
713.7456861629536,69,606,0,0
714.25540958598,38,227,0,0
714.2569905265162,179,464,0,0
714.481269456368,24,436,0,0
714.4823964752806,1356,174,0,0
714.5054059609055,16,89,0,0
714.5093481197829,32,595,0,0
714.5307299994738,24,129,0,0
714.7358425798869,16,625,0,0
714.7484272185853,57,165,0,0
717.1995891068675,15,596,0,0
717.1999542582353,400,600,1,0
717.2017240597838,324,676,0,0
717.2272209116999,439,461,0,0
717.2285618191106,8,175,0,0
717.2947963490849,348,105,0,0
717.3459240281171,12,315,0,0
717.351367877062,810,399,0,0
717.3549218781998,18,291,0,0
717.4086389929561,10,685,0,0
717.4305547260375,82,417,0,0
717.617099221588,1327,110,0,1
717.7790638742983,6,2040,0,1
717.79265620786,20,403,0,0
717.7968283954,19,83,0,0
717.8322777821176,22,248,0,0
717.8462175087232,39,468,0,0
718.1712747913086,27,648,0,0
718.1785272309206,14,87,0,0
718.3957925055895,14,267,0,0
718.4064269729366,6,19,0,0
718.4177599563866,5,258,0,0
719.1565941969175,8,618,0,0
719.1592474318225,385,107,0,0
719.1658158688459,77,372,0,0
719.1672247011683,37,637,0,0
720.9565907049927,10,112,0,0
721.1837930577819,5,142,0,0
721.2081313421063,13,403,0,0
721.5166581917946,9,194,0,0
721.5223984633532,6,269,0,0
721.8690021410229,1786,479,0,0
721.8936653737093,11,172,0,0
721.897416135192,60,595,0,0
722.0666260259443,16,242,0,0
722.5347255065163,21,187,0,0
722.5494675208943,2924,5,0,0
722.7079837346519,79,345,0,0
722.7153766405919,144,757,0,0
722.8817396206562,25,135,0,0
723.8239297764587,173,212,0,0
723.9216197682706,11,379,0,0
723.9404831238213,69,334,0,0
723.9466773121037,56,287,0,0
724.0625108350299,1679,768,0,0
725.2926527061979,60,1880,0,1
725.2929478509243,50,313,0,0
725.4289629219445,7,132,0,0
725.8740382112118,28,500,0,0
725.8770160979099,28,200,0,0
725.8784215198561,87,6880,0,1
725.9093691413269,7,587,0,0
725.9137176930429,1317,161,0,0
725.9137709685343,30,367,0,0
725.9153090983416,48,36,0,0
725.932804361704,7930,262,1,0
725.9722723556015,20,127,0,0
725.9877685641297,1675,10,0,0
725.9965527477498,20,756,0,0
726.0687627447696,45,226,0,0
726.0736191985537,126,129,0,0
726.8953493151242,14,37,0,0
726.9121915275235,4,440,0,0
726.9143496409899,9,207,0,0
726.9162704063518,563,598,0,0
726.9190856641071,9,358,0,0
726.9193568911746,6,431,0,0
726.9657017309096,8,86,0,0
726.9968455617604,257,768,0,0
727.0357783202247,260,264,1,0
727.059152538864,279,766,0,0
727.1788953673947,86,649,0,0
727.2006284885454,24,767,0,0
727.2022571149611,26,142,0,0
727.2948363302863,330,592,0,0
727.2974500341236,638,576,0,0
727.3485851273392,18,149,0,0
727.5690489557714,34,65,0,0
727.6394875679769,6,268,0,0
727.6395721691766,5,223,0,0
727.6478074164345,53,208,0,0
727.6757156023904,664,121,0,0
727.6890175149799,13,343,0,0
727.689277057829,1610,368,0,0
727.6982521743595,800,240,0,0
727.7008008172892,11,281,0,0
727.7370780779704,11,312,0,0
727.9228779444875,9,70,0,0
728.2272208745969,11,116,0,0
728.2548834576239,370,1110,0,1
728.2557886968749,14,219,0,0
728.2580865771564,4,150,0,0
728.2892140933345,5,10,0,0
728.3037127126648,16,316,0,0
728.8810778561974,20,374,0,0
728.9003716123502,28,78,0,0
728.9286580318162,54,155,0,0
728.9379059897537,55,24,0,0
729.8776613865483,1130,240,1,0
729.9017836969351,70,27,0,0
729.9538432937525,16,232,0,0
729.9969809246827,32,71,0,0
729.9975657167702,71,207,0,0
729.9981265299812,90,117,1,0
730.0475462651735,22,247,0,0
730.0489417653682,51,391,0,0
730.0506409472118,15,365,0,0
730.1203851401007,6,252,0,0
730.1255457280542,1555,43,0,0
730.1265954691428,15,115,0,0
730.1326237997545,25,163,0,0
730.1381470932072,102,204,0,0
730.1435051221529,30,505,0,0
730.1687103108361,404,34,0,0
730.2948534655266,62,42,0,0
730.3117239404054,125,786,0,0
730.3345292763735,3465,224,0,0
730.3733152778334,46,194,0,0
730.3878743604137,29,286,0,0
730.3890233850393,341,424,0,0
730.6370979802175,9,260,0,0
730.6486397549556,13,169,0,0
730.7063151887508,33,501,0,0
730.7073895662423,44,23,0,0
730.7410756302278,468,305,0,0
730.7493834308492,59,159,0,0
730.7816438937407,4750,20,1,0
730.9948494873202,81,527,0,0
731.3148321550427,11,361,0,0
731.3159416261205,213,450,0,0
731.3714480915363,40,174,0,0
731.393244601605,1880,350,1,0
731.3990879475124,11,30,0,0
732.7228123814712,37,550,0,0
732.7370112630579,17,195,0,0
732.7382697201583,52,20,0,0
732.7386369555475,442,527,0,0
732.7398246271084,24,39,0,0
732.7398933528664,1052,3190,0,1
732.757100015959,53,231,0,0
732.9353197414752,79,78,0,0
732.9633776851955,32,39,0,0
732.965592908819,30,408,0,0
732.9666104082661,25,237,0,0
733.1723843091195,136,359,0,0
733.1724458691676,24,250,0,0
734.0169977960699,41,391,0,0
734.0206772009578,7,215,0,0
734.0375404916674,6,182,0,0
734.0623194841567,570,261,0,0
734.162189025669,1001,623,0,0
734.2184891578945,1098,345,0,0
734.2251445883222,75,486,0,0
734.245147026811,63,2280,0,1
734.2480755451777,12,268,0,0
734.2706392215018,36,339,0,0
734.3290178140747,14,350,0,0
734.33093909682,70,181,1,0
734.6101692427648,21,359,0,0
734.6118165148872,21,307,0,0
735.675685375202,6,248,0,0
735.8084081547371,4,431,0,0
735.8102164372026,9,25,0,0
735.8566387731895,13,202,0,0
735.9731656248933,7967,225,1,0
736.1111239393049,10,224,0,0
736.1317881481913,144,11,0,0
736.1370485372041,180,158,0,0
736.1578705738902,15,417,0,0
736.1625094565316,74,333,0,0
736.1626669793081,11,701,0,0
737.0913751231292,37,39,0,0
737.1010868359605,1350,267,1,0
737.2633023019981,31,195,0,0
737.4764171656599,115,351,0,0
737.5057666180976,26,174,0,0
737.516338825661,1320,173,1,0
737.5174305517068,2560,124,1,0
737.5186575553388,150,96,1,0
737.519305465579,25,502,0,0
737.5319403854619,1582,115,0,0
737.5344860406196,47,408,0,0
737.5368516292604,26,248,0,0
737.5523890566828,91,94,0,0
737.5628377834782,31,513,0,0
737.5643357094449,34,357,0,0
737.5654303720272,63,3900,0,1
738.3766032582344,108,483,0,0
738.377259920432,40,12,0,0
738.3823751452319,180,181,1,0
738.4106931652389,59,757,0,0
738.4380489946154,10,3650,0,1
738.6415977383698,26,12,0,0
738.6606541089117,63,407,0,0
738.6659215684493,78,6,0,0
739.1278575584076,15,279,0,0
739.1530121147197,114,149,0,0
739.1760025050783,75,571,0,0
739.2374367340493,21,203,0,0
739.2595977231455,1069,305,0,0
740.4702108043191,9,168,0,0
740.4714987485584,135,267,0,0
740.5018603064033,975,470,0,0
740.9824774688441,67,447,0,0
740.9834992515564,23,538,0,0
740.990380653952,17,298,0,0
741.0133318304053,47,610,0,0
741.0263547703729,19,198,0,0
741.0354422850892,977,360,0,1
741.0366545827237,77,345,0,0
741.0479823911638,156,754,0,0
741.056572400309,191,271,0,0
741.0584183070689,5,363,0,0
741.0745239230639,4,300,0,0
741.0775310335707,2224,572,0,0
741.0996619853302,838,243,0,0
741.1025314207586,116,337,0,0
741.1549023053695,7,213,0,0
741.1555181856961,56,554,0,0
741.1826074886544,44,217,0,0
741.2237797213987,74,560,0,1
741.2283624518814,119,530,0,0
741.2353426088123,35,764,0,0
741.2821406863146,131,243,0,0
741.6162098534103,9,301,0,0
741.6373744308904,1124,95,0,0
741.6513045297279,28,684,0,0
741.7049805603482,21,22,0,0
741.7054425350287,11,280,0,0
741.7085032385929,81,18,0,0
741.7442541658712,95,169,0,0
742.5277470743274,1218,769,0,0
742.5719533494447,1676,767,0,0
742.7391557294525,6080,767,1,0
742.7436193376351,161,142,0,0
742.7489022652536,159,241,0,0
744.5669790098542,285,301,0,0
744.5768940492177,26,213,0,0
744.5772546531948,242,70,0,0
744.583410901718,525,173,0,0
744.6246614914079,12,185,0,0
744.6292028509242,33,452,0,0
744.6571391928821,8,354,0,0
744.7354665360274,2430,184,1,0
745.4152500065987,2259,501,0,0
747.8890393451852,3675,171,0,0
748.131717136431,222,614,0,0
748.3119568049855,326,45,0,0
748.3389050071086,109,34,0,0
748.3508361048297,778,321,0,0
748.6532957784212,29,230,0,1
748.6889914786054,185,771,0,0
748.7488898864707,28,157,0,0
748.7946922670997,619,633,0,0
749.1645059801724,110,485,1,0
749.168097600256,23,627,0,0
749.170753409526,18,333,0,0
749.1774375237765,12,234,0,0
749.1778562588781,16,426,0,0
749.2188525133395,260,73,1,0
749.2253161067104,44,366,0,0
749.2994835859698,20,325,0,0
749.3807721725791,225,311,0,0
749.3843723750057,50,88,1,0
749.4233152242966,48,541,0,0
749.4254400105235,23,255,0,0
749.4350211390858,217,767,0,0
749.4378862645867,177,121,0,0
749.4385818763861,7,198,0,0
749.537833314141,5,254,0,0
749.5511673285648,232,428,0,0
749.5621359624827,86,494,0,0
749.6153822465095,29,265,0,0
749.7021110861701,371,186,0,0
749.7080783947425,65,337,0,0
749.7968750714987,116,382,0,0
749.8153121521975,5,151,0,0
749.8220223858913,54,338,0,0
749.8360146516409,371,186,0,0
749.8532852640371,580,13,1,0
750.6856905169858,7,21,0,0
750.7087471862109,364,342,0,0
751.0144049445952,9,254,0,0
751.1101476898949,62,139,0,0
751.1105207527036,110,194,0,0
751.1286752386095,9,342,0,0
751.1711919943659,4,155,0,0
751.1772341001406,71,769,0,0
751.1837861297325,10,2410,0,1
751.1929721775706,38,322,0,0
751.2809211136765,32,252,0,0
751.3229746987049,110,343,1,0
751.3233627094935,23,215,0,0
751.3308675855287,28,320,0,0
751.3311178124919,120,22,1,0
751.3653650114651,8,107,0,0
751.4910282079979,18,152,0,0
751.4945129943859,303,192,0,0
752.0551400379886,1000,225,0,0
752.0560606425038,60,193,0,0
752.1005383006047,13,330,0,1
752.1711347823259,5250,173,1,0
752.1742336216034,37,459,0,0
752.1927184130261,90,202,0,0
752.2261415150509,38,672,0,0
752.5558109528122,247,345,0,0
752.5583649976197,173,56,0,0
752.5904773459637,55,544,0,0
752.594824499818,119,124,0,0
752.7915103698733,39,160,0,0
752.8292489443825,72,767,0,0
752.8392562654443,28,65,0,0
753.0195619456996,270,330,0,0
753.0562723869483,6,253,0,0
753.0605623813971,13,467,0,0
753.06249161105,387,3200,0,1
753.0643719458337,351,101,0,0
753.086442259307,530,1360,0,1
753.0881674016965,119,265,0,0
753.0897939988879,192,368,0,0
753.0919613104446,573,4,0,0
753.1349906208325,28,280,0,0
753.1377605433054,151,427,0,0
753.1998564760463,14,2930,0,1
753.272688451317,1903,460,0,0
753.2735861441529,33,610,0,0
753.2972010819724,18,420,0,0
753.3325464011572,58,342,0,0
753.3383615693695,2110,241,1,0
753.4946073630621,9,76,0,0
753.5076869079767,322,704,0,0
753.513461435241,10,251,0,0
753.5150426057221,582,7610,0,1
753.5366333567875,30,5810,0,1
753.5875577747196,777,417,0,0
753.5895579278102,957,372,0,0
753.5901948222022,4,39,0,0
753.5927931151999,10,26,0,0
753.5970390109568,29,32,0,0
753.617626082453,8,37,0,0
753.6345065869294,7,104,0,0
753.635230857775,33,92,0,0
753.6365138223351,34,3570,0,1
753.6442938052411,3110,174,0,0
753.6586633005933,1000,204,1,0
753.6782924662234,16,272,0,0
753.7108526749049,1569,271,0,0
753.7123098737065,439,292,0,0
753.8558687646723,89,2770,0,1
753.8590202646579,80,691,0,0
753.8593052428635,27,296,0,0
753.864899377106,16,424,0,0
753.8903492390414,8,38,0,0
754.363998342342,247,345,0,0
754.7171641118592,40,308,0,0
755.3388405226797,292,687,0,0
755.3666557038529,21,64,0,0
755.3681624467903,72,295,0,0
755.8647431997672,20,21,0,0
756.0591849977353,45,243,0,0
756.0895573086211,75,571,0,0
756.2597609553414,13,130,0,0
756.2663061115555,11,259,0,0
756.2666814308641,11,120,0,0
756.273418265921,24,573,0,0
756.2877475002979,575,148,0,0
756.2931880140579,52,333,0,0
756.3051532405455,10,2510,0,1
756.3091172861492,110,426,0,0
756.4168354176818,7,143,0,0
756.5425540822283,118,494,0,0
756.5635599381008,62,76,0,0
757.0588904385351,44,9,0,0
757.069603433403,22,491,0,0
757.1529350477334,10,248,0,0
757.1869041154255,73,20,0,0
757.2409688859772,13,6130,0,1
757.4171970714922,17,1340,0,1
757.5025259736501,15,213,0,0
757.5645983188995,54,37,0,0
757.565948533327,317,275,0,0
757.6727067882526,65,372,0,0
757.7513852007069,80,417,1,0
757.8278894496617,57,373,0,0
757.959878273671,30,39,0,0
757.9619870274556,35,267,0,0
757.9982702206345,1972,390,0,0
758.0514537582449,110,226,0,0
758.0535061748249,22,135,0,0
758.0583257624397,48,4250,0,1
758.3950213233048,13,473,0,0
758.4112320493515,131,367,0,0
758.4161642389604,394,441,0,0
758.4527779542485,94,94,0,0
758.4616823229532,2059,59,0,0
758.4705206927604,33,169,0,0
758.4797391346009,61,756,0,0
758.4981181535153,21,153,0,0
758.5029151629785,52,198,0,0
758.544473467667,617,230,0,0
758.6162353182111,144,527,0,0
758.6295590391484,67,200,0,0
758.6391149830049,15,106,0,0
758.6394724271039,11,2800,0,1
758.8749390040933,7,255,0,0
758.8949536744119,66,4870,0,1
758.9189335184062,1605,692,0,0
758.9233915906444,171,433,0,0
759.609936136406,63,279,0,0
759.7696287358999,50,237,0,0
759.7906667457785,32,419,0,0
759.8280615615467,1302,292,0,0
759.9617400671959,13,685,0,0
759.97980968553,16,28,0,0
759.9827171859172,7,1900,0,1
759.9980986023378,56,56,0,0
760.0543789815919,20,137,0,0
760.0744605727444,8,172,0,0
760.095524115639,4,58,0,0
760.2893335199444,138,130,0,0
760.3280893501724,85,249,0,0
760.3294590726906,10,58,0,0
760.348659831085,732,362,0,0
760.4864348692354,23,211,0,0
760.4867081048903,17,286,0,0
760.5817049870617,32,158,0,0
760.5819223612492,784,633,0,0
761.0258500117291,21,92,0,0
761.0506641738714,12,86,0,0
761.0597569785875,73,72,0,0
761.0829328086012,7,2180,0,1
761.1165902022015,182,31,0,0
761.1201628210425,15,354,0,0
761.1410097176856,1299,258,0,0
761.1460780769029,19,734,0,0
761.2208818350404,1455,278,0,0
761.2499451168406,37,393,0,0
761.6621502725534,12,379,0,0
761.8171286382936,8,198,0,0
762.6704308209422,2573,224,0,0
762.67109060755,20,108,0,0
763.0649784165281,10,605,0,0
763.0696317340872,13,22,0,0
763.0812937358991,5,8,0,0
763.1253385980026,56,235,0,0
763.1281695757626,25,193,0,0
763.1465395949175,270,280,0,0
763.1596291515689,24,278,0,0
763.1609565210447,20,416,0,0
763.2039460398864,23,257,0,0
763.2053230098014,16,532,0,0
763.2293939941425,14,44,0,0
763.2733801304303,11,66,0,0
763.2964298909542,260,174,1,0
763.2980365357467,13,279,0,0
763.2989716993993,208,379,0,0
763.3267021688129,13,2220,0,1
763.815073163005,6,277,0,0
763.9190018585305,39,87,0,0
763.9247104003479,12,73,0,0
763.9800218972288,10,238,0,0
764.2307792555823,360,61,0,0
764.2823296769694,16,220,0,0
764.4043451637793,19,81,0,0
764.4616825417609,9,236,0,0
764.4638311132866,27,257,0,0
764.502229394995,28,284,0,0
764.6492472755656,983,178,0,0
764.6856432496357,17,89,0,0
764.6856804287297,42,236,0,0
764.6857306317648,19,137,0,0
765.3087738110654,13,672,0,0
765.6505700921448,19,120,0,0
765.6919669422688,59,215,0,0
765.6959384671065,103,695,0,0
768.3618474318704,513,142,0,0
768.3641012582909,17,97,0,0
768.3642967956305,487,108,0,0
768.6313716960817,6,99,0,0
768.6779899817664,8,261,0,0
768.8238867843291,9,225,0,0
768.838851152762,306,174,0,0
768.8407243407765,17,76,0,0
768.843163112207,15,65,0,0
768.8434834085134,31,220,0,0
768.8553361282278,16,18,0,0
768.8607900077615,2390,467,1,0
768.872006794048,15,470,0,0
768.9632444086324,772,267,0,0
768.9938244736231,321,188,0,0
768.9954201374462,11,79,0,0
769.0135587231083,82,144,0,0
769.0436345792269,34,166,0,0
769.4473645368855,8021,171,1,0
769.4535739289673,18,346,0,0
769.5511513757298,11,206,0,0
769.5553497753868,573,4,0,0
769.6229874345474,2213,40,0,0
769.654049037879,32,359,0,0
769.6604806065445,58,299,0,0
769.6617877201418,9,186,0,0
769.6694022497427,17,264,0,0
769.6825055756854,9,56,0,0
769.6940373942588,23,177,0,0
769.7055821642859,31,349,0,0
769.7094847004402,28,526,0,0
769.8289562961672,97,26,0,0
769.8319826745804,19,307,0,0
769.8530006853808,17,362,0,0
770.4274171931474,19,311,0,0
770.4335329152268,7,282,0,0
770.4368662866542,28,333,0,0
770.4377414502408,4,142,0,0
771.790964708716,943,687,0,0
771.803001406576,474,474,0,0
771.8056562146024,12,429,0,0
771.8110889618658,11,169,0,0
771.8255828115608,141,159,0,0
771.984325289016,480,1370,1,1
772.0209426089801,181,320,0,0
772.0213311541513,171,424,0,0
772.0414711905124,10,281,0,0
772.0415778344943,48,270,0,0
772.0425609077957,100,218,0,0
772.0463876759684,15,767,0,0
772.0552819473606,10,4970,0,1
772.4939116334131,307,502,0,0
772.518194029918,28,770,0,0
772.5473879991875,225,380,0,0
772.5508330512401,13,1840,0,1
772.6284510179539,18,295,0,0
772.6317527036631,10,39,0,0
772.6341961511997,60,118,0,0
773.370473412089,152,364,0,0
773.3775971712821,136,121,0,0
773.3780022385967,64,33,0,0
773.5067550904121,95,241,0,0
773.5082581771469,20,193,0,0
773.5432560453297,260,692,1,0
774.0468159429981,121,48,0,0
774.0797925718063,19,203,0,0
774.0953285510814,12,42,0,0
774.1267581337158,7,315,0,0
774.1330260717718,8,177,0,0
774.1433871443417,30,289,0,0
774.4292011140528,26,9,0,0
774.4310986309887,20,289,0,0
774.4489658446333,360,589,0,0
774.4624965620709,20,23,0,0
774.4654074059134,10,507,0,0
774.4702273505849,11,34,0,0
774.4705286678843,41,287,0,0
774.4811781168423,4,64,0,0
774.5223184956009,123,268,0,0
774.5257550378556,16,240,0,0
774.5848184135389,7,139,0,0
774.5948892489971,6,285,0,0
774.6150460819972,64,256,0,0
774.6168101462853,116,479,0,0
774.6186466564284,49,151,0,0
774.6229604472346,60,370,1,0
774.6335480029721,14,324,0,0
774.6372098179837,625,140,0,0
774.7866906974531,1358,333,0,0
774.8770732063965,138,544,0,0
774.8825573974841,50,206,1,0
774.8886661248854,22,84,0,0
774.908971235758,26,1520,0,1
774.9307028935692,80,112,0,0
775.0677835814895,59,760,0,1
775.3294057498886,70,274,1,0
775.4233496421558,6,207,0,0
775.4411280556349,1077,575,0,0
775.4577645499743,32,395,0,0
775.5251683743624,1831,31,0,0
775.5303211500134,23,22,0,0
775.7167154985301,24,1290,0,1
775.7490187289679,10,408,0,0
775.7499014505646,593,47,0,0
776.0372968719097,220,153,1,0
776.1116599236253,21,374,0,0
776.3358568800517,9,268,0,0
776.3453513323254,80,194,1,0
776.3479234653778,276,305,0,0
776.3486099294694,861,337,0,0
777.8636884490503,109,85,0,0
777.9337703108498,65,240,0,0
777.9353940221828,22,477,0,0
777.9389759189743,14,552,0,0
777.9421420071924,23,411,0,0
777.957966992566,403,273,0,0
777.9700997785841,620,199,1,0
777.9754128904816,21,4500,0,1
777.9836551629318,1353,361,0,0
777.988770433424,28,298,0,0
778.052295741394,8,246,0,0
778.0573928740178,12,102,0,0
778.0599188933054,43,138,0,0
778.1406444461519,12,272,0,0
778.1542169785213,120,194,1,0
778.1725225682482,16,545,0,0
778.1787006483172,13,187,0,0
778.2454616906189,289,761,0,0
778.2464319946333,577,177,0,0
778.2552524871456,240,110,1,0
778.3396173701806,5,69,0,0
778.3743840652436,454,509,0,0
778.3764735734517,489,599,0,0
778.3965201852527,15,381,0,0
778.4606433032094,9,217,0,0
778.7830691285676,52,334,0,0
778.7877647836447,16,1890,0,1
778.7905808215487,21,131,0,0
778.8067791073552,10,5280,0,1
778.8146102343446,32,430,0,0
778.8356512421957,11,186,0,0
778.8370884262022,4868,122,0,0
778.8390763914019,7260,345,1,0
778.8414831048747,29,4000,0,1
778.9236858685956,23,155,0,0
778.955092621121,23,180,0,0
778.968082210016,56,363,0,0
779.0454278265197,12,377,0,0
779.4757253466615,28,515,0,0
779.4775212807324,180,703,1,0
779.6324874478219,31,325,0,0
779.6354450921611,7,21,0,0
779.6521902978052,109,26,0,0
779.7290321339165,74,308,0,0
779.7306767179049,10,370,0,0
779.9408126906542,15,358,0,0
780.036612003036,34,30,0,0
780.050348779272,137,84,0,0
780.2699235266521,19,120,0,0
780.2736059579748,9,232,0,0
780.3333778857511,42,48,0,0
780.335349999438,40,767,0,0
780.3423012285682,10,273,0,0
780.3447708413386,77,459,0,0
780.3493008871621,910,424,1,0
780.4657534624586,2016,751,0,0
780.4662981187895,9,232,0,0
780.4731579719033,642,130,0,0
780.6693525488262,29,771,0,0
780.7482073392823,39,186,0,0
780.7571455986802,390,186,1,0
780.7769875961912,65,17,0,0
780.8125398450393,100,237,0,0
780.8148802894426,7,164,0,0
780.8236385484906,810,215,1,0
780.8916921959985,13,305,0,0
781.3758229150546,10,528,0,0
781.392910577085,124,44,0,0
781.6480769473422,17,568,0,0
781.7436505518947,49,22,0,0
781.7448237395829,18,153,0,0
781.8078316294159,37,457,0,0
781.8090703066641,1686,422,0,0
781.8123007335782,10,92,0,0
781.8621416050581,14,75,0,0
781.8855726727493,8,350,0,0
781.920874884744,7,278,0,0
782.048421872412,8,600,0,0
782.0580879211338,11,28,0,0
782.0607692737439,12,62,0,0
782.0803270908685,2568,240,0,1
782.0895031987972,922,7270,0,1
782.0907948859909,6810,279,1,0
782.1470312872783,5,21,0,0
782.1700503591994,756,389,0,0
782.1866212603202,15,52,0,0
782.2015363591627,9,83,0,0
782.2469302328558,23,186,0,0
782.2478140642618,382,463,0,0
782.3511128558865,538,112,0,0
782.3597508270153,329,768,0,0
782.3642810403732,40,314,0,0
782.3643396141532,15,209,0,0
782.379457362203,1360,484,1,0
782.4786991063294,160,464,1,0
782.4795227041612,65,112,0,0
782.4832680780692,110,280,1,0
782.4914177934501,28,11,0,0
782.4963972588664,628,127,0,0
786.5828869836715,54,474,0,0
786.6038420431607,37,511,0,0
786.6312853078795,26,200,0,0
786.6346429149075,125,718,0,0
786.636190438211,85,355,0,0
786.6582106939206,17,435,0,0
786.68403428341,31,220,0,0
786.6844321759779,20,63,0,0
786.7085658490332,303,92,0,0
786.9236306356535,8,112,0,0
786.9247641326332,194,132,0,0
786.9303523875553,57,3770,0,1
787.5873473794119,52,112,0,0
787.6093257690619,7,156,0,0
787.8057160111218,17,5,0,0
787.8107701255548,638,123,0,0
787.8451113830914,25,676,0,0
787.8499433183382,19,150,0,0
787.8626823981645,24,399,0,0
788.1573367463791,8,140,0,0
788.4187022218928,929,66,0,0
788.4225738736003,35,249,0,0
788.9402157659683,48,261,0,0
788.9832610552083,29,266,0,0
789.0096266643627,1777,182,0,0
789.0388006774939,6,460,0,0
789.0561507051514,20,129,0,0
789.0671275319502,232,161,0,0
789.0701408301052,41,601,0,0
789.0709143372025,22,25,0,0
789.0727696449125,538,112,0,0
789.0833219892337,281,276,0,0
789.0995490622979,1817,230,0,1
789.1029769255827,6,68,0,0
789.1055291393778,23,461,0,0
789.1078742243934,28,153,0,0
789.1115465094819,16,830,0,1
789.1812260873328,38,28,0,0
790.2190629175344,15,525,0,0
790.3309889374015,49,411,0,0
790.3930451150698,2945,347,0,0
790.411825277368,14,198,0,0
790.4165908034291,18,83,0,0
790.4322139619912,2500,116,0,0
790.4675496517685,197,102,0,0
790.4681602621014,252,36,0,0
790.4788500151765,1755,268,0,0
790.5235533458865,37,53,0,0
793.628644518175,183,331,0,0
793.6323772603608,2031,257,0,0
794.0054484870623,91,301,0,0
794.1493373272615,300,410,1,0
794.3753861378116,70,22,1,0
794.4757463830078,19,200,0,0
795.2184946256635,43,364,0,0
795.2208004232983,1881,189,0,0
795.2324955860281,838,783,0,0
795.2807032392396,410,162,1,0
795.3087978096854,7,487,0,0
795.315399057444,46,4450,0,1
795.3167673163437,197,106,0,0
795.3294236189772,11,184,0,0
795.4246723967254,293,389,0,0
795.5157475171375,33,239,0,0
795.5165220154443,38,64,0,0
795.6598548234211,15,148,0,0
795.8193861120373,42,23,0,0
795.8194211162597,1380,395,0,0
795.8196478192993,1544,462,0,0
795.8224380490232,35,441,0,0
795.8331459482633,25,258,0,0
796.3468179749975,220,23,1,0
796.3574039010315,15,76,0,0
796.3677587252848,22,2670,0,1
796.371111918369,16,205,0,0
796.5539506519318,19,351,0,0
797.3853876040239,16,194,0,0
797.4053924405962,13,158,0,0
797.4350667898641,69,259,0,0
797.45944678206,30,330,0,0
797.4646051847626,47,406,0,0
797.4700084365435,10,281,0,0
797.4991519170328,247,327,0,0
797.5068591942155,67,767,0,0
797.5954752510506,9,232,0,0
797.660026148417,11,214,0,0
797.6606817486605,30,475,0,0
797.731698301001,521,858,0,0
797.8055913620506,127,5200,0,1
798.0141630910902,60,13,0,0
798.0233063825144,1514,167,0,0
798.0344119571007,219,154,0,0
798.0387835964469,10,367,0,0
798.1864141684982,8,3150,0,1
798.2184776592195,11,765,0,0
798.2956061505787,16,96,0,0
798.3130895434037,2213,2510,0,1
798.4071870421501,249,254,0,0
798.4825213635694,92,132,0,0
798.701591226279,8,124,0,0
798.8841072277766,15,1930,0,1
798.8862166758701,35,517,0,0
798.9197930214297,15,262,0,0
798.9363434618044,241,294,0,0
798.9396063112478,41,98,0,0
798.9429485223551,14,29,0,0
799.0633514695055,797,335,0,0
799.087930843078,24,207,0,0
799.1991448726151,146,1280,0,1
799.2033405215724,16,35,0,0
799.4905181361643,213,143,0,0
799.4935775364019,1419,42,0,0
799.5469335604251,37,457,0,0
799.5514539874505,15,362,0,0
799.6015202933316,13,22,0,0
799.6109933336534,25,373,0,0
799.630999732994,107,231,0,0
799.6421116599496,970,781,1,0
799.656947574689,52,149,0,0
799.6569601112378,12,258,0,0
799.6666336841481,30,350,0,0
799.6758601329815,3031,775,0,0
800.0471130144488,926,256,0,0
800.4531308871059,63,251,0,0
800.4630896425377,17,91,0,0
800.4651275909705,144,241,0,0
800.494578661611,1730,154,1,0
800.5992722277937,14,86,0,0
800.8624441452511,10,250,0,0
800.9160497257485,46,182,0,0
800.9359345450163,16,89,0,0
801.4037992865885,29,180,0,0
801.4038957382795,384,193,0,0
801.4603921602763,12,327,0,0
801.4620400974513,251,224,0,0
801.473480581813,18,194,0,0
801.476357075577,71,140,0,0
801.4960455239531,26,294,0,0
801.5083922706315,31,90,0,0
801.5086821405479,1950,649,0,0
803.6048372643728,215,520,0,0
803.6203868531978,14,191,0,0
803.6217344461543,36,47,0,0
803.8694095736251,529,321,0,0
803.876297819536,11,252,0,0
803.8796463511964,33,67,0,0
803.9800222147659,39,331,0,0
805.9492715700815,87,431,0,0
805.9704217570451,99,178,0,0
805.9983944934049,311,234,0,0
806.0565579013395,26,14,0,0
806.1519195013682,149,140,0,0
806.1717136392487,105,589,0,0
806.3344754635857,9,322,0,0
806.3996433053057,24,356,0,0
806.400394868087,14,75,0,0
806.4377791041609,41,294,0,0
806.6598642558434,3004,622,0,0
806.6824198083215,1585,272,0,0
806.7108306315349,52,440,0,0
806.7133776385107,9,27,0,0
806.8714780998768,410,305,1,0
806.8833343661059,7423,769,1,0
806.9011037313893,670,84,1,0
807.0573268581802,12,332,0,0
807.0915223762537,114,86,0,0
807.093219231849,26,232,0,0
807.112325294962,18,78,0,0
807.1432881582405,102,31,0,0
807.1436332178176,40,376,0,0
807.1568695120251,206,84,0,0
807.1580588776759,9,55,0,0
807.2472188170556,85,249,0,0
807.2474653129226,633,767,0,0
807.264625429216,4672,251,0,0
807.2956728877429,10,267,0,0
807.3234435249966,57,556,0,0
810.1604599026898,23,669,0,0
810.1977063441791,12,465,0,0
810.2219261315022,616,99,0,0
810.2298592896094,1630,349,1,0
810.4887312563435,15,130,0,0
810.4897078834364,9,60,0,0
810.5104379698289,2792,580,0,0
810.5741164254159,11,293,0,0
810.5906668358068,178,263,0,0
810.5948508120555,2168,305,0,0
810.5971681853556,26,183,0,0
810.6101299256327,34,286,0,0
810.6403889683854,844,276,0,0
810.6443479524415,933,676,0,0
810.6635827484737,84,76,0,0
810.6750076190125,42,173,0,0
810.6878677945462,11,211,0,0
811.0136747997151,52,315,0,0
811.0247228494684,497,399,0,0
811.0341318451594,37,52,0,0
811.0366477279421,107,53,0,0
811.0917230229004,330,409,1,0
811.2018270758527,7,54,0,0
811.2358483594209,26,127,0,0
811.2417163945729,188,243,0,0
811.2634356538348,58,285,0,0
811.7957399329333,13,6200,0,1
811.9090858149916,10,199,0,0
812.0168842652212,14,108,0,0
812.0689970389795,64,68,0,0
812.0950414233168,14,143,0,0
813.103733437797,5,101,0,0
813.1370086017683,187,78,0,0
813.1450122742921,43,25,0,0
813.1466036797502,57,266,0,0
813.1489024474735,216,195,0,0
813.1496910396887,2861,61,0,0
813.1735827051173,24,28,0,0
813.2167434080546,450,389,1,0
813.4389674048095,39,247,0,0
813.4975707683269,56,182,0,0
813.5001566361304,504,918,0,0
814.1992787685606,71,434,0,0
814.2268821254078,1300,305,1,0
814.2612716458773,37,288,0,0
814.2808814108354,13,257,0,0
814.2948695393225,6,87,0,0
814.3064089140427,5,84,0,0
814.3196502084799,37,184,0,0
814.4554610125272,35,136,0,0
814.4596407186793,14,161,0,0
814.4731414978571,11,128,0,0
814.4895376590683,95,74,0,0
814.4903464270276,160,121,1,0
814.4956887711176,880,14,0,0
814.4962376989466,17,397,0,0
814.529722958902,32,235,0,0
814.5979667443283,5,679,0,0
814.6005489877075,12,173,0,0
815.2323423909271,7981,211,1,0
815.281119368109,3267,424,0,0
815.2921510683019,25,11,0,0
815.2961650418202,99,298,0,0
815.6767267248539,433,374,0,0
815.6920072907379,470,695,1,0
815.702806762325,940,166,0,0
815.7061162568771,54,442,0,0
815.733146090869,26,292,0,0
815.7385664939994,12,93,0,0
815.752559595943,5,164,0,0
815.7568851304889,132,60,0,0
815.784646220089,24,90,0,0
815.8183376511156,91,7,0,0
815.8950510066587,12,446,0,0
815.8989687341214,19,750,0,0
817.8553801177712,53,264,0,0
817.8554230580024,1139,662,0,0
817.92073511276,46,50,0,0
817.9582109314167,36,553,0,0
818.0533558844071,137,256,0,0
818.0561536607075,955,960,0,1
818.062504021648,24,303,0,0
818.0629861649995,17,213,0,0
818.3814431350539,11,27,0,0
818.3885066681768,14,116,0,0
818.3891266612085,1343,381,0,0
818.3891981445388,25,314,0,0
818.3988414795949,8,23,0,0
818.4004676953891,121,238,0,0
818.4015279857306,10,142,0,0
818.4223256558411,8,271,0,0
818.4271784225735,33,452,0,0
818.4981596815073,15,4520,0,1
818.514784660398,10,153,0,0
818.5187109999977,619,633,0,0
818.5343780674962,64,279,0,0
818.5745453294805,13,71,0,0
818.6904526248353,8114,78,1,0
818.7154068428073,221,296,0,0
818.7423271714939,2474,29,0,0
818.7465239111732,56,320,0,0
818.7798133305001,22,74,0,0
818.7805855747245,129,314,0,0
818.7938218135542,106,980,0,1
818.8220481131445,37,184,0,0
818.8246710553943,173,8,0,0
818.8266878504979,26,248,0,0
819.1222812494675,1750,35,0,0
819.1307250365307,95,506,0,0
819.1453369663806,15,234,0,0
819.1501233836809,41,340,0,1
819.160725340974,10,227,0,0
819.1623862464813,41,669,0,0
819.1644973392647,77,396,0,0
819.1670038653551,15,385,0,0
819.1876455627361,67,403,0,0
819.2003561420853,38,107,0,0
819.8161769342886,38,106,0,0
819.8355856787406,359,496,0,0
819.8364748990864,45,647,0,0
819.9158651542291,22,40,0,0
819.933919527728,22,235,0,0
820.2266533170226,1294,557,0,0
820.2638808069366,42,521,0,0
820.3446683679015,13,85,0,0
820.3882079273642,1087,157,0,0
820.5276212251407,35,37,0,0
820.5351837719616,15,100,0,0
820.5744962034906,98,14,0,0
820.6365406499076,68,305,0,0
820.6371477216921,57,91,0,0
820.667762144697,17,674,0,0
820.6771481083898,41,153,0,0
820.6773885990895,2234,610,0,0
820.6778551855009,1330,544,0,0
821.0242902078652,75,537,0,0
821.0305205177799,135,92,0,0
821.031958504066,7,226,0,0
821.1216123443359,15,79,0,0
821.2217339289436,12,357,0,0
821.2283539357048,11,268,0,0
821.2311764357789,29,397,0,0
821.233101882682,130,697,0,0
821.2414853753295,110,230,0,0
821.2432594132013,9,134,0,0
821.4728257874833,6,26,0,0
821.5234287693852,947,405,0,0
821.7995224107146,36,49,0,0
821.808845499109,17,344,0,0
822.6757986585932,16,603,0,0
822.678490131844,609,501,0,0
822.6788792985478,48,81,0,0
822.7063211059806,150,341,1,0
822.7582434077316,17,234,0,0
822.7624003900933,20,434,0,0
822.7685664689102,18,650,0,1
822.8176100261584,22,94,0,0
822.8229288161715,10,238,0,0
822.8266606375917,128,87,0,0
822.8766703867814,552,97,0,0
822.8781431973239,85,515,0,0
822.8805467165118,5,27,0,0
822.8954688854313,1051,512,0,0
822.9230667579847,11,31,0,0
823.2004938544524,31,842,0,0
823.2011942649808,10,139,0,0
823.2127877630883,728,796,0,0
823.2246767259794,8,213,0,0
823.232742002651,15,223,0,0
823.2630075622959,36,293,0,0
823.2796178308486,7,62,0,0
823.2809275662146,5,142,0,0
823.3532431722954,883,4,0,0
823.3568268810267,6,179,0,0
823.5359007044235,59,124,0,0
823.5377102078772,18,380,0,0
823.593888198064,186,584,0,0
823.6002162278464,307,341,0,0
823.6057046963383,6,49,0,0
823.8011939628449,41,272,0,0
823.837196971466,156,317,0,0
823.8455561300982,1836,152,0,0
824.0586564177177,372,3130,0,1
824.0635299433766,6,87,0,0
824.0778922583078,3083,562,0,0
824.1306067121616,19,272,0,0
824.1484318825873,1092,111,0,0
824.1572979335092,12,285,0,0
824.1839181102916,6,57,0,0
824.1914802195118,285,767,0,0
824.1982943564317,12,2400,0,1
824.1985343209365,374,368,0,0
824.9235019188559,9,97,0,0
824.9341359363385,10,45,0,0
824.9419531414379,35,79,0,0
825.6643436626429,45,32,0,0
825.6864601861381,44,406,0,0
825.6978220114439,11,252,0,0
825.9435877297389,9,236,0,0
826.0919629962024,28,473,0,0
826.0951453462906,37,474,0,0
826.137862389843,47,189,0,0
826.3022019585064,35,468,0,0
826.4251805424417,4,4430,0,1
826.4939084389471,12,264,0,0
826.4943337476989,6,23,0,0
826.4979919608002,430,264,0,0
826.509392828368,6,335,0,0
826.5420373041883,56,194,0,0
826.5487399103439,14,284,0,0
826.5519741362168,17,56,0,0
826.5697105228453,8,190,0,0
832.3521202649079,127,433,0,0
832.3688875640051,11,271,0,0
832.4348503963361,9,220,0,0
832.5181862897234,333,302,0,0
832.6029509644275,231,254,0,0
832.6185162218944,259,323,0,0
833.5537806633328,16,332,0,0
833.5546470403617,5,143,0,0
833.5571545395464,547,468,0,0
833.5835600508792,31,515,0,0
833.6305139947729,9,265,0,0
833.7550263066075,11,29,0,0
833.7991228874195,6,42,0,0
833.8018968680361,113,28,0,0
833.8100251563172,39,435,0,0
833.8217317979007,104,397,0,0
833.8412783192166,22,220,0,0
833.9127589045943,11,369,0,0
833.9151668250198,17,216,0,0
833.9187276139758,34,700,0,1
833.9363742350776,15,133,0,0
833.9394213212211,85,655,0,0
834.0949792044361,22,768,0,0
834.0975891406719,14,95,0,0
834.1027047686645,745,291,0,0
834.1272533861431,13,630,0,0
834.1276155454458,15,583,0,0
836.203894765721,266,137,0,0
836.2051527026017,448,133,0,0
836.2168915377647,11,251,0,0
836.2223631322595,105,589,0,0
836.2239487356916,17,249,0,0
836.2249498608404,20,368,0,0
836.231601357721,12,71,0,0
836.383784655869,1720,22,1,0
836.5388538665502,34,388,0,0
836.5415397210254,124,26,0,0
836.5633409447413,54,536,0,0
836.5634684633059,17,211,0,0
836.571964882336,8,610,0,0
836.5773411702796,7,1150,0,1
836.5821506034168,110,75,0,0
836.7526271556329,17,302,0,0
836.7737535214708,35,683,0,0
836.7912150484864,10,373,0,0
836.8186624658382,1140,415,1,0
836.8378528902209,9,729,0,0
836.9024870569199,8,202,0,0
836.9177453881243,43,375,0,0
836.9435987510491,1617,577,0,0
836.9473028676816,28,59,0,0
836.9599066462812,9,70,0,0
836.9793466655275,24,77,0,0
836.9830754995338,114,684,0,0
837.9370229618834,6,60,0,0
838.0045602256533,39,343,0,0
838.0209004948796,108,249,0,0
838.0251914473723,26,210,0,0
838.090114043001,8,107,0,0
838.1087739237284,2664,362,0,0
838.1144468915988,16,245,0,0
838.117399217459,23,20,0,0
838.1300401863408,708,732,0,0
839.0633160628375,30,340,0,0
839.0647483002158,10,372,0,0
839.0904516783763,40,357,0,0
839.2219407711486,98,7,0,0
839.26692043963,1082,773,0,0
839.3410575960633,81,61,0,0
839.6423144444593,41,94,0,0
839.6709525214777,56,94,0,0
839.6834392226809,8,239,0,0
839.7060581450795,38,87,0,0
840.15012828705,12,112,0,0
840.2161529591431,106,85,0,0
840.2409343872246,1012,769,0,0
840.2420378112853,15,230,0,1
840.2949266617655,1746,187,0,0
840.3176434367875,100,134,0,0
840.3475229193031,27,75,0,0
840.3604080747868,14,217,0,0
840.4038643943359,195,751,0,0
840.4445949322069,27,176,0,0
840.4578979572304,818,3460,0,1
840.4993384650131,63,118,0,0
840.5030851159229,646,4920,0,1
840.5075169878439,590,446,0,0
840.5276632488446,22,11,0,0
840.5419469178114,55,442,0,0
840.5508311398025,9,279,0,0
840.8862922365405,10,178,0,0
840.9304675005706,21,272,0,0
840.9826566415818,224,283,0,0
840.9876881615662,90,176,0,0
840.9907985098417,8,699,0,0
846.7316834927848,11,701,0,0
846.7367766100093,22,114,0,0
846.7381724891968,1382,68,0,0
846.7453567585085,43,488,0,0
846.8271301968224,28,253,0,0
847.418447871584,468,4,0,0
847.6684047238722,26,3550,0,1
847.7027597546379,68,245,0,0
847.7030067742678,9,326,0,0
847.7060120240961,37,42,0,0
847.715875312093,340,159,1,0
847.7295798290173,3734,137,0,0
847.7369035742951,564,658,0,0
848.170860926521,403,60,0,1
848.2470815319928,11,170,0,0
848.2937547752229,13,349,0,0
848.3751585317012,35,337,0,0
848.4129176171376,366,319,0,0
848.4144401787576,1013,305,0,0
848.4158625908792,14,544,0,0
848.4890412617222,8,2510,0,1
848.521416283726,24,170,0,0
848.5560636933205,14,254,0,0
848.7237074284093,22,68,0,0
848.7280192061615,73,4130,0,1
848.7314504827953,69,1470,0,1
848.7633441569086,13,134,0,0
848.840926480932,5,75,0,0
848.8684020447927,62,95,0,0
848.8721544741846,19,545,0,0
848.8750171912338,22,7670,0,1
849.264704237313,16,263,0,0
849.4169785106053,48,390,0,0
849.4285829637936,24,32,0,0
849.4859177495255,10,160,0,0
849.486733133092,100,213,1,0
849.49367954424,121,263,0,0
849.4991735359464,60,34,0,0
849.5081043477026,105,387,0,0
849.608259968013,23,301,0,0
849.6165860890653,29,162,0,0
849.8657326689773,10,171,0,0
849.8659595342152,23,438,0,0
849.866163344771,13,114,0,0
850.0493525939097,1064,21,0,0
850.1377086432266,12,26,0,0
850.145012705624,13,233,0,0
856.9833742335536,30,166,0,0
856.9896997678545,84,748,0,0
857.0272789415097,4,1290,0,1
857.0289581509836,59,476,0,0
857.0310930283551,1224,43,0,0
857.0515704503848,658,180,0,0
857.0605127772872,175,271,0,0
857.2566127046964,23,151,0,0
857.270620321418,16,105,0,0
857.30363102064,20,339,0,0
857.3263703315217,88,338,0,0
857.649251444053,13,146,0,0
857.827431801808,89,317,0,0
858.1943242613604,9,221,0,0
858.2066928816134,62,248,0,0
858.2080175832211,7,70,0,0
858.3677605440657,26,232,0,0
858.3683506464315,184,32,0,0
858.3843666801101,7,288,0,0
858.3874062021207,1132,481,0,0
858.393514146714,1420,226,1,0
858.4036050557762,11,18,0,0
858.414906247489,12,113,0,0
858.4381371079119,30,45,0,0
858.5309790173675,29,266,0,0
858.5625221831524,120,218,1,0
858.579096266374,19,478,0,0
858.5975721326544,18,220,0,0
858.5993052327279,14,350,0,0
858.606739556494,34,518,0,0
858.8737791246629,30,561,0,0
858.9997611590891,106,753,0,0
859.0005641345891,90,170,0,0
859.0020853698381,41,26,0,0
859.0094448925738,8,79,0,0
859.0271501342155,8,238,0,0
859.0320085963514,110,289,1,0
859.0455361506064,22,156,0,0
859.0565650669248,361,486,0,0
859.0577579810756,16,170,0,0
859.0791364389748,25,12,0,0
859.0868911592665,400,272,1,0
859.0888344890484,275,123,0,0
859.158233090672,50,380,0,0
859.1707860333466,316,485,0,0
859.1875783094962,110,236,0,0
859.193243233076,28,43,0,0
859.2761510326422,14,300,0,0
859.2817131949088,116,585,0,0
859.2876708249448,77,628,0,0
859.3143078091917,131,533,0,0
859.3201113888367,9,373,0,0
859.3257795870935,27,493,0,0
859.3593922241749,447,412,0,0
859.3939482280887,43,577,0,0
859.416615221912,33,301,0,0
859.5929033907394,383,509,0,0
859.5939984360602,13,267,0,0
859.5975098644121,143,371,0,0
859.5994260973729,809,563,0,0
859.5997827508735,30,266,0,0
859.6050298627864,7,137,0,0
859.6105905696135,106,240,0,0
859.6124605122728,6,8,0,0
859.8202458097923,27,254,0,0
859.8240380187398,38,502,0,0
859.8704287366974,904,389,0,0
859.8744742122927,77,321,0,0
859.8784912853814,34,265,0,0
859.9068246152201,2105,275,0,0
859.9653737766897,7,211,0,0
860.2329816592758,45,237,0,0
860.279589017646,234,150,0,0
860.2821603856169,16,161,0,0
860.3042420372841,16,241,0,0
860.5064625386368,14,205,0,0
860.5122683266286,10,253,0,0
860.635183631478,23,5160,0,1
860.6855776934744,14,293,0,0
860.7035027470007,13,233,0,0
860.8299856065664,9,175,0,0
860.8362773900376,46,235,0,0
860.936426214384,39,14,0,0
860.9836638456798,22,22,0,0
861.0214743970305,279,767,0,0
861.0891328731318,220,438,0,0
861.1058653227597,14,180,0,0
861.5201294203647,8,140,0,0
864.779431647843,10,557,0,0
865.2024978195924,80,181,1,0
865.2052505252439,691,334,0,0
865.2073192786914,220,402,1,0
865.2335022106807,309,308,0,0
865.236681886468,9,524,0,0
865.2648513095525,36,1960,0,1
865.3009644674718,12,278,0,0
865.3107701462976,102,91,0,0
865.316837557979,7,1140,0,1
865.3264559504306,18,99,0,0
865.3308055278433,6,267,0,0
865.3342687103437,78,486,0,0
865.4595549501437,2163,25,0,0
865.4623729578758,910,76,1,0
865.4677415999248,9,270,0,0
865.488477064531,213,368,0,0
865.6098514986696,14,133,0,0
865.7048241898555,20,283,0,0
865.9818715184371,14,293,0,0
865.989574238645,23,85,0,0
866.0506405542835,77,457,0,0
866.1375013614643,1759,770,0,0
866.1571678875607,23,96,0,0
866.5373572642961,5,36,0,0
866.5401128421348,7,113,0,0
866.5971070295446,568,154,0,0
866.6078921549968,24,403,0,0
866.6178286930586,2204,22,0,0
866.6227892846553,80,120,1,0
866.8176345512709,56,214,0,0
866.8285380916755,140,92,1,0
866.844657497785,1233,3560,0,1
866.8537488815456,70,36,1,0
866.9522250814734,20,93,0,0
866.9527342032609,23,45,0,0
866.9636410442553,250,698,1,0
867.0115581168661,239,765,0,0
867.0273277508861,122,369,0,0
867.0321714911605,90,390,1,0
867.0351192066502,541,136,0,0
867.1170282227843,332,452,0,0
867.1179416755983,435,450,0,0
867.1306180582478,35,95,0,0
867.1315689348894,107,161,0,0
867.1382422620012,2530,990,0,1
867.1790551829381,838,322,0,0
867.2040509012799,17,132,0,0
867.2066080258398,14,133,0,0
867.220765894858,14,2600,0,1
867.255069429571,9,265,0,0
867.2756713802609,72,256,0,0
867.3122105571745,457,114,0,0
867.3227540933525,74,766,0,0
867.3889715388719,891,28,0,0
867.3974772833263,200,141,0,0
867.4002496484965,1822,107,0,0
867.4072430050031,20,339,0,0
867.4693404336842,270,384,1,0
867.4711484304438,17,396,0,0
867.4738733666117,117,484,0,0
867.4866922736825,8,104,0,0
867.5283069335196,33,584,0,0
867.6039302791713,12,94,0,0
867.6047295817148,917,2410,0,1
867.6051147235673,243,337,0,0
867.6277492624263,1064,82,0,0
867.658240550421,12,156,0,0
867.6670929997003,40,138,0,0
868.5947844985603,35,118,0,0
868.5947995482127,130,476,0,0
868.6109734609876,11,262,0,0
869.6967666543643,239,772,0,0
869.7566451998949,61,389,0,0
869.7951021423387,7,2160,0,1
869.8141472253543,94,290,0,0
869.8369077546827,43,341,0,0
869.880221926332,390,423,1,0
869.8988559030645,491,606,0,0
869.9009111297036,929,66,0,0
869.9315138902558,11,28,0,0
869.9476010972766,134,7,0,0
869.9758814884958,4,146,0,0
870.190934320469,153,150,0,0
870.1970764737272,5,266,0,0
870.198523313501,124,26,0,0
870.2030293147878,182,490,0,1
870.2981189674326,2162,98,0,0
870.2991993247823,22,118,0,0
870.327387837212,163,349,0,0
870.4917586020364,432,135,0,0
870.5350095164388,24,124,0,0
870.6485526043728,20,414,0,0
870.6581938680542,8,315,0,0
870.7032236608346,140,6930,0,1
870.7507075031065,8099,93,1,0
870.7529538444728,9,76,0,0
870.7576715236306,20,142,0,0
870.7644632370859,597,188,0,0
870.769968099392,9,348,0,0
870.7834908531082,49,159,0,0
870.8203072666402,10,17,0,0
870.8853016225761,106,366,0,0
870.8981876754566,15,375,0,0
870.9758889832447,23,41,0,0
870.9764401616301,52,333,0,0
871.4141243407962,13,66,0,0
871.4240959303504,960,6,1,0
871.6704658618031,71,234,0,0
871.7259878262525,12,257,0,0
871.7337376916457,410,10,1,0
871.823516996754,440,260,0,1
871.8534952787476,30,220,0,0
871.957851666415,45,10,0,0
873.4481521135531,13,201,0,0
873.451263149477,10,3110,0,1
873.4586108395894,555,437,0,0
873.4604604852386,19,337,0,0
873.5326726097138,8180,12,1,0
873.5336387900005,24,90,0,0
873.5425618288942,16,409,0,0
873.5518704875922,96,130,0,0
873.5522688909944,2391,6,0,0
873.5853382017425,67,171,0,0
874.4656267428031,12,200,0,0
874.7473098960594,32,94,0,0
874.7489075776779,5,129,0,0
874.7690832113875,63,78,0,0
874.7694902515345,8,116,0,0
874.773963143923,11,21,0,0
874.7804649364683,215,63,0,0
874.7832247459635,12,331,0,0
874.7917071295426,16,86,0,0
874.976183170561,74,398,0,0
874.9776152600397,20,281,0,0
874.9803447738849,6,31,0,0
874.984019599806,16,149,0,0
874.9903263818038,124,44,0,0
875.1677494316114,465,121,0,0
875.1687252286073,34,199,0,0
875.2334118089761,10,408,0,0
875.3292333708947,59,84,0,0
875.5046889102725,4,60,0,0
875.5047175419201,10,105,0,0
875.5083757328825,107,769,0,0
875.5131492886496,418,342,0,0
875.529486027964,11,770,0,0
875.53492875132,7730,238,1,0
875.5524617152295,449,281,0,0
875.5595176431852,27,338,0,0
875.5646599305679,7,75,0,0
875.9638839098661,28,422,0,0
875.9708770830754,10,112,0,0
876.025362203921,8178,14,1,0
876.0272736653146,34,330,0,0
876.0444432850558,36,238,0,0
876.1138453957475,385,699,0,0
876.1210361151399,396,18,0,0
876.1847625146335,671,93,0,0
876.1891211304492,11,359,0,0
876.2143937715947,334,769,0,0
876.2165900851326,136,319,0,0
876.2168914521375,75,146,0,0
876.2206198051716,7,165,0,0
877.0890516853724,5,394,0,0
877.1033643170528,13,282,0,0
877.1351848473886,64,295,0,0
877.3738761942177,74,488,0,0
877.3911894431467,17,106,0,0
877.401940357148,13,193,0,0
877.4055018243968,13,268,0,0
877.4437588026898,23,291,0,0
877.4715691531504,70,83,0,0
877.4788404821448,182,31,0,0
877.4823604381586,2032,157,0,0
877.5400029709496,21,178,0,0
877.5449876996666,10,92,0,0
877.5452291873711,56,39,0,0
877.641924158016,368,724,0,0
877.6421534773342,94,82,0,0
877.6492519694033,273,237,0,0
877.6977489370556,6,183,0,0
877.6989552289284,28,202,0,0
877.7299723060326,247,179,0,0
877.7360938260058,17,170,0,0
877.8848172933544,118,306,0,0
878.407982117953,30,769,0,0
878.951117480561,4,548,0,0
879.0565406271239,11,283,0,0
879.0729063914947,114,50,0,0
879.081937329565,768,127,0,0
879.0867905463829,11,105,0,0
879.0868467250708,8,165,0,0
879.0872361326698,8,362,0,0
879.0875216049899,25,83,0,0
879.111054895732,10,321,0,0
879.3209757957732,16,222,0,0
879.3228331792787,48,532,0,0
879.3702253699144,12,222,0,0
879.3885701629633,21,443,0,0
879.3959012235814,895,287,0,0
879.421786756365,19,284,0,0
879.4425937721852,15,342,0,0
879.5699517644567,157,494,0,0
879.6485781768241,9,187,0,0
879.6775200382721,18,177,0,0
879.6812356782336,12,116,0,0
879.8450551057987,926,256,0,0
879.8758150515122,19,203,0,0
879.8764646818353,6,411,0,0
879.9155778927608,890,42,0,0
879.9258490674266,9,206,0,0
880.4147748115868,62,95,0,0
881.3793886036563,12,159,0,0
881.4006887603726,645,192,0,0
881.408398612286,680,751,0,0
881.4696563025041,90,209,1,0
881.5089743058809,51,159,0,0
881.5133005432511,522,143,0,0
881.5310441742457,470,278,0,0
881.5541974878915,58,287,0,0
881.5645709426643,16,78,0,0
881.6055218593926,267,632,0,0
881.6098073641964,599,385,0,0
881.689660535518,31,5150,0,1
882.1287915869304,404,204,0,0
882.1829880585975,128,308,0,0
882.233270025666,170,493,1,0
882.6332672457322,175,684,0,0
882.6346836225356,9,21,0,0
882.6626296963561,164,173,0,0
882.7180264492212,27,141,0,0
882.740240079696,17,354,0,0
882.8876167412798,24,191,0,0
882.8989323213324,107,228,0,0
882.914435444507,5,677,0,0
882.965133266434,768,227,0,0
884.951067884941,22,94,0,0
884.9517909887637,331,56,0,0
884.9593400984178,14,111,0,0
885.0116040736827,1937,159,0,0
885.0169088240397,28,243,0,0
885.035776401252,43,380,0,0
885.0433064701131,1452,161,0,0
885.0827502325011,56,182,0,0
885.185825757113,16,175,0,0
885.2196642324516,12,116,0,0
885.321613670185,938,270,0,0
885.346865718276,6,65,0,0
885.4334747186797,20,437,0,0
885.4963328004645,7,167,0,0
885.5197792722306,3149,221,0,0
885.5472785797664,26,495,0,0
885.5479633630179,11,100,0,0
885.8483446515099,3200,556,0,0
885.8724994902248,20,258,0,0
885.8756949295512,476,250,0,0
886.0136421488579,28,536,0,0
886.3625545083797,3008,124,0,0
886.3669812866677,22,220,0,0
887.021857438683,6,89,0,0
887.0526691543974,120,354,0,0
887.0896830367302,7,362,0,0
888.9920304169402,56,329,0,0
889.2290420604517,12,357,0,0
889.2341609490888,87,75,0,0
889.2476625113849,810,287,1,0
889.4001894945197,74,160,0,0
889.4111356625657,940,504,0,0
889.5411046151063,32,391,0,0
889.5624728628653,8,216,0,0
889.6229103605965,9,343,0,0
889.7168713266087,11,120,0,0
889.7190825325507,2050,369,1,0
890.9213128745224,7,608,0,0
890.921893950972,112,355,0,0
891.1068695002335,48,186,0,0
891.1731550883247,524,426,0,0
891.7228988199868,19,743,0,0
891.7504016499964,16,391,0,0
891.7665715566379,292,240,0,0
891.7728538578452,127,54,0,0
891.9201572722694,323,579,0,0
891.957348698053,145,450,0,0
891.9581983634077,72,731,0,0
892.0898726203324,468,401,0,0
892.0967791294211,57,91,0,0
892.156062772294,70,769,0,0
892.1926009836303,1173,36,0,0
892.2840517746743,314,300,0,0
892.2886667242469,560,319,1,0
892.2967273105951,15,268,0,0
892.6195717120762,1558,634,0,0
892.6210249725646,27,100,0,0
892.6876290950211,140,40,1,0
892.9381253953801,1749,10,0,0
892.9397501024158,2176,12,0,0
893.0931743674125,330,402,1,0
893.0939452674945,9,335,0,0
893.1071242436168,30,592,0,0
893.1137556811741,14,5,0,0
893.119467121913,70,14,1,0
893.2645411734007,16,350,0,0
893.2649176394003,2048,767,0,0
893.2698788175683,48,181,0,0
893.2878875822631,64,357,0,0
893.3170403698933,13,301,0,0
893.331591433472,40,267,0,0
893.344912755124,37,434,0,0
893.3518946793433,133,113,0,0
893.3527515258054,6,48,0,0
893.6802451708354,76,114,0,0
893.7178702629224,54,15,0,0
893.7179735220103,41,592,0,0
893.7330517300729,10,270,0,0
893.7487591274845,69,270,0,0
893.7647425329781,281,573,0,0
893.7835495306757,100,736,0,0
893.8049615261411,1100,274,0,0
893.9970485961428,142,206,0,0
894.0146228986104,8,407,0,0
895.1825113006481,590,217,0,0
895.1863125219882,1603,693,0,0
895.1919980433807,22,557,0,0
895.205940685486,24,335,0,0
895.2356887770848,11,494,0,0
895.2359517976045,45,310,0,0
895.2423742663138,20,471,0,0
895.2633496022437,1639,227,0,0
895.2829192454604,102,39,0,0
895.3383740036807,20,319,0,0
895.7541123630464,6,182,0,0
895.8094573811386,27,500,0,0
895.8262569672833,32,374,0,0
895.8298711968877,67,104,0,0
897.1583325946551,435,91,0,0
897.1612159631569,1086,163,0,0
897.1791030439013,15,457,0,0
897.1811645879828,11,106,0,0
897.217322344664,7,188,0,0
897.2218441934937,36,23,0,0
897.2243386434078,107,431,0,0
897.3047174806017,101,203,0,0
897.3485239513293,169,215,0,0
897.4496795927585,14,102,0,0
897.4546521825736,213,365,0,0
897.4809478999352,32,391,0,0
897.4826225255168,22,382,0,0
897.4826892082394,14,590,0,1
897.4839125478983,112,64,0,0
897.4871893783255,22,281,0,0
897.4878866115052,20,417,0,0
897.4947789993648,80,4230,0,1
897.4960260059917,24,408,0,0
897.5063523539978,21,193,0,0
897.6193125419207,8,274,0,0
897.7579920968143,209,226,0,0
897.8363907521436,170,566,0,0
897.9524288663579,15,305,0,0
898.1604339254557,34,329,0,0
898.1627239181164,3310,396,0,0
898.1859729734401,29,398,0,0
898.2277114084341,219,14,0,0
898.522053706681,20,3600,0,1
899.6506894173286,9,231,0,0
899.6560659056419,22,344,0,0
899.6640052790937,61,59,0,0
899.7060141839954,347,33,0,0
899.7071047290377,20,302,0,0
899.7114011179284,156,476,0,0
899.7912216409619,11,448,0,0
899.9204275117274,103,708,0,0
899.9309552943664,8,150,0,0
899.9336290790317,17,296,0,0
899.9349436351873,69,98,0,0
900.0538173654752,3040,6,0,0
900.5370462395892,11,309,0,0
900.5415099573186,15,35,0,0
900.5674356684193,27,277,0,0
900.585047712051,67,767,0,0
900.6135867638025,67,373,0,0
900.6338414928753,163,248,0,0
900.6489327629038,42,521,0,0
900.6871482283424,27,409,0,0
900.6936335686161,432,4,0,0
900.7237857027384,236,684,0,0
900.7620459229206,18,286,0,0
901.4373500062442,2960,125,0,0
902.139956356255,6240,64,1,0
902.1556318679371,39,285,0,0
902.1621013384342,110,180,1,0
902.2021339429199,25,1610,0,1
902.2077881859747,11,58,0,0
902.2194401272026,107,269,0,0
902.2567507111032,42,41,0,0
902.3137968073336,6,15,0,0
902.3938885376526,1628,188,0,0
902.629186005644,12,189,0,0
902.6331516103019,1821,13,0,0
902.634497405713,168,31,0,0
902.6531305499036,469,127,0,0
902.6993425238512,13,175,0,0
902.878240156969,767,352,0,0
902.8863396277573,9,342,0,0
902.8896162009124,28,622,0,0
902.8921564918746,10,92,0,0
902.9161799906493,61,364,0,0
902.9185890315533,71,27,0,0
902.9259618547844,31,488,0,0
902.9308882209652,50,94,0,0
903.4054757443471,11,193,0,0
903.4744219326359,50,2110,0,1
903.4784831517106,65,1210,0,1
903.7061266952531,1997,506,0,0
903.7922524500405,7,91,0,0
903.7952200548518,260,288,1,0
903.9446021865008,26,191,0,0
903.9462387852544,26,296,0,0
903.9588951652354,15,32,0,0
904.069390750162,18,20,0,0
904.0903429508111,5,602,0,0
904.1079739125304,1042,98,0,0
904.1152904342795,5,488,0,0
904.122344373306,24,254,0,0
904.1469700341509,50,90,0,0
904.1471241190353,121,552,0,0
904.2212293356424,266,569,0,0
905.2719238832266,27,170,0,0
905.3681297817433,18,208,0,0
905.3693907280878,10,85,0,0
905.4352087709341,14,149,0,0
905.4381958646433,32,333,0,0
905.4431196134763,597,188,0,0
905.4588885087508,290,11,0,0
905.5706521695653,54,274,0,0
905.6440046452446,69,156,0,0
905.6765605479616,52,5070,0,1
905.6814372919531,174,767,0,0
905.7245336028429,31,265,0,0
905.9810218397387,13,336,0,0
906.0596337100399,344,474,0,0
906.0775246707515,31,291,0,0
906.1275193575595,241,89,0,0
906.1456828213147,7,307,0,0
906.1616906479618,25,166,0,0
906.1648602953264,8,18,0,0
906.165351552269,18,84,0,0
906.165521741234,873,315,0,0
906.3417372934236,132,282,0,0
906.4165070531741,21,206,0,0
906.539471355989,62,45,0,0
906.5406047875362,7,212,0,0
906.7953432030992,36,494,0,0
906.7988254118549,16,601,0,0
906.7997254313545,33,653,0,0
906.8411717381614,15,108,0,0
906.8474260632943,22,360,0,1
906.9149875495532,38,301,0,0
906.9217301996384,65,2060,0,1
906.9469444473489,18,499,0,0
907.0783995241189,4,14,0,0
907.0938013389938,7,297,0,0
907.1194269985817,25,117,0,0
907.1204548025661,11,365,0,0
907.2362546789792,44,7680,0,1
907.2365266411371,8,215,0,0
907.2480158703689,1806,309,0,0
907.3997999950607,52,48,0,0
907.4014866196162,16,300,0,0
907.4771875483544,11,397,0,0
907.6286556773808,80,121,0,0
907.6286753588165,611,386,0,0
907.6364516695405,20,458,0,0
907.6497963433403,12,436,0,0
907.654375606146,24,406,0,0
907.6557129409977,71,327,0,0
907.6590884807267,17,286,0,0
907.6612914648476,50,710,0,0
907.7199739711657,28,307,0,0
907.7207027471991,9,327,0,0
907.7286126843229,32,22,0,0
907.7302040860296,67,294,0,0
907.7305276402086,102,349,0,0
907.8177505042777,8,165,0,0
908.8632535413478,10,23,0,0
908.9480963581291,36,52,0,0
908.96832827612,970,47,0,0
908.9709144889255,5,113,0,0
908.9951314695832,55,119,0,0
909.0299318927715,3540,103,0,0
909.0570972832526,56,438,0,0
909.0573606387358,345,154,0,0
909.1444843326101,61,471,0,0
909.1636903403001,14,88,0,0
909.3427247295026,107,239,0,0
909.3658763395904,79,619,0,0
909.5049449568791,3640,218,0,0
909.505390799599,17,676,0,0
909.520514738523,12,23,0,0
909.6139945616085,1140,282,1,0
909.6791942458626,16,209,0,0
909.7040697685053,7,277,0,0
909.7043008895305,13,223,0,0
909.7137752725149,34,518,0,0
909.7267376750971,29,45,0,0
909.7282518294924,289,761,0,0
909.7430056709868,17,22,0,0
909.744668307164,7,209,0,0
909.9228715546684,17,44,0,0
909.9257280860222,12,23,0,0
910.4841398254691,121,205,0,0
910.484714441773,12,234,0,0
910.5005882060309,39,435,0,0
910.5023244968381,71,27,0,0
910.5190297181458,805,131,0,0
910.5732449592074,14,203,0,0
911.0739374379128,17,2390,0,1
911.21633778175,11,179,0,0
911.2206248464427,29,160,0,0
911.232125455288,16,293,0,0
911.2454427068095,9,156,0,0
911.2892058158644,8,328,0,0
911.3386175382782,91,274,0,0
911.6041034176544,11,245,0,0
912.4657274760053,2430,461,1,0
912.4735099274116,7,139,0,0
912.4777609441023,65,265,0,0
912.5687611679725,144,200,0,0
912.6003990070985,13,108,0,0
912.7303517873232,62,381,0,0
912.7470767143088,360,29,1,0
912.7561536657222,9,185,0,0
912.7568432485485,2904,67,0,0
912.8096107694703,18,29,0,0
912.8104449146601,9,423,0,0
912.8216547468681,12,201,0,0
912.8819883780728,41,104,0,0
912.9031819942816,340,339,0,0
912.9401992975496,392,326,0,0
912.9668889465119,18,228,0,0
913.0244658224276,43,274,0,0
913.0264105392129,17,337,0,0
913.0797453560762,48,332,0,0
913.0865892086787,17,159,0,0
913.0868763388792,13,44,0,0
913.1107933630337,463,218,0,0
913.196294847691,15,253,0,0
913.7518967029368,17,388,0,0
913.8049854898964,16,321,0,0
913.831885950942,62,667,0,0
913.8388377364239,200,16,1,0
913.8408959908389,107,596,0,0
913.8497311152379,573,118,0,0
913.8546748475457,862,119,0,0
913.8715990547458,933,111,0,0
913.9951174115104,15,229,0,0
914.0020105362861,12,357,0,0
914.0649129059397,57,633,0,0
914.2936166927501,11,3440,0,1
914.306875373,10,360,0,0
914.3190941208868,1370,296,1,0
914.4469548901222,116,479,0,0
914.4494874567444,22,154,0,0
914.4813013947564,21,452,0,0
915.0240972066974,220,7070,0,1
915.0546755519149,88,78,0,0
915.05487674389,57,48,0,0
915.0680135675711,21,121,0,0
915.077319981784,6,240,0,0
915.1731693544434,12,479,0,0
915.3588368464394,11,1640,0,1
915.3606523869039,1327,11,0,0
915.3632133508955,8,38,0,0
915.4279128224249,34,127,0,0
915.4380101021871,36,319,0,0
915.4495708185399,1004,770,0,0
915.4581038981537,14,608,0,0
915.4843944226908,14,151,0,0
915.5759827566192,50,640,0,0
915.6870844767926,347,40,0,0
915.6929485706574,25,576,0,0
955.7956059755168,16,366,0,0
957.6294828741804,40,113,0,0
957.6309741497682,96,770,0,0
957.633652149187,271,395,0,0
957.6364004822609,113,191,0,0
957.6433045718486,6,83,0,0
957.657182381298,17,312,0,0
957.6635061398889,11,48,0,0
957.678134905776,433,118,0,0
957.6923908255224,22,334,0,0
957.6927325657056,24,408,0,0
957.6986674618975,5,180,0,0
957.7237498733755,4,491,0,0
957.7461105779487,3620,668,1,0
957.7537613000849,1511,150,0,0
957.7590239269227,38,230,0,0
957.7615565801163,80,271,1,0
957.7668105192832,18,29,0,0
957.7703518595927,12,179,0,0
958.050516610143,16,683,0,0
958.0507358412552,32,656,0,0
958.0859394262769,270,543,1,0
958.5231718414657,7,160,0,0
958.662741145893,999,272,0,0
958.6792856831158,12,391,0,0
958.7178559597617,4,197,0,0
958.8743907071686,31,513,0,0
959.3431283616576,11,1710,0,1
959.3471217429351,503,769,0,0
959.5486511714589,8,199,0,0
959.5816850867029,101,195,0,0
959.6006376553023,2780,734,1,0
959.816390651574,189,36,0,0
959.8358276070651,10,372,0,0
959.836350653942,2664,59,0,0
959.8731816639425,13,63,0,0
959.8786559251206,17,271,0,0
959.8835597587936,40,223,0,0
959.899250501605,77,90,0,0
959.9004049361416,3950,508,1,0
959.9062877340884,47,318,0,0
959.9103810758073,15,414,0,0
959.9209743483913,28,4270,0,1
959.9579425933083,34,270,0,0
959.9647648083109,165,142,0,0
959.975081052282,50,348,0,0
960.5825049593027,214,289,0,0
960.5842998779818,7,238,0,0
960.5845733497897,96,767,0,0
960.588339463163,47,730,0,0
960.59414943426,2794,245,0,0
960.6009529912548,13,223,0,0
960.6645924450797,14,400,0,0
960.6844295680803,19,747,0,0
960.6849851718433,5,35,0,0
960.7760335977548,5,91,0,0
960.9004286667005,46,279,0,0
960.9283105278682,2447,201,0,0
961.1565722051984,10,307,0,0
961.1611617964189,19,151,0,0
961.1627508894164,7,188,0,0
961.167672452182,9,243,0,0
961.3672669171269,11,769,0,0
961.3789484218184,15,621,0,0
961.4346669899921,642,114,0,0
961.4392506712186,21,445,0,0
961.6946999729174,32,614,0,0
961.6967081010138,14,176,0,0
961.7177786021555,15,573,0,0
961.7292881554384,7,310,0,0
961.7416749078259,12,156,0,0
961.7758139945253,18,688,0,0
961.8144421250306,12,386,0,0
961.8182520533932,7,357,0,0
961.824304213021,903,260,0,1
961.9119199273968,35,506,0,0
961.9437618425882,10,241,0,0
961.972302539285,13,529,0,0
961.9821254507823,79,344,0,0
961.9871007331133,522,7670,0,1
961.9907393610542,20,553,0,0
961.9985559342234,18,21,0,0
962.1039664159142,39,92,0,0
962.1322341170196,40,257,0,0
962.1622201634345,31,316,0,0
962.1625614590096,5,288,0,0
962.3937788507806,25,162,0,0
962.3960351306079,39,377,0,0
962.4219436144452,370,51,1,0
962.4744584438714,82,755,0,0
962.4770898036567,10,277,0,0
962.5815445456914,14,763,0,0
962.5923061559827,8,1240,0,1
962.6483751576095,117,93,0,0
962.648524169262,8,473,0,0
965.3500491471311,14,489,0,0
965.3618920332013,9,316,0,0
965.4019228284167,837,224,0,0
965.4208277078183,15,268,0,0
965.4408107829448,10,66,0,0
965.4416380757986,793,191,0,0
965.44271203329,770,559,1,0
965.4744740511095,47,323,0,0
965.4762391876409,102,629,0,0
965.5215344984343,32,390,0,0
966.5315341832464,150,181,0,0
966.541003663607,18,338,0,0
966.5444018546556,475,313,0,0
966.5448125530586,37,447,0,0
966.5461115234832,120,379,0,0
966.5629907621567,28,356,0,0
966.5637053548252,18,78,0,0
966.5703044417594,31,593,0,0
967.0424813684081,8,54,0,0
967.0555582877754,11,493,0,0
967.0659389558552,20,567,0,0
967.0696872656546,14,325,0,0
967.0985489444328,31,804,0,0
967.1273370332801,30,41,0,0
967.2592339159473,1810,398,1,0
967.2971369087238,290,79,0,0
967.3256752030006,35,288,0,0
967.3281586842954,8,403,0,0
967.3335563200493,109,125,0,0
967.3456413912936,160,258,1,0
967.3606757166322,148,267,0,0
967.3678324017433,8,217,0,0
967.4174286254048,6,314,0,0
967.418632750767,29,481,0,0
967.4198208058272,71,150,0,0
967.4250323336539,67,198,0,0
967.4387993076783,39,317,0,0
967.4529816287384,533,185,0,0
967.4653004489521,51,344,0,0
967.5443445488206,7564,628,1,0
967.5490839577164,217,255,0,0
967.5524855209895,136,129,0,0
967.5819777249559,42,466,0,0
967.5875398249049,124,44,0,0
967.5887737110742,175,445,0,0
967.5931285331898,27,290,0,0
967.744016459602,31,4140,0,1
967.7540140971253,18,531,0,0
967.7769442236173,943,36,0,0
967.8479257895477,12,53,0,0
967.8481166952173,340,339,0,0
967.8580751935415,726,58,0,0
967.8743814229122,523,238,0,0
967.8753644556778,10,364,0,0
967.875628668561,1065,45,0,0
967.8774315536532,23,205,0,0
967.9016593197016,16,277,0,0
968.4070814529986,4410,103,1,0
968.4084344226911,2645,491,0,0
969.5757640744772,634,333,0,0
969.7970211533454,279,424,0,0
969.801561963361,13,342,0,0
969.8701480669216,291,767,0,0
969.9942626841528,446,31,0,0
970.4779925425171,2942,57,0,0
970.4826790289519,27,125,0,0
970.4835753432401,5,43,0,0
970.5305184143407,44,137,0,0
970.5441652098287,279,326,0,0
970.5476992324712,24,573,0,0
970.5625004833993,83,127,0,0
970.5728269147066,234,314,0,0
971.0897164556054,21,191,0,0
971.0983903046172,36,360,0,0
971.1316436773812,190,301,1,0
971.1756324096262,91,4,0,0
971.3630873711895,80,314,1,0
971.369259627141,55,404,0,0
971.4069029344448,137,240,0,0
971.7572946368361,103,192,0,0
971.7601382933082,324,91,0,0
971.772206978163,5,188,0,0
971.7745451586429,10,303,0,0
971.7967350908175,376,280,0,0
971.8000349411449,100,769,0,0
971.8007904657059,1607,84,0,0
971.8050001208361,17,458,0,0
971.8467517286572,1382,68,0,0
971.8873361068853,54,32,0,0
971.8953871500318,8,204,0,0
972.0859685376379,8140,52,1,0
973.9060269229022,100,73,0,0
973.921066991783,20,374,0,0
973.9235801411464,8,413,0,0
973.9603167641785,7,306,0,0
974.0378733774525,41,349,0,0
974.0485131011224,2163,201,0,0
974.0543195050831,16,630,0,0
974.0695021668004,7,229,0,0
974.0736128416158,155,463,0,0
974.081817145961,860,29,1,0
974.21559841862,326,45,0,0
974.3190463989295,11,151,0,0
974.3218977808356,536,9,0,0
974.3342206663363,710,450,1,0
974.3357785181483,17,139,0,0
974.3409077190039,408,130,0,0
974.778538940327,18,735,0,0
974.7812432123663,12,331,0,0
974.872455252943,17,403,0,0
975.0580353456035,85,249,0,0
975.060834205896,65,159,0,0
975.1165534330173,180,275,0,0
975.2142573929683,4480,767,1,0
975.2521882754666,14,235,0,0
975.2531181460605,10,139,0,0
975.27605812666,30,282,0,0
975.4749432779596,888,247,0,0
975.605805596676,54,457,0,0
975.609528107579,12,654,0,0
975.6602617128702,13,68,0,0
975.7220547313333,30,85,0,0
975.7244236794495,7,113,0,0
975.7283581230613,225,311,0,0
975.7440797157318,15,289,0,0
975.7650972466108,100,128,1,0
975.8096336694528,580,296,1,0
975.8867815008051,16,260,0,0
976.0628369478036,168,730,0,0
976.0875088616054,63,179,0,0
982.3083167871575,302,490,0,0
982.3106225009428,11,582,0,0
982.5202351420182,36,3120,0,1
982.9176364194482,478,213,0,0
983.1330070239578,777,235,0,0
983.1334097088792,1792,186,0,0
983.1640183605966,8,130,0,0
983.2119089649702,96,286,0,0
983.214064900296,2087,560,0,0
983.2157983409342,15,261,0,0
983.2494551140363,30,132,0,0
983.2806407266482,7,106,0,0
983.2848575127741,1318,44,0,0
983.3501579079609,270,258,1,0
983.3560375862857,46,388,0,0
983.3617137200529,15,336,0,0
983.3738084189223,525,450,0,0
983.5080091007051,8,294,0,0
983.5086595017553,23,660,0,0
983.5163516010232,530,3500,0,1
983.5538909605016,52,117,0,0
985.7219215482644,159,252,0,0
985.7455946631115,41,22,0,0
985.7753119767284,305,38,0,0
985.9205310375294,159,4060,0,1
985.9244891127546,14,37,0,0
985.9358890699616,13,570,0,0
985.9580833269383,43,235,0,0
986.0178140997837,34,747,0,0
986.1830743416047,18,52,0,0
986.1853169849168,158,768,0,0
986.1859795793919,9,11,0,0
986.2004975692053,159,98,0,0
986.2638724845636,98,175,0,0
986.268067217162,166,509,0,0
986.2930588675954,18,99,0,0
986.3141315664366,226,37,0,0
986.3239022250538,16,15,0,0
986.4886415770586,34,153,0,0
986.4945779333705,13,429,0,0
986.5121014903574,182,31,0,0
986.5123731506947,10,50,0,0
986.5191075736835,22,609,0,0
986.7367609417772,13,369,0,0
986.7749393373117,1114,330,0,0
986.7816814186023,157,233,0,0
986.7928622336512,190,361,1,0
986.7994886187028,15,342,0,0
986.8577480909203,154,200,0,1
986.86001395539,8,769,0,0
986.9516057728384,37,701,0,0
986.9766073182805,26,477,0,0
986.9889009300726,12,220,0,0
987.7282713607616,5,159,0,0
987.7387494249053,108,85,0,0
987.7750985642726,123,529,0,0
987.778219937364,20,472,0,0
987.8468275120213,1382,25,0,0
987.8488054783206,50,170,0,0
987.8933886607505,9,117,0,0
987.984353835046,141,154,0,0
988.3199321728584,963,184,0,0
988.3212723166216,1532,164,0,0
988.3384353550257,21,173,0,0
988.3385241617665,77,383,0,0
988.3426301815497,745,291,0,0
988.4660831110698,990,407,1,0
988.4688393419599,22,118,0,0
988.4703054512416,1109,306,0,0
988.4719954403197,29,265,0,0
988.5614677308446,39,191,0,0
988.5679369896305,289,238,0,0
988.6355418834783,17,105,0,0
988.6366900217829,61,173,0,0
988.6370229926982,326,560,0,0
988.6467134487654,915,375,0,0
988.657699220098,3789,191,0,0
988.7150789322009,25,360,0,0
989.0574875762588,27,342,0,0
989.1124203063504,15,301,0,0
989.1408579643693,63,372,0,0
989.149428152532,19,140,0,0
989.1497597545676,110,727,0,0
990.0620708711436,60,422,0,0
990.097642018287,650,286,0,0
990.1474716110049,18,201,0,0
990.1573352135082,101,361,0,0
990.1885627075443,778,768,0,0
990.1977957375179,11,369,0,0
990.6183768505568,67,14,0,0
990.6236465237668,853,113,0,0
990.6293412086957,3274,259,0,0
990.629614656354,6,266,0,0
990.717563680609,2897,89,0,0
990.8177827394469,127,151,0,0
990.8224755344257,6,254,0,0
990.8274990667727,37,382,0,0
990.8558117146471,113,329,0,0
990.8806145342019,251,767,0,0
990.8922370259426,961,766,0,0
990.8939965746799,65,254,0,0
990.8951891884965,14,360,0,0
990.9106915699872,952,637,0,0
990.9133194241754,6,16,0,0
991.0836777833641,94,165,0,0
991.085863379428,7,267,0,0
991.1020752896112,7807,385,1,0
991.2107225674932,579,191,0,0
991.2197923214245,6,227,0,0
992.8370494799206,88,694,0,0
992.9652780810545,5184,695,0,0
992.96569625724,297,692,0,0
992.9676935165355,1676,767,0,0
992.9697851782583,10,255,0,0
992.9758310233036,15,62,0,0
992.9846078900373,29,323,0,0
992.9872023914837,11,322,0,0
993.0128801171767,9,247,0,0
993.0150841240201,28,770,0,0
993.0159063089803,8,279,0,0
993.0187819659707,71,396,0,0
993.384412699972,11,57,0,0
993.3860040025879,8,213,0,0
993.3869998237213,28,481,0,0
993.3882576886643,1198,144,0,0
993.4652570560868,100,189,0,0
997.647037512765,214,276,0,0
998.0292355873361,1879,28,0,0
998.0343635381569,16,393,0,0
999.1050107437413,18,726,0,0
999.112572604543,128,522,0,0
999.622905860193,11,10,0,0
999.7942381542567,11,100,0,0
