arrived_at,num_prefill_tokens,num_decode_tokens,prefill_inflated,decode_inflated
0.0,37,476,0,0
0.006343022408758812,37,498,0,0
0.014241935539777057,46,138,0,0
0.014378619687380263,9,18,0,0
0.674396564579725,285,273,0,0
0.8522898770606128,45,181,0,0
0.8617020757861643,49,93,0,0
0.9465164836054496,146,350,0,0
0.9781834351183174,485,4,0,0
0.9841442463564292,258,289,0,0
1.11162777392252,24,204,0,0
1.1213240234599955,12,221,0,0
1.1306724163987891,15,154,0,0
1.1343732524270926,23,232,0,0
1.1791983591748367,13,299,0,0
1.1939958282099514,245,269,0,0
1.2476967241941082,35,163,0,0
1.2530541353157045,6,57,0,0
1.2763088513735985,4199,259,0,0
1.2793380683775235,157,772,0,0
1.3764420328458808,31,276,0,0
1.4027250352126364,7,112,0,0
1.437677684733833,2870,16,0,0
1.4786894951592768,13,284,0,0
1.4810796000639126,28,50,0,0
1.5674991783547203,10,275,0,0
2.6710164697037904,25,48,0,0
2.671697578825622,5,102,0,0
2.672265387546571,10,236,0,0
2.673155141270452,17,29,0,0
2.7702579251722717,690,603,1,0
2.793600608178471,13,174,0,0
2.949550872804738,15,222,0,0
3.026083259218239,7644,92,0,0
3.0535780313744603,30,47,0,0
3.085424565229559,21,486,0,0
3.0982744039843038,17,324,0,0
3.200765167334657,11,326,0,0
3.2026492109661984,17,47,0,0
3.2104103926860192,42,49,0,0
3.239743885558719,54,219,0,0
3.9020275599640017,22,154,0,0
3.90593907206955,80,492,0,0
3.9080239938520656,93,230,0,0
3.91387303570164,29,367,0,0
4.0392589957653415,50,133,0,0
4.050536852752989,144,767,0,0
4.305608964645008,62,228,0,0
4.306035437407574,20,319,0,0
4.478449434099256,240,645,0,0
4.621412274377805,454,394,0,0
4.62246936546548,666,50,0,0
4.647002288959289,261,277,0,0
4.852280775632829,60,245,0,0
4.873794484271756,9,186,0,0
5.007048220613828,408,430,0,0
7.092260798953936,85,375,0,0
7.123470118937323,209,60,0,0
7.133769539427406,16,311,0,0
7.137629851155544,1428,201,0,0
7.203585429598466,160,231,1,0
7.215760520384806,36,330,0,0
7.228381487867791,18,102,0,0
7.243000643547526,40,249,0,0
7.309194758673325,18,33,0,0
7.311333404920557,645,192,0,0
7.312179688544306,14,137,0,0
7.312318463575745,13,168,0,0
7.510700382693742,43,300,0,0
7.531614804877001,767,159,0,0
7.901462425510411,22,464,0,0
7.919186780151381,19,391,0,0
7.9232767653373735,10,116,0,0
7.970209286777215,32,113,0,0
7.985691246118177,1075,611,0,0
7.987160094873757,41,391,0,0
7.990233294048687,57,639,0,0
8.608185361325576,33,507,0,0
8.644840493445514,182,94,0,0
8.686337667444176,39,332,0,0
8.696716296794024,8,42,0,0
8.701258504310138,997,166,0,0
8.808615950928736,26,215,0,0
8.82325363571617,28,123,0,0
8.827207273191304,6,322,0,0
8.84100626068902,149,37,0,0
8.843955774140348,11,61,0,0
8.870344686501731,651,541,0,0
9.043001781654715,198,36,0,0
9.046391279987978,60,178,0,0
9.360563173843149,11,2330,0,1
9.365310646295445,238,80,0,0
9.389835243559903,380,281,1,0
9.393222699595945,8,52,0,0
9.404792310671443,4,54,0,0
9.424631536560922,1822,107,0,0
9.432196158462991,21,748,0,0
9.436620300931688,25,342,0,0
9.441271289894276,67,392,0,0
9.444763491465181,8,342,0,0
9.445544391817293,17,251,0,0
9.456208812556742,422,310,0,1
9.496461174246297,15,24,0,0
9.607475150837903,10,2840,0,1
9.673303969466765,21,368,0,0
12.132341496327182,9,173,0,0
12.166472819425382,7,25,0,0
12.173716898606752,46,185,0,0
12.935850242582907,6,339,0,0
12.938072261203422,1043,248,0,0
13.063259118249368,63,142,0,0
13.065930411500833,36,235,0,0
13.102568031217938,91,12,0,0
13.10292009558961,83,222,0,0
13.211925741010603,60,178,1,0
13.225074889829092,69,506,0,0
13.227680037379914,38,334,0,0
13.745532476940399,50,500,0,0
13.828925247858782,6,393,0,0
13.848701225091148,19,411,0,0
13.852764403313895,20,19,0,0
13.869310117026698,114,684,0,0
13.882310706915964,172,76,0,0
13.959202968782224,7,122,0,0
14.048235571093606,9,193,0,0
14.05298174831683,1139,303,0,0
14.058995874927053,2990,309,0,0
14.065221797294692,36,375,0,0
14.066436157995236,1055,219,0,0
14.071963474810886,31,258,0,0
14.086963263716244,16,3490,0,1
14.158825877022062,7,27,0,0
14.411881985599642,144,241,0,0
14.415464842515389,1174,176,0,0
14.469780108133593,346,554,0,0
14.477198324207958,99,290,0,0
15.622276066716342,469,127,0,0
15.638645326445756,456,1550,0,1
15.687905021358079,48,53,0,0
15.690679680622779,77,358,0,0
15.694245783362145,1081,181,0,0
15.721256747430443,34,258,0,0
15.729627496352506,199,676,0,0
15.766204855394461,97,769,0,0
15.766998756815639,18,129,0,0
15.834819100124077,76,123,0,0
15.837804971262335,90,423,1,0
16.403298612599094,24,2860,0,1
16.41343283217739,133,681,0,0
16.57539816739737,14,222,0,0
16.576506532016374,4,147,0,0
16.619059293279726,53,623,0,0
16.622114334107714,55,590,0,0
16.628928980117998,189,539,0,0
16.647883549348798,17,289,0,0
16.6574542108415,23,180,0,0
16.688065335956466,6,224,0,0
16.768557763808655,10,127,0,0
16.835138583045488,35,532,0,0
16.850286897863786,19,272,0,0
16.85146746062193,63,148,0,0
16.85507692736713,655,324,0,0
16.867275754878364,161,1420,0,1
16.867534787910873,259,683,0,0
16.94874276130708,48,253,0,0
16.95991660736109,10,38,0,0
16.970832433343755,15,174,0,0
17.091086253834508,17,174,0,0
17.15971237731106,14,385,0,0
17.18778666675473,92,592,0,0
17.1902222471512,18,105,0,0
17.223794348699677,3632,447,0,0
17.259855182336395,40,4170,0,1
17.26293018445706,116,167,0,0
17.40832835006316,21,231,0,0
17.45815881899356,4,63,0,0
17.458510020027013,20,164,0,0
17.481538947866092,2326,164,0,0
17.482977239825825,403,103,0,0
17.65809918397315,82,76,0,0
17.748740322129127,7,194,0,0
17.75072542504248,8,40,0,0
17.753799816123276,20,31,0,0
17.775921511714433,956,491,0,0
17.787113862978174,507,543,0,0
18.168288798761033,82,154,0,0
18.247712743419687,8,122,0,0
18.257970126675254,29,478,0,0
18.315232521689126,2047,58,0,0
18.31554235948592,957,235,0,0
18.349077089990416,66,668,0,0
18.451147857970863,9,170,0,0
18.46376362314674,67,25,0,0
18.468123413080303,61,196,0,0
18.52407681105099,10,32,0,0
19.431021724768872,174,247,0,0
19.4582046798872,2043,135,0,0
19.460123090298037,13,637,0,0
19.78533006806088,32,540,0,0
19.785751438595632,163,147,0,0
19.835117440618546,8,88,0,0
19.840752135280972,48,196,0,0
19.956805383321946,2392,265,0,0
19.960105320801798,134,126,0,0
20.21492288896222,14,270,0,0
20.247820447264495,27,23,0,0
20.24839118298972,63,223,0,0
20.24873945418777,214,678,0,0
20.258328882105854,30,59,0,0
20.498481712806665,42,41,0,0
20.5217458344213,14,673,0,0
20.542383001215068,97,372,0,0
20.553640613992265,145,478,0,0
20.632577813887078,10,100,0,0
20.67095663798987,15,195,0,0
20.70256886592528,49,174,0,0
20.705086718475773,13,262,0,0
20.899222705035754,1177,90,0,0
21.174839942908235,10,185,0,0
21.176176564483665,131,92,0,0
22.976717690247398,29,307,0,0
23.053261667212155,29,216,0,0
23.060061107278976,12,379,0,0
23.060461279787376,52,221,0,0
23.127585510651475,26,79,0,0
23.18261531882641,22,514,0,0
23.188097969095406,46,134,0,0
23.188600421542823,8,307,0,0
23.35962474249987,9,204,0,0
23.365188169872397,46,111,0,0
23.372212375338837,78,364,0,0
28.718418257826436,11,413,0,0
29.990991942691263,19,476,0,0
30.112541945202967,9,115,0,0
30.119799262271215,28,123,0,0
30.18593933494874,2357,153,0,0
30.186127565581852,9,314,0,0
30.208457266266798,15,165,0,0
30.21240529221829,9,684,0,0
30.21378468304406,9,96,0,0
30.214545961050906,25,629,0,0
30.26612603603471,88,26,0,0
30.28769926195435,154,140,0,0
30.312535395396985,111,95,0,0
30.409816460690337,21,494,0,0
30.4131388517457,12,252,0,0
30.414663377452122,14,120,0,0
30.415180291581976,115,417,0,0
30.4244102921549,68,118,0,0
30.506940524224653,5,71,0,0
30.520323791393132,102,208,0,0
30.58537069731044,906,769,0,0
30.58707089550828,12,380,0,0
30.594132057278788,55,23,0,0
30.59803206641471,80,68,0,0
30.599518079330593,39,82,0,0
31.34333827486868,8,189,0,0
31.442537857107077,84,658,0,0
31.44647026193361,16,106,0,0
31.45036964300953,29,534,0,0
31.466463836446177,886,728,0,0
31.467472619243495,92,97,0,0
31.510615032961564,25,39,0,0
31.511970809943122,79,386,0,0
31.52057273746587,6,140,0,0
31.522896544979698,273,91,0,0
31.529807830643914,2100,196,0,0
31.531067107833515,14,350,0,0
31.531843737396187,87,216,0,0
31.534456924275347,22,201,0,0
31.53908820082655,75,8,0,0
31.549093085079367,29,925,0,0
31.56980728647335,13,166,0,0
31.952275090839674,31,550,0,0
32.043868188845856,538,574,0,0
32.05474957737085,100,605,1,0
32.13181763739877,70,197,0,0
32.13636732116836,9,26,0,0
32.46332640320255,18,109,0,0
32.5174790138302,244,2690,0,1
32.518677637059355,10,390,0,0
32.60042416239931,15,460,0,0
32.69272349988766,186,215,0,0
32.69280738238331,19,337,0,0
32.696849070073895,264,151,0,0
32.70384415129391,10,294,0,0
32.70422544998489,23,300,0,0
32.70636051537482,27,354,0,0
32.70906831370946,1205,158,0,0
32.75881997566417,37,486,0,0
32.79173004316086,71,242,0,0
36.23852443284853,29,243,0,0
36.24672606725008,890,42,0,0
36.42787404359507,1266,18,0,0
36.44900090343654,17,316,0,0
36.48002312636698,13,108,0,0
36.48179775756197,19,27,0,0
36.48219272683874,15,323,0,0
36.486083297345864,17,777,0,0
36.56894636034038,11,2480,0,1
36.99666409625433,35,20,0,0
37.05705475039333,12,147,0,0
37.105936987352806,42,41,0,0
37.10930835519697,1070,396,0,0
37.49747702031205,82,52,0,0
37.762671886334225,682,270,0,0
37.76891317878279,32,313,0,0
37.785359649696126,16,770,0,0
37.78782109429157,9,756,0,0
38.12725051353924,20,170,0,0
38.16792335551906,22,17,0,0
38.182843658776264,21,203,0,0
38.22356092602838,17,294,0,0
38.26711907655849,141,321,0,0
38.275042781179444,13,724,0,0
38.276549179957144,2882,134,0,0
38.277933711049734,944,65,0,0
38.27849144079144,23,398,0,0
38.32388445855354,14,225,0,0
39.849168511170866,238,395,0,0
39.84977184396516,7,162,0,0
39.873565694730495,18,371,0,0
39.91461689783141,53,315,0,0
39.91713524022285,134,196,0,0
39.94429411473262,23,80,0,0
39.94630581136273,275,690,0,0
40.14537580633627,7,76,0,0
40.150873640057675,34,388,0,0
40.172938207206215,340,175,1,0
40.243842815493736,238,358,0,0
40.25148140922811,2483,143,0,0
40.25198318125746,109,205,0,0
40.2582191936632,20,288,0,0
40.341219375096095,7836,356,1,0
40.35645729335667,198,681,0,0
40.38502939076093,13,157,0,0
40.38710872682882,392,270,0,0
40.41113860740777,56,122,0,0
40.48855404697206,7,236,0,0
40.50796326869015,324,287,0,0
41.32761656304031,13,627,0,0
41.33952521393467,104,38,0,0
41.341773463147675,712,441,0,0
41.34248348024659,80,41,1,0
41.523188150178065,18,323,0,0
41.53922382266322,11,463,0,0
41.67569259551886,49,28,0,0
41.72076139033079,478,213,0,0
42.18621891207705,242,242,0,0
42.41324546502105,14,122,0,0
42.421725742188436,6,246,0,0
42.4529321065596,11,360,0,0
42.611090377077375,77,315,0,0
42.61261340737992,9,183,0,0
42.94114868052773,18,2780,0,1
43.14488751348847,13,2580,0,1
43.27374460661391,38,262,0,0
43.285817804398505,24,400,0,0
43.318838494505016,851,569,0,0
43.32077014299191,10,406,0,0
43.34103241441293,27,120,0,0
43.34660630453097,10,79,0,0
43.36806178664485,81,103,0,0
43.3747717918911,6,143,0,0
43.40660338473548,1584,400,0,1
43.59745888738647,9,194,0,0
43.59877363654125,85,60,0,0
43.71362444972262,80,522,0,0
43.71396040646152,15,659,0,0
43.71419990344851,13,316,0,0
43.728412304623184,282,723,0,0
43.74670151011032,57,165,0,0
43.790449863081925,103,473,0,0
43.791118898497686,29,346,0,0
43.807125079702715,1662,645,0,0
43.830365700704995,17,227,0,0
44.05249557380498,14,242,0,0
44.06715631255519,11,192,0,0
44.119135102779964,524,361,0,0
44.12168997230999,208,241,0,0
44.13409054914944,177,286,0,0
44.14149278144412,157,52,0,0
44.215152862819764,24,210,0,0
44.21765017169893,50,211,0,0
44.2210516405188,11,296,0,0
44.27815303827949,420,147,0,0
44.924751562391556,15,187,0,0
44.963545303403784,7,197,0,0
44.996659856134414,1450,292,0,0
45.005689992523074,127,257,0,0
45.164817006955374,3157,397,0,0
45.217944054671875,8,70,0,0
45.79574978019572,276,224,0,0
45.830712252946014,366,45,0,0
45.83341832571982,27,548,0,0
45.839190040681736,28,301,0,0
45.841694425573685,18,344,0,0
45.84317319529488,2038,69,0,0
46.06911717960217,214,219,0,0
46.15981434232519,889,173,0,0
46.161329566664605,18,346,0,0
46.79751725307266,9,65,0,0
46.82694605083836,38,101,0,0
46.82960802571257,37,511,0,0
46.868675729724124,679,385,0,0
46.884388342443074,25,48,0,0
46.88823630095156,40,559,0,0
46.88860675853464,147,137,0,0
46.90802653723385,2740,398,0,0
46.9403839764312,215,155,0,0
46.940487775061634,65,195,0,0
46.995231728152405,1983,325,0,0
47.057292797453364,18,137,0,0
47.06434444330449,83,255,0,0
47.08692520673684,1048,407,0,0
47.09721894663783,13,166,0,0
47.10060155503371,880,623,1,0
47.10938388985667,55,348,0,0
47.378746894028424,30,35,0,0
47.379738547142324,122,440,0,0
47.40873683590204,29,489,0,0
47.43481472435799,14,41,0,0
47.439197103019346,51,767,0,0
47.44667666212546,21,359,0,0
47.447773054851204,667,316,0,0
47.45105661379956,19,223,0,0
47.4696490700109,11,3470,0,1
47.504333263537326,2706,164,0,0
47.507325732102224,66,556,0,0
55.65540214641155,22,76,0,0
55.661169210681,20,729,0,0
55.68444729350654,34,615,0,0
55.695825412177854,43,215,0,0
55.70393699233017,15,5830,0,1
55.94740610920001,11,663,0,0
55.954331742484534,751,362,0,0
56.214578406276786,40,316,1,0
56.3916377272791,15,252,0,0
56.3938666579111,14,412,0,0
56.537008958773285,100,97,0,0
56.54192299717112,13,22,0,0
60.83934122902014,58,295,0,0
60.84768229917329,94,402,0,0
60.85043064658552,20,219,0,0
60.85082547646852,12,199,0,0
60.8521844938631,1072,748,0,0
60.857833922615114,590,90,0,0
60.86028565936868,12,359,0,0
60.861831361816996,43,384,0,0
60.866322799280276,17,453,0,0
60.87826115958763,7,80,0,0
61.205780467149374,1579,13,0,0
61.2063787225534,205,3250,0,1
61.21236560167421,5,48,0,0
61.215043587750706,14,222,0,0
61.21591517149173,9,181,0,0
61.217349330966016,17,458,0,0
61.22029808458238,7,52,0,0
61.29601027103054,68,296,0,0
61.30825445574638,9,218,0,0
61.31440710051729,20,157,0,0
61.37568600498198,35,260,0,0
61.40732502734441,507,142,0,0
61.41886935922313,50,545,0,0
61.457786077924574,39,320,0,0
61.46122841384564,245,310,0,0
61.52451130067413,3847,178,0,0
61.570422182002346,53,408,0,0
61.57833309903355,127,97,0,0
61.579907539458546,121,205,0,0
61.957185034922205,285,339,0,0
61.978970745684876,14,314,0,0
70.0447228310326,60,460,1,0
70.04960717078096,57,58,0,0
70.14894617531169,5,488,0,0
70.15651784746967,1950,100,1,1
70.18648759223287,9,51,0,0
70.28203616014447,890,42,0,0
70.2856843701416,18,109,0,0
70.3004554518204,17,170,0,0
70.32535215631843,32,600,0,0
70.34799428938219,19,279,0,0
70.40748108204387,251,456,0,0
70.54780852891307,10,361,0,0
70.64340242180657,38,348,0,0
70.67393753795892,901,173,0,0
70.68294547753514,120,292,1,0
70.68482964317904,6,168,0,0
70.68897444651073,2349,50,0,0
70.6952443106379,17,502,0,0
70.76593263282128,39,30,0,0
70.77465274324425,136,390,0,0
70.77615681318046,83,367,0,0
70.83930894233076,14,364,0,0
70.84292849651175,16,172,0,0
70.84682934874517,50,486,0,0
70.85830594020524,19,292,0,0
70.9047945787654,19,369,0,0
70.90493921770037,116,769,0,0
70.90685465180728,1009,383,0,0
70.93249149635679,15,195,0,0
70.94120200563471,62,561,0,0
70.94440396597304,78,199,0,0
70.9505140864458,16,6210,0,1
71.23862925413236,11,335,0,0
71.24588211300092,25,272,0,0
71.32093418646257,2826,176,0,0
71.40886852848634,20,524,0,0
71.41620171560173,34,104,0,0
71.4600059458249,40,10,0,0
71.46733888948712,13,263,0,0
71.47266178401932,47,19,0,0
71.47455990328689,158,148,0,0
71.57839092239855,21,261,0,0
71.58652883393007,26,358,0,0
71.59250971232112,161,296,0,0
71.59440233290263,49,257,0,0
72.26659310289801,19,378,0,0
72.34614928638041,500,271,1,0
72.35998486326385,502,167,0,0
72.3644817418718,10,258,0,0
72.36532815497831,50,147,0,0
72.39767380681846,9,304,0,0
72.42980077737639,1302,164,0,0
72.43087979485665,210,19,0,0
72.615067058895,213,450,0,0
72.70024691666426,45,70,0,0
72.70288144659462,2753,142,0,0
72.70881996204932,183,293,0,0
72.71649682508921,25,435,0,0
72.74138045563663,40,428,0,0
72.75486728231783,627,102,0,0
72.7555477153139,25,171,0,0
73.09968725416522,21,372,0,0
73.13365709504647,55,439,0,0
73.35827460589981,9,187,0,0
73.58023455411953,47,422,0,0
73.59214065115839,23,120,0,1
73.62789874088935,4,53,0,0
73.70664111860964,309,373,0,0
73.79074722011428,54,635,0,0
73.80374807009221,83,502,0,0
73.80898890759967,23,180,0,0
73.82835309592778,37,254,0,0
73.83198503514096,101,241,0,0
73.83792073120593,24,570,0,0
73.83823187303646,253,250,0,0
73.85956236509139,16,139,0,0
73.8618765778687,86,500,0,0
73.8678133933852,14,96,0,0
73.88405297514844,2652,72,0,0
73.91785506057893,14,106,0,0
74.70719405271177,264,151,0,0
74.73435132822692,54,227,0,0
74.73541989934655,27,283,0,0
74.75885758562606,36,154,0,0
74.76433920504523,80,767,0,0
74.80444910623223,32,340,0,0
74.80902955374455,8,632,0,0
74.81340513202093,25,192,0,0
74.81989553562768,34,21,0,0
74.82503900028806,7,122,0,0
74.82550820800007,104,289,0,0
74.83024949613112,520,480,1,0
74.84779556746587,271,395,0,0
75.04690005824774,190,117,1,0
75.05693924612278,309,308,0,0
75.06551867673087,13,95,0,0
75.12306148056416,406,391,0,0
75.17613389506984,2664,59,0,0
75.6183960499715,44,445,0,0
75.67654892732322,42,52,0,0
75.69390516020815,27,147,0,0
75.95621076145319,10,3800,0,1
76.34066167175395,9,252,0,0
76.34763501963704,38,227,0,0
76.37239260742662,7862,330,1,0
76.37301859237374,2569,318,0,0
76.38172968574192,18,89,0,0
76.38481097820234,13,299,0,0
76.39657101800054,6,132,0,0
76.40345765705236,22,458,0,0
76.41640321260618,46,252,0,0
76.43108757575737,28,590,0,0
76.47950154973068,57,405,0,0
76.50813939833364,92,582,0,0
76.514005812766,11,32,0,0
76.51537542300663,15,24,0,0
76.72864474514542,403,4,0,0
77.03583187313848,203,63,0,0
77.04310337091229,88,451,0,0
77.09856441668063,19,274,0,0
77.09941710809801,552,486,0,0
77.10021038918244,246,237,0,0
77.11072833809081,44,188,0,0
77.45320915988954,8,321,0,0
77.45543414288235,271,395,0,0
77.45883696006875,8083,109,1,0
77.90829466958758,74,373,0,0
77.90870366817907,19,213,0,0
77.9744166666982,58,636,0,0
78.02228624016004,13,940,0,1
78.0342312153677,182,70,0,0
78.0605452438486,22,684,0,0
81.47692101704246,815,110,0,0
81.47881591664576,8,165,0,0
81.48844677028873,10,117,0,0
81.49965451951722,13,350,0,0
81.50419707651434,18,474,0,0
81.50542962811032,1194,770,0,0
81.94221974264863,63,330,0,1
81.97024321357252,66,8,0,0
81.97077947579486,23,338,0,0
81.97520435850385,22,289,0,0
82.01579971355383,41,291,0,0
82.05623458295132,8,24,0,0
82.05724685566756,136,45,0,0
82.0722761089856,252,504,0,0
82.10268137222725,1726,224,0,0
82.14224839288292,62,406,0,0
82.18197620293668,10,189,0,0
82.18244707154611,84,480,0,0
82.90791573774001,70,80,0,0
82.9354414201772,26,73,0,0
83.60380459646692,19,236,0,0
89.13993047595103,395,309,0,0
89.15301902223263,13,251,0,0
89.15454911269657,31,235,0,0
89.25615620370368,18,410,0,0
89.26872459634527,5,69,0,0
89.27604036893266,11,350,0,0
89.2783251711869,19,767,0,0
89.80596894998882,14,296,0,0
89.81341365718747,4,116,0,0
89.81451186841522,26,233,0,0
89.82188401913469,61,92,0,0
89.82366708553005,10,112,0,0
89.84841300461339,6,89,0,0
89.85621299978172,6,38,0,0
89.85839012179038,5,221,0,0
89.91851264757459,58,295,0,0
89.92349540996193,2884,231,0,0
90.00023169919302,16,373,0,0
90.22494362815452,23,232,0,0
90.23369269202487,200,420,1,0
90.23864485038216,71,517,0,0
90.26552651362404,26,226,0,0
90.37283967921474,31,24,0,0
90.39078386472772,9,63,0,0
90.41465724300934,126,350,0,0
90.43175710977422,300,312,1,0
90.46538250196123,346,768,0,0
90.52883796460651,256,282,0,0
90.53323410252911,15,155,0,0
90.5401083665491,47,90,0,0
90.55979677607837,15,253,0,0
90.56456220708093,151,34,0,0
90.58825339493667,29,44,0,0
90.64098159876204,160,575,0,0
90.65825915863931,11,323,0,0
90.66365567116178,17,4980,0,1
90.66746879061722,206,102,0,0
91.2664936708399,16,18,0,0
91.37106442749786,299,326,0,0
91.37298574138035,11,33,0,0
91.37634190557941,31,54,0,0
92.14185144675155,12,231,0,0
92.51257167245129,43,341,0,0
92.5358891898337,985,209,0,0
92.71871796464413,100,536,0,0
92.7196400565886,153,42,0,0
92.73773217087742,31,505,0,0
92.81712996799989,10,290,0,0
92.81756729134193,21,264,0,0
92.8213364951902,216,88,0,0
92.90769972075066,5,1620,0,1
93.08118834414364,26,97,0,0
93.08669654091754,164,74,0,0
93.11891279583887,23,86,0,0
93.56222637215508,50,153,0,0
93.57063271134311,82,664,0,0
93.57188644265148,2246,188,0,0
93.58784566787355,850,392,0,0
93.59606539469752,29,34,0,0
93.83952445804374,19,106,0,0
93.86438006547681,2224,572,0,0
93.86800799852219,44,171,0,0
96.06301693571872,35,244,0,0
96.06965365829926,27,26,0,0
96.11607428282204,21,406,0,0
96.18585204352568,19,392,0,0
96.27246907224918,49,514,0,0
96.29796921509954,52,507,0,0
96.35630407975044,50,506,0,0
96.37205735032775,35,2950,0,1
96.3731133504562,37,94,0,0
96.38473919990801,11,339,0,0
96.3968734026411,15,411,0,0
96.40952029781276,15,635,0,0
96.43320988816333,1815,88,0,0
96.43838285556446,107,252,0,0
96.69289975435093,9,303,0,0
97.1070720491738,41,80,0,0
97.10729342997581,44,36,0,0
97.12567786353364,58,253,0,0
97.1300343383177,9,477,0,0
97.13013264773302,18,73,0,0
97.17111428364349,331,497,0,0
97.17634868789241,5070,500,0,0
97.18485988893131,128,127,0,0
97.18976214908078,702,1250,0,1
97.3484379684737,37,207,0,0
97.56361227763156,108,712,0,0
97.59500082273728,263,458,0,0
97.66717411105792,398,211,0,0
97.6815851664976,5,97,0,0
97.7054682579539,41,1990,0,1
97.70956145773552,20,571,0,0
97.72889686256754,12,113,0,0
97.73322661891659,126,679,0,0
97.77127675793173,20,520,0,0
97.86567426532494,69,2650,0,1
97.89928810164221,6,171,0,0
98.09198345466025,57,312,0,0
102.0100077863753,380,348,1,0
102.01027484952948,20,227,0,0
102.02882022203073,6,41,0,0
102.03460651116788,10,222,0,0
102.04184535351486,12,242,0,0
102.04303839039561,21,191,0,0
102.06308224773704,14,315,0,0
102.07384731995255,276,305,0,0
102.07893748817119,8,601,0,0
102.08978794309066,22,60,0,0
102.09530235346377,4,300,0,0
102.09546881490216,150,100,0,0
102.2511282000449,35,7130,0,1
102.26096280150544,25,255,0,0
102.26366368128438,205,384,0,0
102.29696764505685,12,850,0,1
102.30176457199902,44,820,0,1
102.30199793904303,3565,25,0,0
102.40833958612173,21,280,0,0
102.40897051253852,10,265,0,0
102.42062904231999,52,302,0,0
102.44357552698602,398,309,0,0
102.71189782192958,14,260,0,0
102.90689275995905,24,21,0,0
102.93202994957308,28,252,0,0
102.93594986121278,225,199,0,0
102.94380413597744,597,188,0,0
103.10270105007038,14,299,0,0
103.74544790747252,2194,14,0,0
103.79898793507994,70,591,0,0
103.80395665985462,690,158,0,0
103.94535718307432,2482,382,0,0
103.95387680623949,17,256,0,0
103.96185852355816,1211,240,0,0
103.9721871049469,9,292,0,0
104.03092882606887,132,314,0,0
104.06222206294859,11,701,0,0
104.19364952730669,14,150,0,0
104.43485251196394,60,705,0,0
104.48521987641706,13,198,0,0
104.48538992437915,66,25,0,0
104.48599624715183,462,188,0,0
104.51077604940069,7,144,0,0
104.52663029406729,72,210,0,0
105.88120721749945,23,322,0,0
105.89819380629315,23,162,0,0
105.91149205556367,16,368,0,0
106.0306712809081,511,537,0,0
106.18234310078988,41,115,0,0
106.19361183452978,253,360,0,0
106.24010272803376,18,494,0,0
106.24197239236237,6,47,0,0
106.2447085338404,1021,439,0,0
106.45722055325707,7,411,0,0
106.45830230427195,12,344,0,0
106.57244821075571,30,182,0,0
106.642457576247,25,26,0,0
106.72658753548507,6,265,0,0
106.83858937298794,188,200,0,0
106.8943226999357,10,74,0,0
106.89457175895292,34,362,0,0
106.89699254725231,9,205,0,0
106.90241326901209,98,438,0,0
107.01486153119697,121,135,0,0
107.01675278822765,150,193,1,0
107.02115920649715,1041,194,0,0
107.02989324772437,46,373,0,0
107.28095922570324,1139,303,0,0
107.28197003034865,18,351,0,0
107.28317324053965,25,593,0,0
107.34642826994774,36,330,0,0
107.34668539222811,1392,195,0,0
107.38173653171896,24,157,0,0
107.38901390812994,5190,100,1,0
107.38978415009511,1120,150,1,0
107.397570011639,13,70,0,0
107.40000168178275,181,332,0,0
107.42524147303891,155,357,0,0
107.46259758018337,18,699,0,0
107.81712136159018,28,687,0,0
107.83471050370602,42,264,0,0
107.85677476720102,190,264,1,0
107.86246203908283,114,149,0,0
107.87967361227999,2160,97,1,0
108.0269126224895,70,571,0,0
108.0272960597912,302,490,0,0
108.09472740764457,4,72,0,0
108.10091470504666,2110,168,1,0
108.12183317959237,16,291,0,0
108.15640164625911,3664,388,0,0
108.25529485812744,6,238,0,0
108.28436346352196,34,385,0,0
108.29259384139401,45,453,0,0
108.32625151083825,18,68,0,0
108.34472983808742,21,178,0,0
108.3567171956784,159,273,0,0
108.3839153094085,58,392,0,0
108.48746102720942,67,471,0,0
108.51125699983552,10,370,0,0
108.53588270361216,16,293,0,0
108.53725684824921,11,58,0,0
108.5512536630002,22,194,0,0
108.55169269509022,96,371,0,0
108.62785552512088,196,9,0,0
108.63061308127803,419,209,0,0
108.8713285001785,61,209,0,0
116.05615397244924,4,28,0,0
116.06430426474941,1547,210,0,0
116.32208583335553,7,388,0,0
116.36253516689554,219,563,0,0
116.36845837179463,407,374,0,0
116.37181262672037,63,242,0,0
116.42733220046618,6,20,0,0
116.72101373024186,4,316,0,0
116.75762159810796,9,198,0,0
116.75849886508695,24,20,0,0
116.76074302926057,30,2180,0,1
116.77218060052009,1191,768,0,0
117.04455696764366,27,384,0,0
117.076363856649,218,452,0,0
117.11108594993814,16,464,0,0
117.31421871033196,1156,204,0,0
117.32620377601351,100,359,1,0
117.3413026511231,18,29,0,0
117.35384511547878,21,185,0,0
117.3543603830741,17,240,0,0
117.40024867046283,5,277,0,0
117.4412879582942,12,2380,0,1
117.56823082018803,14,340,0,0
117.56990453546149,30,74,0,0
117.57343392807707,978,92,0,0
117.69038916509895,47,306,0,0
117.72482079098904,23,19,0,0
118.00710196336513,29,100,0,1
118.0103136228697,9,276,0,0
118.03727642637898,8,46,0,0
118.04194501796105,1690,11,0,0
118.07547228065515,107,159,0,0
118.08231210922683,11,14,0,0
118.13502112247838,472,307,0,0
118.29191658787937,13,268,0,0
118.36156035714977,60,417,0,0
118.36204531469467,13,372,0,0
118.4803968768168,242,269,0,0
118.52456205174495,710,503,0,0
118.5268028022775,6,206,0,0
118.52987170466264,13,344,0,0
118.54821869794169,15,144,0,0
118.60503998489327,31,349,0,0
118.61236613712941,32,512,0,0
118.61306929694342,1299,258,0,0
118.64475958972076,15,261,0,0
118.67010175282215,460,314,0,0
121.05072578293792,166,267,0,0
121.05209704774458,169,259,0,0
123.86044977274061,660,102,0,0
124.45171042317662,46,104,0,0
124.4847960149023,20,62,0,0
124.98290579332208,4,761,0,0
125.00479454842932,2079,160,0,0
125.13234687260737,15,225,0,0
125.13650606365506,10,265,0,0
125.15766893195737,39,1300,0,1
125.1600407615828,4,67,0,0
125.16081328754842,309,127,0,0
125.17129394236322,19,121,0,0
125.17612499587202,950,132,1,0
125.23286485029163,196,222,0,0
125.46203393100865,59,94,0,0
125.47489939222284,29,2950,0,1
125.49520133834248,66,235,0,0
125.52147826083504,7921,271,1,0
125.52210760050355,5,187,0,0
125.55301557991922,80,55,0,0
125.57147460261882,164,495,0,0
125.58792264370693,214,62,0,0
125.58992055508199,241,294,0,0
125.59026325234713,22,4410,0,1
125.6012022216463,40,257,0,0
125.63516162388542,21,330,0,0
125.89882635238033,6,320,0,0
126.07215755539828,13,282,0,0
126.40361110582374,125,187,0,0
126.44142794571249,1040,135,1,0
126.62364292894681,12,299,0,0
126.63559411382532,22,107,0,0
126.69901029396685,48,290,0,1
126.81534615568238,7,39,0,0
130.72616436585935,6,177,0,0
130.75547976743712,55,195,0,0
130.75689559323064,696,219,0,0
131.04070933577404,32,134,0,0
131.04441645171255,12,271,0,0
131.06039900747305,50,267,1,0
131.0704174016088,53,28,0,0
131.07335425609097,19,285,0,0
131.33380073359533,140,290,1,0
131.3932411517445,19,72,0,0
131.39854695615765,8,236,0,0
131.4192758727351,227,218,0,0
131.42686245363862,329,390,0,0
131.48862168567948,202,554,0,0
131.4970849764376,26,469,0,0
131.50098321720918,20,83,0,0
131.50595728144214,18,217,0,0
131.51348916346862,72,126,0,0
131.54567693630588,30,47,0,0
131.5485492045053,19,134,0,0
131.56364042103502,70,70,1,0
131.607457090533,6,61,0,0
133.54156717519467,10,286,0,0
133.64158447894408,89,543,0,0
133.6416306834548,22,135,0,0
133.64812352483943,77,344,0,0
133.6562815471589,47,318,0,0
133.690529367423,17,324,0,0
134.1069200998032,13,438,0,0
134.1865192081903,955,87,0,0
134.18669953802998,37,455,0,0
134.22004117967646,9,341,0,0
134.2424393351767,23,302,0,0
134.28365489724416,20,82,0,0
134.55696037768286,11,96,0,0
134.5589967077974,150,506,1,0
134.72285345429685,17,381,0,0
134.72351387683904,8,43,0,0
134.743489189256,140,157,0,0
134.78211986804854,31,434,0,0
136.5226007500992,15,339,0,0
136.52702982290342,13,260,0,0
136.5276393826821,93,523,0,0
136.59895412814777,6,11,0,0
136.60376265321534,25,587,0,0
137.0155485579444,51,671,0,0
137.0199272011733,13,116,0,0
137.02304869425785,17,767,0,0
137.24047254834315,27,410,0,0
137.2618794637918,6,220,0,0
137.3954220014617,56,67,0,0
137.39645495493227,86,7100,0,1
137.8867610188057,81,169,0,0
137.89231792579756,12,2770,0,1
137.98523767326873,113,109,0,0
137.9876557513616,113,135,0,0
137.9884675313323,36,330,0,0
137.99926384748764,621,457,0,0
138.02484297692428,16,363,0,0
138.44732568035,69,626,0,0
138.48366672948288,6,48,0,0
138.55914793562783,10,5900,0,1
138.62655077054316,523,235,0,0
147.70048672582377,7,78,0,0
147.7040000604337,22,16,0,0
147.926108695798,48,336,0,0
147.93949645480836,10,279,0,0
147.96989552933843,17,82,0,0
147.97594123048873,7,242,0,0
148.1604445260363,6,71,0,0
148.16191139375832,72,375,0,0
148.16319323335472,120,458,1,0
148.17510108294925,87,296,0,0
148.17688136523802,450,453,1,0
148.25053753936623,41,180,0,0
148.3645882280884,1701,129,0,0
148.36859049010505,22,85,0,0
148.4551233481,918,432,0,0
148.45992405523936,111,431,0,0
148.47644103259597,173,36,0,0
148.4947314114053,60,633,1,0
149.2642453124364,18,47,0,0
149.28227458936303,11,115,0,0
149.28518684810783,2379,170,0,0
149.2880667553637,51,166,0,0
149.48697549881632,13,595,0,0
149.48761621220007,335,224,0,0
149.49466154143158,28,475,0,0
149.50309684770247,162,1170,0,1
149.5032310812659,25,366,0,0
149.5102902825381,270,771,1,0
149.64420000399215,75,301,0,0
149.67280258659602,46,354,0,0
149.67578079638625,31,285,0,0
149.74754504557535,22,243,0,0
149.79824580020033,150,456,1,0
150.83292986852896,1317,161,0,0
150.83701836320853,764,119,0,0
150.8453113643197,654,275,0,0
150.86490125792483,40,231,0,0
150.87857500584047,20,427,0,0
150.900022447013,37,310,0,0
150.914578036311,8,279,0,0
150.91907355973922,40,145,1,0
150.91980264099433,1040,750,1,1
150.92567905171583,30,2820,0,1
150.92679278236633,20,397,0,0
150.92899358206222,9,251,0,0
150.93502184671402,94,664,0,0
150.9843454033864,21,303,0,0
151.08267791377114,67,428,0,0
151.08491232648157,15,212,0,0
151.11762094673475,18,359,0,0
151.2055695147294,14,136,0,0
151.221648030025,80,107,0,0
151.2223066607652,24,28,0,0
151.22254117582352,5,679,0,0
151.30786778364433,46,108,0,0
151.41648625016254,1447,25,0,0
151.44667626367513,15,519,0,0
151.4487810834887,6,139,0,0
151.76474889218622,18,342,0,0
151.96037284973892,1310,669,1,0
151.9760955590793,5,363,0,0
151.98711279591313,260,169,1,0
151.9874554343221,30,328,0,0
152.06463749695897,38,766,0,0
152.06531780774577,11,227,0,0
152.13221288141966,9,52,0,0
152.2059155341214,874,507,0,0
152.22658552723564,179,204,0,0
152.63011201733224,150,150,0,0
152.63910376837703,22,213,0,0
152.69485137521661,20,154,0,0
152.77924584449966,308,152,0,0
152.80744617139388,53,28,0,0
152.8148706438581,6,24,0,0
153.01580131361956,536,9,0,0
153.05576438986375,31,341,0,0
153.06743742190983,10,317,0,0
153.07975205539452,3360,238,0,0
153.10202259346946,210,241,0,0
154.74583598305915,3253,168,0,0
154.76706625264202,60,15,0,0
154.77770643677252,13,396,0,0
154.77974740068572,300,330,0,0
154.78124446600492,424,450,0,0
154.78163024875604,4,241,0,0
154.8090561586886,15,46,0,0
154.82721127013508,14,401,0,0
154.82940238918823,72,31,0,0
154.83027781408921,17,298,0,0
154.83918694078451,537,91,0,0
154.84517880172072,11,206,0,0
154.84635927119507,6,1620,0,1
154.87757501769752,7,579,0,0
154.9002702412349,70,631,0,0
154.91567781280733,25,310,0,1
154.9954310502192,108,74,0,0
155.00004748653365,7,128,0,0
155.258414367855,22,456,0,0
155.2606502218244,12,238,0,0
155.30823281274846,80,13,1,0
155.36880198236793,1229,45,0,0
155.3788946178586,30,395,0,0
155.41318528206685,10,199,0,0
155.4144863188072,17,298,0,0
155.4153252134308,10,231,0,0
155.42666057614488,8,254,0,0
155.4305962427857,139,7130,0,1
155.4859351479896,17,777,0,0
155.50393341834553,1127,211,0,0
155.56213183802973,369,228,0,0
155.59419532488178,23,180,0,0
155.61966508922495,43,265,0,0
155.64007135925007,39,766,0,0
155.64810586390567,50,11,1,0
155.6547900536131,39,343,0,0
156.64645451691385,669,88,0,0
156.6469543053763,16,87,0,0
156.65859884194936,21,640,0,1
156.78453101934318,8,470,0,0
156.82363982031987,118,108,0,0
157.10657259838578,66,13,0,0
157.1572524595663,24,262,0,0
157.1586021880991,183,250,0,0
157.16732826454748,8,288,0,0
157.1683437547137,143,274,0,0
157.28917807613328,8,241,0,0
157.59100068583552,69,2830,0,1
157.59795132058778,23,90,0,0
157.64766003697903,157,83,0,0
157.65502356887032,968,407,0,0
157.65596443198783,7,203,0,0
157.66279288764528,22,349,0,0
157.66349594048052,300,252,1,0
157.66883136082632,23,411,0,0
157.69419666869436,554,354,0,0
157.7651556350552,150,164,1,0
157.98645657941202,198,36,0,0
157.99496224070754,4,24,0,0
158.02146932903798,50,309,1,0
158.05984420654974,14,187,0,0
158.1100113876048,24,770,0,0
158.11006642764124,28,43,0,0
158.11353850631426,15,360,0,0
158.19436180283458,26,467,0,0
158.1961106273373,72,3570,0,1
158.2230017739448,35,207,0,0
158.30975746028315,81,134,0,0
158.31012553840975,1775,276,0,0
158.32127088189588,37,413,0,0
158.3474591065695,76,256,0,0
158.36408935052114,39,233,0,0
158.36485086557838,155,709,0,0
158.39730566758752,14,69,0,0
158.40257762337052,13,208,0,0
158.48634559607297,10,122,0,0
158.52449112956077,1713,52,0,0
158.52984854409934,5,21,0,0
158.55266907909584,40,342,0,0
158.55669239337084,669,143,0,0
158.56062709686535,17,2860,0,1
158.56130248653537,158,378,0,0
158.57114799495878,1861,698,0,0
158.6501758494043,11,236,0,0
158.66992794067548,2029,766,0,0
158.6848764502099,19,98,0,0
158.68927597166837,8,216,0,0
158.69467060181753,12,667,0,0
158.7625743385123,930,193,1,0
158.76334368370752,6,398,0,0
159.70608186427853,17,128,0,0
159.71943500762706,15,413,0,0
160.88571573336515,68,327,0,0
161.04370679691505,1646,1680,0,1
161.0502155097457,13,77,0,0
161.1152141349539,122,197,0,0
161.14010874210052,27,27,0,0
161.17752060568552,17,302,0,0
161.24985981508445,2395,326,0,0
161.2547863615774,206,768,0,0
161.25904387831298,15,262,0,0
161.26537181545623,36,308,0,0
161.26631781396247,6,189,0,0
161.2749070049992,29,468,0,0
161.29781313632597,1704,24,0,0
161.32161971664934,25,244,0,0
161.34278971032205,19,480,0,0
161.34929216758664,55,94,0,0
161.41837478040458,23,24,0,0
161.4186099599896,34,3350,0,1
161.42501493871936,1177,610,0,0
161.43232551644064,7961,231,1,0
161.51670568004963,28,362,0,0
161.56953955650755,22,284,0,0
161.63861980334613,787,65,0,0
161.6528859564877,21,208,0,0
161.74497032818502,85,366,0,0
161.7468151657654,47,293,0,0
161.76256266102183,1410,477,1,0
161.7627613479828,888,407,0,0
162.17915031503918,30,767,0,0
162.50462332713752,42,48,0,0
162.50868587341898,392,351,0,0
162.51114391434376,19,137,0,0
162.5113454002585,61,251,0,0
162.5119697877845,59,135,0,0
162.52900776363325,21,161,0,0
162.5387520985088,18,278,0,0
162.53944986494787,14,309,0,0
162.54436276004503,131,47,0,0
162.54789477220953,72,260,0,0
162.5820688581994,80,1110,0,1
162.6374093667425,19,287,0,0
162.646046195409,93,42,0,0
162.66293210511404,6,249,0,0
162.67621635608822,21,474,0,0
162.67642221174663,65,81,0,0
162.6956733949695,326,83,0,0
162.70749904311756,5955,227,0,0
162.76790030981599,104,169,0,0
162.76824288652114,5,98,0,0
162.8304906815617,81,324,0,0
162.83425418072574,150,336,1,0
162.8573074247903,4,62,0,0
163.00985688711265,7,28,0,0
163.01056420143655,21,203,0,0
163.01154720794634,4,38,0,0
163.11068893289945,118,225,0,0
163.11207458229455,2651,59,0,0
163.11406777436937,8,1160,0,1
163.15940007065367,8,55,0,0
163.16845358297903,347,33,0,0
163.23299642699092,2292,192,0,0
163.25781342841896,37,164,0,0
163.2707596391559,28,42,0,0
163.36858915121192,7,391,0,0
164.45616586667427,192,368,0,0
164.46736512236478,259,323,0,0
164.7313370276893,22,27,0,0
164.86349097048583,6,221,0,0
164.88056191532,6,248,0,0
164.91475223963977,35,16,0,0
164.91685349215166,13,170,0,0
164.92084840626487,10,7690,0,1
164.94474381124718,21,203,0,0
164.95723102036828,19,290,0,0
165.14257154252763,519,99,0,0
165.1435916483185,18,410,0,0
165.1512320808768,13,326,0,0
165.15506946516246,79,18,0,0
165.16521277791756,18,99,0,0
165.30641689067943,11,82,0,0
165.30764868644948,4,62,0,0
165.38310502879764,152,773,0,0
165.38733951948436,103,708,0,0
165.3945522562256,32,69,0,0
165.4963477989121,80,150,1,0
165.5041891686606,21,102,0,0
165.55676784082033,122,3920,0,1
165.57416955211087,13,470,0,0
165.5839757609959,39,82,0,0
165.59072328232946,43,263,0,0
165.59115820674322,314,416,0,0
165.5942817092785,146,33,0,0
165.61372986171608,27,488,0,0
165.63464693622566,30,361,0,0
165.6353543251702,290,113,0,0
165.73943581572587,63,253,0,0
165.78361633412896,15,456,0,0
165.78465509895545,38,507,0,0
165.78640108206835,38,247,0,0
165.8252984218143,14,259,0,0
165.82571600847254,32,475,0,0
165.82891469923945,35,163,0,0
165.84164246552115,85,26,0,0
165.85265197271502,344,712,0,0
165.8653401988055,109,338,0,0
165.89649898769184,23,57,0,0
165.8993889597807,79,619,0,0
165.90478665711785,24,385,0,0
166.77722327352436,56,247,0,0
166.77809059811736,160,240,0,0
166.7839405907233,37,243,0,0
166.8019241391883,1624,156,0,0
166.80587869412113,17,248,0,0
166.9725894686357,9,254,0,0
166.98933978164274,70,236,1,0
167.05546090805495,161,142,0,0
167.05553839376398,21,197,0,0
167.21237679983366,75,214,0,0
167.35764592838785,9,191,0,0
167.3608595513066,575,1480,0,1
167.5606357567787,92,251,0,0
167.58557049516907,67,259,0,0
167.67964407642128,24,316,0,0
168.23348021662218,1350,512,0,0
168.25153392996026,460,265,1,0
168.2534816641696,218,158,0,0
168.2679787360606,99,31,0,0
168.26913416152505,12,240,0,0
168.2721234125942,94,181,0,0
168.27535544965764,5,88,0,0
168.2789546369836,49,28,0,0
168.43355912132336,260,619,0,0
168.51362697759845,6,265,0,0
168.5161272668787,97,310,0,0
168.66141978917182,139,713,0,0
168.661944496244,13,560,0,1
168.6660205697931,110,48,1,0
168.6775373334644,591,765,0,0
168.84239128628346,98,48,0,0
168.90806039793836,105,376,0,0
168.94625550499845,33,227,0,0
169.15550896377474,10,256,0,0
169.22041678134656,123,775,0,0
169.45942714832913,34,37,0,0
169.46264999493945,29,522,0,0
169.4631793339082,12,196,0,0
169.46995673550643,36,4140,0,1
169.5525330241075,21,29,0,0
169.5789517030024,10,214,0,0
169.67219556213738,81,318,0,0
169.73748467533642,11,182,0,0
169.78175623117085,24,323,0,0
169.86299106576047,116,138,0,0
169.86676119711015,143,375,0,0
170.00777253452858,105,547,0,0
170.00988470477532,454,274,0,0
170.0224772774671,11,210,0,0
170.02340939228006,27,54,0,0
170.06700410521697,27,146,0,0
170.06771311688632,1327,357,0,0
170.33208878557897,17,345,0,0
170.33316335883794,24,168,0,0
170.3598134160884,101,391,0,0
170.37180233952463,143,359,0,0
170.37454368979573,16,239,0,0
170.568130866899,19,298,0,0
170.5748615836593,18,117,0,0
170.87385326319256,24,260,0,0
170.87588923183088,78,767,0,0
170.8790758962474,13,163,0,0
170.8793657363717,6,139,0,0
170.92744977319728,665,454,0,0
171.0271174132531,13,265,0,0
171.05205620900693,137,315,0,0
171.06356475051322,22,316,0,0
171.06608203634966,442,363,0,0
172.82732326234589,28,78,0,0
172.89783649492665,24,770,0,0
172.89823339934745,158,148,0,0
172.90680064183857,27,568,0,0
172.90688651015432,11,4,0,0
173.28381144208078,113,74,0,0
174.12152636729488,237,76,0,0
174.42031702682718,15,48,0,0
174.43468076005115,1409,748,0,0
174.43956903164042,978,91,0,0
174.44053185245025,17,106,0,0
174.4870696006135,6,71,0,0
174.49066971617938,8,217,0,0
174.4982216221716,27,279,0,0
174.50267740070692,36,184,0,0
174.5113274034778,485,241,0,0
174.60843989676437,8,161,0,0
175.08324402649035,429,40,0,0
175.10503775605184,10,319,0,0
175.12180139247005,28,410,0,0
175.1235334963437,35,433,0,0
175.1249068356915,10,82,0,0
175.12682284791381,12,104,0,0
175.2221749544841,285,184,0,0
175.2487759110404,6,160,0,0
175.36182996685378,6,230,0,0
175.39981893465762,5160,1390,1,1
175.4070731728829,11,290,0,0
175.408416358907,86,181,0,0
175.41618944789082,55,460,0,0
175.4171156507779,117,440,0,0
176.323403693576,81,18,0,0
176.3514438699326,80,118,1,0
176.35925737972843,8,222,0,0
177.25624359372313,71,501,0,0
177.2638090321219,632,296,0,0
177.3139201801861,12,386,0,0
177.32570791476667,66,762,0,0
177.35933719423736,50,22,0,0
177.3671591272454,73,328,0,0
177.4114039018386,70,99,0,0
177.7006347065375,62,298,0,0
177.70193036801805,125,422,0,0
177.70211808958493,25,226,0,0
177.95187346797323,24,167,0,0
177.97493690988503,550,320,1,0
178.07057905898589,2239,80,0,0
178.0797676082388,41,321,0,0
178.44996784751402,34,344,0,0
179.0984213687209,7,445,0,0
179.09997822490644,26,242,0,0
179.16384032816447,529,210,0,0
179.16864044583124,176,301,0,0
179.1692759488871,7,651,0,0
179.17816415800354,13,126,0,0
179.22947281704745,95,375,0,0
179.23049672393265,134,712,0,0
179.23170366217732,456,157,0,0
179.42604465039523,304,291,0,0
179.44316349469693,36,238,0,0
179.47917626791855,17,767,0,0
179.48075896601927,21,198,0,0
179.48498510240444,1023,394,0,0
179.50511814289854,794,260,0,0
179.5279951483684,377,142,0,0
179.5488734744297,12,318,0,0
179.9339689322365,159,239,0,0
179.95546443180092,17,2960,0,1
179.95615556646985,16,251,0,0
179.95874647717002,13,767,0,0
179.97214846132306,438,312,0,0
180.17000696085225,269,204,0,0
180.17371806432095,59,434,0,0
180.18042569257065,32,663,0,0
180.19436079700458,5,344,0,0
180.19786325746588,49,171,0,0
180.20061011956125,5,34,0,0
180.20958479685245,17,457,0,0
180.3166988651434,310,767,1,0
180.35472872297882,9,206,0,0
180.36270017334496,29,271,0,0
180.39475502995654,44,220,0,0
180.3958132268267,82,218,0,0
180.50203654613713,26,8,0,0
180.56501758586109,4,243,0,0
180.59074442271194,16,356,0,0
180.59126406930412,13,237,0,0
181.44772433977275,183,250,0,0
181.44776223632059,36,338,0,0
181.44962334952123,654,348,0,0
181.45180344615096,81,134,0,0
181.50887386745745,23,218,0,0
181.5095497520339,47,102,0,0
181.5320655355976,204,550,0,0
181.54233498560276,108,29,0,0
181.5500959242487,959,18,0,0
181.62898393943743,13,1340,0,1
181.87817422471917,125,596,0,0
181.9094304884507,183,494,0,0
181.91746780740877,25,297,0,0
181.9176074581278,178,185,0,0
182.1923174628822,8,298,0,0
182.19996337499876,10,213,0,0
182.2002950761668,7,427,0,0
182.21973914953207,60,136,0,0
182.48401714243832,460,172,0,0
182.49463051618065,12,331,0,0
182.49596014486787,18,227,0,0
183.85543360115398,2806,182,0,0
183.904714987017,295,75,0,0
183.93342582742068,3253,168,0,0
184.04548246404738,13,34,0,0
184.04566046582048,33,375,0,0
184.0581673840419,23,255,0,0
184.0685115511854,134,478,0,0
185.49093649215106,12,1410,0,1
185.495573233453,371,87,0,0
185.50032830258925,344,739,0,0
185.50120195790382,27,269,0,0
185.5039681865519,1836,152,0,0
185.513626350874,21,618,0,0
185.5385959218618,12,145,0,0
185.54842722101947,654,348,0,0
186.40250577670517,22,238,0,0
186.44245231286948,59,707,0,0
186.49623673523598,16,373,0,0
186.73227371518277,394,764,0,0
186.7856675594274,7,104,0,0
186.79081029882502,23,14,0,0
186.791456978556,20,280,0,0
186.8221169739134,335,7650,0,1
186.82487787384335,9,308,0,0
187.03935220226333,1486,766,0,0
187.04248792782352,13,73,0,0
187.04265047520693,202,324,0,0
187.05882706831434,437,465,0,0
187.18969068816713,13,110,0,0
187.1994628244042,15,532,0,0
187.22099777683073,24,232,0,0
187.24133822724582,24,403,0,0
187.73061586630007,63,362,0,0
187.75801480996216,60,356,0,0
187.77167894422251,1148,6280,0,1
187.77593142746426,1282,217,0,0
187.7764611804551,9,230,0,0
188.03441961989557,10,485,0,0
188.18676163228022,12,81,0,0
188.18889866713522,6,112,0,0
188.23979943816838,95,100,0,0
188.26848702490364,13,219,0,0
188.2753042712965,51,224,0,0
188.28312190126329,10,840,0,1
188.35127622029214,12,134,0,0
188.35255224032815,1219,492,0,0
188.35767077716628,409,44,0,0
188.37026745339236,8,511,0,0
188.38478374232625,50,311,0,0
188.3943905448388,70,2810,0,1
188.41732039376566,951,467,0,0
188.46060428729191,268,497,0,0
188.46300431267647,42,264,0,0
188.48050936070916,33,305,0,0
188.48555447650034,8113,79,1,0
188.80026235341748,43,99,0,0
188.80111048316556,728,769,0,0
188.81026064243628,7,168,0,0
188.87122294114127,4,128,0,0
188.8794978939088,18,144,0,0
188.88700879922652,273,219,0,0
188.8919636836549,16,100,0,0
188.91993648046878,27,1640,0,1
188.92133408425417,22,360,0,0
188.9339371215607,80,276,0,0
188.9460665901234,400,197,1,0
188.94683239558012,370,4,0,0
188.9729418968555,19,88,0,0
188.97878419009007,12,203,0,0
189.0070248627434,772,278,0,0
189.0938208933254,123,20,0,0
189.12433021470665,40,176,0,0
189.12571787045684,11,333,0,0
189.15510853117647,96,280,0,0
189.15570642356622,30,198,0,0
189.15896144847267,14,166,0,0
189.61575760566285,540,768,1,0
189.63141400370176,44,248,0,0
189.9974657481841,23,17,0,0
190.0082643492746,789,104,0,0
190.02420392371533,337,145,0,0
190.02583550780383,111,136,0,0
190.13209921554324,3688,254,0,0
190.1426368817462,21,523,0,0
190.19885523715297,911,125,0,0
190.23729979419412,10,148,0,0
190.28449254998512,10,220,0,0
190.31560530629125,124,430,0,0
190.33053752293574,39,273,0,0
190.34671897695958,14,387,0,0
190.35072308707865,1109,3060,0,1
190.3509433052917,836,21,0,0
190.3951968429223,66,525,0,0
191.51647036552114,32,4210,0,1
191.664793605213,110,254,0,0
193.56571535132255,19,192,0,0
193.61078710076976,13,451,0,0
193.61320930467338,50,597,0,0
193.6155288809829,63,126,0,0
193.69341039695038,40,259,0,0
193.72797114116904,41,596,0,0
193.74041062365507,146,134,0,0
193.81884664254926,19,346,0,0
193.82182559200075,843,135,0,0
193.87256822772827,166,582,0,0
193.88255908566651,7,14,0,0
193.90692821146365,12,81,0,0
194.10358040317928,40,280,0,0
194.11704914969326,14,24,0,0
194.40706922252,19,132,0,0
194.6713222380815,1173,36,0,0
194.67519397057848,22,767,0,0
196.67102397384528,5,231,0,0
196.67249726545558,31,18,0,0
196.68732943918877,13,44,0,0
196.76823963349304,8,71,0,0
196.7684195641504,17,239,0,0
196.91638706578428,48,334,0,0
197.0999107088802,37,394,0,0
197.114515072379,29,214,0,0
197.14640512564412,19,211,0,0
197.17486459878523,2615,93,0,0
197.186925078924,18,390,0,0
197.3485243685427,34,168,0,0
197.35719098169633,4,270,0,0
197.37406197396652,10,295,0,0
197.41275808756023,350,447,0,0
197.5161018224751,23,226,0,0
197.6885328485129,17,56,0,0
197.68945458714973,225,410,0,0
197.68975437154197,2903,523,0,0
197.70370337831352,17,211,0,0
197.72021364756847,25,769,0,0
197.72226642099346,6,419,0,0
197.7564617997516,663,710,0,1
197.82238606834645,183,250,0,0
197.862310338557,1342,460,0,0
198.38403413005307,14,85,0,0
198.38628369388803,105,265,0,0
198.40553196852304,19,72,0,0
199.32398191826982,19,169,0,0
199.39674731369075,15,158,0,0
199.39864928498773,20,529,0,0
199.4262684815028,16,314,0,0
199.62666908814427,12,760,0,0
200.8788152259774,31,19,0,0
200.94901190637376,30,338,0,0
201.14429453361427,45,183,0,0
201.14621369058202,11,164,0,0
201.1572339562373,24,113,0,0
201.3629880652561,16,216,0,0
201.36558616671914,117,552,0,0
201.38163061573547,50,316,0,0
201.38204126777023,29,375,0,0
201.74739360342394,61,458,0,0
201.761283673842,9,26,0,0
201.81841955284744,109,6450,0,1
201.81927659396024,893,380,0,0
201.82053586515136,8,43,0,0
202.53973562622593,30,9,0,0
202.54875070252038,25,584,0,0
202.55473752529176,4,229,0,0
202.60570627467098,18,323,0,0
202.66129096300597,14,335,0,0
202.6616279341824,35,358,0,0
202.66412064332002,24,376,0,0
202.68412145112055,32,385,0,0
202.70235962096893,1419,42,0,0
202.73917283330977,203,415,0,0
202.74672290075148,361,356,0,0
202.75694168051055,7622,570,1,0
202.78485361916432,42,23,0,0
202.789311294107,70,210,1,0
202.79262600235606,8,77,0,0
202.79855072792614,304,315,0,0
202.8167957454109,6,307,0,0
202.83008157188323,19,72,0,0
202.8368989746944,15,316,0,0
202.84770059738497,6,240,0,0
202.86394066533003,80,278,1,0
202.89828008937826,17,329,0,0
202.93562923597023,16,245,0,0
202.9369475327054,80,393,1,0
203.0655250159774,64,79,0,0
203.06622290423368,70,404,0,0
203.12019716576594,75,78,0,0
203.12445985749397,8,13,0,0
203.18202929382906,8,23,0,0
203.33396882163953,8,405,0,0
203.33436299673258,12,219,0,0
203.39424343753666,11,133,0,0
203.42501096230913,8,49,0,0
203.43192277348044,132,5610,0,1
203.47031144854498,8,169,0,0
203.47679208259433,245,277,0,0
203.49917986134054,109,678,0,0
203.50128560045675,40,113,0,0
203.58703920566597,65,11,0,0
203.64483938605792,4,2040,0,1
203.72355064691868,4,441,0,0
203.72823051997605,60,290,1,0
204.44669590385132,103,224,0,0
205.39390465198392,45,49,0,0
205.408605774795,66,342,0,0
205.41616519701233,21,336,0,0
205.42386002783297,12,358,0,0
205.49395286688608,48,220,0,0
205.63347770909337,110,246,0,0
205.6373626369066,124,529,0,0
205.63765580695775,93,128,0,0
205.68146109622458,6,254,0,0
205.69757699999553,18,239,0,0
205.72230617251358,87,16,0,0
205.77190650935526,24,360,0,0
205.77376184937492,11,98,0,0
205.79362010690042,28,91,0,0
205.80316400585824,663,77,0,0
205.84025925692643,16,227,0,0
206.04327566298952,5,99,0,0
206.0606146996339,226,479,0,0
206.0636764711819,17,366,0,0
206.27576182157773,179,454,0,0
206.34741442829323,168,132,0,0
206.35876012055388,51,237,0,0
206.35920964605276,37,436,0,0
206.3621142392929,9,5330,0,1
206.38472148777134,582,100,0,1
206.43562821073462,48,502,0,0
206.441433336694,61,59,0,0
206.48182634266533,10,140,0,0
206.4864840967714,38,152,0,0
206.49360190970668,8,433,0,0
206.5422792383936,15,336,0,0
206.55191112203812,3050,93,1,0
206.5738934889505,66,507,0,0
206.6703854102243,509,768,0,0
206.83114635088086,965,352,0,0
206.83618325098604,590,365,1,0
206.8460828568127,16,425,0,0
206.8472250116535,4,24,0,0
206.84841218169376,13,203,0,0
206.8782366609868,677,396,0,0
206.8839670866867,134,282,0,0
206.8843586881597,6,419,0,0
206.93157549951113,9,92,0,0
206.93458147791608,7,23,0,0
206.94324009289917,13,373,0,0
206.9807598124239,870,155,0,0
207.0168024034538,20,488,0,0
207.03124202358148,12,638,0,0
207.03153782855745,20,398,0,0
207.08194986297684,270,767,0,0
207.08684966974337,15,98,0,0
207.08778998997633,55,62,0,0
207.08798211033047,218,102,0,0
207.31718420584943,47,239,0,0
207.33870168189867,65,478,0,0
207.35897223246096,430,27,0,0
207.41400482743427,82,583,0,0
207.42785419836142,35,624,0,0
207.42868993678374,60,733,0,0
207.4921372756721,17,346,0,0
207.61318932615848,1586,128,0,0
207.659040528143,8,203,0,0
208.0145597504159,54,63,0,0
208.7589519010239,134,22,0,0
208.76224488153997,38,194,0,0
208.7689444421648,943,1780,0,1
208.86558313648374,22,107,0,0
208.88887401793897,11,214,0,0
208.91385448517067,23,288,0,0
209.0204839995159,140,354,1,0
209.0927763181171,44,135,0,0
209.09954455128306,14,362,0,0
209.12062797106432,6,419,0,0
209.12457524344848,13,637,0,0
209.1356972827603,12,840,0,1
209.1374727022471,212,309,0,0
209.13779454323586,9,152,0,0
209.14388624006676,7738,454,1,0
209.14893464677476,772,145,0,0
209.24791472316434,465,469,0,0
209.6346511207457,7,616,0,0
209.65209451209248,11,66,0,0
209.69481516859014,52,758,0,0
209.699474617333,6,200,0,1
209.70208241672893,234,724,0,0
209.71151713543665,35,269,0,0
209.72095440865036,7,9,0,0
209.75122151294224,128,247,0,0
209.77225062516592,1418,87,0,0
210.23609884379354,63,160,0,0
210.24701387259063,62,406,0,0
210.24763426604585,35,219,0,0
210.26912190090317,377,335,0,0
210.27363791629938,570,337,0,0
210.2991026599538,19,352,0,0
210.45988392218788,579,637,0,0
210.46457599142764,330,405,1,0
210.47916194055284,17,58,0,0
210.5269577174165,28,151,0,0
210.5295227306045,6,767,0,0
210.55574447180797,7,354,0,0
210.60647787945936,15,115,0,0
210.69318223571042,793,191,0,0
210.84657750066555,230,17,0,0
210.8984772639888,25,349,0,0
210.93598676334722,1064,21,0,0
210.9370502772509,58,93,0,0
210.93713132237684,37,200,0,0
210.9396329805708,56,194,0,0
211.23584949002026,28,73,0,0
211.25765629815064,9,247,0,0
211.25784731746106,10,426,0,0
211.26529857783453,16,161,0,0
211.30097977391253,16,465,0,0
211.30140875722887,42,279,0,0
211.3560185947846,323,429,0,0
211.35777689013506,210,247,1,0
211.49742428380472,14,275,0,0
211.5159563337212,223,669,0,0
220.02332848262495,12,255,0,0
220.02455161567616,394,325,0,0
220.05540581054726,12,210,0,0
220.05632705888593,171,745,0,0
220.2311863120113,38,32,0,0
220.25382029975228,37,11,0,0
220.36517255950795,42,287,0,0
220.38690240286763,47,283,0,0
220.38860863923443,27,716,0,0
220.39343508367784,24,391,0,0
220.39493524829675,5,141,0,0
220.39713466339558,8,36,0,0
220.42088817154027,332,201,0,0
220.571882570927,11,910,0,1
220.67077048518394,2170,228,0,0
220.7205026866836,21,244,0,0
220.72627925850404,602,446,0,0
220.7756498856245,66,696,0,0
220.77888374970016,26,220,0,0
220.80579254306468,3118,430,0,1
220.90077136192025,7,347,0,0
220.91306150991724,560,398,1,0
220.9200500897477,1077,236,0,0
220.9275770208801,73,559,0,0
220.98828639362776,9,408,0,0
220.99790160915308,110,373,0,0
220.99894785360044,138,89,0,0
221.00675735252761,235,232,0,0
221.00889291624785,120,317,1,0
221.36457671736343,864,4,0,0
221.3828659624004,14,37,0,0
221.3838130525583,144,755,0,0
221.41412112495365,431,232,0,0
221.48903763372672,11,360,0,0
221.5270639779881,14,394,0,0
221.53576860853667,42,577,0,0
221.55979602515097,17,349,0,0
221.59093014823347,20,2830,0,1
221.7228605573791,320,285,1,0
221.75974656493872,2391,15,0,0
223.4004606603819,80,364,0,0
223.41210503331723,231,538,0,0
223.7883324835264,12,219,0,0
223.80686646456127,483,611,0,0
223.80746482799944,258,484,0,0
223.80919081309284,17,183,0,0
223.80966819621344,249,32,0,0
223.81025100469463,16,332,0,0
224.0065722770687,5,91,0,0
224.0113947472439,77,62,0,0
224.07085538453376,8,591,0,0
224.07388936430792,40,767,0,0
224.0913630786283,401,265,0,0
224.09356036458456,226,248,0,0
224.19402880074387,29,124,0,0
224.2048320953781,118,449,0,0
224.2121135988047,80,139,1,0
224.22505801763265,210,21,0,0
225.59054587544372,12,189,0,0
225.634266362868,18,113,0,0
225.72893817913916,981,1390,0,1
225.73044850422158,270,73,0,0
225.7353644721221,12,268,0,0
225.7676174345292,12,282,0,0
225.76806085051868,117,221,0,0
226.02430817515648,420,770,1,1
226.05503084036584,524,426,0,0
226.07232720986937,100,108,1,0
226.08439792728367,47,68,0,0
226.09562445397958,14,205,0,0
226.10217536862592,240,329,1,0
226.38857249741747,11,276,0,0
226.45895414700075,148,70,0,0
226.6718561458358,5220,206,0,0
226.68163687819262,13,110,0,0
226.68474304433957,573,4,0,0
226.95198070377762,81,164,0,0
226.95356705981797,24,356,0,0
226.95888574002055,10,215,0,0
227.03266447108405,18,129,0,0
227.18775908982383,20,332,0,0
227.18906319980002,154,294,0,0
227.19942835201624,56,283,0,0
227.2183150859609,1713,120,0,0
227.23202477920552,14,257,0,0
227.23525403614516,526,330,0,0
227.30386443146875,7,39,0,0
227.3101461050105,81,50,0,1
227.32121711649796,241,34,0,0
227.3214197891772,133,160,0,0
227.3357726285892,70,420,1,0
227.33614736573227,719,6,0,0
227.40897732715268,18,222,0,0
227.45659301785125,86,760,0,0
227.46307863288376,23,49,0,0
227.4877068979332,51,205,0,0
227.5098620769955,13,125,0,0
227.52316793274056,24,217,0,0
227.55983114943962,5,39,0,0
227.57378284656434,24,232,0,0
227.58069545143988,12,268,0,0
227.5843699102162,4,780,0,0
228.0840795451633,263,32,0,0
228.11031060575797,10,723,0,0
228.12744130901103,130,56,1,0
228.20247190420065,2760,110,0,0
228.21070368622415,13,540,0,0
228.21903984433496,38,277,0,0
228.2860551350103,432,364,0,0
228.42387026527774,1878,138,0,0
228.4916207767427,229,526,0,0
228.49255725581108,1044,120,0,0
228.51255196268343,27,317,0,0
228.52957431997845,28,280,0,0
228.57352825666015,23,144,0,0
228.57659963653538,21,3770,0,1
228.5788152755375,115,80,0,0
228.59294118801967,5062,689,0,0
228.59598865762527,11,135,0,0
228.5981350525595,140,93,1,0
228.61363664495804,57,434,0,0
228.72535708577553,6,82,0,0
228.7486294313145,19,384,0,0
228.9114122661231,12,248,0,0
228.91387555313673,1308,200,0,0
228.9860823394195,12,258,0,0
229.00343478431677,16,1820,0,1
229.0065461251373,150,721,0,0
229.01427912286522,9,280,0,0
229.01751347922269,5,267,0,0
229.02906143449107,213,101,0,0
229.03309297089856,470,239,1,0
229.24735305587276,10,362,0,0
229.25605572913827,2070,431,1,0
229.25711673507092,72,53,0,0
229.2691393529743,185,352,0,0
229.30712304440124,522,646,0,0
229.3165629886515,237,270,0,1
229.41364032660582,400,575,1,0
229.41656368658812,331,372,0,0
229.41982856283911,511,564,0,0
229.85884231579763,281,334,0,0
229.87669108322496,245,207,0,0
229.92831181976598,368,31,0,0
229.9754192572706,1098,493,0,0
230.03074624469102,18,234,0,0
230.05002658516366,13,79,0,0
230.0621838287116,210,397,1,0
230.21260985568304,75,235,0,0
230.2193372739205,15,154,0,0
230.24160976857445,79,159,0,0
230.31017208380655,40,176,1,0
230.31830596556102,35,406,0,0
230.31916899955144,11,301,0,0
230.36309540245108,461,242,0,0
230.51232953276906,1662,645,0,0
230.5417007999339,14,197,0,0
230.54235592024307,56,378,0,0
230.60519769496847,10,133,0,0
231.46189462145423,7,71,0,0
231.46274495704287,108,416,0,0
231.46283100862647,53,494,0,0
231.4738515112666,402,250,0,0
231.494612115746,10,248,0,0
231.57770669287532,57,379,0,0
231.66712023453778,25,221,0,0
231.68865161934278,5710,655,1,0
231.74060896595316,28,767,0,0
231.77531600835178,7881,311,1,0
231.79823975413967,4,62,0,0
231.81432239451203,16,2520,0,1
231.82764606799137,100,2380,1,1
231.89911630714113,87,349,0,0
231.93898286979154,9,287,0,0
231.94677955660194,8,6,0,0
232.10037386670678,36,3380,0,1
232.10471433941694,319,67,0,0
232.11617698303175,41,428,0,0
232.13964788631785,329,109,0,0
232.14008377949227,22,1830,0,1
232.1486969006063,181,756,0,0
232.24476843612598,454,156,0,0
232.33342730846607,98,1087,0,0
232.33517447281199,8,445,0,0
232.33873936591277,32,295,0,0
232.34094060766608,11,106,0,0
232.35232101255997,27,128,0,0
232.36823895038864,8,768,0,0
232.36904019109676,38,91,0,0
232.40261304917198,362,148,0,0
232.42336429004763,7,100,0,1
232.43900712918708,50,710,0,0
232.4438612305315,260,166,1,0
232.45646587324075,17,310,0,0
232.4570257957366,511,564,0,0
232.48537961070568,106,698,0,0
232.51263704050425,28,684,0,0
232.52732134840585,74,219,0,0
232.52912616944047,27,548,0,0
232.74575099748287,804,28,0,0
232.90950629105348,219,410,0,0
232.90997352469194,69,92,0,0
232.95044509504612,4770,162,1,0
232.97475903052018,1080,30,0,0
232.97487973197883,19,307,0,0
233.02444059884564,627,102,0,0
233.08865968563214,34,418,0,0
233.16230095099786,19,150,0,0
233.18704214804362,101,578,0,0
233.19211343738417,77,254,0,0
233.19877593091093,1420,75,1,0
233.24783754104914,7,229,0,0
233.4253230931939,22,375,0,0
233.4323035152165,29,204,0,0
233.44283110153003,2510,329,1,0
233.51332346548767,19,133,0,0
233.51359687810464,41,7910,0,1
233.5569459686943,30,280,0,0
233.56852242635193,11,260,0,0
233.568775652263,412,321,0,0
233.65026834962828,159,134,0,0
233.65332978728023,416,88,0,0
233.73831778690104,50,44,0,0
234.0038257473403,7,218,0,0
234.00543794062241,25,116,0,0
234.00720466895018,1059,148,0,0
234.02502769564938,12,277,0,0
234.0256321641007,314,469,0,0
234.10121032575756,29,393,0,0
234.12751992009095,682,253,0,0
234.2512344801412,14,165,0,0
234.25175269775542,38,617,0,0
234.27895061158995,2299,419,0,0
234.32428973987297,115,77,0,0
234.324845522323,198,679,0,0
234.42969686104607,41,367,0,0
234.43095914217173,543,483,0,0
234.45729711421203,85,294,0,0
234.45872536741427,32,284,0,0
234.54484493664066,9,271,0,0
235.05996619906378,29,663,0,0
235.08099821568362,315,488,0,0
235.10094267051332,708,392,0,0
235.337970870487,71,504,0,0
235.3458776940061,28,360,0,0
235.36679816792744,10,50,0,0
235.46090346285075,13,162,0,0
235.5046081018162,664,259,0,0
235.91897290049548,50,176,0,0
236.11983299604958,156,749,0,0
236.95422287084787,5,171,0,0
236.97340870621477,1258,230,0,0
237.1518043462949,75,241,0,0
237.1559246328496,12,385,0,0
237.2757604753944,13,570,0,0
237.9104802146763,59,344,0,0
239.9578321494592,904,547,0,0
239.95966412230976,7,178,0,0
239.97481460378754,24,90,0,0
240.06042543565744,8,238,0,0
240.06427995616266,13,273,0,0
240.12693604506066,25,98,0,0
240.18872328852854,116,154,0,0
240.1970832391671,26,469,0,0
240.20466543311204,20,45,0,0
240.20823971193602,168,148,0,0
240.24759008767327,9,150,0,0
240.50543200903854,48,390,0,0
240.54373715554684,5,45,0,0
245.4497820699567,29,710,0,0
245.45098504948007,35,453,0,0
245.457986905947,33,34,0,0
245.53901185244433,60,169,0,0
245.54134438592428,12,170,0,0
245.5843378116512,14,315,0,0
245.6914428363931,14,140,0,0
245.72233101307566,16,251,0,0
245.73635818099555,35,259,0,0
245.8734964414132,23,262,0,0
245.9228050464667,52,154,0,0
246.01274825320934,3812,4380,1,1
246.07620945210184,97,186,0,0
246.08205722247962,12,136,0,0
246.08457918170302,1572,67,0,0
246.09492798096176,35,38,0,0
246.1257567336123,48,210,0,0
246.1407209006112,45,70,0,0
246.27930819582596,10,195,0,0
246.31504037914772,1693,504,0,0
246.45984968668668,188,350,0,0
246.48705453836394,93,436,0,0
246.49231969228305,42,337,0,0
246.6049026685256,10,227,0,0
246.6620107434043,19,62,0,0
246.6661261302552,730,105,0,0
246.6756966504575,25,445,0,0
251.7878597075937,7,416,0,0
251.7878874887611,24,286,0,0
251.98216763932646,14,40,0,0
252.0057817980819,128,251,0,0
252.02410778631443,28,363,0,0
252.03573278925026,44,482,0,0
252.04332919263973,13,465,0,0
254.21078359568952,150,339,1,0
254.21939250735403,103,473,0,0
254.23064662587197,10,130,0,0
254.32942728130212,75,40,0,0
254.37261958113916,36,366,0,0
254.38683201723086,4,39,0,0
254.3983091299479,442,594,0,0
254.3997650635265,15,323,0,0
254.56854329664108,2519,507,0,0
254.571020090672,24,4050,0,1
254.57118618110397,20,269,0,0
254.72763778993675,23,219,0,0
254.81433330029947,98,1087,0,0
254.85283034003788,16,80,0,0
254.85982964313595,1081,27,0,0
255.06478837341967,5,171,0,0
255.067077191971,7,73,0,0
255.0673326002889,11,454,0,0
255.09391670238674,341,201,0,0
255.18874182970467,25,153,0,0
255.25441106064866,957,177,0,0
256.4260654783881,418,342,0,0
256.52570848088516,6,341,0,0
256.5378910713469,45,122,0,0
256.55092367003954,26,772,0,0
256.66247663325726,219,132,0,0
256.67932760470245,177,667,0,0
256.69390626154035,10,226,0,0
256.69448144020356,2880,315,0,0
256.70472969154923,457,48,0,0
256.7061754365944,664,585,0,0
256.736305416202,9,498,0,0
256.76097625892544,7,115,0,0
256.8386449369734,47,3200,0,1
257.49692297030265,14,297,0,0
257.5101292362002,1175,425,0,0
257.84190739988725,14,172,0,0
257.8439006472277,6,59,0,0
257.86965399827756,9,97,0,0
257.99524397743176,85,398,0,0
258.91563758339885,14,91,0,0
258.9177396751194,10,122,0,0
258.9290403921474,46,158,0,0
258.9539766133232,41,140,0,0
258.96937093680305,136,625,0,0
258.9721837201645,19,722,0,0
258.9729099361787,75,129,0,0
258.97454443134893,21,223,0,0
258.99051971468737,80,37,1,0
258.9918146789012,96,3510,0,1
259.6362220291044,1378,6110,0,1
259.85341985923503,68,524,0,0
259.85384009728335,16,165,0,0
259.86085281279816,26,273,0,0
260.12399035923204,26,602,0,0
260.46113614169747,14,160,0,0
260.63490085018134,39,446,0,0
260.63598007224226,130,222,1,0
260.6449796692709,12,254,0,0
260.88476629294865,24,181,0,0
260.9077424897364,58,412,0,0
260.9152682204646,619,143,0,0
260.96638804830064,143,563,0,0
261.09977672691144,13,57,0,0
261.1244270028083,10,116,0,0
261.1549122169462,483,99,0,0
261.3141115974274,2637,147,0,0
261.3201777938127,82,581,0,0
261.3231902600871,331,331,0,0
261.40911364651043,7,96,0,0
261.4108172913406,3746,436,0,0
261.46103613067686,9,2790,0,1
261.46537142644416,18,217,0,0
261.5648834872035,64,59,0,0
261.56661294027526,1405,22,0,0
261.74599144206206,263,33,0,0
261.77879148639386,14,542,0,0
261.78890465679854,92,356,0,0
261.7922229849964,213,40,0,0
261.8058213167254,55,439,0,0
261.80874248571854,15,770,0,0
261.8104296143946,15,550,0,0
261.9687245139674,22,216,0,0
262.02951616007306,180,346,1,0
262.24576699863087,74,148,0,0
262.2470034455144,114,730,0,0
262.2473796142711,43,410,0,0
262.2481555962369,109,329,0,0
262.3156660259266,1913,735,0,0
262.40773545068913,7,136,0,0
262.4081865966746,11,162,0,0
262.54982586655626,28,41,0,0
262.5574725357242,26,57,0,0
262.5591436095474,479,194,0,0
262.5747236713704,95,601,0,0
262.63151566867816,11,267,0,0
262.64336275001557,39,237,0,0
262.6561514568377,20,6940,0,1
262.6595206066081,246,300,0,0
262.66057836671115,137,261,0,0
262.66910843743443,17,210,0,0
262.66980835266776,14,2150,0,1
262.7298782901503,9,44,0,0
262.7331495224773,25,115,0,0
262.9814951065738,20,210,0,0
262.9822459085967,18,306,0,0
263.28236167824525,15,712,0,0
263.2854355081151,5,121,0,0
263.2884557443165,12,326,0,0
263.320834320997,116,292,0,0
263.42993026373824,2493,309,0,0
263.44648642282567,411,766,0,0
263.45526230025865,163,106,0,0
264.43060116545337,438,312,0,0
264.48031680252456,740,663,1,0
264.4819345141223,102,229,0,0
264.49253700782083,161,397,0,0
265.02524037856324,15,159,0,0
265.0600198724437,15,272,0,0
265.1539069286116,9,102,0,0
266.2086403335125,233,311,0,0
266.2141035183055,10,79,0,0
266.25214136179693,330,256,1,0
266.2568652710067,700,118,0,0
266.2746247446547,33,477,0,0
266.32736286102954,872,412,0,0
266.3286048489261,14,351,0,0
266.3526640628286,126,677,0,0
266.3765522100345,420,34,1,0
266.52498537018596,13,312,0,0
266.53045610998606,180,433,1,0
266.53185671430924,8,267,0,0
266.5714381522551,2755,254,0,0
266.5733227681496,43,324,0,0
266.59915868012115,1404,417,0,0
266.6550285758097,74,640,0,0
266.658112531429,100,181,0,0
266.67210174255735,54,474,0,0
266.67433215608656,69,156,0,0
266.67439232817276,37,498,0,0
266.6753522470709,12,302,0,0
266.67562135618186,66,392,0,0
266.6938822957779,6,105,0,0
266.69594781927634,22,416,0,0
266.70913396658335,97,67,0,0
266.72505869970377,88,225,0,0
266.8729006184812,84,27,0,0
266.88163936534437,42,243,0,0
266.88946807437003,63,91,0,0
266.93770137331757,100,595,1,0
267.3840888754761,20,115,0,0
267.3991101316029,1746,187,0,0
267.4338667297028,31,107,0,0
267.4457919667171,5,124,0,0
267.4500959115897,5,192,0,0
267.45089139394645,4,1300,0,1
267.46583284476367,370,345,1,0
267.4760827455678,157,263,0,0
267.48675002754425,18,367,0,0
268.4245548028551,9,165,0,0
268.4335105100895,74,766,0,0
268.4676407404041,130,43,1,0
268.4763905673279,12,41,0,0
268.6641950102012,14,33,0,0
268.67405662834585,460,172,0,0
269.41007539522695,80,5350,0,1
269.4205074087557,598,80,0,0
269.5044090624305,9,11,0,0
269.64080989185527,37,24,0,0
269.65182213447696,1327,208,0,0
269.75018175891563,11,427,0,0
269.77033027520184,22,275,0,0
269.77420371402894,9,280,0,0
269.7788190390377,457,48,0,0
269.813413262693,326,47,0,0
270.4504842686652,273,91,0,0
270.4571184558166,36,208,0,0
270.5100660338694,12,104,0,0
270.513591915097,18,6,0,0
270.5432890311732,23,76,0,0
270.54458775523057,86,572,0,0
270.5482440893074,180,244,1,0
270.56574881877333,838,225,0,0
270.5697067252427,26,256,0,0
270.58002677046875,7,28,0,0
270.7143401823455,17,577,0,0
270.7281620235983,10,478,0,0
270.73237519056204,21,364,0,0
270.73387170036057,15,45,0,0
270.7399893869487,22,161,0,0
270.9188986931885,11,221,0,0
270.9340366222862,32,419,0,0
270.9473292327251,7,487,0,0
271.02302142721055,16,241,0,0
271.1185089639696,85,352,0,0
271.251833398038,58,24,0,0
271.26052155307934,99,3390,0,1
271.26336530552226,669,428,0,0
271.2639944253539,152,389,0,0
271.2685034965789,649,24,0,0
271.2769579976056,51,70,0,0
271.3537019022853,66,176,0,0
271.3874739431175,7,316,0,0
271.3931931974203,7,10,0,0
271.49769776796455,660,301,1,0
271.49912908243334,27,94,0,0
271.5012907271229,7,76,0,0
271.502973295067,3375,716,0,0
271.50496494229435,742,331,0,0
271.51561467496987,106,255,0,0
271.5188680259268,7,229,0,0
271.52272582962974,26,324,0,0
271.780544650634,3006,191,0,0
271.7814845420922,39,102,0,0
271.78372042644804,261,121,0,0
271.79467322363695,52,480,0,0
271.83758023251875,80,121,0,0
271.88433172205794,361,356,0,0
271.894710468449,157,242,0,0
271.903172955415,11,701,0,0
271.9135234586742,18,297,0,0
271.99169651182467,13,2440,0,1
271.99448682650234,46,86,0,0
271.99464630831596,45,237,0,0
272.0201999802791,201,718,0,0
272.02189845956275,7,296,0,0
272.03756956630957,457,768,0,0
272.3221228708084,13,629,0,0
272.34359581839925,25,36,0,0
273.0395990096532,13,700,0,0
273.04033062462844,72,448,0,0
273.06879734063904,141,159,0,0
273.1073414331601,69,65,0,0
273.2003220357147,119,769,0,0
273.20443099294397,129,339,0,0
273.22882872425504,31,157,0,0
273.2514325685907,85,249,0,0
273.2726634771779,7,116,0,0
273.2738017906136,52,140,0,0
273.27436497645266,9,165,0,0
273.3268940269056,49,285,0,0
273.3626068661707,4,13,0,0
273.3818613943172,338,299,0,0
273.4459513692665,11,249,0,0
273.6017651684098,1746,1680,0,1
273.6035215528789,477,110,0,0
273.68961315084454,20,476,0,0
274.0463410599097,18,7330,0,1
274.186655994679,37,324,0,0
274.2461097873575,39,364,0,0
274.32114311677464,29,576,0,0
274.32216943124064,2801,96,0,0
274.3290230156667,37,298,0,0
274.4731373024971,1429,383,0,0
274.8340890091125,10,531,0,0
274.8811001091715,485,241,0,0
274.88865554459215,581,19,0,0
274.90296441714406,30,1710,0,1
275.0073258291323,10,270,0,0
276.08857573981857,247,128,0,0
276.18155660968483,23,162,0,0
276.1883287102749,38,79,0,0
276.2556611387698,320,430,0,0
276.30186385824857,82,263,0,0
278.664357050287,300,662,1,0
278.72860255383995,32,327,0,0
278.7496075870629,5,194,0,0
278.766435629244,34,199,0,0
278.7681117565072,16,285,0,0
278.7704967994516,791,162,0,0
278.77805638566053,2625,138,0,0
278.781939668312,12,369,0,0
278.81079202180547,8,437,0,0
278.83485160805793,164,723,0,0
278.96441640450774,15,230,0,1
279.3742337967594,117,292,0,0
279.40116766754176,19,248,0,0
279.4145481342437,128,485,0,0
279.4150291426716,21,339,0,0
279.4574048157257,82,647,0,0
279.5316809747593,7,210,0,0
279.5359249830489,14,323,0,0
279.5449727117323,29,312,0,0
279.5498605520922,1926,279,0,0
279.71453919319526,358,102,0,0
279.7829865068045,16,291,0,0
280.00861230355025,27,343,0,0
280.0103851745919,29,430,0,0
284.0519961592935,16,58,0,0
284.0555641963241,3210,775,1,0
284.05810354442684,43,380,0,0
284.0868195981629,446,94,0,0
284.0932871977877,406,229,0,0
284.834897125875,67,657,0,0
284.8434539058408,304,166,0,0
284.8484000686647,20,694,0,0
284.98533065680965,450,32,1,0
285.2089720744707,98,113,0,0
285.21259099023143,108,68,0,0
285.2200204258733,2099,128,0,0
285.2294078869419,184,325,0,0
285.2433527929565,653,268,0,0
285.83212000971304,17,112,0,0
286.06956171990373,18,560,0,0
286.23122621534844,20,97,0,0
286.47587192049764,297,304,0,0
286.49563183012197,23,245,0,0
286.6047695127428,13,323,0,0
286.62119430839726,26,89,0,0
286.6254072004378,59,14,0,0
287.155144426425,69,768,0,0
287.15570599802965,516,212,0,0
287.17466216625945,79,619,0,0
287.18058740990074,17,552,0,0
287.1812595248499,9,151,0,0
287.18996096867176,6,93,0,0
287.21128010681,18,402,0,0
287.25789646351154,357,125,0,0
287.26144458987096,167,67,0,0
287.3447297180729,30,231,0,0
287.37877303664146,14,106,0,0
287.47177369549604,851,146,0,0
287.47216274869635,64,767,0,0
287.47955571630763,7,101,0,0
287.4848687617333,630,360,0,0
287.5423474666004,73,39,0,0
287.5464805189543,2369,11,0,0
287.55298237722786,134,14,0,0
287.5548174110113,640,194,1,0
287.55646863323744,9,307,0,0
287.5592379082493,75,40,0,0
287.6824005509798,390,340,1,0
287.6845327825312,13,21,0,0
287.68466933040605,7,530,0,1
287.7163678616004,31,183,0,0
287.72350924593877,95,29,0,0
287.7767363104941,31,312,0,0
287.8280033307071,21,766,0,0
287.83738983213067,14,417,0,0
287.84495175337884,64,30,0,0
287.8507454719127,135,92,0,0
287.867927035732,128,251,0,0
287.8716162768596,276,224,0,0
287.8974102548597,10,188,0,0
288.1741924458914,28,421,0,0
288.17879737395464,13,113,0,0
288.1837727085342,5,142,0,0
288.1886671643211,22,85,0,0
288.24810356562256,160,200,1,0
288.31302005585707,12,692,0,0
288.6207964323938,1109,158,0,0
288.6937888286306,1043,248,0,0
288.71650116631054,130,255,0,0
288.76031713816474,14,438,0,0
288.7616138269248,1063,469,0,0
288.816193009343,92,283,0,0
288.84129277369334,36,438,0,0
289.96852631390766,16,361,0,0
290.24670169042656,40,257,0,0
290.25013639837306,24,229,0,0
290.2558946692674,60,467,0,0
290.3592203919658,52,359,0,0
290.35950800637187,23,481,0,0
290.3623647384675,162,354,0,0
290.39981872644154,266,591,0,0
290.4646289366238,11,19,0,0
290.4905620242486,133,194,0,0
290.6739568756681,7,620,0,1
290.6843954981927,28,318,0,0
290.7061372321568,19,290,0,0
290.71835093268163,16,149,0,0
290.7203755632986,15,184,0,0
290.74006613454094,6,23,0,0
290.74604404795684,11,204,0,0
290.76716287137447,21,261,0,0
290.7672600102526,44,703,0,0
290.78964755488244,1802,182,0,0
290.7957408735938,7,328,0,0
290.8010164144902,91,94,0,0
290.820739366458,17,89,0,0
290.82776817829347,31,563,0,0
290.9425327428337,70,401,0,0
291.1602264930954,12,118,0,0
291.2654452190684,11,380,0,0
291.38931295064054,9,78,0,0
291.42663431743017,38,254,0,0
291.4458795879209,82,114,0,0
291.44727727991534,5,51,0,0
291.4559340859383,7914,278,1,0
291.65870370137765,46,194,0,0
291.7420799019993,957,177,0,0
291.7488881004844,2826,176,0,0
291.7713624471786,2348,23,0,0
291.92085278299027,5,241,0,0
291.9339869295707,10,297,0,0
292.3953724469145,33,6510,0,1
292.39937136109336,537,91,0,0
292.48706063853695,507,142,0,0
292.5597306162807,7,431,0,0
292.5853695102338,21,138,0,0
292.61854673437114,21,327,0,0
292.6718499534043,230,25,1,0
292.6720461756968,10,312,0,0
292.71858222854223,49,240,0,0
292.89736448942926,4,4,0,0
292.93780269614626,14,266,0,0
293.11470856749077,271,395,0,0
293.1164333869775,138,547,0,0
293.1323723420234,45,13,0,0
293.16767821490384,667,238,0,0
293.17849097357504,2493,309,0,0
293.3741452376203,21,228,0,0
293.4223232643369,86,333,0,0
293.428903591512,12,184,0,0
293.5218641974462,6,25,0,0
293.61525084231056,344,305,0,0
293.62289340767813,222,743,0,0
293.68666734143596,433,183,0,0
293.7254668647596,23,245,0,0
293.762481463302,5,30,0,0
293.7639813754391,14,359,0,0
293.99636664829416,25,12,0,0
294.06274376870476,12,257,0,0
294.0800487654666,11,1110,0,1
294.1165609758471,9,554,0,0
294.1521197428911,4,106,0,0
294.1620359509081,11,103,0,0
294.16770740802923,835,527,0,0
294.18982413186586,240,32,1,0
294.1953646378727,2687,127,0,0
294.2022675639395,247,240,0,0
294.20404625617533,12,131,0,0
294.21450030275776,44,674,0,0
294.34972256324005,10,202,0,0
294.37750897265386,7,182,0,0
294.39743838543535,66,274,0,0
294.40707973309213,15,42,0,0
294.4148218551451,15,164,0,0
294.4157337440103,2038,86,0,0
294.9087137629021,18,274,0,0
294.91295214530555,80,46,0,0
294.9138566581391,2511,188,0,0
294.9540757640783,18,312,0,0
294.9840680693662,50,145,1,0
294.99047906869356,420,39,0,0
294.9914288209412,29,771,0,0
294.99257471232414,1009,383,0,0
295.40668580416093,634,258,0,0
295.4209552186311,2154,78,0,0
295.4258398920801,21,275,0,0
296.16763772561853,22,437,0,0
296.17370869798197,61,533,0,0
296.17655038700036,18,109,0,0
296.2300823707412,451,453,0,0
296.26763767431066,1085,51,0,0
296.6781226584839,6,15,0,0
296.6789243199643,74,231,0,0
296.71101906083544,190,627,0,0
296.71162669149146,7,80,0,0
296.7569274519775,18,387,0,0
296.76179691255487,12,648,0,0
296.76895278616297,550,710,1,0
296.77308904826134,22,235,0,0
296.8695440949828,53,435,0,0
297.3324220469948,94,246,0,0
297.3475927440813,161,203,0,0
297.3583629913028,681,465,0,0
297.36494633462667,42,592,0,0
297.41615783158693,83,485,0,0
297.4184467537354,130,156,1,0
318.97697170323073,27,771,0,0
318.98825931265475,1875,35,0,0
319.54108948891485,4,328,0,0
319.56527558099026,23,318,0,0
319.56642924514995,7,247,0,0
319.5672165442089,8,160,0,0
319.5749198862581,34,614,0,0
319.5791728801664,597,188,0,0
319.5900539896201,2233,6,0,0
319.59183199444016,16,28,0,0
321.54402209316385,134,139,0,0
322.80242987009785,21,262,0,0
322.8029036275879,39,343,0,0
322.8492976474205,59,88,0,0
323.0438580790608,12,11,0,0
323.05285171348874,4,44,0,0
323.06402085999594,222,614,0,0
323.22013634733406,159,246,0,0
323.2718744062386,18,1510,0,1
323.27341075732613,415,443,0,0
323.4769703627694,56,560,0,1
323.48352288580946,18,368,0,0
324.20563793613286,39,261,0,0
324.20817816607206,25,109,0,0
324.2083529830816,197,252,0,0
324.2295062766989,142,23,0,0
324.4268327392913,37,474,0,0
324.47539982868926,26,283,0,0
324.49895217544605,39,200,0,0
324.50164895642115,558,222,0,0
324.6096930496256,59,314,0,0
324.6101058011517,176,95,0,0
324.69371453076053,226,148,0,0
324.69520517551075,9,176,0,0
324.70025131327134,21,245,0,0
324.7014344318113,13,286,0,0
324.70408810566545,12,158,0,0
325.03494950360226,24,189,0,0
325.0364957580532,10,152,0,0
325.06065477453143,256,211,0,0
325.06392241817963,843,305,0,0
325.19338945912165,356,294,0,0
325.19444361174396,10,56,0,0
325.2108044683418,50,92,0,0
325.31113904385876,170,661,1,0
326.8596334034556,14,364,0,0
326.8611143458889,4,82,0,0
326.8638570268627,9,42,0,0
326.8783257472843,47,72,0,0
327.1959491803445,409,407,0,0
327.19797727102934,1028,766,0,0
327.2816290001223,19,209,0,0
327.28611296843746,14,78,0,0
327.2880659096805,41,129,0,0
327.2887011350526,10,291,0,0
327.3093431599919,37,39,0,0
327.42406658449295,3255,696,0,0
327.43682017383696,37,343,0,0
327.4370350369999,94,400,0,1
327.44206254630484,13,20,0,0
327.5526502950955,18,297,0,0
327.6437248526141,110,137,0,0
327.6709138411185,68,119,0,0
327.9802547235385,873,159,0,0
327.9814437191159,62,29,0,0
327.9827191176259,30,266,0,0
329.9326184651885,7,7,0,0
329.99296677643866,15,381,0,0
330.00324024079225,281,376,0,0
330.0089972661843,492,431,0,0
330.00908048569346,16,715,0,0
330.0938005142148,10,134,0,0
330.09403309533445,14,157,0,0
330.09431782080026,25,1560,0,1
330.1082587753254,22,133,0,0
330.4370959771276,73,4130,0,1
330.4439974477179,25,636,0,0
330.47697117960405,44,242,0,0
330.48334451199486,2163,201,0,0
330.5178772480658,9,162,0,0
330.51839907415535,17,379,0,0
331.6298746001438,60,34,0,0
331.6320464602913,159,104,0,0
331.68029600469936,3867,251,0,0
331.6805366453977,15,777,0,0
332.25369383776336,52,52,0,0
332.291198300778,7,198,0,0
333.2079294438006,34,70,0,0
333.21200396989025,14,273,0,0
333.34089360291586,182,41,0,0
333.3518022409753,11,250,0,0
333.3660957956662,24,573,0,0
333.58748424226474,1684,160,0,0
333.589979028238,543,582,0,0
333.66105540418687,18,390,0,0
334.49421903679684,37,501,0,0
335.0562444955555,52,518,0,0
335.19554600831566,52,507,0,0
335.2269391047249,12,194,0,0
335.229175553352,180,360,1,0
335.53052064103815,9,181,0,0
335.5345686206427,48,220,0,0
335.7234694838503,15,16,0,0
335.7317723266143,251,514,0,0
335.74850327537416,391,556,0,0
335.7648004791349,159,122,0,0
335.82135841000616,19,179,0,0
335.8280727613748,7,93,0,0
335.85179126583773,14,395,0,0
335.85748233979194,1393,112,0,0
335.9059375298199,3560,122,0,0
335.93532616733904,17,316,0,0
335.9748109612511,3734,137,0,0
335.9777562417701,15,360,0,0
336.0097495394854,121,263,0,0
336.0277375546676,26,327,0,0
336.08188636882994,44,450,0,0
336.1001909934027,309,244,0,0
336.10246801168455,10,169,0,0
336.174677900269,77,215,0,0
336.17885858032605,15,336,0,0
336.20815198788074,9,4,0,0
336.20839340035735,13,470,0,0
336.2539877129397,47,86,0,0
336.31695572331967,21,68,0,0
336.3194712031011,128,94,0,0
336.3730954110738,21,25,0,0
336.3807514581526,26,216,0,0
336.6520840424994,500,153,1,0
336.71511037313434,1813,126,0,0
336.71639994988686,16,402,0,0
336.7271822045976,7,93,0,0
336.72763139878555,19,503,0,0
336.7361221032965,572,110,0,0
336.78551309721985,35,163,0,0
336.87371684394475,95,488,0,0
336.88684385450676,34,276,0,0
336.89689569027786,17,349,0,0
336.9196265440131,60,289,0,0
336.9244363194428,8171,21,1,0
336.95634442174844,139,251,0,0
337.1168376486879,15,207,0,0
337.1413596767293,144,160,0,0
337.23681282139137,516,212,0,0
337.2402251937237,10,356,0,0
337.2463850268185,515,525,0,0
337.2797895620636,33,156,0,0
338.3074281827081,3016,116,0,0
338.44002266092906,11,771,0,0
338.98814769475183,80,121,0,0
339.00711734840013,1218,769,0,0
339.2211784213006,12,210,0,0
339.2217441275895,77,394,0,0
339.2718651962478,23,554,0,0
339.2721168722756,64,213,0,0
339.4851977594709,337,668,0,0
339.5318899915195,25,98,0,0
339.7202808691634,24,303,0,0
339.76049263199087,20,49,0,0
339.76698411492333,35,270,0,0
339.7709437912799,216,58,0,0
339.79734842221325,6310,295,1,0
340.17302535953013,14,288,0,0
340.23744180563574,397,85,0,0
340.24347679151816,10,372,0,0
340.24919986298,88,225,0,0
340.2535262841268,17,157,0,0
340.265314955264,339,81,0,0
340.2803985118608,166,202,0,0
340.2872252926349,398,211,0,0
340.3056897244596,11,92,0,0
340.30643449614473,40,550,0,0
340.7379934542451,10,114,0,0
340.768051216562,13,225,0,0
341.1704282438679,15,360,0,0
341.20335170607103,7,152,0,0
341.2156951106369,14,284,0,0
341.23760212164876,2760,110,0,0
341.26647165418643,8,286,0,0
341.2713162724422,15,143,0,0
341.2799098650537,190,195,0,0
342.16744864237467,6,240,0,0
342.2917615896247,205,49,0,0
342.2982884735316,67,104,0,0
342.3520709274614,2884,231,0,0
342.3555168334019,7,142,0,0
342.6760669708922,1950,17,0,0
342.6785065204373,25,458,0,0
342.79338084492525,16,388,0,0
342.8132964117424,67,6110,0,1
342.8335741446478,34,217,0,0
342.8372436846071,40,437,0,0
342.8484706173123,8,307,0,0
342.85252599935274,7,114,0,0
342.8558379163292,26,331,0,0
342.90393976610557,2122,6070,0,1
345.9462984513232,759,770,0,0
345.95577998165874,22,218,0,0
346.0985540310025,210,96,1,0
346.1170051507168,996,203,0,0
346.121480844275,1370,281,0,0
346.40577377117063,48,246,0,0
346.4740874316113,25,207,0,0
346.66330393372607,41,25,0,0
346.6872187959499,91,373,0,0
346.712667250935,12,170,0,0
346.71630816324216,34,16,0,0
346.7273818926458,4,184,0,0
347.29324257354784,1582,115,0,0
347.29343386629733,10,300,0,0
347.33515132077855,13,398,0,0
347.7053055012237,116,769,0,0
347.8012608913165,9,144,0,0
347.9144655787305,102,486,0,0
347.9257053992932,45,116,0,0
348.113390482462,11,317,0,0
348.31189409408455,16,186,0,0
348.32976359486435,2379,170,0,0
348.8965886752269,40,767,0,0
348.9038529498577,55,195,0,0
348.9039834629879,17,210,0,0
348.92291560729245,85,416,0,0
348.9383210127197,11,440,0,0
348.94180616548493,55,289,0,0
348.9494692593613,21,397,0,0
348.9559971706839,5,340,0,1
348.9564822842857,28,238,0,0
349.18773508581216,50,192,1,0
349.20726532371725,56,49,0,0
353.528214086059,71,560,0,0
353.54695970447113,58,177,0,0
353.5898776940234,24,383,0,0
353.5907999747796,8,47,0,0
353.7403813633904,5,63,0,0
353.7425306218162,11,233,0,0
353.7995619004375,53,35,0,0
353.9235881810671,25,19,0,0
354.01319971107586,927,562,0,0
354.0167993758374,94,6640,0,1
354.0206241155263,79,210,0,0
354.108885178159,214,19,0,0
354.3171785660572,40,35,0,0
354.6704641880465,1472,472,0,0
354.68860444927236,68,734,0,0
354.70412538311626,825,564,0,0
355.41236120326795,481,465,0,0
355.41817983262433,11,45,0,0
355.50664518601087,51,253,0,0
355.5168483172073,27,211,0,0
355.51793785237726,9,323,0,0
355.51995556001225,613,603,0,0
355.56731348552995,2794,245,0,0
355.5969801610679,90,362,0,0
355.64822900893813,76,616,0,0
355.6576071393084,46,252,0,0
355.66452705421545,1230,87,0,0
355.698127829814,54,142,0,0
355.7112319283566,191,24,0,0
355.7119817669197,482,469,0,0
355.71986670267836,63,91,0,0
356.2903609566645,328,173,0,0
356.2944220078529,30,736,0,0
356.3513091740741,39,13,0,0
356.36726816815155,61,89,0,0
356.44889958578545,11,769,0,0
356.45215491033497,16,633,0,0
356.45358911783796,107,355,0,0
356.49936369942515,61,26,0,0
356.50390398527844,11,137,0,0
356.52116191705716,17,328,0,0
356.53101425977144,19,412,0,0
356.6591463662679,24,1720,0,1
356.69009104795856,68,308,0,0
356.71460043102985,49,386,0,0
356.717213465672,1860,238,0,0
356.7180046220302,40,223,0,0
356.7214341931265,607,340,0,0
356.81959745806137,16,408,0,0
356.8933147076456,71,584,0,0
356.95252970890687,72,375,0,0
356.96072729962754,21,282,0,0
356.9630733199943,18,205,0,0
357.14631289910324,15,117,0,0
357.1727014224158,1755,268,0,0
357.2260711749226,180,732,0,0
357.2288360319417,9,186,0,0
357.2334611678558,26,289,0,0
357.29985086674134,1686,11,0,0
357.37980892747544,19,268,0,0
357.38227588353476,289,3680,0,1
357.41468188223064,21,327,0,0
357.4164284231735,40,250,0,0
357.6250706092047,67,297,0,0
357.6935963901378,18,373,0,0
359.412218905479,71,353,0,0
359.784487767489,7,127,0,0
359.78933420425454,13,371,0,0
359.81623557222986,26,74,0,0
359.8232326951779,10,82,0,0
359.8472713748244,22,86,0,0
359.93390673564056,11,107,0,0
359.9517878345973,16,2850,0,1
359.97221306343147,33,406,0,0
359.97345895148453,24,180,0,0
360.03097617561025,60,31,0,0
360.04853294741446,952,249,0,0
360.11154427139064,12,237,0,0
360.2561870717779,47,704,0,0
360.2754578625534,664,767,0,0
360.3484613733991,87,296,0,0
360.3538654400128,11,324,0,0
360.4732373803144,25,26,0,0
360.49050902833005,332,15,0,0
360.4960418097958,39,60,0,0
360.50742852860583,61,177,0,0
360.5084898103193,1195,15,0,0
360.5134222138804,10,762,0,0
360.52107451726243,20,115,0,0
360.540044218035,10,441,0,0
360.55517207352375,18,215,0,0
360.5601494899315,18,516,0,0
360.5725751218751,20,717,0,0
360.5728278949613,30,7680,0,1
360.594319685943,73,578,0,0
360.6487354506697,8,94,0,0
360.7348350131381,327,28,0,0
360.8877443059237,152,764,0,0
360.89958023190616,522,7670,1,1
360.91465163314257,14,340,0,0
360.92151160923663,395,1550,0,1
360.92830132642604,95,290,0,1
360.95099220344014,1896,326,0,0
361.20804468757666,25,8,0,0
361.20865546897676,9,235,0,0
361.2152310489756,34,168,0,0
361.2457801945502,42,383,0,0
361.24819614410933,22,351,0,0
361.28821373888127,25,440,0,0
361.28935693064125,6,388,0,0
361.2981130982767,137,309,0,0
361.298764768296,5,27,0,0
361.3287621878183,421,767,0,0
361.3323987840837,6,183,0,0
361.3949267443798,6,48,0,0
361.40454407454644,88,41,0,0
361.4070972194276,24,291,0,0
361.41453649079136,16,64,0,0
361.4364593951151,170,24,0,0
361.4530814733697,711,174,0,0
361.46328660657866,10,25,0,0
361.47174115982284,15,80,0,0
361.48900310071906,33,101,0,0
361.57928475372864,596,765,0,0
361.58470912265756,55,386,0,0
361.62496742543055,17,388,0,0
361.62618243113633,1032,514,0,0
361.73141710225144,556,207,0,0
361.76604818072667,67,210,0,0
361.77445876018663,14,487,0,0
361.78324953177673,344,767,0,0
361.7838345957585,68,318,0,0
361.8041102119484,12,31,0,0
361.8145051689981,7,30,0,0
361.81556842261125,18,244,0,0
361.82261102214795,399,156,0,0
361.8755686076843,10,158,0,0
361.89954637573913,748,260,0,0
361.9285928567779,23,150,0,0
361.9342389687171,34,338,0,0
362.0251785484458,913,205,0,0
362.0413795565491,777,4170,0,1
362.13283288622625,6,183,0,0
363.5039645648733,28,38,0,0
363.5042886792284,42,112,0,0
363.5106092459972,11,160,0,1
363.5279729146541,247,171,0,0
363.5319715413418,19,375,0,0
363.66484239994514,9,440,0,0
363.67348028548275,106,448,0,0
364.1475829379698,10,390,0,0
364.2252569267339,15,266,0,0
364.2654675764808,41,206,0,0
364.28223045541426,735,768,0,0
364.3754177618644,25,264,0,0
364.42186206866063,5,4350,0,1
364.745147938937,22,193,0,0
364.78576546661947,338,231,0,0
364.9227350725479,10,769,0,0
364.9627183671498,6,252,0,0
364.9974026540948,55,15,0,0
364.9982248130429,6,562,0,0
365.0165414416387,22,114,0,0
365.05572787672986,7,58,0,0
365.0575278983134,11,38,0,0
365.0586903195576,36,261,0,0
365.0685864954082,100,530,1,0
365.1009638870213,2592,329,0,0
365.10158870573156,8,450,0,0
365.1351585386347,63,178,0,0
365.2558061441166,134,27,0,0
365.2668567930796,1136,4370,0,1
365.2959713009958,21,353,0,0
365.3414104487848,1681,362,0,0
365.3463007879417,2490,492,1,0
365.4081374360027,1915,177,0,0
365.4523072365933,65,25,0,0
365.4538664992317,12,41,0,0
365.5043011800018,10,219,0,0
365.60666207944655,90,726,0,0
365.60880444951516,48,345,0,0
365.7097845275912,10,321,0,0
365.72048307815425,77,435,0,0
365.7217538171642,22,203,0,0
365.72407247354033,63,50,0,0
365.72720757597483,11,107,0,0
365.77983060729076,35,715,0,0
365.78679498505534,77,33,0,0
365.7950957727643,23,303,0,0
365.79657078699125,21,494,0,0
365.8154149190519,36,293,0,0
365.8169470174849,67,447,0,0
365.82171687844647,5,75,0,0
365.882384942643,21,492,0,0
365.94968578650855,398,309,0,0
365.9559797375773,168,148,0,0
365.9722692317801,23,27,0,0
366.02399305233547,78,66,0,0
366.04165630753425,118,349,0,0
366.23798534419524,188,767,0,0
366.49504026339025,8,137,0,0
366.51022860328226,14,240,0,0
366.5118023471026,35,767,0,0
366.5251321859165,14,8,0,0
366.7866806653663,183,331,0,0
366.95579204993714,15,1050,0,1
367.1452769108373,15,532,0,0
367.3114654630058,87,347,0,0
367.3180122379143,159,122,0,0
367.349386814901,80,46,0,0
367.50598282747234,163,161,0,0
367.5368281844147,2841,150,0,0
367.641360839067,55,47,0,0
367.64383338360926,677,396,0,0
367.6454606525727,29,300,0,0
368.6419063151384,79,81,0,0
368.7263860970855,156,261,0,0
368.78826694434696,8,86,0,0
369.1271696533519,279,58,0,0
370.6711539769707,43,761,0,0
376.3508860804282,25,315,0,0
376.3510414237139,23,527,0,0
376.39122815695237,9,219,0,0
376.53681162056876,2099,128,0,0
376.5372217682498,11,36,0,0
376.5377511785854,9,191,0,0
376.5508381947676,82,56,0,0
377.3562445989141,12,56,0,0
377.4781393888307,10,109,0,0
378.8560743772224,29,589,0,0
378.889218261765,7967,225,1,0
379.04854661598034,10,82,0,0
379.43980227898334,190,414,1,0
379.4866089526854,58,122,0,0
379.50459675053986,131,206,0,0
379.52845007421024,141,477,0,0
379.52846173624664,110,75,0,0
379.56377470543316,57,297,0,0
379.5642211360616,2262,116,0,0
379.5678082706043,113,740,0,1
379.6433133600628,66,6680,0,1
379.68400911125707,23,216,0,0
379.68434426004285,16,605,0,0
379.7367278424766,71,15,0,0
379.81879220350754,373,783,0,0
379.84589342991484,6,230,0,0
379.9178754547174,426,450,0,0
379.9745161841476,4,37,0,0
379.9751135452479,77,210,0,0
379.9869723225731,23,311,0,0
379.99689924317585,1868,321,0,0
379.99847065016235,330,510,1,0
380.01470343831437,22,107,0,0
380.01818842209724,33,354,0,0
380.0332689817251,15,305,0,0
380.0364186119549,15,166,0,0
380.18113153880506,169,360,0,0
381.68271844898055,186,85,0,0
381.6883538487574,11,205,0,0
381.7075625608761,115,417,0,0
381.72725301461776,12,95,0,0
381.77037708932966,1490,767,0,0
381.7828829335006,50,333,0,0
381.7830862203863,251,3290,0,1
381.8187917270602,6,317,0,0
381.8323560174148,16,263,0,0
381.8343959080505,158,152,0,0
381.8461057809436,16,3330,0,1
381.8524208938581,105,239,0,0
381.8803748178755,65,102,0,0
381.8895510680255,30,320,0,0
381.8994414116931,28,307,0,0
381.92088987926496,4,118,0,0
381.94917547587806,789,21,0,0
381.9670179677115,42,48,0,0
382.147780371802,7,11,0,0
382.17588208807484,19,425,0,0
382.1795784426355,50,2410,1,1
382.7304641993122,39,196,0,0
382.7524108602639,408,130,0,0
383.1501723348126,100,160,1,0
383.1522208389504,292,111,0,0
383.20560478437926,38,458,0,0
383.7495721009864,345,518,0,0
383.9704303709427,17,573,0,0
383.991202818461,4,38,0,0
383.9965442342007,2038,620,0,1
384.0016916896068,15,238,0,0
384.0136026869177,49,23,0,0
384.0160665055846,130,2270,1,1
384.01993014976114,18,245,0,0
384.022276626278,14,228,0,0
384.02459904835337,14,265,0,0
384.0523419765284,26,457,0,0
384.052840973913,16,766,0,0
384.0767534830921,8,3690,0,1
384.14512756093546,4,259,0,0
384.1477290046435,778,197,0,0
384.15050061848183,8,270,0,0
384.16850214201855,7,228,0,0
384.18430003485895,10,447,0,0
384.2998551332274,86,261,0,0
384.3001728119773,12,30,0,0
384.3151567318506,65,372,0,0
384.6017430571533,37,5500,0,1
384.6221656461286,27,726,0,0
385.22021192679824,31,24,0,0
386.5903060340603,9,481,0,0
386.5960796885419,14,225,0,0
386.9454332232358,492,7700,0,1
386.9945176573306,59,331,0,0
387.0114248752591,12,391,0,0
387.02133767342355,516,139,0,0
387.0325199956865,16,73,0,0
387.0353233036454,29,131,0,0
387.0477245850491,20,454,0,0
387.16216789007944,1714,280,0,1
387.3801938047445,12,123,0,0
387.3883231583299,165,170,0,0
387.4389506197228,10,176,0,0
387.4845543008005,211,241,0,0
387.48470880470086,255,118,0,0
387.557846149938,115,638,0,0
387.55932420241516,198,22,0,0
387.5610814255982,17,26,0,0
387.6553083863831,424,595,0,0
388.15947578669125,7861,331,1,0
388.16136173075984,25,427,0,0
388.1643231958624,19,62,0,0
388.1669183504925,366,45,0,0
388.17294180232915,5,48,0,0
388.18097866670433,146,305,0,0
388.18425661439215,118,418,0,0
388.18491548376466,7,208,0,0
388.78468521748925,178,443,0,0
388.79099731469665,85,7,0,0
388.7947268970692,33,510,0,0
388.8988968850657,1860,453,1,0
388.90712633215406,51,446,0,0
389.0577997675691,13,39,0,0
389.1404302428602,37,87,0,0
389.26430223331903,23,361,0,0
389.27200359198815,205,46,0,0
389.33338149886146,6,163,0,0
389.3341474589248,161,413,0,0
389.3352409071192,24,354,0,0
389.3549209762522,9,230,0,0
389.36422929533194,15,476,0,0
389.61917807329246,222,68,0,0
389.6291735452728,12,177,0,0
389.62967196440127,12,252,0,0
389.6492351263593,25,89,0,0
389.6588216280408,13,403,0,0
389.6841657558184,260,424,1,0
389.6858430178316,14,283,0,0
389.6895042876101,803,28,0,0
389.70917184706394,11,241,0,0
389.7858643698955,64,66,0,0
389.82555691254913,79,469,0,0
389.90429681277476,40,244,0,0
389.9052459351638,77,33,0,0
389.9166340957311,126,57,0,0
389.9437882713016,144,627,0,0
390.0651473518795,11,71,0,0
390.0950792986351,14,385,0,0
390.10597000930807,2391,15,0,0
390.1198766490644,5,131,0,0
390.13468037147396,418,297,0,0
390.13569542503325,2236,745,0,0
390.15452751780913,537,228,0,0
390.2439321427074,29,60,0,0
390.3179781832756,7,301,0,0
390.31840677962026,11,254,0,0
390.33624455079,26,224,0,0
390.3371248941488,128,503,0,0
390.4969069929259,31,161,0,0
390.54963030398045,23,493,0,0
390.6236366936647,39,213,0,0
390.6283574405148,4,256,0,0
390.62873009182823,99,339,0,0
390.6309482205067,13,700,0,0
390.6397973244655,21,318,0,0
390.64068881808737,7,14,0,0
390.64308131286134,49,161,0,0
391.2432292502441,48,626,0,0
391.2445115587878,79,517,0,0
391.29828353832744,11,107,0,0
391.2987142132248,8,80,0,0
391.3284523436144,50,397,1,0
391.42447187702334,243,395,0,0
391.4684227704249,6,419,0,0
391.66901503205816,24,66,0,0
392.3242093575259,88,222,0,0
392.3253496555839,102,134,0,0
392.35605096527803,13,213,0,0
392.4073925620458,16,255,0,0
392.4499906489242,1186,21,0,0
392.89032436499224,81,360,0,0
392.9223539828785,564,6580,0,1
393.12768543861904,10,241,0,0
393.31583751860904,43,104,0,0
393.3409402645095,15,473,0,0
393.3970410810773,17,333,0,0
393.40111355364166,102,323,0,0
393.43654662524574,338,112,0,0
393.46428584316357,32,108,0,0
393.4784119240138,22,76,0,0
393.4859870367244,30,378,0,0
393.6192766252311,1778,768,0,0
393.6347283753158,72,295,0,0
395.47494786511885,22,235,0,0
395.74060186949856,738,385,0,0
395.82960270071385,22,143,0,0
395.83571543661174,1769,180,0,0
395.9557211619063,9,285,0,0
395.98179107562595,16,141,0,0
396.00528913709275,300,198,1,0
396.0075011394928,12,503,0,0
396.0708311326002,9,378,0,0
396.10352283762677,342,564,0,0
396.1114203952747,17,56,0,0
396.1166366737661,47,142,0,0
396.1282518839971,18,248,0,0
396.1296813379953,16,375,0,0
396.13637554962276,315,142,0,0
396.4546325556551,429,711,0,0
396.46015794049873,37,327,0,0
398.5130764684175,321,215,0,0
398.51446950792644,84,201,0,0
398.69344209372576,83,341,0,0
398.8706884931386,796,768,0,0
399.07754403871553,627,102,0,0
399.1412300839115,18,152,0,0
399.14204920181464,720,208,1,0
399.3423909419245,180,8,0,0
399.51398795269887,33,268,0,0
399.53596330863996,54,23,0,0
399.53614433899,2100,313,0,0
399.7086630825969,19,131,0,0
399.71183015218344,22,286,0,0
399.7234383426958,167,391,0,0
399.9635540827888,10,257,0,0
400.24929969513016,307,581,0,0
400.2925964877597,5,51,0,0
400.2991881164154,2308,690,0,1
400.9062317371144,195,431,0,0
401.10743967361253,12,65,0,0
401.1221443092768,31,505,0,0
401.1250534803862,10,306,0,0
401.16029449124807,1245,768,0,0
401.1616152963161,114,359,0,0
401.84312909559844,311,234,0,0
401.89745402472397,14,266,0,0
401.9070700007347,6,209,0,0
401.95143159219333,16,7610,0,1
401.9521198579469,1637,51,0,0
401.9690937608445,985,111,0,0
401.97446772142723,177,75,0,0
401.9752791734905,26,82,0,0
401.9806779284729,8,138,0,0
402.0191450400984,9,90,0,0
402.02023124115556,13,205,0,0
402.0330685849183,14,72,0,0
402.0340919724067,79,166,0,0
402.0623605735482,16,101,0,0
402.0629127454258,9,385,0,0
402.1415969513693,11,301,0,0
402.2126322809841,18,240,0,0
402.31190597867777,474,587,0,0
403.0127718080753,33,265,0,0
403.0390995214784,41,144,0,0
403.06269429777166,430,27,0,0
403.125053388794,37,367,0,0
403.1323238402437,68,370,0,0
403.13273388938495,2292,192,0,0
403.13431209901415,291,220,0,0
403.1358974419835,19,384,0,0
403.1629584969898,38,282,0,0
403.16804517842957,3730,557,1,0
403.17632715658743,70,439,0,0
403.2328874478698,57,255,0,0
403.25951946934157,25,767,0,0
404.2690061129664,16,395,0,0
404.2855007395738,45,292,0,0
404.28825500987773,46,297,0,0
404.52027990451353,179,185,0,0
404.5282221889601,11,260,0,0
404.54404433810856,28,421,0,0
404.6785070477841,113,78,0,0
404.7047992668025,29,10,0,0
404.7793006265031,9,164,0,0
404.7846121501578,13,235,0,0
404.7948558036772,25,443,0,0
404.86218985689374,41,35,0,0
404.86859947438836,40,710,0,0
404.87714682906187,11,147,0,0
404.89468697868864,36,339,0,0
405.36195469646407,27,547,0,0
405.73306036594596,17,327,0,0
405.7639776114398,2483,85,0,0
405.7864487222551,262,275,0,0
405.7913094631048,32,264,0,0
406.07249763039255,15,416,0,0
406.11819501657897,36,767,0,0
406.2519011590644,4,262,0,0
406.2531085526045,24,179,0,0
406.35550644745973,492,7700,1,1
406.38343742553667,943,585,0,0
406.4775625867317,15,154,0,0
406.64355859205506,21,299,0,0
406.6649274533799,62,197,0,0
406.67500170743904,48,246,0,0
406.75930694390627,10,190,0,0
406.7611884888337,5,273,0,0
407.1329807049981,27,766,0,0
407.17562291059807,15,302,0,0
407.1779304795204,177,194,0,0
407.46369655290806,78,84,0,0
407.61347653380733,36,689,0,0
408.08643958178504,40,292,0,0
408.2504155653334,204,272,0,0
408.3100732785829,9,341,0,0
408.33068979554884,342,102,0,0
408.33337181712636,22,7370,0,1
408.43531409796515,14,283,0,0
408.50944334378505,206,17,0,0
408.5191788222969,19,109,0,0
408.59382320350886,8089,103,1,0
408.5976365855281,564,37,0,0
408.7883659982429,2725,78,0,0
408.81938123274335,15,104,0,0
408.8567229464627,159,69,0,0
408.86202549290897,11,380,0,0
409.014019738317,24,81,0,0
409.0455583129684,139,450,0,0
409.0527499078812,332,4,0,0
409.1019571022679,794,260,0,0
409.11685797269,15,608,0,0
409.2987145126365,746,214,0,0
409.29978605589855,17,273,0,0
409.3020295254404,96,280,0,0
410.5874342520803,44,43,0,0
410.5956967367358,1321,3180,0,1
410.65556385988924,184,146,0,0
410.66544661761117,13,398,0,0
410.6993424001809,69,144,0,0
414.8986506917144,33,468,0,0
414.89907047289114,6,97,0,0
414.96450278091453,1060,385,1,0
414.98902814372354,8,24,0,0
415.0124331866984,18,215,0,0
415.01692755959624,70,365,1,0
415.0201665848048,54,231,0,0
415.35379199121854,10,358,0,0
415.4137816306574,48,311,0,0
415.41574466676343,12,220,0,0
415.43754204231556,12,254,0,0
415.43902791774417,13,108,0,0
422.25115733007317,15,262,0,0
422.2970125504377,10,769,0,0
422.2975916731343,31,348,0,0
422.4346857566128,10,48,0,0
422.5097030600555,32,446,0,0
422.54960814530284,34,469,0,0
422.5801273569263,785,309,0,0
422.58716280237843,6,195,0,0
422.6016443302331,52,406,0,0
422.60201202822617,36,189,0,0
422.8916315209954,9,230,0,0
424.07230793229076,39,314,0,0
424.12989086988756,252,6600,0,1
424.2022890678577,1588,54,0,0
424.20365264284993,9,153,0,0
424.21256698700216,9,63,0,0
424.213788171113,6300,24,1,0
424.2153036380447,11,790,0,1
424.276857548898,11,267,0,0
424.63506709072874,661,396,0,0
424.65329015915756,550,767,0,0
427.6669095210615,186,226,0,0
427.77550051771703,29,168,0,0
427.77572439179664,19,330,0,0
427.7849111863224,222,567,0,0
428.06780634980396,2841,150,0,0
428.09610055168645,8,37,0,0
428.2617385604239,10,685,0,0
428.26243810514217,465,116,0,0
428.5286441977229,371,87,0,0
428.5305473915728,13,49,0,0
428.57119051601205,17,34,0,0
430.01277576679917,21,555,0,0
430.0364786017347,76,242,0,0
430.0492611689231,339,537,0,0
430.1435562838174,31,39,0,0
430.14738360232803,138,754,0,0
430.1503894882507,24,378,0,0
430.2946922089596,10,110,0,0
430.2957038397913,54,255,0,0
430.2973698125038,32,419,0,0
430.98746479012306,70,404,0,0
430.9890981195278,171,283,0,0
431.0380918377633,29,388,0,0
431.2236169997716,6,177,0,0
431.24144568375823,2445,250,0,0
431.2438173414438,6,11,0,0
431.34826428139894,298,146,0,0
431.35132048412885,37,26,0,0
432.7475547804532,151,229,0,0
434.45730967387783,35,266,0,0
434.4598372499839,78,93,0,0
434.52371788403536,45,29,0,0
434.52853995293793,883,4,0,0
434.5709865028303,135,288,0,0
434.5828816922026,908,765,0,0
434.5856377792162,80,322,0,0
434.64119866147286,186,368,0,0
434.6419127717126,30,425,0,0
434.6786053315717,460,76,1,0
434.692949256228,8,340,0,0
434.6970127329599,180,527,0,0
434.8169123138861,21,20,0,0
434.8380878361308,13,262,0,0
434.84777406412957,43,526,0,0
434.8616976805497,16,80,0,0
434.8740488954535,331,176,0,0
435.0000140857108,2202,280,0,0
435.01079937062707,7,76,0,0
435.0108565035556,42,410,0,0
435.01089398891577,418,160,0,0
435.013204534438,696,734,0,0
435.014736602536,838,77,0,0
435.02577746734806,7,76,0,0
435.02702969664836,97,67,0,0
435.0308090306646,533,250,0,0
435.3017938012861,476,523,0,0
435.30309718419267,32,483,0,0
435.4080782695693,17,435,0,0
435.42303846043404,111,767,0,0
435.68507761899747,210,413,1,0
435.80165993896,56,288,0,0
435.8235178794386,520,252,1,0
435.994116740792,28,19,0,0
436.0248633355635,13,149,0,0
436.02692623377106,31,772,0,0
436.08063594606887,10,199,0,0
436.13545382417647,467,59,0,0
436.15136700394197,42,285,0,0
436.1853392105143,13,73,0,0
436.1938394672265,13,2140,0,1
436.2330912932737,117,468,0,0
436.24489720267616,147,316,0,0
436.2458249734154,10,140,0,0
436.25785482497355,26,180,0,0
436.7629730707418,11,198,0,0
436.87153051949787,1491,399,0,0
437.2939033270854,216,158,0,0
437.3146610901181,226,719,0,0
437.32381237853394,38,275,0,0
437.32625497016846,126,321,0,0
437.354315140648,10,15,0,0
437.5151236662081,32,55,0,0
437.6218397839222,35,197,0,0
437.7134412569473,9,153,0,0
437.7208942222735,243,255,0,0
437.74657815229557,816,266,0,0
437.7509492216502,53,297,0,0
437.8595709419864,36,237,0,0
437.9283346064615,1272,6920,0,1
437.9340780810173,225,425,0,0
437.96063831999487,37,351,0,0
437.9608565958332,19,337,0,0
438.0452313018238,41,382,0,0
438.0491960098271,74,231,0,0
438.0589644532132,256,124,0,0
438.12761314920544,12,446,0,0
438.2068003291607,28,197,0,0
438.21208596266365,25,347,0,0
438.7078654817857,79,159,0,0
439.87851802901304,11,149,0,0
440.25068506719316,31,214,0,0
440.5329645873128,258,58,0,0
440.5557590786539,14,2650,0,1
440.88756634868815,19,282,0,0
440.8910579590132,53,456,0,0
440.89324481751765,111,478,0,0
440.9213605102388,25,150,0,0
440.9552971688183,23,83,0,0
440.9588863030877,72,8,0,0
441.6805613171221,8,9,0,0
441.68163840670525,43,724,0,0
441.68195746476476,704,144,0,0
441.6909502886479,194,59,0,0
442.23074236298856,21,416,0,0
442.3210051349095,23,361,0,0
442.3613134075408,104,281,0,0
442.3877466171783,46,394,0,0
442.44961767627564,401,87,0,0
442.4876378088208,396,212,0,0
442.5120148373967,2602,260,0,0
442.52755778661424,526,158,0,0
442.5283521718301,6,162,0,0
442.66693892772196,12,261,0,0
442.6752965334806,1070,396,0,0
442.71738742219014,490,295,1,0
442.77030874566543,23,27,0,0
442.92776151594114,40,174,0,0
442.9317990564578,6,338,0,0
443.0344552575256,45,1520,0,1
443.14285147881503,77,265,0,0
443.15864138639506,17,56,0,0
443.1763546415764,35,264,0,0
443.2027818881679,48,352,0,0
443.2052948675378,20,277,0,0
443.21313151455325,1170,520,1,0
443.21513123466883,6,266,0,0
443.4260421593483,120,25,1,0
443.4301022190325,10,238,0,0
443.43236583629937,26,171,0,0
443.4587961812133,165,767,0,0
443.5156937394718,175,316,0,0
443.5249126109338,23,223,0,0
443.52777586768246,15,101,0,0
443.57243653052154,11,376,0,0
443.67831027501177,9,304,0,0
443.6790316251791,6,317,0,0
443.797034476686,857,288,0,0
443.7975814092223,101,767,0,0
443.8692557480419,130,370,1,0
443.8771705649652,4,258,0,0
443.88868074085747,9,365,0,0
443.9692908720445,22,320,0,0
444.3132226900024,17,44,0,0
445.5645758096077,153,220,0,0
445.8616129152963,32,241,0,0
445.93734392680324,192,166,0,0
445.93865510338867,60,253,1,0
445.94713716867545,8,689,0,0
445.9720320981871,12,371,0,0
445.9777829666365,24,163,0,0
446.03925959638303,211,438,0,0
446.0509684733515,7,251,0,0
446.73955170270574,32,77,0,0
446.75274033804584,12,277,0,0
446.75424416924994,40,181,0,0
446.7610606849899,118,293,0,0
446.76556766008724,25,98,0,0
446.8440564994316,9,178,0,0
447.15737422294745,27,184,0,0
447.30396177935967,78,232,0,0
447.4517274471351,13,237,0,0
447.45654917524695,15,41,0,0
447.4586378488699,1795,173,0,0
447.4624747232891,910,4,0,0
447.4829891697967,15,100,0,0
447.4926414777316,6,78,0,0
447.52684922668624,8,218,0,0
447.677396137177,39,735,0,0
447.7003108539862,128,503,0,0
448.29190180734287,29,195,0,0
448.29605865432563,7,182,0,0
448.3660198263305,14,265,0,0
448.3835079689756,16,177,0,0
448.53176632953904,73,225,0,0
448.5502342865985,5,257,0,0
448.55704584157513,96,286,0,0
448.5724027096074,10,196,0,0
448.5757879525825,54,432,0,0
448.5779718171389,7,7,0,0
448.67560588281975,9,394,0,0
448.68146264859115,8,216,0,0
448.9034408796664,43,25,0,0
451.8961539533955,11,193,0,0
451.9053443756828,7,195,0,0
452.0169465123545,27,426,0,0
452.0335047868966,695,132,0,0
452.033942435612,85,211,0,0
452.0499420967071,624,64,0,0
452.4219398810798,23,151,0,0
452.42362818254594,851,146,0,0
452.43739790162925,431,1210,0,1
452.4508189160484,1034,532,0,0
452.45186484205806,1245,167,0,0
452.48760052699333,262,15,0,0
452.50170752897435,31,291,0,0
452.5619580927783,1013,305,0,0
452.5828627380345,130,85,1,0
452.5839663159331,117,460,0,0
452.6084306164854,2806,182,0,0
452.67407287703116,225,410,0,0
452.685382507449,16,59,0,0
452.7427335950704,103,98,0,0
452.798185618019,18,94,0,0
452.79843324429305,23,212,0,0
452.8627800321673,12,262,0,0
452.86309593636855,98,22,0,0
452.86446044454397,2592,329,0,0
452.87817327785774,65,350,0,0
452.880674579634,204,79,0,0
452.8841759355412,659,484,0,0
453.0462580690034,13,112,0,0
453.0482929014702,18,1870,0,1
453.23478184078084,14,260,0,0
453.9081562218561,16,266,0,0
454.19569321352276,14,112,0,0
454.197575554612,81,325,0,0
454.1983663009855,35,20,0,0
454.21767406247045,6,110,0,0
455.4093978738719,90,1980,0,1
455.4204654596441,30,40,0,0
455.4259542131107,35,75,0,0
455.43918525348846,24,481,0,0
455.5155932708179,164,205,0,0
455.7001581869644,135,30,0,0
455.71694267299563,66,294,0,0
455.7299176404509,41,221,0,0
455.7767196535354,485,327,0,0
455.7947954537386,59,248,0,0
455.8022008231596,2758,85,0,0
455.80268998169385,661,230,0,0
455.8241485585479,9,278,0,0
455.82917765930057,119,638,0,0
455.8397075308737,29,156,0,0
455.84903779618554,15,42,0,0
455.85190135035117,36,26,0,0
455.9031809446989,7,70,0,0
456.04666971422256,11,273,0,0
456.095335402556,6,21,0,0
456.0998995658411,13,45,0,0
456.12369506783637,149,767,0,0
456.19218984402943,1053,342,0,0
456.2059329285981,12,232,0,0
456.2743267217369,157,269,0,0
456.27532126013443,12,649,0,0
456.28625932118223,15,432,0,0
456.58689457390574,10,127,0,0
456.7117031356672,1080,668,0,0
456.7248781021676,18,94,0,0
456.7466322697437,30,68,0,0
458.02099044435994,14,510,0,0
458.1739803203981,4,199,0,0
458.1781960804261,22,223,0,0
458.210307705922,53,316,0,0
458.2172458200048,87,340,0,0
458.2225657312346,18,21,0,0
458.22411301717545,25,624,0,0
458.29698219112623,355,699,0,0
459.7912518042999,77,310,0,0
459.8895057906108,15,317,0,0
459.89079494197557,40,129,0,0
459.94186214189614,17,434,0,0
459.9428152816665,838,225,0,0
459.97066052858884,34,518,0,0
460.1173714244464,92,158,0,0
460.46258451117217,8,170,0,0
460.48548684047387,2398,262,0,0
460.51976078275885,23,144,0,0
460.5382284317262,25,318,0,0
460.55104524412656,19,179,0,0
460.9623807425749,16,434,0,0
460.96506828983286,13,200,0,0
460.9658151427099,7691,501,1,0
461.5676261209069,23,760,0,0
463.250628485319,2233,6,0,0
463.251373182964,6,87,0,0
463.3694309547488,16,219,0,0
463.4603771768224,165,412,0,0
463.4681900325155,5,910,0,1
463.4708696941892,10,145,0,0
463.4957240535257,534,126,0,0
463.5050246874977,390,49,0,0
463.5982469272979,17,356,0,0
463.6033626156518,34,357,0,0
463.79536728564244,26,336,0,0
463.8005008253847,34,128,0,0
464.2734315480402,38,429,0,0
464.380800273163,15,353,0,0
464.5576812170741,44,210,0,0
464.56607155663266,1817,164,0,0
464.57755011891567,67,657,0,0
464.592661739172,10,300,0,0
464.7868674459935,432,4,0,0
464.79170640015724,17,230,0,0
464.79549322383457,93,186,0,0
464.8070616034927,1139,303,0,0
464.8441033168624,64,479,0,0
464.8595847365648,15,586,0,0
464.8755598388994,16,560,0,0
464.8768713024945,12,1440,0,1
464.88213901464786,30,48,0,0
464.88426307825944,10,240,0,0
465.0315035611989,2172,187,0,0
465.04817043036843,23,276,0,0
465.1184986954719,710,574,1,0
465.11980442270294,370,771,1,0
465.13658899020834,3230,419,1,0
465.17478026054255,244,147,0,0
465.17696870659955,510,754,1,0
465.18193039104597,7,278,0,0
465.188352384531,11,222,0,0
465.21258062754765,12,41,0,0
465.2442543112576,5,275,0,0
465.2453078342914,225,764,0,0
465.2802173811798,31,95,0,0
465.3075664366469,20,2880,0,1
465.33980798042273,12,104,0,0
465.3429587840507,5,30,0,0
465.35853776576437,16,335,0,0
465.59027186947117,37,210,0,0
465.7686925165057,16,506,0,0
465.7739565660397,25,470,0,0
466.2154380919659,17,357,0,0
466.2231670227013,369,639,0,0
466.2261472460441,360,738,0,0
466.3952603922381,965,205,0,0
466.42962920561877,18,200,0,0
468.17922578981336,34,447,0,0
468.19049720245175,12,257,0,0
468.2139168661789,12,645,0,0
468.29186402751105,1608,141,0,0
468.32227032897595,124,2910,0,1
468.3303016396452,12,184,0,0
468.3483409624441,176,622,0,0
468.3655337731398,4,163,0,0
468.3827997601395,298,424,0,0
468.39971898554523,32,208,0,0
468.40054818590625,8,398,0,0
468.5075173027207,65,767,0,0
468.5127219817538,8,274,0,0
468.523720859588,15,365,0,0
468.5274241239211,600,460,0,0
468.5393085286058,15,27,0,0
468.6662353341711,246,5830,0,1
468.89263740150676,350,190,1,0
468.92706590880823,11,629,0,0
468.95203336705123,32,91,0,0
468.95839654964107,16,238,0,0
468.968702643756,812,767,0,0
468.9975224330947,25,4560,0,1
469.0107393328274,25,484,0,0
469.01324197233697,38,287,0,0
469.03371357451937,5,100,0,0
469.03594525995254,23,732,0,0
470.172521008362,980,577,1,0
470.2058626760538,10,195,0,0
470.2116811737394,11,70,0,0
470.2575246773075,34,244,0,0
470.2615780314579,70,756,0,0
470.2724680247167,11,278,0,0
470.6741818751112,13,249,0,0
470.9117494642702,8,217,0,0
470.9134411190956,116,769,0,0
470.9153751926874,13,319,0,0
470.92184634846024,10,479,0,0
472.56024989910185,102,643,0,0
472.5806978964793,18,348,0,0
472.6109657117552,55,47,0,0
472.6174873121276,11,392,0,0
472.8744654203018,61,206,0,0
472.99874901567944,4,40,0,0
472.9993174357179,21,318,0,0
473.0026324010355,69,461,0,0
473.00309500612605,42,180,0,0
473.00486317391085,19,290,0,0
473.0083947333966,928,515,0,0
473.0096387122549,9,327,0,0
473.0146726088803,758,104,0,0
473.08656287651837,1057,767,0,0
473.25828495161613,116,21,0,0
473.2808802493044,11,134,0,0
473.3581161714732,1424,277,0,0
473.3593116691484,12,388,0,0
473.70307174194835,9,19,0,0
475.4769076128863,1354,255,0,0
475.49039223665716,16,243,0,0
475.54698469780743,5,20,0,0
475.5837507241967,37,212,0,0
475.58398537954554,15,3750,0,1
475.7222435691326,24,510,0,0
475.76913467386726,761,173,0,0
475.7698382910573,62,251,0,0
475.7776072955768,365,82,0,0
475.96046154075685,32,35,0,0
476.0172954070162,39,3450,0,1
476.01843822849867,200,266,0,0
476.0241517360359,15,150,0,0
476.028676130676,9,98,0,0
476.053053502708,21,236,0,0
476.0574237257595,42,16,0,0
476.07717944064234,50,29,1,0
476.08984017972585,54,256,0,0
476.0907623677433,50,769,1,0
476.13123587048324,59,45,0,0
476.16122405897266,16,525,0,0
476.1657557540232,38,241,0,0
476.24459762997867,9,2820,0,1
477.9981356129868,17,768,0,0
477.99888307993035,2213,135,0,0
478.0265712561929,921,170,0,0
478.1220806054753,179,767,0,0
478.14113057421054,728,243,0,0
478.1467119123292,1719,179,0,0
479.60714276154454,21,306,0,0
479.6136621754008,55,61,0,0
479.62738723559113,40,181,0,0
479.6321978804841,12,234,0,0
479.8359604932738,696,345,0,0
479.8362052510293,18,41,0,0
479.8391680239983,301,773,0,0
479.8463030872193,5,16,0,0
479.879825380843,63,129,0,0
479.9154605814185,8,36,0,0
480.04548193904395,34,344,0,0
480.0594163347122,13,201,0,0
480.0635063135867,369,139,0,0
480.0792280044953,22,227,0,0
480.0823480445809,7710,46,1,0
480.0884535823765,309,308,0,0
480.09529433852106,6,265,0,0
480.12825560406736,8,275,0,0
480.2229533078156,34,390,0,0
480.2249205917341,6,185,0,0
480.2303419419916,13,188,0,0
480.2473498194661,49,349,0,0
480.2657252656293,16,280,0,1
480.2764613465129,82,194,0,0
480.33319955346343,20,454,0,0
480.34476256383135,36,689,0,0
480.3453067290889,5630,212,1,0
480.59388252064247,796,768,0,0
480.5953474085885,21,374,0,0
481.06596407628126,9,119,0,0
481.0961763683155,264,117,0,0
481.1304229658376,25,87,0,0
481.13137442692175,27,231,0,0
481.16216849585015,55,231,0,0
481.17403205270375,9,8,0,0
481.1773757067753,24,279,0,0
481.2310289854671,6,8,0,0
481.3110815111382,12,476,0,0
481.5034996364821,23,250,0,0
481.50505864928544,1221,21,0,0
481.5087926656066,10,69,0,0
481.7955437653892,6,12,0,0
481.8468672340381,40,223,0,0
481.9376581083825,23,503,0,0
481.9440296633083,40,528,0,0
481.98069807132583,658,180,0,0
482.07302917587185,373,462,0,0
482.074630767642,12,147,0,0
482.07936018151133,123,153,0,0
482.1094741056139,14,67,0,0
482.3932170681227,25,191,0,0
482.4011428481904,27,346,0,0
482.4708536298179,77,523,0,0
482.4743792786886,21,241,0,0
482.4761398124152,116,167,0,0
482.54092510213394,102,338,0,0
482.54339058537477,8,113,0,0
482.563661138005,41,791,0,0
482.56986941820577,10,769,0,0
482.62193367228457,30,247,0,0
482.6234774291676,55,126,0,0
482.62464878141054,21,13,0,0
482.6257830336564,194,94,0,0
482.6383318132869,19,395,0,0
482.87178416053433,6,223,0,0
482.96623463881576,12,252,0,0
482.9934273431631,11,434,0,0
483.00745225434576,11,249,0,0
483.2108463068785,15,256,0,0
483.22594854441144,140,197,1,0
483.36985940470396,84,192,0,0
483.6370191808138,11,61,0,0
483.70702419756446,46,5180,0,1
483.74707587436154,112,357,0,0
483.78646121877483,8,223,0,0
483.80199196630247,275,690,0,0
483.83373807022815,170,239,1,0
483.83695539318177,18,467,0,0
483.8404058198932,40,2680,0,1
484.238015282787,2874,6,0,0
484.2522606703964,6,1990,0,1
484.2529044677638,187,4230,0,1
484.5136806346094,5,100,0,0
484.77463972531433,12,195,0,0
484.8183840843598,758,409,0,0
484.8199707909522,745,213,0,0
485.6419764505081,27,147,0,0
485.7943281145949,42,256,0,0
485.99869795417226,1628,174,0,0
486.00978519903873,368,285,0,0
486.05080207518296,385,226,0,0
486.06129217183513,9,5600,0,1
486.0726014512033,1989,29,0,0
486.0744085929628,11,295,0,0
486.07825505930424,11,80,0,0
486.0848491985104,46,111,0,0
486.10419579381835,2268,245,0,0
486.2290668568977,15,63,0,0
486.28248796318803,75,14,0,0
486.283003167968,14,332,0,0
486.4203193283311,47,422,0,0
486.42123619651665,54,118,0,0
486.4675333729451,62,433,0,0
486.47960084585907,46,767,0,0
486.49980218178916,580,285,1,0
486.50670229922474,23,250,0,0
486.5089114221535,7,182,0,0
486.9402572772686,154,288,0,0
486.9403997938088,65,206,0,0
486.94345539180625,140,693,0,0
487.18008418969,22,447,0,0
487.1971290510473,13,225,0,0
487.2151551263077,11,341,0,0
487.21838129776467,379,30,0,0
487.22025173246146,6,28,0,0
487.27625303926504,22,349,0,0
487.2886568394988,28,290,0,0
487.322465211638,6,23,0,0
487.40119532820404,19,65,0,0
487.4017771474668,29,45,0,0
487.40400037191426,27,716,0,0
487.40858593129224,35,332,0,0
487.43544205089313,1087,157,0,0
487.5035597137896,21,90,0,0
487.5057742776053,10,284,0,0
487.51692809952783,49,772,0,0
487.5307260238311,68,296,0,0
487.5444807549078,1177,30,0,0
487.9202820555932,104,574,0,0
487.92422540672396,36,428,0,0
487.94778397091414,35,680,0,0
487.9479577343285,61,153,0,0
487.9615861118126,14,409,0,0
487.9831425501217,316,226,0,0
488.0521050408221,17,435,0,0
488.058292219434,309,89,0,0
488.0639333715173,43,663,0,0
488.06549183446185,300,76,1,0
488.07180793202116,11,91,0,0
489.9793047679841,5,196,0,0
489.9798766725171,77,396,0,0
489.980457998772,16,277,0,0
490.0011560651694,16,127,0,0
490.0037815942019,135,267,0,0
490.20534389593087,27,29,0,0
490.20620472198726,135,451,0,0
490.65797723663695,16,428,0,0
490.66507795030384,80,7670,0,1
490.66571581629,55,90,0,0
490.66592420007134,4,79,0,0
490.6687768182869,25,570,0,0
490.67350140344007,16,314,0,0
490.70872623594903,9,298,0,0
490.7100467456912,485,370,0,0
498.09662855651396,2576,580,0,0
498.1880380299772,26,82,0,0
498.19995645858444,24,598,0,0
498.20567179091285,13,177,0,0
501.9108202202431,25,120,0,0
501.9146065683263,12,324,0,0
501.9931650577571,16,255,0,0
502.3259276373271,32,241,0,0
502.3286707750851,10,23,0,0
502.38482103904033,9,308,0,0
502.39135743735403,10,17,0,0
502.6736608869118,36,130,0,0
502.9960673604565,1140,5,1,0
503.0488881132584,26,338,0,0
503.07354633925115,16,601,0,0
503.0751178971739,9,2660,0,1
505.4534624017175,10,367,0,0
505.82265758899393,6,499,0,0
505.8987635580925,10,248,0,0
506.2593399130335,3750,2000,0,1
506.2781489760577,10,62,0,0
506.28008953209394,14,279,0,0
506.3993284537689,12,45,0,0
506.4019699983923,12,85,0,0
506.4082581764302,16,327,0,0
506.490061755216,13,160,0,0
506.49084763285776,37,3510,0,1
506.51009902856265,18,257,0,0
506.52017603177944,17,286,0,0
506.521955578343,14,165,0,0
506.52356402846624,104,574,0,0
506.53529628408296,94,165,0,0
506.54535506806064,8,117,0,0
506.57034873932,15,80,0,1
506.5712578833653,255,21,0,0
506.5927189992193,4,103,0,0
506.5941672935491,24,243,0,0
506.59775226175975,296,361,0,0
506.7233857675194,259,323,0,0
506.7280252301805,8,40,0,0
506.73474803041154,4451,170,0,0
506.7382941443304,14,7,0,0
506.75604114937687,13,233,0,0
506.85227043663195,26,357,0,0
506.861255787204,9,243,0,0
506.9296379877222,9,133,0,0
506.9309666767349,485,241,0,0
506.97647037091036,63,80,0,0
506.990972708242,7,30,0,0
507.0118796536848,7,167,0,0
507.0147171178036,630,360,0,0
507.0199774706498,2537,138,0,0
507.05342474854297,8,113,0,0
507.05512319871207,330,211,1,0
507.1394111665072,93,432,0,0
507.1469116688113,32,235,0,0
507.1915760247884,10,109,0,0
507.1934614794476,24,29,0,0
507.19416264343755,16,274,0,0
507.25911509884423,12,189,0,0
507.3303100416901,625,289,0,0
507.3468759255803,13,469,0,0
507.4137093675675,1983,187,0,0
507.43130073696085,276,224,0,0
507.49890315754004,230,389,1,0
507.52309245251865,2664,535,0,0
507.5257005570612,240,733,0,0
507.6903589221468,6,227,0,0
507.6929935073548,19,213,0,0
509.34847866677745,195,431,0,0
509.3619364766905,18,516,0,0
509.36476334558637,110,767,0,0
509.37655875542276,19,5040,0,1
509.39718178352973,7,443,0,0
509.4211074674052,8,130,0,0
509.4769070406228,13,351,0,0
509.4824495395252,1126,271,0,0
509.4827480706404,608,769,0,0
509.48608207343324,36,357,0,0
509.53006438954856,9,85,0,0
509.70294089800194,23,632,0,0
509.7032863539031,129,64,0,0
509.7260912754697,837,121,0,0
509.899760353384,20,1110,0,1
509.9008810711289,11,108,0,0
510.47034914016876,39,200,0,0
510.47435391064766,280,33,0,0
510.4891844187346,109,920,0,1
510.4961459879098,12,369,0,0
511.16430481696983,31,13,0,0
511.2778971733212,18,324,0,0
511.3025726796642,3589,259,0,0
511.3117809260891,11,206,0,0
511.31242302603647,541,1360,0,1
511.3228621457448,255,21,0,0
511.32842259375707,32,391,0,0
511.3430044758637,7,329,0,0
511.34340773091856,20,417,0,0
511.58073022811953,8,306,0,0
511.6971424633937,61,551,0,0
512.1618699203503,23,45,0,0
512.1676466749254,441,524,0,0
512.185069526959,371,773,0,0
512.1866715712392,292,111,0,0
512.2976761945055,34,65,0,0
512.3096998554802,203,118,0,0
512.8509134762515,233,50,0,0
512.9329653479757,17,112,0,0
513.0214079551085,12,310,0,0
513.0782059432585,23,309,0,0
513.079181926683,17,777,0,0
513.1606587176299,38,227,0,0
513.1614073767796,13,360,0,0
513.1960409450026,6,379,0,0
513.2580751686298,10,17,0,0
513.2599301795776,88,243,0,0
513.2652547078961,35,163,0,0
513.2785698782271,51,346,0,0
513.3109914479014,30,20,0,0
513.3450435025808,22,319,0,0
513.3652465254844,289,143,0,0
513.3685011173066,20,154,0,0
513.4014903822801,18,131,0,0
516.1819109292726,10,251,0,0
516.1878136735422,32,238,0,0
516.6474353581319,47,425,0,0
516.6491375427314,120,273,1,0
516.6542887765742,6,248,0,0
516.922446040783,10,72,0,0
517.0248168477475,23,468,0,0
517.4954466594629,36,467,0,0
517.5574859737969,125,639,0,0
517.5629171176417,93,486,0,0
517.5843750108072,18,50,0,0
517.5919112895031,22,171,0,0
517.7423853998683,115,108,0,0
517.8055628002336,9,188,0,0
518.0310150302694,370,64,1,0
518.0356237278546,944,67,0,0
518.0466816734233,12,1330,0,1
518.0544314300763,11,193,0,0
518.0632068047005,100,349,0,0
518.0765209415816,53,412,0,0
518.3149050957614,289,780,0,0
518.3393709712636,34,254,0,0
518.5349844660042,46,388,0,0
518.5627492875961,76,188,0,0
518.5632598409278,28,424,0,0
518.5643872654273,22,386,0,0
518.5771511287959,16,237,0,0
518.7646679545708,40,175,0,0
518.7832325259578,9,255,0,0
518.7841756124504,55,2540,0,1
518.8075594528214,74,1395,0,0
518.8185916347945,314,416,0,0
518.8775584975074,54,200,0,0
518.9739910375976,11,30,0,0
519.0062053780155,40,257,0,0
519.0112035309716,8,279,0,0
519.0134789073123,31,300,0,0
519.0223858118449,21,250,0,0
519.0380846014364,73,41,0,0
519.0757433223469,47,582,0,0
519.0830252352096,1600,216,1,0
519.0881099634381,8,52,0,0
519.1368928024818,22,249,0,0
519.2307814924811,44,292,0,0
519.2626781259355,15,309,0,0
519.264998840994,21,413,0,0
519.2747851285126,67,36,0,0
520.6675114748924,31,256,0,0
520.669632146505,12,184,0,0
520.6784227038381,485,635,0,0
520.7921741129177,15,2600,0,1
520.7948237151662,1456,3430,0,1
520.8045258748956,522,477,0,0
521.0430230446524,62,228,0,0
521.1718466229024,67,285,0,0
521.1723439888298,13,468,0,0
521.2332768085776,11,13,0,0
521.2428658314944,7,216,0,0
521.2439963879327,39,291,0,0
521.3972505172236,1294,294,0,0
521.4036406671407,12,269,0,0
521.4203927753496,748,152,0,0
521.4236783313437,150,674,1,0
521.5130675143363,80,472,0,0
521.6254047467734,37,373,0,0
521.7158059825374,408,233,0,0
523.9809078920028,39,306,0,0
524.0462536365404,209,210,0,0
524.0564689422397,5,120,0,0
524.1139900208252,381,261,0,0
524.1539847518727,22,437,0,0
524.2419827380276,573,118,0,0
524.242167172146,10,397,0,0
524.3614910176994,386,478,0,0
525.6058699453129,35,650,0,0
525.7359767191492,17,369,0,0
525.7426593822815,167,382,0,0
527.5010590574728,1440,768,0,0
527.6164097419861,7,96,0,0
529.1805330817427,1568,820,0,1
529.3715343091526,56,246,0,0
529.3864385323516,44,29,0,0
529.3874947417889,74,333,0,0
529.42276762858,9,292,0,0
529.5076556494737,47,268,0,0
529.521093762397,70,7690,0,1
529.5232240723407,8,79,0,0
529.6826460060817,66,631,0,0
529.6894032211526,14,36,0,0
530.1911327608888,13,653,0,0
530.2011936355944,30,440,0,0
530.2657939648147,64,490,0,0
530.2817847130849,57,767,0,0
530.3499025383074,6,107,0,0
530.4399573548859,136,272,0,0
530.4403990615226,343,507,0,0
530.4480483731412,3043,675,0,0
530.457636380401,16,311,0,0
530.4666533066904,11,116,0,0
530.4918656799279,1327,8,0,0
530.7743175467396,14,446,0,0
530.7781141308282,291,604,0,0
530.8635631821966,180,292,1,0
530.8764787497561,16,21,0,0
530.8834861184923,80,395,0,0
530.8849117490248,20,140,0,0
530.8908362975437,33,63,0,0
530.8939174119381,6,210,0,0
530.9612508172435,3190,767,1,0
531.5314109487358,21,91,0,0
531.6111227498222,36,301,0,0
531.7283955709188,75,229,0,0
531.7336635788878,88,20,0,0
531.8410924605618,14,122,0,0
531.8460662440648,10,116,0,0
531.85028500873,27,640,0,1
531.8947025416777,269,110,0,0
531.9020125602485,56,465,0,0
531.9934676000614,171,130,0,0
532.0285585120035,17,388,0,0
532.0438691015534,6590,45,0,0
532.0521017101532,48,246,0,0
532.0904943435527,34,362,0,0
532.1345516522352,6,181,0,0
532.1653376346737,48,290,0,1
532.4117863029338,2883,219,0,0
532.4201610579532,21,292,0,0
532.4218514676918,181,289,0,0
532.42375918223,290,11,0,0
532.4275349227535,29,286,0,0
532.431780325244,154,288,0,0
532.4516806870625,33,810,0,1
533.1416231376732,9,348,0,0
533.145127471952,36,19,0,0
533.1500209912397,14,187,0,0
533.159116872839,47,582,0,0
533.1627986530848,24,405,0,0
533.1685186459091,699,376,0,0
533.2740670464694,168,292,0,0
533.6040812053894,375,700,0,1
533.6104778456405,28,190,0,0
533.633119271647,20,332,0,0
533.7933770911853,9,92,0,0
533.8424493228774,18,248,0,0
533.8604481369194,68,353,0,0
533.9130352606832,54,140,0,0
533.9341522270264,25,44,0,0
533.9409616376098,513,142,0,0
534.0116691796978,10,11,0,0
534.0190372262828,92,443,0,0
534.0286515484354,5,271,0,0
534.0750423498788,837,224,0,0
534.0776627701158,21,218,0,0
534.1802803030247,1023,3170,0,1
534.1863585157014,180,346,1,0
534.1900440748723,9,80,0,0
534.2637584244433,664,585,0,0
534.3555952989377,80,20,1,0
534.519531355134,91,340,0,0
534.8650748114322,41,355,0,0
534.8686123474038,18,2190,0,1
534.8836099035459,34,649,0,0
534.8865845519797,10,108,0,0
534.8922509633084,52,435,0,0
535.024155584348,167,258,0,0
535.068522567608,261,121,0,0
535.1089536340775,3009,159,0,0
535.1629559172428,14,228,0,0
535.1735520919365,13,142,0,0
535.455171904372,12,177,0,0
535.4585457065617,1205,64,0,0
535.5457977425621,15,769,0,0
535.5532311144652,19,352,0,0
535.5571532893891,8,127,0,0
536.7536122022796,1386,33,0,0
536.7648212104003,443,386,0,0
536.8536712474627,16,64,0,0
536.8586094944519,50,150,0,0
536.8640325148825,2755,130,0,0
537.100328247805,9,11,0,0
537.1513015816574,13,3600,0,1
537.1772890129791,124,430,0,0
537.2334826499381,150,45,1,0
537.3089093598103,1379,519,0,0
537.4275726679306,169,52,0,0
537.4855434376507,3301,248,0,0
537.5713771063804,20,66,0,0
537.6125993796613,5,249,0,0
537.6419289805921,395,282,0,0
537.838784827141,6,281,0,0
537.8390966971112,34,277,0,0
537.9499921952983,18,99,0,0
537.973163246645,9,500,0,0
538.0045828405725,40,34,1,0
538.0178620518778,1025,152,0,0
538.0233638400603,12,628,0,0
538.0937994916596,745,273,0,0
538.0958902288503,9,273,0,0
538.0989642432047,8,140,0,0
538.1019684713335,14,349,0,0
538.6092865344154,339,108,0,0
538.6295627857512,29,455,0,0
538.6488701939348,2067,111,0,0
538.6501464983918,129,207,0,0
538.6730677315472,83,475,0,0
538.774904527816,132,10,0,0
538.7772209612428,522,143,0,0
538.7991066605051,23,203,0,0
538.8274833139221,14,213,0,0
538.8900620206464,1943,81,0,0
539.0165168624653,180,614,1,0
539.8946247332308,261,201,0,0
539.9131415846483,93,532,0,0
539.9327149014887,1052,451,0,0
539.9380395168463,23,352,0,0
540.0578311091863,36,449,0,0
540.0749529465315,1576,596,0,0
540.1204991970454,14,226,0,0
540.1915620372265,13,92,0,0
540.2052434812214,106,552,0,0
540.218069039727,81,286,0,0
540.2429392503925,1571,477,0,0
540.2669805953926,314,318,0,0
540.2873343907213,9,203,0,0
540.3009016990155,33,729,0,0
540.3175660654246,10,150,0,0
540.5102748121927,56,319,0,0
540.5159024193558,40,420,0,0
540.5376464361353,14,307,0,0
540.5563488332031,10,291,0,0
540.7025021001085,316,450,0,0
540.7092339351015,45,150,0,0
540.7209114550957,777,350,0,1
540.7278379807105,8,82,0,0
540.8158847963564,14,111,0,0
540.8800143760138,13,258,0,0
540.9232136198523,75,571,0,0
540.9478728580899,264,151,0,0
542.4035591562011,11,174,0,0
542.43757011804,7,1500,0,1
542.4380229621551,1030,6900,0,1
542.439134729199,135,93,0,0
542.4403920887493,21,4100,0,1
542.4484166561052,23,164,0,0
542.4493947482546,59,159,0,0
542.467994268269,10,370,0,0
542.4691312445424,61,58,0,0
542.4854417401191,5,300,0,0
542.4907468980083,50,303,0,0
542.5387414620013,110,198,1,0
542.5617662690798,16,79,0,0
542.5645363902594,178,570,0,0
543.1527875007152,50,3390,0,1
543.1548036006744,16,469,0,0
543.1611926353473,217,274,0,0
543.1623816648117,209,104,0,0
543.2811618147756,63,1620,0,1
543.3925083959278,165,727,0,0
543.4073645585447,20,353,0,0
543.4075161857637,123,474,0,0
543.4879238300769,49,92,0,0
544.0588526423355,70,571,0,0
544.0620758025108,1300,277,0,0
544.1064693023826,21,208,0,0
544.2083817969434,11,222,0,0
544.2276372925553,284,108,0,0
544.2294458829974,19,290,0,0
544.2414620063395,407,105,0,0
544.2465062113336,4,567,0,0
544.2981757939008,26,3260,0,1
544.2987567400014,1241,79,0,0
544.34750316877,506,812,0,0
544.3677907420171,24,311,0,0
544.3686274792457,153,150,0,0
544.3710940978414,512,122,0,0
544.421853303191,77,498,0,0
544.6364386515405,6,191,0,0
544.7308286447931,7,168,0,0
549.9172102790825,5,280,0,0
549.9425495110503,4,17,0,0
549.9442389136983,58,738,0,0
549.962777168113,194,59,0,0
549.9670015375227,84,324,0,0
549.9671601386651,6,227,0,0
550.1043536389803,60,160,0,0
550.1068896867371,18,178,0,0
550.1097138637084,66,320,0,0
550.7112492905213,12,170,0,0
550.7161546871848,152,186,0,0
550.7194367638348,887,600,0,0
550.8105448460558,25,452,0,0
551.4605759487109,12,454,0,0
551.4610128196218,1016,87,0,0
551.4630378296744,17,111,0,0
551.4681055962766,442,527,0,0
551.5491931557021,7,26,0,0
551.5775934836994,1195,491,0,0
551.7397375777696,31,201,0,0
551.7407158085775,59,39,0,0
551.7544579306425,55,576,0,0
552.0630438638011,100,73,0,0
552.0635108606458,330,592,0,0
552.2087185885206,10,343,0,0
552.2120610434193,58,253,0,0
552.2421112921371,1184,486,0,0
552.244268866333,529,364,0,0
552.3042836704009,14,287,0,0
552.3850981506664,50,279,0,0
552.3979229960809,52,269,0,0
552.8473880506276,40,608,0,0
552.8497891505714,6,222,0,0
552.9704390065467,104,38,0,0
552.9722580822632,8,315,0,0
553.0882887930286,775,295,0,0
553.1799705737562,9,322,0,0
553.1841784108415,15,214,0,0
553.5804170317027,7,422,0,0
553.5965403534988,57,371,0,0
553.5977076077421,890,690,0,0
553.6070408313951,190,323,1,0
553.7134366953809,1050,517,0,0
553.7328601793033,250,463,1,0
553.8424716963899,559,4,0,0
554.1393275862539,2223,240,0,0
554.2316503596302,110,206,0,0
554.2844423981611,20,49,0,0
554.3119617633639,1087,157,0,0
554.3583128121185,10,224,0,0
554.6806079915889,54,269,0,0
554.6862299477739,43,34,0,0
554.6987469191164,75,257,0,0
554.7871678345296,62,433,0,0
554.7897875706688,12,771,0,0
554.9223240165793,354,353,0,0
554.9417648912897,103,473,0,0
554.9907062149525,12,169,0,0
554.9962428702256,2088,39,0,0
555.0084489271561,20,350,0,0
555.2088893528214,81,2680,0,1
555.2110512790327,10,441,0,0
555.3495844178989,14,2150,0,1
555.519737032333,100,81,0,0
555.5420937889493,248,120,0,0
555.5424884277049,12,199,0,0
555.5445716786516,8,492,0,0
555.5848364268977,176,444,0,0
555.7359217245588,41,310,0,0
555.7370941522894,22,360,0,0
555.775438521444,6,8,0,0
555.8052000135139,461,767,0,0
555.8061400498078,9,213,0,0
555.8324761064677,2779,134,0,0
555.836624209885,54,768,0,0
555.8375717483118,4,70,0,0
556.4755420018699,277,277,0,0
556.4796639580749,22,135,0,0
556.4807494050979,25,360,0,0
556.4818604714432,26,3430,0,1
557.3278878125802,258,308,0,0
557.4577420294487,13,312,0,0
557.5124056345124,9,356,0,0
557.515942185809,9,155,0,0
557.5552706482069,2165,47,0,0
557.576573328035,93,96,0,0
557.6556767465585,314,465,0,0
557.6567004917731,271,169,0,0
557.7341853016588,66,392,0,0
557.8633611945271,15,550,0,0
557.8664647378695,20,3410,0,1
557.8693141700505,396,4680,0,1
557.8837602011218,8,416,0,0
557.8850293227465,8,1900,0,1
557.8953106176721,18,1600,0,1
557.9054613300929,12,363,0,0
558.183242256832,4040,189,0,0
558.1857149633616,39,257,0,0
558.1953125214025,113,478,0,0
558.4441783256901,72,7670,0,1
558.4447756272407,47,438,0,0
558.5854227162948,195,234,0,0
558.5926337823164,13,92,0,0
558.6502355607695,10,557,0,0
558.6679081329886,10,213,0,0
558.7319896512042,27,735,0,0
558.7320132009846,266,254,0,0
558.7363683254248,13,108,0,0
558.7366024342235,23,3880,0,1
558.7465571302794,49,113,0,0
558.75141344643,19,315,0,0
558.7719220554385,11,273,0,0
559.2804478395285,107,40,0,0
559.3325101884601,7,215,0,0
559.3733371761772,32,144,0,0
559.4386480946526,44,35,0,0
559.4500023132045,1302,164,0,0
559.8256798005682,18,637,0,0
559.8956200625072,29,165,0,0
559.9159569531312,11,396,0,0
560.1306158996149,10,454,0,0
560.1396199935264,16,253,0,0
560.1463904177119,830,318,1,0
560.1496561469542,474,587,0,0
560.1507733552326,6,16,0,0
560.152434763312,1175,425,0,0
560.3456450664729,194,366,0,0
560.3534685723861,576,580,0,0
560.3705466283097,26,2860,0,1
560.4485149505073,35,6753,0,0
560.4619672562288,5,160,0,0
560.4645478185304,109,125,0,0
560.4679181642442,15,360,0,0
560.4752811464572,17,430,0,0
560.6136241418105,76,49,0,0
560.6198811742855,10,106,0,0
560.625596126912,3436,338,0,0
560.6762926120257,330,355,1,0
560.6950042652961,37,60,0,0
560.7150852052765,10,368,0,0
560.7430478210248,308,615,0,0
561.27098935472,309,308,0,0
561.2800664636741,15,789,0,0
561.2871130279235,620,27,1,0
561.9297716731134,8,102,0,0
561.9326924354239,86,559,0,0
561.9332548783191,880,444,1,0
562.0317729175426,7,248,0,0
562.0385600730135,15,215,0,0
562.0555931650334,310,291,1,0
562.0766227974673,375,385,0,0
562.0783973146735,50,219,0,0
562.1263682389002,19,414,0,0
562.1279540223653,16,117,0,0
562.2219889229825,213,450,0,0
562.3927895432943,64,326,0,0
562.397214365405,9,191,0,0
562.552883179481,110,426,0,0
562.5780649580755,393,226,0,0
563.2683798761389,1579,387,0,0
563.2869742792808,313,287,0,0
563.2874631689008,50,545,0,0
563.2879287102402,14,113,0,0
563.3920387725584,128,461,0,0
563.3990594548512,50,617,0,0
563.4370738636501,23,250,0,0
563.4389760474076,190,93,1,0
563.4445092991,36,377,0,0
563.4447160130484,13,44,0,0
563.4825050241586,2303,78,0,0
563.566551358936,157,767,0,0
563.5702649685331,5,483,0,0
563.6173555055738,286,139,0,0
563.6213920275687,20,384,0,0
563.6568598190024,7945,247,1,0
563.6637225685363,8,596,0,0
563.6666584420348,85,207,0,0
563.7092722661697,28,39,0,0
563.7096712307639,16,373,0,0
564.348647414535,9,213,0,0
564.3493484507073,65,120,0,0
564.3496637449996,57,145,0,0
564.3781816833323,883,766,0,0
564.3802354882849,118,494,0,0
564.4356695350957,107,636,0,0
564.4366696903671,44,292,0,0
564.755738354703,17,362,0,0
564.9654893136327,30,102,0,0
564.967491907247,4,34,0,0
565.8397842982316,25,219,0,0
565.8466852547471,10,203,0,0
565.8633695072722,6,122,0,0
565.8678481609688,322,704,0,0
565.8965144156377,873,159,0,0
565.9326578225097,205,369,0,0
565.945549635862,112,214,0,0
565.9759589172581,75,537,0,0
565.9975956475428,18,390,0,0
566.041036387265,198,409,0,0
566.042245965869,19,105,0,0
566.0493114014771,6,422,0,0
566.05094425674,55,90,0,0
566.0658935171117,9,81,0,0
566.0804457620694,530,207,0,0
566.0917096984791,12,56,0,0
566.0959392396222,74,259,0,0
566.7353556196832,9,17,0,0
566.7377593372097,16,393,0,0
566.7848923116404,22,349,0,0
566.7916451018035,17,305,0,0
567.1081874959774,30,309,0,0
567.2936956907903,9,131,0,0
567.3328877058959,15,2740,0,1
567.3976789541816,197,231,0,0
567.4007531922313,9,214,0,0
567.4029015195431,14,455,0,0
567.4812676536266,516,282,0,0
567.4985874184645,6,207,0,0
567.499345190853,20,332,0,0
567.5112318341095,627,138,0,0
567.5124622644943,513,113,0,0
567.5134046393825,182,31,0,0
567.5281452903869,235,493,0,0
567.5469056592367,10,150,0,0
567.5556717835873,30,331,0,0
567.5617667446681,15,507,0,0
567.5637922784133,40,32,0,0
567.574733838613,8,511,0,0
567.5874482518191,9,561,0,0
567.5938060696523,13,180,0,0
569.4039201835614,7,241,0,0
569.4131506028348,10,3180,0,1
569.4338213363066,76,289,0,0
569.437299373494,75,89,0,0
569.4488344813926,186,368,0,0
569.4670843256827,5,76,0,0
569.517968012913,24,219,0,0
569.518007834521,863,101,0,0
569.6532501273493,1858,748,0,0
569.7020489326103,402,334,0,0
569.7291559965588,32,600,0,0
569.731277329637,176,448,0,0
569.7317593665933,425,18,0,0
569.7334992903998,125,786,0,0
569.7992876460814,49,599,0,0
569.8605650207872,1168,111,0,0
569.8771513819383,302,231,0,0
569.9477644328839,16,316,0,0
569.9504125897105,13,273,0,0
569.9523212256673,15,324,0,0
570.1597927815375,120,365,0,0
570.3150930944691,197,102,0,0
570.3963105932789,99,580,0,0
570.5502752035871,62,45,0,0
570.566318159591,12,101,0,0
570.5664960388299,4270,19,1,0
570.5767437446445,269,173,0,0
570.7328178714677,17,256,0,0
570.7434234452965,272,10,0,0
570.8134691393337,77,260,0,0
570.8733477705267,12,218,0,0
570.8762493250878,97,128,0,0
570.9252473936529,470,393,0,0
570.9461084960716,134,266,0,0
570.9470968194008,50,140,0,1
571.0945835921233,20,114,0,0
571.0966694881182,16,237,0,0
571.1409455740788,25,311,0,0
571.1888877614043,234,460,0,0
571.1927472371269,200,485,1,0
571.195547402566,436,127,0,0
571.237769755945,832,210,0,0
571.2658868625828,10,2520,0,1
571.4624028535392,307,277,0,0
571.4874603156557,13,66,0,0
571.5366318265782,1173,36,0,0
571.5617005652264,33,295,0,0
571.6774781552989,10,281,0,0
571.6799220791004,71,5180,0,1
571.680343535381,6,88,0,0
571.7278052380332,11,712,0,0
571.7396938706538,6,102,0,0
571.7447111487714,24,291,0,0
572.2367899239771,66,372,0,0
572.2378489148614,318,146,0,0
572.2479078471048,877,717,0,0
572.3553491681772,144,200,0,0
572.3672857842772,453,920,0,1
572.3749070306479,144,266,0,0
572.4080383485593,8,117,0,0
572.4164204428662,73,328,0,0
572.4170137592336,103,160,0,0
572.4182920087168,177,284,0,0
572.4861195248528,69,606,0,0
572.5521423169373,11,1780,0,1
572.5538311444319,1013,305,0,0
572.5835382358676,4,130,0,0
572.6460287351509,759,133,0,0
572.712505540037,61,576,0,0
573.0238238260538,176,118,0,0
573.147262948004,62,263,0,0
573.1629021695528,36,361,0,0
573.1738524157457,381,133,0,0
573.2422711594046,29,60,0,0
573.2441120660303,121,435,0,0
573.2448185988196,791,419,0,0
573.3331329688674,29,516,0,0
573.5004941593368,15,255,0,0
573.5594535919943,15,399,0,0
573.592749727737,725,445,0,0
573.5935357359466,183,518,0,0
573.5946270640812,36,257,0,0
573.5998836489338,37,12,0,0
574.0798823321303,8,252,0,0
574.0899948999981,19,274,0,0
574.115354480759,16,426,0,0
574.1191109349172,142,514,0,0
574.3721983594584,10,116,0,0
574.3726366320702,20,219,0,0
574.8430003264303,41,562,0,0
574.8614491700117,67,224,0,0
574.8615471019225,33,380,0,0
574.883111834714,8,64,0,0
574.9409769102353,20,403,0,0
574.9983733442148,480,713,1,0
575.04490498966,24,318,0,0
575.0550423864747,12,429,0,0
575.065570163787,56,548,0,0
575.0886987761841,8,1110,0,1
575.0942461493312,27,427,0,0
575.6502730109339,1132,199,0,0
575.6520318384892,15,586,0,0
575.6764389421461,229,75,0,0
575.6869109558721,32,145,0,0
575.6879481389504,160,625,1,0
575.9949154735006,15,252,0,0
576.0262501539653,15,21,0,0
576.0310051577837,946,298,0,0
576.0343403592994,329,363,0,0
576.0452169736469,9,144,0,0
576.463305047618,19,198,0,0
576.4919252974546,40,409,0,0
576.494946822684,24,326,0,0
576.5192642190542,11,337,0,0
576.5238796847739,2128,394,0,0
576.5769181991368,24,388,0,0
576.6218969953298,20,462,0,0
576.7054390041031,18,48,0,0
576.7415099267608,9,3410,0,1
576.7650912292108,10,480,0,0
576.7665867151969,210,22,0,0
576.7976213338354,62,145,0,0
576.972843239696,21,480,0,0
576.9739610235408,5,10,0,0
577.0947854098939,69,519,0,0
577.1006794528021,13,169,0,0
577.106258931015,809,99,0,0
577.112076574241,117,93,0,0
577.1916023555427,7,14,0,0
577.2128131883271,158,286,0,0
577.2413716840697,70,23,0,0
577.2440912439106,126,57,0,0
577.6939360192271,21,299,0,0
577.6969343459681,38,157,0,0
577.9611283834042,208,175,0,0
578.196442136074,1906,629,0,0
578.2805041990184,9,231,0,0
578.2821935013056,12,399,0,0
578.3046666845801,1479,1260,0,1
578.3092063969846,21,19,0,0
578.7476752416336,13,182,0,0
578.7824934441933,40,161,0,0
578.8306185093813,29,274,0,0
578.8625340508942,45,2900,0,1
578.8972979478352,17,352,0,0
579.059101794872,16,376,0,0
580.4885344874764,9,19,0,0
580.5838445587497,84,257,0,0
580.8318577512526,23,304,0,0
580.9133536727494,117,608,0,0
580.9636822019668,5,86,0,0
580.9658319673691,8,107,0,0
580.9757541784367,7,345,0,0
580.9822536471912,73,205,0,0
581.0518142572187,98,461,0,0
581.0518798112685,12,282,0,0
581.0521703222151,27,23,0,0
581.060279820345,44,62,0,0
581.1084948808149,16,400,0,0
581.1193516579442,16,86,0,0
581.137650215889,28,61,0,0
581.2298471663681,181,337,0,0
581.6085172289047,55,141,0,0
582.2272743332709,22,330,0,0
582.299428353078,8107,85,1,0
582.497882039298,26,353,0,0
582.5092747905319,10,64,0,0
582.5134677983008,25,593,0,0
582.5943037989929,31,221,0,0
583.1324769602331,2357,249,0,0
583.2051445006989,11,70,0,0
583.2057324037671,43,1690,0,1
583.4118812954885,16,219,0,0
584.5230274337711,24,181,0,0
584.6345927446683,29,2660,0,1
584.6502757770447,43,338,0,0
584.6552985450462,15,76,0,0
584.6582483463673,16,349,0,0
585.1438741966318,15,789,0,0
585.1594911391088,441,222,0,0
585.176575055981,154,584,0,0
585.195800448039,43,378,0,0
585.2167808683354,19,239,0,0
585.2733063453487,22,257,0,0
585.2859711152342,2614,434,0,0
585.3401075123633,117,93,0,0
585.3497749607981,41,144,0,0
585.35589071901,19,222,0,0
585.3567644758822,37,79,0,0
585.3918678596073,8,210,0,0
585.7459009523376,9,107,0,0
585.8385808014549,33,247,0,0
586.0777479132831,11,246,0,0
586.0909366410136,13,58,0,0
586.097139518743,6,175,0,0
586.103221573048,6,87,0,0
586.106321111706,11,358,0,0
586.2393896952657,1899,167,0,0
586.5589630351677,8,487,0,0
586.5658777979455,1025,606,0,0
586.6299643230493,554,750,0,0
586.6316975330727,19,197,0,0
586.682051289357,373,79,0,0
586.8087679352865,15,212,0,0
586.814047225296,1686,196,0,0
587.1214334917482,9,503,0,0
587.1327498871069,1020,191,0,0
587.1775126700028,32,385,0,0
587.8655907993707,9,186,0,0
587.8668487669513,132,767,0,0
587.9339801679864,108,135,0,0
587.9497895771484,464,59,0,0
588.4335569762604,12,268,0,0
588.4579962271555,21,386,0,0
588.4765501889513,24,328,0,0
588.5452317010863,24,388,0,0
589.3688548279326,410,219,0,0
589.3769117240271,879,174,0,0
589.380905333903,24,518,0,0
589.3863781687689,13,269,0,0
589.5518868947003,34,308,0,0
589.5526192404513,12,657,0,0
589.5551463771695,58,4290,0,1
589.5619608426459,23,429,0,0
589.5658725558472,1201,134,0,0
589.5822334623689,154,85,0,0
589.5878172232802,15,761,0,0
589.5882442487433,10,47,0,0
591.5772960544231,120,86,1,0
591.750712268766,9,357,0,0
591.7664955295648,146,160,0,0
591.7738608692796,16,77,0,0
591.7794732959705,768,227,0,0
591.7800486256332,26,273,0,0
591.7824289252565,13,548,0,0
591.8139578881359,17,419,0,0
591.8514298883505,52,263,0,0
592.2094122538597,1493,188,0,0
592.2308663619742,11,2960,0,1
592.23723673204,488,311,0,0
592.3727390891951,139,713,0,0
592.4435663591257,220,375,0,0
592.4452913838765,4,154,0,0
592.4506063034634,446,31,0,0
592.5752122581872,31,14,0,0
592.5799840432678,18,82,0,0
592.6057358100594,13,147,0,0
592.6087559837957,21,86,0,0
592.7797974113079,180,530,0,0
594.076149801236,79,81,0,0
594.0765188794936,401,26,0,0
594.0792381309107,25,238,0,0
594.1664072676439,33,307,0,0
594.2047084964855,50,52,0,0
594.2235410158346,110,226,0,0
594.2251628245159,91,767,0,0
594.2258105208651,8049,143,1,0
594.2355125250353,180,72,0,0
594.3885232901707,308,88,0,0
594.5468208969066,28,599,0,0
597.100545256612,450,377,0,0
597.1012452746501,23,31,0,0
597.1352667856793,11,248,0,0
597.1743177985394,58,298,0,0
598.2503535756298,35,29,0,0
598.2562910354682,73,254,0,0
598.6237216215061,387,527,0,0
598.6247172193222,8,2740,0,1
598.8246019973541,15,360,0,0
598.8281919998007,139,46,0,0
598.8310369116019,47,769,0,0
598.8776565990854,11,14,0,0
598.8865003768817,35,283,0,0
598.9231148186665,60,422,0,0
598.9397350481589,310,354,1,0
598.9438848003061,257,407,0,0
599.0493050831705,99,626,0,0
599.0615967012872,43,298,0,0
599.0666969118321,432,364,0,0
599.0715561274741,454,156,0,0
599.0719950343299,1484,765,0,0
599.0733966861137,188,412,0,0
599.1112353526217,6820,142,1,0
599.1414893854942,11,343,0,0
599.15647753805,22,116,0,0
599.4349446469749,14,3500,0,1
599.4546571282084,7,95,0,0
599.4749263989345,8,255,0,0
599.5334815246196,14,177,0,0
599.5734154130362,57,3800,0,1
599.7840521278644,8,235,0,0
599.7910257382566,430,104,1,0
599.815717346015,13,215,0,0
599.8365488816772,62,109,0,0
599.8468650891559,273,910,0,1
599.8645023596389,50,34,0,0
599.9991836921652,917,612,0,0
600.4317210843553,49,22,0,0
600.4546287610335,2896,430,0,0
600.4769081449406,20,350,0,0
600.5134905002838,50,211,0,0
600.7238819474719,61,694,0,0
600.7993105081363,11,362,0,0
601.4042702661119,74,599,0,0
602.3636269094083,84,820,0,1
602.5912353264208,13,294,0,0
602.598570257697,6,47,0,0
602.6097854447485,1237,17,0,0
602.6205002869534,441,524,0,0
602.629643511647,91,236,0,0
602.7999520818685,3500,88,0,0
602.8064620962331,3376,209,0,0
602.8716220300138,15,223,0,0
602.8820161979345,252,278,0,0
602.8861989673277,11,174,0,0
603.1585154212149,57,303,0,0
603.1598973628356,1818,552,0,0
603.515702515825,240,427,1,0
603.5171751349534,12,77,0,0
603.5818193917589,7,308,0,0
603.6224228854144,113,529,0,0
603.6627037477668,5,178,0,0
603.6825641555344,13,183,0,0
603.6887507370521,56,363,0,0
603.7027996936062,48,330,0,0
604.0627078438636,81,238,0,0
604.2256998366956,51,312,0,0
606.3294641746953,53,307,0,0
606.5666645339943,24,174,0,0
606.6505493104271,23,501,0,0
606.6890139069736,17,290,0,0
606.7076291950862,106,351,0,0
607.0987134126228,33,533,0,0
607.1117303205496,1350,512,0,0
607.1259981682559,15,292,0,0
607.1330447901196,12,372,0,0
607.2068228908604,923,176,0,0
622.6144083134068,39,200,0,0
622.6275644152182,30,312,0,0
622.628383888514,121,19,0,0
622.6339911026636,9,121,0,0
622.7647606545264,10,260,0,0
622.7757640777877,21,351,0,0
622.7843430650552,1774,284,0,0
622.875196328971,63,335,0,0
622.8939961366782,13,109,0,0
622.897855788306,49,165,0,0
622.9510267975501,112,195,0,0
622.953998469029,24,447,0,0
622.9711623449375,20,593,0,0
623.8516986472413,347,135,0,0
623.8519413542305,154,365,0,0
624.3711678934334,9,281,0,0
624.3716870533126,14,338,0,0
624.4055330270356,24,93,0,0
624.4058416197344,44,768,0,0
624.4175562709177,714,504,0,0
624.4222607423438,51,40,0,1
624.4281054906883,52,518,0,0
624.4318317154357,46,427,0,0
624.8463079066972,1225,174,0,0
624.9926459889359,10,312,0,0
624.9935693421685,121,257,0,0
624.9941685025555,140,409,0,0
625.0088040038723,351,317,0,0
625.0100054075259,74,488,0,0
626.0067597209196,5,18,0,0
626.3461801740042,50,215,0,0
626.4154304115333,190,68,1,0
626.4160473946605,5,248,0,0
626.4209102705782,1527,145,0,0
626.5653825921507,10,375,0,0
626.5684373880541,170,11,1,0
626.6540241299344,32,452,0,0
626.67605712517,62,248,0,0
626.8078186008925,8022,170,1,0
626.8256855435606,108,29,0,0
626.843163430681,183,322,0,0
626.8446026534307,22,102,0,0
626.8596787804956,22,331,0,0
626.8631242385597,11,267,0,0
626.9451301554707,173,335,0,0
626.9462596776558,41,394,0,0
627.0558140657591,10,184,0,0
627.2032510542051,11,177,0,0
627.2745844090779,20,483,0,0
627.2755148503437,1259,767,0,0
627.2770359072903,9,151,0,0
627.3048131637297,20,18,0,0
627.328105495272,97,64,0,0
627.3368555825871,175,8,0,0
627.3491303001146,60,121,0,0
627.3513320313391,844,30,0,0
627.3537678212524,7230,304,1,0
627.355924230064,20,79,0,0
627.3617773990107,994,356,0,0
627.3759321140061,2391,15,0,0
627.385093472188,10,296,0,0
627.387943469877,30,769,0,0
627.5383069104702,570,464,0,0
627.565305516791,20,452,0,0
627.5677580442116,572,110,0,0
631.4294372903074,15,101,0,0
631.4295460848061,6,61,0,0
631.492122422491,8,313,0,0
631.5275320899957,15,460,0,0
631.5332240076572,17,110,0,0
631.5355048349652,235,493,0,0
631.5507981066065,8179,13,1,0
631.7018333771417,124,303,0,0
631.8112549902296,97,258,0,0
631.8593132347736,342,120,0,0
631.8869352628453,150,7710,1,1
631.9069148874188,12,134,0,0
632.0248281756428,13,403,0,0
632.0484550273343,26,22,0,0
632.0779106240888,76,767,0,0
632.3617382178743,8,201,0,0
632.3681739433316,5,214,0,0
632.4041758336808,23,500,0,0
632.4203088445529,65,765,0,0
632.4237548843704,135,93,0,0
632.7549462547439,66,320,0,0
632.7576975003708,7,427,0,0
632.7665774723454,1973,67,0,0
632.7700018897581,296,385,0,0
632.8147426643626,1077,769,0,0
632.8743020946164,21,530,0,1
633.3663994188756,462,227,0,0
633.8685567206477,9,135,0,0
634.348107105107,2350,327,0,0
634.4024813594979,54,474,0,0
634.5473468406802,9,110,0,0
634.5589373797476,40,122,0,0
634.5615961255656,43,341,0,0
634.78141630518,66,134,0,0
634.7853544494037,81,39,0,0
634.8595673310043,682,1420,0,1
635.2489460265483,20,173,0,0
635.2680357008977,1245,768,0,0
635.6009920562358,238,700,0,0
635.6247629802393,62,171,0,0
635.6426783557869,13,206,0,0
635.7224085445113,13,180,0,0
636.544235511105,180,60,1,1
636.5460490056873,23,2910,0,1
636.582775514001,68,201,0,0
636.5878927445568,10,1590,0,1
636.624904875855,86,425,0,0
636.6841557765844,64,127,0,0
636.6854184658675,16,376,0,0
636.6879775975791,107,231,0,0
636.8155762600788,11,75,0,0
636.865429694254,1718,2040,0,1
636.871370281467,16,343,0,0
636.8948860479491,20,538,0,0
637.0294462817202,53,319,0,0
637.1544083952231,22,1880,0,1
637.1547398359749,621,628,0,0
637.1618042707149,7,329,0,0
637.7316861273277,1294,294,0,0
637.7413742985304,12,204,0,0
637.7499429961742,17,622,0,0
637.7767978094175,40,268,0,0
637.8167601063407,42,769,0,0
637.8492953978476,38,393,0,0
637.8919605517383,1219,113,0,0
637.8962454547708,14,209,0,0
637.9428685761034,162,130,0,0
638.0406719448832,20,2590,0,1
638.0652705371944,10,336,0,0
638.0802445540008,29,147,0,0
638.0853315071697,9,245,0,0
638.1137844056061,10,166,0,0
638.1155661842289,930,699,1,0
638.1234940084832,20,283,0,0
638.1369749072437,220,2900,0,1
638.1371747271847,49,767,0,0
638.1664260925112,15,142,0,0
638.1673029115595,15,43,0,0
638.1704022322385,12,707,0,0
638.1734351423329,59,177,0,0
638.1813319149256,315,24,0,0
638.1918515548083,25,407,0,0
638.241259208951,15,215,0,0
638.2431151073529,126,679,0,0
638.2500059089673,13,768,0,0
638.2836475065473,10,215,0,0
638.2885978306472,8,409,0,0
638.2922670656179,54,125,0,0
638.3164541040305,20,70,0,0
638.3736005089206,217,137,0,0
638.4171006275459,36,164,0,0
638.418254593244,53,439,0,0
638.437867859919,146,289,0,0
638.4518701365467,508,760,0,0
638.8886886117489,22,492,0,0
638.9027946161123,4,31,0,0
638.9117416709091,26,9,0,0
639.1501304850368,23,184,0,0
639.1538423650329,29,2170,0,1
639.340442747616,33,653,0,0
639.5268865595754,328,329,0,0
639.5401515336657,276,719,0,0
639.5677407528426,7,252,0,0
639.6245734875441,51,262,0,0
640.9253761788976,43,158,0,0
640.9530443534865,35,433,0,0
640.9614031265835,8,140,0,0
641.0330166293646,25,290,0,0
641.0572677787518,7,487,0,0
641.061469420603,33,507,0,0
641.0822822188155,490,22,1,0
641.1255373591292,50,110,0,0
641.3374205371366,636,181,0,0
641.3993668982578,3285,382,0,0
641.4581685582322,27,75,0,0
641.4649918084324,27,543,0,0
641.6141186438957,10,523,0,0
641.6192888191637,511,537,0,0
641.624036810093,11,360,0,0
641.6317883436435,281,70,0,0
641.6357737550317,100,767,0,0
641.6596339822976,36,767,0,0
641.7332037508633,1720,2090,1,1
641.7553861000764,200,141,0,0
641.7644161415874,3655,189,0,0
641.7957945216875,15,89,0,0
641.8028983229274,1140,120,0,1
641.936685045288,941,425,0,0
642.2860840167156,403,24,0,0
642.2981991217631,11,79,0,0
642.3089694570133,1385,13,0,0
642.4498326180931,6,35,0,0
644.1900087536843,1710,142,0,0
644.2032912794834,14,447,0,0
644.4968645778085,15,75,0,0
644.5551674565701,1057,536,0,0
644.5588921814059,61,101,0,0
644.5797245690195,30,309,0,0
644.6226425776955,2470,733,1,0
644.6319872564223,1011,750,0,0
645.5413690002482,4451,170,0,0
645.541569306733,11,220,0,0
645.5486683231852,18,122,0,0
645.5553861710138,15,2050,0,1
645.559622641081,166,68,0,0
645.5645070532769,73,534,0,0
645.5847607516034,9,148,0,0
645.6345271192181,37,476,0,0
645.6563347038283,8,38,0,0
645.7228421010803,18,201,0,0
645.7363273799713,6,173,0,0
645.7387833112159,8,699,0,0
645.7435382679432,309,303,0,0
645.949426362169,153,247,0,0
645.9553230013371,6,38,0,0
645.9632074335055,27,277,0,0
646.0020022677784,10,3580,0,1
646.0586358131054,15,305,0,0
646.0749056290514,23,232,0,0
646.164851929136,10,116,0,0
646.4653840996101,16,1980,0,1
646.9173571318571,17,291,0,0
646.9448004308622,47,415,0,0
646.9461187847849,9,86,0,0
646.9484436956259,603,222,0,0
646.950779927815,484,356,0,0
646.9842934147754,13,304,0,0
647.1860838958461,57,148,0,0
647.2327016530459,5,123,0,0
647.3415693967894,19,480,0,0
654.3956584815426,359,496,0,0
654.3974258474741,22,268,0,0
654.6463066221089,28,124,0,0
654.6643223331469,76,383,0,0
654.6699575894108,9,103,0,0
654.6786826314212,19,734,0,0
654.6889152166898,6,102,0,0
655.5602586580808,25,59,0,0
655.603314834773,9,2050,0,1
655.9046935565494,289,290,0,0
655.9061391139377,14,232,0,0
656.2944178214266,404,101,0,0
656.3426802692919,187,334,0,0
656.4694357733122,9,1860,0,1
656.4726355057862,37,208,0,0
656.5347384569274,173,177,0,0
656.5607331406251,12,176,0,0
656.5739817383588,19,177,0,0
656.5953300698217,519,268,0,0
656.6246561955663,227,331,0,0
656.6645221250011,511,11,0,0
656.6685752544901,20,224,0,0
656.7614375453128,13,446,0,0
656.7631198530692,5,122,0,0
656.7658991697325,63,745,0,0
656.7665927198067,774,142,0,0
656.7666774505973,170,472,1,0
657.3573814377569,77,316,0,0
657.9535141444685,38,220,0,1
657.9605348328218,20,145,0,0
657.9683192582173,5,89,0,0
657.9712526808697,1551,156,0,0
657.9907073957921,80,443,0,0
658.0074972569224,142,418,0,0
658.0094805414659,44,303,0,0
658.0249519928834,23,256,0,0
658.0260795958552,1083,550,0,0
658.0371272283967,24,570,0,0
658.209164420048,108,508,0,0
658.279421639023,14,172,0,0
658.307513955052,590,476,1,0
658.3178407738924,26,99,0,0
659.1783108298898,54,257,0,0
659.1897292170177,180,152,0,0
659.1899721199269,20,253,0,0
659.1993015674659,180,22,1,0
659.1994883240505,22,688,0,0
659.2157345219771,59,339,0,0
659.2271944790197,656,601,0,0
659.5500920870888,33,477,0,0
659.8275779595625,53,374,0,0
659.8373702151054,26,353,0,0
659.849511044623,92,67,0,0
659.926357062404,11,236,0,0
659.9286369554312,62,252,0,0
659.9324252109251,35,134,0,0
660.2575557972539,313,560,0,0
660.2599789560768,40,237,0,0
660.2880073022706,70,175,0,0
662.6776508343006,326,159,0,0
662.6863388819708,9,2810,0,1
663.549892682802,16,770,0,0
663.5512729714054,45,619,0,0
663.5547062968893,67,270,0,0
663.8548349396676,487,180,0,0
663.937053052389,13,203,0,0
663.9582557535317,3430,449,1,0
663.9751005964365,9,193,0,0
664.1447379052383,1224,43,0,0
664.9685855546384,29,123,0,0
664.9705800342856,58,404,0,0
664.9800200098961,590,187,1,0
665.1159635613727,10,366,0,0
665.1273207507464,13,339,0,0
665.2651277707373,20,33,0,0
665.2683455725576,65,76,0,0
665.606747673539,56,654,0,0
665.7017524084457,244,707,0,0
665.7385944640121,7560,81,1,0
665.7831866068758,17,128,0,0
666.3281926622277,11,134,0,0
666.3303827066037,38,695,0,0
666.3716638706985,84,83,0,0
666.3758069920526,726,615,0,0
666.3797611392688,13,150,0,0
666.753409634818,13,489,0,0
666.80809548608,11,135,0,0
666.842642650597,16,316,0,0
666.9347749944452,37,771,0,0
666.9427488349767,366,527,0,0
667.1970995576622,81,1150,0,1
667.2066901416274,63,308,0,0
667.2858887727702,5,39,0,0
667.3125866911977,492,399,0,0
667.4545800495539,47,318,0,0
667.4583187071837,21,216,0,0
667.5628478873031,6,60,0,0
667.6754635701694,40,68,0,0
667.7040301908733,310,538,1,0
667.7122253922388,10,246,0,0
667.7149011799625,4,423,0,0
667.7240429202691,20,764,0,0
667.7668225718088,221,605,0,0
667.7750230546975,6,30,0,0
667.7758058849342,99,178,0,0
667.8493760011984,140,264,1,0
667.905987267129,10,22,0,0
667.915426113338,14,137,0,0
667.9169716086293,364,394,0,0
667.9228760671441,119,6650,0,1
667.9300855386722,23,230,0,0
667.9353949751395,45,192,0,0
667.9620987831969,28,67,0,0
667.9624658699283,5,150,0,0
667.9821861514362,212,97,0,0
667.9914117177336,430,177,0,0
668.0901312198515,7,380,0,1
668.0931592079494,135,116,0,0
668.1069273761549,160,386,1,0
668.115759047768,420,235,0,0
668.1160780775707,23,429,0,0
669.7141725201463,44,292,0,0
669.723901068997,53,291,0,0
669.7685175095934,76,435,0,0
669.7896471157567,110,455,1,0
669.8022220319493,174,304,0,0
669.8174916316033,39,155,0,0
669.8178554483642,40,400,0,0
669.855311125368,6,22,0,0
669.8614105388543,27,671,0,0
669.8724067938193,10,375,0,0
670.042559163007,6,126,0,0
670.062125962224,685,125,0,0
670.9953069376761,9,236,0,0
671.221009685124,8,307,0,0
671.2881590780413,6,168,0,0
671.3313563555812,28,19,0,0
671.3341234097581,12,182,0,0
673.0424173413912,206,53,0,0
673.6867028447705,50,125,1,0
673.702488037199,414,313,0,0
673.7274332990562,25,156,0,0
673.728508129713,9,255,0,0
673.9699899072751,13,115,0,0
674.008566205435,44,366,0,0
674.0474315259103,19,204,0,0
674.0594107305765,162,375,0,0
674.0759783764773,69,27,0,0
674.0877975801623,6,217,0,0
674.0967478005803,10,59,0,0
674.1052716168134,410,11,0,0
674.1123392026119,9,367,0,0
674.8956778501953,15,451,0,0
677.1862698829024,102,486,0,0
677.1866633644187,67,108,0,0
677.2040292619754,47,73,0,0
677.2093725316589,59,85,0,0
677.2146643725258,78,304,0,0
677.2932038876684,20,114,0,0
677.2932288672189,33,235,0,0
677.3825733483055,31,178,0,0
677.3829428005743,18,440,0,0
677.4077716908288,35,390,0,0
677.4147672921365,9,374,0,0
677.4191606201932,9,225,0,0
677.4341897033954,120,306,0,0
677.4361177470782,20,43,0,0
678.0659860978731,23,352,0,0
678.0665290525664,98,89,0,0
678.0671728987973,18,209,0,0
678.0789972014039,42,175,0,0
678.0956950907606,470,214,1,0
678.327999421191,9,217,0,0
678.3401031373616,15,269,0,0
678.3416628843366,17,302,0,0
678.3468575259219,130,411,0,0
678.3502568731997,1003,766,0,0
678.358040656684,60,48,0,0
678.4030256757355,23,21,0,0
678.411676213675,12,476,0,0
678.4160776095106,12,105,0,0
678.4748894723331,43,80,0,0
678.4773463597699,774,142,0,0
678.4918721488967,43,663,0,0
678.5240090460231,8,201,0,0
678.5284193216067,55,204,0,0
678.6694776706747,138,117,0,0
678.6800630770047,102,323,0,0
679.2787545048043,23,200,0,0
679.2889489450451,90,266,0,0
679.2950639258044,216,91,0,0
679.2966583081427,394,776,0,0
679.3166488990696,512,508,0,0
679.3776025724706,11,3060,0,1
679.3783890023237,50,171,1,0
679.3787713369657,990,172,0,0
679.3800016328122,1447,33,0,0
679.3956962166654,28,50,0,0
679.4109473918173,5,309,0,0
679.4133379887842,356,767,0,0
679.4198351357736,48,232,0,0
679.4338997278023,820,141,1,0
679.4702100788716,209,293,0,0
679.4716269726259,53,435,0,0
679.4720367091803,35,59,0,0
679.478224560262,165,412,0,0
679.9963329120905,51,386,0,0
680.0019975902715,21,290,0,0
680.0089742297738,31,547,0,0
680.0301220884187,400,574,1,0
680.0306506538852,10,595,0,0
680.0933490001478,20,567,0,0
680.0963482274254,18,167,0,0
680.0967511554005,40,442,0,0
680.1070778567896,273,380,0,0
680.1177463597478,20,175,0,0
680.239038889676,15,85,0,0
680.2859178127774,380,277,1,0
680.2925644246034,22,201,0,0
680.3907519220999,57,305,0,0
680.477744876772,1386,452,0,0
681.11847272292,98,187,0,0
681.1224182451476,779,25,0,0
681.1451472128805,43,252,0,0
681.1490801339628,5,213,0,0
681.1765663931732,44,210,0,0
681.4572469383958,1767,244,0,0
681.5818050004701,45,23,0,0
681.5918649177229,17,325,0,0
681.5920239355758,49,360,0,0
681.5967410389311,4500,269,1,0
681.6070017661687,39,52,0,0
681.6480293735875,83,238,0,0
681.8608967011866,124,337,0,0
682.031537008037,106,552,0,0
682.067735484095,1043,52,0,0
682.189287749875,106,740,0,0
682.1924841147955,23,516,0,0
682.1963433808829,280,157,1,0
682.4526883778902,13,82,0,0
682.4874723039527,10,211,0,0
682.6053428853526,22,309,0,0
682.7064955977156,974,628,0,0
682.7741785427258,90,150,1,0
682.7867251104169,594,346,0,0
682.8782633301571,29,28,0,0
682.8962339494457,16,1800,0,1
682.998650065866,124,235,0,0
683.1331776034244,696,582,0,0
683.1470860617808,70,27,0,0
683.9809275452727,23,223,0,0
684.0029716600791,80,233,1,0
684.32651551671,12,313,0,0
684.3285859489075,37,349,0,0
684.4348409371266,39,326,0,0
684.4365190909963,35,470,0,0
684.4393850926632,9,218,0,0
684.440306878709,347,372,0,0
684.4507120818741,16,254,0,0
684.4712820235135,60,22,0,0
684.4781207712884,6,28,0,0
686.1727992970765,116,636,0,0
686.294738969431,6,254,0,0
686.297220015988,625,134,0,0
686.3174096725654,21,440,0,0
686.32976324568,20,154,0,0
686.3643665947496,20,246,0,0
686.3830165854127,21,3140,0,1
686.3841295089816,42,264,0,0
687.182083100874,35,236,0,0
687.386409363537,23,330,0,0
687.4532741143992,42,177,0,0
687.6526054210062,862,1190,0,1
687.6950998755851,25,698,0,0
687.6999482348194,36,767,0,0
687.7019604718723,10,32,0,0
687.7710213719582,85,429,0,0
687.7745310396845,12,221,0,0
687.7838075060214,24,471,0,0
687.7857590631947,8,244,0,0
687.8564645677736,23,741,0,0
687.8654484463343,8,84,0,0
687.8954235699395,17,1600,0,1
687.9042649170747,20,441,0,0
687.90620885234,21,84,0,0
687.9605938344652,22,93,0,0
687.9765489705554,13,237,0,0
687.9802877092287,11,663,0,0
688.0727206239934,79,103,0,0
688.2917066971629,13,227,0,0
688.9679637939751,9,281,0,0
689.0635899847598,35,134,0,0
689.0979555162379,1567,190,0,0
689.2309147011778,87,77,0,0
689.2350698514176,333,535,0,0
689.2527414516127,101,673,0,0
689.2764111519955,6,314,0,0
689.2770938282398,5090,132,1,0
689.3355536318204,15,133,0,0
689.4639483011434,2932,605,0,0
689.4768867340867,27,772,0,0
689.6804201278873,948,178,0,0
689.6833509358104,590,47,1,0
689.823249786992,4,265,0,0
689.9833910355867,11,540,0,0
689.9904755423615,13,59,0,0
690.0119875483334,200,339,1,0
690.0195122896491,14,740,0,1
690.0215229485369,18,70,0,0
690.0227120840643,13,274,0,0
690.0247425926791,17,126,0,0
690.0605925890119,83,475,0,0
690.0613233632095,5070,500,0,0
690.0745277669472,22,234,0,0
692.476058506147,157,494,0,0
692.5461474708314,175,8,0,0
692.5732120041316,156,295,0,0
692.5801270934525,401,87,0,0
692.5803068921037,182,137,0,0
692.6663696104648,1817,164,0,0
692.7860056008473,7,97,0,0
692.7987634231085,906,457,0,0
692.802102853247,107,316,0,0
692.8184095794708,10,38,0,0
692.821937044366,1100,274,0,0
692.9329688610378,204,550,0,0
692.9466405315212,41,294,0,0
693.0197845275057,29,600,0,1
693.0225874885047,67,236,0,0
693.0235400585215,27,211,0,0
693.0236804935586,218,302,0,0
693.0537432867499,9,554,0,0
693.05480726249,33,289,0,0
693.2412370822615,44,345,0,0
693.2586932650902,10,276,0,0
693.2760600487101,257,610,0,0
693.2764916370522,89,383,0,0
693.3476113974615,10,17,0,0
693.4040472671873,4,31,0,0
693.6868212268105,28,221,0,0
693.6951843413642,114,572,0,0
693.7241263375809,25,329,0,0
693.7620431709141,20,515,0,0
693.8336483408522,2034,3280,0,1
693.9388213758904,19,318,0,0
693.9693928415812,19,425,0,0
694.0158105780185,22,209,0,0
694.0953436591126,31,505,0,0
694.4147714569764,25,180,0,0
694.545122420083,11,164,0,0
694.5825927014423,28,424,0,0
694.5966190841447,30,498,0,0
694.6049043620152,10,139,0,0
694.6959472831902,188,200,0,0
694.6992756521169,113,388,0,0
694.7019053499624,1037,227,0,0
694.7207110033036,144,200,0,0
694.7278409483118,252,427,0,0
694.7396579132602,14,34,0,0
694.7799703390674,17,139,0,0
694.7955593326774,11,19,0,0
694.8309829286702,401,274,0,0
694.8691404342946,5,32,0,0
694.8876770264726,24,47,0,0
694.8918096028134,9,5060,0,1
694.9588752402767,14,339,0,0
694.9813016020493,7,145,0,0
694.9881823845847,289,93,0,0
694.9914397066246,19,311,0,0
695.0136390306409,85,377,0,0
695.8803809304171,225,425,0,0
695.9021316538326,1000,33,1,0
696.0035362336678,65,66,0,0
696.0123499342595,44,661,0,0
696.0168963170979,133,199,0,0
696.2018007417252,114,220,0,0
696.2418032594028,86,128,0,0
696.244206301089,7,130,0,0
696.4500911938522,59,132,0,0
696.4664962714329,20,190,0,1
696.6444991509807,47,477,0,0
696.8623185446484,54,287,0,0
696.8794146031639,4,19,0,0
696.8835507252452,297,171,0,0
697.1569977647475,425,255,0,0
698.5326307161256,9,327,0,0
698.5682212892837,96,248,0,0
698.569241472971,18,422,0,0
698.5784497709809,20,769,0,0
698.6431659229606,19,62,0,0
698.6437457794982,54,18,0,0
698.6486177054936,20,205,0,0
698.6523403190664,192,432,0,0
698.6603635008103,974,130,0,0
699.8585861919198,13,308,0,0
699.8886571903656,15,91,0,0
700.4628890892129,6,363,0,0
700.4971527123785,103,398,0,0
700.5210097205684,15,3050,0,1
700.5376777738101,111,608,0,0
700.561466585558,21,248,0,0
700.9167453077393,5,39,0,0
701.0785046839013,7,431,0,0
701.1730406379913,11,648,0,0
701.3269916866548,1660,710,1,0
701.3293167026691,54,445,0,0
701.3350890206274,185,98,0,0
701.3363766942341,195,220,0,0
701.3419603296633,24,492,0,0
701.513059962107,14,153,0,0
701.5162942568091,13,136,0,0
701.5196428678214,1012,152,0,0
701.5260270800391,130,304,1,0
701.5275386720466,10,354,0,0
701.5505402872471,8,382,0,0
701.6211234511716,1210,375,1,0
701.8662997697672,510,132,0,0
701.8958962257867,9,129,0,0
701.960540846085,183,641,0,0
702.1274954679027,2640,61,1,0
702.1345163672398,55,254,0,0
702.1414189752313,16,2860,0,1
702.1845479596176,11,436,0,0
702.2105910635782,21,193,0,0
702.2249398123824,27,197,0,0
702.2447633361874,299,330,0,0
702.2517377891825,453,161,0,0
702.2544854649615,800,240,0,0
702.2852535137538,1564,219,0,0
702.2926817579826,23,683,0,0
702.2968065434154,256,3220,0,1
702.3829648614766,22,104,0,0
702.4110665856504,90,341,1,0
702.6046285279725,35,710,0,0
702.6110316584783,375,70,0,0
702.8069876268619,54,274,0,0
703.7618075252396,31,44,0,0
703.7704710092718,41,140,0,0
703.7777576914154,14,139,0,0
703.7820099997729,83,386,0,0
703.7868007296829,146,406,0,0
703.7997139720827,1367,786,0,0
703.8340427570284,69,462,0,0
703.8416178793245,221,153,0,0
703.8931527654216,435,450,0,0
703.895829347243,37,217,0,0
703.9064097642683,655,763,0,0
704.0233926339738,125,497,0,0
704.2472629763323,6,338,0,0
704.7782254617515,22,250,0,0
705.1645220889434,1034,252,0,0
705.3466858794545,44,105,0,0
705.3475255840671,26,383,0,0
705.352710646434,36,383,0,0
705.3595232289532,79,16,0,0
705.3765931381379,15,602,0,0
705.4176650975802,48,510,0,0
705.7344962194807,5250,173,1,0
705.74175136209,368,221,0,0
705.7418648694539,12,329,0,0
705.7432655223336,25,367,0,0
705.7802123787151,10,642,0,0
705.8438504758553,11,430,0,0
705.8461701841358,370,104,1,0
705.9584072211302,5,135,0,0
705.9882259884822,2569,318,0,0
706.2674759750005,154,288,0,0
706.2676055083994,11,124,0,0
706.2925614432687,69,42,0,0
706.3067098523588,7,73,0,0
706.3292401608227,370,289,0,0
706.338133917795,7,1220,0,1
706.3426400365979,14,272,0,0
706.3522879023568,41,235,0,0
706.3538112745173,6,379,0,0
706.3540119988668,30,3380,0,1
706.4166990273599,14,350,0,0
706.4231828647886,69,166,0,0
706.4259202347,366,372,0,0
706.6468236615492,74,231,0,0
706.6582918145261,826,264,0,0
706.6720289756506,67,562,0,0
706.7350159876634,1270,6760,1,1
706.7442331352044,41,293,0,0
706.7708603256119,37,73,0,0
706.7746015244729,118,205,0,0
706.9296174987456,119,61,0,0
706.9509842268271,7,531,0,0
707.4396846199579,40,90,0,0
707.5071310905877,4480,675,1,0
707.7236895186652,165,362,0,0
707.732215804872,250,130,1,0
707.7387400954806,139,713,0,0
707.8476871474951,12,11,0,0
707.9522212247373,24,483,0,0
707.964499408898,2136,47,0,0
708.0310214902507,61,625,0,0
708.0440718863829,148,323,0,0
708.0955823700455,169,52,0,0
708.1002994318702,142,226,0,0
708.1874627735053,54,194,0,0
708.1959132900978,42,97,0,0
708.2482813909984,88,221,0,0
708.2586349451957,17,257,0,0
708.2799869307808,13,940,0,1
708.3034783632883,12,264,0,0
708.3328920933036,13,117,0,0
708.5621393955723,59,397,0,0
709.1473375581185,11,305,0,0
709.2002198109353,718,770,0,0
709.2022255090959,6,240,0,0
709.2214301400666,20,820,0,1
709.2241465239059,2000,166,1,0
709.4910063889979,19,200,0,0
709.511648890933,23,110,0,0
709.5247891553315,29,264,0,0
709.5655070862952,87,296,0,0
709.5740350010244,5380,378,1,0
709.6420448328738,8,164,0,0
709.6792680658236,81,2680,0,1
709.6809801289296,307,767,0,0
709.7583450078477,8,278,0,0
709.7656503481846,7,40,0,0
709.859525005903,9,140,0,0
709.8598974832432,156,228,0,0
710.3861040249025,270,382,1,0
710.3951335648208,2423,121,0,0
710.4060530858624,132,146,0,0
710.595545573161,424,331,0,0
710.6003259149214,345,277,0,0
710.7248761154374,29,730,0,0
710.725734093459,79,201,0,0
711.0336670502099,9,416,0,0
711.420045899378,10,86,0,0
711.5034979664928,4,117,0,0
711.5046931971849,154,271,0,0
711.5543485944611,23,357,0,0
711.5895622336445,60,3310,0,1
711.5986403116973,408,430,0,0
711.6025638733397,7,56,0,0
711.6117084571205,7,291,0,0
711.6175108224262,20,301,0,0
711.6383738621169,28,632,0,0
711.7636016163531,14,360,0,0
711.7801378365539,22,519,0,0
711.8434368914376,692,475,0,0
711.8673848940388,7,54,0,0
711.8752506053191,6,8,0,0
711.907419892196,21,116,0,0
711.9232498470997,122,442,0,0
711.9807825273233,213,368,0,0
712.6552975244856,11,698,0,0
712.6560062294227,754,34,0,0
712.6923433976566,63,374,0,0
712.6928975959252,137,299,0,0
712.7065802529874,14,34,0,0
712.7079079578295,10,96,0,0
712.75525548694,60,3910,0,1
713.2688641276427,35,239,0,0
713.2740853192136,142,870,0,1
713.3072471485358,291,220,0,0
713.3103862586361,10,11,0,0
713.3368970557297,5,136,0,0
713.5926372974893,184,187,0,0
713.5953808773847,420,199,0,0
713.60146915005,17,28,0,0
713.6024701101941,24,261,0,0
713.6340048585943,13,59,0,0
713.6788213610276,14,371,0,0
713.686106988033,1104,570,0,0
713.7461161446918,275,213,0,0
713.7468681265726,37,455,0,0
713.7807299018955,8,239,0,0
713.7927033000897,93,94,0,0
713.7936240540491,41,43,0,0
713.7944579577758,25,235,0,0
713.7972020983553,58,564,0,0
713.851546515103,14,75,0,0
713.971617092819,24,57,0,0
714.0027101115111,145,230,0,0
714.1702243905246,15,288,0,0
714.1868822249572,11,29,0,0
714.1903549466633,180,275,0,0
714.3753773437911,170,4120,0,1
714.4125323932717,64,48,0,0
714.414172327315,46,121,0,0
714.4209463830922,193,609,0,0
714.4961952782602,225,58,0,0
714.6008721568526,12,391,0,0
714.6323179897843,12,26,0,0
714.634809288619,15,74,0,0
714.6546234263038,16,106,0,0
715.0646152257888,113,65,0,0
715.1341764368082,30,231,0,0
715.3244455250248,375,100,0,0
715.3269913041883,461,767,0,0
715.3350472317128,273,237,0,0
715.3709261378773,25,16,0,0
715.4033625663367,1260,391,0,0
715.4165913517094,391,770,0,0
715.4172928291762,87,623,0,0
715.4508547208054,397,148,0,0
715.4772852680559,8,487,0,0
715.4827957622824,94,278,0,0
715.589790591676,137,299,0,0
717.644257614459,23,215,0,0
717.6693392345122,10,130,0,0
717.6859621776673,1002,87,0,0
717.8130673921412,702,125,0,0
719.0390834993811,7,55,0,0
719.0676659879289,47,460,0,0
719.0845639144851,395,286,0,0
719.0958660109726,22,455,0,0
720.3041517924303,7,118,0,0
720.4274450638085,25,595,0,0
720.552694181221,15,247,0,0
720.5799131345531,23,197,0,0
720.5898221430813,8,64,0,0
720.5980032740232,1405,11,0,0
720.806964507824,919,418,0,0
721.5133634234909,140,364,1,0
721.518790824263,110,652,1,0
721.7560669450364,40,96,0,0
721.756901457807,90,262,0,0
721.7572074107954,28,352,0,0
721.7712222084252,17,195,0,0
721.8209570467491,1122,316,0,0
721.9503881334955,7,1130,0,1
721.9598689444724,24,289,0,0
721.9647462591171,19,722,0,0
722.1953767877844,13,144,0,0
722.1954880362923,28,36,0,0
722.2689720104031,6,114,0,0
722.3030877265982,11,296,0,0
722.3051558531788,11,768,0,0
722.3117199792639,209,480,0,0
722.8076735544612,28,372,0,0
722.8077548515892,4,76,0,0
722.8152208441423,70,454,0,0
722.8163303248161,797,345,0,0
722.8323995834797,18,223,0,0
722.8565967329567,9,345,0,0
722.880780082528,20,157,0,0
722.9324645691007,8,3530,0,1
723.0146963689974,15,385,0,0
723.0561798619722,7,79,0,0
723.0576683127513,35,239,0,0
723.0614006517907,9,55,0,0
723.1813797288253,287,207,0,0
723.1896137573275,8,267,0,0
723.2719101410285,512,7680,0,1
723.4217569369396,15,207,0,0
723.4218212627452,191,519,0,0
724.3991739997999,20,173,0,0
724.4783056324885,263,33,0,0
724.5493727311365,8,253,0,0
724.6912871795106,16,182,0,0
724.7906701644002,619,762,0,0
724.9500961904927,131,145,0,0
724.9556434054098,72,767,0,0
724.9744984486053,58,412,0,0
724.9831581949885,18,350,0,0
724.9966647576201,12,244,0,0
725.0295673784153,15,619,0,0
725.0567143737204,235,230,0,0
725.0688959980749,8,78,0,0
725.0751666647091,379,295,0,0
725.078924733447,80,217,1,0
725.0914576956661,13,336,0,0
725.094881706774,14,226,0,0
725.0992926094557,1959,11,0,0
725.1780014064499,81,687,0,0
725.2850306094018,34,373,0,0
725.2925810136247,393,365,0,0
725.2972355141535,100,113,1,0
725.2975505322171,89,146,0,0
725.3073213536775,30,198,0,0
725.3317179529299,30,484,0,0
725.3408944316974,10,230,0,0
725.3494317403131,220,41,0,0
725.4639869810759,13,43,0,0
725.5297094317302,11,311,0,0
725.5363952931089,58,242,0,0
726.107280876517,37,326,0,0
726.3619372568714,10,255,0,0
727.9194895469124,162,130,0,0
727.9449528678882,12,455,0,0
727.9525397023181,7,91,0,0
727.9701035679362,25,537,0,0
727.9883699653487,181,289,0,0
727.9920205467685,20,241,0,0
728.1133998142311,24,427,0,0
728.1188336826366,15,755,0,0
728.1191346585039,943,489,0,0
728.1887911700475,55,573,0,0
728.2055280358068,7,352,0,0
728.255369226229,10,59,0,0
728.2623311399041,45,256,0,0
728.2626788784324,15,287,0,0
728.8815549553473,34,357,0,0
728.9566944223782,37,565,0,0
728.9748862052282,130,211,1,0
729.0134600941492,13,568,0,0
729.3577177815816,14,52,0,0
729.4056230968965,7,175,0,0
729.4213415913048,39,420,0,0
729.4432303184758,22,176,0,0
729.444828113388,178,202,0,0
729.4837824385681,30,98,0,0
729.5020782894544,618,76,0,0
729.5734223328217,218,102,0,0
729.5796766261907,22,253,0,0
729.5866722109458,228,116,0,0
729.5873265090273,6,290,0,0
729.5982741070593,148,70,0,0
729.6110891003005,12,56,0,0
729.6195775527481,229,409,0,0
729.8188352682544,8,290,0,0
729.9243381827332,105,273,0,0
729.9488693245128,19,236,0,0
729.9521623126533,15,279,0,0
729.982756782321,14,37,0,0
762.4853096718247,11,227,0,0
762.497240573604,1693,91,0,0
762.5116301773309,488,311,0,0
762.5993660288754,58,408,0,0
762.6028306249377,1490,768,0,0
762.6582190298603,6,127,0,0
762.6595929552007,30,332,0,0
762.6804062868199,21,267,0,0
762.7099227267229,2045,769,0,0
762.7422063323678,11,362,0,0
762.8895240058056,13,112,0,0
762.9109556440123,281,231,0,0
762.9264632283835,214,90,0,0
763.0362145569494,358,102,0,0
763.0524887915985,6,68,0,0
763.1385722731272,63,36,0,0
763.1462702284601,206,90,0,0
763.1762462741206,373,375,0,0
763.1865700475595,1868,727,0,0
763.2097012469885,20,329,0,0
763.2188239899368,4,104,0,0
763.2377396572386,1237,17,0,0
763.2378618265662,7,205,0,0
763.4605074392674,11,233,0,0
763.4629171879611,12,228,0,0
763.4912810208965,7,3180,0,1
763.4943074874724,33,507,0,0
764.554956195792,7,111,0,0
764.7039234517986,116,204,0,0
765.4262043715723,28,208,0,0
765.4339207108959,53,442,0,0
765.4607915273734,20,114,0,0
765.6116402734996,363,524,0,0
765.6215268754753,140,13,0,0
767.3844458987387,15,252,0,0
767.4996283438395,1382,25,0,0
767.5802987905905,193,609,0,0
767.5991907225942,22,26,0,0
767.8980109880199,25,767,0,0
767.9195626826917,59,329,0,0
767.9209662683733,138,378,0,0
767.9421168909745,8,207,0,0
767.9448619182621,7,348,0,0
767.9668771391894,175,440,0,0
768.0191492047902,41,92,0,0
768.0329389724318,50,604,1,0
768.0459916609962,20,397,0,0
768.0467422701489,16,790,0,1
768.0520068165162,599,137,0,0
768.5127540932976,615,4,0,0
768.5151152475929,47,282,0,0
768.5155099074312,173,257,0,0
768.5290992801288,20,179,0,0
768.8324232002523,32,487,0,0
768.9480401090653,4,206,0,0
768.9701229099862,5,357,0,0
768.9949844841128,97,323,0,0
769.0049853493745,251,427,0,0
769.0485474634709,109,462,0,0
769.0799876939695,155,235,0,0
769.0967971599857,13,239,0,0
769.0973905239564,6,133,0,0
769.1045658489135,314,193,0,0
769.1094868348086,7,39,0,0
769.111877822974,67,226,0,0
769.137572438171,51,205,0,0
769.1633483434169,16,314,0,0
769.1678971416685,212,124,0,0
769.2344081263856,79,44,0,0
769.2470179058138,71,5030,0,1
769.2526977203236,43,502,0,0
769.3300816409765,15,228,0,0
769.3881215498745,115,372,0,0
771.0038783647794,13,277,0,0
771.1122415184401,6,1030,0,1
771.1524529749825,127,11,0,0
771.1772892779314,30,2410,0,1
771.1823835648422,464,463,0,0
771.1830803664163,27,161,0,0
771.194496750896,11,154,0,0
771.2001194372019,84,257,0,0
771.223151196267,319,457,0,0
771.3114757479111,10,115,0,0
771.3264595896813,15,134,0,0
771.3974355560696,85,35,0,0
773.7158490499567,142,140,0,0
773.7307903371915,59,756,0,0
773.7404835623593,75,243,0,0
774.0124977237416,35,367,0,0
774.212256624438,4,610,0,1
774.7482025896819,340,339,0,0
774.7521490146196,25,62,0,0
774.753057593981,442,59,0,0
775.1698750024259,23,273,0,0
775.4518350324331,10,92,0,0
775.4763507213975,1199,405,0,0
775.4765284847982,87,768,0,0
776.5323313487833,25,106,0,0
776.9980301198824,22,107,0,0
777.207705580203,6,47,0,0
777.2082912544851,5,101,0,0
777.2357173165213,11,267,0,0
777.2396640999619,5,2060,0,1
777.2635152835907,22,200,0,0
777.5880646335578,19,443,0,0
777.6012999141818,8,21,0,0
777.6035033410596,18,230,0,0
777.605005875072,14,304,0,0
777.6428126992388,6,197,0,0
777.6453949969211,22,293,0,0
777.6527656633211,19,290,0,0
777.6574517623525,15,377,0,0
777.6600639359468,19,22,0,0
777.663130453548,5,361,0,0
777.6641000254727,841,5,0,0
777.9196197719326,8,415,0,0
777.956414673965,24,43,0,0
777.9639471232994,9,54,0,0
778.9494788413876,5,263,0,0
778.9697428150719,28,740,0,0
779.0718316507326,4,22,0,0
779.0979193800632,18,358,0,0
779.104094596457,5,76,0,0
779.1070727407772,7,94,0,0
779.1135217849684,74,602,0,0
779.3499299997019,38,279,0,0
779.3531239618345,13,414,0,0
779.3693993176151,18,249,0,0
779.3748883564963,154,210,0,0
779.4020453562946,61,215,0,0
779.4224347772653,34,26,0,0
779.4256010205158,1815,13,0,0
779.4588834243987,13,74,0,0
779.4636879467395,29,621,0,0
779.536762594544,10,83,0,0
779.5726358630201,15,343,0,0
779.5916672017805,119,95,0,0
779.6241018157735,469,347,0,0
779.6774568142741,380,115,0,0
779.8455650710374,490,513,1,0
780.0288232749398,24,47,0,0
780.201143673756,65,337,0,0
780.2679067418412,14,112,0,0
780.286826208028,412,403,0,0
780.3446294390208,49,535,0,0
780.3558210147891,35,259,0,0
780.3643796239251,6,371,0,0
780.3955170227862,21,363,0,0
780.4522426431789,105,184,0,0
780.4555804564833,8,168,0,0
780.5327479432453,1759,208,0,0
780.5598843862381,214,62,0,0
780.5764192139404,19,218,0,0
780.593301817404,9,202,0,0
780.6176897245119,90,220,1,0
780.9717346863147,649,190,0,0
780.9730024936788,14,8,0,0
781.0563010522584,362,453,0,0
781.0575513215383,9,300,0,0
781.1238433639147,7,378,0,0
781.1320799531984,1534,161,0,0
781.1331775261823,299,250,0,0
781.330700251182,9,390,0,0
781.3315080671789,503,138,0,0
781.3357450852312,200,364,1,0
781.3380085434566,106,312,0,0
781.3497339416443,95,205,0,0
781.3510708161526,29,92,0,0
781.3923516649455,728,243,0,0
781.5882792429527,15,62,0,0
781.8974780129346,9,241,0,0
782.101491440806,112,149,0,0
782.106645064592,554,115,0,0
782.1170342651181,159,314,0,0
782.1511470828805,710,504,1,0
782.1695675495082,194,218,0,0
782.1768953479669,15,352,0,0
782.1770571734853,27,132,0,0
782.1826599417676,13,272,0,0
782.225335420492,39,150,0,0
782.2399565186817,1071,110,0,0
784.1757962389647,28,362,0,0
784.1758164087053,5,635,0,0
784.1764359953115,19,211,0,0
784.177476096515,18,540,0,0
784.2764273047289,698,1100,0,1
784.5708451378794,116,633,0,0
784.5729134362942,8,114,0,0
784.5908746100496,11,73,0,0
784.6478351108234,813,179,0,0
784.6798021573233,39,427,0,0
784.7061925626447,37,274,0,0
784.7099302572344,11,231,0,0
784.7121685820664,54,356,0,0
784.713058865619,41,430,0,0
784.7142862438302,7,38,0,0
784.7767551182993,185,268,0,0
784.7865511869752,41,271,0,0
784.7938195547254,993,769,0,0
784.7956664612068,86,313,0,0
784.8150025261453,695,598,0,0
784.9468213374064,443,126,0,0
784.9483829335583,36,387,0,0
785.264146489026,15,500,0,0
785.3101383171957,17,281,0,0
785.310214741684,2163,201,0,0
785.3352657716166,113,529,0,0
785.3651356599946,9,119,0,0
785.6439579141876,22,331,0,0
785.6561852329559,17,286,0,0
785.6563094696874,16,767,0,0
785.6567983639967,105,464,0,0
785.6575217882554,704,433,0,0
785.7011591445986,9,18,0,0
785.7031178242148,57,496,0,0
785.7042402801916,110,187,0,0
785.7355965716592,144,150,0,0
785.8177473115979,9,154,0,0
785.8184345365738,180,77,1,0
785.8353372227601,21,203,0,0
785.9849266585791,12,145,0,0
786.0505113103588,20,453,0,0
786.354468863662,6,93,0,0
786.6193686443703,113,410,0,0
786.7092248957937,2556,67,0,0
786.714947789629,351,274,0,0
788.1545498891087,2380,20,0,0
788.2387375908211,43,375,0,0
788.2581180811427,2398,2620,0,1
788.2672047002039,308,287,0,0
788.3284482520288,13,333,0,0
788.3350343724343,18,78,0,0
788.3516792663219,13,199,0,0
788.5610976742871,92,681,0,0
788.6136143619765,20,397,0,0
788.6153489655492,30,200,0,0
788.6452699340454,76,49,0,0
788.6539833584408,105,279,0,0
788.6573304880504,20,329,0,0
788.6597919468904,95,74,0,0
788.6627735894443,9,341,0,0
788.6888970178874,5,192,0,0
788.9213314792275,20,281,0,0
788.9336723800359,9,245,0,0
789.2722643072478,7,443,0,0
789.2755923865415,9,367,0,0
789.2875159136273,31,2950,0,1
789.7215414992781,5,97,0,0
789.748368458132,522,646,0,0
789.7831621589478,5,196,0,0
789.8209883756625,38,369,0,0
789.8271952294141,1419,42,0,0
792.0305703718795,116,107,0,0
792.0508927912099,100,396,0,0
792.1725086924847,50,147,0,0
792.2287562523438,134,56,0,0
792.3824146754761,24,253,0,0
792.8311066741337,1567,190,0,0
792.8312693777973,77,567,0,0
792.8322250405703,132,10,0,0
792.8324630559239,7578,614,1,0
792.8357059744592,77,375,0,0
792.8479694321757,192,237,0,0
792.8803415929397,220,362,1,0
792.8863622151116,4,226,0,0
792.9441082823079,570,261,0,0
793.0228859708761,7,101,0,0
793.0456155339366,253,673,0,0
793.0473885049856,29,710,0,0
793.0528298306228,4,32,0,0
793.065212977253,27,26,0,0
793.1487600803563,4710,242,1,0
793.1621375864918,179,132,0,0
793.1989598333487,1126,271,0,0
793.1995476227024,101,40,0,0
793.1996003904538,2085,13,0,0
793.2225308898543,129,572,0,0
793.2450797559101,57,297,0,0
793.2474745541831,169,212,0,0
793.2546533645938,14,167,0,0
793.3100286370912,122,392,0,0
793.3691371106247,682,216,0,0
793.6040462449043,14,339,0,0
793.6856383192611,150,274,1,0
793.6957516076162,1911,197,0,0
793.7486948440411,358,381,0,0
795.0413501531343,38,78,0,0
795.6107073475076,19,555,0,0
795.6138839894605,48,169,0,0
795.6510253568724,7,93,0,0
796.0325287969551,7,188,0,0
796.0571960205393,810,254,1,0
796.1209323540788,23,19,0,0
796.3768704076261,28,183,0,0
796.4090687165866,22,583,0,0
796.4553414789956,145,534,0,0
796.4637391105458,8,725,0,0
796.4661990520264,7,273,0,0
796.4728973221884,130,166,1,0
796.5455375645475,12,59,0,0
796.5578870471055,10,273,0,0
796.5814334539142,22,289,0,0
797.9182042927537,55,545,0,0
797.9219158618596,270,101,1,0
798.04885261681,55,195,0,0
798.05509206362,9,247,0,0
798.1175609835316,2067,111,0,0
798.2253258839401,156,769,0,0
798.4881443495586,332,4,0,0
798.491995796425,11,428,0,0
798.5010780193902,261,129,0,0
798.5262490095902,76,255,0,0
798.541971767924,34,148,0,0
798.5420361128872,20,120,0,0
798.5851100849643,23,234,0,0
798.5866818937229,116,349,0,0
798.6047714444508,200,373,1,0
798.6060420239269,469,347,0,0
798.6370268944189,592,396,0,0
798.6535548749815,18,119,0,0
802.4503067017323,11,285,0,0
802.5251263907971,212,97,0,0
802.5338155686649,7,199,0,0
802.6286996641461,5,47,0,0
802.6294221639643,59,582,0,0
802.7645353064403,23,178,0,0
802.9521848836547,572,110,0,0
802.9596411968449,9,418,0,0
802.9708907016384,15,216,0,0
802.9713754691818,35,29,0,0
803.0118668274364,29,204,0,0
803.1166933821022,10,76,0,0
803.1180619982399,120,354,0,0
803.1930149194943,27,137,0,0
803.1951905361744,110,83,1,0
803.6390272696133,6,235,0,0
803.6392504459285,23,232,0,0
803.6509392352825,8,255,0,0
803.7891747300704,1360,307,1,0
803.7907943842472,26,70,0,0
803.7953536333312,506,737,0,0
803.8168653149626,25,250,0,0
803.8316328257147,99,400,0,0
803.835727209644,79,527,0,0
803.8399150574149,389,565,0,0
803.8481554176348,631,295,0,0
803.8576797725173,240,356,1,0
803.8644949935737,90,83,0,0
803.9788392294442,44,393,0,0
804.005775723646,23,14,0,0
804.0532524889935,1273,367,0,0
804.1108513634655,7,140,0,0
804.1121354297597,7,75,0,0
804.1139856896094,11,32,0,0
805.0867614789847,740,92,0,0
805.0870056192192,106,240,0,0
805.0912108321209,193,767,0,0
805.1563112501484,42,41,0,0
805.1679656494385,46,144,0,0
805.1770897225935,7,264,0,0
805.7165900585153,16,139,0,0
805.71846333915,3734,137,0,0
805.8951803602472,560,200,1,0
805.8959932695489,9,198,0,0
805.8965991489133,87,607,0,0
805.9055434910762,532,118,0,0
805.935279308627,23,27,0,0
808.1805995691955,68,219,0,0
808.2208893973948,22,307,0,0
808.2502843892485,624,64,0,0
808.3305315486972,3540,78,0,0
808.3487489932558,26,169,0,0
808.3533463119843,11,251,0,0
808.3597400646911,9,35,0,0
808.4217806049888,127,770,0,1
808.4293271682844,10,139,0,0
808.4301036254242,33,651,0,0
808.434535018433,2044,331,0,0
808.4350505274713,16,209,0,0
808.7531868746333,342,84,0,0
808.7537080824593,211,188,0,0
808.8167668849435,1572,501,0,0
808.8267515008423,100,132,0,0
809.0735212143256,107,769,0,0
809.80660950427,17,128,0,0
809.8152827359916,7,52,0,0
809.8855003360011,23,20,0,0
809.9142368888316,46,230,0,0
809.9149846303839,22,202,0,0
810.3225999846095,875,239,0,0
810.4176618145282,293,284,0,0
810.480922102253,10,110,0,0
810.576134134567,23,417,0,0
810.6129213279524,47,42,0,0
810.6172877254743,14,354,0,0
810.65298949683,55,172,0,0
810.6546417394618,239,288,0,0
812.4346026314718,75,53,0,0
812.4361217016341,2093,16,0,0
812.6031516364059,19,179,0,0
812.6082571925286,12,283,0,0
812.6321122739567,13,315,0,0
812.6897655216917,1841,6,0,0
812.6923294760359,163,212,0,0
812.7152719716705,59,244,0,0
812.7153311783251,172,178,0,0
812.7401682072674,11,288,0,0
813.0078065418182,20,90,0,0
813.0186778439062,11,309,0,0
813.0221655339379,2085,111,0,0
813.025561404485,38,230,0,0
813.0256545467995,28,267,0,0
813.026629164299,2755,254,0,0
813.0639402268753,982,47,0,0
813.7852927158004,442,527,0,0
813.8677475854364,166,106,0,0
813.8848979615192,126,57,0,0
813.9007767360558,16,245,0,0
813.9486094375783,36,329,0,0
814.615539835963,44,376,0,0
814.628299198884,54,1400,0,1
814.6476117537346,95,595,0,0
814.6888856375327,400,138,1,0
814.7492078989567,805,174,0,0
814.7798530322259,5,439,0,0
814.7809093645723,372,6900,0,1
814.7814329297058,280,3350,0,1
814.7977726249596,704,553,0,0
814.8957685594792,2605,266,0,0
815.8807552091567,818,31,0,0
815.9213554060232,130,499,1,0
815.9229718763502,1529,335,0,0
815.9307799037254,22,561,0,0
815.931476093647,127,436,0,0
815.9432557040496,507,585,0,0
816.1193003142373,30,535,0,0
816.1432168693882,10,153,0,0
817.6344066225729,17,472,0,0
817.6452124580168,19,132,0,0
817.6663113404724,9,225,0,0
817.7012067483493,5,9,0,0
817.745276773227,48,188,0,0
817.7700680480998,193,73,0,0
817.8031405146651,2085,13,0,0
817.915668000034,7,422,0,0
817.9215219950632,79,103,0,0
817.9402034355634,13,27,0,0
817.9817357196401,7,215,0,0
817.9904704220836,10,276,0,0
817.9925893268105,29,82,0,0
818.0300909883325,62,93,0,0
818.0677887514219,103,629,0,0
818.0716488428782,994,770,0,0
818.0741002788523,153,140,0,0
818.0743056692816,35,367,0,0
818.0755769165161,15,132,0,0
818.1035466479149,11,220,0,0
818.1037076633285,15,417,0,0
818.1134676410256,14,213,0,0
818.1343534178882,804,452,0,0
818.1400657387223,31,563,0,0
818.1438079149488,397,66,0,0
818.2663777367774,1443,251,0,0
818.3089873475201,608,567,0,0
818.310844217087,7,23,0,0
818.4418794693055,6,92,0,0
819.0269031565504,20,234,0,0
819.0297336288312,10,105,0,0
819.0317642969725,40,90,1,1
819.0368744300966,19,132,0,0
819.0724915384311,22,243,0,0
819.0880502116685,425,4250,0,1
819.09671868293,300,28,1,0
819.0984286446183,79,345,0,0
819.1777341707813,946,287,0,0
819.1942020616128,23,398,0,0
819.2156807771087,13,685,0,0
819.2323739404806,27,303,0,0
819.2649705044365,27,42,0,0
819.265701421568,9,113,0,0
819.271726476077,14,325,0,0
819.2915965598095,36,182,0,0
819.3255928171127,18,316,0,0
819.3726279270643,383,232,0,0
819.4967094636544,120,242,0,0
819.5128376967427,33,351,0,0
819.6046995620615,37,25,0,0
819.6744263296785,44,661,0,0
819.7105882814383,770,432,0,0
819.7233849792729,126,1350,0,1
819.7328513074178,522,478,0,0
819.7516914904746,1604,2770,0,1
819.8392965339816,83,236,0,0
819.8430966801395,52,263,0,0
819.8465411953807,50,131,0,0
819.8937274423681,7,119,0,0
819.9232238394528,789,4340,0,1
820.0609270221025,114,256,0,0
820.285383406246,5,23,0,0
820.3329154705241,23,527,0,0
820.3337280802632,71,4340,0,1
820.4828410357294,1471,211,0,0
820.5285902168101,155,316,0,0
820.6176803431478,813,1790,0,1
820.6733442584825,15,499,0,0
820.6927248003165,92,3550,0,1
820.7400062704611,36,67,0,0
820.741594765763,230,309,0,0
820.7435963681321,74,190,0,0
820.7626164247378,97,336,0,0
821.1399802374676,74,291,0,0
821.172553363908,159,427,0,0
821.4175617040155,442,594,0,0
821.4362845146873,29,104,0,0
821.4630744645374,37,402,0,0
821.5983514669139,228,143,0,0
821.7195664546331,78,232,0,0
821.7426081374152,51,203,0,0
821.7539398314931,502,265,0,0
821.8742764356055,6,162,0,0
821.9114373246744,63,79,0,0
821.9202649405858,12,54,0,0
821.9336293774198,24,32,0,0
821.9366960542527,264,2540,0,1
821.9638127714608,13,301,0,0
822.0699856910371,168,59,0,0
822.0702016070078,250,219,0,0
822.0796170956654,17,233,0,0
822.0811563444973,10,310,0,0
822.0892608720079,9,243,0,0
822.0962734979605,310,308,1,0
822.098107757833,46,265,0,0
822.1219574749829,1505,331,0,0
822.123306233152,53,237,0,0
822.1262520413865,90,90,0,0
822.1273083296866,34,677,0,0
822.1311812322102,97,346,0,0
822.1794239173402,20,281,0,0
822.1875728137014,16,121,0,0
822.4156160369749,16,172,0,0
822.4268377680987,6,116,0,0
822.431830014778,34,45,0,0
822.6095670615153,205,49,0,0
822.6471354715246,15,191,0,0
822.7380735263215,130,332,1,0
822.7847008755402,16,408,0,0
823.1134818805713,102,643,0,0
823.2260731151971,23,377,0,0
823.450124975356,14,405,0,0
823.4534080394313,62,23,0,0
823.515679774057,8,65,0,0
823.6234868429448,516,139,0,0
823.6435702378556,7,328,0,0
823.8600730347074,775,295,0,0
823.8848726957365,9,440,0,0
823.897501188728,51,186,0,0
823.9514790010406,22,196,0,0
823.953167577506,20,323,0,0
823.9541078888413,47,574,0,0
823.9667988723513,38,465,0,0
823.9670072642566,210,203,1,0
824.1178183013933,35,284,0,0
824.1239521429281,24,330,0,0
824.5465940287818,34,70,0,0
824.5729451171928,22,330,0,0
824.5778695480813,469,127,0,0
824.5841711459167,9,8,0,0
824.6453922515161,33,533,0,0
824.7719903528276,85,183,0,0
824.7853912544653,1195,491,0,0
824.7868255202357,22,628,0,0
824.8153894229523,11,97,0,0
824.8748806600202,28,293,0,0
824.955549860761,2395,326,0,0
824.957125642838,6,267,0,0
824.9634144772783,1890,322,0,0
825.0374630112327,245,481,0,0
825.793257640884,613,590,0,0
825.8129117741319,9,292,0,0
825.8148314582228,38,365,0,0
825.8741846644679,15,456,0,0
825.8742221738315,19,536,0,0
825.8987830092004,299,475,0,0
825.9058899571202,229,207,0,0
826.4805884500735,13,89,0,0
826.4881253269017,178,39,0,0
826.4898134162136,7,766,0,0
829.5665641065154,92,35,0,0
829.6065192303812,22,698,0,0
829.626933548745,607,435,0,0
829.6324004922308,894,601,0,0
829.6354574062555,28,329,0,0
829.6360590492371,29,171,0,0
829.6979837381285,21,63,0,0
829.7014745879425,18,441,0,0
829.7907243873601,15,212,0,0
829.8363167019477,88,407,0,0
829.9539699114005,21,257,0,0
829.9638865010623,50,101,0,0
829.9878332371106,255,118,0,0
829.9935992651301,17,331,0,0
830.0044333714912,14,87,0,0
830.007514538211,19,301,0,0
830.0077025871209,121,388,0,0
830.0358020116885,1733,256,0,0
830.0373088725826,11,335,0,0
831.8701057974166,16,119,0,0
831.8883500106938,25,767,0,0
831.8890416993052,106,362,0,0
831.9005775683548,8,57,0,0
831.9618035033544,24,223,0,0
832.0063216928595,1912,31,0,0
832.0103951189557,8,102,0,0
832.0425030525314,10,290,0,0
832.0694509219153,50,187,0,0
832.0774376262538,12,286,0,0
832.0892352114538,40,231,0,0
832.1199048592676,16,214,0,0
832.1388723767158,1273,367,0,0
832.192009484364,176,116,0,0
832.3176069835129,23,323,0,0
832.5698502387357,15,42,0,0
832.5720188196643,21,286,0,0
832.5805497502579,136,19,0,0
832.6164380633314,11,138,0,0
832.6502616407705,1205,64,0,0
832.6555258668084,72,23,0,0
832.6705856473552,1313,133,0,0
832.6870316957713,235,96,0,0
832.7136628327119,21,53,0,0
832.7774840365886,39,141,0,0
832.7847401474496,24,232,0,0
832.7852775894465,26,383,0,0
832.7945166389252,4,23,0,0
832.8062728422159,210,348,1,0
832.8188008884568,24,14,0,0
832.9389867467584,11,302,0,0
832.9414974420783,7,106,0,0
832.9968061826071,52,491,0,0
833.5641169949592,94,180,0,0
833.5659999039103,96,47,0,0
833.579076170026,90,99,1,0
833.5968660789213,7,236,0,0
833.668662447862,270,628,0,0
833.7276027714965,27,267,0,0
833.7339334886811,238,80,0,0
837.8594919914694,13,316,0,0
837.8715229334547,1846,30,0,0
837.9005778440782,126,322,0,0
837.9565715497168,91,767,0,0
837.9911968066891,81,960,0,1
838.0113898288911,27,372,0,0
838.0179064570788,14,113,0,0
838.0273453082574,144,69,0,0
838.0399724762524,246,583,0,0
838.309665431052,74,224,0,0
838.3107555956727,2896,4300,0,1
838.3183583901806,89,259,0,0
838.3268855238039,1605,765,0,0
838.3305992742561,108,73,0,0
838.4329654646201,13,109,0,0
838.4440018828243,7,288,0,0
838.4498317476754,6,194,0,0
838.455581363489,13,19,0,0
838.5628699474964,976,412,0,0
838.6123871850015,253,49,0,0
838.6187991081035,10,336,0,0
838.6563170315582,11,513,0,0
838.6789126797445,17,311,0,0
839.0185919003621,12,147,0,0
839.0207713402477,19,281,0,0
839.0211780252843,49,67,0,0
839.0287352724333,112,368,0,0
839.0332358161263,28,62,0,0
839.0364973797521,337,497,0,0
839.052296390147,21,75,0,0
839.0841252760505,20,56,0,0
839.1119459391876,40,59,0,0
839.1371217532813,64,227,0,0
839.1411739519402,130,205,1,0
839.6549051632678,23,230,0,0
839.662713026135,69,40,0,0
839.6650209454066,27,234,0,0
839.6829818635962,90,29,1,0
839.7290865751706,23,41,0,0
839.729621137345,3960,1190,1,1
839.8041421671168,7,250,0,0
839.8400277830243,794,345,0,0
839.8629317435527,20,543,0,0
839.8783612995159,35,209,0,0
840.4095420913055,11,117,0,0
841.2393839042393,6,336,0,0
841.2410466027764,1016,765,0,0
841.2490115975199,8,208,0,0
841.2542541551207,38,429,0,0
841.2673526028974,22,453,0,0
841.2698251485863,19,840,0,1
841.2713421466727,14,351,0,0
841.2788344159984,13,216,0,0
841.2870026090582,7827,365,1,0
841.3882518365552,32,252,0,0
841.4828113242461,23,1630,0,1
841.5448904583648,54,260,0,0
841.5910934769621,48,56,0,0
842.0161184894956,73,193,0,0
842.0198162099049,130,252,0,0
842.0296679859371,47,164,0,0
842.0989331687676,267,330,0,0
842.1020914793763,2236,745,0,0
842.1714035328166,184,668,0,0
842.1750803692203,991,174,0,0
842.1840426653259,132,193,0,0
842.1888346269545,33,330,0,0
842.2652996004869,90,312,1,0
842.2695381412459,35,769,0,0
842.2921036498464,15,62,0,0
842.3680603635561,216,107,0,0
842.4263431184575,31,2850,0,1
842.4454087049684,360,363,1,0
842.4474270971198,35,47,0,0
842.5031182440342,129,572,0,0
842.5062993378465,52,126,0,0
842.589659726357,10,253,0,0
842.5998823730245,34,284,0,0
842.7311376999851,627,188,0,0
842.7460613147326,49,363,0,0
842.7652327406088,24,260,0,0
842.767442227126,1579,748,0,0
842.7897247772479,1996,123,0,0
842.9610502355033,4,90,0,1
842.9843258417874,54,472,0,0
843.0208399070866,15,123,0,0
843.0238182696652,1232,274,0,0
843.3664035856891,11,301,0,0
843.3681663348938,17,315,0,0
843.7291662695935,2328,304,0,0
843.7371123458366,2955,240,0,0
843.7372756323298,65,56,0,0
843.7636913443423,18,494,0,0
843.7768280554848,64,350,0,0
843.779689037385,222,111,0,0
843.7809334812548,34,124,0,0
843.8118518577389,11,325,0,0
843.8290242543457,16,345,0,0
843.8410991825572,29,690,0,0
844.0915373356082,797,335,0,0
844.1091773275441,1181,701,0,0
844.1169319433991,1282,2940,0,1
844.117719803452,139,150,0,0
844.1257665930797,486,174,0,0
844.1786139297222,6,41,0,0
844.2279792157971,1053,342,0,0
844.2810232533838,11,706,0,0
844.2917197839661,55,62,0,0
844.337786110834,31,470,0,0
844.338124943191,625,635,0,0
844.3471438848385,84,26,0,0
846.1888378051655,108,767,0,0
846.257965176385,17,255,0,0
846.282861982921,14,81,0,0
846.3499362640632,69,47,0,0
846.9369862026459,31,488,0,0
846.9546652939371,5062,689,0,0
847.0011906533282,288,715,0,0
847.1111128418071,289,290,0,0
847.1306001973055,111,449,0,0
847.2200780268465,163,1610,0,1
847.2247347997995,206,481,0,0
849.3418498554269,15,387,0,0
849.353162633253,1815,95,0,0
849.3834568498978,16,27,0,0
849.9770498451375,8,296,0,0
851.9255987932403,8,199,0,0
852.0657978396835,42,18,0,0
852.1171633410208,6470,533,1,0
852.2644631235493,1511,6240,0,1
852.2646572083898,19,173,0,0
852.2848604185446,1190,770,1,0
852.5804136878197,13,220,0,0
852.5946094178897,16,205,0,0
853.158210380626,25,465,0,0
853.4837730293758,4,106,0,0
853.502137091287,15,174,0,0
853.5596643442179,99,323,0,0
853.6516570320405,4,9,0,0
853.9535623304894,15,2070,0,1
853.9674795670463,13,3690,0,1
853.9681901092696,41,688,0,0
853.9956437756232,4,452,0,0
859.1985379063235,33,199,0,0
859.2024077618024,40,204,0,0
859.2405978710661,6150,561,1,0
859.2521974186848,589,9,0,0
859.3006883030573,38,535,0,0
861.0875470193034,8,488,0,0
861.4331175655662,141,281,0,0
861.4342517871657,17,316,0,0
861.4520011770738,35,624,0,0
861.4755635177693,1920,767,0,0
861.4952701711837,580,239,1,0
861.5060394428945,30,254,0,0
861.5085627710714,883,766,0,0
861.5098842110204,86,494,0,0
861.523158398031,362,50,0,0
861.5699584832834,2719,164,0,0
861.5813864889009,15,382,0,0
861.595061999434,28,486,0,0
862.3232999581304,884,171,0,0
862.335264025166,179,172,0,0
862.4035859979998,1354,255,0,0
862.4781541481059,9,130,0,0
862.4838019188917,7,769,0,0
862.927227249147,96,19,0,0
862.928671063391,9,207,0,0
862.93430503646,42,154,0,0
862.9604129556645,15,490,0,0
863.1612175577648,861,161,0,0
863.4943263474454,924,192,0,0
863.497588734707,954,109,0,0
863.5105896671146,30,767,0,0
863.5117624672429,40,274,0,0
863.5135406745882,109,329,0,0
864.0151691835306,18,538,0,0
864.0669777690835,4,186,0,0
864.1346174632812,578,571,0,0
864.137482938892,2592,171,0,0
864.1640170997298,6,180,0,0
864.16426735785,1480,267,1,0
864.1921404476423,19,285,0,0
864.2312400530475,10,507,0,0
864.8864358034648,265,175,0,0
864.9104176241063,16,2540,0,1
864.9441436122443,52,48,0,0
865.0362522106075,18,42,0,0
867.4452863507298,17,160,0,0
867.7097987822034,12,12,0,0
867.8766111497505,15,32,0,0
867.8839856735123,35,15,0,0
867.9085683574115,100,441,1,0
867.9217450381803,202,415,0,0
867.9244257243093,7,181,0,0
868.01308940258,11,323,0,0
868.0214304175693,216,100,0,0
868.0714890085253,45,246,0,0
868.0750969815653,20,117,0,0
868.1098377018775,1070,396,0,0
868.1103476733064,334,379,0,0
868.1280357622973,936,267,0,0
868.4868155512474,44,1580,0,1
868.4959965893938,1350,512,0,0
868.5004481582768,2839,102,0,0
868.532696446898,11,198,0,0
868.5392470733766,29,771,0,0
868.5516843830725,4,65,0,0
868.6022533205759,14,360,0,0
868.6112649626302,135,64,0,0
868.617491396515,37,61,0,0
868.6178476710519,5,75,0,0
868.6188067359693,1951,2930,0,1
868.6221258047815,20,251,0,0
868.6604262946664,240,34,1,0
868.7106262031888,4,133,0,0
868.7460939819025,77,531,0,0
868.754287906641,3130,465,1,0
868.7795564575666,924,201,0,0
868.8029031394127,3632,447,0,0
869.2584571179419,8,148,0,0
869.2757831068003,504,85,0,0
869.2800063227465,1954,190,0,0
869.2902582601232,11,2210,0,1
869.3497850071158,10,196,0,0
869.4273264598711,1020,191,0,0
869.4315500432749,8,130,0,0
869.510888107794,66,274,0,0
869.5176255130785,34,407,0,0
870.2641751204372,70,360,1,0
870.2816303941229,29,270,0,1
870.2904186838018,7,62,0,0
870.2907646800066,17,298,0,0
870.6754038569376,13,467,0,0
870.6793716348493,2379,170,0,0
870.706940221679,74,163,0,0
870.7161783922903,81,95,0,0
870.7164312711409,31,183,0,0
870.7363855129897,149,209,0,0
870.7452202742504,130,157,1,0
870.7574713697876,9,287,0,0
870.7631733175948,5,72,0,0
870.7721620825566,95,2310,0,1
870.9529966040435,20,54,0,0
870.9850178564973,40,113,0,0
871.0892019563383,8,284,0,0
871.0966245164178,11,629,0,0
871.1070540567333,48,285,0,0
871.1107515369392,1522,22,0,0
871.1477874120218,15,138,0,0
871.1583297444747,25,588,0,0
871.166262447976,14,260,0,0
871.1763500760775,28,381,0,0
871.1804452923956,14,163,0,0
871.294672293159,78,380,0,0
871.2971385219945,12,514,0,0
871.5933735057059,9,348,0,0
871.622824397557,1332,716,0,0
871.8797184422823,27,278,0,0
873.2402513395778,12,246,0,0
873.2908273085741,160,5,0,0
873.357954766863,20,281,0,0
873.3858021395573,18,132,0,0
873.4662138067905,49,121,0,0
873.6712064881172,4,328,0,0
873.6950130999566,12,388,0,0
873.7275558681132,1398,200,0,0
873.7385815518351,24,447,0,0
873.741595334484,10,59,0,0
873.9841755244631,258,308,0,0
874.1194805893676,2099,128,0,0
874.4981285337508,14,299,0,0
874.5005051574295,63,41,0,0
874.5478955851956,52,149,0,0
874.6173294416566,17,22,0,0
874.9403067420559,16,439,0,0
874.9893563443776,326,560,0,0
875.0004662041109,850,7,1,0
875.0368049315671,15,90,0,0
875.3803332474687,2445,160,0,0
875.394508654871,448,185,0,0
875.4273803476634,27,42,0,0
875.4544047903578,72,130,0,0
875.5013449977644,380,767,0,0
875.5750263513323,22,282,0,0
875.5792018670228,27,241,0,0
877.0938070377111,9,229,0,0
877.0975674619345,88,368,0,0
877.1013879606933,391,568,0,0
877.1260840389684,88,254,0,0
877.33346608869,157,233,0,0
877.6053254598374,57,260,0,0
879.0163019201159,505,214,0,0
879.0558829148198,16,111,0,0
879.0628691419491,505,380,0,0
879.0657064985807,15,180,0,0
879.075410393969,20,73,0,0
879.1203553411417,9,66,0,0
879.1404645229812,41,238,0,0
879.1407081959591,21,322,0,0
879.1581474779141,28,767,0,0
879.2035279157333,50,154,0,0
879.207157885988,2527,309,0,0
879.2110773338193,617,280,0,0
879.2133663477651,200,408,1,0
879.3731340333089,230,17,0,0
879.9648808367933,522,399,0,0
880.1178518031073,30,484,0,0
880.1239639236837,7857,335,1,0
880.1315619812578,155,52,0,0
880.8712533226427,10,410,0,0
882.2445943060063,34,232,0,0
882.4714013730426,27,61,0,0
882.4893021263161,26,142,0,0
882.4901765714375,74,412,0,0
882.5679425551922,2060,372,0,0
882.9724762850807,28,317,0,0
882.9925587112224,395,438,0,0
882.9964990185723,1556,225,0,0
883.0286485385901,8,310,0,0
883.0611120967939,314,193,0,0
883.0707658374363,90,205,0,0
883.0821790808536,7,234,0,0
883.082535903832,183,174,0,0
883.097345366333,7,224,0,0
883.0978537004456,51,661,0,0
883.1022048611459,180,163,1,0
883.1060254559238,13,177,0,0
883.1202029018309,64,344,0,0
883.2492529584671,2720,765,0,0
883.2523393790144,26,286,0,0
883.2798070627755,14,325,0,0
883.2811365098996,11,293,0,0
883.2978260450981,454,319,0,0
883.3090691408156,6,209,0,0
883.3166140373467,827,78,0,0
883.321203278134,10,303,0,0
883.3243238662267,35,30,0,0
883.3248428053721,51,203,0,0
883.3258799609229,770,330,0,0
883.3264077078043,22,240,0,0
883.3723553188196,469,710,0,0
883.3751332921273,45,287,0,0
883.4939564052534,69,767,0,0
883.5618868305033,5,124,0,0
883.5739010041486,80,522,0,0
883.7754029451323,7,281,0,0
883.7850679790326,698,392,0,0
883.785504600519,16,2450,0,1
883.7910625734302,419,421,0,0
883.8092908588957,17,293,0,0
883.8236673378358,5,22,0,0
883.8251021016163,250,587,1,0
883.8974343131258,13,198,0,0
883.9023556085349,47,172,0,0
884.0636996473648,1004,287,0,0
884.0923395552038,8,169,0,0
884.4427360404974,73,205,0,0
884.5705699645316,14,273,0,0
884.5799927764482,17,184,0,0
884.8597966873864,19,193,0,0
884.8718087125261,130,250,1,0
884.9083601105913,56,149,0,0
885.1253151912965,22,584,0,0
885.1571865652153,18,454,0,0
885.3274243248335,27,785,0,0
885.4704033077261,8,600,0,0
885.5425465061218,90,481,1,0
885.550692503878,29,273,0,0
885.5515657399754,79,395,0,0
885.5557282542845,402,395,0,0
885.5600271163544,93,375,0,0
885.8575916135368,314,170,0,0
885.8819876392441,11,494,0,0
885.9180991776203,92,35,0,0
885.9301369461058,7,302,0,0
885.9310703931297,16,188,0,0
885.9369669923537,280,390,1,0
885.9877766995457,300,800,1,1
886.2071222809356,206,53,0,0
886.8791661957298,22,294,0,0
887.0415210913877,42,296,0,0
887.3485178770999,1455,278,0,0
887.3579828949278,8,44,0,0
887.5064280970785,38,376,0,0
887.6044367668708,18,220,0,0
887.6063319158999,340,339,0,0
887.6307139993036,10,66,0,0
887.6503724643258,430,27,1,0
888.036214289957,9,401,0,0
888.0611860220777,1769,180,0,0
888.0624160343666,81,432,0,0
888.0845314669075,78,679,0,0
889.9899042345136,136,780,0,1
889.9913025231407,18,263,0,0
890.0085166236897,2029,693,0,0
890.0532348399088,43,516,0,0
890.074127819871,104,94,0,0
890.1236267390287,22,117,0,0
890.1262268652285,18,151,0,0
890.1344712734742,34,469,0,0
890.1442345726472,23,31,0,0
890.1764697841779,25,373,0,0
890.1801650281217,26,21,0,0
890.1811406743007,37,474,0,0
890.2974318567796,515,164,0,0
890.5799667683946,13,235,0,0
890.6643345648561,35,663,0,0
890.6953106361854,60,179,0,0
890.8168601329864,9,1810,0,1
890.8303796724291,1740,287,0,0
890.8792043329435,28,38,0,0
890.8814744196125,38,769,0,0
890.8826541013414,778,768,0,0
890.8906856745596,807,211,0,0
890.9136374823488,8,99,0,0
890.9553250775643,15,154,0,0
891.0179421122115,41,144,0,0
891.0196926236774,314,193,0,0
891.0806045949516,11,57,0,0
891.2706111842003,81,103,0,0
891.2813464151425,9,110,0,0
891.286707527262,13,20,0,0
891.2906600925062,22,58,0,0
891.3336720119862,757,487,0,0
891.3355774793137,49,39,0,0
891.5215650722209,469,7100,0,1
891.5600173249682,20,232,0,0
891.567996943721,823,428,0,0
891.6227592063668,16,428,0,0
891.7430081737863,55,27,0,0
891.7537154352036,1535,233,0,0
891.7557556025561,10,116,0,0
891.7641724383558,10,452,0,0
891.7679879113532,7,199,0,0
891.8270259210184,215,63,0,0
891.8839564343036,90,25,1,0
892.2725146081336,32,338,0,0
892.2961077596572,35,29,0,0
892.3567749987801,7,110,0,0
892.3573817119518,14,177,0,0
892.358424553384,70,462,0,0
892.3596636527944,388,80,0,0
892.3597043787888,140,77,1,0
892.3879760508408,400,439,1,0
892.3881693701361,16,656,0,0
893.2475474826524,8037,155,1,0
893.2482633373145,285,301,0,0
893.2611204830407,120,610,0,1
893.2737668569689,89,168,0,0
893.4920733184249,53,38,0,0
893.4965214083111,6,102,0,0
893.5247632583647,667,316,0,0
893.5331342355811,2801,96,0,0
893.5639099831672,2179,12,0,0
893.5752503125939,71,394,0,0
893.5760461901133,30,377,0,0
893.5810732940157,17,210,0,1
893.5859350324787,5,92,0,0
893.6456261962636,695,598,0,0
893.6464086686688,10,148,0,0
894.4655091079853,15,495,0,0
894.4679814766337,12,446,0,0
894.4961279662247,7,219,0,0
894.5285122390175,70,221,0,0
894.5560125268651,19,193,0,0
894.5574012722333,384,354,0,0
894.6056889826352,14,69,0,0
894.6064504722083,6,127,0,0
894.6160106427501,95,94,0,0
894.6242346537629,27,57,0,0
894.6261588575712,974,316,0,0
894.7592372937496,43,384,0,0
894.7595258053062,64,73,0,0
894.8923255055099,247,264,0,0
894.8986035618207,1450,206,0,0
894.899576597924,38,447,0,0
894.9313556299081,87,41,0,0
894.9607205759742,30,130,0,1
894.962571690771,15,137,0,0
894.9759730181486,220,64,1,0
895.5006985010975,191,67,0,0
895.5152922123154,44,768,0,0
895.5264478101352,174,219,0,0
898.3909169345288,58,702,0,0
898.4130381021151,32,391,0,0
898.4383024475,8042,150,1,0
898.4638188802633,173,76,0,0
898.4699980295549,10,287,0,0
898.4717634073243,10,1220,0,1
898.528567827415,36,414,0,0
898.5930981913027,36,767,0,0
898.6036249856945,2203,427,0,0
898.6054155565574,146,363,0,0
898.6137394728005,395,119,0,0
898.6542396856125,37,184,0,0
898.7850736943305,12,436,0,0
898.7871261244097,10,162,0,0
898.7956276558731,11,413,0,0
898.8269078429174,87,392,0,0
898.8682978643101,244,182,0,0
898.8896232686963,115,177,0,0
898.8996986665966,42,151,0,0
899.0172874975074,7,750,0,1
899.0729683902678,4,170,0,1
899.0744514114693,23,292,0,0
908.2928491222713,69,391,0,0
908.457735059281,14,194,0,0
908.4605779077788,23,155,0,0
908.4700964294009,36,293,0,0
908.4708033651955,10,17,0,0
908.4735618751953,13,150,0,0
908.475854343752,18,184,0,0
908.4837451955048,7850,342,1,0
908.6306466393187,37,74,0,0
908.6556906895005,14,80,0,0
908.6668074243804,13,200,0,0
908.6880081979912,18,186,0,0
908.6949768880908,20,587,0,0
908.7250643324282,6,191,0,0
908.8152678261026,760,362,1,0
909.6410109037078,7,221,0,0
909.6590800648013,625,134,0,0
909.6613753193107,983,355,0,0
909.7482213946496,8,208,0,0
909.7506691029596,17,299,0,0
909.7530708513199,13,3220,0,1
909.776388389679,7,1050,0,1
910.000166679841,233,601,0,0
910.0024073143301,60,252,1,0
910.3422735640622,29,45,0,0
910.3531105769015,28,4540,0,1
910.4655344699514,15,40,0,0
910.4757073492406,44,395,0,0
910.4822969813349,203,202,0,0
910.5353752109711,839,274,0,0
910.5390097915454,6,316,0,0
910.546777064403,10,452,0,0
910.7062140327843,196,179,0,0
910.7311166998363,16,342,0,0
910.7670538868307,48,246,0,0
910.7675641405033,5590,302,1,0
910.7758952969457,137,446,0,0
910.7828887451342,10,91,0,0
910.7917267897994,69,47,0,0
912.9683826090625,7,616,0,0
912.971750144108,80,492,0,0
912.9742877459141,83,475,0,0
912.9832253448002,319,312,0,0
912.9904158173736,6,49,0,0
912.9905821235103,82,2710,0,1
912.9945799776137,24,103,0,0
913.0858979076195,119,25,0,0
913.1343708176812,46,86,0,0
913.1827486479452,7,240,0,0
913.2009133275764,18,233,0,0
913.2156030005416,293,211,0,0
913.2181746385568,824,58,0,0
913.2451228147239,1660,116,1,0
913.5991324727103,91,424,0,0
913.6078655838303,79,136,0,0
913.6881233139316,18,394,0,0
914.0425787726158,41,413,0,0
914.0450655387882,150,220,1,0
914.0786364839024,50,244,1,0
914.089014035602,5571,283,0,0
914.0995684663303,40,113,0,0
914.103935400834,624,64,0,0
914.1282084366733,535,511,0,0
914.131555624991,37,769,0,0
914.1330448690344,733,241,0,0
914.4203573352092,41,368,0,0
914.4371007069311,15,60,0,0
914.4384395536426,11,337,0,0
914.4606484207694,221,15,0,0
914.6740540953565,25,120,0,0
914.8145568586939,745,376,0,0
914.8646312150935,704,433,0,0
914.8701961875406,21,189,0,0
915.3766187324562,9,71,0,0
915.4386195682772,10,139,0,0
915.4650579902624,11,158,0,0
915.5126824913877,81,265,0,0
915.5266623043996,261,201,0,0
915.6385698638343,6,158,0,0
915.6423103986451,6,549,0,0
915.6655240138526,30,310,0,0
915.6805038629632,9,1930,0,1
915.6825647974974,11,278,0,0
915.7358190767196,6,97,0,0
915.7420099595532,10,265,0,0
915.7536170918694,18,742,0,0
916.2638604698734,18,733,0,0
916.2986043216941,22,63,0,0
916.397938009988,19,180,0,0
916.4038105136443,149,120,0,0
916.5156320348264,41,379,0,0
916.5179170132315,163,314,0,0
916.5233116859629,42,117,0,0
916.5341202758214,40,417,0,0
916.6986383280552,27,338,0,0
916.7051564003882,19,65,0,0
916.7278129031931,107,82,0,0
916.7853081414108,13,555,0,0
916.785857063819,18,318,0,0
917.7045966294107,174,543,0,0
917.8427636313289,126,53,0,0
917.8463195693413,210,226,1,0
917.8523969407281,19,330,0,0
918.0667263108539,200,386,0,0
918.2199650152168,8,252,0,0
918.2614590648366,14,275,0,0
918.2642804090092,9,129,0,0
918.4645025631243,13,108,0,0
918.8037880416949,2874,6,0,0
918.8048707881044,7872,320,1,0
918.8248246611296,15,74,0,0
919.2174622101473,13,368,0,0
919.2196648062724,18,494,0,0
919.2349688994394,91,424,0,0
919.3692856366117,284,249,0,0
919.3712632378833,2224,5720,0,1
919.3983006680198,28,44,0,0
919.3986393926483,173,56,0,0
919.518255490009,1596,24,0,0
919.9281511823717,28,87,0,0
919.9558565919649,11,52,0,0
919.9789002346223,13,182,0,0
920.0045687083248,619,143,0,0
920.0497736556723,8,87,0,0
920.0574074092741,390,411,1,0
920.0937855755197,7,334,0,0
920.1759672465951,1055,252,0,0
920.2071153127577,1115,205,0,0
920.2704645476406,12,298,0,0
920.2901532939229,32,767,0,0
920.375962516113,7,82,0,0
920.3798812002178,162,145,0,0
920.3910624897579,442,527,0,0
920.4127803635773,45,333,0,0
921.5332481044732,133,1310,0,1
922.1549467276775,12,99,0,0
922.1602967623488,36,428,0,0
922.180447032061,80,113,1,0
922.1917702817651,11,120,0,0
922.1951398652316,1984,439,0,0
922.2007722350065,7,21,0,0
922.3052991852782,10,76,0,0
922.3061569829849,124,529,0,0
922.490096522535,9,75,0,0
922.4959994008136,131,426,0,0
922.5222768844599,34,315,0,0
922.5421951452962,11,394,0,0
922.5494749320507,80,230,1,0
922.6037355064528,81,205,0,0
922.6114966733,7,233,0,0
922.6357339435135,52,49,0,0
923.5603300639411,23,263,0,0
923.5673533866835,400,372,0,0
923.8262276333004,851,444,0,0
923.8279785760138,1016,765,0,0
925.5145503385114,7,30,0,0
925.5147403672423,76,14,0,0
925.5287856984647,120,304,1,0
925.5292019103024,12,277,0,0
925.5436369042511,92,35,0,0
925.5563453813922,180,228,1,0
925.5573117536633,22,2400,0,1
925.5796901008326,497,104,0,0
925.7254065694931,9,110,0,0
925.7619707246395,27,350,0,0
925.769331246902,251,767,0,0
925.93751139739,14,37,0,0
926.3592540004945,13,336,0,0
926.3625911970292,110,407,0,0
926.4052926861388,1036,262,0,0
926.4070460992934,7,228,0,0
926.4116828273825,58,156,0,0
926.4707713009651,1064,21,0,0
926.5374089316374,24,403,0,0
926.6578529614561,8,23,0,0
926.666178049727,36,333,0,0
926.79731753223,273,195,0,0
927.6945011873871,6,24,0,0
927.7520812891461,51,97,0,0
927.873820230424,20,339,0,0
927.8947343664332,11,2220,0,1
928.0061693136174,2511,306,0,0
928.7934784796469,13,767,0,0
928.8258655637436,2590,683,1,0
928.8300774165814,8,368,0,0
928.8440335048252,22,362,0,0
928.8946717893289,14,373,0,0
928.9030601477223,355,367,0,0
929.8655690159534,14,279,0,0
929.8661523573478,21,275,0,0
929.8934180681157,30,516,0,0
929.9279658089665,85,416,0,0
930.054223766177,62,308,0,0
930.2009219152826,74,276,0,0
930.2148846365034,119,530,0,0
930.2525409247529,79,554,0,0
930.2569587956036,240,388,1,0
930.260980575875,3436,338,0,0
930.2866760833284,7,347,0,0
930.3035154007408,250,26,1,0
930.3490007626059,625,134,0,0
930.3565302817428,13,529,0,0
930.3577450369971,24,80,0,0
930.4647896509458,144,442,0,0
930.6294502405755,51,196,0,0
930.6525244163583,10,227,0,0
930.7710519713893,3632,4470,0,1
930.7755795385293,399,520,0,0
930.9499644400876,32,128,0,0
930.9534010122757,123,263,0,0
931.0215358637514,325,197,0,0
931.0501396302382,20,577,0,0
931.2828503645547,32,419,0,0
931.3706872008399,5,53,0,0
931.4920824682732,19,137,0,0
931.5213306369865,10,180,0,0
931.988888668029,19,700,0,1
932.9692689500688,44,47,0,0
932.9759963944554,48,274,0,0
933.0102358109306,15,413,0,0
933.0711716951636,3752,152,0,0
933.1155396246243,197,767,0,0
933.1199970630935,18,99,0,0
933.1317238519807,36,336,0,0
933.137813986975,24,277,0,0
933.1414397420835,88,16,0,0
933.1524560403708,39,33,0,0
933.1961809482791,116,769,0,0
933.2028238928822,33,48,0,0
933.2043123372316,25,4,0,0
933.2126565141624,34,159,0,0
933.2205607699552,140,304,1,0
933.2461955032096,49,216,0,0
933.4940553183319,2483,85,0,0
933.6838645257359,266,591,0,0
933.6839333606871,1378,4220,0,1
952.1346471403102,29,179,0,0
952.7249333606567,926,53,0,0
952.7271210534606,30,91,0,0
952.7690844883122,170,97,0,0
952.7721725886674,8,225,0,0
954.5991675819265,412,203,0,0
954.6017742994194,78,325,0,0
954.7640446168293,440,581,1,0
954.7846420997922,16,41,0,0
954.8725374094228,17,9,0,0
954.899407155178,492,563,0,0
954.9007687538318,13,192,0,0
954.9013429683182,881,43,0,0
954.9203748996239,13,301,0,0
954.9360816914068,50,219,0,0
954.9428619349152,10,192,0,0
955.197449773302,22,357,0,0
955.216166165898,105,387,0,0
955.222367202142,7,109,0,0
956.3702326836997,20,43,0,0
956.3988654628331,23,703,0,0
956.4094983818247,16,237,0,0
956.4152570255143,19,22,0,0
956.4211135136151,90,474,0,0
956.424045888603,1402,371,0,0
956.4272818251811,641,194,0,0
956.4303907779848,16,80,0,0
956.4320235237511,8,115,0,0
956.4332992124185,6,116,0,0
956.467638198597,39,248,0,0
956.4680934150323,15,384,0,0
956.4892958895692,169,288,0,0
956.6497707210923,440,210,1,0
956.6555292125844,8,698,0,0
956.6726688376729,3011,292,0,0
956.9035748501656,102,5,0,0
956.9722862756895,94,764,0,0
956.9746109407191,957,210,0,0
956.9902035864307,1123,345,0,0
957.0015388540237,1048,407,0,0
957.1904123359061,2045,3630,0,1
958.1756364835222,17,309,0,0
958.1810945587528,696,219,0,0
958.2607862290814,150,110,1,0
958.366004749104,11,182,0,0
958.4375653302003,11,73,0,0
958.4378954477957,9,105,0,0
958.4397635403473,250,188,1,0
958.442380540751,19,55,0,0
958.4452958223413,35,332,0,0
958.4463884148298,70,14,1,0
958.5162071617972,371,606,0,0
958.5473392826962,1835,764,0,0
958.558642866834,44,592,0,0
958.5587406047092,369,198,0,0
958.6544514100757,5,181,0,0
958.6549006313867,174,279,0,0
958.7128209743411,25,426,0,0
958.7202026018791,179,7250,0,1
958.7920318116816,565,237,0,0
958.7985081785608,393,255,0,0
958.8249211503421,89,265,0,0
958.8287395951758,460,577,1,0
958.9032807836019,92,522,0,0
958.9697042079456,9,179,0,0
958.9886908717411,774,142,0,0
959.4575644401364,35,559,0,0
959.4625344864063,40,113,0,0
959.4625605466216,21,391,0,0
961.9449252406077,25,317,0,0
964.4774703730961,63,126,0,0
964.5467041906336,600,127,0,0
964.5502849990816,18,352,0,0
964.5613735503813,3367,130,0,0
964.5615072195383,222,154,0,0
964.5626532733953,23,299,0,0
964.5671835758825,80,424,0,0
964.5817044216245,905,131,0,0
964.5868631825032,8,336,0,0
964.6609850929204,17,315,0,0
964.7064887345934,471,329,0,0
964.730247136792,15,617,0,0
964.7330520893426,18,3460,0,1
964.749681275746,25,4630,0,1
964.8723356653155,19,40,0,0
964.8868975146657,36,345,0,0
965.0867870716528,19,235,0,0
965.0963189134247,17,86,0,0
965.1616416889669,7,177,0,0
965.1634133581733,660,102,0,0
965.1649856009586,24,770,0,0
965.1727143375387,42,428,0,0
965.7437960377215,1718,2040,0,1
965.7457071875897,13,570,0,0
965.7581940675012,42,177,0,0
965.80013020465,10,366,0,0
965.9085683031893,51,465,0,0
965.9650825080195,38,200,0,0
965.9845577880675,15,255,0,0
966.0005451455319,83,583,0,0
966.1084176722912,25,48,0,0
966.7396404385063,19,264,0,0
967.0603250855132,26,222,0,0
967.0643114808656,39,322,0,0
967.0656185481109,89,61,0,0
967.0778129834727,144,445,0,0
967.2425067734188,206,86,0,0
967.5534510820754,19,365,0,0
967.566873658155,724,287,0,0
967.5690097249324,10,143,0,0
967.5717729210862,29,355,0,0
967.6231436536242,5,53,0,0
967.6331321831525,1233,356,0,0
969.9508280706968,10,4940,0,1
969.9562278529502,693,58,0,0
969.9563826252305,43,384,0,0
972.785806617228,110,27,1,0
973.0460631365271,2044,331,0,0
973.0474510415164,130,134,1,0
973.049144403012,5,19,0,0
973.0501701278392,53,223,0,0
973.152742658922,5,280,0,0
973.1641761011156,76,127,0,0
973.2152661430401,18,343,0,0
973.2163032142125,9,768,0,0
973.2232880434503,452,299,0,0
973.5164502725961,22,139,0,0
973.5177552403029,310,37,1,0
973.5201857241026,913,361,0,0
973.7909063498704,7,201,0,0
973.8026689361462,227,16,0,0
973.8157051539924,1740,40,0,0
973.8175243136598,20,24,0,0
973.8247089537232,122,252,0,0
973.8253236087309,29,68,0,0
974.5438234256602,17,420,0,0
974.56586894415,170,781,0,0
974.6005450489347,366,319,0,0
974.6048744746475,52,443,0,0
974.6071802952567,93,5,0,0
974.616511132385,26,3000,0,1
974.6179962443993,340,486,1,0
974.6251531471867,759,1330,0,1
974.6276062981931,24,153,0,0
974.6701111958894,2043,135,0,0
974.6737081770117,597,418,0,0
974.7520382617568,7,616,0,0
974.951423345599,16,275,0,0
974.9573630263478,314,571,0,0
974.9651905733539,66,305,0,0
974.9847446293096,435,138,0,0
974.9862356574437,9,203,0,0
975.0293917610363,1714,345,0,0
975.1429040735471,331,15,0,0
975.1432443592231,7,28,0,0
975.2026023887439,111,333,0,0
975.2141060787663,13,233,0,0
975.2186663485219,67,542,0,0
975.2259620818935,178,53,0,0
975.2302415325748,80,319,0,0
975.2833696309428,282,376,0,0
975.2884901130726,5,39,0,0
975.6630339493305,13,336,0,0
975.6849081735625,157,246,0,0
975.8380862715102,37,233,0,0
975.8408897574537,10,148,0,0
975.8505736591861,10,148,0,0
976.107288879051,1717,377,0,0
976.1167080605088,414,223,0,0
976.1205069779074,13,105,0,0
976.7209368016933,17,379,0,0
976.7218202508138,20,19,0,0
976.8252713826066,1035,626,0,0
976.8340901141981,22,255,0,0
977.3329795689057,318,756,0,0
977.3704088129015,15,154,0,0
977.3789970160393,119,124,0,0
978.2019597075226,38,363,0,0
978.2075424891083,48,371,0,0
984.4405130518139,5,58,0,0
984.5078119957336,184,604,0,0
984.5310850023889,270,100,0,0
984.5501097669118,41,236,0,0
984.5926253248284,7792,400,1,0
984.6052932115709,151,271,0,0
984.6645626946449,9,256,0,0
984.686095866941,1713,52,0,0
984.6922920877861,139,5,0,0
984.8015516431697,157,261,0,0
984.8176541605275,543,699,0,0
984.8183592384758,4825,534,0,0
984.838857968594,49,350,0,0
984.8395078038075,48,137,0,0
984.8460514138225,229,409,0,0
984.8489551639718,13,184,0,0
984.8607720049156,7,73,0,0
984.8971197038649,36,330,0,0
984.9954844261898,669,88,0,0
985.0034745879162,1836,10,0,0
985.025633808581,205,428,0,0
985.0330103079302,30,147,0,0
985.068936748893,22,349,0,0
985.2051094864761,345,341,0,0
985.5775380999661,7,165,0,0
985.5803063862876,271,395,0,0
985.6836124326882,51,344,0,0
985.695047243642,21,425,0,0
985.7129884470452,24,143,0,0
985.7131914534167,31,83,0,0
985.8659566972135,16,136,0,0
985.8681182859428,6,102,0,0
985.8731252418712,12,203,0,0
985.8854050209893,1739,9,0,0
987.0101758103534,250,48,1,0
987.0115380312801,154,144,0,0
987.0136719389851,22,156,0,0
987.0144255598666,38,174,0,0
987.0227065537689,950,677,0,0
987.0285577093172,7,75,0,0
987.1006393178586,34,152,0,0
987.1280998619075,18,1170,0,1
987.133509478211,18,445,0,0
987.1671183391385,71,46,0,0
987.186354503386,46,365,0,0
987.2302453575329,1037,200,0,0
987.2598705357162,68,211,0,0
987.3125046830964,8,2770,0,1
987.3474938331855,1579,115,0,0
987.4358723119876,8,382,0,0
987.4365365574423,29,289,0,0
987.469492400351,43,338,0,0
987.499081722286,7,181,0,0
987.508877902712,59,707,0,0
987.5698097676855,21,461,0,0
987.5747118092324,321,479,0,0
987.5749499204782,10,144,0,0
987.5771060248869,590,253,1,0
987.6134969146142,1350,512,0,0
987.6949403235163,22,223,0,0
987.7164964649269,41,718,0,0
987.7191238390079,12,132,0,0
987.7480000110706,11,71,0,0
987.795113333737,19,424,0,0
987.8200389161967,19,303,0,0
987.8334793487954,209,37,0,0
987.8559076197768,993,358,0,0
987.8601314221671,143,426,0,0
987.894930309283,23,228,0,0
987.9054082189184,12,24,0,0
987.9581530144036,14,265,0,0
987.9686234642958,16,230,0,0
987.9687630482579,11,379,0,0
987.9790220803931,12,77,0,0
988.0527981558232,34,20,0,0
988.0709947558272,2577,550,0,0
988.3150643445389,790,153,1,0
988.3182128670677,99,82,0,0
988.5488959134308,5,168,0,0
988.5839285150413,21,228,0,0
988.9516963325729,27,285,0,0
989.1127977235577,25,89,0,0
989.1136415626465,63,148,0,0
989.1171137348676,9,592,0,0
989.1853069981959,104,296,0,0
989.3368854803537,11,270,0,0
989.4750277475295,22,41,0,0
989.4779889466864,752,536,0,0
989.527006425426,625,635,0,0
989.5345464353363,22,310,0,0
990.0110804848777,18,393,0,0
990.1887189521099,105,181,0,0
990.1950153547559,11,494,0,0
991.2871547541872,8,23,0,0
991.3021627590551,86,319,0,0
991.3222417179543,33,683,0,0
991.3596888523093,335,114,0,0
991.360081115495,20,187,0,0
991.5667190192241,226,184,0,0
991.6387340630614,625,140,0,0
991.653311763419,53,386,0,0
992.1190820432822,25,426,0,0
992.1213541450486,905,56,0,0
992.5320774863658,31,307,0,0
992.5430329939225,53,386,0,0
992.9069881026919,31,495,0,0
992.9088508943734,690,341,0,0
992.9110299999833,19,281,0,0
993.0878914143259,316,170,0,0
993.0895883412531,884,171,0,0
993.1113739461538,34,534,0,0
993.1193268600448,244,269,0,0
993.1652437413034,26,166,0,0
993.487504116966,9,2460,0,1
993.4980939851544,24,500,0,0
993.9443305215465,205,6600,0,1
994.0549491656518,32,41,0,0
994.1123336929255,17,526,0,0
994.3692239417903,13,403,0,0
994.3815394780481,55,155,0,0
994.6405635409786,127,129,0,0
994.6535856118002,38,247,0,0
994.6706202694679,77,394,0,0
995.0903412151604,49,156,0,0
995.1021666724558,802,386,0,0
995.1024586459522,478,295,0,0
995.1517847889168,533,390,0,0
995.1552684784036,8,197,0,0
995.1653968458243,6,277,0,0
995.4348500681796,6,223,0,0
995.435345925459,13,681,0,0
995.5468803877693,11,286,0,0
995.6697421250984,110,360,1,0
996.5173681287494,26,57,0,0
996.5196810951671,3520,151,1,0
996.5202721235942,9,6580,0,1
996.5523870111651,22,789,0,0
996.6479352704578,312,370,0,0
996.652157571364,32,152,0,0
996.7184734711246,11,359,0,0
996.7190072408458,44,765,0,0
996.759237469147,16,221,0,0
996.7599294700386,37,389,0,0
996.7615579799487,3043,675,0,0
996.7742522463556,35,767,0,0
996.7927790622502,820,755,1,0
996.8620682895347,4,225,0,0
996.928284871181,492,399,0,0
996.9430639670841,250,463,0,0
998.4686136740606,216,195,0,0
998.4779304598333,18,292,0,0
998.4784025190652,141,229,0,0
998.7557110610753,12,1260,0,1
998.8613414796569,19,768,0,0
998.889994602886,6,120,0,1
998.9183610214573,900,85,1,0
998.9221349293217,45,770,0,0
999.0394024365232,981,139,0,0
999.1806986371089,21,2080,0,1
999.5574781608364,386,144,0,0
999.5587074577121,43,122,0,0
999.5694882356272,36,387,0,0
999.5703635406428,57,260,0,0
999.5997996035076,55,47,0,0
999.6345004230654,17,336,0,0
999.7070968613607,61,87,0,0
999.7542917659513,28,415,0,0
999.812204509549,38,348,0,0
999.845923205158,22,518,0,0
999.8518859824135,772,768,0,0
999.858346180161,32,225,0,0
