arrived_at,num_prefill_tokens,num_decode_tokens,prefill_inflated,decode_inflated
0.0,77,531,0,0
0.029328275141938073,67,201,0,0
0.029985428020530495,13,197,0,0
0.0970101820011069,10,278,0,0
0.2746500529279563,104,115,0,0
0.28194827124658456,122,88,0,0
0.32463225446299027,520,389,1,0
0.3544384834061888,3110,234,1,0
0.362638598151657,309,308,0,0
0.3658542899967332,30,68,0,0
0.36616395859336087,15,159,0,0
0.6691537843131976,44,450,0,0
0.6855588108506384,10,14,0,0
3.48592950995862,26,342,0,0
3.580117130556597,2425,657,0,0
3.6115675812145556,38,576,0,0
3.616412789050545,23,41,0,0
3.9087157106581,178,474,0,0
3.9152710116199163,40,3530,0,1
4.332131048687754,125,718,0,0
4.340265674128348,13,215,0,0
4.366439505724559,9,407,0,0
4.367298074451211,36,152,0,0
6.324589795772508,2791,270,0,0
6.339541130866162,27,379,0,0
6.347894166989194,36,319,0,0
6.439230396421928,47,39,0,0
6.442265084323467,21,482,0,0
6.526034402587633,12,339,0,0
6.527768299539805,5,102,0,0
6.581464154055295,246,717,0,0
6.58369995556257,2015,237,0,0
6.584157773376861,22,36,0,0
6.589660903753803,13,450,0,0
6.590626531791989,27,2410,0,1
6.645192408512135,202,247,0,0
6.66403640722322,56,297,0,0
6.714022521419214,15,561,0,0
6.735682319283048,6,167,0,0
6.744574161041328,2043,135,0,0
6.763663135927614,15,136,0,0
6.911754649678374,14,137,0,0
6.924265428559632,2003,774,0,0
6.928195893979758,123,102,0,0
6.930789499499871,9,218,0,0
6.94237089504779,24,122,0,0
6.946399312739405,10,284,0,0
7.722371601415168,7851,341,1,0
7.724080285277278,1788,580,0,0
7.7261546461469885,24,168,0,0
7.735941770041792,1021,439,0,0
7.802154964181743,18,215,0,0
7.8127105600113405,329,374,0,0
7.81536713051997,60,234,0,0
7.818960360387036,7550,642,1,0
7.827906912618923,130,247,1,0
7.954322867714867,15,153,0,0
7.95687489572313,1834,694,0,0
7.971907129002245,13,56,0,0
7.97720203048945,33,283,0,0
8.011741140700698,8,254,0,0
8.051670977908831,26,294,0,0
8.052634038626637,9,145,0,0
10.188392081990486,1173,36,0,0
10.214757653616926,4,46,0,0
10.221273179467865,2670,55,0,0
10.224292015343082,4,5,0,0
10.235030476219713,2385,298,0,0
10.254260748482977,36,360,0,0
10.313593950886734,11,74,0,0
10.331842661164773,237,14,0,0
10.379343629085085,2374,769,0,0
10.380064676665036,522,478,0,0
10.384071841998518,809,99,0,0
10.386482107697363,7,228,0,0
10.411560982593473,349,585,0,0
10.456659546511428,41,642,0,0
10.457620989227113,18,277,0,0
10.470517991928784,36,46,0,0
10.547515549959394,1449,766,0,0
10.660021737339221,16,348,0,0
10.661960537607685,75,229,0,0
10.717589176999674,40,272,0,0
10.753091947029644,25,196,0,0
10.760637825980035,772,267,0,0
11.675616068744993,18,84,0,0
11.677542011776328,29,230,0,0
11.68790359300454,7,27,0,0
11.732714291060068,19,423,0,0
11.76205813909859,18,531,0,0
11.774869942494687,1515,4,0,0
12.058205203021867,4,87,0,0
12.38311320001239,9,476,0,0
12.495079558879217,2348,23,0,0
12.628852424942435,820,410,0,0
12.645019699371865,38,203,0,0
12.646776090400483,61,24,0,0
14.081050796726531,11,456,0,0
14.083709420042837,52,149,0,0
15.642086577102104,152,313,0,0
15.656080740558753,6,248,0,0
15.684768682583744,59,171,0,0
15.697634138456323,4,560,0,0
15.820253403140033,82,431,0,0
15.826785289981292,10,88,0,0
16.54679121981663,167,389,0,0
16.599401368970693,12,688,0,0
16.624988868430336,75,53,0,0
16.630759078276125,121,19,0,0
16.66238444030034,186,276,0,0
16.68031234664151,270,201,0,0
17.486903394186797,187,781,0,0
17.604244280611475,13,303,0,0
17.60504110823732,6,668,0,0
17.98919643581775,8,4450,0,1
17.989353122916857,25,1350,0,1
18.382633864324,6,41,0,0
18.38304902133328,1075,611,0,0
18.40112145698791,29,501,0,0
18.492733113532626,5,124,0,0
18.51050100544367,41,244,0,0
18.512508163129848,24,240,0,0
18.725103835081818,15,583,0,0
18.725617442697523,12,648,0,0
18.726590287819498,2700,88,1,0
19.01392832383984,50,101,0,0
19.017127714700592,43,663,0,0
19.046679846986404,1524,170,0,0
19.137836150760897,1867,22,0,0
19.152419598556538,386,102,0,0
19.18378949265157,1259,218,0,0
19.206758045166154,19,373,0,0
19.234449986473678,13,278,0,0
19.428274319954543,483,611,0,0
19.545170778945938,66,7660,0,1
19.57963124726001,834,311,0,0
19.692676662767674,183,6410,0,1
19.698782980094865,21,488,0,0
19.70269556338892,290,248,1,0
19.70512936406111,88,121,0,0
19.791713813771867,10,502,0,0
20.256844411692175,19,286,0,0
20.278232899447445,240,260,0,0
20.278577844246957,51,203,0,0
20.28510159032408,13,92,0,0
20.331111242749586,90,371,1,0
20.363795524272334,126,467,0,0
20.38556004916269,10,682,0,0
20.5159432763918,7,239,0,0
20.631079209502698,126,669,0,0
20.63231449351727,16,28,0,0
20.675359237055567,440,482,1,0
20.67946989117134,181,768,0,0
20.708216385147022,150,631,1,0
20.92538886058363,18,24,0,0
21.628561149091922,9,684,0,0
21.70173570301537,7,68,0,0
21.708299786421417,18,443,0,0
21.717237985368207,37,900,0,1
21.769642733097047,13,202,0,0
21.772144425362693,2800,36,0,0
21.7879053327818,8,271,0,0
21.848409804517225,9,20,0,0
21.96168841443194,9,88,0,0
21.97164989982542,3857,160,0,0
22.009454698035018,590,299,1,0
22.284764991822616,1959,11,0,0
22.31799174463927,13,172,0,0
22.31857455307472,25,349,0,0
22.346276502712367,1681,11,0,0
22.376112347472414,27,577,0,0
22.383880216507013,90,217,1,0
22.403544730382347,535,507,0,0
22.404486724455047,17,172,0,0
22.622605504560383,9,231,0,0
22.66453418131099,13,156,0,0
22.670619034202996,288,189,0,0
22.699525874401957,575,87,0,0
22.72304451809092,134,196,0,0
22.726251835340097,27,166,0,0
22.726338864319516,15,83,0,0
22.72639955094389,89,99,0,0
23.75553678065334,10,490,0,0
23.757460818485317,34,122,0,0
23.767475220771907,6,414,0,0
23.824070398728853,760,118,0,0
23.83282257980289,18,230,0,0
24.02845664017082,35,270,0,0
24.031162752401258,15,25,0,0
24.086787142364734,1240,44,1,0
24.08706480727683,19,266,0,0
24.162436480066493,101,374,0,0
24.233833929480618,14,192,0,0
24.271425278320134,226,326,0,0
24.304382529048326,120,115,1,0
24.335241711834133,94,205,0,0
24.43684435464948,1266,564,0,0
24.560531773929117,396,73,0,0
24.5632611889895,20,167,0,0
24.712843714846223,50,328,0,0
24.71555579500426,9,221,0,0
24.740636044527733,46,90,0,0
24.75152162895433,7,2390,0,1
24.798702550164805,463,770,0,0
24.8079926555907,33,48,0,0
24.84854559024638,27,213,0,0
24.855470656016834,43,130,0,0
24.858122777236876,12,506,0,0
25.01081422479939,4,213,0,0
25.067524167971655,11,306,0,0
25.117962255997128,2556,770,0,0
25.24018897164389,7,81,0,0
25.24235605889539,409,4070,0,1
25.35471600699263,19,197,0,0
25.356896836727753,66,680,0,0
25.395539004708958,78,246,0,0
25.408159178861503,12,246,0,0
25.439237403870997,63,41,0,0
25.512029394762973,17,43,0,0
25.530861179659365,13,250,0,0
25.533723418357507,628,127,0,0
25.649564304780576,154,376,0,0
25.839581697920927,6,174,0,0
25.910618503107248,57,257,0,0
26.054113108755665,88,167,0,0
26.054643929335153,11,107,0,0
26.075488323906843,25,402,0,0
26.0898511610968,8,90,0,0
26.09021336801234,21,183,0,0
26.11264139334556,37,331,0,0
26.130805900926553,29,5540,0,1
26.131692903918914,17,498,0,0
26.135056160084662,10,144,0,0
26.156447962546626,13,391,0,0
26.216580653103474,20,424,0,0
26.290871296202425,10,456,0,0
26.292849317439167,1403,772,0,0
26.294943086567052,15,346,0,0
26.301508934501395,35,810,0,1
26.31783890885792,38,658,0,0
26.32355185024825,20,80,0,0
26.335844504608584,15,117,0,0
26.41045745569926,30,309,0,0
26.481392906405002,26,481,0,0
26.505178310940824,6300,240,1,1
26.507019341866147,16,91,0,0
26.513777979776997,70,462,0,0
26.569502556536438,20,54,0,0
26.672350272569243,1935,175,0,0
26.823366000803098,50,94,0,0
26.82552702575732,131,573,0,0
26.832656764011706,7,178,0,0
26.834261204637816,16,312,0,0
26.834311491164257,8,18,0,0
26.836343240336525,31,246,0,0
26.836865795522495,87,366,0,0
27.129935611160345,207,777,0,0
27.17651707251008,19,379,0,0
27.181521188166112,56,363,0,0
27.202175012217026,110,270,0,0
27.243612974712967,12,66,0,0
27.843167611319867,15,259,0,0
27.928769771909607,6,249,0,0
28.312088947696456,76,609,0,0
28.36003619627983,43,99,0,0
28.605990617829747,28,462,0,0
28.932473192484085,110,302,0,0
29.049834540472855,8,24,0,0
29.069287329925316,12,93,0,0
29.232340303382973,642,130,0,0
29.240654767372053,14,373,0,0
29.558568528367946,20,383,0,0
29.569137745923108,136,140,0,0
29.573826587245485,8,17,0,0
30.366736440974464,18,20,0,0
30.374781770569058,15,317,0,0
30.40015156377507,8018,174,1,0
30.402333077562783,13,91,0,0
30.4068511450981,29,243,0,0
30.416139708160774,165,203,0,0
30.418673596329203,10,497,0,0
30.629094665207983,10,151,0,0
30.633396155745285,16,271,0,0
30.63488222739014,76,517,0,0
30.80509074372027,83,198,0,0
30.880513149374547,8,32,0,0
30.880688091856914,44,283,0,0
30.886557450982465,80,56,0,0
31.020705999875315,10,1170,0,1
31.024647310036414,11,260,0,0
31.035157983178173,26,79,0,0
31.046510370098133,125,350,0,0
31.046711041024516,10,685,0,0
31.04982318664934,1418,178,0,0
31.135448546921296,37,438,0,0
31.469875682226924,14,149,0,0
31.485752649828687,50,580,0,0
31.50073801991481,11,107,0,0
31.55714494623423,20,77,0,0
31.583221420853203,19,768,0,0
31.635029543500963,948,178,0,0
31.63828689306252,28,473,0,0
31.65791236164237,18,371,0,0
31.709423224239675,11,82,0,0
31.771315817449388,6,133,0,0
31.772149408542425,54,57,0,0
31.86922435890719,341,5070,0,1
31.892901318052076,1440,768,0,0
31.918563266658047,286,153,0,0
31.919108631646285,43,403,0,0
31.939437043377826,34,768,0,0
31.940233484075442,6,11,0,0
31.940354309706276,7,3470,0,1
31.9631353811157,413,136,0,0
31.981845853422236,6,222,0,0
32.00306586983317,78,148,0,0
32.03002793678459,63,267,0,0
32.04903378345151,29,58,0,0
32.22115153587336,13,345,0,0
32.31787932381226,30,76,0,0
32.81410280245295,7,209,0,0
35.83432944800535,24,28,0,0
35.92538867032042,29,127,0,0
36.02198386930442,11,344,0,0
36.89629226602336,7,105,0,0
36.89972014001108,6,241,0,0
36.90999311410442,44,517,0,0
36.942881079645474,31,369,0,0
36.94375820851754,30,323,0,0
37.0801570886523,71,297,0,0
37.544959512162386,427,148,0,0
37.54655025153018,797,113,0,0
37.55041567034544,2860,289,0,0
37.66951575795498,969,12,0,0
37.96214986723779,11,473,0,0
37.962857026600524,11,704,0,0
38.01996110521401,23,215,0,0
38.0326212520515,148,323,0,0
38.033091862826986,6,197,0,0
38.04115827485768,3540,74,0,0
38.04714214875221,9,384,0,0
38.0700838446957,707,71,0,0
38.08998282312509,7,240,0,0
38.10060071677839,17,128,0,0
38.11463418509842,6,549,0,0
38.128007012895935,20,294,0,0
38.178983196340816,40,354,0,0
38.304765812720476,19,361,0,0
38.42899589218591,19,174,0,0
38.43204837523473,200,154,1,0
38.43576105314172,11,313,0,0
38.44048714437936,45,181,0,0
38.75111393509726,61,75,0,0
38.79809381848331,49,717,0,0
38.80198623591993,1801,11,0,0
38.80376703965864,55,220,0,0
38.806174687681796,131,533,0,0
38.82527409347469,211,438,0,0
38.82725677755615,56,539,0,0
38.845016627744485,647,155,0,0
39.11215406742393,7902,290,1,0
39.1229553806367,16,423,0,0
39.22260619360878,14,173,0,0
39.2234662541166,72,328,0,0
39.260239896851616,19,218,0,0
39.29253413968602,76,127,0,0
39.29538055703724,1745,140,0,0
39.5797567776537,998,323,0,0
39.59755280019251,14,217,0,0
39.602100510891425,81,171,0,0
39.61212101186369,86,5,0,0
39.73329212656931,181,543,0,0
39.73444837092684,21,331,0,0
39.75873846831452,13,367,0,0
39.76137387808652,40,730,0,1
39.78975839309874,13,208,0,0
39.796019960355714,23,236,0,0
39.81158307043986,909,220,0,1
39.89412214149398,15,255,0,0
39.91375029494054,10,242,0,0
39.96812722672946,50,597,0,0
40.04110983153052,2350,352,0,0
40.0818246770787,23,74,0,0
40.110183503180274,29,275,0,0
40.12982780044772,1041,468,0,0
40.194397769457815,200,312,1,0
40.395082951818345,38,230,0,0
41.11290467973101,13,368,0,0
41.722811627815965,7839,353,1,0
41.72528791311756,30,436,0,0
41.75775962950144,12,412,0,0
41.80576013783357,880,367,0,0
42.011021575155816,78,66,0,0
42.16244776970226,35,162,0,0
42.16347734654583,170,1350,0,1
42.194791103385704,40,27,0,0
42.19538061678369,14,199,0,0
42.20236395269805,6,160,0,0
42.20518970218641,9,206,0,0
42.21049184481109,18,445,0,0
42.63712305295784,25,336,0,0
42.643212450609305,33,317,0,0
42.64984328235538,9,2630,0,1
42.672903220305045,48,375,0,0
42.82648937239975,1092,345,0,0
42.82708829738941,7,317,0,0
43.29237951538395,211,438,0,0
43.296285839035725,40,128,0,0
43.298750193364356,103,426,0,0
43.3219798026821,14,400,0,0
43.391072306140096,467,459,0,0
47.4290134992237,25,48,0,0
47.537035197980096,17,129,0,0
47.54250865893141,34,98,0,0
47.554367281240744,4,530,0,1
47.55700191756782,42,362,0,0
47.62329644654519,1744,532,0,0
47.71678189192456,17,9,0,0
47.72592074378668,15,163,0,0
47.89746762485058,100,767,0,0
47.89807413959964,221,317,0,0
47.90488731597003,2384,442,0,0
47.907676350845115,71,46,0,0
47.91311578448646,21,484,0,0
47.91378579565776,8042,150,1,0
48.03316970252239,28,582,0,0
48.03579035678251,48,234,0,0
48.04931060308989,11,11,0,0
48.2373708169133,4,533,0,0
48.67781383374286,814,768,0,0
48.865288139713044,160,182,1,0
48.865490319100296,34,25,0,0
48.87507360987662,20,234,0,0
48.883783717261494,3300,294,1,0
48.8882536869973,1316,3750,0,1
48.89190678082472,34,486,0,0
48.89771467682916,18,113,0,0
48.954706709500094,346,768,0,0
48.96167223218856,14,201,0,0
48.96285844567548,766,366,0,0
48.96360261977257,105,316,0,0
48.98705289207723,7,96,0,0
48.9876109145413,419,209,0,0
49.059333373754264,10,193,0,0
49.065857728385005,6980,392,1,0
49.072268005734884,250,150,0,0
49.10022706019933,25,277,0,0
49.10882375057896,820,50,1,0
49.182241523019364,5,285,0,0
49.18359180784835,8,176,0,0
49.184058704212156,182,504,0,0
50.095484885376315,229,526,0,0
50.12053436188927,6,194,0,0
50.120635364890326,16,445,0,0
50.65891052727171,19,331,0,0
50.65995720017774,114,458,0,0
51.762597347917286,18,236,0,0
52.447632544686584,500,640,1,0
52.55270195282782,30,6050,0,1
52.57080726091492,258,284,0,0
52.573935395983504,43,263,0,0
52.696371734111516,828,199,0,0
52.70446216215079,3602,770,0,0
52.86444463018017,1034,252,0,0
52.874754560101564,10,328,0,0
52.875517533913126,122,440,0,0
52.87993820765214,11,321,0,0
52.9004190192503,6,169,0,0
52.90716744157041,104,19,0,0
52.93119916265916,14,1320,0,1
52.93403775429534,13,769,0,0
53.40038791301238,79,272,0,0
53.40674086900234,26,6070,0,1
53.458704629888096,23,215,0,0
53.45933781543579,13,258,0,0
53.55617808439737,320,762,0,0
53.96694242075925,14,413,0,0
54.02870272498071,10,609,0,0
54.03999640847741,14,269,0,0
54.04285755713833,36,329,0,0
54.10544762486144,35,360,0,0
54.16489009088463,1445,23,0,0
54.16624340315087,70,431,1,0
54.185443119352385,1943,81,0,0
54.24073444882923,19,212,0,0
54.24461844491494,70,671,0,0
54.30769438369242,113,108,0,0
54.31851920916649,77,261,0,0
54.66343989270977,3949,266,0,0
54.66489053920916,13,292,0,0
54.71824274966674,23,31,0,0
54.74190936742729,63,198,0,0
54.742339458834564,130,515,1,0
54.745212496153336,970,47,0,0
54.74854669521164,8,140,0,0
54.8692973143268,48,505,0,0
54.87834404752023,13,89,0,0
54.89661922945703,1028,486,0,0
54.92166123406909,49,314,0,0
58.23220521243941,13,285,0,0
58.243686206204565,70,390,0,0
59.146709026373514,30,94,0,0
59.15943180577604,8,335,0,0
59.160209809722375,45,619,0,0
59.16379521007296,7,94,0,0
59.16531321681421,1684,160,0,0
59.17406216831547,50,22,0,0
59.17503735649956,152,273,0,0
59.17796860437586,9,550,0,0
60.03128950714973,212,240,0,0
60.06100514872713,238,671,0,0
60.096952418634935,1191,301,0,0
60.803363814231055,17,325,0,0
60.80403073162324,347,166,0,0
60.861176722140655,14,2170,0,1
60.868295980627,15,369,0,0
60.88548429808869,173,91,0,0
60.89014122755499,15,458,0,0
60.91340331554708,32,27,0,0
61.13182641287496,8,420,0,0
61.337148258489194,8,300,0,0
61.36729334010855,488,311,0,0
61.46269122007328,19,272,0,0
61.46436480959279,45,566,0,0
61.464416725810814,43,104,0,0
61.61271403720631,31,268,0,0
62.69494509878059,50,246,0,0
62.74179451604254,387,200,0,0
62.747123169473575,26,685,0,0
62.767324413200576,49,599,0,0
62.97976518631513,581,241,0,0
62.98152625528473,19,25,0,0
63.002746017902425,22,699,0,0
63.06550038463018,20,5770,0,1
63.06783229983333,375,198,0,0
64.28458290321905,104,364,0,0
64.37838792831535,16,230,0,0
64.89137880315182,21,25,0,0
64.89348367379219,24,150,0,0
64.92176968450757,20,285,0,0
65.31720242133994,144,16,0,0
65.36234186121204,7,153,0,0
65.59202313357082,2664,59,0,0
65.59247031049959,93,6630,0,1
65.6077843003841,11,123,0,0
65.6081177215189,29,431,0,0
65.61480324486064,276,305,0,0
65.64741269749875,45,362,0,0
65.66195050586884,4,187,0,0
65.66340670821957,76,188,0,0
65.69645196788983,7,248,0,0
65.76393841877528,39,423,0,0
65.77890157142436,11,251,0,0
65.87139573630269,27,98,0,0
66.0506144209953,11,308,0,0
66.2692125943196,2664,3620,0,1
66.2784325467704,15,319,0,0
66.32943965028853,8,140,0,0
66.33449886926171,930,471,1,0
66.3497358729592,94,232,0,0
66.50491213926337,9,1750,0,1
66.51953408610449,24,303,0,0
66.52684067334042,5,10,0,0
66.53233756496341,26,416,0,0
66.58328805049081,7,49,0,0
67.04076299142383,10,9,0,0
67.15601142076873,5,168,0,0
67.1675490369348,1010,356,0,0
67.25743527597473,6,173,0,0
67.37863533044994,100,110,1,0
67.71825235593892,4,450,0,0
67.7229277635702,23,4930,0,1
67.78756158369079,27,159,0,0
67.79566475311913,10,769,0,0
67.80175641538706,11,701,0,0
68.02442857465694,216,455,0,0
68.07837498677488,26,380,0,0
68.09941740080228,506,680,0,0
68.37408775544462,5,45,0,0
68.39932652890893,43,773,0,0
68.40241161065401,16,213,0,0
68.51382351895576,195,117,0,0
68.51665749258113,39,8,0,0
68.51983476805096,15,480,0,0
68.52768750560179,103,494,0,0
68.54088104594442,67,339,0,0
68.64994611064569,10,75,0,0
68.65883182573513,1621,131,0,0
68.65930717549914,46,291,0,0
68.66511078291758,5,197,0,0
68.6989435221899,16,81,0,0
68.71312940291428,104,302,0,0
68.72730025441518,337,271,0,0
68.7288771452178,31,538,0,0
68.73716759518365,90,675,1,0
68.79463920892888,10,138,0,0
68.85413924780825,10,685,0,0
68.85754867112094,103,362,0,0
68.86178511244344,7,2120,0,1
68.86438216036193,164,427,0,0
68.98133122650955,92,1220,0,1
68.98537117597775,31,178,0,0
68.99584659143278,494,82,0,0
68.99932629241778,28,338,0,0
69.0022537120189,102,910,0,1
69.01617113744945,15,106,0,0
69.12484673397833,20,49,0,0
69.13056780350227,7,1720,0,1
69.31830228667803,2213,251,0,0
69.33445611788692,2239,608,0,0
69.41108970245529,14,381,0,0
71.97913772589038,36,410,0,0
73.66578948226267,8,243,0,0
73.69798730335773,38,216,0,0
73.719165449842,10,454,0,0
73.73255172278698,70,656,0,0
73.80759409082732,15,270,0,0
73.80802341738763,180,67,1,0
73.81245042758633,9,5310,0,1
73.82623153718197,34,418,0,0
73.83015677424329,995,323,0,0
73.83263310967148,227,2180,0,1
74.07437008386104,137,420,0,0
74.07534645806254,14,120,0,0
74.08297565505808,532,7660,0,1
74.088632890226,4,126,0,0
74.09570984816365,11,271,0,0
74.09793624578333,38,1720,0,1
74.1808529212694,39,553,0,0
74.19517745130568,895,84,0,0
74.7833317985478,28,427,0,0
74.78450974924277,22,19,0,0
74.80756590555501,62,66,0,0
74.80896018930612,31,31,0,0
74.83752811623302,20,77,0,0
75.02369011765357,1412,34,0,0
75.0255296791315,19,86,0,0
75.15613664131473,15,260,0,0
75.1596657771681,79,272,0,0
75.16149153980143,462,769,0,0
75.19615244072301,714,163,0,0
75.27641034199044,36,140,0,0
75.29995774495474,17,773,0,0
75.33361362691625,26,86,0,0
75.35048929570976,36,665,0,0
75.3570162552655,63,148,0,0
75.35726101501429,29,358,0,0
75.36589306461597,7,93,0,0
75.37030950960109,4,35,0,0
75.42456259632478,60,627,0,0
75.42800954827354,791,419,0,0
76.44081281886452,121,257,0,0
76.50316976447388,24,194,0,0
76.51093671148816,52,206,0,0
76.57808185008699,471,253,0,0
76.58908656690195,1003,766,0,0
76.82670670963297,17,323,0,0
76.83448130249421,23,206,0,0
77.15530352080036,41,562,0,0
77.15745320653009,2250,380,1,0
77.17994256662215,104,26,0,0
77.19591204812654,30,367,0,0
77.19893147264766,51,52,0,0
77.20848986572365,7,263,0,0
77.22715885237001,10,180,0,0
77.22884789335284,450,25,1,0
77.23215801978824,12,316,0,0
77.28058467594681,105,700,0,0
77.28451219498236,14,358,0,0
77.71835698664599,6,120,0,0
78.15009029235331,43,253,0,0
78.15720765063996,18,2430,0,1
78.19445274528285,74,275,0,0
78.24739995629886,7,27,0,0
78.32445895945972,141,281,0,0
78.3307181423127,7600,154,1,0
78.41151769383292,17,382,0,0
78.41780784515109,16,283,0,0
78.43278394420919,29,172,0,0
78.65298232278889,262,265,0,0
78.6684026689943,23,624,0,0
78.67104860348202,10,220,0,0
78.67682656619368,16,545,0,0
78.71138856536103,794,260,0,0
78.71534418759587,326,376,0,0
78.71794180392351,92,367,0,0
78.74246267555677,16,256,0,0
78.74520615147966,6,56,0,0
79.95639627543119,10,118,0,0
79.96115244112593,13,288,0,0
80.03328104842228,37,65,0,0
80.03425307832686,110,334,0,0
80.04353854747588,20,283,0,0
80.13733283145542,21,332,0,0
80.19044101799922,17,366,0,0
80.25604372946161,14,382,0,0
80.26178929437718,140,265,1,0
80.28846408801465,14,85,0,0
80.30064402502263,2590,198,1,0
80.30172404898171,44,664,0,0
80.48008589089287,150,225,1,0
80.4847454156224,1112,1220,0,1
80.49609780338776,10,277,0,0
80.59695641439654,9,213,0,0
80.66462522944784,39,54,0,0
83.93051006993345,884,1710,0,1
83.94621341673508,30,272,0,0
84.27134962599632,12,398,0,0
84.28605708636398,27,252,0,0
84.30545693147455,96,749,0,0
84.46349202187568,34,774,0,0
84.53270396422151,28,270,0,0
84.53941649123364,673,250,0,0
84.554901592938,9,121,0,0
84.58123434302858,12,99,0,0
85.12071800242954,54,50,0,0
85.12471880983124,11,375,0,0
85.15375643228128,42,284,0,0
85.21590492418748,2423,726,0,0
85.24020851544023,7,228,0,0
85.2468953765788,2272,395,0,0
85.3448516590758,13,67,0,0
85.3477311541197,4596,47,0,0
86.23943219192246,13,416,0,0
86.23952888299311,21,2720,0,1
86.23990557888803,31,341,0,0
86.26539356967915,21,321,0,0
86.33211944956605,499,245,0,0
86.3787883038878,7,203,0,0
86.38448111315817,7424,768,1,0
86.39823954055898,368,285,0,0
86.41758954387389,67,678,0,0
86.42074753339982,110,247,0,0
86.42944937537972,73,571,0,0
86.43222370944599,7,228,0,0
86.62170706711669,7,376,0,0
86.66457427371917,1535,10,0,0
86.672369809008,19,202,0,0
86.681144979869,6,225,0,0
86.68860931903751,4,25,0,0
86.69849756104044,26,477,0,0
86.73039313347753,4,2890,0,1
86.739486282144,1556,248,0,0
86.74620077243917,1896,326,0,0
86.7860974490248,16,225,0,0
86.79945580095465,13,108,0,0
86.81806386184373,923,596,0,0
86.83968825121387,381,261,0,0
86.85254535574022,11,109,0,0
86.85451995349993,48,296,0,0
86.86587341303196,10,284,0,0
87.07199973666717,13,131,0,0
87.07536539277271,68,7690,0,1
87.07894515321492,70,224,1,0
87.08692618954642,4300,27,1,0
87.09552890566539,170,258,1,0
87.39131632593855,37,52,0,0
87.40144470856113,3465,224,0,0
87.58897049303351,60,31,0,0
87.68007660921262,21,188,0,0
87.75920541908118,6,255,0,0
87.82528981234404,20,155,0,0
87.86292805499225,1273,768,0,0
87.91594856181433,22,282,0,0
88.12739922094245,130,754,1,0
88.12771407080115,99,670,0,0
88.1657880941857,39,237,0,0
88.35701641314256,12,227,0,0
88.36201470662225,127,437,0,0
88.37891802274882,4,653,0,0
88.48171784240041,5053,1077,0,0
88.48226506706742,746,177,0,0
88.5154520603463,9,115,0,0
88.51750492076492,26,210,0,0
88.54655795161065,6,230,0,0
88.58504968383687,5,144,0,0
88.61470009626095,844,2760,0,1
88.61709842686547,100,237,0,0
88.63554296831143,2097,1420,0,1
88.64065670128991,20,309,0,0
88.67414379909692,3470,465,1,0
88.68271477044841,94,1650,0,1
88.68607264106761,42,769,0,0
88.80476507292036,153,356,0,0
88.80634656125815,7625,567,1,0
88.81293111844501,152,773,0,0
88.97237636598108,474,587,0,0
89.00988562031407,12,258,0,0
89.11349212295531,41,299,0,0
89.11595348366957,13,168,0,0
89.1415455354914,2054,62,0,0
89.14464883454055,239,467,0,0
89.14517148999516,541,45,0,0
89.20313960751358,12,118,0,0
89.20543085063439,65,463,0,0
89.2279391084551,58,623,0,0
89.23061019374875,3143,567,0,0
89.28470913313788,14,265,0,0
89.34121019712751,230,309,0,0
89.34355512353632,21,398,0,0
89.34588111238045,12,1540,0,1
89.34596836237952,432,4,0,0
89.35289334262703,14,256,0,0
89.36392951582292,90,273,1,0
89.36797171885179,4,40,0,0
89.43947509312838,9,273,0,0
89.45440741178119,650,225,0,0
89.47215288704457,494,628,0,0
89.47718256778349,47,308,0,0
89.47804105960472,10,163,0,0
89.49782969068036,225,199,0,0
89.5936669982144,12,225,0,0
89.79401970839797,9,18,0,0
89.81912015870472,1630,128,1,0
89.82053347530541,29,140,0,0
89.829536411855,11,3500,0,1
89.85351724792889,20,361,0,0
89.85544888811498,11,367,0,0
89.86375042688736,9,3140,0,1
89.86857737361339,268,581,0,0
89.87204545223234,25,226,0,0
89.87429752532152,84,83,0,0
89.90707684995125,17,434,0,0
89.95908275647801,1108,645,0,0
90.16562903318159,38,337,0,0
90.17599249418248,321,767,0,0
90.1960067877268,2846,112,0,0
90.19655876662748,26,508,0,0
90.22757658294402,6,31,0,0
90.5004269362109,7,233,0,0
90.50412821664574,17,103,0,0
90.55183551935176,8,117,0,0
90.55804019165546,739,474,0,0
90.60806220214774,35,420,0,0
90.68370474311,841,585,0,0
90.68467604914218,950,66,0,0
90.68759245742892,210,1910,1,1
90.69155557515549,14,393,0,0
90.70328235346722,19,2410,0,1
90.94663424603286,925,5000,0,1
90.96583864992903,605,595,0,0
90.98896475212722,32,483,0,0
91.0148734324813,7,184,0,0
91.01967548008957,351,376,0,0
91.17438910131527,10,248,0,0
91.2241819927269,21,105,0,0
91.3096685656248,227,767,0,0
91.33942111727293,152,177,0,0
91.3405574307297,160,275,0,0
91.39254973677134,867,767,0,0
91.39757554006586,13,238,0,0
91.40043567191431,79,860,0,1
95.31510573557226,660,567,0,0
95.42766863730121,13,4500,0,1
95.43541930498,13,215,0,0
95.52957781982943,315,341,0,0
95.69367891613766,10,13,0,0
95.72184492086605,2077,130,0,0
95.72988471615037,18,414,0,0
95.85875349503056,108,270,0,0
95.94101309266199,9,26,0,0
96.01231188192882,676,47,0,0
96.01293747044859,8,213,0,0
96.05623764843715,69,519,0,0
97.17674080698092,14,230,0,0
97.1787598136558,47,271,0,0
97.18664679207141,28,151,0,0
97.19029108768368,1043,171,0,0
97.19673695199535,190,262,1,0
97.20989189783904,9,23,0,0
98.2483208989145,200,331,1,0
98.25799825536994,72,333,0,0
98.7070351161793,160,19,1,0
98.70967217741146,23,565,0,0
98.77363086332043,89,387,0,0
98.78972939949882,26,274,0,0
98.79741053481462,21,53,0,0
98.82905535227435,1317,127,0,0
99.09680101920426,17,143,0,0
99.13690441945147,199,240,0,0
99.20567687440075,25,58,0,0
99.22719347029505,16,106,0,0
99.27565617808327,14,4450,0,1
99.31754601400404,8,216,0,0
99.4149479128721,200,253,0,0
99.42939917657618,37,215,0,0
99.43501285245162,20,287,0,0
99.44227675264824,10,276,0,0
99.44926630769397,18,312,0,0
99.50491241938914,17,27,0,0
99.50864830331697,8,76,0,0
99.5894964982078,11,46,0,0
99.6203469485637,14,1800,0,1
99.86202879118244,11,326,0,0
99.89100619869942,25,298,0,0
100.05710474551094,14,96,0,0
100.10290349594368,13,555,0,0
100.13062608101505,470,238,1,0
100.14100408632407,97,769,0,0
100.19030287996084,14,315,0,0
100.2132701452143,143,3590,0,1
100.2186679673637,6850,125,1,0
100.22570687621457,196,222,0,0
100.22608960866295,8,23,0,0
100.42258874456745,315,489,0,0
100.61116249708402,19,158,0,0
100.6184004956754,20,183,0,0
100.61986627237596,855,361,0,0
100.69297735452697,325,426,0,0
100.87015956308055,27,428,0,0
100.88784303557173,52,208,0,0
100.89276196940254,11,436,0,0
101.13419788374023,664,259,0,0
101.24563797311754,10,290,0,0
101.39356854930332,1081,181,0,0
102.23750001357303,6,248,0,0
102.25494936049458,165,751,0,0
102.2810886855479,415,81,0,0
103.35851083635275,50,88,0,0
103.46085418021863,7,17,0,0
106.18675545309875,424,331,0,0
106.18685452058946,36,767,0,0
106.18770341878981,268,315,0,0
106.24703039164518,37,455,0,0
106.29321903403935,178,53,0,0
106.29500798729015,17,210,0,0
106.29769063085247,4,33,0,0
106.30066279254659,8,217,0,0
106.36153263504961,487,4110,0,1
106.3624899659663,14,36,0,0
106.3746563720247,11,646,0,0
106.378121540836,696,582,0,0
106.37815952160972,52,560,0,0
106.40579524486448,28,332,0,0
107.0532203636581,13,194,0,0
107.06364553510328,14,250,0,0
107.13556618106422,16,100,0,0
107.15264088940297,8,112,0,0
107.16315747955366,13,4180,0,1
107.16370085337465,7,305,0,0
107.17442750491173,774,12,0,0
107.17469186304291,28,87,0,0
107.17903568807507,184,256,0,0
107.19902706520537,15,24,0,0
107.22028710380164,15,150,0,0
107.2232580919867,105,214,0,0
107.2342424543445,890,216,1,0
107.23611397704822,415,255,0,0
107.30673614434494,3071,588,0,0
107.30825421442111,104,40,0,0
111.28978205309124,10,410,0,0
111.3755432610262,9,236,0,0
111.38957451707665,274,29,0,0
112.00853444097638,140,767,1,0
112.01118705465785,7,181,0,0
112.2175204256745,102,767,0,0
112.22234077087553,653,468,0,0
112.24152843230979,43,710,0,0
112.24727891171253,4,35,0,0
112.25100603378499,27,430,0,0
112.25639658842108,761,193,0,0
112.28167668628534,40,10,1,0
112.29105516266969,4,300,0,0
112.99200968464528,1637,271,0,0
113.01244830098932,442,527,0,0
113.01252798796251,162,126,0,0
113.01626808298188,61,273,0,0
113.02549669659125,43,158,0,0
113.05523918510154,15,344,0,0
113.10830207009589,23,252,0,0
113.10943762940211,75,32,0,0
113.13247019765413,8,98,0,0
113.13518286915003,4,62,0,0
113.1528381054662,977,36,0,0
113.16120536183799,386,255,0,0
113.3407699532999,10,355,0,0
113.452580689608,6,189,0,0
113.77015200895337,194,132,0,0
113.77318686237142,37,631,0,0
113.77830916697887,31,228,0,0
113.79381721734934,189,71,0,0
113.79843060659258,19,199,0,0
113.80243293607677,120,290,1,0
113.84205012463883,47,107,0,0
115.02726608499097,27,374,0,0
115.05484870306375,67,226,0,0
115.38768861662648,7,305,0,0
115.3885040770678,271,395,0,0
116.2051044099141,19,148,0,0
117.38971428646803,50,74,1,0
117.41041814696516,468,280,0,0
117.41570421806216,1348,117,0,0
117.46566478873159,568,510,0,0
117.46617798405961,1034,532,0,0
117.49266852464687,205,179,0,0
117.49309699754387,15,91,0,0
117.84639671402714,7,229,0,0
117.85991157813521,105,376,0,0
117.86317025647075,54,227,0,0
117.86338667263811,632,17,0,0
118.13227236330984,9,19,0,0
118.1504415825052,993,769,0,0
118.1554969302127,151,170,0,0
118.32145526248702,91,293,0,0
118.32248363594688,12,260,0,0
118.46002016035948,21,96,0,0
118.6788702935494,84,76,0,0
118.68821332492232,10,99,0,0
118.8679782499861,29,755,0,0
119.35829125619489,8,95,0,0
119.36207535395351,10,27,0,0
119.36626403327176,415,498,0,0
119.45578561182019,15,7120,0,1
119.53550789573501,33,380,0,0
119.53919439140446,11,351,0,0
119.53922772682866,484,133,0,0
119.54002206714156,90,266,0,0
119.74658948566821,17,91,0,0
119.75307080285334,231,149,0,0
119.75574208389538,57,599,0,0
119.79288814130351,41,235,0,0
119.79340381831943,24,246,0,0
121.31572764498334,39,3750,0,1
121.31608840578616,7,46,0,0
121.32792846563765,80,43,1,0
121.36548333311325,48,441,0,0
121.4257289409606,759,23,0,0
121.42762118527212,90,198,0,0
121.43643668581674,35,259,0,0
121.57564001860291,83,475,0,0
121.59852235285142,11,227,0,0
121.66712030705445,137,4840,0,1
121.69123075160273,17,22,0,0
121.71743202209649,9,211,0,0
121.72058105326137,155,52,0,0
121.72223706532854,2380,20,0,0
121.73243085044578,18,1290,0,1
121.7343001377117,9,32,0,0
122.04515897378258,518,619,0,0
122.11985842428155,9,34,0,0
122.33059807603976,18,354,0,0
122.33149101249653,8,344,0,0
122.33278354952031,6,313,0,0
122.39798921848225,9,263,0,0
122.42239866433461,39,533,0,0
122.45027136959597,13,1940,0,1
122.57329313235859,11,235,0,0
122.57563210543529,39,320,0,0
122.5770118286499,264,235,0,0
122.58016006464476,49,107,0,0
123.72205993778823,108,229,0,0
123.73759519360232,2683,110,0,0
123.74118779531833,7,52,0,0
124.05220968936067,54,561,0,0
124.15442191075583,88,414,0,0
124.2523043290733,19,120,0,0
124.31172481319626,111,767,0,0
124.32279851886042,131,92,0,0
124.91021581594147,94,82,0,0
125.00122103547608,90,2620,0,1
125.00280777891084,10,13,0,0
125.00458174201164,636,1810,0,1
125.009256581739,14,339,0,0
125.10422151604762,547,4,0,0
125.10921510071717,25,62,0,0
125.11926876241166,53,129,0,0
125.12609013677464,100,583,1,0
125.14595803153746,17,254,0,0
125.34868235728865,20,372,0,0
125.35594657934581,123,171,0,0
125.37384290563806,43,285,0,0
125.91405497443564,16,366,0,0
125.91487000247699,7,48,0,0
125.94839220130653,480,448,0,0
125.97466422170022,102,132,0,0
125.99013674130009,251,767,0,0
126.12635898482944,231,276,0,0
127.54592362800493,27,771,0,0
127.56434662739575,110,188,0,0
127.58100443122979,19,202,0,0
127.64653536001777,64,32,0,0
127.64828047955768,390,212,1,0
127.6572522787961,6,36,0,0
127.69118668638812,41,144,0,0
127.71947231859447,5,2430,0,1
127.72369595141153,6,37,0,0
127.88720569985922,26,206,0,0
127.88909461407395,7580,104,1,0
127.89363062293329,897,31,0,0
127.89607551273333,35,179,0,0
127.93562157700678,14,271,0,0
128.02779610883863,318,710,0,0
128.0427002914763,43,25,0,0
128.22720117028578,15,720,0,1
128.23525752225623,14,167,0,0
128.2573916775569,31,214,0,0
128.285828600401,35,162,0,0
128.30301958955562,134,126,0,0
128.3292375454724,10,281,0,0
128.33165112683412,309,308,0,0
128.3319358980807,12,291,0,0
128.338102483312,436,791,0,0
128.34675002341217,2932,605,0,0
128.35816156927706,6,152,0,0
128.3604513458179,7,260,0,0
128.36195840845107,331,280,0,0
129.37254544813769,14,44,0,0
129.45422948163002,12,203,0,0
129.48992175738354,21,307,0,0
129.51546607772278,20,325,0,0
129.52061779805484,1070,396,0,0
129.53453604558317,23,348,0,0
129.71289444751764,231,39,0,0
129.84858067234774,100,1890,0,1
129.85450527585672,580,20,0,0
129.86146283273294,72,333,0,0
129.86790562609798,7970,113,1,0
129.87240037061443,6,84,0,0
129.98649712671173,32,5,0,0
130.05307565455195,20,91,0,0
130.08762726590692,541,313,0,0
130.09317884189048,540,349,0,0
130.31850007901676,63,4330,0,1
130.3378020083801,9,216,0,0
130.33792644577917,29,5160,0,1
130.56730116288168,2150,236,1,0
130.59626788353216,36,35,0,0
130.60188350533028,53,37,0,0
130.851086992601,151,34,0,0
130.85125649320105,159,241,0,0
130.85616681645485,1795,173,0,0
130.9270166247127,41,275,0,0
130.93135769170084,13,556,0,0
131.98966353427517,90,354,0,0
132.94045559562187,13,199,0,0
132.97273559625282,28,136,0,0
133.00146438058738,50,34,0,0
133.57757458969914,107,257,0,0
133.64249156490854,12,270,0,0
133.64480518009452,20,243,0,0
133.65606808662372,9,60,0,0
133.65932199100453,209,37,0,0
133.72286769519837,13,402,0,0
133.74966132073806,14,407,0,0
134.061458835909,13,158,0,0
134.09326866921015,279,701,0,0
134.0973780678728,180,665,0,0
134.09941274972073,12,320,0,0
134.4878540649693,6,42,0,0
134.73128643210543,9,76,0,0
134.73485593696387,43,578,0,0
134.73584795135585,960,771,0,0
134.73666667423592,20,420,0,0
134.87468326714324,14,152,0,0
134.88369553925793,14,200,0,0
135.59361775711065,22,52,0,0
135.60197761977162,12,113,0,0
135.61261211863152,13,290,0,0
135.62427672456747,93,164,0,0
135.69045419301546,8,203,0,0
136.32284977082813,8,283,0,0
136.32579940430597,80,493,0,0
136.4204165267272,18,529,0,0
136.74395409006857,2082,69,0,0
136.7585524850678,100,382,1,0
136.76770133027262,3734,137,0,0
136.94680775243742,116,508,0,0
136.95282094277815,845,600,0,0
136.96435517903535,8064,128,1,0
136.96739686838657,22,329,0,0
136.97458702367777,6,87,0,0
137.0095902794825,110,103,1,0
137.0522074911451,75,324,0,0
137.0652306649645,685,180,0,0
137.08944836132724,90,77,0,0
137.09093848959617,24,114,0,0
138.36175759153153,32,421,0,0
138.3640402254148,26,604,0,0
138.41950473539353,67,224,0,0
138.42351434960906,15,252,0,0
138.4429614324119,4,567,0,0
138.44329636546308,59,251,0,0
138.44804503990665,11,390,0,0
138.44964104016375,2818,551,0,0
138.48543030793007,51,217,0,0
138.50800268277914,19,62,0,0
138.5109120124597,78,290,0,0
138.5134654520331,9,129,0,0
138.55500109511334,11,48,0,0
138.56178637394206,17,400,0,0
138.6202489132402,273,237,0,0
138.6522658357558,15,203,0,0
138.65930760739943,1984,420,0,0
138.66967072367393,25,1150,0,1
138.67011211564176,978,739,0,0
138.68729743867706,7,111,0,0
138.69852830554936,952,598,0,0
138.71557972742698,13,33,0,0
139.05077338353817,8,129,0,0
139.0745593553779,143,74,0,0
139.09314135422878,22,202,0,0
139.11101211959505,57,442,0,0
139.11873418884215,14,53,0,0
139.42708997348686,644,458,0,0
139.44407159782364,12,277,0,0
139.67416281483523,92,305,0,0
139.74916284666182,46,61,0,0
139.7533464321414,838,77,0,0
139.7816786473081,3110,174,0,0
139.95328036952813,11,344,0,0
139.96223542105636,17,34,0,0
139.98417261284925,10,433,0,0
139.99615727751163,45,5340,0,1
140.00871993947723,41,207,0,0
140.09686976127398,79,386,0,0
140.1005221877441,290,216,1,0
140.1103129809427,1518,295,0,0
140.135944001547,22,147,0,0
140.13604281325962,118,69,0,0
140.14590506825928,11,157,0,0
140.16825922938258,11,24,0,0
140.2079805852946,7,70,0,0
140.21299836386413,26,240,0,0
140.21576992104113,85,41,0,0
140.31935025680974,8,294,0,0
140.32394486103973,15,215,0,0
140.367797296312,71,102,0,0
140.38914686916152,11,640,0,0
140.3932135576934,230,494,1,0
140.40023662766978,231,39,0,0
140.40399509823115,31,81,0,0
140.5344472055709,36,183,0,0
140.5608722153171,58,412,0,0
140.56145672534055,9,255,0,0
141.2910511814358,15,327,0,0
141.58496751923107,15,244,0,0
141.81561717428417,16,419,0,0
141.8185816386398,42,475,0,0
141.82534765022717,38,200,0,0
141.8310737207644,37,206,0,0
142.17240260607784,22,301,0,0
142.1942921283955,12,417,0,0
142.22723847909998,37,80,0,0
142.23878882450254,17,92,0,0
142.23995913893654,21,79,0,0
142.35047350477078,16,265,0,0
143.9807775455334,13,227,0,0
143.99164198904174,6,89,0,0
143.99479670380435,4,52,0,0
143.99971688062632,21,303,0,0
144.00502687231182,130,159,1,0
144.00601849471482,13,63,0,0
144.01267315723356,36,29,0,0
144.02220568668324,56,533,0,0
144.02312407549218,6340,130,1,0
144.06658020393667,106,306,0,0
144.07419518920344,808,767,0,0
144.07605683633537,24,3290,0,1
144.09602274596025,25,240,0,0
144.54506217362027,10,760,0,1
144.85008946351903,9,108,0,0
145.03061242726986,50,110,0,0
145.21048060728336,110,246,0,0
145.34589355632062,7,118,0,0
145.42930270762207,73,356,0,0
145.54154809935173,6,204,0,0
146.65044574485236,21,262,0,0
146.65961416779348,315,341,0,0
146.76213616902226,197,73,0,0
146.7634383629158,17,394,0,0
146.83815104240279,171,242,0,0
147.1606218860128,60,422,0,0
147.17074656470572,196,222,0,0
147.7885651372211,2730,91,1,0
147.791622140909,297,167,0,0
148.2406345095634,28,141,0,0
148.25296666333995,864,54,0,0
148.2960066471079,2003,774,0,0
148.30546933224574,524,361,0,0
148.37734146767025,4,40,0,0
148.39195724671194,1251,574,0,0
148.58246014848675,1935,175,0,0
148.6034960392908,71,496,0,0
148.63711636256005,9,151,0,0
148.64933537952663,685,152,0,0
148.69673116431326,22,108,0,0
148.7046785640915,32,350,0,1
148.7171855979419,17,302,0,0
148.7184632156392,6,148,0,0
148.7263760486245,23,236,0,0
148.73546071614416,53,353,0,0
148.75028393262448,24,100,0,0
148.77227388405421,12,134,0,0
148.7731871677837,9,214,0,0
148.87079118129012,13,2860,0,1
150.58217970487834,14,182,0,0
150.60338436986822,54,155,0,0
150.6037850808768,81,770,0,0
150.7003632654469,5,84,0,0
150.7204795370334,23,26,0,0
150.73369602970584,523,93,0,0
150.7610055961041,28,424,0,0
150.78171356734688,53,105,0,0
150.79493794394978,130,35,1,0
150.8567767746245,228,429,0,0
150.89077227853423,7,69,0,0
150.9016683574228,9,225,0,0
150.98573744594052,6,224,0,0
151.24214091932595,12,164,0,0
151.51524577801325,5,126,0,0
151.51816094659807,118,108,0,0
151.54200035060316,14,101,0,0
151.6152215869205,77,160,0,0
151.6447544185272,18,29,0,0
151.66163311775935,507,304,0,0
151.878845119695,342,279,0,0
151.92171433298293,571,680,0,0
151.9765803404116,1320,770,0,0
151.97766926973048,116,21,0,0
151.97893910228228,20,331,0,0
151.98696854855834,1496,124,0,0
152.01811019875475,38,209,0,0
152.15492012445816,2945,3470,0,1
152.15950520864766,29,251,0,0
152.67133808122537,1160,161,1,0
152.70257187559378,34,159,0,0
152.71113124452302,7,152,0,0
152.81854191979377,27,610,0,0
153.20131843308815,22,275,0,0
153.2265318700498,14,350,0,0
153.25060488587778,186,390,0,0
153.2889504290982,8,261,0,0
153.3920821794637,7,91,0,0
153.4061565654917,13,102,0,0
153.42650511429207,1807,260,0,0
153.45694630557037,9,62,0,0
153.47324590880635,6,6,0,0
153.5175620396627,288,4230,0,1
153.52290030690773,23,660,0,0
153.52333242169937,57,421,0,0
153.5307829966037,7,9,0,0
153.54069614942165,29,81,0,0
154.425904985042,91,125,0,0
154.59630815005616,16,133,0,0
154.6407647830883,97,415,0,0
154.64847830554638,33,211,0,0
154.65043147269324,30,257,0,0
154.6558045299522,13,407,0,0
154.7090108790396,8,40,0,0
154.72389363655324,19,219,0,0
154.7263865107086,120,390,1,0
154.75464516695837,625,257,0,0
154.7596814236444,240,326,0,0
154.80611016768705,8,79,0,0
155.63683093811005,99,290,0,0
155.7462763989774,900,474,1,0
155.74641302429362,45,27,0,0
155.92373821771517,130,368,1,0
155.9304009041623,834,168,0,0
155.96335262041302,61,1400,0,1
156.0007254708977,16,21,0,0
156.03144466524114,16,425,0,0
156.03199479152929,22,144,0,0
156.26686668576716,33,164,0,0
156.2697341991131,270,100,0,0
156.27288078243714,7,115,0,0
156.30359736318113,40,377,1,0
156.38204794351964,47,94,0,0
156.38818903771795,150,201,1,0
156.38899959864355,8,445,0,0
156.43361725056815,36,196,0,0
156.4444127341547,680,751,0,0
156.5491873093527,65,278,0,0
156.7738717330507,645,352,0,0
156.7755095343369,8,68,0,0
156.77704770200694,74,589,0,0
156.79094201909038,21,267,0,0
156.79440249685098,927,3410,0,1
157.35798648187995,110,25,0,0
157.3824137318053,5,25,0,0
157.40749450384746,298,312,0,0
157.4399214060198,273,369,0,0
157.8281359786266,45,172,0,0
157.87558258253998,12,164,0,0
157.98086548921398,175,465,0,0
157.9860842395975,172,22,0,0
158.0782141575918,180,18,1,0
158.08775957346478,6,100,0,0
158.0945958760613,8,138,0,0
158.10110300507424,442,527,0,0
158.3205877157849,48,146,0,0
158.33117014035432,9,117,0,0
158.37609769481938,8,398,0,0
158.40075597147975,10,378,0,0
158.4564066204375,152,213,0,0
158.46264433280564,35,43,0,0
158.4640453212524,4,26,0,0
158.4743549241638,14,129,0,0
158.49842529608344,709,62,0,0
158.50198330757405,29,53,0,0
158.52021438349422,884,171,0,0
158.59381265968844,5,46,0,0
158.59416436253414,26,483,0,0
158.97667285652665,7,188,0,0
159.1193933089663,614,336,0,0
159.15539780267187,5062,689,0,0
159.36326293994583,38,348,0,0
159.36361979335493,58,390,0,0
159.3918012849702,10,182,0,0
159.4356999118622,56,84,0,0
159.48962511385812,39,443,0,0
159.53934394948354,4,120,0,0
160.32788307051064,47,261,0,0
160.41002006403443,17,674,0,0
160.41600335589376,11,138,0,0
160.41712707827335,12,195,0,0
160.42007682234788,7,224,0,0
160.42959685662584,77,515,0,0
160.46047954106834,14,627,0,0
160.48003905807215,24,211,0,0
160.51307648162637,110,349,0,0
160.51940295655498,67,2360,0,1
160.5283139063783,16,314,0,0
160.57132323299152,10,118,0,0
160.58357270096474,10,148,0,0
160.58867953234184,20,43,0,0
160.5963803394175,6,177,0,0
160.64502273039304,13,257,0,0
160.65169639214767,88,7670,0,1
160.66186417040564,147,307,0,0
161.37819520939902,19,102,0,0
161.3929432183301,30,167,0,0
161.42089157912747,19,624,0,0
161.59470626702708,27,293,0,0
162.19444442953852,10,263,0,0
162.2688377532844,90,699,0,0
162.27026170358835,60,110,1,0
164.5036702864094,59,159,0,0
164.50671323747116,256,767,0,0
164.5085205608726,100,767,0,0
164.5121408958563,20,357,0,0
164.85319979110048,12,249,0,0
164.8699630538736,2043,135,0,0
164.87036907722606,41,88,0,0
165.6528870452426,4,104,0,0
165.65368538315767,7,205,0,0
166.43170078614966,1386,452,0,0
166.43181433940802,44,7,0,0
166.44588538532972,22,6840,0,1
166.4651089654208,121,767,0,0
166.470635755921,93,293,0,0
166.48637314845772,7,223,0,0
166.64252541364039,76,515,0,0
166.6696279465966,603,767,0,0
166.7469637909331,6,295,0,0
166.77033761286012,826,264,0,0
166.79734322458808,35,37,0,0
166.80312212517092,5,189,0,0
166.81939760724237,620,194,1,0
166.93191333666758,19,220,0,0
167.10137480888318,16,115,0,0
167.1031713407529,65,29,0,0
167.1084621400353,18,176,0,0
167.13466406328857,210,534,1,0
167.14892554845818,11,271,0,0
167.15255923947564,380,153,0,0
167.15285950382125,140,120,1,0
167.18516828249673,105,946,0,0
167.18971794898934,720,374,0,0
168.32201886680554,344,41,0,0
168.5171138737061,342,564,0,0
168.56118724568375,81,16,0,0
168.56253416672735,23,181,0,0
168.56686653210048,153,42,0,0
168.7410104352009,11,271,0,0
168.74486675404643,20,423,0,0
168.75622864685596,46,111,0,0
168.8009965016573,27,154,0,0
168.86442222897466,16,189,0,0
168.8735759763584,21,768,0,0
168.92562005007903,9,329,0,0
168.9262765555595,22,74,0,0
168.94474105198367,28,299,0,0
168.95932492241448,8,292,0,0
169.5003591407442,34,484,0,0
169.54389080383172,33,4400,0,1
169.5440990200583,559,4,0,0
169.95450960065494,180,527,0,0
174.315076891556,24,186,0,0
174.3732776173141,25,676,0,0
174.44918834650136,22,252,0,0
174.91059544390706,4,20,0,0
174.9289669467946,578,390,0,0
174.9459902647731,842,702,0,0
174.9767124405543,7,207,0,0
174.97673622974798,293,144,0,0
174.98269686392388,40,106,0,0
175.0537598424652,31,169,0,0
175.1157087341922,2607,254,0,0
175.11655375026507,1218,769,0,0
175.12762481333672,13,174,0,0
175.1334997449397,490,121,0,0
175.13771320854173,35,88,0,0
175.25556153184598,695,286,0,0
175.2585774453683,4,58,0,0
175.26995443751414,14,334,0,0
175.33446371909255,4,13,0,0
175.33720127691976,11,267,0,0
175.35380099416594,6,402,0,0
175.3561322753272,82,329,0,0
175.37230183632002,27,170,0,0
175.38571022982552,2190,266,0,0
175.44559257729563,12,169,0,0
175.45218938377067,6,27,0,0
175.46148391887297,9,294,0,0
175.4621330172427,9,320,0,0
175.4666735789034,7,211,0,0
175.46868665443247,8,323,0,0
175.46986968183603,80,111,1,0
175.47762943052908,13,182,0,0
175.49347902420578,21,161,0,0
175.50759723615909,1933,380,0,0
175.6576874640539,31,86,0,0
175.66306061357335,9,202,0,0
175.66674539741908,9,232,0,0
175.6669626371583,15,209,0,0
175.82585115053982,18,481,0,0
175.89428002912595,49,225,0,0
175.9547520685514,270,100,0,0
175.95833345373154,15,201,0,0
175.96326062629507,26,166,0,0
175.96859089954873,12,320,0,0
175.96981052894864,230,468,1,0
176.00549904164433,10,280,0,0
176.01924856274738,121,257,0,0
176.2167129384215,295,221,0,0
176.24132939131792,20,504,0,0
176.25252098815562,65,66,0,0
176.31697681064784,60,285,0,0
176.38848866972376,130,64,1,0
176.39040257415942,10,485,0,0
176.3910621833082,7,6430,0,1
176.392677679486,10,526,0,0
176.50182704716724,4,104,0,0
176.5632694151227,19,365,0,0
176.82080966871294,2242,303,0,0
176.84065006700544,14,58,0,0
176.87807236663335,266,123,0,0
176.88595481778447,22,699,0,0
177.79709237067857,84,25,0,0
177.86750967022022,11,293,0,0
178.26580458876748,21,613,0,0
178.31303660815414,30,208,0,0
178.31686114440083,12,505,0,0
178.44803445403198,1213,308,0,0
178.4488687050521,677,396,0,0
178.53857585724978,21,110,0,0
178.55249481497623,112,10,0,0
178.59216392213352,5,238,0,0
178.59375952424327,120,86,1,0
178.61435328319544,10,96,0,0
178.61933212055442,31,124,0,0
178.62252804728402,2692,394,0,0
178.91951943339012,21,340,0,0
178.96956107240828,61,96,0,0
178.97793527837183,2014,253,0,0
178.9826325162268,14,436,0,0
178.9909088299872,12,351,0,0
179.0155479812153,30,220,0,0
179.0496050375542,408,318,0,0
179.07080702817856,23,341,0,0
179.071365096499,19,93,0,0
179.08961614036883,8,17,0,0
179.11810278452938,12,408,0,0
179.1963428648552,18,2780,0,1
179.21290901862352,62,16,0,0
179.22570843363098,38,472,0,0
179.2458276060044,29,347,0,0
179.25182764365738,205,179,0,0
180.36687492047804,31,485,0,0
180.3706989203093,45,239,0,0
180.37321318401325,5,30,0,0
180.40355107760382,18,259,0,0
180.43297378383974,4,547,0,0
180.49588284878897,377,274,0,0
180.50811102606505,73,198,0,0
180.51373813267324,13,233,0,0
180.5167414145688,264,249,0,0
180.53423372531427,26,171,0,0
180.56382917576803,11,1690,0,1
180.57960858383998,184,771,0,0
180.58110608004864,35,270,0,0
180.58237241485477,623,327,0,0
180.73903658330158,231,149,0,0
180.75730282565263,6,419,0,0
180.76944805041097,8,290,0,0
181.39048145207283,13,279,0,0
181.49923326353962,147,645,0,0
181.5004591965915,13,95,0,0
181.50989241095616,355,4350,0,1
181.62811667384014,13,128,0,0
181.6890437401996,166,253,0,0
181.72128073414083,65,467,0,0
182.1397255467507,22,628,0,0
182.14095656500658,11,140,0,1
182.23331394965746,11,92,0,0
182.2397357621988,88,222,0,0
182.44573717957513,115,177,0,0
182.46222706708664,19,204,0,0
182.46297139173447,7,608,0,0
182.49365119826717,21,431,0,0
182.4937737237826,156,767,0,0
182.66438266227877,11,401,0,0
182.70112576660705,379,439,0,0
182.90503484662764,17,85,0,0
182.9401378118456,111,299,0,0
182.9684919713184,18,592,0,0
183.3285090376398,71,414,0,0
183.4274530647455,26,674,0,0
183.428540786558,18,403,0,0
183.435519444956,52,473,0,0
183.82684989390833,38,600,0,0
183.82867247710087,194,366,0,0
183.8302116562705,3165,214,0,0
183.8337871321751,17,50,0,0
183.834727449788,86,26,0,0
183.85837842892425,15,3690,0,1
183.87020673075762,10,158,0,0
184.0018736693008,150,150,0,0
184.0117563371413,312,190,0,0
184.44461510006641,17,670,0,0
184.45437603083803,10,118,0,0
184.56153297923603,116,479,0,0
184.74737005495484,39,340,0,0
184.78474172006725,15,244,0,0
184.7965346145257,41,326,0,0
184.7977241804125,46,356,0,0
184.79964050863666,167,450,0,0
184.85112022244925,7,352,0,0
184.85892381722627,10,82,0,0
184.91581988331302,31,394,0,0
184.9200461183587,176,91,0,0
184.93711140936537,393,195,0,0
184.95645575170178,202,769,0,0
185.02964868950679,126,467,0,0
185.03795137294202,15,624,0,0
185.10897965152154,583,769,0,0
185.10959872961044,65,25,0,0
185.11087974846546,19,242,0,0
185.13132162791567,9,146,0,0
185.14358378084174,1084,668,0,0
185.18680380105937,13,247,0,0
185.1874596130203,1984,439,0,0
185.21715883868126,191,181,0,0
185.21771925019715,1254,768,0,0
185.45208918858123,65,355,0,0
185.45601717024826,182,60,0,0
185.46279847320864,129,229,0,0
185.51560781148598,16,200,0,0
185.5513892478471,10,264,0,0
185.5571457647409,8,276,0,0
185.56909872609836,13,220,0,0
186.0871881434658,716,522,0,0
186.08984884910907,18,109,0,0
186.4771321990322,12,153,0,0
186.48324001647404,13,71,0,0
186.48486614608552,13,398,0,0
186.7224039260276,6048,582,0,0
186.78894442288296,1110,303,1,0
186.81204976640188,91,116,0,0
186.96282493917883,532,7660,0,1
186.97735575468536,29,320,0,0
186.9855748994013,15,220,0,0
187.0484367252418,58,435,0,0
187.08620768766963,10,272,0,0
187.0919103608296,25,767,0,0
187.36597401911814,54,219,0,0
187.4195769954147,33,92,0,0
188.01263185447914,177,2190,0,1
211.44474048611875,290,335,1,0
211.44667304129587,16,248,0,0
211.52077433741897,17,179,0,0
211.5728754251349,15,215,0,0
211.5752356088248,56,150,0,0
211.64406794566779,6,421,0,0
211.64421509682776,1921,34,0,0
211.64627532794282,9,2920,0,1
211.75310978755206,1030,246,1,0
211.7544354987054,107,1810,0,1
211.75987023274303,35,499,0,0
211.77677007697173,22,301,0,0
211.77823447693396,21,1880,0,1
211.78312177421387,5,135,0,0
211.82058650060816,19,540,0,0
211.84259997898246,355,767,0,0
211.85391313752268,19,26,0,0
212.1044505882662,1021,1490,0,1
212.11669804646442,163,411,0,0
212.2016808526808,72,8,0,0
212.2237060882458,5170,155,0,0
212.22492271310523,24,174,0,0
212.227816984653,50,310,0,0
212.2821449327324,49,54,0,0
212.2832345318494,154,271,0,0
212.31136414540916,31,29,0,0
212.3807139291288,617,279,0,0
212.38280473341254,170,388,1,0
212.38330446639046,91,221,0,0
212.55234668230432,364,236,0,0
213.13948063890555,14,96,0,0
213.1695327917808,7,110,0,0
213.74757345490525,575,101,0,0
213.80927785864074,31,216,0,0
213.81564454050687,6,304,0,0
213.84175667322904,58,223,0,0
213.9163234957359,444,96,0,0
213.91635458038763,223,402,0,0
213.948881404848,15,192,0,0
214.17985827187178,350,310,0,0
214.26064297182296,143,138,0,0
214.27020926002072,12,186,0,0
214.28045045904634,18,499,0,0
214.2808892669835,53,319,0,0
214.379111588174,15,46,0,0
214.3793385344779,380,324,1,0
214.4672350421051,70,387,1,0
214.50782533638684,21,712,0,0
214.51608979299914,15,767,0,0
214.5679985582577,16,237,0,0
214.69556982611283,12,404,0,0
214.70225364899545,43,445,0,0
214.70349160929712,38,220,0,0
214.81893453409666,12,342,0,0
214.83437526583256,13,336,0,0
214.86577235660934,257,768,0,0
214.86785676702323,714,640,0,0
215.18111584438643,53,297,0,0
215.29154572991973,29,585,0,0
215.29279669574757,16,14,0,0
215.29324998294703,20,162,0,0
215.32361234487223,883,766,0,0
215.3362004057785,61,206,0,0
215.34117085568886,250,149,1,0
215.34537759377235,79,345,0,0
215.36011532804446,5,18,0,0
215.38410965737953,45,246,0,0
215.4100500026528,10,142,0,0
215.9594396565109,2074,130,0,0
216.38243348399874,215,416,0,0
216.38262246297367,21,270,0,1
216.49215647060726,35,559,0,0
216.78623721888013,8,252,0,0
216.7869594752854,17,323,0,0
216.79211757887487,216,121,0,0
216.79959568519376,12,292,0,0
216.8852545924076,7,251,0,0
216.92684080417558,73,283,0,0
216.9611194113139,11,174,0,0
216.98921766902586,27,393,0,0
217.11426007291163,14,315,0,0
217.150794627548,13,270,0,0
217.1535366499621,24,660,0,0
217.15627301465977,8,670,0,1
217.16135852132723,538,112,0,0
217.88856796738906,146,134,0,0
217.9295994049744,7,3070,0,1
218.01339573365647,15,432,0,0
218.61899345661368,15,275,0,0
218.66216881165602,325,235,0,0
218.66252964394326,20,367,0,0
218.69923238086562,110,45,0,0
218.7051319397553,21,307,0,0
218.71172800655916,6812,1380,1,1
218.71638474861547,1372,53,0,0
218.73081557742827,1471,211,0,0
218.73249089152316,19,209,0,0
218.8687976509826,273,769,0,0
218.9399273483288,53,553,0,0
218.9869781323195,184,3740,0,1
219.02837935359688,1071,110,0,0
219.03068852160564,6,114,0,0
219.14221573093164,140,7460,0,1
219.14491674792967,8,11,0,0
219.1456384036199,10,236,0,0
219.15546397728787,402,571,0,0
219.1808234022378,46,443,0,0
219.20908717449328,8,265,0,0
219.38042263310214,25,82,0,0
219.38948024814255,303,47,0,0
219.62282611379905,13,282,0,0
220.09232363557854,21,3510,0,1
220.13369234955752,49,113,0,0
220.1362543584976,5,108,0,0
220.44193706698306,7,46,0,0
220.46350790764194,40,174,0,0
220.49242010699996,4,190,0,1
220.49357562132016,796,768,0,0
220.49410356033792,8,182,0,0
220.99321410843288,65,546,0,0
221.0965337534112,57,21,0,0
221.10096910317984,29,585,0,0
221.10948662698726,23,638,0,0
221.1113306274499,4,52,0,0
221.1315061469912,11,97,0,0
221.13183848326554,19,377,0,0
221.2362322858057,67,257,0,0
221.28307216766115,10,296,0,0
221.4769649425115,215,444,0,0
221.50112088318636,348,105,0,0
221.57292948710568,273,767,0,0
221.6221198235908,63,112,0,0
221.6794264736726,6,505,0,0
221.68561717420963,85,305,0,0
221.87052322632388,4,204,0,0
221.8719638765788,100,273,1,0
221.87870374264577,287,147,0,0
221.89577109661974,7,285,0,0
223.90005533321153,9,602,0,0
223.9027873673416,135,220,0,0
223.93783558903735,6,363,0,0
223.9833354765373,540,177,1,0
223.9840343565715,37,128,0,0
226.5559665827007,18,529,0,0
226.716215395067,216,101,0,0
226.75274536765966,48,510,0,0
226.7655436600958,118,213,0,0
226.85859631479428,9,18,0,0
226.85879094472614,7,248,0,0
227.3716972552184,20,266,0,0
227.38167213193051,6,110,0,1
227.53093115744488,10,265,0,0
227.53336156317872,9,59,0,0
227.53879976705852,9,184,0,0
227.53895778602953,7,129,0,0
227.54930853818706,19,378,0,0
227.5653063960508,1212,768,0,0
227.56978968589192,20,466,0,0
228.00154083808175,12,186,0,0
228.0149497256246,13,371,0,0
228.02901760638449,37,333,0,0
228.03162930790003,553,272,0,0
228.08882747132452,95,235,0,0
228.0954345018477,28,93,0,0
228.10932282208526,16,325,0,0
228.1115965685544,2413,643,0,0
228.29445559496423,4,10,0,0
228.58159226330267,70,229,1,0
228.59148322885423,8,239,0,0
228.6320994366227,53,233,0,0
228.63730164495706,13,342,0,0
228.7668563321439,45,441,0,0
228.88645219932116,10,328,0,0
228.89098332617564,2038,86,0,0
228.95495311804964,321,767,0,0
228.95544983247555,8,40,0,0
228.970139908006,65,309,0,0
228.9724631230535,41,119,0,0
229.00038662054294,12,237,0,0
229.0298269830638,131,533,0,0
229.03108638378112,475,769,0,0
229.0329469874756,868,96,0,0
229.03956670708513,33,653,0,0
229.0489744030664,7,106,0,0
229.0595633157508,9,290,0,0
229.08224160364063,597,188,0,0
229.08954605160338,5,356,0,0
230.0513300947791,12,38,0,0
230.09494600086558,20,162,0,0
230.10011137933537,22,257,0,0
230.32051668751208,23,49,0,0
230.39050565897412,11,114,0,0
230.5865738766143,62,277,0,0
230.78315108441902,11,208,0,0
230.78542362470984,14,318,0,0
230.7947599571266,23,250,0,0
230.81054347568195,52,126,0,0
230.81150711057418,111,333,0,0
230.87376880406336,99,670,0,0
230.87827577961139,86,293,0,0
230.95574052731598,29,469,0,0
231.04670450999623,2190,266,0,0
231.05562598624766,33,256,0,0
231.05608029846948,14,86,0,0
231.13401516720756,28,603,0,0
231.13827121749793,418,320,0,0
231.20598768948216,19,365,0,0
231.2063942129593,320,130,0,0
231.57124124623786,21,468,0,0
231.60150954913934,450,237,1,0
231.6954163947707,95,763,0,0
231.72309942144412,30,1970,0,1
232.06853320391608,72,767,0,0
232.62568264210407,50,321,0,0
232.63071828752538,690,756,1,0
232.6410553552586,155,31,0,0
232.70665459290737,29,333,0,0
232.82924765891661,108,330,0,0
232.82957363236238,9,367,0,0
232.86619515920773,13,317,0,0
232.86756591376846,44,6320,0,1
233.1342124965388,17,253,0,0
233.18583612840604,240,226,0,0
233.1894457114408,38,502,0,0
233.19354319750403,577,310,0,0
233.84205049434817,12,233,0,0
234.85403415558764,457,215,0,0
234.8757382368069,24,376,0,0
234.8863666292843,379,246,0,0
234.9763775039898,18,514,0,0
234.97991103490622,1796,111,0,0
235.00039873728514,22,105,0,0
235.0565667159443,204,754,0,0
235.11530132630705,3143,567,0,0
235.1908503274515,13,767,0,0
235.20836986006242,240,326,0,0
235.22310678568678,1165,13,0,0
235.22493909101667,15,769,0,0
235.22544632616123,323,419,0,0
235.28166962976482,12,2890,0,1
235.29744930659908,21,198,0,0
235.76242135707656,28,653,0,0
235.83379215817308,12,90,0,0
235.83465926528297,19,274,0,0
235.97373074345612,88,205,0,0
235.97803057258722,34,205,0,0
235.99008484685737,2042,132,0,0
235.99564488817694,19,218,0,0
235.99603856768155,7,177,0,0
236.43657792737469,136,375,0,0
236.45123306741797,1040,769,1,0
236.49361416050527,65,32,0,0
236.5018252930976,347,33,0,0
236.50448696379888,196,9,0,0
236.5099379321419,188,412,0,0
237.12235071010002,80,472,0,0
237.12836703540256,305,211,0,0
237.130239764049,56,445,0,0
238.21703167752895,26,248,0,0
238.22646327884192,435,347,0,0
238.2306672783878,6,100,0,0
238.40761411192358,565,237,0,0
238.41135669047813,10,732,0,0
238.45274972171336,8,273,0,0
238.47082947716447,90,705,0,0
238.47412757512473,264,250,0,0
238.47554436439378,290,630,1,0
238.73104979239045,13,251,0,0
238.85134325625754,1613,291,0,0
239.84359865140706,32,333,0,0
239.86869932626297,269,173,0,0
239.88535899233844,68,172,0,0
239.92145214754515,11,271,0,0
239.98572647223583,38,81,0,0
240.23393358651123,46,198,0,0
240.2343687095269,127,735,0,0
240.39302608395036,27,521,0,0
240.40393303896224,1529,352,0,0
240.44191218364688,64,163,0,0
240.44661989315065,11,299,0,0
240.47027695812687,19,48,0,0
241.20127672775712,10,363,0,0
241.20165959616543,1382,29,0,0
241.25333837382246,351,243,0,0
241.27608954703953,11,333,0,0
241.28776797897376,26,691,0,0
241.3084635885528,65,112,0,0
241.3606411421171,67,344,0,0
241.36983008163986,173,362,0,0
241.38916828693903,105,82,0,0
241.40435265476145,14,5420,0,1
241.4371002627555,20,170,0,0
241.44780739298452,20,382,0,0
241.46460429508136,4,243,0,0
241.5737125677429,12,291,0,0
241.6238903356297,11,14,0,0
241.94130845151125,66,404,0,0
241.95121901765754,430,790,0,0
241.95167094831243,400,372,0,0
241.9695247668096,100,317,1,0
241.97277688332883,790,1860,1,1
241.97552875662618,7,34,0,0
242.00809102572836,1316,375,0,0
242.01824590105605,9,102,0,0
242.05799742174295,20,294,0,0
242.61188734230123,10,245,0,0
243.28922128791865,25,329,0,0
243.33598087749922,216,103,0,0
243.4170007511672,11,280,0,0
243.5486422016582,158,1430,0,1
243.80053449444057,2818,551,0,0
243.80197461189826,15,154,0,0
243.80269406529433,76,17,0,0
244.15744265248318,1067,10,0,0
244.16141389287586,10,741,0,0
244.16179805517908,106,606,0,0
244.17877544696287,40,337,0,0
244.18145985438935,13,116,0,0
244.39362272738109,19,370,0,0
244.6276989311662,749,265,0,0
244.66920776307285,17,379,0,0
244.68164273958013,16,589,0,0
244.70556936189766,4,63,0,0
244.71210126501344,15,1580,0,1
244.73288420533262,1904,101,0,0
244.76107330734118,518,431,0,0
244.76771802319487,41,428,0,0
244.77613294025298,91,767,0,0
244.7843149808961,20,251,0,0
245.31080887787581,1025,608,0,0
245.3302262978787,875,24,0,0
245.3327473262723,10,1390,0,1
245.52728592324445,239,373,0,0
245.53951635392391,15,586,0,0
245.5459830162642,119,25,0,0
245.54605940224945,68,308,0,0
245.5489700617013,818,346,0,0
245.5500227307917,10,100,0,0
245.56308337804202,8,53,0,0
245.5707951548596,19,238,0,0
245.59376796221517,97,288,0,0
245.6207133383351,443,767,0,0
245.62292618749112,197,102,0,0
245.62311258230224,13,198,0,0
245.66319159995487,14,251,0,0
245.67044328005403,9,49,0,0
245.67347723656565,20,70,0,0
245.674954407271,165,2030,0,1
245.6770370242433,50,22,0,0
248.98891462904837,42,173,0,0
248.995592672142,7,23,0,0
249.04328587506888,91,116,0,0
249.04735185200974,64,127,0,0
249.04817035592214,11,222,0,0
249.17370763368635,15,325,0,0
249.4168394140489,16,343,0,0
249.8850581756476,18,468,0,0
249.90829205814748,178,476,0,0
249.91881274472544,6,18,0,0
250.09550553594735,13,216,0,0
250.14006727939702,82,329,0,0
250.38071119396255,17,198,0,0
250.4968770707308,9,770,0,0
252.22378627484284,7,80,0,0
252.24604577783106,210,522,0,0
252.29238607708697,22,27,0,0
252.29358710636552,2224,572,0,0
252.45638252415907,9,191,0,0
252.4641536215207,62,222,0,0
252.67381088971996,24,210,0,0
252.67599684866497,57,380,0,0
252.72308735380597,1355,769,0,0
252.7263902652215,9,179,0,0
252.72924896394392,483,611,0,0
252.73610032251185,13,156,0,0
264.437159460787,17,84,0,0
264.45621145640064,1877,11,0,0
264.4573983951154,83,138,0,0
264.59861318278683,12,57,0,0
264.6250845590471,2236,230,0,0
264.6282198381098,32,329,0,0
264.85477237314126,5,35,0,0
264.8569072737832,21,501,0,0
264.8593756454822,15,338,0,0
264.8600601717668,128,461,0,0
264.87798220819195,337,320,0,0
264.88379423568165,503,45,0,0
264.9256906273255,18,70,0,0
265.70998217012016,664,259,0,0
265.71121590969625,1329,370,0,0
265.7222305659304,16,408,0,0
265.73914673833815,188,200,0,0
265.8576530165166,18,80,0,0
265.8697788410797,499,245,0,0
265.87423968286004,41,605,0,0
265.9546686089339,6,230,0,0
265.9607658960604,32,233,0,0
265.9761340225847,15,178,0,0
266.05531312850684,13,46,0,0
266.0790517411804,39,320,0,0
266.3731014397415,12,24,0,0
266.52215573858774,44,6810,0,1
266.5257558477299,100,297,0,0
266.56521401639463,118,175,0,0
266.59138500388207,22,118,0,0
266.59516180569943,21,65,0,0
266.6126884606292,15,292,0,0
266.6888340759416,4,23,0,0
266.7426073604001,8,36,0,0
266.8245545296554,16,43,0,0
266.82860468077206,84,110,0,0
266.8393570083507,25,394,0,0
266.9102123960431,11,105,0,0
266.91253185225224,19,329,0,0
266.9171363001237,25,164,0,0
267.13884746579924,6,21,0,0
267.14316269131,7,96,0,0
267.1525749334424,9,37,0,0
267.82459549626117,55,397,0,0
267.83374061693985,7,345,0,0
267.8528134701791,22,223,0,0
267.85413034220704,11,307,0,0
267.8645231608291,112,767,0,0
267.87080006524735,80,133,0,0
267.87218633267014,5,144,0,0
267.87260113533085,55,767,0,0
267.8788271509986,574,531,0,0
267.88512415712773,12,110,0,0
267.9153812060505,8,175,0,0
268.2321706262599,9,362,0,0
268.2587886476831,7,114,0,0
268.3079265757276,27,27,0,0
268.31189281537405,19,296,0,0
268.3229186991043,1004,770,0,0
268.40608195479484,158,233,0,0
268.78105612568663,61,463,0,0
268.78224294824304,5,218,0,0
268.8073548421778,20,114,0,0
268.93503458237416,15,342,0,0
268.94353806658347,20,83,0,0
269.2470240502531,21,90,0,0
269.25267823584585,100,154,0,0
269.26703007993405,6,178,0,0
269.30915381212094,119,327,0,0
269.31092497237364,415,110,0,0
269.3172281045362,1446,434,0,0
269.341422571972,150,263,0,0
269.3603920357768,1136,150,0,0
269.6186120194247,28,422,0,0
269.62828844484136,50,22,0,0
269.6445310821262,17,381,0,0
269.6487117133443,10,3540,0,1
269.65372620179085,4,54,0,0
269.75244359994923,9,111,0,0
269.8929951405003,19,2020,0,1
269.92884856846536,8,309,0,0
269.9698921384144,6,125,0,0
269.9760923180736,1024,502,0,0
270.0037564571076,58,258,0,0
270.7263346134748,40,286,0,0
271.26763953782176,4,19,0,0
271.26782440869374,12,3700,0,1
271.3161319513025,20,285,0,0
271.64531168973053,150,79,1,0
271.648316111535,16,42,0,0
271.7367239476291,638,466,0,0
272.015544958013,78,37,0,0
272.01700276953534,300,297,0,0
272.0388019744022,30,3280,0,1
272.07185534026,43,616,0,0
272.08434860677795,14,120,0,0
272.08483882069066,77,193,0,0
272.12376151955215,50,195,1,0
272.2924060435506,12,220,0,0
272.29521003018596,29,655,0,0
272.29677785211953,21,440,0,0
272.39667448507663,6,481,0,0
272.39938905682925,246,583,0,0
272.41304858849355,78,84,0,0
272.4532544386554,16,506,0,0
272.4577701041485,12,260,0,0
272.4853958425744,9,17,0,0
272.5249194893379,246,311,0,0
272.53457474571326,261,256,0,0
272.5347703921871,356,486,0,0
272.5373392474587,35,530,0,0
272.56242209544376,35,331,0,0
272.5631851939046,13,189,0,0
272.5638510496841,9,15,0,0
272.5830598156788,5,105,0,0
272.61053124429174,11,235,0,0
272.6118670119318,60,109,0,0
272.68281962867803,11,138,0,0
272.70973365753605,1086,3560,0,1
272.7106982145948,7,156,0,0
272.7733161005727,9,103,0,0
272.77391424453515,28,65,0,0
272.7851702943768,460,305,1,0
272.8573902355856,7,142,0,0
272.8801738069447,787,52,0,0
272.88349279878355,32,487,0,0
272.8871826148059,226,184,0,0
273.54207333396266,330,302,1,0
273.5448557621544,8,225,0,0
273.7152072084395,34,25,0,0
273.7310253815286,94,163,0,0
273.74086209293847,3265,533,0,0
273.75328942060395,57,763,0,0
274.49033479485877,80,510,0,0
274.49303693083056,42,218,0,0
274.5325842883406,18,149,0,0
274.55405777855356,10,1300,0,1
274.617110901673,23,219,0,0
274.6179730899818,37,171,0,0
274.66078676251936,22,93,0,0
274.6970598171659,2790,397,1,0
274.7077293863651,7,190,0,1
274.7884430842535,14,394,0,0
274.7888443567251,239,426,0,0
274.7897002853501,401,33,0,0
274.7962304558726,48,363,0,0
275.20393261590095,414,778,0,0
275.219265147363,14,351,0,0
275.23510865170914,77,310,0,0
275.4298180272039,7,340,0,0
275.4565530703113,2651,67,0,0
275.46339851475824,49,35,0,0
276.30980597749954,26,304,0,0
276.3903802177202,387,62,0,0
276.4348226362581,9,493,0,0
276.44288950021047,2045,769,0,0
276.49932042365396,10,266,0,0
276.50046470777454,890,268,1,0
276.521395350297,22,196,0,0
276.56506421444965,4,204,0,0
276.74594270256597,700,292,1,0
277.0298922297976,23,256,0,0
277.07993348736477,1012,20,0,0
277.2739944435,21,322,0,0
277.28118793468315,27,211,0,0
277.2951432678539,119,769,0,0
277.3319798887729,6,84,0,0
277.56965714359677,175,271,0,0
277.64903025479197,13,311,0,0
277.65025191887884,129,768,0,0
277.65053331058544,15,110,0,0
277.6818536824024,940,226,1,0
277.6836025528724,4,302,0,0
277.68584995013555,11,3220,0,1
277.73618383034585,10,276,0,0
277.7596194214021,7705,487,1,0
278.020964694992,1449,766,0,0
278.02480447904753,56,539,0,0
278.0287987945425,23,380,0,0
278.0917482717805,273,93,0,0
278.56985767259454,110,143,1,0
278.9544857467144,89,2760,0,1
278.95566058533467,8,503,0,0
278.96135741384666,30,323,0,0
279.0379260790463,12,38,0,0
279.14909605758487,135,216,0,0
279.15755184375126,11,101,0,0
279.1602780762521,4,256,0,0
279.164543434314,230,488,0,0
279.7383502623931,69,606,0,0
279.7948521142362,128,251,0,0
279.7949719423595,4,160,0,0
279.79513378057874,6,491,0,0
279.8494483766925,11,768,0,0
279.8519675204082,1145,484,0,0
279.8892230106184,36,67,0,0
279.8972390765349,119,5,0,0
279.90032729026325,9,31,0,0
279.9337470112099,8,360,0,0
279.9354999681331,5,70,0,0
280.0140479100522,65,10,0,0
280.0165906869652,17,411,0,0
280.0188235212035,30,472,0,0
280.0208962121317,86,266,0,0
280.04631381729445,25,67,0,0
280.3277419992915,34,65,0,0
280.34826912013995,16,351,0,0
280.4521348424114,31,348,0,0
280.45565050136776,11,244,0,0
280.7544138495422,280,473,1,0
280.7579228027281,57,284,0,0
280.75982800648035,27,26,0,0
280.8463272837709,53,543,0,0
280.94100841480156,13,34,0,0
281.3882010015191,48,36,0,0
291.9885885118543,25,207,0,0
291.9983285127434,312,20,0,0
292.20368711549685,1482,123,0,0
292.2068216079294,14,153,0,0
292.2481522415564,26,224,0,0
292.2491467133505,17,129,0,0
293.61023910008726,196,84,0,0
293.66498510676666,26,355,0,0
293.69708367133535,11,323,0,0
293.70278144678986,43,62,0,0
293.7356358949907,11,75,0,0
293.7513282186615,279,701,0,0
293.9159989002316,416,619,0,0
293.928925783908,8,144,0,0
293.9312664940968,330,282,1,0
294.00209829803777,739,692,0,0
294.0313482566706,62,110,0,0
294.047626100056,21,461,0,0
294.2604644279493,10,186,0,0
294.2632492665278,9,97,0,0
294.2710279452651,27,61,0,0
294.31363077545905,22,182,0,0
294.34739897953574,65,172,0,0
294.3521928473397,8,356,0,0
294.35400356960616,65,3550,0,1
294.472840575716,4,182,0,0
294.6096101030337,6,427,0,0
296.18635950986385,114,25,0,0
296.2001733037795,28,238,0,0
296.24172449294866,35,381,0,0
296.25744581417206,71,574,0,0
296.30761817691155,16,231,0,0
296.4052877567638,10,261,0,0
296.5555016453765,115,123,0,0
296.8622572644372,326,14,0,0
296.9388300187008,178,185,0,0
296.97021188008165,2427,163,0,0
297.120074080889,193,556,0,0
297.12689932911474,228,767,0,0
297.19962466610195,144,757,0,0
297.22316860885724,33,245,0,0
297.749848130944,8,104,0,0
297.9504769022093,924,192,0,0
298.1861672772584,19,810,0,1
298.2138521901541,6,161,0,0
298.21791142230734,10,236,0,0
298.2244523997488,27,56,0,0
298.2344105503361,8,588,0,0
298.2716244163828,385,454,0,0
298.29169622893,63,768,0,0
298.31634955850257,10,66,0,0
298.43146284323046,22,143,0,0
298.56514240463804,27,349,0,0
298.6343431195888,378,111,0,0
298.65757198752374,17,435,0,0
298.85794646647435,1219,4070,0,1
298.8650148270285,4,314,0,0
298.8959594931627,1021,149,0,0
298.9042887134926,31,75,0,0
298.953088381869,9,401,0,0
298.9539409667535,35,312,0,0
298.9851416741881,14,30,0,0
298.98734941083325,67,511,0,0
298.98827310034204,824,745,0,0
298.9956855827118,25,203,0,0
299.02978705257294,65,270,0,1
299.0413357608032,64,66,0,0
299.1965612224259,1034,769,0,0
299.37971705235094,20,23,0,0
299.38217125765175,16,761,0,0
299.38277867615966,14,226,0,0
299.3847493533179,1382,250,0,1
299.5745810454662,14,208,0,0
299.5791266351127,4,126,0,0
299.6009943054335,245,207,0,0
299.8614007275747,16,251,0,0
299.8653389484984,15,396,0,0
299.8728069768917,660,102,0,0
299.8976848766004,33,94,0,0
299.9182013673616,16,199,0,0
299.9588947930202,25,502,0,0
299.9673753439318,69,144,0,0
299.9718973971189,13,107,0,0
299.97772354141,22,268,0,0
299.9798115392205,46,424,0,0
300.0643608243222,331,161,0,0
300.08857949847294,7,70,0,0
300.0964896016074,85,305,0,0
302.4264545647285,703,566,0,0
302.42926243698713,22,239,0,0
302.43179190072493,420,112,1,0
302.43382270283354,1617,188,0,0
302.43735697820927,12,2780,0,1
302.47894861370565,40,84,0,0
302.50199442323833,7,710,0,0
302.5033525358718,35,37,0,0
302.54979629554197,8120,72,1,0
303.8461651665415,9,296,0,0
303.94752097775483,165,296,0,0
304.0381805247745,9,134,0,0
304.0769428495642,60,391,1,0
304.08049362012025,8004,188,1,0
305.7799638966032,40,96,1,0
305.8354127445889,91,208,0,0
307.0495707696727,47,139,0,0
307.1600945176588,220,232,1,0
307.4662397249541,32,79,0,0
307.50558981035454,3375,716,0,0
307.53810483889663,67,257,0,0
307.53867773195856,13,73,0,0
307.8446131373992,15,405,0,0
308.05661713479066,126,552,0,0
308.0664101217246,274,446,0,0
308.0929426213333,151,256,0,0
308.12259742920867,16,204,0,0
308.14130970701916,14,194,0,0
308.1585819976734,16,45,0,0
308.2609074517523,13,370,0,0
308.2744262866034,57,242,0,0
308.3317312273965,14,126,0,0
308.4557481665032,15,346,0,0
308.45999588102154,22,331,0,0
308.5259088288519,22,349,0,0
308.5627737225081,81,254,0,0
308.64270298401675,33,73,0,0
308.663296489667,16,385,0,0
308.66860517232396,37,362,0,0
308.8064856576167,24,770,0,0
308.8074795468228,107,53,0,0
308.80791190592043,5,29,0,0
309.0988471951063,15,391,0,0
309.1342235565249,23,230,0,0
309.13530597091176,11,159,0,0
309.13643774509353,9,2190,0,1
309.14433936194854,57,1650,0,1
309.14483927736893,7,58,0,0
309.29223877196915,20,49,0,0
309.29255697353517,16,131,0,0
309.29409708056056,12,441,0,0
309.29897621297965,8,47,0,0
309.31158621050633,1778,768,0,0
309.31181114956183,57,100,0,0
309.3120789358789,14,242,0,0
309.3635688706407,39,553,0,0
309.5639790606293,10,335,0,0
309.5723434311727,8,225,0,0
309.57495811160436,157,9,0,0
309.7899186316887,522,7670,0,1
311.1232333632313,27,568,0,0
311.1714215173385,31,183,0,0
311.1723668367026,19,462,0,0
311.179739065128,379,439,0,0
311.2069907522314,69,606,0,0
311.2081401615179,841,457,0,0
311.25389476270385,569,767,0,0
311.27377869409287,110,212,1,0
311.3800358458714,55,36,0,0
311.42426874049283,11,75,0,0
311.96652282678104,34,357,0,0
312.42066853318534,582,181,0,0
312.4250896226289,8,212,0,0
312.9126766646554,70,316,1,0
312.9721676839451,12,754,0,0
312.9874618727061,3520,2790,1,1
312.98933476555675,1053,763,0,0
312.9908358580031,17,355,0,0
313.0132473546994,45,2060,0,1
313.2421036802843,2104,497,0,0
313.24643050957167,12,107,0,0
313.24898237580726,10,38,0,0
313.2493412757491,67,294,0,0
313.5594832035253,8,217,0,0
313.5606181892029,29,438,0,0
313.5668218895793,507,142,0,0
313.5796434050736,2570,152,1,0
313.6022028404058,5,39,0,0
313.63019873847566,82,76,0,0
313.7481949935906,32,207,0,0
313.7530204065566,19,95,0,0
313.7738519823652,12,160,0,0
313.83745242136933,6,155,0,0
313.8623685162693,100,243,1,0
313.8700282599641,23,464,0,0
313.91448040395426,1020,33,0,0
313.9505396797108,130,73,0,0
313.9557612826232,8,261,0,0
313.9675474163639,30,444,0,0
313.98091686865,784,633,0,0
313.99746410688306,171,87,0,0
314.8233666588162,25,310,0,0
314.8242097200835,18,749,0,0
315.1971520438259,10,568,0,0
315.2201329120835,17,458,0,0
315.32630779792004,8,261,0,0
315.34519028514813,26,326,0,0
315.34611431318706,14,495,0,0
315.3946195521157,14,13,0,0
315.41197451785285,6,313,0,0
316.6103659307693,15,316,0,0
316.61057836462555,23,223,0,0
318.1163704037905,32,19,0,0
318.11710597223316,469,127,0,0
318.1185029588914,1917,162,0,0
318.1265243173083,5,270,0,0
318.1770238282349,50,730,0,1
318.40712395565544,37,129,0,0
318.6587590567464,11,200,0,0
318.7166401708166,54,629,0,0
318.74967931629254,14,453,0,0
318.7515297469606,7941,251,1,0
318.9318593632823,89,404,0,0
318.9532993622007,11,510,0,0
318.9539404974312,212,656,0,0
318.95456256514984,14,239,0,0
319.4424611548371,47,92,0,0
319.4440681087646,76,248,0,0
319.4576682296733,37,380,0,0
319.4586982727867,702,390,0,0
319.51799817131956,3714,92,0,0
319.5209748673506,22,359,0,0
319.5492625313241,45,453,0,0
319.5744309536828,12,465,0,0
319.6865801000515,147,446,0,0
319.6938244528318,265,1130,0,1
319.69528737026843,31,27,0,0
319.8806089416524,1975,632,0,0
319.88154813182075,50,545,0,0
319.90565927575733,3178,71,0,0
319.9276046624429,97,429,0,0
319.93886515796555,197,102,0,0
319.94865259907556,67,107,0,0
320.2206620909868,2596,9,0,0
320.2221726053088,14,174,0,0
320.24367902744694,3540,67,0,0
320.24639206128825,190,380,0,0
334.3848827242866,634,258,0,0
334.420101051162,5,266,0,0
334.4652947396307,17,333,0,0
334.466136854505,34,767,0,0
334.4670793301983,41,594,0,0
334.46813889330514,12,277,0,0
334.47346554597544,17,183,0,0
334.88291452285074,124,449,0,0
334.9886773394207,22,2340,0,1
335.00483318196405,24,43,0,0
335.01282044657813,50,368,0,0
335.0210026010993,23,2230,0,1
335.1013258623381,1431,399,0,0
335.11793369251046,189,360,0,0
335.23324635996767,7,10,0,0
335.27202332302085,22,301,0,0
335.28193476269365,10,146,0,0
335.3108966428087,8,288,0,0
335.3226131933771,59,20,0,0
335.32586309856924,15,221,0,0
335.32726412719273,60,32,0,0
335.34919922880334,5,7450,0,1
335.64757694786965,15,318,0,0
335.6579758905079,114,220,0,0
336.1118182701127,625,257,0,0
336.1159937564659,37,111,0,0
336.123954998783,5,144,0,0
336.38544193713193,47,446,0,0
336.4010403233586,9,218,0,0
336.41303917456946,560,205,0,0
336.4545556113613,7,87,0,0
336.4745348381552,13,323,0,0
336.4900224251577,16,388,0,0
336.53516529075,424,254,0,0
336.699499560208,70,745,0,0
336.7013023056153,18,316,0,0
336.8848658897646,123,263,0,0
336.8854672849986,5,119,0,0
336.9123323926777,157,160,0,0
336.9219672229279,19,501,0,0
336.9894368780636,5,45,0,0
337.5110109646994,13,249,0,0
337.6393297902213,45,516,0,0
337.6702931194006,460,69,1,0
337.6919292014689,15,360,0,0
337.78640540426994,500,376,0,0
337.78849125145797,5,69,0,0
337.789764275857,9,201,0,0
337.7955087162986,1686,196,0,0
337.796187004938,32,663,0,0
337.9418259620188,19,8,0,0
339.2854162185797,20,521,0,0
339.310834794757,139,215,0,0
339.3131856159581,101,391,0,0
339.3180387183026,21,262,0,0
339.3184927547329,17,600,0,0
339.3239483057424,16,424,0,0
339.84743363326714,13,290,0,0
340.0109529128931,8,141,0,0
340.0905737887663,370,388,1,0
340.2031554972514,36,183,0,0
340.205072757981,10,366,0,0
340.2107926799751,93,106,0,0
340.3437281933032,16,119,0,0
340.40275936010755,544,493,0,0
340.513086394724,6,622,0,0
340.5233486038891,36,233,0,0
340.52531779459014,923,596,0,0
340.7547071558199,386,298,0,0
340.7687646230567,1291,4560,0,1
340.77045446046736,95,255,0,0
341.3506639364164,13,378,0,0
341.35483633525234,55,456,0,0
341.3649785359014,28,177,0,0
341.95127842618535,6,91,0,0
342.016940662919,513,142,0,0
342.0242498335981,26,82,0,0
342.0410973727935,6,363,0,0
342.0445894422832,18,288,0,0
342.053288047413,5,195,0,0
342.25096474635825,1087,157,0,0
342.2510281373882,58,392,0,0
342.2547643337837,11,396,0,0
342.3238565777871,11,403,0,0
342.3241235698174,12,232,0,0
342.333076751268,7,140,0,1
343.256331904237,106,767,0,0
344.2040975637374,1640,205,1,0
344.2094707571612,18,715,0,0
344.2219530601985,4,287,0,0
344.2796486415871,20,101,0,0
344.2801983049085,15,3900,0,1
344.28125303854364,17,543,0,0
344.28200872167764,87,87,0,0
344.30906877520556,5,438,0,0
344.3100854357938,123,120,0,0
344.46392230009616,13,117,0,0
344.46795381891025,54,457,0,0
344.47067313948486,14,412,0,0
344.51374098959855,75,259,0,0
344.5145641111056,2084,114,0,0
344.5225359828428,17,598,0,0
344.53603710504757,4,42,0,0
344.54614240332074,17,22,0,0
344.90480888647863,490,183,0,0
345.0006896460065,36,292,0,0
345.32203481033406,21,386,0,0
345.332412423935,40,61,0,0
345.3330354000647,25,600,0,0
345.3386087608622,230,194,1,0
345.43128115722993,429,711,0,0
345.62960873278945,116,666,0,0
345.6370441885896,32,134,0,0
345.6385520368615,40,538,0,0
345.6440350978012,11,512,0,0
345.6444798737558,13,1870,0,1
345.6557070221203,8,10,0,0
345.6570578356974,53,48,0,0
345.6575406720144,9,232,0,0
345.6578201520024,202,45,0,0
345.8362176316336,69,353,0,0
345.8394708853358,302,283,0,0
345.87838047683323,35,389,0,0
345.9308388977116,12,237,0,0
345.96889660581076,260,239,0,0
345.9816204768405,1015,494,0,0
345.9817341398893,18,64,0,0
345.9827533598837,42,767,0,0
345.98342519885864,12,210,0,0
346.063129856956,192,368,0,0
346.12785791219994,50,767,0,0
346.1549884178832,31,184,0,0
346.1614866301905,31,3410,0,1
346.2865385715802,42,504,0,0
346.32492738451134,42,497,0,0
346.40610792706286,19,365,0,0
346.4134084980406,40,767,0,0
346.4206211099564,89,492,0,0
346.42509922942105,43,208,0,0
346.4298886704193,348,272,0,0
346.43078507464367,17,128,0,0
346.43330801006397,13,265,0,0
346.43527466986967,38,46,0,0
346.690398621421,524,354,0,0
346.8076176547192,32,458,0,0
346.8947384380323,1807,610,0,0
346.8965505666796,6,255,0,0
346.90410533739345,1200,8,1,0
346.9809978813418,1815,88,0,0
346.99205854777586,1348,362,0,0
346.9943517857689,102,134,0,0
347.02655119440425,330,128,0,0
347.1183862609763,70,443,0,0
347.4156121386044,82,408,0,0
347.47126020642844,458,244,0,0
347.47617794294183,8,77,0,0
347.5330671159526,15,444,0,0
347.56989697109435,11,313,0,0
347.5700562029991,41,104,0,0
347.75496795941285,52,58,0,0
347.8202630725669,29,8,0,0
347.84766099140273,17,165,0,0
348.45885933478723,17,312,0,0
348.509392325326,485,370,0,0
348.6804902834763,23,428,0,0
348.76053582516636,17,702,0,0
348.7630284143374,24,340,0,0
348.77565097565065,102,483,0,0
348.79486479700597,12,403,0,0
348.80885284886546,86,218,0,0
349.1131583846628,11,214,0,0
349.1137341179509,15,208,0,0
349.13358519696015,29,291,0,0
349.13433487399885,16,307,0,0
349.60820688794234,21,214,0,0
349.6951875829632,95,269,0,0
349.81841574353246,43,488,0,0
349.81898477033076,169,272,0,0
349.8406303154708,9,439,0,0
349.869317768319,10,78,0,0
349.86999026155115,56,456,0,0
350.17909929106423,1950,17,0,0
352.17933471580267,926,350,0,1
352.18416268291776,576,5800,0,1
352.2213434933565,31,195,0,0
352.2220960574216,5,285,0,0
352.22793796679775,2239,80,0,0
352.29681682465406,19,267,0,0
352.31471660302685,37,94,0,0
352.44073329731594,11,199,0,0
352.4463536849866,14,423,0,0
352.5085014595467,7,314,0,0
352.5085983836501,66,7340,0,1
352.5092638540876,12,170,0,0
352.5145954422109,435,153,0,0
352.51945147036133,55,442,0,0
352.8457689379612,15,91,0,0
352.97764386323956,91,82,0,0
352.98608645983785,19,102,0,0
352.9884888394885,80,68,0,0
352.99041298301006,24,253,0,0
352.9960013592112,279,766,0,0
353.0033073206862,399,4260,0,1
353.02984028927983,506,737,0,0
353.0340202432588,8,54,0,0
353.03513616676383,13,291,0,0
353.04571711431083,69,65,0,0
353.0972840355765,202,145,0,0
353.1088783700495,46,158,0,0
353.14039279451475,5,26,0,0
353.14293763504776,32,4080,0,1
353.2430999572104,552,129,0,0
353.274633051737,31,337,0,0
353.91262318742844,562,346,0,0
353.9275569388009,11,433,0,0
354.13978977261127,34,111,0,0
354.1446520700887,18,296,0,0
354.2050821063515,14,336,0,0
354.2097770706599,35,588,0,0
354.2106843770472,485,370,0,0
354.2166431847421,20,329,0,0
354.2196194571432,1140,115,1,0
354.2397322537569,19,137,0,0
354.2639026192454,550,27,1,0
354.2707709330209,385,514,0,0
354.27112513815194,33,324,0,0
354.33106871676256,33,186,0,0
354.4054369819786,2929,179,0,0
354.40642252057904,228,429,0,0
354.41195486033934,28,355,0,0
354.58762621725344,49,175,0,0
354.6009055956601,55,239,0,0
354.6073570390254,1170,130,1,0
355.02353139675074,7,52,0,0
355.03857743237756,8,230,0,0
355.1071914841138,142,264,0,0
355.1473833361423,23,456,0,0
355.16129535952257,96,646,0,0
355.1675401444248,13,105,0,0
355.1711267079356,138,140,0,0
355.20781643862995,25,255,0,0
355.2240077224994,271,287,0,0
355.24183245693763,12,175,0,0
355.24236060084183,37,107,0,0
355.2469047079835,406,313,0,0
355.2481316540396,7,265,0,0
355.2941626993821,7,99,0,0
355.29605079573935,45,466,0,0
355.29750305129267,18,473,0,0
355.2995932526394,24,4880,0,1
355.36725301854585,8,54,0,0
355.4131159063042,11,235,0,0
355.4362869337698,1943,368,0,0
355.4585959836464,19,228,0,0
355.46317357235864,408,130,0,0
355.46616143501967,1464,155,0,0
355.47428238334544,153,523,0,0
355.4855761735476,14,285,0,0
355.4927875665694,15,392,0,0
356.07382791186683,103,324,0,0
356.1634377098307,12,449,0,0
356.36345698717196,11,280,0,0
356.39027473795414,14,344,0,0
356.40316476893327,28,196,0,0
356.4038649601049,6274,101,0,0
356.4065745782201,16,389,0,0
356.46900665139526,7580,104,1,0
356.5389667685568,13,262,0,0
356.59031943912936,40,2520,0,1
356.61284291026413,23,244,0,0
358.4380189258224,18,377,0,0
358.4606464766717,7,56,0,0
358.50049029568873,20,23,0,0
363.98712022771434,2114,196,0,0
363.99030592074826,1490,246,1,0
363.9923083237559,17,620,0,0
364.0222403126709,310,118,1,0
364.1235565092033,13,193,0,0
364.12390120036173,303,181,0,0
364.20362430246126,50,339,0,0
364.29188915309584,2562,202,0,0
364.6528980113792,19,197,0,0
365.2051112280588,880,338,1,0
365.20601535527146,7942,250,1,0
365.2079825954078,171,656,0,0
365.20871744113174,23,223,0,0
365.25597992165405,150,99,1,0
365.2561173027422,16,521,0,0
365.326469309329,54,289,0,0
365.37194523460516,181,290,0,0
365.3753279411037,349,219,0,0
365.38177621272314,565,660,0,0
365.38358697985063,217,144,0,0
365.3852603902634,733,666,0,0
365.39690196300654,340,232,0,0
365.4786575988542,171,266,0,0
365.72874944504014,368,533,0,0
365.96835054814625,72,69,0,0
365.9698288132294,20,133,0,0
365.9700364694772,226,405,0,0
365.9990677670361,5,210,0,0
366.0399021840646,9,260,0,1
366.0426480252192,23,27,0,0
366.18750062805685,51,75,0,0
367.30826042211027,4,1600,0,1
367.3103936851444,97,3460,0,1
367.3156471523604,27,211,0,0
367.3242122259349,36,196,0,0
367.3254026171545,9,1740,0,1
367.40242641230003,522,478,0,0
367.4076785060546,25,82,0,0
368.25823797090436,19,194,0,0
369.0315015166155,440,767,1,0
369.03380005013656,98,4610,0,1
369.03613407884535,32,250,0,0
369.05246437688163,13,274,0,0
370.6616201965881,1259,234,0,0
370.67689095257765,704,436,0,0
370.9290800970768,3260,47,0,0
370.98975573700426,617,256,0,0
371.01569114415605,1181,375,0,0
371.1907974663506,40,3710,0,1
371.4278150822817,38,366,0,0
371.4347636136399,11,354,0,0
371.4804926429934,7,161,0,0
371.490225688813,14,153,0,0
371.49239028385745,10,196,0,0
371.72062605814415,111,283,0,0
371.7218043985619,279,58,0,0
371.7347727671387,1052,139,0,0
372.18767131780606,38,399,0,0
372.9827256706134,14,393,0,0
372.9904326380455,453,282,0,0
373.0291678045738,11,235,0,0
373.0344439282723,4,316,0,0
373.0357124971692,12,228,0,0
373.041664306703,271,450,0,0
373.0486040861519,3660,93,0,0
373.37640596184076,43,5160,0,1
373.4327618835171,14,157,0,0
373.4398725231705,3664,388,0,0
373.4815962526635,19,279,0,0
373.54099076375803,11,17,0,0
373.8037345298654,16,240,0,0
373.81684339818867,29,767,0,0
373.88802505516094,38,284,0,0
374.71815108763036,41,42,0,0
374.93004549051255,837,121,0,0
375.0057507155501,50,351,0,0
375.00851244147896,21,245,0,0
375.11419725793075,54,99,0,0
375.11660897138216,11,201,0,0
375.11756955936596,24,143,0,0
375.14603480177675,49,306,0,0
375.1823593298959,5,206,0,0
375.2165584071033,608,567,0,0
375.2280133125897,26,467,0,0
375.2293772303342,41,57,0,0
375.24957235330595,2898,13,0,0
375.43891211900143,1578,61,0,0
375.7278458728402,30,767,0,0
376.6617262149575,29,7030,0,1
376.669149880206,20,767,0,0
376.6798252969647,2218,678,0,0
376.6803764309695,16,479,0,0
376.9025305676068,13,64,0,0
376.9236560420897,63,16,0,0
377.2521111078709,27,659,0,0
377.2666776873015,1010,436,0,0
377.2782354663775,14,418,0,0
377.4534655715768,11,199,0,0
377.48429726846126,21,224,0,0
377.48546214263547,498,347,0,0
377.8150059035395,15,183,0,0
380.2260561555694,171,13,0,0
380.23710789083395,43,280,0,0
380.2380068031374,16,589,0,0
380.32441546220315,33,453,0,0
380.33127684421873,15,344,0,0
380.3906228170797,1453,338,0,0
380.3978795308664,1228,188,0,0
380.4079307925432,3610,32,1,0
380.41203453200376,8,235,0,0
380.41882115002784,10,265,0,0
380.42043916274315,18,369,0,0
380.4335537592268,18,340,0,0
380.4344932177881,43,208,0,0
380.47134978798135,13,178,0,0
380.7886464519745,23,439,0,0
380.80033876179084,13,640,0,0
380.8039633234848,6,42,0,0
380.80427851653553,11,210,0,0
380.829786182182,46,20,0,0
380.95428163143737,83,516,0,0
380.95581360002467,340,98,1,0
381.1929803152796,59,205,0,0
381.1972150062285,22,19,0,0
381.3059694866364,461,767,0,0
381.3074044344147,164,495,0,0
381.3288146714825,33,452,0,0
381.52078835243844,22,361,0,0
381.5314641686091,14,101,0,0
381.5396601384546,22,114,0,0
381.5433576349927,31,637,0,0
381.5764405130499,7,248,0,0
381.577112427878,4,156,0,0
381.58058204752524,34,768,0,0
381.582355263067,30,424,0,0
381.58826130409295,13,321,0,0
381.6831857577451,14,315,0,0
381.6846233452997,216,101,0,0
381.68560958366766,15,74,0,0
381.7034022915093,229,125,0,0
381.70974669162104,9,237,0,0
381.71140278266915,22,329,0,0
381.7239489745421,69,35,0,0
381.724018257738,27,137,0,0
381.73302059613934,29,128,0,0
381.7931709881471,38,230,0,0
381.82455294595877,45,357,0,0
381.8720490150236,34,24,0,0
381.88365069528146,20,283,0,0
381.8938239151388,575,101,0,0
381.9194199969391,22,344,0,0
381.9209351585778,126,420,0,0
381.94002710015695,74,298,0,0
381.9421424393725,22,32,0,0
381.96949950799893,13,312,0,0
381.9792251750356,1312,238,0,0
382.0029811599246,35,34,0,0
382.0057904473187,19,370,0,0
382.00760614199214,30,131,0,0
382.11353075026494,21,212,0,0
382.36812463958057,10,468,0,0
382.3718267467273,18,377,0,0
382.37596498343987,86,463,0,0
382.40663644585254,31,772,0,0
382.4456647556595,21,221,0,0
382.81725394959534,50,303,1,0
382.8292938220988,9,5650,0,1
382.9556991679829,14,169,0,0
382.95928889632717,17,346,0,0
382.95971514323617,69,3910,0,1
382.988287992709,11,259,0,0
382.98994847577944,55,325,0,0
383.06088965178,36,217,0,0
383.370754085008,62,139,0,0
383.3714444939027,13,400,0,0
383.38533365094344,71,305,0,0
383.5116842795779,17,294,0,0
383.51493698220366,43,3920,0,1
383.7034591831294,1180,200,0,0
383.7180703798263,801,186,0,0
383.7413955944438,49,112,0,0
383.74367485314843,23,481,0,0
383.7472889304374,11,900,0,1
383.7869941732783,183,223,0,0
383.869593283614,71,2780,0,1
383.958481060368,30,384,0,0
383.98167288116116,112,39,0,0
383.98391860514397,523,1660,0,1
384.04051872154133,22,27,0,0
398.52798610886987,9,271,0,0
398.54597837183053,11,169,0,0
398.58538309432674,680,745,1,0
398.7017402067302,1560,451,0,0
398.70451191933466,2213,251,0,0
398.7064815383935,226,588,0,0
398.74552541056823,362,4240,0,1
398.74617754483,34,395,0,0
398.8061475493135,18,143,0,0
399.7206071230578,484,101,0,0
399.81135061832043,7,344,0,0
399.8204254648025,13,406,0,0
399.8319167608276,28,39,0,0
399.8483502645014,5,411,0,0
399.85411336802173,44,141,0,0
399.8590148928827,21,427,0,0
399.92230866813924,6,71,0,0
399.96401595392877,8,259,0,0
399.9740455809271,28,526,0,0
400.15978120013665,48,394,0,0
400.16217729347414,148,164,0,0
400.1740182824117,1085,684,0,0
400.1795117449966,27,147,0,0
400.1927599931975,360,446,0,0
400.1994846854176,43,384,0,0
400.2233699331046,625,635,0,0
400.24573123462767,1056,621,0,0
400.2476572215938,35,29,0,0
400.28857604812134,121,364,0,0
400.3016480725899,116,767,0,0
400.30564093077277,9,101,0,0
400.35588777459844,54,219,0,0
400.399047749945,22,359,0,0
400.60541741826626,113,192,0,0
400.60550962692304,5,2410,0,1
400.6210194886785,42,408,0,0
400.63156345309864,36,479,0,0
400.6333092795966,24,2410,0,1
400.6339327583968,14,284,0,0
400.6341344239608,17,4260,0,1
400.71936485176906,10,578,0,0
400.7233709444514,498,48,0,0
400.9120127559087,15,664,0,0
400.92593450693494,11,105,0,0
401.0787984849277,11,255,0,0
401.0908171015224,1823,229,0,0
401.14189992057993,16,511,0,0
401.15150763965926,11,222,0,0
401.15432250016096,162,121,0,0
401.1634182439753,1282,703,0,0
401.17625898849775,13,13,0,0
401.2042056728396,21,225,0,0
401.51669217155796,10,75,0,0
401.56302785337857,473,147,0,0
401.70182891421223,174,455,0,0
401.7466144362597,100,92,1,0
401.7517426274214,5,1330,0,1
401.9655449285289,7,223,0,0
401.9767506843484,39,74,0,0
402.7307553523161,23,442,0,0
402.74395982438284,462,108,0,0
403.42576194273556,11,270,0,0
403.4286905049239,373,768,0,0
403.49165514216077,15,352,0,0
403.50704141178375,11,187,0,0
403.5148864278118,8,165,0,0
403.52409426697517,17,332,0,0
403.53531195480184,8,194,0,0
403.56643292989475,31,300,0,0
403.57575691545264,156,157,0,0
403.5799627975774,80,39,1,0
403.5810823934212,12,317,0,0
403.5818271154461,120,27,1,0
403.60561032024526,42,285,0,0
403.63705763991186,86,514,0,0
403.66372019097486,177,291,0,0
403.66548610900696,39,1720,0,1
403.773920272004,44,681,0,0
403.79321287389257,47,406,0,0
404.94449558788017,39,196,0,0
404.9972797955132,15,152,0,0
405.0090978115623,27,124,0,0
405.054727746231,118,494,0,0
405.05641381036156,185,732,0,0
405.0586664158791,87,595,0,0
405.0704983531417,1075,6,0,0
405.08082601849713,7,156,0,0
405.08715541820663,7,413,0,0
405.09963342372833,23,644,0,0
405.20573478641677,14,367,0,0
405.32103329275435,162,127,0,0
405.8277752101509,52,433,0,0
405.83183720619303,29,257,0,0
405.8456246951329,1180,436,1,0
405.86183235496225,5,44,0,0
405.93605721219967,11,242,0,0
406.57122145619513,15,411,0,0
406.57910032157673,10,321,0,0
406.5905514115251,22,416,0,0
406.5921113753032,124,1400,0,1
406.609369014132,14,291,0,0
406.613527260794,5,150,0,0
406.61425436863374,13,112,0,0
406.6547468909731,11,379,0,0
406.660493173336,11,166,0,0
406.7485190613645,8,197,0,0
406.7579125470206,10,306,0,0
406.7618468781441,153,140,0,0
406.76576628216844,8,166,0,0
406.7711574417437,38,203,0,0
406.77514018839724,87,366,0,0
406.7754772721555,117,130,0,0
406.78499863883127,38,143,0,0
406.83553169491444,955,87,0,0
409.782112144371,1270,360,1,0
410.1209209190511,10,227,0,0
410.2923762611117,820,526,1,0
410.3156907878909,625,134,0,0
410.31776492822866,895,36,0,0
410.36491786537636,24,310,0,0
410.3684528125115,27,299,0,0
410.37071462113806,1880,767,1,0
410.4192262752456,17,19,0,0
410.43358224229917,6,227,0,0
410.4342881689066,2456,84,0,0
410.4363283202625,1896,13,0,0
410.4368487271123,19,208,0,0
410.4630835842121,2025,75,0,0
410.4647300014674,2450,159,1,0
410.4679595749963,19,26,0,0
410.4680779305873,1678,764,0,0
410.56187669355677,18,366,0,0
410.5624092813795,1002,6870,0,1
410.56821691601886,1460,2670,1,1
410.64656358139143,256,294,0,0
410.7575709195137,127,294,0,0
410.9788138529524,15,1170,0,1
411.1616974311455,10,1340,0,1
411.17687629447425,15,244,0,0
411.17775115131315,620,110,1,0
411.2710586999308,130,299,1,0
413.1602322354349,10,258,0,0
413.16118433535047,93,552,0,0
413.1666504262429,8,18,0,0
413.2239926090728,28,684,0,0
413.24475832894876,1293,169,0,0
413.606467826423,81,286,0,0
413.61673570641545,4,155,0,0
413.62169558594786,15,340,0,0
413.6414808063392,2119,702,0,0
413.64263083149814,15,88,0,0
413.64527729239853,43,80,0,0
413.8091138413325,167,389,0,0
413.8143716310482,1348,3620,0,1
414.8523313511555,10,15,0,0
414.95377797999413,54,325,0,0
414.95484988165566,170,135,0,0
415.0972902733768,768,61,0,0
415.1247119764544,20,146,0,0
415.1287682844537,10,29,0,0
419.0563056311149,51,6,0,0
419.1614131397598,18,1000,0,1
419.1628068743097,69,42,0,0
419.1939065680679,9,26,0,0
419.2161389093401,31,325,0,0
419.3565463251535,18,540,0,0
419.3627453567462,8,309,0,0
419.3639399146621,13,288,0,0
419.4154314193767,1505,172,0,0
419.62880574930017,32,221,0,0
419.6300549905841,8,130,0,0
419.6608236616443,835,527,0,0
419.71330954633686,505,354,0,0
419.7997721718636,8,160,0,0
419.8009390558147,1487,146,0,0
419.80308212525546,109,764,0,0
419.85155881922435,3260,199,1,0
419.8667332172994,41,305,0,0
419.9391409406715,379,360,0,0
419.955770676329,88,94,0,0
420.0819796597191,1487,146,0,0
420.08376280798564,5,37,0,0
420.0856326020892,68,629,0,0
420.0867113308314,14,228,0,0
420.0975166473137,68,118,0,0
420.2675173247526,320,255,1,0
420.3115371875075,190,279,0,0
420.3714902057552,1314,159,0,0
420.37551650210787,26,99,0,0
420.5635128432108,140,271,1,0
420.7208277653499,261,416,0,0
420.7529312009649,174,213,0,0
420.9009721009126,105,5470,0,1
420.90194870409226,160,664,0,0
420.90218058710616,16,525,0,0
420.90303795137794,7,109,0,0
420.90345819561264,157,1400,0,1
420.90857794842304,42,541,0,0
421.2223671113942,331,363,0,0
421.2242498189798,8,306,0,0
421.2682390505343,30,768,0,0
421.2686647526077,58,486,0,0
421.26876483833956,13,366,0,0
421.3187219166519,12,325,0,0
421.33028779146963,36,467,0,0
421.3320589160972,48,336,0,0
421.61852474651886,15,212,0,0
421.62121433386307,15,456,0,0
421.6407054675733,33,360,0,0
421.6591238879092,20,170,0,0
421.72328514258174,53,239,0,0
421.73902843918927,25,198,0,0
421.8036114481626,7,26,0,0
421.8530286219214,12,707,0,0
421.883734875908,15,155,0,0
421.9134413775526,12,278,0,0
422.25185912111976,37,581,0,0
422.66893917785717,13,137,0,0
422.6692768411287,42,390,0,0
422.67276825923557,32,25,0,0
422.69004184934977,10,157,0,0
422.6969927465649,3295,388,0,0
422.70296607986893,41,280,0,0
422.90005470525705,5,282,0,0
423.64772456439647,123,747,0,0
423.81927350393534,469,55,0,0
423.83064515975354,1811,157,0,0
423.83364375779166,498,767,0,0
423.83386844436114,490,290,0,1
423.8339506008672,115,108,0,0
423.97248427290754,158,365,0,0
423.9794804312536,375,385,0,0
423.98014678880264,24,177,0,0
423.9811947101055,7,116,0,0
423.983408055314,4,27,0,0
424.43618308200917,131,257,0,0
424.44678933504326,55,116,0,0
424.46298509705827,18,55,0,0
424.55683826203517,9,148,0,0
424.5578048173845,6,4510,0,1
424.6210741866879,690,337,1,0
424.92188156891825,6,402,0,0
424.93442281114733,147,301,0,0
424.94159468885124,8055,137,1,0
425.19311881369543,700,208,0,0
425.2089077405391,391,770,0,0
425.24930261033035,1071,467,0,0
425.2570731743413,15,272,0,0
425.26015484556103,26,541,0,0
425.2844134835795,2701,134,0,0
426.85120564529257,15,1540,0,1
426.85750264984546,40,227,0,0
426.8582064857796,15,229,0,0
426.86333106751675,35,239,0,0
426.87605086977277,36,19,0,0
426.93456821074153,367,3090,0,1
426.9396083152991,144,116,0,0
426.9524270797541,8067,125,1,0
427.1821013232582,52,347,0,0
427.31508553938556,147,529,0,0
427.31517742061556,27,524,0,0
427.3252028867638,6,111,0,0
427.32575866224084,12,134,0,0
427.3264375162728,430,124,1,0
427.49652443368404,4,767,0,0
427.4967569094441,18,271,0,0
427.5004765633349,14,2600,0,1
428.2278546913919,867,195,0,0
428.2281682888168,1452,161,0,0
428.2412713269532,959,10,0,0
428.2417574334938,135,242,0,0
428.2435060148561,4,11,0,0
428.2667834811882,41,184,0,0
428.2687883519147,211,241,0,0
428.3072023140868,520,266,0,0
428.3073562876298,30,510,0,0
428.3083014600757,34,769,0,0
428.34578080736526,14,595,0,0
428.3842550880734,19,315,0,0
428.7576795781607,414,311,0,0
428.7697394765994,5,309,0,0
428.77030077258667,210,367,1,0
428.77533677677184,16,511,0,0
428.77807990750796,9,201,0,0
428.7857995289294,1360,375,1,0
429.10897666719603,15,470,0,0
429.15817478361066,19,8,0,0
429.1652357456896,64,19,0,0
429.1768066444616,33,295,0,0
429.2197137329964,19,76,0,0
429.3043923231429,43,254,0,0
429.31252662069187,23,525,0,0
429.3235146476056,25,53,0,0
429.6318373592654,22,543,0,0
429.94785634817737,8,293,0,0
429.9506658587859,455,180,0,0
429.967110138184,67,210,0,0
429.97603529612724,8,117,0,0
430.0208288482692,105,589,0,0
430.0220488580965,6,197,0,0
430.03373410595304,54,1720,0,1
430.04181267978504,28,106,0,0
430.1327813028623,170,325,1,0
430.1415773379114,1405,11,0,0
430.21116377247773,9,186,0,0
430.22745613193547,229,767,0,0
430.31068592006557,53,307,0,0
430.33051915771074,18,231,0,0
430.3443563677381,2030,39,0,0
430.4186287914853,4,24,0,0
430.61371758187323,3810,49,1,0
430.62301451109533,40,404,0,0
430.62328825352984,39,324,0,0
430.64872892060947,21,1330,0,1
430.6782739677038,1819,549,0,0
430.684327558583,940,504,0,0
430.6855332789568,2060,372,0,0
430.6872855628841,36,467,0,0
430.70477690307507,7,102,0,0
430.77153346877026,8,21,0,0
430.9141914614619,216,101,0,0
430.927986224995,84,27,0,0
431.0552435947051,10,1550,0,1
431.15621267815675,15,25,0,0
431.2226001383685,18,131,0,0
431.2846287212447,18,230,0,0
431.2998985225235,40,364,0,0
431.36428210582636,177,219,0,0
431.40502566645745,59,3910,0,1
431.43311185575925,370,39,1,0
433.3128983743586,11,237,0,0
433.32669066218807,27,211,0,0
433.62196224664694,13,39,0,0
433.62235864828506,151,108,0,0
433.8980736052998,66,377,0,0
433.98914288771624,7,329,0,0
433.99797313296347,1914,217,0,0
434.0111390959552,17,290,0,0
434.28645467803386,58,702,0,0
434.3485519004999,20,421,0,0
434.3652124512221,335,114,0,0
434.37720199922853,5642,2550,1,1
434.3974668616225,7,14,0,0
434.4512483278087,69,343,0,0
435.045595606984,9,350,0,1
435.04914910724426,34,507,0,0
435.069671340707,100,226,1,0
435.1680306426538,28,146,0,0
435.24192476516254,9,176,0,0
435.2469043199173,168,132,0,0
435.2959139589864,64,6,0,0
435.29611328405514,37,217,0,0
435.35025552921076,130,980,1,1
435.36534187634794,88,320,0,0
435.3677764175601,15,249,0,0
435.3776603515391,33,177,0,0
435.3791989678629,8165,27,1,0
435.4288044520374,25,548,0,0
435.44530264495285,28,391,0,0
435.45811810321646,56,5810,0,1
435.65823038600246,5,202,0,0
435.6602515131098,62,115,0,0
435.6675279265894,160,2320,0,1
435.72815450676836,23,86,0,0
435.8532003158112,209,48,0,0
436.20895967874276,1681,362,0,0
436.20974889391584,92,123,0,0
436.2517052007115,29,82,0,0
436.27707610567,15,92,0,0
436.36195338700793,393,135,0,0
436.3739126873058,22,2350,0,1
436.3751469303526,20,767,0,0
436.3978603762826,710,772,0,0
436.39884050463706,19,101,0,0
436.39925767214856,42,287,0,0
436.40980176761786,14,102,0,0
436.51401644788496,7480,712,1,0
438.1319613608341,5,272,0,0
438.13739361863566,49,591,0,0
438.14920558246587,231,365,0,0
438.1729390279055,7,8,0,0
438.2315739851267,631,505,0,0
438.6496188470707,14,177,0,0
438.75516013580847,855,625,0,0
438.7803049722498,53,199,0,0
438.82015232495723,12,366,0,0
438.840028063264,10,153,0,0
438.84677130047606,15,3270,0,1
438.8638491464469,30,282,0,0
438.8645678839858,370,279,1,0
442.335111309374,5,225,0,0
442.43916881576206,11,206,0,0
442.52006679793607,33,376,0,0
442.69590376593305,8,54,0,0
442.7052753677254,7,96,0,0
442.7293311983725,100,197,1,0
442.7968881605528,6048,582,0,0
443.40488258335483,8,41,0,0
443.57724132606313,180,119,0,0
443.5790517529646,5,221,0,0
443.5894147681981,75,332,0,0
443.60181800144375,15,369,0,0
443.6157039080742,8,103,0,0
443.8698601049328,87,411,0,0
443.8856755911332,14,180,0,0
443.8892404061648,31,593,0,0
443.90663565366964,21,474,0,0
443.98407094597417,11,701,0,0
443.99491673524784,588,296,0,0
444.021015794961,14,212,0,0
444.03643223560624,158,253,0,0
444.40603811531923,208,264,0,0
444.45030039139743,29,293,0,0
444.6963116395669,7,206,0,0
444.70101695492656,15,188,0,0
444.7038165608513,55,418,0,0
444.7259203968015,46,256,0,0
444.73389644873345,35,283,0,0
444.7482928810027,29,121,0,0
444.75542732643675,127,45,0,0
444.783881963871,36,363,0,0
444.802914744332,1790,88,1,0
444.80427186588463,9,236,0,0
444.8337999690352,29,372,0,0
444.8360139272145,210,502,0,0
444.8839747232938,57,677,0,0
445.2895703866554,1117,202,0,0
445.48036156389537,7,165,0,0
445.48746835718606,29,3550,0,1
445.4878643075706,7,400,0,1
446.7960803770255,3357,157,0,0
446.8472254377116,209,350,0,0
446.85100619567623,134,14,0,0
446.85151693140136,66,694,0,0
446.8661479804257,9,207,0,0
446.9509170134787,18,210,0,0
446.98289289881853,21,63,0,0
447.0495057423935,466,500,0,0
447.4812245920576,37,96,0,0
447.4831621774028,106,312,0,0
447.48871122261784,21,319,0,0
447.506280211572,641,194,0,0
447.552115334322,10,195,0,0
447.56624571805884,13,371,0,0
447.5967160767055,83,238,0,0
447.63370716369707,602,381,0,0
447.7117847670924,9,191,0,0
447.7138075825521,12,544,0,0
447.7163701926833,20,433,0,0
447.72016915632076,3455,494,0,0
447.7236275965924,7,182,0,0
448.67886234953716,560,768,1,0
448.68792976329223,42,335,0,0
448.7409360883832,12,359,0,0
448.74977689596915,18,592,0,0
448.7619094798488,2549,315,0,0
448.8034262035482,17,645,0,0
449.0786204242323,24,435,0,0
449.1309425204746,13,240,0,0
449.13499488983376,337,320,0,0
449.1355326131522,83,376,0,0
449.1569571039555,488,93,0,0
449.1605347080129,14,80,0,0
449.16600195931716,29,170,0,0
449.1770299655097,9,297,0,0
449.182406416296,1867,22,0,0
449.19085876973946,26,248,0,0
449.1959853495544,2034,328,0,0
449.20676286830076,184,7,0,0
449.2369394230717,956,491,0,0
449.23733997286547,87,302,0,0
449.2378320206988,118,175,0,0
449.46665414712476,12,181,0,0
449.6542889534254,1450,224,0,0
449.66719957879354,26,357,0,0
449.9730073168485,26,70,0,0
450.14370346629846,71,59,0,0
450.2034727318313,4,28,0,0
450.43769133094463,16,406,0,0
450.43919345177505,9,14,0,0
450.44780168952553,18,499,0,0
450.4483778676083,8,223,0,0
450.4575920781215,128,448,0,0
450.47100262285994,104,107,0,0
450.54368941212357,168,187,0,0
450.5829927799515,9,183,0,0
450.59247978398076,13,200,0,0
450.6953929600366,869,716,0,0
450.69826616202823,50,219,0,0
450.70048514862805,60,218,0,0
450.7370022456354,2570,466,1,0
450.79310557925004,6,65,0,0
450.79794461746764,119,406,0,0
450.8114309877118,142,226,0,0
450.89941881604983,29,515,0,0
450.9571420537864,52,62,0,0
450.95785549560975,90,368,1,0
450.9650292122094,8,203,0,0
450.96624067023754,101,404,0,0
450.9731418429172,306,174,0,0
450.98366711483624,492,7700,0,1
451.0099989026219,260,19,1,0
452.30184656858,124,529,0,0
452.302382915373,1116,179,0,0
452.3027223599887,26,365,0,0
452.30370098040805,49,413,0,0
452.34479021500016,5,351,0,0
452.3585612315989,1659,589,0,0
452.37718697403983,26,544,0,0
452.5651914133586,28,101,0,0
452.57966946210814,10,105,0,0
452.58050500044925,44,760,0,0
452.58400116937486,53,228,0,0
452.5887650535591,9,156,0,0
452.6020301605498,37,241,0,0
452.605053000407,94,363,0,0
452.60606675708976,88,289,0,0
452.6068577569882,58,508,0,0
452.6085289365259,32,140,0,0
452.642612019984,1065,45,0,0
452.64441121177083,137,240,0,0
452.6452927405304,130,304,1,0
453.0649964361166,29,32,0,0
453.07537947975874,20,291,0,0
453.0812063356497,18,410,0,0
453.16344638313694,7,236,0,0
454.4254981700734,484,101,0,0
454.4263771349785,523,235,0,0
454.62829003990396,1903,147,0,0
454.64541218282136,170,458,1,0
454.64839234198763,19,214,0,0
454.674893426798,32,475,0,0
454.6771036741653,263,377,0,0
454.6778815136564,34,614,0,0
454.69137064306045,28,14,0,0
454.9651219874744,5,309,0,0
454.9685599650499,327,198,0,0
454.9694121865161,13,85,0,0
454.9710562831459,60,57,1,0
455.1549996849629,46,167,0,0
455.1738251797279,157,288,0,0
455.6709046535807,39,455,0,0
455.67753214546656,6,530,0,0
455.68904202370396,423,608,0,0
455.68989390268496,23,344,0,0
455.7839096566685,413,103,0,0
455.8421335271781,13,212,0,0
456.28655660025515,103,362,0,0
456.33054681421,502,7690,0,1
456.3361043004038,8,173,0,0
456.33697457910654,19,239,0,0
456.35334138098466,132,71,0,0
456.36104302415777,250,237,1,0
456.3614820409134,9,234,0,0
456.36245898655454,38,411,0,0
456.3676084828322,1484,765,0,0
456.37491485414347,13,262,0,0
456.38625383748484,136,393,0,0
457.3059318303876,17,768,0,0
457.3062035039256,5,297,0,0
457.319835940395,14,362,0,0
457.3217723124278,38,384,0,0
457.47205500825646,7,244,0,0
457.81095306073325,101,473,0,0
457.81542702799317,834,168,0,0
457.85329155095377,30,60,0,0
458.0434911616712,303,471,0,0
458.0487325122519,13,568,0,0
458.1856191000657,178,769,0,0
458.1993514712904,1020,121,0,0
458.2074058141746,10,553,0,0
458.2101776751088,992,109,0,0
458.213954301139,17,307,0,0
458.2195488125629,47,202,0,0
458.29925022827484,109,764,0,0
458.30022605462216,931,769,0,0
458.30379543135683,143,130,0,1
458.3655059915516,56,379,0,0
458.3663137121568,14,770,0,1
458.8737252169012,80,307,0,0
458.9753899600764,1043,52,0,0
459.01315064641346,417,560,0,0
459.0139494394178,7,250,0,0
459.0161412417203,14,262,0,0
459.110975918651,7,87,0,0
459.1970482486691,439,2920,0,1
459.2299486370095,220,99,1,0
459.25748875493485,246,106,0,0
459.2606793053091,6,38,0,0
459.2621292425677,8,204,0,0
459.26289231925387,6,106,0,0
459.28481993929734,14,199,0,0
460.16792199513156,9,67,0,0
460.2342728996535,180,158,0,0
460.53225924758567,79,167,0,0
461.05665628413385,9,86,0,0
461.06937807814387,25,280,0,0
461.0744071387565,81,249,0,0
461.12005535344093,230,732,1,0
461.12774129475235,6,380,0,1
461.130775950697,240,508,1,0
461.16391499598905,264,314,0,0
461.1697114246888,58,24,0,0
461.191836593505,9,186,0,0
461.19627126214203,29,160,0,0
461.197504022282,50,154,0,0
461.19844008853386,412,91,0,0
461.20844971200006,19,357,0,0
461.24945730670595,13,275,0,0
461.3368097704514,12,265,0,0
461.4456742208959,77,449,0,0
461.48162586061414,14,334,0,0
461.48407484329795,32,297,0,0
461.5772007898794,20,221,0,0
461.6135858085667,35,29,0,0
461.62432845497875,42,383,0,0
461.63059027198204,15,445,0,0
461.6709622088693,72,3990,0,1
461.86773369103315,936,457,0,0
462.0659617810922,304,92,0,0
462.20751104520787,38,78,0,0
462.20862292968474,5,160,0,0
462.2605494500581,269,212,0,0
462.2676372826679,2014,205,0,0
462.3094232076054,25,491,0,0
462.31295588314356,8,1640,0,1
462.53850652442185,7,299,0,0
462.54717288999797,56,300,0,0
462.54825298327415,29,367,0,0
462.58060342236445,63,421,0,0
462.60669774820343,1920,178,0,0
462.6452833410696,15,404,0,0
462.69199723293366,19,79,0,0
463.3457063788071,19,401,0,0
463.3906925493223,29,209,0,0
463.3940454897781,18,272,0,0
463.5332537111194,9,263,0,0
463.5377622872158,10,160,0,0
463.55140671490295,146,406,0,0
463.5725028780179,233,474,0,0
463.5731494057714,415,443,0,0
463.77204387112994,341,192,0,0
463.77484809180567,28,298,0,0
463.78736570188767,38,617,0,0
463.9782051584727,9,149,0,0
464.29434801544886,264,218,0,0
464.29759558291926,20,373,0,0
464.3573766663155,1097,593,0,0
464.36443756912394,73,307,0,0
464.3711392929889,7425,767,1,0
464.3795998327513,106,313,0,0
464.4941121629625,442,142,0,0
464.8052780323031,12,94,0,0
464.80538945784537,197,767,0,0
464.8172885490567,42,703,0,0
464.9152397284889,50,742,0,0
464.92328208001896,726,615,0,0
464.9335312996772,170,767,1,0
465.0484933265987,10,127,0,0
465.9878907851456,16,184,0,0
465.99147858959304,444,255,0,0
466.0166607556443,6,105,0,0
466.0294037684518,12,234,0,0
466.0314249790205,605,708,0,0
466.03706295162624,39,122,0,0
466.0592319383331,9,191,0,0
466.0747072775578,47,305,0,0
466.1232010956642,210,412,0,0
466.16343688051234,1025,24,0,0
466.1657491457458,11,142,0,0
466.1754484634682,93,311,0,0
466.17620603229693,48,181,0,0
466.1963124283018,28,508,0,0
466.20809971785695,27,226,0,0
466.8911844286652,26,282,0,0
466.9401313628892,9,135,0,0
467.06252027582235,304,1450,0,1
467.0677959837141,9,97,0,0
467.0847094991276,23,554,0,0
467.0890430716644,23,254,0,0
468.75530091632925,31,214,0,0
468.78884496949934,19,169,0,0
468.86137782823147,10,355,0,0
468.86629137808876,267,330,0,0
468.87512992745957,5,115,0,0
468.8848931426673,25,75,0,0
468.88700147664923,440,661,1,0
468.89009674593103,8,254,0,0
469.04210498456376,9,253,0,0
469.2600075954047,10,347,0,0
469.27009860478785,488,3110,0,1
469.27034146642995,15,270,0,0
469.297317669795,1439,697,0,0
469.34132268062075,60,308,0,0
469.5445939806498,270,154,1,0
469.5495230507623,91,732,0,0
469.56249952688773,12,486,0,0
469.57979246430307,58,769,0,0
469.58835445069536,3073,767,0,0
469.5922936381089,34,31,0,0
469.6037232830688,13,213,0,0
469.6132091833902,70,152,1,0
469.6153387044947,25,8,0,0
469.61622564122314,23,518,0,0
469.63456484342385,25,8,0,0
469.7215094030591,8,315,0,0
469.7216352296636,128,22,0,0
469.7218123330682,13,127,0,0
469.7252721631501,602,381,0,0
469.726251070656,62,359,0,0
469.72908558469305,281,573,0,0
469.85502785120576,6,451,0,0
469.85788019085123,9,225,0,0
469.9206840040912,70,589,0,0
469.9234259263604,70,274,0,0
470.0876879926682,91,208,0,0
470.13030936887105,309,89,0,0
470.26586600636375,323,71,0,0
470.26755799476064,6,303,0,0
470.4359721542946,1454,87,0,0
470.4568405733904,49,37,0,0
470.4632017888246,8,274,0,0
470.4704322786478,19,62,0,0
470.50026786171003,6,33,0,0
470.51234896708456,49,514,0,0
470.53318522154666,108,110,0,0
470.55177727997534,25,18,0,0
470.5529528950408,182,1810,0,1
470.5876224851648,5,29,0,0
470.61405796311726,71,207,0,0
470.66798024024223,2100,196,0,0
470.7086136300558,10,295,0,0
470.75453140444915,10,335,0,0
470.75848310356577,12,99,0,0
470.7915677902511,17,48,0,0
470.794445239296,83,360,0,0
470.7991272803055,7,288,0,0
470.8374363531083,92,48,0,0
470.9284992115139,1492,767,0,0
470.96961239945284,1880,284,1,0
471.9093918738653,25,342,0,0
472.0382979542732,9,293,0,0
472.17679402664567,1150,372,1,0
472.19661273312926,41,334,0,0
472.19907788964724,33,755,0,0
472.2647033036132,95,63,0,0
472.26593002579125,92,169,0,0
472.3460405500462,124,113,0,0
472.34899120105774,110,194,0,0
472.42962787978877,109,464,0,0
472.47724712348355,56,19,0,0
472.5092271389742,140,195,1,0
472.60312324236907,7,104,0,0
472.69134868863557,241,149,0,0
472.69475125930705,4,52,0,0
472.82386476521566,69,343,0,0
472.8704788824527,49,225,0,0
472.89093685612846,14,367,0,0
472.95876205169975,48,302,0,0
472.9717932073397,21,620,0,0
473.19956742095513,191,360,0,0
473.3565005646632,15,210,0,0
473.3868260341411,37,220,0,0
473.3885411943682,942,200,0,0
473.40531161633515,403,24,0,0
473.4253443583136,21,406,0,0
473.46880332477735,120,195,1,0
473.5561263616591,39,82,0,0
473.58825426508815,17,615,0,0
474.3127565928784,38,239,0,0
474.4888172954782,23,395,0,0
474.48983909626605,144,69,0,0
474.5008494307408,32,614,0,0
474.87456484204006,47,422,0,0
474.9483545005667,1491,179,0,0
475.0020004282821,3114,225,0,0
475.00653414721506,162,319,0,0
475.01345982774774,9,263,0,0
475.05601564710366,14,476,0,0
475.09035037568646,25,238,0,0
475.09060464490125,8,148,0,0
475.202030430773,6,125,0,0
475.3654653684287,1228,188,0,0
475.4044916762341,176,389,0,0
475.4057340065571,70,117,0,0
475.44797940669184,156,7600,0,1
475.4768060507359,86,446,0,0
475.4798025555838,872,7,0,0
475.51411860613666,6,288,0,0
475.5141519931532,442,142,0,0
475.5867348342228,331,579,0,0
475.63406654057945,2371,425,0,0
475.6384365379674,10,203,0,0
475.661699084162,204,188,0,0
475.6858988297233,183,641,0,0
475.69583950315126,25,323,0,0
476.1177061103585,49,199,0,0
476.5822441323267,7,56,0,0
476.5871437166013,39,200,0,0
476.65932267462625,7,920,0,1
476.97210734098724,9,179,0,0
477.96913513841855,6,128,0,0
478.05974589422374,168,245,0,0
478.1950126722843,19,182,0,0
478.84841051138795,47,305,0,0
481.0304543802476,158,28,0,0
481.1115294617899,30,40,0,0
481.11402396181734,680,130,1,1
481.1246063473581,15,272,0,0
481.26066590671576,27,291,0,0
481.3065321387556,54,360,0,0
481.3077173686316,180,494,1,0
481.31777676551786,17,660,0,0
481.68883100639454,16,229,0,0
481.7115933249011,12,275,0,0
481.7144019900237,10,108,0,0
481.9388354319284,27,401,0,0
481.94952841433,33,720,0,1
481.9514691145041,64,541,0,0
481.9595568460639,460,471,1,0
482.02783293926313,10,148,0,0
482.03518995573177,207,431,0,0
482.0405081318777,1795,173,0,0
482.06278986484074,1370,299,1,0
482.2425096746749,13,767,0,0
482.2644252597601,21,333,0,0
482.35617821833654,369,26,0,0
482.36399421555836,36,159,0,0
482.3658015057783,16,115,0,0
482.4754151089369,16,78,0,0
482.49652105910434,687,300,0,0
482.5009176846348,30,79,0,0
482.50342942764934,25,201,0,0
482.7916784145469,94,494,0,0
482.7970241507368,12,204,0,0
482.80482662757856,27,61,0,0
482.9103814578936,35,1280,0,1
482.91269247817917,30,510,0,0
483.176764280374,2276,215,0,0
483.1793951134458,1346,640,0,1
483.2358885492546,11,535,0,0
483.26387709472885,1331,756,0,0
483.26673924476233,19,5520,0,1
483.29639977779925,2380,24,0,0
483.30231834375854,9,441,0,0
483.34126264424646,19,282,0,0
483.38637005039635,78,222,0,0
483.3886386798426,20,227,0,0
483.4266259926707,39,518,0,0
483.49295008368694,5,108,0,0
483.5719721122417,7,62,0,0
483.59725272492034,37,96,0,0
483.60144847090527,1780,767,1,0
483.6053781929689,7,473,0,0
483.859101984793,63,769,0,0
483.96183870153016,833,262,0,0
483.9650867894219,100,175,0,0
483.986869406134,5,774,0,0
483.9888427810298,15,252,0,0
484.0521275239134,16,630,0,0
484.05395108745313,42,285,0,0
484.05562568630666,11,172,0,0
485.0935349940274,14,309,0,0
485.0945553939369,12,379,0,0
485.094990173371,31,325,0,0
485.1044742343881,30,726,0,0
485.1130178745748,7,436,0,0
485.1218141766413,1382,731,0,0
485.3182999442478,511,61,0,0
485.4993718546765,33,298,0,0
485.55670245106717,334,449,0,0
485.5660272785867,29,55,0,0
485.5664403520811,788,127,0,0
485.64359026948796,36,333,0,0
485.67269114424687,14,101,0,0
485.69354341779814,27,426,0,0
485.695033021188,18,302,0,0
485.70891605157,164,338,0,0
485.9520041921909,27,345,0,0
487.2701865430732,26,382,0,0
487.27944448746564,60,317,1,0
487.3232974963683,13,202,0,0
487.39134464861974,364,60,0,0
487.3976494941879,9,144,0,0
487.5731349445367,19,776,0,0
487.93694632699874,32,348,0,0
487.9393542169673,120,314,0,0
489.7097490951258,10,476,0,0
489.7733634167908,9,211,0,0
490.5203691867176,10,478,0,0
491.34829209403,37,474,0,0
491.43671960881017,23,389,0,0
491.4481174369147,404,101,0,0
491.47061538173034,405,254,0,0
491.51263371970725,23,23,0,0
491.7566092838218,48,283,0,0
491.76249778007576,165,74,0,0
491.802176423512,19,776,0,0
492.05060948437955,27,503,0,0
492.05175853468796,35,128,0,0
492.1946784150545,87,150,0,0
492.20951781454886,1094,368,0,0
492.21298498708353,62,42,0,0
492.2296151977754,40,49,0,0
492.23075492073644,440,109,0,0
492.6713722360012,9,282,0,0
492.6752172217284,278,70,0,0
492.6770384812611,13,2270,0,1
492.6859766633768,83,412,0,0
492.70378279726947,32,297,0,0
492.7085853666207,60,765,0,0
493.09495157064964,112,216,0,0
493.27383699760264,1655,755,0,0
493.27690460832895,7,23,0,0
493.27717238976624,60,371,0,0
493.7717958977434,19,135,0,0
493.7793879825806,17,75,0,0
493.78206623952474,254,52,0,0
494.4831188657915,35,390,0,0
494.504189537373,7425,767,1,0
494.5065998023507,25,127,0,0
494.5096242927547,23,19,0,0
495.3325664427017,12,329,0,0
495.60779521474655,14,84,0,0
495.62787849315276,49,333,0,0
495.72588952418835,19,331,0,0
495.7402401234189,19,62,0,0
495.7532746392467,181,320,0,0
495.8307223183788,317,416,0,0
495.85873086985407,4,17,0,0
495.93628637302186,124,363,0,0
496.0441426418442,19,282,0,0
496.23968242092855,2439,50,0,0
496.24064612045413,764,119,0,0
496.24143007048184,30,326,0,0
496.2543285786166,160,5,0,0
496.2548621625552,11,252,0,0
496.2731956087677,38,290,0,0
496.30157732129453,68,426,0,0
496.3288520535579,10,86,0,0
496.59268697147166,941,92,0,0
496.59416001688487,10,115,0,0
496.59498781199164,19,442,0,0
496.64157827341205,31,357,0,0
496.64720210402044,30,850,0,1
496.6669031882996,22,767,0,0
496.8336100514187,16,31,0,0
496.90711512266574,40,445,1,0
496.918471667785,15,264,0,0
497.79050241514113,7,40,0,0
497.7924395434351,93,83,0,0
497.80895955629205,14,442,0,0
497.8106421766204,65,800,0,1
497.8340853102199,140,126,1,0
497.8644699635408,12,163,0,0
497.8671075304775,722,68,0,0
498.1761285567025,7,261,0,0
498.27930322202786,46,160,0,0
498.346912399549,236,540,0,0
498.50399282450024,7891,301,1,0
499.229412866253,6,186,0,0
499.2402838059215,5,280,0,0
499.2415396404642,19,69,0,0
499.2472546691975,379,246,0,0
499.2485376751712,3998,767,0,0
499.38155638950883,26,77,0,0
499.38473952629,11,292,0,0
499.43508000950186,219,321,0,0
499.43771050003386,29,477,0,0
499.46738641773715,6,354,0,0
499.46816018841656,16,154,0,0
499.5045430419584,30,74,0,0
499.5207692803755,9,356,0,0
499.5262608013714,8,3140,0,1
499.6710339225098,30,535,0,0
499.68575032424815,6,98,0,0
499.694322320654,11,206,0,0
499.7687010185195,12,372,0,0
499.8328118174153,301,640,0,1
499.8480175179253,897,31,0,0
501.78197296768434,10,224,0,0
501.93615076355377,436,607,0,0
502.0462084457006,40,400,0,0
502.0815539088375,15,234,0,0
502.0861708468436,21,131,0,0
502.3808998191791,59,429,0,0
502.38636719382544,1127,776,0,0
502.45408630544557,17,86,0,0
502.4802725971233,37,96,0,0
502.50004301026576,380,190,0,0
502.50225611789426,28,291,0,0
502.706287306296,20,85,0,0
503.60539302141797,27,318,0,0
503.62621456625794,14,552,0,0
503.6313385696236,57,270,0,0
503.64444996993,245,159,0,0
503.6955618369109,7,282,0,0
503.7197438239213,893,380,0,0
504.3531379239365,12,111,0,0
504.3747826262991,728,28,0,0
504.39035650352423,16,580,0,0
504.58606609739047,410,497,1,0
504.5865266472198,607,103,0,0
504.58931073642,266,46,0,0
504.59107691552396,16,385,0,0
504.60631283708585,76,755,0,0
504.6090240987585,20,466,0,0
504.623109719115,9,232,0,0
504.6260863184482,386,144,0,0
505.7424846158494,4,26,0,0
505.75709399089163,462,188,0,0
505.7617277927225,170,304,1,0
505.7740992561315,22,453,0,0
505.90383806774827,9,36,0,0
506.04910987705557,5,28,0,0
506.0522858276422,94,369,0,0
506.1050630494599,10,197,0,0
506.1079556401023,37,107,0,0
506.1558395126034,10,497,0,0
507.3159430010246,19,405,0,0
507.3336170841084,12,227,0,0
507.5115969397731,15,302,0,0
507.56805016424585,8,311,0,0
507.5917969915635,6,194,0,0
507.59738953421436,14,8,0,0
507.6032036829124,230,352,1,0
507.64285202832326,481,465,0,0
507.6565336529005,27,594,0,0
507.675420560655,2342,259,0,0
507.72381021170014,22,7680,0,1
507.7239056430907,36,708,0,0
508.1785784522687,90,149,0,0
508.17988746588594,30,3230,0,1
508.1863331581557,72,432,0,0
508.1893878270604,31,582,0,0
508.2119751480437,5,217,0,0
508.23712927887397,9,297,0,0
508.3450080100342,668,80,0,0
508.3522173465718,360,589,0,0
508.3530346775729,86,741,0,0
508.36971204903585,19,292,0,0
508.4325643650454,40,364,0,0
508.433200934996,10,258,0,0
508.468831863597,516,469,0,0
508.6317735737456,118,205,0,0
515.040238062771,1878,138,0,0
515.0572070296045,16,67,0,0
515.0664992580968,81,433,0,0
515.0758216878806,2213,251,0,0
515.0869860549564,95,74,0,0
515.3038356969644,15,360,0,0
515.3336330480048,11,315,0,0
515.3551612387242,3470,7,0,0
515.3587907057268,58,296,0,0
515.3882391532095,22,399,0,0
515.4140353275866,1485,256,0,0
515.4822275892392,8125,67,1,0
515.5060100847516,130,189,1,0
515.9088445656754,70,21,1,0
515.9101754827324,19,475,0,0
520.8456584979978,51,79,0,0
521.0190206367243,27,283,0,0
521.0804781183431,12,107,0,0
521.1193066959137,22,29,0,0
521.12879987535,13,681,0,0
521.1302701983259,29,336,0,0
521.2288444651515,16,228,0,0
521.2428768141272,30,510,0,0
521.6991638714965,18,94,0,0
521.9470394340187,18,244,0,0
521.9533952279938,64,541,0,0
521.9540725478766,630,457,1,0
522.0856006662339,28,25,0,0
522.0901664325892,56,246,0,0
522.1460873045664,51,324,0,0
522.156393759191,6,28,0,0
522.930356616117,66,385,0,0
523.4717659101993,2400,286,0,0
523.6652495728947,587,396,0,0
523.668392204428,850,392,0,0
524.0920592583534,1710,142,0,0
524.1042765442791,442,527,0,0
524.1174478750562,127,676,0,0
524.1812971391605,52,43,0,0
524.1929436659885,130,2520,1,1
524.1933911734665,124,392,0,0
524.2091916176283,12,251,0,0
524.261806067625,22,3860,0,1
524.2658546994664,35,516,0,0
524.2668996858984,14,111,0,0
524.273677386436,14,324,0,0
524.2760518017931,7,282,0,0
524.3771278242264,1350,308,0,0
524.3896292799251,21,439,0,0
524.3932700081969,9,85,0,0
524.3942962882984,11,120,0,0
524.8024683077376,10,100,0,0
527.1782826258187,55,265,0,0
527.3891831565171,74,1395,0,0
529.7313596965154,20,238,0,0
529.7340406894075,8093,99,1,0
529.7373326207803,118,387,0,0
529.8389908050262,252,336,0,0
529.8482999927038,340,331,1,0
529.8530821051877,7,431,0,0
529.8536466136206,7,216,0,0
529.873708502595,13,519,0,0
530.1365098578707,455,198,0,0
530.1365416565428,34,183,0,0
530.1587662923985,16,2980,0,1
530.1878199306731,17,496,0,0
530.2939022861995,17,110,0,0
530.5838424338483,19,258,0,0
530.5865182630173,9,213,0,0
532.2588471871845,1038,436,0,0
532.2716659580992,44,219,0,0
532.3348132831876,13,345,0,0
532.7854808800136,9,193,0,0
532.989964052984,16,276,0,0
533.0114062825583,135,767,0,0
533.1216839043686,40,34,0,0
533.1284693068544,13,21,0,0
533.1368575395071,1405,505,0,0
533.1783087174565,18,321,0,0
533.1796118335296,6,38,0,0
533.1850209638635,11,258,0,0
533.2324526129871,11,214,0,0
533.3654013516481,13,1730,0,1
535.3199444099995,7,218,0,0
535.3203767362515,7,194,0,0
535.3544192788845,25,522,0,0
535.359832897297,102,380,0,0
535.3607593678969,22,296,0,0
535.5675412904047,85,21,0,0
535.5744148592372,7,77,0,0
535.7602619986158,149,246,0,0
535.7646139806521,108,263,0,0
535.7707240971665,14,88,0,0
535.7747231844791,35,45,0,0
535.8807479132696,110,152,1,0
535.9112074180917,13,172,0,0
535.9149809784071,2262,182,0,0
535.9292286002764,54,287,0,0
535.9301308032775,179,454,0,0
535.9474492510833,214,442,0,0
535.9537643473865,179,124,0,0
536.2073516914834,91,68,0,0
536.2151481615704,7,144,0,0
536.452849584299,14,457,0,0
536.4543481903985,132,71,0,0
536.4575965013527,13,39,0,0
536.4715241019438,1382,68,0,0
536.5434979361908,29,4,0,0
536.6836902568934,1305,447,0,0
536.688174745507,16,517,0,0
536.8367065404294,18,116,0,0
536.8585983415156,177,578,0,0
537.5961367001303,7,92,0,0
538.0134534693148,20,769,0,0
538.0714477641304,15,164,0,0
538.2118966989208,10,153,0,0
538.226571527346,18,325,0,0
538.2275614806243,13,355,0,0
538.2613690457667,10,347,0,0
538.2629432554854,16,332,0,0
538.2733584022214,6,164,0,0
538.274795928165,10,86,0,0
538.361710392734,608,239,0,0
538.3662803166653,15,92,0,0
538.3706763963881,989,32,0,0
538.3711835592387,32,232,0,0
538.372461379685,15,767,0,0
538.4044671752666,2445,160,0,0
538.4391646122856,113,6750,0,1
538.4642872342611,23,493,0,0
538.4930335572521,85,534,0,0
538.6019982830256,35,769,0,0
538.6231041881053,15,154,0,0
538.6253621094642,1091,159,0,0
538.6615821581556,6,161,0,0
538.6727233318155,469,168,0,0
539.0934737795641,31,564,0,0
539.0938779610366,9,235,0,0
539.1056953615164,81,169,0,0
539.1171190700967,38,383,0,0
540.5114005678129,209,415,0,0
540.5193961176127,19,289,0,0
540.5198439987213,63,242,0,0
540.5412933044205,8,154,0,0
540.5421939673441,22,201,0,0
540.7156232879729,351,314,0,0
540.7610795848321,19,515,0,0
540.7780600913238,31,30,0,0
540.7969388384174,209,228,0,0
540.8102422405389,1850,10,1,0
540.8321396216073,6,687,0,0
540.8334710842204,5,243,0,0
540.8343050422799,21,425,0,0
540.8532270103318,18,494,0,0
540.9216983244463,5,29,0,0
542.3140057125248,12,388,0,0
542.3709319953034,966,779,0,0
542.3845233541076,14,438,0,0
542.3987976651264,649,7070,0,1
542.4726005900416,10,295,0,0
542.5448519000582,81,324,0,0
542.5731070754154,34,244,0,0
542.9616591549585,624,324,0,0
542.993092241101,18,2560,0,1
542.9942228406885,11,244,0,0
543.0044788083377,18,216,0,0
543.0107355065579,13,180,0,0
543.018096210213,15,238,0,0
545.0298558312038,17,185,0,0
545.0306016829039,47,337,0,0
545.0322124113044,7,113,0,0
545.1222402913143,14,765,0,0
545.1252593503643,919,5720,0,1
545.2198938133405,41,71,0,0
545.4513681685843,7,185,0,0
545.4537854316458,15,438,0,0
545.476204012148,22,249,0,0
545.4985485492434,1492,767,0,0
545.4990289014901,50,147,0,0
545.5158625493862,190,351,1,0
545.6274975829407,1505,331,0,0
545.6293350570821,50,286,0,0
546.0089597542259,663,176,0,0
546.0116106548929,31,95,0,0
546.5364221382301,15,308,0,0
546.5418093221441,27,267,0,0
546.5509305701802,31,226,0,0
546.5551663158216,186,461,0,0
546.7973709135641,10,579,0,0
546.8356497019815,136,78,0,0
546.8464629892528,23,32,0,0
546.8976672785146,42,350,0,0
546.9001382605339,72,151,0,0
546.9100468084165,8,218,0,0
547.1571946864233,253,250,0,0
547.22052067421,1231,370,0,0
547.2306413943087,65,309,0,0
547.2405900066104,81,261,0,0
547.3140680539891,7,328,0,0
547.3220205092387,19,232,0,0
547.3269027176734,18,356,0,0
547.3425083500086,18,127,0,0
547.5128605214944,1772,13,0,0
547.5269471474405,251,131,0,0
547.5324949858626,19,137,0,0
547.5473155488203,14,445,0,0
547.994263746934,279,275,0,0
549.3150530365298,45,117,0,0
549.3285440003567,241,433,0,0
549.4375073139779,20,761,0,0
549.4453762883661,36,747,0,0
549.9645158762111,36,322,0,0
549.9703739158329,34,388,0,0
549.9992500325111,96,281,0,0
550.0032720209267,15,309,0,0
550.0065118232322,7987,205,1,0
550.5665589273212,787,65,0,0
550.6442522855169,31,75,0,0
551.1272076114678,61,747,0,0
551.1381334422234,5,163,0,0
551.159070467143,8,357,0,0
551.1771532425246,6,16,0,0
551.2977983193028,1452,161,0,0
551.3797982233808,31,563,0,0
551.432378991409,7,75,0,0
551.5463793171683,105,596,0,0
551.6608536798781,77,310,0,0
552.1382700857973,475,769,0,0
552.283076375869,108,127,0,0
552.2838176380571,14,451,0,0
552.2873692568695,14,91,0,0
552.3787775587335,231,39,0,0
552.4055137657779,959,769,0,0
552.4284766727526,286,155,0,0
552.4569971613158,461,767,0,0
552.4730920000842,184,146,0,0
552.4751708727761,71,769,0,0
552.5685611548486,14,151,0,0
552.568679565622,8,118,0,0
552.6077978144488,11,289,0,0
552.6136072671244,10,149,0,0
552.6171105201203,120,314,0,0
552.6191021907957,15,262,0,0
552.6582327917024,106,365,0,0
552.7984186499564,20,575,0,0
552.8527717883251,36,237,0,0
552.8611674200077,82,52,0,0
552.86664591697,25,321,0,0
552.8686008177805,20,434,0,0
552.8853845159582,1632,298,0,0
552.888190002233,228,767,0,0
552.9012199353556,9,133,0,0
552.9068894567785,1655,755,0,0
552.9089147057429,42,117,0,0
552.9406945639033,750,2570,1,1
552.9981674463099,10,275,0,0
553.1902681356552,19,771,0,0
553.191749145236,17,262,0,0
553.1975962255619,21,178,0,0
553.2025908053024,42,215,0,0
553.2072349416144,14,617,0,0
553.2073746549758,108,294,0,0
553.2112128796203,590,140,0,0
553.2259884142536,1073,326,0,0
553.2583671497417,6,176,0,0
553.6945096733931,2569,318,0,0
553.6952257234259,1755,268,0,0
553.7006070699645,6,261,0,0
553.7083425349408,16,372,0,0
553.7333192920514,65,76,0,0
553.7360543410526,14,174,0,0
553.746839067437,18,94,0,0
553.7477198056479,8,30,0,0
553.7495355622628,13,177,0,0
553.8038685358982,10,236,0,0
553.8132643684169,407,31,0,0
553.8160132656392,64,492,0,0
553.8196563584492,20,228,0,0
553.8494534505613,20,280,0,0
553.8500918890633,32,391,0,0
565.1353019105671,81,95,0,0
565.1543598193181,26,574,0,0
565.1591785531588,191,67,0,0
565.1602854284035,29,239,0,0
565.5353399997022,22,596,0,0
565.5633362116448,40,608,0,0
565.5654905421238,11,485,0,0
565.5691633966621,446,31,0,0
565.5711733009473,33,533,0,0
565.5743652614534,143,127,0,0
565.5760052127441,543,129,0,0
565.7113621335154,280,196,1,0
565.8699242652569,320,130,0,0
565.9206262057819,72,86,0,0
565.921129170253,10,119,0,0
565.9246165475546,53,543,0,0
566.1319054077006,46,298,0,0
566.1361241453927,14,364,0,0
566.288658879246,6,84,0,0
566.3121900585834,8,76,0,0
566.3146367326983,50,94,0,0
566.410384435385,7,55,0,0
566.4458168953431,30,767,0,0
566.4934566907051,518,89,0,0
566.6018876096904,6,252,0,0
566.758846596565,113,149,0,0
566.7605125143558,386,126,0,0
566.7691920909116,11,269,0,0
566.7728634731918,22,16,0,0
566.7731816864986,123,164,0,0
566.7884779413841,111,670,0,0
567.0109115007424,12,311,0,0
567.0186537116253,14,143,0,0
567.8037261612548,18,352,0,0
567.8359148242384,52,336,0,0
567.8964520664404,513,142,0,0
567.9419640327258,30,68,0,0
567.9488600300951,1281,502,0,0
568.1162340090789,572,241,0,0
568.1557099091649,28,543,0,0
568.1568308362163,14,336,0,0
568.1720231862153,49,147,0,0
568.21067837977,19,68,0,0
568.2533734005455,164,161,0,0
568.3975132203859,7,41,0,0
568.4053508973001,12,268,0,0
568.5913171370449,475,313,0,0
568.6340157073201,11,21,0,0
568.8634067665477,14,308,0,0
568.8667075539331,23,144,0,0
568.8788458471901,4,24,0,0
568.8790535204507,7,248,0,0
568.9250626049945,139,251,0,0
569.058032773436,100,116,1,0
569.0583861029787,299,113,0,0
569.0936951382932,1098,621,0,0
569.1594064457239,9,28,0,0
569.2015136669277,220,13,0,0
569.2305470243648,9,305,0,0
569.23514298587,32,342,0,0
569.2387498727231,120,38,1,0
569.2441738618003,16,560,0,1
569.3171800579191,1077,615,0,0
569.4006584690853,11,101,0,0
569.4226638273242,37,120,0,0
569.5970006200438,34,25,0,0
569.7564694315814,27,1090,0,1
569.8003147978756,16,311,0,0
569.8765382615034,29,257,0,0
569.8769276311044,5,150,0,1
569.9616928718665,11,376,0,0
570.0302979684116,31,415,0,0
570.0848903730159,75,353,0,0
570.1942598956435,168,84,0,0
570.204776190331,6,128,0,0
570.4975813025553,7,119,0,0
570.6535585853554,7,320,0,0
570.6654023579194,21,116,0,0
570.8557696246467,11,344,0,0
570.878808517463,20,504,0,0
570.8837056072084,8,528,0,0
570.9073071921924,9,739,0,0
570.9275474684965,335,172,0,0
570.9276642822331,190,88,1,0
570.933199108936,5,100,0,0
570.9342190126123,346,3060,0,1
571.1025093053505,1120,204,1,0
571.1078206453371,68,206,0,0
571.1423915352125,113,108,0,0
571.7082925787565,210,351,1,0
571.7177203604335,124,7,0,0
571.7652914108158,170,781,0,0
571.7797726168768,15,465,0,0
571.783025150857,8,229,0,0
571.7930949665952,10,269,0,0
571.8226673444321,17,179,0,0
571.9147652522079,27,195,0,0
571.9309603629507,362,148,0,0
571.9639791303823,18,4740,0,1
571.9662492170352,22,59,0,0
571.9683102990396,24,177,0,0
572.5969115680809,19,387,0,0
572.6117086359371,15,767,0,0
572.6421821203446,40,2670,0,1
572.6457076057942,328,1730,0,1
572.646132635619,77,418,0,0
572.6485872904673,63,267,0,0
572.7410484692126,12,203,0,0
572.74478222875,373,783,0,0
572.810090640338,35,241,0,0
572.8213630681794,24,357,0,0
572.861942588531,680,240,0,0
572.8639333693716,36,27,0,0
572.8918579104314,1962,130,0,0
572.8969020447489,200,324,0,0
572.9652520985196,29,472,0,0
572.9665187707135,213,368,0,0
573.0356772352255,11,280,0,0
573.0616983849511,8,158,0,0
573.0620480877968,18,385,0,0
573.1533925453052,188,200,0,0
573.1599252367748,10,339,0,0
573.1853973572175,814,768,0,0
573.1867393410719,48,181,0,0
573.1892358811807,34,3150,0,1
573.9256612847288,30,542,0,0
573.9313538924188,181,337,0,0
573.9697424752948,26,254,0,0
574.5531668448757,66,474,0,0
574.5570760067646,39,170,0,0
574.558356070809,24,371,0,0
574.7656272479487,59,159,0,0
574.7723934477252,14,118,0,0
574.9032218313067,2889,471,0,0
574.9039871138176,11,275,0,0
574.905446924684,12,199,0,0
575.0586452082591,20,3130,0,1
575.0654775189831,464,37,0,0
575.9099287534892,29,160,0,0
575.9135332562698,212,622,0,0
575.9384554523245,5,12,0,0
575.9403102902293,32,4940,0,1
575.945642849037,14,87,0,0
575.9537008439568,5,94,0,0
575.9616826943014,95,128,0,0
575.9632015690545,13,477,0,0
576.053951716897,22,331,0,0
576.0931387342505,611,173,0,0
576.1272643094537,85,292,0,0
576.2200966703612,24,168,0,0
576.2882629929786,643,159,0,0
576.5631005650538,18,482,0,0
576.5718877311157,10,34,0,0
576.7050719073853,14,129,0,0
576.7072480222882,22,235,0,0
576.7954635916368,168,28,0,0
576.8160293756308,207,777,0,0
576.827873774076,44,661,0,0
576.8576680262639,30,280,0,0
576.9452112557362,8,600,0,0
577.1313491290389,144,627,0,0
577.1313876201186,20,437,0,0
577.1368550984782,218,520,0,0
577.1506085746427,175,276,0,0
577.1520758162038,24,737,0,0
577.1668290644467,8,297,0,0
583.7016335621347,2114,196,0,0
583.7742641462468,16,3170,0,1
583.779783899412,12,242,0,0
583.7960400572457,18,414,0,0
583.8204638963896,124,635,0,0
583.8761740503126,32,223,0,0
583.8805804554398,48,607,0,0
583.9624881113413,7,31,0,0
583.9637841582742,511,564,0,0
588.7091316330624,46,180,0,0
589.0811582319667,131,367,0,0
589.123556720117,51,456,0,0
589.2362739825928,9,18,0,0
589.2664888409126,12,274,0,0
589.3003063989462,62,147,0,0
589.305831796107,46,285,0,0
589.3216036331984,839,434,0,0
589.3236265358771,28,307,0,0
589.3330990276514,72,269,0,0
589.6804295889941,1096,556,0,0
589.6821508880759,205,660,0,0
592.0381414710508,690,117,0,0
592.0424336381149,476,297,0,0
592.0825878283748,34,446,0,0
592.0858970449037,23,131,0,0
592.0978939626466,49,535,0,0
592.1469205785351,2898,6,0,0
592.1479481163076,16,1330,0,1
592.1554511705908,60,279,1,0
592.1583700146257,68,258,0,0
592.1658878509432,12,89,0,0
592.1771122731618,1490,767,0,0
592.1821813711517,268,2170,0,1
592.1843273968392,275,76,0,0
592.1874503908435,24,77,0,0
592.1876416756576,17,419,0,0
592.3236977318666,262,187,0,0
592.3473460042802,14,164,0,0
592.7762603748324,394,776,0,0
592.9320929950444,29,285,0,0
592.9360771677381,23,235,0,0
592.9361480674946,60,289,0,0
593.0824858614149,211,438,0,0
593.1527294011628,4,14,0,0
593.1732781827775,50,268,0,0
593.1745491162386,100,267,0,0
593.2330490482211,22,351,0,0
593.2401179408197,890,306,1,0
593.2440936745818,16,234,0,0
593.2448170215943,2750,235,0,0
593.2569091931605,57,21,0,0
593.3149789352917,44,31,0,0
593.5178925756285,70,150,1,0
593.5202870421233,348,99,0,0
593.5733327549495,4,215,0,0
593.5804751058805,31,21,0,0
593.5828245619507,12,134,0,0
593.6182799027382,2976,158,0,0
593.8094015948894,24,309,0,0
593.810054577579,7836,356,1,0
594.573076545597,14,561,0,0
594.5769719832945,21,403,0,0
594.5826242385176,13,202,0,0
594.6766676488928,28,410,0,0
597.583402497963,12,59,0,0
597.632455601343,41,162,0,0
597.6963809475886,10,570,0,0
597.7068615320838,4,2610,0,1
597.7128687870086,8,156,0,0
598.2916919044684,106,312,0,0
598.7129931814784,355,612,0,0
598.7270632915638,27,401,0,0
598.7358427386694,2028,146,0,0
598.7406524090446,299,113,0,0
598.7467266632377,32,434,0,0
598.8219128518397,36,4450,0,1
598.8273954560154,9,104,0,0
598.8398544113007,63,390,0,0
598.8431608427002,49,350,0,0
599.005414144903,11,318,0,0
599.0546460174464,631,745,0,0
599.4565376319833,9,193,0,0
599.4615965325431,21,3070,0,1
599.4651221761129,219,1100,0,1
599.486727306367,20,229,0,0
600.2020889805186,89,239,0,0
600.2177561961423,25,666,0,0
600.2765928145379,12,446,0,0
600.2774348202004,94,90,0,0
600.280673635198,142,223,0,0
600.2853729212352,61,87,0,0
600.4678787615052,2375,86,0,0
600.4691330254682,27,137,0,0
600.4698666122821,24,261,0,0
600.4963122530967,78,45,0,0
600.4986582884063,80,241,1,0
600.5118553954873,9,86,0,0
600.5386825396617,81,205,0,0
600.5442616281337,43,260,0,0
600.6299444709256,19,83,0,0
600.7266016375174,37,164,0,0
600.8098156852245,30,698,0,0
601.1120919401332,10,263,0,0
601.1316831060852,117,520,0,0
601.1743708074148,5,21,0,0
601.2489400784361,16,597,0,0
601.2887214479514,430,204,0,0
601.3287408526676,1105,700,0,0
601.3322229217932,9,120,0,0
601.6218017720236,13,119,0,0
601.6268174746199,8,400,0,0
601.6311961475768,20,352,0,0
601.6333330145973,57,5960,0,1
601.6647774012621,29,55,0,0
601.6698284566997,60,4940,0,1
601.6759813976925,22,16,0,0
601.7441940267186,13,100,0,0
601.7452764713876,100,2090,1,1
601.896129688096,56,56,0,0
601.9457100024747,7785,407,1,0
601.9462586590507,143,303,0,0
602.2731002703094,22,2310,0,1
602.2828383921576,500,56,0,0
602.336158883947,1572,501,0,0
602.374445508033,60,154,0,0
602.3746131357517,216,91,0,0
602.5558425152158,20,1150,0,1
602.5583537577922,15,680,0,0
602.5748281488728,1354,2550,0,1
602.583540937029,111,384,0,0
603.5688091576043,4,767,0,0
603.9853877420895,25,900,0,1
604.0266646163062,49,262,0,0
604.0691409165216,4,95,0,0
604.0798224365316,101,361,0,0
604.088384343112,110,100,1,0
604.090115218469,51,767,0,0
604.093012839921,17,247,0,0
604.1013808565302,977,68,0,0
604.1016671449579,2600,236,1,0
604.1553244927859,37,25,0,0
604.1556986366468,11,237,0,0
604.340515836684,15,121,0,0
604.5954321259193,27,2900,0,1
604.6124065670496,14,204,0,0
604.7844906428659,25,228,0,0
605.0465669781162,54,338,0,0
605.0517950352499,22,698,0,0
605.0883715397521,22,418,0,0
605.1457976037789,77,33,0,0
605.1550047486437,11,120,0,0
605.1559017972025,35,319,0,0
605.1773815437222,12,471,0,0
605.2245707990966,8,66,0,0
605.2547522600421,9,125,0,0
605.4044885537913,196,212,0,0
605.4653187075452,68,4260,0,1
605.4670382020804,22,19,0,0
605.4718943253134,94,40,0,0
605.5353211558881,19,26,0,0
605.8046774988792,150,500,1,0
606.305241049849,62,325,0,0
606.3139149687078,55,91,0,0
609.4258437293796,62,298,0,0
609.4271104882331,96,382,0,0
609.4354144641765,431,747,0,0
609.4359673510018,41,399,0,0
609.4381438466502,1533,310,0,0
610.6880329321037,272,308,0,0
610.7617532346768,6,234,0,0
610.7728154330244,15,30,0,0
610.7968805960336,61,382,0,0
610.798514800897,36,488,0,0
610.934688196399,14,407,0,0
611.0031360130486,82,159,0,0
611.0042446470906,278,7390,0,1
611.0118474664815,30,516,0,0
613.95992430547,14,1390,0,1
613.9602089240797,68,296,0,0
613.9990221967433,12,204,0,0
614.0010098393121,33,262,0,0
614.0415265312728,375,319,0,0
614.0466064264157,414,2230,0,1
614.0662738913718,581,435,0,0
614.0723768995823,12,66,0,0
614.0738277405594,1259,218,0,0
614.0823344758295,52,167,0,0
614.0847743932666,176,389,0,0
614.1008688222759,22,338,0,0
614.1585479717353,67,768,0,0
614.1609696816236,130,174,1,0
614.3170544343315,55,651,0,0
614.3225275158335,70,411,1,0
614.3365300024622,790,86,1,0
614.3477425300591,19,211,0,0
614.3488568876459,72,633,0,0
614.3491358920858,33,477,0,0
614.3987361091322,77,91,0,0
614.4312416888531,30,205,0,0
614.515617442335,3147,767,0,0
614.8071540657418,19,265,0,0
614.8310776303829,9,324,0,0
614.8314854138987,15,326,0,0
614.8334914852381,473,72,0,0
614.8421981660218,16,194,0,0
614.842644417839,11,56,0,0
614.8623417820829,223,119,0,0
614.8714157045221,4030,24,1,0
614.8748814535236,8,490,0,0
614.9213486472048,752,536,0,0
614.9221842894442,24,135,0,0
614.9445308592734,21,676,0,0
614.9993732633343,51,634,0,0
615.0002254792033,70,325,1,0
615.0088562258619,23,167,0,0
615.0396933052101,965,352,0,0
615.1442084598331,15,32,0,0
615.2413804617822,69,429,0,0
615.2421673066824,161,413,0,0
615.2949172000543,93,4700,0,1
615.3557284754526,2510,770,1,0
615.3591589334447,64,288,0,0
615.4182395738966,43,166,0,0
615.427504616809,111,136,0,0
615.452585440215,479,528,0,0
615.505127413644,40,770,0,0
615.5201043951162,7,36,0,0
615.6243578772834,38,363,0,0
616.1384033051302,522,477,0,0
616.3405902631254,9,525,0,0
616.3419625657278,76,127,0,0
616.3493667391972,37,139,0,0
616.357617094415,8,171,0,0
616.4199347693659,12,82,0,0
616.6339653326858,41,428,0,0
616.6385094317561,45,256,0,0
616.6805452334016,14,26,0,0
616.6807706638444,54,155,0,0
616.6899351435658,24,498,0,0
616.821841249285,16,89,0,0
616.8603431872798,89,239,0,0
616.8787095290903,216,436,0,0
616.9346546612829,49,121,0,0
616.9560591109716,13,226,0,0
617.0178299218007,31,284,0,0
617.051673789163,202,45,0,0
617.1932259920031,17,239,0,0
617.5142336368605,5,84,0,0
617.5276902322697,54,698,0,0
617.542677572016,210,430,0,0
618.622682207743,164,269,0,0
618.7899233735167,18,489,0,0
618.801675337299,19,556,0,0
618.8281475907945,97,172,0,0
618.8502345465183,95,621,0,0
618.9061004842325,55,146,0,0
618.9062178305243,50,731,0,0
618.9204874825665,1347,31,0,0
618.9526786860389,11,398,0,0
618.9766539091038,11,218,0,0
619.0091571643793,20,19,0,0
619.0182166912498,90,284,1,0
619.0562726608782,12,152,0,0
619.0668261960636,11,1730,0,1
619.0861789095876,603,165,0,0
619.0864824505575,1108,645,0,0
619.1241323179007,11,182,0,0
619.1295388642984,29,226,0,0
619.4412112835655,13,245,0,0
619.5091321273973,72,270,0,0
619.5204190597899,19,81,0,0
619.5226356582226,90,245,1,0
619.6364697719315,77,567,0,0
619.6549084141304,10,260,0,0
619.6605100208316,86,480,0,1
619.6645541138726,336,148,0,0
619.66538902914,181,12,0,0
619.6654695562526,2266,266,0,0
619.6676917806036,259,343,0,0
619.7054528549795,14,487,0,0
619.7061724806397,33,501,0,0
620.9509244100386,59,39,0,0
620.9611457834848,20,414,0,0
620.9644359746308,24,191,0,0
622.0604105708435,145,534,0,0
622.2313420502688,30,196,0,0
622.2587044003687,13,252,0,0
622.2712331143838,53,751,0,0
622.276446261618,28,404,0,0
622.2792903073312,7,314,0,0
622.2932974039975,92,128,0,0
622.3116352797334,63,173,0,0
622.4199646141293,10,460,0,1
622.4304308975404,6,204,0,0
622.4398787459004,27,492,0,0
622.4535216346382,204,79,0,0
623.4617173844658,696,734,0,0
623.4829340555613,1222,6970,0,1
623.560502414811,14,193,0,0
623.5730259561501,116,311,0,0
623.5813162668367,15,262,0,0
623.5818539322343,172,180,0,0
623.6078729705695,48,626,0,0
623.6271852385155,190,279,1,0
623.6431566117792,1240,449,1,0
623.6454273738666,301,46,0,0
623.6561726860344,8,769,0,0
623.6570686098307,1167,141,0,0
623.7109368833558,19,16,0,0
623.7263478077064,31,98,0,0
623.8057262242239,330,767,0,0
623.9218557638176,561,132,0,0
623.9689093969109,20,97,0,0
623.9693245491228,23,170,0,0
623.9771974076937,165,362,0,0
623.9793386040989,17,243,0,0
623.9834711016609,1561,6120,0,1
623.9983701966357,64,66,0,0
624.2477546983818,8,440,0,0
624.3517556406179,56,3110,0,1
624.3552585858246,10,127,0,0
624.3633482372752,290,368,1,0
624.3713904197584,5,43,0,0
624.4086523682948,11,2650,0,1
624.4155494617889,57,165,0,0
624.4291253463007,20,225,0,0
624.4347510706847,1230,152,1,0
624.9017722746728,15,335,0,0
624.9252104913877,126,350,0,0
625.0275083026524,13,279,0,0
625.0719746641089,24,329,0,0
625.0723687234987,21,359,0,0
625.1055738513302,18,218,0,0
625.1075576673506,20,160,0,0
625.1128516457421,388,557,0,0
625.1185894821278,217,84,0,0
625.1264643635451,266,254,0,0
625.2188281279538,11,414,0,0
625.2237347489943,1148,33,0,0
625.2408887187136,19,60,0,0
625.2790434764155,29,621,0,0
625.2806630560137,36,446,0,0
625.4006841816774,15,312,0,0
625.4054254602294,8,267,0,0
625.5138270776995,34,462,0,0
626.1144154357183,136,127,0,0
626.1176193482361,49,106,0,0
627.109745223963,13,304,0,0
627.2090548801425,148,88,0,0
627.6173742564389,110,47,1,0
627.8456297274599,13,395,0,0
627.8457144603177,8,2360,0,1
627.8458610939418,159,251,0,0
627.8525239423471,31,16,0,0
627.9019587294173,118,274,0,0
627.9036370633584,10,303,0,0
627.942081175463,2239,608,0,0
627.9551599965198,6,22,0,0
627.9829785657473,21,421,0,0
628.0203765700518,631,745,0,0
628.0275932187991,1522,334,0,0
628.4229972828621,164,74,0,0
628.6417449616958,54,61,0,0
628.6701351210304,17,291,0,0
628.7282612465089,11,87,0,0
628.7293883134561,773,2380,0,1
628.7296240559843,180,281,1,0
628.74808803845,20,401,0,0
628.7500320015255,36,6160,0,1
628.7728216963111,24,204,0,0
628.7738982027525,37,354,0,0
628.7764706418382,15,100,0,0
628.8748673162572,23,150,0,0
628.8755230954101,39,163,0,0
628.9634847337666,14,3510,0,1
628.9744054643456,140,616,0,0
628.9749909979009,105,946,0,0
628.9761134815994,44,135,0,0
628.9762276909498,9,245,0,0
628.9778194018561,268,138,0,0
629.0383677110003,1000,434,1,0
629.0386729329508,2508,2010,0,1
629.0520232817495,17,328,0,0
629.4525163591103,24,96,0,0
629.4549549753873,39,54,0,0
629.7440505723359,25,391,0,0
629.7446818798186,299,1000,0,1
629.8246416553429,4,117,0,0
629.8354033371617,388,371,0,0
629.851001870093,31,39,0,0
629.8927565240596,60,173,1,0
629.8967146276603,255,3340,0,1
629.9019108962125,61,767,0,0
629.9173799354676,67,217,0,0
630.7118134616424,80,472,0,0
636.0588657291446,14,163,0,0
636.06795425565,80,107,0,0
636.0938206653608,8,80,0,0
636.0962632099955,9,407,0,0
638.2140667592495,8,212,0,0
638.2264630545077,134,37,0,0
638.3894022762838,33,653,0,0
638.3939043564058,19,139,0,0
638.40158488278,20,286,0,0
638.4110320845301,336,556,0,0
638.4144700741911,16,365,0,0
638.4655719991221,155,202,0,0
638.5404727997236,74,371,0,0
638.8058352123813,82,316,0,0
638.8100146152692,4,42,0,0
638.811248256812,123,152,0,0
638.8810370406687,297,39,0,0
638.9009793699681,22,13,0,0
638.909633352888,12,266,0,0
638.9901930045804,14,115,0,0
639.3295900664864,323,419,0,0
639.5242291046993,270,197,1,0
639.5280831475449,22,176,0,0
639.547537469013,1040,436,0,0
639.548543158163,13,312,0,0
639.5528082466669,9,212,0,0
639.5564071990167,62,2090,0,1
639.5565763028213,18,312,0,0
639.5610339881767,22,316,0,0
639.5987160554752,47,242,0,0
639.5993775092405,111,390,0,1
639.7296596139671,77,3960,0,1
639.7406362183692,45,27,0,0
639.741080480822,37,33,0,0
639.757483802235,15,303,0,0
639.7984222721059,15,433,0,0
639.8616518245017,32,547,0,0
639.9132550032061,253,673,0,0
640.0274504243504,18,307,0,0
640.0607691897694,139,55,0,0
640.0783479518848,100,204,1,0
640.0883538607889,252,535,0,0
640.0895826913712,7,42,0,0
640.5654111696784,8,382,0,0
640.6408629517823,67,531,0,0
640.6624185146826,23,134,0,0
640.7096567852395,1899,173,0,0
640.7449385538445,28,196,0,0
640.7473640967697,20,433,0,0
640.7482916085162,10,61,0,0
640.9607754807134,15,89,0,0
641.010289469567,19,354,0,0
641.0406983047806,118,424,0,0
641.2761475026423,14,196,0,0
641.3405636787196,124,7,0,0
641.3683759974483,10,159,0,0
641.3992200676789,6,13,0,0
641.4319468723156,395,27,0,0
641.6079557144589,63,684,0,0
641.8416203477761,1480,123,1,0
641.8519343745417,13,219,0,0
641.8585814698787,24,405,0,0
641.885548983039,2085,13,0,0
641.8943269424087,18,303,0,0
641.9618469604395,276,270,0,0
641.9634616870377,4310,121,1,0
641.9906314922088,7,296,0,0
642.0036765584348,16,450,0,0
642.0163662311362,59,370,0,0
642.0182881025758,18,450,0,1
642.143946404061,10,275,0,0
642.1671659498412,8,52,0,0
642.3057634463335,40,204,0,0
642.3281340258236,142,206,0,0
642.3360423692442,15,261,0,0
642.3936085764336,8,177,0,0
642.5274872385685,55,72,0,0
642.5332141563954,14,230,0,0
642.5436037870827,34,16,0,0
642.5474470894694,804,452,0,0
642.5916850973279,6,620,0,0
642.5925816988404,13,107,0,0
642.6899520751127,16,328,0,0
642.7158576196591,11,237,0,0
642.7391520512139,25,394,0,0
642.9390731799299,60,178,0,0
644.017121955249,10,260,0,0
644.0571153405706,12,465,0,0
644.0607332621756,7,1560,0,1
644.0687831112743,13,314,0,0
644.1026096017627,28,508,0,0
644.27921652198,163,118,0,0
644.2848801594516,62,326,0,0
644.3092327301134,160,366,1,0
644.626659688663,1560,246,1,0
644.6343941801866,5,100,0,0
645.1053137561578,54,485,0,0
645.1114834380907,39,324,0,0
645.1207484272089,28,59,0,0
645.1212317354223,42,279,0,0
645.1363568051972,69,3910,0,1
645.1413182079206,8089,103,1,0
645.346172179032,202,114,0,0
645.367697732328,18,163,0,0
645.3712783453914,10,118,0,0
645.3717590305652,191,262,0,0
645.3729202582898,19,391,0,0
645.9589518468579,40,154,0,0
647.7657921359125,8,168,0,0
648.0237478573191,44,395,0,0
648.0247673419487,25,440,0,0
648.1314861299787,177,470,0,0
648.1529503884329,582,386,0,0
648.220807097993,35,258,0,0
648.2240928939569,136,572,0,0
648.2414752292441,19,34,0,0
648.2785813813049,17,112,0,0
648.2812340175755,16,300,0,0
648.3615737986066,7547,645,1,0
648.3636772248069,21,298,0,0
648.4103091638249,14,209,0,0
648.4725295083806,130,540,1,0
648.4802259144691,10,105,0,0
648.4809781436772,2375,86,0,0
648.4842532050131,29,397,0,0
648.5206879428846,67,63,0,0
648.5725432894728,21,398,0,0
648.5917069789402,14,382,0,0
648.6336142188795,4,162,0,0
648.6346208398229,43,252,0,0
648.7786270081768,8,353,0,0
648.7793874573782,64,237,0,0
648.8360381514036,2402,133,0,0
648.8454076542123,38,343,0,0
648.8489327575626,38,260,0,0
648.8730549244664,50,214,1,0
648.8763772458718,48,291,0,0
648.8858112860828,1083,767,0,0
648.890653403337,19,253,0,0
649.1562608062079,48,198,0,0
649.1920795254467,30,35,0,0
649.2231688278514,10,97,0,0
649.3068507343743,13,279,0,0
649.3892592459115,13,208,0,0
649.4076342039527,360,243,1,0
649.4096941330948,141,769,0,0
649.4221009103604,2651,78,0,0
649.6245948079828,24,294,0,0
649.6485520290839,272,767,0,0
649.668712488285,118,449,0,0
649.6760132830461,163,411,0,0
649.6857241340919,10,259,0,0
649.6861309907293,176,622,0,0
649.6889359715065,136,393,0,0
649.6898795631564,22,443,0,0
649.694619446668,14,316,0,0
649.696359687279,9,561,0,0
649.7169991260486,740,231,1,0
649.9205781245909,6950,132,1,0
649.9401196813164,406,313,0,0
649.9542756543374,15,164,0,0
649.9547467850092,139,684,0,0
650.1002410177043,41,244,0,0
650.1027062806432,100,478,1,0
650.1047912022375,63,46,0,0
650.1117828301265,605,255,0,0
650.1219105742522,142,373,0,0
650.1368613086267,42,236,0,0
650.1451263098356,1420,292,1,0
650.1550979185288,5,19,0,0
650.2345959007902,26,80,0,0
650.2373786744349,413,46,0,0
650.2574710173841,2191,627,0,0
650.2826767050907,25,358,0,0
650.3103977188559,11,235,0,0
650.3177500278549,19,233,0,0
650.3179864103824,7,93,0,0
650.345786473258,10,95,0,0
650.375731497985,11,261,0,0
650.3767220627489,8172,20,1,0
650.5294771775616,12,361,0,0
650.5297697533592,80,356,0,0
650.9388073556559,24,100,0,0
650.9497976231445,18,52,0,0
650.9896575055611,760,30,0,0
651.0152032021325,40,257,0,0
651.0184736657231,8,196,0,0
651.0312987470742,653,672,0,0
652.1295673841698,121,43,0,0
652.1440551215867,2037,491,0,0
652.1794904301254,205,391,0,0
652.353436123953,1214,287,0,0
652.8466515423293,175,98,0,0
652.9419402402115,10,144,0,0
653.1346433447178,20,83,0,0
653.1581902812967,8,131,0,0
653.2616552749032,182,504,0,0
653.3605157580682,946,372,0,0
653.4670182505143,20,530,0,0
653.4740117896516,20,312,0,0
653.4741252689072,26,353,0,0
653.5214790180356,130,336,1,0
653.5267792503518,2153,119,0,0
660.1268921014423,15,287,0,0
660.1678441582875,53,362,0,0
660.1969740244598,2421,314,0,0
660.2018337138122,2411,339,0,0
660.3519023945048,1879,28,0,0
660.4106942779268,7,184,0,0
660.4335261237973,10,216,0,0
660.5304182496288,12,336,0,0
660.5938924423256,9,5500,0,1
660.6240675546226,2292,192,0,0
660.629556180494,15,90,0,0
660.6311282668858,13,123,0,0
660.6329272121594,306,175,0,0
660.6704228418973,18,48,0,0
660.6722354513854,293,116,0,0
660.9617667004555,30,423,0,0
660.97582409327,8,55,0,0
661.2730791983245,150,12,1,0
661.2964856682322,37,95,0,0
661.3093091779207,52,117,0,0
661.3246300040422,154,664,0,0
661.324915614987,30,439,0,0
661.33183466072,22,3590,0,1
661.3846152815227,59,321,0,0
661.3868974810978,17,411,0,0
661.3980485462052,19,164,0,0
661.3984337242721,46,257,0,0
661.4140388936509,29,670,0,1
661.4152407218903,29,147,0,0
661.4245546721288,22,249,0,0
661.4394011839713,14,182,0,0
661.616127905596,17,155,0,0
661.6620403266354,30,102,0,0
661.6726134177848,7,360,0,0
661.7264997548365,77,73,0,0
661.7332689267348,8,335,0,0
661.7613143648939,16,131,0,0
661.7659077613071,99,364,0,0
661.7734639069598,20,253,0,0
661.8669623852952,100,142,1,0
661.8962690593522,22,202,0,0
662.0287818243226,23,1620,0,1
662.0766465402309,41,50,0,0
662.0863477718576,13,112,0,0
662.0865263181606,7,13,0,0
662.086860814606,48,382,0,0
662.087834289054,1390,251,1,0
662.133217987893,85,543,0,0
662.2560660386079,395,119,0,0
662.2831531462264,224,421,0,0
662.3085895789582,7,233,0,0
662.3421929789861,7,42,0,0
662.3432190520679,56,31,0,0
662.3541212217958,6,46,0,0
662.4442665847524,5,45,0,0
662.4627624149971,352,155,0,0
662.4664067663377,51,84,0,0
662.4671879177331,34,151,0,0
662.5313773731498,307,652,0,0
662.6910842262295,6,194,0,0
662.6934001593021,44,2670,0,1
662.7021827843182,625,134,0,0
662.7064896755189,157,233,0,0
662.7535506175537,924,192,0,0
662.770985789038,16,354,0,0
662.8059292311308,4000,163,1,0
662.8111646186687,182,198,0,0
662.8700719205004,33,303,0,0
662.872373571184,8,304,0,0
662.8803418893625,1558,634,0,0
662.8832893606017,346,191,0,0
662.8846493021085,11,124,0,0
662.9067452733303,20,38,0,0
663.1883281907319,16,301,0,0
663.2115265206114,32,224,0,0
663.251397140275,88,338,0,0
663.2519800970388,909,22,0,0
663.4087532842963,50,211,0,0
663.4101942150971,11,12,0,0
663.4766891260624,34,615,0,0
663.4907224658848,9,270,0,0
663.5304476233534,121,135,0,0
663.540098981133,8,286,0,0
663.6136737741236,864,599,0,0
663.6194730796618,74,185,0,0
663.7805163357116,71,2010,0,1
663.8087781878836,690,158,0,0
663.8204590926159,15,448,0,0
663.8971601509965,188,204,0,0
663.9048445313017,2701,134,0,0
663.9057047567434,981,162,0,0
663.9236015354185,10,251,0,0
663.9267305871422,266,183,0,0
664.719679840212,10,99,0,0
664.8500993326443,14,383,0,0
664.8824320560709,70,322,1,0
664.8856618579315,25,314,0,0
664.8946145116646,652,231,0,0
664.9279978279051,875,768,0,0
664.9325746031476,14,341,0,0
664.933326896866,9,2630,0,1
665.0056555867409,11,168,0,0
676.330453932124,323,327,0,0
676.3864024507074,90,56,0,0
676.5655197410011,56,366,0,0
676.5656957118435,27,260,0,1
676.5670168364843,279,154,0,0
676.5839169014818,380,78,1,0
676.5847989748453,40,372,0,0
676.584875194002,920,501,0,0
676.5962251286477,260,30,1,0
676.6181146769252,7,221,0,0
677.1505182012397,269,812,0,0
677.1670716703503,470,126,1,0
677.1699515778005,4,212,0,0
677.1705593881325,389,107,0,0
677.2034114907365,83,26,0,0
677.2245688132706,365,410,0,0
677.2298719832986,63,769,0,0
677.2317036094217,536,520,0,0
677.2583794359019,153,166,0,0
677.2666562220853,27,56,0,0
677.3167930327596,2740,1350,1,1
677.471061457848,55,156,0,0
677.490445839086,303,186,0,0
677.4915184653325,14,165,0,0
677.6830266941705,9,357,0,0
677.6856038461646,562,318,0,0
677.688878976985,473,72,0,0
677.724692795881,88,66,0,0
677.7439663753812,32,61,0,0
678.2685901457345,17,356,0,0
678.3214591358405,38,216,0,0
678.3516220195701,708,732,0,0
678.4455521435619,1138,39,0,0
678.5451157621906,10,368,0,0
678.5578141204444,15,234,0,0
679.6578704130999,2100,196,0,0
679.7606892622956,13,379,0,0
679.7814893166271,9,136,0,0
679.8109853892795,1180,175,1,0
679.8816380945848,130,202,1,0
679.905940033793,190,179,1,0
679.9416382076072,463,218,0,0
679.9614880767542,52,352,0,0
680.1200137661934,7,317,0,0
680.1227635490997,14,102,0,0
680.1404058483002,22,688,0,0
680.1457849943637,225,337,0,0
681.9011593907475,11,3960,0,1
685.1198527091627,1529,3350,0,1
685.1698522327919,72,448,0,0
685.1887203820104,22,549,0,0
685.2219331649122,11,48,0,0
685.224788519015,13,543,0,0
685.2538477560088,10,402,0,0
685.2731743612491,26,416,0,0
685.2955421811643,232,107,0,0
685.3239548298985,89,528,0,0
685.4560712238982,12,299,0,0
686.461959107096,66,467,0,0
686.4621978442858,999,22,0,0
709.3528084999999,12,180,0,0
709.3614973411349,10,313,0,0
709.3909762739623,8,528,0,0
709.3923078528364,2087,560,0,0
709.3954541627099,164,478,0,0
709.4069274867516,12,248,0,0
709.4396088074915,15,565,0,0
709.4399264336216,60,214,0,0
709.4634772160075,25,323,0,0
709.4682999472482,13,94,0,0
709.5000315950763,6,212,0,0
709.655716416911,14,394,0,0
709.7936581157087,11,60,0,0
709.7941579670451,16,311,0,0
709.8267542359765,68,47,0,0
709.8839434500467,24,515,0,0
710.019954894556,48,245,0,0
710.0247251312657,202,256,0,0
710.0398187411488,15,83,0,0
710.0560563778039,7,364,0,0
710.0770111146376,24,254,0,0
710.0838253149747,320,169,1,0
710.0916770752003,16,128,0,0
711.7106787573307,69,412,0,0
711.7114767153258,464,207,0,0
711.8156157334229,54,254,0,0
711.9060116679718,1714,287,0,0
712.0123100435641,1007,290,0,0
712.0143379590396,22,204,0,0
712.0497616267044,2054,62,0,0
712.0596313415558,8,181,0,0
712.0902362702539,20,245,0,0
712.1422077194256,175,465,0,0
712.1449548034492,12,256,0,0
712.1869295930552,8,140,0,0
712.2019028832971,50,245,0,0
712.2026566726012,12,126,0,0
715.7105864759236,10,767,0,0
715.7131543754653,24,5,0,0
715.9045056674663,500,4830,0,1
715.9088027525154,44,5220,0,1
715.9261379885456,17,305,0,0
715.9556745547477,26,225,0,0
715.997147121595,9,419,0,0
716.4979153922383,243,337,0,0
716.5139588012727,12,294,0,0
717.0891977394843,173,754,0,0
717.1129373683488,40,174,0,0
717.1153562905117,21,179,0,0
717.1822681288526,12,450,0,1
717.1870123362872,388,269,0,0
717.7101011875397,10,362,0,0
717.7930286035631,110,376,1,0
717.9184377422789,1064,21,0,0
717.9199203409578,116,699,0,0
717.9680206337298,121,265,0,0
717.9680457460374,25,244,0,0
717.9729017374973,22,437,0,0
717.9760197728648,15,88,0,0
717.9777194933105,6,160,0,0
718.1575442086981,11,209,0,0
718.1596331615018,275,767,0,0
718.16021589371,7,268,0,0
718.764381663914,14,259,0,0
718.7746964545249,370,414,1,0
718.8075054084773,16,388,0,0
718.8097642552094,9,370,0,0
718.8861346880768,4,143,0,0
718.9083898216783,29,254,0,0
720.1813180510235,12,176,0,0
720.1902660120456,5,58,0,0
720.2056232461955,44,581,0,0
720.4582844996271,13,233,0,0
720.4898646194232,29,432,0,0
720.4908538550721,55,246,0,0
720.5049755335403,30,111,0,0
720.5208742843537,16,219,0,0
720.7993317029634,66,2110,0,1
720.800274934817,51,163,0,0
720.809117423805,14,401,0,0
720.8124777724812,48,684,0,0
720.8207912406206,8,455,0,0
720.8244517721483,10,158,0,0
720.8268746091835,8,57,0,0
720.9865739037161,7,271,0,0
721.006815480186,604,127,0,0
721.0930655375669,10,741,0,0
721.0949758395059,103,427,0,0
721.1020855828651,13,249,0,0
721.6860220486186,22,4370,0,1
721.698864687469,143,74,0,0
721.7121319089077,37,254,0,0
721.7456053781345,4,327,0,0
721.7854553451484,134,10,0,0
721.830205853168,14,570,0,0
721.8377690391754,18,117,0,0
721.83929619231,176,134,0,0
721.8464512562165,20,471,0,0
721.8479687271868,185,738,0,0
721.8881052654359,10,316,0,0
721.8886397203069,17,112,0,0
721.8919982251773,18,608,0,0
722.5690116489989,237,417,0,0
722.5769179763657,200,183,1,0
722.5925298400327,13,83,0,0
722.6016955012642,127,366,0,0
722.70891963325,21,938,0,0
722.9967123686467,1837,201,0,0
723.0074085824382,1447,599,0,0
723.0097658698735,36,747,0,0
723.0454936888746,15,330,0,0
723.0800619576445,7,31,0,0
723.1422057119803,7,129,0,0
723.170433603547,12,277,0,0
723.1958100192192,18,505,0,0
723.2410859016389,160,1730,1,1
723.242675802002,144,138,0,0
723.2950634296742,37,33,0,0
723.2969919582829,52,141,0,0
723.3342902828111,263,320,0,1
723.3534736729548,190,192,1,0
723.3580084559205,53,2840,0,1
723.3639487181562,49,168,0,0
723.364440248676,29,133,0,0
723.446806626775,34,6230,0,1
723.4482310298881,608,20,0,0
723.4639548026099,13,277,0,0
727.0152237637973,22,25,0,0
727.0371530124837,13,243,0,0
727.0379238712554,49,306,0,0
727.0441092044942,125,403,0,0
727.0471434235413,212,365,0,0
728.2003537461441,114,359,0,0
729.1384050525536,90,99,1,0
729.1441336304284,12,67,0,0
742.3923449897101,1040,296,1,0
742.3960632368329,14,241,0,0
742.4404087900276,117,395,0,0
742.4430279991411,42,41,0,0
742.4437094517945,75,315,0,0
742.5366011797579,5,30,0,0
742.5617754607125,29,2870,0,1
743.170997747557,300,259,1,0
743.1836117447957,8,371,0,0
743.2149010395668,565,76,0,0
743.2340105692241,12,357,0,0
743.2529586759056,6,481,0,0
743.2580786929178,60,189,0,0
743.2622260214938,12,66,0,0
743.3090221857926,39,285,0,0
743.3147704880303,48,47,0,0
743.3417687557318,11,218,0,0
743.4066851888599,16,3370,0,1
744.1138782234393,3143,567,0,0
744.1139313250527,9,3440,0,1
744.1215421696506,170,316,1,0
744.1334761421108,666,50,0,0
744.5089647078353,413,136,0,0
744.5146802864443,97,64,0,0
744.5985213303836,189,539,0,0
744.8639429901673,21,112,0,0
744.8717459323492,172,455,0,0
745.1404932872138,7,132,0,0
745.2161993484432,36,35,0,0
745.2171605591275,191,633,0,0
745.2180621159227,153,454,0,0
745.2267691578478,620,377,1,0
745.2269795420762,26,152,0,0
745.2285923804411,896,656,0,0
746.206424155239,10,35,0,0
746.2116048571532,51,362,0,0
746.2725504300676,8,217,0,0
746.4456315750173,26,317,0,0
746.4506179581133,735,167,0,0
746.484720651077,120,242,0,0
746.5557377803291,11,227,0,0
746.5749568651152,80,117,1,0
746.5752680650894,141,180,0,0
746.5772024977911,207,232,0,0
746.8528826192035,895,139,0,0
746.8545570229917,6,507,0,0
746.9857039569364,85,398,0,0
747.0037722841352,313,380,0,0
747.028213226677,1330,1140,0,1
747.0689089045011,67,226,0,0
747.0714414991651,790,134,0,0
747.0769673978693,110,237,1,0
747.0816701680935,4,160,0,0
747.0845018412098,309,373,0,0
747.0845719506875,167,453,0,0
747.0948833899,450,767,0,0
747.1942121147241,66,762,0,0
747.1978985657904,7,107,0,0
747.2024544662796,15,1500,0,1
747.2080438585591,90,329,0,0
747.2128719583204,15,3260,0,1
747.2265893709097,307,60,0,0
747.231153706253,10,119,0,0
747.3074802628903,5,92,0,0
747.3505221690958,346,210,0,0
747.7034165650404,43,445,0,0
747.707106550439,29,335,0,0
747.8419359948837,11,16,0,0
747.8437295326186,24,356,0,0
747.9025856923615,47,234,0,0
747.9160285609497,10,1170,0,1
747.9619265764793,10,244,0,0
747.9645235389424,65,136,0,0
747.9969572230253,39,237,0,0
748.0211817298425,672,125,0,0
748.0228571329335,25,125,0,0
748.0241497414404,38,395,0,0
748.0994487546653,183,223,0,0
749.7718197997402,49,139,0,0
749.7762417628334,7,465,0,0
749.9892358273485,92,310,0,0
749.9943757592317,34,14,0,0
750.0109447284722,140,286,1,0
750.0775036440438,43,273,0,0
750.1324016727809,2509,215,0,0
750.1383188703587,44,85,0,0
750.1816268090066,178,185,0,0
750.1897893739177,34,166,0,0
751.0116759271997,15,403,0,0
751.0160991352077,14,1800,0,1
751.0275605210642,36,307,0,0
751.0383338917128,23,494,0,0
751.2819902061881,50,147,0,0
751.2839020413965,11,198,0,0
751.3419847898269,13,12,0,0
751.3751879961113,87,387,0,0
751.3887973949397,34,385,0,0
751.4156824951697,471,268,0,0
751.5131451915518,16,1330,0,1
751.540587666817,106,775,0,0
751.5511479610999,1316,375,0,0
751.5728132805742,12,41,0,0
751.5752021260755,21,630,0,0
751.74022220419,355,471,0,0
751.7415053437427,38,3930,0,1
751.7423695433439,105,376,0,0
751.7449737905176,1820,94,1,0
751.7467582754215,110,30,0,0
751.8452778384207,13,189,0,0
751.8703931813138,28,230,0,0
751.8733495248931,80,155,1,0
751.8819956935554,51,449,0,0
751.9006103261792,39,31,0,0
751.9399894859752,76,314,0,0
751.9423564468326,21,306,0,0
751.9596950338051,91,208,0,0
752.011300184929,261,201,0,0
752.0892810915645,12,94,0,0
752.0898032673529,17,389,0,0
752.1789336074942,58,295,0,0
752.1797265252648,101,404,0,0
752.2776423914303,1167,53,0,0
752.2777125822578,10,254,0,0
752.2828505785973,16,241,0,0
752.2889687048272,4,308,0,0
752.3680281369823,88,553,0,0
752.4586727719334,14,72,0,0
752.4732210008547,635,303,0,0
752.4736829605192,19,143,0,0
752.8304377134641,13,239,0,0
752.8594202806194,29,102,0,0
752.9275115965091,129,180,0,0
752.9295729373647,1418,178,0,0
752.9299772547039,385,384,0,0
752.9612653693503,6,332,0,0
753.0258862925648,10,80,0,0
753.0298070475563,8,315,0,0
753.140436286916,17,133,0,0
753.3263847254361,1845,275,0,0
753.3346910281496,615,476,0,0
753.3411083060046,12,386,0,0
753.3894861955223,17,681,0,0
753.3897495990093,149,120,0,0
753.4651836195231,24,515,0,0
754.0293333494438,36,449,0,0
754.0384236425415,68,777,0,0
754.0514471444639,2841,117,0,0
757.7662396797826,19,3110,0,1
757.8053056945214,21,970,0,1
757.9071988361522,23,230,0,0
757.9087931393158,373,557,0,0
757.9335421555304,435,85,0,0
757.936969836004,2320,220,1,0
757.9412445119955,9,263,0,0
757.9420185163518,53,454,0,0
757.9430438651802,21,225,0,0
758.1396201674866,12,534,0,0
758.2630708334653,49,199,0,0
758.2917911562953,20,57,0,0
758.4287819360464,1118,174,0,0
758.4315230274958,50,312,0,0
758.4334654123065,19,440,0,0
758.4436252183225,7,87,0,0
758.4483000847183,139,127,0,0
759.0105383980216,368,27,0,0
759.0237524651393,39,98,0,0
759.0240459327276,558,3640,0,1
759.2365363002681,9,240,0,0
759.2367658806551,395,82,0,0
759.2375330798558,10,279,0,0
759.3025220924778,28,333,0,0
759.6150281347739,12,331,0,0
759.6153922891132,19,225,0,0
759.6227023825385,136,375,0,0
759.6388779696902,202,329,0,0
760.1553976010007,12,21,0,0
760.1805490496653,20,221,0,0
760.1807757991324,316,445,0,0
760.2315658300816,60,176,1,0
760.2328623366142,25,192,0,0
760.2367992128196,349,497,0,0
760.9480537511503,15,599,0,0
760.9533309465708,2602,260,0,0
761.0741066581116,1140,12,0,0
761.0837905104227,5,720,0,1
761.1171408302699,5,165,0,0
761.1217579896389,96,24,0,0
761.1266860745305,3080,146,0,0
761.1318252275876,22,267,0,0
761.148353450249,19,433,0,0
761.7265388964122,23,412,0,0
761.7783225474535,17,392,0,0
761.7915601412374,7,234,0,0
761.8008298767985,15,166,0,0
761.8126230049122,19,370,0,0
762.0267811386409,33,299,0,0
762.0288704402028,72,25,0,0
762.0661381767295,33,349,0,0
762.0922552943404,312,370,0,0
763.4355721178295,15,327,0,0
763.4375501727319,1443,251,0,0
763.4378297146959,50,9,1,0
763.4493287029314,11,238,0,0
763.4660754185062,20,238,0,0
763.4695073411608,53,357,0,0
763.8016237058495,1021,119,0,0
763.8294511115799,35,328,0,0
763.8320918051764,14,2950,0,1
764.0351764321447,10,156,0,0
764.9233021334135,10,2810,0,1
764.9362634890117,15,26,0,0
765.035060866945,32,4340,0,1
765.2113878429777,24,303,0,0
765.2135796613721,65,1541,0,0
765.2296304132726,50,211,0,0
765.238461177727,228,116,0,0
765.40085398787,31,127,0,0
765.4099060924203,966,1510,0,1
765.4162201648461,22,360,0,0
765.418521215857,64,237,0,0
765.6093042884736,20,5450,0,1
765.6157776368264,6,298,0,0
765.658756734397,16,270,0,0
765.6605437081855,17,561,0,0
765.7760747677049,20,122,0,0
765.7868776240445,8,308,0,0
765.8229014414918,42,117,0,0
765.8443308522469,7,94,0,0
765.8778861640039,21,116,0,0
766.0539152678753,214,344,0,0
766.0816814541579,1837,44,0,0
766.269458847566,178,416,0,0
766.2957173918251,5,250,0,1
766.2997276040616,9,1050,0,1
766.3037758013282,80,561,0,0
766.3152421293264,49,456,0,0
766.3217103802875,11,301,0,0
766.3847714879896,2040,238,0,0
766.5135928979214,59,430,0,0
766.5314476454881,14,25,0,0
766.5369981757992,10,321,0,0
766.8161114893298,11,1050,0,1
766.8318903079833,1704,2170,0,1
766.8328937773342,25,619,0,0
767.7042788285889,561,51,0,0
767.800326221909,21,307,0,0
767.800638988144,60,12,0,0
767.8090073042157,4,17,0,0
767.8569766178781,26,120,0,0
767.8602482091516,993,769,0,0
767.8689442098622,376,280,0,0
767.8689722200733,21,4610,0,1
767.8772170434744,392,352,0,0
767.8930540838111,8,400,0,0
767.8946332382467,83,475,0,0
767.9016872951672,6,18,0,0
767.9029384931138,17,191,0,0
767.9099131477392,45,7670,0,1
767.9489697440964,344,695,0,0
767.9714902438426,480,684,1,0
768.0309716654076,21,298,0,0
768.2069851959636,2570,217,1,0
768.220595291661,17,210,0,0
768.2233991542971,18,1690,0,0
768.2413769414914,21,244,0,0
768.2475181959411,7,499,0,0
777.0749189879149,5,70,0,0
777.0750810807084,679,385,0,0
777.085230060924,17,211,0,0
777.086430188203,288,95,0,0
777.3540019273503,56,373,0,0
777.4039285616745,13,82,0,0
777.4051860564247,48,190,0,0
777.4205201601238,12,780,0,1
777.4424512381039,38,3840,0,1
777.4534881517781,13,13,0,0
777.4557783806782,14,277,0,0
777.4587944991947,429,711,0,0
777.4623972508451,9,554,0,0
777.5887573010014,22,248,0,0
777.589487572449,446,440,0,0
777.6098148332547,24,641,0,0
777.6101580752166,45,294,0,0
777.619678550789,23,57,0,0
777.6227515314952,15,150,0,0
780.4049829240306,59,331,0,0
780.4064556599427,82,664,0,0
780.4548348552335,6,39,0,0
780.4585524608193,113,104,0,0
780.4591641025761,22,2750,0,1
780.4678643894307,23,330,0,0
780.5163930907675,97,771,0,0
780.5166442269386,14,225,0,0
780.5727012668638,8,71,0,0
780.6003911203516,11,709,0,0
780.6825879046263,6,71,0,0
780.6838484547754,93,502,0,0
781.3004406695313,63,99,0,0
781.3942081488849,19,76,0,0
781.7197115883042,16,180,0,0
781.8139399179989,105,2730,0,1
781.9228145062249,19,391,0,0
781.9255911485897,250,59,1,0
782.0070948154186,15,331,0,0
782.0077680394753,216,92,0,0
782.0411237688464,5,31,0,0
782.0468992778251,24,171,0,0
782.07684066681,2896,183,0,0
782.1703510864381,10,265,0,0
782.2072700035479,4,62,0,0
782.2319902605026,42,173,0,0
782.2641701803827,10,115,0,0
782.295214537177,157,2610,0,1
782.2964130932606,67,339,0,0
782.3101879642072,1564,219,0,0
782.4382314971658,88,196,0,0
782.4400432265116,21,18,0,0
782.4756446941343,1261,141,0,0
782.4871606027338,17,552,0,0
782.4954261831268,24,319,0,0
782.5166552899962,1316,375,0,0
782.5285398217376,41,791,0,0
782.7479329002155,17,227,0,0
782.8655502670599,175,267,0,0
782.8681707532319,1989,29,0,0
782.8727732180681,21,571,0,0
782.886198738106,42,33,0,0
782.893156793095,40,194,0,0
782.9209045415166,313,271,0,0
783.0182836254734,48,285,0,0
783.0334820910216,244,540,0,0
783.0911151674421,8,233,0,0
785.5024757241706,6,277,0,0
785.5383044115363,1943,368,0,0
785.6066964788658,7,26,0,0
785.63584157853,25,97,0,0
785.6496269103443,11,375,0,0
785.652436215276,104,352,0,0
785.6664961078505,699,770,0,0
785.7489941348327,21,769,0,0
785.7830453840849,132,156,0,0
785.8387696604358,23,745,0,0
785.9387563290875,15,341,0,0
785.9449901300451,172,314,0,0
785.9544080207469,9,207,0,0
785.9572387758775,11,712,0,0
785.9606273314114,36,67,0,0
786.4947303621157,120,354,0,0
786.5159447701407,26,1920,0,1
786.5192689186265,11,353,0,0
786.5883193414585,74,259,0,0
786.5968890937709,13,117,0,0
786.5981994295095,610,418,1,0
786.6075895671495,5,18,0,0
786.6858707298883,23,461,0,0
786.7177857031757,17,155,0,0
786.7361805273326,10,618,0,0
786.7517286011066,181,358,0,0
786.7539382854759,68,179,0,0
786.8079300752805,70,328,1,0
786.8093290104531,460,138,1,0
786.8363818654842,350,667,0,0
788.9925098445793,347,315,0,0
788.9930129090874,14,146,0,0
789.2381214524454,13,98,0,0
789.3496572852492,443,692,0,0
789.3572584659164,18,4680,0,1
789.4141320835727,23,76,0,0
789.4187809858828,92,56,0,0
789.4343650386559,488,311,0,0
789.5236186702483,7110,231,1,0
789.5285169842601,561,51,0,0
789.5623939014073,19,106,0,0
789.7381326915151,16,415,0,0
789.754703326844,8,490,0,1
789.7832986108007,44,765,0,0
789.783733251263,7,263,0,0
789.7895873193373,39,182,0,0
789.7963001997563,970,9,0,0
790.1871964269047,15,85,0,0
790.194125477937,5,190,0,1
790.2146607410652,7,119,0,0
790.2253885809482,415,139,0,0
790.2704917241537,69,317,0,0
790.288367622426,41,287,0,0
790.303706974018,1071,119,0,0
790.3163958351128,24,484,0,0
790.4504176478104,29,216,0,0
790.4545514556497,15,365,0,0
790.4558115029176,21,32,0,0
790.4850820670083,307,502,0,0
790.5802157424196,26,376,0,0
790.5819525126329,19,211,0,0
790.5886037715411,31,37,0,0
790.6003417258823,26,32,0,0
790.6398402715173,30,164,0,0
790.6505241594487,11,21,0,0
790.6547128839367,652,231,0,0
790.8306815368885,13,116,0,0
790.8761262047232,25,492,0,0
790.8831860574323,7,199,0,0
790.9011544107756,10,179,0,0
791.0317876320509,324,676,0,0
791.0382287019038,130,331,1,0
793.06822368532,1012,769,0,0
793.0825936317273,45,579,0,0
793.1614979775098,81,5050,0,1
793.1703097212303,1607,84,0,0
793.2715748392226,252,48,0,0
793.278352170028,30,727,0,0
793.3553472178547,44,24,0,0
793.4246165849618,11,501,0,0
793.4398463227951,35,319,0,0
793.4409549267975,10,242,0,0
793.4454980800333,63,422,0,0
793.4639250783583,172,291,0,0
793.4931618368544,23,264,0,0
793.4940873876728,18,105,0,0
793.6694569741051,124,767,0,0
793.7302689222427,66,464,0,0
793.8210331227745,8,171,0,0
793.8351198133804,123,144,0,0
793.8421277598532,62,23,0,0
793.942129625441,1132,402,0,0
793.9934251656455,475,645,0,0
793.9938592621296,102,77,0,0
795.4559311713091,9,125,0,0
795.4731320210589,31,538,0,0
795.4997921388054,13,196,0,0
795.5073274090278,16,230,0,0
795.8399087006404,43,384,0,0
795.8611752510915,430,119,1,0
795.9069539238444,38,189,0,0
795.9375494995428,44,385,0,0
795.9401422218024,19,557,0,0
795.9481712162593,33,225,0,0
795.9525041544423,12,45,0,0
796.0308140197101,710,299,1,0
796.2249388896286,27,208,0,0
796.2300857590535,390,340,1,0
796.2359251547246,72,501,0,0
796.3041912095073,78,249,0,0
796.3102392082475,52,249,0,0
796.3486860015698,124,140,0,0
796.3497629690005,23,244,0,0
796.4347549737472,163,274,0,0
796.4458996604078,12,159,0,0
796.5442069806111,25,406,0,0
796.5462383771263,64,26,0,0
796.5575015930925,8,87,0,0
796.5637019169338,9,221,0,0
796.5782439878368,31,415,0,0
796.6489713436508,290,231,0,0
796.892792803262,6,166,0,0
797.0410459848898,60,97,0,0
797.0429419256056,35,775,0,0
798.409945352226,89,289,0,0
798.4120481135003,46,153,0,0
798.4167753054877,12,254,0,0
798.4194931540328,24,395,0,0
798.4698283959099,7,239,0,0
798.4766269342541,1074,312,0,0
798.7773903929233,89,330,0,0
798.8665093430072,186,276,0,0
798.9177914052497,111,363,0,0
799.1627724778936,4,47,0,0
799.9925302362046,9,205,0,0
800.0113482886138,2292,278,0,0
800.0196016685979,15,353,0,0
800.0257682331592,137,63,0,0
800.0403397087227,731,557,0,0
800.0473348914485,197,76,0,0
800.0554883721051,1744,532,0,0
800.0575214698723,44,36,0,0
800.0585703509695,10,74,0,0
800.0634839584499,35,29,0,0
800.0678384552768,16,609,0,0
800.0962493650155,16,298,0,0
800.1602586103264,57,31,0,0
800.1996693002069,68,489,0,0
800.2014161651891,22,14,0,0
801.0372852312104,9,149,0,0
801.1682951880726,13,182,0,0
801.2526601640864,95,169,0,0
801.5191109188985,40,545,0,0
801.6552509128493,13,185,0,0
801.7110278289438,437,506,0,0
801.7600414141547,56,124,0,0
801.7855458547954,35,136,0,0
801.7960157798731,12,237,0,0
801.8015382222505,25,244,0,0
801.8044205764744,39,708,0,0
801.8144525717555,1086,383,0,0
801.966951210185,78,264,0,0
802.1996461577809,79,6190,0,1
802.2041172255995,28,19,0,0
802.2871239615228,4,533,0,0
802.2919004470585,9,427,0,0
802.5636856585936,49,2380,0,1
802.5927898630899,33,85,0,0
802.5971838512131,7,299,0,0
802.610084947813,8,222,0,0
802.6109526639837,9,265,0,0
802.627154362128,14,121,0,0
802.6285493097112,11,348,0,0
802.6437221747051,21,79,0,0
802.6439336700646,25,341,0,0
802.651466452901,5,81,0,0
802.7011983007668,13,118,0,0
802.7045997529568,316,772,0,0
802.7433018454014,14,246,0,0
802.7486334414876,8,130,0,0
802.7585958973975,9,20,0,0
802.7932429434375,28,371,0,0
802.7937559855727,22,176,0,0
802.8024944747307,7,148,0,0
802.8297275778197,416,150,0,0
802.832642126607,8,124,0,0
802.8350677703894,625,257,0,0
802.8497240821531,559,302,0,0
802.8524980591867,140,661,1,0
802.8529472796499,148,183,0,0
802.8871211628509,320,293,1,0
802.8990773402054,1007,683,0,0
803.2190185607103,9,95,0,0
803.2351752383745,4,143,0,0
803.2364809251083,9,209,0,0
804.2864883127412,11,109,0,0
804.2867919763162,47,239,0,0
804.3326034615378,516,788,0,0
804.4253053752859,507,142,0,0
804.4273366364577,26,2250,0,1
804.4282417210447,97,306,0,0
804.431990067352,8,224,0,0
804.4331833529534,2060,73,1,0
804.4339129613861,95,83,0,0
804.4356526907944,37,382,0,0
804.4670633900355,390,477,0,0
804.467557552352,23,20,0,0
804.9857729274149,11,149,0,0
804.9916087929255,26,2060,0,1
804.99428996461,121,257,0,0
805.0049386876555,18,749,0,0
805.009916224848,215,378,0,0
805.0732193118528,8,23,0,0
806.1491015092251,93,430,0,0
806.1821870951206,12,61,0,0
806.1870901627773,1440,329,0,0
806.2437840033263,16,233,0,0
806.2772719251413,55,526,0,0
806.2782039965666,5,176,0,0
806.2827946854865,23,29,0,0
806.2921808725011,100,540,1,0
806.3112249309663,357,125,0,0
806.5764722614786,23,83,0,0
807.1343282075732,6,210,0,1
807.139244496488,6,215,0,0
807.2125778918347,69,412,0,0
807.2128707416334,7,80,0,0
807.2260549652821,328,58,0,0
807.3059063975968,240,124,1,0
807.3062636043178,841,5,0,0
807.4488516028962,13,20,0,0
808.4362572094274,18,334,0,0
808.4466684594078,62,434,0,0
808.4492869327942,16,101,0,0
808.4535392305952,16,388,0,0
808.4621803101704,17,293,0,0
808.4740213957879,21,706,0,0
808.5743102452096,22,19,0,0
808.5771861737579,205,46,0,0
808.5777840019261,128,767,0,0
808.5780254935312,970,398,0,0
808.649448704748,20,168,0,0
809.4165200421735,54,257,0,0
809.4500041907478,6,13,0,0
809.5796062238037,213,368,0,0
809.595844290893,30,217,0,0
809.6513024689181,272,2310,0,1
809.6564437183949,300,19,1,0
809.6936631983309,82,301,0,0
809.7347419997496,363,668,0,0
809.7424766046333,24,56,0,0
809.7650299701872,84,658,0,0
809.8292786954902,26,249,0,0
809.8694596699128,73,689,0,0
809.8773769330996,33,350,0,0
809.8780905393088,6,1160,0,1
809.8790286761573,1877,11,0,0
810.1296138233321,86,497,0,0
810.1423732382581,28,11,0,0
810.3907000926395,20,2050,0,1
810.4229321664652,14,111,0,0
811.4940224888493,7680,64,0,0
811.5071557220243,42,140,0,0
811.5652482338772,14,279,0,0
811.6050340613625,52,406,0,0
811.6687928997404,120,70,0,0
811.6708405550235,23,301,0,0
811.7298075332063,30,157,0,0
811.7465391253825,224,646,0,0
812.0085012855245,672,108,0,0
812.0102458280767,15,287,0,0
812.0115988786085,1269,164,0,0
812.0223090558999,770,671,1,0
812.0246750454761,54,240,0,0
812.0450735991889,48,145,0,0
812.0456432274357,17,31,0,0
812.1071687939137,78,53,0,0
812.1078369811869,5,122,0,0
812.1659292513799,39,316,0,0
812.1703970722921,40,198,0,0
813.4233020938086,27,278,0,0
813.4514612836546,10,312,0,0
813.4572040233238,1708,177,0,0
813.4731672907985,21,2950,0,1
813.4780401297975,500,764,1,0
813.7057654158858,14,297,0,0
813.7178827378799,6750,227,1,0
813.7444902199219,32,603,0,0
813.8938456865035,9,146,0,0
813.9037137440358,16,350,0,0
813.9078960664307,19,90,0,0
813.9136532803307,123,279,0,0
813.9185721746089,14,409,0,0
813.990906972252,8,344,0,0
814.1762118300545,1450,206,0,0
814.2371123437715,45,71,0,0
814.2803136385395,415,110,0,0
814.2866593467361,13,162,0,0
814.2903912499443,913,361,0,0
814.3142648477841,190,11,1,0
814.5331926774605,97,458,0,0
814.5879994150761,9,191,0,0
814.6156834809394,314,558,0,0
814.6267284317917,12,244,0,0
814.634207326143,16,517,0,0
814.843188284356,108,110,0,0
814.8472027978873,19,387,0,0
814.8622229282654,6,9,0,0
814.8873143123353,26,316,0,0
815.644388308193,10,3610,0,1
816.6132282022171,403,2730,0,1
816.6148643701001,15,62,0,0
816.6156145567749,17,132,0,0
816.6186382736739,1028,86,0,0
816.6583692210598,38,200,0,0
816.7192651057925,4,250,0,0
816.7235810714424,17,1060,0,1
816.7286183960135,14,3320,0,1
825.9259460803358,626,239,0,0
825.9624254072689,352,210,0,1
825.9640453073989,50,313,0,0
826.0066441436397,52,206,0,0
826.031950974382,16,194,0,0
826.0415813932043,245,481,0,0
826.0417355378212,91,347,0,0
826.5440954872533,22,22,0,0
826.5515652470865,43,158,0,0
826.5662446617973,67,236,0,0
826.5752343690426,20,187,0,0
826.5758182358156,37,33,0,0
826.5826861574905,32,253,0,0
826.6088153875454,16,205,0,0
826.6175514149901,8,175,0,0
826.6205400690538,48,322,0,0
826.8164404561064,19,132,0,0
826.8178851567935,17,287,0,0
826.8213945462621,9,153,0,0
826.8298443858504,12,310,0,0
829.684340061352,8,351,0,0
829.685049975019,103,91,0,0
829.734215998675,34,373,0,0
829.742957351786,2380,20,0,0
829.9143004373923,169,317,0,0
829.91891192769,30,119,0,0
829.9240162657845,138,486,0,0
830.20002462694,40,42,0,0
830.2396240249557,100,421,0,0
830.2733252665286,1271,241,0,0
830.3520466011026,132,237,0,0
830.3567637346802,1680,163,0,0
830.7814991587918,41,378,0,0
830.7835734650611,11,379,0,0
830.7964750110114,40,162,0,0
830.8102731542538,168,22,0,0
830.8117320151564,23,49,0,0
830.9853908735222,579,637,0,0
831.0265504380968,2991,107,0,0
831.0845409770045,42,69,0,0
831.0864905615458,3670,89,0,0
831.1112593074213,16,133,0,0
831.1116498570841,202,324,0,0
831.1119712346691,396,636,0,0
831.2064822091182,30,378,0,0
831.5386749533687,31,329,0,0
831.5789438585209,55,692,0,0
831.5886817595947,17,105,0,0
831.7747919086273,18,94,0,0
831.7838646105755,135,17,0,0
831.8741074132228,7,184,0,0
832.0528143007799,8,142,0,0
832.0737275038448,7,123,0,0
832.9512936591534,9,206,0,0
832.9572044363115,18,528,0,0
832.9595671088287,965,642,0,0
832.999270957206,171,433,0,0
833.0093840238937,13,324,0,0
833.0099282555516,12,268,0,0
833.0118004883219,161,142,0,0
833.1609042678172,15,68,0,0
833.2331863471994,857,255,0,0
833.273956787397,86,261,0,0
833.2772572646476,4,214,0,0
833.4475524502199,60,408,0,0
833.448000285809,19,734,0,0
833.4527431499827,7,13,0,0
833.4985533908895,13,520,0,0
833.5055433307684,9,416,0,0
833.5068170017367,9,114,0,0
833.50711566571,212,309,0,0
833.642723816534,11,4420,0,1
833.6504218730413,42,43,0,0
833.7732903505726,9,224,0,0
834.1238133156587,17,261,0,0
834.1304312523143,20,348,0,0
834.1420150724773,11,82,0,0
834.151856611275,2487,264,0,0
834.2781327340924,158,57,0,0
834.3810163368861,431,232,0,0
834.3939279775806,1199,469,0,0
834.396126149321,1385,13,0,0
834.4350824544412,58,391,0,0
834.4681935697985,18,42,0,0
834.4695499488245,5,9,0,0
834.5350551890787,29,162,0,0
834.5359509155517,16,333,0,0
834.6631862532721,21,287,0,0
834.6645990836604,16,251,0,0
834.7684477977302,10,103,0,0
834.7889534602064,230,22,1,0
834.8063330519111,15,7400,0,1
834.8182194997505,24,257,0,0
834.9102221389237,244,182,0,0
834.9125404670945,74,412,0,0
834.9484480684115,18,467,0,0
834.9736899610185,17,693,0,0
834.9840083795077,12,130,0,0
835.3622340253877,18,287,0,0
835.500992552178,8,217,0,0
835.5029830873658,275,52,0,0
837.1217319252543,21,392,0,0
837.1378752052185,65,402,0,0
837.5694728590354,10,360,0,0
837.575926936041,5,192,0,0
837.5853474777226,16,4,0,0
837.5878904238253,46,585,0,0
837.6064442957372,6,110,0,0
837.6492450361839,323,160,0,0
837.6685855526836,1260,295,1,0
837.8339039712241,10,295,0,0
837.8666405093084,5,21,0,0
838.1889810430205,23,25,0,0
838.2322543710956,24,356,0,0
838.2568863242724,82,17,0,0
838.259797625656,26,360,0,0
838.2684117662857,8,19,0,0
838.312023017478,522,477,0,0
838.3235010489524,20,286,0,0
838.3280373639179,6,307,0,0
838.455390132044,21,374,0,0
838.4602935692145,16,187,0,0
838.4728506398868,184,604,0,0
838.4798570085978,23,120,0,1
838.6380859287161,10,281,0,0
838.652346482568,344,65,0,0
840.0221926437417,823,674,0,0
840.4704915592375,241,29,0,0
840.4909688697566,1497,299,0,0
840.5023452279916,10,396,0,0
840.5323953201856,11,259,0,0
840.5335426786877,2162,98,0,0
841.2890483675048,287,203,0,0
841.3041088832204,280,35,1,0
841.3059599462558,19,471,0,0
841.3116415396046,22,271,0,0
841.3134583978143,185,178,0,0
841.3248349613766,12,417,0,0
841.3361627227504,11,534,0,0
841.9523657114624,65,467,0,0
842.9754993745851,19,556,0,0
843.218709336016,62,23,0,0
843.2326152333764,47,282,0,0
843.2358358755178,326,88,0,0
843.2433172513273,42,340,0,0
843.2461148217174,270,220,0,0
843.2514361354832,36,182,0,0
843.3178644851802,16,251,0,0
843.3474741339427,7887,305,1,0
843.3510354170851,7,475,0,0
843.3892084267603,96,254,0,0
843.9729293907474,39,254,0,0
898.9247856308162,24,40,0,0
898.9879517265148,50,290,0,0
899.002488045526,13,159,0,0
899.0068976875327,137,612,0,0
899.430013636604,12,200,0,0
899.4801192436173,13,274,0,0
899.4978712528518,91,6,0,0
899.5079309832533,1386,123,0,0
899.6032288483194,18,468,0,0
899.6159371246666,9,68,0,0
899.9654203398719,362,148,0,0
899.9802746703937,10,185,0,0
899.991902325075,61,26,0,0
900.0280325949582,16,409,0,0
900.246680169294,90,179,1,0
900.2475598803601,20,224,0,0
900.2994216647436,15,638,0,0
900.3065297388708,36,182,0,0
900.318184031283,28,553,0,0
900.6635885768513,400,647,0,0
900.6659292211873,13,150,0,0
900.6688715555397,25,264,0,0
900.9420764715359,9,565,0,0
901.0164145860801,7995,197,1,0
901.4208510152112,29,335,0,0
901.4421522730205,4,26,0,0
901.4460183962063,14,436,0,0
901.4492446646868,630,767,0,0
901.5509775872285,843,135,0,0
901.6404571617009,4,698,0,0
901.6488318609995,14,295,0,0
901.6540668529362,13,211,0,0
901.6638009130987,9,3200,0,1
901.7044160684532,1868,727,0,0
901.8575972002019,9,72,0,0
902.0442071661506,7,85,0,0
902.045440017584,7,97,0,0
902.0468312890715,69,14,0,0
902.0943513982515,13,63,0,0
902.0967733528047,15,67,0,0
902.1541198319227,81,22,0,0
902.1899272389644,4,171,0,0
902.2020143268336,690,519,1,0
902.3475570205562,1120,354,0,0
902.414910659016,8,137,0,0
902.4389957977172,5,145,0,0
902.4398267446023,16,41,0,0
902.4720523788345,18,248,0,0
902.6398645356066,85,214,0,0
902.6410668321399,141,11,0,0
902.8062375405148,17,600,0,0
902.8522465561178,13,174,0,0
902.900540388749,25,518,0,0
902.9016061748061,6,321,0,0
903.1008175553045,40,376,0,0
903.1038144775814,25,346,0,0
903.1050610172937,228,335,0,0
903.1184492098307,57,379,0,0
903.1957398203405,443,692,0,0
903.223414613,7530,421,1,0
903.2408924708238,107,113,0,0
903.2449710482324,11,433,0,0
903.276903302767,422,239,0,0
903.530485300861,38,241,0,0
903.6193597047018,37,250,0,1
903.6561983744797,883,462,0,0
903.9072087905141,2326,164,0,0
903.9145574449408,7,685,0,0
903.9640624472073,410,219,0,0
903.9654219438327,31,300,0,0
904.718708163669,16,385,0,0
904.9674521992295,336,238,0,0
904.9969916124363,1041,47,0,0
905.0027705317317,42,354,0,0
905.0718332761311,3893,325,0,0
905.0734270925676,94,23,0,0
905.07370156037,1317,161,0,0
905.1534431490422,151,108,0,0
905.1602776125461,378,140,0,0
905.1783343506634,15,52,0,0
905.2341971152033,93,262,0,0
905.3268602095892,14,325,0,0
905.328705511277,83,108,0,0
905.3346142759124,82,271,0,0
905.3409518217,11,446,0,0
905.4018000874602,8,511,0,0
905.4059917564227,6,57,0,0
906.5016220992728,276,58,0,0
906.5266929912187,199,442,0,0
906.5283941415506,14,212,0,0
906.6916125952309,6,61,0,0
906.6943645720339,602,446,0,0
907.1084300459806,14,67,0,0
907.1133354909679,15,139,0,0
907.1318429544802,163,170,0,0
907.1767798710482,82,405,0,0
907.1779839426156,9,97,0,0
907.1786093251445,19,767,0,0
907.1990748901169,400,310,1,1
907.2067644300471,23,527,0,0
907.2073535382209,469,55,0,0
907.2082885210976,1514,167,0,0
907.3472087193868,17,303,0,0
907.3580224538191,31,337,0,0
907.3794994338454,23,257,0,0
907.4976563219213,21,659,0,0
907.5001486256608,11,701,0,0
907.7186097819339,32,106,0,0
907.7541578019687,21,344,0,0
907.8173466330925,37,2740,0,1
907.9280313616181,8,389,0,0
907.9303701421444,11,357,0,0
907.9321919577626,23,518,0,0
907.9549583494419,80,18,1,0
909.1673370099448,5,8,0,0
909.1712702079107,12,288,0,0
909.2026573417756,11,462,0,0
909.2055186542658,7,82,0,0
911.1326332407428,43,375,0,0
911.2455034046014,519,350,0,0
911.2502634944532,483,99,0,0
911.2557990295846,100,215,0,0
911.2577867778556,120,339,0,0
911.2666529860662,649,487,0,0
911.2846497098105,89,359,0,0
911.2866369992222,1041,47,0,0
911.3246130450966,9,449,0,0
911.3320848985628,22,191,0,0
911.3457048341229,7,42,0,0
911.5057122934948,92,128,0,0
911.5349204537271,84,76,0,0
911.7431351241923,36,332,0,0
911.7453571231584,339,108,0,0
911.9817411149967,153,365,0,0
911.9839704481876,527,590,0,0
912.0697344150076,124,121,0,0
912.0801246959894,1680,1630,0,1
912.0849141189827,51,6,0,0
912.2232514689632,7,217,0,0
912.2937241479476,19,1330,0,1
912.3076838053247,9,281,0,0
912.5157745469071,95,88,0,0
912.517023078536,16,201,0,0
912.5649075737701,229,367,0,0
912.5664427652079,8,403,0,0
912.5778883381306,55,336,0,0
912.5826897848359,24,184,0,0
912.6169473318922,30,68,0,0
912.7166021688272,24,250,0,0
912.7363802649853,13,364,0,0
913.4360670570273,173,508,0,0
913.4377832939322,1660,3710,1,1
914.2352719223054,169,212,0,0
914.2355664276491,40,243,0,0
914.3324420503258,25,181,0,0
914.3347766055745,123,309,0,0
914.3650139045068,12,104,0,0
914.3963210745451,138,230,0,0
914.3994135699226,21,356,0,0
914.4728418726884,61,215,0,0
914.5703262513649,15,255,0,0
914.6014763648907,36,312,0,0
914.6787307662036,6,304,0,0
914.6872648771916,95,17,0,0
914.8715229464206,309,321,0,0
914.9265222368722,1858,748,0,0
914.9292921999696,73,366,0,0
914.9329237389403,17,324,0,0
914.9601424849255,10,506,0,0
914.9633291689948,7,132,0,0
914.964425450554,16,679,0,0
914.9755679442399,65,413,0,0
914.9894274025661,1917,1620,0,1
914.9976681021749,32,169,0,0
915.4649175654736,30,97,0,0
915.4682864079252,7,337,0,0
915.8738151126727,12,93,0,0
915.8751067176769,473,1470,0,1
916.177505136265,1309,67,0,0
916.1849118676902,51,376,0,0
916.1904328057277,11,285,0,0
916.3145234465507,11,467,0,0
916.3233015610563,34,41,0,0
916.3657972857351,68,87,0,0
916.418058055732,22,354,0,0
916.4528911152843,8,131,0,0
916.4538132636198,6,8,0,0
916.4538921061927,41,195,0,0
916.4601135441964,24,169,0,0
916.4898213066862,2357,249,0,0
916.6622993821335,21,221,0,0
916.6657907132699,18,4190,0,1
916.7176906540342,23,231,0,0
916.7182926436043,15,621,0,0
916.9000938230704,110,263,1,0
916.9130100577657,13,321,0,0
917.5295091841385,772,768,0,0
917.5367966136693,59,28,0,0
917.5486705184294,10,275,0,0
917.9681038684298,16,2450,0,1
918.0165022966497,1815,95,0,0
919.4997907793471,17,149,0,0
919.533488576841,14,309,0,0
919.5392030127305,15,282,0,0
919.5434947778577,91,33,0,0
919.6192227030216,30,237,0,0
919.7242519144494,105,143,0,0
919.7283575007893,65,240,0,0
920.0174688096982,625,134,0,0
920.2150154701326,2020,740,0,0
920.2323639583489,44,345,0,0
920.2338430829972,9,362,0,0
920.2346204597983,59,765,0,0
920.2402455159438,52,491,0,0
920.2478969695686,29,114,0,0
920.2498224260909,5,228,0,0
920.2889260071303,17,37,0,0
920.3814879855461,86,5,0,0
920.3847995236206,179,204,0,0
920.3863544906529,27,377,0,0
920.3870367451367,16,191,0,0
920.3882049874977,34,113,0,0
920.3919666348111,236,142,0,0
920.4316167501514,41,115,0,0
920.4441788964971,39,553,0,0
920.5503200914364,15,341,0,0
920.5591410068068,5,126,0,0
920.566513135898,37,26,0,0
920.765433285563,19,705,0,0
920.8091313652277,107,161,0,0
920.8385814429205,14,220,0,0
921.0041862605298,16,10,0,0
921.0056821183261,36,360,0,0
921.0164561882641,460,279,0,0
924.7082326408308,499,245,0,0
924.7179067957627,20,768,0,0
924.7331783314633,15,345,0,0
924.741793130068,16,265,0,0
924.8281885060574,9,125,0,0
924.828944898046,524,361,0,0
924.997206038593,5,124,0,0
925.2452577983423,1750,40,0,0
925.2538697484756,655,324,0,0
925.2938817493188,8,239,0,0
925.3140740089295,8,3140,0,1
925.33459002584,28,51,0,0
925.3857099637988,3436,338,0,0
925.3880838368304,25,67,0,0
925.3910468831959,8,133,0,0
925.4800924142942,651,345,0,0
925.4811561332624,1115,119,0,0
925.497825022254,72,588,0,0
925.5468021142831,64,717,0,0
925.6128341130709,10,335,0,0
925.6139205753904,10,220,0,0
925.656487846238,41,368,0,0
925.6594408248444,31,187,0,0
925.6701999657229,40,400,0,1
925.670884945885,30,22,0,0
925.6741076313123,36,27,0,0
925.6784914609021,6,36,0,0
925.7066924315706,924,372,0,0
925.7672568004865,19,424,0,0
925.8223613564489,134,478,0,0
925.8422622009186,55,303,0,0
925.8467380299995,15,123,0,0
925.849041582004,7,250,0,0
925.8600848466441,18,168,0,0
925.8622442277461,1009,204,0,0
925.8753840791462,17,556,0,0
925.8784556976516,1880,300,1,0
925.8849652738118,16,140,0,0
925.8862298061031,21,188,0,0
925.888788640031,19,228,0,0
925.9097932401911,37,37,0,0
925.9710471244701,80,72,0,0
925.9794178694347,739,474,0,0
925.9983326381664,494,1710,0,1
926.0393123917974,858,557,0,0
926.0898303235108,15,213,0,0
926.2596080964173,12,60,0,0
926.2960095002602,13,192,0,0
926.5193053687672,547,505,0,0
926.9508252774144,48,303,0,0
926.9865352152646,88,451,0,0
926.9911909498179,37,393,0,0
927.0545925286903,116,424,0,0
927.3840007677672,10,303,0,0
927.3988566475141,791,278,0,0
927.417901221703,14,28,0,0
927.4212452578856,5,221,0,0
927.4374514626544,26,176,0,0
927.4721546177295,8,632,0,0
927.570301494721,572,659,0,0
927.5744422788958,107,269,0,0
927.5988421818632,118,576,0,0
927.60619643925,11,389,0,0
927.6111590768353,12,124,0,0
927.8661962243568,1168,200,0,0
927.8671746518777,240,286,1,0
928.1433056547701,120,326,1,0
928.1496640630346,10,382,0,0
928.3000704124167,60,423,0,0
929.7691722904447,62,326,0,0
929.8168159608315,275,30,0,0
929.8180066844035,11,109,0,0
929.8344208199537,18,208,0,0
931.5000589399632,313,380,0,0
931.5003987348528,19,228,0,0
931.5034332445833,318,292,0,0
931.5080349829913,407,554,0,0
931.7050590906114,5,121,0,0
931.7307353430188,962,188,0,0
931.7599124927746,7,388,0,0
931.7628868005935,13,316,0,0
931.7685901966023,135,288,0,0
931.8084377926122,6040,127,1,0
931.810547063344,85,767,0,0
931.8110388870904,2160,101,1,0
931.8196170279228,102,202,0,0
931.8655395992055,37,161,0,0
931.9234431505168,21,275,0,0
931.9430734403103,161,333,0,0
931.9733903020966,197,314,0,0
931.9800973543851,41,10,0,0
931.9804187016133,8,269,0,0
932.1245690737517,40,117,0,0
932.1890638907804,112,171,0,0
932.9363522999109,36,29,0,0
932.938962064565,76,283,0,0
933.0475184457289,179,67,0,0
933.085270878105,7,1450,0,1
933.1422935857526,28,376,0,0
933.3832097902961,1734,134,0,0
933.3845612140021,93,404,0,0
933.3949314726708,155,202,0,0
933.4148513488311,7,218,0,0
933.4178532921352,93,762,0,0
933.4184657508789,5,595,0,0
933.452389207809,9,310,0,0
933.4536982074895,55,32,0,0
934.3060414860107,82,54,0,0
934.7972706485047,7,111,0,0
934.808434051531,20,37,0,0
934.8111437405568,217,78,0,0
934.8180507230782,17,770,0,0
934.8786761202947,11,48,0,0
934.8917805928102,7,89,0,0
934.906696632516,64,130,0,0
934.952511079068,23,499,0,0
935.3385211468021,40,138,0,0
935.3557432449861,16,197,0,0
935.3649800080664,14,768,0,0
935.7450362663205,22,40,0,0
935.7530300763627,243,87,0,0
935.7821475863318,57,173,0,0
936.4056095734115,22,277,0,0
936.4056919608078,229,367,0,0
936.4085249367549,325,186,0,0
936.4988010902894,12,307,0,0
936.575200435756,221,153,0,0
936.5815080765816,654,769,0,0
936.5858191719171,6,493,0,0
936.621088032067,15,767,0,0
936.6551201496871,33,509,0,0
936.6836979266724,21,82,0,0
936.9514568645419,443,386,0,0
937.0190077551108,106,698,0,0
937.0197313712829,696,64,0,0
937.0299568789324,13,567,0,0
937.0842801609866,213,368,0,0
937.0946263756823,19,60,0,0
937.1248471083657,315,185,0,0
937.1848818540558,187,75,0,0
937.1997217337534,1337,191,0,0
937.2039083072789,307,277,0,0
937.2303615764455,13,72,0,0
937.2949705792491,9,119,0,0
938.3306608261714,3004,622,0,0
938.362112265707,5,165,0,0
938.3644457456148,22,216,0,0
938.3679962459703,507,312,0,0
938.3749934671072,51,380,0,0
938.3902824730618,12,279,0,0
938.3939550881323,15,387,0,0
938.5314142403768,21,25,0,0
938.5352179298327,23,219,0,0
938.5366239254153,32,231,0,0
938.7094110176156,116,167,0,0
938.7943573052742,1935,175,0,0
938.8005371383655,6,11,0,0
938.8010636279641,200,269,0,0
938.8174474647789,290,53,1,0
938.8278667985853,369,356,0,0
938.8359758330835,30,118,0,0
938.8366456507011,32,430,0,0
938.8386044645615,50,2060,1,1
938.8600316424,1980,36,1,0
938.8625247091824,11,1010,0,1
939.0927767710707,80,158,0,0
939.1019323900213,73,366,0,0
939.127211122805,42,414,0,0
939.1286294821642,12,485,0,0
939.9396658756194,217,274,0,0
939.9650501162937,9,131,0,0
939.9873702458233,13,446,0,0
939.9897268954442,166,710,0,0
940.015606913342,19,287,0,0
940.0241867203544,5,24,0,0
940.0279956252938,33,577,0,0
940.079835051697,1815,771,0,0
940.1263530702311,149,720,0,0
940.1378977825019,29,50,0,0
941.589510832548,654,769,0,0
943.5587689896654,30,767,0,0
943.798357505271,10,367,0,0
944.0272469287289,30,350,0,0
944.0279892645146,64,344,0,0
944.0790321131233,74,335,0,0
944.0935646052386,13,653,0,0
944.0973196503949,72,130,0,0
944.1390199035626,37,104,0,0
944.152581499288,20,62,0,0
944.3499139226201,36,339,0,0
944.4112258908492,30,557,0,0
944.9132165576793,72,375,0,0
944.9461547845395,18,704,0,0
945.0292657633472,235,241,0,0
945.045234148069,16,1800,0,1
945.0582420331978,82,229,0,0
945.061812065941,7,70,0,0
945.0702750412138,72,59,0,0
945.0781274943655,8,70,0,0
945.1602846381138,47,220,0,0
945.1648498832234,85,296,0,0
945.1873079870209,70,27,0,0
945.1889756550181,134,32,0,0
945.2131616746035,15,244,0,0
945.2343462085743,120,2000,1,1
945.2723160595166,13,67,0,0
945.3198332451151,24,335,0,0
945.38856668974,6,248,0,0
945.389834697581,11,168,0,0
945.4025037228851,15,323,0,0
945.5725528744946,39,526,0,0
945.5782971123367,21,430,0,0
945.5820911028562,663,34,0,0
945.6080585060984,9,53,0,0
945.6473606618998,68,24,0,0
945.6646272730451,65,240,0,0
945.6691372191051,909,22,0,0
945.7512809265245,24,363,0,0
945.7549151126378,46,108,0,0
946.7659993086352,11,56,0,0
946.9815634520967,29,123,0,0
947.0327960584686,54,23,0,0
947.0521303066691,24,334,0,0
947.1745537557485,20,289,0,0
947.3022616748485,9,83,0,0
947.3150435131358,10,195,0,0
947.3773886262678,904,547,0,0
947.9268712069637,372,179,0,0
947.9273243707901,31,343,0,0
947.9279174084228,16,323,0,0
947.9289008730059,13,62,0,0
947.9971684850934,18,178,0,0
948.0024288322982,14,59,0,0
948.0378913563645,600,4650,1,1
948.0385041163016,107,82,0,0
948.0609238243386,21,29,0,0
948.1167349408697,6,24,0,0
948.116779493135,22,243,0,0
948.1325378605129,119,182,0,0
948.1517308032709,290,282,1,0
948.2727547896609,1598,23,0,0
948.3629883294543,66,380,0,0
948.383872195211,11,273,0,0
948.4518106289025,313,324,0,0
948.4570910900054,2350,327,0,0
948.5374384457936,141,614,0,0
948.5388942668335,14,239,0,0
948.5410782877457,7,132,0,0
948.5415939011217,15,185,0,0
948.5441417594643,12,403,0,0
948.5624216579713,20,248,0,0
948.6538221745566,33,451,0,0
949.39363947931,22,698,0,0
949.3972123312902,15,255,0,0
949.4291223416299,685,706,0,0
949.4644281590707,9,289,0,0
949.7452235884466,1398,127,0,0
949.7561323127194,2570,466,1,0
949.7972019854564,44,388,0,0
949.8424356480828,65,415,0,0
949.8578711177425,8,271,0,0
949.9192200516172,1312,438,0,0
949.9769099937088,6,204,0,0
950.0699541002076,83,341,0,0
950.1003705117097,80,44,1,0
950.1032001807722,40,35,1,0
950.1067846005255,246,192,0,0
950.1082358900005,7,315,0,0
950.4184988151751,14,546,0,0
950.4447382956934,22,143,0,0
950.4510070879002,590,351,1,0
950.4722695163341,42,410,0,0
950.474308074616,8,3020,0,1
950.4915327986843,107,82,0,0
950.5278304931963,18,321,0,0
950.5313649431563,92,97,0,0
950.531609474581,35,302,0,0
950.5331491918122,85,361,0,0
950.5865486697616,8,23,0,0
950.5918185353871,12,3430,0,1
950.5985191363367,16,55,0,0
951.4774561441008,35,607,0,0
952.9958156649768,25,548,0,0
952.9995903631635,14,304,0,0
953.0936243542408,10,306,0,0
953.2173941423761,540,15,1,0
953.2979933320222,87,126,0,0
953.3105533478792,12,192,0,0
953.4011238980654,23,330,0,0
953.4813501638786,8,83,0,0
953.4835465130469,341,149,0,0
953.4891168632589,12,586,0,0
954.1364383154884,13,162,0,0
954.161965323179,10,225,0,0
954.1691073209123,371,186,0,0
954.1847714147362,350,51,1,0
954.18549067419,17,304,0,0
954.1908683341463,6,37,0,0
954.1998047365224,1054,25,0,0
955.172487379421,27,74,0,0
955.6121760870143,2176,12,0,0
955.6229023165981,40,323,0,0
955.6265876346531,7532,660,1,0
956.1495267810648,308,4,0,0
956.2695027450901,380,119,0,0
956.2802538978679,35,259,0,0
956.3153638783587,2088,39,0,0
956.3410443061447,152,361,0,0
956.3425046851595,17,530,0,0
956.5049909319796,85,599,0,0
956.5130035746706,13,250,0,0
956.5145514007529,82,377,0,0
956.6157325707017,1271,241,0,0
956.6588981008098,19,392,0,0
957.0331234826173,10,950,0,1
957.0333068519808,6,242,0,0
959.316658318089,235,5000,0,1
959.3193580046984,6,26,0,0
959.3239593998467,14,217,0,0
959.3274287324692,133,419,0,0
959.3296380231552,13,199,0,0
959.3420155488593,63,188,0,0
959.3863654000018,96,104,0,0
959.4180687594788,10,251,0,0
959.4233953023397,1710,751,1,0
959.4324536699645,17,110,0,0
959.444732602824,34,84,0,0
960.2508501284947,8,379,0,0
960.2577577253052,5,513,0,0
960.3148115894948,59,269,0,0
960.3540941962084,1018,551,0,0
961.9583051340331,161,270,0,0
962.8846193594349,34,37,0,0
962.9077697603861,1200,207,0,0
963.3890831343418,492,108,0,0
963.4138154696013,370,111,0,0
963.453858192723,800,25,0,0
963.4808992968348,30,48,0,0
964.0326875298873,6,162,0,0
964.3025198894353,360,747,0,0
964.4026072279843,112,298,0,0
964.4178820350144,1282,217,0,0
964.4458000359468,18,318,0,0
964.4629220624549,1212,768,0,0
964.5076002065317,41,184,0,0
964.5132861345784,7,162,0,0
964.5457509738552,9,419,0,0
964.5464169846784,19,143,0,0
964.5562482360835,7,409,0,0
964.5607706840213,25,29,0,0
964.5872363469938,163,6010,0,1
964.6128066405977,8,720,0,0
964.6139568009743,16,220,0,0
964.6171519105225,402,334,0,0
964.7592515884676,102,463,0,0
964.7670473556647,350,310,0,0
964.7918449124427,21,121,0,0
964.7949435207856,1182,219,0,0
964.7982755509672,649,707,0,0
964.8472147337459,13,85,0,0
964.8697187735271,7,16,0,0
964.939846973278,12,194,0,0
964.9452941245927,86,184,0,0
964.9514526152201,76,63,0,0
964.9529739209412,37,436,0,0
964.9667757900237,648,29,0,0
964.9840817507308,126,208,0,0
965.0993807034514,516,139,0,0
965.1042680634539,718,770,0,0
965.1053239100634,334,42,0,0
965.1211815662342,88,63,0,0
965.1256638589326,85,139,0,0
965.2250750379854,148,367,0,0
965.2417929379595,7905,287,1,0
965.2480083378819,17,434,0,0
965.2851129381853,760,197,0,0
965.3643766200784,540,83,0,0
965.4024910748604,34,225,0,0
965.4205365105374,152,138,0,0
965.4246192732255,830,73,1,0
965.4283720477133,259,496,0,0
965.429673377235,11,521,0,0
965.4652000606942,29,180,0,0
965.578443019663,11,238,0,0
965.7679738875623,6,115,0,0
965.8185839283208,8,274,0,0
965.8192143992826,1531,357,0,0
965.8342749577752,251,427,0,0
965.9600238526315,11,252,0,0
965.9667945238291,523,762,0,0
965.9690009165274,80,691,0,0
965.9789675141202,25,111,0,0
966.0066823120609,29,99,0,0
966.0494109802229,2045,769,0,0
966.0532544290824,167,201,0,0
966.0534331217818,78,325,0,0
966.091151122676,46,394,0,0
966.1204364961281,165,362,0,0
966.3228958317612,10,365,0,0
966.3238925013065,10,306,0,0
966.3355939757676,34,482,0,0
966.3505839775158,37,115,0,0
966.4479085344825,18,303,0,0
966.5312208227667,30,116,0,0
966.5338271596197,149,312,0,0
966.8264794828274,326,560,0,0
967.3921613386951,4,122,0,0
967.4365474131679,51,19,0,0
967.4600598252421,1933,158,0,0
967.4957474385089,16,192,0,0
967.504881416753,62,23,0,0
967.5255545934203,16,910,0,1
967.5271240915589,445,657,0,0
967.5350934054269,19,734,0,0
967.8631090417573,41,404,0,0
967.8724925651941,43,180,0,0
968.2351905999355,25,173,0,0
968.2432777294786,1258,2300,0,1
968.2728066736315,39,423,0,0
968.2741919401924,7951,241,1,0
973.9618537806965,216,382,0,0
973.9622086826429,11,272,0,0
974.0539326435736,4,14,0,0
974.0573553212541,6,212,0,0
974.1408039030854,8,321,0,0
974.1839327738863,58,283,0,0
974.1850431527072,225,767,0,0
974.190699997773,14,59,0,0
974.2075207257167,92,348,0,0
974.2723963743101,14,217,0,0
974.5588323512341,604,127,0,0
974.6253578651695,9,108,0,0
974.6260234711556,10,119,0,0
974.7042292300029,613,92,0,0
974.7510331675829,4,13,0,0
975.1241110428598,369,116,0,0
975.1414960820209,710,585,1,0
975.224188257269,76,256,0,0
975.3427383491803,152,229,0,0
975.348123097522,33,196,0,0
975.3610428893571,9,126,0,0
975.3886626747525,31,423,0,0
975.389063286285,86,254,0,0
975.4326300346304,466,500,0,0
975.6205514580988,570,777,1,0
975.6208653221212,22,201,0,0
975.6218376913301,7,7750,0,1
975.6234483870429,8,218,0,0
975.6239121841538,53,133,0,0
975.6332383963035,22,360,0,0
975.6656084071532,105,22,0,0
975.6769935563677,16,299,0,0
975.6810514444747,264,61,0,0
975.689207130033,1282,294,0,0
975.6975526004278,20,717,0,0
975.6996227823039,96,367,0,0
975.7155571858672,23,26,0,0
975.7404981603167,124,529,0,0
975.7460318043786,47,312,0,0
975.7695769396697,836,18,0,0
975.9142278332148,21,148,0,0
975.935144178208,24,3400,0,1
975.9689007617095,2150,4,1,0
975.9855454830722,6,106,0,0
975.9894435208809,86,319,0,0
976.1049970054653,10,14,0,0
976.1056503900526,3385,269,0,0
976.6436688908578,10,225,0,0
976.6479183463067,112,39,0,0
976.7202497160646,16,80,0,0
976.7945483725576,24,456,0,0
976.832771268508,8,323,0,0
976.8372872832707,88,3680,0,1
976.8386468375799,15,511,0,0
976.9614290494432,954,76,0,0
977.0953152467467,68,734,0,0
977.3796122033589,8,255,0,0
977.3822684455838,8,23,0,0
977.4393121467275,23,83,0,0
977.4394242894451,13,62,0,0
977.4408501545876,23,522,0,0
977.4436566603248,28,511,0,0
977.4673363822315,17,559,0,0
977.4717916506908,890,241,0,0
977.5059407966154,144,280,0,0
977.7203933984654,12,2020,0,1
977.720741420213,89,227,0,0
977.7919710342297,24,254,0,0
977.817368060267,3281,368,0,0
977.8274520822623,19,90,0,0
977.8520503225982,67,273,0,0
977.8965782443024,87,6880,0,1
978.0613342124756,33,303,0,0
978.1301257079501,134,140,0,0
978.1317904914624,6,49,0,0
978.1319956880359,407,374,0,0
978.1947390711173,117,93,0,0
978.5996376751657,37,440,0,0
978.6486838206783,235,960,0,1
978.6511033050249,10,226,0,0
978.6517805852937,118,293,0,0
978.6703979487946,24,298,0,0
978.7992470741902,10,312,0,0
978.8077947778804,32,337,0,0
978.8091780484557,600,595,1,0
978.884515683304,36,508,0,0
978.9526338498126,129,624,0,0
978.9701983590829,55,195,0,0
978.9949759265508,2860,78,0,0
979.0019419850731,60,97,0,0
979.0652707444068,12,126,0,0
979.0666862440863,304,315,0,0
979.1452981497342,6,591,0,0
979.2346737886221,8,23,0,0
979.2367472141308,14,216,0,0
979.2387666022872,5,211,0,0
979.2421949417798,15,417,0,0
979.3370507624195,1023,317,0,0
979.3375825377994,1091,159,0,0
979.3393009784214,6,248,0,0
979.5339856170407,13,342,0,0
979.5555352536245,844,2760,0,1
979.5992640958912,19,170,0,0
979.6036246134952,12,38,0,0
979.6132305887256,38,411,0,0
979.7667112203827,20,485,0,0
979.7731529121513,10,365,0,0
979.8055980179736,1241,79,0,0
979.8109280446947,94,205,0,0
979.8144798903022,6,29,0,0
979.8148541687814,695,665,0,0
979.8166528624865,10,21,0,0
979.8257624435195,8,76,0,0
980.0242942215011,23,290,0,0
980.0486400298541,43,30,0,0
980.0555802450376,249,254,0,0
980.0576670444871,126,350,0,0
980.1023159255772,77,160,0,0
980.3518036253575,11,228,0,0
980.3687420717204,38,350,0,0
980.4123955218017,90,239,1,0
980.461704771947,162,558,0,0
980.4850362656375,7,328,0,0
980.4856193363867,22,19,0,0
980.5024378926797,11,159,0,0
980.507264061093,19,117,0,0
980.5221090804002,36,307,0,0
980.5286171618483,4306,3540,0,1
980.529176463115,30,239,0,0
980.5309741702232,22,389,0,0
981.3386176729101,477,198,0,0
981.7939556449559,5,247,0,0
981.8055080107406,426,105,0,0
981.8085128082159,49,65,0,0
982.1965701463446,36,322,0,0
982.1978124488027,9,18,0,0
982.201207154186,236,491,0,0
982.2899515532504,15,282,0,0
982.3506788201976,320,138,1,0
982.3719855371274,327,167,0,0
982.373347268276,7,60,0,0
982.463395981264,57,489,0,0
982.4667307602335,31,12,0,0
982.4896628450924,37,141,0,0
982.5550981359858,495,524,0,0
982.7831008930015,13,403,0,0
982.8159167980665,56,548,0,0
982.8367282565238,1451,573,0,0
982.8408110890432,19,2010,0,1
982.9289488184996,43,445,0,0
983.2474693923707,10,185,0,0
983.2714336214717,292,111,0,0
983.2799815873065,30,74,0,0
983.2897461668833,371,677,0,0
983.3432933750848,228,335,0,0
983.3468155724704,58,299,0,0
983.3693272795291,26,200,0,0
983.3917870143936,525,198,0,0
983.4105337845227,63,30,0,0
983.4113245423149,9,103,0,0
983.4156227263474,28,39,0,0
983.4276372045108,23,187,0,0
983.4523027131835,94,491,0,0
983.4644267764922,46,230,0,0
983.534552491453,19,767,0,0
983.5368021918727,10,227,0,0
983.5386064547857,22,522,0,0
983.5408580846035,7,306,0,0
984.5224520235248,24,260,0,0
984.5565128275575,49,712,0,0
984.7254858593767,33,240,0,0
984.7353279919215,13,71,0,0
984.7455526757133,174,325,0,0
984.7494938083572,91,125,0,0
984.7520377711784,1529,335,0,0
984.7528668953875,48,425,0,0
984.7753661970686,105,362,0,0
984.7966984893338,30,350,0,0
984.8411455446894,590,90,0,0
984.9336708355065,47,1390,0,1
984.9468715831783,31,488,0,0
984.9587095981004,15,209,0,0
984.9700330480406,56,445,0,0
984.9745156023156,33,271,0,0
985.0270360979389,56,459,0,0
985.0439716238534,14,323,0,0
985.0884036450503,785,12,0,0
985.0928499766173,212,365,0,0
985.0968886192508,11,242,0,0
985.1139739802283,11,267,0,0
985.2341839575372,15,379,0,0
985.2366620679301,9,173,0,0
985.2721118029563,1136,204,0,0
985.2829094929199,840,143,1,0
985.2838167663715,70,97,1,0
985.2884005842064,21,318,0,0
985.3219315019006,135,767,0,0
985.4273059099555,100,536,0,0
985.6248038207849,830,127,1,0
985.6623348203167,23,209,0,0
985.6793605224254,357,409,0,0
985.7200209451864,23,150,0,0
986.1651533580416,44,315,0,0
986.1660517187594,210,307,1,0
986.2011122121623,63,80,0,0
986.2148476879431,207,340,0,0
997.9915105811464,11,413,0,0
998.4939872538495,215,155,0,0
998.5560480002614,41,91,0,0
998.5669892896884,7,15,0,0
998.6105391169112,5,41,0,0
998.6232963059165,3851,138,0,0
998.6266812330093,15,317,0,0
998.6581619060212,17,437,0,0
998.8180954525986,12,275,0,0
998.8229041638903,4,65,0,0
998.8415217259366,16,304,0,0
998.8421215451516,1281,131,0,0
998.8520624582197,10,89,0,0
998.8564821553588,246,583,0,0
998.886145664132,15,320,0,0
998.9528061666201,344,329,0,0
998.9558329008354,36,339,0,0
998.963036422415,371,198,0,0
999.1733836455173,6,171,0,0
999.1960971630983,13,36,0,0
999.2358760002911,18,354,0,0
999.2409719224579,27,79,0,0
