arrived_at,num_prefill_tokens,num_decode_tokens,prefill_inflated,decode_inflated
0.0,14,216,0,0
0.03279720615158262,47,280,0,0
0.0432260618212322,17,268,0,0
0.046265487514628945,12,190,0,0
0.053533702196803784,20,581,0,0
0.05601692975412016,7,29,0,0
0.07636812131703791,137,291,0,0
0.33966514158008826,1090,474,0,0
0.3464076985228008,190,572,1,0
0.35162459384349254,70,231,1,0
0.39968873335755856,49,195,0,0
0.4365302830048072,120,354,0,0
0.4588100900915127,11,574,0,0
0.46161652838742495,180,331,0,0
0.4786358389274549,62,115,0,0
0.5511265657190034,30,444,0,0
0.5523533829073424,10,323,0,0
0.5595789139814176,360,492,0,0
0.5599816019770946,129,660,0,0
0.5613501861826298,297,225,0,0
0.5618037506714151,15,670,0,0
0.5730796765098427,13,220,0,0
0.5745100839051949,15,228,0,0
0.6055533209490194,71,686,0,0
0.6302422377812779,1382,731,0,0
0.6426582924830551,167,249,0,0
0.6427758688572738,7,3200,0,1
0.6489198103107698,23,501,0,0
0.6652963592316782,62,208,0,0
0.6879307446897789,11,245,0,0
0.6887765895871957,525,450,0,0
0.6957168944809548,180,324,1,0
0.698266182475424,4335,275,0,0
0.7018455201621471,44,36,0,0
0.8524488619900674,50,196,0,0
0.8560375364667773,456,318,0,0
0.8729459078693516,65,239,0,0
0.9787545281466479,54,354,0,0
0.9843707063239807,34,70,0,0
0.9988027120383508,55,195,0,0
1.0213086806337484,38,203,0,0
1.0418084945111088,15,261,0,0
1.043365462924185,10,637,0,0
1.064378282746517,700,2080,0,1
1.337658881591852,328,83,0,0
1.338476436593789,21,292,0,0
1.4391232643970642,38,352,0,0
1.4620329622933084,393,509,0,0
1.467035330642996,200,166,0,0
2.453063921628287,31,31,0,0
2.5359420903401713,7,417,0,0
2.537581398754358,327,131,0,0
2.5585260795881624,152,478,0,0
2.6157076371288808,8,251,0,0
2.6280778080999636,672,108,0,0
2.6987938743740756,7,62,0,0
2.714590835980368,308,766,0,0
2.7831260290043396,5,356,0,0
3.1036308895491556,10,299,0,0
3.1083026116243597,60,89,1,0
3.1353916586994974,43,6150,0,1
3.142535403390279,16,545,0,0
3.165810618864905,58,41,0,0
3.167490063564364,9,365,0,0
3.1731547359722936,845,138,0,0
3.1853428389821388,1050,143,0,0
3.294237391145633,207,232,0,0
3.4725068596138065,44,171,0,0
3.4737854991795714,2313,220,0,0
3.477467909537974,17,105,0,0
3.543270493242507,2701,766,0,0
3.5436060422333315,131,206,0,0
3.550751754747916,7,81,0,0
3.5656058916705295,16,428,0,0
3.78854132948465,17,6900,0,1
3.860181793884494,52,109,0,0
3.869560346239903,6,253,0,0
3.8781942821163438,31,81,0,0
3.889134672248187,11,180,0,0
4.2690358116302525,178,91,0,0
4.276701868407433,109,767,0,0
4.286532384963435,22,282,0,0
4.323058606210873,42,275,0,0
4.337231218188956,110,767,0,0
4.34939282251458,29,81,0,0
4.351336764712737,1124,95,0,0
4.3689704202482185,25,210,0,0
4.376401638524533,77,704,0,0
4.562282847975934,11,280,0,0
4.628904475594143,7,78,0,0
4.646098553769726,14,29,0,0
4.7147892871595145,10,326,0,0
4.723933426410172,11,62,0,0
4.871917547088489,64,427,0,0
4.889768432985819,5,28,0,0
4.947720542231219,4,363,0,0
4.949085421214532,513,113,0,0
4.985182514951494,47,287,0,0
4.985799101871843,9,2430,0,1
4.9861070556336005,476,400,0,0
4.995921924852429,111,283,0,0
4.998905126324222,173,362,0,0
5.0239572311721,10,276,0,0
6.631344798999229,39,191,0,0
6.634763996571711,14,259,0,0
6.639944825589716,8166,26,1,0
6.667156882682905,4,51,0,0
6.715526836945691,48,210,0,0
6.728207016719178,891,28,0,0
6.7401601279428105,7,299,0,0
6.813696354908691,43,583,0,0
6.8647393098769935,108,4830,0,1
6.867022333224772,58,24,0,0
6.882424213861138,18,693,0,0
6.901788412995446,6,357,0,0
6.903978372416246,7,306,0,0
6.934320298638631,40,113,0,0
6.937564727419418,85,7,0,0
7.063653433312544,194,239,0,0
7.090185235171955,7,250,0,0
7.11175872482398,6,183,0,0
7.117292086632102,920,443,1,0
7.131526074416594,205,369,0,0
7.131858067770914,318,224,0,0
7.133735748419019,20,218,0,0
7.171018539565259,279,2580,0,1
7.1712741037150876,14,85,0,0
7.2693821418512945,9,113,0,0
7.269931315442428,1423,123,0,0
7.351899343030531,73,107,0,0
7.355225635105769,25,426,0,0
7.440924058370628,195,184,0,0
7.464371342518826,20,13,0,0
7.465205930073932,15,621,0,0
7.684661491319573,29,771,0,0
8.007214202849752,3357,366,0,0
8.023033688456577,9,53,0,0
8.033467166868686,36,24,0,0
8.046573798408062,16,461,0,0
8.049140309982654,39,209,0,0
8.211534358168445,10,286,0,0
8.217626918414199,130,768,1,0
8.233915615436421,204,130,0,0
8.237607951923625,1299,258,0,0
8.242766762574966,21,403,0,0
8.244168064786141,86,392,0,0
8.46712773094726,80,292,0,0
8.480386738172028,222,614,0,0
8.604935275239896,10,303,0,0
8.623467321286636,1244,322,0,0
8.627967176417128,16,28,0,0
8.637355640763284,16,313,0,0
8.643240543171501,6,125,0,0
8.661574785131847,717,769,0,0
8.670093952242405,110,120,1,0
8.679998646642268,28,426,0,0
8.681143988193071,53,129,0,0
8.684737609458749,13,920,0,1
9.177963544939615,47,88,0,0
9.182676833280325,12,533,0,0
9.184868505193403,1074,312,0,0
9.220296592192016,5,269,0,0
9.521382808771353,123,474,0,0
9.52236772730664,9,373,0,0
9.534259045400875,76,655,0,0
9.539356529736809,73,3660,0,1
9.539889554876135,20,351,0,0
9.618358714531066,14,203,0,0
9.635576870752315,9,247,0,0
9.656393162704068,17,58,0,0
9.660400910006697,8,308,0,0
9.705210428554317,60,217,1,0
9.711346947039997,1026,3200,0,1
9.72490588342086,896,738,0,0
9.726872531624219,40,57,0,0
9.728457630421447,381,25,0,0
9.989299919697643,19,25,0,0
9.995844536499119,4720,22,1,0
10.02818156513949,22,609,0,0
10.045047086619956,103,199,0,0
10.052514598432111,126,420,0,0
10.059048016961954,2154,78,0,0
10.12267371470682,58,636,0,0
10.132539937153695,52,480,0,0
10.145869241717833,20,67,0,0
10.16473399684064,1110,270,0,0
10.354514640651075,187,222,0,0
10.424892182729694,30,2230,0,1
10.463677928182737,36,446,0,0
10.469523646441814,6,201,0,0
10.470661239659874,4,160,0,1
10.591192859269757,12,124,0,0
10.715872369525496,49,225,0,0
10.729490955290931,17,434,0,0
10.782827404186259,22,257,0,0
10.868947119449423,5,20,0,0
10.964074911179695,2357,153,0,0
11.078008896546182,1479,120,0,0
11.085263360209527,3462,140,0,0
11.458718624758674,28,421,0,0
11.460209951481641,240,3290,1,1
11.561328989028956,800,25,0,0
11.60978790843694,13,131,0,0
11.713341625705038,21,353,0,0
12.486797694179392,9,416,0,0
12.838133755543726,47,338,0,0
12.839960432497787,16,494,0,0
12.840576443224505,65,295,0,0
12.93302296889993,17,360,0,0
12.935392820712115,60,599,0,0
12.95299533028319,114,684,0,0
13.049762444989057,138,381,0,0
13.050436298561035,6,304,0,0
13.050701541625186,17,32,0,0
13.081010711386389,1858,124,0,0
13.100730527764306,139,507,0,0
13.111767448859808,462,144,0,0
13.131257843974074,1440,263,1,0
13.134485709347647,156,409,0,0
13.135360179989792,227,16,0,0
13.148290081255338,42,343,0,0
13.150874330081765,20,293,0,0
13.151548609702608,289,150,0,0
13.201159699890043,7,129,0,0
13.21711921167431,33,536,0,0
13.25780624017958,1202,148,0,0
13.260301174428175,36,230,0,0
13.265140303084163,185,352,0,0
13.267587066763188,14,491,0,0
13.270650598841694,15,335,0,0
13.297324032978485,6,132,0,0
13.301093384685881,5,347,0,0
13.337874510792858,20,2860,0,1
13.373475168381423,20,83,0,0
14.409528844290222,53,105,0,0
14.410642083716052,13,233,0,0
14.517196628763473,34,25,0,0
14.532284275840752,175,532,0,0
14.549829693226226,18,485,0,0
14.55082284142224,9,275,0,0
14.558011212793163,69,461,0,0
14.63778913366175,9,234,0,0
14.653089786771595,10,688,0,0
14.674310144672758,17,332,0,0
14.68439887404716,289,15,0,0
14.866032525146744,30,41,0,0
14.883318701447946,10,595,0,0
14.88354005831727,14,285,0,0
14.888060940543038,9,111,0,0
14.888412723477972,43,124,0,0
14.888439774660114,9,141,0,0
14.894690025259806,20,161,0,0
15.1545055759006,10,62,0,0
15.174333516229172,14,336,0,0
15.176062892564373,64,421,0,0
15.178812484523128,217,7670,0,1
15.35194871065804,20,452,0,0
15.376680897472909,13,330,0,0
15.396543739303539,17,128,0,0
15.412758608627453,838,783,0,0
15.432243761444228,15,188,0,0
15.522591280041686,85,183,0,0
15.577079626543586,83,296,0,0
15.604858107607011,39,98,0,0
15.607099540942759,11,771,0,0
15.65725211239233,35,397,0,0
15.661844307296732,60,126,1,0
15.822705785408246,8,26,0,0
15.824125918530083,22,360,0,0
15.837828857126045,19,451,0,0
15.85560994984324,14,31,0,0
15.85688573418203,7,354,0,0
16.421868679918035,530,350,0,0
16.75671302856931,9,292,0,0
16.763852828358452,29,58,0,0
16.848314225343735,15,302,0,0
16.886796756332867,24,334,0,0
16.88689363783563,122,452,0,0
16.916668017800152,17,48,0,0
16.932629270817095,179,2040,0,1
16.953941626113068,30,582,0,0
16.95603568119926,14,75,0,0
16.96656494243883,5,69,0,0
16.97919822407989,290,86,0,0
17.173427771334264,39,82,0,0
17.208651021450354,22,85,0,0
17.226496357672815,87,411,0,0
17.61055384741869,511,61,0,0
17.616497693420545,443,386,0,0
17.624778924584884,16,80,0,0
17.625255724775123,11,187,0,0
18.041413289957745,1681,98,0,0
18.165566577850157,14,2960,0,1
18.278471757404102,78,359,0,0
18.34723361194263,22,307,0,0
18.369725381250955,13,185,0,0
18.3974918778834,9,193,0,0
18.408392709461623,43,30,0,0
18.4204016498769,3457,730,0,0
18.440516522679406,23,170,0,0
18.811631260652227,15,400,0,0
18.86646074375252,240,408,1,0
18.882514325827593,1514,167,0,0
18.88817797354433,10,303,0,0
18.89324551248453,994,356,0,0
19.33832917973423,42,285,0,0
19.388040211067736,69,111,0,0
19.408695127502163,782,683,0,0
19.41772455146709,20,157,0,0
19.419688084532712,377,142,0,0
19.435474174074535,857,102,0,0
19.539035952473586,924,192,0,0
19.54726588457699,9,1190,0,1
19.55872020619227,35,505,0,0
19.570317636583333,2556,67,0,0
19.59278448894195,8,260,0,0
19.593530384643316,12,243,0,0
19.604799384209905,387,527,0,0
19.608067002023752,17,396,0,0
19.713916930679204,10,208,0,0
19.717780745168998,8,511,0,0
19.775003163647398,11,442,0,0
20.15559487009509,27,146,0,0
20.165232350791072,16,236,0,0
20.170650204564097,696,5820,0,1
20.197112390726822,598,800,0,1
20.21508401712902,7,302,0,0
20.21755748104605,834,168,0,0
20.262920222253957,285,301,0,0
21.27918008452907,120,354,0,0
21.289948617504486,86,181,0,0
21.30197496498506,97,346,0,0
21.304207166246393,8,74,0,0
21.338366271023336,6,283,0,0
21.339856455331443,10,117,0,0
21.341828340867178,97,115,0,0
21.575096059769955,468,4010,0,1
21.5780464756587,702,125,0,0
21.73494000168461,738,385,0,0
22.11547123771843,13,380,0,0
22.145782070719108,30,423,0,0
22.200360299564696,1211,240,0,0
23.095835158139618,7,184,0,0
23.108010289451837,416,549,0,0
23.113521810649853,12,86,0,0
23.1147267028818,83,25,0,0
23.1343411505208,9,506,0,0
23.48197184039685,7260,391,1,0
23.604954457527185,6090,618,0,0
23.60769640870484,113,529,0,0
23.610957629136216,2860,78,0,0
23.617540755736897,270,187,0,0
23.649915817359883,156,476,0,0
23.661883733380726,1309,78,0,0
23.689592813159408,6,116,0,0
23.722258690103544,69,461,0,0
23.73218615437513,25,221,0,0
23.748837722193084,15,168,0,0
23.7761145355268,24,471,0,0
23.791369619936077,53,295,0,0
23.84076683208791,35,304,0,0
24.601744342765443,518,161,0,0
24.660700662603023,7,26,0,0
24.6808762504526,28,248,0,0
24.681495414520487,6,110,0,0
24.720698930278154,19,208,0,0
24.72106662414702,12,470,0,0
24.72214427559289,240,154,1,0
24.82184079476869,334,449,0,0
24.89593389240925,48,532,0,0
24.909303369259785,9,252,0,0
24.909893642368026,184,146,0,0
24.918479833450345,210,84,1,0
24.92312290269178,6,171,0,0
24.98761442323416,49,178,0,0
26.637256010227546,2509,215,0,0
26.665102675890292,16,80,0,0
26.66889974697507,162,520,0,0
26.67063603444852,43,293,0,0
26.686765757091784,95,169,0,0
26.699436122969665,163,76,0,0
26.701239775765092,34,265,0,0
26.72401248213469,14,2990,0,1
26.72581832097593,27,494,0,0
26.892663581952807,34,343,0,0
27.043795558207222,226,241,0,0
27.201757604215423,18,245,0,0
27.2087494970909,228,447,0,0
27.259245459716432,360,446,0,0
27.273101388998096,237,767,0,0
27.281392866129863,6,140,0,0
27.29055025375415,316,381,0,0
27.2918912619451,44,188,0,0
27.29289639996634,32,264,0,0
27.381261919249226,13,177,0,0
27.393571543928026,4,98,0,0
27.421390063225672,155,3570,0,1
27.555180281151376,43,273,0,0
27.555743879893065,32,385,0,0
27.55950453100624,16,175,0,0
27.585128339674164,176,301,0,0
27.6246576263405,340,467,0,0
27.633146050380386,10,243,0,0
27.774492041708257,95,169,0,0
27.801977089388906,19,177,0,0
27.803570836601217,1963,1430,0,1
27.806375615484725,14,753,0,0
27.8967349547594,304,399,0,0
27.942362663114658,296,69,0,0
27.94276709569939,21,2510,0,1
28.21004176835858,12,540,0,0
28.269716359490914,30,240,0,0
28.534665592433715,17,116,0,0
28.54304226273085,8,419,0,0
28.553030816514458,146,153,0,0
28.55492717998425,177,110,0,0
31.438286715572122,96,104,0,0
31.450991057353967,6,49,0,0
31.882772112338635,8,31,0,0
31.88771657034981,48,297,0,0
31.912758075220758,158,768,0,0
31.913395797292548,12,41,0,0
31.92178644704289,53,223,0,0
32.050857374077665,22,2390,0,1
32.052333416736325,18,66,0,0
32.20638805729541,2070,364,0,0
32.24180987289259,13,653,0,0
32.24404645847296,6,430,0,1
32.250663561835005,406,263,0,0
32.25786817043817,28,378,0,0
32.27421139779448,15,46,0,0
32.28038674017092,24,21,0,0
32.28383640286638,14,217,0,0
32.29364909686438,4,361,0,0
32.29596331705763,17,324,0,0
32.29733193182985,18,114,0,0
32.313719111364534,14,487,0,0
32.41920748133038,7,83,0,0
32.420054619769054,11,107,0,0
32.43822637651067,211,278,0,0
32.44314456302957,302,253,0,0
32.44570086426592,11,166,0,0
32.54515808047742,22,453,0,0
32.55155945592051,488,311,0,0
32.91276805367612,397,148,0,0
32.91656111537902,7,66,0,0
32.95565070751166,30,316,0,0
32.96710410311553,10,508,0,0
32.971098164644346,15,1640,0,1
33.02954995649615,54,23,0,0
33.04278525133038,22,244,0,0
33.10308171279709,26,296,0,0
33.11949792251312,10,254,0,0
33.121554863143125,4,186,0,0
33.136267602951115,9,66,0,0
33.1562882200488,26,180,0,0
33.27899261456485,710,197,0,0
33.28193821960853,38,152,0,0
33.29861792195616,360,20,0,0
33.299194349746706,1698,651,0,0
33.36560373423338,119,34,0,0
33.367678578936804,35,609,0,0
33.3681653960404,22,156,0,0
33.38419470072648,36,362,0,0
33.54891060139843,17,113,0,0
33.549766124965785,119,264,0,0
33.55181395576801,71,27,0,0
33.55589479424486,1078,709,0,0
33.55777966445738,415,139,0,0
33.59632010274149,9,1880,0,1
33.599909977689066,5,396,0,0
33.604172336785545,1534,16,0,0
33.66211552725045,23,741,0,0
33.666097681718654,64,427,0,0
33.70897797918848,12,112,0,0
33.71156390066404,1636,155,0,0
33.713161616856745,13,371,0,0
33.71362091932214,29,347,0,0
34.46001807011739,44,162,0,0
34.46952797803841,11,137,0,0
34.49891987416326,31,216,0,0
34.51587810380321,7,90,0,0
34.54072606668152,418,160,0,0
34.560656048405,1026,228,0,0
35.38064128573921,14,88,0,0
35.38290045932527,81,605,0,0
35.38370131706281,17,286,0,0
35.386085682253466,210,455,0,0
35.38733604566579,50,149,0,0
35.467716927791514,22,226,0,0
35.560810829311194,706,523,0,0
35.56344935726434,38,271,0,0
35.56456784854406,279,258,0,0
35.573443031520014,4,234,0,0
35.86496052449409,462,144,0,0
35.86502469018779,11,309,0,0
35.91675820341844,35,159,0,0
35.918856953154275,16,190,0,0
36.06340132782007,31,268,0,0
36.065490994096095,175,534,0,0
36.075687250197284,8,14,0,0
36.07657443147765,19,211,0,0
36.07913015805377,5,46,0,0
36.36758270329854,13,118,0,0
36.460713938553845,8,102,0,0
36.46879494119542,29,44,0,0
36.471961063267884,23,422,0,0
36.47236976812074,33,400,0,0
36.480581294593364,625,257,0,0
36.49754448545794,34,199,0,0
36.51279698726882,20,91,0,0
36.52775531827385,8,287,0,0
36.529669390453975,9,1480,0,1
36.54547404499271,19,289,0,0
36.56217566129603,70,442,0,0
36.80058195486614,11,280,0,0
37.55528108534188,14,166,0,0
37.56900135401376,12,69,0,0
37.57289848390189,325,508,0,0
37.58874402273252,30,488,0,0
37.594096768773596,1174,176,0,0
37.598184477612264,53,543,0,0
37.61423195964536,3357,157,0,0
37.61647143897368,62,398,0,0
37.67711817156477,6,456,0,0
37.691776683116906,15,358,0,0
37.7215278654104,1254,768,0,0
37.734043419356766,11,16,0,0
37.73825712880539,11,299,0,0
37.740967086811686,24,770,0,0
37.75219384721114,1405,768,0,0
37.7582153182229,306,121,0,0
37.7870233700345,24,7670,0,1
37.80490884362365,22,263,0,0
37.806092062709034,664,121,0,0
37.82672925414048,165,331,0,0
37.82795939837231,524,121,0,0
37.83321816757456,29,687,0,0
37.84323377921816,18,540,0,0
37.843518088021064,39,343,0,0
37.86518675185997,18,207,0,0
37.889592506682405,57,100,0,0
37.90274753242806,31,291,0,0
37.910470646913964,85,347,0,0
37.91901819901705,1399,116,0,0
37.92157760020768,1633,437,0,0
37.93209942360448,15,3150,0,1
37.93807468981812,29,424,0,0
37.959751066682735,13,166,0,0
37.96137455981013,62,314,0,0
37.990280065245294,25,341,0,0
38.014309752752716,30,145,0,0
38.027905086051796,14,2810,0,1
38.035401633784524,1648,608,0,0
38.08986520408863,13,233,0,0
38.09051159479129,4,774,0,0
38.13583207058899,121,142,0,0
38.165171349365075,452,299,0,0
38.196975755678714,989,133,0,0
38.23581679660008,43,265,0,0
38.240698837966825,27,199,0,0
38.251438376723335,44,704,0,0
38.31595796815918,38,143,0,0
38.35865505724447,935,425,0,0
38.38593843898328,8,14,0,0
38.386811466475656,8,531,0,0
38.43972327239304,11,115,0,0
38.62685152833766,116,1670,0,1
38.7627890314972,728,369,0,0
38.79159574178129,30,182,0,0
38.79239625282649,86,293,0,0
38.911255724727624,7,336,0,0
38.92469717162023,24,428,0,0
38.92481109979926,14,345,0,0
38.96318076062513,1343,31,0,0
38.964093329873556,27,766,0,0
38.96544314966815,29,162,0,0
38.97051108992303,251,767,0,0
39.200500810367714,116,60,0,0
39.209095646301456,15,131,0,0
39.24012195256903,572,110,0,0
39.83525690220764,26,73,0,0
40.27268475476194,20,215,0,0
40.28735975565816,59,278,0,0
40.29849160393733,54,474,0,0
40.29994094786485,9,335,0,0
40.30444031211961,86,313,0,0
40.346688816490264,33,494,0,0
40.386506605881536,537,203,0,0
40.40900240803367,29,131,0,0
40.5409566978795,40,55,0,0
40.54480686375676,1610,172,1,0
40.56093715935682,427,148,0,0
40.638830326467364,17,165,0,0
40.696871002224036,31,96,0,0
40.85053122356608,19,27,0,0
40.89045184714238,29,397,0,0
40.90017050129524,4,149,0,0
40.93740503957674,45,402,0,0
40.939834482218885,194,132,0,0
40.94051420760614,739,4740,0,1
40.99815300000908,586,315,0,0
41.01431352585927,9,66,0,0
41.04775080806876,752,584,0,0
41.04835581433158,1470,137,1,0
41.05704973675034,50,486,0,0
41.062486250665195,8,261,0,0
41.065690340377685,418,320,0,0
41.065888798384364,27,154,0,0
41.075124765159515,20,417,0,0
41.18370189936884,30,3500,0,1
41.22236353195276,20,590,0,1
41.22778821264493,195,117,0,0
41.24530395982432,27,249,0,0
41.327282082818584,364,85,0,0
41.32735430677608,138,110,0,0
41.34142056878507,127,379,0,0
41.394897616800975,4610,767,1,0
41.4655032201506,21,523,0,0
42.006986762059945,6,92,0,0
42.1816646463513,1175,204,0,0
42.21538082928797,67,114,0,0
42.248390622144456,10,609,0,0
42.335463283182634,24,27,0,0
42.341599437841786,43,138,0,0
42.35825053564789,7,48,0,0
42.468785320293854,13,263,0,0
43.37361134581793,995,275,0,0
43.386733705838765,93,6,0,0
43.40311353878582,480,35,1,0
43.42995137379533,7,286,0,0
43.69482680550684,166,331,0,0
43.71181002301867,141,281,0,0
44.05270359787726,11,215,0,0
44.05531408756506,7,164,0,0
44.06775237817342,90,139,1,0
44.07989257435057,9,191,0,0
44.166888710590435,11,3770,0,1
44.31285460761444,240,691,0,0
44.31373619032008,129,339,0,0
44.31663012485451,30,365,0,0
44.352024652290766,970,398,0,0
44.35685764056498,28,487,0,0
44.3577166260172,13,88,0,0
44.50171646803645,2163,395,0,0
44.5501790709588,525,198,0,0
44.59856491305037,105,589,0,0
44.605537322304066,880,14,0,0
44.74681526329289,15,58,0,0
44.75798192008178,263,46,0,0
44.919678693795156,62,9,0,0
44.922592679950135,105,405,0,0
44.92586199782789,1458,195,0,0
44.95303377089661,13,273,0,0
44.95746283353155,4,255,0,0
45.027131759237875,78,238,0,0
45.05748877785529,16,454,0,0
45.06033761195487,27,190,0,0
45.08121326304778,17,626,0,0
45.09015112926081,20,8,0,0
45.20282729525222,40,309,0,0
45.207919680279964,31,36,0,0
45.215416703722916,262,528,0,0
45.418847538566496,19,315,0,0
47.0065432991614,1001,521,0,0
47.989799371322945,132,561,0,0
48.01027628893789,9,17,0,0
48.03823032724925,13,140,0,0
48.42575114981576,35,35,0,0
48.43982027433478,120,54,1,0
48.44238064998006,293,385,0,0
48.46517706877697,49,680,0,0
48.509694722327474,7,2840,0,1
48.51313156431481,21,322,0,0
48.51380214582018,597,188,0,0
48.514821728319724,105,181,0,0
48.58310814208338,52,249,0,0
48.58706756871907,14,284,0,0
48.60066876939307,9,186,0,0
48.62827301610098,95,57,0,0
48.69052148982965,57,463,0,0
48.69975691508682,100,478,1,0
48.748681677611266,7,233,0,0
48.75172433621581,210,216,1,0
48.76047757875021,14,152,0,0
48.76280327878247,3173,767,0,0
48.936339559998665,7,83,0,0
48.95343284681019,1347,31,0,0
48.95754619475974,20,614,0,0
48.966464524340374,10,113,0,0
48.9780458656698,20,317,0,0
49.051296861377935,208,408,0,0
49.052038850943916,271,263,0,0
49.05430581286694,5,146,0,0
49.062776721294874,96,220,0,1
51.91959536967552,226,68,0,0
52.04161842970462,22,74,0,0
52.05605766103642,10,178,0,0
52.13100992446413,12,66,0,0
53.2361469349998,14,126,0,0
53.247453283757245,9,191,0,0
53.25612464314165,827,275,0,0
53.45984318509579,708,500,0,0
53.50832570190068,9,225,0,0
53.577423203173176,3011,292,0,0
53.58395320654651,115,473,0,0
54.43057877005208,30,155,0,0
54.98174357260648,13,237,0,0
55.03770976695957,81,673,0,0
55.108621218319065,16,319,0,0
55.10893418157577,6,168,0,0
55.173537891960436,160,232,0,0
55.18577698387064,7,531,0,0
55.22875392289599,53,461,0,0
55.299406252476956,12,314,0,0
55.30852441879473,39,125,0,0
55.30913820332401,231,343,0,0
55.3467983112336,30,111,0,0
55.35089461461844,2191,167,0,0
55.36021742450275,286,1410,0,1
55.3656035838007,15,456,0,0
55.37471660004387,22,331,0,0
55.374894561257015,150,313,1,0
55.58066198353549,1315,227,0,0
55.61061243693794,14,596,0,0
55.7772216092776,9,446,0,0
56.723499158146396,105,464,0,0
56.74237793745883,118,217,0,0
56.74286858941314,34,171,0,0
56.74588805107454,436,607,0,0
56.747502580112275,414,99,0,0
56.75411601369763,50,731,0,0
56.775276767167476,17,336,0,0
56.775605824830635,320,767,0,0
56.811400646796585,65,44,0,0
56.81228062244149,27,75,0,0
56.84498741513758,32,327,0,0
56.859483374821146,3750,200,0,0
56.86912018134283,35,607,0,0
56.884712308953766,1612,210,0,0
56.890842931039515,19,298,0,0
56.89614400466893,47,422,0,0
56.896767346314164,14,109,0,0
56.9137738804092,21,3090,0,1
57.63714303541272,40,91,0,0
58.58465767179751,50,286,0,0
58.83844267170891,32,104,0,0
58.91247156450141,11,321,0,0
58.917135651071796,29,378,0,0
59.2403623188304,44,270,0,0
59.25649096811915,94,289,0,0
59.27221360068363,43,263,0,0
59.28229203570488,31,217,0,0
59.30398040319554,240,28,0,0
59.31153701152052,452,121,0,0
59.32679781870183,22,284,0,0
59.32885977262776,68,426,0,0
59.33740629832323,18,5290,0,1
61.06410258060595,131,367,0,0
61.079802635401585,13,84,0,0
61.090998350548105,16,58,0,0
61.14332997260784,12,195,0,0
61.217703190454024,19,298,0,0
61.219648292691794,1260,157,0,0
61.23157207230275,268,315,0,0
61.3448001238558,165,50,0,0
61.37575490654048,72,408,0,0
61.39878404596256,1807,193,0,0
61.80257108006332,9,125,0,0
61.80722312427849,11,235,0,0
61.828515393269356,341,69,0,0
61.834892630246884,10,213,0,0
62.19037253345754,5,108,0,0
62.19073643623565,193,120,0,0
62.19546002511975,80,447,1,0
62.20172226748563,550,255,1,0
62.26975109196637,7,205,0,0
62.33041829324524,15,158,0,0
62.62431864753969,35,54,0,0
62.62509339866779,222,29,0,0
62.70604101847951,6,391,0,0
62.71607816165865,7,22,0,0
62.7208446116153,45,428,0,0
62.77393465082702,2176,12,0,0
62.77679966441518,290,335,1,0
62.777083042203024,9,71,0,0
62.7856886605025,20,399,0,0
62.78659106767967,105,376,0,0
62.79151949835674,9,75,0,0
62.829457822259016,16,325,0,0
62.86313605613603,8,188,0,0
63.294370181275404,239,772,0,0
63.306474263438446,11,2800,0,1
63.30731471923223,1811,157,0,0
63.3112922393741,12,233,0,0
63.31416158445575,85,260,0,0
63.31574123230429,801,487,0,0
63.35884397576526,50,328,0,0
63.363808848091985,8,84,0,0
63.36415464855217,4,38,0,0
63.4368805692781,83,40,0,0
63.45132052577856,205,384,0,0
63.48815841136168,38,198,0,0
63.51045191563497,16,14,0,0
63.57427798558128,195,9,0,0
63.59374827633066,24,408,0,0
63.80759451062001,12,182,0,0
63.84981129340862,595,173,0,0
63.88933843264335,720,681,0,0
63.93029802767685,18,3460,0,1
63.931277811591684,1286,297,0,0
63.94426003192693,210,319,1,0
63.95500265485056,19,768,0,0
63.9823315808251,7,10,0,0
63.9835233798246,108,767,0,0
64.45746389206931,21,185,0,0
64.47969804632804,24,232,0,0
64.48129838804115,13,233,0,0
64.48188998974463,24,93,0,0
64.49217078556022,19,180,0,0
64.50725277730744,10,246,0,0
64.51154269731492,45,285,0,0
64.5332376559868,9,239,0,0
64.53824297286936,431,230,0,0
64.59263234458241,154,8,0,0
64.59686897661501,1817,296,0,0
64.61357637783767,210,345,1,0
64.74138456537953,63,390,0,0
67.8321993647867,38,152,0,0
67.83460440319395,13,180,0,0
67.84173102069632,100,231,1,0
67.84509518930668,1241,79,0,0
67.93171329808287,11,73,0,0
67.9335293296213,14,64,0,0
67.94037857284071,850,310,1,1
67.95738599237379,8,375,0,0
67.95993446747171,58,412,0,0
67.96259413778787,7,2760,0,1
67.96956407685238,21,299,0,0
67.96983442945881,8,104,0,0
67.97083632708132,393,369,0,0
67.97873570556047,14,72,0,0
68.00300746547559,79,44,0,0
68.01545263162633,152,174,0,0
68.01597202947005,24,107,0,0
68.02310893779539,28,4260,0,1
68.11220610490373,110,45,0,0
68.16705506801274,14,1610,0,1
68.182470306547,45,301,0,0
68.18552938131928,27,529,0,0
68.24929951778832,4,10,0,0
68.25496841325676,15,74,0,0
68.25670923184131,225,350,0,0
68.26033649998742,4,9,0,0
68.5872000619059,14,13,0,0
68.61522829522133,45,1480,0,1
68.79856903078318,857,188,0,0
68.80548739690246,34,445,0,0
68.92330656046786,942,216,0,0
68.92872519672764,130,235,1,0
68.94189593432912,335,1730,0,1
71.5478464746553,18,499,0,0
71.63153898765219,40,605,0,0
71.63816174305794,343,766,0,0
71.65339093609461,44,62,0,0
71.68804098372368,16,504,0,0
71.89115499178735,39,4440,0,1
71.89793912188271,10,255,0,0
71.89849356785565,6,131,0,0
71.90880825310508,14,320,0,0
71.92741684069901,114,115,0,0
71.94988115897272,16,325,0,0
72.20107691277684,17,102,0,0
72.23507235335738,181,534,0,0
72.32678737710657,34,3770,0,1
72.32878233884333,44,620,0,0
72.4311586383093,75,158,0,0
73.62543045683792,9,551,0,0
73.7100927938119,21,225,0,0
73.7400558061319,5,970,0,1
73.76460867327323,79,237,0,0
74.40824685364176,3543,78,0,0
74.41107179976122,115,177,0,0
74.42552112247631,23,209,0,0
74.47081932916758,1369,277,0,0
74.55072561125593,79,615,0,0
74.5582503526742,5,54,0,0
74.5916149390021,190,648,1,0
74.60196517473666,15,360,0,0
74.6249261150274,79,237,0,0
74.63878143368744,28,285,0,0
74.640621248466,18,228,0,0
74.65791984007652,72,25,0,0
74.76220773577901,15,116,0,0
74.76481634098684,21,133,0,0
74.77595775058,15,339,0,0
74.84415555611014,11,380,0,0
74.84627917582407,201,647,0,0
74.87228001811901,71,68,0,0
74.87444539109204,232,556,0,0
75.04897829066516,25,645,0,0
76.8907716397759,1371,357,0,0
77.92082184907859,84,331,0,0
77.93246235497085,200,174,1,0
78.01176333728827,19,265,0,0
78.03474847258256,23,423,0,0
78.05688134737916,20,322,0,0
78.45564399840866,13,59,0,0
78.45693380606814,2120,365,1,0
78.60585860201978,20,106,0,0
78.62221959897872,24,1460,0,1
78.92407059339672,29,346,0,0
78.95031148641587,17,47,0,0
78.95501123149793,6,160,0,0
78.98642144189513,12,112,0,0
79.06505404793276,501,308,0,0
79.08443672256118,218,452,0,0
79.13232778080771,12,91,0,0
79.13868443333776,40,439,0,0
79.13893729428848,16,305,0,0
79.24810654382311,27,1930,0,1
79.32115855949121,17,91,0,0
79.3454277830561,48,36,0,0
79.36611825667843,9,61,0,0
79.50949042099269,8,217,0,0
79.51672331191712,15,423,0,0
79.5211153093852,13,672,0,0
79.53349122778032,1475,153,0,0
79.72811077940537,20,3520,0,1
79.72923672864665,6,221,0,0
79.92492290670012,7,127,0,0
79.92994751022358,82,565,0,0
79.93194394955381,80,138,1,0
80.15624204058912,40,104,1,0
80.17110797135155,122,201,0,0
80.17244758805343,36,29,0,0
80.18125317271057,950,1580,0,1
80.29741184490916,43,616,0,0
80.49319361943779,1405,22,0,0
80.50087389091091,18,344,0,0
80.54154401522771,27,402,0,0
80.61680948969347,18,376,0,0
80.62178038154504,30,118,0,0
80.65848580083636,70,749,0,0
80.6754159571481,15,305,0,0
80.68159277629302,11,144,0,0
80.68833612328277,111,107,0,0
80.70896973168404,1394,510,0,0
80.72812464460952,11,238,0,0
80.73394797512618,15,205,0,0
80.74164598657141,22,211,0,0
80.90890218097589,8,140,0,0
80.93657654584743,31,33,0,0
81.04253435538152,20,117,0,0
81.24217055780832,7,114,0,0
81.30075896091056,20,528,0,0
82.99438125795182,59,29,0,0
82.9978446351952,27,209,0,0
83.08873658575858,29,12,0,0
83.09828680691895,857,188,0,0
83.83663741108342,8,433,0,0
84.3778068909311,1133,689,0,0
84.37816908681216,9,52,0,0
84.38076806866538,11,172,0,0
84.4489021862429,127,334,0,0
84.53648516548803,24,488,0,0
84.61521173400256,2664,362,0,0
84.63087192053824,37,520,0,0
84.67571162053108,201,27,0,0
84.74232431253454,7973,219,1,0
84.75776660052247,10,343,0,0
84.89858289926839,16,350,0,0
84.89877958615165,14,275,0,0
84.96287926139964,99,162,0,0
84.96516056499942,26,82,0,0
85.08791769792732,45,118,0,0
85.09933903648034,651,160,0,0
85.10238945169185,122,455,0,0
85.14050630666019,7,2360,0,1
85.14342222632142,12,223,0,0
85.14632979278157,307,101,0,0
85.14711505588522,179,725,0,0
85.16422118366214,4,109,0,0
85.2129611472838,11,325,0,0
85.35257832477677,37,229,0,0
85.36616917155119,17,286,0,0
85.51289455140667,9,181,0,0
85.53159923980098,187,194,0,0
85.54657263984484,7,27,0,0
85.60339774124442,1080,771,1,0
85.75324819333187,43,420,0,0
85.76236375794515,1002,87,0,0
85.77344583379154,15,100,0,0
85.78652720861118,70,117,0,0
85.8078204669441,44,680,0,0
85.81080080232833,647,155,0,0
85.95181553593345,25,305,0,0
85.95991690440799,1239,109,0,0
86.00541812591915,25,80,0,0
86.00888033592088,16,606,0,0
86.04586340309896,9,93,0,0
86.08535304037085,15,387,0,0
86.09313251995803,9,322,0,0
87.12037277825414,94,547,0,0
87.15827206076979,190,110,1,0
87.78889624933677,2151,194,0,0
87.91176664502262,38,101,0,0
87.91656514154492,1877,11,0,0
87.92496721593973,27,197,0,0
87.96813335600575,4,423,0,0
87.98852647056185,20,425,0,0
88.00844747235988,27,299,0,0
88.01862764886803,459,4,0,0
88.01911240930569,50,764,0,0
88.0306082693177,79,469,0,0
88.03082192475462,15,375,0,0
88.06878034649672,120,37,1,0
88.07300415277662,17,313,0,0
88.07731881398286,59,135,0,0
88.0889564539197,17,208,0,0
88.12008723113898,1160,345,0,0
88.12111649093883,190,207,1,0
88.12166292036329,7,4110,0,1
88.12380273779999,37,459,0,0
88.1241067757378,39,132,0,0
88.12671626114177,361,520,0,0
88.56139982174679,8070,122,1,0
88.56358059698064,213,221,0,0
88.62997830965676,17,315,0,0
88.63113965909974,52,198,0,0
88.66396144711388,22,17,0,0
88.67348134986959,32,435,0,0
88.68949156056838,15,405,0,0
88.74577539983552,64,1930,0,1
89.35083835399072,94,392,0,0
89.37747438792123,23,180,0,0
89.40061456007112,57,365,0,0
89.4031902484332,162,234,0,0
89.4611374089133,16,328,0,0
89.4721683880246,11,91,0,0
89.56745281094955,5,39,0,0
89.58398714974525,11,324,0,0
90.17071651489007,15,317,0,0
90.17105850250788,11,66,0,0
90.18102922988734,10,769,0,0
90.28622420520706,667,238,0,0
90.29517254363256,10,11,0,0
90.29887318490101,80,21,0,0
90.30947569788478,173,4640,0,1
90.31061794190141,190,6270,0,1
90.33350930773936,22,105,0,0
92.71094070446117,854,770,0,0
92.88914226191042,6,249,0,0
92.89110596897315,7,1960,0,1
92.89425208943311,10,4540,0,1
92.90228379287663,90,213,0,0
93.03679997619962,18,286,0,0
93.04028989419915,2439,50,0,0
93.04482745418963,63,172,0,0
93.15071219222561,482,302,0,0
93.25242542388362,7,153,0,0
93.2609693696759,21,56,0,0
93.26289899418612,680,311,1,0
93.26371230870018,87,296,0,0
93.26817107451508,25,584,0,0
93.26837949336009,581,818,0,0
93.34922112066337,27,118,0,0
93.354339259471,276,336,0,0
93.40158864205884,50,211,0,0
94.15869370596432,12,403,0,0
94.34714577006706,2087,374,0,0
94.34895080976082,29,769,0,0
94.45160338506896,864,310,0,0
94.63443513185932,14,187,0,0
94.63849089643952,100,433,1,0
94.64117208023653,22,6280,0,1
94.65566222089788,90,699,0,0
94.65639567193165,266,322,0,0
94.99822861837777,7,247,0,0
94.9983755371628,568,263,0,0
95.00034791024285,9,245,0,0
95.01087257924578,7,354,0,0
95.02233046351819,46,19,0,0
95.04748656836972,7,69,0,0
95.07854124446088,57,767,0,0
95.09031211909756,28,415,0,0
95.26563422653186,210,117,0,0
95.26588432512136,10,74,0,0
95.28392309331954,408,572,0,0
95.28824494281683,311,7710,0,1
95.31176560152004,469,127,0,0
95.33982635521217,21,76,0,0
95.34273938733537,9,502,0,0
95.34774697485126,14,198,0,0
95.4358076180981,6,261,0,0
95.47207666937605,188,209,0,0
95.47670573660437,6,285,0,0
96.5437355338725,6,29,0,0
98.37215566278853,299,113,0,0
98.37312409896325,370,25,1,0
98.40612194141373,13,416,0,0
101.13280493752511,995,442,0,0
101.2193486399597,7,192,0,0
101.24742625228144,7,145,0,0
101.2593286348,2119,196,0,0
101.26544191622234,28,511,0,0
101.27723865187035,153,160,0,0
101.28323645605862,11,3920,0,1
101.36328785983679,16,140,0,0
101.37142586393409,25,582,0,0
101.37889328151807,11,384,0,0
101.38052320143808,32,409,0,0
101.39686412337093,10,231,0,0
101.39988216728682,2841,105,0,0
101.41245265624896,11,103,0,0
101.5574163559056,53,233,0,0
101.59492989952896,32,69,0,0
101.64444624606004,20,126,0,0
101.68122918264757,119,12,0,0
101.70154101760147,26,228,0,0
101.71552896134038,46,198,0,0
101.72527869362492,282,507,0,0
101.80763757303797,30,565,0,0
101.80970100921418,51,346,0,0
102.07326532763939,285,2270,0,1
102.09258276897192,6,92,0,0
102.09661956565522,30,339,0,0
102.10340351953687,13,363,0,0
102.10806284858211,20,756,0,0
102.13292297711892,19,6480,0,1
102.13721675156106,9,265,0,0
102.31438762543563,117,112,0,0
102.31816705947433,8,150,0,0
102.3183586889468,38,403,0,0
102.32254096359604,38,212,0,0
102.32286587910978,65,463,0,0
102.33952761051621,2069,266,0,0
102.4896075699833,6,491,0,0
102.55552295398948,7,160,0,0
102.5567661347796,2375,86,0,0
102.5606949648726,48,507,0,0
103.19347276228432,16,228,0,0
103.22759246725968,8,24,0,0
103.24578642676549,800,129,1,0
103.39494013615217,200,1050,1,1
105.83148069694579,15,187,0,0
106.0727705241859,294,766,0,0
106.09661810474155,11,126,0,0
106.13329799334534,250,26,1,0
106.1952903960575,160,325,1,0
106.20058906298294,200,141,0,0
106.20276055242951,128,46,0,0
106.22280095622358,30,737,0,0
106.22551497315384,1610,35,0,0
106.2414724489339,12,152,0,0
106.26334206629394,17,404,0,0
108.21205987678334,220,698,1,0
108.21534943169077,686,198,0,0
108.229493203813,25,177,0,0
108.24248406960702,24,160,0,0
108.28575466548028,26,275,0,0
108.43214856366714,5017,1663,0,0
108.43891439576977,708,392,0,0
108.44240525602821,97,572,0,0
108.44308328248268,58,587,0,0
108.44591375386743,49,295,0,0
108.49867273031985,206,84,0,0
108.51844234885948,19,2330,0,1
108.52081020335416,14,40,0,0
108.52937206206303,44,517,0,0
108.54858911683291,14,279,0,0
108.59800194755361,14,386,0,0
108.60350918734729,214,344,0,0
108.61444422549951,15,49,0,0
108.61491942659376,90,362,1,0
108.61672356051385,216,76,0,0
109.07537180977762,56,539,0,0
109.0755986682134,16,346,0,0
109.08478068756307,16,326,0,0
109.11275393814324,120,425,0,0
109.12128875388773,107,269,0,0
109.12487296074998,47,537,0,0
109.1408426929583,8,386,0,0
109.15870908583874,10,637,0,0
109.17402078900112,7,313,0,0
109.17444286411582,27,521,0,0
109.18788030628956,17,32,0,0
109.1911432405742,215,482,0,0
109.19717706177782,17,64,0,0
109.22558878317075,15,16,0,0
109.29058374518385,7,184,0,0
109.39904650937757,12,417,0,0
109.40573257862138,23,200,0,0
109.52026498543398,462,188,0,0
109.70899307954197,18,351,0,0
109.88422811060973,58,233,0,0
110.17495611465284,251,497,0,0
110.18843989148411,101,356,0,0
110.20117787589719,27,408,0,0
110.29514583064676,113,193,0,0
110.29631911109591,634,3330,0,1
110.32375111487647,6,310,0,0
110.32999582218345,6,73,0,0
110.33862607808074,2342,259,0,0
110.33918030745922,98,761,0,0
110.34222002211212,48,296,0,0
110.35954006534966,54,99,0,0
110.46621205476262,13,157,0,0
110.59691216149565,14,257,0,0
110.61227880737297,320,190,0,0
110.62463646033237,23,104,0,0
110.62806280460958,1127,644,0,0
110.6684117497806,2773,51,0,0
110.67940956082931,256,176,0,0
110.74002934654455,61,206,0,0
111.33960722199056,38,20,0,0
111.35652055665012,33,47,0,0
111.35742371562432,170,354,1,0
111.36064942011264,109,154,0,0
111.36162625013206,947,767,0,0
111.36327271894234,23,302,0,0
111.60879647422385,23,92,0,0
111.63719029108643,612,531,0,0
111.63805315645442,21,199,0,0
111.7047472629413,57,635,0,0
111.92918582556814,30,416,0,0
111.93797133003427,9,269,0,0
111.94263998297322,120,43,1,0
111.95182980741927,22,91,0,0
111.98371256276818,8,265,0,0
112.04860898916381,117,520,0,0
112.24056878137304,19,426,0,0
112.44450528124818,32,329,0,0
112.63769253686644,10,329,0,0
112.9126716443518,441,222,0,0
112.98040832453985,3640,3500,1,1
112.98125286642177,11,307,0,0
112.99513945882619,896,177,0,0
113.02894731760414,39,130,0,0
113.03733362017375,20,131,0,0
113.14898417730392,52,359,0,0
113.15776371993421,115,97,0,0
113.16059678219762,10,101,0,0
113.48482584738734,24,277,0,0
113.55319083920347,23,268,0,0
113.58116719805615,9,78,0,0
113.69632120708388,110,379,1,0
113.84741801404702,10,170,0,0
113.8831099179053,26,375,0,0
113.88324224603905,8,288,0,0
113.88791464836966,6,115,0,0
113.89515517540933,32,94,0,0
113.89767565820362,2508,201,0,0
113.92452408229786,17,348,0,0
114.12035595996677,13,298,0,0
114.12719769314404,2082,216,0,0
114.12906255488926,258,94,0,0
115.1710882487874,11,596,0,0
115.17840361463267,1252,476,0,0
115.17993614837897,17,129,0,0
115.20896257731759,1579,387,0,0
115.25123848737431,51,362,0,0
115.25564353944036,23,51,0,0
115.34332929007059,43,132,0,0
115.35013807297157,12,338,0,0
115.35298702275026,23,31,0,0
115.37877823943758,18,458,0,0
115.46307894315011,12,304,0,0
115.46815812033022,18,143,0,0
115.5031145832452,30,35,0,0
115.51808190058013,624,721,0,0
120.64222996016392,64,297,0,0
120.64660420062619,25,163,0,0
120.93409632302755,6,119,0,0
120.95034740812156,536,9,0,0
120.96435120153612,15,22,0,0
121.04076646666094,26,196,0,0
121.14862639133281,38,386,0,0
121.37606572561779,12,9,0,0
121.41088446496059,44,661,0,0
121.41631511847314,60,179,0,0
121.42247193625414,6,39,0,0
121.472478718453,7,315,0,0
121.53014381048511,18,243,0,0
121.82572812954535,890,99,1,0
121.86739528457501,13,107,0,0
122.01777879824559,513,142,0,0
122.39257946450697,214,118,0,0
122.41766906274712,24,102,0,0
122.4185937820492,968,769,0,0
122.42030003222919,2160,89,1,0
122.4213174283312,106,448,0,0
122.85661637138482,9,55,0,0
122.85992997091138,7,194,0,0
123.07191918347944,83,314,0,0
123.13014425718053,153,183,0,0
123.68760412352209,836,21,0,0
123.82176503311663,104,242,0,0
123.83646891799064,1093,331,0,0
123.84856390847904,7,166,0,0
123.86995955993383,3083,562,0,0
123.89557958211485,19,330,0,0
123.90182198331571,4880,22,1,0
123.91872675048648,14,158,0,0
124.36973804499475,16,186,0,0
124.3703376858586,23,518,0,0
124.40059774120823,87,440,0,0
124.40353932060378,7,140,0,0
124.42976991419988,45,611,0,0
124.52656186218553,19,141,0,0
124.5426427568015,239,139,0,0
124.62731823940236,28,2300,0,1
124.628068881323,12,31,0,0
124.79321497258816,230,124,0,0
124.79861602471634,18,352,0,0
124.86127258556,1026,228,0,0
124.88726353685662,50,131,0,0
124.88736599795301,46,138,0,0
124.89134377851296,136,2340,0,1
124.91939042287738,6,237,0,0
125.32314387376005,650,139,1,0
125.35519681117717,21,373,0,0
125.38540895684558,8,2930,0,1
125.38647877007274,423,222,0,0
125.70229031266798,5,249,0,0
126.37210845676155,14,82,0,0
126.39121445528734,37,95,0,0
126.40284155042349,28,208,0,0
126.40354959574552,2391,15,0,0
126.50913227930198,29,405,0,0
130.5225999797997,1348,91,0,0
130.5983227119532,49,445,0,0
130.824260411319,724,767,0,0
130.87761856745595,887,487,0,0
130.88013494525282,66,545,0,0
131.1415730390505,12,384,0,0
131.14310064605172,2423,1210,0,1
131.15494110566172,1576,5960,0,1
131.18645900912995,8,460,0,0
131.29195485536835,35,37,0,0
131.33341877278932,28,698,0,0
131.3725343687097,111,478,0,0
131.37646923193034,12,368,0,0
131.3778382714734,24,71,0,0
131.39824395762568,53,25,0,0
131.402603916845,229,115,0,0
131.4039234539569,151,108,0,0
131.40535815904624,20,19,0,0
131.41212879696715,41,391,0,0
131.41257263061138,67,1860,0,1
131.4137914892183,319,149,0,0
131.41447711617116,25,207,0,0
131.44045826385678,43,22,0,0
131.4812639206004,253,199,0,0
132.48064301926286,2123,226,0,0
132.48154586159976,19,317,0,0
132.48618096422723,38,411,0,0
132.5981335048539,15,228,0,0
132.60983018026425,50,279,0,0
132.61921277530004,65,49,0,0
133.16991358419662,11,170,0,0
133.17908452557415,960,633,0,0
133.18087139027406,20,300,0,0
133.18216698824048,128,485,0,0
133.2174796257533,2896,430,0,0
133.2507057175664,136,163,0,0
133.25186691009375,80,333,0,0
133.2543813743035,1112,687,0,0
133.3069583097554,23,31,0,0
133.36420591452594,35,71,0,0
133.36919078834632,53,446,0,0
133.43182331023203,22,351,0,0
133.4884545874169,69,35,0,0
133.48896460440744,1083,109,0,0
133.4986316695058,300,391,1,0
133.54002432413535,25,213,0,0
133.54575997282078,74,759,0,0
133.546010293747,8,350,0,0
133.55625563218405,589,9,0,0
133.6374656472914,62,235,0,0
134.06313523519145,32,241,0,0
134.06336089807388,7,14,0,0
137.42268458676153,26,61,0,0
137.42457837578476,137,420,0,0
137.54691714581244,20,183,0,0
137.75990782381567,468,4,0,0
137.88878848366218,15,163,0,0
137.91312770795878,16,136,0,0
137.91489600495265,21,392,0,0
137.97807487018926,50,94,0,0
137.98239111559317,4,214,0,0
137.98250730453216,12,218,0,0
143.1526187625062,587,768,0,0
143.22698903526953,16,770,0,0
143.91170665233824,29,275,0,0
143.9146208852801,9,231,0,0
144.25425126413947,9,293,0,0
144.68805429048854,7,431,0,0
145.0922710661361,90,457,0,0
145.10956644921814,15,358,0,0
145.11119538705884,100,358,1,0
145.12385259239377,82,461,0,0
145.1240729098105,401,26,0,0
145.12467270170865,1060,173,0,0
145.14636006644486,111,596,0,0
145.14884452643193,1823,229,0,0
145.1618316522818,12,271,0,0
145.176341865417,9,230,0,0
146.034086439083,44,450,0,0
146.27588509945696,11,165,0,0
146.29238092068812,100,235,1,0
146.49486298812914,633,484,0,0
146.4986570074693,9,304,0,0
146.50785567104737,792,7400,0,1
146.61927500632677,22,25,0,0
146.62078111773562,1672,743,0,0
146.63110944976856,77,350,0,0
146.6323949662109,10,32,0,0
146.65521861153292,1390,55,1,0
147.12764586285252,864,190,0,0
147.1316553305159,120,134,1,0
147.1600048831591,209,350,0,0
147.1630036719032,644,142,0,0
147.16481444589192,40,389,0,0
147.16633816361306,152,213,0,0
147.49741696617895,52,198,0,0
149.53134297684207,46,266,0,0
149.5787580259031,10,342,0,0
149.58306513234803,29,302,0,0
149.65695942003762,571,309,0,0
149.66620555114858,98,206,0,0
149.75583186457627,3280,173,1,0
149.7881245108524,29,122,0,0
149.81969619223898,12,88,0,0
149.88048492024765,394,539,0,0
149.88614741738058,5,2240,0,1
149.8941849055064,21,70,0,0
149.89476206367846,19,307,0,0
149.9022187667986,421,119,0,0
149.90326813353948,46,388,0,0
149.91677894022388,19,5030,0,1
149.91943698381377,840,1260,0,1
149.9415313156821,43,482,0,0
149.98620259933352,6,56,0,0
149.9872566147918,620,247,0,0
149.99080429550568,49,43,0,0
149.99353956086523,10,134,0,0
150.07384514091692,11,401,0,0
150.62146223714583,19,453,0,0
150.72054202754808,34,241,0,0
150.72951318230332,25,753,0,0
151.06745205790435,56,246,0,0
151.06832545652742,287,343,0,0
151.43029800018374,30,68,0,0
151.43515501418392,10,456,0,0
151.43522442350078,16,140,0,0
155.056065924371,572,110,0,0
155.47971201174516,117,312,0,0
155.48200323260988,8,160,0,0
155.5073048811583,15,317,0,0
155.51905488249008,5,106,0,0
155.54119284432568,17,435,0,0
155.5421217755112,41,419,0,0
155.54673932565757,34,84,0,0
155.59274546372956,15,266,0,0
155.6209150979857,9,420,0,0
155.819522352349,37,39,0,0
155.8406874348783,90,629,0,0
157.82156577260182,18,560,0,0
157.82587771788502,7714,478,1,0
157.8561889106457,13,220,0,0
157.85657962304808,454,319,0,0
157.8580515700285,14,503,0,0
158.11526447869036,113,267,0,0
158.1180025307036,820,66,1,0
158.1701566207275,955,767,0,0
158.18610425574923,66,474,0,0
158.18833816782612,27,400,0,0
158.19733033343255,1244,399,0,0
158.20378230006858,178,102,0,0
158.210590450733,209,272,0,0
158.29204691365976,16,260,0,0
158.35856948889491,23,337,0,0
158.36425545393726,570,95,1,0
158.36719615100395,15,101,0,0
158.39893453904577,28,219,0,0
158.41370783812226,18,749,0,0
158.55480054689488,12,143,0,0
162.2082950974676,7,11,0,0
162.30568291511037,6,251,0,0
162.32251676470804,391,548,0,0
162.33530805273983,290,1850,1,1
162.33856068312252,3490,1340,1,1
162.341503910391,178,443,0,0
162.34392937048878,26,168,0,0
162.35211337774783,7,217,0,0
162.35979296165485,10,3410,0,1
162.43965604190873,22,5280,0,1
162.44778029850707,25,116,0,0
162.45993787828814,1331,756,0,0
162.46151610866914,16,207,0,0
162.94547671756894,151,34,0,0
162.9952174954707,13,46,0,0
163.64108772265317,497,104,0,0
163.72990878784654,24,146,0,0
164.08491105019456,7390,222,1,0
164.095888873861,1094,368,0,0
164.1716188353317,2268,245,0,0
168.2110735792046,14,94,0,0
168.21263529226627,56,61,0,0
168.4023251040616,24,371,0,0
168.94079990213368,255,537,0,0
168.9826924272929,16,327,0,0
169.0660614766678,3850,454,1,0
169.29931389178313,19,252,0,0
169.30403603102678,4,469,0,0
169.34561837754794,755,355,0,0
169.3486735693914,341,730,0,0
169.35320192184153,21,320,0,0
169.35830440220468,24,133,0,0
169.37177239158862,1106,493,0,0
169.3961192673402,9,144,0,0
169.44167418558322,1027,767,0,0
169.4426652605289,295,75,0,0
170.48206962554684,15,411,0,0
170.67453382738407,5012,1621,0,0
170.75437008818298,55,116,0,0
170.76303941788294,64,43,0,0
170.77807228469604,12,218,0,0
170.83350583988374,2630,32,1,0
170.87542454839948,30,66,0,0
170.8760019180256,31,75,0,0
170.95838752812756,1722,280,0,0
178.06902683438173,137,420,0,0
178.06943596220646,24,35,0,0
178.2081212849706,1514,325,0,0
178.24659041909095,3385,48,0,0
178.26094432105359,513,142,0,0
178.56187614437022,327,259,0,0
178.5634692090495,276,432,0,0
178.58867420543163,17,5390,0,1
178.9525314342945,89,218,0,0
178.96457650093618,46,155,0,0
178.97222359865265,353,288,0,0
178.9950702990286,1150,256,0,0
179.00230827468934,164,168,0,0
179.4355040310397,264,151,0,0
179.43830273576236,1567,190,0,0
179.54679889776432,230,2140,1,1
179.5481753160215,9,253,0,0
179.6195538417415,10,221,0,0
179.63409892940945,857,188,0,0
179.63418807613328,18,24,0,0
179.65201243418517,263,32,0,0
179.6540247471231,76,202,0,0
179.66126234403643,11,528,0,0
180.08790886717554,1243,158,0,0
180.0897231496966,30,157,0,0
180.09176315295883,10,105,0,0
180.4406047603561,142,245,0,0
180.46350726091651,13,446,0,0
180.89287514650925,9,292,0,0
180.92797043907956,24,113,0,0
180.93091136042548,19,369,0,0
180.94665627635018,7,93,0,0
181.1727860647377,210,321,1,0
181.29772969880497,8,78,0,0
181.31580732989488,2551,37,0,0
181.33575554358262,57,58,0,0
181.35007259706862,7,9,0,0
181.35556583525897,60,417,0,0
182.31333975403206,21,232,0,0
182.33165325597284,48,502,0,0
182.33341628615113,7,106,0,0
182.3401830107666,1566,223,0,0
182.42054103715097,1003,8,0,0
182.48803047586875,44,231,0,0
182.5016411478441,63,418,0,0
182.50620578188787,123,613,0,0
182.5251598104946,11,91,0,0
182.52573761318098,37,261,0,0
182.5269786731502,95,621,0,0
182.62026293839332,4,259,0,0
182.6269979172384,11,235,0,0
182.66600799926508,16,197,0,0
182.88698029269912,1989,29,0,0
182.95560668879355,37,340,0,0
182.9744325508362,30,346,0,0
184.4092831167238,63,306,0,0
184.48050854200108,6,393,0,0
184.48921383795292,87,769,0,0
184.57052194354418,33,1540,0,1
184.61226550597914,2517,107,0,0
184.61537009179509,17,316,0,0
184.63633568481887,79,469,0,0
184.64918902684855,14,2840,0,1
184.64950558369972,1405,11,0,0
184.66216434215875,241,294,0,0
184.6722462404359,73,766,0,0
184.67957329489926,206,17,0,0
184.6801863249401,25,176,0,0
184.68888831917624,34,16,0,0
184.70551898079376,353,288,0,0
184.7277712355282,9,304,0,0
184.7295186426727,68,340,0,0
184.7957600381353,130,183,1,0
184.79724221156116,81,63,0,0
184.80863259940628,10,64,0,0
185.07269084322888,266,123,0,0
185.07703719862707,18,202,0,0
185.0833517006881,10,230,0,0
185.2473011940546,647,770,0,0
185.25549538325362,217,177,0,0
185.26529496286688,378,140,0,0
185.29372850838843,8,211,0,0
185.4497026869377,35,660,0,0
185.44989736665164,10,435,0,0
185.45318612454466,43,102,0,0
185.45546350390106,21,26,0,0
185.4574061000436,34,60,0,0
185.46052439170597,54,113,0,0
185.4637455971166,13,233,0,0
185.49723685214553,812,767,0,0
185.5001481438503,13,279,0,0
185.5233450940788,100,102,0,0
185.56443216139655,13,184,0,0
185.5684741867727,13,121,0,0
185.5920590380115,6,120,0,0
186.1089802608777,28,662,0,0
186.14389678497048,403,734,0,0
186.14878532360325,14,362,0,0
186.1645821812365,94,562,0,0
186.16734698094132,7,232,0,0
186.19875693004496,2037,491,0,0
186.30415565484205,111,251,0,0
186.3075325735503,14,160,0,0
186.3192956391398,64,446,0,0
186.49476150729532,4,767,0,0
186.50128807274476,7,167,0,0
186.52778575493002,20,77,0,0
186.5300126107811,33,82,0,0
186.53339736300003,14,205,0,0
186.53973132456034,20,309,0,0
187.94150314978805,1177,300,0,1
187.9494657210915,11,244,0,0
187.95571793037286,2043,135,0,0
187.9615680680849,16,347,0,0
187.9745252153767,9,285,0,0
188.0415265470655,26,270,0,1
188.06788616281364,13,98,0,0
189.17386009000973,39,285,0,0
189.20153264567656,41,453,0,0
189.52778153594434,1236,337,0,0
189.55916479157435,11,92,0,0
189.61974784789643,347,2320,0,1
189.62075351628027,110,45,0,0
189.63474898147052,926,8,0,0
189.6504693428803,160,124,0,0
189.6615692666938,51,767,0,0
189.66181270177086,20,487,0,0
189.76682749017507,20,23,0,0
189.7751465695701,36,389,0,0
189.7826601312672,180,186,1,0
189.7934921813132,6,3000,0,1
189.80492735344802,9,209,0,0
189.84566078217682,17,336,0,0
189.84708096804383,14,265,0,0
189.84988418632872,88,66,0,0
189.88215356817616,10,299,0,0
189.9062971330824,53,334,0,0
189.9147926843026,25,255,0,0
189.9205187429399,6,22,0,0
189.92391951625746,942,94,0,0
189.93997646871404,170,135,0,0
190.13136722925591,18,2490,0,1
190.13354162488812,19,108,0,0
190.51328221110268,34,31,0,0
190.61087613040038,28,315,0,0
190.6181692018708,95,506,0,0
190.70457044029894,56,373,0,0
190.70553223469634,7,95,0,0
190.70609759184168,5,37,0,0
190.70746550692837,17,86,0,0
190.71541699689118,6,167,0,0
190.72482943785064,12,333,0,0
190.73126968826872,60,603,0,0
190.75328410708835,33,73,0,0
190.75353632658377,6,220,0,0
190.80213280516685,157,494,0,0
190.80318855483515,17,391,0,0
190.80800073889708,334,769,0,0
190.81590301890043,80,120,1,0
190.81768982725276,6,209,0,0
190.81885265287124,8,86,0,0
190.82126521408625,6,11,0,0
190.8388846917253,31,660,0,0
190.8976068193217,236,162,0,0
190.95338164494308,3100,202,1,0
190.9558507856098,191,181,0,0
190.9595558400858,147,191,0,0
190.96241819856806,6,197,0,0
191.00678435262077,997,166,0,0
191.00709102106458,40,29,0,0
191.22185309437836,410,860,0,1
191.22869620575517,4,248,0,0
191.2324614115918,1394,292,0,0
191.26804056365995,8,173,0,0
191.41036231780674,12,640,0,0
191.44616485535784,20,408,0,0
191.59433202679827,190,266,1,0
191.61793965507215,10,49,0,0
191.82899691481614,177,42,0,0
192.04670875092887,22,73,0,0
192.06149791388373,87,286,0,0
192.38244107340034,129,561,0,0
192.40752731772574,40,181,0,0
192.42899693314035,12,181,0,0
192.43185431255884,6,432,0,0
192.44198219488698,10,153,0,0
192.5274395730068,7431,761,1,0
192.5287463430007,851,444,0,0
192.5949079458371,121,265,0,0
192.63114507138718,5,146,0,0
192.66258174280244,14,517,0,0
192.66280042579237,36,19,0,0
192.67747867011042,195,184,0,0
192.74346002984169,49,334,0,0
192.74738336596843,42,48,0,0
192.76900005499843,12,159,0,0
192.7691552156434,426,102,0,0
192.83826099266167,127,133,0,0
192.84305797307348,112,102,0,0
192.9461442372075,14,371,0,0
192.94659684908947,53,231,0,0
193.0186487737613,645,233,0,0
193.02988309718185,535,295,0,0
193.12062868508153,12,403,0,0
193.12346195837543,50,651,0,0
193.12869995032395,217,8,0,0
194.72869361410784,19,115,0,0
194.73212494416427,84,464,0,0
194.73652139612744,34,447,0,0
194.74689939616027,9,66,0,0
194.749233749258,232,220,0,0
194.94438322967451,31,689,0,0
195.5128136345592,13,477,0,0
195.51722701142336,8,288,0,0
195.51779867072042,6,162,0,0
195.70586728473754,19,722,0,0
195.8714768964524,14,275,0,0
195.96480960709545,15,712,0,0
196.14714998121758,9,89,0,0
196.15033290985073,690,283,1,0
196.16321527638712,816,2660,0,1
196.16434800910736,1510,361,0,0
196.1654061638679,48,767,0,0
196.2937938999069,52,443,0,0
196.2985007820975,25,180,0,0
198.02179924869284,27,53,0,0
198.04272985445655,5,104,0,0
198.04774269449274,6,193,0,0
198.13674147485582,6,273,0,0
198.79881523748344,245,755,0,0
198.84652395685745,6,171,0,0
198.84810575444956,581,290,0,0
198.88600222044394,18,261,0,0
199.16860671673697,16,325,0,0
199.17533533868666,5,165,0,0
199.1791757072561,95,100,0,0
199.316968090239,14,70,0,1
199.34084203625446,1608,141,0,0
199.3428313068827,39,232,0,0
199.35127448722363,31,36,0,0
199.35525546426325,18,93,0,0
199.38789060316117,13,291,0,0
199.410361506456,20,340,0,1
199.59050367142842,40,3890,0,1
199.6651067923991,4,548,0,0
199.66589798351322,302,634,0,0
199.70662262378528,13,311,0,0
199.81511901348682,420,441,1,0
199.86002678175805,39,649,0,0
200.00162188187952,57,527,0,0
200.0076335259869,19,26,0,0
200.01032796117278,19,208,0,0
200.12625862756846,61,140,0,0
200.12840101946915,661,15,0,0
200.12864123401664,7,82,0,0
200.2688948249326,786,859,0,0
200.273134482091,230,767,0,0
200.2829182028404,230,228,0,0
200.28401994594043,8,120,0,0
200.28529348168678,107,104,0,0
200.28707893898962,134,324,0,0
200.2958508313089,617,230,0,0
200.33367129829506,443,126,0,0
200.33385347645444,6,14,0,0
200.4150764885879,7947,245,1,0
200.41677347831535,1233,356,0,0
200.4189122437065,8,79,0,0
200.4889169893452,19,187,0,0
200.50445958549528,165,45,0,0
200.50529484291542,100,3200,1,1
201.22730386365117,25,582,0,0
201.23053104480547,33,376,0,0
201.2601224561615,34,767,0,0
201.28703608901228,46,266,0,0
201.59057402028324,101,328,0,0
201.59782774134828,553,524,0,0
201.73333586981505,1585,272,0,0
201.73742803090272,89,383,0,0
201.90765113870495,4,234,0,0
201.91157424200694,22,280,0,0
201.92031882184375,625,140,0,0
202.72045773515893,96,474,0,0
202.75447251171104,37,39,0,0
202.77694676158646,16,385,0,0
204.37565432424373,6,171,0,0
204.41282668915605,19,301,0,0
204.41635414766668,23,343,0,0
204.49477644212553,299,113,0,0
204.49647450892027,774,142,0,0
204.66881727777695,2898,6,0,0
204.8701195817561,16,515,0,0
204.8758565672744,10,115,0,0
204.88099654404374,144,16,0,0
204.90668035278108,48,295,0,0
204.92524320817162,794,6150,0,1
204.9277967389609,273,93,0,0
204.98400299066938,9,78,0,0
204.9843069385207,9,146,0,0
204.9918992291527,29,143,0,0
204.99994358194465,247,488,0,0
205.01039064775614,39,343,0,0
205.04374872933445,15,391,0,0
205.04529648729329,37,264,0,0
205.10384656544986,5,18,0,0
205.11643205123028,76,17,0,0
205.12134768177287,112,355,0,0
205.1225202541982,18,494,0,0
205.12421347703167,11,433,0,0
205.16130920457775,84,2570,0,1
205.16393439658597,55,319,0,0
205.18445131130437,11,311,0,0
205.33538161539616,1451,201,0,0
205.4777100759703,638,576,0,0
205.8866818657276,9,153,0,0
205.8966586977909,27,397,0,0
205.8987183849666,31,291,0,0
206.03763908670047,250,351,1,0
206.07115632757618,22,196,0,0
206.24200078871468,1275,137,0,0
206.2604489443615,73,186,0,0
206.45763432552016,7,203,0,0
206.55569898959268,17,460,0,0
206.63131696805604,34,24,0,0
206.68071437906193,21,3880,0,1
206.72068922015274,13,38,0,0
206.74944744685476,20,13,0,0
206.77779851587755,13,319,0,0
206.90854254683362,12,446,0,0
206.91502366408358,23,392,0,0
207.4957168456891,13,3770,0,1
207.5103072951437,11,280,0,0
207.63979897729922,20,164,0,0
207.65486391267473,21,900,0,1
207.66588180214853,7,279,0,0
208.71671140579775,91,6,0,0
208.72643118291649,27,147,0,0
208.72783391066545,333,302,0,0
208.73216010366502,10,775,0,0
208.74172783724026,8,191,0,0
210.08549997167182,271,529,0,0
210.1127857089829,3263,132,0,0
210.22979800904855,21,253,0,0
210.23223229226122,94,165,0,0
210.26875991778445,13,5340,0,1
210.33787748692774,58,702,0,0
211.00043420697983,140,79,0,0
211.00491729169417,6,255,0,0
211.0652473937349,12,97,0,0
211.09829734445898,21,650,0,0
211.1006356413438,83,561,0,0
211.11799166771334,443,479,0,0
211.12864531646605,13,82,0,0
211.12881772669436,22,282,0,0
211.1885690003624,40,165,0,0
211.2417307474457,65,660,0,0
211.2492313448438,109,90,0,0
211.25047211014694,18,143,0,0
211.5986153461165,401,26,0,0
211.62933340851203,2090,329,1,0
211.76719563758917,10,239,0,0
212.07012384913415,66,767,0,0
212.0764902779683,28,333,0,0
212.1680655540725,17,297,0,0
212.17920568771544,2666,122,0,0
212.1951285343867,122,252,0,0
212.21033348427162,103,67,0,0
212.2283306519359,6,193,0,0
212.39579536448105,18,111,0,0
212.41891095537866,23,2180,0,1
212.43217937520126,351,317,0,0
212.4425583052618,8,211,0,0
212.47827008349424,22,76,0,0
212.48128362549633,241,3090,0,1
212.4878867001511,10,263,0,0
212.50413992101633,490,97,0,0
212.50995907934387,15,321,0,0
212.52419687297814,247,240,0,0
212.529515943279,85,543,0,0
213.5225528363498,834,168,0,0
213.78004099667717,3790,216,0,0
213.82441956176467,1411,193,0,0
213.84062934919484,15,208,0,0
215.283486535719,35,285,0,0
215.31791067613653,24,206,0,0
215.33307827111372,1569,271,0,0
215.36616409840167,72,108,0,0
215.39943684599274,13,767,0,0
215.70236257946283,20,303,0,0
215.71973567669215,8,255,0,0
216.92144698070115,10,1690,0,1
216.9245389547523,64,616,0,0
216.9968482504629,69,457,0,0
216.9992814296389,3510,101,1,0
217.6826635466662,63,677,0,0
217.69197943514158,8,21,0,0
217.70804171592462,170,568,1,0
217.8226277661449,52,473,0,0
218.04481793385486,17,71,0,0
218.0467704103909,8,117,0,0
218.05580024701916,7,236,0,0
218.0569087447609,6,195,0,0
218.08065589566118,5,204,0,0
218.09538915072744,8,158,0,0
218.1043690100174,440,407,1,0
218.10895923748768,23,52,0,0
218.11729903828393,379,250,0,0
218.12135448798165,6,206,0,0
218.1733301693133,21,440,0,0
218.54751592716158,7,248,0,0
218.54789554282175,12,135,0,0
218.56220495086833,14,262,0,0
218.57002357588675,5,62,0,0
218.61833120184076,101,578,0,0
218.6210206021187,5,249,0,0
218.63448407892005,55,168,0,0
218.63674024713333,6,75,0,0
218.7094334544242,16,375,0,0
218.73144135527252,28,454,0,0
218.74450591405324,2036,530,0,0
218.78234066874379,248,120,0,0
218.7933625846872,184,2560,0,1
218.7941692957548,9,102,0,0
218.8535704155705,208,146,0,0
218.88568764406415,28,415,0,0
218.89894686268323,9,152,0,0
219.0283201750863,30,95,0,0
219.23472581492285,14,275,0,0
219.2367563249171,482,199,0,0
219.24054001639473,2329,198,0,0
219.63892644085325,393,3690,0,1
219.94706698517345,36,152,0,0
219.95118786215895,3149,221,0,0
219.95288922934336,61,206,0,0
219.95793079737442,8,42,0,0
219.9645941279422,464,2590,0,1
219.96535348786657,11,290,0,0
219.98455879711065,26,121,0,0
219.98595323925525,1070,2100,1,1
219.9875565536099,6,390,0,0
220.10029439131335,31,45,0,0
220.10489631177245,20,262,0,0
220.12053753422845,3474,44,0,0
220.18403785578644,80,46,0,0
220.2758092282897,519,767,0,0
220.28500562734914,151,695,0,0
220.30471486053833,1449,766,0,0
220.3081775316182,14,753,0,0
220.9026126961464,315,341,0,0
220.96881742504902,11,268,0,0
220.97080392187522,12,71,0,0
220.9889956719033,22,243,0,0
221.0641809643874,991,289,0,0
221.11125276890525,21,260,0,0
221.8113312849424,42,386,0,0
222.0920885539876,37,25,0,0
222.0982249606873,393,156,0,0
222.1133218883567,10,188,0,0
222.1147125358657,832,686,0,0
222.14443069341266,71,31,0,0
222.16883828897832,36,312,0,0
226.1919783389984,1007,290,0,0
226.2139115608492,918,432,0,0
226.2141858280389,14,105,0,0
226.21889107981957,37,12,0,0
226.2414820591401,7,235,0,0
226.24294554574345,11,240,0,0
226.246130496699,61,65,0,0
226.25481535115952,832,6,0,0
226.29056267924113,30,342,0,0
226.3035265748909,11,243,0,0
226.3065742751218,776,719,0,0
226.39377518170264,25,190,0,0
226.39990752754727,292,403,0,0
226.40655498585085,1160,767,1,0
226.40769786320178,8126,66,1,0
226.41144435834818,543,699,0,0
226.4778907478889,58,170,0,0
226.47860077078698,8,310,0,0
226.49425130214772,895,36,0,0
226.57006676786074,17,97,0,0
226.57855461204687,7,201,0,0
226.6077039819022,844,2760,0,1
226.609637351209,399,156,0,0
226.85763222178983,13,603,0,0
227.02082838469536,28,50,0,0
227.04972863987447,216,45,0,0
227.05026803577877,4,767,0,0
227.05249564203902,20,19,0,0
227.17975896923133,719,421,0,0
227.7348290841741,58,768,0,0
227.76748686503083,24,169,0,0
227.9861407676735,41,285,0,0
227.99149201057304,2999,722,0,0
228.00384722191671,34,23,0,0
228.02193340110009,13,496,0,0
228.06399123908807,190,236,1,0
228.06483933044018,61,206,0,0
228.18325321022795,40,389,0,0
228.43740852285222,1280,1790,1,1
228.43922224643615,19,179,0,0
228.44042206808035,8,734,0,0
228.4768003697046,150,25,1,0
228.48167589789932,11,312,0,0
228.4818333227447,86,231,0,0
228.57275689519864,524,426,0,0
228.59738876419664,17,309,0,0
228.6043444419071,20,3970,0,1
229.84047448317037,174,279,0,0
229.86429770380138,57,161,0,0
229.86829649509087,23,223,0,0
229.89038717691386,34,1830,0,1
229.89264119338605,84,143,0,0
229.89657433582974,42,527,0,0
229.93565304759892,46,65,0,0
229.9416093854995,297,726,0,0
229.94893153630352,32,264,0,0
230.45706390407764,15,360,0,0
230.55776430940483,12,3380,0,1
230.64764686664734,13,219,0,0
230.69960746268566,8,309,0,0
230.7471324386149,24,184,0,0
231.079427082279,15,41,0,0
231.0967799935079,41,688,0,0
231.83473326751275,20,272,0,0
231.83742463365027,13,578,0,0
231.84825958216257,3040,749,0,0
231.84940487405876,331,331,0,0
231.85847790353577,524,361,0,0
231.90937150075882,1666,336,0,0
232.23813743019943,35,367,0,0
232.24292583429664,630,767,0,0
232.26116299310883,9,358,0,0
232.2699601752482,46,114,0,0
232.2740793480909,12,260,0,0
232.2757514698783,981,22,0,0
232.29612373838344,64,767,0,0
232.29668854168773,17,313,0,0
232.31919806684812,413,158,0,0
232.33801498053197,4,50,0,0
232.342857095783,130,169,0,0
232.34524650254554,7,81,0,0
232.3463787875233,924,492,0,0
233.10804550425823,17,365,0,0
233.1092778360373,51,465,0,0
233.51605152236556,2758,168,0,0
233.575981795869,5,143,0,0
233.58469474497323,138,688,0,0
233.58647846051363,1924,757,0,0
233.73163884806448,5,435,0,0
234.3053664094559,135,305,0,0
234.30815295714112,2806,182,0,0
234.3180809849274,7,26,0,0
234.46591642858863,19,290,0,0
234.50123535497434,9,320,0,0
235.48636590526144,34,199,0,0
235.49213527797522,20,48,0,0
235.54551519957087,162,128,0,0
235.54699365264145,60,178,0,0
236.74048204431,57,94,0,0
236.7446698237793,1343,44,0,0
236.74488786267747,91,452,0,0
236.75891963508437,1523,323,0,0
236.77257306841713,18,729,0,0
237.60470856461066,9,255,0,0
237.61387192501402,13,233,0,0
237.63146604527515,74,698,0,0
237.6905955481378,24,407,0,0
238.12128772350917,175,267,0,0
238.1371888988868,11,468,0,0
238.28147642899594,1402,371,0,0
238.3323336152223,46,428,0,0
238.34231160444085,12,338,0,0
238.3633839415412,47,339,0,0
238.38249371715102,46,285,0,0
238.3853824067895,13,318,0,0
238.58980998404977,276,432,0,0
238.59093929961315,12,439,0,0
238.77870409731773,38,502,0,0
238.90042015263853,15,252,0,0
238.9154007183568,12,230,0,0
238.9193045695975,278,57,0,0
238.93077763428587,39,13,0,0
238.97722880062148,7,78,0,0
239.05698457437182,33,610,0,0
239.089015125994,35,1850,0,1
239.22026788611205,12,1890,0,1
239.22618579474124,39,279,0,0
239.2550327674528,450,269,0,0
239.25581638095403,13,173,0,0
239.33892143975845,28,332,0,0
239.3634344685189,47,122,0,0
239.3712938185053,1667,134,0,0
239.55547815702408,3563,82,0,0
239.6274233453632,10,178,0,0
239.6274879198282,336,454,0,0
239.64703095088063,176,478,0,0
239.64801390214845,29,99,0,0
239.80036260747525,31,89,0,0
242.42055205995982,27,566,0,0
242.42694877917953,19,74,0,0
242.4478960960141,2592,329,0,0
242.45881816162156,39,74,0,0
242.4952148751498,281,334,0,0
242.5607083351059,20,28,0,0
242.7975140724867,7,427,0,0
242.80001837332583,10,102,0,0
243.2182861669879,56,326,0,0
243.2210867414085,15,317,0,0
243.25249370557862,86,291,0,0
243.43558877767555,100,414,1,0
243.51072101574553,45,86,0,0
243.51348231793563,137,269,0,0
243.51791500085017,12,357,0,0
243.5250727133952,8,399,0,0
243.5413620988433,5,243,0,0
243.72024989194006,21,224,0,0
243.72161226678094,184,325,0,0
243.767502635704,86,5,0,0
243.8286200673689,31,582,0,0
243.88373549679028,47,422,0,0
243.9295896110336,37,328,0,0
244.30555177142915,22,362,0,0
244.3534208112512,60,627,0,0
244.4535809955666,1251,574,0,0
244.5092790528603,21,356,0,0
245.16064910937735,84,633,0,0
245.1610529410173,4,187,0,0
245.39546240041443,48,227,0,0
245.4061682545779,17,311,0,0
245.4164607861029,18,337,0,0
245.4190565965321,13,531,0,0
245.41948635210048,8,328,0,0
245.42789333420345,17,314,0,0
245.43245763638404,26,276,0,0
245.48094000593105,1208,134,0,0
245.48188964557602,39,506,0,0
245.79799596710393,18,473,0,0
245.82908079791332,4,226,0,0
245.84007146949935,268,315,0,0
245.84443816070032,9,198,0,0
245.84817573996912,42,80,0,0
245.85005838539504,1347,31,0,0
245.85613307448085,84,257,0,0
245.87439746129823,15,288,0,0
245.88705338471104,36,446,0,0
245.88811934546706,43,384,0,0
245.8987229689037,68,353,0,0
245.90174668456868,25,264,0,0
245.92659069336014,14,351,0,0
246.678154423003,246,237,0,0
246.7411394887507,51,115,0,0
246.75078615491825,142,75,0,0
246.75148598753705,140,495,1,0
246.75255144435164,16,2000,0,1
246.7531698600525,20,434,0,0
246.83024564710553,13,115,0,0
246.8341524273128,7,362,0,0
246.85460385669913,133,587,0,0
246.85980471616253,28,99,0,0
246.88145991035506,27,201,0,0
247.17919571158666,10,312,0,0
247.1837814924259,32,663,0,0
247.1929057960372,40,3020,0,1
247.19650302722764,362,50,0,0
247.30025488502991,5,12,0,0
247.30257453866338,14,180,0,0
247.30444631102586,179,442,0,0
247.305571022266,642,766,0,0
247.30664988259178,30,232,0,0
247.35292669093025,26,762,0,0
250.4280562080745,130,92,1,0
250.43052098085667,11,181,0,0
250.5515395387738,28,679,0,0
250.58135617027168,577,27,0,0
250.5833475089713,7,124,0,0
250.59372307019376,2590,764,0,0
250.6050481408136,116,335,0,0
250.6095814332162,2296,3310,0,1
251.4671198730801,23,25,0,0
251.46751863573823,38,271,0,0
251.5061832628839,55,203,0,0
251.54120262877723,11,192,0,0
251.54686373807496,65,29,0,0
251.57119733510302,544,623,0,0
251.67557985169512,27,118,0,0
251.70007126378894,10,214,0,0
251.7416464250355,41,294,0,0
251.81379129100716,410,285,1,0
251.8141012672184,77,418,0,0
252.1611997353013,33,402,0,0
253.88013474676518,800,738,0,0
254.0084438684818,1822,107,0,0
254.14547135317406,941,231,0,0
254.1465507024139,34,53,0,0
254.16078985680272,114,646,0,0
254.16434631312194,989,678,0,0
254.16992226887265,19,263,0,0
254.29474893155103,47,316,0,0
254.2983637841645,13,214,0,0
254.31227436376614,168,84,0,0
254.31267116920998,30,336,0,0
254.32581546986788,69,3990,0,1
254.34741962748,8,43,0,0
254.3518269697246,250,127,1,0
254.356103229142,7,129,0,0
255.14111446463272,30,231,0,0
255.14271984976665,31,130,0,0
255.14492681455505,124,336,0,0
255.14850491231718,29,45,0,0
255.34694561008044,958,118,0,0
256.55399862870274,9,284,0,0
256.58906364553195,205,595,0,0
256.5933619310504,69,767,0,0
256.6010324750321,642,759,0,0
256.7528192733243,35,279,0,0
256.755736742444,15,477,0,0
257.0856222056053,50,275,0,0
257.3923647035985,24,767,0,0
257.4131296913812,21,405,0,0
257.478830563329,22,113,0,0
257.5596602376136,49,172,0,0
257.9636027172791,564,37,0,0
257.96580600080864,48,64,0,0
258.1573775874736,51,344,0,0
258.16589741634533,4,172,0,0
258.16978322181836,23,294,0,0
258.1919411889595,313,324,0,0
258.20369483725074,4,255,0,0
258.20619877927993,225,410,0,0
258.2069382588693,85,296,0,0
258.2096801899952,417,6800,0,1
258.53917701225413,491,335,0,0
259.453323898262,173,445,0,0
259.51955069399907,12,93,0,0
259.71293959417176,8,94,0,0
259.71935810624956,23,340,0,0
259.7348226346073,588,296,0,0
259.7665881640797,43,445,0,0
259.76866381144566,12,213,0,0
259.771155508247,1458,195,0,0
259.79307128707563,8,153,0,0
259.8025803411446,380,348,1,0
259.8047309235665,534,102,0,0
259.8438228717505,21,290,0,0
259.85448068921903,425,18,0,0
259.993631756808,13,156,0,0
260.0114904437776,24,1680,0,1
260.0213875195818,10,176,0,0
260.04468158506415,1523,125,0,0
260.0574744213673,11,61,0,0
260.0622178497562,49,151,0,0
260.0702942001531,7,642,0,0
260.1510710443243,2027,92,0,0
260.21682275522596,25,435,0,0
260.4531713654752,10,450,0,0
260.45378207390945,403,734,0,0
260.46200290163546,83,507,0,0
260.4698779676568,12,311,0,0
260.4953198641417,14,1120,0,1
260.5026247085282,16,237,0,0
260.50909024663827,98,461,0,0
260.59547421483836,7,436,0,0
260.6212394804081,62,315,0,0
260.62299037037906,12,262,0,0
260.8832982025984,130,252,0,0
261.01576822304656,60,15,0,0
261.02149374069774,132,460,0,0
261.11663979162995,10,224,0,0
261.1207873747278,22,337,0,0
261.29223007119197,905,56,0,0
261.30390203579134,42,767,0,0
261.30752454692106,56,89,0,0
261.31608063826184,82,76,0,0
261.3199814767129,9,2550,0,1
261.3464811282605,78,770,0,0
261.3720931726784,31,416,0,0
261.39147737050246,184,158,0,0
261.39740498210745,45,534,0,0
261.39741690480474,590,211,1,0
261.4191432043882,2317,53,0,0
261.41954992999837,157,401,0,0
261.44895681885,7706,486,1,0
261.6221555617267,142,219,0,0
261.65336197213793,145,42,0,0
261.6616430991238,76,78,0,0
261.67423554437283,131,310,0,0
261.6880639797204,13,293,0,0
261.6940796573908,3510,148,0,0
261.6996937123711,430,126,0,0
261.70253728243995,584,59,0,0
261.8967932581513,12,341,0,0
261.9142852945087,1421,458,0,0
262.03645303834423,110,196,0,0
262.0473965875972,9,117,0,0
262.0682431228303,1474,120,0,0
262.081076982506,58,24,0,0
262.12661394544716,2246,188,0,0
262.22088022738654,9,171,0,0
262.2500245899788,53,307,0,0
262.2547135927347,15,344,0,0
262.258505786208,18,297,0,0
262.75680131595584,27,272,0,0
262.76710783804464,11,14,0,0
262.7771887926183,32,284,0,0
263.1151283564401,38,373,0,0
263.2740759531818,5,143,0,0
263.3265609909612,15,279,0,0
263.3346787910108,41,185,0,0
265.3313714943943,105,675,0,0
265.3709703347411,2617,201,0,0
265.4248537758527,23,279,0,0
265.43766907874254,15,143,0,0
265.4387354242321,110,267,1,0
265.43998565497475,92,305,0,0
265.480709290198,19,55,0,0
265.52021760372037,16,89,0,0
265.531383404561,13,470,0,0
265.53311576461664,7827,365,1,0
265.5341253467676,8,283,0,0
265.5434919538823,16,383,0,0
265.54447273731506,963,222,0,0
265.6534002816511,9,213,0,0
265.8343432377721,556,308,0,0
271.0058562896649,290,214,1,0
271.1103876538283,12,76,0,0
271.1159008970072,90,50,1,0
271.1190575815662,13,129,0,0
271.11907570401365,504,388,0,0
271.12456650410724,231,623,0,0
271.1372322921536,8,83,0,0
271.26225142301837,660,494,0,0
271.323568143149,214,62,0,0
271.3820988628322,648,320,0,0
271.4097621860665,12,216,0,0
271.4774341735,22,346,0,0
271.803810881865,23,258,0,0
271.80595579376813,12,264,0,0
271.81318588380253,24,767,0,0
271.8143086428922,17,369,0,0
272.27382423695377,6,58,0,0
272.51525687553055,21,375,0,0
272.59649791936477,576,580,0,0
272.5981396474858,804,140,0,0
272.6236412645754,556,207,0,0
272.63492738329774,209,60,0,0
272.6561380956908,14,5320,0,1
272.6685247050561,16,273,0,0
272.7195722732646,43,15,0,0
272.7277643916578,43,119,0,0
272.8274472042267,12,260,0,0
272.8566902552894,89,146,0,0
272.8667314882744,79,660,0,0
272.88115912413866,476,476,0,0
272.88863497123356,18,94,0,0
272.980527557372,146,127,0,0
272.9910123227638,7,308,0,0
273.0235576256175,10,204,0,0
273.03178974154923,14,298,0,0
273.03271530601677,78,11,0,0
273.1432203392112,555,214,0,0
273.1453944053977,25,394,0,0
273.21558218353505,578,129,0,0
273.2573931144389,625,289,0,0
273.2580506774905,111,483,0,0
273.26077846031654,81,63,0,0
273.26723214333157,11,348,0,0
273.2707274327235,16,264,0,0
273.2724241761572,21,481,0,0
273.35170875298223,8,970,0,1
273.3628855669968,385,384,0,0
273.4019117749178,75,324,0,0
273.40953984862495,9,304,0,0
273.44277172049306,344,228,0,0
273.44678878116514,285,227,0,0
273.46390144405,683,139,0,0
273.5216757328274,7,198,0,0
273.5414226599049,219,191,0,0
273.5486555000528,73,459,0,0
273.5507089458585,78,460,0,0
273.5759410758593,22,571,0,0
273.61191316258066,102,254,0,0
273.622676367429,95,322,0,0
273.6265500731386,123,103,0,0
273.6799611590454,32,419,0,0
276.26194456038314,6,9,0,0
276.27179906133193,26,247,0,0
276.30718558810145,105,589,0,0
276.3455694928327,57,128,0,0
276.34567594309016,116,21,0,0
276.36879314355247,11,320,0,0
276.3731852759714,127,160,0,0
276.66097446401403,46,158,0,0
276.6718322303608,21,143,0,0
276.67564280745626,7,291,0,0
276.6872991864851,26,249,0,0
276.7124772815896,24,28,0,0
276.7183660160803,22,249,0,0
276.73460681778806,16,210,0,0
276.7358094739697,5,58,0,0
276.74730945475613,35,493,0,0
276.83244103058803,331,579,0,0
277.75873978334084,1140,25,1,0
277.8328743562051,14,230,0,0
277.8639591880513,6,253,0,0
278.0565146014873,717,769,0,0
278.1950422007403,168,36,0,0
278.6980157896853,19,13,0,0
278.8553172299423,16,32,0,0
278.8695724776018,398,278,0,0
278.8998300803588,36,767,0,0
278.9256507357566,559,88,0,0
278.95867130459567,29,2540,0,1
278.98560813301594,92,6,0,0
278.98938160173407,7,43,0,0
278.9896502319468,39,766,0,0
278.99435932360103,11,278,0,0
278.9946730554261,33,610,0,0
279.0153448558514,19,204,0,0
279.0335540207783,13,128,0,0
279.03418638057474,48,609,0,0
279.1056500065543,10,767,0,0
279.20781288915646,6,72,0,0
279.2296706454274,22,196,0,0
279.7365053186695,27,650,0,0
280.4986857742612,70,347,0,0
280.50030324598504,31,360,0,0
280.64379284416793,338,108,0,0
280.68737065155426,1096,81,0,0
280.72902858425726,430,384,1,0
280.8459786778995,37,206,0,0
280.8502610910312,29,289,0,0
280.8557795982481,54,325,0,0
280.8592335120875,178,291,0,0
280.8632205457511,20,273,0,0
280.87803834025783,11,277,0,0
280.8790276022483,41,403,0,0
280.88125625555443,1205,64,0,0
280.9385338105473,148,267,0,0
280.9541909471823,57,312,0,0
280.99300420327825,1371,178,0,0
280.9934166415585,13,146,0,0
280.9971793752021,11,137,0,0
281.0031211445139,44,16,0,0
281.02237905456263,9,1700,0,1
281.02796516878414,55,492,0,0
281.14462724419883,74,582,0,0
281.1606867353852,29,172,0,0
281.1793560375525,9,232,0,0
281.19789600129366,20,524,0,0
281.2722489370169,9,191,0,0
281.27927488980356,160,231,1,0
281.44958821379936,5,194,0,0
281.4948729245193,1196,767,0,0
281.5194281855906,67,7680,0,1
281.53904378687554,25,3660,0,1
281.59012721767886,7,96,0,0
281.7276287875516,2122,201,0,0
281.8471994314711,95,54,0,0
281.88546584476904,27,577,0,0
281.9896635147784,5,9,0,0
282.0125276292985,11,216,0,0
282.23345470151014,13,289,0,0
282.2505642935462,1448,104,0,0
282.2508486785559,232,4280,0,1
282.51292018512095,9,194,0,0
282.5353088418481,465,121,0,0
282.5370433005344,131,257,0,0
282.5491820751645,106,362,0,0
282.55226286223103,17,170,0,0
283.75610201757627,8,398,0,0
283.80492602530825,634,130,0,0
283.80570906641066,942,232,0,0
283.85950411079864,18,42,0,0
283.86763257783036,15,192,0,0
284.7017873224378,175,532,0,0
284.70398512726905,49,598,0,0
284.70418678029574,6,532,0,0
284.72477235591543,7,565,0,0
284.7337685135739,33,354,0,0
284.7416119792613,141,2880,0,1
284.7418611477216,70,290,0,0
284.784232435628,1369,277,0,0
285.29685639521193,4,40,0,0
285.2972528291346,15,190,0,0
285.48503819379573,2128,394,0,0
285.49082406267706,156,384,0,0
287.4708452068056,6,157,0,0
287.5140032197713,17,259,0,0
287.52639661286696,685,152,0,0
287.6910126624742,81,87,0,0
287.7426843065178,561,260,0,0
287.7482018917491,62,313,0,0
287.822887405304,127,45,0,0
287.82938518489885,26,674,0,0
287.8298897170685,16,368,0,0
288.87935561482743,972,321,0,0
288.8883238244227,37,215,0,0
288.8936616813989,44,667,0,0
288.92918880270855,212,365,0,0
288.9299861926508,22,312,0,0
288.9311902475727,28,486,0,0
288.93783321561745,7,436,0,0
288.94421475049813,105,464,0,0
288.9650496783787,90,88,0,0
289.1354188507462,20,194,0,0
289.142411072213,7,181,0,0
289.19076024940165,57,763,0,0
289.2508561879031,110,323,1,0
289.25292030276296,21,123,0,0
289.28141630212804,2396,166,0,0
289.28415509564127,50,430,0,1
289.43566481052454,22,235,0,0
289.4805017353405,28,252,0,0
289.49915200280344,18,322,0,0
289.5003899480562,21,116,0,0
289.5231460261577,17,184,0,0
289.52703753605715,450,239,1,0
289.60109027585645,505,354,0,0
289.6153038758702,22,257,0,0
289.61885819362243,73,766,0,0
289.7337381876673,13,550,0,0
289.81013358071004,35,51,0,0
289.81564189202925,4,767,0,0
290.0000051286716,7,119,0,0
290.0099401190552,493,359,0,0
290.01966365205374,30,466,0,0
290.0427780186545,463,323,0,0
290.04678318356025,7,63,0,0
290.0542433106857,61,329,0,0
290.06733390133485,34,178,0,0
290.4524012604618,7937,255,1,0
290.8145850331469,20,377,0,0
290.8253372489791,50,510,1,0
291.27735784241685,74,383,0,0
291.2939060659822,70,118,0,0
291.332535464803,191,160,0,0
291.43817238423327,24,257,0,0
291.47053318737477,23,322,0,0
293.73075145636864,6,97,0,0
293.76010886350093,24,541,0,0
293.76175375391995,65,372,0,0
294.00737586166446,6,419,0,0
294.01529058921966,12,323,0,0
294.0251091602522,75,435,0,0
294.0251546397566,192,226,0,0
294.1587511390341,52,344,0,0
294.25148656453155,130,197,1,0
294.34068747130686,10,254,0,0
294.46838495416716,253,673,0,0
294.9994330880113,277,237,0,0
295.0158916949798,34,221,0,0
295.1335853676582,2483,143,0,0
295.1376615980368,28,438,0,0
295.1465544685618,860,342,1,0
295.29591642039094,19,209,0,0
295.3353690190038,2067,111,0,0
295.3366226220892,24,93,0,0
295.3737929578557,21,443,0,0
295.38630922758983,879,52,0,0
295.38981888937786,59,336,0,0
295.4328286189436,163,2360,0,1
295.4408638910476,832,6,0,0
295.441644151799,80,70,1,0
295.4435994480189,10,148,0,0
296.06451333966714,13,187,0,0
296.0653853050331,766,366,0,0
296.09356091284974,112,39,0,0
296.15468854979395,10,262,0,0
296.2194836736272,410,287,1,0
296.2210393477033,25,141,0,0
296.2305249577634,22,217,0,0
296.2544409103543,130,170,0,0
296.3438543300527,1136,720,0,0
296.3488218991042,7,218,0,0
296.35058293682465,1013,305,0,0
296.4846044531644,26,3000,0,1
296.64914541550877,36,159,0,0
296.6869714409911,120,167,0,0
296.6923117202381,23,303,0,0
296.73301772298794,283,163,0,0
296.7554718328542,71,37,0,0
296.8518336090818,10,390,0,0
296.8533174387015,190,576,1,0
296.87608584309595,65,110,0,0
296.8892135438771,82,182,0,0
296.8911746032608,34,395,0,0
296.9189499482765,84,2470,0,1
296.9382998614092,2014,2530,0,1
296.94624162149694,61,61,0,0
296.9860831484139,3200,556,0,0
296.9871399619017,2559,3330,0,1
297.00334899478275,20,92,0,0
297.0461123089754,200,386,0,0
297.07795755070754,16,160,0,0
297.2333117741903,1693,504,0,0
297.23494511437326,185,329,0,0
297.2358294588693,14,394,0,0
297.26493672221545,110,196,0,0
297.309779265393,924,492,0,0
298.56178213639953,59,427,0,0
298.6237166262336,56,379,0,0
298.6268589282693,240,545,0,0
298.717319286871,44,775,0,0
298.72064469350624,38,143,0,0
298.7215689001122,6,317,0,0
302.0526561057386,676,303,0,0
302.0872785800314,62,87,0,0
302.16267452716716,42,330,0,0
302.2183730019495,130,170,0,0
302.8949226311388,179,135,0,0
302.92677352006467,5818,208,0,0
303.13285019826384,20,19,0,0
303.13516259505474,16,35,0,0
303.13627723371104,37,250,0,0
303.44920308916187,65,136,0,0
303.7938676633145,21,100,0,0
303.8439818376561,16,1190,0,1
303.87234199545776,8,76,0,0
303.8975007378896,1332,716,0,0
303.90205712223167,251,497,0,0
304.2936129317866,1130,135,1,0
304.36101083366975,60,230,0,0
304.4106441916422,157,401,0,0
304.4489308999118,20,59,0,0
304.5956731872933,29,188,0,0
304.64521727124725,35,112,0,0
304.72534097983345,54,18,0,0
304.727082904285,8,110,0,0
304.77712768682477,6,175,0,0
306.2097406180701,78,740,0,0
306.21613747169226,279,47,0,0
306.23008349669504,62,115,0,0
306.33750277610073,24,371,0,0
306.459922878227,5,253,0,0
306.52283296056635,29,213,0,0
306.5235430614227,105,431,0,0
306.57276368961726,2045,769,0,0
306.57445499936716,1016,765,0,0
306.5779225498149,103,708,0,0
306.63192124218574,1227,12,0,0
306.64190744090155,312,179,0,0
306.7330202213305,20,339,0,0
316.523145831919,419,11,0,0
316.60853441115125,41,758,0,0
316.6851313845706,9,343,0,0
316.6881397512514,94,226,0,0
316.6931271960369,15,54,0,0
316.69527732642376,87,1180,0,1
316.70149664648204,78,318,0,0
316.70352931230855,237,14,0,0
316.70835267927185,129,105,0,0
316.7202392420975,980,438,1,0
316.7226785260216,7,198,0,0
316.72373470542084,23,19,0,0
316.72491992162566,369,116,0,0
316.76965216112416,10,130,0,0
316.78998719735716,281,70,0,0
316.93042053557093,19,97,0,0
317.07614690705987,8,165,0,0
317.0852769866732,116,479,0,0
317.1541965039309,19,25,0,0
317.15520838512344,22,118,0,0
318.89044547195624,13,304,0,0
319.08753554677384,10,294,0,0
319.09927300714287,35,358,0,0
319.101035013949,15,326,0,0
319.13962332518315,5075,197,0,0
319.14005189792397,25,619,0,0
319.14384903501707,8,46,0,0
319.22451908483083,218,792,0,0
319.24550287532895,920,273,0,0
319.25226219873207,45,40,0,0
319.3730857728825,10,77,0,0
319.3753462688337,881,12,0,0
319.4072350254374,1233,356,0,0
319.41390143391493,28,355,0,0
319.41721528619934,80,71,0,0
319.4628032522065,66,45,0,0
319.46528036426776,7,102,0,0
320.27514341154006,21,303,0,0
320.28074706376117,14,167,0,0
321.24609850648545,666,50,0,0
321.24812217240805,126,26,0,0
321.30875006706873,21,443,0,0
321.3103884354795,18,226,0,0
321.31162287574705,9,179,0,0
321.3364580991644,18,245,0,0
321.40642133619843,53,238,0,0
321.40783237525375,163,438,0,0
321.60053465248666,16,621,0,0
321.6041953519102,14,108,0,0
321.627655370569,9,18,0,0
321.66622287153467,1009,393,0,0
321.72549953063026,32,338,0,0
321.7259947412361,16,268,0,0
322.1854205619651,8,596,0,0
322.2409236390264,30,91,0,0
322.2486270660412,98,169,0,0
322.25095398359366,61,694,0,0
322.25156337726344,109,125,0,0
322.2527486890207,27,296,0,0
322.3064119823209,11,277,0,0
322.3155341338352,25,624,0,0
322.3174114071487,24,527,0,0
322.3237015408547,54,340,0,0
322.73572378536136,67,446,0,0
322.7450376345977,413,136,0,0
322.75064429790933,8,218,0,0
323.01947031528914,48,64,0,0
323.06492135258196,7947,245,1,0
323.0846370258466,278,336,0,0
323.0899880526671,49,11,0,0
323.0907970421963,8,99,0,0
323.09253336095384,23,19,0,0
323.0994361742567,164,723,0,0
323.11106632418125,524,121,0,0
323.14786039917084,74,58,0,0
323.2022613544034,190,562,0,0
323.2304436898039,152,229,0,0
323.25848473309526,81,235,0,0
323.26089034156905,60,376,0,0
323.26113286483576,11,640,0,0
323.2674996878808,41,286,0,0
323.27017630522454,11,99,0,0
323.2750682912116,400,575,1,0
323.28548847118543,13,58,0,0
323.28698873070766,1270,222,0,0
323.2889465503271,70,231,1,0
323.3037109392806,1970,274,0,0
323.32645703021876,20,207,0,0
323.33131614220633,84,192,0,0
323.3801987857623,14,40,0,0
323.39183291360024,10,211,0,0
323.39417965114166,77,457,0,0
323.4137558325758,489,267,0,0
324.19249754540357,48,213,0,0
324.19717614979174,10,303,0,0
324.38306181009364,149,325,0,0
324.66689992099367,12,382,0,0
325.028007335311,19,301,0,0
325.0314892983612,525,450,0,0
326.04746033570666,112,204,0,0
326.07023277894285,13,100,0,0
326.08109482223244,315,341,0,0
326.0924782253582,5,223,0,0
326.1525775940967,15,196,0,0
326.1725650990051,946,287,0,0
326.18523284271305,32,297,0,0
326.4203373413443,10,343,0,0
326.4245890754145,142,514,0,0
326.42682927374,220,284,1,0
326.51498126138915,511,11,0,0
326.5886845205366,53,50,0,1
326.7495884265145,18,29,0,0
326.75170215351244,24,2100,0,1
326.90860631406065,96,280,0,0
326.95592450972754,32,452,0,0
327.5687027625102,69,269,0,0
327.57018904337747,351,341,0,0
327.5981087551771,117,93,0,0
327.608466322755,120,329,1,0
327.609217074997,60,765,0,0
327.6135363016938,9,348,0,0
327.7854479308219,534,102,0,0
327.7925113617646,21,284,0,0
327.7967645002141,2897,89,0,0
327.89921431247774,516,212,0,0
328.0296141763767,25,86,0,0
328.15946939985696,13,137,0,0
328.16318843962847,7,233,0,0
328.1792565205486,13,95,0,0
328.3210214894764,15,223,0,0
328.32588025306904,40,713,0,0
328.3299119602988,16,342,0,0
328.4244796822646,50,486,0,0
328.835050999631,10,208,0,0
328.83685264937697,19,180,0,0
328.8369526794336,13,32,0,0
328.8379449289883,226,164,0,0
328.8403269454017,28,421,0,0
328.85402835696704,7893,299,1,0
328.91586837361467,5,151,0,0
328.92933009067644,162,319,0,0
328.9337768394927,21,443,0,0
328.9582993533962,20,154,0,0
328.96093494784037,7,16,0,0
328.9773633483405,924,192,0,0
328.9823647356436,17,332,0,0
332.8235591106558,2357,249,0,0
332.9159867571727,30,437,0,0
332.9193835218353,160,425,1,0
332.92184062686476,139,546,0,0
332.9293525824713,26,771,0,0
332.93002498509225,5,570,0,1
332.9342114778623,65,36,0,0
332.9383337233009,176,118,0,0
333.0440441610755,86,565,0,0
333.0517320915332,32,248,0,0
333.05544479643964,37,647,0,0
333.05668084615587,391,770,0,0
333.0583961241447,10,276,0,0
333.07419818172957,36,133,0,0
333.0859333955767,11,97,0,0
333.26033409358416,6,375,0,0
333.2654614542526,67,6,0,0
333.4155493105855,33,400,0,0
333.4457270601307,103,206,0,0
333.46360523850643,2191,627,0,0
333.46393029500666,688,205,0,0
333.46529745540715,9,374,0,0
333.5447937148451,751,362,0,0
333.8402414591929,309,89,0,0
333.8675104412754,11,47,0,0
333.95043297872,55,85,0,0
333.9584167267137,2645,491,0,0
333.96700287640124,52,324,0,0
333.97179477648956,628,349,0,0
334.0985489790214,26,294,0,0
334.13436685252117,9,110,0,0
334.14566358616173,14,474,0,0
334.1550200715662,73,299,0,0
334.2099392944755,748,488,0,0
334.24437463394867,25,53,0,0
334.24779165224567,26,195,0,0
334.80605121102803,29,9,0,0
334.8362230830111,29,771,0,0
334.8546499629897,33,1920,0,1
335.20099088246855,1862,744,0,0
335.34088505883295,8,632,0,0
335.35601867553913,179,308,0,0
335.4087295942805,15,196,0,0
335.4108527331775,39,735,0,0
335.41586138314807,2651,79,0,0
335.4160577421534,5,192,0,0
335.6232373952186,1832,227,0,0
335.62364235373116,68,24,0,0
335.69412755144964,9,294,0,0
335.6975539114657,135,240,0,0
335.70010089395976,263,151,0,0
335.7123174307395,30,452,0,0
335.743060870118,120,84,1,0
335.80443971419913,442,527,0,0
336.42841803685263,2395,326,0,0
336.46538706089575,26,254,0,0
336.57052182391595,54,229,0,0
336.5759732336321,23,340,0,0
336.6511840370833,61,121,0,0
336.6757016012264,44,235,0,0
336.68284710881943,170,96,0,0
336.69774014341596,69,42,0,0
336.713678714944,89,494,0,0
336.7401243406131,7,252,0,0
336.7803954618029,3250,227,0,0
336.78691674728924,1118,295,0,0
336.79101805291924,292,687,0,0
336.8714808901356,18,1000,0,1
336.8720872693262,66,432,0,0
336.87732788484465,4597,163,0,0
337.27998583820954,1896,112,0,0
337.2800661737528,12,234,0,0
337.2845782084987,870,623,1,0
337.35597772067905,22,234,0,0
337.3566428391181,40,174,0,0
340.61551516155015,30,69,0,0
340.6156170420318,14,351,0,0
340.93486597755935,25,629,0,0
341.34134608437796,44,270,0,0
341.45413939003294,118,503,0,0
341.4657240419818,11,373,0,0
341.5025870539894,30,280,0,0
341.50558627465875,31,89,0,0
341.59664472181004,1320,108,0,0
341.5985662531368,21,241,0,0
341.60900061506436,14,310,0,0
341.74133749838745,24,185,0,0
341.74328052418167,29,143,0,0
341.75198915990933,32,402,0,0
341.77705189059674,49,314,0,0
341.7782846752777,385,226,0,0
341.96351448198504,195,7510,0,1
341.9991877081369,29,338,0,0
342.00005852142476,56,81,0,0
342.01648531851566,55,442,0,0
342.02031270394843,24,240,0,0
342.02515668214886,5,81,0,0
342.04619492462854,46,252,0,0
342.05055927964685,1230,279,1,0
342.17475708490434,30,444,0,0
342.17916558807144,25,138,0,0
342.3077096780855,100,736,0,0
342.32424226415424,36,203,0,0
342.42416423958497,34,218,0,0
342.43027580497983,19,192,0,0
342.43684429754654,382,581,0,0
342.4386445405958,1630,161,1,0
342.49597372981657,135,267,0,0
342.6137094867672,15,239,0,0
343.864122747125,113,149,0,0
344.10251258185036,26,4180,0,1
344.1322502228525,11,250,0,0
344.14408344741753,9,5250,0,1
344.1833455314713,7,150,0,0
344.2004164584088,38,75,0,0
344.5373228955282,20,51,0,0
344.65651543999525,130,127,1,0
344.65990035904804,6,93,0,0
344.66446158387595,759,770,0,0
344.9424045863464,36,767,0,0
344.97581984120404,72,256,0,0
344.98717115973216,7,430,0,0
345.18071897373045,615,583,0,0
345.1890306725944,42,413,0,0
345.1993426001202,10,215,0,0
345.20651692867443,32,6750,0,1
345.2068737597615,111,494,0,0
345.30850655175874,42,26,0,0
345.3101140568469,38,318,0,0
345.31590020504586,15,312,0,0
345.3199761739771,226,219,0,0
345.39720968646145,5053,1077,0,0
345.41294152659464,17,302,0,0
345.43155127142563,174,666,0,0
345.4321787364614,10,59,0,0
345.44732839755994,39,297,0,0
345.44827033733327,260,436,1,0
345.4816266236472,503,589,0,0
345.5192000947439,80,522,0,0
345.53662773197885,7,285,0,0
346.610621669356,94,494,0,0
346.6624693440505,169,291,0,0
346.72188160441465,13,82,0,0
346.7458677156555,408,33,0,0
346.75813991030003,21,191,0,0
346.88268761088466,90,72,1,0
347.0460141234547,18,351,0,0
347.04735126149006,27,244,0,0
347.19603648360624,14,257,0,0
347.2464620673624,1912,31,0,0
347.36971670053225,108,591,0,0
347.41555911854266,240,382,0,0
347.4170573910947,138,364,0,0
347.4187854855954,40,342,0,0
348.11248113357004,37,128,0,0
348.14237639525413,10,244,0,0
348.1434364719606,33,123,0,0
348.1796385404814,8,54,0,0
348.1883846156877,61,140,0,0
348.18883665973544,5,110,0,0
348.18902163668014,17,65,0,0
348.18975326611485,20,471,0,0
348.2208293135558,41,368,0,0
348.2372199106455,5,106,0,0
348.2481829973686,1788,46,0,0
348.2800703214318,169,140,0,0
348.3401164521471,86,572,0,0
348.34038568931555,21,253,0,0
348.35026605866045,247,345,0,0
348.3537113999159,11,60,0,0
348.35524322869617,330,729,1,0
348.3612835046723,11,325,0,0
348.37539666985776,16,58,0,0
348.38598909721253,421,607,0,0
348.3869727499351,646,724,0,0
348.3938385544912,20,391,0,0
349.4107426012434,10,62,0,0
349.41293225311915,26,286,0,0
349.41355021179055,164,73,0,0
349.44484136452235,51,324,0,0
349.50434923496016,67,197,0,0
349.5499963525088,53,623,0,0
349.5519184502953,44,30,0,0
349.6847447302812,1093,221,0,0
349.68849635078664,10,159,0,0
349.69036104923464,5,26,0,0
349.6957046365647,79,282,0,0
349.7102235365073,63,184,0,0
349.7854900339387,73,41,0,0
349.84832526433934,8,149,0,0
349.86557598148585,180,111,1,0
349.9821659654958,897,284,0,0
350.00340480176396,18,303,0,0
350.11169558712925,255,767,0,0
350.112784429045,12,2760,0,1
350.11355896149115,150,185,0,0
350.19869863721675,2239,80,0,0
350.1998179191696,9,203,0,0
350.2096910188762,30,44,0,0
350.2245209387686,11,99,0,0
350.2313211289329,82,433,0,0
350.2386065359652,34,454,0,0
350.5310014543665,13,213,0,0
350.5311160494063,48,505,0,0
350.6368154823283,156,476,0,0
352.41473107903244,43,420,0,0
352.4336473297617,26,418,0,0
352.4510200759539,33,120,0,0
352.5281579081117,172,328,0,0
353.22779470554286,24,130,0,0
353.2294712827865,17,660,0,0
353.25097510992106,25,157,0,0
353.2634089178526,24,166,0,0
353.3186449121907,13,189,0,0
353.34345438755395,83,196,0,0
353.4109564728004,10,521,0,0
353.41872116560756,7,143,0,0
353.438623888867,9,57,0,0
353.4433455822254,24,444,0,0
353.4481247730618,20,354,0,0
353.4617207315296,9,238,0,0
353.4753039140516,31,349,0,0
353.47703350472227,12,164,0,0
353.8939846332092,82,664,0,0
353.90775727407004,179,88,0,0
353.9088909333852,10,110,0,0
354.0722452304671,6,250,0,0
354.07628539985024,15,100,0,0
354.12615516587925,79,2490,0,1
354.14359607080746,233,426,0,0
354.1733834477887,217,588,0,0
354.19878713757885,297,769,0,0
354.20449883758675,1749,10,0,0
354.2240834628444,15,376,0,0
355.27670219187786,240,250,1,0
355.27690768156486,43,263,0,0
355.29749687755685,288,608,0,0
355.3405663824528,7,41,0,0
355.34276605657874,7,642,0,0
355.3439303986341,222,81,0,0
356.69774847339534,83,475,0,0
356.7063319994405,10,196,0,0
357.8601625291877,575,6500,0,1
357.91285006308,159,18,0,0
357.933862917783,6,393,0,0
357.9806119372963,74,1395,0,0
358.04486716910264,40,475,0,0
358.23584602220853,45,402,0,0
358.27898745915996,10,321,0,0
358.30308412570605,39,337,0,0
358.32875680316056,5,186,0,0
358.5982865878574,6,183,0,0
358.6907477550968,984,493,0,0
358.6931799866043,163,270,0,0
358.69824114133,4600,172,1,0
358.73320622333836,23,154,0,0
358.73839765551224,120,237,1,0
358.7468960581396,772,267,0,0
358.74956321509666,10,102,0,0
358.7602559714875,170,566,0,0
358.80235848906113,121,475,0,0
358.9344078093318,36,322,0,0
358.952788747436,203,261,0,0
360.09709325866226,6,158,0,0
360.1125806384287,54,231,0,0
370.83078129240545,73,70,0,0
370.96455591147406,3260,47,0,0
371.0132860218588,86,31,0,0
371.01993713992186,764,162,0,0
371.0200006767366,15,444,0,0
371.03323202699335,2203,233,0,0
371.05900403255725,12,84,0,0
371.9026717086488,290,335,0,0
371.9038143621113,13,1710,0,1
372.7199862543877,114,149,0,0
372.73090371553116,7754,438,1,0
372.8076853913404,13,289,0,0
372.807797662241,364,3050,0,1
372.8316268932676,11,97,0,0
372.8407006661422,11,389,0,0
372.91134875647157,10,1450,0,1
372.9330051956953,23,445,0,0
372.93484263517547,48,234,0,0
373.0547629564684,189,272,0,0
373.1271559656919,132,237,0,0
373.1866805048705,13,245,0,0
373.32241259029445,6,431,0,0
373.4855816991992,68,489,0,0
373.5028561559258,524,354,0,0
373.5040504285447,252,36,0,0
373.5051812312216,9,554,0,0
373.7735480379148,31,368,0,0
373.8482679888119,13,1080,0,1
373.87039747539,20,229,0,0
373.8779626524191,394,764,0,0
373.8971829416972,246,583,0,0
373.91614501189594,21,286,0,0
373.92534622050454,6,37,0,0
373.92980467600063,85,60,0,0
375.29832579887295,3640,85,1,0
375.3268277383032,959,18,0,0
375.33219996803814,20,115,0,0
375.333534697988,32,240,0,0
375.3377615813137,36,610,0,0
375.4138811381124,1762,464,0,0
375.4961193201161,36,1330,0,1
375.50777909842947,21,470,0,0
375.52778992881446,21,468,0,0
375.5375935058053,6,184,0,0
375.53956182437264,26,204,0,0
375.7833317218965,42,282,0,0
375.8213521227045,30,300,0,0
378.375726893273,28,536,0,0
378.37970382931354,64,346,0,0
378.39340916909157,360,246,1,0
378.4989177932706,598,446,0,0
378.5099703613165,37,305,0,0
378.51109500043725,29,522,0,0
378.51380003046927,21,90,0,0
378.5358729697148,86,487,0,0
378.5717316948455,35,35,0,0
378.5866657114618,4,38,0,0
378.7209316573853,17,156,0,0
378.8523496914982,30,318,0,0
378.8867618706283,219,191,0,0
378.90580366122987,21,141,0,0
378.9166851993984,17,385,0,0
378.9710057446675,154,85,0,0
379.0845399415956,16,239,0,0
379.10490991425564,9,217,0,0
379.1492925686044,194,522,0,0
379.1587256791051,12,383,0,0
379.15979792251665,253,140,0,0
379.1622353509457,10,290,0,0
379.2456967525911,9,337,0,0
379.2898143302285,17,364,0,0
379.72391636191264,31,181,0,0
379.744103569507,59,135,0,0
379.84584145280803,7,223,0,0
380.10023592935755,12,234,0,0
380.23209748983555,12,361,0,0
380.2374403352758,38,220,0,0
380.249915259943,1382,68,0,0
380.27330734542403,28,35,0,0
380.2758194349263,13,230,0,0
380.32241145524387,11,142,0,0
380.462297658434,10,122,0,0
380.46919504406696,15,234,0,0
381.4017804091426,23,219,0,0
381.4118689918601,124,482,0,0
381.42389337248005,25,174,0,0
381.4350976381373,13,128,0,0
381.4394743606198,177,657,0,0
381.4810938510466,442,527,0,0
381.4998759459945,1579,13,0,0
382.0003701267465,960,202,0,0
382.0611629727469,406,3910,0,1
382.11405386938577,20,1830,0,1
382.12563962716706,15,312,0,0
382.12670613204153,14,410,0,0
382.1417933133166,15,384,0,0
382.14508785932225,17,502,0,0
382.2661784312927,23,252,0,0
382.28315724788115,348,900,0,1
382.7880459254787,430,298,1,0
382.8665753100234,69,98,0,0
382.96253461256606,18,234,0,0
382.9911563521196,63,418,0,0
383.0185468710004,24,380,0,0
383.0851930684735,164,334,0,0
383.1994203192785,82,301,0,0
383.2037770055279,977,36,0,0
383.25207613866655,2300,626,1,0
386.66398332097435,44,1530,0,1
386.6790648719125,65,415,0,0
386.6898888668941,348,138,0,0
386.69440615750443,6,230,0,0
386.69540189044386,33,74,0,0
386.88993942277426,11,74,0,0
386.9103240916996,1935,175,0,0
386.9431792073288,103,6750,0,1
387.66553716205925,11,155,0,0
390.39328272384535,8165,27,1,0
390.3963346118592,60,595,0,0
390.5450403260428,97,781,0,0
390.6078772668102,45,582,0,0
390.648003767819,26,338,0,0
390.695129053688,14,208,0,0
390.7124129731402,77,298,0,0
391.1474445124993,22,164,0,0
391.20938344957676,22,172,0,0
391.24550580072037,16,121,0,0
391.46508229625675,115,11,0,0
391.5740455082955,16,358,0,0
391.6195785738611,540,83,0,0
391.6544602767712,41,417,0,0
392.2622080988375,5370,117,1,0
392.3124805595816,226,719,0,0
392.32764276421113,5,249,0,0
392.33091068896647,14,194,0,0
392.3400304559278,345,428,0,0
392.34225388492274,36,257,0,0
392.36475956840536,79,619,0,0
392.39510135515206,120,214,1,0
392.39540165427474,10,178,0,0
392.4142247553949,16,123,0,0
392.4806894722201,64,94,0,0
392.50600524967143,42,41,0,0
392.5086936783345,15,170,0,1
392.73814774779737,230,288,1,0
392.7426536009435,151,229,0,0
392.74420841468617,14,186,0,0
392.7462970385148,9,411,0,0
392.76391422684185,14,272,0,0
392.8934066060535,9,212,0,0
393.0799767906821,61,471,0,0
393.1075537932587,86,393,0,0
393.10921916077393,1679,831,0,0
393.11409106731674,1388,281,0,0
393.11709916701045,22,164,0,0
393.1297761744221,42,577,0,0
393.1302972321456,457,114,0,0
393.1529063307005,1923,355,0,0
393.21866168204485,18,90,0,0
393.232092056378,330,95,1,0
393.2774977501749,141,186,0,0
393.28026528763917,313,308,0,0
393.2812509252144,9,478,0,0
393.28630815923356,348,343,0,0
393.4692136478196,10,245,0,0
393.61104824155655,560,338,0,0
393.61829771311267,9,64,0,0
393.81905696002013,11,171,0,0
393.8284943709616,12,84,0,0
394.2002341281935,6,57,0,0
394.2476790568993,1530,11,1,0
394.25499706509373,939,271,0,0
394.3436506759614,92,283,0,0
394.3474876608923,27,34,0,0
394.35026738701987,20,449,0,0
394.35125916225127,1152,552,0,0
394.3815250625691,425,19,0,0
394.39774975274435,13,171,0,0
394.4132154692669,21,121,0,0
394.42116527900845,17,777,0,0
394.74126149212896,43,3230,0,1
394.74899560159986,48,713,0,0
394.75324181396286,47,235,0,0
394.97136868787277,36,553,0,0
395.2810116170941,25,289,0,0
395.31654845424856,265,125,0,0
395.317104333967,38,200,0,0
395.32254243691875,196,386,0,0
395.3840191563233,410,499,0,0
395.4027149633743,29,21,0,0
395.8065487664048,12,38,0,0
395.80772113154984,6,422,0,0
395.8777995030825,62,553,0,0
395.88294841667283,11,190,0,0
396.1373553526058,577,310,0,0
396.15288294091874,152,176,0,0
396.294644127602,1585,272,0,0
396.2995862461062,42,489,0,0
396.3006628963934,105,120,0,0
396.3026212146773,536,9,0,0
396.3079838427888,8,2610,0,1
396.3103076920576,835,768,0,0
396.50940126467066,259,200,0,0
396.7720120863704,225,160,0,0
396.80316616640664,18,3180,0,1
396.80544682005126,848,201,0,0
396.8196876153223,11,79,0,0
396.824263963946,15,369,0,0
397.15489437945456,5,194,0,0
397.1888393020635,611,59,0,0
397.23686447639767,12,398,0,0
397.2449776249284,41,170,0,0
397.2453007257212,60,11,0,0
397.24916040294386,87,354,0,0
397.25109439811627,5,194,0,0
397.2889342135026,39,479,0,0
397.31082208805327,25,341,0,0
397.3144534132958,67,25,0,0
397.32274826016965,19,288,0,0
397.736723333563,18,237,0,0
397.73937229099243,63,233,0,0
397.7422498542681,400,375,1,0
397.75367901086645,2637,147,0,0
397.7581364677601,2840,388,0,0
397.7657914564039,17,394,0,0
397.81802629437533,739,474,0,0
398.394713807581,24,90,0,0
398.39522749745373,25,299,0,0
398.41262564184905,168,84,0,0
398.43222955710746,10,127,0,0
398.44748578861896,100,214,1,0
398.45989737408377,14,87,0,0
398.46903235724614,33,201,0,0
398.6034884760119,52,3840,0,1
398.61060612165323,2427,1630,0,1
398.62459440945355,5,30,0,0
398.64263501221507,75,614,0,0
398.6650077559381,870,118,1,0
398.6778292720369,19,424,0,0
398.8109616678919,13,289,0,0
398.8286958623184,20,160,0,0
398.8542544667669,59,767,0,0
398.87053460662867,21,285,0,0
398.87296196461045,11,40,0,0
398.87639319114083,85,294,0,0
398.87860284973283,37,324,0,0
398.9051294872725,11,65,0,0
398.9094607774876,704,106,0,0
398.911620708922,240,598,1,0
398.9406720327961,272,287,0,0
398.99224077411316,97,36,0,0
398.9927740234822,5,58,0,0
399.5224142238125,128,230,0,0
399.5416623656244,7,203,0,0
399.5562842240539,7423,769,1,0
399.7086680702718,11,215,0,0
399.72941663413155,190,297,1,0
399.73480980952786,26,144,0,0
401.18870414420564,17,221,0,0
401.1908086079281,780,199,1,0
401.20565282713295,84,20,0,0
401.30387596122586,111,389,0,0
401.30600051394765,4620,61,1,0
401.3207144681629,42,287,0,0
401.35980897932996,6,588,0,0
403.5596644082424,22,47,0,0
403.56269045751196,223,766,0,0
403.5790945197529,685,151,0,0
403.64646901380115,11,350,0,0
403.6676889890602,279,275,0,0
403.66931667231074,12,329,0,0
403.71013414312023,474,587,0,0
403.73250931955187,114,50,0,0
403.7765060213305,1430,382,1,0
403.9499378323336,8,119,0,0
404.0868370481007,27,161,0,0
404.1276246031183,740,499,1,0
404.16120775877715,127,366,0,0
404.1632132897051,7,330,0,0
404.1770071365247,17,324,0,0
404.2050433062696,6,6,0,0
404.2131348680062,412,203,0,0
404.2350695646628,1271,241,0,0
404.2385328318633,6,171,0,0
404.6267267710533,69,767,0,0
405.96215951694677,92,67,0,0
405.97043882945155,2361,12,0,0
406.01062686315476,32,94,0,0
406.02192382350233,142,600,0,0
406.2474811531995,8,140,0,0
406.29055198626224,11,12,0,0
406.31161501422446,7,123,0,0
406.32315163339524,140,444,1,0
406.34637379242776,1314,33,0,0
406.34881406847745,342,131,0,0
406.41849434084907,4,9,0,0
406.42282128885597,1817,164,0,0
406.4754160237059,9,232,0,0
406.498801672506,11,205,0,0
406.66001661335343,29,287,0,0
406.67745836066,56,445,0,0
406.8170881042742,101,30,0,0
406.81994046448267,981,200,0,1
406.8809934249447,270,771,1,0
406.89252004573734,225,140,0,0
406.9191300717854,1228,323,0,0
406.93995917745224,228,166,0,0
407.05734128642115,39,37,0,0
407.0576590737984,8,39,0,0
407.0920920853379,30,275,0,0
407.0930004176152,33,767,0,0
407.29464082056,354,353,0,0
407.29498983774033,24,770,0,0
407.2974135217259,10,203,0,0
407.2980480292897,15,335,0,0
407.7768678917294,1114,142,0,0
407.7782379526588,1440,241,1,0
407.80089976578034,576,680,0,0
407.80707944862405,10,157,0,0
407.80757273146764,1251,574,0,0
407.8167642050372,25,18,0,0
407.8846836764964,220,218,1,0
407.8971660261659,7,211,0,0
408.0156777919886,15,384,0,0
408.0244273459649,2218,678,0,0
408.04272127357024,16,291,0,0
408.0510795710064,9,384,0,0
408.08695271277355,70,100,1,0
408.89181875656504,751,726,0,0
408.9290568940704,45,25,0,0
408.9556788100775,61,140,0,0
408.9609172458526,48,684,0,0
408.96489967311095,12,122,0,0
409.30220578489565,31,124,0,0
409.3041568498505,6,98,0,0
409.3070622425564,1848,134,0,0
409.32191150121093,52,264,0,0
409.32960389017694,53,75,0,0
410.23215955195843,15,160,0,0
410.232318431082,34,554,0,0
410.269491201331,875,24,0,0
410.34455010328173,365,194,0,0
410.34646922010785,8,725,0,0
410.35144060277617,57,89,0,0
410.3943063120398,23,284,0,0
410.8639049924807,35,197,0,0
410.8667678650421,584,4,0,0
410.8675346167397,56,150,0,0
410.9937249587879,25,638,0,0
411.3737886228808,9,71,0,0
411.3830216695347,2172,187,0,0
411.3832371852835,2188,146,0,0
411.71240944408044,12,1120,0,1
411.7245407755113,91,280,0,0
411.89536734234673,16,326,0,0
411.9119091094821,11,34,0,0
411.9204218094814,303,208,0,0
411.9277302278453,17,225,0,0
412.27142098603036,5,181,0,0
412.58932669128035,1920,4320,1,1
412.58957755461313,35,273,0,0
412.59235169879344,14,442,0,0
413.2231649832198,2503,490,0,0
413.2318210925319,13,238,0,0
413.23300865807687,10,231,0,0
413.2512152502002,64,492,0,0
413.2657438435672,41,144,0,0
413.2805962542535,27,4260,0,1
413.28751148609695,11,95,0,0
413.29721703980573,14,178,0,0
413.3044672955792,227,222,0,0
413.33965390342894,11,288,0,0
413.3432054122157,12,264,0,0
413.35331580275135,300,336,1,0
413.36684302972566,571,72,0,0
413.6125977757252,59,47,0,0
413.65067721658914,11,171,0,0
413.66516711431643,16,346,0,0
413.71789941583114,204,188,0,0
413.7585530743412,902,4,0,0
413.9174923112893,8,265,0,0
413.9671860370705,26,254,0,0
414.619596331238,51,196,0,0
414.88522154677344,42,284,0,0
414.90184558011737,24,180,0,0
414.9097216810404,12,363,0,0
415.0151428821883,58,295,0,0
415.06585223277034,151,539,0,0
415.0807873354473,23,31,0,0
415.08172811089014,442,142,0,0
415.08219024718255,13,71,0,0
415.118401479649,64,5040,0,1
415.2027145407839,25,18,0,0
415.29270676082666,8,89,0,0
415.29408183645427,931,233,0,0
415.43775484497917,124,20,0,0
415.4439547726582,668,190,0,0
415.4831947203627,13,159,0,0
415.5247172020424,13,183,0,0
415.5283422930274,80,767,0,0
415.53387237235546,9,144,0,0
415.53415794660134,15,52,0,0
415.5370425031157,44,203,0,0
415.53753305125576,23,303,0,0
415.58080767997143,274,584,0,0
415.60121076447473,40,439,0,0
415.71348634579255,7,127,0,0
415.7503024999608,881,256,0,0
415.75537247969913,4,209,0,0
415.79143501019604,10,396,0,0
415.799699781256,32,191,0,0
415.86070598987965,790,585,0,0
415.89461220010236,15,589,0,0
415.8971107382042,59,254,0,0
415.9152349809036,19,363,0,0
415.9353913505907,55,146,0,0
415.94514294064226,85,404,0,0
416.0532006478516,27,285,0,0
416.60819284799203,8,342,0,0
416.61684133879726,15,58,0,0
416.62578956472527,43,171,0,0
416.62599080129536,18,320,0,0
416.63993430122446,7,152,0,0
416.64747629714617,570,156,0,0
416.64771572430743,17,258,0,0
416.6798473123313,1350,58,0,0
416.7386906529069,176,95,0,0
416.7428470091363,97,280,0,0
416.7514115249547,130,578,1,0
416.7540229201416,194,522,0,0
416.8369479138307,7600,118,1,0
416.8378155040925,14,41,0,0
416.84745944350175,89,576,0,0
417.74082566030563,116,769,0,0
417.7608315782392,669,428,0,0
417.80683500836506,92,165,0,0
417.8202926083964,206,86,0,0
417.8220154939369,20,466,0,0
417.83891880771074,874,449,0,0
417.8796013722457,181,267,0,0
417.8819353382745,7,219,0,0
417.91766853334644,77,365,0,0
418.1352715365663,959,18,0,0
418.288546132974,92,3670,0,1
418.28930750109754,7,124,0,0
418.2918733594945,110,251,1,0
418.2925890507689,340,610,1,0
418.44631364786795,8,198,0,0
418.5074747230048,403,103,0,0
418.58111067464046,37,950,0,1
418.5842254332219,2800,124,1,0
418.5859752661946,9,117,0,0
418.60702036553045,1320,770,0,0
418.62910361918813,415,255,0,0
418.6323721658377,24,93,0,0
418.65635177927294,7,112,0,0
418.72184773262677,1050,768,1,0
418.7503186697132,21,241,0,0
418.7525757976599,8,173,0,0
418.7528396219238,60,576,0,0
418.76359162816584,9,408,0,0
418.78865887483505,52,58,0,0
418.79938502454377,8085,107,1,0
418.80704609703093,10,175,0,0
418.81157265520466,15,452,0,0
418.8870723249293,10,226,0,0
418.90332248732034,483,237,0,0
418.9264100349653,26,348,0,0
418.92899524050915,142,46,0,0
418.93421269121325,52,336,0,0
418.9592520276997,7,250,0,0
418.9616677940984,23,17,0,0
418.9631217009412,115,606,0,0
418.9724639802055,7,95,0,0
419.1717605076898,12,337,0,0
419.1981972769186,8,140,0,0
419.5325014494998,9,167,0,0
419.5463725413409,663,34,0,0
419.5560783208788,11,182,0,0
419.55719278924437,725,184,0,0
419.56289243010366,25,153,0,0
419.88126418252676,32,39,0,0
419.91600630321244,400,269,1,0
419.9941926049741,43,158,0,0
420.0681173726287,190,498,1,0
420.0858208552502,213,208,0,0
420.09780087552787,79,347,0,0
420.12070276472394,171,1080,0,1
420.1897959731358,8,130,0,0
420.23488255512876,46,230,0,0
420.2831519002204,88,626,0,0
420.3077124284135,16,170,0,0
420.3115813833219,14,217,0,0
420.32227515426246,20,344,0,0
420.3250206073102,10,287,0,0
420.45960184165716,31,502,0,0
420.45987132853605,106,372,0,0
420.4715425303902,230,252,1,0
422.6087927313128,83,169,0,0
422.6179064712496,135,93,0,0
422.61977151220873,57,596,0,0
422.63717973099983,191,431,0,0
422.8750213502298,393,135,0,0
422.88811269651393,22,187,0,0
422.9496442347268,506,269,0,0
422.9716820143538,210,522,0,0
422.98024206523877,7,273,0,0
432.81254027762947,350,444,0,0
432.83334444942557,65,278,0,0
432.83950728369166,103,629,0,0
432.8462798873382,916,481,0,0
432.88490880875105,9,26,0,0
432.9258152304147,61,123,0,0
433.01032570485916,28,223,0,0
433.03425588248155,9,520,0,0
433.035285941313,23,2700,0,1
433.0875702433818,706,523,0,0
433.0972974384752,7,416,0,0
433.10747974878274,165,331,0,0
433.10840937876753,37,89,0,0
433.1141398787102,14,411,0,0
433.11835709738875,18,365,0,0
433.1351326826699,10,109,0,0
433.1361187941834,85,244,0,0
433.15608747014136,1514,128,0,0
433.1792265796906,10,119,0,0
433.1811484840629,87,354,0,0
433.1863219327616,12,285,0,0
433.18956897704527,1370,281,0,0
433.3004082591636,27,690,0,0
433.30052316118065,33,572,0,0
433.309604326408,42,297,0,0
433.3102560066616,288,95,0,0
433.3178663558964,104,38,0,0
433.416000359783,95,53,0,0
433.4211125590658,6,340,0,0
433.444911223814,37,20,0,0
433.44824232400777,60,765,0,0
434.32113924371373,10,281,0,0
434.43322283196557,8,420,0,0
434.6051782131445,8,24,0,0
434.6064450072565,14,213,0,0
434.6084401079399,10,232,0,0
434.7648323703209,2904,67,0,0
434.7770651095013,11,106,0,0
434.7878377340904,32,128,0,0
434.8230156635879,17,674,0,0
434.8244816058566,18,245,0,0
434.90913675801704,17,575,0,0
434.9278550304795,28,397,0,0
434.9749107560376,8,222,0,0
434.9796298849149,23,150,0,0
435.029995665216,57,236,0,0
435.03440220168426,820,234,1,0
435.1561088287042,62,45,0,0
435.3289105180534,533,390,0,0
435.44070067273594,1693,5040,0,1
435.4913932548345,21,307,0,0
435.55549584476506,12,71,0,0
435.55557638466775,9,135,0,0
435.6514106857696,49,36,0,0
435.66184158558946,4,152,0,0
435.6836597367341,11,138,0,0
435.6938909172812,43,2530,0,1
435.6950078410051,955,226,0,0
435.70115251398573,34,303,0,0
435.76850379359587,321,767,0,0
436.07573219261917,31,300,0,0
436.08092361509335,9,224,0,0
436.0838827864706,40,227,0,0
436.41298778076776,1776,81,0,0
436.41607636765923,110,61,0,0
437.55760572124535,73,355,0,0
437.5775740916917,26,271,0,0
437.5806574957137,69,507,0,0
437.70987892934943,257,232,0,0
438.2434274375172,97,26,0,0
438.2444510694974,7,221,0,0
438.6522508971897,17,417,0,0
438.66252926914143,80,510,0,0
439.0151917251877,7,76,0,0
439.0236227926743,753,113,0,0
439.0243926623287,11,3600,0,1
439.0736366105765,9,248,0,0
439.18876045479874,24,1680,0,1
440.3824186393006,498,48,0,0
440.94924199799624,23,98,0,0
441.0217238618885,17,249,0,0
441.03294094238794,12,403,0,0
441.0393106208862,19,206,0,0
441.0493158349887,13,250,0,0
441.0527404457018,15,529,0,0
441.0631606662007,23,3680,0,1
441.06327189092406,232,188,0,0
441.08907741009386,7,92,0,0
441.1061075048659,12,136,0,0
444.16130964426384,11,244,0,0
444.24360661011855,15,205,0,0
444.25051275644677,127,11,0,0
444.30634329693964,31,593,0,0
444.3078980551221,9,279,0,0
444.3133038334594,101,88,0,0
444.31373453618096,66,372,0,0
444.6327920256049,15,89,0,0
444.691909833607,21,359,0,0
444.6936287321508,92,224,0,0
444.70961735019927,15,416,0,0
444.83020642074337,17,325,0,0
444.8787794984875,9,327,0,0
444.91754017854305,51,181,0,0
444.9207853490381,165,296,0,0
444.9258301694255,51,60,0,0
444.9476573706841,952,223,0,0
445.0613346196666,72,297,0,0
445.06477340560394,206,306,0,0
445.06668904640964,388,137,0,0
445.24453399569427,24,476,0,0
445.24734130812004,265,412,0,0
445.4029237345181,83,25,0,0
445.4322640340711,190,195,0,0
445.53736767352837,98,340,0,0
446.1282474928869,448,92,0,0
446.1997819564551,605,396,0,0
446.2849746817541,8,87,0,0
446.2878529304243,18,228,0,0
446.2923457519024,247,574,0,0
446.3577603407765,24,273,0,0
446.74590337211515,1759,208,0,0
447.0379917450552,10,194,0,0
448.8939996003729,14,121,0,0
448.92760322052254,6,125,0,0
448.9546730491897,14,395,0,0
449.08967050972745,153,160,0,0
449.1084108731778,21,123,0,0
449.1243362765845,42,175,0,0
449.1265576428789,11,347,0,0
449.2575701174764,690,98,1,0
449.2596846985431,27,294,0,0
449.30995288706373,250,59,0,0
449.311008903524,22,767,0,0
449.47267377284004,15,327,0,0
449.47497913229927,741,353,0,0
449.5724756455903,22,403,0,0
449.5732270444382,22,85,0,0
449.5807144337048,497,399,0,0
449.7711936456658,5,225,0,0
449.7747980662031,13,61,0,0
449.79543813513374,30,147,0,0
449.8023690392306,19,190,0,0
449.8025470327148,73,283,0,0
449.8359608804255,70,242,0,0
449.8787964686459,43,278,0,0
449.88076503939874,382,4580,0,1
449.93760416114736,6,42,0,0
449.9412788264352,49,92,0,0
449.9437043769519,63,75,0,0
449.96199812488743,8158,34,1,0
449.96661640502083,14,218,0,0
451.7348201346815,10,55,0,0
451.7356250718914,107,113,0,0
451.8146475450916,104,296,0,0
451.94505539843396,59,11,0,0
451.94539988851136,14,141,0,0
451.94596421856136,12,27,0,0
452.0015336938443,6,255,0,0
452.0084220241727,2573,224,0,0
452.0472825106854,21,480,0,0
452.22350483363687,18,127,0,0
452.23207730313953,6,77,0,0
452.23422612748533,22,767,0,0
452.23430296749586,11,97,0,0
452.2614712894414,207,462,0,0
452.2642881443434,10,276,0,0
452.29805983308125,8,74,0,0
452.3267368789257,14,6,0,0
452.32786880046496,10,108,0,0
452.89500757606095,14,313,0,0
453.0524986604122,27,205,0,0
453.1509335213902,23,209,0,0
453.15262213260803,17,354,0,0
453.16061054220927,172,64,0,0
453.16665410202654,17,333,0,0
453.1745262526055,854,770,0,0
453.17643154747844,342,267,0,0
453.21947225154304,22,268,0,0
453.24801261400313,52,357,0,0
453.285484712932,32,27,0,0
453.2920444643037,823,428,0,0
453.5306683897351,15,187,0,0
453.55693596212427,58,775,0,0
453.5570115251694,213,304,0,0
453.56202748416763,12,170,0,0
453.57812795291665,1681,362,0,0
453.70252818183496,94,426,0,0
453.71241709634705,896,656,0,0
453.7233598899289,34,633,0,0
453.7281531929262,29,105,0,0
453.7964565502581,18,365,0,0
453.8038284677756,5,328,0,0
453.8092260535572,79,136,0,0
453.8133160349145,22,316,0,0
453.86824359388845,12,580,0,0
453.87445820368754,28,605,0,0
453.8750901551873,81,164,0,0
453.93777788757507,151,649,0,0
453.94221578144055,4,135,0,0
453.9790658587289,6,139,0,0
454.01717379520977,14,122,0,0
454.21752386976556,6052,2140,1,1
454.3632768243876,19,6,0,0
454.36899010305723,26,2540,0,1
454.3819269952319,10,377,0,0
454.3832932047223,66,404,0,0
454.9000216950139,141,614,0,0
454.943667478878,20,325,0,0
455.23711232475625,39,649,0,0
455.2466462821901,955,239,0,0
455.246945843374,6,127,0,0
455.63311579943405,20,160,0,0
455.65485435582184,230,488,0,0
455.67840663192356,75,63,0,0
455.69856820739295,17,290,0,0
455.76407805689394,271,319,0,0
455.8164891792335,10,258,0,0
455.8172387752637,32,90,0,0
455.9758790424919,35,1180,0,1
455.9821438306552,6,291,0,0
455.98923433282573,20,441,0,0
456.56041738762303,401,274,0,0
456.6741635675493,2736,141,0,0
456.6833385561596,18,134,0,0
456.6837790177543,33,4430,0,1
456.7087103865012,15,478,0,0
456.7617036023311,245,272,0,0
456.77706382525287,6,132,0,0
456.77855680527813,18,47,0,0
456.7822684545583,153,202,0,0
456.7837342675716,220,234,1,0
456.81149563307486,19,301,0,0
456.90441073232046,41,162,0,0
457.04469210557573,13,459,0,0
457.0488641095052,12,554,0,0
457.07773699177505,49,247,0,0
457.1323893216314,10,370,0,0
457.1388812134242,41,370,0,0
457.1522890249734,27,238,0,0
458.4144555932278,254,31,0,0
458.44165236510844,38,344,0,0
458.5471586059917,11,394,0,0
458.5547209688363,110,672,0,0
458.57433739218357,140,364,1,0
458.5749225898722,11,210,0,1
458.59208484706187,10,36,0,0
458.78794642808856,50,3110,0,1
459.98863372030854,17,210,0,0
460.1862118923695,24,573,0,0
460.25748821248817,259,298,0,0
460.2775492786054,40,409,0,0
460.28298457472937,271,206,0,0
460.2960806057938,7,483,0,0
460.3575490730511,45,103,0,0
460.3613021138601,120,176,1,0
460.4779432822643,11,296,0,0
460.48046419292353,16,376,0,0
460.48097813970554,319,87,0,0
460.48336184044064,11,151,0,0
460.48400722494625,20,335,0,0
460.485166947429,110,407,0,0
460.65883037083785,12,218,0,0
460.6709224242084,15,290,0,0
460.6988611233678,16,587,0,0
460.8817866989451,460,279,0,0
461.1056544817516,124,673,0,0
461.1122320225321,155,144,0,0
461.36946483070227,403,169,0,0
461.40840583443253,714,732,0,0
461.426570993339,16,263,0,0
461.47025797255804,42,150,0,0
461.4713004489407,400,309,1,0
461.47504630414153,38,38,0,0
461.48958141799494,12,101,0,0
461.55066649032676,32,432,0,0
461.5592409686915,9,99,0,0
461.57322917743784,20,145,0,0
461.69865586767855,125,270,0,0
462.0024212107673,45,324,0,0
462.08611111511925,8,657,0,0
462.31419110479794,6,34,0,0
462.3222287212684,794,260,0,0
462.3320052266716,19,88,0,0
462.36611416734576,268,497,0,0
462.37599609620213,451,413,0,0
462.38254038685204,30,768,0,0
462.8738826338944,15,769,0,0
462.8859498264238,73,76,0,0
462.88856367582474,11,152,0,0
462.9363934034231,27,406,0,0
463.645809319832,158,305,0,0
463.6670192727005,318,7100,0,1
463.87880989677603,10,203,0,0
463.88632681992857,52,384,0,0
463.89308142198377,160,189,1,0
463.8976227076222,1299,176,0,0
463.9111678954757,40,413,1,0
464.6213676440392,23,219,0,0
464.62315701099953,12,101,0,0
465.100068024411,13,299,0,0
465.1024691967472,24,316,0,0
465.1137740190984,373,768,0,0
465.2097823664575,5,171,0,0
465.273431379871,943,178,0,0
465.30515027547585,670,678,1,0
465.3058166657206,51,418,0,0
465.3430543217716,345,141,0,0
465.3453895808843,35,270,0,0
468.41919158364743,10,69,0,0
468.4309667785198,56,262,0,0
468.45728580167076,271,393,0,0
468.45910691762975,20,53,0,0
468.46603159892373,42,237,0,0
468.46739607146344,6,173,0,0
468.59589463518705,955,96,0,0
468.60658034582957,16,1790,0,1
468.66217982740136,259,683,0,0
468.66676889926265,16,101,0,0
468.67339202428474,10,139,0,0
468.91066554045483,4,13,0,0
468.9132498689462,1309,67,0,0
468.91374149555276,369,21,0,0
468.95440506444396,985,129,0,0
468.95624583789987,25,613,0,0
468.96373846488854,24,325,0,0
469.0754610658984,98,617,0,0
469.0789712181351,60,33,1,0
469.18353031238684,241,89,0,0
469.18815034321057,1427,300,0,0
469.5438938130787,200,767,0,0
469.79935187546477,74,602,0,0
469.8063809948813,78,203,0,0
469.8181609096335,696,734,0,0
469.821578655384,15,223,0,0
469.84849829786225,4,39,0,0
470.0281811283158,4,230,0,0
470.0291804671555,49,412,0,0
470.1422213047492,16,519,0,0
470.14349889914257,28,421,0,0
470.14673190091156,17,388,0,0
470.1472372250166,13,214,0,0
471.3625337416593,8,28,0,0
471.38282632907504,16,545,0,0
471.4122664260703,950,158,0,0
471.4169339146131,28,5900,0,1
471.5693761275125,109,645,0,0
471.56964500451494,471,365,0,0
471.58867817210165,32,134,0,0
473.07833603453025,332,15,0,0
473.08674034086084,857,147,0,0
473.10541462404507,22,360,0,0
473.1746365903976,456,157,0,0
473.17819726816055,84,347,0,0
473.19708556629234,30,130,0,0
473.32041297047437,17,519,0,0
473.3470322387067,12,228,0,0
473.3849275115539,21,92,0,0
473.3938983885221,144,765,0,0
473.427820069823,75,220,0,1
473.44799384649684,441,183,0,0
473.7792798453436,74,499,0,0
473.8561133863696,36,767,0,0
473.8671972311027,33,231,0,0
473.8673324618555,1314,159,0,0
473.9428448382829,19,300,0,0
474.02457177245935,14,490,0,0
474.0274553631993,13,98,0,0
474.0277869437251,84,145,0,0
474.0296259735186,732,554,0,0
474.1446602085204,69,462,0,0
474.14680552969764,18,315,0,0
474.1540035207238,10,331,0,0
474.1820437538748,14,293,0,0
474.3908878917398,127,133,0,0
474.40828906934854,80,72,0,0
474.42305138368897,18,220,0,0
474.42907178206934,23,315,0,0
474.899742075708,27,286,0,0
475.0518747504064,35,714,0,0
475.06679330106346,8,255,0,0
475.0678981339436,66,6310,0,1
475.07161274222847,338,385,0,0
475.1291145011197,31,395,0,0
475.1333771762003,17,93,0,0
475.24086721318935,23,481,0,0
475.2780471516639,141,614,0,0
475.31044704215,15,220,0,0
475.3771161577251,15,16,0,0
475.4260284115236,14,167,0,0
475.4292909226347,920,12,1,0
475.43869545931307,100,237,0,0
477.38265939130685,10,64,0,0
477.38427084891305,49,456,0,0
477.39125583037907,21,349,0,0
477.5433117040293,42,390,0,0
477.55643424181153,50,92,0,0
477.5599901416187,38,617,0,0
477.56126968680184,119,265,0,0
477.61398511177805,105,387,0,0
477.75273003897405,18,111,0,0
478.04940566923796,21,140,0,0
478.0694998303066,26,108,0,0
478.21538618209564,20,292,0,0
478.21767256303565,18,767,0,0
478.24292430136416,88,320,0,0
478.24757993626594,44,135,0,0
478.2731271926242,11,139,0,0
478.3541134613728,10,99,0,0
478.50739932969924,16,517,0,0
478.509891215633,117,321,0,0
478.737545152836,334,42,0,0
478.74453235205397,9,660,0,0
478.7468519333255,9,298,0,0
478.759680106905,25,249,0,0
478.7606483682927,213,40,0,0
478.7788590558816,36,116,0,0
478.8110685267937,35,112,0,0
478.82315530434903,11,363,0,0
478.87588515069507,70,91,1,0
478.8855017446933,13,398,0,0
478.90369324221103,41,199,0,0
478.90470483278915,28,290,0,0
478.9243571762875,48,254,0,0
478.92764682059,914,471,0,0
478.93498649918024,16,290,0,1
478.9499482071538,18,365,0,0
478.9763863434258,15,339,0,0
478.97705634246546,9,42,0,0
478.97784770415683,1008,79,0,0
478.9877118066254,2763,766,0,0
479.03431290614395,339,81,0,0
479.07140245001733,279,258,0,0
479.17900164099507,30,439,0,0
479.4224744303076,25,452,0,0
479.4711763726991,508,54,0,0
479.488518310505,53,295,0,0
479.4908114839792,25,44,0,0
479.4935317146966,12,197,0,0
479.50062048096487,20,224,0,0
479.53143005453,14,291,0,0
479.55948944423574,14,43,0,0
479.5776879551041,61,551,0,0
479.5909832066191,122,543,0,0
479.65466156532085,361,186,0,0
479.6820334702735,160,206,1,0
479.71477177733885,29,216,0,0
479.7482108981577,63,279,0,0
479.75426215713554,2256,318,0,0
479.75655817719843,12,403,0,0
479.804746072013,4,225,0,0
479.8462715429559,160,496,0,0
479.85789238410183,7,198,0,0
479.8657491133429,37,379,0,0
481.5850969943902,478,2950,0,1
481.589049833848,17,127,0,0
481.6007285033383,66,244,0,0
481.63141648234597,406,391,0,0
481.63321038070455,1181,171,0,0
481.6560232356799,17,109,0,0
482.3134612600891,22,261,0,0
482.4302759293327,7984,208,1,0
482.4941716844878,273,93,0,0
482.55318175502026,172,76,0,0
482.57575534620884,49,750,0,1
482.6984425647063,110,102,1,0
482.7116546072204,14,164,0,0
482.71940109201086,10,381,0,0
482.741531168423,1085,31,0,0
482.8519461101681,5,189,0,0
482.8868885957217,20,342,0,0
482.95643054467587,16,464,0,0
482.9567454805694,260,21,1,0
483.1529126203039,5,30,0,0
485.0999334565478,373,579,0,0
485.36044843530357,322,69,0,0
485.37000867105996,84,190,0,0
485.3733154205964,1237,140,0,0
485.40474598234067,280,238,1,0
485.4072525153659,197,767,0,0
485.48428254507684,731,387,0,0
485.4905918867582,13,345,0,0
485.6138375488408,14,358,0,0
485.8889347484262,49,6300,0,1
485.8892446031977,13,403,0,0
485.92165269958684,171,242,0,0
485.9261177916917,7,127,0,0
485.9271938367945,22,447,0,0
485.9324435131461,73,500,0,0
485.9440897661655,372,421,0,0
486.0867158975673,20,149,0,0
486.0875766380152,6,633,0,0
486.2351724345139,12,494,0,0
487.25662204306536,41,31,0,0
487.31622674069615,1008,79,0,0
487.3699977659419,9,119,0,0
487.3875645003713,20,372,0,0
487.38928527023654,56,259,0,0
487.44187426711153,45,402,0,0
487.4807708820331,1534,161,0,0
487.55871858116575,1568,51,0,0
490.63209779437557,21,494,0,0
490.7094534845651,10,236,0,0
490.75173185497994,1193,394,0,0
491.1619605927695,1063,664,0,0
491.163184955073,28,196,0,0
491.1650206939213,68,199,0,0
491.1735408892949,59,1590,0,1
491.17841040127036,59,314,0,0
491.2507027994767,6,28,0,0
491.2602664530273,1643,507,0,0
491.84591504683135,10,354,0,0
492.2234816927037,8121,71,1,0
492.3076648064966,142,245,0,0
492.3160031843222,1136,437,0,0
492.3779795665157,12,7710,0,1
492.46935447768664,39,15,0,0
492.47149213168973,1020,461,0,0
492.50774112906606,50,544,0,0
492.58181625775086,49,376,0,0
492.60963693891637,94,373,0,0
493.02746604982286,30,48,0,0
493.2320908912397,269,187,0,0
493.2355523409983,124,767,0,0
493.2586982242629,105,376,0,0
493.262091515244,240,44,1,0
493.3196018204749,17,268,0,0
493.3227871503332,124,635,0,0
493.4371612671165,252,432,0,0
493.4763795284378,2142,141,0,0
493.60215790350657,4,31,0,0
493.6156578135866,6,116,0,0
493.6166382728962,11,57,0,0
494.2334245799464,203,342,0,0
494.2462024559902,327,231,0,0
494.5294248354104,50,342,1,0
494.57208292511774,28,27,0,0
494.6415377742826,65,397,0,0
495.34242744558986,41,336,0,0
495.3780622517765,7,62,0,0
495.674938349731,15,193,0,0
495.6758653523838,8,19,0,0
495.77889868542553,58,565,0,0
495.7900223869247,93,402,0,0
495.8038230623689,59,135,0,0
495.8221850930812,39,632,0,0
495.85827114769523,22,231,0,0
496.3545674906996,14,362,0,0
496.3550103186447,41,31,0,0
496.37471650500765,175,440,0,0
496.3790219396673,391,556,0,0
496.5647865372613,29,239,0,0
496.57252860459363,311,318,0,0
496.61751645020456,7,19,0,0
496.6256650386044,8,247,0,0
496.6943114983363,22,230,0,0
496.83165140349865,10,115,0,0
496.83980168359864,27,26,0,0
496.8597073273063,24,204,0,0
496.8607608419748,13,146,0,0
496.89399744709357,1965,180,0,0
496.994019243645,25,363,0,0
496.9999612224133,18,309,0,0
497.16958411366824,726,674,0,0
497.16986954082074,8,50,0,0
497.17031447957675,9,147,0,0
497.17143788819976,48,778,0,0
497.17828113771685,15,338,0,0
497.1970104416681,19,329,0,0
497.21242208308234,8,112,0,0
497.22820090037305,13,315,0,0
497.3049087696023,8,220,0,0
497.31192771214324,287,431,0,0
497.3133692365286,20,545,0,0
497.3148689560133,21,90,0,0
498.54907393556357,13,130,0,1
498.54923736396887,27,61,0,0
498.5619195086892,26,383,0,0
498.89509392147437,11,388,0,0
498.94253950787544,89,99,0,0
498.9459735562432,159,2390,0,1
498.96409732403185,486,434,0,0
499.0656613957331,1522,334,0,0
499.26783966431145,50,175,0,0
499.2708263664694,28,139,0,0
499.353406455498,42,33,0,0
499.3833063040175,21,393,0,0
499.54760102368965,16,579,0,0
499.83870573743684,45,250,0,0
499.8477872552175,13,316,0,0
499.8487809420799,1327,208,0,0
499.8886071543664,13,565,0,0
500.51884364636066,10,12,0,0
500.5899386083428,967,411,0,0
500.6185320654538,111,19,0,0
502.8157413503974,100,189,0,0
502.8179955624616,8,19,0,0
502.9278144612459,6,133,0,0
502.93358045165996,10,241,0,0
502.9535083549396,5,56,0,0
502.9750963952739,346,604,0,0
503.34830052359285,23,104,0,0
503.35107600620836,38,157,0,0
503.3572644078689,70,47,0,0
503.35801039137675,4,154,0,0
503.40582114502297,23,202,0,0
503.4130377790193,11,265,0,0
503.4550006978684,12,335,0,0
503.45710992309273,60,370,0,0
503.46590405805875,49,11,0,0
503.6100332939283,52,112,0,0
503.62276650761095,13,469,0,0
503.68582927331653,34,70,0,0
503.73773895790674,8152,40,1,0
503.7466430137756,8,67,0,0
503.7474402218136,81,39,0,0
503.87693652655383,9,78,0,0
503.90232428236374,2395,326,0,0
504.0312726970264,1034,252,0,0
504.0315949157777,648,320,0,0
504.0322543544056,115,213,0,0
504.032502782283,157,186,0,0
504.0356269781776,7,330,0,0
504.1806296346058,10,205,0,0
504.23660077626676,25,35,0,0
504.2534540401847,462,144,0,0
504.2769148848947,5,177,0,0
504.35954950180883,25,153,0,0
504.36941014605605,123,1530,0,1
504.40925487639345,110,103,1,0
504.4331281936792,8,116,0,0
504.43335555085764,353,297,0,0
504.44171334568426,65,32,0,0
504.71495725201146,67,242,0,0
504.72313266341655,92,207,0,0
504.73668655253215,25,242,0,0
504.74204738863176,29,338,0,0
504.7488928642988,16,300,0,0
504.9197583541676,332,4,0,0
504.93031420509703,22,232,0,0
504.9326514061673,30,478,0,0
504.9326872037677,51,217,0,0
504.9384271242445,26,362,0,0
504.9387803028601,70,769,0,0
504.9392504795455,627,20,0,0
505.02776870000247,46,50,0,0
505.1022243309278,11,358,0,0
505.10261434476155,12,509,0,0
505.2016828121742,427,148,0,0
505.24690415713195,10,137,0,0
505.2506690325991,10,66,0,0
505.3290525833608,7,263,0,0
505.3297499576091,793,385,0,0
505.33137249749575,12,4290,0,1
505.3323860636737,21,300,0,0
505.334339997743,134,746,0,0
505.4389490269772,229,388,0,0
505.4402020937894,8,196,0,0
505.44200654406217,38,255,0,0
505.44469631427665,53,1140,0,1
505.47137272590464,12,382,0,0
505.480520071316,111,494,0,0
505.5817638429743,32,290,0,0
505.58611364915777,64,237,0,0
505.5874825345962,469,127,0,0
505.59406603054134,6380,29,1,0
505.61341352762173,63,191,0,0
505.61619960922246,22,382,0,0
505.64741261235764,5,86,0,0
506.32297820577986,14,228,0,0
506.328542672127,39,375,0,0
506.3479457734545,7,205,0,0
506.61287421054095,4,194,0,0
506.6177158061758,16,225,0,0
506.6209595728518,393,201,0,0
506.6229368262242,835,142,0,0
506.6619313255398,16,510,0,0
506.71106145433424,31,307,0,0
506.7240814572139,63,769,0,0
506.7431115428141,257,399,0,0
506.96608403364183,12,203,0,0
507.0647904342357,112,298,0,0
507.06584421955876,11,38,0,0
507.0828551998422,105,273,0,0
507.10420820505385,748,152,0,0
507.1770841462467,140,288,1,0
507.1881065864053,9,768,0,0
507.1928371816918,305,232,0,0
507.19970477681306,13,150,0,0
507.2001940452695,23,492,0,0
507.2164513806783,27,284,0,0
507.2216313481854,112,690,0,0
507.2649905956027,43,174,0,0
507.2671771991065,14,212,0,0
507.2742852411208,80,218,1,0
507.27668261526617,211,268,0,0
507.27869196289396,1069,3050,0,1
507.34723618250433,54,18,0,0
507.3538982496057,10,572,0,0
507.39488146662654,17,304,0,0
507.3966761067594,5,3620,0,1
507.417083089269,1158,298,0,0
507.41765555018833,150,43,0,0
507.42409330283715,41,451,0,0
507.430215110075,54,356,0,0
507.4837721386423,32,250,0,0
507.5076748966431,1933,252,0,0
507.5194126334085,10,329,0,0
507.60822034484534,485,370,0,0
507.6325773511397,110,357,1,0
507.6812290583598,37,173,0,0
507.75800684933847,59,23,0,0
507.7725201085142,41,140,0,0
507.7817297552816,181,534,0,0
507.8135479652162,38,417,0,0
507.82073604243595,10,226,0,0
507.856595882215,60,501,0,0
508.0077571508427,374,97,0,0
508.0987779726955,7968,224,1,0
508.106478376714,52,352,0,0
508.10774449208105,1749,749,0,0
508.12249031969037,2233,28,0,0
508.13531116299885,9,71,0,0
508.2852758976753,100,230,0,0
508.29294172976455,67,294,0,0
508.3037832387301,124,206,0,0
508.3752225799828,36,47,0,0
508.381562252042,8,273,0,0
508.3935245717161,18,166,0,0
508.8970723322798,370,84,1,0
509.21882538212196,10,105,0,0
509.27657977510256,8,218,0,0
509.30465908269633,42,390,0,0
509.3070326728888,31,472,0,0
509.3571030960403,498,108,0,0
509.3755418453366,898,225,0,0
509.4010527642963,9,368,0,0
509.40688578257374,17,365,0,0
509.4229163289922,345,277,0,0
509.43428241163656,91,7470,0,1
509.4651030749067,11,288,0,0
509.74902567118374,1723,178,0,0
509.7828114029065,3178,462,0,0
509.7834110548365,193,676,0,0
509.7857774342731,19,140,0,0
509.7864726968126,44,438,0,0
509.7898406153251,135,767,0,0
509.83991428341636,31,94,0,0
509.87643459524026,8,48,0,0
509.8813966351704,486,268,0,0
509.9093162334789,60,182,0,0
509.9129362401845,240,49,1,0
509.9138988117755,99,182,0,0
509.914889277557,127,360,0,0
509.9178409206694,227,222,0,0
510.1970843967691,22,312,0,0
510.1982121272938,12,235,0,0
510.39411519472003,16,255,0,0
510.62593100114987,21,2860,0,1
510.63731157922194,34,277,0,0
510.6521460244484,48,53,0,0
510.65695658464693,52,398,0,0
510.6725161269724,15,172,0,0
510.7333010268591,30,39,0,0
510.7499292373206,9,497,0,0
510.8693413130818,895,84,0,0
511.04356132685837,455,198,0,0
511.07592976940265,661,21,0,0
511.10725012616,513,113,0,0
511.1216641961667,17,191,0,0
511.154184478058,156,317,0,0
511.1559461028272,22,316,0,0
511.19252526279826,9,23,0,0
511.2170484917481,16,275,0,0
511.2199600971227,12,268,0,0
512.4136601384423,10,442,0,0
512.4159985492813,10,109,0,0
512.4188701984666,6,256,0,0
512.4472184179955,36,339,0,0
512.4475586688262,14,106,0,0
512.4509076413815,868,555,0,0
512.4516825693019,10,753,0,0
512.4540427843962,19,332,0,0
512.4665043970118,13,41,0,0
512.4972194691269,326,435,0,0
512.6441912182256,9,150,0,0
512.7252941221446,169,246,0,0
512.8979005991274,19,503,0,0
512.950396177758,142,226,0,0
512.9567618264317,1354,255,0,0
513.106978111403,53,231,0,0
513.1130932610638,9,519,0,0
513.1178471031262,4,326,0,0
513.4609835847215,7,391,0,0
513.5390922154659,101,35,0,0
513.5641796879858,2817,142,0,0
513.636865460995,14,291,0,0
513.7304393121074,10,35,0,0
513.7315036086409,94,191,0,0
513.7449134499067,58,2530,0,1
513.7464480143606,16,358,0,0
513.7670862993434,74,27,0,0
513.7713185182115,13,172,0,0
514.0151854628749,23,26,0,0
514.0607253606466,21,204,0,0
514.0639181032575,41,71,0,0
514.079490719495,407,31,0,0
514.0809270916827,65,203,0,0
514.0984450218208,31,240,0,0
514.1466328137187,77,31,0,0
514.1739540813479,65,478,0,0
514.1742957108889,682,253,0,0
514.1825553185494,448,185,0,0
514.2271505319108,173,92,0,0
514.2568806982407,76,251,0,0
514.4204038714558,6,336,0,0
514.421639565388,26,70,0,0
514.4675474842996,34,288,0,0
514.4719362768067,340,467,0,0
514.4957333098594,150,254,1,0
514.5319723624667,13,319,0,0
514.5955430552415,13,207,0,0
514.600626444266,13,640,0,1
514.6239288863428,72,25,0,0
514.6254872421714,418,297,0,0
514.626446964638,347,207,0,0
514.6752871785565,27,540,0,1
514.689722074032,18,102,0,0
514.6903546527994,757,222,0,0
514.6932952591956,485,764,0,0
514.7100007004053,174,304,0,0
515.0701380012316,41,286,0,0
515.1999638445168,74,423,0,0
515.2792368992548,12,655,0,0
515.2796898035599,57,37,0,0
515.2929193868074,54,208,0,0
515.3346235088864,167,142,0,0
515.3699264063982,7968,224,1,0
515.4068260817028,12,269,0,0
515.4169030441285,21,388,0,0
515.9564417731198,17,324,0,0
516.2637562521263,815,351,0,0
516.2770698585946,184,225,0,0
516.2793345071492,170,99,1,0
517.2539807202743,8,107,0,0
517.2592998521421,19,137,0,0
517.4349964280933,20,717,0,0
518.1651872905265,29,472,0,0
518.1676219974402,43,3750,0,1
518.196321265344,18,34,0,0
518.2043334075669,16,197,0,0
518.2492758516955,12,742,0,0
518.2797389804008,13,128,0,0
519.0649610895354,15,154,0,0
519.1172032686349,76,134,0,0
519.1329780793371,651,160,0,0
519.2854608118481,326,767,0,0
519.2947799247802,3474,44,0,0
519.3025119013391,46,536,0,0
520.7132489404997,41,263,0,0
520.7163572807208,12,81,0,0
520.722395234311,70,17,1,0
520.7399201668461,7,76,0,0
520.7418592478164,4,101,0,0
520.7420957040827,160,335,1,0
520.8745906211773,11,38,0,0
520.8779317672393,14,246,0,0
520.8833690347941,38,617,0,0
520.8909893283715,2755,130,0,0
520.8932430214535,21,353,0,0
520.8951158645009,83,402,0,0
520.9172448821496,6,115,0,0
522.8573592297871,734,315,0,0
522.9273247687231,21,92,0,0
522.9987705137479,4,190,0,0
522.999560675025,4,348,0,0
523.0148465093026,386,126,0,0
523.0163512499271,47,239,0,0
523.0914976209812,4,28,0,0
523.1016636431077,7,330,0,0
523.1189767939975,71,414,0,0
523.1324142948348,9,309,0,0
523.1374070870077,7,397,0,0
523.1381722320345,10,483,0,0
523.189295116229,15,492,0,0
523.1903042049028,80,427,1,0
523.1918164867825,20,131,0,0
523.2006600339445,12,96,0,0
523.2045669878632,17,239,0,0
523.2316340929403,83,624,0,0
523.3526358450904,1983,325,0,0
523.3790160487513,39,98,0,0
523.4028017781625,40,264,0,0
523.4196039727144,8,15,0,0
523.5088089549192,8,76,0,0
523.5092087527595,34,1480,0,1
523.54262820695,9,756,0,0
523.5451105522802,145,11,0,0
523.5464726543263,8,86,0,0
523.5626646275867,65,100,0,0
523.5700555790013,7,232,0,0
523.6215458504249,105,589,0,0
523.7664906841572,7,434,0,0
523.7666438150036,9,178,0,0
523.7805200443589,12,549,0,0
524.5860886428983,13,117,0,0
524.6770119137921,25,205,0,0
524.9663603378227,8,296,0,0
524.9860175029204,24,255,0,0
524.9869262251893,65,39,0,0
524.988616635496,178,202,0,0
525.0551904181126,12,95,0,0
525.1643326537471,54,56,0,0
525.1680458078946,264,250,0,0
525.1774236277035,122,201,0,0
525.2044830301026,9,140,0,0
525.2049671855609,13,326,0,0
525.2129314959498,519,100,0,0
525.6209865146388,74,58,0,0
526.89032091384,13,312,0,0
526.9032384572096,10,732,0,0
527.5285265904207,116,5080,0,1
527.534139521315,895,509,0,0
527.5373123771737,16,199,0,0
527.5374948296559,10,7670,0,1
527.6462538008742,28,157,0,0
527.6538463101233,9,478,0,0
529.3822803284564,9,290,0,0
529.4134268989786,12,357,0,0
529.4368289184197,17,215,0,0
529.4372621867273,269,812,0,0
529.7598733082054,25,298,0,0
529.7676467788167,22,309,0,0
529.7792870383543,14,357,0,0
529.7794817708766,49,6,0,0
529.8819564577828,13,189,0,0
529.9980863658936,402,571,0,0
530.0028724207217,84,83,0,0
530.0222410275741,15,2280,0,1
530.0575166358049,24,577,0,0
530.1679385005172,8,545,0,0
530.187778565899,7,147,0,0
530.6927145416252,78,38,0,0
530.7026322094669,179,264,0,0
530.7074230980338,34,171,0,0
530.7137583311941,380,94,1,0
530.7138590391035,79,272,0,0
530.7170692577661,12,362,0,0
530.837895969179,9,263,0,0
530.865295050547,83,412,0,0
530.8684336034156,7,62,0,0
530.9009334757599,6,334,0,0
530.9012185182853,13,431,0,0
530.9103601872558,128,767,0,0
530.9565474978899,20,287,0,0
531.0218523020608,51,580,0,0
531.0252874469227,23,31,0,0
531.1257001262367,21,209,0,0
531.806415304564,9,152,0,0
531.8133076745586,158,159,0,0
531.8845631566062,20,294,0,0
531.8852816656737,22,253,0,0
531.8856016723693,219,343,0,0
531.9407731369237,20,220,0,0
531.9584416848933,11,380,0,0
531.9826273443986,3173,767,0,0
531.9876818457145,12,318,0,0
531.9967001729669,80,767,0,0
532.0788928889607,99,87,0,0
532.5837390895931,127,437,0,0
532.5942737915889,16,85,0,0
532.5948721229905,9,534,0,0
532.8029315233773,58,768,0,0
532.8572222966994,114,280,0,0
532.9208694356952,104,40,0,0
532.9442923209284,5,304,0,0
534.6424457614635,186,282,0,0
534.6613811261964,19,150,0,0
534.7069291035616,18,256,0,0
534.7073285480725,74,371,0,0
534.7124406068095,15,262,0,0
534.7165612442441,12,110,0,0
534.7319022102612,1136,245,0,0
534.7645876348793,12,3110,0,1
534.7682231925465,596,4,0,0
535.2882587206237,21,395,0,0
535.290191015847,9,220,0,0
535.2968036671286,979,446,0,0
535.323042799965,85,309,0,0
535.3243755840713,341,157,0,0
535.3753974381091,40,45,0,0
535.4331843371122,45,312,0,0
535.4422563954026,20,101,0,0
536.1852007182448,24,403,0,0
536.2043841278489,77,193,0,0
536.2329712839221,96,24,0,0
536.2353555108039,70,27,1,0
536.2359265154504,1618,359,0,0
536.2405334078536,12,290,0,0
536.2490925127586,719,6,0,0
536.2556398600489,22,231,0,0
536.3314989902472,318,109,0,0
536.3316363287134,34,265,0,0
536.3333203163646,18,584,0,0
536.3337416376617,7,98,0,0
536.5725297559865,22,19,0,0
536.5777877583918,83,548,0,0
536.5836018048851,6,57,0,0
536.5853981780527,7,75,0,0
536.6839780896682,15,312,0,0
536.6911261450916,16,136,0,0
536.716540214696,77,505,0,0
536.716818076639,16,234,0,0
536.8867756000486,21,70,0,0
536.9227153926408,56,269,0,0
536.9719449603579,26,179,0,0
537.1657736550748,30,35,0,0
537.176859221271,1168,777,0,0
537.188540887813,80,280,1,0
537.2572665644643,76,97,0,0
537.2956392111432,6,159,0,0
537.3056432844231,90,186,0,0
537.3234877908833,35,660,0,0
537.3294408661427,16,366,0,0
537.3978481246323,3597,264,0,0
537.5039185350706,177,140,0,0
537.5204425053699,167,391,0,0
538.2249586656708,54,698,0,0
538.2257098882882,34,2020,0,1
538.2359643822338,12,399,0,0
538.7402597806006,40,11,1,0
538.7472955654981,159,241,0,0
538.7479590539357,40,33,0,0
539.0161824230244,30,530,0,0
539.065057557625,162,354,0,0
539.0665540876346,117,27,0,0
539.1439804729262,14,143,0,0
539.1460907354298,112,150,0,0
539.1472075103383,30,68,0,0
539.1592919437728,6,154,0,0
539.1655461299703,4,248,0,0
539.1673622406431,23,27,0,0
539.1752425277956,92,504,0,0
539.1774322171221,18,696,0,0
539.1959294619904,31,33,0,0
539.2115921872697,100,767,0,0
539.2846498974793,565,127,0,0
539.2912434566877,75,454,0,0
539.2923800031696,150,313,1,0
539.2935449691303,17,394,0,0
539.3035692690765,21,256,0,0
539.6605723774,156,760,0,0
539.7505376845445,89,317,0,0
539.7550757576527,153,140,0,0
539.8636085965686,30,582,0,0
539.8652130088075,54,340,0,0
539.9904420393694,31,57,0,0
539.9980608177965,50,188,0,0
540.0747533032725,121,375,0,0
540.1319762501402,25,115,0,0
540.1413950055834,29,426,0,0
540.1730818949969,32,294,0,0
540.1750148933445,10,284,0,0
540.1891814005235,6,351,0,0
540.3333816064186,59,765,0,0
601.1771619181156,22,307,0,0
601.2444650814699,7,194,0,0
601.2640708394107,56,124,0,0
601.2662277994913,26,236,0,0
601.4037640409782,23,79,0,0
601.4043571754895,21,78,0,0
601.4076440779465,107,75,0,0
601.4413691689708,274,622,0,0
601.4428348779616,32,234,0,0
601.8040525045418,1722,280,0,0
601.9513519223082,15,311,0,0
601.9566134829993,40,31,0,0
601.9620135910903,343,351,0,0
601.963181111104,128,293,0,0
601.9641719734525,17,19,0,0
602.0041492461215,32,357,0,0
602.0616287093153,5,3370,0,1
602.0949241999124,9,224,0,0
602.1229663277741,18,381,0,0
602.1283130788709,7,184,0,0
602.1622130174993,44,288,0,0
602.1630713907244,13,21,0,0
602.1797996384333,289,328,0,0
602.4965325071554,202,45,0,0
602.7305071323395,64,346,0,0
602.7370013498453,26,436,0,0
602.7454174806005,7,69,0,0
603.0067632649011,610,417,0,0
603.6015653446016,18,200,0,0
603.6023821102091,132,314,0,0
603.6093752468747,31,300,0,0
603.6357134034548,11,392,0,0
603.8256718490862,685,616,0,0
603.8287339159291,21,425,0,0
603.8885078697497,9,860,0,1
603.8975183230159,9,4080,0,1
605.8373583866588,199,72,0,0
605.8764080690796,85,71,0,0
605.8889775314672,201,27,0,0
605.8973854746705,31,479,0,0
606.0345924135722,34,218,0,0
606.0990273939099,73,299,0,0
606.1009012267625,11,91,0,0
606.1263852009622,1980,36,1,0
606.1275059540461,160,149,0,0
606.1311190211097,230,455,1,0
606.132343975309,52,285,0,0
606.1334945596432,8,225,0,0
606.1376462525611,17,462,0,0
606.1399501701942,2651,78,0,0
606.1875483009765,67,504,0,0
606.2692305879544,70,3080,0,1
606.279437728075,5,224,0,0
606.2811804407387,35,179,0,0
606.3641131139809,44,23,0,0
606.3643962636204,174,455,0,0
606.3647373825288,18,213,0,0
606.4358263701084,8,341,0,0
606.4974355881546,14,275,0,0
606.6142084735219,506,21,0,0
606.6249044415381,13,92,0,0
606.626214374003,189,539,0,0
606.6321459746288,10,358,0,0
606.6836610424805,5,9,0,0
606.6871996423587,144,627,0,0
606.6912266428903,1763,767,0,0
606.6922288568345,6,297,0,0
606.6938223463582,13,195,0,0
606.7835429508027,172,291,0,0
606.8246468148469,143,13,0,0
606.8262475501346,210,430,0,0
606.8281321107997,16,216,0,0
606.8334669696654,34,48,0,0
606.8830743472008,100,81,0,0
606.8846528264406,50,75,1,0
606.896412785701,61,177,0,0
606.8966348579747,50,72,0,0
606.8979557626946,39,320,0,0
606.9363732913638,23,483,0,0
607.0365484103103,51,465,0,0
607.0381659673424,26,313,0,0
607.0416559516784,150,7210,0,1
607.1236120168267,25,190,0,0
607.1311499151664,415,387,0,0
607.1367140386959,252,278,0,0
607.1835285499841,188,200,0,0
607.2080024288637,20,326,0,0
607.362053923877,1611,320,0,0
607.443447138492,11,262,0,0
607.4486431599378,27,243,0,0
607.461655803568,27,132,0,0
607.4763054721421,8,63,0,0
607.4773904536713,35,1360,0,1
607.479730804544,60,153,0,0
607.5961448907317,18,137,0,0
607.5968276118284,79,469,0,0
607.7187594065728,293,304,0,0
607.7481088281385,58,295,0,0
607.760630770238,17,269,0,0
607.8094148368278,38,92,0,0
607.8525004693817,354,579,0,0
608.0401084056385,11,305,0,0
608.047523164349,34,148,0,0
608.0579968333636,12,15,0,0
608.0681116361283,442,527,0,0
608.7934424888414,7,70,0,0
608.9040933242125,8,247,0,0
608.9066879110906,452,236,0,0
608.9151829784589,27,236,0,0
608.9192086797486,7517,675,1,0
608.9362710390375,31,487,0,0
608.961789412626,1237,103,0,0
610.6183620955588,14,110,0,0
610.6187883664205,1780,476,1,0
610.74976436572,22,201,0,0
610.7897101641651,41,428,0,0
610.7937773126213,1318,21,0,0
610.8061075955693,13,315,0,0
610.812267717427,21,18,0,0
610.830695306607,34,511,0,0
610.9563977974747,1378,767,0,0
610.957190573318,108,416,0,0
611.1898275318598,17,21,0,0
611.1977172769907,125,282,0,0
611.5381393633702,79,475,0,0
611.57633680605,585,125,0,0
611.7748734149947,213,569,0,0
611.8269521658987,19,137,0,0
611.9746759908053,55,303,0,0
611.9934365173156,200,261,0,0
611.9965992188286,45,152,0,0
612.0612074320713,20,251,0,0
612.1310471195378,244,326,0,0
613.2615496581111,4,27,0,0
613.2618516660326,135,418,0,0
613.2731666190242,80,158,0,0
613.4145553231167,8,256,0,0
613.4159185427203,25,387,0,0
613.4265856765498,8,229,0,0
614.6026017634069,30,306,0,0
614.8911895125651,111,136,0,0
614.8940806326178,137,2560,0,1
615.188608923382,70,30,1,0
615.3699459883163,114,329,0,0
615.4502139172937,6,414,0,0
615.4865080850799,9,97,0,0
615.5137826940578,12,120,0,1
615.5167438475727,4,143,0,0
615.5227589239298,391,354,0,0
615.5963719999968,15,381,0,0
615.6188569812273,9,246,0,0
616.3093798843248,36,357,0,0
616.3180770989255,16,2540,0,1
616.3182154492416,130,477,1,0
616.3269130836195,17,243,0,0
616.3565540260294,18,6,0,0
616.3931526492615,315,341,0,0
616.412641058139,385,514,0,0
616.4159176065822,400,3720,0,1
616.7561384998132,33,247,0,0
616.7606435638967,160,311,0,0
616.8314738911209,243,249,0,0
616.8410695352644,115,549,0,0
616.8426205297201,11,572,0,0
617.1323081337891,36,183,0,0
617.1324203455313,10,9,0,0
617.1355276876055,53,219,0,0
617.1762184347696,25,153,0,0
617.1846026053682,22,729,0,0
617.2615986817707,4,27,0,0
617.2756412070472,9,253,0,0
617.2825704438279,236,1620,0,1
618.5820163994238,187,296,0,0
618.5930833021868,2942,712,0,0
618.605620681348,1052,139,0,0
618.607590904133,41,663,0,0
618.6114463085391,14,287,0,0
618.674666041732,77,332,0,0
618.7279713454308,17,3020,0,1
618.7452948133684,10,2470,0,1
618.7495484861666,53,362,0,0
618.8178067724176,9,245,0,0
618.8183790356011,110,379,1,0
618.8271203306703,4,326,0,0
618.8375799042423,495,306,0,0
618.8407716254808,11,616,0,0
618.8643480709153,42,151,0,0
618.8689177957835,196,84,0,0
618.8724054555222,12,210,0,0
619.5138633237245,21,187,0,0
619.5907321588197,846,193,0,0
619.7832951745986,530,1360,0,1
619.8026813479817,1739,759,0,0
619.9233285156072,2680,343,1,0
620.0069895131884,603,165,0,0
620.2058784666727,20,240,0,0
622.213390638851,180,248,1,0
622.2245772484125,322,774,0,0
622.2541728813989,39,727,0,0
622.2700917033343,23,404,0,0
622.2701073013676,1226,730,0,0
622.2711893723271,10,209,0,0
622.2895707873008,8,117,0,0
622.3525029428425,130,117,1,0
622.3581103141843,186,215,0,0
622.5302339240104,5,41,0,0
622.7620916174142,11,3530,0,1
622.7698798478002,42,7700,0,1
623.0773949146563,9,246,0,0
623.6701663327294,74,18,0,0
623.7153546291504,69,42,0,0
623.7178639619444,22,572,0,0
624.0551889245263,10,4750,0,1
624.0680923770194,3168,1600,0,1
624.0765138227802,403,26,0,0
624.0991552214523,38,223,0,0
624.1052806473275,8,271,0,0
624.2587826010333,13,165,0,0
624.3439228859708,74,602,0,0
624.5500893432719,540,268,1,0
624.6076920478831,219,132,0,0
624.6113742861172,707,258,0,0
624.6244870579125,70,749,0,0
624.7284060414814,15,264,0,0
624.736402262621,70,441,0,0
630.939463640699,4,212,0,0
630.9505781100274,632,7560,0,1
630.9561630491869,36,425,0,0
631.1357496849042,16,770,0,0
631.216255364978,160,343,1,0
631.2333198741763,550,32,1,0
631.2447056388087,135,294,0,0
631.2870509827588,12,6490,0,1
631.3830096898483,681,673,0,0
631.465963191507,20,243,0,0
631.4758334644755,185,297,0,0
631.5186394822682,105,213,0,0
631.6162276162979,375,41,0,0
631.6995562860963,18,742,0,0
631.6995939211048,450,767,0,0
631.7026353433859,22,420,0,0
631.7064586717457,338,146,0,0
631.7178425889867,8,227,0,0
631.7436593815676,16,307,0,0
631.8576049714164,14,218,0,0
631.9196724900091,190,116,0,0
631.93367094479,6990,770,1,0
631.9525704712328,4,219,0,0
632.561128431787,15,52,0,0
632.5664264060366,550,395,1,0
632.5996025363165,17,131,0,0
633.0127689835018,2031,257,0,0
633.0488115506247,9,2450,0,1
633.0491145030996,31,284,0,0
633.08730961439,81,649,0,0
633.0956252852508,18,359,0,0
633.110016959625,21,397,0,0
633.2576721033021,25,366,0,0
633.3038231995894,130,217,1,0
633.3144647825579,62,521,0,0
633.421898201451,8,98,0,0
633.4649932762941,29,432,0,0
633.4872609103597,85,211,0,0
633.5202068554844,258,289,0,0
633.550143454344,20,168,0,0
633.5592939121972,1188,680,0,1
633.5664980257243,13,332,0,0
633.5854740256837,516,528,0,0
633.5881501344154,18,288,0,0
633.5896052495342,29,147,0,0
633.8329974671416,7,230,0,0
633.8441700971229,26,433,0,0
633.8613690385006,436,607,0,0
633.8751427831305,12,119,0,0
633.8940522686572,7,154,0,0
633.9129354973879,106,264,0,0
633.9334904535,119,491,0,0
633.9370977576442,53,102,0,0
634.0534821687643,106,758,0,0
634.058002850257,220,465,0,0
634.2009768255895,9,232,0,0
634.2013655919993,13,70,0,0
634.2035249310262,18,260,0,0
634.334774399591,59,767,0,0
634.3481917977549,41,592,0,0
634.3529070871539,17,477,0,0
634.3911209944189,14,112,0,0
634.393350547178,97,186,0,0
634.4143941426382,67,295,0,0
634.4146090703042,490,27,1,0
634.4219109393138,609,496,0,0
634.4268302188151,5,3000,0,1
634.479925309159,669,88,0,0
634.583925719678,772,267,0,0
634.5871923433747,875,768,0,0
635.0378350184652,6,83,0,0
635.0433572700739,192,237,0,0
635.0436527970289,187,223,0,0
635.0438074510427,101,433,0,0
635.4356162610194,55,397,0,0
635.4507629065713,8,39,0,0
635.4557070087544,34,331,0,0
635.4597502870473,57,266,0,0
635.4617810657148,54,27,0,0
635.7314836470383,38,157,0,0
635.7467413755212,50,29,0,0
636.3943383558096,272,286,0,0
636.4064582335186,13,217,0,0
636.4066222591225,84,69,0,0
636.5043045362288,12,372,0,0
636.5129450433247,207,462,0,0
636.5241762576965,64,350,0,0
636.9388114152571,10,616,0,0
636.9494669170018,5,225,0,0
637.1338173984097,6,144,0,0
637.1516828523177,22,132,0,0
637.1556932473344,150,205,1,0
637.2054667022985,27,228,0,0
637.2108942498226,6,254,0,0
637.4213850956899,27,18,0,0
637.5444393420538,12,209,0,0
637.564896238709,11,303,0,0
637.6260044558346,10,13,0,0
637.6818202396943,22,603,0,0
637.6922182848865,29,320,0,0
637.8003278423331,21,261,0,0
637.8117810414001,14,350,0,0
637.8736651613369,17,324,0,0
637.8763622185986,58,507,0,0
637.8984916601855,14,409,0,0
637.939964431488,21,114,0,0
637.943692704476,134,89,0,0
637.9515716845096,13,108,0,0
637.9578103311627,11,48,0,0
638.035611169094,5,196,0,0
638.0399136245302,10,190,0,0
638.0835687554311,7,234,0,0
638.4674765222295,22,248,0,0
638.5046324346698,17,346,0,0
638.505357906536,147,223,0,0
638.5288080763204,156,295,0,0
638.6751655179387,1002,87,0,0
638.6854715225984,1340,422,1,0
638.8535307190735,16,293,0,0
638.9164982079295,15,74,0,0
638.9589887977099,38,369,0,0
638.969848697783,525,450,0,0
638.9764260781993,231,1410,0,1
638.9874141286949,7,78,0,0
639.0082310303868,37,53,0,0
639.060514034367,19,202,0,0
639.103134342297,10,335,0,0
639.1132106093685,56,330,0,0
639.1341907071558,12,363,0,0
639.174199345589,835,266,0,0
639.1749145049833,28,263,0,0
639.1788845903272,70,242,0,0
639.1826204868651,164,297,0,0
639.1949104065749,403,154,0,0
639.2055673104728,11,237,0,0
639.2166152749767,13,5,0,0
639.2198476907005,280,4910,0,1
639.2910032224228,23,150,0,0
639.3233237657322,19,62,0,0
639.3240180657888,450,767,0,0
639.3430835059455,17,227,0,0
639.3450360611414,139,150,0,0
639.9044498881533,135,522,0,0
639.9119245825136,91,373,0,0
639.9203870807676,216,112,0,0
639.942396171724,103,246,0,0
639.9548757908542,7,137,0,0
639.9714496892666,8,7160,0,1
640.3828868851705,13,184,0,0
640.412182966007,1219,492,0,0
640.5112393154894,4,300,0,0
640.6890223142539,84,56,0,0
640.6916791423481,23,189,0,0
641.2390675007022,6,27,0,0
641.3130266459451,19,351,0,0
641.4397071461618,43,369,0,0
641.4430303354083,45,117,0,0
641.5388675718847,10,105,0,0
641.5816050379334,538,5740,0,1
641.5879918666935,22,231,0,0
643.3860691631114,7,78,0,0
643.4441948634797,8,428,0,0
643.4557890392551,91,92,0,0
643.4833811714253,11,238,0,0
643.598998842488,44,310,0,1
643.7785731091744,41,98,0,0
643.838532691245,5,72,0,0
644.0523450864831,47,88,0,0
644.4070132026778,9,129,0,0
644.4085998380052,10,283,0,0
644.4156994012443,42,592,0,0
644.4185642851411,80,162,1,0
644.4413547472404,183,518,0,0
644.7778322638916,475,769,0,0
644.8471396647183,331,372,0,0
644.8494584832523,532,118,0,0
644.8598949980677,1530,142,0,0
645.0068021717444,16,138,0,0
645.0132895603551,933,676,0,0
645.028767896063,4,767,0,0
645.063295193669,10,122,0,0
645.0637867654707,53,631,0,0
645.15308960778,42,41,0,0
645.1903332867265,56,410,0,0
645.2488846142425,15,301,0,0
645.2515371957642,31,326,0,0
645.2555797057898,19,311,0,0
645.2612724123846,25,409,0,0
645.2922722559911,21,2950,0,1
645.3138907071,760,450,1,0
645.3381423718425,220,438,0,0
646.0142052733593,19,375,0,0
646.2698569153418,93,351,0,0
646.2743154011731,83,198,0,0
646.279398126256,29,372,0,0
646.8601404114293,11,327,0,0
646.870103720967,7,248,0,0
647.166154157634,953,164,0,0
647.6256344859806,46,180,0,0
647.6319825775323,13,283,0,0
647.6429384889738,33,447,0,0
647.665103492005,23,219,0,0
647.668441350758,2866,342,0,0
647.6710981589184,15,507,0,0
647.6795169541105,45,319,0,0
647.7828799923387,6,236,0,0
647.7905480721197,122,3010,0,1
647.8029792470276,6,73,0,0
647.8103858439265,15,396,0,0
647.8116111337752,90,56,1,0
648.1772345467826,14,627,0,0
648.1774080397831,92,768,0,0
648.1824849649554,333,302,0,0
648.2398998356501,14,226,0,0
648.2410514523195,23,217,0,0
648.3040015789392,19,767,0,0
648.533870003415,610,518,0,0
648.5372347476741,7,255,0,0
648.5657338947233,20,234,0,0
648.5677710298856,22,572,0,0
648.6195139117069,11,110,0,0
648.6419096094886,266,5910,0,1
648.6707873900076,766,768,0,0
648.9591562985285,70,252,1,0
649.0072991838898,425,262,0,0
649.2842086036326,47,105,0,0
649.350896005143,318,146,0,0
649.352599037104,10,303,0,0
649.384240443159,581,295,0,0
649.4341703448684,302,269,0,0
649.4352115618642,14,417,0,0
649.7052664543268,17,106,0,0
649.726757515401,56,2800,0,1
649.765920075537,56,218,0,0
649.7690422372248,697,7,0,0
649.7907284740703,15,163,0,0
649.8248936565502,438,127,0,0
649.8346602788818,24,232,0,0
649.8566976005674,819,91,0,0
649.8569680213576,363,268,0,0
650.1427607437491,143,563,0,0
650.1447801183762,51,312,0,0
650.1450186079946,11,220,0,0
650.1477646226681,1226,730,0,0
650.151293659907,84,540,0,0
650.2068856698677,62,767,0,0
650.2098985046703,7,31,0,0
650.2429753472746,2377,274,0,0
650.2457239898374,2248,292,0,0
651.7926573276819,9,69,0,0
651.8483814316655,16,296,0,0
652.7847668645541,7,285,0,0
652.7872271659501,7232,960,1,1
652.8577925507208,440,109,0,0
652.860555898615,17,218,0,0
652.9200271782137,8,600,0,0
652.9925745414155,18,248,0,0
652.993344697648,48,502,0,0
652.9952683398544,335,292,0,0
652.9970798358595,2898,6,0,0
652.9980020115399,2176,12,0,0
653.0023239079363,75,280,0,0
653.0050550414257,18,248,0,0
653.0060898252045,10,284,0,0
653.0287250583568,6,110,0,0
653.0841208875015,40,211,0,0
653.085461773462,19,365,0,0
653.0915604978437,18,540,0,0
653.1104260248215,23,180,0,0
653.1220986046397,63,362,0,0
653.1266658754979,100,595,1,0
653.2203798173174,2029,283,0,0
653.321171304808,7,109,0,0
653.3932685662409,23,12,0,0
653.4054681479183,27,124,0,0
654.3883154720953,95,83,0,0
654.9891124984557,23,320,0,0
654.9973847526163,2747,82,0,0
655.0119116488934,14,92,0,0
655.2107957575216,37,220,0,0
655.2145266916037,19,15,0,0
655.2554743164775,698,110,0,0
655.2757036624162,38,501,0,0
655.2802208721014,157,767,0,0
655.2918196819842,652,625,0,0
655.2926145177926,7,306,0,0
655.2988310534248,8,360,0,0
655.2991713998143,2368,335,0,0
657.0585185464097,13,22,0,0
657.4322571158765,15,154,0,0
657.6468884583442,62,76,0,0
657.6805086705618,9,220,0,0
657.8158330776889,7,178,0,0
658.0496101700012,692,601,0,0
658.1895570394486,17,85,0,0
658.3046173750362,52,112,0,0
658.307573132331,8,216,0,0
658.3507246548504,1108,197,0,0
658.3570067504974,16,56,0,0
658.3587314664975,12,162,0,0
658.3605955323649,19,7,0,0
658.4035644089656,18,249,0,0
658.5535282907972,17,91,0,0
658.5547114023236,28,35,0,0
659.1530820993084,7,60,0,0
659.4972390945883,119,265,0,0
659.5057465181538,146,116,0,0
659.5129556552207,10,137,0,0
659.5286742434445,900,166,0,0
659.6580813216103,25,358,0,0
659.6665274314889,14,287,0,0
659.6685141971799,14,371,0,0
659.7045877469235,23,29,0,0
659.7048792627827,51,52,0,0
659.7288936474664,8,322,0,0
659.9128051508475,24,77,0,0
659.9461505454132,13,378,0,0
660.0322829085416,14,390,0,0
660.0808136888995,33,577,0,0
660.1583017080854,5,95,0,0
660.1824509800946,2209,235,0,0
660.1858879692323,757,222,0,0
660.197408899389,1186,127,0,0
660.212994206479,319,767,0,0
660.4367543985362,60,414,0,0
660.9031984074147,274,29,0,0
660.9450477496619,1496,767,0,0
660.9490519563662,13,317,0,0
660.9532452565286,28,324,0,0
660.9656470888989,12,354,0,0
661.2558113708573,148,183,0,0
661.2910449549368,1950,649,0,0
661.3071992517719,8,117,0,0
661.3111064762237,17,225,0,0
661.4164904189585,1252,325,0,0
661.4486784692187,8,199,0,0
661.4649806138987,24,382,0,0
661.4871718999473,31,375,0,0
662.013478660895,15,525,0,0
662.0265719122351,4,465,0,0
662.5549276840247,37,733,0,0
662.7713912511161,71,527,0,0
662.7914273335944,372,256,0,0
662.8971268079115,507,106,0,0
662.9112143981185,383,2320,0,1
662.9146565586932,679,502,0,0
662.9252162966152,111,63,0,0
662.9281562107817,18,86,0,0
662.9783428934322,10,502,0,0
662.9969270290416,249,392,0,0
663.0531043160362,45,756,0,0
663.1473799262599,1717,377,0,0
663.1474150936041,50,640,0,0
663.1810595858204,403,14,0,0
663.1815509831432,15,126,0,0
663.2067326093216,19,285,0,0
663.2098533605953,38,85,0,0
663.2320808051887,58,365,0,0
663.5090088521819,10,116,0,0
663.5096017429328,1020,69,0,0
663.5360229269521,41,391,0,0
663.5514481012726,4750,645,1,0
663.5518581071603,13,403,0,0
663.6178026821221,34,339,0,0
663.6371256706553,19,195,0,0
663.6436489388144,17,615,0,0
663.6479090336533,47,105,0,0
674.7841180701862,5,97,0,0
674.7923261215399,16,114,0,0
674.7928188516155,80,158,0,0
674.7956228755436,41,307,0,0
674.8042907628302,79,118,0,0
674.8126557736218,75,184,0,0
674.8280677685806,1651,142,0,0
674.8302908336157,37,349,0,0
674.8835906837594,16,319,0,0
674.8904478994039,27,690,0,0
674.891634867048,92,418,0,0
674.895166215639,60,205,1,0
674.9035267218902,22,25,0,0
675.0020309935853,58,156,0,0
675.049586656334,26,532,0,0
675.0587647493871,14,140,0,0
675.0775344925406,90,306,1,0
675.1052821310482,82,583,0,0
676.16982729639,15,302,0,0
676.1750740236959,14,94,0,0
676.2209981320852,8,6980,0,1
676.2981355215285,5,304,0,0
676.3008180062251,218,302,0,0
676.3271635053064,76,22,0,0
676.352184574832,1193,394,0,0
676.3592361163942,653,468,0,0
676.4153855871311,14,180,0,0
676.5565375953786,9,124,0,0
676.7295405290846,1510,243,1,0
676.7418359111049,32,92,0,0
676.7682159207696,60,335,0,0
678.7548028123571,242,269,0,0
678.756787726866,29,196,0,0
678.7849108290003,11,260,0,0
678.8919077647158,6,390,0,0
678.9162714586143,15,154,0,0
678.983278227841,9,16,0,0
679.0087665664538,240,167,1,0
679.0902308781042,53,530,0,0
679.3248535194292,789,104,0,0
679.3364422557348,199,769,0,0
679.3632278871466,14,200,0,0
679.379385738138,32,546,0,0
679.3874351270528,191,109,0,0
679.4047850101699,809,666,0,0
679.4066617948017,494,129,0,0
679.4866507911554,8,30,0,0
680.0299996994705,75,470,0,0
680.5755936640078,7643,549,1,0
680.8070891750982,9,194,0,0
680.8097129187154,130,292,1,0
681.1867689374724,10,494,0,0
681.1910836514937,153,362,0,0
681.2073115711461,600,454,1,0
681.9316031086021,66,96,0,0
681.933718063655,761,396,0,0
682.0307902555509,21,256,0,0
682.0624609506972,1845,275,0,0
682.0757729603724,11,235,0,0
682.0789021383885,625,257,0,0
682.1209101185685,2209,235,0,0
682.1280469437536,321,154,0,0
682.2740115347779,9,197,0,0
682.482822922356,30,167,0,0
682.4839665873662,7,366,0,0
682.4905353556811,24,287,0,0
682.5000677325936,270,201,0,0
682.501765694414,1244,399,0,0
682.503694777379,9,209,0,0
682.5252407881571,358,113,0,0
682.5371432018032,9,331,0,0
682.5378062908475,9,135,0,0
682.5439572102991,28,291,0,0
682.5948978997369,48,347,0,0
682.5965145445475,10,240,0,0
682.5993597897258,925,600,0,0
683.0312626829636,354,290,0,0
683.2827228981723,8,20,0,0
683.283428141402,38,429,0,0
683.2846384889809,163,274,0,0
683.3230116243743,625,289,0,0
683.3246766705621,8,12,0,0
683.3355605423985,14,182,0,0
683.3428781621357,10,350,0,0
683.3981998054477,6,41,0,0
683.3983146000993,37,390,0,0
683.3985350339667,7,145,0,0
683.4000884681133,22,1440,0,1
683.5371744309762,7,81,0,0
683.5504269625828,727,468,0,0
683.551019353734,11,25,0,0
683.5993869969898,61,568,0,0
683.6736945268077,660,494,0,0
683.6847301343383,9,213,0,0
683.6940462779917,11,307,0,0
683.737345141389,6,312,0,0
683.9400573193545,19,274,0,0
683.9645340756367,161,203,0,0
684.0169413619503,7,234,0,0
684.0333267962908,45,611,0,0
684.0417440308529,17,341,0,0
684.0446332763015,720,767,0,0
684.0747614343596,30,223,0,0
684.0846606963349,40,42,0,0
684.0957455675872,1459,475,0,0
684.2115944406526,12,286,0,0
684.2594819460395,2515,284,0,0
684.3623091461185,1098,345,0,0
684.3630813962017,14,91,0,0
684.4182070457076,6,197,0,0
684.4237532694893,4,244,0,0
684.4273368565626,1954,190,0,0
684.430619180343,24,321,0,0
684.6341147643415,151,271,0,0
684.7286128932232,28,60,0,0
684.7329147751263,8,531,0,0
684.7347694431437,708,392,0,0
684.7533165099577,37,156,0,0
684.7605138284271,67,27,0,0
685.2591996603314,42,41,0,0
685.2601703878421,87,139,0,0
685.2606348588699,18,365,0,0
685.2714542673378,13,21,0,0
685.2898906715448,16,291,0,0
685.3134162403084,10,198,0,0
685.3948424997243,74,180,0,0
686.5356864099756,149,767,0,0
686.5447854312885,49,230,0,0
686.5508600174311,14,310,0,0
686.5513949452187,827,604,0,0
686.5807558349434,200,340,1,0
686.6802072496375,27,402,0,0
686.6909258147946,2004,372,0,0
686.8822716272335,22,332,0,0
686.9014432662265,114,75,0,0
687.2748090154303,1166,27,0,0
687.3099412628817,116,508,0,0
687.3121195327857,134,266,0,0
687.3171686395164,23,167,0,0
687.3180083987174,21,295,0,0
687.3185675846084,164,478,0,0
687.3493419509124,46,47,0,0
687.4520662002689,441,85,0,0
688.3511497123698,49,168,0,0
688.3673091561869,79,240,0,0
688.378545279997,135,242,0,0
688.3805088776907,50,311,0,0
688.5105014536019,8,553,0,0
688.5498007124813,30,767,0,0
688.5552888605065,247,310,0,0
688.6268043465071,8,352,0,0
688.6822581352477,21,228,0,0
688.6826868123327,441,221,0,0
688.7623844571071,54,106,0,0
688.7860748871402,113,121,0,0
688.7943222998067,411,465,0,0
688.8021580119851,24,79,0,0
689.397810166978,110,472,0,0
689.7872766046004,136,390,0,0
690.4828497093368,12,233,0,0
690.4846636829234,515,383,0,0
690.4895374282902,33,82,0,0
690.5999056172491,15,297,0,0
690.6015151069882,1621,131,0,0
690.6057886643806,774,118,0,0
690.6062775327301,122,543,0,0
691.3406643876195,10,62,0,0
691.4918068369266,134,478,0,0
691.5369517936524,114,277,0,0
691.5649263435927,948,178,0,0
691.5727612547997,490,29,0,0
691.5809037540172,25,249,0,0
691.642723613161,10,231,0,0
691.6470697867651,16,438,0,0
691.8571821752943,344,44,0,0
691.8639197098644,17,334,0,0
691.8670649280855,9,24,0,0
692.109050075714,89,99,0,0
692.1225798792902,11,107,0,0
692.1773202957434,15,226,0,0
692.1851896596905,17,184,0,0
692.185390077096,13,484,0,0
692.2392969383354,17,90,0,0
692.2405177128537,184,399,0,0
692.39768519867,58,2390,0,1
692.3984967694887,25,767,0,0
692.3989298278259,260,130,0,0
692.4323156121164,492,399,0,0
692.4745566925128,2509,215,0,0
692.4968932708077,13,301,0,0
692.498486390486,4451,170,0,0
692.6051751980775,11,291,0,0
692.6061393323996,75,51,0,0
692.6132694415446,39,90,0,0
692.6170001449692,6,5,0,0
692.6254783674208,18,68,0,0
692.7248049208681,18,486,0,0
692.7298818098257,83,164,0,0
692.7856739684536,26,328,0,0
692.8579971560196,7,1760,0,1
692.8585862161378,37,26,0,0
692.8603363476111,51,194,0,0
692.8687188604438,159,637,0,0
692.8742401378166,31,561,0,0
692.9076280962389,15,30,0,0
692.9080070012786,14,91,0,0
692.9842583106472,104,169,0,0
693.0642561353504,549,676,0,0
693.0771451203923,958,147,0,0
693.0782802365145,4,148,0,0
693.0965275760803,9,123,0,0
693.1026863084563,57,297,0,0
693.1587299949122,85,362,0,0
693.1739408781954,79,132,0,0
693.251365597367,118,150,0,0
693.2589508650784,20,46,0,0
693.582089443541,13,239,0,0
693.5822691071108,6,87,0,0
693.5846334531449,299,330,0,0
693.6327909628111,17,196,0,0
693.6336699547061,122,768,0,0
693.7122969742767,11,169,0,0
693.7138801186395,12,3220,0,1
693.7356221640952,22,309,0,0
693.738518191635,5,253,0,0
693.745984806475,20,339,0,0
693.7715722024747,10,39,0,0
693.7862067288095,1443,150,0,0
693.7946233842408,2168,305,0,0
695.1328283666834,12,342,0,0
695.1511810501172,28,352,0,0
695.1537743521742,160,496,0,0
695.2691339658469,216,100,0,0
695.3622806601101,4,350,0,1
695.5705225990524,16,683,0,0
696.2143102702519,257,610,0,0
696.2170673711767,127,334,0,0
696.3672565779733,176,478,0,0
696.5435326022654,62,93,0,0
696.5615904587581,62,292,0,0
696.5910547621752,15,85,0,0
696.5910992423203,268,593,0,0
696.5968248762778,761,376,0,0
697.241520800642,11,105,0,0
697.242026993512,543,483,0,0
697.2482079033867,13,180,0,0
697.2803036726765,1764,660,0,0
697.3373565781196,30,416,0,0
697.8088649883699,17,301,0,0
697.8093960937437,22,204,0,0
697.8290521401854,19,268,0,0
697.9297572190442,11,280,0,0
697.9310613735236,150,100,0,0
697.9477290909742,14,417,0,0
698.7301903024309,13,294,0,0
698.9812937801328,1083,767,0,0
699.034376363669,9,3050,0,1
699.034473144246,21,123,0,0
699.0483772399801,5,191,0,0
699.0874604666698,26,402,0,0
699.0971971716748,9,282,0,0
699.1130282338747,9,87,0,0
707.7145947777677,30,167,0,0
707.7263455060469,76,23,0,0
707.7289405204448,35,154,0,0
707.7582698155169,91,58,0,0
707.7678673425366,24,382,0,0
707.7775792815214,328,98,0,0
707.7927392044002,26,1800,0,1
707.8775934220838,112,152,0,0
707.9066098878142,15,228,0,0
707.9082421485385,9,62,0,0
707.9220804827632,61,635,0,0
707.968687375502,6,49,0,0
707.9757682779618,37,434,0,0
708.1553696610918,176,447,0,0
708.2407493793066,6,92,0,0
708.2432369721021,43,769,0,0
708.2774443112183,18,187,0,0
709.2311946144014,9,253,0,0
709.6399912605924,70,671,0,0
709.6561152515235,19,213,0,0
709.7647591692305,498,642,0,0
709.7694477308602,15,500,0,0
709.7704444339986,11,27,0,0
709.8251240713191,5,70,0,0
709.8546694339607,77,8,0,0
709.9051280688055,1410,477,1,0
709.9223030529653,10,363,0,0
709.956935677029,27,395,0,0
709.9634046867359,118,436,0,0
710.0099008277698,27,170,0,0
710.1053900640031,1088,67,0,0
710.1214452583471,327,259,0,0
710.2133859653414,19,92,0,0
710.2139085162972,369,10,0,0
710.217653454756,75,158,0,0
710.5420218475892,62,199,0,0
711.1536952141054,1044,120,0,0
711.1834814167729,32,402,0,0
711.1981563750169,838,225,0,0
711.199585299535,6,268,0,0
711.2369230241013,5,222,0,0
711.3225267954457,150,500,0,0
711.3234585126912,8,304,0,0
711.378641189782,231,186,0,0
711.4267846614035,4,265,0,0
711.4703639481513,4,298,0,0
711.4722562590217,122,323,0,0
711.5255883977239,31,521,0,0
711.526490497874,464,37,0,0
711.8807550273054,23,90,0,0
711.9044016235418,22,137,0,0
711.9061620369718,33,247,0,0
712.1720897910619,49,436,0,0
712.3535203817852,30,736,0,0
712.3584338957487,39,148,0,0
713.8403046586128,1350,267,1,0
713.8427265943869,23,354,0,0
713.8765005911825,67,401,0,0
714.0685451732472,41,265,0,0
714.0687375130443,38,218,0,0
714.2024615468229,38,465,0,0
714.2183154537107,243,467,0,0
714.2358023658475,30,48,0,0
714.2378964756826,14,95,0,0
714.2729158176795,1316,3750,0,1
714.2748764825684,14,319,0,0
714.2774775751614,63,774,0,0
714.2848472814392,330,351,1,0
714.286397180126,34,331,0,0
714.7055833135298,14,282,0,0
714.70684874794,7,58,0,0
714.7108368337658,718,299,0,0
714.720421148032,30,357,0,0
714.738595176043,49,334,0,0
714.8266108612207,4,25,0,0
714.9193191948765,533,185,0,0
714.9291658789874,142,23,0,0
714.9375362235054,158,143,0,0
714.956890521298,35,282,0,0
715.0502930623197,126,208,0,0
715.1231005607809,6,160,0,0
715.1295250615804,650,121,1,0
715.1298186570401,35,769,0,0
716.4413597430354,315,185,0,0
716.562351632599,219,288,0,0
716.5929052085628,24,686,0,0
716.6285547843328,81,19,0,0
716.634912482882,26,265,0,0
716.6373494066819,164,2050,0,1
716.6466296863906,10,434,0,0
716.6581939441481,37,296,0,0
716.6633612679193,6,2490,0,1
716.6643400457596,200,18,1,0
716.6739972333203,15,22,0,0
716.7311638400698,20,372,0,0
716.7378702552653,8,489,0,0
716.7567256161597,29,397,0,0
716.7570125191675,63,223,0,0
716.7689251884151,50,513,1,0
716.7830641677496,14,256,0,0
716.7846179213717,19,461,0,0
716.7851855899625,46,356,0,0
716.8263060803384,14,120,0,0
716.8298795878627,46,277,0,0
716.8778019736817,21,231,0,0
716.8855888300678,142,23,0,0
716.9483456406336,6,173,0,0
716.9575094405585,16,5380,0,1
716.9583960194349,9,125,0,0
716.9735751184731,36,221,0,0
716.9829339804746,50,328,0,0
717.0501287487992,11,153,0,0
717.0574565207723,21,48,0,0
717.0656776760752,670,159,0,0
717.1664243370336,10,2540,0,1
717.3523735980393,59,50,0,0
717.4347863605492,549,326,0,0
717.5785876489922,82,431,0,0
717.6233454130975,18,315,0,0
717.7075761722513,41,284,0,0
717.8120944589983,15,62,0,0
717.8525568142135,49,132,0,0
717.8730218514792,38,243,0,0
717.8970004861404,21,241,0,0
720.1110035414661,17,274,0,0
720.1295486918212,343,766,0,0
720.1407859618116,120,667,1,0
720.1494947521373,23,361,0,0
720.1663753175548,16,325,0,0
720.1957834023355,502,265,0,0
720.1976621223599,10,290,0,0
720.1980057199274,10,298,0,0
720.2305744531021,17,210,0,0
720.2313011440175,70,234,1,0
720.2615751560961,23,6550,0,1
720.2854802725361,40,165,0,0
720.4665107964616,264,512,0,0
720.9759169891848,55,32,0,0
721.0135618475476,10,426,0,0
721.0195212088332,14,205,0,0
721.0212428429271,75,243,0,0
721.0249464930032,8,470,0,0
721.0444932051171,5,125,0,0
721.0447808982736,18,3620,0,1
721.065756139167,441,766,0,0
721.0833709259944,16,355,0,0
721.1488505711478,43,475,0,0
721.1580912755372,7,85,0,0
721.1802215831699,1050,30,0,0
721.18436114043,8,98,0,0
721.1914945718951,22,202,0,0
721.1920147331375,193,179,0,0
721.2151216481417,79,217,0,0
721.614669788748,63,36,0,0
721.6396509762868,368,221,0,0
721.6771578263491,24,47,0,0
721.679691300172,6,1480,0,1
721.9955961277683,7,303,0,0
721.9994877533212,6,49,0,0
722.0891814258647,51,84,0,0
722.1115469992116,4,4910,0,1
722.1141971859815,10,27,0,0
722.2549795588333,86,164,0,0
722.2735879193373,59,344,0,0
722.2993859024676,16,172,0,0
722.3439591208405,11,190,0,0
722.3612441125936,40,182,0,0
722.3697047502648,20,528,0,0
722.4155466320605,8031,161,1,0
722.42357786245,226,241,0,0
722.4441421347077,117,236,0,0
722.4488889965347,21,740,0,0
722.4498053639754,1807,315,0,0
722.454500396899,6,64,0,0
722.4612034867149,17,148,0,0
722.4797905740206,56,25,0,0
722.6725908585239,67,242,0,0
722.6732058861841,183,5180,0,1
722.6965429113449,350,523,1,0
722.6967592306537,26,564,0,0
722.6989872778581,37,131,0,0
722.705532393241,17,3310,0,1
722.7057316240771,57,405,0,0
722.7061709175999,13,268,0,0
722.7307264576104,1802,297,0,0
722.7518074277718,28,87,0,0
722.7661793289009,593,298,0,0
722.769795456593,27,459,0,0
724.1113615259543,50,363,0,0
724.1244320458195,869,769,0,0
724.1276496290455,20,312,0,0
724.6454807929606,6970,453,1,0
724.7071306804738,11,333,0,0
724.7157238788917,36,312,0,0
724.9117442154223,26,769,0,0
724.9364289946841,2044,331,0,0
725.0017377676048,63,374,0,0
725.0305978956708,87,586,0,0
725.0329050193118,9,309,0,0
725.1587765179156,9,125,0,0
725.1836491611217,52,112,0,0
725.1860457981289,342,61,0,0
725.1899693935189,161,243,0,0
725.3119118990747,390,477,0,0
725.3205320843629,40,257,0,0
725.3403326816093,16,33,0,0
725.4071464104416,7,153,0,0
725.4304710847136,9,168,0,0
725.4313229214018,21,189,0,0
725.4958877608731,17,327,0,0
725.6137613283531,14,33,0,0
725.7158802481945,20,662,0,0
726.1737004114917,16,321,0,0
726.2110906960471,379,595,0,0
726.2964545232322,10,192,0,0
726.7297628413945,1561,603,0,0
726.7398513450577,56,104,0,0
727.3213459296661,431,131,0,0
727.9008338547383,2310,1410,1,1
727.9872376547341,17,125,0,0
728.7021982923192,9,69,0,0
728.80135789881,23,150,0,0
728.8044580358076,30,438,0,0
728.9799566519278,14,197,0,0
729.0146188339565,483,611,0,0
729.0558754726488,74,3330,0,1
729.0804585665883,1018,108,0,0
729.354166024152,21,318,0,0
729.408632305949,23,19,0,0
729.4131196056348,19,776,0,0
729.4607980856455,59,258,0,0
729.5383842030558,133,612,0,0
729.5426120112826,134,426,0,0
729.5501829582975,392,73,0,0
729.5585703836105,135,17,0,0
729.5639262045229,716,636,0,0
729.6001761261693,35,2080,0,1
729.7383266539725,83,296,0,0
730.532729219179,8176,16,1,0
730.7295366526909,5,104,0,0
730.8688913998504,6,336,0,0
731.0464411120562,430,32,1,0
731.3071545796747,347,315,0,0
731.3156491834103,6,124,0,0
731.3878940194637,1713,120,0,0
731.4222688080325,108,25,0,0
731.4362003920727,28,387,0,0
731.4434645319649,103,157,0,0
731.4500331040362,16,370,0,0
731.4605909762973,9,11,0,0
731.4621179858829,36,26,0,0
731.5133455104736,16,278,0,0
731.5306174369456,9,302,0,0
731.5529244488188,114,115,0,0
731.588449305387,47,142,0,0
731.6653639523425,38,20,0,0
731.6708892721198,21,243,0,0
731.6854787630648,9,282,0,0
731.6862019027348,81,251,0,0
731.686414817292,17,282,0,0
731.6867870877849,260,648,1,0
732.0769225067312,30,423,0,0
732.0773902181153,10,1150,0,1
732.1237876566805,710,27,1,0
732.4700831011239,84,76,0,0
732.4773064132212,101,244,0,0
732.9471733335754,123,60,0,0
733.6730673030246,390,133,1,0
733.7925927391668,452,441,0,0
735.8683108753204,13,385,0,0
735.9310081373453,8,217,0,0
735.935211567155,15,260,0,0
735.9866847212547,1080,668,0,0
735.9941586385936,4,270,0,0
735.9954991280488,2651,75,0,0
735.9969155934843,1229,1250,0,1
737.8508971394167,106,12,0,0
737.857072423608,299,100,0,0
737.8744675618153,36,431,0,0
737.8793171856189,12,388,0,0
737.9034412423108,7593,599,1,0
737.9148253079944,13,4500,0,1
737.9229147211614,2562,202,0,0
737.9245459702979,35,163,0,0
737.925637606847,74,216,0,0
737.9298032136048,9,218,0,0
737.962970318157,43,5260,0,1
739.1394864835964,52,119,0,0
739.2916811910161,6,213,0,0
740.0024346732633,21,421,0,0
740.0514242618614,48,438,0,0
740.0670380564721,36,1140,0,1
740.0683525780229,41,307,0,0
740.0870636341233,538,112,0,0
740.0873193752617,14,349,0,0
740.0975548804327,247,267,0,0
740.5822929464942,14,323,0,0
740.6183936151816,13,209,0,0
740.7972151791845,908,316,0,0
740.805943504533,23,95,0,0
740.8071399055251,20,206,0,0
740.8143439371672,11,2380,0,1
740.8228462838057,89,359,0,0
741.0325598975594,6,357,0,0
742.0113492092983,593,429,0,0
742.0156352677901,35,609,0,0
742.0248340496931,181,756,0,0
742.0389459625643,387,609,0,0
742.0483494049101,9,193,0,0
742.0499204620207,31,366,0,0
742.0727106038258,390,349,0,0
742.1117776701267,2259,501,0,0
742.1527751257447,132,282,0,0
742.1544733859288,240,296,1,0
742.1695855088415,18,260,0,0
742.1701705935312,10,139,0,0
742.288248367837,30,298,0,0
742.2907220332357,465,730,0,0
742.3017096909233,18,248,0,0
742.3094651840363,82,287,0,0
742.3153981069155,1533,310,0,0
742.3176912143223,75,480,0,0
742.3182474764603,38,767,0,0
742.9292964002898,4,49,0,0
742.9611580930265,302,253,0,0
742.9936748481316,191,689,0,0
744.2667937193332,14,1780,0,1
744.2824466120013,17,214,0,0
744.3402781831879,9,343,0,0
744.3602584064969,50,580,0,0
744.5662530432107,240,733,0,0
744.6185754859489,22,275,0,0
744.6545623931689,101,143,0,0
744.6660830211866,46,161,0,0
744.6996845870592,15,252,0,0
744.8966582978785,864,190,0,0
744.8969601782374,8,308,0,0
744.9118116105441,9,484,0,0
744.9201498707065,1532,164,0,0
744.9307010413596,1689,772,0,0
744.9310708306372,7,41,0,0
745.0141636741432,340,213,0,0
745.0177121282289,144,256,0,0
745.0299408088227,10,320,0,0
745.0369706997387,101,241,0,0
745.0376531784782,9,526,0,0
745.0455439488674,6,56,0,0
745.0460280072908,15,101,0,0
745.048952447705,457,215,0,0
745.0592094955286,7,1630,0,1
745.0783005783499,5,35,0,0
745.099825638233,15,201,0,0
745.1144608273212,18,311,0,0
746.5005039292062,1445,1550,0,1
746.5465509150436,7,322,0,0
746.5482255319287,15,769,0,0
746.5538920106276,77,640,0,0
746.5590689971312,23,180,0,0
746.5725908008983,44,366,0,0
746.5783589879079,10,109,0,0
746.5818437627976,14,225,0,0
747.1037196391637,4,476,0,0
747.1247779840674,13,416,0,0
747.1346047236574,286,116,0,0
747.1462503417882,106,301,0,0
747.1587526011444,44,105,0,0
747.4714875416513,16,261,0,0
747.521721352103,1259,218,0,0
747.7041770812735,8,149,0,0
747.7042148663165,337,3200,0,1
747.7413007343838,404,34,0,0
747.9020183228943,38,2810,0,1
748.9026612320517,562,485,0,0
748.9231672117841,7,352,0,0
748.9237912355969,13,543,0,0
748.9866131720412,7,178,0,0
748.9924513497674,17,106,0,0
748.9929887847534,13,215,0,0
748.9986040645914,274,446,0,0
749.1586378378203,25,502,0,0
749.3729270179963,86,463,0,0
749.4549478251054,2860,110,0,0
749.4573301583227,536,520,0,0
752.434171730512,145,40,0,0
752.4360423056728,77,634,0,0
752.4526531455608,153,220,0,0
752.453732237312,11,272,0,0
752.7243874726397,110,420,1,0
752.7718000804698,134,104,0,0
752.8866802067062,12,98,0,0
752.9099865898769,29,3780,0,1
752.926970826147,18,344,0,0
752.9545799126165,24,137,0,0
752.9550261834709,13,1620,0,1
753.09741882229,62,404,0,0
753.2186550551044,23,305,0,0
753.2275608466942,17,346,0,0
753.2466118146713,896,583,0,0
753.2822023388379,36,308,0,0
753.7342024244005,27,29,0,0
753.7806285555702,72,501,0,0
753.8019505246015,14,405,0,0
753.8090304659837,16,301,0,0
753.8100000855121,80,715,0,0
753.8159552547561,126,350,0,0
753.8386090826078,127,794,0,0
753.850477072079,23,516,0,0
753.8733540779265,39,131,0,0
753.9607522519292,410,769,0,0
754.0078016003147,72,448,0,0
754.0419826916082,20,230,0,0
754.115264205909,51,196,0,0
754.1439117601959,288,189,0,0
754.1624752191144,20,729,0,0
754.2130244002226,6,91,0,0
754.213648501298,64,405,0,0
754.4559459711561,20,515,0,0
754.4574480450921,960,177,1,0
754.5630705879848,8,92,0,0
754.5834064603544,28,243,0,0
754.7653026093142,128,522,0,0
754.7865991610118,31,83,0,0
754.7896041656471,7,41,0,0
754.9596860461437,59,351,0,0
754.988458290966,40,497,1,0
755.0136843850785,63,251,0,0
755.037107245391,4252,3940,1,1
755.184730845197,6,132,0,0
755.2870621050192,5,22,0,0
755.3186847286486,57,334,0,0
755.3195826583747,49,456,0,0
755.3284875456015,240,226,0,0
755.3531871530005,21,16,0,0
756.0780559001125,11,79,0,0
756.1212502128465,124,336,0,0
756.1379157361581,333,329,0,0
756.3571130060734,150,79,1,0
756.3731639499621,817,752,0,0
756.3921373540043,193,267,0,0
756.4196239448579,137,420,0,0
756.420628131189,25,327,0,0
756.5569878430576,119,385,0,0
756.604086677666,75,498,0,0
756.6155127047339,410,313,0,0
756.6175610507166,52,511,0,0
756.6484085155269,2592,329,0,0
756.9794339264442,3385,48,0,0
756.9850187291385,19,387,0,0
756.9874285313966,6,395,0,0
757.0341095487801,323,36,0,0
757.0349368651823,435,153,0,0
757.0351741612237,214,252,0,0
757.0434646820505,29,771,0,0
757.0485406110633,5270,23,1,0
757.0601423410038,15,345,0,0
757.066846522434,32,170,0,0
757.1061210155466,13,144,0,0
757.1191127407286,312,179,0,0
757.1252151065912,8,256,0,0
757.133311958538,34,244,0,0
757.2048519002378,8,771,0,0
757.3425090474807,24,356,0,0
757.4660289412061,266,222,0,0
757.5476975771843,21,29,0,0
757.5477252484724,1479,272,0,0
757.5504575194095,10,208,0,0
757.5612639279997,71,148,0,0
757.591873788613,66,23,0,0
757.5926724135195,7,27,0,0
757.941604521041,29,323,0,0
757.978852420704,6,280,0,0
757.9847163576276,13,139,0,0
758.012893967578,3632,447,0,0
758.023058620576,20,1140,0,1
758.02750711626,13,263,0,0
758.083455965626,30,466,0,0
758.0916643684478,12,88,0,0
758.0928731302572,6,167,0,0
758.0985881665769,18,489,0,0
758.1147774755459,18,338,0,0
758.1171273113292,15,6240,0,1
758.3709777188504,7,86,0,0
758.373285061835,290,86,0,0
759.0585544146932,9,56,0,0
759.1806294075975,647,769,0,0
759.1837350662373,481,465,0,0
759.2102347400357,131,90,0,0
759.427565134943,232,188,0,0
759.4415222648496,1281,323,0,0
759.4434052698145,63,30,0,0
759.4690182086189,17,392,0,0
760.5657764604618,11,23,0,0
760.5668177303161,449,5500,0,1
760.6290420436133,48,505,0,0
760.6499876449467,17,287,0,0
760.6662268821477,7,132,0,0
760.6756608431326,8,118,0,0
760.6865303609827,48,727,0,0
760.8507317031235,14,390,0,0
760.9187507695033,345,238,0,0
760.9215582381369,38,767,0,0
761.3880522552788,36,322,0,0
761.3895957538645,88,452,0,0
761.4674381317202,45,582,0,0
761.4973246519039,7,13,0,0
761.7249031313163,33,154,0,0
761.7671415846339,12,88,0,0
761.9385363667715,17,392,0,0
761.9582977485236,4360,466,0,0
762.1035817482234,11,383,0,0
762.144953167252,669,143,0,0
763.6736572300056,62,95,0,0
763.6788290915438,48,261,0,0
763.9055203066779,1103,305,0,0
763.9582283823609,6,123,0,0
763.9878691832138,127,45,0,0
763.9945803180472,19,177,0,0
764.0455765406203,372,256,0,0
764.046670844511,15,396,0,0
764.0480217115662,142,264,0,0
764.1347010322212,16,297,0,0
764.1356323971191,60,153,1,0
764.50547116413,6,125,0,0
764.5175428040365,26,290,0,0
764.5519939845259,69,42,0,0
764.5763122496311,890,42,0,0
764.6248248071865,149,337,0,0
764.6368063420758,2760,110,0,0
764.6468500852394,44,340,0,0
764.6631359412709,13,568,0,0
764.8340710376469,8,160,0,0
765.0363469741808,11,195,0,0
765.3043737743993,17,304,0,0
765.3479387470908,8,306,0,0
765.3619895169214,15,219,0,0
765.3627190234745,15,683,0,0
765.438676090373,8062,130,1,0
765.5514767297765,36,230,0,0
765.5608536365899,23,190,0,1
765.6663695246773,20,245,0,0
765.9430527711362,82,6380,0,1
765.9684349253887,1349,163,0,0
766.1424035595231,1979,101,0,0
766.1812982498265,97,574,0,0
766.1819525571251,21,113,0,0
766.1901231563439,274,584,0,0
766.1993834887189,19,408,0,0
766.2600129408411,60,330,0,0
766.263753770361,410,129,1,0
766.2724986039667,43,24,0,0
766.2755680694771,2794,245,0,0
766.2950409467275,14,375,0,0
766.3192263673914,13,301,0,0
766.4669897931732,120,353,1,0
766.570590132177,10,316,0,0
766.5998313689612,13,376,0,0
766.6339190843145,21,554,0,0
766.6600783922937,219,201,0,0
766.6864407096105,469,3470,0,1
767.1505543382077,17,674,0,0
767.1507001273155,60,494,0,0
767.165514370049,726,756,0,0
767.2048590508386,120,394,1,0
767.4065308947689,345,141,0,0
767.4088901967162,39,406,0,0
767.4510165339096,153,12,0,0
767.5690344426665,93,348,0,0
767.5776730228932,3357,366,0,0
767.578135760923,377,117,0,0
767.5883868436881,4,24,0,0
767.5902936565097,160,276,0,0
767.6676917706701,2701,766,0,0
767.6715312874353,492,332,0,0
768.4126801935611,25,638,0,0
768.4406209019398,8,473,0,0
768.4448260772353,22,121,0,0
768.4525006375162,97,306,0,0
768.4548703410126,22,395,0,0
768.5007575366631,12,401,0,0
768.916259068656,24,239,0,0
768.9299414056585,59,267,0,0
769.0638052826587,10,192,0,0
769.06700285986,11,315,0,0
769.1059904166061,2114,196,0,0
771.2169603015835,36,770,0,0
771.2182263024881,1327,3050,0,1
771.4657981229727,21,191,0,0
771.6859748601604,53,1470,0,1
771.6864650628077,9,345,0,0
771.6876601909606,10,361,0,0
771.690648428032,21,209,0,0
771.8367633167155,90,458,0,0
771.8456901862307,105,265,0,0
771.8607476835665,105,553,0,0
771.947360162748,400,163,0,0
771.9739962892047,15,229,0,0
772.0070372688565,949,112,0,0
772.018099891795,18,84,0,0
772.2172760451629,33,94,0,0
772.2217126329159,11,3670,0,1
772.8209033496788,11,104,0,0
772.8315921859672,66,131,0,0
772.8358526950396,522,4,0,0
772.9123956279155,9,284,0,0
772.9641379502002,1041,468,0,0
772.964537813955,188,767,0,0
772.9971947053148,99,72,0,0
772.9986042212903,774,424,0,0
773.0025943432496,36,394,0,0
773.1036628938703,40,16,1,0
773.1073951207964,111,653,0,0
773.1499923277142,13,198,0,0
773.1597801807112,15,178,0,0
774.1579611929542,36,23,0,0
774.1751981446497,4522,3670,0,1
774.1771885062915,10,226,0,0
774.1794776295895,17,2580,0,1
774.1828818525621,14,335,0,0
774.2097280280373,16,157,0,0
774.2303891644,6090,618,0,0
774.374660832724,33,213,0,0
774.4036371633925,27,401,0,0
774.4304361508298,4390,330,1,0
774.4699990915832,10,60,0,0
774.4859594276419,3148,157,0,0
774.5230305141936,51,685,0,0
774.6218798541726,139,546,0,0
774.720697519119,131,152,0,0
774.7276254881306,523,5,0,0
774.7282255417372,4,260,0,0
774.7323125959351,5,464,0,0
774.7684374549605,632,68,0,0
774.7685790673055,17,131,0,0
774.7765068652066,320,261,1,0
774.8268572869835,156,261,0,0
774.8334901349433,2357,153,0,0
774.8356773447983,435,85,0,0
775.5181326458758,212,312,0,0
775.8441009261185,1177,30,0,0
775.8562786551776,14,129,0,0
776.1436104312652,10,810,0,1
776.4172102479013,132,314,0,0
776.4193357992166,14,23,0,0
780.75020946958,137,88,0,0
780.753330043967,230,767,0,0
780.76533030877,413,85,0,0
780.7675988911561,829,381,0,0
780.791274380233,73,769,0,0
780.7927344602172,60,344,0,0
780.8126780342153,584,604,0,0
780.9887812947758,8,511,0,0
781.0197260583598,10,307,0,0
781.0316145543168,11,394,0,0
781.4750622595038,61,389,0,0
781.4784145954924,261,176,0,0
781.6178825110219,14,491,0,0
781.6288656144652,21,97,0,0
781.6597833017439,42,390,0,0
781.6811449527808,9,407,0,0
781.7070310929511,28,396,0,0
781.7250281275535,15,270,0,0
781.729213254664,1071,467,0,0
781.7356205934366,7,354,0,0
781.7838531531347,18,269,0,0
781.7999063801219,19,555,0,0
781.8018502274568,5,162,0,0
781.8066982852996,14,301,0,0
781.8116626824448,66,762,0,0
781.8294085440979,240,733,0,0
781.8576639612726,31,552,0,0
781.8813512093088,456,157,0,0
781.8866847242671,86,90,0,0
781.9070810366261,87,194,0,0
781.9083540937495,64,717,0,0
781.908415513815,7925,267,1,0
781.9259747428035,916,769,0,0
781.9266912837719,16,79,0,0
781.9296322861406,42,167,0,0
781.9313807688189,169,475,0,0
781.9997851580729,31,183,0,0
782.0015124486305,59,23,0,0
782.0351288205883,11,701,0,0
782.0423963193551,12,347,0,0
782.0440226403933,93,10,0,0
782.0448472532627,5,464,0,0
782.093126958824,10,281,0,0
782.1345414651016,86,601,0,0
782.2242826157326,4,143,0,0
782.9663711726279,538,449,0,0
782.9991099943989,6,140,0,0
783.03240034911,8,86,0,0
783.0471893598562,17,374,0,0
783.0705264379345,15,387,0,0
783.0798859980105,6,40,0,0
783.0830329984124,57,91,0,0
784.0956525598682,44,768,0,0
784.0961052554402,89,317,0,0
784.1271940087889,21,64,0,0
784.1724635889007,4,231,0,0
784.1976443854101,16,276,0,0
784.2003637726607,22,1430,0,1
784.2130247120302,24,488,0,0
784.2203919728586,19,425,0,0
784.2225482016589,4,176,0,0
784.2393621462465,8105,87,1,0
784.2475079664767,30,395,0,0
784.2535948498625,21,18,0,0
784.3254121014978,17,104,0,0
784.3276100003364,49,678,0,0
784.3715966186469,12,182,0,0
784.3769642823166,94,533,0,0
784.4196353829952,15,481,0,0
784.4404673338111,1967,526,0,0
784.469766221655,15,385,0,0
784.4723169596352,10,663,0,0
784.476150075486,19,141,0,0
784.4794050857639,56,232,0,0
784.5048566368004,61,418,0,0
784.5847370670563,6,100,0,0
784.7396164669175,848,480,0,0
784.7462042407561,19,541,0,0
784.7674026843912,25,237,0,0
784.7681090271259,310,470,1,0
784.7683218980777,31,214,0,0
784.771482364088,14,768,0,0
784.7761907926214,120,65,1,0
784.7769907098102,71,327,0,0
784.7775002336515,903,26,0,0
784.8288911339598,38,695,0,0
784.8324492669872,1005,671,0,0
784.833065883126,210,312,1,0
786.6458934347215,12,105,0,0
786.6706910319385,20,6420,0,1
786.6800012199643,8,201,0,0
786.7477367007903,7,115,0,0
786.7515786592464,6,28,0,0
787.166163699819,15,130,0,0
787.1669724707452,10,185,0,0
787.1682555582878,290,86,0,0
787.1814567670431,15,37,0,0
787.1852235054423,12,379,0,0
787.4733864880385,16,198,0,0
787.474092522048,195,431,0,0
787.4781030053484,13,99,0,0
787.505748430509,79,257,0,0
787.5584469280382,864,54,0,0
787.6848559954104,12,314,0,0
787.7187722938601,106,4870,0,1
789.1011156836639,10,306,0,0
789.1077386940642,187,64,0,0
789.1318817505036,7,100,0,0
789.2255676753912,118,108,0,0
789.2345991134198,124,767,0,0
789.2440384844632,920,273,0,0
789.2507380618005,38,218,0,0
789.2554130479755,44,620,0,0
789.2571880274974,20,341,0,0
789.2627547318235,36,114,0,0
789.2635206248466,19,159,0,0
789.2992689004994,33,112,0,0
789.2999693653734,30,196,0,0
790.3237997208951,40,77,0,0
790.8178814628235,19,169,0,0
790.9686301932411,184,194,0,0
790.9795501576727,47,438,0,0
790.9847069067838,17,32,0,0
791.1750386746498,11,183,0,0
791.1988110094046,19,237,0,0
791.2492974817008,219,563,0,0
791.2532364839026,479,89,0,0
791.3914965993007,28,277,0,0
791.3948495475772,98,253,0,0
791.415245166905,40,615,0,0
791.4157689503448,48,18,0,0
791.4202275295874,49,88,0,0
791.4648279849115,5,235,0,0
791.4715205772588,65,554,0,0
791.4782560677046,76,140,0,1
791.5571747510714,9,269,0,0
791.5713298547098,150,23,1,0
791.7655910700246,84,347,0,0
791.765723653116,66,599,0,0
791.8164139703183,101,244,0,0
791.8612449458568,1460,334,1,0
791.8619978106234,100,140,0,0
791.8632259918833,704,436,0,0
791.9569694685881,780,506,0,0
791.9589137496492,38,576,0,0
791.9634970292616,1714,287,0,0
792.017093256133,10,145,0,0
792.0254917665363,19,234,0,0
792.0675507347013,71,235,0,0
792.070436293194,81,39,0,0
792.0998084484419,17,138,0,0
792.2401249026843,16,276,0,0
792.2711694025917,18,722,0,0
792.2713747102912,8,439,0,0
792.3307932566221,16,766,0,0
792.3490215878592,164,247,0,0
792.3516935745364,18,102,0,0
792.6118229634016,48,502,0,0
792.6123265248593,8,256,0,0
793.2903692949772,420,770,1,0
793.2949694146956,6,292,0,0
793.6677346742108,119,34,0,0
793.6825741687489,2283,121,0,0
793.6837201010793,5,1790,0,1
793.70330586414,30,2540,0,1
793.734685720811,396,468,0,0
793.7823492524716,69,259,0,0
793.9163753234722,14,281,0,0
793.9190889074018,6,26,0,0
793.9622649705416,282,334,0,0
794.0325092498455,29,114,0,0
794.0419346585735,29,230,0,0
794.0444431857698,10,62,0,0
794.0468541858528,26,19,0,0
794.1188654444886,5990,385,1,0
794.1983303448256,6,415,0,0
794.2014346007888,10,237,0,0
794.2025592068541,9,7,0,0
794.3932163471865,11,860,0,1
794.3939497240534,17,773,0,0
794.4161588204961,13,234,0,0
794.419409114434,17,217,0,0
794.4198994609112,35,468,0,0
794.4405863274171,250,301,0,0
794.4516467945047,10,395,0,0
794.7353248619884,584,6040,0,1
796.2229552844583,11,414,0,0
796.2340580310363,144,89,0,0
796.358416551335,1622,43,0,0
796.48768624891,12,297,0,0
796.4933816139054,222,454,0,0
796.4962557773846,10,616,0,0
796.8945523644318,393,183,0,0
796.9023522741264,5,38,0,0
796.9176848417421,9,174,0,0
796.9267244920926,355,80,0,0
796.9391013578229,58,320,0,0
796.943949696312,128,767,0,0
797.0155442219765,5,194,0,0
797.2120515631477,11,90,0,0
797.2197270895216,81,171,0,0
797.2207613523634,24,444,0,0
797.2386032033793,6,285,0,0
797.2394385664359,34,199,0,0
797.2439555264398,21,411,0,0
797.4307859813293,429,764,0,0
799.0676718330656,229,225,0,0
799.1017688777243,94,392,0,0
799.1037047949666,57,91,0,0
799.1798986790079,19,330,0,0
799.1800831125624,79,18,0,0
799.1841307359784,279,4910,0,1
799.5186294627371,210,195,1,0
799.5897032070643,143,429,0,0
799.5907371328013,11,222,0,0
799.5913259268237,53,233,0,0
799.6798032547981,17,139,0,0
799.6944761297149,161,520,0,0
799.699426230867,39,74,0,0
799.7360776877312,1499,767,0,0
799.7412226161215,30,35,0,0
799.7415747165604,41,403,0,0
799.8222043452303,39,330,0,0
799.8266460727757,16,56,0,0
799.8288370721518,1314,159,0,0
799.8299723295648,559,302,0,0
799.8565002045749,33,255,0,0
799.8597512488135,41,688,0,0
799.9156222497318,110,334,0,0
799.925097961467,316,1700,0,1
800.0636879938418,27,211,0,0
800.0711656600511,35,162,0,0
800.0755577268146,956,491,0,0
800.0758780508806,717,702,0,0
800.0776903589975,179,442,0,0
800.1453394522059,371,111,0,0
807.198956880608,5,184,0,0
807.2002937866399,625,140,0,0
807.2023408605171,93,163,0,0
807.2339615171733,25,210,0,0
807.2756962140801,149,124,0,0
807.2798930713494,10,279,0,0
807.2987784618492,2382,182,0,0
807.2994373230919,44,138,0,0
807.3083657763635,593,1130,0,1
807.4053442770249,1370,88,1,0
807.8227780601655,16,589,0,0
807.8343535934966,191,431,0,0
807.8440003245126,19,71,0,0
807.8837664902526,7,13,0,0
808.0300593047203,3028,137,0,0
808.0726821354727,1333,13,0,0
808.0763116319624,610,140,1,0
808.1091873903994,7,24,0,0
808.2201438042706,15,101,0,0
808.2240602826205,14,91,0,0
808.225193762895,7,113,0,0
808.2697673465283,530,207,0,0
808.3033102479733,7,97,0,0
808.4141028802093,12,291,0,0
808.4334250985801,7,427,0,0
808.4379199917774,38,230,0,0
808.444713286962,8,191,0,0
808.4468070000239,40,280,0,0
808.4492730342783,9,18,0,0
808.4545859030845,118,166,0,0
808.4607910880792,23,3980,0,1
808.6098911961608,217,113,0,0
808.6113068306371,12,331,0,0
808.6260928779343,264,254,0,0
808.6311324021942,14,491,0,0
808.9454257540922,22,171,0,0
808.9728702825772,125,278,0,0
808.9806263198215,8,69,0,0
809.0631127377056,12,390,0,0
809.0817504381633,132,411,0,0
809.0880866913957,577,55,0,0
809.4343398426405,105,431,0,0
809.501574610396,2733,115,0,0
810.0118496646585,12,415,0,0
810.1753271766238,79,201,0,0
810.2518941699408,101,192,0,0
810.2732169223486,23,155,0,0
810.275114314318,30,280,0,0
810.3424043184239,24,174,0,0
810.3613800922355,29,355,0,0
810.4243790953477,27,285,0,0
810.4405653594674,600,320,1,1
810.4447418891093,12,66,0,0
810.4469696922251,7,30,0,0
810.5131962882732,53,321,0,0
810.7284461277447,44,516,0,0
810.7377555648949,21,392,0,0
810.7785048735996,20,345,0,0
811.0370686034737,245,720,0,0
811.0402137064304,20,293,0,0
811.0486195591607,50,597,0,0
811.0504069830668,36,56,0,0
811.2228173292226,9,24,0,0
811.2507057655782,88,1140,0,1
811.2573234409163,13,184,0,0
811.2579405025286,61,382,0,0
811.2695412124799,21,307,0,0
811.3900378464988,26,481,0,0
811.3992640992387,581,290,0,0
811.4064128474291,21,267,0,0
811.4657924693687,25,258,0,0
811.4672279903947,40,342,0,0
811.4856826951273,11,212,0,0
811.540307060708,178,769,0,0
811.5438470925606,97,202,0,0
811.5470553625562,4,319,0,0
811.5743239699439,22,282,0,0
811.5880096120255,400,182,1,0
811.5984502676204,8033,159,1,0
811.6236343977594,21,374,0,0
811.6496027987662,30,49,0,0
811.6522598898146,29,664,0,0
811.6567061525767,39,297,0,0
811.6974636142996,153,362,0,0
811.8524942835954,156,542,0,0
812.0986493807658,10,96,0,0
812.1017654828081,89,387,0,0
812.2488148251466,1855,769,0,0
812.3243595119783,11,114,0,0
812.340154592961,6,252,0,0
812.3843835776099,124,26,0,0
812.471533287548,689,256,0,0
813.0551257373412,26,253,0,0
813.0571978129142,44,292,0,0
813.1126507622771,997,127,0,0
813.1254124355445,249,712,0,0
813.1365869846956,18,209,0,0
813.300598315009,14,193,0,0
813.3860830786433,24,518,0,0
813.3883361012837,28,252,0,0
813.3979604648079,49,192,0,0
813.4244739292986,10,133,0,0
813.4254999333466,29,338,0,0
813.5191814283947,13,202,0,0
813.5337550603891,8,40,0,0
813.5570949657542,65,218,0,0
813.5899967424094,625,289,0,0
814.1976934825718,310,345,1,0
814.2158948732305,8,113,0,0
814.2242398462922,72,1260,0,1
814.755551423479,7,129,0,0
814.7618260640595,707,127,0,0
814.7678200254387,46,297,0,0
814.7689070477157,20,520,0,0
814.9131781093531,6,185,0,0
814.9422578198247,19,332,0,0
814.9854103574735,24,446,0,0
815.0089988064442,10,306,0,0
815.0219944615252,54,23,0,0
815.0255849256417,123,263,0,0
815.0292090369239,77,671,0,0
815.0691874208544,14,287,0,0
815.0909177392358,12,115,0,0
815.5206583456566,12,370,0,0
815.5244402820243,58,486,0,0
815.5309329642212,11,213,0,0
815.5331928312332,1310,1410,0,1
815.7937343506949,200,168,1,0
815.7952203791702,21,283,0,0
815.8736837389816,48,234,0,0
816.1671276383302,100,111,1,0
816.180050917532,8,392,0,0
816.2516355585424,18,2590,0,1
816.2518892730678,59,344,0,0
816.2598343498033,117,608,0,0
816.2604764898887,180,8,0,0
816.2844707865628,183,147,0,0
816.3018609217348,30,376,0,0
816.305594576408,31,407,0,0
816.416314368722,12,141,0,0
816.4508491239454,17,767,0,0
816.4569249685698,121,19,0,0
816.4631307994139,36,508,0,0
816.4640655601565,435,85,0,0
816.4759234291793,7,125,0,0
817.6066279416913,191,399,0,0
817.6108278866853,834,168,0,0
817.6501822281236,19,290,0,0
817.6559730911297,1350,512,0,0
817.739898584318,21,467,0,0
817.7807978430549,12,267,0,0
817.7916073151231,90,573,0,0
817.7921120683659,139,150,0,1
817.7983206184317,19,117,0,0
817.9822308692386,13,33,0,0
817.9928207448191,18,44,0,0
818.0523114412116,13,41,0,0
818.0589487929458,446,440,0,0
818.0593775793346,7539,653,1,0
818.0992485759608,25,426,0,0
818.1315672268917,1896,13,0,0
818.1370387598122,172,455,0,0
818.145292862642,85,398,0,0
818.1757544597607,11,159,0,0
818.1810783457155,23,110,0,0
818.2151259057979,70,653,0,0
818.2266182000985,17,54,0,0
818.226780878859,263,32,0,0
818.2397101121603,351,378,0,0
818.2449935774781,469,654,0,0
818.2482822932152,117,295,0,0
818.2864023746585,181,128,0,0
818.292954099719,79,619,0,0
818.3429855500698,1200,3540,1,1
818.4924968312381,150,219,0,0
818.5153528441424,352,2790,0,1
818.5161604628624,107,228,0,0
818.5202187114376,929,479,0,0
818.624988379929,23,81,0,0
818.6353310043738,74,398,0,0
818.6388308167941,24,169,0,0
818.6532703662007,6,181,0,0
818.6999557057055,5,281,0,0
818.728775296456,178,225,0,0
818.7906891671184,1279,49,0,0
818.7940732126561,307,526,0,0
818.8041166079598,10,452,0,0
818.8146235940694,15,12,0,0
818.8311893969609,29,147,0,0
818.8314641149376,66,202,0,0
818.8423100126171,870,227,0,0
818.8435305752937,15,4440,0,1
819.1138648354985,92,205,0,0
819.4894014326705,234,460,0,0
819.9701131065345,308,615,0,0
820.0560601471191,90,147,0,0
820.0626998410718,30,378,0,0
820.1783185537025,93,432,0,0
820.1899906361963,408,166,0,0
820.24815097712,625,257,0,0
820.2510680495812,13,127,0,0
820.2565084223565,66,294,0,0
820.3000894105126,16,175,0,0
820.8782810458029,26,211,0,0
820.8948369759013,40,51,0,0
822.39335160005,15,210,0,0
826.4382535555055,39,328,0,0
826.439634039656,161,270,0,0
826.4561360666725,78,362,0,0
826.4587889092084,44,477,0,0
826.4720271415794,35,457,0,0
826.478090476904,886,212,0,0
826.4933655217642,183,540,0,0
826.6108300432608,12,292,0,0
826.7225548889951,133,410,0,0
826.7517397858978,17,112,0,0
826.7692996452087,22,698,0,0
826.7913817565191,49,37,0,0
826.8138427305735,90,699,0,0
826.8681956704517,777,35,0,0
826.8858626828792,17,29,0,0
826.9331276727569,21,405,0,0
826.9344412649036,12,320,0,0
827.018391986451,6,315,0,0
827.5725606791951,26,86,0,0
827.5977263930301,27,199,0,0
827.5987964506057,1145,484,0,0
827.8521070523446,440,604,1,0
827.8612434326722,8,39,0,0
827.8612909179785,162,73,0,0
827.8726767573025,10,297,0,0
827.9307741236055,12,667,0,0
827.9682667992075,18,742,0,0
828.1723933475128,5,980,0,1
828.2323284658655,24,405,0,0
828.2547923690728,23,767,0,0
828.2551448326715,895,287,0,0
828.2570836381118,758,198,0,0
828.2821349371214,2861,75,0,0
828.3492195821905,118,449,0,0
828.3515225740724,10,256,0,0
828.3567600420146,39,3310,0,1
828.4013045282377,7,278,0,0
828.4017063350134,1056,39,0,0
828.4020799509533,9,484,0,0
828.4132341754537,72,23,0,0
828.4421973517417,15,205,0,0
828.4490135849526,134,45,0,0
828.4492014640784,193,204,0,0
828.4676167963402,9,4040,0,1
828.4688860795745,25,575,0,0
828.5330616056176,28,458,0,0
828.5474697675622,50,351,1,0
828.5771646696348,17,243,0,0
828.6397910659722,312,110,0,0
828.6459987589678,7,70,0,0
828.7365006057115,36,446,0,0
828.9427676667023,26,19,0,0
828.9813721742864,20,213,0,0
829.2261856649158,338,112,0,0
829.2312791839099,35,95,0,0
829.3392396320346,65,397,0,0
829.3692466110457,407,326,0,0
829.3717447248255,31,246,0,0
829.3868303375936,23,14,0,0
829.3930003946933,70,418,0,0
829.398904517191,21,303,0,0
829.4198301709307,9,404,0,0
829.5640867160062,260,28,0,0
829.5734877704596,10,2170,0,1
829.5960571583527,10,276,0,0
829.5970209793022,38,230,0,0
829.6188053213428,142,227,0,0
829.791975504813,38,617,0,0
829.8796683229814,41,121,0,0
829.9248150214945,24,574,0,0
829.9310325458741,13,246,0,0
829.9335921361607,11,14,0,0
829.9482407768771,16,373,0,0
829.9494873096852,16,458,0,0
829.9510194613408,43,193,0,0
830.0650429787617,34,37,0,0
830.0679108051401,335,212,0,0
830.6860942099806,21,740,0,0
830.6871353493682,181,69,0,0
830.7284815926536,19,459,0,0
830.7302144384385,41,257,0,0
830.7551383115789,15,350,0,0
830.7573862110179,13,56,0,0
830.7765090633545,2082,69,0,0
830.7894535172785,169,305,0,0
830.7966662256121,11,249,0,0
830.8452800493886,1890,161,1,0
831.1956330695222,1243,158,0,0
831.2011009741091,101,650,0,1
831.3027913417809,21,586,0,0
831.3236447924327,91,7470,0,1
831.3402606757113,20,567,0,0
832.6982117121738,10,336,0,0
832.6984510584339,102,429,0,0
832.7030293084815,19,343,0,0
832.7035176844665,9,102,0,0
832.7129941267308,543,508,0,0
832.7241935493173,27,283,0,0
866.2210076384505,90,186,1,0
866.2560299010852,31,329,0,0
866.8740565474517,399,381,0,0
867.1049629939806,395,119,0,0
867.1123308463947,396,73,0,0
867.1578887266314,77,2460,0,1
867.6391539418796,20,57,0,0
867.6640052038845,18,320,0,0
867.6906730135597,7973,219,1,0
867.738412013208,16,388,0,0
867.7393069595779,7,234,0,0
867.7428327673384,807,385,0,0
867.7771721641495,10,90,0,0
867.8291227032777,83,377,0,0
867.8319766395476,26,294,0,0
867.8412597791139,27,262,0,0
867.8550679198892,5053,1077,0,0
867.8681122693913,67,380,0,0
867.9376732278135,450,118,1,0
867.9594029534946,13,337,0,0
867.9838464774786,34,104,0,0
867.9849116224364,200,372,1,0
867.9870908689026,51,31,0,0
868.020341489999,7,229,0,0
868.0210865427248,216,382,0,0
868.051052001383,15,350,0,0
868.0557860334699,13,84,0,0
868.0592919469348,5,234,0,0
868.1226202566795,44,267,0,0
868.1272001680343,38,230,0,0
868.1303938606047,158,3780,0,1
868.1349797902878,576,288,0,0
868.1545856413969,54,30,0,0
872.2248069918573,659,249,0,0
872.2250678245791,6,98,0,0
872.2418545744223,142,206,0,0
872.2526517562858,731,383,0,0
872.3678756481703,23,291,0,0
872.3762232029693,18,244,0,0
872.3763522127603,22,117,0,0
872.6177891078835,14,1530,0,1
872.6197824977154,13,109,0,0
872.6351783888128,10,28,0,0
872.6363241406295,17,600,0,0
872.6382925003858,454,480,0,0
872.644748576032,20,459,0,0
872.7396557615235,75,280,0,0
872.8317973511726,12,235,0,0
872.8370618201775,19,266,0,0
872.8838159655853,8,267,0,0
872.8920416849663,180,105,1,0
872.9135617291317,59,273,0,0
872.9369640977264,11,323,0,0
872.9959143006575,14,663,0,0
873.0009766569918,292,765,0,0
873.0141871117855,342,294,0,0
873.0406447051525,4,24,0,0
873.0611650284849,34,25,0,0
873.0646815992767,15,61,0,0
873.5889222254024,597,121,0,0
873.5957724841661,1125,486,0,0
873.6728335885489,13,291,0,0
873.6984757311122,24,379,0,0
873.8920995114378,20,243,0,0
873.8923223198267,457,229,0,0
874.8978899697412,43,151,0,0
874.9090668267121,3016,116,0,0
874.9105433789921,144,16,0,0
874.932589275168,167,450,0,0
876.4452086084269,155,196,0,0
876.4917764407815,77,697,0,0
876.4932511453977,56,581,0,0
876.500040967383,277,357,0,0
876.7419638269686,17,434,0,0
876.7430096697451,136,484,0,0
876.7549026875668,78,199,0,0
876.7643800397884,430,204,0,0
878.0259364068223,34,205,0,0
878.0354569992551,450,381,1,0
878.2667592248933,21,295,0,0
878.2711814658912,32,42,0,0
878.2746241508746,17,105,0,0
878.3996141149179,2027,92,0,0
878.4581566262491,34,41,0,0
878.4587044992938,28,30,0,0
878.5192512332794,35,71,0,0
878.5801616519354,10,338,0,0
878.5851750323935,679,502,0,0
878.6114600224511,15,17,0,0
878.640423545216,370,184,1,0
878.6468800064328,18,116,0,0
878.6521852139458,34,2490,0,1
878.6566541249913,8,389,0,0
878.6665339049032,24,23,0,0
878.6677420367823,881,116,0,0
878.6833037244228,74,28,0,0
878.6841728072212,49,718,0,0
878.7038096071977,259,727,0,0
878.7181099431166,14,324,0,0
878.720271942327,4,52,0,0
878.8122113093823,48,116,0,0
879.6036487935544,16,97,0,0
879.8385353576108,202,481,0,0
879.8396561806843,19,357,0,0
880.0515198562938,200,93,1,0
880.0775948342908,122,111,0,0
880.0928030452768,9,481,0,0
880.0979787102538,229,127,0,0
880.1146337946616,134,353,0,0
880.3805639667402,1047,209,0,0
880.4302913721414,516,528,0,0
880.437707297359,15,624,0,0
880.4421698131314,8,121,0,0
880.449553113745,91,244,0,0
880.5035869338892,17,97,0,0
881.1891369170224,31,1150,0,1
881.1912029675772,85,296,0,0
881.2079955402626,44,77,0,0
881.2158452155425,13,86,0,0
881.2196277858428,22,306,0,0
881.2567599098193,25,289,0,0
881.3070831271156,23,266,0,0
881.3080953420674,212,97,0,0
881.3102543787363,34,605,0,0
881.4905138202819,13,398,0,0
881.5221353278948,468,419,0,0
881.5695651034753,28,367,0,0
881.5757992947133,19,332,0,0
881.5837250393399,20,251,0,0
881.6255743424105,500,212,0,0
881.6318622801177,13,277,0,0
881.6337286839959,58,565,0,0
881.6505865362052,18,354,0,0
881.751949545999,864,599,0,0
881.754134353214,10,35,0,0
881.8910801122825,34,69,0,0
881.9587945206513,32,202,0,0
881.9618410162186,276,774,0,0
881.9789390331074,68,726,0,0
881.9944499104903,17,355,0,0
882.0535964381662,20,172,0,0
882.1167056114734,6,4140,0,1
882.1179815592179,10,75,0,0
882.1191481039849,34,84,0,0
882.2486506116005,5,64,0,0
882.2697376604547,281,70,0,0
882.3082515624762,230,177,1,0
882.340906838996,687,397,0,0
882.6909671938854,21,460,0,0
882.6925115362334,50,197,0,0
882.8383113613314,54,582,0,0
882.8416436094485,93,432,0,0
882.9128428368857,212,124,0,0
883.152556786536,49,660,0,0
883.1536479609008,9,198,0,0
883.1910726951821,31,593,0,0
883.2008087923605,260,240,1,0
883.2102940748424,32,401,0,0
883.2286347611795,11,36,0,0
883.2307379664215,100,341,0,0
883.2332421780308,19,22,0,0
883.2951641058843,19,19,0,0
883.3849004219037,61,140,0,0
883.3903829209413,13,369,0,0
883.3913301237919,10,201,0,0
885.0368965153211,32,170,0,0
885.185156479221,7,194,0,0
885.2194834604933,176,18,0,0
885.2216823998912,39,378,0,0
885.2270107396848,16,314,0,0
885.2542392251997,4061,9,0,0
885.2567650647944,1259,245,0,0
885.6571175980343,6,314,0,0
885.6792034178088,188,200,0,0
885.715834322555,648,288,0,0
885.7180413392579,9,20,0,0
885.7208482066651,20,51,0,0
885.7244002588068,351,243,0,0
885.7534885838297,9,552,0,0
885.7634687606537,330,15,0,0
885.7729975681009,58,126,0,0
885.8043992897548,8,217,0,0
885.8306900463217,177,194,0,0
886.1454343887045,24,3280,0,1
886.156866315055,20,92,0,0
886.1591525676208,66,377,0,0
886.175624608242,1337,715,0,0
886.4776074007482,13,376,0,0
886.4832676833423,30,28,0,0
886.5018294443934,9,20,0,0
886.5101621102154,42,497,0,0
886.547607961768,36,34,0,0
886.5755814659708,118,82,0,0
886.5789963424216,420,285,1,0
886.58975745583,18,494,0,0
886.6974587360011,7,397,0,0
886.8432152117538,670,212,1,0
886.9469818126962,55,242,0,0
887.039181224921,36,350,0,1
887.0479436901022,18,2370,0,1
887.0561907772093,955,239,0,0
887.1612692280718,25,684,0,0
887.1629506979685,94,426,0,0
887.1780170549847,21,534,0,0
887.1784547902485,15,592,0,0
887.1864610188823,160,139,1,0
887.1906726371867,17,436,0,0
887.192251751486,23,432,0,0
887.2450242470914,12,58,0,0
887.249001614392,11,254,0,0
887.2572051501022,290,214,1,0
887.2673843848694,30,691,0,0
887.2713585115607,12,145,0,0
887.5479567584388,282,376,0,0
887.5543566183594,34,482,0,0
887.5792396257195,27,208,0,0
887.5805370936798,111,399,0,0
887.587205580623,342,120,0,0
887.5961566173152,34,122,0,0
887.6054050239395,173,335,0,0
887.6107685055397,10,26,0,0
887.6331745018537,190,767,0,0
887.9946569588205,15,323,0,0
888.0076893925108,660,275,1,0
888.0205550927124,2597,692,0,0
888.0284116303715,67,224,0,0
890.4939629128561,8,76,0,0
890.8963933673074,10,261,0,0
890.9469240669875,993,5560,0,1
891.0144218286446,400,117,0,0
891.0186183877063,337,497,0,0
891.0311564045099,38,106,0,0
891.0567550433631,163,279,0,0
891.0781650722201,38,227,0,0
891.0813162992783,8,201,0,0
891.0849808350672,36,98,0,0
891.1315840684107,363,114,0,0
891.1628669933292,1459,236,0,0
891.1631376777102,70,387,0,0
891.1834488632626,55,225,0,0
891.3889327452089,23,178,0,0
891.3937109036443,331,497,0,0
891.4208707190406,30,2890,0,1
891.4218472983915,209,386,0,0
891.5087025400896,13,22,0,0
891.5106057124547,31,545,0,0
891.5120609550328,7,121,0,0
891.5211684569556,4490,310,1,0
893.2946942520679,403,14,0,0
893.2998122434541,18,486,0,0
893.3012385651328,35,284,0,0
893.3432089975641,37,542,0,0
893.3698091281176,579,140,0,0
893.8084147962497,14,323,0,0
893.8098247562347,72,208,0,0
893.8105695328275,41,184,0,0
893.8197147867014,544,44,0,0
893.8553827042199,9,239,0,0
893.8895878954918,18,211,0,0
894.0320974601794,5,106,0,0
894.033004471472,8,67,0,0
894.0363719863035,38,435,0,0
894.0494903088787,29,422,0,0
894.1376117117711,19,215,0,0
894.180804717828,100,435,0,0
894.1882355952924,27,287,0,0
894.1905297196805,3632,447,0,0
894.2863985521107,28,208,0,0
894.3957632581593,5,163,0,0
897.8703085183338,77,58,0,0
897.8822995676239,34,70,0,0
898.2925505928306,53,445,0,0
898.2941367132466,1176,2570,0,1
898.2999914969033,16,228,0,0
898.3044986966669,27,208,0,0
898.311348955433,425,631,0,0
898.3144011164043,320,2400,0,1
898.3202600606282,11,79,0,0
898.3355388234974,139,562,0,0
898.3425761620304,1281,248,0,0
898.4045833428062,19,109,0,0
898.4190156822162,14,430,0,0
898.4359687598775,202,307,0,0
898.7414222401192,4,10,0,0
898.7729579678715,15,207,0,0
898.7959894974485,1568,51,0,0
898.8123706550089,245,365,0,0
898.8316000890611,35,288,0,0
898.883925387567,67,27,0,0
898.8874587413628,7,329,0,0
899.0478579598725,309,89,0,0
899.4178817604062,10,146,0,0
899.5810324348494,47,375,0,0
899.5875245499549,52,172,0,0
899.5882750816047,11,485,0,0
899.5955034822931,5,224,0,0
899.6185026155126,10,74,0,0
899.7047111663496,217,137,0,0
899.7166144660104,44,171,0,0
899.7260057649328,16,389,0,0
900.0610806416845,74,245,0,0
900.0656615220546,44,484,0,0
900.202985762607,27,521,0,0
900.3032352479339,902,179,0,0
900.3044924089389,399,6,0,0
900.333856954564,8,734,0,0
900.3395702695376,7547,645,1,0
900.342224638145,19,332,0,0
900.3426781525077,742,7450,0,1
900.3434684238324,13,204,0,0
900.3818170945051,101,391,0,0
900.3897710236591,800,25,0,0
900.4188398285252,59,135,0,0
900.4209611087869,6,161,0,0
900.4300446770926,21,371,0,0
900.4400428702162,217,118,0,0
900.4408680207738,60,408,0,0
900.4415234441648,10,32,0,0
900.4818610693176,26,122,0,0
900.5045846256314,112,37,0,0
900.5073210632831,66,107,0,0
900.5212778911939,21,314,0,0
900.5836243553651,5,281,0,0
901.199206891316,369,228,0,0
901.2021970395355,8,82,0,0
901.2591944669385,832,598,0,0
902.339567447215,6,240,0,0
902.3589460302006,126,322,0,0
902.6606821751606,1007,73,0,0
902.6607894416015,7,210,0,0
902.9519101372605,4,79,0,0
902.968592742788,266,322,0,0
902.969023187691,377,335,0,0
903.0474672589824,14,131,0,0
903.1805944777323,41,430,0,0
903.3624359227383,1474,3350,0,1
903.5410878203095,84,362,0,0
903.5571426620495,10,310,0,0
903.561071311695,110,407,0,0
903.5679660672607,25,435,0,0
903.5838660909724,188,759,0,0
903.6215902171544,217,37,0,0
903.6282162252338,2100,196,0,0
903.6469401278374,69,25,0,0
903.7419256384087,1043,772,0,0
903.774135763324,80,56,0,0
905.3040047177993,77,567,0,0
906.4746915016744,568,652,0,0
906.4764828823161,82,415,0,0
906.4820733401527,30,113,0,0
906.4833786237032,146,523,0,0
906.4851117676137,830,151,0,0
906.534796435488,15,80,0,0
906.5372251233737,13,233,0,0
906.5394061329746,105,2730,0,1
906.5494271831238,20,3960,0,1
906.6313523958218,19,352,0,0
906.6398276964807,967,411,0,0
906.6482692479516,209,293,0,0
906.7515440853898,16,119,0,0
906.794528614387,17,180,0,0
906.8362104506011,1011,750,0,0
906.945704928817,231,209,0,0
906.9480372007803,17,214,0,0
906.9740202500757,82,669,0,0
906.9789212355971,28,284,0,0
907.1067835802588,214,118,0,0
907.1912975629233,71,766,0,0
907.193485103563,74,602,0,0
907.4292358004968,396,153,0,0
907.4309494864508,20,62,0,0
907.6005536012152,35,389,0,0
907.6260198243363,8,82,0,0
907.6290886456796,16,363,0,0
907.6309771169134,97,36,0,0
907.6403315591606,7,348,0,0
907.6565625893465,11,125,0,0
907.660771808676,1173,159,0,0
907.712251530874,34,224,0,0
907.7133347755927,21,228,0,0
907.7301069911305,181,3200,0,1
907.747145619831,223,174,0,0
907.7475742138124,8,306,0,0
907.7788424864466,256,176,0,0
907.7802594800578,105,589,0,0
907.780384360827,55,348,0,0
907.7854666853182,242,768,0,0
907.7963086987721,27,120,0,0
907.8971139689779,16,389,0,0
907.9036426672812,12,404,0,0
908.2127237053958,308,637,0,0
908.5014291807865,4,380,0,0
908.6476394374475,180,529,0,0
908.8778836881685,63,767,0,0
908.9117720898832,12,2540,0,1
908.91744743756,6,233,0,0
908.9783803799454,15,316,0,0
909.0927383765395,6,87,0,0
909.1199440315942,457,114,0,0
909.1304300277005,11,506,0,0
909.1312035430852,33,362,0,0
909.1955909373321,12,261,0,0
909.2295763200042,396,18,0,0
909.2308825737819,138,188,0,0
909.2515549407201,4800,143,1,0
909.3221442680672,16,605,0,0
909.335843478377,1564,219,0,0
909.4154827153218,126,633,0,0
909.4906794272395,1537,130,0,0
909.4916031133041,1474,180,0,1
909.5009816009762,96,768,0,0
909.5451583493456,868,555,0,0
909.648733744476,873,315,0,0
909.9229571108015,54,472,0,0
909.9233433090039,13,347,0,0
909.9382471842216,25,26,0,0
910.0079689911524,70,186,1,0
910.1981330786163,144,757,0,0
910.672680261563,22,173,0,0
910.6753646620311,163,349,0,0
910.6835040238134,950,245,1,0
910.6856255230749,1693,91,0,0
910.771007649017,304,1660,0,1
910.7722518772077,469,1270,0,1
910.9480738213907,15,352,0,0
911.0559706374227,4,53,0,0
911.1004248349354,372,584,0,0
911.1006581283457,34,218,0,0
911.1051136001007,9,280,0,0
911.1796512511212,72,501,0,0
911.1806851477577,20,575,0,0
911.1912588698135,14,295,0,0
911.2050729512661,103,820,0,1
911.3035327044323,5,196,0,0
911.3331975450229,112,7670,0,1
911.3623895697301,6,111,0,0
911.3695018294258,65,240,0,0
911.3866529257396,15,202,0,0
911.3996679660305,8,112,0,0
911.4711674764442,14,260,0,0
911.4830705038115,69,35,0,0
911.6137855557423,45,453,0,0
911.6143777355416,21,431,0,0
911.7961113743376,1004,438,0,0
911.8082263837285,790,767,1,0
911.965773447159,115,466,0,0
911.9857708800288,793,385,0,0
912.0775127297095,533,320,0,0
912.4019477547212,8,198,0,0
912.4076170993144,8,296,0,0
912.4274613674762,77,365,0,0
912.439568622883,9,84,0,0
912.4651314304188,72,270,0,0
912.4658217020526,83,16,0,0
912.4778946041463,89,528,0,0
912.4882413437958,57,48,0,0
912.4918213299075,9,140,0,0
912.5033445228581,19,62,0,0
912.5041475237707,21,413,0,0
912.772251540339,190,195,0,0
912.8131773970857,7,171,0,0
913.5132783452362,32,2230,0,1
913.5162858441222,37,402,0,0
913.5179710250708,4,71,0,0
913.5474976903243,22,103,0,0
913.5481235327298,1316,375,0,0
913.5745321569219,62,767,0,0
913.5787427774617,14,339,0,0
913.5874635632923,45,32,0,0
913.6153472239967,19,437,0,0
913.6338202351318,4,31,0,0
914.3020637169428,15,238,0,0
914.3608551171737,280,679,1,0
914.362168039731,39,179,0,0
914.4790735103534,83,16,0,0
914.4802682282667,9,156,0,0
914.5002508191901,776,719,0,0
914.5016828494421,344,695,0,0
914.5049608251373,5,451,0,0
914.7306958450328,9,36,0,0
914.7362908864576,61,140,0,0
914.7409989351052,14,122,0,0
914.7465333908493,1007,686,0,0
914.7555933757101,388,269,0,0
915.0454548475534,542,4,0,0
915.0470878711225,160,445,0,0
915.0485447206262,35,34,0,0
915.1012313764919,23,206,0,0
915.1019478809698,18,350,0,0
915.110073579421,12,154,0,0
915.2665756764058,10,276,0,0
915.2833354784386,13,305,0,0
915.2898080369974,12,315,0,0
915.2939112387792,21,156,0,0
915.2966373142733,6320,28,1,0
915.3018215174627,72,588,0,0
915.323604405244,505,543,0,0
915.5177419951517,9,491,0,0
915.6297685490616,60,130,1,0
915.6351962335547,505,380,0,0
915.6391022566588,42,74,0,0
915.7044943317676,190,175,0,0
915.704951965646,2250,350,1,0
915.7118893507463,12,667,0,0
915.7205678556946,11,551,0,0
915.7224026830809,6,622,0,0
915.7247050439629,29,290,0,0
915.7573485088076,85,238,0,0
915.7579726732648,14,300,0,0
915.7606602629953,9,310,0,0
915.7651983624306,11,229,0,0
915.7843486104799,5,510,0,0
915.7854326629135,1617,577,0,0
915.9242941603817,127,14,0,0
915.9331153203283,12,465,0,0
915.9427963810125,906,202,0,0
915.9506934570657,888,567,0,0
915.9549602103889,14,127,0,0
915.9572820234332,5,69,0,0
916.1122932465887,143,285,0,0
916.1362538754121,53,293,0,0
916.1491498868754,13,110,0,0
916.263208125136,40,376,0,0
916.2671292571067,85,543,0,0
916.3223565397537,190,158,1,0
916.3389872528377,179,172,0,0
916.3417345272975,93,66,0,0
916.4127760100731,10,74,0,0
916.4136061922154,74,243,0,0
916.4707513102572,16,230,0,0
916.4735121195049,9,123,0,0
916.5088467539035,8,19,0,0
916.7486107900178,50,275,0,0
916.796799552849,130,406,1,0
916.8015910024147,179,725,0,0
916.8164086674898,70,27,0,0
916.823994828207,73,376,0,0
916.825544293894,143,74,0,0
916.8273070386751,7,276,0,0
916.8442861517641,16,166,0,0
916.8891198754127,16,275,0,0
916.8896003922772,40,206,0,0
916.9030478549739,76,767,0,0
916.945021005622,6,42,0,0
916.96418678003,12,107,0,0
916.9663277345699,47,122,0,0
917.0844631612933,1050,532,1,0
917.0858661978027,11,734,0,0
917.1408015066751,120,167,0,0
917.4987053532685,7940,252,1,0
917.4989811612664,362,668,0,0
917.5243275063033,3080,45,1,0
917.5525952456767,130,368,0,0
917.5763698813603,18,454,0,0
917.5797318513664,9,124,0,0
917.5879596331748,2281,7,0,0
917.588932472529,23,289,0,0
917.60858663663,13,112,0,0
917.6521156433886,1047,770,0,0
917.6562039659187,14,288,0,0
917.6586531986554,21,42,0,0
917.6646108344039,40,588,0,0
917.6794372995173,2859,768,0,0
917.6964056602172,59,198,0,0
917.7086689734111,592,274,0,0
917.7258648382436,504,918,0,0
917.7270089970973,36,35,0,0
917.7270794262753,977,38,0,0
917.7774259737757,19,182,0,0
918.0218086252668,511,26,0,0
918.0227355281079,778,160,0,0
918.0267828006781,24,33,0,0
918.0537272990316,92,583,0,0
918.1507827719039,171,13,0,0
918.2040826740933,10,109,0,0
918.3873578268856,329,374,0,0
918.4007702986374,22,197,0,0
918.4343601199106,42,436,0,0
918.4677630292778,141,4,0,0
918.4741453761701,15,306,0,0
918.6314470590654,28,1140,0,1
918.6819950813784,305,233,0,0
918.7833609740045,7690,502,1,0
918.7902818193811,382,463,0,0
918.9024146869457,13,172,0,0
918.9042970350201,8,769,0,0
918.9364273926901,871,166,0,0
918.9365158344106,289,533,0,0
918.9385681212685,19,115,0,0
919.0014028653451,273,195,0,0
919.0075351174025,361,32,0,0
919.0283577831499,17,460,0,0
919.0289753727413,9,27,0,0
919.3360797697235,14,3050,0,1
919.3836757846371,19,120,0,0
919.3977444464293,109,136,0,0
919.4311504038016,12,82,0,0
919.4592713287021,40,231,0,0
919.6957118779427,60,631,0,0
919.7182178414486,219,14,0,0
919.71904696101,5,33,0,0
919.728011319626,916,159,0,0
919.9104608632566,13,413,0,0
919.9555250915254,24,1980,0,1
919.962014330872,726,525,0,0
920.010810670709,68,235,0,0
920.0293790162846,10,214,0,0
920.0781045693554,1354,255,0,0
920.0787674963437,237,376,0,0
920.0813188912247,11,114,0,0
920.135756383562,9,197,0,0
920.1453156400078,14,323,0,0
920.1747273105889,1210,769,1,0
920.8569100366329,32,39,0,0
920.8649447793886,10,499,0,0
920.8886554422766,96,426,0,0
920.8936271143419,544,44,0,0
920.8979817208672,97,132,0,0
920.9107539978079,12,145,0,0
920.9116168434175,13,369,0,0
920.911858205744,13,598,0,0
921.125232142379,15,1890,0,1
921.1373059080158,184,604,0,0
921.2703276384935,189,114,0,0
921.2891034802153,20,258,0,0
921.3088881119809,393,130,0,0
921.3637316075578,87,41,0,0
921.4239251265628,15,251,0,0
921.425332486469,12,325,0,0
921.582140275202,12,228,0,0
921.584358617964,21,67,0,0
921.6063677742236,25,89,0,0
923.7908006131235,31,45,0,0
923.8081087768975,67,171,0,0
924.1927500407444,210,256,1,0
924.2002549453133,8,192,0,0
924.2493982466656,55,218,0,0
924.2657605210316,5,291,0,0
924.2992499559879,224,751,0,0
924.3020358488952,12,880,0,1
924.3044986580279,289,181,0,0
924.3330267070376,20,3020,0,1
924.3337258254479,29,336,0,0
924.3365735974604,1233,356,0,0
924.3884727214216,540,397,0,0
924.392926292907,400,372,0,0
924.3955381185515,83,115,0,0
924.3972398506397,11,582,0,0
924.4169924077013,21,183,0,0
924.4242723284664,18,57,0,0
924.4441317598504,17,560,0,1
924.4543973763156,5,69,0,0
925.0048767470604,2456,84,0,0
925.0111981925904,57,391,0,0
925.0115223675745,25,293,0,0
925.0301289735796,1024,461,0,0
925.0450237812144,7,23,0,0
925.065142516252,66,274,0,0
925.0657886151542,93,13,0,0
925.2008834674593,240,324,0,0
925.214834160494,6,242,0,0
925.2284755824234,11,460,0,1
925.2291520013421,7,21,0,0
925.2664913765609,120,119,0,0
925.2795469473981,9,97,0,0
925.4862941058633,14,220,0,0
925.492890636266,19,92,0,0
925.4942247216703,35,199,0,0
925.5132817592398,10,21,0,0
925.5157830200176,15,215,0,0
925.5491122228732,25,36,0,0
925.5509111772244,175,54,0,0
925.5624485502881,156,384,0,0
925.5719882580311,192,333,0,0
925.5858684097321,631,505,0,0
925.5913184374832,130,528,0,0
925.5943779660785,51,362,0,0
925.607592458407,13,89,0,0
925.6123936870529,8,165,0,0
925.6323608744917,9,291,0,0
925.6411000884713,14,598,0,0
925.6412879993122,368,78,0,0
925.6544409304671,798,3970,0,1
925.8752487279154,7644,92,0,0
925.9019946019138,93,432,0,0
925.9494900408204,4,35,0,0
925.9854368019419,13,157,0,0
925.9914016019987,61,747,0,0
925.9925154307589,30,37,0,0
926.0639176801154,55,356,0,0
926.1787292835869,414,238,0,0
926.2232584844456,30,51,0,0
926.2570487403714,1416,423,0,0
926.2889521042374,11,1000,0,1
926.3030115396947,15,35,0,0
926.3282518596887,18,341,0,0
926.3434426218704,62,313,0,0
926.3713566537872,655,54,0,0
926.3737390204465,14,3830,0,1
926.3781293107749,26,602,0,0
926.4227357825538,5,356,0,0
926.4304479371323,15,344,0,0
926.4305862635556,26,55,0,0
926.4494955284824,39,157,0,0
926.4496749238967,58,768,0,0
927.0459968517988,597,188,0,0
927.1056504011055,23,80,0,0
927.1600971211412,1094,769,0,0
927.1642315976435,13,767,0,0
927.1659238306081,1490,322,1,0
927.17582350137,141,4770,0,1
927.19131780808,14,177,0,0
927.1946986391612,24,34,0,0
927.2149495044337,15,94,0,0
927.2710368401636,21,330,0,0
927.3184481904792,16,301,0,0
927.320472793927,16,218,0,0
927.3207056852173,33,63,0,0
927.3357749265411,280,412,0,0
927.3399942040877,1071,467,0,0
927.3753757361079,180,148,1,0
927.7270990816058,86,329,0,0
928.0782014035699,1801,11,0,0
928.1042613206196,350,197,1,0
928.2307186772103,7,354,0,0
928.584049245054,6,363,0,0
928.6005154587024,34,455,0,0
928.6259463883035,78,213,0,0
928.7033892406776,1024,502,0,0
928.7175029925045,88,391,0,0
928.7233133028379,4,139,0,0
928.7269099002137,10,213,0,0
928.7422650319571,52,374,0,0
928.7468819919752,1281,502,0,0
928.8169299048423,238,80,0,0
928.8249666845043,20,223,0,0
929.0760601926677,6,361,0,0
929.2309190514632,1493,766,0,0
929.2323438951978,292,765,0,0
929.353189449528,7600,154,1,0
929.3602719775979,6,298,0,0
929.5710352586901,52,344,0,0
929.6119719916526,150,316,1,0
929.6260556210545,14,442,0,0
929.6816694948301,46,424,0,0
929.6869828615565,360,61,0,0
929.7159095458316,15,568,0,0
929.748139479419,2492,228,0,0
929.759820145652,625,635,0,0
929.7922502532795,800,240,0,0
929.7945528265352,11,270,0,0
929.8395597598065,7,185,0,0
929.8411020349062,21,228,0,0
929.8921927978656,452,441,0,0
929.9305544999872,16,205,0,0
929.9908828520772,31,219,0,0
929.9962873085392,210,125,0,0
935.0973527407679,6,277,0,0
935.1075494932834,27,210,0,0
935.128562416395,218,559,0,0
935.1323090032804,39,766,0,0
935.3731767347275,9,71,0,0
935.3796349260128,53,221,0,0
935.4847423796164,69,47,0,0
935.4873728811692,159,100,0,0
935.5160954277503,500,56,0,0
935.5239663688727,74,225,0,0
935.6178144030713,10,410,0,0
935.6270126798461,2556,67,0,0
935.6301168654304,734,115,0,0
935.6680053211925,3008,124,0,0
935.669669880481,8,351,0,0
935.6722813319632,45,292,0,0
935.7416156364066,360,99,1,0
935.7420772746301,13,194,0,0
935.8104723939381,10,361,0,0
935.8180401525753,1008,79,0,0
935.820894156109,197,445,0,0
935.8467179890741,4,255,0,0
935.9006881557373,19,767,0,0
935.9060676307145,247,350,0,0
935.9177577430133,7,56,0,0
935.9923500749027,385,140,0,0
936.0606371182013,98,48,0,0
936.0755316539255,6,252,0,0
936.0793517308971,14,457,0,0
936.0820942427328,13,84,0,0
936.0874276840547,2238,249,0,0
936.147212221284,35,37,0,0
936.1965697109878,14,161,0,0
936.2260329706291,16,579,0,0
936.4572349914788,10,316,0,0
936.4666632954089,65,355,0,0
936.4747831330125,16,173,0,0
936.4828357449701,4,105,0,0
937.10296160718,529,171,0,0
937.1033039590194,117,321,0,0
937.132343050081,4,314,0,0
937.1713684787507,18,230,0,0
937.1902809142861,7,300,0,0
938.5792444836444,10,230,0,0
938.7335221568945,67,7160,0,1
938.8060701559775,24,330,0,0
938.8091762731435,49,189,0,0
938.8526216488538,840,502,1,0
938.8610439085802,61,87,0,0
938.8795504559943,8,8,0,0
938.9044535398142,1004,767,0,0
938.9113335803779,832,770,0,0
938.9677417772454,7,162,0,0
939.3384697881003,67,311,0,0
939.4595394899054,217,588,0,0
939.4853912962191,21,53,0,0
939.4858422685354,11,201,0,0
939.6195883314326,38,200,0,0
939.7512342345782,192,368,0,0
939.7632581815732,27,53,0,0
939.770307783067,41,31,0,0
939.8303061945285,1744,532,0,0
939.8340916286367,23,745,0,0
939.9120812779862,18,264,0,0
939.914363685188,17,54,0,0
939.9174479360347,12,45,0,0
939.9354649692973,173,494,0,0
939.936593689931,1360,103,0,0
939.9541762476872,53,237,0,0
940.0018983807048,126,597,0,0
940.0033760684458,546,16,0,0
940.1036771536624,69,83,0,0
940.1097968440632,73,656,0,0
940.1591972405328,167,391,0,0
940.1855296514108,17,70,0,0
940.1930112125184,140,21,0,0
940.1996125504128,22,234,0,0
940.2003274924879,406,1800,0,1
940.205105078984,87,440,0,0
940.2092618404566,599,137,0,0
940.596845867464,8,129,0,0
940.7167283627587,30,158,0,0
940.7180811015012,17,181,0,0
940.7978992475972,78,246,0,0
940.8248365694587,8,86,0,0
940.8335338789783,990,342,0,0
940.8758350781618,13,453,0,0
940.9543228948746,287,769,0,0
940.9604339431318,17,191,0,0
940.9710647362191,5,361,0,0
940.9953688630499,425,770,0,0
940.9981788695297,17,160,0,0
941.0233832132244,188,81,0,0
941.0387102358342,14,148,0,0
941.043698062516,7,7,0,0
941.0473853943699,98,45,0,0
941.0790532788194,50,544,0,0
941.1713018875683,88,175,0,0
941.2045341850871,27,104,0,0
941.2081359308945,35,284,0,0
941.2809259860745,11,427,0,0
941.3055474294154,113,529,0,0
941.3598488773856,117,245,0,0
941.518226327363,42,497,0,0
941.5215286273485,13,403,0,0
941.5353216558735,501,160,0,0
941.5411770785632,11,250,0,0
941.5446663266024,14,436,0,0
942.3085602488563,41,404,0,0
942.4125566877542,45,291,0,0
942.4132142406216,36,7670,0,1
942.4530668928256,11,97,0,0
942.4594101261712,20,466,0,0
942.6132494044423,30,139,0,0
942.6342527844605,17,192,0,0
942.6472168815648,8,249,0,0
942.6706779362283,80,340,0,0
942.7075221347017,817,245,0,0
942.7265382545177,216,382,0,0
942.7384617024584,15,26,0,0
942.7523529718093,19,315,0,0
942.7991323828958,399,426,0,0
942.801312584091,7,310,0,0
942.8192390739471,19,285,0,0
942.8336178670636,258,58,0,0
942.8408729668317,18,92,0,0
942.9121747836921,210,191,1,0
942.9137886749455,35,340,0,0
942.9228824305874,48,242,0,0
942.9265441566095,728,32,0,0
942.9764156055194,118,293,0,0
942.9839263553362,8,272,0,0
943.003656947295,25,305,0,0
943.0406287460547,13,465,0,0
943.0415397271923,63,148,0,0
943.0834679211787,11,228,0,0
943.087921386798,629,472,0,0
943.0991189901805,7610,478,1,0
943.1137218066624,24,5120,0,1
943.1953539840056,10,317,0,0
943.2669188309346,9,271,0,0
943.7549213366914,26,361,0,0
943.7800086850684,154,364,0,0
943.7874097842208,25,521,0,0
943.7944594773091,16,543,0,0
943.855594443769,7,297,0,0
944.2155588044021,50,464,0,0
944.2496517001777,9,397,0,0
944.2557968190188,5,23,0,0
944.2859142894845,17,356,0,0
944.315002436619,306,468,0,0
944.334176268592,420,235,0,0
944.3386809718207,12,26,0,0
944.3388384555549,131,90,0,0
944.3454588606198,14,290,0,0
944.4743860585264,20,132,0,0
944.5012207631336,31,217,0,0
944.5015124029823,18,254,0,0
944.519725564302,57,308,0,0
944.5202983070105,58,251,0,0
945.2621332035145,129,131,0,0
945.2878863487008,160,233,1,0
945.2897929128239,8,7670,0,1
945.3698755825137,10,116,0,0
945.3740609650803,289,150,0,0
945.4255632115104,24,115,0,0
945.444352392267,19,88,0,0
945.446344304944,13,124,0,0
945.5088262039395,7,165,0,0
945.510305159667,12,195,0,0
945.730935207958,8,247,0,0
945.7511389192657,31,200,0,0
945.7537799820258,1127,644,0,0
945.7543906824808,226,233,0,0
946.1236053178159,8,82,0,0
946.3949835049398,441,225,0,0
946.3967081569435,30,472,0,0
946.7873797073534,490,365,0,0
946.8120354304834,54,472,0,0
946.8239718945005,18,516,0,0
946.83931156577,20,105,0,0
946.850239548102,63,429,0,0
947.1115365810709,15,292,0,0
947.1354227703047,950,281,0,0
947.1360006304794,8,138,0,0
948.035912428901,129,339,0,0
948.1295942421541,35,767,0,0
948.1319556932876,39,500,0,0
948.141229442859,10,80,0,0
948.1445612872639,30,767,0,0
948.1642470247,126,406,0,0
948.2019303012642,207,527,0,0
948.2300833705883,15,337,0,0
948.2359857539169,45,529,0,0
948.2400335211468,675,714,0,0
948.3278128060135,23,275,0,0
948.3427680356596,338,385,0,0
949.550395399442,16,231,0,0
949.5543912956781,692,6010,0,1
949.6330810283409,323,374,0,0
949.6528512175922,12,406,0,0
949.6572148354854,730,225,1,0
949.8870529291443,55,254,0,0
949.9097813430616,7,387,0,0
949.9131800021108,38,25,0,0
949.9231241281827,8,150,0,1
950.0438224341333,35,276,0,0
950.0456533266743,916,772,0,0
950.2827137929432,11,375,0,0
950.3476023252699,57,391,0,0
950.3583276950827,7,531,0,0
950.5859736213705,32,710,0,1
951.0598329433416,456,299,0,0
951.1150920337449,43,208,0,0
951.1399136964005,65,519,0,0
951.709886643433,17,331,0,0
952.0053119245578,1375,248,0,0
952.0084993467387,9,207,0,0
952.0207557331346,124,529,0,0
952.0328190813643,20,23,0,0
952.0411852600042,16,415,0,0
952.0422802213665,8,90,0,0
952.1399358111909,11,444,0,0
952.1610430782008,53,545,0,0
952.1827542515292,13,205,0,0
952.4350756084302,12,31,0,0
952.4413353908295,104,40,0,0
952.4575543039192,160,767,0,0
952.4877039168829,575,293,0,0
952.4957265506113,60,233,1,0
952.5103803734654,11,233,0,0
952.5863131058403,739,222,0,0
952.6040679279644,507,585,0,0
952.8231898851396,10,441,0,0
952.8276016111507,84,175,0,0
952.8539504510748,58,251,0,0
952.8551901524469,12,188,0,0
952.8696438276182,249,243,0,0
952.8744710711912,24,354,0,0
953.1073400653866,23,29,0,0
953.1803717736694,389,306,0,0
953.2273196917138,575,7,0,0
953.8052831212765,20,185,0,0
954.0771623836,7,75,0,0
954.1467832774687,82,144,0,0
954.1517145528007,29,687,0,0
954.152904508301,37,132,0,0
954.1699678924526,89,215,0,0
954.179211567347,13,68,0,0
954.1845540151174,9,212,0,0
954.195000729245,571,655,0,0
954.1958029499914,422,386,0,0
954.4944128340866,134,136,0,0
954.4965204517607,735,167,0,0
954.5016117038358,12,261,0,0
954.5543962021246,17,197,0,0
954.5552364194797,8,265,0,0
954.6576088064114,49,151,0,0
954.7633086644785,137,50,0,0
954.7733189141044,14,768,0,0
954.7756830755395,37,421,0,0
954.7830677085441,211,157,0,0
954.7836178221602,10,23,0,0
955.0311978094948,6,260,0,0
955.0511868331553,14,357,0,0
955.0556830037581,19,184,0,0
955.0589363137861,361,205,0,0
955.112237624364,11,344,0,0
955.420614627936,40,375,0,0
955.4222423334082,16,237,0,0
955.4283354863513,36,421,0,0
955.4289861781197,100,111,1,0
955.4936968553498,6,46,0,0
955.5179532255744,157,6370,0,1
956.8088178183161,20,265,0,0
956.8231329849403,28,65,0,0
956.8310496318087,30,10,0,0
956.8357687157657,8,105,0,0
956.9263776380275,5,270,0,1
956.9272061201816,125,462,0,0
957.0018582093186,101,578,0,0
957.0306453224144,18,21,0,0
957.0375774420789,23,189,0,0
957.0408455922834,22,391,0,0
957.1737543082698,57,767,0,0
957.7865711940258,105,589,0,0
957.7943272953399,13,227,0,0
957.843515514067,123,263,0,0
958.3334428235053,225,13,0,0
958.339015568708,87,769,0,0
958.3502105861196,511,564,0,0
958.3519969729758,99,31,0,0
958.3656323800363,13,496,0,0
958.3810924645604,13,95,0,0
958.3892533040895,14,295,0,0
958.3936933024492,17,87,0,0
958.3945882552744,130,511,0,0
958.3959937656405,75,614,0,0
958.3988185501332,27,272,0,0
958.4597724400454,259,496,0,0
958.4666356812747,137,135,0,0
958.4702155968506,265,438,0,0
958.5329811830587,1096,164,0,0
958.5855342983931,100,265,1,0
958.589837487354,145,239,0,0
958.5953231651915,27,1550,0,1
958.6586625093148,12,43,0,0
958.6947797973337,5,2000,0,1
958.6984623984931,21,586,0,0
958.7269732089658,6,167,0,0
958.7440363893134,6,236,0,0
958.8942584722739,15,109,0,0
958.8977202114185,4,221,0,0
958.9945879336868,399,426,0,0
959.0356695371269,67,297,0,0
959.0383130402313,26,224,0,0
959.1726906813414,1637,271,0,0
959.2746740429409,16,464,0,0
959.2761361855698,250,138,1,0
960.0646862426072,218,168,0,0
960.0667148843305,14,223,0,0
960.0698435389671,94,90,0,0
960.0795971986709,35,37,0,0
960.1580426584136,22,280,0,0
960.2129153796592,9,16,0,0
960.227975761522,2029,766,0,0
960.473071610294,30,437,0,0
960.5121732295329,956,491,0,0
960.7717566803781,66,244,0,0
964.713480312963,50,34,0,0
964.7396009624457,11,206,0,0
964.7397318579566,22,465,0,0
964.7473211095408,12,310,0,0
964.7496203389785,17,246,0,0
964.7711477743665,9,20,0,0
964.7929062335473,710,389,1,0
964.7946237934156,338,309,0,0
964.7965990942683,363,268,0,0
964.8074740845901,26,323,0,0
964.8198468848955,7,180,0,0
964.8199681341603,70,628,0,0
964.9370735340884,11,119,0,0
964.9562259368005,360,29,1,0
964.9739274405723,31,85,0,0
965.0058743322819,85,21,0,0
965.0083864769516,488,311,0,0
965.0247476586887,16,130,0,0
965.1582016884116,22,30,0,0
965.3021973481881,985,129,0,0
965.3461932251314,68,109,0,0
965.3567192906607,7,550,0,1
965.3604109659681,23,251,0,0
965.5917756750905,326,442,0,0
965.6415165767233,200,22,1,0
965.6494750578064,19,233,0,0
965.649744657685,158,183,0,0
965.6530889446934,4,98,0,0
965.6535174733534,268,4790,0,1
965.8559619399362,1588,54,0,0
965.8819671029011,1083,550,0,0
965.8862129269568,149,151,0,0
965.8967483731521,10,308,0,0
968.7165839938141,5,97,0,0
968.9089104924545,20,55,0,0
968.9102275799733,598,24,0,0
968.9242104119531,56,124,0,0
968.9258478959493,120,104,1,0
968.9264727738667,530,241,1,0
968.9518190887113,50,110,0,0
970.9686025816575,96,371,0,0
971.3498124392904,25,600,0,0
971.3694649454832,84,3530,0,1
971.3781093216944,29,920,0,1
971.4048709280062,80,55,0,0
971.5416034489365,6,453,0,0
971.542634483426,1424,767,0,0
971.5430972026808,12,301,0,0
972.2644544889414,137,145,0,0
972.2957142056273,371,517,0,0
972.7178609537632,24,570,0,0
972.7466339555566,1775,276,0,0
973.0752739776943,32,588,0,0
973.080700235861,7,239,0,0
973.1287129370563,6,316,0,0
973.5108633296488,34,226,0,0
973.6454902286953,123,140,0,0
973.6527820484745,59,4020,0,1
973.7579185572041,25,41,0,0
973.7627858276227,381,423,0,0
973.7638702561408,6,93,0,0
973.8145369425375,4,13,0,0
974.1001423726722,16,171,0,0
974.1966972883289,173,257,0,0
974.1982010132901,373,11,0,0
974.2986943937944,2253,215,0,0
974.3677839361117,21,248,0,0
974.3750519954485,14,305,0,0
974.3751840370467,69,195,0,0
974.5097165833731,102,97,0,0
974.6140259426165,874,4490,0,1
974.6623178715513,62,228,0,0
974.6629030555528,327,478,0,0
974.6638463082813,13,105,0,0
974.7979665953638,498,769,0,0
974.886587323402,634,333,0,0
974.9346737232125,10,108,0,0
974.9457335198556,308,766,0,0
974.985158360521,615,305,0,0
974.9913154324952,160,144,0,0
975.0010205164002,38,64,0,0
975.0042460902184,8,588,0,0
975.0343613917618,84,136,0,0
975.0422227544258,613,769,0,0
975.1618642900395,18,327,0,0
975.2373553995775,17,262,0,0
975.2409445848269,11,275,0,0
975.9369842379112,86,393,0,0
975.9389196998686,1053,224,0,0
975.983108024759,629,736,0,0
976.1389270887968,20,32,0,0
976.370132947322,66,25,0,0
976.3703558603252,1408,164,0,0
976.5028389107596,136,74,0,0
976.7077841670381,23,660,0,0
977.0249219069711,13,496,0,0
977.0251360971944,380,346,0,0
977.0298194526753,44,135,0,0
977.044638098299,88,756,0,0
977.0520539391723,4,19,0,0
977.3137845925821,6,402,0,0
977.3184425601306,8,42,0,0
977.527874685071,14,324,0,0
977.5831946145488,10,64,0,0
977.5841847578778,12,453,0,0
977.586675636663,22,277,0,0
977.5937468368271,88,623,0,0
977.6156377010454,10,264,0,0
977.7468656095974,612,324,0,0
977.759395593891,7,110,0,0
977.870388034283,43,30,0,0
977.8711642769362,31,559,0,0
977.8712049042878,18,86,0,0
977.8804025021011,24,49,0,0
977.9255372588434,21,145,0,0
977.9343001637061,6,50,0,1
977.9366959975231,7,290,0,0
977.9786884939524,94,426,0,0
978.8402476569248,454,274,0,0
978.8549211308994,17,109,0,0
978.8591453502748,11,159,0,0
978.8624720309261,1186,21,0,0
979.7829470712413,1540,210,1,0
979.799593971794,170,133,1,0
979.8609810329011,79,210,0,0
980.0680114305277,1852,65,0,0
980.2235989864258,36,339,0,0
980.2264536256985,1926,279,0,0
980.3485624867147,7,298,0,0
980.4461281579557,39,331,0,0
980.4941344179255,88,20,0,0
980.6300564514642,24,7700,0,1
980.6359291014365,1160,715,0,0
980.6514810835807,551,365,0,0
980.6577993166991,61,215,0,0
980.7400256078889,255,188,0,0
980.7449130959585,875,768,0,0
980.7845403751656,77,4570,0,1
980.7865638304729,1780,314,1,0
980.800701676622,57,48,0,0
980.8094530157679,18,629,0,0
980.8238124350672,13,360,0,0
980.8473514369849,1318,44,0,0
980.8598437685068,450,10,1,0
980.8714777300914,11,224,0,0
980.8717649033995,261,272,0,0
981.0363483090506,11,95,0,0
981.0415361962126,84,364,0,0
981.0525964738381,3594,770,0,0
981.0560457969224,24,24,0,0
981.1891679216507,34,511,0,0
981.1921251043301,625,134,0,0
981.2416016682963,40,730,0,0
981.4320663572483,42,23,0,0
981.9169252179308,564,658,0,0
982.1111995796452,17,171,0,0
982.1735007277259,4,244,0,0
982.1751472092094,24,238,0,0
982.4136562446068,77,58,0,0
982.6081242350172,7,582,0,0
982.704770809491,14,733,0,0
982.7949323528553,13,311,0,0
982.81607780066,244,607,0,0
982.8225683391156,13,282,0,0
982.9801383185505,42,703,0,0
983.2117012686663,210,255,1,0
983.2139918968559,15,110,0,0
983.3271932697688,109,65,0,0
983.3570574787556,76,7,0,0
983.4644586351427,7,329,0,0
983.496154229274,113,240,0,0
983.6646929094703,201,240,0,0
983.8067576004615,121,135,0,0
983.9147590512376,18,94,0,0
983.9159386307578,276,224,0,0
984.0112617074285,358,3590,0,1
984.0316730047032,17,93,0,0
984.0336351354349,28,386,0,0
984.1094221981746,10,42,0,0
984.1106387483031,204,188,0,0
984.220984656631,21,249,0,0
984.7628692108566,32,427,0,0
984.7697129953785,52,623,0,0
984.8859253590158,63,43,0,0
984.9317180346334,237,14,0,0
984.9998536099725,9,304,0,0
985.0011260443911,26,463,0,0
985.0640290227051,31,74,0,0
985.0885006668293,9,97,0,0
985.170124827786,232,161,0,0
985.1892504354046,17,453,0,0
985.355189992855,11,72,0,0
985.3876875284298,637,31,0,0
985.4604122417456,606,303,0,0
985.7464037299585,7,308,0,0
985.7735750002016,15,418,0,0
985.9096783779913,856,78,0,0
985.9394632066842,288,608,0,0
985.9929377860788,71,31,0,0
985.9996368886284,1715,627,0,0
986.0880764820768,9,580,0,1
986.304261677913,791,178,0,0
986.3204912329576,109,244,0,0
986.4123845452605,18,289,0,0
986.4570113808605,13,227,0,0
986.4591624602688,43,450,0,0
986.4976307528682,1088,38,0,0
986.7574183453024,57,260,0,0
986.7647665193899,469,168,0,0
986.7653356711842,8,92,0,0
986.7941040808785,1081,577,0,0
986.7995061981537,1415,464,0,0
987.6126292361641,17,208,0,0
987.6303853975301,360,114,1,0
987.6494661288542,5,604,0,0
987.6550456537863,4,203,0,0
987.6865975836353,24,153,0,0
987.6929470947191,11,240,0,0
987.6962112184599,28,438,0,0
987.7132873910014,1058,453,0,0
987.7172051473741,94,337,0,0
987.9759654686239,542,30,0,0
987.9779134695533,14,318,0,0
987.9946491123115,179,124,0,0
987.9996425302331,314,337,0,0
988.0009249248193,48,535,0,0
988.5087956077366,9,288,0,0
988.5091066082967,110,104,1,0
988.8459081072837,68,410,0,0
988.8471169047637,1011,376,0,0
988.8702239274617,498,108,0,0
990.5172861339825,687,300,0,0
990.5175829728615,20,366,0,0
990.518892095922,40,182,0,0
990.773059235245,29,9,0,0
990.8002525047681,43,124,0,0
990.8068815160576,9,263,0,0
990.8250653934834,106,428,0,0
990.827983368076,15,252,0,0
990.8525998688067,680,240,0,0
991.2155201960005,117,520,0,0
991.2246646259167,8,245,0,0
991.2501060250606,1443,150,0,0
991.4551260462883,28,687,0,0
992.4095547840537,2486,57,0,0
992.415669245797,9,97,0,0
992.4505895475813,16,2200,0,1
992.4570150121582,101,53,0,0
992.462489378831,6,140,0,0
992.4713280804735,86,350,0,0
992.4769332602494,20,248,0,0
992.4775843710016,276,58,0,0
992.477976085801,624,438,0,0
992.4826009993341,20,230,0,1
992.5076928683549,6,145,0,0
992.7170528729788,11,586,0,0
992.7239031736261,15,631,0,0
992.7378568377862,2725,106,0,0
992.8085566603285,17,262,0,0
992.891162878917,3675,171,0,0
992.9066337245313,10,206,0,0
992.9240822706112,170,316,1,0
993.6840325164003,5,105,0,0
993.694089426216,39,279,0,0
993.7015059572936,26,115,0,0
993.7023067887889,39,242,0,0
993.7475482624728,7,114,0,0
993.7591025660798,24,277,0,0
994.5746747983311,392,351,0,0
994.5847255850638,27,434,0,0
994.6797282776063,11,97,0,0
994.8001556163591,22,307,0,0
995.2882012323568,49,333,0,0
995.2896894830446,30,5740,0,1
995.7047638242676,54,485,0,0
995.7246402187784,1397,200,0,0
995.7404269579779,320,401,1,0
995.7509756378988,19,79,0,0
995.7599140333054,8,381,0,0
995.7697873103718,19,768,0,0
995.769988482148,19,88,0,0
995.8225512334989,160,112,1,0
995.844435691506,9,205,0,0
995.8474480204768,235,9,0,0
995.864536917649,156,6350,0,1
997.6009833069,28,97,0,0
997.6417152393258,1044,64,0,0
997.6507811698835,7,299,0,0
998.199651080175,7,70,0,0
998.2037334407314,1008,208,0,0
998.2180603961324,18,209,0,0
998.2246225182862,9,49,0,0
998.2368028132056,8,57,0,0
998.3175814304412,40,90,0,0
998.3777077197904,5,429,0,0
998.3823427412132,30,508,0,0
998.3973591192932,9,1980,0,1
998.4201827861449,22,340,0,0
998.4288798755088,333,329,0,0
998.4468631503128,14,202,0,0
998.4515864752029,14,457,0,0
998.4561820686918,2026,95,0,0
998.4772206178228,96,225,0,0
998.4797928555388,66,462,0,0
998.5233732026859,138,3090,0,1
998.5365792937862,7776,416,1,0
998.5397717704429,53,2950,0,1
998.5456010818677,14,96,0,0
998.5531763059487,22,144,0,0
998.5672567885255,6,57,0,0
998.5912635163003,25,493,0,0
998.6040650839158,118,260,0,0
998.6076073647646,22,453,0,0
998.9198140008017,167,280,0,0
999.0316522367091,36,339,0,0
999.0554741694926,10,221,0,0
999.1777671444571,19,375,0,0
999.2140326832805,34,224,0,0
999.2256368920041,192,368,0,0
999.2482867372752,9,263,0,0
