arrived_at,num_prefill_tokens,num_decode_tokens,prefill_inflated,decode_inflated
0.0,257,386,0,0
0.00010877455904734212,46,194,0,0
0.0417483043688458,15,91,0,0
0.047545144975718934,301,450,0,0
0.05484280443128653,75,169,0,0
0.06656703785155282,29,19,0,0
0.06688458784929141,113,90,0,0
0.07823197491729794,12,225,0,0
0.081429656704878,34,148,0,0
13.970413723439584,906,457,0,0
13.998758010206709,298,146,0,0
14.00767172135529,17,294,0,0
14.017952514612388,157,647,0,0
14.022695940170243,1020,768,0,0
14.024882984816848,10,321,0,0
14.033141545360063,12,204,0,0
14.08045255524113,18,228,0,0
14.091650665590869,101,768,0,0
14.214182352399233,8,260,0,0
14.226282867237403,511,537,0,0
14.245224672321235,25,445,0,0
14.642446133098426,13,208,0,0
14.696127357615017,243,11,0,0
14.70269657553405,371,291,0,0
14.715214659414219,7,80,0,0
14.7684063675425,650,337,1,0
15.633664885211092,12,123,0,0
15.64418839312644,320,466,1,0
15.655274967942505,183,322,0,0
15.789226691220426,47,126,0,0
15.79229133816113,246,583,0,0
15.80235983871715,53,571,0,0
15.907777500730491,13,218,0,0
15.965379212807639,467,145,0,0
15.987048277755532,179,85,0,0
16.055976173437422,55,289,0,0
16.0560392458154,111,608,0,0
16.19517719670799,10,767,0,0
16.19782455623624,18,574,0,0
16.198465773184264,22,626,0,0
16.22983237773115,9,342,0,0
16.30308704985608,211,352,0,0
16.31050065872115,49,428,0,0
16.31259667928674,12,73,0,0
16.331609279443384,245,295,0,0
16.347847335748973,20,286,0,0
16.64792718111852,12,98,0,0
16.728379784519436,24,363,0,0
16.75496841106745,351,121,0,0
16.921655555514327,13,219,0,0
16.93361840723912,75,88,0,0
16.93645060530285,11,308,0,0
16.99448111378064,408,430,0,0
17.0523354898423,24,89,0,0
17.06407775143988,177,96,0,0
17.067848355069163,232,359,0,0
17.096384173033172,53,56,0,0
17.096507251116837,74,698,0,0
17.168251076873528,65,295,0,0
17.216462152523537,26,136,0,0
17.21714269704844,28,213,0,0
17.23754319435073,28,67,0,0
17.240167071183784,336,270,0,0
17.322214243003494,47,769,0,0
17.322522913079265,52,234,0,0
17.325420456212406,800,240,0,0
17.400010887639002,22,293,0,0
17.58231101043989,22,271,0,0
17.582551962207045,13,270,0,0
17.58921631316967,67,226,0,0
17.623991094286616,918,138,0,0
17.629326793739153,7,96,0,0
18.063799323944952,87,354,0,0
18.065465279549077,60,46,0,0
18.102133708967393,17,34,0,0
18.104350456888245,36,240,0,0
18.404649306657472,30,261,0,0
18.42192930729602,50,69,1,0
18.430500022045216,20,43,0,0
18.43108072399961,13,214,0,0
18.952473344716125,15,83,0,0
19.033794764175173,142,63,0,0
19.115243998419313,23,311,0,0
19.29091532319572,890,736,0,0
19.32719673050386,8,263,0,0
19.332221396771235,9,479,0,0
19.335862802529356,12,2900,0,1
19.339504508698866,1528,303,0,0
19.61900301296201,782,683,0,0
19.619975488707716,11,394,0,0
19.625450055976415,15,360,0,0
19.63494124996228,770,22,0,0
19.663219425059307,22,366,0,0
19.720247918933264,66,709,0,0
19.72173179590809,51,312,0,0
19.72229892141674,85,376,0,0
19.74018501995585,11,66,0,0
19.94456479571595,101,195,0,0
20.026585226901886,923,635,0,0
20.05436071269961,1862,744,0,0
20.063929830050792,51,52,0,0
20.09636747566676,14,400,0,0
20.10745900936003,80,535,0,0
20.199964261187983,41,94,0,0
20.203648108166174,6,133,0,0
20.22725012465003,1070,396,0,0
20.241708762140995,6,26,0,0
20.2952028444908,30,466,0,0
20.323482122362023,7,302,0,0
23.283413995009276,875,768,0,0
23.64487775034637,27,237,0,0
24.004957880152432,59,144,0,0
24.00526327327168,21,114,0,0
24.014399239981266,372,256,0,0
24.01974140511533,176,591,0,0
24.072109391523696,1999,222,0,0
24.072298544211204,20,326,0,0
24.26131793687038,7,427,0,0
24.4137652243206,920,626,0,0
24.415099929652,28,508,0,0
24.41764906749495,42,144,0,0
24.42128370083606,110,226,0,0
24.440960575258366,49,37,0,0
24.505987043310817,35,328,0,0
25.59021599436169,43,104,0,0
25.602373678371325,92,681,0,0
25.686125454354293,47,342,0,0
25.71074862457548,21,406,0,0
26.320288778133786,1498,5490,0,1
26.39990102856217,27,53,0,0
26.678550094019922,5,421,0,0
26.680640800168142,45,138,0,0
26.692925699792912,128,251,0,0
26.696469881895446,692,578,0,0
27.062511510560853,25,422,0,0
27.129742350241532,74,27,0,0
27.139544124409948,2822,151,0,0
27.146844432010283,564,37,0,0
27.19441346655882,93,384,0,0
27.19884994624319,13,536,0,0
27.201655706408726,125,140,0,0
27.24890327730346,2445,250,0,0
29.736609384215413,468,4,0,0
29.747639012698674,29,600,0,1
29.753575518413918,19,27,0,0
29.755309705196638,208,550,0,0
29.756559313747953,12,192,0,0
29.80812305453573,4,104,0,0
29.907057585105363,19,179,0,0
29.925436456300666,395,496,0,0
29.96052954597774,68,734,0,0
29.983282282240577,8,120,0,0
30.007093622544044,2478,255,0,0
30.007946221629993,127,566,0,0
30.01516449451973,46,365,0,0
30.03771620404751,11,280,0,0
30.041484107364123,28,245,0,0
30.048442808028184,50,271,0,0
30.05194928526683,18,2050,0,1
30.061210719394296,14,282,0,0
30.160602439065908,20,249,0,0
30.16860443943955,7,141,0,0
30.18186919948392,23,251,0,0
30.27373133970157,16,74,0,0
30.339253780184148,107,161,0,0
30.87478938487315,8,400,0,0
30.875065174231835,22,19,0,0
30.97520526842199,7,565,0,0
30.98208296698569,43,255,0,0
31.00570632327906,977,68,0,0
31.10208558279685,36,234,0,0
31.25957504821938,7,479,0,0
31.40382587530355,81,518,0,0
31.428433728819282,815,351,0,0
31.879754181135237,139,443,0,0
31.890000349360474,291,2200,0,1
31.903611487416843,8,128,0,0
31.992871592478327,6,57,0,0
31.998861688500906,15,287,0,0
33.358079637514145,8,20,0,0
33.496634364621535,6,162,0,0
34.89631994324249,30,392,0,0
34.91343012796688,981,139,0,0
34.92181706313491,12,339,0,0
34.94701969083196,20,147,0,0
35.02543390888664,121,3510,0,1
35.031007262092864,6622,1570,1,1
35.06956881542284,1327,305,0,0
35.087017141209685,1477,196,0,0
35.543803492801025,7,223,0,0
35.54859789310631,849,267,0,0
35.69482717325779,8,189,0,0
35.69980565606464,11,122,0,0
35.70244778200154,8,217,0,0
35.70680682877575,118,387,0,0
35.70847625591093,963,557,0,0
35.73265691200511,39,14,0,0
35.87459257119149,132,240,0,0
35.8996578109342,10,148,0,0
35.9625550634658,167,767,0,0
36.434659700472665,11,278,0,0
36.465626175011764,60,423,0,0
36.492286512679215,29,710,0,0
36.50269612168584,636,504,0,0
36.50341963790785,14,280,0,0
36.585881022826705,56,554,0,0
36.586418930342774,24,167,0,0
36.6529856755218,1998,40,0,0
36.670520898276976,1880,349,0,0
36.842335355943,131,152,0,0
36.85809278180435,187,781,0,0
36.86157076276789,14,84,0,0
36.89848778648276,31,165,0,0
36.90437262903941,2200,290,1,0
36.91693792354285,33,519,0,0
36.93655879425905,12,200,0,0
36.95034616259414,17,400,0,0
36.9627158350667,10,226,0,0
36.96613010019968,1240,221,0,0
36.978491574072,13,450,0,0
36.978742191183734,8,366,0,0
36.99191543867698,68,223,0,0
36.99355879433875,233,238,0,0
37.16314809559184,9,334,0,0
37.391915492445335,13,286,0,0
37.39228000317088,18,482,0,0
37.41639142924671,9,279,0,0
37.430406376403106,69,343,0,0
37.432630629112545,649,89,0,0
37.484886829094016,16,273,0,0
37.49205372884357,26,477,0,0
37.49257978572477,8,208,0,0
37.503165431955985,530,462,1,0
37.516580063557804,16,238,0,0
37.538905223587555,186,49,0,0
37.54044307500838,18,608,0,0
37.60226228220777,13,342,0,0
37.68081472280487,1679,831,0,0
37.682639025273,114,359,0,0
37.68747044865576,10,339,0,0
37.70283676142366,6,180,0,0
37.70865502349755,10,254,0,0
38.29879601567259,17,219,0,0
38.32617009322235,30,328,0,0
38.32856103702795,23,660,0,0
38.332291880735724,23,23,0,0
38.34837727612979,32,233,0,0
40.12845067001716,23,273,0,0
40.141083811216305,3267,222,0,0
40.16436871156802,19,2440,0,1
40.214816707126246,3540,130,0,0
40.2314698737493,179,67,0,0
41.95852673689717,1398,305,0,0
41.96475939163944,536,137,0,0
42.044697965158704,78,318,0,0
42.06956960510555,7,294,0,0
42.13207450830602,9,181,0,0
42.13378977116874,9,341,0,0
42.753391964625735,1394,510,0,0
42.76754313374737,13,212,0,0
42.786863867028515,5400,349,1,0
42.789645114992,1106,267,0,0
42.79383830474583,10,276,0,0
42.84961360506475,606,303,0,0
42.97939507437321,14,226,0,0
43.0607939646496,41,773,0,0
43.26330467136489,37,44,0,0
43.33863102706158,107,430,0,0
43.35773270010578,330,259,0,0
43.453882196790126,15,171,0,0
43.51303114090293,40,437,0,0
43.52778790743245,7,341,0,0
43.604879767254914,419,346,0,0
43.84097778482752,110,464,1,0
43.86982446476884,54,457,0,0
43.87867468252186,29,55,0,0
43.95463985697316,7,315,0,0
44.762424695497636,626,767,0,0
44.77426759123677,540,288,1,0
44.78927033368403,26,292,0,0
44.80300684289764,48,248,0,0
45.01128762321411,8,342,0,0
45.011745321875765,10,133,0,0
45.04925290015234,190,620,1,1
45.245108977442705,13,270,0,0
45.24865591977195,130,476,0,0
45.60319092085672,1299,729,0,0
45.65583060440512,6,6330,0,1
45.661848757539424,50,444,0,0
45.68899210255483,319,765,0,0
45.68983060986123,28,242,0,0
45.695652996109864,444,246,0,0
46.39256551609635,141,343,0,0
46.39558547783493,150,215,1,0
47.117564239340005,383,119,0,0
47.132892605083185,109,510,0,0
47.264810276470556,41,287,0,0
47.284510821537594,4,155,0,0
47.28471472454975,87,118,0,0
47.290455243619256,23,277,0,0
47.31683401181581,19,139,0,0
47.318639719963656,5,25,0,0
47.31985871989222,2859,768,0,0
47.35739184825088,6,110,0,0
47.362315361047955,94,94,0,0
47.362922618655375,60,304,1,0
47.36751602518089,48,47,0,0
47.46843595265844,606,481,0,0
47.47543210350165,130,514,0,0
47.59245825200907,8,2870,0,1
47.97521428006351,15,207,0,0
47.99447144237053,11,243,0,0
47.99635560891474,86,80,0,0
47.99769166501729,47,769,0,0
48.01481332880864,36,4590,0,1
48.1199187242108,25,4110,0,1
48.15082264045188,33,40,0,0
48.20473537102764,30,90,0,0
48.21217014884875,17,392,0,0
48.245077556096405,203,63,0,0
48.252107893691175,4390,335,1,0
48.261516571657864,29,514,0,0
48.26287776165057,1001,521,0,0
48.26365533777071,13,210,0,1
48.27053754125647,20,199,0,0
48.27250679286689,48,227,0,0
48.27515891683986,1240,303,1,0
48.34421694813367,869,29,0,0
48.358782953518684,28,408,0,0
54.48972708026756,10,193,0,0
54.604796593574385,6,536,0,0
54.609882519121385,20,68,0,0
54.69541249782758,38,271,0,0
54.732247923428446,356,64,0,0
54.73682696677223,13,151,0,0
54.900528064913594,9,250,0,0
54.90435550058979,76,362,0,0
54.90439529971899,14,245,0,0
54.99271664168012,253,56,0,0
54.99796719791874,110,380,1,0
55.35042370946764,18,292,0,0
55.35534469019272,860,772,1,0
55.35704386676568,4,27,0,0
55.75636885424594,10,267,0,0
55.75846868260618,19,382,0,0
55.78557155301564,600,48,1,0
56.11333975262285,14,532,0,0
56.13602799753913,39,209,0,0
56.15138670274701,9,465,0,0
56.17353363820586,49,260,0,0
56.2701704325876,36,186,0,0
56.273764296559854,29,4,0,0
56.33496350509677,10,127,0,0
56.39218920476138,25,305,0,0
58.30872834849372,45,126,0,0
58.317933849111114,40,337,0,0
58.320829449680396,97,132,0,0
58.39941802246556,78,651,0,0
58.4075722601964,8,610,0,0
58.439743876778095,8,42,0,0
58.46326750338232,2256,318,0,0
58.64999310741028,13,670,0,0
58.6548440706342,38,260,0,0
58.66984771607142,8,249,0,0
58.66995726619992,50,767,0,0
58.67299959862364,8,445,0,0
59.062759098341864,15,34,0,0
59.067376538296564,31,678,0,0
59.0718131840174,44,219,0,0
59.07339257275061,18,194,0,0
59.13093490199902,9,560,0,0
59.156695151458706,205,141,0,0
59.158375697120185,79,160,0,0
59.226938695474225,231,209,0,0
59.25729681520403,22,187,0,0
59.338822573033696,75,301,0,0
59.34382485019784,19,369,0,0
59.92722293459382,60,234,0,0
59.968182586008396,11,248,0,0
59.982465631794156,100,38,1,0
59.988858504277076,22,173,0,0
59.999916983841395,605,708,0,0
60.100444978957576,338,1080,0,1
60.11098225294027,19,632,0,0
60.26687059670067,120,412,1,0
60.324509895366305,22,262,0,0
60.59113474319584,13,243,0,0
60.68306780427187,34,291,0,0
60.69897821608239,17,100,0,0
60.69937441945757,204,407,0,0
60.73216015141442,163,106,0,0
60.819604652971954,38,384,0,0
60.84459867859458,59,94,0,0
60.89950978837253,8,131,0,0
60.90653574979218,15,326,0,0
60.91496659555331,9,196,0,0
60.91770691409749,27,386,0,0
61.192674456778114,78,458,0,0
61.217444643597254,33,216,0,0
61.22418343161443,4,48,0,0
61.22544095880311,13,291,0,0
61.238720674108535,11,66,0,0
61.56187003771567,23,21,0,0
61.607323797979305,30,163,0,0
61.611560601559695,70,242,0,0
61.92633059070344,2556,767,0,0
62.24048121227716,17,70,0,0
62.36878548849208,7,313,0,0
62.45618467675215,15,339,0,0
62.63821182070751,898,197,0,0
62.691695168601335,7,325,0,0
62.7767123944914,87,688,0,0
62.78050404565287,78,460,0,0
63.14262123240283,8,246,0,0
63.17127292839935,738,385,0,0
64.20536166894787,360,65,1,0
64.2056653905776,53,301,0,0
64.27963615906367,43,293,0,0
64.4081164274777,19,203,0,0
64.41720471988478,2897,89,0,0
64.46180503272653,108,215,0,0
64.54240554901897,80,1210,0,1
64.59966629245096,24,254,0,0
64.60579837085068,329,390,0,0
64.61938351153292,2036,530,0,0
64.75789194178225,19,442,0,0
64.99006718074058,2384,159,0,0
65.01206197818638,28,78,0,0
65.03311232880634,24,404,0,0
65.06005860103238,8,194,0,0
65.20382398288191,86,249,0,0
65.20601589729358,35,159,0,0
65.20728045268422,22,232,0,0
65.2304185892731,20,95,0,0
65.2323920618541,56,97,0,0
65.23796896320734,26,271,0,0
65.25941293852685,61,279,0,0
65.30677692302946,15,102,0,0
65.30889110632127,993,358,0,0
65.39855455051699,6,189,0,0
65.39907421235735,28,477,0,0
65.45278878612369,2706,164,0,0
65.45355782693221,60,302,1,0
65.45496700340803,7,76,0,0
65.52015635377063,38,429,0,0
65.52816184581245,35,103,0,0
65.53183751667243,25,62,0,0
65.53925098759217,17,1470,0,1
65.58498843803129,50,2300,1,1
65.60118434681583,260,136,1,0
65.61819920048015,15,332,0,0
65.76696973157277,9,561,0,0
65.77127599715374,19,29,0,0
65.77829755354267,16,557,0,0
65.78464461726962,10,420,0,1
65.97156758221462,18,194,0,0
66.10262867538863,64,9,0,0
66.33937882575101,8,207,0,0
66.35624569071636,65,239,0,0
66.36943289721238,11,84,0,0
66.46875799145143,1337,191,0,0
66.47695712840165,2889,224,0,0
66.57198640085156,22,27,0,0
66.64880430666568,41,132,0,0
66.65326907010613,56,465,0,0
66.6685478192788,74,235,0,0
66.68276356598642,274,173,0,0
67.26073995518239,11,107,0,0
70.45304633178958,952,223,0,0
70.46782223600259,13,529,0,0
70.48638173282738,8,445,0,0
70.4865699202938,26,319,0,0
70.5141175599688,648,319,0,0
70.53191022532592,31,538,0,0
70.5340212314605,79,249,0,0
70.62085891971965,23,269,0,0
70.62164660602033,23,481,0,0
70.63338830304778,22,34,0,0
70.65720926108264,528,273,0,0
70.65869342615427,7,345,0,0
70.7588098495603,455,505,0,0
70.90781423781483,48,572,0,0
70.90894174656393,22,334,0,0
70.91002197773041,10,220,0,0
70.97020385264923,24,573,0,0
70.98718083167975,4410,183,1,0
70.9887808994408,40,650,0,0
70.99877903661138,38,404,0,0
71.01333235298613,340,188,0,0
71.02688760928613,3288,200,0,0
71.12131484599807,21,95,0,0
71.1602247476023,929,466,0,0
71.78150350813567,40,604,0,0
72.06340938421783,154,85,0,0
72.13350076307788,174,151,0,0
72.28905757388343,608,1960,0,1
72.54386080382537,21,554,0,0
72.6179183122248,8,392,0,0
72.61947314453465,882,108,0,0
72.72012691187051,10,231,0,0
72.74097781853568,28,207,0,0
73.20063192563177,46,443,0,0
73.22238599052362,26,692,0,0
73.27405391434033,16,163,0,0
73.308941535461,100,1020,0,1
73.82970881828037,20,748,0,0
73.85542748075706,30,48,0,0
73.86595268153559,14,240,0,0
73.89943561492468,145,334,0,0
73.90692761446542,22,688,0,0
73.93187903441421,10,282,0,0
73.94965608259572,758,409,0,0
73.98072156739754,1767,244,0,0
74.82579230086644,194,775,0,0
74.83380855395876,21,333,0,0
74.85323817332878,30,350,0,0
74.86534620205204,10,436,0,0
74.93462059576048,969,723,0,0
74.9363190235475,26,298,0,0
74.94083396982677,46,291,0,0
74.95750834390218,91,92,0,0
75.01130159198725,1761,191,0,0
75.02775100572424,1245,124,0,0
75.03438548189726,1123,388,0,0
75.03757285612231,23,180,0,0
75.08779005259282,1903,147,0,0
75.41065994880194,26,275,0,0
75.44507875967787,361,767,0,0
75.47136701592427,9,89,0,0
75.51520927936707,7,103,0,0
75.51794815210218,10,490,0,0
75.52762273848239,24,194,0,0
75.53818195852594,36,289,0,0
75.5707500546832,25,615,0,0
75.58767520799803,8,117,0,0
75.5892593646018,13,159,0,0
75.76054120147123,23,660,0,0
76.29308713149558,342,279,0,0
76.30374670096545,586,162,0,0
76.34381293906276,162,142,0,0
76.37460249139406,990,342,0,0
76.46127870480879,377,142,0,0
76.4622141675727,271,395,0,0
76.91656593038252,2045,769,0,0
76.92364503615252,26,594,0,0
77.1498190199797,332,4,0,0
77.17102311973206,7,40,0,0
77.17930227539489,14,86,0,0
77.19292782749312,11,266,0,0
77.30147644389798,218,232,0,0
77.3046865371917,220,561,0,0
77.31320721958143,520,2080,1,1
77.32008634696875,6,82,0,0
77.32067023588134,2664,535,0,0
77.56382616055078,54,520,0,0
77.62125978499483,13,156,0,0
77.63855140887398,23,302,0,0
77.82351845329337,298,498,0,0
77.82618288969918,6,55,0,0
77.84176233801358,10,661,0,0
78.41063574818406,10,362,0,0
78.53865556690558,39,90,0,0
78.53886611344595,230,124,0,0
78.53888913532283,69,606,0,0
78.54115293468226,33,288,0,0
78.6918721908794,1131,570,0,0
78.69888655932961,15,325,0,0
78.71056055912072,32,248,0,0
78.77147042376976,15,561,0,0
78.7745427888532,17,578,0,0
78.80216466435395,8,165,0,0
78.89013931481703,251,379,0,0
78.93605830214933,23,76,0,0
78.97589319314335,247,142,0,0
78.98130595801163,631,5050,0,1
79.03177835279018,24,412,0,0
79.03945046614498,24,676,0,0
79.28481528500313,15,305,0,0
82.36590228513064,270,767,1,0
82.37001071321389,58,756,0,0
82.3702438448817,24,153,0,0
82.37794963851452,10,99,0,0
82.4162915070785,21,336,0,0
82.5636863382322,64,41,0,0
82.71984667597192,24,163,0,0
82.72360867143846,14,668,0,0
82.72730145887756,12,202,0,0
82.95487059695547,1888,181,0,0
82.95690068031004,10,133,0,0
83.11660353986765,22,349,0,0
83.12806598904821,25,730,0,0
83.21163388573217,5,75,0,0
83.28571655974466,690,117,0,0
83.37101508970262,64,103,0,0
83.46411801947018,462,45,0,0
83.46661247454414,131,310,0,0
83.49932946326243,11,242,0,0
83.51788590664816,10,218,0,0
83.55132308200768,5,341,0,0
83.76390959955863,82,377,0,0
83.7744018378785,30,360,0,0
83.77874634107562,35,161,0,0
83.782952800517,78,179,0,0
83.79264397382387,305,321,0,0
83.87393806705755,315,142,0,0
83.87747486225958,10,148,0,0
84.0608195734447,20,399,0,0
84.0930772223186,188,759,0,0
84.10455749814335,12,3160,0,1
84.1058155322917,46,182,0,0
84.13526626022555,29,348,0,0
84.20720327221346,366,319,0,0
84.20773126148475,73,54,0,0
84.40346815962019,14,86,0,0
84.89050817568918,121,388,0,0
84.92601968508463,10,142,0,0
84.97427056456404,128,461,0,0
87.22777599434578,1024,461,0,0
87.43978603139907,745,273,0,0
87.44278221054999,7,256,0,0
87.46023608902526,25,48,0,0
87.47341990642863,16,510,0,0
87.48676433104991,89,99,0,0
87.48692383551273,511,591,0,0
87.56893553711626,543,567,0,0
87.57398549561061,106,312,0,0
87.59901750014212,14,385,0,0
87.61276110439915,26,126,0,0
87.71579345397554,14,322,0,0
87.72577996093574,972,223,0,0
87.72945658933682,10,247,0,0
87.78179325650797,17,128,0,0
88.0814458039082,57,100,0,0
88.09096424316421,6,283,0,0
88.3703932651865,18,143,0,0
88.40087777130586,138,405,0,0
88.40709542917753,85,347,0,0
88.78823584746212,1772,2500,0,1
88.79174578972258,1713,52,0,0
88.92887843301898,11,18,0,0
88.93554083664908,92,163,0,0
88.97994306026946,45,221,0,0
88.98147197116337,13,333,0,0
88.98485126585273,12,388,0,0
89.13671093419907,82,375,0,0
89.16299823497319,127,151,0,0
89.18247920886425,96,104,0,0
89.18996671493609,18,289,0,0
89.23403822775478,90,474,0,0
89.23514153659717,11,412,0,0
89.23706279765192,91,298,0,0
89.25022397686553,21,68,0,0
89.25362572751524,16,187,0,0
89.25807021571569,20,546,0,0
89.27371043479023,29,313,0,0
89.28741610449858,220,13,0,0
89.29897943418774,35,92,0,0
89.80339652984776,25,330,0,0
89.93971636570606,208,411,0,0
90.15081411552787,2725,106,0,0
90.1678705625327,6,48,0,0
90.17444693754005,36,293,0,0
90.1754321025821,7,234,0,0
90.18442628031067,184,5,0,0
90.18470457942993,3042,103,0,0
90.19031917536711,8,293,0,0
90.27352606307133,17,293,0,0
90.73568680046088,14,266,0,0
90.86015697083494,44,395,0,0
90.86337784039844,22,372,0,0
90.91170961985421,27,66,0,0
90.91543259905548,10,395,0,0
91.00901102254315,15,272,0,0
91.02345286749525,127,294,0,0
91.12386193202609,26,237,0,0
94.22226897998135,203,624,0,0
94.33646322077878,238,144,0,0
96.25199805457139,16,157,0,0
96.27773009396334,9,334,0,0
96.28706179033223,714,732,0,0
96.54695245884547,8,104,0,0
97.11463671038328,37,261,0,0
97.12058333084954,1667,134,0,0
97.14161682632427,19,223,0,0
97.1426409048417,113,104,0,0
97.15473552215158,130,208,1,0
97.26138171167136,179,135,0,0
97.27656328761425,20,20,0,0
97.28234333536068,9,59,0,0
97.28342486076284,398,2110,0,1
97.3211135963221,13,344,0,0
97.41005107052318,11,304,0,0
97.46954377100164,17,40,0,0
97.49961243770751,27,659,0,0
97.5010240345271,22,221,0,0
98.11286325723337,27,42,0,0
98.12897872480055,348,90,0,0
98.14248641757668,25,582,0,0
98.22064261524588,233,601,0,0
98.22088108323099,1102,40,0,1
98.23674294796224,9,287,0,0
98.25046869002558,50,486,0,0
98.28846232033841,33,245,0,0
98.55544184104606,38,171,0,0
98.6018396629483,313,543,0,0
98.60230205389385,68,24,0,0
98.61146070356885,122,422,0,0
98.63867971434132,205,595,0,0
98.66289990806962,139,415,0,0
98.66429133036056,511,591,0,0
98.66493881201329,605,34,0,0
98.71904096691442,139,444,0,0
98.75491172568007,77,445,0,0
98.77220383213115,85,416,0,0
98.77277618950184,11,218,0,0
99.39978023495067,33,192,0,0
99.39983484074754,2983,212,0,0
99.40854646009984,11,271,0,0
100.59077333239985,13,73,0,0
100.60394410952472,92,582,0,0
100.6326468524007,10,359,0,0
100.63435354847189,296,313,0,0
100.90753392877258,51,49,0,0
100.90889409434526,19,90,0,0
100.93890889469286,1762,464,0,0
100.96254235579477,280,140,1,0
100.96474884608128,13,120,0,0
101.07110687793758,12,291,0,0
101.07216970907922,524,121,0,0
101.07676891283789,34,84,0,0
101.09380694195563,66,421,0,0
101.10171479929402,23,295,0,0
101.1477067137189,801,85,0,0
101.2622510472475,76,61,0,0
101.27227828063256,247,502,0,0
101.27838824122021,44,477,0,0
101.28480488881559,14,213,0,0
101.29349047045854,186,211,0,0
101.3846079855306,79,60,0,0
101.3962856996039,623,282,0,0
101.43706323496056,5,53,0,0
101.4521007293226,13,385,0,0
101.45543389300454,102,483,0,0
101.55695753912886,1318,44,0,0
101.55922071649991,24,47,0,0
101.57749048778768,19,26,0,0
101.9306429855335,50,640,0,0
101.93267015034908,52,352,0,0
101.9488291187878,37,89,0,0
101.94958739319931,43,559,0,0
101.95610182319705,53,315,0,0
101.95700997197758,21,272,0,0
101.96576543543607,24,213,0,0
101.97191423786789,12,742,0,0
101.99540942238653,23,490,0,1
102.42440820152065,14,268,0,0
102.45618769719404,80,364,0,0
102.52349045165695,1171,31,0,0
102.53979506963873,12,258,0,0
102.55086026940809,19,476,0,0
102.55426405632086,1430,171,1,0
102.55475626063136,80,22,1,0
102.57545541805433,1297,135,0,0
103.044688347645,47,25,0,0
103.0914681718005,16,116,0,0
103.0976701874326,51,186,0,0
103.5863290120033,370,86,0,0
103.5939248863784,9,154,0,0
103.59915887083451,44,406,0,0
103.600754811873,440,135,1,0
103.60338946198479,25,244,0,0
103.61441403309819,1106,157,0,0
104.5976937107529,1820,41,1,0
104.60964094528768,38,768,0,0
104.61193385047814,27,124,0,0
104.61731022894227,165,218,0,0
104.62886535019186,16,225,0,0
104.62945357175738,201,240,0,0
104.65269901517188,16,630,0,0
104.72597179812318,14,238,0,0
104.76024887233763,15,400,0,0
104.82024725222445,6,186,0,0
104.82161581096547,17,243,0,0
104.82221972009096,370,397,0,0
105.05825975943901,9,91,0,0
105.21927756153939,879,267,0,0
105.22010644421724,18,128,0,0
105.2473717644819,10,216,0,0
105.26636167852507,10,121,0,0
105.32001937156247,17,2110,0,1
105.34740517298043,13,636,0,0
105.35401520467809,263,33,0,0
105.3806805697424,28,234,0,0
105.40538409661428,85,175,0,0
105.4217564967147,40,404,0,0
105.42220047261236,44,18,0,0
105.42224563233026,360,496,0,0
105.42596098896294,4592,2280,0,1
105.42664711718385,8,51,0,0
105.45655064151136,1877,11,0,0
105.53211960729935,9,326,0,0
105.56266100624993,39,155,0,0
105.5712785187218,14,401,0,0
105.59205484019681,77,372,0,0
105.77838764528602,18,109,0,0
105.78258828233129,157,342,0,0
105.8967301054801,665,475,0,0
105.97102817136961,6,35,0,0
106.00148227668639,7,246,0,0
106.33069778400812,17,1710,0,1
106.33499176851785,10,169,0,0
106.45384201923079,13,265,0,0
106.45665698214542,13,214,0,0
106.46054846042273,11,394,0,0
106.46271564758555,10,112,0,0
106.50672998598942,10,214,0,0
106.50948475111274,18,381,0,0
106.52951356749078,7686,506,1,0
106.53137143333834,84,502,0,0
106.68359761164271,675,616,0,0
107.39355097391405,22,331,0,0
107.42191170678623,10,133,0,0
107.90470234087728,10,2480,0,1
107.96008018192973,157,269,0,0
109.3423361776542,75,336,0,0
109.36436343792069,22,310,0,0
109.36514380180498,11,275,0,0
109.72081984306656,370,323,0,0
109.73483469996195,7850,342,1,0
109.73710784016644,18,350,0,0
109.74196435243225,6,126,0,0
109.74266216050245,24,187,0,0
109.75556501610264,25,303,0,0
109.75768270372272,26,767,0,0
110.10883266446108,12,362,0,0
110.17699119038159,33,331,0,0
110.17764302801227,12,11,0,0
110.17852473773354,10,341,0,0
110.18433078901177,17,117,0,0
110.18471474406476,42,253,0,0
110.19920158392254,11,235,0,0
110.21574446658818,20,291,0,0
110.21959125872816,65,11,0,0
110.22564008046007,690,178,1,0
110.27457826426928,13,294,0,0
110.58446953733925,5,383,0,0
110.94378426900177,28,373,0,0
110.96311062808486,13,22,0,0
111.063048674571,100,518,0,0
111.0671698625746,4,312,0,0
111.10830076923236,12,1910,0,1
111.11094798459258,8,248,0,0
111.18858148123927,19,219,0,0
111.19009744269196,8,311,0,0
111.19271616391407,5070,500,0,0
111.21046221414194,58,90,0,0
111.26543458015382,2970,24,0,0
111.26645122025062,25,96,0,0
111.2726204567582,10,356,0,0
111.2962655202394,11,91,0,0
111.32479519806094,38,256,0,0
111.32816634769448,16,253,0,0
111.3500692110321,36,383,0,0
111.36064299982964,14,212,0,0
111.65966303372574,73,84,0,0
111.7146254049089,63,390,0,0
111.71590259387725,112,355,0,0
111.71612344598977,70,5710,0,1
111.73815808815728,32,221,0,0
111.9300670978805,309,572,0,0
111.95560930761884,32,297,0,0
112.06092730582087,462,61,0,0
112.0677722166925,122,252,0,0
112.06895162294224,2142,6050,0,1
112.14959524532297,8,327,0,0
112.17158852214645,23,41,0,0
112.24241395183651,47,37,0,0
112.24355246181908,8,169,0,0
112.26949694884756,9,300,0,0
112.2746616656891,1322,1950,0,1
112.36522323513356,40,3710,0,1
112.37087222988914,524,426,0,0
112.37622739991623,14,295,0,0
112.38181981653285,1601,245,0,0
112.6077636254789,10,159,0,0
112.62688067630057,8,217,0,0
112.63082729009655,490,478,0,0
112.63316152437999,12,430,0,1
112.63539734286849,239,254,0,0
112.97173223116427,25,347,0,0
112.97221092370332,54,356,0,0
112.97550503755434,220,425,1,0
113.04013208030877,26,1200,0,1
113.23066856220724,44,368,0,0
113.24408254216638,30,210,0,0
113.3309066537217,30,561,0,0
113.41334797975959,14,272,0,0
113.54304828077623,33,610,0,0
113.56284828834556,35,213,0,0
114.05697326803883,817,340,0,0
114.08477513022702,25,636,0,0
114.4838912612691,22,268,0,0
114.48596069585636,30,537,0,0
114.6091938802991,150,312,1,0
114.61072007637999,91,627,0,0
114.61166342960902,72,126,0,0
114.66328039531054,10,201,0,0
114.66692542056963,1271,241,0,0
114.71377020738471,2790,337,1,0
114.71602788808816,1524,170,0,0
115.19594011897892,9,21,0,0
115.2157004861401,13,214,0,0
115.21772292625197,4,167,0,0
115.24549887414919,19,133,0,0
115.36004895697566,167,79,0,0
115.3642657720612,9,526,0,0
115.41976402893029,1304,194,0,0
116.6071953296574,17,249,0,0
116.7197933131388,19,156,0,0
116.73931152904994,20,236,0,0
116.74569556860669,34,325,0,0
116.80920118396739,13,251,0,0
116.81016586368601,35,769,0,0
116.81021181817297,79,228,0,0
116.81550308784865,8178,14,1,0
116.8178100228784,1986,144,0,0
117.47800266842036,13,73,0,0
117.50470164804172,45,152,0,0
117.5075197006043,14,254,0,0
117.50949839401504,120,76,1,0
117.56459759204718,98,50,0,0
117.56845667745608,27,384,0,0
117.57480537866601,20,140,0,0
117.59178667926572,8,207,0,0
117.61616217027493,162,117,0,0
117.64103916120608,416,346,0,0
117.66687328927804,9,225,0,0
117.94512200281866,16,275,0,0
118.56542629135912,6,246,0,0
118.56618436365903,20,267,0,0
122.15442957359006,432,364,0,0
122.18130233315871,25,3430,0,1
122.43158046406214,40,640,0,0
122.43632227343596,7,76,0,0
122.47626622376505,13,43,0,0
122.50833443046791,9,429,0,0
122.53451752008213,603,2220,0,1
122.64944263298152,50,196,0,0
122.72346172150995,25,431,0,0
122.72626284885385,41,174,0,0
122.74280658967916,39,265,0,0
122.83280371852011,101,356,0,0
122.91562491556863,84,121,0,0
122.92633208727145,16,408,0,0
122.9382928511955,81,96,0,0
122.95370922729045,44,28,0,0
122.95601328887385,1026,320,0,0
122.95761071278055,9,237,0,0
123.44161640676302,39,478,0,0
123.45113449877547,49,314,0,0
123.47652104484307,188,243,0,0
123.48122035956463,3285,382,0,0
123.76223566910794,21,285,0,0
124.46016691271744,12,171,0,0
124.47368031522575,34,244,0,0
124.53237457809708,259,683,0,0
124.53700913684592,49,718,0,0
125.25291421689904,4,162,0,0
125.38655242156229,15,217,0,0
125.39046272473637,117,321,0,0
125.64493684292133,6,1400,0,1
125.6880298959995,29,179,0,0
125.73598495008828,41,75,0,0
125.77881953486906,52,197,0,0
125.78431711126085,12,220,0,0
125.791450497484,31,772,0,0
125.86407265340218,54,7530,0,1
125.88298583924944,50,650,0,1
125.88611645708119,1639,227,0,0
127.09753883783321,1116,211,0,0
127.11122824123888,837,185,0,0
127.11802221141744,314,3370,0,1
127.1231695964739,11,16,0,0
127.20574642897097,26,220,0,0
127.35153881320045,570,95,1,0
127.38544652127254,8,261,0,0
127.50333068252914,22,684,0,0
127.50436377901718,86,487,0,0
127.51420502026801,838,77,0,0
127.52227464867426,89,404,0,0
127.54314241357017,377,3350,0,1
127.59793168910542,235,577,0,0
127.59828021556237,20,164,0,0
138.27045106860635,14,26,0,0
138.2740749315008,24,147,0,0
138.31492988222752,38,369,0,0
138.42207504757755,9,308,0,0
138.5341689321556,10,87,0,0
138.56714925855522,1034,252,0,0
138.56720951020606,9,53,0,0
138.56951205701301,302,283,0,0
138.66161819625117,20,597,0,0
138.66480286219522,38,358,0,0
138.66722838770474,15,767,0,0
138.66740798137204,482,469,0,0
138.89464417736093,22,68,0,0
138.94956581092023,3855,295,0,0
138.95286904880376,23,25,0,0
138.96791303135566,43,207,0,0
138.98388432632314,3025,635,0,0
138.98596880144962,16,15,0,0
138.9971548076734,230,624,1,0
139.0292064040911,2372,102,0,0
139.08720238766347,15,111,0,0
139.32805405711574,2508,201,0,0
139.3482796474892,726,756,0,0
139.35582815414574,2062,2270,0,1
139.3982957762439,17,371,0,0
139.40367172616357,1309,209,0,0
139.40521831000743,13,134,0,0
139.59098417402723,4451,170,0,0
139.5997734048632,181,86,0,0
139.62373924353696,2030,414,1,0
139.69266715900937,2928,175,0,0
139.6947171759224,158,739,0,0
139.76241089804913,62,398,0,0
139.808605727669,131,111,0,0
139.82402258997607,167,679,0,0
139.865308009532,118,108,0,0
139.86943563211884,50,73,0,0
139.8696631779982,298,106,0,0
139.88029668452953,45,40,0,0
139.88332383114485,29,66,0,0
139.98968789863457,13,630,0,0
140.02145822909392,154,126,0,0
140.02794411785675,22,156,0,0
140.0485184122081,102,321,0,0
140.3285837713933,15,586,0,0
140.50967212376253,14,43,0,0
140.54879301833526,226,164,0,0
140.59304521554154,72,3170,0,1
140.60376441177803,151,256,0,0
140.61816293679573,318,109,0,0
140.67887795129323,18,218,0,0
140.69358729561205,7,75,0,0
140.72754520237572,5,42,0,0
140.72954892097405,13,157,0,0
140.73021138165268,4,144,0,0
140.73083480450575,120,1340,0,1
140.73860519691516,53,767,0,0
141.00405706673135,7,201,0,0
141.20280629562106,10,183,0,0
141.20534078688934,54,57,0,0
141.206168770714,4,184,0,0
141.29714951191312,74,42,0,0
141.3441813047411,1590,100,1,0
141.3453861085434,7,287,0,0
141.49985271515183,11,66,0,0
141.52625221657794,1245,768,0,0
141.78914755290378,56,31,0,0
141.8260691817386,28,68,0,0
141.9365377023762,15,583,0,0
141.97193166378466,16,386,0,0
141.97469809707857,6450,352,1,0
141.9863686801359,20,309,0,0
141.99116004141277,13,316,0,0
142.0890023304878,1530,147,1,0
142.09153512477707,31,141,0,0
142.09239927093208,150,79,1,0
142.16510887084192,8,236,0,0
142.34906821797006,538,40,0,1
142.6835794742582,4,109,0,0
142.84866294781318,382,581,0,0
142.84957128658573,4,110,0,0
142.85416794105353,5,136,0,0
142.86035117858415,20,195,0,0
142.87803776692635,25,143,0,0
142.87828657075693,10,235,0,0
142.89642052146348,131,47,0,0
142.92857186179936,279,399,0,0
142.93133061879624,156,127,0,0
142.95471611337254,17,221,0,0
143.15484027131606,10,238,0,0
143.17508580479696,12,43,0,0
143.32796256406522,121,480,0,0
143.46825426399485,21,312,0,0
143.51019044398427,11,235,0,0
143.54994474591638,17,768,0,0
143.55871971800929,4,164,0,0
143.77962759423025,4620,188,1,0
143.78682244839794,6,549,0,0
143.79139812065827,25,83,0,0
143.86715268664702,40,562,0,0
143.87147306435773,31,188,0,0
143.91474822726423,23,448,0,0
144.0676969967147,252,767,0,0
144.0894024662037,85,498,0,0
144.11222811190245,18,94,0,0
144.22830986550701,97,771,0,0
144.31185819805333,452,299,0,0
144.31270861107075,33,199,0,0
144.31405515946003,121,205,0,0
144.5798489439676,140,165,1,0
144.62034078983731,718,18,0,0
144.6206297240473,1285,3330,0,1
144.62188143457888,80,4920,0,1
144.6414327189053,179,204,0,0
144.6440538755514,10,264,0,0
144.69167599676194,8,351,0,0
144.71350447132957,35,391,0,0
144.7633340856424,21,11,0,0
144.7651408999467,40,34,1,0
144.82995485186882,6,148,0,0
145.77337323736876,363,524,0,0
145.77719657549915,790,249,1,0
146.03714897141245,80,767,0,0
146.1710481693212,12,286,0,0
146.23927463546593,16,525,0,0
146.25578014160197,36,339,0,0
146.25762372343453,33,85,0,0
146.26087976332036,15,91,0,0
146.34781004515264,120,70,0,0
146.48157258377128,74,219,0,0
146.69950066990899,550,3970,1,1
146.82851031347641,37,459,0,0
146.94361740200435,14,260,0,0
146.95154484203803,220,438,0,0
146.9532336702678,8,189,0,0
146.9816900668275,5,241,0,0
147.03315919391144,42,112,0,0
147.05563091407421,49,630,0,1
147.0565357829465,20,31,0,0
147.0632241069578,34,768,0,0
147.06421096795765,156,754,0,0
147.0895620959782,20,345,0,0
147.09188112419506,49,306,0,0
147.10545163881176,33,726,0,0
147.1415908704672,1879,28,0,0
147.16654556252192,182,41,0,0
147.45951581939977,2421,314,0,0
147.4615979755548,18,386,0,0
147.4618389001988,24,303,0,0
147.5876321558884,12,265,0,0
147.901791596782,157,56,0,0
148.23555182179055,234,350,0,0
148.26921996248663,52,333,0,0
148.32528060378584,15,145,0,0
148.34967029883316,17,767,0,0
148.3511029542484,59,374,0,0
148.35720201837276,2560,211,1,0
148.40884258870963,7,225,0,0
148.41487595630764,22,14,0,0
149.28386822872002,74,231,0,0
149.28474710731595,50,246,0,0
149.29279393705318,14,423,0,0
149.46939854618253,18,468,0,0
149.47508621676008,823,428,0,0
149.47707774500887,1611,320,0,0
149.47834327034687,81,243,0,0
149.4828271153852,69,270,0,1
149.87620533932648,219,134,0,0
149.9197136501814,33,34,0,0
149.97368787895383,2405,305,0,0
149.9804910479183,8,155,0,0
150.08455355088495,6,140,0,0
150.10837390052743,64,194,0,0
150.11142392010183,48,507,0,0
150.1192151140431,41,391,0,0
150.14809145710845,8,236,0,0
150.34838681344343,67,57,0,0
150.36554169175636,5,300,0,0
150.41794511140728,65,121,0,0
151.5129946711448,29,265,0,0
151.51689920902936,464,163,0,0
151.51851286820738,39,7470,0,1
151.65644710761114,162,126,0,0
151.70283891068584,34,199,0,0
151.71870923230472,12,109,0,0
151.75147072583826,43,526,0,0
151.7614684869033,314,465,0,0
151.81572344454466,24,478,0,0
151.82560232006477,86,290,0,0
151.92139436697005,796,768,0,0
151.92325579728268,243,308,0,0
151.92703511448573,8,24,0,0
151.95146783694943,9,217,0,0
151.95903486364583,11,455,0,0
152.0369052016668,94,547,0,0
152.05471769472237,474,330,0,0
152.06127198914774,180,90,1,0
152.0907835737966,486,174,0,0
152.0975361330245,13,452,0,0
152.09839786869668,11,90,0,0
152.10040141106285,544,44,0,0
152.1043156323309,76,55,0,0
152.1119194115217,8022,170,1,0
152.1356097195717,19,213,0,0
152.2562519680832,458,56,0,0
152.31513417517544,137,88,0,0
153.00334056898689,110,472,0,0
153.25423500834233,42,306,0,0
153.26769485720115,1809,196,0,0
153.80150081809816,17,600,0,0
154.01027451721387,33,149,0,0
154.0182260893839,6,84,0,0
154.0549612097757,58,775,0,0
154.2309847457478,144,548,0,0
154.2629965399172,261,735,0,0
154.41376416988896,9,341,0,0
154.4573531607476,9,625,0,0
154.5381109104796,254,31,0,0
154.5485802074454,25,41,0,0
154.59081972872926,438,42,0,0
154.60038499200624,16,587,0,0
154.6769444599423,29,160,0,0
154.6776206583298,793,478,0,0
154.71633947852808,28,740,0,0
154.95799387960525,530,238,1,0
155.02128523216706,262,757,0,0
155.04012800785975,2591,511,0,0
155.09840167730655,39,377,0,0
155.1020561673497,16,408,0,0
155.10581549229653,10,2580,0,1
155.11548990947676,20,171,0,0
155.13024435235826,124,529,0,0
155.26714102452206,7,7660,0,1
155.27045733596512,72,310,0,0
155.41715980037293,60,370,0,0
155.41801295319718,126,258,0,0
155.4221202565901,25,308,0,0
155.44053288658554,20,154,0,0
155.64126325942948,52,167,0,0
155.64707030129347,21,173,0,0
155.64734260003976,5,268,0,0
155.69322708342094,1057,536,0,0
155.7119158476628,12,81,0,0
155.71418999143646,8,389,0,0
155.71664503747036,420,251,1,0
155.72157069779757,107,232,0,0
155.74566804408263,25,190,0,0
155.82029159453177,51,387,0,0
155.821320646984,8,20,0,0
157.74669595105934,11,235,0,0
157.76503910639335,11,267,0,0
157.77442251992008,408,134,0,0
157.85037777844042,38,447,0,0
157.87495655742396,869,769,0,0
159.98914577746424,233,50,0,0
160.16609186765618,436,180,0,0
160.17554453069073,102,629,0,0
160.18458652268654,14,25,0,0
160.19187813403514,24,205,0,0
160.20184359026925,35,95,0,0
160.27761310107405,10,583,0,0
160.28303215182973,19,136,0,0
160.77949294931673,52,149,0,0
160.7962219825809,51,186,0,0
160.81094614521706,121,205,0,0
160.9423550959009,27,57,0,0
160.94273099012534,2021,2990,0,1
160.94575910859749,8,120,0,0
161.01094081345596,18,178,0,0
161.03106712196487,73,329,0,0
161.05026232738123,293,590,0,1
161.09374568434237,14,50,0,0
161.09965257824877,2123,226,0,0
161.1136130366405,15,40,0,0
161.11490398394292,145,765,0,0
161.11536545428012,11,339,0,0
161.36160355903155,4,109,0,0
161.3646395296187,6,323,0,0
161.3693205338592,7,89,0,0
161.68928043738887,13,139,0,0
161.85230742940354,520,52,1,0
161.85913809930886,829,381,0,0
161.8659039792825,1042,360,0,1
161.88250412062771,5,251,0,0
161.8853986438216,1746,187,0,0
161.9438926615086,18,291,0,0
161.96999570805073,112,372,0,0
161.9952951570627,136,20,0,0
162.08336016611892,6,173,0,0
162.16550358078734,74,276,0,0
162.94208732639393,31,530,0,0
163.34720110352185,1750,98,1,0
163.34783904276057,8,174,0,0
163.46530157516167,21,596,0,0
163.4673830511787,389,107,0,0
163.46850365217819,10,42,0,0
163.54932816811305,10,255,0,0
163.55411256477979,1498,11,0,0
163.56447234400136,9,76,0,0
163.73011293796017,207,145,0,0
163.73528336976977,58,283,0,0
163.7385350325921,18,39,0,0
163.77599493187472,93,436,0,0
164.00098393092173,6,110,0,0
164.0570896431154,90,176,0,0
164.05796107536196,12,397,0,0
164.0632602100016,2021,299,0,0
164.0776345924593,97,172,0,0
165.00305087165913,13,3570,0,1
165.1193740363193,41,80,0,0
165.22634915309658,16,182,0,0
165.44240488275412,18,629,0,0
165.4529068755985,16,252,0,0
165.50377030286552,67,53,0,0
165.55572836130347,23,197,0,0
165.5584903884404,7433,186,0,0
165.5773355801541,36,154,0,0
165.63756184871966,15,358,0,0
165.6398105021256,44,116,0,0
165.73792553576868,7,221,0,0
165.82680413509777,4,312,0,0
165.98085262652197,9,302,0,0
165.98499022360178,719,421,0,0
166.00913976492882,809,99,0,0
166.36558045430144,184,7710,0,1
166.46067336633857,770,345,1,0
166.46469948631946,13,175,0,0
166.49525232943927,63,278,0,0
166.82884155299473,17,170,0,0
166.8455539869316,21,375,0,0
166.8872446972128,18,239,0,0
170.1989278599116,1906,629,0,0
170.21698747147366,8,130,0,0
170.23264803378714,16,360,0,0
170.23524576695362,29,349,0,0
170.24044095955617,24,71,0,0
170.61850347873244,48,767,0,0
170.6331554227075,25,53,0,0
170.63495691585925,164,228,0,0
170.63795356894653,70,571,0,0
170.65746548579145,6,224,0,0
170.74644681806788,57,560,0,0
170.7507882085717,39,834,0,0
170.83075273991133,15,362,0,0
170.83796816503101,13,213,0,0
170.876925053158,16,312,0,0
170.93082210517764,32,356,0,0
170.99491852224654,22,331,0,0
171.00291805911908,675,227,0,0
171.01640704325092,6,252,0,0
171.06832415557233,130,196,1,0
171.06973808286352,41,35,0,0
171.096182239298,40,604,0,0
171.1483486019015,258,683,0,0
171.29845558926877,52,406,0,0
171.31567550670135,51,634,0,0
171.32846778248282,247,128,0,0
171.35294732085353,10,133,0,0
171.35719480484514,10,157,0,0
171.3692749054687,158,72,0,0
171.4107388018354,113,772,0,0
171.44279969629181,70,32,1,0
171.44505723177642,93,112,0,0
171.45452161015277,27,95,0,0
171.4547859134923,41,214,0,0
171.54446678102823,38,417,0,0
171.55068820619542,23,299,0,0
171.57969465850886,21,710,0,1
171.58168539008798,29,4,0,0
171.59678620788804,126,679,0,0
171.64026387520306,8,359,0,0
171.7667985850694,7,314,0,0
171.76796431011488,12,464,0,0
171.86336634639153,12,176,0,0
171.8760623501875,321,154,0,0
171.87979850089886,20,357,0,0
171.92537692930273,36,234,0,0
171.9351174157762,28,44,0,0
171.944805006918,83,110,0,0
171.94908943171814,10,80,0,0
171.97638627767273,5,335,0,0
171.9951616274299,44,539,0,0
172.00747373470566,154,392,0,0
172.0100506779769,50,186,1,0
172.01630207999332,280,1548,0,0
172.05516100729068,6200,185,1,0
172.27909352154776,742,118,0,0
172.29554977538953,21,218,0,0
172.58854611990822,15,251,0,0
172.60552671710627,625,375,0,0
172.6074878168986,9,24,0,0
172.66876377836476,40,2690,0,1
172.67127968932866,6413,84,0,0
172.71002469731096,5,1070,0,1
172.85736248562372,43,25,0,0
172.86673178000254,14,166,0,0
172.8812704189263,17,294,0,0
175.2861916384439,17,395,0,0
175.31418143796108,89,160,0,0
175.34361255956443,26,109,0,0
175.42629893229687,44,661,0,0
175.44057081400794,7,401,0,0
175.45513354403894,40,166,0,0
175.49235004482608,11,235,0,0
175.4924960649591,7,305,0,0
175.78659959567804,42,390,0,0
175.78866117885178,18,584,0,0
175.79067895730032,7,330,0,0
175.8417506669283,24,141,0,0
175.86011636122805,35,213,0,0
175.86154940365134,604,127,0,0
175.88813139653615,20,3440,0,1
175.8899167267111,246,106,0,0
175.89424908157378,1419,42,0,0
175.8951142237333,10,767,0,0
175.89845356464141,625,289,0,0
175.93696222603907,24,71,0,0
175.9592301116031,164,2860,0,1
175.9915287342887,1006,588,0,0
176.1012939189851,11,3020,0,1
176.11727874840125,62,434,0,0
176.12193939798686,27,254,0,0
176.1318978405268,36,446,0,0
176.5995039715427,422,608,0,0
176.6181169945414,137,299,0,0
176.65105182856072,7,32,0,0
176.66541581032703,12,213,0,0
176.69381330731974,468,401,0,0
176.7349881735235,3127,113,0,0
176.75207838889654,1053,342,0,0
176.76485067891608,19,241,0,0
176.76850638295625,24,598,0,0
176.77172078867576,87,77,0,0
176.81092718415886,13,262,0,0
176.8884273147465,132,5,0,0
176.99825586214823,3786,265,0,0
177.0176310802734,282,334,0,0
177.02098396325493,13,242,0,0
177.08217213998665,325,508,0,0
177.1416229484659,75,480,0,0
177.14248982681133,43,27,0,0
177.22885274540258,98,495,0,0
177.28449566232482,79,305,0,0
177.76847553576067,63,332,0,0
177.77031182681498,3610,403,1,0
177.77166544380393,106,185,0,0
177.85532427520033,25,1300,0,1
177.85580865527507,73,70,0,0
177.85986722668918,17,87,0,0
177.86184317923806,17,226,0,0
177.86415793474916,12,113,0,0
177.86454743428902,40,286,0,0
177.87542681117964,48,383,0,0
177.99780077095716,8,92,0,0
178.0400444517624,2040,238,0,0
178.08265738566317,26,31,0,0
178.09125540864372,745,291,0,0
178.405458822787,18,263,0,0
178.45580214507237,13,2240,0,1
178.59886188085187,12,6920,0,1
178.5996626436708,15,463,0,0
178.63474866950665,27,34,0,0
178.6365558727759,29,188,0,0
178.6720197717157,56,769,0,0
178.6983220518084,157,446,0,0
178.70019757133485,58,387,0,0
178.725453555176,27,291,0,0
178.9053927795735,20,245,0,0
178.95381813386214,306,175,0,0
179.01183449578934,10,267,0,0
179.0150374021866,75,2094,0,0
179.01966100726068,109,205,0,0
179.021614013229,1841,278,0,0
179.04496015294427,17,215,0,0
179.23710253287953,16,195,0,0
179.27990254174878,137,446,0,0
179.2978240692438,29,515,0,0
179.2997582788022,131,74,0,0
179.3434134956174,84,69,0,0
179.35462968498416,946,254,0,0
179.3550352675928,28,461,0,0
179.3556117992643,19,76,0,0
179.36479459810707,1772,42,0,0
179.36783332751955,6,24,0,0
179.85320168033888,13,343,0,0
179.8725900663619,280,99,1,0
179.87487831054844,5,122,0,0
179.8817260903192,7,168,0,0
180.31394322617544,29,457,0,0
180.31668601074085,57,48,0,0
180.4007824125186,319,67,0,0
180.44418788074088,186,682,0,0
180.78230011567572,4,9,0,0
180.83458072893916,36,3720,0,1
180.8427339734466,579,255,0,0
180.89467135251365,16,186,0,0
180.9154408333954,2763,766,0,0
181.04209365128523,2320,700,0,0
181.05820042823808,1367,786,0,0
181.99557765812168,34,180,0,0
182.010502831289,455,505,0,0
182.05441743953813,27,104,0,0
182.05937423944593,167,450,0,0
182.08295271124484,184,668,0,0
182.10235411160812,16,204,0,0
182.1281757091514,263,34,0,0
182.23889299226786,15,3170,0,1
182.24522032720353,25,164,0,0
182.24864092677163,5,1000,0,1
182.41648585907376,7,234,0,0
182.42694929463784,15,375,0,0
182.43183329612086,5,164,0,0
182.61601116831528,12,113,0,0
182.70318117265444,1275,90,0,0
182.70327715918168,38,78,0,0
182.71202780702382,7,443,0,0
182.80074570329344,13,187,0,0
182.8987210286889,716,636,0,0
182.90543218189194,19,317,0,0
183.32469973437952,1229,765,0,0
183.3285589351257,219,563,0,0
183.3403674210202,95,119,0,0
183.36454349889235,122,273,0,0
183.38310580444175,70,146,0,0
183.4765760299738,12,385,0,0
183.61993378427437,26,326,0,0
183.63716352119408,37,110,0,0
183.94168071788525,1434,147,0,0
183.9465077160411,38,576,0,0
183.95886157847733,23,107,0,0
184.53868714990452,15,1900,0,1
184.56168587568672,832,210,0,0
184.7203781345084,1899,162,0,0
184.72843977786954,7,2790,0,1
184.73966469164094,8,209,0,0
184.75509721198634,16,123,0,0
184.7819356963414,67,657,0,0
184.79168053214244,17,356,0,0
184.81145654632053,18,1130,0,1
184.88403951368403,23,172,0,0
185.09507924950955,160,2840,1,1
185.11891667623252,120,7440,0,1
185.1887703596857,20,305,0,0
185.306805226395,32,429,0,0
185.30906433493564,49,206,0,0
185.30990616070738,7,411,0,0
185.79020210158774,216,190,0,0
186.0563155119738,15,345,0,0
186.07793376854434,9,3690,0,1
186.11672967750272,59,331,0,0
186.11969017287996,74,244,0,0
186.12092070060956,12,315,0,0
186.1570835318648,138,627,0,0
186.1580856727988,657,103,0,0
186.2767467800221,64,94,0,0
186.28172570386585,10,153,0,0
186.3160644646553,100,128,0,0
187.22055900622883,9,22,0,0
188.04394133660716,13,350,0,0
188.05513702170637,18,174,0,0
188.21598120940712,11,160,0,0
188.21845044980194,9,214,0,0
188.22443642501776,7,288,0,0
188.26453853941223,11,123,0,0
188.56768250549655,3360,107,1,0
188.57379422213774,310,405,0,0
188.63008858816468,177,54,0,0
188.65352014813573,158,365,0,0
188.65506682115318,805,179,0,0
188.66969794459774,3773,105,0,0
189.0477477989659,55,82,0,0
189.06363109464417,11,17,0,0
189.11548313918783,5,309,0,0
189.21483534325796,46,176,0,0
189.2192323134591,56,67,0,0
189.44049283085243,154,398,0,0
189.8208841949283,373,557,0,0
190.27962221905162,53,25,0,0
190.53993292758213,17,360,0,0
190.5474637546658,23,370,0,0
190.55337597886358,209,329,0,0
190.5573445091791,532,306,0,0
190.56045503699306,1009,209,0,0
190.56433802082924,25,354,0,0
190.700999144576,45,147,0,0
191.04990332659963,23,560,0,0
191.05517368505141,17,221,0,0
191.15020275205154,11,572,0,0
191.1517165083162,10,570,0,0
191.1615462224581,412,505,0,0
191.16412896525708,133,301,0,0
191.164859660272,26,620,0,0
191.18574674862367,11,291,0,0
191.20763476565347,23,298,0,0
191.2159320361612,162,83,0,0
191.22250839198566,80,29,1,0
191.22511820305832,136,78,0,0
191.23940905256185,12,281,0,0
191.24501956174043,6,94,0,0
191.2750280782186,57,86,0,0
191.27670061213402,31,24,0,0
191.30584282922413,5,1450,0,1
191.35716867614454,17,99,0,0
191.57805253136024,22,99,0,0
191.72847594256658,1482,123,0,0
191.75547335652823,360,61,0,0
191.7601896599186,17,93,0,0
191.76066637178008,1528,303,0,0
191.77880848579437,170,300,1,0
192.08812625290471,13,360,0,0
192.59232698925683,7780,156,1,0
192.59244165093494,7600,154,1,0
192.59648993232412,270,187,0,0
192.6055944861856,25,272,0,0
192.607885600445,8,492,0,0
192.63447295453324,93,309,0,0
192.65425638549823,7,417,0,0
192.6607732838113,20,160,0,0
192.67781121794104,30,433,0,0
192.67857130252423,10,485,0,0
192.68119697667422,1452,161,0,0
192.6842504102852,32,25,0,0
192.79404466999534,10,206,0,0
192.79475255342345,76,122,0,0
192.80669317509262,59,35,0,0
192.89319289330987,29,60,0,0
192.9095880184579,14,265,0,0
193.0020232375939,32,113,0,0
193.00697902202415,6,264,0,0
193.05059056627124,38,322,0,0
193.16188904853456,52,294,0,0
194.74648871648682,22,222,0,0
194.82478512568926,56,363,0,0
195.1425820256284,624,57,0,0
195.16134331091567,18,684,0,0
195.18369842509853,130,568,1,0
195.6068160053818,9,97,0,0
195.66588521813688,952,249,0,0
195.9800941712052,36,465,0,0
196.0563708374785,34,339,0,0
197.34130294974256,7,7,0,0
199.5112507372343,6,162,0,0
199.51473781669586,34,615,0,0
200.2792641573106,50,9,1,0
200.32365498080713,77,228,0,0
200.372089244979,48,272,0,0
200.38693531494891,10,493,0,0
200.465772211226,1413,14,0,0
200.46780512450766,29,723,0,0
200.47219954329157,12,275,0,0
200.47628327719733,12,355,0,0
200.5099522714341,7,91,0,0
200.62927179642327,981,20,0,0
200.71194068415124,20,54,0,0
200.75159261213886,13,192,0,0
200.75740262756747,132,1750,0,1
200.7579660575615,14,365,0,0
200.80068834356243,39,422,0,0
200.82622456460882,26,477,0,0
200.865240588707,200,638,0,0
201.19715703040416,14,42,0,0
201.2104379610429,4,491,0,0
201.22320865499935,21,116,0,0
201.22339491849215,36,243,0,0
201.28195312930086,378,685,0,0
201.29931345075516,17,322,0,0
201.30367945827143,130,411,1,0
201.34508765869242,739,4740,0,1
201.34745934906707,44,489,0,0
201.35393546577598,40,49,0,0
202.32342187167066,51,226,0,0
202.4094814119553,135,522,0,0
202.5312992236888,5,72,0,0
202.61676770293082,114,287,0,0
202.68581014213413,6,57,0,0
202.71391881213245,20,253,0,0
204.55626403232077,12,22,0,0
204.57270030668195,5,292,0,0
204.65553072555124,43,289,0,0
204.66780601934812,189,750,0,1
204.67720985678378,191,326,0,0
204.67735450251718,49,67,0,0
204.67775864572454,8,283,0,0
205.09616439186124,220,161,1,0
205.46736594829758,20,73,0,0
205.47524239689432,17,166,0,0
205.49290588001114,6035,86,0,0
205.55700688346423,57,312,0,0
205.55957893763176,9,260,0,0
206.2058815268989,28,356,0,0
206.20822303590916,12,424,0,0
206.21265557990318,15,316,0,0
206.2127299775739,19,445,0,0
206.59917154503606,33,147,0,0
206.6201294884872,150,144,1,0
207.0991059894589,11,193,0,0
207.10161709232847,6,25,0,0
207.13823364694224,1042,279,0,0
207.15983958304022,19,573,0,0
207.18753330062478,396,18,0,0
208.3665423925812,152,361,0,0
210.0940178624356,14,483,0,0
210.38688479099423,6,363,0,0
210.39520306281634,145,334,0,0
210.50589769916016,893,406,0,0
210.77914568520399,27,92,0,0
210.83571688240824,1282,703,0,0
210.89354704612333,137,338,0,0
210.94207088905975,90,176,0,0
210.94512009439475,322,79,0,0
210.9753069951032,421,767,0,0
211.4319211164599,171,101,0,0
211.43444143271103,43,31,0,0
211.45617776350576,2556,67,0,0
211.55418130691484,11,645,0,0
211.5553845465076,31,342,0,0
211.56937319805132,20,226,0,0
211.5699912847725,43,516,0,0
211.57546379515279,10,200,0,0
211.57656539260938,19,357,0,0
211.57962237614305,236,43,0,0
211.58650095858414,19,540,0,0
211.59701941798247,7,546,0,0
211.6091532646022,15,216,0,0
211.6093014246003,240,260,0,0
212.04588770936294,12,320,0,0
212.05637301494735,36,229,0,0
212.0583991770653,342,2720,0,1
212.06355128028366,30,767,0,0
212.09719549800155,47,4080,0,1
212.09963193232795,1058,148,0,0
212.10752334536147,9,68,0,0
212.1145742157212,45,284,0,0
212.16768245820646,186,85,0,0
212.17172014773726,10,1390,0,1
212.21641376744333,103,289,0,0
212.2526838025987,37,279,0,0
212.26609358739998,7,365,0,0
212.48204634552155,586,337,0,0
212.5008439881458,102,380,0,0
212.50255588710206,33,270,0,0
212.53529228110656,53,255,0,0
212.55837837252045,403,103,0,0
212.57501899095826,128,595,0,0
212.6037364444082,45,292,0,0
214.58592848561096,11,31,0,0
214.614714518443,58,768,0,0
214.65979465708327,21,230,0,0
214.67081720120714,14,326,0,0
214.91886596681726,57,154,0,0
214.93498065363946,503,45,0,0
214.9386084869553,2397,287,0,0
214.9401729872751,8,66,0,0
214.9919546468721,1419,692,0,0
215.07189845706503,26,21,0,0
215.07265103449018,16,183,0,0
215.07689468574847,20,68,0,0
215.1419752503792,2031,257,0,0
215.28273920150366,16,244,0,0
215.28402374081122,10,92,0,0
215.291991701191,15,767,0,0
215.3872307464533,5,299,0,0
215.39342154270372,19,220,0,0
215.40073255315363,41,299,0,0
215.40683846416644,15,192,0,0
215.40815686561893,43,278,0,0
215.4279171023741,56,330,0,0
215.46098961163742,41,767,0,0
215.46207906885087,51,47,0,0
215.48405226580468,13,274,0,0
215.64889114227975,1655,755,0,0
215.67611776359263,38,319,0,0
215.79565408734132,11,123,0,0
215.80164487317703,138,110,0,0
216.0795457625686,1636,155,0,0
216.08327640063874,30,581,0,0
216.8635298994672,13,84,0,0
216.87085014918566,21,218,0,0
216.875118789065,5,8,0,0
216.8781316499721,42,541,0,0
216.88599932341873,2939,215,0,0
216.89269657858068,19,555,0,0
216.89722017402877,22,349,0,0
216.90651336743505,121,19,0,0
216.97433834116998,4,11,0,0
217.0791638916296,9,417,0,0
217.08830511287428,53,37,0,0
217.3004236777184,14,293,0,0
217.30286247314305,40,770,0,0
217.30515646491412,8,190,0,0
217.30702516204647,1086,356,0,0
217.36677150774938,681,673,0,0
217.36757818616346,113,529,0,0
217.36867584866698,560,338,0,0
217.5998194885757,35,499,0,0
218.15020931250785,14,59,0,0
218.41292641238545,61,382,0,0
218.41383134277882,804,284,0,0
218.43211359507342,13,340,0,0
218.52629018745486,23,172,0,0
218.5479250284192,10,194,0,0
218.54862577998168,360,467,1,0
218.55760945193398,870,478,1,0
218.5582055045011,1068,204,0,0
218.5597183161593,7,209,0,0
219.8767770927871,9,89,0,0
219.94595799192103,2067,111,0,0
219.94690231549518,81,6300,0,1
219.94778535605778,13,291,0,0
219.99200207788618,22,249,0,0
219.99724535215844,653,769,0,0
220.05351894572343,49,293,0,0
220.05837472991863,11,283,0,0
220.07025027392035,9,247,0,0
220.09878518692256,15,72,0,0
220.10102789397374,182,31,0,0
220.10140791229375,233,242,0,0
220.10303021571832,58,232,0,0
220.10740198294917,11,345,0,0
220.11913838728796,249,416,0,0
220.1348041046944,77,117,0,0
220.1502050188836,2664,590,0,1
220.19944759900704,67,226,0,0
220.20240047833934,9,363,0,0
220.48872472145476,327,167,0,0
221.45123739822859,56,179,0,0
221.48772509436924,182,31,0,0
221.513277585287,21,468,0,0
221.72587651842605,41,246,0,0
221.78997098274053,36,446,0,0
221.81547230541767,681,673,0,0
221.82799150660102,11,309,0,0
221.8319851131684,1009,187,0,0
221.83367401464233,11,769,0,0
221.89987896677655,13,278,0,0
222.08804425032218,68,455,0,0
222.0901562925409,482,549,0,0
222.10529269696718,68,74,0,0
222.13232692513057,6,179,0,0
222.13978946644255,252,432,0,0
222.1436010637866,1194,3020,0,1
222.1515688022896,2380,24,0,0
222.15190829753774,116,161,0,0
222.16736923637905,421,607,0,0
222.17706370927118,260,100,0,0
223.38103615715337,25,24,0,0
223.4946033254419,888,374,0,0
223.50334568172684,2044,274,0,0
223.5205108946603,39,186,0,0
224.06005556714356,12,169,0,0
224.49292765898215,1007,683,0,0
224.5181487180985,10,80,0,0
224.5316307997501,16,248,0,0
224.53259951787174,1148,628,0,0
224.54165962729448,353,144,0,0
224.55409082148654,8,155,0,0
224.55809145850083,59,84,0,0
225.1125691798048,8,233,0,0
225.11297852962934,13,168,0,0
225.12626296613374,29,271,0,0
225.16558953622987,140,240,1,0
225.20732518207532,7,91,0,0
225.71562334422322,11,350,0,0
225.71668577008532,6,174,0,0
225.72058859948464,13,373,0,0
225.7417388701992,5,62,0,0
225.7644347231735,6,171,0,0
225.77248753519402,67,471,0,0
225.77626501111314,87,75,0,0
225.92517897060176,24,663,0,0
225.92731178631104,18,5910,0,1
225.93282402548238,4,152,0,0
226.24138867854427,31,316,0,0
226.79967783689708,35,190,0,0
226.8992067988122,56,31,0,0
226.9023220562397,7,2110,0,1
226.90548300343823,30,361,0,0
226.9083648134522,11,177,0,0
226.91016500662198,41,31,0,0
226.91773886120413,7,299,0,0
227.13865619526248,1443,767,0,0
227.16579367221632,39,98,0,0
227.16962691525978,39,673,0,0
227.17329158099926,9,44,0,0
227.17494434684454,32,232,0,0
227.36860150418897,36,339,0,0
227.36890628680138,16,299,0,0
227.3987601378397,8,58,0,0
227.39972889237788,11,605,0,0
227.40179843802915,1224,43,0,0
227.402673925395,15,238,0,0
227.52045509650847,24,135,0,0
227.5349992091391,62,433,0,0
231.6620024554866,93,128,0,0
231.66414694040506,69,42,0,0
231.6660551294027,26,327,0,0
231.72147114237896,10,334,0,0
231.77379408250528,7,83,0,0
231.78344783885603,625,289,0,0
231.78374519712122,15,104,0,0
232.08745195177025,42,499,0,0
232.1399907438989,2427,190,0,0
232.17732331202473,163,274,0,0
232.18244381905487,526,330,0,0
232.24276943614,280,351,1,0
232.24821267034696,45,172,0,0
232.26635806848589,14,283,0,0
232.27774230637957,297,39,0,0
232.48285125156943,23,22,0,0
232.48930327572032,3307,82,0,0
232.49756843898254,20,702,0,0
232.64770425288236,917,612,0,0
232.67356111303442,615,767,0,0
232.689325459338,27,24,0,0
232.69942843574938,5,31,0,0
232.80882221012607,660,26,0,0
232.8132613972654,16,625,0,0
232.85503839037213,438,42,0,0
233.79884346819432,836,229,0,0
233.83492986453356,24,766,0,0
233.8382973770695,263,32,0,0
233.8397577556493,11,272,0,0
233.86142145551966,38,101,0,0
233.86280457576436,42,287,0,0
233.86346772957194,7,55,0,0
233.86698306029675,147,191,0,0
233.868774616266,304,145,0,0
233.9609317936654,28,17,0,0
233.96180724811236,9,107,0,0
234.33955401997636,24,541,0,0
234.34308819793284,935,4,0,0
234.36321753318143,7,226,0,0
234.4240466346422,25,213,0,0
234.4487975622686,36,767,0,0
234.5157073718957,4,88,0,0
234.517897852231,10,261,0,0
234.5180649283212,8,54,0,0
234.52856484957445,472,517,0,0
234.52910660699962,332,107,0,0
234.5339996530644,21,97,0,0
234.63722975049694,24,408,0,0
234.64771629029647,9,27,0,0
234.6524584463051,530,3500,0,1
234.65407649200472,27,260,0,0
234.66270877394606,400,154,1,0
234.67363557575368,21,391,0,0
234.67428661127423,14,261,0,0
234.702066783953,1633,437,0,0
234.70385580198356,27,328,0,0
234.7276558104308,144,14,0,0
234.733875287081,18,393,0,0
234.84513047459876,11,326,0,0
234.93027478109855,16,111,0,0
234.94590200426956,127,590,0,0
234.9582560335519,49,412,0,0
234.99522657084046,50,131,0,0
235.24097214473002,11,2770,0,1
235.3719049568622,10,82,0,0
235.39344780030513,19,295,0,0
235.42315478581904,100,132,1,0
235.79710485372593,10,229,0,0
235.7977124887577,70,70,1,0
235.84530372940867,44,661,0,0
235.84796656261398,45,727,0,0
236.09282713978834,10,108,0,0
236.09891092696597,463,293,0,0
236.11206356811925,15,740,0,0
236.1139440389496,7,181,0,0
236.13113720479424,5,335,0,0
236.21314475779752,74,243,0,0
236.6922538266808,17,502,0,0
236.69360628794854,6,257,0,0
236.7006559294588,24,206,0,0
279.5635932899612,35,92,0,0
279.6776076080766,27,159,0,0
279.69475024827057,30,35,0,0
279.74450052261506,8182,10,1,0
279.7445850270819,2223,659,0,0
280.19039451094267,7,105,0,0
280.2146315365416,62,437,0,0
280.21563313613007,8,247,0,0
280.4000308710289,17,1170,0,1
280.4050777108471,54,23,0,0
280.40735832504623,14,98,0,0
280.4583641880157,7,112,0,0
280.4984199279149,9,173,0,0
280.5055798664953,19,131,0,0
280.52108586434537,29,56,0,0
280.5223066161235,504,353,0,0
280.5233027323511,164,309,0,0
280.6322837558944,11,85,0,0
280.88377797251894,909,255,0,0
280.92653026108366,73,54,0,0
280.9646271099059,8,158,0,0
280.97279864728847,7,383,0,0
280.98670667217124,136,78,0,0
280.989474886504,15,432,0,0
281.5970003569146,730,328,1,0
281.60279403215316,18,119,0,0
281.64381392176637,10,377,0,0
281.6618646449942,32,325,0,0
281.6629613281969,44,135,0,0
282.53535367835127,10,100,0,0
282.5438632567291,1710,1420,0,1
282.5477415707784,336,267,0,0
282.57043737964347,96,474,0,0
282.57343032833376,21,397,0,0
282.5925766955426,16,254,0,0
282.5952206705542,13,418,0,0
282.6511183241476,17,509,0,0
282.6712877962718,202,187,0,0
282.67245694911026,1233,356,0,0
282.8162318177633,80,341,0,0
282.8428474316021,98,187,0,0
282.8448352474905,16,204,0,0
282.88201100522787,39,84,0,0
282.9249172110059,25,203,0,0
283.6781041659457,8,235,0,0
283.6813336940453,6,522,0,0
283.7823320779892,12,657,0,0
283.7974418310016,2652,34,0,0
283.86020801849605,17,420,0,0
283.8710305575469,5,167,0,0
283.88734187903503,23,149,0,0
283.93696094843983,36,360,0,0
283.9386507173336,754,88,0,0
283.93892207897784,25,279,0,0
283.9569608092961,104,19,0,0
283.9644938235105,13,301,0,0
283.986451007526,100,341,0,0
284.0534488620289,6,341,0,0
284.065462993845,34,16,0,0
284.26890659523957,22,1050,0,1
284.28610386640514,31,258,0,0
284.30961327129944,19,65,0,0
284.4094006968486,62,197,0,0
284.4707170684047,28,207,0,0
284.486574816957,32,41,0,0
284.5110047257729,13,333,0,0
284.51517439555323,7170,702,1,0
284.5207353613243,913,205,0,0
284.54420007096485,7,126,0,0
284.64223857614616,9,23,0,0
284.6502507699915,368,31,0,0
284.75378774886843,34,486,0,0
285.69929830203773,12,265,0,0
287.1335570181262,136,234,0,0
287.1540482517488,276,336,0,0
287.3155766434169,8,204,0,0
287.38216728084774,190,160,1,0
287.4772006521208,7,56,0,0
287.5829594715441,185,738,0,0
287.6393914936935,156,760,0,0
287.74332286070126,160,625,1,0
287.77252424460136,50,271,0,0
287.78438411306047,179,264,0,0
287.81764455260605,5567,156,0,0
287.8715376801699,42,236,0,0
288.1051829510632,685,180,0,0
288.1475116955085,29,123,0,0
288.2367078618639,759,645,0,0
288.5872720605767,26,343,0,0
288.59037745174857,6,57,0,0
288.60229625403866,1130,104,1,0
288.66183148038533,66,377,0,0
288.68307056975726,15,238,0,0
288.68571320114256,1197,6,0,0
288.83204774149425,8,52,0,0
288.84952418322877,62,87,0,0
288.85223139039283,13,1070,0,1
289.74920530224585,92,592,0,0
289.7507398633821,49,183,0,0
289.7702338749155,1519,558,0,0
289.77544819112785,828,188,0,0
289.80035635559375,15,369,0,0
289.8622381788575,360,767,1,0
289.8661172039024,8,198,0,0
289.88229301287896,7,532,0,0
289.8976073636011,96,4740,0,1
289.90026871761097,2322,306,0,0
290.10598637862023,10,218,0,0
290.1340139335032,67,242,0,0
290.14513175731764,31,400,0,0
290.1503428286561,4,608,0,0
290.1604653674138,50,30,1,0
290.1867654849021,15,766,0,0
290.1945941215636,78,786,0,0
290.43608405240303,172,220,0,1
290.4362043311645,12,153,0,0
290.436473362009,32,39,0,0
290.4482617912242,16,769,0,0
290.44875037370844,44,84,0,0
290.4659435581913,11,92,0,0
290.47121037290833,13,92,0,0
290.5342933570764,110,157,1,0
290.5794647821206,6,304,0,0
290.8507506878548,34,623,0,0
290.9754922768845,110,95,1,0
291.2189494035158,9,310,0,0
291.275991274796,12,95,0,0
291.4437639296457,101,24,0,0
291.4976877625254,16,517,0,0
291.50373342269575,7,62,0,0
291.5053447315586,67,148,0,0
291.5070909078044,20,187,0,0
291.55906897458055,4,452,0,0
291.55923492592143,6,33,0,0
291.58731788124675,192,172,0,0
291.59169179464965,35,775,0,0
291.677823353258,96,19,0,0
291.7072838668914,39,326,0,0
291.7116766166708,27,84,0,0
291.7319814766437,102,254,0,0
291.7321887169735,9,160,0,0
291.7660871033873,232,359,0,0
291.8163513926279,27,170,0,0
291.81684777786626,12,23,0,0
291.92717430831425,12,2200,0,1
291.94275059972847,397,440,0,0
291.970720771335,15,318,0,0
291.9718713651023,16,140,0,0
292.0385045836907,143,144,0,0
292.10214558143946,8,2020,0,1
292.1214400722693,42,41,0,0
292.12420938070034,3028,137,0,0
292.2160072637908,7,216,0,0
292.45859515257064,16,241,0,0
292.5032129840912,203,147,0,0
292.6522968982173,24,28,0,0
292.6585396794677,128,293,0,0
292.6861292952732,27,34,0,0
292.7292825274654,5,9,0,0
292.7565665959998,6,364,0,0
298.5582467117716,11,2350,0,1
298.60604012976955,77,327,0,0
298.6127759529709,350,159,1,0
298.7220460644233,76,880,0,1
298.7244221355608,292,687,0,0
298.76832281222624,264,254,0,0
298.8668582295311,128,187,0,0
298.87476608177525,10,167,0,0
298.8859701779419,10,62,0,0
298.88923173868363,28,298,0,0
298.917130173981,27,254,0,0
298.92269514009547,6,168,0,0
299.61888974981724,1087,157,0,0
299.69813763994927,12,323,0,0
299.7120519357821,55,2420,0,1
299.7133338426494,149,337,0,0
301.00118152863865,180,235,1,0
301.29945098866136,29,160,0,0
301.356277947715,14,260,0,0
301.38909897894564,207,696,0,0
301.42034718342506,11,2610,0,1
301.42903390899585,13,198,0,0
302.38728717795277,11,220,0,0
302.4207858145532,16,171,0,0
302.42203315933375,82,271,0,0
302.42800148354473,92,5720,0,1
302.4281281913852,8,35,0,0
302.5112968781481,43,363,0,0
302.61391154958915,36,333,0,0
303.38369931731216,34,166,0,0
304.86656195255546,1261,141,0,0
304.87120513458206,10,179,0,0
304.9257778725177,26,518,0,0
305.08866637899433,116,23,0,0
305.196977753433,454,394,0,0
305.2049581964736,299,113,0,0
305.3151857632387,245,420,0,0
305.37458412473524,199,308,0,0
305.71050928289606,66,580,0,0
305.731239415389,57,228,0,0
305.7448207704114,20,311,0,0
305.75269185494057,12,388,0,0
305.7629211523483,316,134,0,0
305.767614194398,501,308,0,0
305.7785884374463,12,257,0,0
305.8377241868046,726,41,0,0
305.8918654095578,29,507,0,0
306.1937065902667,2079,653,0,0
306.3857257806341,2619,210,0,0
306.46072417364377,223,261,0,0
306.46285231306734,50,187,0,0
306.52943554496375,15,85,0,0
306.74764604942993,259,448,0,0
306.74920287515397,31,505,0,0
306.75145827833046,349,149,0,0
306.75456619686605,17,48,0,0
306.75717439643694,279,52,0,0
306.76882402714017,10,92,0,0
306.7720066135834,67,470,0,0
306.8167872889346,18,767,0,0
306.81860170734484,45,3100,0,1
306.8344632485972,20,1410,0,1
306.8419763004185,11,312,0,0
306.8449008499995,55,2910,0,1
307.00606901119005,7,303,0,0
307.0275326561895,45,310,0,0
307.0874720512274,251,277,0,0
307.097867504295,346,210,0,0
307.18056219225207,41,394,0,0
307.2497672945965,16,761,0,0
307.2646784313597,11,395,0,0
307.2652594524528,72,210,0,0
307.369680631939,1405,110,0,1
307.4505062170553,11,304,0,0
307.4795548171593,55,168,0,0
307.512428710392,19,201,0,0
307.5383462885804,232,451,0,0
307.56809807129116,506,702,0,0
307.57080886373353,104,75,0,0
307.58891571219453,16,91,0,0
307.6271738785714,747,235,0,0
307.6331234151152,327,231,0,0
307.63602972851953,8,77,0,0
308.47120032490693,18,366,0,0
308.53945447846826,1167,53,0,0
308.55042658386924,186,3900,0,1
308.5579958752454,23,326,0,0
308.55809844221693,6,591,0,0
308.55926924156796,48,599,0,0
308.57157704519886,60,7650,0,1
308.83833462324844,407,326,0,0
308.8386652386326,268,693,0,0
308.8436652952935,733,63,0,0
309.7772597179971,12,338,0,0
309.85474049308215,45,231,0,0
309.90126557372145,94,104,0,0
310.1228570275414,14,310,0,0
310.13883127621466,35,657,0,0
310.15307586082184,17,85,0,0
310.2379885090008,1655,755,0,0
310.349595417207,14,130,0,0
310.35200228206133,91,48,0,0
310.78430411303816,49,247,0,0
310.78492621419906,70,591,0,0
310.7899967005881,26,383,0,0
320.3392218187925,98,7,0,0
320.3465493640922,67,216,0,0
320.4223098497366,65,148,0,0
320.4250604365646,214,220,0,0
320.4358137937363,67,427,0,0
320.44064997704095,306,164,0,0
320.44985465997433,10,226,0,0
320.52582498892747,8,245,0,0
321.20217655584116,75,158,0,0
321.3196297896578,74,225,0,0
321.78066787253573,1710,313,1,0
321.78809703955983,350,767,1,0
322.17250214641706,15,298,0,0
322.2357795563175,92,48,0,0
322.55412326281623,133,587,0,0
322.56298466101805,25,427,0,0
322.5758177810418,320,439,0,0
322.89003840209824,62,360,0,0
322.9590834993125,50,19,1,0
322.9842551472475,17,318,0,0
322.98940706337413,15,45,0,0
323.00593623107324,10,151,0,0
323.0590607483934,6590,500,1,0
323.1440984142813,2384,159,0,0
323.1506870055254,17,259,0,0
323.1607590707471,85,74,0,0
323.2075185720174,3790,216,0,0
323.20966952991,5200,136,1,0
323.3377072365179,590,217,0,0
323.3568655419033,12,211,0,0
323.37156518323053,32,79,0,0
323.3717178043806,5,168,0,0
323.3724934468281,31,202,0,0
323.37483225448483,60,411,0,0
323.3805861059673,15,274,0,0
323.3826297780396,8,55,0,0
323.42107759007433,52,19,0,0
323.44477652450723,103,473,0,0
323.4553704324971,7,258,0,0
323.45567898531226,19,215,0,0
323.75114302758607,7,623,0,0
323.7614752973784,17,431,0,0
323.8202548182489,100,95,0,0
323.82496871146253,71,140,0,0
323.8429076051589,10,248,0,0
323.9152656158854,17,394,0,0
323.9440365159,56,63,0,0
324.0669253020614,18,726,0,0
324.0794039787316,14,26,0,0
325.04195337153016,480,143,0,0
325.04235908362546,30,239,0,0
325.0482897217832,3540,130,0,0
325.17498155279367,564,7,0,0
325.1857739357658,8152,40,1,0
325.19311456901465,7,175,0,0
325.1936255353575,41,246,0,0
325.38887985039855,48,284,0,0
325.3892781773388,5510,341,1,0
325.43812666194367,30,3390,0,1
325.4642143392452,140,323,1,0
325.56574637395545,47,574,0,0
325.8917299556352,13,103,0,0
325.89604053949546,331,15,0,0
325.89951396686814,632,420,0,0
325.9087909996523,18,350,0,0
325.9093524582802,303,471,0,0
325.9992900009302,3360,638,1,0
326.00713021069384,37,280,0,0
326.03092387827724,293,116,0,0
326.03272516136155,7,3360,0,1
326.05024892107684,3338,121,0,0
326.05518489269133,13,653,0,0
326.0698544623207,64,249,0,0
326.07176589669217,80,9,0,0
326.2035658549083,14,127,0,0
326.208174303141,31,300,0,0
326.2082763213919,15,614,0,0
326.26939137231454,12,195,0,0
326.27860523946117,57,102,0,0
326.28146356256264,7,225,0,0
328.78934316036083,250,41,1,0
328.80437537599806,190,279,0,0
328.8055206046184,15,121,0,0
328.8103817521865,18,537,0,0
328.8459015265859,134,63,0,0
328.85645874249684,19,131,0,0
329.0550117092371,14,309,0,0
329.1942458882735,59,253,0,0
329.1976500848102,39,126,0,0
329.2155301506561,1710,186,1,0
329.2753289421179,213,365,0,0
329.2825879126618,3253,168,0,0
329.2891423937843,11,90,0,0
329.3853994211651,1195,150,0,1
329.42624400756074,832,210,0,0
329.42724717007957,223,319,0,0
329.43277897066406,527,590,0,0
329.44003293900164,126,279,0,0
329.4531256396932,14,274,0,0
329.45707302256477,13,230,0,0
329.7000560468996,28,151,0,0
329.7024411775295,23,464,0,0
329.7043325988362,134,19,0,0
329.7296290043083,142,245,0,0
329.7298121743846,10,205,0,0
329.73192421109894,34,554,0,0
329.7900509843501,493,767,0,0
329.79122552713426,12,66,0,0
329.79429892215836,674,650,0,0
329.94058902639716,158,607,0,0
329.98219562466574,7,26,0,0
330.0009388901563,284,108,0,0
330.0282242472308,341,222,0,0
330.03255754733595,12,503,0,0
330.0637832299683,26,444,0,0
330.075013613261,105,431,0,0
332.5804989280131,2368,76,0,0
332.6302251379351,18,215,0,0
332.6388531076059,3110,174,0,0
332.6541418383089,15,360,0,0
332.6730929182095,1294,238,0,0
332.6741714992003,31,32,0,0
332.6774560207629,13,282,0,0
333.0397627506416,185,172,0,0
333.0407945411758,20,574,0,0
333.04615498975113,1772,250,0,0
333.1790720629498,9,64,0,0
333.53221067936886,31,360,0,0
333.5344325455478,242,242,0,0
333.85596305674335,8,162,0,0
333.86432587070993,46,356,0,0
334.3399977358173,142,175,0,0
334.3872632162167,12,255,0,0
334.397137892804,437,273,0,0
334.4719844313112,12,41,0,0
334.52549663084835,75,51,0,0
334.52921917107386,28,422,0,0
335.8146511089146,13,249,0,0
335.82344561672335,27,188,0,0
335.9992621781012,1067,10,0,0
336.0059033907429,19,228,0,0
336.00635722031933,9,26,0,0
336.00821570260644,7730,462,1,0
336.0225714879339,18,239,0,0
336.0913531241089,9,277,0,0
336.6867300048083,37,331,0,0
336.70741077146664,600,460,0,0
336.71739982538304,6,398,0,0
336.7189002103585,37,96,0,0
336.7349174505046,7,310,0,0
336.7669366526274,56,310,0,1
336.76714622287915,22,446,0,0
337.00592326191077,54,366,0,0
337.1767284906384,100,230,1,0
338.8457423268119,978,104,0,0
338.8485781871216,144,16,0,0
338.8675199732998,427,19,0,0
338.885565297674,235,769,0,0
338.8867942146884,9,252,0,0
338.8899774871819,12,3220,0,1
338.89240558276674,8186,6,1,0
338.94120918935374,523,235,0,0
338.9824870392686,832,210,0,0
339.24118643843445,175,316,0,0
339.2489420864687,13,156,0,0
339.2499999527703,18,418,0,0
339.2917766116606,9,3000,0,1
339.32812967831535,22,78,0,0
339.3938759541604,7,194,0,0
339.6037869072886,3331,187,0,0
339.6091502436134,56,262,0,0
339.6947441472311,228,624,0,0
339.69706003006695,8,252,0,0
339.7207254350628,1950,292,1,0
339.789562250492,7,124,0,0
339.8032761813247,16,231,0,0
339.8299990686516,10,181,0,0
339.8310605737181,74,179,0,0
339.8357583301508,147,245,0,0
339.85905922146105,69,259,0,0
339.8606107503877,39,766,0,0
339.86373048082817,143,429,0,0
342.1116192806911,29,123,0,0
342.1404139284265,7,96,0,0
342.1436976949881,199,239,0,0
342.1458523018206,576,680,0,0
342.41430983309886,23,92,0,0
342.41437110590294,1460,359,1,0
342.42235493192754,12,265,0,0
342.47587260438456,11,107,0,0
342.48073505954017,6,2750,0,1
342.5229608157809,232,188,0,0
342.52475756981397,320,357,0,0
342.5388833389292,15,384,0,0
342.5545884983528,20,113,0,0
342.56932623777504,17,89,0,0
342.5884579205868,55,204,0,0
342.6038258188721,12,292,0,0
342.737500866825,1355,189,0,0
342.74584921534444,16,173,0,0
342.75018563269174,18,365,0,0
342.7581790272375,19,266,0,0
342.76580223927675,16,339,0,0
342.7664643107277,1221,225,0,0
342.76676819126976,10,261,0,0
342.76769591341537,300,432,1,0
342.79221230423826,9,271,0,0
342.79585912024396,16,22,0,0
342.8019327589101,587,192,0,0
347.11002023981746,17,773,0,0
347.2415337389427,51,390,0,0
347.25061914779815,100,74,1,0
347.2545257082088,13,194,0,0
347.47165191182637,15,100,0,0
347.4745440426612,349,219,0,0
347.63879325950734,24,488,0,0
347.6836147529671,270,335,1,0
347.9046636903477,15,197,0,0
347.9078998599898,54,753,0,0
347.99220348524887,89,304,0,0
347.99257009825385,16,275,0,0
348.00230622724865,57,97,0,0
348.12181063757714,17,276,0,0
348.17720554921027,59,211,0,0
348.1775539369249,12,486,0,0
348.2317005798172,19,81,0,0
348.26576908937324,22,349,0,0
348.277807997563,41,332,0,0
348.28102430558386,11,103,0,0
348.28880606736595,360,39,1,0
348.29313451907797,24,80,0,0
348.38398019351945,7,74,0,0
348.4186810783005,4,1600,0,1
348.53464024611236,802,195,0,0
348.5889111472383,761,130,0,0
348.5899601586449,148,310,0,0
348.607873684364,119,385,0,0
349.60318199456543,11,388,0,0
349.6046596205632,14,1110,0,1
349.62857562985124,18,84,0,0
349.6314325113547,61,747,0,0
349.6337301953713,20,131,0,0
349.65453456875997,4,254,0,0
349.7402163831824,181,69,0,0
349.80356735013385,61,336,0,0
349.8379194401647,373,245,0,0
349.92912316915766,38,104,0,0
349.9296448404842,14,177,0,0
349.9994671235507,255,331,0,0
350.0299814275688,332,72,0,0
350.0393860775887,95,767,0,0
350.05267888812267,1225,6,0,0
350.05513858683815,953,776,0,0
350.19476029978375,9,120,0,0
350.19776132184,7,328,0,0
350.1984680397425,380,767,0,0
350.21184825126153,16,200,0,0
350.216096344242,160,371,1,0
350.2278741353746,266,755,0,0
350.5079656695356,5,233,0,0
350.5182643870442,38,395,0,0
350.53565706237566,415,255,0,0
351.80750087154655,75,148,0,0
351.8083190630606,53,631,0,0
351.83676721055843,789,21,0,0
351.9783556367409,96,35,0,0
352.2629034804055,463,770,0,0
353.49608258283945,9,398,0,0
353.49974933749365,123,144,0,0
353.54640526961833,39,297,0,0
353.55777999235823,15,214,0,0
353.56332872164563,3008,124,0,0
353.5665506142021,37,440,0,0
353.56728546187014,37,169,0,0
353.5943137549304,88,22,0,0
353.6570215461142,1380,486,1,0
353.6586640201569,29,128,0,0
353.7225426737707,231,142,0,0
353.72711115013635,112,290,0,0
353.72892348517394,7,92,0,0
353.7289949907546,2358,531,0,0
353.8565685546157,10,96,0,0
353.9152943068851,22,328,0,0
353.9227278088823,106,313,0,0
353.929129998951,103,427,0,0
353.93015040123424,91,293,0,0
353.9696577323711,50,312,0,0
353.9819704481708,61,75,0,0
354.0235298718789,901,448,0,0
354.0436175984704,879,174,0,0
354.04444725673767,15,231,0,0
354.0450627769621,1984,439,0,0
354.07793487988545,2053,265,0,0
354.0784072923885,10,195,0,0
354.1031185978939,97,218,0,0
354.1919596841431,1746,1680,0,1
354.1930450139871,8161,31,1,0
354.2494083070983,19,242,0,0
354.2653757443817,45,5,0,0
354.3085900879158,154,140,0,0
354.3127380061782,4,52,0,0
354.32726041225783,56,5810,0,1
354.3629159014485,163,324,0,0
354.9681862399334,35,612,0,0
355.03553967024465,12,398,0,0
355.0776783148125,4,36,0,0
355.078819393474,488,311,0,0
355.10941207780314,8,303,0,0
355.1133981895152,94,31,0,0
355.1271444653678,131,278,0,0
355.1544539874436,17,570,0,1
355.26714125917476,847,767,0,0
355.3201986583549,23,2000,0,1
355.3438054664826,255,21,0,0
355.35823329284034,25,563,0,0
355.60794355371473,1354,255,0,0
355.6106832527006,15,375,0,0
355.628401674249,32,196,0,0
355.89093102260864,17,257,0,0
355.9020638369772,424,595,0,0
355.9898005456999,53,147,0,0
356.08916626802346,11,345,0,0
356.9806744163149,6,16,0,0
357.14217781040907,16,583,0,0
357.1427730317982,4,149,0,0
357.1592909572052,18,113,0,0
357.18900259280196,30,214,0,0
357.27582005505775,18,4170,0,1
357.31144685655744,117,468,0,0
358.0373454818921,270,99,0,0
358.1861779945815,1567,190,0,0
358.187664926675,250,767,1,0
358.1921093226434,138,110,0,0
358.19235612178244,21,236,0,0
358.70542264237565,16,165,0,0
358.71743072072144,14,690,0,0
358.7289028469382,273,732,0,0
358.7295242819347,30,198,0,0
358.7356257427248,23,215,0,0
358.77018039250737,107,430,0,0
358.7765091655348,93,663,0,0
358.7828939725674,460,499,0,0
358.78689019627035,6,6,0,0
359.54230678147434,17,419,0,0
359.54679471339745,13,403,0,0
359.54751069984303,58,404,0,0
359.55217988358316,25,444,0,0
359.5586407815219,12,492,0,0
359.5693557648103,134,321,0,0
359.5771689887077,10,14,0,0
359.5784890365901,207,202,0,0
359.5868765304543,30,37,0,0
359.6141780787088,23,251,0,0
359.6149048631307,28,336,0,0
360.2946449020861,11,280,0,0
360.6811903341347,52,172,0,0
360.68150126429066,38,230,0,0
360.6873307878076,27,284,0,0
360.782301327812,350,283,1,0
360.9690076497347,8,503,0,0
361.42823460326247,1419,42,0,0
361.4285241272623,96,97,0,0
361.42981428438054,26,478,0,0
361.4341456390937,23,33,0,0
361.4717244865515,139,150,0,0
361.4731175737713,8,217,0,0
361.5030093987842,1052,65,0,0
361.5343090773791,44,77,0,0
361.5884636831582,17,131,0,0
361.5893849382014,10,278,0,0
361.6083176258394,174,165,0,0
361.62312564004617,719,58,0,0
361.62864244570204,291,767,0,0
361.8120513116382,875,24,0,0
361.8192806480561,20,132,0,0
362.06994557414396,8,172,0,0
362.07391985133665,52,62,0,0
362.50277078410153,624,612,0,0
362.8888744243952,72,24,0,0
362.8914436816919,56,124,0,0
362.91879533075263,643,15,0,0
362.9450908355936,24,185,0,0
362.9470148846763,34,232,0,0
363.0166290821408,20,8,0,0
363.06427730748953,204,79,0,0
363.06671901531365,65,59,0,0
363.0843705344232,43,727,0,0
363.1732209653595,19,601,0,0
363.1838198268512,110,277,1,0
363.1872683589771,1560,295,1,0
363.60232315050746,48,280,0,0
363.60435451482346,22,704,0,0
363.6344680989579,47,86,0,0
363.7831617382749,309,154,0,0
363.8594647154362,520,136,0,0
363.8598322681963,205,384,0,0
363.86780955718484,12,278,0,0
363.87974588153065,56,301,0,0
363.8899914925689,23,256,0,0
363.9467308135782,145,225,0,0
363.9949944743123,12,357,0,0
364.0162023018445,31,515,0,0
364.0441442265153,10,281,0,0
364.1725822402064,38,203,0,0
364.3811755081677,58,414,0,0
364.38153000671366,19,2790,0,1
365.7920195665986,70,378,0,0
365.79750028123755,6,31,0,0
365.8803792375853,48,270,0,0
365.8810028685187,8,39,0,0
365.88700994934317,17,465,0,0
365.8883442143891,54,100,0,0
366.0448109550513,220,768,1,0
366.1495253474512,332,766,0,0
366.1670627368039,126,1700,0,1
366.17936285327016,91,780,0,0
366.21751516476746,16,354,0,0
366.2200989818077,504,85,0,0
366.2251750974781,101,722,0,0
366.2288617444283,14,1690,0,1
366.3209671845713,703,770,0,0
366.3393723937824,63,33,0,0
366.3406855820391,48,18,0,0
366.37588079174316,63,372,0,0
366.42675497121155,11,201,0,0
366.7193795104231,26,247,0,0
366.72503535824876,23,683,0,0
366.7648438395571,6,204,0,0
367.96371713381245,24,22,0,0
367.9727563774586,38,331,0,0
367.9811228777938,24,527,0,0
368.0303560256638,182,181,0,0
368.0366755250099,20,631,0,0
368.05420408673433,540,176,1,0
368.060480220974,209,395,0,0
368.06403148498555,15,656,0,0
368.1676300407714,17,556,0,0
368.17574862176,18,79,0,0
368.17800623298854,8,245,0,0
368.1876848748309,11,107,0,0
368.20066473438993,22,767,0,0
368.2324088907528,18,233,0,0
368.34760945262184,21,554,0,0
368.9739784078866,7,302,0,0
368.9754092959159,12,195,0,0
368.9858065523754,12,171,0,0
368.9862321364751,65,25,0,0
369.01282806277305,9,62,0,0
369.06171050219695,29,249,0,0
369.066190231818,11,314,0,0
369.06881494793726,334,134,0,0
369.071045883929,321,479,0,0
369.0718421473257,838,322,0,0
369.1311363819781,14,301,0,0
369.9186247926688,17,192,0,0
369.9202515683311,6,196,0,0
370.36581842042614,76,202,0,0
370.3786804662976,92,504,0,0
370.37964211355524,16,67,0,0
370.42988452804013,10,242,0,0
370.5042160070634,36,116,0,0
370.53956839199026,18,230,0,0
370.548913667451,155,212,0,0
371.01424109861745,13,2470,0,1
371.0231007888987,12,301,0,0
371.08000866959014,32,340,0,0
371.13841752388265,6,177,0,0
371.1409596106216,7,190,0,0
371.1413253053959,8,131,0,0
371.1417895618446,12,24,0,0
371.1486922744422,27,136,0,0
371.18040003222103,270,493,1,0
371.1808159624956,12,143,0,0
371.1843616596907,726,41,0,0
371.52588503882987,18,240,0,0
371.52628392584734,373,783,0,0
371.56504735177515,972,250,0,0
371.5959488317977,952,598,0,0
371.6706387936119,113,191,0,0
371.67140124844263,17,3020,0,1
371.70118674110375,22,485,0,0
371.70207966758875,36,414,0,0
371.92597728288325,6470,533,1,0
371.92856455269424,1136,274,0,0
371.9607856038105,7,26,0,0
371.9637250962247,14,285,0,0
371.9833995027439,8,201,0,0
371.9840598402699,4,58,0,0
372.01042407969265,85,183,0,0
372.0607461186141,105,596,0,0
372.0752247602816,10,224,0,0
372.46722799724665,8,171,0,0
372.4984976756655,11,167,0,0
372.57129177584727,25,97,0,0
372.6125956377076,2213,251,0,0
373.2777625898473,16,300,0,0
373.2816687451016,107,1610,0,1
373.29023900489386,132,173,0,0
373.29976524255164,88,368,0,0
373.3519296938276,301,123,0,0
373.37730512309366,38,555,0,0
373.45880275905444,1519,15,0,0
373.4861711950871,19,382,0,0
373.49145132252255,180,390,0,0
373.5047417880648,73,326,0,0
373.5415031958082,17,82,0,0
373.54164905764185,87,586,0,0
373.7983289849148,52,154,0,0
373.80316204763994,41,10,0,0
373.81062088429303,574,75,0,0
373.83681934805327,6030,222,1,0
373.84613160287995,392,270,0,0
373.84694225457304,8,208,0,0
373.85675373580466,47,422,0,0
374.1204200809525,15,197,0,0
374.25330384901594,24,262,0,0
374.4494024953788,118,30,0,0
374.4545907155411,410,499,0,0
374.46491029360516,8,39,0,0
374.6022939357894,7502,690,1,0
374.9351717615642,11,350,0,0
374.95254278961664,21,100,0,0
374.9548198174324,55,544,0,0
374.9551411114748,337,140,0,0
375.25382896757077,13,606,0,0
375.25457422349893,16,312,0,0
375.2947925759396,29,295,0,0
375.39836899176225,29,259,0,0
388.4957246956687,30,35,0,0
388.52086440361865,50,311,0,0
388.5344276562049,25,326,0,0
388.57860687517757,15,209,0,0
388.6278720722222,58,41,0,0
388.89969512061566,2386,20,0,0
388.97133521387553,11,485,0,0
388.974998316959,10,89,0,0
388.97523111862296,35,767,0,0
389.00767291030166,10,513,0,0
389.012085655117,68,199,0,0
389.3330457672765,60,23,1,0
389.33424345823573,15,215,0,0
389.3611936677899,8,134,0,0
389.365169272185,5,248,0,0
389.3681163539293,1802,297,0,0
389.9207265667427,12,301,0,0
389.9461639884281,17,552,0,0
389.95854968925863,450,333,1,0
390.04115807821745,39,75,0,0
390.04473118434237,39,406,0,0
390.0531756105452,807,211,0,0
390.0580166447346,25,619,0,0
391.13013001602246,6413,84,0,0
391.16574342922274,940,213,0,0
391.231706217585,8,140,0,0
391.41178419116056,3157,386,0,0
391.42406522629307,84,192,0,0
391.43715794401095,645,233,0,0
391.4377713962085,78,588,0,0
391.48615494882677,109,59,0,0
391.51685210551756,9,117,0,0
391.52452873717755,3181,17,0,0
391.740859829485,156,366,0,0
391.74130688118885,468,335,0,0
391.78402131664603,387,5270,0,1
391.7850595342205,19,236,0,0
391.7867429002856,7,80,0,0
391.7983250780441,44,704,0,0
392.08025259744255,12,640,0,0
392.0817797667507,139,15,0,0
392.08404118149144,17,22,0,0
392.08549850414414,19,88,0,0
393.2397241988709,18,304,0,0
393.2925091656893,11,389,0,0
393.3339183700925,729,219,0,0
394.6222758989009,39,131,0,0
394.65226587294825,45,27,0,0
394.6524950475926,15,155,0,0
394.65877120211724,1331,756,0,0
394.66026802409334,682,142,0,0
395.8522130853614,42,7700,0,1
395.85316136223247,24,446,0,0
395.88670638451407,67,108,0,0
395.89283893737337,16,605,0,0
395.8999878926907,11,2370,0,1
395.91862123524317,1986,144,0,0
395.93211142201534,93,629,0,0
395.9364171565383,130,276,1,0
395.93778668405776,4,259,0,0
395.9423901597048,8,138,0,0
395.9444258112434,7,129,0,0
395.94712694700155,7,205,0,0
395.9698328347154,29,341,0,0
395.9827524211385,11,3440,0,1
396.03062648729696,28,740,0,0
396.0414290570588,8088,104,1,0
397.0030892321767,319,765,0,0
397.00695908849644,13,187,0,0
397.00917117740386,20,29,0,0
397.1576841834974,599,137,0,0
397.1617542582551,28,282,0,0
397.18459108505914,180,105,1,0
397.3193456912207,15,376,0,0
397.3337030067387,96,3710,0,1
397.3421169495678,7,140,0,0
397.47375474805693,14,333,0,0
397.508824039418,65,60,0,0
397.514640143994,13,464,0,0
397.5160947158378,15,134,0,0
397.52407413884043,9,205,0,0
397.5246322564326,19,293,0,0
397.5274843270428,423,211,0,0
397.5292770090533,3115,376,0,0
397.5614712598524,12,393,0,0
397.64663897028754,11,73,0,0
397.6511384815143,8,154,0,0
397.65810314211427,916,159,0,0
397.65986384329074,309,763,0,0
397.66084512965057,16,609,0,0
397.66789398952113,13,294,0,0
397.723715250679,15,327,0,0
397.76952912047665,684,252,0,0
397.8282723042836,628,127,0,0
397.83805733637143,10,420,0,0
397.83811644413856,67,101,0,0
397.95681645021205,16,86,0,0
398.2262355996172,11,117,0,0
398.3414033353163,25,520,0,0
398.4547430299913,110,153,0,0
398.62473520889205,250,174,1,0
403.21741439921533,61,568,0,0
403.25169826564854,8,229,0,0
403.69873329182184,115,130,0,0
403.7939801579935,290,86,0,0
403.86673160867485,49,314,0,0
403.88028542015246,60,182,0,0
403.8890199472103,29,703,0,0
403.8907445780041,39,125,0,0
403.9512071874196,1914,51,0,0
403.96055150683844,11,534,0,0
403.96202937932424,42,74,0,0
403.96572241203853,35,7670,0,1
403.96724155432497,7,203,0,0
404.4643277305899,38,279,0,0
404.4750805343814,252,336,0,0
404.4974539333957,11,598,0,0
404.49889661528454,202,500,0,1
404.50098718692016,1522,22,0,0
404.65913483110194,59,339,0,0
404.6701186165553,30,97,0,0
404.69851875487814,42,74,0,0
405.51116129958154,38,254,0,0
406.8909472850765,17,460,0,0
406.9660845638932,512,122,0,0
407.01552935095674,2502,531,0,0
407.0449028836331,17,311,0,0
407.0548421863575,81,2650,0,1
408.2628324338142,15,417,0,0
408.26427331371985,181,768,0,0
408.2792121344722,4,209,0,0
408.2795428707011,29,383,0,0
408.28084100693405,6,330,0,0
408.3224703176763,60,182,0,0
408.36901643310506,47,243,0,0
408.40531691406784,29,179,0,0
408.41450657692315,91,242,0,0
408.4186514908814,1064,82,0,0
408.42453275935475,835,249,0,0
408.4326645247175,169,530,0,0
408.6078699960126,13,225,0,0
408.98136845018,465,47,0,0
409.0265910279323,41,521,0,0
409.03247862505935,5,249,0,0
409.0350516452193,809,458,0,0
409.0690036707045,31,161,0,0
409.08021874131725,1679,24,0,0
409.08062564899234,194,484,0,0
409.39216790417976,4,104,0,0
409.40990549544125,14,429,0,0
409.41920471149746,34,418,0,0
409.4221599888178,248,766,0,0
409.42509188686944,28,74,0,0
409.541961613422,18,391,0,0
409.544498590843,160,275,1,0
409.56651415604773,122,455,0,0
409.6339844406929,10,435,0,0
410.4675510216153,11,172,0,0
410.53092149855,11,1750,0,1
410.54772797474726,13,2500,0,1
410.5549586232,23,245,0,0
410.6618268328635,137,100,0,0
410.8073978647136,35,45,0,0
410.81484286131285,13,249,0,0
410.8760305464177,20,545,0,0
410.8895679574677,7,96,0,0
410.89018662316204,17,293,0,0
410.892412219448,46,388,0,0
410.9894544631945,30,271,0,0
411.35088518215247,43,320,0,0
411.4248510521246,44,242,0,0
411.43670457236243,334,180,0,0
411.44077577711204,15,213,0,0
411.4958326071416,5,510,0,0
411.5317332684028,128,230,0,0
411.5323585296722,9,211,0,0
411.60224445416753,2044,331,0,0
411.6063940691967,390,148,1,0
411.679327040448,9,559,0,0
411.73444408279056,29,769,0,0
411.81607413200663,17,197,0,0
411.98356573527224,23,228,0,0
412.0617063051458,25,74,0,0
412.0637455292891,446,23,0,0
412.0659206876415,7,41,0,0
412.2227167404702,9,262,0,0
412.2714447482557,1971,28,0,0
412.2721342461703,223,412,0,0
412.2724130978966,27,161,0,0
412.388336049807,352,155,0,0
414.23215847664994,23,282,0,0
414.33334881650245,26,377,0,0
414.34442036367955,52,140,0,0
414.3760427390701,28,276,0,0
414.37610579997704,57,621,0,0
414.37838432528355,155,287,0,0
414.5276586967508,10,476,0,0
414.63642101373233,1141,771,0,0
414.6366391232444,990,766,1,0
414.84881473193013,52,48,0,0
414.90402726795776,12,44,0,0
415.0313413071433,15,387,0,0
415.04327018274654,9,271,0,0
415.06159134036494,32,146,0,0
415.0635241209572,6250,375,1,0
415.09890865560584,154,376,0,0
415.21596325602724,69,404,0,0
415.21853447405306,37,482,0,0
415.25744338366565,42,191,0,0
415.26345892458255,14,76,0,0
415.4222102357961,250,12,1,0
415.561654792672,13,767,0,0
415.5617890887042,20,54,0,0
415.6083656379675,26,99,0,0
415.7582892385076,433,471,0,0
415.76395764823724,22,85,0,0
415.77554740750804,298,526,0,0
415.788798999581,851,444,0,0
415.79047660668994,20,333,0,0
415.80473040417775,23,452,0,0
416.2654927881983,8,66,0,0
416.3144693360797,10,211,0,0
416.7455763761197,5500,718,1,0
416.8885962692393,54,601,0,0
417.1092348081883,5,99,0,0
417.13268027254765,7,210,0,0
417.22385157417386,85,183,0,0
418.4277206117924,650,745,1,0
418.81623789383195,13,337,0,0
418.8518643900475,1055,436,0,0
418.85612478160664,132,583,0,0
418.85879691085984,26,169,0,0
418.8887717392193,47,279,0,0
418.9340626406856,192,432,0,0
418.9344626324944,524,354,0,0
418.96317421739985,106,312,0,0
419.00062838569437,51,213,0,0
419.03474113435965,5,30,0,0
419.04054855332987,485,327,0,0
421.22556655802236,303,53,0,0
421.33711197132146,8,262,0,0
421.33816028644276,63,745,0,0
421.3422631004344,10,189,0,0
421.4379094261055,364,342,0,0
421.49029967557743,1821,13,0,0
421.513790682677,138,381,0,0
421.53063738063054,216,92,0,0
421.54211405404226,25,190,0,0
421.5491434253509,127,433,0,0
421.5512545217165,8,325,0,0
421.6097391082557,11,1690,0,1
421.60979389116676,43,323,0,0
421.61363139341915,3510,148,0,0
421.8412889872288,380,190,0,0
421.8446768520764,20,18,0,0
421.84611928235694,12,151,0,0
422.71860401644443,11,365,0,0
422.866189021856,9,396,0,0
422.87864087592914,12,25,0,0
422.8836630732564,2090,662,1,0
422.8940733351514,192,333,0,0
422.9022327076112,12,126,0,0
422.91236540504167,342,267,0,0
422.91597232539453,37,476,0,0
422.96719338271583,14,474,0,0
422.972424334028,872,196,0,0
422.9728096558965,1015,494,0,0
422.9739379980944,15,141,0,0
422.9903826045724,7,331,0,0
422.99235796228555,8,23,0,0
422.9924541185573,18,288,0,0
423.3558059953736,242,110,0,0
423.4009651433368,6,254,0,0
423.40696777528564,38,166,0,0
423.4123844074011,15,178,0,0
423.45848274420615,68,2730,0,1
423.73172195024364,40,42,0,0
423.7360768945014,17,86,0,0
423.773096883696,70,87,1,0
423.7774148965604,5584,308,0,0
423.80828546692254,16,625,0,0
423.80976942932017,9,201,0,0
423.8101229982971,87,607,0,0
423.8288147461005,239,772,0,0
423.842464632984,2924,27,0,0
423.912093306345,392,511,0,0
423.9159941746978,48,99,0,0
424.18333163805823,117,93,0,0
424.2022982353528,26,224,0,0
424.5826107394836,31,95,0,0
424.59029246684315,10,265,0,0
424.9441994698517,23,216,0,0
424.95781572805834,11,131,0,0
424.9786831155459,40,154,0,0
425.09351271437254,4,207,0,0
425.09391168080566,3144,534,0,0
425.09562320697864,60,154,0,0
425.7916802468478,31,228,0,0
425.79236680528277,25,176,0,0
425.7979153580109,9,731,0,0
425.84599920229266,35,219,0,0
426.1682385821901,12,50,0,0
426.17370859423227,62,251,0,0
426.19417522524367,9,247,0,0
426.195681836787,20,2140,0,1
426.202753481359,755,743,0,0
426.33391715632746,7,194,0,0
426.36485920199397,7942,250,1,0
426.3796176667831,2326,163,0,0
426.4177244549252,24,314,0,0
426.4387813570506,41,150,0,0
426.46132663243174,23,412,0,0
426.4689864209177,87,121,0,0
426.47108813878924,543,483,0,0
426.5357582500932,18,379,0,0
426.5372312552427,27,359,0,0
426.6693326645853,641,194,0,0
427.98038377373433,3367,130,0,0
428.35069434461525,55,294,0,0
430.3018002531983,48,238,0,0
430.30367737076637,11,296,0,0
430.33054626403583,153,362,0,0
430.333485149554,16,325,0,0
430.3370228765618,165,218,0,0
430.33749343838855,32,37,0,0
430.3388267340318,12,282,0,0
430.4356162792169,80,4240,0,1
430.5058237099984,1358,161,0,0
430.70613623362414,25,130,0,0
430.87767368946623,1506,18,0,0
430.96240201854016,146,180,0,0
430.965603847378,10,252,0,0
430.9789667583153,2427,163,0,0
431.0565221851731,15,358,0,0
431.2820350726156,54,399,0,0
431.2899524654993,225,58,0,0
431.296168374506,4672,251,0,0
431.30318116467504,19,472,0,0
431.7698130907295,4,773,0,0
431.82579692307354,9,293,0,0
431.8348951523837,24,254,0,0
431.8384910048047,82,287,0,0
431.8817388618907,21,369,0,0
431.8822890646871,7660,166,1,0
431.89333506913056,41,294,0,0
431.89880092684945,178,476,0,0
431.9041154277166,7,73,0,0
431.93111390484614,21,395,0,0
431.9730564245462,17,387,0,0
441.4037422323147,20,234,0,0
441.42593850472815,9,95,0,0
441.5016744219408,296,361,0,0
441.50511109356677,190,357,1,0
441.5057074032698,14,71,0,0
441.6967642054772,975,192,0,0
442.73489495933507,73,301,0,0
442.73723130116224,23,264,0,0
442.7530142061063,40,113,0,0
442.9345975654332,9,334,0,0
442.95699337764705,370,313,1,0
442.9571263421264,9,140,0,0
443.10547427692745,257,359,0,0
443.1192994798475,11,142,0,0
443.2020353550665,22,277,0,0
443.20458566130213,13,2500,0,1
443.31906114089014,1815,95,0,0
443.4770002834074,13,343,0,0
443.48121110560464,81,173,0,0
443.5325705717294,180,715,1,0
443.5376036362901,11,72,0,0
443.5442035349424,107,299,0,0
443.54708096470597,4,99,0,0
443.5547189685093,7,13,0,0
443.55933977163306,682,192,0,0
443.7670105240108,10,434,0,0
443.7787122954458,26,402,0,0
443.78054912712537,1990,90,1,0
444.0926050899197,1598,23,0,0
444.1496093414986,7,82,0,0
444.29261221228893,152,177,0,0
444.3090134052446,198,36,0,0
444.38770783422615,130,170,1,0
444.4030694575791,383,595,0,0
444.40571541166634,8045,147,1,0
444.429202311782,100,276,1,0
444.4546428397175,1316,630,0,0
444.47968791244324,2000,198,1,0
444.58664394674906,15,3260,0,1
444.58718417994805,14,339,0,0
444.62217315004494,4,124,0,0
444.62587834880736,18,222,0,0
444.6366264203437,10,478,0,0
444.6845955140795,13,312,0,0
444.7066064478085,80,443,0,0
444.71147160328,967,569,0,0
444.8031931909659,492,278,0,0
444.82053448545537,340,339,0,0
444.9536458501422,31,258,0,0
445.200361604923,29,28,0,0
445.2098381311126,320,231,1,0
445.21191862484187,17,134,0,0
445.2353430737234,498,108,0,0
445.34102725683647,707,127,0,0
445.3793681285162,1259,149,0,0
445.38118925022246,7,182,0,0
445.38180915574486,9,91,0,0
445.38472424835874,24,456,0,0
445.3875907763435,94,392,0,0
445.45945984109545,146,399,0,0
445.48233609853287,70,308,0,0
445.6030862857829,136,78,0,0
445.6200550575494,7,27,0,0
446.24205633689905,17,346,0,0
446.2628421446476,931,287,0,0
446.32600328446836,12,49,0,0
446.33482513764216,17,249,0,0
446.3858421794474,7,123,0,0
446.57487761046104,5,170,0,0
446.67500637029053,13,254,0,0
446.9548497749793,37,197,0,0
446.9608298579418,21,18,0,0
447.01329438762644,26,532,0,0
447.69095837885635,889,769,0,0
447.7257027564166,15,376,0,0
447.7405662733007,660,767,0,0
447.7535585202453,11,213,0,0
447.7606793773185,1662,645,0,0
447.7886589597506,11,107,0,0
448.14412466368765,20,191,0,0
448.19657681648084,18,522,0,0
448.2163672388985,5,940,0,1
448.2204916327383,3114,225,0,0
448.22253996737237,13,269,0,0
450.9064105754943,21,161,0,0
450.9143848518184,14,75,0,0
450.93974820141426,12,4560,0,1
450.9474481328445,3053,12,0,0
450.97648481428166,15,210,0,0
450.985095754975,96,3770,0,1
451.01056086996965,327,492,0,0
451.4014633274045,7,248,0,0
451.40599596696484,11,107,0,0
451.4654840586412,14,183,0,0
451.48309982869125,65,337,0,0
451.57019512904566,27,24,0,0
451.57523044257795,45,173,0,0
451.62089584402656,130,181,1,0
451.6236044520136,140,262,1,0
451.624090929729,17,254,0,0
451.6254453962238,2651,59,0,0
451.62825843569186,29,769,0,0
451.6302233031022,409,44,0,0
451.640076083587,18,223,0,0
451.81739787271255,771,78,0,0
451.81926371049076,73,214,0,0
451.8655699439541,17,143,0,0
451.8907868245381,1622,43,0,0
451.89520079823444,95,83,0,0
451.8979766300854,106,552,0,0
451.9416437843067,9,92,0,0
451.9900406627491,1744,532,0,0
451.99907631391017,22,301,0,0
452.0125263509856,113,442,0,0
452.0303765039699,14,7,0,0
452.0316513295746,4350,46,1,0
452.05421611418086,60,22,0,0
452.0878537138246,10,238,0,0
452.7192581162713,1012,150,0,0
452.72063481478824,212,199,0,0
452.7237563869342,493,767,0,0
452.7451817858175,107,431,0,0
452.7507082347997,1630,3430,1,1
452.758667939886,8123,69,1,0
452.77699698623684,474,3300,0,1
452.78696698818715,239,399,0,0
452.80382816491107,12,5030,0,1
452.84769021280596,6,141,0,0
452.84837806156304,24,114,0,0
452.9043998392178,29,306,0,0
452.90459413420376,18,134,0,0
453.46481167923116,1131,570,0,0
453.5820360278102,5,55,0,0
453.5873633831697,388,325,0,0
453.7287773045243,11,767,0,0
453.7423141955906,123,775,0,0
453.7860098039378,27,521,0,0
453.86977994646384,2427,163,0,0
453.90667892806385,15,501,0,0
453.92510600754184,6,221,0,0
453.98931746831005,17,117,0,0
454.0018818946906,64,446,0,0
454.01053138110467,16,344,0,0
454.0132795548641,27,370,0,0
454.0137681454179,8,87,0,0
454.4616561989113,333,697,0,0
454.5507207207514,23,389,0,0
454.55183398489135,59,453,0,0
454.59304834364565,144,233,0,0
454.62132301939664,15,766,0,0
454.6215470360284,89,492,0,0
454.62504665815266,96,890,0,1
454.64018297064536,185,422,0,0
455.22966834944276,14,59,0,0
455.3986370235283,25,165,0,0
455.63342786920197,6,22,0,0
455.66893593384816,7,26,0,0
455.80872149577544,4,10,0,0
455.81050803820153,18,6,0,0
455.8755980966994,79,282,0,0
455.9573890089345,17,523,0,0
455.9588872324261,44,188,0,0
455.9903608237429,73,702,0,0
456.39454717898735,167,67,0,0
457.305850852834,43,208,0,0
457.6342866417682,16,171,0,0
457.6389524872191,105,589,0,0
457.65501658175,4,107,0,0
457.6618641006241,11,289,0,0
457.8905336228514,140,52,1,0
457.8941018856255,8,189,0,0
457.89647775469194,48,394,0,0
457.8972325992613,84,26,0,0
457.9261541401499,22,660,0,0
457.97286847518245,10,2850,0,1
457.9787442600499,42,768,0,0
457.9830339256359,58,391,0,0
457.99650505582827,1881,189,0,0
458.2869036574534,9,276,0,0
458.28822979810116,63,589,0,0
458.30632470268296,4,28,0,0
458.33632677598433,54,7660,0,1
458.37812932682004,10,291,0,0
458.62373889306565,767,352,0,0
458.728242694417,9,18,0,0
458.7626158369215,159,69,0,0
459.1353171678718,123,50,0,0
459.3317633564687,14,106,0,0
459.36738490330174,591,552,0,0
459.39942865087886,957,372,0,0
459.40128946701054,9,135,0,0
459.427191290873,50,339,0,0
459.4313395592508,21,410,0,0
459.43337127689193,87,340,0,0
459.4448406823672,28,691,0,0
459.44546653395554,51,546,0,0
459.44879660293645,18,528,0,0
459.4558282687644,177,192,0,0
459.49424485713365,103,578,0,0
459.5045288314551,10,86,0,0
459.5474485692675,45,237,0,0
460.0094753781969,10,32,0,0
460.10916146243704,26,292,0,0
460.11106262537504,6250,635,1,0
460.11160515757825,214,21,0,0
460.1146256169296,382,410,0,0
460.1177974081222,52,333,0,0
460.11814963222764,53,75,0,0
460.1187396902272,1053,2240,0,1
460.11932830794484,21,202,0,0
460.1247376751569,137,84,0,0
460.43614321567924,218,217,0,0
460.9770204502944,41,3970,0,1
460.9792781536134,15,850,0,1
460.98615665134616,5,72,0,0
460.98724788368634,576,288,0,0
460.98788975453215,81,497,0,0
461.002173679962,72,194,0,0
461.0200614955717,6,38,0,0
461.02458955028027,13,67,0,0
461.08073083903423,37,316,0,0
461.0887941582558,2690,537,0,0
461.22680340442,151,1260,0,1
461.23247924623064,158,233,0,0
461.31768546053496,105,135,0,0
461.32791200710636,7,115,0,0
461.34748900082275,8,130,0,0
461.4004449132188,11,34,0,0
461.40149068543894,8,170,0,0
461.4049231553327,110,231,1,0
461.41803664119857,179,769,0,0
461.4266633564537,90,354,0,0
461.4519087663207,442,527,0,0
461.4548838695416,14,413,0,0
461.45593434628023,15,589,0,0
461.46804071305144,10,640,0,1
461.49467813437707,149,328,0,0
461.4976618162024,120,70,0,0
461.6681048903276,6,180,0,0
461.7283846953088,15,373,0,0
461.81103891725223,5,272,0,0
461.88399348851476,11,152,0,0
461.8867484644411,14,95,0,0
462.9745231353069,40,150,0,0
462.97831961376477,7,169,0,0
463.0124336748842,7,271,0,0
463.08219095623815,37,104,0,0
463.1145942851869,398,278,0,0
463.13920185411985,26,22,0,0
463.1425883100621,1572,255,0,0
463.15045306364993,104,123,0,0
463.1693151347105,22,19,0,0
463.4109392952632,41,303,0,0
463.41578022812064,20,145,0,0
463.488407361026,120,281,0,0
463.5329607529129,64,297,0,0
463.5553345394158,106,362,0,0
463.56168604285034,53,1140,0,1
463.57630809458425,410,252,0,0
463.57692611341696,223,767,0,0
463.60153190300065,23,144,0,0
463.6401126646767,1971,247,0,0
463.6473610709941,251,456,0,0
463.7063907627994,57,453,0,0
463.745543911602,13,3410,0,1
463.75045784879995,48,18,0,0
463.8636402766676,15,52,0,0
463.87099277648974,667,312,0,0
466.5236885130794,22,446,0,0
466.52644428373964,132,674,0,0
466.53072308206464,239,288,0,0
466.5367701517693,1425,334,0,0
466.5714902029459,15,134,0,0
466.7911676741874,238,246,0,0
466.8170826287713,14,295,0,0
466.82676667806936,157,148,0,0
467.7907428301273,15,260,0,0
467.95615762528473,19,193,0,0
467.9684103313801,126,467,0,0
467.9854749693971,387,87,0,0
467.98647174955687,2212,123,0,0
468.00936121683526,20,448,0,0
468.6677528489968,26,481,0,0
468.6698066930524,2360,216,1,0
468.6710424365142,239,425,0,0
468.69827485696146,70,201,1,0
468.69844881501945,73,11,0,0
469.031899927931,36,329,0,0
469.0328986218785,6,307,0,0
469.03770188776485,19,375,0,0
469.0523842941316,383,611,0,0
469.2727737287532,15,14,0,0
469.31641726495826,26,414,0,0
469.31685969627546,34,725,0,0
469.3175243269027,2288,237,0,0
469.34636202965544,16,298,0,0
469.3466505002644,25,562,0,0
469.35705338756367,61,353,0,0
469.3606085829265,17,5820,0,1
469.45136740394287,695,277,0,0
469.6534562509715,81,427,0,0
469.65357494651767,8,427,0,0
469.69579954223417,138,138,0,0
469.7597178345125,1096,164,0,0
469.7635329008546,10,475,0,0
469.7688249610843,800,8,0,0
469.7704072030243,1666,336,0,0
469.7790918247892,12,38,0,0
469.8178851673178,32,12,0,0
470.0674306596857,8,553,0,0
470.3711129959258,10,337,0,0
470.3807345936751,2070,364,0,0
470.3839491793794,230,253,1,0
470.50850275765987,142,23,0,0
470.5085701320583,5610,649,1,0
470.5095884680078,7,261,0,0
470.57000109681775,34,294,0,0
472.01023735255706,13,202,0,0
472.0137236394623,110,307,1,0
472.0341893138816,86,384,0,0
472.0359811400979,751,726,0,0
472.0503896296422,1450,37,1,0
472.0647328580445,17,475,0,0
472.0684272779806,19,332,0,0
472.10522947125975,751,726,0,0
472.1172233053764,18,514,0,0
472.16379439675825,14,325,0,0
472.1751319472198,41,10,0,0
472.17665951306435,195,431,0,0
472.1993116582213,9,102,0,0
472.29455982731184,7,93,0,0
472.2981223431283,75,770,0,0
472.55051950587324,13,305,0,0
472.5932075918624,4,133,0,0
472.60166506849487,8,302,0,0
472.6203548407447,58,551,0,0
472.62789007417797,15,117,0,0
472.6307737871575,1429,383,0,0
472.7409471849217,1277,128,0,0
472.8480218879771,166,710,0,0
472.8551505206224,48,769,0,0
472.86736848803713,49,730,0,0
472.8789809564706,62,229,0,0
472.95020880641,14,239,0,0
473.2827362482988,14,264,0,0
473.2874784305668,20,188,0,0
473.32046425056063,12,173,0,0
473.33758927531517,54,176,0,0
473.39237311974546,21,534,0,0
473.71457032771764,11,371,0,0
473.71769703960155,13,211,0,0
473.71798919587064,100,132,1,0
473.73087151701253,1160,172,0,0
473.7316052037626,40,234,0,0
474.24763688732554,48,502,0,0
474.25214282980033,4,314,0,0
474.2625132052477,12,2770,0,1
474.2922528906435,35,2850,0,1
474.32002063861177,298,106,0,0
474.32791456035,16,194,0,0
474.3462879715858,19,208,0,0
474.46897048574107,1125,269,0,0
474.47892418074304,14,768,0,0
475.2330051736468,7424,768,1,0
475.27082742394776,50,100,1,0
475.27099462001866,1413,14,0,0
475.38204301683743,472,220,0,1
475.3825971970883,132,10,0,0
475.41934647099333,30,169,0,0
477.1437555012847,5,10,0,0
477.30665324873314,6,148,0,0
477.3086040570566,19,299,0,0
477.31230127119545,380,223,1,0
477.3319624621871,14,182,0,0
477.67870474776174,757,487,0,0
477.683076758797,7978,214,1,0
477.85728853230034,16,235,0,0
477.89249683601656,474,350,0,0
477.90803143623094,65,110,0,1
477.9216968381878,18,148,0,0
478.4735496884483,31,21,0,0
478.4744824673143,25,329,0,0
478.4764434188512,136,200,0,0
478.5915811207336,33,40,0,0
478.7305606699432,39,237,0,0
478.7319681058764,140,421,1,0
478.7349835556353,181,302,0,0
478.73687155530797,323,1120,0,1
478.79406662475316,11,280,0,0
478.79916149519045,35,309,0,0
479.12815184019763,11,30,0,0
479.2169362248445,23,45,0,0
479.2492890077996,83,255,0,0
479.2776846151724,24,153,0,0
479.3338971801451,36,339,0,0
479.4368006948078,19,354,0,0
479.45620942210303,58,93,0,0
479.4878693993,38,773,0,0
479.57942157082783,2087,87,0,0
479.5958658219426,90,186,0,0
479.73563300441367,217,78,0,0
479.74995150951946,18,314,0,0
479.75399489449967,14,321,0,0
479.7814415250022,970,708,0,0
480.2988753726707,26,772,0,0
480.6760856613394,880,222,1,0
480.67684793495215,556,398,0,0
480.7114301343474,120,354,0,0
480.7183358733503,270,124,1,0
480.72800994366924,27,648,0,0
480.73729194899136,61,61,0,0
480.74892778247505,77,8,0,0
480.75536068733953,9,111,0,0
480.7658798414158,12,109,0,0
480.79441574871515,17,455,0,0
480.7960513085163,21,183,0,0
480.79758764849515,46,427,0,0
480.7995158158121,1385,13,0,0
480.80138773175844,2213,2510,0,1
480.86088443274883,340,157,0,0
480.86285833465604,73,184,0,0
480.8782294247979,4,25,0,0
480.8987074786915,6,195,0,0
480.97416286413755,3265,533,0,0
480.9932169845198,160,766,0,0
481.1421640933276,493,767,0,0
481.1581965059801,137,98,0,0
481.18787877879373,182,38,0,0
481.2702993107518,15,216,0,0
481.2712720595377,105,345,0,0
481.3105478124036,490,107,1,0
481.6815599592961,60,162,1,0
481.70410626125744,9,416,0,0
481.71519524366056,9,150,0,0
482.52650586708756,160,169,0,0
482.54878509640207,7,129,0,0
482.7617321145269,54,106,0,0
482.76188776111894,26,383,0,0
482.78415014855017,27,143,0,0
482.790753119993,262,5060,0,1
482.8296936656804,155,77,0,0
483.0223843553582,22,476,0,0
483.0357923350156,37,647,0,0
483.04732696552543,15,7770,0,1
483.04739098928843,54,284,0,0
483.13477806020853,25,219,0,0
483.39330760147857,25,29,0,0
483.4177398966404,13,484,0,0
483.42471563573076,72,8,0,0
483.4623274697274,63,41,0,0
483.60574946007216,10,141,0,0
483.6717795943635,21,388,0,0
484.8343112863433,179,204,0,0
484.84023277730927,9,404,0,0
484.84142847150787,409,28,0,0
484.8898158847538,15,4160,0,1
485.1198760283794,60,148,1,0
485.1271495690627,13,122,0,0
485.1454891731618,95,375,0,0
485.15050238466466,8,89,0,0
485.15196928372814,85,71,0,0
485.15612894746465,3009,229,0,0
485.1564180419384,941,425,0,0
485.18752644440355,40,106,0,0
485.2329959962791,24,330,0,0
485.3391113930653,337,205,0,0
485.3425449174531,216,99,0,0
485.3475512209533,15,91,0,0
485.34817352910926,14,7680,0,1
485.3491427413201,7,16,0,0
485.45510298006275,284,249,0,0
490.51562713150076,12,226,0,0
490.5177800173274,12,81,0,0
490.5258536108397,5765,449,0,0
490.64056185017824,9,293,0,0
490.6449816140897,52,290,0,0
490.7021149771056,7,108,0,0
490.71183488213273,52,62,0,0
490.7216037965253,6044,710,0,1
490.830555804386,1535,28,0,0
490.8412577605487,24,404,0,0
490.842666320982,10,475,0,0
490.9351591528761,320,280,1,0
490.9538961454534,867,4,0,0
490.9597776742986,92,163,0,0
490.96334312724355,27,241,0,0
491.0201986080133,22,143,0,0
491.0244220934302,16,325,0,0
491.0471306064263,12,417,0,0
491.1796282030019,15,52,0,0
491.19398857843413,15,607,0,0
491.3520427479541,94,165,0,0
491.35317393293417,1579,115,0,0
491.41350115616535,91,93,0,0
491.46534007927147,7,341,0,0
492.22494001131616,35,310,0,0
492.24360224377966,20,286,0,0
492.35099914430305,54,768,0,0
492.3640331868997,712,174,0,0
492.36617750990814,63,118,0,0
492.3692654610132,47,769,0,0
492.37362541623725,29,94,0,0
492.458660831409,10,361,0,0
492.4624358566741,279,47,0,0
492.4819450575866,14,21,0,0
492.5906403415423,1218,312,0,0
492.80636004323253,5,23,0,0
492.92382326407517,10,393,0,0
493.2802028958476,764,31,0,0
493.28206689436894,36,322,0,0
493.28884803722303,424,450,0,0
493.3228678500124,13,401,0,0
493.4905909137653,1130,35,0,0
493.53992730267964,760,30,0,0
493.5438157464083,58,768,0,0
493.55615015771474,46,50,0,0
493.55681360558907,13,371,0,0
493.64755197773013,109,193,0,0
493.6480582354697,249,243,0,0
493.67583998915404,141,614,0,0
493.83136487486513,11,23,0,0
493.9413667368779,541,313,0,0
493.94208453164214,480,4480,0,1
493.9697739000097,84,772,0,0
493.97877639433887,16,451,0,0
493.9887411620662,19,370,0,0
494.4708018659366,84,30,0,0
494.50285572467413,6150,4,1,0
494.5038841538253,15,288,0,0
494.50596645495324,280,124,0,0
494.5806126181564,105,34,0,0
494.60889745256463,145,225,0,0
494.61075895121763,18,366,0,0
494.61138717943703,1078,709,0,0
494.6173065032727,10,397,0,0
494.6247295661204,16,3140,0,1
494.71629736386143,133,160,0,0
494.72154293723355,10,179,0,0
494.78919530410013,867,195,0,0
494.9891075577688,456,157,0,0
494.9898231635162,669,143,0,0
494.99527921297164,22,311,0,0
495.38703219189506,20,413,0,0
495.3942084677807,8,382,0,0
495.41115799756784,39,126,0,0
495.53134474126455,8,274,0,0
495.5351408074245,17,269,0,0
495.54268924442215,5,510,0,0
495.5433192799839,212,336,0,0
495.5953633116721,18,475,0,0
495.60179416334665,5,209,0,0
495.60990589470225,13,237,0,0
495.61000415191273,31,166,0,0
495.727034917595,15,288,0,0
495.79430974019374,11,364,0,0
495.7977165741491,9,526,0,0
495.9917254206003,17,58,0,0
495.9918481273698,1942,58,0,0
496.0062366309828,23,361,0,0
496.00679996290444,11,14,0,0
499.8401288922441,58,587,0,0
499.8402157300215,131,145,0,0
499.84162670595026,39,322,0,0
499.8451618616477,1073,14,0,0
499.9257484381238,21,418,0,0
500.0103520515084,12,234,0,0
500.0450544150939,2100,196,0,0
500.054717446017,14,237,0,0
501.2099516857287,10,109,0,0
501.2136853865612,6,126,0,0
501.24324514619,18,245,0,0
501.76921190743474,1479,272,0,0
501.77053771662435,14,4250,0,1
501.77363665266495,10,109,0,0
501.91681496472404,73,11,0,0
501.95586481255145,471,2530,0,1
501.9569904455229,8,131,0,0
501.9736770547637,20,167,0,0
502.7140784983364,40,400,0,0
502.7233989845887,10,495,0,0
502.8018408064554,23,31,0,0
502.82192261494146,575,107,0,0
502.8258225374748,7,127,0,0
503.2210012394678,3157,386,0,0
503.32959517743467,46,277,0,0
503.5008621059666,314,318,0,0
503.512290918098,402,571,0,0
503.53125712190626,30,237,0,0
503.5554843977211,7968,224,1,0
503.59329342405556,6,182,0,0
503.6009736255354,19,297,0,0
503.60656347856536,4,27,0,0
503.8198266287501,34,518,0,0
503.82150537583794,1127,302,0,0
503.82778098116813,8,309,0,0
503.83491859760477,402,250,0,0
503.84034618422544,9,86,0,0
503.8416903582514,3042,103,0,0
503.84493874613287,100,204,0,0
503.92085710450044,4,13,0,0
503.92820295604673,35,38,0,0
503.93163346396585,92,353,0,0
504.36327763369667,8,65,0,0
504.3643152218158,309,308,0,0
504.48560254087477,867,4,0,0
504.51632546097244,21,321,0,0
504.51732289531566,5,120,0,0
504.52405699149585,42,413,0,0
504.5309726990746,155,220,0,0
504.7335976526497,62,277,0,0
504.8287669324766,10,186,0,0
504.8373769624861,247,387,0,0
504.83879558737124,72,4570,0,1
504.83929817543384,70,322,0,0
504.8499938491162,14,417,0,0
504.85089393460754,9,211,0,0
504.8614183057773,12,130,0,0
504.8713620243102,7,14,0,0
504.9033521708415,40,96,0,0
505.01533811341136,20,241,0,0
505.034032297043,140,13,0,0
505.0727396233926,29,513,0,0
505.0833767370365,12,101,0,0
505.204768548791,40,442,0,0
505.2820687556012,50,745,1,0
505.65161301155587,322,79,0,0
505.8909926196252,14,287,0,0
505.89446891914116,141,159,0,0
505.8952692718169,41,637,0,0
505.9499246932434,49,171,0,0
506.099913806227,29,170,0,0
506.10381709092337,13,80,0,0
506.40987696048467,88,289,0,0
506.42816089814227,33,239,0,0
506.44073818206107,2320,700,0,0
506.4714184882322,659,249,0,0
506.4723080441136,9,357,0,0
506.47285515658,4,155,0,0
506.4802479313185,255,405,0,0
506.4816411184921,10,139,0,0
506.4957762781711,99,87,0,0
506.5102079315578,41,34,0,0
506.51029150759337,81,61,0,0
506.51316122240024,5,3040,0,1
506.55434805985277,14,291,0,0
506.55448220192795,9,253,0,0
506.56169116162135,20,399,0,0
506.5626268928097,40,293,0,0
506.56290080440493,17,469,0,0
506.6945559972094,10,285,0,0
506.81629031778766,37,171,0,0
506.82227176843145,62,16,0,0
506.82737684675845,25,560,0,0
507.05261187357206,57,61,0,0
507.20659504049627,116,276,0,0
507.2201573132189,38,139,0,0
507.29902880486776,60,76,0,0
507.31604196366584,352,159,0,0
507.32340345953037,42,285,0,0
507.37093363624734,289,780,0,0
507.3767644274625,20,238,0,0
507.4215763907005,7470,190,1,0
507.4299362931343,69,626,0,0
507.4354083554191,211,241,0,0
507.4397741131483,10,21,0,0
507.47380550804655,8,247,0,0
507.5631374287901,5,162,0,0
507.5953485245566,34,212,0,0
507.59774291042095,13,336,0,0
507.6447762183479,8,118,0,0
507.64703736430465,34,767,0,0
507.6484716687176,29,378,0,0
507.6576365567818,190,501,1,0
507.7269690586296,252,437,0,0
507.78153294941706,127,433,0,0
507.82395917026207,9,179,0,0
508.04232125568495,30,313,0,0
508.1207299044012,2395,326,0,0
508.12756550900474,569,250,0,0
508.1950054651588,469,127,0,0
508.2032430559,43,526,0,0
508.2345581575316,36,467,0,0
508.2810292607014,13,568,0,0
508.29349397721535,24,321,0,0
508.2942353650688,15,281,0,0
508.30513464939094,9,129,0,0
508.3130491410941,18,294,0,0
508.3249178974861,26,265,0,0
508.3313194819063,66,39,0,0
508.33289791140305,541,313,0,0
508.3335067992348,27,370,0,0
508.39010674648773,516,212,0,0
508.46292171483634,21,245,0,0
508.49504157005094,1019,465,0,0
508.5089951701871,9,117,0,0
509.2668797736672,626,767,0,0
509.32481687226607,2044,331,0,0
509.3408701447749,8,39,0,0
509.4217486951935,1880,769,0,0
509.4352776517428,15,161,0,0
509.49849253406643,3118,43,0,0
509.5259129692375,16,143,0,0
509.5718732753923,75,3880,0,1
509.58980231666743,271,206,0,0
509.5962664926084,19,305,0,0
509.64012961003624,63,1620,0,1
509.7892371777589,67,317,0,0
509.791846483827,78,258,0,0
509.79746782845103,284,339,0,0
509.7993195677547,1054,769,0,0
509.89169600098074,94,385,0,0
509.9021878553498,6,399,0,0
509.9974079875373,45,56,0,0
510.00079028292043,375,500,0,1
510.0849770882608,11,109,0,0
510.0902220421621,32,564,0,0
510.09677718911416,23,14,0,0
510.1446381334246,45,431,0,0
510.1522363661137,14,325,0,0
510.1572856286055,27,256,0,0
510.25444543873476,9,157,0,0
510.2689651112904,13,242,0,0
510.46300127540877,21,296,0,0
512.97604619709,18,323,0,0
512.9814942527817,170,112,0,0
512.9899736536214,28,226,0,0
512.9907879912328,584,681,0,0
512.9923854079677,81,687,0,0
513.0471389609862,120,169,1,0
513.0773471296807,55,20,0,0
513.1062828020257,5,103,0,0
513.1478619510888,30,275,0,0
513.1510051172802,247,502,0,0
513.1515978936975,21,767,0,0
513.2946513745726,12,59,0,0
513.322006850215,12,480,0,0
513.4806024573569,17,442,0,0
513.4963988159,7,190,0,0
513.5718103973903,2906,426,0,0
513.5777395807843,218,792,0,0
513.5944217405341,25,327,0,0
513.6066141603131,56,150,0,0
513.6418661391151,14,641,0,0
513.9107225711681,13,146,0,0
513.9713968467803,27,2080,0,1
513.9714520745731,16,89,0,0
513.9852100612271,341,75,0,0
514.0024045787749,14,280,0,0
514.0856825455265,7,29,0,0
514.1080867029318,123,613,0,0
514.1123195293895,15,316,0,0
514.1159055730845,25,296,0,0
514.1246254953946,29,332,0,0
514.128808351869,790,97,0,0
514.4126737616909,24,5700,0,1
514.4687630106423,15,1560,0,1
514.4877685934681,12,364,0,0
514.6038667564592,1280,808,0,0
515.8154375137673,7,291,0,0
515.8267662293543,8,282,0,0
515.8429154045739,21,314,0,0
515.8523905630058,3165,153,0,0
515.8538999615176,26,282,0,0
515.8588302165123,17,286,0,0
515.8615381023094,11,173,0,0
515.9059793344693,14,87,0,0
515.9479724600667,72,126,0,0
516.04485109545,31,560,0,0
516.0485838710496,12,337,0,0
516.1713444983351,64,143,0,0
516.1738525380742,13,64,0,0
516.185898320821,184,243,0,0
516.4075925055176,59,159,0,0
516.606729301849,12,93,0,0
516.7563096078084,16,219,0,0
517.8832885252924,14,154,0,0
518.0215607889537,43,583,0,0
518.0322997780212,88,485,0,0
518.0437241742247,15,148,0,0
518.047545716275,71,317,0,0
518.0757045205602,450,287,0,0
518.0797034784965,10,101,0,0
518.084907213025,15,1940,0,1
518.0874555977551,8067,125,1,0
518.0880844867019,9,152,0,0
520.5077902465453,55,271,0,0
520.6113813946499,130,411,0,0
520.6116759482362,503,236,0,0
520.6547056509532,17,377,0,0
520.6606117287153,1020,416,1,0
520.6608709214511,88,510,0,0
520.6725978824454,102,134,0,0
520.6998254211406,82,1920,0,1
520.7559963972964,37,184,0,0
520.9152822253699,22,172,0,0
520.9186264006859,8,371,0,0
520.9348623735899,13,272,0,0
521.0019220894111,8,339,0,0
521.0545458776821,44,388,0,0
521.0933669943039,8158,34,1,0
521.1152684123812,100,185,1,0
521.3229439512943,148,323,0,0
521.3244381803455,1544,717,0,0
521.3253788527323,23,745,0,0
521.8909729595895,9,278,0,0
521.9328583242311,20,259,0,0
522.0975975007923,1631,85,0,0
522.1263094903128,173,270,0,0
522.1352362252012,336,454,0,0
522.1426842729352,1426,519,0,0
522.1671245026115,304,396,0,0
522.1744447724448,13,216,0,0
522.1906985361364,10,149,0,0
522.2066237465514,770,449,1,0
522.3019072118915,74,405,0,0
522.3927203371863,105,742,0,0
522.8402390249399,11,326,0,0
522.8449312362108,45,237,0,0
522.8626493984428,43,31,0,0
522.9916475533681,31,217,0,0
523.0304943370527,126,475,0,0
523.0306515633665,770,193,1,0
523.0708899008696,138,138,0,0
523.0903050640737,15,91,0,0
523.0980585399805,75,767,0,0
523.1068113560772,13,46,0,0
523.1116393147017,268,704,0,0
523.3123925996871,24,444,0,0
523.3909490009091,33,303,0,0
523.4219544879252,54,287,0,0
523.6081786855601,16,276,0,0
523.7386435273364,10,100,0,0
523.742722348799,25,470,0,0
523.745333393511,70,571,0,0
523.7481849075764,68,451,0,0
523.8407506731511,9,447,0,0
523.8612073677764,872,196,0,0
524.0938536485045,11,448,0,0
524.1540256667201,336,380,0,0
524.168537786048,51,634,0,0
524.1703563320152,54,33,0,0
524.1833299454013,20,234,0,0
525.9568498634605,6,266,0,0
525.9624981626049,643,159,0,0
525.9668498181728,505,330,0,0
525.9811560876352,16,703,0,0
526.3011531249258,40,404,0,0
526.3215531050533,27,142,0,0
526.3240672700705,89,277,0,0
526.330724226125,274,183,0,0
526.3476443850248,573,120,0,0
526.3735450027694,18,354,0,0
526.5372465165335,25,160,0,0
529.5270822595221,195,418,0,0
529.8506579948415,6,37,0,0
529.9283899365101,253,291,0,0
529.9496381615453,11,160,0,1
529.9542119251498,9,334,0,0
530.0233782519053,11,603,0,0
530.2983485266768,33,2880,0,1
530.4106570238806,1877,11,0,0
530.4278981649959,14,197,0,0
530.5104045287518,45,257,0,0
530.5247341114374,49,183,0,0
530.5409025310548,1041,194,0,0
530.554936303292,7,341,0,0
530.5804311231065,180,363,0,0
530.5991750258833,9,300,0,0
530.7590685599274,405,505,0,0
530.7809798706593,76,529,0,0
530.7989531320076,276,26,0,0
530.9665612335383,11,254,0,0
531.0500986075696,3003,115,0,0
531.2473541607283,32,237,0,0
531.2521672376403,12,242,0,0
531.532663949636,863,252,0,0
531.5536753928071,8,430,0,0
531.5563839372455,2026,950,0,1
531.5718798089417,12,276,0,0
531.5737544422323,23,525,0,0
531.5767191206218,395,438,0,0
531.5859539954901,1177,90,0,0
531.719148460837,10,401,0,0
531.7206411567088,67,119,0,0
531.756336536652,13,449,0,0
531.7684955151793,739,474,0,0
532.1925128051556,272,308,0,0
532.2220579238581,105,464,0,0
532.2873520436848,14,148,0,0
532.6006202676905,86,565,0,0
532.6029887818196,330,681,0,0
532.6132517282987,14,791,0,0
532.6143397209083,57,380,0,0
532.6181880289512,109,65,0,0
532.6551440076905,12,449,0,0
532.6692885209463,383,595,0,0
532.7122004111592,1330,114,0,0
532.7210789568541,9,164,0,0
532.7261011220397,80,171,1,0
532.7407289321784,78,498,0,0
532.7441631710686,29,479,0,0
532.7463224132307,78,786,0,0
532.7471704732865,110,162,1,0
532.7615604012112,20,219,0,0
532.8041859322451,14,269,0,0
532.8058465110822,626,7460,0,1
532.8129974967545,10,144,0,0
532.8131981792477,167,3440,0,1
532.8148897950118,53,221,0,0
532.8341246720272,12,264,0,0
532.8354628457859,81,770,0,0
532.8741807080445,22,121,0,0
532.8817142584147,58,404,0,0
532.9150934100314,6419,367,0,0
532.9206643222994,459,46,0,0
532.921689660607,24,299,0,0
532.9372453342829,12,59,0,0
533.0024082052088,906,161,0,0
533.0082374133676,62,345,0,0
533.0420666996748,76,1110,0,1
533.0461157845673,53,414,0,0
533.0542889282675,247,264,0,0
533.2330742912867,14,179,0,0
533.2483640604743,24,115,0,0
533.2509566332085,21,188,0,0
533.2973023618773,77,56,0,0
533.3148814520787,72,270,0,0
533.3205958244158,17,269,0,0
533.3816024683706,115,123,0,0
533.3816602167383,15,376,0,0
533.4303427402631,36,27,0,0
534.0674735065903,253,56,0,0
534.0960580730986,355,7670,0,1
534.0964720225828,51,244,0,0
534.3200657952943,4,186,0,0
536.4303661087826,130,85,1,0
536.479822178851,50,271,0,0
536.4818983852688,4,16,0,0
536.4863366774773,158,148,0,0
536.4991067723956,27,401,0,0
536.5229077525062,66,342,0,0
536.6836493897374,17,22,0,0
536.7330033304703,70,32,0,0
536.7332151735845,362,668,0,0
536.7424560849445,12,282,0,0
536.7550384306935,76,433,0,0
537.3665967886855,7,104,0,0
537.3720445621835,35,118,0,0
537.3731768113329,232,428,0,0
537.3824337216903,9,20,0,0
537.4106267046623,235,232,0,0
537.4111026319073,27,38,0,0
537.5484280010456,682,415,0,0
537.5613231217766,2458,125,0,0
537.6440078183512,561,396,0,0
537.707433207841,269,16,0,0
537.7547086463811,7115,1077,1,0
538.0078296747145,154,560,0,0
538.4320258102206,1290,339,1,0
538.4396969257025,10,155,0,0
538.4544235647409,59,143,0,0
538.5816236516312,576,288,0,0
538.6046930603029,606,755,0,0
538.6100467921214,82,765,0,0
538.6306580354046,9,141,0,0
538.6339092606376,6,237,0,0
538.6403441907797,18,226,0,0
538.6403660102711,10,285,0,0
538.6626359585466,182,174,0,0
539.2745407975702,135,267,0,0
539.3453878439238,36,31,0,0
539.411680820348,4,23,0,0
539.4364018784978,9,247,0,0
539.4403896170825,341,222,0,0
539.48609163628,15,2680,0,1
539.5056456795916,45,633,0,0
539.519196008896,11,330,0,0
539.5474338098476,27,401,0,0
539.5532802170479,11,301,0,0
539.5760735664404,167,258,0,0
539.6386915806505,20,277,0,0
539.7615574787445,873,159,0,0
539.7849118988798,19,13,0,0
539.8714293897556,320,767,0,0
539.896619806475,364,526,0,0
539.8968361197099,15,192,0,0
539.8972472871186,28,605,0,0
539.9091879469371,13,4830,0,1
539.9112080894555,373,79,0,0
539.9648128432998,10,206,0,0
539.9661816729034,13,194,0,0
539.9741289084216,273,369,0,0
539.9802210434804,25,143,0,0
539.9844077711257,25,104,0,0
539.9900987810198,14,767,0,0
540.0069933503164,93,311,0,0
540.0282290120267,27,201,0,0
540.0345729614951,10,426,0,0
540.0593747102215,12,242,0,0
540.1098926035344,65,131,0,0
540.1220573760771,280,140,1,0
540.1267260201818,26,121,0,0
540.1315013184017,581,681,0,0
540.1385230656216,8,107,0,0
540.1448418556655,9,181,0,0
540.1657605376479,27,785,0,0
543.5464537749087,10,86,0,0
543.707028964512,9,119,0,0
543.726380456796,2425,657,0,0
543.7842006988299,82,329,0,0
543.8415138666935,252,278,0,0
544.0564788341292,49,1720,0,1
544.3513031328566,13,99,0,0
544.3541271892888,22,596,0,0
545.7904426842022,48,11,0,0
545.7939594618333,695,354,0,0
545.8163924922146,19,351,0,0
545.8201179353255,286,139,0,0
545.8208014561633,22,275,0,0
545.8213816995013,3664,388,0,0
546.7149149076236,9,298,0,0
547.0603117780836,19,253,0,0
547.0631099643645,24,323,0,0
547.0652858256375,9,32,0,0
547.415910749215,218,102,0,0
547.4188544828362,54,22,0,0
547.4661523216784,2719,101,0,0
548.4975091914805,16,164,0,0
548.5834258591531,8,199,0,0
548.939419601228,47,365,0,0
548.9693346839301,12,85,0,0
548.9700366481734,210,502,0,0
548.973974285285,9,286,0,0
548.9745634402248,10,290,0,0
549.0107130169346,12,398,0,0
549.0121855152241,19,294,0,0
549.0365747535222,10,353,0,0
549.0437251168896,472,281,0,0
549.048576562916,649,24,0,0
549.1000259402666,37,581,0,0
549.1074850873218,18,394,0,0
549.111168362638,502,7690,0,1
549.2427653383495,34,302,0,0
549.2600282792326,4,218,0,0
549.261057063219,27,510,0,0
549.4508119506606,32,323,0,0
549.4519702237496,56,25,0,0
549.4809449466303,8,130,0,0
549.5325463800831,90,474,0,0
549.5434824741317,1231,370,0,0
549.5470862855265,135,2670,0,1
549.5567183672359,739,692,0,0
549.5658944084042,1323,241,0,0
549.5679781864598,366,319,0,0
549.6651331834358,17,334,0,0
549.6706825870324,7,303,0,0
549.6750393205706,5,551,0,0
549.9436293602719,41,768,0,0
549.9478713969635,9,270,0,0
549.9487599710961,1020,69,0,0
549.964501686824,11,338,0,0
549.982815486571,593,113,0,0
550.0019209936031,8124,68,1,0
551.0851773662797,584,604,0,0
551.0911657311503,1717,295,0,0
551.3453626431318,28,184,0,0
551.4480341140576,50,545,0,0
551.7651908189621,30,68,0,0
551.7802800812855,46,377,0,0
551.7900887997661,86,18,0,0
551.802480501236,287,215,0,0
551.8367385284043,318,756,0,0
551.9605309337728,181,12,0,0
552.4434079508276,64,344,0,0
552.4439849231516,41,321,0,0
552.5987190611738,22,510,0,0
552.6382325179585,52,117,0,0
552.659103987968,488,3110,0,1
552.6615753381393,226,378,0,0
552.6991071833429,17,230,0,0
552.6996394504574,45,419,0,0
552.9222855814595,7,158,0,0
552.925333196116,8,190,0,0
552.9404710875311,29,94,0,0
552.9542647688256,584,102,0,0
553.0139564571521,9,334,0,0
553.0153451913994,25,3490,0,1
553.1142457467556,215,208,0,0
553.1575488715059,424,450,0,0
553.5661225858186,30,468,0,0
553.6009014983335,1357,348,0,0
553.6157828920444,230,184,1,0
553.6162418487805,11,508,0,0
553.6255077019107,171,228,0,0
554.1209613491686,12,478,0,0
554.1287479692703,190,228,1,0
554.1359559833646,310,405,0,0
554.1504098027012,19,300,0,0
554.2533136079437,16,248,0,0
554.253902672989,274,183,0,0
554.9315197656088,43,113,0,0
554.9928588900095,29,341,0,0
555.0720930926686,16,191,0,0
555.0908752716107,8,217,0,0
556.0240120161723,11,2800,0,1
556.0321043678655,360,114,0,0
556.1279188106726,115,139,0,0
556.1514803830167,13,138,0,0
556.1530722874134,702,179,0,0
556.1677415251881,881,683,0,0
556.2466005611113,100,617,1,0
556.2576825406775,469,347,0,0
556.2662928626479,25,1900,0,1
556.2848199342642,5,24,0,0
556.2882797426709,127,31,0,0
556.2904319221644,374,266,0,0
556.31254102562,30,240,0,0
556.3155552193996,938,219,0,0
556.3747157656746,90,379,0,0
556.453189182439,41,314,0,0
556.6980145606864,131,669,0,0
556.8297049886364,23,7160,0,1
556.840866761977,900,247,0,0
556.8846808576758,8,271,0,0
556.8866830750768,355,435,0,0
556.931566144586,12,279,0,0
556.9387888358584,9,95,0,0
557.2175540582443,14,283,0,0
557.2224137398413,95,462,0,0
557.2494046723501,7,391,0,0
557.2536502682965,84,533,0,0
557.3193926846727,11,392,0,0
557.3867299694527,675,201,0,0
557.3893933511887,7,2800,0,1
558.3058644594603,2861,61,0,0
558.3569214012654,8,237,0,0
558.3580824310739,16,294,0,0
558.3613033851371,32,134,0,0
558.3618251451405,116,769,0,0
558.3621910251923,22,683,0,0
558.3765660683193,93,696,0,0
558.3768773090941,23,345,0,0
558.417175486999,23,136,0,0
558.4179302521226,889,377,0,0
558.4268379088953,5,39,0,0
558.9824692911749,520,24,0,0
558.991799915053,7,238,0,0
559.0094092591503,50,127,0,0
559.2273027431328,23,215,0,0
559.2374005723017,24,255,0,0
559.2915565282195,37,436,0,0
559.2953437799663,10,407,0,0
559.3042388271562,126,313,0,0
559.3284660790359,1072,299,0,0
559.3475943515515,9,86,0,0
559.351715445494,111,307,0,0
559.38080172378,9,309,0,0
559.4421229671156,18,70,0,0
559.507866323626,24,379,0,0
559.5279451192366,222,614,0,0
559.530819513486,137,256,0,0
559.6025268706734,7,310,0,0
559.7024057771652,14,291,0,0
559.7050457683449,212,240,0,0
559.7052413934913,16,298,0,0
559.7178673583633,23,223,0,0
559.8546276224125,4,9,0,0
559.9563729607863,20,293,0,0
559.958146431277,4,314,0,0
560.2073472831614,316,2260,0,1
560.2104381766583,57,100,0,0
560.3224139549613,760,27,1,0
560.3301904230655,5,100,0,0
560.4519213174948,60,214,0,0
560.5003022540866,12,350,0,0
560.5116241400399,49,3660,0,1
560.5839160681151,17,185,0,0
560.5887246226561,1983,187,0,0
560.5970452542891,225,126,0,0
560.6064520337229,17,86,0,0
560.6096929148138,20,210,0,0
560.7194999449813,100,283,1,0
560.829919981485,26,233,0,0
560.8474291054583,43,530,0,1
560.8500017161936,25,130,0,0
560.8933305720439,16,180,0,0
560.9235559194004,90,387,1,0
560.9837597470467,7,14,0,0
561.000593767194,103,35,0,0
561.0116269989787,20,131,0,0
561.2797185033535,14,166,0,0
561.2848541870765,168,132,0,0
561.2965573781609,34,7650,0,1
561.2970588933034,12,296,0,0
561.3051128228773,954,172,0,0
561.3116358004003,12,285,0,0
561.3202481554237,12,379,0,0
561.373254251237,21,199,0,0
561.3782970844557,22,338,0,0
561.4164718350484,17,149,0,0
561.4243404745524,132,237,0,0
561.4311881785387,313,271,0,0
561.431611300379,104,242,0,0
561.4680887921666,33,82,0,0
561.5238463774717,273,769,0,0
561.5261636833188,131,126,0,0
561.5310945787031,1012,20,0,0
561.531538658039,2043,135,0,0
561.539180499942,12,38,0,0
561.5409349254621,953,694,0,0
561.5732151258037,87,265,0,0
561.585121929369,35,657,0,0
561.6342318371923,474,100,0,0
561.6370904890205,102,442,0,0
561.6376077025061,23,150,0,0
561.6501764720605,54,40,0,0
561.6547447819096,14,174,0,0
562.1927910005052,220,768,1,0
562.2159464195809,16,407,0,0
562.4622706663931,57,89,0,0
562.5034391042186,15,624,0,0
562.5111793118909,11,210,0,0
562.5119004901142,185,352,0,0
562.5211048145324,16,101,0,0
562.5707127598987,2767,224,0,0
562.5878848089096,224,751,0,0
562.6159974329363,957,359,0,0
562.6428238581021,184,256,0,0
562.6438883217772,12,169,0,0
562.6707257148751,55,319,0,0
562.6737569512029,29,239,0,0
562.6872946444274,20,213,0,0
562.9031228754566,61,61,0,0
562.903422475301,31,261,0,0
562.9122607764735,82,485,0,0
562.9414087926359,150,262,1,0
563.064980074748,14,186,0,0
563.0819324475143,170,459,1,0
563.0848295481832,8,39,0,0
563.1542515954064,13,255,0,0
563.2003652752613,11,151,0,0
563.2008263517565,160,175,1,0
563.2178703525991,29,165,0,0
563.2183870288144,14,14,0,0
563.2184708614797,36,326,0,0
563.2205845190354,47,73,0,0
563.2229759406323,11,213,0,0
563.2232026732426,10,3720,0,1
563.8349270680241,14,21,0,0
563.8360810273938,217,350,0,0
563.8686032708879,553,600,0,0
563.9340247720394,1093,221,0,0
565.1131803521167,15,376,0,0
565.1214039805292,9,131,0,0
565.5147963397072,9,309,0,0
565.5165294153726,7,100,0,0
565.5320431845897,5,302,0,0
565.5396324625883,190,350,1,0
565.5419660091965,11,94,0,0
565.5751671663297,2942,57,0,0
566.3256540057973,18,742,0,0
567.4648667369263,89,79,0,0
567.5311371831021,15,131,0,0
567.5329675180648,719,421,0,0
567.5364516865087,20,183,0,0
567.5940469661381,41,158,0,0
567.648425772615,13,150,0,0
567.7017133985372,70,769,0,0
567.7118318555397,561,51,0,0
567.7147074551905,29,727,0,0
567.7577141456497,4,104,0,0
567.7743772222071,80,767,0,0
568.0659851118351,8,1500,0,1
568.0703860941917,105,314,0,0
568.165313189656,10,254,0,0
568.4266668397948,101,230,0,1
569.3296194072506,10,434,0,0
570.2038427846586,40,91,0,0
570.2061249585047,1843,52,0,0
570.207819031707,44,388,0,0
570.2316316373657,568,87,0,0
570.2347753453797,11,304,0,0
570.2349310239254,16,28,0,0
570.572028322999,12,362,0,0
570.6203179712625,318,522,0,0
570.7599026054803,48,441,0,0
570.7859798681009,717,7020,0,1
570.9721558667515,4680,123,1,0
571.0028921955018,11,277,0,0
571.0270853268462,15,160,0,0
571.8626336992183,8,1070,0,1
571.8644429262258,16,107,0,0
571.9177835739814,186,2610,0,1
571.9185556719976,70,20,0,0
572.279551339227,25,162,0,0
572.29108524266,84,27,0,0
572.2927104163462,191,633,0,0
572.2931905298428,23,230,0,0
572.3048063923011,105,239,0,0
573.2285792050933,9,287,0,0
573.276973969344,160,389,0,0
573.2777667533998,36,772,0,0
573.2780683106173,20,414,0,0
578.4516529174401,15,312,0,0
578.4572938149098,10,255,0,0
578.4582221013412,11,211,0,0
578.4816481274654,11,199,0,0
578.5383029976375,132,12,0,0
578.9592932813113,48,53,0,0
578.9710998896506,1003,346,0,0
578.9752924144863,3375,73,0,0
579.043819861065,2960,2300,1,1
579.0473036506166,10,163,0,0
579.0834661245118,1763,767,0,0
579.1085202250091,60,48,0,0
579.234544055133,49,216,0,0
579.2387925741614,377,160,0,0
579.2432579213192,18,237,0,0
579.2743761641342,470,261,1,0
579.318886639163,51,6,0,0
579.3197967691142,37,701,0,0
579.323209983636,61,418,0,0
579.3476699816288,142,600,0,0
579.3558069107739,20,717,0,0
581.0539852434866,28,284,0,0
581.1271061151893,30,40,0,0
581.3412260300075,100,7670,0,1
581.3560001135428,232,433,0,0
581.3764638852261,7952,240,1,0
581.3984823296541,20,92,0,0
581.5454593781836,16,107,0,0
581.5544020646805,30,95,0,0
581.9666102169185,14,172,0,0
581.9705484823995,16,81,0,0
582.1003556545587,1096,325,0,0
582.1300498139617,90,92,1,0
582.1383983371009,93,112,0,0
582.5625044851743,11,270,0,0
582.6880127386607,188,412,0,0
582.7000782151744,10,769,0,0
582.7037849960875,38,50,0,0
582.7965831967053,724,767,0,0
582.8000395611292,229,506,0,0
582.8525760204212,60,623,0,0
582.8554264672694,10,521,0,0
582.8770435060699,52,20,0,0
582.8801093682083,1013,305,0,0
582.8918989146682,331,457,0,0
583.3786394673425,890,42,0,0
583.9545141436289,875,239,0,0
583.9612236403387,406,411,0,0
583.9713403686249,190,175,0,0
583.9719409188892,38,195,0,0
584.0037002089274,20,281,0,0
584.1735691006287,38,282,0,0
584.176725602471,75,243,0,0
584.1795112468852,288,608,0,0
584.2152798678966,538,630,0,0
584.2208361901796,16,438,0,0
584.2464824700389,236,43,0,0
584.6444476425891,13,515,0,0
584.689034553658,22,334,0,0
584.757781256302,889,769,0,0
585.5402972137779,13,349,0,0
585.5692207878932,11,223,0,0
585.6407198902963,21,339,0,0
585.6609471091544,933,169,0,0
585.6648422074232,6,171,0,0
586.115415322985,26,79,0,0
586.1165026526858,30,393,0,0
586.1375584357648,73,214,0,0
586.1392925528883,9,148,0,0
586.1426937468816,18,516,0,0
586.1440301848756,2117,398,0,0
586.1546529330433,280,91,0,0
586.2001388455362,461,767,0,0
586.4440782466252,42,642,0,0
586.4444829380848,7877,315,1,0
586.4726986463354,1971,28,0,0
586.4806960725243,12,23,0,0
586.4858194639583,21,18,0,0
586.4999796951869,5,184,0,0
586.526664379972,28,660,0,0
586.5411101682308,307,502,0,0
586.559077396437,30,157,0,0
588.0076471458195,16,495,0,0
588.0298815977296,906,457,0,0
588.0654945932538,954,435,0,0
588.0673027634323,12,86,0,0
588.2281561953127,6770,116,1,0
588.2344806542974,974,316,0,0
588.2493697551033,80,293,1,0
588.2531997965914,813,179,0,0
588.2681519917686,74,259,0,0
588.2709439110417,72,328,0,0
588.272296798326,2044,331,0,0
588.2733979923648,31,118,0,0
588.2817527129031,38,2200,0,1
588.300303342462,9,606,0,0
588.3766348671468,306,599,0,0
588.8745746003751,62,30,0,0
589.6221824895017,41,596,0,0
589.6272658325299,648,369,0,0
589.6316433118178,1746,187,0,0
589.7138723652043,15,121,0,0
589.7170020085418,35,530,0,0
589.8906792345083,9,244,0,0
590.0394280863734,23,701,0,0
590.0421710084297,21,322,0,0
590.126519933236,43,431,0,0
590.4615214871918,39,84,0,0
590.508729526266,9,135,0,0
590.51951591969,984,493,0,0
590.5332944799261,256,322,0,0
590.5832647856975,32,763,0,0
590.5877056983636,25,413,0,0
590.6260000517568,173,76,0,0
590.6382365640753,182,49,0,0
590.6427110405351,14,5790,0,1
590.6455090722199,69,506,0,0
590.7051855188854,263,320,0,1
590.7084197943813,7,127,0,0
590.7390324017058,18,767,0,0
590.7395263011892,1336,504,0,0
590.7528036048667,16,35,0,0
590.7772600230398,29,610,0,0
590.8169590802084,1514,200,0,0
590.9456775601309,505,380,0,0
591.0014560259846,11,211,0,0
591.0614361289362,2079,1600,0,1
591.072950924307,20,2150,0,1
591.0754568134558,554,394,0,0
591.0774093186137,45,27,0,0
591.0817250768854,11,241,0,0
591.1138291130333,24,186,0,0
591.261161851386,63,390,0,0
591.3007676836258,31,278,0,0
591.3304757461133,274,446,0,0
591.4198616901798,453,92,0,0
591.4301935033742,10,287,0,0
591.4583425658369,14,373,0,0
591.4743071407464,10,271,0,0
591.5043309980662,21,523,0,0
591.5171725595936,121,159,0,0
591.5186947585554,6,124,0,0
591.5279694009434,374,368,0,0
591.531910143953,9,297,0,0
592.143794222181,44,768,0,0
592.4808815983215,39,242,0,0
592.4865948071055,15,366,0,0
592.4901684111561,138,688,0,0
592.5104904595509,50,246,0,0
592.511484691231,19,414,0,0
592.7409510576977,20,729,0,0
592.7583353943966,149,312,0,0
592.7658990540101,279,351,0,0
592.9191908821011,35,767,0,0
593.1621773197024,358,113,0,0
593.1878755577395,1970,180,0,1
593.3278045939269,1567,190,0,0
593.3285049661724,1371,228,0,0
593.3326901194627,15,231,0,0
593.3362280719897,17,254,0,0
593.3369803127359,34,335,0,0
593.4409886942495,36,646,0,0
595.613534585203,25,373,0,0
595.6148962463818,17,387,0,0
595.6209607806353,8,440,0,0
595.773659376167,654,96,0,0
595.7839460441602,13,291,0,0
595.8019389988408,41,464,0,0
595.8056769088342,7,306,0,0
595.8409450135301,3265,533,0,0
595.8435986806402,203,41,0,0
595.9249495985163,733,292,0,0
595.9761138766274,20,81,0,0
596.0143105944971,1708,81,0,0
596.0182951644431,330,34,1,0
596.0301609851344,174,151,0,0
596.0760806421875,7,140,0,0
596.0791697669713,179,464,0,0
596.0817695883904,8086,106,1,0
596.0819712929808,140,165,1,0
596.0882051135465,23,322,0,0
596.1015362648359,27,238,0,0
596.2192136911544,1075,6,0,0
596.220866227973,8,28,0,0
596.2218867770345,19,767,0,0
596.4160923384876,120,230,1,0
596.5717255295947,75,257,0,0
596.5736013892218,4,290,0,0
596.580267696538,19,426,0,0
596.5807498568686,14,475,0,0
596.5963161112579,19,465,0,0
596.8251789618705,32,402,0,0
596.9101085275342,19,291,0,0
596.912310111279,14,300,0,1
596.9432779071863,332,206,0,0
596.947572114645,182,47,0,0
596.9809495000619,23,232,0,0
596.986992747311,345,428,0,0
597.0490141250173,17,75,0,0
597.2658479423501,11,420,0,0
597.2998240030945,39,200,0,0
597.3364794997839,9,768,0,0
597.3756686030528,20,414,0,0
597.4774506127502,14,544,0,0
597.4853806413017,1903,147,0,0
597.4983066760686,43,431,0,0
597.5116834387163,908,196,0,0
597.7574870048762,150,327,1,0
597.7825030436665,2840,388,0,0
597.8386162959636,43,578,0,0
597.8474513948771,69,626,0,0
597.8487044593951,40,257,0,0
597.8586884990282,10,359,0,0
597.9057521279827,37,767,0,0
597.9156655191273,164,161,0,0
597.921625501127,1175,104,0,0
597.930424706541,16,215,0,0
597.981738935778,67,401,0,0
598.0246018596213,174,139,0,0
598.042990529475,15,237,0,0
598.0458373621619,978,1040,0,1
598.0506279265545,7,302,0,0
620.8257805432513,895,191,0,0
620.8388952254143,374,368,0,0
620.9010346169056,115,466,0,0
620.9345694419145,32,39,0,0
620.9357691528357,28,140,0,0
621.1846872051196,15,432,0,0
621.2062077951249,29,330,0,0
621.2093435264508,14,507,0,0
621.291283316526,244,761,0,0
621.2972726376738,21,229,0,0
621.3314302740329,2445,160,0,0
621.3327672709348,146,160,0,0
621.3455429201753,5,235,0,0
621.413124871037,7,75,0,0
621.4200681927432,54,260,0,0
621.4212015090212,2186,11,0,0
621.4248122016456,15,190,0,0
621.4928891576421,2651,55,0,0
621.4936795066391,8,27,0,0
621.494845564933,9,376,0,0
621.5769865150528,19,315,0,0
621.5993044849557,20,131,0,0
621.6155563111821,1000,4830,0,1
621.6229404005487,680,166,0,0
621.6614809872679,9,28,0,0
621.7524378326535,27,716,0,0
621.7952808887665,23,529,0,0
621.7958457182085,122,724,0,0
621.8573078335158,5430,338,1,0
621.8579914819608,41,293,0,0
622.3808306653864,74,217,0,0
622.3882007861448,31,3750,0,1
622.4467751562346,40,42,1,0
622.480818576444,7,265,0,0
622.4858600629699,959,10,0,0
622.6744917045373,7,142,0,0
622.702350567472,8,399,0,0
623.8902111388941,16,165,0,0
623.9573951860166,76,616,0,0
623.9931178357195,40,767,0,0
626.6319591229653,146,267,0,0
626.9252224062775,18,296,0,0
626.9448085450373,181,358,0,0
626.9487811915916,94,426,0,0
627.8121963318505,31,127,0,0
628.0319233962296,2067,111,0,0
628.2514515152893,18,86,0,0
628.2618481140513,8,217,0,0
628.2677873614986,12,44,0,0
628.2711801830752,41,203,0,0
628.4604192373106,10,427,0,0
628.4749267721727,20,488,0,0
628.5476895971686,40,770,0,0
628.5479577106604,310,139,1,0
628.6988227458353,27,195,0,0
628.7035406924144,376,22,0,0
628.7036299412105,110,23,1,0
628.7051479073752,1906,629,0,0
628.7483022258263,9,368,0,0
629.1339585750318,11,30,0,0
629.1340383980565,25,386,0,0
629.1352644834108,37,530,0,1
629.159099646248,192,228,0,0
629.1599277186883,87,314,0,0
629.1675249226265,182,38,0,0
629.1698114443303,86,172,0,0
629.1909889752177,10,231,0,0
629.1919084271866,207,110,0,0
629.2006026964374,8,588,0,0
629.2037999110814,90,141,1,0
629.2259574207498,548,464,0,0
629.2408428967199,35,112,0,0
629.3666882152024,9,134,0,0
629.3938646408556,383,509,0,0
629.9678332665798,11,266,0,0
629.9685427519005,85,655,0,0
629.9788799202908,200,365,0,0
630.0598616810449,360,767,1,0
630.081341821483,168,605,0,0
630.081432572615,152,322,0,0
630.114522086457,425,137,0,0
630.1210648675997,42,5,0,0
632.4932488822725,159,226,0,0
632.5075054250499,37,217,0,0
632.5760916087687,48,541,0,0
632.5787187623845,23,83,0,0
632.649230701991,18,303,0,0
632.6492979979004,27,299,0,0
632.6515995602058,195,485,0,0
632.6598563278386,12,265,0,0
632.6605752739325,126,350,0,0
632.7868797481432,14,356,0,0
632.8051764256937,17,40,0,0
633.2944421681049,1044,470,0,0
633.2954888555714,46,439,0,0
633.2988542845503,24,80,0,0
633.3651031958934,87,240,0,0
633.3715816104451,49,141,0,0
633.4668268065013,532,541,0,0
633.532558747995,15,198,0,0
633.5365636835437,11,252,0,0
633.5596387054379,18,420,0,0
633.6129333724302,16,349,0,0
633.6425638987967,250,318,1,0
633.6545698876644,9,533,0,0
633.6614166742962,16,98,0,0
633.6729977679769,29,225,0,0
633.8045904345353,9,187,0,0
634.9624169838072,8,350,0,0
634.963479289176,14,21,0,0
634.9658927836025,8,339,0,0
634.9790915629881,180,345,1,0
635.3211435397666,8,503,0,0
635.3244279168973,140,419,0,0
637.3151954329152,11,328,0,0
639.1398747277724,1971,247,0,0
639.1400287943874,84,356,0,0
639.2135686443079,154,560,0,0
639.2769662064518,2040,50,1,1
639.285026934088,263,33,0,0
639.285477610925,2720,231,1,0
639.3185007168101,3267,424,0,0
639.3271208811591,135,4320,0,1
639.5334701842777,114,200,0,0
639.5942778006049,69,404,0,0
639.5971955915592,13,161,0,0
640.6085861204623,59,250,0,0
641.4029777074142,6,47,0,0
641.8066816348629,6,1800,0,1
641.8293811116669,54,520,0,0
641.9612153611511,17,344,0,0
641.9863454508866,101,664,0,0
641.9931243257623,614,288,0,0
641.9935942130837,12,768,0,0
642.0294853656857,25,384,0,0
642.029863058705,8,168,0,0
642.115809478879,9,353,0,0
642.1171275298486,22,85,0,0
642.1490283428836,5,162,0,0
642.1606374530579,39,31,0,0
642.162687424627,2073,130,0,0
642.165244102139,17,105,0,0
642.1716545008064,112,492,0,0
642.5926999442893,37,647,0,0
642.6369689522273,44,46,0,0
642.6488365761093,11,152,0,0
642.75693081071,17,211,0,0
642.758843614161,6,233,0,0
642.7597791557707,12,219,0,0
642.7630611936423,3890,270,1,0
642.9240214251307,63,91,0,0
642.9348677328408,47,239,0,0
642.9593718569673,7,52,0,0
642.9837398811558,42,48,0,0
642.991891023574,161,668,0,0
643.227808546628,5,43,0,0
643.3084344798929,10,170,0,1
643.311740421417,21,609,0,0
643.3140650292271,15,231,0,0
643.331030602344,9,218,0,0
643.333904116445,7,113,0,0
643.3519350515014,2368,76,0,0
643.432944899527,9,526,0,0
643.453367506206,171,424,0,0
643.4800265546274,8,261,0,0
643.4866276819195,24,52,0,0
643.4901391661382,135,145,0,0
643.4923903567159,32,380,0,0
643.7437047968922,570,546,0,0
643.7474807527791,6,24,0,0
643.7687242695183,6,370,0,0
643.7911572254797,7,397,0,0
643.8354110574984,28,123,0,0
643.8445073417324,80,182,0,0
643.845190255839,708,7320,0,1
645.1027088752967,1394,157,0,0
645.1047420815603,93,182,0,0
645.1656235009416,33,390,0,0
645.1676194420519,18,253,0,0
645.2372140278684,12,323,0,0
645.2392484378101,4,525,0,0
645.8066818330867,8,110,0,1
645.8528135409557,148,323,0,0
645.8535223024214,6,182,0,0
646.4118025873497,326,79,0,0
646.412180199981,1700,24,1,0
646.4211450851626,9,729,0,0
646.5936870159009,14,418,0,0
646.6017466316307,38,157,0,0
646.8476590238286,2911,20,0,0
646.8670786575361,340,52,1,0
646.8723605337135,8,5110,0,1
647.1020604508144,14,491,0,0
647.121462612373,24,335,0,0
647.1281506996861,37,285,0,0
647.2505093560763,45,301,0,0
647.2609571013736,124,44,0,0
647.2620090459318,117,488,0,0
647.2659507659239,12,112,0,0
650.0289502025264,266,197,0,0
651.9300888757359,8,243,0,0
651.9308038750892,62,252,0,0
652.0201903479614,9,221,0,0
652.2413066300436,17,1410,0,1
652.2511484391365,26,195,0,0
652.3213558040438,6,33,0,0
652.3234958770928,772,267,0,0
652.3322334401798,151,34,0,0
652.4807000951881,14,62,0,0
652.4958366985552,180,60,1,0
652.5081804287228,270,767,0,0
652.5183587270607,87,75,0,0
652.5194297021304,34,390,0,0
652.5215179378428,8,8,0,0
652.5271303551783,67,317,0,0
652.5398896998223,13,416,0,0
652.5426860673723,1266,201,0,0
653.3493264532885,234,119,0,0
653.3497732544108,161,394,0,0
653.3515676827972,18,264,0,0
653.355943798715,8,346,0,0
653.404854583229,61,3450,0,1
653.4057022868436,268,721,0,0
653.4337422893625,80,185,0,0
653.4366041576748,23,560,0,0
653.43983629359,20,455,0,0
653.4799289270647,1498,549,0,0
653.5708529565302,942,539,0,0
653.7099786749064,25,429,0,0
653.7114588590174,5,102,0,0
653.8511046992066,4,24,0,0
653.9963951059648,30,376,0,0
654.0297606542064,214,19,0,0
654.0731642223345,12,253,0,0
654.0917622382964,955,226,0,0
654.1044368300729,34,48,0,0
654.2066088681606,14,350,0,0
654.7543515011694,10,159,0,0
654.7647578215169,147,54,0,0
654.801710720241,68,308,0,0
654.9237405266532,29,773,0,0
654.9247520141838,11,85,0,0
655.4494559318739,7,147,0,0
655.4881228033566,33,94,0,0
655.8512514535473,94,231,0,0
655.8614606323546,14,239,0,0
655.8644957172046,95,61,0,0
655.8782090931695,27,345,0,0
655.9128373034167,180,296,1,0
655.9155792972377,24,234,0,0
656.0379755510962,17,214,0,0
656.0707006053036,26,21,0,0
656.0728063139986,16,80,0,0
656.1230029113093,7500,692,1,0
656.1368997000918,4,124,0,0
656.1573453863865,476,611,0,0
656.165786357016,194,132,0,0
656.1701790902858,6,110,0,0
656.1717451046625,994,356,0,0
656.1963246232565,16,419,0,0
656.2176986784435,300,164,1,0
656.2708580829313,498,48,0,0
656.275395933136,5,69,0,0
656.3239292864333,12,194,0,0
656.4351955054044,117,221,0,0
656.4369763737927,17,84,0,0
656.4664814859482,17,164,0,0
658.3324547417413,303,181,0,0
658.3393096200726,13,129,0,0
658.3493968035372,15,302,0,0
658.3668314049422,304,315,0,0
658.3732976955666,2392,265,0,0
658.4855169129645,6,57,0,0
658.5013413662639,4,205,0,0
658.5163626502259,24,379,0,0
658.5200841251733,68,489,0,0
658.5768236042906,15,20,0,0
658.5920466635262,6,148,0,0
658.6000809144274,756,389,0,0
658.6097107468815,11,307,0,0
659.0885914783256,783,165,0,0
659.1068998860961,23,311,0,0
659.1388107733752,76,54,0,0
659.4304841856754,42,151,0,0
659.4453684752763,77,246,0,0
659.5767697244385,16,165,0,0
659.5790858031776,28,397,0,0
659.6496957244044,8,75,0,0
659.6499338609374,411,230,0,0
659.6747149341448,95,220,0,0
659.6822846503309,25,130,0,0
659.6865035479136,15,377,0,0
659.8530817632771,3773,105,0,0
659.9356614712157,14,768,0,0
660.0414737554462,357,116,0,0
660.4366215895136,8,253,0,0
660.4903735886767,6,313,0,0
660.5496802004938,88,153,0,0
660.5658355302521,26,282,0,0
661.424712117872,28,285,0,0
661.5373797463582,140,77,1,0
661.5410834820435,129,241,0,0
661.5441808814458,9,305,0,0
661.5481584718118,24,74,0,0
661.5521562541682,1236,310,0,0
661.8044744765451,282,376,0,0
661.8377390741523,20,198,0,0
661.9951004129583,13,268,0,0
661.9989046226248,2144,117,0,0
662.0026460889326,209,279,0,0
662.2185892548995,1004,102,0,0
662.2188871189131,13,350,0,0
662.2204376965343,187,272,0,0
662.2206766463221,7,91,0,0
662.2251364400385,2119,702,0,0
665.6176242849324,16,254,0,0
665.6213004829499,10,196,0,0
665.7701053350477,11,184,0,0
666.267837903827,36,333,0,0
666.2723755258231,13,236,0,0
666.2764935521743,1845,275,0,0
666.3111009048291,159,69,0,0
666.38018955006,24,357,0,0
666.3809022757538,103,381,0,0
666.3842610612055,16,291,0,0
666.8864944980472,464,259,0,0
666.8898615011047,15,117,0,0
666.9275171583748,445,196,0,0
667.0712144321518,66,13,0,0
667.080129972915,17,278,0,0
667.0924361110237,331,457,0,0
667.098148216348,34,25,0,0
667.1027675491137,115,77,0,0
667.1078580407361,160,87,1,0
667.1084912507308,104,115,0,0
667.1148040736268,894,880,0,1
667.1260342081655,12,224,0,0
667.2011567499667,55,62,0,0
667.2086401519738,60,330,0,0
667.213224025757,9,497,0,0
668.0361435099428,8,288,0,0
668.0532447229842,275,213,0,0
668.0642864381601,1188,68,0,0
668.0703546015969,26,290,0,0
668.0877503785892,98,187,0,0
668.0907809615377,73,565,0,0
668.096990332589,238,671,0,0
668.100088095778,57,209,0,0
668.1015785557425,820,311,1,0
668.1086545843475,42,414,0,0
668.1097215930071,141,1420,0,1
668.6944950391579,336,267,0,0
668.6961701214979,33,400,0,0
669.3206312652793,16,182,0,0
669.3543288232232,4,413,0,0
669.4600748228862,36,47,0,0
669.7989010583648,9,119,0,0
669.7995245136808,55,325,0,0
670.2925656628389,733,63,0,0
670.3409130105586,61,87,0,0
670.347666171006,42,151,0,0
670.3515890716618,55,319,0,0
670.3889890295046,12,260,0,0
670.3896988504558,167,247,0,0
671.0762355936902,12,692,0,0
671.0895463978553,127,437,0,0
671.181109995845,103,246,0,0
671.2053345396181,59,397,0,0
671.213470393079,19,2830,0,1
671.2224438102994,41,256,0,0
671.2258290038077,73,195,0,0
671.4756959556104,20,305,0,0
671.4950357458645,12,33,0,0
671.5515349717328,1266,564,0,0
671.6035147743065,385,573,0,0
671.6826629952303,37,22,0,0
671.7329074160377,13,84,0,0
671.9967713080437,20,529,0,0
672.0023737040855,10,228,0,0
672.0051266534067,63,480,0,0
672.0213725606994,13,403,0,0
672.0319645328924,7,314,0,0
672.0552857747144,31,260,0,0
672.2763345791143,9,225,0,0
672.422999785255,83,367,0,0
672.488622106927,8,2450,0,1
672.4930067073764,13,69,0,0
672.551819334548,13,205,0,0
672.5823067910045,1316,375,0,0
672.6791824179862,16,5970,0,1
672.7001445199187,105,597,0,0
672.7097250112324,34,131,0,0
672.7372535821298,401,384,0,0
672.7422224346287,12,43,0,0
672.745826689386,11,228,0,0
672.7797128078132,24,188,0,0
672.8011804804449,1024,461,0,0
672.958660623314,17,223,0,0
672.9874620736344,29,58,0,0
672.9894759755352,31,337,0,0
673.3207401729225,12,113,0,0
673.8754862864486,12,516,0,0
673.8778268251685,11,219,0,0
673.8841149672322,5,122,0,0
674.0340325647334,650,344,0,0
674.064489629387,7,301,0,0
674.065577790597,26,172,0,0
674.2664893985921,34,290,0,0
674.2912213524049,21,481,0,0
674.3308734448673,18,143,0,0
674.5444795063078,29,397,0,0
674.5498953233756,279,399,0,0
674.5546383876971,19,3140,0,1
674.6301775087123,270,280,0,0
674.7591882653761,8,273,0,0
674.7843056568546,570,184,0,0
674.9865171462719,188,200,0,0
675.0331236285148,262,757,0,0
675.2092051801595,54,361,0,0
675.213114291008,87,340,0,0
675.2261729225407,15,316,0,0
675.390494769185,32,421,0,0
675.3940994765225,34,284,0,0
675.3981158690509,9,253,0,0
675.4236935742545,21,267,0,0
675.4349462373157,110,740,1,1
675.4379160475,9,84,0,0
675.4386552249798,53,129,0,0
675.7263456303654,16,770,0,0
675.7477726514761,7,83,0,0
676.0717013799859,320,433,0,0
676.0749835486727,15,270,0,0
676.0968782148393,19,105,0,0
676.1107786121852,30,90,0,0
676.1336785965117,13,291,0,0
676.1345061672305,18,288,0,0
676.3488354818654,8,451,0,0
676.3595243479461,13,337,0,0
676.3882627052634,342,335,0,0
676.3908667476551,1970,767,1,0
676.7829064288225,43,375,0,0
676.7838046616343,116,253,0,0
677.575084906541,18,7030,0,1
677.5832951159804,19,81,0,0
677.5924086150151,612,531,0,0
677.5971131459003,18,522,0,0
677.888425811275,63,184,0,0
677.8917166808416,7,252,0,0
677.894886529822,11,494,0,0
677.8976176885545,6,220,0,0
677.944760105985,30,255,0,0
677.9968538710273,426,261,0,0
678.0011117494167,2357,249,0,0
678.0507649895089,16,165,0,0
678.4291052741803,307,84,0,0
678.499718627299,11,288,0,0
678.5378744023932,3295,388,0,0
678.5402418386657,49,54,0,0
678.9293326109387,8,82,0,0
678.9976924919206,82,374,0,0
678.9987432502382,6,1060,0,1
679.0028042356225,10,17,0,0
679.0028780075335,12,115,0,0
679.0510738796116,373,260,0,0
679.0525553928674,13,98,0,0
679.0628033251828,52,4350,0,1
679.3321091505909,4558,122,0,0
679.3331210028824,1607,84,0,0
679.4270329241117,1517,43,0,0
679.4362192603119,8,66,0,0
679.4381481867856,31,13,0,0
679.6521882632827,47,1270,0,1
679.6896454876352,2204,162,0,0
679.6938308869288,54,383,0,0
679.740477158028,9,108,0,0
679.7454920838258,200,166,0,0
679.7484279043481,56,31,0,0
679.756140176553,31,47,0,0
679.8733724948597,13,318,0,0
679.8740529355501,30,384,0,0
679.8752599273315,12,209,0,0
679.9683618789621,20,767,0,0
679.9693539035726,14,5420,0,1
679.9800337832748,10,358,0,0
679.9886930228396,1072,2990,0,1
679.9899133483269,8,233,0,0
679.9935026310195,89,218,0,0
680.0058227044746,90,288,1,0
680.01924872054,782,53,0,0
680.0748843081423,20,303,0,0
680.0993644970421,718,18,0,0
680.1970900849277,393,366,0,0
680.2210981413849,13,432,0,0
680.2278407467985,22,217,0,0
680.2837289190494,7,349,0,0
680.3221528845407,23,216,0,0
680.4109098864586,52,491,0,0
680.422777275592,35,86,0,0
680.4351103598494,1038,436,0,0
680.4478083658424,58,738,0,0
680.448646072002,22,307,0,0
680.4882690130576,14,21,0,0
680.4926054948281,1090,262,1,0
680.4961851491561,17,233,0,0
680.5039924202066,35,143,0,0
681.5183550266872,47,320,0,0
681.521726042237,20,336,0,0
681.8432879875813,19,130,0,0
681.8435402775126,25,349,0,0
681.8527894919281,303,181,0,0
682.5914146643831,8,3140,0,1
682.6148109816085,8,295,0,0
682.649840749921,48,280,0,0
682.6552302994195,62,461,0,0
682.6555677109055,645,192,0,0
682.7018822643761,14,423,0,0
682.808003778808,13,190,0,0
682.9477245618808,6,237,0,0
683.7198814421523,31,890,0,1
683.7345134788695,1841,6,0,0
683.7834604028433,18,53,0,0
683.7837080192872,37,111,0,0
683.7924888197274,29,122,0,0
683.8156921862177,280,293,1,0
684.0346932830857,54,274,0,0
684.7267459482867,386,255,0,0
685.1629669586624,13,203,0,0
685.2068967675576,77,56,0,0
685.2204169012932,22,191,0,0
685.2356656379017,29,233,0,0
685.2518003448271,36,338,0,0
685.2754153992963,39,31,0,0
685.461558942332,27,100,0,0
685.4737148962378,21,264,0,0
685.4743679607562,22,121,0,0
685.4760197946758,30,445,0,0
691.6350971966118,23,378,0,0
691.8949744638604,160,230,1,0
691.9016150756303,205,49,0,0
691.9121463153269,7,427,0,0
691.9878279773455,89,277,0,0
692.0205260286779,298,103,0,0
692.0544107662737,364,339,0,0
692.0547644761716,9,135,0,0
692.0559091926254,124,140,0,0
692.0799609752369,2116,390,0,0
692.1522919579655,4,117,0,0
692.1861682646503,12,397,0,0
692.6028630284815,173,56,0,0
692.6229915993433,21,32,0,0
692.6532178436549,329,140,0,0
692.6738439390994,92,309,0,0
692.8009961815274,19,425,0,0
692.8064048581695,10,442,0,0
693.8698650133512,134,196,0,0
693.8720319977579,21,216,0,0
693.9587508880568,13,768,0,0
694.0359992914697,28,14,0,0
694.4692091783833,13,201,0,0
694.4711479696485,6,169,0,0
694.4741392933826,25,384,0,0
694.4845042476038,15,115,0,0
694.5616013408091,12,298,0,0
694.6626659921958,251,277,0,0
694.6627718916664,6,241,0,0
694.6725031770808,23,399,0,0
694.7021587497886,630,677,1,0
694.7383127153199,6,14,0,0
694.7752047457201,726,58,0,0
694.7887055387366,73,232,0,0
694.8111228168091,117,372,0,0
694.8115460309742,1697,503,0,0
694.9132578336262,28,360,0,0
694.9133993703283,44,5220,0,1
694.9256514318091,6,132,0,0
694.9284404369969,28,386,0,0
694.961792919563,7,82,0,0
694.9641920792204,21,183,0,0
695.0620122012639,8,4070,0,1
695.0956589610532,37,542,0,0
695.153733059473,1074,312,0,0
695.2986923474973,153,246,0,0
695.4627331701962,8,287,0,0
695.4741453497821,955,226,0,0
695.5589636728006,74,276,0,0
695.6026520708709,28,19,0,0
695.6792454699493,7,9,0,0
695.7018335081314,11,143,0,0
695.7019394419276,773,70,0,1
695.7119007110225,414,578,0,0
695.7276267715814,121,273,0,0
695.7336718912536,331,56,0,0
695.7376507726003,87,474,0,0
695.7594483041858,10,287,0,0
695.7635535842502,6,261,0,0
695.8227079210519,2562,202,0,0
696.0174164216131,1858,124,0,0
696.0338952656125,22,840,0,1
696.1217450144187,2677,134,0,0
696.1232781771423,108,767,0,0
696.1255006455192,16,371,0,0
696.1340936236713,95,308,0,0
696.136498403726,324,287,0,0
696.1543039882833,58,414,0,0
696.1732689925601,74,1530,0,1
696.5558258447153,108,572,0,0
696.5615888970949,22,178,0,0
696.7615740036691,52,372,0,0
696.7637789666496,479,89,0,0
696.7741977091728,8,175,0,0
696.8595580880112,15,405,0,0
696.8915103119169,155,564,0,0
696.8916444267096,5,292,0,0
696.9068297977981,429,764,0,0
696.9486906765442,56,138,0,0
696.9495374747567,285,767,0,0
696.9563636365818,271,95,0,0
696.9654692425319,36,333,0,0
697.0023521640184,44,171,0,0
697.2080747046386,241,309,0,0
697.2092245223588,79,103,0,0
697.2120751664507,277,695,0,0
697.5856356624148,369,197,0,0
697.7637767958305,9,91,0,0
698.2651167175179,19,3650,0,1
698.2813594652349,267,178,0,0
698.4112950578688,286,137,0,0
698.4114443131751,140,417,1,0
698.4533945136579,563,137,0,0
698.455978009591,21,120,0,0
698.4570489173532,75,287,0,0
698.459066782349,140,411,1,0
698.5828835242877,1765,261,0,0
698.9075142422394,780,38,1,0
698.9140535641498,533,320,0,0
698.9226111733125,1510,34,1,0
699.0998616950188,26,436,0,0
699.1044124278931,24,35,0,0
699.133063830699,154,433,0,0
699.1919308944222,65,243,0,0
699.375712353413,83,168,0,0
699.3858132745146,57,588,0,0
699.385882661401,551,469,0,0
699.3975929054841,591,738,0,0
699.4658731723097,199,342,0,0
699.4727848689594,4,431,0,0
699.4783889673356,13,299,0,0
699.4810416038448,12,124,0,0
699.5218103868871,159,239,0,0
699.5458981386524,728,739,0,0
699.5758796958773,49,53,0,0
699.5933869646768,4205,421,0,0
699.809562384104,190,110,1,0
699.8431389393606,46,71,0,0
699.8584610328319,24,169,0,0
699.8603928249757,1078,774,0,0
699.8682212270843,21,656,0,0
699.8856312622908,22,234,0,0
700.2088555789201,202,254,0,0
700.2541362044844,13,379,0,0
700.2633207825085,181,86,0,0
700.3412035581653,33,507,0,0
700.4025773295122,15,470,0,0
700.4098661898569,7,199,0,0
700.4541721346784,11,663,0,0
700.4562505671598,5,36,0,0
700.4780679537874,53,239,0,0
701.4288390030347,150,160,1,0
701.5517288446229,34,145,0,0
701.6135752815788,10,61,0,0
701.7145174969991,39,435,0,0
701.7870077972677,8,2610,0,1
701.7888241791846,1085,736,0,0
701.796196598763,110,248,1,0
701.8008785204822,51,262,0,0
701.8463573913042,17,286,0,0
701.9568826277133,5,221,0,0
702.961665256837,20,281,0,0
702.9753698543078,400,132,0,0
702.9773513266733,2970,24,0,0
703.0098644114379,22,698,0,0
703.0270195196254,153,327,0,0
703.0578608546682,110,226,0,0
703.0770327259046,53,249,0,0
703.126672453347,119,327,0,0
703.1326254554416,738,623,0,0
703.1660974480405,45,770,0,0
703.294278112292,84,464,0,0
703.3207643971157,957,210,0,0
703.3755857572232,11,11,0,0
703.3809136563534,245,295,0,0
703.482853694734,11,469,0,0
703.4981381461768,10,222,0,0
703.5032444095932,61,345,0,0
703.5153822502546,9,334,0,0
703.5241706354427,98,313,0,0
703.5376152035992,81,168,0,0
703.5439491408785,2088,426,0,0
704.0687306832564,107,686,0,0
704.1779471814355,2556,770,0,0
704.2246110986184,1749,10,0,0
704.2704626626864,49,168,0,0
704.2859101214156,345,277,0,0
704.3773572771968,11,400,0,1
704.3890563746501,18,475,0,0
704.4049626900637,17,384,0,0
704.4090100701827,34,282,0,0
704.6041364131813,58,711,0,0
704.7876859973468,1509,386,0,0
704.9423376005814,11,246,0,0
705.103666367135,106,552,0,0
705.1038434390024,39,458,0,0
705.1257536783583,7,92,0,0
705.2586684544461,2176,6,0,0
705.3067401499706,13,343,0,0
705.307570125258,31,587,0,0
705.3397174126833,7,352,0,0
705.4074135684323,1683,121,0,0
705.4135598111095,1622,43,0,0
705.4154119453976,79,81,0,0
705.4207953121266,1171,15,0,0
705.4208476240293,5,677,0,0
705.4490899196932,51,468,0,0
705.4523135366271,19,311,0,0
705.4613076285224,13,469,0,0
705.4732071630816,18,324,0,0
705.4870575410085,847,1980,0,1
705.8470836222978,28,1980,0,1
705.8501979144114,2246,1880,0,1
705.8604274065041,21,321,0,0
705.8606764826427,10,287,0,0
705.864910640096,884,655,0,0
705.8652708633865,240,197,0,0
705.9346228368654,87,462,0,0
705.9494355368572,6960,345,1,0
705.9540971829238,572,775,0,0
706.0397604172424,161,296,0,0
706.0418170981312,154,210,0,0
706.0526609552942,135,137,0,0
706.0557359318498,12,98,0,0
706.0582052702589,9,225,0,0
706.0679396185473,4,61,0,0
706.0726185399702,24,573,0,0
706.0842876051743,8,168,0,0
706.0860634222531,6,11,0,0
706.0867884364862,9,369,0,0
706.3104374375754,17,304,0,0
706.3431926302997,2154,780,0,1
706.3508254899949,44,111,0,0
706.3747977010842,14,72,0,0
706.3770200046794,13,244,0,0
706.4103947621559,26,250,0,0
706.4113099142561,11,190,0,0
706.4512266265997,1486,766,0,0
706.4844014642447,553,524,0,0
706.498692378602,52,208,0,0
706.5651532054544,420,333,0,0
706.5792519180565,216,100,0,0
707.0238685628527,1337,191,0,0
707.0809754476976,11,176,0,0
707.0818042962985,24,213,0,0
707.0841438494418,49,37,0,0
707.5087514159969,1676,767,0,0
707.514463789516,167,578,0,0
707.5479849073012,9,304,0,0
707.5537702967302,183,494,0,0
707.8838774123087,6,446,0,0
708.0307339666604,52,240,0,0
708.1144305077257,6,97,0,0
708.1221773438215,7,45,0,0
708.1318206422511,39,727,0,0
708.3975161116662,236,43,0,0
708.4034996930716,17,150,0,0
708.4037637181758,33,48,0,0
708.7852728805262,22,199,0,0
708.9077015247752,415,255,0,0
708.9090831740934,156,127,0,0
708.9403887512631,10,286,0,0
709.0000025625349,20,164,0,0
709.02791354533,1133,105,0,0
709.5049685127789,59,171,0,0
709.7194265713048,13,550,0,0
709.723401298542,78,126,0,0
709.7373961011264,131,206,0,0
709.8529132301235,82,439,0,0
709.9729789257636,622,480,0,1
709.9825930827348,879,52,0,0
710.1572520274473,9,148,0,0
710.1609307251916,135,92,0,0
710.2571672265644,203,414,0,0
710.2577507746826,41,221,0,0
710.3059179250909,319,281,0,0
711.3727750128659,802,766,0,0
711.7442038557856,20,302,0,0
711.7479475444367,14,605,0,0
711.7480025970932,22,252,0,0
711.7803806176358,17,531,0,0
711.9347698671831,18,116,0,0
711.9578613886773,6,178,0,0
711.9876679495212,883,681,0,0
711.9888803017041,11,2440,0,1
711.995198007687,147,645,0,0
711.9966511309171,13,414,0,0
711.9980461893681,21,320,0,0
712.0040002568152,27,422,0,0
712.2918907116559,48,335,0,0
712.3279342906501,12,401,0,0
712.3316546818655,7,286,0,0
712.3440732014698,8,90,0,0
712.3466952369483,20,427,0,0
712.3521033716979,26,262,0,0
712.376343574045,145,450,0,0
712.3771952048484,7,265,0,0
712.4064129070423,530,553,1,0
712.4111331053215,13,620,0,0
712.5508132329345,6,159,0,0
712.5533814170809,255,767,0,0
712.5780649528358,1371,183,0,0
712.5810496547304,14,328,0,0
712.626007983553,14,296,0,0
712.6265184187585,16,408,0,0
712.6321648099349,19,215,0,0
712.6350659812044,764,119,0,0
712.6357607626763,207,232,0,0
712.6434866801945,1884,765,0,0
712.654458308565,55,3950,0,1
712.6593844130239,1585,272,0,0
712.661517879755,8,249,0,0
712.665596904255,18,138,0,0
712.6694157144755,92,163,0,0
712.7959382766714,140,97,1,0
712.8416665902887,190,572,1,0
713.0619256018186,11,545,0,0
713.1676602137171,10,2840,0,1
713.7666729861569,2097,142,0,0
713.785870827168,261,378,0,0
713.817257126653,74,1330,0,1
713.8393179129878,9,85,0,0
713.848061236533,37,380,0,0
713.9178668560044,109,645,0,0
713.9592003886665,11,259,0,0
714.01043794944,10,251,0,0
714.0435829246378,13,1440,0,1
714.1984294565053,268,95,0,0
714.1997127838863,1245,768,0,0
714.2624678008273,9,89,0,0
714.2813509502984,110,16,1,0
714.2873269302468,368,533,0,0
714.2980766086024,44,292,0,0
714.3527901657421,166,25,0,0
714.4560250827096,1983,325,0,0
714.4693852522711,86,350,0,0
714.5536209199743,5710,655,1,0
714.5968329300362,14,120,0,0
714.7543472689846,629,472,0,0
714.9094552286643,336,148,0,0
715.0049609046905,309,233,0,0
715.0155997421939,25,352,0,0
715.0179860669352,435,153,0,0
715.3358683258031,30,158,0,0
715.3401647002834,11,14,0,0
715.447161119065,5,276,0,0
715.4719171343535,20,32,0,0
716.0035261593566,35,676,0,0
716.020783911643,116,303,0,0
716.0325867468534,36,46,0,0
716.0329718717073,100,115,0,0
716.1046234587145,1289,363,0,0
716.1255584835149,10,146,0,0
716.1321697870253,110,241,1,0
716.142143607264,228,81,0,0
716.4025928481452,43,200,0,0
716.4495642997807,6,236,0,0
716.5629283396811,380,174,1,0
716.5766192398171,2706,164,0,0
716.6170683400495,71,583,0,0
716.7564072653233,156,127,0,0
716.76945012801,58,320,0,0
717.0472687912254,1749,749,0,0
717.0614103193725,800,35,1,0
718.0334396400792,33,150,0,0
718.0412621620303,9,129,0,0
718.0509334485067,777,35,0,0
718.0808992435433,106,758,0,0
718.0930207875008,30,40,0,0
718.1125619844845,2195,377,0,0
718.1352696161592,37,374,0,0
718.3945471825084,42,330,0,0
718.4038559484562,18,20,0,0
718.6392088712511,26,201,0,0
718.7710872683075,420,20,1,0
718.8030373459459,20,294,0,0
718.8194442946493,216,79,0,0
719.7918954361087,261,201,0,0
719.7920696614245,470,126,1,0
719.8018375336092,130,115,1,0
719.8207488714669,424,117,0,0
719.8890173852682,12,400,0,0
719.9152824547076,6,195,0,0
720.0608569929224,19,361,0,0
720.1320911481331,13,368,0,0
720.3343106135961,510,728,1,0
720.3418385501037,314,300,0,0
720.4029840243694,13,107,0,0
721.0255953655576,132,264,0,0
721.0325153061768,23,479,0,0
721.0684606333821,20,543,0,0
721.0700274688104,9,214,0,0
721.1233265667986,10,96,0,0
721.1286171603125,9,132,0,0
721.209700418779,30,35,0,0
721.2122239209677,162,375,0,0
721.2377950646911,11,251,0,0
721.2409516456779,50,620,0,0
721.2627959744766,602,446,0,0
721.3150497566285,441,416,0,0
723.356371281243,305,290,0,0
723.4088826720346,340,327,0,0
723.4673933316503,16,474,0,0
724.310559329541,170,509,1,0
724.4975667041631,37,155,0,0
724.5004731703558,10,297,0,0
724.5648013676598,12,105,0,0
724.5932789861313,176,622,0,0
724.7055474049836,133,768,0,0
724.7679474866935,15,313,0,0
724.7686363713499,205,391,0,0
724.7758429410909,140,479,1,0
725.5148419385824,10,59,0,0
725.628523423042,4750,769,1,0
725.6323445263539,32,3100,0,1
725.6402247038125,8,350,0,0
725.65194770778,890,736,0,0
725.6533344766771,179,454,0,0
725.6533622088127,87,121,0,0
725.7045133393862,25,294,0,0
725.7067473362604,25,387,0,0
725.7111484564749,738,385,0,0
725.7149185847691,13,219,0,0
725.7225735555268,24,100,0,0
725.7294358529664,84,69,0,0
726.084524728223,142,219,0,0
726.093322474198,114,220,0,0
726.1468237703326,47,267,0,0
726.1623793112286,27,401,0,0
726.374547487957,148,164,0,0
726.3952373827948,33,536,0,0
726.3955377292166,785,124,0,0
727.0054947282381,12,430,0,0
727.4658528111005,29,359,0,0
727.529350861671,54,474,0,0
727.5300400502886,153,356,0,0
727.759724376271,11,249,0,0
727.7926083419344,79,79,0,0
727.7957554901117,14,223,0,0
727.8010563122739,46,20,0,0
727.9677981887194,16,408,0,0
727.9723118478005,118,175,0,0
727.9838659498394,443,479,0,0
727.9873997130738,24,300,0,0
728.033278698588,1142,381,0,0
728.0359938286928,17,314,0,0
728.0870716868642,38,223,0,0
728.0957848419049,135,170,0,1
729.0796255646989,34,209,0,0
729.0861296106356,889,377,0,0
729.1058148050467,35,74,0,0
729.2206719126278,145,248,0,0
729.3153677439386,17,316,0,0
729.3161505436794,7,766,0,0
729.3403693700326,7,354,0,0
729.3784394030305,16,237,0,0
729.4457903538442,469,127,0,0
729.458137991014,1118,10,0,0
729.8067591161794,13,137,0,0
730.0886169580748,27,241,0,0
730.0971100903384,80,406,0,0
730.0991646585951,5,21,0,0
730.1148448079982,23,1360,0,1
730.1730686848564,8,265,0,0
730.3407758339008,17,247,0,0
730.3426560499415,13,279,0,0
730.3478915161819,1365,11,0,0
730.3482819898138,1236,310,0,0
730.351119089099,49,350,0,0
730.539917155329,36,29,0,0
731.9568288318271,5,282,0,0
732.0520435598567,45,70,0,0
732.0687243267317,26,32,0,0
732.0817564285904,11,588,0,0
733.2199190091757,174,213,0,0
733.4819140099169,60,23,1,0
733.5176835598044,44,1540,0,1
733.5257681944155,17,256,0,0
733.5308421877064,2430,600,1,0
733.55431924945,30,37,0,0
734.4428400670683,16,366,0,0
734.4578208762392,87,440,0,0
734.4696735369295,506,21,0,0
734.5105226601503,92,26,0,0
734.5243963835565,38,90,0,0
734.6798311045632,11,420,0,0
734.682827733097,11,252,0,0
734.7101882146502,35,420,0,0
734.7157738537842,19,702,0,0
734.8358523854031,1807,610,0,0
734.8655737627396,10,59,0,0
734.8703284690295,3060,225,1,0
734.8774772922718,116,382,0,0
734.8959892552538,25,676,0,0
735.2666973692367,22,214,0,0
735.3253986257215,102,429,0,0
735.3602570682779,8,35,0,0
735.3628303237613,204,183,0,0
735.363715088142,20,769,0,0
735.3645223762843,7,300,0,0
735.3697320579558,28,93,0,0
735.4086292048793,190,769,1,0
735.4276943130617,10,530,0,0
735.5953971887811,6,47,0,0
735.5973190192321,13,371,0,0
735.608579582149,1010,33,1,0
735.6187572231723,125,1140,0,1
735.6210940749801,5,194,0,0
735.6213113594849,4,256,0,0
735.624609458351,23,243,0,0
735.7313170240794,188,767,0,0
735.7318247453836,8,173,0,0
735.8244125783439,9,112,0,0
735.9221316660095,7,135,0,0
735.9344114558328,29,336,0,0
735.9637565677486,460,443,1,0
735.9766184200041,284,249,0,0
735.993803099623,14,200,0,0
736.2961701798602,137,396,0,0
736.4641794631619,10,281,0,0
736.5889997793595,14,281,0,0
736.6176891501516,17,207,0,0
736.6311204383818,73,656,0,0
736.6598676631959,10,120,0,0
736.6611803711892,15,83,0,0
736.664140462902,49,376,0,0
736.6839787798375,168,84,0,0
736.6844529703167,36,772,0,0
736.701395932816,70,104,1,0
736.7141629533392,256,767,0,0
736.7257350252823,121,228,0,0
736.7383690196793,11,109,0,0
736.7426949691869,360,114,0,0
737.7930922277961,462,227,0,0
737.793431348572,210,531,1,0
737.7970940271307,2602,260,0,0
737.7975390085593,34,374,0,0
737.8277113722257,18,40,0,0
737.9219420857262,28,605,0,0
738.4819552820392,220,176,1,0
738.485495595407,875,240,0,1
738.542907253502,52,236,0,0
738.5454090359402,104,75,0,0
738.5583920650189,19,752,0,0
738.6140376626724,295,221,0,0
738.6148037388281,28,233,0,0
738.6253051228688,14,148,0,0
738.6294658449659,45,61,0,0
738.6606518945102,151,5720,0,1
738.7359199106563,21,13,0,0
738.7366954349275,739,8,0,0
738.7483627654145,18,181,0,0
738.7492804414015,1334,246,0,0
738.7494253592494,183,442,0,0
738.7510235925818,22,99,0,0
738.7549221411842,231,201,0,0
738.7562044492115,12,104,0,0
738.7577616194611,10,456,0,0
738.951874688152,165,192,0,0
738.9701957700998,19,373,0,0
739.1000010008685,6,22,0,0
739.3634152340002,2920,765,1,0
739.3846828726329,27,32,0,0
742.0988165628396,376,627,0,0
742.1376010625719,1481,440,0,0
742.1587908176976,16,210,0,0
742.1619580006719,4,79,0,0
742.1701138712955,31,354,0,0
742.2041782114754,1510,490,1,0
742.2238248979863,23,454,0,0
742.2505190953518,72,208,0,0
742.2836414489634,11,173,0,0
742.2847112511663,11,16,0,0
742.2880456260337,77,479,0,0
742.295346498498,327,167,0,0
742.3008181968474,1896,13,0,0
742.3019083169504,31,349,0,0
742.3152357405089,1013,305,0,0
742.3179471240584,74,333,0,0
742.433691596708,18,592,0,0
742.4367917367967,34,610,0,0
742.4616676299719,8,351,0,0
742.461953006988,50,273,0,0
742.4730307724593,59,33,0,0
742.5852919227478,24,314,0,0
742.6020400845523,136,307,0,0
742.6581734555167,15,565,0,0
742.6812486345244,314,193,0,0
742.6894983119082,105,355,0,0
742.7306280758817,334,7690,0,1
742.7653132727094,20,289,0,0
742.7985151069261,18,350,0,0
742.8031853946843,26,780,0,1
742.8088641525209,96,515,0,0
742.8089250227504,16,630,0,0
742.826981128803,13,38,0,0
742.828766542072,311,234,0,0
742.832024721075,17,198,0,0
742.9081762948088,18,6,0,0
742.9295869364025,10,284,0,0
742.9616922283703,60,364,0,0
742.9651395232981,10,107,0,0
743.0033976583794,57,463,0,0
743.0188123600869,3349,1060,0,1
743.0406159396695,19,451,0,0
743.0523928772532,11,83,0,0
743.4494399341262,203,147,0,0
743.4510133586859,105,5530,0,1
743.4751507771965,14,355,0,0
743.5015431024109,134,2820,0,1
743.6002961498257,360,479,1,0
743.6430865305681,5,226,0,0
743.6490175521155,12,25,0,0
743.670288397507,1327,11,0,0
743.9984783372809,5,31,0,0
744.133837248304,39,375,0,0
744.141073481697,13,400,0,0
744.1645111977729,55,767,0,0
744.1770606915067,23,326,0,0
744.4076141999562,5,128,0,0
744.4146478204706,276,432,0,0
744.642939878595,8,328,0,0
745.0895752083409,38,281,0,0
745.1025362761819,14,325,0,0
746.6154798766554,7,25,0,0
746.6262434306667,12,211,0,0
746.6378662749019,63,767,0,0
746.7143122655175,15,102,0,0
746.7205268167248,168,35,0,0
746.7417547608609,83,168,0,0
746.743418651487,59,765,0,0
746.7511491809253,9,27,0,0
746.7717968345087,71,503,0,0
746.7729754973919,990,520,0,0
746.8450526870223,768,227,0,0
746.9224950733893,60,130,0,1
746.9365351269342,391,440,0,0
747.0013496431043,52,263,0,0
747.0666739013526,7951,241,1,0
747.0702256305049,6,22,0,0
747.121811562868,70,387,0,0
747.1485700833456,49,599,0,0
747.1532658850371,18,530,0,0
747.1902890564774,13,266,0,0
747.1923593833972,6,280,0,0
747.1924213940827,692,5780,0,1
747.2343737708638,48,170,0,0
747.2627487339931,73,305,0,0
747.9137221464129,23,29,0,0
747.9231949864205,15,284,0,0
748.0278294917241,632,296,0,0
748.0309709322134,34,294,0,0
748.0328702279512,3229,767,0,0
748.0426767921899,7,532,0,0
748.0715332422501,21,539,0,0
748.089209813318,25,5620,0,1
748.2645624535666,15,117,0,0
748.4697203777807,216,218,0,0
748.47130729116,92,6,0,0
748.4785735262526,61,568,0,0
749.2422896866482,18,97,0,0
749.5599799030683,7,64,0,0
749.5621108799802,7,495,0,0
749.5670544162158,109,678,0,0
750.7601254560265,60,38,1,0
750.7635446289447,6,93,0,0
751.0446326583236,43,359,0,0
751.0450729498297,10,202,0,0
751.060989968371,10,194,0,0
751.0641137454029,106,385,0,0
751.1123219656527,25,527,0,0
751.4279343201924,17,46,0,0
751.4911968674897,69,74,0,0
751.6822292038171,13,25,0,0
751.9462839368821,10,291,0,0
752.6479861704377,12,364,0,0
752.6964145547457,23,432,0,0
752.6969258898451,11,613,0,0
752.6979856630568,1596,24,0,0
752.8461849038905,43,517,0,0
752.9308857173245,69,98,0,0
753.1439382559404,20,105,0,0
753.1561930425929,150,262,1,0
753.1649490649648,6,126,0,0
753.165478604228,133,144,0,0
753.1676936009648,5,649,0,0
753.1828981124362,12,225,0,0
753.1879402338649,13,273,0,0
753.1886542009682,60,306,1,0
753.5345046093379,15,302,0,0
753.5536597090498,39,256,0,0
753.5844100557285,22,549,0,0
753.6069341761352,39,350,0,1
753.6239647707011,14,315,0,0
753.6260870037894,31,45,0,0
753.7257163844305,391,234,0,0
753.7313723832701,11,240,0,0
753.7336591409909,1009,393,0,0
753.9482571184817,2619,300,0,0
753.9698451556114,15,384,0,0
754.0295324483949,21,31,0,0
754.0299235804342,685,151,0,0
754.6205344929392,243,255,0,0
754.6238200768729,61,87,0,0
754.6255950119449,9,25,0,0
754.633355534763,140,136,0,0
754.635865932355,65,402,0,0
754.6388216671891,697,453,0,0
754.6856353016943,28,267,0,0
755.0130599536383,154,133,0,0
755.0239805994789,15,270,0,0
755.042219242553,10,295,0,0
755.062861676185,10,76,0,0
755.0892565333246,1426,519,0,0
755.0906967035795,15,218,0,0
755.6222115930635,11,528,0,0
755.6232326497832,106,82,0,0
755.6280983363429,64,43,0,0
756.7505855651209,679,433,0,0
756.7648802333141,87,623,0,0
756.7672819834248,97,26,0,0
756.7903108502868,17,362,0,0
758.8164247640302,10,116,0,0
758.8377757470935,18,119,0,0
758.8397426450578,24,408,0,0
758.8695731026392,16,98,0,0
758.9045597003094,105,437,0,0
758.9080647300406,4,95,0,0
758.9388525901961,68,275,0,0
758.9390587192706,16,205,0,0
758.9870215495838,11,32,0,0
759.0168620131159,14,1390,0,1
759.0403162694428,22,107,0,0
759.0456565737858,41,399,0,0
759.3509844522232,90,15,0,0
759.4279498452566,193,7690,0,1
759.7322837411441,473,31,0,0
759.7381745955063,15,449,0,0
759.8310629785111,15,22,0,0
760.4976140322265,218,158,0,0
760.8523146594597,59,88,0,0
760.8553912946693,243,249,0,0
760.8739841375201,442,353,0,0
760.8793302553729,6,19,0,0
760.8903187251988,220,19,1,0
760.9097350921417,5,151,0,0
761.5908288625731,311,234,0,0
762.0119569356593,2110,136,1,0
762.0266995626853,148,41,0,0
762.1439182848885,35,3890,0,1
762.1497549764665,30,223,0,0
762.1513016590427,15,274,0,0
762.1517261618275,17,110,0,0
762.1551283149593,18,107,0,0
763.237564382016,35,517,0,0
763.2661014152621,28,21,0,0
763.323225292682,24,464,0,0
763.4847433999051,38,429,0,0
763.4851041642337,22,223,0,0
763.4968226605142,3642,270,0,0
763.5167857043117,45,31,0,0
763.7635294313042,12,200,0,0
763.8067891419,20,19,0,0
763.8074142692276,7,292,0,0
763.8079882503455,714,187,0,0
763.842547150274,12,102,0,0
763.8706087449982,7,148,0,0
763.871673617319,11,337,0,0
763.8727695437043,247,733,0,0
763.894396036055,9,348,0,0
763.895668886419,39,472,0,0
763.9331307790361,87,495,0,0
763.9442245290021,25,261,0,0
763.9545338169986,31,220,0,0
764.9025580667134,157,186,0,0
764.9059326570793,59,159,0,0
764.9077636555398,1020,5,1,0
764.913963363937,901,448,0,0
764.9141018720579,9,270,0,0
764.9990672983948,9,960,0,1
765.0647120290864,2104,115,0,0
765.0856694006008,331,18,0,0
765.102121077712,8,10,0,0
765.116902766125,77,211,0,0
765.1176509861496,8,490,0,0
765.1299405095089,46,285,0,0
765.145552796352,6,4270,0,1
765.2348547506656,27,161,0,0
765.2650616324711,214,696,0,0
765.3966067435828,5,32,0,0
765.463049001159,395,82,0,0
765.463341597641,7,329,0,0
765.4669780950268,21,368,0,0
765.5274935975773,675,714,0,0
765.5346780339266,70,329,1,0
765.5511211872451,11,32,0,0
765.6451603761604,970,47,0,0
765.6474364701155,21,2410,0,1
765.6720658207909,36,509,0,0
766.1330346480512,10,290,0,0
766.1519231260736,40,227,0,0
766.1560398692463,83,84,0,0
766.1738135909803,121,344,0,0
766.1819971168951,40,284,0,0
766.183400753366,64,446,0,0
766.2470686425632,10,357,0,0
766.2652668591612,216,80,0,0
766.2656693086118,310,349,1,0
766.4640361640683,14,165,0,0
766.4666633420778,11,582,0,0
766.4868787902774,19,362,0,0
766.5308545382821,251,767,0,0
766.5444191593865,29,72,0,0
766.5457895038805,18,490,0,0
766.5459442434721,17,297,0,0
766.5516072180621,42,410,0,1
766.5792770290273,770,390,1,0
766.5807715574201,19,238,0,0
766.588465700415,57,76,0,0
766.8201048356682,9,455,0,0
766.8224350565841,8,171,0,0
824.7283963171083,14,84,0,0
824.7659498521809,8,201,0,0
824.7675133897221,14,269,0,0
824.8088174511897,250,8,1,0
824.819783751859,1130,35,0,0
825.0750474443639,13,192,0,0
825.0764275076513,23,281,0,0
825.1479830482297,27,726,0,0
825.1498860843318,9,179,0,0
825.1852449512631,439,292,0,0
825.5684467438412,22,572,0,0
825.5923661496665,52,965,0,0
825.8695525112291,8,454,0,0
825.8792735494972,11,2440,0,1
825.9983903261715,10,67,0,0
826.0031679352616,8,283,0,0
826.0138650050283,29,47,0,0
826.0324928853762,1070,3960,0,1
826.0333739246396,13,2350,0,1
826.0360922779388,37,25,0,0
826.0413809669551,22,41,0,0
826.6125401155186,40,181,0,0
826.6366032528745,90,252,0,0
826.6382962520023,13,41,0,0
826.6397863633697,214,678,0,0
826.65403201386,5,235,0,0
826.6557465778815,146,234,0,0
826.6812948161256,15,171,0,0
826.6831394568209,23,411,0,0
826.68516607116,18,139,0,0
826.7782209489416,20,737,0,0
826.7786089618104,17,106,0,0
828.5878233686112,27,345,0,0
828.5915388679161,42,41,0,0
828.5923973865845,10,278,0,0
828.6510628436796,37,421,0,0
828.8102814603336,117,253,0,0
829.060539804327,150,193,1,0
829.1126708165253,27,493,0,0
829.1169571414129,743,192,0,0
829.1296381329641,58,2530,0,1
829.1532854174835,324,287,0,0
829.2582735416379,350,285,1,0
829.3868513947084,7,201,0,0
829.4620135966265,714,504,0,0
829.56600811881,134,25,0,0
829.5661980089774,30,516,0,0
829.5720762442385,25,575,0,0
829.7660594176373,19,11,0,0
829.7730544507303,121,82,0,0
829.7885240958476,11,218,0,0
829.7926892322881,82,159,0,0
829.806493123226,131,1980,0,1
829.8111295412748,10,92,0,0
829.8114115867979,33,268,0,0
829.8504146976057,846,2890,0,1
829.8931270292566,7420,772,1,0
829.8960296077088,17,431,0,0
829.8962945979362,20,288,0,0
829.9050225770375,296,361,0,0
829.9063340328414,98,105,0,0
830.0366241150289,25,323,0,0
830.0464152725241,723,286,0,0
830.0470289384895,26,31,0,0
830.0508288466392,14,7910,0,1
830.7114754512784,12,125,0,0
830.7219114715203,33,148,0,0
830.7247381212452,22,318,0,0
830.7333474996398,1529,47,0,0
830.7347060275179,321,188,0,0
830.8213620900913,13,380,0,0
830.822195736366,190,311,1,0
830.8726446815826,11,19,0,0
830.9999887988915,8,502,0,0
831.1028380605006,864,310,0,0
831.1150450012333,1350,512,0,0
831.1217718688183,26,501,0,0
831.1390601610448,30,768,0,0
831.1662447355554,19,119,0,0
831.218108294628,1642,830,0,1
831.2344140683906,110,453,0,0
831.2621524045145,86,25,0,0
831.2686824708011,26,220,0,0
831.2718918269978,203,147,0,0
831.4362501414391,18,117,0,0
831.4767439617958,7,100,0,0
831.5506651593523,11,189,0,0
832.0695119392584,16,231,0,0
832.0735036251558,804,284,0,0
832.0784399596233,15,1450,0,1
832.0863439074859,2077,130,0,0
832.1894474309227,11,174,0,0
832.1903850369697,15,416,0,0
832.1947352330875,8,247,0,0
832.283409284856,797,113,0,0
832.2841145525215,107,53,0,0
832.3572308379263,2348,249,0,0
832.8130441915443,94,287,0,0
832.8542779692798,79,619,0,0
832.8574400767417,10,200,0,0
832.8645388627695,328,476,0,0
832.8668818841443,269,812,0,0
832.8821243719225,5,319,0,0
833.0049993111357,751,362,0,0
833.146496151336,204,161,0,0
833.1466783221432,17,46,0,0
833.150363535166,91,76,0,0
833.1854100498562,30,320,0,0
833.1941661256582,23,361,0,0
833.1942862900364,316,772,0,0
833.2218388941056,12,130,0,0
833.2759368481521,15,126,0,0
833.2937312479805,578,349,0,0
833.3092538464693,16,31,0,0
833.4301949460216,63,618,0,0
833.4311776008573,27,726,0,0
833.4409186082592,127,436,0,0
833.4817578676434,21,530,0,0
852.6846845642194,4,105,0,0
852.6887233947471,218,302,0,0
852.7779863471878,726,525,0,0
853.3969949569126,54,254,0,0
853.4837581739683,14,281,0,0
853.5905342234131,140,242,1,0
853.8271275123552,12,362,0,0
853.8276048538651,36,616,0,0
853.8791653585341,15,302,0,0
853.8864575620553,239,768,0,0
854.3105907051352,649,69,0,0
854.3548911829424,34,499,0,0
854.3862132774423,12,134,0,0
854.4131797127242,150,507,1,0
854.4145907263501,156,109,0,0
854.5368931778904,36,494,0,0
854.5375663458999,7,547,0,0
854.549893249651,967,569,0,0
854.558841838856,10,702,0,0
854.6991705072953,15,291,0,0
854.7180981594636,11,603,0,0
854.7213500375824,111,484,0,0
854.7961095253607,24,321,0,0
855.4466727520193,112,552,0,0
855.4489565926252,4130,103,1,0
855.7705814578103,20,22,0,0
855.7753508142473,18,414,0,0
855.78714182962,2660,113,0,0
855.799600248542,44,604,0,0
855.8018109443688,15,360,0,0
856.3269113906304,24,205,0,0
856.4214717077042,1144,92,0,0
856.4874537497424,3316,27,0,0
856.4886069007874,2579,387,0,0
856.5626623927689,9,18,0,0
856.5656824577037,9,331,0,0
856.885919619999,37,565,0,0
856.8864145534075,16,240,0,1
856.9704734046377,9,1380,0,1
856.9712307565418,43,27,0,0
856.9721360665429,21,25,0,0
857.0017892466396,89,24,0,0
857.1119922245736,23,29,0,0
857.3003485475753,12,273,0,0
857.3086209191612,1385,13,0,0
857.3146954149196,45,446,0,0
857.4411669905437,1234,423,0,0
857.4428965964019,672,108,0,0
857.4447522630157,60,400,0,0
857.5007082380516,140,165,1,0
857.549148106225,31,447,0,0
857.5716812124288,13,123,0,0
857.8185210688079,15,240,0,0
857.8191607737897,1807,610,0,0
857.8692771260726,19,147,0,0
859.6372927846359,14,109,0,0
859.6454162761215,181,219,0,0
859.6468159815443,11,4300,0,1
859.8969145232422,50,414,0,0
859.9577987946603,81,261,0,0
860.196483673561,11,328,0,0
860.280231680266,11,440,0,0
860.287964875836,22,252,0,0
860.3006294636393,15,136,0,0
860.3023543013558,73,389,0,0
864.6821406198928,134,196,0,0
864.6850506233252,136,127,0,0
864.6947349671252,580,200,0,1
864.6996083166298,14,325,0,0
864.749344202719,13,128,0,0
865.126136297417,14,259,0,0
865.1331328874847,8,47,0,0
865.1835764119087,13,91,0,0
865.2750899781811,16,393,0,0
867.1336160235362,9,191,0,0
867.1462412761648,8,107,0,0
867.1811862775896,69,40,0,0
867.7840523891,362,219,0,0
867.7850831982737,26,3430,0,1
867.8046833382008,1009,383,0,0
867.8286841740697,65,500,0,0
867.8306838673966,217,78,0,0
867.8438034364327,71,2150,0,1
867.874981023773,6,316,0,0
868.0772357361935,16,237,0,0
868.2102268164859,1639,227,0,0
868.2167212298085,332,452,0,0
868.2196276606801,27,524,0,0
868.3622419152327,4,5670,0,1
868.3631188280746,152,186,0,0
868.3696159469669,111,342,0,0
868.3715404575456,361,695,0,0
868.3722986173013,41,164,0,0
868.4056354575793,13,1490,0,1
868.4066812009601,5,20,0,0
868.4119987532696,9,60,0,0
868.6605296585033,4,201,0,0
869.1291444751007,21,425,0,0
869.1303385718983,20,206,0,0
869.133175333418,32,191,0,0
869.1363452090914,119,378,0,0
869.1375593724016,6,230,0,0
869.4183474573091,24,1680,0,1
869.5336153974177,9,271,0,0
869.584805726226,1418,1780,0,1
869.5873191245299,66,762,0,0
869.6748477714715,18,222,0,0
869.7023625826299,73,51,0,0
869.7198594596177,491,28,0,0
869.7804804666935,1730,766,0,0
870.0802136476588,18,287,0,0
870.0964570824501,14,106,0,0
870.1044736344803,58,393,0,0
870.1067474621061,22,416,0,0
870.434335701068,11,493,0,0
870.4844846479567,4,146,0,0
870.4846186813039,32,39,0,0
870.5091121422378,21,97,0,0
870.6052508920486,20,105,0,0
870.6059722511027,9,72,0,0
870.6068581384461,31,515,0,0
870.7610669169054,33,446,0,0
870.771247904328,13,250,0,0
870.7721572922354,1591,253,0,0
870.7916005041826,31,395,0,0
870.829164795774,19,289,0,0
870.8317521597473,267,330,0,0
870.8352895148715,23,154,0,0
870.8546428871183,9,505,0,0
870.8704017670924,12,1360,0,1
871.5336103716535,579,177,0,0
871.8015549026892,9,338,0,0
871.8526940658755,32,214,0,0
871.8573033130398,19,81,0,0
871.8624512779767,1078,774,0,0
871.8626395472468,340,700,0,0
871.8779872902016,120,310,1,0
871.8857776325476,4,258,0,0
871.8903747510373,37,174,0,0
871.9685047313122,960,771,0,0
872.1975522430639,3075,150,0,0
872.19796445536,11,214,0,0
872.2385849021598,781,176,0,0
872.2826357178732,7,81,0,0
872.2876381134965,24,297,0,0
872.2917513115839,57,266,0,0
872.8770033208646,34,719,0,0
872.9563361321344,56,123,0,0
874.303389878007,23,494,0,0
874.307098961388,37,250,0,0
874.3091577741546,19,219,0,0
874.3194430146942,23,211,0,0
874.4230865891664,77,25,0,0
874.6819525209423,7,258,0,0
875.6452216935859,19,219,0,0
875.6500299451199,52,38,0,0
875.6509786754247,590,446,0,0
875.785860001724,12,667,0,0
875.8982310132693,1894,240,0,0
875.9559881318339,1300,169,1,0
876.2992636450884,11,334,0,0
876.3027380556424,35,337,0,0
876.3033969377922,509,132,0,0
877.4910749799668,9,358,0,0
877.5247035238652,1556,225,0,0
877.5345037477514,17,337,0,0
877.6276731391023,20,97,0,0
879.3170497458367,14,237,0,0
879.3435857090275,38,184,0,0
879.976490233198,5,768,0,0
879.9985956422685,77,375,0,0
880.9238885009574,30,116,0,0
880.9511118072434,388,557,0,0
881.1662715100879,7,2630,0,1
881.1841126029728,35,197,0,0
881.24736534485,14,33,0,0
881.2766506384318,240,656,1,0
881.2845040865342,163,161,0,0
881.3074745911367,17,615,0,0
881.3852837610588,17,131,0,0
881.3999025866223,88,553,0,0
881.4060447625355,11,34,0,0
881.4493947284136,45,43,0,0
881.8044667830736,36,233,0,0
881.8199060471652,571,655,0,0
881.8222707316493,862,304,0,0
881.8253148862042,13,183,0,0
881.8445723603951,309,321,0,0
882.3691575644748,1451,573,0,0
882.3713430754246,28,438,0,0
882.5582787142461,95,364,0,0
882.5705857546682,323,429,0,0
882.575157899238,43,106,0,0
882.5812680986448,15,767,0,0
882.7723990605406,730,329,1,0
882.7793663938745,375,10,0,0
883.0706176050419,53,264,0,0
884.2179357938592,50,545,0,0
884.2210155584667,49,217,0,0
884.2223027202623,10,172,0,0
884.2228002792319,757,487,0,0
884.2761742002004,22,359,0,0
884.2790745804921,12,33,0,0
884.2839753734926,21,18,0,0
884.2875104840804,8,2740,0,1
884.5674993721052,53,399,0,0
884.636110577998,14,57,0,0
884.6966018930552,396,317,0,0
884.6971077614345,10,255,0,0
884.700196345716,29,765,0,0
884.7156928859453,113,13,0,0
884.7292576085338,6,488,0,0
884.7617795550359,6,453,0,0
885.2193289540901,21,241,0,0
885.2885727534771,23,20,0,0
885.3766315762492,40,323,0,0
885.3897434099639,22,243,0,0
885.3971374417883,13,103,0,0
885.4036023937848,59,406,0,0
885.4173188519011,2922,151,0,0
885.4179102276978,25,311,0,0
885.4231177533387,26,253,0,0
885.4408286004528,130,109,1,0
885.4471268863226,106,769,0,0
885.4624196441372,53,199,0,0
885.4628114859735,18,475,0,0
885.4682257422569,5,398,0,0
885.4853043580049,25,11,0,0
885.66253518289,45,767,0,0
885.6837655782514,9,80,0,1
885.6943139028223,20,218,0,0
885.6994522361161,19,434,0,0
885.7174643724238,20,528,0,0
885.7232995852702,41,61,0,0
885.7962626701436,21,2020,0,1
885.8017355046669,11,337,0,0
885.8651306207473,16,469,0,0
885.8695178851663,27,402,0,0
885.8703129122514,9,390,0,0
885.8711659063599,22,19,0,0
885.9749178619682,1199,10,0,0
885.9799169655416,39,256,0,0
885.9858819779461,25,106,0,0
888.8393057507631,18,20,0,0
888.8407912670306,13,620,0,0
888.8555724690574,15,228,0,0
888.8565683930104,7,45,0,0
888.8610205091554,18,455,0,0
888.9070476505494,530,136,0,0
888.9155909362793,8,9,0,0
889.6607500518724,14,217,0,0
889.663088884994,52,758,0,0
889.6669412899636,7,162,0,0
889.6678534717238,1280,485,1,0
889.6842119472537,10,543,0,0
889.6874796884002,31,394,0,0
889.6992517272397,19,378,0,0
889.7022661770887,68,778,0,0
889.7418437799248,303,407,0,0
889.7460580939359,9,341,0,0
889.7650104745056,5,29,0,0
889.7773892523863,11,527,0,0
889.7808885484138,238,80,0,0
889.7970859726598,55,767,0,0
889.8129753039251,110,246,0,0
889.8591804595869,942,539,0,0
889.85947409075,21,173,0,0
890.1893482396581,4,2930,0,1
890.210425116049,2163,201,0,0
890.2494858401969,92,283,0,0
890.2977437252536,421,607,0,0
890.2987754244585,130,305,0,0
890.3723129524288,355,292,0,0
890.4025295726728,9,3670,0,1
890.4087187091078,311,234,0,0
890.4965656876894,8,1690,0,1
890.5066145698479,1290,411,1,0
890.5088138129252,49,285,0,0
890.6090473809344,7,22,0,0
890.691741331558,61,301,0,0
890.725178897116,11,243,0,0
890.738357514065,916,518,0,0
891.1724004353385,538,630,0,0
891.1778305649449,51,217,0,0
891.2051416733037,7,361,0,0
891.2173927865149,85,375,0,0
891.2293499386581,8,253,0,0
891.2756788987367,8,14,0,0
891.2781519018795,144,283,0,0
891.3273157351168,13,316,0,0
891.3583805465001,45,230,0,0
891.3674754353732,43,384,0,0
891.3716658546294,9,35,0,0
891.3727951967073,1544,462,0,0
891.3941411858598,17,326,0,0
891.9361031815314,728,769,0,0
891.9411665100067,11,258,0,0
891.9439505316226,584,102,0,0
891.9486003688783,46,354,0,0
891.9793870858457,1609,122,0,0
892.0284794396455,556,366,0,0
892.0651041933802,22,316,0,0
892.0813790907874,9,212,0,0
892.0829207423244,71,377,0,0
892.2243048960139,21,410,0,0
892.2335498110514,1020,643,1,0
892.2733531991362,18,228,0,0
892.2949999374548,21,462,0,0
892.3133581404475,111,16,0,0
892.4058122217758,1044,456,0,0
892.4302741400003,9,181,0,0
893.6326469452987,7933,259,1,0
893.984421433849,1347,31,0,0
894.0994394020776,8,52,0,0
894.1103852688658,89,598,0,0
894.2065720539157,355,313,0,0
894.2447867607026,100,536,0,0
894.3257219234193,36,445,0,0
894.3483274176313,23,290,0,0
894.350834296466,13,213,0,0
894.3536509747817,6,14,0,0
894.3704910981779,10,2780,0,1
894.4790737270022,7,460,0,0
894.4958777068026,13,220,0,0
894.5017220058315,1009,383,0,0
894.5152441346704,773,147,0,0
894.5886379934029,6,2100,0,1
894.5960309781747,25,240,0,0
894.6028473644457,11,377,0,0
894.6267728392708,14,203,0,0
894.6986264185189,1024,461,0,0
894.7003391659227,36,234,0,0
894.7091171300591,19,131,0,0
894.7277950623546,30,440,0,0
894.7358002126044,219,563,0,0
894.7889630766973,41,1800,0,1
894.893179606724,493,32,0,0
894.8974863340322,23,17,0,0
897.2226467445946,47,255,0,0
897.2643974435425,212,97,0,0
897.7186808465993,54,229,0,0
897.8054590201901,6,121,0,0
897.8059598560277,522,477,0,0
897.807490562874,30,193,0,0
897.8399518832231,1331,756,0,0
897.8943147825913,1753,318,0,0
897.9590362586183,37,390,0,0
897.9594092099096,240,3290,1,1
897.9647384881051,325,130,0,0
898.014137620191,29,21,0,0
898.2544390254544,11,25,0,0
898.3086350164361,400,1170,0,1
898.30982810947,13,223,0,0
898.3160892126951,664,216,0,0
898.32579657675,10,216,0,0
898.3338270378446,37,476,0,0
898.4826685247674,225,126,0,0
898.6774003369878,18,356,0,0
898.9220775093407,11,378,0,0
898.9241550856885,59,92,0,0
898.9256555223732,96,89,0,0
898.9265605335762,20,266,0,0
898.9376923013946,23,50,0,0
898.9601067992967,31,101,0,0
898.9612863559735,54,269,0,0
898.9924929478117,1002,87,0,0
899.0224798698349,320,237,1,0
899.0346689163961,124,392,0,0
899.0800560819677,617,256,0,0
899.0825779951124,163,212,0,0
899.0847222667271,25,11,0,0
899.4227670561099,27,521,0,0
899.4314311793025,160,766,0,0
899.5603807305437,33,232,0,0
899.5653101179224,226,90,0,0
899.5655057016958,160,240,0,0
899.6189790764979,443,194,0,0
899.6205166165291,28,477,0,0
899.6236977814402,50,107,1,0
899.7284908831867,513,113,0,0
899.7293457239956,49,1130,0,1
899.7399555295282,36,196,0,0
899.9180815101381,641,194,0,0
900.956815569782,9,53,0,0
900.9593698927242,49,632,0,0
900.9845797487258,50,149,0,0
900.9894258591225,16,579,0,0
901.201560428951,49,182,0,0
901.2084051041838,29,225,0,0
901.4710640876032,122,452,0,0
901.4725680647574,18,420,0,0
901.5598930382318,35,753,0,0
901.9169026544358,44,661,0,0
901.9860397634343,9,110,0,0
902.0049302735894,13,93,0,0
902.0116998121567,770,324,1,0
902.0129923050323,2971,182,0,0
902.1356014273698,749,265,0,0
902.2544121403413,6,446,0,0
902.2907357796506,19,288,0,0
902.2921767438818,59,14,0,0
902.2951365550599,1749,116,0,0
902.3086480587156,29,570,0,0
902.8550187004003,9,7230,0,1
903.6118938309537,15,595,0,0
903.7366922425746,924,192,0,0
903.7377239946244,8037,155,1,0
903.7380065444079,30,10,0,0
903.7562273935446,24,380,0,0
903.7987354093641,680,240,0,0
904.263489614035,24,254,0,0
904.266304859359,95,237,0,0
904.4216093508102,12,200,0,0
904.4299678855159,5,18,0,0
904.4810220132174,125,366,0,0
904.4861765585415,250,313,0,0
904.4919926309659,26,362,0,0
904.4966668792398,8,216,0,0
904.5069296073495,7,284,0,0
904.5090940995287,76,19,0,0
904.5119373285298,59,144,0,0
904.5382151113888,8,173,0,0
904.5394492580922,341,201,0,0
904.5466557399823,166,509,0,0
904.5512748450801,39,141,0,0
904.5604036509072,14,444,0,0
904.7320205545512,81,261,0,0
904.7355807837913,44,340,0,0
905.1637626119186,780,66,1,0
905.1641395332788,180,119,0,0
905.1666829745875,11,337,0,0
905.2334588316054,157,233,0,0
905.2335791655418,20,9,0,0
905.2435414242527,22,4650,0,1
905.2831656939695,98,22,0,0
905.284090532092,6,275,0,0
905.6119203234811,116,87,0,0
906.3245808926858,14,480,0,0
906.344174213286,1402,321,0,0
906.3622741281683,488,311,0,0
906.4520877598411,7,310,0,0
906.5806483198451,13,535,0,0
906.5878660934324,1830,641,1,0
906.595734305538,71,305,0,0
907.7111835992348,1327,11,0,0
907.7406538488755,16,245,0,0
907.7536674347942,93,432,0,0
907.7568173103566,150,220,1,0
907.7568647246447,26,9,0,0
907.7701360499482,1561,612,0,0
907.7904067020612,21,341,0,0
907.8059340369906,23,23,0,0
907.8180778750566,47,234,0,0
907.9109288731426,6,306,0,0
907.9429927419147,13,518,0,0
907.9695935151274,390,60,1,0
907.9818866956905,449,310,0,0
907.9908314270994,12,441,0,0
908.013322358977,76,88,0,0
908.0177154283803,49,513,0,0
908.1984405284975,104,262,0,0
908.2297967095963,34,171,0,0
908.2480006218739,167,437,0,0
909.3468004797195,110,27,0,0
909.4398199909614,90,457,0,0
909.4415944401516,250,196,1,0
909.4448090075969,510,387,1,0
909.4601219659426,211,628,0,0
909.4668020858991,22,404,0,0
909.7241325483035,8089,103,1,0
909.8089697638633,26,179,0,0
909.9201587459323,4,61,0,0
910.080739742656,20,113,0,0
910.1968311076424,8,247,0,0
910.1973157196586,88,495,0,0
910.1984409880921,487,143,0,0
910.2008186199632,180,174,1,0
910.2529334461284,178,603,0,0
910.2816524124029,205,718,0,0
911.0336706868184,7,356,0,0
911.2810489472718,328,426,0,0
911.5631264086965,2119,702,0,0
911.5679529083643,17,349,0,0
911.583930928033,21,216,0,0
911.720576063702,50,149,0,0
911.7225763609515,15,333,0,0
911.7272790500995,28,152,0,0
912.4410101046033,22,91,0,0
913.8013811347818,6,195,0,0
913.8019011423565,24,737,0,0
913.8179668272495,8,38,0,0
913.8195326621079,110,93,0,0
913.8198465888071,28,64,0,0
913.8230624192765,5,358,0,0
913.8757531860147,68,225,0,0
913.9398998679917,16,311,0,0
913.9695811445075,14,403,0,0
914.2107637452872,17,568,0,0
914.2139208497363,62,61,0,0
914.2239778103643,7,256,0,0
914.5820353815191,17,773,0,0
914.6606643305508,30,297,0,0
914.6640510912706,20,265,0,0
914.665441876765,908,316,0,0
914.6837718736352,20,277,0,0
914.7085906897734,334,391,0,0
914.7405218761172,94,257,0,0
914.7525251806826,294,175,0,0
914.7733693136171,179,85,0,0
914.7780205405312,4,25,0,0
914.7926713149599,34,649,0,0
914.79707517897,1336,116,0,0
914.798342493714,10,366,0,0
914.8192008932881,10,418,0,0
914.8224129927862,56,35,0,0
914.8256536015464,13,282,0,0
914.8773710254189,13,33,0,0
914.910258827561,165,272,0,0
915.6601487418952,22,144,0,0
916.1877485346804,10,309,0,0
916.195651094536,19,425,0,0
916.2050946903951,11,293,0,0
916.2094349494524,261,24,0,0
916.2104594471331,21,236,0,0
916.5998212719178,21,105,0,0
916.6649983590912,2806,182,0,0
916.6702767288616,1386,452,0,0
917.2991921642035,13,94,0,0
917.3665750033032,8,190,0,0
917.4471324842015,210,767,0,0
917.4539270872115,11,550,0,0
917.454059797145,41,605,0,0
917.5178621918446,5,39,0,0
917.5215374764172,948,178,0,0
917.52236276791,1248,562,0,0
917.5744421560823,25,18,0,0
917.6300529654912,139,251,0,0
917.6325201012747,308,637,0,0
917.6480344218301,52,371,0,0
917.6933541396359,127,366,0,0
917.7112682142024,107,113,0,0
917.7164961442328,27,402,0,0
918.0707372267976,570,303,1,0
918.0801434595821,31,120,0,0
918.2612235579479,80,766,0,0
918.2757959189421,100,171,0,0
918.284997336282,23,683,0,0
918.513102593328,185,980,0,1
918.5177739347533,100,244,1,0
918.5534743050606,42,306,0,0
918.6036340330153,35,207,0,0
918.7784158849125,45,566,0,0
918.7938168311765,8,142,0,0
918.7945515788588,9,17,0,0
918.7950801616355,21,2890,0,1
918.7955357294323,99,420,0,0
918.7971600863916,26,31,0,0
918.8099936692344,52,960,0,1
918.8186907486934,56,259,0,0
918.8247037802779,14,456,0,0
918.8378074795128,49,658,0,0
918.8414116115092,168,35,0,0
918.8559959404058,33,536,0,0
918.8758459055327,1043,52,0,0
920.169693886582,1201,134,0,0
920.1793262124821,173,253,0,0
920.1893622420987,220,223,1,0
920.1982399424533,14,53,0,0
920.2012983685713,8,126,0,0
920.2868395688233,197,102,0,0
920.2880071161865,8,290,0,0
921.316702648395,8,271,0,0
921.3173437275652,21,315,0,0
921.3317594565781,1717,295,0,0
921.4600030359979,249,392,0,0
921.509681719958,809,378,0,0
921.5870603341118,1756,106,0,0
921.5878256929484,1056,768,0,0
921.690739764756,926,356,0,0
921.7459310335017,10,616,0,0
922.1709496161301,31,341,0,0
922.1877321547778,4,323,0,0
922.2088928600102,31,67,0,0
922.2095509834455,34,463,0,0
922.2635218143502,13,1800,0,1
922.2655248862201,48,313,0,0
922.3040331025234,307,52,0,0
922.9864682585335,141,614,0,0
922.9893307241268,26,120,0,0
923.0186380594018,23,370,0,0
923.0247068636435,25,291,0,0
923.0300280935505,43,73,0,0
923.0303887634586,7,180,0,0
923.037876616708,35,75,0,0
923.0725917007215,6,41,0,0
923.3142220834701,28,230,0,0
923.7480089128046,17,519,0,0
923.7611796448402,10,364,0,0
923.8805157407896,53,326,0,0
923.8951362180121,73,4010,0,1
923.897942413291,24,206,0,0
923.9047493443788,26,31,0,0
924.0084872498088,6,292,0,0
924.081192260979,136,78,0,0
924.0817237743678,101,45,0,0
924.1338972706992,520,152,0,0
924.1429967466895,61,622,0,0
924.2058642704043,90,81,0,0
924.230656180906,137,267,0,0
924.2319953754087,23,300,0,0
924.2330881522862,10,156,0,0
924.2479515106398,17,100,0,0
924.2658393144669,165,74,0,0
924.288432713509,5,261,0,0
924.2900357760172,186,461,0,0
924.5921194662861,10,229,0,0
924.5922574700727,49,730,0,0
924.855627661498,50,88,0,0
924.8675277852429,92,555,0,0
924.873434378782,110,557,0,0
925.4266148990288,387,306,0,0
925.4403052914369,145,522,0,0
925.4598344019028,324,676,0,0
925.4657630769951,7625,567,1,0
925.5179889688793,28,297,0,0
925.5720019978787,247,421,0,0
925.9412378650911,18,429,0,0
926.1347748377916,8,173,0,0
926.1530131279605,350,137,0,0
926.1579755663546,273,185,0,0
926.1656001500685,25,374,0,0
926.1694254262167,15,126,0,0
926.176694902012,49,445,0,0
926.1821787662084,16,204,0,0
926.2164666254604,89,668,0,0
926.2395675864922,58,365,0,0
926.2435682425718,7,163,0,0
926.2740248506078,110,453,0,0
926.2742156457257,42,436,0,0
926.2884049414818,5,181,0,0
926.2885577499069,58,229,0,0
926.2962666993083,60,467,0,0
926.3571565232437,15,180,0,0
926.3819741170284,28,275,0,0
926.3836928554582,14,450,0,1
926.3945852300277,300,257,1,0
926.4065793023015,59,590,0,0
926.4114476246368,75,101,0,0
926.4324301584182,3540,353,1,0
926.436533850259,49,582,0,0
926.4393422043916,18,145,0,0
926.4414453971477,18,151,0,0
926.4800862376505,56,3820,0,1
926.4824115288973,342,294,0,0
926.4831379264676,15,360,0,0
926.5613440134578,16,236,0,0
926.5646460954957,7,39,0,0
926.5654389077746,141,156,0,0
926.6186199748453,1309,413,0,0
926.6228047559332,25,188,0,0
926.6273386796031,14,324,0,0
926.629974395697,80,4980,0,1
926.6840011334157,13,295,0,0
926.7417782042083,750,36,1,0
926.8509729988747,14,80,0,0
926.8545806278948,8,202,0,0
928.6492515770244,9,76,0,0
928.6534329006506,2883,397,0,0
928.6548836436895,29,422,0,0
928.6622701661244,868,197,0,0
928.6626528117847,11,603,0,0
928.665591207096,4,155,0,0
928.6717646554412,69,42,0,0
928.6926278395673,4,176,0,0
928.9184849310278,16,147,0,0
928.9571127415711,473,147,0,0
928.9662737491235,90,185,1,0
928.9843391426701,1804,29,0,0
928.9858254402686,7,417,0,0
929.3044132536581,9,186,0,0
929.3301238030115,21,3320,0,1
929.3729210501556,372,612,0,0
929.378572446404,6,298,0,0
929.3816780669973,142,226,0,0
929.383904645869,80,498,0,0
929.3867902473938,114,287,0,0
929.3919199214222,96,6110,0,1
929.4811386059205,56,233,0,0
929.4850751895116,28,303,0,0
929.5395721440585,38,223,0,0
929.6298951240727,18,50,0,0
929.6655061116802,12,391,0,0
929.7602510726891,23,406,0,0
929.7604169129713,121,5520,0,1
929.7896263317215,10,120,0,0
929.7965098090575,66,696,0,0
930.05846404293,69,27,0,0
930.0942177052848,13,7690,0,1
930.1032612420818,307,341,0,0
930.1224284977812,5,310,0,0
930.1498403446636,446,94,0,0
930.7654891550634,273,380,0,0
930.7735862502208,73,186,0,0
930.8057783927079,1186,21,0,0
930.8117572220801,1713,120,0,0
930.843312511155,2188,236,0,0
930.8814634794434,7,73,0,0
930.9085435229731,28,114,0,0
930.9221054832241,5,74,0,0
931.3279467440524,39,569,0,0
931.4947529476699,260,28,0,0
931.5460294200414,239,765,0,0
931.5519743569853,46,471,0,0
931.5996063256391,13,450,0,0
931.6255187383073,48,429,0,0
931.7535476492284,30,740,0,1
931.8150620455709,62,287,0,0
931.8204740808056,280,233,1,0
931.8859601472395,613,114,0,0
932.7301082989545,25,149,0,0
932.7924648231162,8,148,0,0
932.7947556761504,209,214,0,0
932.8034072541503,181,128,0,0
932.9497249286519,57,266,0,0
933.209925867569,10,129,0,0
933.2109524213994,13,369,0,0
933.397231495432,122,252,0,0
934.053443834263,15,93,0,0
934.4875335356611,10,382,0,0
934.4891810540657,1088,38,0,0
934.5132710232492,1777,182,0,0
934.8632299156776,669,299,0,0
934.9739405634174,10,548,0,0
934.9851174952555,48,532,0,0
934.9885508801295,15,473,0,0
935.0096334118927,79,210,0,0
935.0791487768992,95,30,0,0
935.0822991753046,60,11,0,0
935.0991374092689,124,140,0,0
935.3996092309166,28,31,0,0
935.7339489656365,52,249,0,0
935.7682305302022,14,196,0,0
936.1348206110216,794,260,0,0
936.1524386168188,9,71,0,0
936.15891623631,14,3560,0,1
936.1649412100852,26,463,0,0
936.1675808437509,34,239,0,0
936.1763547623796,14,456,0,0
936.1874923863045,7,600,0,1
937.7787194037602,383,509,0,0
937.9438306076274,120,4390,1,1
940.0456640271743,818,231,0,0
940.0485957835097,553,657,0,0
940.1407963793994,15,218,0,0
940.1495314346671,125,9,0,0
940.1507465697312,27,211,0,0
940.22230357505,26,2150,0,1
940.2279544293282,2190,266,0,0
940.3277687767143,38,216,0,0
944.3449249581171,341,27,0,0
944.3712184467987,11,137,0,0
944.3884297667971,1389,515,0,0
944.3937256303301,5,81,0,0
944.3947295304567,21,900,0,1
944.4076092962083,24,174,0,0
944.4115199142907,75,196,0,0
944.4405975753931,220,707,0,0
944.4509341550657,505,214,0,0
944.4899768356235,6,111,0,0
944.5458685903624,128,293,0,0
944.7728126882478,18,116,0,0
944.7749279082595,244,318,0,0
944.7790267850864,190,95,1,0
945.1459479543889,14,232,0,0
945.2715041829622,9,29,0,0
945.2763757012012,8,216,0,0
948.5892209259786,55,28,0,0
948.5892899549387,40,767,0,0
948.5981329528908,8,165,0,0
948.6083958187919,23,31,0,0
948.6601102659913,625,140,0,0
948.6614039089827,20,57,0,0
948.6807085229221,48,316,0,0
948.7102443363887,21,330,0,0
948.9105747929093,7,129,0,0
948.9109810612755,393,199,0,0
948.9157227287997,151,36,0,0
948.9209765839497,12,654,0,0
949.0554679137231,3950,496,1,0
949.9594096485873,10,318,0,0
950.5261088597193,791,1620,0,1
950.5304238713411,21,83,0,0
950.5584389509004,230,130,1,0
950.571003161252,798,604,0,0
950.5875870388223,33,301,0,0
950.5918144120084,17,135,0,0
950.6175131424029,5,208,0,0
950.6321787430144,15,616,0,0
950.6881411179662,20,205,0,0
950.7008537902126,24,613,0,0
953.7193143923695,33,572,0,0
953.7199459930621,100,639,0,0
953.7253734214032,18,769,0,0
953.7310431516775,36,333,0,0
953.7566695177186,36,136,0,0
953.8727586715875,10,101,0,0
953.889057984775,37,459,0,0
961.9580007764507,1529,47,0,0
961.997116566839,535,153,0,0
962.3451910911881,272,249,0,0
962.3617013108329,360,152,1,0
962.3660172384829,742,42,0,0
965.1821377878939,19,336,0,0
965.1856228251414,372,313,0,0
965.1865316077832,7,120,0,0
965.1909782586173,15,20,0,0
965.2190346552464,9,475,0,0
965.5412096721591,13,268,0,0
965.5522130294632,8,39,0,0
965.563549839059,215,482,0,0
965.5965548385315,23,265,0,0
965.6907302391188,625,635,0,0
965.6943682821799,85,294,0,0
965.72936302957,2955,240,0,0
965.7355470284273,3260,47,0,0
965.7816288517106,52,1090,0,1
965.8350055366201,1460,531,0,0
965.9874753626826,18,194,0,0
966.7429191492928,23,286,0,0
966.7499161655938,19,227,0,0
966.7531719409811,7,55,0,0
966.780384507841,6,269,0,0
966.8032948926569,53,571,0,0
966.8261445787098,844,276,0,0
966.9377189750287,5,362,0,0
966.9670371726485,9,32,0,0
967.0924626335649,18,226,0,0
967.1171022594141,64,297,0,0
967.1348633648151,36,3390,0,1
967.1389694986531,70,387,0,0
967.225701063415,562,7630,0,1
967.2500551308719,20,339,0,0
967.5055550094817,7,354,0,0
967.5843891382605,598,43,0,0
967.5920662684999,120,129,0,0
967.6265962765124,104,296,0,0
967.6444055707213,13,314,0,0
967.6607036798518,39,316,0,0
967.6620822447393,1667,126,0,0
967.6942953012693,805,131,0,0
967.7191421516033,263,33,0,0
967.7210206397878,16,424,0,0
967.7584155380991,259,683,0,0
967.8014651531441,266,387,0,0
967.8036358533932,32,250,0,0
967.8058302473416,21,181,0,0
967.8397941018412,40,335,0,0
967.9308750663023,15,1850,0,1
967.9670910210275,17,83,0,0
967.9676764671652,309,308,0,0
967.9699450469802,12,492,0,0
968.0272675709806,60,376,0,0
968.0298907685419,52,534,0,0
968.1881028728604,6,121,0,0
968.3655842698597,11,182,0,0
968.3693431054885,13,257,0,0
968.4008076414534,35,71,0,0
968.4791898703903,226,37,0,0
968.5286920708446,7,260,0,1
968.5365272329509,60,199,0,0
968.5493904057952,247,327,0,0
968.5656157367544,173,362,0,0
969.0149924974146,794,758,0,0
969.0850823094555,140,260,1,0
969.2764044718322,19,332,0,0
969.3078901984662,766,768,0,0
969.364673899803,70,281,0,0
969.4721952956193,14,42,0,0
969.4858985675035,6,80,0,0
969.4904031011066,105,700,0,0
969.532400506847,76,6950,0,1
969.5410013964074,217,297,0,0
969.5474500502111,50,2650,0,1
969.5516456721765,1455,122,0,0
969.5528724664058,14,222,0,0
969.5772511284908,100,639,0,0
969.5802032727031,45,256,0,0
969.5842187038251,25,311,0,0
969.5943632287122,13,273,0,0
969.5960521122041,25,358,0,0
969.6487389549998,4,440,0,0
969.7534816606257,19,385,0,0
969.7555291730175,33,542,0,0
969.7646131610276,95,270,0,0
969.7764701939869,12,423,0,0
969.787883564389,41,293,0,0
969.8095204895914,135,17,0,0
969.846166326543,58,46,0,0
969.851421716548,974,316,0,0
969.9293063101558,27,258,0,0
969.9297275965894,30,499,0,0
969.9321520039186,42,400,0,0
970.0465868786423,9,84,0,0
970.054636681152,26,3720,0,1
970.0912113200457,8,44,0,0
970.2781178174464,100,87,0,0
970.8139366758695,41,50,0,0
970.8160674668792,226,184,0,0
970.8202906248964,58,533,0,0
970.824631560784,20,261,0,0
970.829189547143,390,224,1,0
970.8611259744437,293,539,0,0
970.8615392191009,12,18,0,0
970.9035822548907,13,259,0,0
970.9203062279423,8,200,0,1
971.2489771772695,41,768,0,0
971.2498729004026,4040,767,1,0
971.313450341662,464,644,0,0
971.3218446909684,13,191,0,0
971.3263790816426,210,113,1,0
971.4244338228393,8,141,0,0
971.5245622872101,1389,243,0,0
971.52580407504,12,331,0,0
971.6177884034404,169,140,0,0
971.628323655215,10,320,0,0
971.6367197372604,15,496,0,0
971.643671387577,14,107,0,0
971.6590032492446,104,97,0,0
971.6645307798511,39,121,0,0
971.6862452852407,39,375,0,0
971.686395839597,605,54,0,0
971.7945580632543,29,534,0,0
971.8259334740131,298,103,0,0
971.8318232274845,18,277,0,0
971.8692758974117,21,46,0,0
971.8809584717363,34,23,0,0
971.9377231681066,88,452,0,0
972.0776600871662,149,120,0,0
972.1217359211195,16,346,0,0
972.1217812228949,14,272,0,0
972.3541173035215,15,67,0,0
972.3742479816245,131,658,0,0
972.440584947798,16,409,0,0
972.4442930008441,9,191,0,0
972.4570087205913,385,384,0,0
972.4681652344515,707,157,0,0
972.5203429273471,142,390,0,0
972.5921142621673,17,222,0,0
972.6271118080639,72,341,0,0
972.655855813759,80,166,0,0
972.7522373355711,16,332,0,0
972.9059406864685,90,485,0,0
972.9708704490157,6,352,0,0
972.9796961886815,1914,217,0,0
973.0675332102227,44,154,0,0
973.0728038441766,8,278,0,0
973.100698243874,16,215,0,0
973.4003126395015,1405,768,0,0
973.4012843922868,488,456,0,0
973.4030823538825,88,7020,0,1
973.4032911154976,7,301,0,0
974.0599580996219,24,129,0,0
974.0817062117221,107,231,0,0
974.1209498192878,33,262,0,0
974.146979431374,12,453,0,0
974.1588970788413,16,479,0,0
974.16168134531,97,342,0,0
974.1853854544379,30,10,0,0
974.1877482278496,16,255,0,0
974.2396959012984,933,111,0,0
974.5686963602518,59,314,0,0
975.8570164469677,368,533,0,0
975.8595951706684,7,65,0,0
975.8664527327588,10,261,0,0
975.8690282446984,8,235,0,0
975.8695609583721,20,774,0,0
975.8709964257094,858,289,0,0
975.8817394864731,7,246,0,0
975.979860332246,176,18,0,0
976.1362210919987,6,105,0,0
976.1387107299261,9,32,0,0
976.1908804193954,2534,669,0,0
976.200510575186,2801,96,0,0
976.2235249801533,542,4,0,0
976.3329104365657,10,599,0,0
976.4342000159131,115,484,0,0
976.5288507743129,1189,472,0,0
976.5567515752456,40,102,0,0
976.5831886859352,20,141,0,0
976.6091522493311,204,740,0,0
976.6595904947793,149,491,0,0
976.6729340130462,5,13,0,0
976.711343051591,440,446,0,0
976.7324339517618,39,834,0,0
976.9642142266152,6,207,0,0
976.9666753097573,11,261,0,0
976.9741678639606,8,107,0,0
976.993321697296,6,336,0,0
977.0070319044929,68,69,0,0
977.0072400806214,6,9,0,0
977.1391847542691,13,46,0,0
977.4287503968013,5,233,0,0
977.4293683622974,9,300,0,0
977.4305111442611,458,560,0,1
977.6388450234339,58,177,0,0
977.6397033281033,276,2700,0,1
977.6596497770846,23,60,0,0
977.6729269481181,79,529,0,0
977.6800736978291,492,108,0,0
977.7122432376785,124,23,0,0
977.7141800784796,20,300,0,1
977.7148636110556,12,105,0,0
977.7198192503444,23,152,0,0
977.7307620861557,582,697,0,0
977.7542263978966,7,76,0,0
977.83069499432,3279,191,0,0
978.1151810140332,8,245,0,0
978.1586244664369,24,552,0,0
978.1725203638714,24,232,0,0
978.2119496515395,19,375,0,0
978.2134452532869,8,217,0,0
978.2172602213418,28,328,0,0
978.2207345953204,77,76,0,0
978.2214705761871,7,330,0,0
978.291274522963,20,705,0,0
978.2932538453539,548,181,0,0
978.2942052500107,829,381,0,0
978.2963685315708,1461,502,0,0
978.5678248641948,136,485,0,0
978.7429282354207,360,26,1,0
978.7679349800383,23,288,0,0
978.8222069464739,16,137,0,0
978.8226216892504,39,138,0,0
978.8251493552697,161,514,0,0
978.8514016879251,1343,381,0,0
978.853301097259,27,56,0,0
978.8542096256926,1697,221,0,0
978.8576176160371,26,227,0,0
978.9226233598685,17,140,0,0
979.1766830815434,9,265,0,0
979.1786061463167,82,583,0,0
979.382292021941,2239,608,0,0
979.3835182720761,17,188,0,0
979.4016352517059,112,39,0,0
979.4147294362853,872,196,0,0
979.4217130983238,30,56,0,0
979.8205061803883,7,75,0,0
979.8890346579598,13,113,0,0
979.9051456789117,99,283,0,0
980.0203573030936,26,478,0,0
980.0243077452484,50,250,1,1
980.0580470192335,130,193,1,0
980.3061917659418,22,74,0,0
980.3401804610022,309,279,0,0
981.0166636675007,470,161,1,0
981.0185282416678,2873,225,0,0
981.0199253437593,23,254,0,0
981.0288505751098,77,210,0,0
981.0390428038423,13,239,0,0
981.0446789304804,73,767,0,0
981.296437594234,645,582,0,0
981.3279656075198,522,7670,0,1
981.330251060918,50,36,0,0
981.3344073925798,11,67,0,0
981.3711684943489,1998,990,0,1
981.3725804152107,140,339,1,0
981.4051140828982,21,295,0,0
981.4072189210581,579,191,0,0
981.4212488608622,63,374,0,0
981.4463985366307,32,141,0,0
981.4472808563702,9,7,0,0
981.4535678285412,17,198,0,0
981.46063430658,28,276,0,0
981.4799262633419,17,248,0,0
981.5450834252847,369,158,0,0
981.5581392980321,9,342,0,0
981.5591884401199,452,503,0,0
981.5659151797053,22,135,0,0
981.5685145559889,568,259,0,0
981.5785547463088,181,267,0,0
981.6793279375864,21,329,0,0
981.7672019782462,14,149,0,0
981.9116537555236,37,239,0,0
981.9147129063845,120,134,1,0
981.9152741882531,77,730,0,1
981.9176513245527,113,109,0,0
981.9322582566075,564,597,0,0
981.9370223678949,890,2320,0,1
981.9385010167075,201,648,0,0
981.9518423130379,27,278,0,0
982.119911171481,14,390,0,0
982.1283091419587,18,417,0,0
982.1621071833072,73,51,0,0
983.0443008506978,293,539,0,0
983.0495419431636,24,262,0,0
983.125876009082,52,248,0,0
983.1267865737043,281,573,0,0
983.1298567937235,14,240,0,0
983.141354991886,180,544,0,0
983.2776462871007,190,767,1,0
983.2992240038362,8164,28,1,0
983.3055575374034,7,706,0,0
983.3637326861988,329,161,0,0
983.6867856290646,406,229,0,0
983.9854079218769,19,515,0,0
983.9885578156901,1739,131,0,0
984.0468709816976,706,523,0,0
984.052545641673,509,768,0,0
984.1209359048048,30,318,0,0
984.2673804876542,14,53,0,0
984.2692953823185,22,2430,0,1
985.4271038476359,7,103,0,0
985.4275136335546,15,26,0,0
985.4512173117316,193,204,0,0
985.4517641902146,54,397,0,0
985.4580206817268,5,74,0,0
985.8215086386805,24,405,0,0
986.0474856264174,11,281,0,0
986.7820747572596,75,332,0,0
986.7912734769409,130,85,1,0
986.793828803776,34,171,0,0
986.796388779032,978,89,0,0
992.2751470755125,8,98,0,0
992.4029341681511,342,568,0,0
992.4055808896152,839,434,0,0
992.4235375591259,1056,243,0,0
992.4383069573768,14,397,0,0
992.553173475046,192,730,0,0
992.5585139011862,27,5940,0,1
992.559054607002,32,515,0,0
992.5628501543525,18,735,0,0
992.6143332571561,39,211,0,0
992.6345025445146,504,420,0,0
992.6401399982793,13,136,0,0
992.6415268561832,6,105,0,0
992.8310438663658,9,10,0,0
992.8883998554735,6,22,0,0
992.8915211101748,18,57,0,0
992.8972845662978,13,200,0,0
993.5462337733122,1855,769,0,0
993.5559945607595,11,3960,0,1
993.8016710280302,3365,748,0,0
993.8145478052685,10,310,0,0
993.8274244474354,8,83,0,0
993.8343920167371,80,160,1,0
993.8918809187406,13,45,0,0
993.9380654786358,14,34,0,0
993.9411928308007,242,110,0,0
994.4835908312215,76,296,0,0
994.4915855673784,44,664,0,0
994.497623591831,24,25,0,0
994.6803423098363,15,365,0,0
994.6843746688397,751,726,0,0
994.6965549137744,12,336,0,0
994.7267998966139,16,174,0,0
994.8369777121408,35,367,0,0
994.8377151418011,15,156,0,0
994.8404288487263,78,313,0,0
994.8405809075475,8,199,0,0
994.8921028138154,17,113,0,0
994.9219761471443,12,120,0,0
994.9760453701945,296,373,0,0
995.0070844549477,14,38,0,0
995.0118717290529,1441,19,0,0
995.0662370679358,47,860,0,1
995.0682969937026,14,606,0,0
995.0709204774581,18,158,0,0
995.0795033682294,406,180,0,0
995.2009798952006,625,375,0,0
995.202236279082,16,461,0,0
