arrived_at,num_prefill_tokens,num_decode_tokens,prefill_inflated,decode_inflated
0.0,8,246,0,0
0.0012765157131532667,182,3940,0,1
0.012257104017197783,20,361,0,0
0.0540924983065408,6,304,0,0
0.22912038669021928,156,228,0,0
0.25159227359525477,226,184,0,0
0.2575671153766599,17,106,0,0
0.26132287870505505,14,174,0,0
0.34199102662057324,409,430,0,0
0.8165653990811741,20,399,0,0
0.8477021807330438,2003,774,0,0
0.8492335999992205,22,177,0,0
0.8518882739663205,410,769,0,0
1.2945874313762122,467,436,0,0
1.3216626032101413,26,31,0,0
1.3222273276259615,230,253,1,0
1.3374907591761833,20,190,0,0
1.3392526724597893,412,524,0,0
1.3443784184336975,1044,120,0,0
1.3511778608545466,225,126,0,0
1.35551071081583,140,397,0,0
1.4100875280140557,7423,769,1,0
1.425993272216685,24,573,0,0
1.4315443368899123,120,147,0,0
1.4724851692626542,9,319,0,0
1.567360419433817,35,199,0,0
1.568035316911627,35,209,0,0
1.5788336524529505,11,73,0,0
1.5813716046807775,12,775,0,0
1.594134495541197,12,6,0,0
1.5955034054894577,68,337,0,0
1.614310478941376,30,205,0,0
1.6310384256498234,7,104,0,0
1.6408560262704155,14,42,0,0
1.6430748989128987,13,214,0,0
1.6512449208789681,71,234,0,0
1.6532793076959416,110,62,0,0
1.6544794435547154,6,335,0,0
1.6827670485694255,300,414,0,0
1.6847294175023184,9,309,0,0
1.872166730868499,10,222,0,0
1.9478099325049463,17,12,0,0
1.9481418791181964,9,198,0,0
1.979238837005269,42,337,0,0
1.9812313945327535,23,266,0,0
2.000509435968828,108,572,0,0
2.020199541328876,11,242,0,0
2.020537778710326,200,223,1,0
2.0318513975931984,16,255,0,0
2.0426700551549337,16,372,0,0
2.166245680808468,35,440,0,0
2.167944542854993,29,136,0,0
2.2469041211312337,13,223,0,0
2.248907643332687,8,55,0,0
2.258210025115421,11,99,0,0
2.261569907341489,445,196,0,0
2.5886859034913927,9,154,0,0
2.6449062347708594,147,121,0,0
4.981191057678907,50,387,0,0
5.046340582934779,24,329,0,0
5.14413208925993,14,91,0,0
5.241084283193633,10,74,0,0
5.246447849913657,45,116,0,0
5.2621342698393425,5,26,0,0
5.530843534320327,11,489,0,0
5.539007668889842,58,242,0,0
5.565330885773762,4,407,0,0
5.582625676422793,320,285,1,0
5.6436507757609755,9,102,0,0
5.652348268337673,34,395,0,0
5.665653116348827,115,758,0,0
5.694953925032989,2720,765,0,0
5.717127439517805,18,578,0,0
5.720326658672515,310,36,0,0
5.828573950067992,10,115,0,0
5.829918272128765,14,180,0,0
5.831551602594596,5,74,0,0
5.832939609266553,14,226,0,0
5.957750137884943,64,665,0,0
5.966522758000293,27,548,0,0
5.969110484009675,37,672,0,0
5.970970917407303,130,334,1,0
6.012863740821666,994,356,0,0
6.015052141368933,4,345,0,0
6.016469359430179,1350,767,1,0
6.0780802335806925,13,214,0,0
6.079728026559688,111,289,0,0
6.089196578231481,51,56,0,0
6.106998905207558,61,568,0,0
6.114404098309227,731,383,0,0
6.1305984793906765,4451,1700,0,1
6.393137378083408,11,267,0,0
6.3995551047502905,9,202,0,0
6.40100898779752,70,118,0,0
6.4014671009113435,650,342,1,0
6.413448076507442,388,463,0,0
6.422368453751367,222,614,0,0
6.453030759435009,5,612,0,0
6.460161129069057,36,494,0,0
6.46708915789704,754,88,0,0
6.471353213652953,35,244,0,0
6.477734263991669,52,236,0,0
6.5025953972604045,652,231,0,0
6.511028348546621,241,549,0,0
6.533087685659748,8,261,0,0
7.341624860931429,25,1710,0,1
7.38866910678613,44,231,0,0
7.389440677130655,31,354,0,0
7.96763582031953,13,130,0,0
8.003814608977324,26,343,0,0
8.006560280515485,123,140,0,0
8.117274266583452,680,340,1,0
8.135967534980022,147,505,0,0
8.141239563423433,48,270,0,0
8.146322221700295,832,210,0,0
8.148796598776439,379,745,0,0
8.16866419802652,510,258,1,0
8.321671500056386,617,279,0,0
8.331090680290547,80,472,0,0
8.37295778836762,7,236,0,0
9.141230194690117,144,2660,0,1
9.14282009448551,330,15,0,0
9.17302175498472,11,116,0,0
9.182798224266536,66,55,0,0
9.184967384403079,4,186,0,0
9.187286434960829,9,49,0,0
9.204787854114013,68,285,0,0
9.247761157905815,1680,124,1,0
9.253993004029573,20,312,0,0
9.27411137441435,440,58,1,0
9.350609754656974,49,36,0,0
9.383263996054897,174,666,0,0
9.485797810163879,67,172,0,0
9.53120377473978,28,461,0,0
9.579091710507214,862,304,0,0
10.275628343960262,24,293,0,0
10.338380692599486,9,416,0,0
10.36175867188578,94,193,0,0
10.436403397403058,35,283,0,0
10.439274238085021,49,36,0,0
10.448458053004865,101,328,0,0
10.536630451061342,7,139,0,0
10.6003458107312,22,223,0,0
10.999590961073825,400,68,1,0
11.018017617154115,140,284,1,0
11.018986314238477,226,286,0,0
11.905543933893009,15,143,0,0
12.066099145273544,34,361,0,0
12.068270556717758,4,248,0,0
12.351002597963934,16,240,0,0
12.370255423980188,21,416,0,0
12.370734926906724,19,202,0,0
12.378519503494488,13,147,0,0
12.385040613387575,21,359,0,0
12.819693860043643,120,57,0,0
12.823395273891121,23,166,0,0
12.834261044942043,847,8,0,0
12.844635335094639,8,436,0,0
12.853091592870573,21,474,0,0
12.855991573728845,20,769,0,0
12.883958597019943,62,284,0,0
13.039429959612464,36,342,0,0
13.102283518641435,21,2710,0,1
13.105106670740444,17,700,0,0
13.106916478707529,16,31,0,0
13.129808750232458,8,426,0,0
13.134200342792276,13,343,0,0
13.139317100410427,44,253,0,0
13.139944270876716,49,390,0,0
14.03227377520483,12,403,0,0
14.145127280409394,8,279,0,0
14.147700190513756,82,664,0,0
14.258671621760392,165,95,0,0
14.523167712159443,29,5160,0,1
14.5233193508777,109,332,0,0
14.52933860100091,342,120,0,0
14.53764400030763,31,304,0,0
14.603624629319478,19,479,0,0
14.617777555696989,28,477,0,0
14.629159059754835,38,87,0,0
14.645215491166109,111,460,0,0
15.379945924170714,7483,709,1,0
16.736649503837388,15,234,0,0
16.742966219405048,24,408,0,0
16.745796467211502,7,185,0,0
20.681947199380744,39,90,0,0
20.68449024644096,82,263,0,0
20.690222153082857,47,122,0,0
20.70963655732241,185,738,0,0
20.757070817052142,11,383,0,0
20.89837619610994,11,346,0,0
20.93781722834893,20,286,0,0
20.940969382621212,505,214,0,0
20.990650101670596,37,533,0,0
21.020395885982296,30,10,0,0
21.790626711518446,18,278,0,0
21.8081381214074,10,71,0,0
21.80938283624628,87,354,0,0
21.81161464516212,31,90,0,0
22.139662132490912,2329,198,0,0
22.145788425540477,100,35,1,0
22.146056610131865,373,557,0,0
22.151705465005936,490,378,0,0
22.169750714389696,97,172,0,0
22.364266557537633,86,128,0,0
22.36663899047212,17,520,0,0
22.43509688721757,142,23,0,0
22.52363653574449,189,226,0,0
22.528091752177524,13,57,0,0
22.54049145923335,914,279,0,0
23.161753358661016,17,318,0,0
23.725058657193614,135,293,0,0
23.824931346528047,5,9,0,0
23.859980272752136,11,2240,0,1
24.035802163872248,22,391,0,0
24.049421597108005,3594,770,0,0
24.064341053019355,4480,92,1,0
24.067569922207493,1720,656,0,0
24.085816527069756,43,124,0,0
24.101131316770648,1975,632,0,0
28.730221361636445,375,319,0,0
28.742491467995183,13,2240,0,1
28.971667003032096,82,565,0,0
29.22478273107262,915,157,0,0
29.237210020995253,11,297,0,0
29.42431065896245,10,427,0,0
29.424542715314388,19,266,0,0
29.44636008938621,19,314,0,0
29.546580819776285,609,370,0,0
29.546729958513065,1032,514,0,0
29.548506218214108,7,96,0,0
29.697663225777745,24,399,0,0
29.708455502073374,1861,698,0,0
29.71046212840674,21,211,0,0
29.719009817127937,17,524,0,0
29.725106078208057,10,65,0,0
29.801947733913508,25,767,0,0
29.846676821426986,20,430,0,1
29.856979414103517,59,765,0,0
29.861748558357775,19,453,0,0
29.877950011375223,54,768,0,0
30.133435117050187,15,335,0,0
30.169701980929805,9,140,0,0
30.234465563352376,52,441,0,0
30.247815198624366,112,214,0,0
30.249177560352255,7,250,0,1
30.25353186612026,860,24,1,0
30.319907192066935,745,273,0,0
30.342089265587525,135,305,0,0
30.345049216015195,61,188,0,0
30.34575893328999,32,147,0,0
30.368274705689075,5,94,0,0
30.377425038405192,17,1500,0,1
30.386376276176676,3690,673,1,0
30.39571297125406,32,770,0,1
30.427551033034902,35,337,0,0
30.460067534840682,19,720,0,1
30.58367480444719,910,2740,1,1
30.699223889595505,10,281,0,0
30.958278377977674,114,86,0,0
31.048799061518377,37,294,0,0
31.058021469674685,21,2030,0,1
31.0742101842116,36,339,0,0
31.12269654066372,80,715,0,0
31.13239791654069,783,165,0,0
31.186546391998828,51,767,0,0
31.367831543170432,42,388,0,0
31.371465638631538,18,278,0,0
31.371988773568123,26,292,0,0
31.568390496613038,163,279,0,0
31.587087664810635,7,97,0,0
31.661542440598698,1610,394,1,0
31.66279882936777,15,312,0,0
32.24037329528601,100,189,0,0
32.319424202288886,94,165,0,0
32.3334472734181,99,514,0,0
32.342372450609346,1155,478,0,0
32.365033419656655,50,138,0,0
32.37796134306534,1579,387,0,0
32.38829567969144,65,326,0,0
32.390218229455975,26,170,0,0
32.61575227741614,426,105,0,0
32.63242371430768,45,86,0,0
32.6533733976896,9,1930,0,1
32.67510318998161,160,311,0,0
32.67526463632751,6,143,0,0
32.727051430328096,51,264,0,0
32.736393636182356,270,271,0,0
32.746512438707015,1778,305,0,0
32.76725998530801,398,317,0,0
32.76984027337812,17,156,0,0
32.86731702244102,25,445,0,0
32.87180374732381,16,73,0,0
32.87476477426872,23,232,0,0
32.87798185086067,26,82,0,0
32.90276980087869,10,143,0,0
32.982960794306294,76,255,0,0
32.98844979264741,42,375,0,0
32.98933006749507,857,495,0,0
33.14041371565319,12,430,0,1
33.14255774100645,18,18,0,0
33.33942171354326,231,142,0,0
33.35560955615574,5,221,0,0
33.36007403492449,36,553,0,0
33.36509073499043,6,158,0,0
33.41053945264593,19,378,0,0
33.51740760444108,71,583,0,0
33.52954767749553,17,111,0,0
33.649455226775025,370,733,1,0
34.82185577186503,35,604,0,0
34.833752168707484,10,281,0,0
34.835563313225755,88,194,0,0
34.83775364178884,369,197,0,0
34.83887235773218,12,238,0,0
34.84389281669589,14,335,0,0
34.84813591521252,6,313,0,0
34.849410532033026,1320,769,0,0
34.9015134402897,3540,130,0,0
34.9016107529919,19,26,0,0
34.902896389991504,17,234,0,0
35.918619306333426,977,38,0,0
36.062424148172404,23,198,0,0
36.113762374389786,11,427,0,0
36.15879424056338,18,172,0,0
36.78190644377901,1208,323,0,0
36.834579893646115,29,333,0,0
36.85565318514418,82,33,0,0
36.857194339838344,21,321,0,0
36.87276702804304,20,196,0,0
36.876925236249186,11,379,0,0
36.88132038646185,251,277,0,0
36.88564522320218,22,19,0,0
36.90214849297057,305,312,0,0
36.91148031813529,9,400,0,0
37.01451578632479,195,418,0,0
37.015787657744426,24,373,0,0
37.028644959306995,4,229,0,0
37.77250079833344,14,241,0,0
37.79200533197195,9,56,0,0
37.99036516132613,9,279,0,0
38.16567926669274,21,398,0,0
38.416853762275124,571,309,0,0
38.495825544172796,30,437,0,0
38.49696660707222,6,28,0,0
38.50753721007604,106,552,0,0
38.51597045052883,9,80,0,0
38.51678521324803,381,423,0,0
38.523920760988474,87,305,0,0
38.52540172404226,14,120,0,0
38.526046888105064,170,412,0,0
38.55355950708891,17,469,0,0
38.57009765510879,171,433,0,0
38.574657198291554,2170,767,1,0
38.577352956579475,246,583,0,0
38.58346527027022,14,239,0,0
38.59166967785081,10,227,0,0
38.599647230615005,1351,340,0,0
38.615886571736645,8,200,0,1
38.623438258196764,28,317,0,0
38.66256461094049,19,14,0,0
38.71391097095754,22,704,0,0
38.75082499793618,20,767,0,0
38.75561554794581,13,64,0,0
38.760874017184186,77,435,0,0
38.80393341320499,7,329,0,0
38.816100891775136,24,325,0,0
38.8326535853315,6,64,0,0
38.832777131761496,260,772,1,0
38.83285861518261,14,97,0,0
38.8682740820748,10,214,0,0
38.90315603443631,11,276,0,0
39.19602227892235,23,1840,0,1
39.27236086274562,1171,15,0,0
39.30047661109343,1655,297,0,0
39.31912159537545,8,274,0,0
39.32016175210368,67,41,0,0
39.42571378537626,8,97,0,0
39.43110990565093,40,64,0,0
39.4804048322793,124,20,0,0
39.50732661025701,2292,192,0,0
39.538421587414675,11,3130,0,1
39.64599813766791,18,67,0,0
39.65277232923993,8,428,0,0
39.66108999697474,34,768,0,0
39.66434804845662,60,576,0,0
39.67283515565276,18,405,0,0
40.17792366832861,7,12,0,0
40.1866488642691,9,413,0,0
40.3799182279924,888,344,0,0
40.47406689773959,8,211,0,0
40.55165513559081,14,156,0,0
40.64157173186301,662,4,0,0
40.64394507400591,293,144,0,0
40.6820272981823,120,234,1,0
41.114568010042,214,678,0,0
41.11905535133074,701,226,0,0
41.135477617171865,29,400,0,0
41.14002491850824,375,100,0,0
41.17404242472606,49,436,0,0
41.176129559063504,11,220,0,0
41.62746545694215,10,225,0,0
41.635957950653186,18,676,0,0
41.63678286898808,159,273,0,0
42.285135077319616,196,152,0,0
42.410835068828014,2371,425,0,0
42.461735694785034,1332,760,0,1
42.514089642546445,88,338,0,0
42.522911709956766,5,1430,0,1
42.53445680942994,648,29,0,0
42.61123270399997,13,283,0,0
42.724313454970606,9,542,0,0
42.84083510171708,105,589,0,0
42.86843892339314,511,11,0,0
42.87553879054047,10,262,0,0
42.88782745931684,57,154,0,0
43.05383806591238,86,673,0,0
43.37523871997841,31,195,0,0
43.384356510234696,5,102,0,0
43.391303054121046,561,4,0,0
43.61005788266443,95,269,0,0
43.68677695237344,7,26,0,0
43.75955167210718,3860,344,1,0
43.76085926104057,8,360,0,0
43.769404184639555,5818,2080,0,1
43.77584632732578,1148,33,0,0
43.80319482442061,61,6,0,0
43.80381544727521,22,19,0,0
44.033419857993785,15,262,0,0
44.066308121083885,8,217,0,0
44.10936518524394,6,116,0,0
44.11105491989377,94,165,0,0
44.12817088253213,293,211,0,0
44.388553677019345,66,25,0,0
44.38933517794358,11,1550,0,1
44.42259627219663,1421,458,0,0
44.49559646534906,12,201,0,0
44.50011848198286,16,261,0,0
44.592168740394996,16,207,0,0
44.60149388243244,8,7670,0,1
44.81260515751038,23,745,0,0
44.864430320809575,326,442,0,0
44.892694182877065,292,35,0,0
45.895627418705246,32,48,0,0
45.990890769993406,35,54,0,0
46.23807246554896,554,394,0,0
46.239744118476644,106,428,0,0
46.24469535883681,280,250,1,0
46.34085312732725,16,34,0,0
46.45124935737077,35,16,0,0
46.46739051199694,96,766,0,0
46.553215081804275,127,133,0,0
46.55538816017466,697,5100,0,1
46.58306297285113,110,120,0,0
46.58488196853834,660,265,1,0
46.6205406745874,40,157,0,0
46.627365102015006,2583,761,0,0
46.632372203617095,10,17,0,0
46.65256751199286,19,62,0,0
47.33644062001779,120,199,1,0
47.338825929289314,413,136,0,0
47.34424189403423,48,3940,0,1
47.496896905727354,2074,627,0,0
47.50463162289775,59,4270,0,1
48.12566250657052,14,38,0,0
48.15382276380887,35,559,0,0
48.17545351755779,33,23,0,0
48.212294855786936,44,661,0,0
48.799404418784775,444,264,0,0
48.86632960202667,71,207,0,0
48.917047381255884,319,312,0,0
48.94690881435017,66,696,0,0
48.9477017720441,90,255,1,0
48.9507737087212,66,435,0,0
49.30133673219759,15,426,0,0
49.3947103576185,37,207,0,0
49.44435954294958,14,106,0,0
49.508879701712594,22,220,0,0
49.514963724709055,74,698,0,0
49.55043704219589,1072,7120,0,1
49.553415075143114,41,256,0,0
49.592886496542036,1708,81,0,0
49.59721223140744,13,183,0,0
49.60897821474309,1923,355,0,0
49.653665184200534,21,711,0,0
49.66305172517191,32,105,0,0
49.728943663636436,63,27,0,0
49.77386571567502,37,130,0,0
49.8108972020003,29,435,0,0
50.06600215072745,7,525,0,0
50.066948714347475,28,151,0,0
50.06768974573281,23,337,0,0
50.12957833629757,914,628,0,0
50.24802235683945,15,125,0,0
51.256435383994706,2411,339,0,0
51.33832448101018,177,150,0,0
51.43326800733322,57,330,0,1
51.436353440800204,373,547,0,0
51.517649359384464,80,50,0,0
51.58709401648133,236,769,0,0
51.58927793747051,86,80,0,0
51.59228275619141,564,7,0,0
51.60673413534041,1382,29,0,0
51.63885030916866,20,434,0,0
51.63890025986572,192,8,0,0
51.65966929701007,105,589,0,0
51.68830233571738,300,68,1,0
51.70097160777796,20,120,0,0
51.731740434393735,11,202,0,0
51.776650624567615,90,196,1,0
51.77903652402452,88,222,0,0
51.820516574299695,22,99,0,0
51.83143266442398,41,238,0,0
51.834153923587245,12,28,0,0
51.86157011718747,10,595,0,0
52.21516106768458,20,255,0,0
52.2161340601814,370,311,0,0
52.21679547929968,19,332,0,0
52.217456824033434,3540,103,0,0
53.15895815713347,103,411,0,0
53.1698682112602,11,240,0,0
53.18588886504055,308,420,0,0
53.18963116663015,105,213,0,0
53.19238214519646,5,224,0,0
53.192695359370084,67,242,0,0
53.218067832371474,11,279,0,0
53.24839281555483,7,78,0,0
53.248739196592,12,363,0,0
53.25097937140735,21,3610,0,1
53.25505336907831,11,198,0,0
53.27218364379818,73,48,0,0
53.30158705198737,34,766,0,0
53.47306217403601,13,195,0,0
53.74943873764706,29,435,0,0
53.90233524696638,85,201,0,0
54.16632474480629,50,164,1,0
54.16807545035583,6,252,0,0
54.17402829221238,5,53,0,0
54.35172387177005,1382,25,0,0
54.38386621986215,17,268,0,0
54.40259938885915,14,203,0,0
54.402944073943786,809,563,0,0
54.40338203136036,16,313,0,0
54.48122013719561,157,261,0,0
54.516950650861695,105,30,0,0
54.52693218709897,37,288,0,0
54.53483255078362,290,313,1,0
54.53540412954199,12,306,0,0
54.573316692609616,272,356,0,0
54.7161522266081,25,8,0,0
55.19779091163617,591,119,0,0
55.21769904099312,659,500,0,0
55.22969366912879,56,283,0,0
55.23170915071412,1471,205,0,0
55.440084202342305,393,201,0,0
55.98824206548244,24,143,0,0
55.99353573801849,16,1720,0,1
56.02581321880155,41,175,0,0
56.047445624834914,11,299,0,0
56.05317265792683,20,325,0,0
56.05329486395963,37,53,0,0
56.061973410344656,21,300,0,0
56.12278257706617,30,551,0,0
56.12378884482685,22,300,0,0
56.127159441312514,675,202,0,0
56.127184809262396,969,547,0,0
56.36273115503746,107,90,0,0
56.41180886708904,53,19,0,0
56.431571823880965,12,4030,0,1
56.442077392721046,21,114,0,0
56.44712182898387,17,59,0,0
56.46253526733256,34,452,0,0
56.472236203512345,2256,3180,0,1
56.48321689946283,11,105,0,0
56.5000817234581,90,188,1,0
56.52328176778954,121,769,0,0
56.92301967276895,16,770,0,0
56.92401367825568,17,523,0,0
56.95448510779593,7,196,0,0
56.95965954522358,82,33,0,0
56.96150714963062,40,34,0,0
56.96166541385258,10,702,0,0
57.02240748418032,7,296,0,0
57.02489701378921,141,577,0,0
57.028846084595926,8,94,0,0
57.074114503901306,160,664,0,0
57.0761401855008,9,23,0,0
57.09477334046322,14,256,0,0
57.11000066453384,12,216,0,0
57.19793048824601,14,309,0,0
57.331434849140955,10,170,0,0
57.33455895640484,9,329,0,0
57.44530146096833,9,172,0,0
57.459877236500006,868,96,0,0
57.482488482348536,26,62,0,0
57.494051652175756,13,136,0,0
57.57747527589386,72,202,0,0
57.57904116133655,296,143,0,0
57.60879686377898,834,168,0,0
57.794548749488634,109,65,0,0
57.80457806573513,750,657,1,0
58.825434507143335,27,513,0,0
58.82949392899841,379,140,0,0
58.85661319829281,9,194,0,0
58.8633503362587,45,316,0,0
58.8684815982817,11,293,0,0
58.87038056569408,382,576,0,0
58.876386327564774,9,350,0,0
58.89231909943917,188,315,0,0
58.89586807116269,44,171,0,0
58.99916872828416,20,104,0,0
59.369169656256645,388,269,0,0
59.37000081037138,68,199,0,0
59.46392979179925,128,1270,0,1
59.48969364374499,2066,247,0,0
59.51846826154973,4,48,0,0
61.944108813403005,252,767,0,0
62.140773769430616,23,464,0,0
62.17529145960505,15,6240,0,1
62.200801715501704,51,170,0,0
62.20103897945327,2072,463,0,0
62.28561358844257,6,84,0,0
62.289650493672404,97,128,0,0
62.31529469576898,1177,30,0,0
62.33723035346385,18,316,0,0
62.460399093500314,104,352,0,0
63.507581088914044,24,471,0,0
63.63661261896366,188,265,0,0
63.86676683741682,134,453,0,0
63.878055126824904,46,101,0,0
63.92295339781496,9,552,0,0
64.00699820857147,44,24,0,0
64.00801189730383,78,768,0,0
65.07857290549157,341,507,0,0
65.08289230230687,44,581,0,0
65.08429411425341,22,329,0,0
65.55816775373455,54,337,0,0
66.80670693157082,56,31,0,0
66.81112914692615,165,768,0,0
66.81642133797982,35,314,0,0
75.92232407718178,462,108,0,0
75.94492716397947,22,187,0,0
75.94526837164052,918,769,0,0
75.95057159471074,7,274,0,0
76.93996281768166,13,395,0,0
77.0073935165301,8,77,0,0
77.08860449329151,33,386,0,0
77.29752777554259,62,105,0,0
77.36724236666518,11,362,0,0
77.37650921463258,18,211,0,0
77.37725317227223,47,422,0,0
77.42131500499411,348,105,0,0
77.4232513117538,19,232,0,0
77.4393763820344,68,211,0,0
78.04775317287934,39,767,0,0
78.10095819717581,111,196,0,0
78.1212828651289,4,52,0,0
78.14186065577253,9,23,0,0
78.21968371331555,20,223,0,0
78.33358359040722,4,152,0,0
78.33487951538591,6,92,0,0
78.36102851426214,28,269,0,0
78.91890991940176,11,199,0,0
79.00049036094113,25,26,0,0
79.00439669931647,102,295,0,0
79.00903151707422,11,346,0,0
79.00932351962949,7,224,0,0
79.01301524739019,4,193,0,0
79.46190745912652,39,649,0,0
79.47760971604637,8,360,0,0
79.48087331427878,1020,77,1,0
79.48657414106121,6,280,0,0
79.50103377976336,26,62,0,0
79.51561537181166,26,249,0,0
79.5245051742997,753,113,0,0
79.52838063047074,34,455,0,0
79.5928372499481,15,360,0,0
79.98431214632288,15,637,0,0
79.99010681470752,2773,51,0,0
79.99621914764515,16,363,0,0
80.19093832145681,1115,205,0,0
80.19190427934699,1034,1180,0,1
80.19743358840066,633,119,0,0
80.20590466885919,135,767,0,0
80.23114430046957,70,309,0,0
80.24155646344137,1316,375,0,0
80.24462023159028,9,170,0,0
80.27819802547056,74,235,0,0
80.27987573829839,799,471,0,0
80.28042886122043,206,730,0,0
80.2807412012494,23,14,0,0
80.3614017291464,875,24,0,0
80.36196114685987,110,252,1,0
80.40608351337187,23,27,0,0
80.47509483031259,28,44,0,0
80.56571265079006,12,309,0,0
80.57843661057518,89,142,0,0
80.58446483201179,219,343,0,0
80.60588204471996,11,66,0,0
80.61138553473415,43,3630,0,1
80.61276327922324,65,342,0,0
80.83499755659679,13,212,0,0
80.83801369500729,35,29,0,0
81.49301043500088,584,762,0,0
81.54353104448623,7,147,0,0
81.55080091695075,20,289,0,0
81.59410069686075,33,82,0,0
81.80537371200283,30,537,0,0
81.80651929509466,14,199,0,0
81.80934655034143,19,426,0,0
81.81155947973683,16,49,0,0
81.83666066474234,214,288,0,0
81.87716277188882,21,91,0,0
81.89628380510025,108,388,0,0
81.90048947073801,28,114,0,0
81.90676055724175,91,6,0,0
82.10058228221828,15,83,0,0
82.26904889851983,131,5330,0,1
82.2925151395903,10,396,0,0
82.29382724676316,32,279,0,0
82.3572045523637,74,87,0,0
82.38928255798125,197,274,0,0
82.41919615864299,289,4350,0,1
82.99336039198,448,740,0,0
83.08648437174695,11,140,0,0
83.08905430865697,7,156,0,0
83.091674719584,265,125,0,0
83.37695723049707,11,219,0,0
83.40418630434189,9,117,0,0
83.51056105815131,58,242,0,0
83.52514692544418,9,119,0,0
83.52784859667213,331,331,0,0
83.5623588018741,161,243,0,0
84.02210897558085,11,1540,0,1
84.06219885612003,20,104,0,0
84.0643408192228,1529,140,0,0
84.0753765113819,8,220,0,0
84.08303662520422,21,22,0,0
84.11262969778397,29,426,0,0
84.27485084887088,254,52,0,0
85.37305557853307,285,273,0,0
85.40690204811081,108,76,0,0
85.41610826556024,2571,194,0,0
85.44154129202481,207,33,0,0
85.4640653638727,15,101,0,0
85.47339559303957,14,307,0,0
85.49627095822778,15,239,0,0
85.51810423842723,86,70,0,0
85.5201830882638,18,416,0,0
85.5855817158569,17,369,0,0
85.59616681353508,11,66,0,0
85.59922359977683,7,99,0,0
85.65747794577346,714,600,0,0
85.66572343532019,22,603,0,0
86.37863879305215,147,9,0,0
86.43516281384665,16,178,0,0
86.46044564987125,83,364,0,0
86.46521066033799,205,292,0,0
86.47475616051015,36,219,0,0
86.59195931962041,8,445,0,0
86.59736732402459,1684,160,0,0
86.69489486405132,15,261,0,0
86.69521370087548,1571,28,0,0
86.72683267589696,9,113,0,0
86.83497590783647,804,284,0,0
86.87646540389585,15,672,0,0
86.89733581955568,36,47,0,0
87.0558005921128,4,107,0,0
87.05959781450979,456,155,0,0
87.0625337148742,27,172,0,0
87.08840879684385,78,290,0,0
87.32072506345224,70,175,0,0
87.37041761324714,14,271,0,0
87.384629625071,13,321,0,0
87.42283573565406,29,335,0,0
87.47359923618923,11,910,0,1
87.47533584875288,102,323,0,0
87.4754115205039,28,290,0,0
87.47810714954744,383,509,0,0
87.47916209416806,101,258,0,0
87.4857340642064,41,363,0,0
87.48762641815802,9,533,0,0
87.49133378017258,10,12,0,0
87.5412530729219,20,372,0,0
87.56678354040504,13,39,0,0
87.58686092540168,1095,159,0,0
88.17270828007238,360,610,0,1
88.18117203676815,7978,214,1,0
88.19113713455668,7,298,0,0
88.46025625261282,40,167,0,0
88.46257761276604,28,360,0,0
88.4634026699963,40,90,0,0
88.75856083797737,4,87,0,0
88.80107371580263,1807,260,0,0
88.8733681053636,17,353,0,0
88.95144220781636,13,580,0,0
89.08491232584956,41,773,0,0
89.09346299683482,33,354,0,0
89.11242400518357,30,310,0,0
89.11481490378507,162,121,0,0
89.14414568637733,9,684,0,0
89.17958283540904,7,2800,0,1
89.18860854840383,539,276,0,0
89.27389309284601,88,249,0,0
97.5580509896526,38,769,0,0
97.56030725157171,309,279,0,0
97.67974123418448,33,509,0,0
97.83034644271588,687,397,0,0
98.02398486511218,26,3430,0,1
98.0286023697975,2375,86,0,0
98.28217716513088,4672,251,0,0
98.36830302214261,53,239,0,0
98.38652017602105,27,270,0,0
98.39837020481839,12,251,0,0
98.43696939174903,8,140,0,0
98.59080772820357,120,284,0,0
98.73074595664777,6,173,0,0
101.07230731903131,13,309,0,0
101.08424756812707,14,308,0,0
101.1684158158771,2581,214,0,0
101.1787759247152,11,235,0,0
101.29613833765082,1080,668,0,0
101.32813024479182,3350,114,1,0
101.33557953142316,246,49,0,0
101.3373151923992,3127,113,0,0
101.34260931011848,55,115,0,0
101.38254325908215,24,241,0,0
101.84975774067368,670,159,0,0
101.96585898436668,40,404,0,0
101.96810714769816,6,87,0,0
101.97736643340808,80,493,0,0
102.00344156187009,35,710,0,0
102.02189968563546,36,275,0,0
102.04829547594478,29,311,0,0
102.15557764836151,2259,501,0,0
102.18938194784815,2141,140,0,0
102.19480432878744,305,750,0,0
102.1952552233237,935,4,0,0
102.20586173343274,14,284,0,0
102.20657876580997,7,200,0,0
102.22122122776656,85,74,0,0
102.25854834056494,121,475,0,0
102.25988891853368,24,373,0,0
102.274201722089,88,88,0,0
102.28358115275132,12,240,0,0
103.10006727837643,23,62,0,0
103.14434087309743,1860,340,1,0
103.14474391420218,13,307,0,0
103.18658110533644,21,327,0,0
103.22565476034002,8,102,0,0
103.23693425748377,120,37,0,0
103.24482211514336,182,31,0,0
103.29951793727157,21,100,0,0
103.36111120228732,11,115,0,0
103.39985274179972,16,4160,0,1
103.40205305254014,13,174,0,0
103.41167838611165,16,275,0,0
103.41237741293597,5350,511,1,0
103.41316331170323,563,111,0,0
103.41823293018282,6,115,0,0
103.42010620728216,12,58,0,0
103.42680301990083,153,356,0,0
105.58795502193519,249,243,0,0
105.62831899104692,90,364,0,0
105.63085616129243,1593,121,0,0
105.63105207767556,113,37,0,0
105.63378995675302,38,474,0,0
105.63461371868323,209,293,0,0
105.63479096627552,14,31,0,0
105.69530901293608,14,33,0,0
105.70071637056674,59,205,0,0
105.73469578213685,41,202,0,0
112.53912258816293,15,365,0,0
112.56331415048368,99,150,0,0
112.58109309063506,15,345,0,0
112.60934565424238,435,347,0,0
112.61759271989027,13,88,0,0
112.62028085571428,21,19,0,0
112.62946854545513,537,91,0,0
112.76775422132081,52,209,0,0
112.77597052022907,14,362,0,0
112.77688331367698,1897,205,0,0
112.77805183375108,7,153,0,0
112.77986190295192,16,354,0,0
112.79442416429433,17,22,0,0
112.83192144660298,1210,265,1,0
112.86961653854215,13,769,0,0
113.02641971270283,11,305,0,0
113.03619195692859,16,89,0,0
113.11536969473487,17,170,0,0
113.14434801950144,948,574,0,0
113.20726036913334,193,47,0,0
113.20765154396575,46,114,0,0
113.39842934151909,7,194,0,0
113.39915618883653,507,142,0,0
113.40085586001966,9,113,0,0
113.47832904169846,96,766,0,0
113.4859396687531,991,174,0,0
114.05886568667098,11,184,0,0
114.08213086820285,6,317,0,0
114.08430863624537,5,335,0,0
114.10763627434724,322,75,0,0
114.11533354049305,73,210,0,0
114.50022400030745,3180,286,1,0
114.95110934587396,98,602,0,0
115.02729000962458,17,354,0,0
115.03504126327057,122,143,0,0
115.05576920723308,385,226,0,0
115.19884448765987,12,134,0,0
115.20238950179292,10,287,0,0
115.20598395723958,7,93,0,0
115.30254072883027,13,107,0,0
115.37962016214709,26,232,0,0
115.39074106022301,431,131,0,0
115.40108415998978,22,19,0,0
115.40144138204224,1248,588,0,0
115.59013974342221,5,92,0,0
115.6041620003967,10,385,0,0
115.60518251887584,22,200,0,0
115.60704667763291,14,503,0,0
115.61002765157284,1136,245,0,0
116.1474456707324,114,177,0,0
116.21846607450716,34,343,0,0
116.21969971265429,136,572,0,0
116.9514365150401,625,134,0,0
117.2120948847842,25,570,0,0
117.21425545129972,18,249,0,0
117.21434356458181,460,578,0,0
117.33779520341471,1845,275,0,0
117.34320004946028,22,282,0,0
117.3569396563595,6,40,0,0
117.36325533932737,65,102,0,0
117.58720661370846,12,625,0,0
117.93472085637327,86,333,0,0
118.02592386090477,240,306,1,0
118.03927469080628,6,31,0,0
118.06973850096826,1760,159,0,0
118.13224155411743,28,213,0,0
118.13301537061386,57,312,0,0
118.34995416997306,1879,28,0,0
118.35949378168799,26,21,0,0
118.3900324438789,748,24,0,0
118.41390802130361,2530,250,1,0
118.52490300372439,62,45,0,0
118.67872803505065,67,217,0,0
120.18780261321777,16,606,0,0
120.19680865032478,8,351,0,0
120.19981205967248,9,344,0,0
120.22391844441592,19,365,0,0
120.22891724947819,23,205,0,0
120.33277870015253,89,335,0,0
120.33648861145285,34,470,0,0
120.36086410968427,68,4770,0,1
120.48365727107179,50,290,0,0
120.62646616042333,47,158,0,0
120.65484701502633,659,500,0,0
120.9725525053177,7,156,0,0
121.22084772626735,10,303,0,0
121.22148082164266,27,287,0,0
121.260477851985,1585,272,0,0
121.2878120464586,25,329,0,0
121.29833163923752,8,346,0,0
121.30368811785979,139,251,0,0
121.3246563396347,490,183,0,0
121.36634926062581,16,351,0,0
121.39980292189342,16,331,0,0
121.69647443298994,1170,93,1,0
121.8375196121474,53,4450,0,1
121.84348714490906,132,644,0,0
121.84774128468345,7,153,0,0
121.95351601845043,22,420,0,0
121.95833686183862,11,244,0,0
121.98546098855708,396,119,0,0
122.03587137757694,15,353,0,0
122.18858229452182,201,249,0,0
122.24332222231008,20,54,0,0
122.59408623982094,85,361,0,0
122.601877707182,6,76,0,0
122.67653689352967,10,174,0,0
122.68178053812898,118,217,0,0
122.71018566948376,8,150,0,0
122.73525668753835,75,8,0,0
122.73831245908774,11,186,0,0
122.73841958989738,9,194,0,0
122.87097984773708,920,501,0,0
122.91148020689994,142,206,0,0
122.93746037934247,11,258,0,0
122.94228901072808,10,38,0,0
122.95236275482006,402,489,0,0
123.00111185794542,11,179,0,0
123.02152066536212,17,147,0,0
123.22076675248945,105,105,0,0
123.24552740041202,25,587,0,0
123.24931660606684,5,63,0,0
123.31561055620963,176,444,0,0
123.32111574680472,16,8176,0,1
123.35119545249943,1287,255,0,0
123.35171666079445,787,761,0,0
123.36137419792634,127,366,0,0
123.42045337143084,17,473,0,0
123.42570893762768,26,737,0,0
123.4439554942698,42,355,0,0
123.50649796455184,10,23,0,0
123.52845527712957,21,336,0,0
124.20995791809582,152,174,0,0
124.22135563543475,266,387,0,0
124.23470682666827,113,191,0,0
124.24855972015126,47,220,0,0
124.24892609239834,5,150,0,0
124.24981414356583,12,86,0,0
124.30518780067567,7,240,0,0
124.31505564752733,18,211,0,0
124.62153940042647,316,86,0,0
124.63783795590382,9,307,0,0
124.65139628873281,14,276,0,0
124.8004688329228,175,684,0,0
124.8335801318937,243,87,0,0
125.30448457505318,12,229,0,0
125.3067849124207,2682,117,0,0
125.35272911689027,22,62,0,0
125.42699439875246,200,452,1,0
125.48507482080548,4,24,0,0
125.67674715101359,19,286,0,0
125.8272917905452,325,37,0,0
125.84805117989238,45,209,0,0
125.85440752407398,909,22,0,0
125.99303778619523,125,786,0,0
126.0147698153231,14,275,0,0
126.1497647309363,407,326,0,0
126.44911564452485,1988,713,0,0
126.47937628821765,80,691,0,0
126.48274514892564,70,5890,0,1
126.4951173303898,21,253,0,0
126.59543968517646,43,38,0,0
126.60844587680494,1010,356,0,0
126.83064360449755,127,26,0,0
126.85367635730971,6,317,0,0
126.88160477944022,17,1280,0,1
126.8877726997165,15,154,0,0
126.90552616630377,29,42,0,0
127.09905027112227,151,256,0,0
127.10997779191425,5,128,0,0
127.1210734486166,12,284,0,0
127.12560490220537,377,190,0,0
127.22763972970598,92,35,0,0
127.22865658177957,10,62,0,0
127.2343912972689,530,333,0,0
127.3644268887669,1267,516,0,0
127.72492383646151,73,119,0,0
127.73830123090458,1291,456,0,0
127.88101193006094,12,401,0,0
127.88140368167979,434,316,0,0
127.97514275309486,317,305,0,0
128.01201314864738,7,173,0,0
128.0137889939998,2307,345,0,0
128.01437135290593,77,109,0,0
128.0218035084374,181,8,0,0
128.05603614895972,2015,99,0,0
128.09855549922764,13,290,0,0
128.12392404255561,23,19,0,0
128.21883232972814,12,325,0,0
128.3012040167097,102,31,0,0
128.30247850333893,68,769,0,0
128.31188598102858,2897,890,0,1
128.3191540347116,938,270,0,0
128.4764274365023,24,228,0,0
128.48396000555604,288,608,0,0
128.6345325172538,120,354,0,0
128.65873882259828,16,6300,0,1
130.8534085711345,22,514,0,0
130.87166183110585,16,266,0,0
130.89198754679546,7,95,0,0
130.9080952667266,10,130,0,0
130.93511303083724,23,225,0,0
133.5230282691132,11,209,0,0
133.53037080813212,22,1350,0,1
133.53388356983535,20,23,0,0
133.5473861897211,828,478,0,0
133.62410160262507,198,180,0,0
133.62687201415372,888,407,0,0
133.724871988884,68,370,0,0
133.81654825659638,34,341,0,0
133.83083204730633,96,104,0,0
133.84280873874468,98,226,0,0
133.8469028563703,53,178,0,0
133.85832029084455,31,312,0,0
133.86230763309308,14,426,0,0
134.09875965596717,125,187,0,0
134.607266861787,27,4590,0,1
134.6183965243224,130,101,1,0
134.63645575400565,11,288,0,0
134.63689499528707,13,172,0,0
134.64367696539114,263,33,0,0
134.68204610430422,17,276,0,0
134.71560960457407,73,356,0,0
134.74044754646542,20,499,0,0
134.84554102183802,491,246,0,0
134.8687811571499,1681,11,0,0
134.87769221033088,25,48,0,0
135.3518078469805,137,296,0,0
135.3522259851187,1579,748,0,0
135.3541351127708,17,117,0,0
135.3585313817222,4,413,0,0
135.36299095324418,42,117,0,0
135.3670539209216,14,273,0,0
135.3791827388151,12,4030,0,1
135.38374398584827,12,296,0,0
135.40058301532284,144,263,0,0
135.4616600401403,2719,272,0,0
135.48147422444256,67,200,0,0
135.50582148779478,5,233,0,0
135.5087001824475,7,308,0,0
135.5106271597613,23,258,0,0
135.52097704687318,13,117,0,0
135.63832716682043,17,420,0,0
135.67745447900217,27,34,0,0
135.83875595193933,11,296,0,0
135.972395211812,13,114,0,0
136.14537808820947,12,559,0,0
136.14907053974588,23,45,0,0
136.36651478177288,196,2220,0,1
136.44991261974164,844,520,0,0
137.59979353342737,1084,668,0,0
137.65943031265294,148,241,0,0
137.69472643556364,7,153,0,0
137.70899396849674,19,143,0,0
137.73462559898078,44,135,0,0
137.7353147909556,577,2270,0,1
137.7465513905048,279,262,0,0
137.76367949334625,10,1450,0,1
137.89608959940495,18,215,0,0
137.90110125232462,373,11,0,0
137.92515455813233,147,316,0,0
138.62296942198495,72,390,0,0
138.62942400242858,16,111,0,0
138.72817532975046,1361,291,0,0
138.73457801626688,6,298,0,0
138.74973560882611,372,39,0,0
138.7959285679814,13,91,0,0
138.9027626445742,7,183,0,0
138.9097164749238,43,97,0,0
138.91214833410086,36,230,0,0
139.28851918338293,58,766,0,0
139.31533072683976,24,228,0,0
139.40475338515202,2896,430,0,0
139.51805003387946,6,138,0,0
139.6012686358296,39,553,0,0
139.61229774029584,15,44,0,0
139.6264381335115,880,647,1,0
139.6272884988212,1276,251,0,0
139.65374551492707,152,213,0,0
139.66105299369232,180,272,1,0
139.6787543575791,20,367,0,0
140.4289651296226,11,66,0,0
140.50123101578146,660,273,0,0
140.52180022126348,7,261,0,0
140.52305550665992,272,10,0,0
140.6013341199958,8,274,0,0
140.97717239820554,14,108,0,0
140.98081215685914,187,64,0,0
141.02367483997597,7,300,0,0
141.0303387694167,11,271,0,0
141.04406894984388,67,5930,0,1
141.05306690271354,14,118,0,0
141.0538378821644,91,4,0,0
141.06056878957818,79,159,0,0
141.06132634586018,178,102,0,0
141.34542036535493,50,552,0,0
141.48953816488003,20,5300,0,1
141.50968380659737,58,768,0,0
141.54170528337266,27,771,0,0
141.56240894694199,14,120,0,0
141.58974172553374,183,413,0,0
141.61692665944628,14,161,0,0
141.62846494639416,18,3200,0,1
141.64178272758684,121,767,0,0
141.64309529775434,14,291,0,0
141.64567270160148,79,289,0,0
141.6512858566856,341,69,0,0
141.6791045292754,2131,155,0,0
141.68800549238378,39,767,0,0
142.47217131426703,422,386,0,0
142.4849191764089,20,223,0,0
142.4941002461886,43,174,0,0
142.53742514902834,672,4,0,0
142.67746741843993,188,204,0,0
143.3834748799331,1091,159,0,0
143.5092648021009,20,433,0,0
143.51511265463938,625,289,0,0
143.5284266847465,520,198,1,0
143.67483399096508,37,1280,0,1
143.70573699131418,33,233,0,0
143.79537369609693,560,190,1,0
143.81151128397937,1356,174,0,0
144.243894192065,14,504,0,0
144.56385219452605,15,683,0,0
144.7344240100328,30,342,0,0
144.75999640896651,7,199,0,0
144.76079795992212,8,235,0,0
144.76214068167232,7,55,0,0
144.79792983698246,19,262,0,0
144.86599685646772,27,543,0,0
144.86606017499668,46,266,0,0
144.87355817479005,70,214,1,0
145.05433302146272,2690,326,0,0
145.17741222095898,56,122,0,0
145.18460563099458,541,188,0,0
145.25082596000803,19,129,0,0
145.27105585667334,253,120,0,1
145.28350542306165,23,228,0,0
145.45418983606538,8,202,0,0
145.6316796491288,158,28,0,0
145.63854081326136,739,474,0,0
145.64156053527287,26,769,0,0
145.6430484062377,180,4410,1,1
145.64423987288635,150,444,1,0
145.90475315084743,2380,20,0,0
146.65657906125185,17,79,0,0
146.68576922998878,49,37,0,0
146.83698341972075,97,5740,0,1
146.84207185000778,88,338,0,0
146.85900649000243,44,237,0,0
146.9752260263084,25,730,0,0
147.01120056333934,7905,287,1,0
147.029337054546,304,36,0,0
147.03009309623866,8103,89,1,0
147.0312333827674,170,524,1,0
147.03990545723568,32,94,0,0
147.04651431877718,21,247,0,0
147.06337391308045,45,176,0,0
147.06898294823785,45,32,0,0
147.08172292420295,20,164,0,0
147.10365992842955,1009,284,0,0
147.1569044991775,1370,88,1,0
147.17904531593038,38,617,0,0
147.18572309218433,8,70,0,0
147.1970320972092,74,148,0,0
147.31048828362373,220,126,0,0
147.32348494765702,43,83,0,0
147.32643165799732,14,227,0,0
147.3291520175605,421,495,0,0
147.3627736384736,124,235,0,0
147.42029963177256,71,501,0,0
147.62997216179028,8,203,0,0
147.64028662667386,142,23,0,0
147.92172864745058,1680,10,0,0
147.931514066339,299,401,0,0
147.9437397448558,2151,1940,0,1
147.95009517766889,65,44,0,0
148.00335365877692,9,187,0,0
148.15075389274074,3316,27,0,0
148.1689797820774,150,337,1,0
148.17619167541454,18,311,0,0
148.177140049488,15,93,0,0
148.20260010885445,29,367,0,0
148.21237806905037,1741,559,0,0
148.22524672481086,39,3020,0,1
148.2308191681476,235,277,0,0
148.23428065578915,13,15,0,0
148.2425089900857,42,111,0,0
148.28774768856772,428,760,0,0
148.40951960884192,30,589,0,0
148.42797619617605,203,118,0,0
148.46331443569457,240,260,0,0
148.47615707644104,130,142,0,0
148.49093586887994,10,115,0,0
148.49225721686807,63,102,0,0
148.59671842817465,122,543,0,0
148.6565404355331,13,249,0,0
148.9744333872416,14,207,0,0
148.9801520685874,1700,165,0,0
149.00425075793373,7,300,0,0
149.00738053541068,159,470,0,0
149.0373676971169,26,3010,0,1
149.05217171640368,12,296,0,0
149.12202165009796,103,350,0,0
149.13620469440303,19,240,0,0
149.20175509478446,7,120,0,0
149.20902363488517,7,393,0,0
149.2687133435795,19,216,0,0
149.27919449243635,22,107,0,0
149.2872711721143,950,66,0,0
149.30962672035773,192,237,0,0
149.348133594168,8,26,0,0
149.34935999742456,26,179,0,0
149.35035849619632,36,690,0,0
149.37758595473255,20,717,0,0
149.3945085184956,7,769,0,0
149.39487597740475,9,386,0,0
149.39557238457564,43,661,0,0
149.39984075473484,13,118,0,0
149.43499188149403,11,290,0,0
149.4630894866266,11,325,0,0
149.59637761283284,1860,238,0,0
149.77973196716192,16,78,0,0
151.6482807954127,16,101,0,0
151.64944046189453,48,540,0,0
151.66699446476278,22,68,0,0
151.81649342721522,229,132,0,0
151.81815858271045,1450,16,0,0
151.8193941996381,1083,459,0,0
151.8472345252577,513,110,0,0
152.00612719448102,1085,375,0,0
152.22188634390753,1130,240,1,0
152.22249118883227,69,661,0,0
152.22429377617158,17,483,0,0
152.2400641921225,20,397,0,0
152.2468803456012,10,220,0,0
152.2824597080173,7,30,0,0
152.30714883569982,372,562,0,0
152.8881044197875,1535,233,0,0
152.90498168306686,33,48,0,0
152.93217028236467,219,563,0,0
152.95429682863434,17,397,0,0
153.11768686478788,174,279,0,0
153.11989842569244,19,311,0,0
153.16036462718006,10,27,0,0
153.1646427470635,43,3410,0,1
153.1658668171153,199,113,0,0
153.35556341904947,822,768,0,0
153.4089852287986,3042,103,0,0
153.7001207188745,1005,178,0,0
153.73188629757874,7,192,0,0
153.80040268107956,11,355,0,0
153.82572278193095,9,299,0,0
153.88465270598294,100,447,0,0
153.89342004647332,6,48,0,0
154.43584910388648,11,326,0,0
154.4393480375725,17,259,0,0
154.98630663202835,764,677,0,0
154.99971233664914,4,36,0,0
155.10718173180825,18,79,0,0
155.13308739836899,75,470,0,0
155.18043060447712,737,109,0,0
155.5421661012656,11,160,0,0
155.5684861010189,13,19,0,0
155.5716539766277,10,347,0,0
155.60354913329593,10,303,0,0
155.6745510359809,70,227,0,0
155.67471724710242,14,49,0,0
155.80953073268702,18,151,0,0
155.97855897835765,13,360,0,0
155.97919109289882,334,71,0,0
155.9940281768731,11,392,0,0
156.09405089619338,24,404,0,0
156.09613493961098,36,137,0,0
156.1049393880252,311,234,0,0
156.11525695583205,440,661,1,0
156.1752225492293,8,305,0,0
156.35291945293585,24,187,0,0
156.37181170350448,17,304,0,0
156.39453950461865,15,206,0,0
156.5181010817537,8,107,0,0
156.57628299680783,7,421,0,0
156.5924820700595,15,219,0,0
156.86560985305192,38,227,0,0
156.86685875781077,25,247,0,0
156.89388972097166,58,756,0,0
156.90266591599843,313,271,0,0
156.91011324794897,26,186,0,0
156.9396478150363,33,163,0,0
156.96123158384546,23,260,0,1
159.4677696813644,359,331,0,0
159.53869142751373,960,302,0,0
159.57860724961927,873,289,0,0
160.092560938468,7,126,0,0
160.23973248693395,20,173,0,0
160.24024436062783,21,2410,0,1
160.26561903971756,36,616,0,0
160.35181115927426,1199,405,0,0
160.35786788114453,37,219,0,0
160.39347747614258,20,529,0,0
160.40155969171974,216,99,0,0
160.44303696200353,6,24,0,0
160.4438376471534,10,95,0,0
160.44426265422902,4,178,0,0
160.45093645211912,27,5020,0,1
160.48158837241215,50,710,0,0
160.75178005948308,65,443,0,0
160.76311725434513,100,143,1,0
160.76758390941885,517,257,0,0
160.8863193311248,81,103,0,0
160.9071923470018,19,687,0,0
161.58827847736265,42,937,0,0
161.60458188319436,8,235,0,0
161.6049982523417,7,109,0,0
161.60901497498907,45,212,0,0
161.61196741314015,27,738,0,0
161.61320483047973,3543,78,0,0
161.61737465885707,9,193,0,0
161.62230500841085,15,4320,0,1
161.63323845915454,13,201,0,0
161.63972367304993,36,316,0,0
161.6824973715069,40,102,0,0
161.72564594585228,204,550,0,0
161.75268309716287,510,120,0,0
161.78082536637098,73,214,0,0
161.78128577914057,112,39,0,0
161.7819903498454,27,283,0,0
161.78532828121797,42,234,0,0
161.81671300165902,4,358,0,0
161.81776396523557,13,543,0,0
161.82601266087372,14,123,0,0
161.85696041629217,21,308,0,0
162.8163214330269,42,278,0,0
162.84802374472653,417,1640,0,1
162.8545838067718,15,252,0,0
163.01822140315497,10,282,0,0
163.0464837609503,2714,289,0,0
163.05688025473603,9,756,0,0
163.22632329235745,5,214,0,0
163.2293621298671,13,273,0,0
163.25657581711587,75,259,0,0
163.27834188378503,854,606,0,0
163.38909944791817,2928,175,0,0
163.39100434101633,10,81,0,0
163.39241925696234,69,606,0,0
163.4008860327519,6,84,0,0
163.41147771508918,26,247,0,0
163.43124645870657,617,230,0,0
163.43987702627362,21,492,0,0
163.48244351852048,786,493,0,0
163.55339838787512,266,597,0,0
163.58148418281482,12,29,0,0
163.58370964676593,101,473,0,0
163.7605430346908,8,102,0,0
163.7613991879548,16,172,0,0
163.77328025182177,43,375,0,0
163.87762085182953,638,29,0,0
163.88286157822685,261,201,0,0
164.11381993517318,10,16,0,0
164.90570593717214,6,89,0,0
165.31043870087848,16,379,0,0
165.35249792711127,11,2480,0,1
165.47682056073182,17,392,0,0
165.48321911947596,99,278,0,0
165.52245098622586,35,767,0,0
165.5662261597832,27,45,0,0
165.58755054453704,6,121,0,0
165.6116369343461,105,214,0,0
165.62337170378342,14,284,0,0
165.6237312711166,7,182,0,0
165.66294944523258,1620,27,0,0
165.69597477111722,31,286,0,0
166.74065189172984,880,623,1,0
166.81349322385284,191,271,0,0
166.83376173299007,4,302,0,0
166.93442738854458,16,461,0,0
166.99553537792508,9,32,0,0
167.01268088013973,19,255,0,0
167.02099663111034,13,118,0,0
167.0219544027148,11,342,0,0
167.04459306844026,13,279,0,0
167.49390104511852,20,577,0,0
167.4943351556827,15,287,0,0
167.49701448248496,12,308,0,0
167.57680538190505,20,77,0,0
167.60285625246664,575,650,0,0
167.64377581651826,7,10,0,0
167.6442150627096,147,645,0,0
167.6497091446871,11,142,0,0
167.69822699563917,6044,71,0,0
167.75554700891033,95,74,0,0
167.78750675685285,660,769,0,0
167.79057370572332,6,23,0,0
167.84255674582147,263,33,0,0
167.8442041799465,5220,233,1,0
167.84693546861433,35,34,0,0
167.84868158605485,81,61,0,0
168.1612410396527,1517,43,0,0
168.16904043604922,1160,479,1,0
168.1888241792188,73,2850,0,1
168.18904641959085,13,230,0,0
168.345923372838,625,134,0,0
168.39050066085602,105,1270,0,1
168.39115561247849,593,429,0,0
168.39187684618565,1329,370,0,0
168.8742403488845,88,222,0,0
168.8769328202113,192,7300,0,1
169.56986430100827,11,2240,0,1
169.5768025469088,160,82,1,0
169.57692762460098,53,462,0,0
169.7376269431821,14,200,0,0
169.78565688521851,9,213,0,0
169.8543186913466,409,266,0,0
169.86071060837745,371,290,0,0
169.87220881707418,318,224,0,0
169.99097384666976,9,407,0,0
169.99438449062168,97,288,0,0
169.99473177695396,4,90,0,1
170.1022376621575,10,460,0,0
170.10733315978536,12,22,0,0
170.33066730656626,28,2760,0,1
170.3373638585495,87,550,0,1
170.34483721754106,87,135,0,0
170.3554345585837,29,213,0,0
170.35559341120054,83,103,0,0
170.5387117118233,1105,767,0,0
170.543696324033,10,305,0,0
170.55553541166734,26,620,0,0
170.8812862595203,14,191,0,0
170.90332453913697,40,275,0,0
171.00801414966313,124,113,0,0
171.04225222358906,11,79,0,0
171.12421541794765,25,177,0,0
171.15470674073978,1435,131,0,0
171.33069887403056,28,184,0,0
171.34222451903113,11,257,0,0
171.38629897118582,44,235,0,0
171.39056212416747,80,56,0,0
171.57840389174885,18,21,0,0
171.5786282183506,170,65,1,0
171.60412013316164,18,24,0,0
171.64030583899222,186,461,0,0
171.67515175536562,12,141,0,0
171.692496167456,10,270,0,0
171.9484411525514,322,288,0,0
173.15522021779867,41,88,0,0
173.16057537797317,85,74,0,0
173.1609631556179,11,73,0,0
173.1629658518908,6,191,0,0
173.16643561630804,17,426,0,0
173.17985429555827,5,65,0,0
173.1956159219117,54,3560,0,1
173.3476011087743,978,89,0,0
173.35509618002058,27,377,0,0
173.37143581085078,29,160,0,0
173.39334966588484,97,67,0,0
173.3963885558824,18,117,0,0
173.40570873268618,61,119,0,0
177.7561596953778,15,85,0,0
177.7707825663928,12,59,0,0
177.77334822666288,69,606,0,0
177.7735741543044,5,780,0,1
177.9134982385231,8,756,0,0
177.92272024265074,86,760,0,0
177.92766311021225,9,47,0,0
180.25979739759595,39,340,0,0
180.56758418852596,221,168,0,0
180.56815665090312,13,202,0,0
180.5769149930104,11,246,0,0
180.7060062732371,7,251,0,0
180.79916975731626,90,186,0,0
180.80106368443793,6,431,0,0
181.41325258442126,1017,642,0,0
182.12268594139613,18,5160,0,1
182.1245963585889,87,183,0,0
182.1251091901524,22,202,0,0
182.12619407608258,8,328,0,0
182.192509060184,598,731,0,0
182.34350058556626,6,6,0,0
182.36872182213983,27,170,0,0
182.37401766774335,50,341,0,0
182.38846558262142,312,190,0,0
182.44216284255265,54,397,0,0
182.4436962595481,480,507,1,0
182.44427853058443,2483,85,0,0
182.45888733101182,33,239,0,0
182.66316264353355,150,288,1,0
182.68850644356195,4140,453,1,0
182.71399210847414,10,307,0,0
182.71847544872253,15,374,0,0
182.82714879198886,24,311,0,0
182.8277157046217,15,365,0,0
182.84283530251008,11,368,0,0
182.84808512862497,21,46,0,0
182.86070791050582,38,401,0,0
182.8633950324113,12,105,0,0
182.9399571556325,40,268,0,0
182.95459710096213,16,469,0,0
182.95977251652204,7,203,0,0
183.00694296622024,19,476,0,0
183.0222706809814,18,167,0,0
183.0282759732361,50,196,0,0
183.03348199518535,38,227,0,0
183.1137458008751,25,289,0,0
183.1163288497094,8,102,0,0
183.12714966797745,750,99,1,0
183.1370037552479,800,322,1,0
183.16852000488566,11,67,0,0
183.1799465009935,7,93,0,0
184.4354942483591,201,122,0,0
184.4360050079906,154,140,0,0
184.49090304908268,90,474,0,0
184.5066219237192,25,213,0,0
184.6605938042557,8,39,0,0
184.66124419535578,94,165,0,0
184.85207254901752,57,767,0,0
184.85312594948516,1739,14,0,0
184.9196903613846,18,378,0,0
184.96616065663684,7,190,0,0
184.98392496862812,491,28,0,0
184.98774722953826,1960,337,1,0
184.99100770828855,67,471,0,0
185.01129674531043,90,280,1,0
185.0150097038848,14,740,0,0
185.01534663360144,460,477,0,0
185.015795384763,7,308,0,0
185.09841304536252,14,216,0,0
185.18523448734473,25,629,0,0
185.23224152745215,139,150,0,1
185.2507341229711,23,49,0,0
185.2868008677162,65,17,0,0
185.33227345892647,85,272,0,0
185.36028466517914,15,191,0,0
185.3637672986744,3154,769,0,0
185.36769141232776,24,177,0,0
185.36939304988363,16,100,0,0
185.39250224760596,19,195,0,0
185.39485610448938,1326,96,0,0
185.40731495230642,332,607,0,0
185.64526113476478,75,2094,0,0
185.6533567230987,60,158,1,0
185.77344829811983,7,136,0,0
186.1634478591155,38,78,0,0
186.1638973845771,60,199,0,0
186.16488037547094,26,167,0,0
186.20958196051677,21,620,0,0
186.2137930998933,726,58,0,0
186.2645884671031,571,72,0,0
186.3364403338681,87,16,0,0
186.34270406361625,93,83,0,0
186.43431374948574,13,74,0,0
187.00947202835707,714,187,0,0
187.128792888162,5460,364,1,0
187.131864850402,33,350,0,0
187.14510973027717,133,483,0,0
187.15118148843086,93,344,0,0
187.56092730798125,250,317,0,0
187.57305684880322,114,767,0,0
187.5775565368262,36,293,0,0
187.59724820959494,80,235,1,0
187.6475373639437,3075,150,0,0
187.6560384138359,22,76,0,0
187.67839158262723,28,277,0,0
187.69652643869648,22,327,0,0
187.77604699982422,307,502,0,0
187.90361532493316,43,25,0,0
187.9351858097167,26,70,0,0
187.94237182202386,32,297,0,0
187.9836678175278,333,302,0,0
187.9867563400379,15,101,0,0
188.14471723589827,78,194,0,0
188.1818160228442,7,92,0,0
188.21201291201527,328,173,0,0
188.21215838800893,33,246,0,0
190.33651479383627,401,33,0,0
190.67863795927326,179,252,0,0
190.91605092773312,29,169,0,0
190.94026589676892,79,501,0,0
191.01254549590413,13,345,0,0
196.75368631694872,507,4,0,0
196.75854555359592,13,166,0,0
196.84372229021858,11,176,0,0
196.90788625042805,1160,172,0,0
196.93356842510352,19,169,0,0
196.9730479264557,5,1960,0,1
196.975806380729,40,323,0,0
197.04775343673046,213,330,0,0
197.04919611169106,10,319,0,0
197.82755324164228,216,128,0,0
197.92675173086246,15,365,0,0
197.93041866168173,468,111,0,0
197.93072599321658,25,676,0,0
197.9557473752446,648,433,0,0
198.01194869175924,14,35,0,0
198.0147421594125,10,34,0,0
198.60222637128308,22,226,0,0
198.63777706625746,49,70,0,0
198.64597188929636,16,767,0,0
198.64724611505443,16,2750,0,1
198.6636602603023,11,297,0,0
198.6777303716332,8005,187,1,0
198.75482091663739,64,297,0,0
198.92629374366345,87,767,0,0
198.9486900909345,33,255,0,0
199.0017106568618,11,248,0,0
199.36637536037045,95,763,0,0
199.4390795613661,2202,280,0,0
199.4516927269841,10,218,0,0
199.52461939451297,20,790,0,1
199.53206843673752,6,181,0,0
199.5842872946411,15,638,0,0
199.60770665932412,102,69,0,0
199.61005866668353,108,1100,0,1
199.6807916113545,7,138,0,0
199.7058024253863,1002,87,0,0
199.7971047323346,7,99,0,0
199.7985900410473,75,99,0,0
199.99207581228788,12,441,0,0
200.20278444315676,26,621,0,0
200.21321286840194,91,3070,0,1
200.2304652894814,41,155,0,0
200.2535210364945,318,221,0,0
200.2735605087636,102,6700,0,1
200.38434838806407,69,463,0,0
200.3893348064287,44,248,0,0
200.3914120767215,348,374,0,0
200.4041021415154,960,244,1,0
201.3189844932252,5,30,0,0
201.32835563162652,82,59,0,0
201.33110616520915,17,276,0,0
201.33432210141024,95,22,0,0
201.36239233872672,28,381,0,0
201.57284057794277,43,475,0,0
201.57741447698916,23,124,0,0
201.60556426476919,19,272,0,0
201.63594527571902,11,84,0,0
201.68608174203,68,308,0,0
201.71241312375597,8,15,0,0
201.87337861075065,11,379,0,0
201.95104031596614,62,197,0,0
201.9567729392144,7,100,0,0
204.46503418075125,16,84,0,0
204.46631710332704,15,432,0,0
204.46771970960324,11,1450,0,1
204.62278605257788,10,227,0,0
204.65114330373294,10,46,0,0
204.66302469542808,66,13,0,0
204.692156775698,126,496,0,0
204.76900412786594,7,483,0,0
204.77735005098106,40,117,0,0
204.78280319126912,993,37,0,0
204.7851847213488,368,285,0,0
204.78863929625473,82,565,0,0
204.79253897799518,2264,561,0,0
204.98321036174644,64,474,0,0
205.01686210199915,14,400,0,0
205.0739256893987,890,8,1,0
205.08015160966045,1389,243,0,0
205.23631180326447,44,406,0,0
205.2371564246615,9,150,0,0
205.28657130147081,60,565,0,0
205.36325929058697,106,30,0,0
205.36925107782517,179,85,0,0
205.3716981253406,38,212,0,0
205.42554623176517,19,68,0,0
205.43013742983442,279,52,0,0
205.43330289942978,140,91,0,0
205.4514206025126,22,215,0,0
205.4534372151993,10,281,0,0
205.46780392442872,49,206,0,0
206.55466830045307,14,350,0,0
206.5625378487866,203,342,0,0
206.67840615658304,495,128,0,0
206.6807004355324,16,313,0,0
206.7029765555632,114,287,0,0
206.71393275394385,20,223,0,0
206.72741777480493,3323,260,0,1
206.81299028301464,62,85,0,0
208.19669522628635,3087,86,0,0
208.21128385146721,41,236,0,0
208.46654015915175,160,470,0,0
208.50439214325604,5,102,0,0
208.58632030611932,17,26,0,0
208.59367588007814,8,111,0,0
208.5982407952366,36,329,0,0
208.61079070412794,173,253,0,0
208.61478764317016,10,377,0,0
208.63316463804267,9,278,0,0
208.63543009798505,7,325,0,0
208.65432975215464,95,269,0,0
208.6809619435086,73,766,0,0
209.38769677102687,148,323,0,0
209.97576760776383,30,592,0,0
210.02767636542234,96,104,0,0
210.0345346577794,16,149,0,0
210.0977435660493,22,217,0,0
210.1937627278049,230,767,0,0
210.206435955986,9,56,0,0
210.2098712742521,14,182,0,0
210.21039347620913,15,210,0,0
210.22776534404593,52,39,0,0
211.1045015405863,8,116,0,0
211.11692373979352,97,19,0,0
211.1575422996203,46,246,0,0
211.19656743230502,80,531,1,0
211.24612372078994,23,741,0,0
211.33452917055084,1270,379,1,0
211.33487064244034,34,303,0,0
211.3488186125634,48,767,0,0
211.38888458746763,520,216,1,0
211.40466471445376,20,180,0,1
211.61958549997632,25,149,0,0
211.6285810614904,128,247,0,0
211.74849219624576,56,31,0,0
212.39846794612473,9,119,0,0
212.4099643632969,16,233,0,0
212.4302187548761,14,57,0,0
212.44089723744978,7,766,0,0
212.52982004562875,12,155,0,0
212.53008634495933,116,161,0,0
212.531118677689,1117,385,0,0
212.54184493860055,19,557,0,0
212.65265427005784,8,152,0,0
212.71598855210559,13,314,0,0
212.7197664615827,28,267,0,0
213.20390676695087,2721,504,0,0
213.22830605331384,142,292,0,0
213.23390589194227,38,393,0,0
213.29059719559115,13,150,0,0
213.55774563970883,1060,266,1,0
213.5749245468066,127,294,0,0
213.5758671309806,12,303,0,0
213.5824024401677,13,130,0,0
213.60618407180723,275,37,0,0
213.7358862467194,22,338,0,0
213.7385419167532,30,768,0,0
213.77200496063114,5,292,0,0
213.77385266649495,13,1640,0,1
213.79694410702854,129,339,0,0
213.79832010079858,73,357,0,0
213.8061645634627,32,225,0,0
213.80710419891363,20,170,0,0
213.80989680370453,9,36,0,0
213.81071812121348,49,88,0,0
213.81110319820138,84,769,0,0
214.04171405961662,27,294,0,0
214.25239181520615,5740,193,1,0
214.30448168285434,48,505,0,0
214.3142474821783,13,399,0,0
214.69322703450905,111,483,0,0
214.70462308921617,17,450,0,0
214.75175250457636,35,315,0,0
214.94725543646632,66,507,0,0
214.97878360316886,500,56,0,0
215.36892538463354,74,276,0,0
215.38409985858556,11,186,0,0
215.39902694801654,12,5910,0,1
215.4255062888126,578,571,0,0
215.4275220162569,153,202,0,0
215.4298935249287,183,494,0,0
215.5266251043136,370,91,1,0
215.52726895046507,12,337,0,0
215.72423240510113,28,99,0,0
215.75978381399244,21,148,0,0
215.980469752762,16,560,0,0
216.07561959020236,10,74,0,0
216.14426168436896,34,231,0,0
216.82223783380323,186,282,0,0
216.84004522404658,19,535,0,0
216.85690690764153,14,243,0,0
217.05567588342475,13,77,0,0
217.06121522638583,86,90,0,0
217.26269399295663,11,326,0,0
217.3453864455103,534,102,0,0
217.35299201595882,20,14,0,0
217.3546110707702,17,122,0,0
217.35497197623573,68,456,0,0
218.23945599082387,896,6560,0,1
218.24049897898755,117,300,0,1
218.24233980660608,1219,113,0,0
218.3588216738348,50,224,1,0
218.4118409328443,101,436,0,0
218.44308672820736,30,510,0,0
218.46725522579882,9,194,0,0
218.47593887030214,9,235,0,0
218.4791398645153,8,233,0,0
218.4837231240177,15,220,0,0
218.55032101305576,8,348,0,0
218.7244461729934,34,52,0,0
218.93939362563893,25,279,0,0
218.95796545380136,44,7,0,0
218.95818697194366,15,376,0,0
219.01344992528558,52,66,0,0
219.02824234030274,58,232,0,0
219.0283340487461,24,35,0,0
219.34828968234996,1407,152,0,0
219.3793915258802,60,49,0,0
219.39731555879956,36,560,0,1
219.42703021752246,227,501,0,0
219.45255845780156,542,618,0,0
219.4849398260401,11,258,0,0
219.51033746654508,12,220,0,1
219.53150065653034,95,30,0,0
219.59518720582608,1733,256,0,0
219.63593249699883,334,449,0,0
222.2118455258456,412,272,0,0
222.23898984218343,15,196,0,0
222.2463668934075,30,605,0,0
222.25258774864852,324,91,0,0
222.29749101340298,23,19,0,0
222.32415002815688,54,15,0,0
222.35851436013144,1395,43,0,0
222.37257008339174,1314,33,0,0
222.38719844387472,105,413,0,0
222.48277537078073,253,673,0,0
222.8075749579618,14,514,0,0
222.8497862874864,80,314,1,0
222.8668418667695,9,146,0,0
222.86890394577858,6510,16,1,0
222.87096168782273,7,39,0,0
222.8939232161038,62,317,0,0
222.90663007548514,113,363,0,0
222.92364100174612,2094,43,0,0
222.9258630359629,23,217,0,0
222.94178623007306,4,118,0,0
222.94219539516524,106,224,0,0
222.94404175958863,22,257,0,0
222.9481314413797,12,165,0,0
223.0129410732891,120,441,1,0
223.01875565453886,2889,471,0,0
223.02171561077472,425,262,0,0
223.05527368495964,43,320,0,0
223.07117827319746,14,265,0,0
223.19372815315612,11,337,0,0
223.23036075235314,19,3320,0,1
223.25956889383298,10,110,0,0
223.27250749138017,10,246,0,0
223.3433409710564,61,157,0,0
223.3476507212046,410,4990,0,1
223.34852153884793,23,416,0,0
223.46187814094083,214,90,0,0
223.46899708112426,67,123,0,0
223.48916828644192,399,418,0,0
223.5531533188984,48,146,0,0
223.6935753798124,9,344,0,0
223.69362966510522,16,393,0,0
223.69585323787834,13,249,0,0
223.90865307074958,27,199,0,0
223.909248672238,194,767,0,0
223.95602514226775,7,270,0,0
223.96476112837684,947,405,0,0
223.96779139789,22,41,0,0
223.98167322855028,22,476,0,0
223.98227965654561,12,290,0,0
224.02291523072276,21,148,0,0
224.21269512697484,19,79,0,0
224.21372343394134,17,17,0,0
224.21841341141788,9,624,0,0
224.41783222265178,74,562,0,0
224.4555194582855,17,91,0,0
224.46488459644752,12,132,0,0
224.78325706335966,133,410,0,0
224.78387498746284,133,218,0,0
224.7941617209135,7,270,0,0
224.81572646961976,8,137,0,0
224.82516150744266,16,237,0,0
224.91364491254146,372,562,0,0
224.9142665207704,7,66,0,0
224.93389016905627,23,214,0,0
224.9375691506583,43,171,0,0
225.13596349074618,622,41,0,0
225.28174907804575,7,24,0,0
225.28574269249506,4,48,0,0
225.28769866644657,165,118,0,0
225.303946736741,40,320,0,1
225.30711723562652,9,345,0,0
225.3127879823053,75,186,0,0
225.3548970303691,53,165,0,0
225.3619662293044,11,159,0,0
226.0409850730121,201,240,0,0
226.06131091564924,49,151,0,0
226.06753361511778,59,54,0,0
226.06941600335242,20,59,0,0
226.07565306816576,53,56,0,0
226.2391745570565,1011,750,0,0
226.29251007883553,63,533,0,0
226.60465145102822,180,284,1,0
226.8507063822195,2050,391,1,0
226.9047729660717,26,501,0,0
226.90914891122455,1359,105,0,0
226.92223898378327,23,431,0,0
226.94255701003885,42,279,0,0
226.94319766871754,231,276,0,0
226.97753255067812,24,478,0,0
226.97973413470913,10,116,0,0
226.99463101224106,241,148,0,0
227.0009165650118,50,6,0,0
227.05775199128078,9,236,0,0
230.55279381923103,16,425,0,0
230.55440833467063,387,501,0,0
230.5714980886237,1572,255,0,0
231.65156437239852,39,425,0,0
231.65432790706492,625,257,0,0
231.6656411674909,8111,81,1,0
231.68001659666476,1485,255,0,0
231.7133374891206,45,32,0,0
231.71403079551467,10,279,0,0
231.7471073827738,86,3290,0,1
231.80743455981136,13,611,0,0
234.79167625840512,75,129,0,0
234.80704602953114,15,292,0,0
234.81269417823376,25,327,0,0
234.83620186631987,402,395,0,0
234.8362967211031,10,3100,0,1
234.87184436135573,145,40,0,0
235.2848352765026,434,650,0,0
235.3017239666257,14,238,0,0
235.31858224841736,32,410,0,0
235.32968947427818,34,84,0,0
235.35364799049836,47,308,0,0
235.3551418753702,212,309,0,0
235.76066032260897,9,225,0,0
235.76791009327061,90,186,0,0
235.77524641424378,369,423,0,0
236.28620977198386,11,332,0,0
236.30542338012233,180,150,1,0
236.3133589528482,207,170,0,0
236.82325996115608,12,198,0,0
236.8501443228791,47,477,0,0
236.97370676064523,9,181,0,0
236.97968192619558,188,315,0,0
236.98022196933286,7,164,0,0
237.00701867041758,17,135,0,0
237.34157406372736,13,21,0,0
237.3490675040827,114,287,0,0
237.38848544015002,77,396,0,0
237.4696667773879,18,428,0,0
237.50198620477843,20,453,0,0
237.52404085190082,28,243,0,0
237.61437002494685,106,5520,0,1
237.64377110011966,7,271,0,0
237.65034177861867,87,440,0,0
237.8108659709362,185,790,0,1
237.90775679305924,13,62,0,0
237.94893632129126,16,245,0,0
238.03136532136514,21,740,0,0
238.03146211955428,22,285,0,0
238.0647287690448,65,479,0,0
238.0857977466066,7,960,0,1
238.0861557132603,17,112,0,0
239.3430733462191,95,63,0,0
239.38252187945784,760,33,0,0
239.39059391260864,7,115,0,0
239.399756408196,32,294,0,0
239.43316609139302,1077,615,0,0
239.45211759048777,11,255,0,0
239.45288774044914,10,160,0,0
239.46166358397434,65,770,0,0
239.50988121779096,196,337,0,0
239.5773876443787,112,390,0,1
239.6895451960883,1315,767,0,0
239.69188172393774,7,102,0,0
239.6974255207057,24,191,0,0
239.7392274574202,2794,245,0,0
239.74506599582628,23,286,0,0
239.77566686422472,40,364,0,0
239.7794191408531,21,402,0,0
239.84443709861108,7,66,0,0
239.8671771224032,772,278,0,0
239.93211532676304,540,695,1,0
239.95388463970144,277,6950,0,1
239.9580756284768,138,364,0,0
239.95983314713894,11,85,0,0
239.98223889226747,392,270,0,0
239.98825977252073,158,305,0,0
239.98929683261792,31,3570,0,1
239.99615614294075,18,119,0,0
240.09772663526243,84,273,0,0
240.3477789787355,23,263,0,0
240.44425821859738,19,51,0,0
240.76627496377174,12,101,0,0
240.77625038347165,247,171,0,0
240.79184929238943,111,449,0,0
240.7949653743695,10,568,0,0
240.79943688022283,37,437,0,0
241.3399982921386,30,320,0,0
241.39097235028703,10,72,0,0
241.4695851235742,185,329,0,0
245.50142570737566,977,68,0,0
246.53312948551036,154,20,0,0
246.53690549285005,11,154,0,0
246.69091573959915,53,129,0,0
246.69563316086638,25,408,0,0
246.85332595801242,8,420,0,0
246.85381883595394,30,68,0,0
246.85708852127112,200,236,1,0
246.86050965440091,5,360,0,0
248.08051648548113,14,359,0,0
248.08112351848715,14,134,0,0
248.28368629620357,612,531,0,0
248.47271468546623,53,32,0,0
248.5002458814818,21,221,0,0
248.61627726046555,300,308,0,0
252.53547809604066,863,101,0,0
252.57161673450707,1197,237,0,0
252.58405770521026,18,70,0,0
252.9164857151245,14,176,0,0
253.0217451331963,63,767,0,0
253.02388012541786,10,300,0,0
253.05556428851685,30,3300,0,1
253.09405311526336,23,174,0,0
253.09620864424008,20,261,0,0
253.0993825737934,6,290,0,0
253.10506282709707,102,459,0,0
253.10696224661405,13,487,0,0
253.16807340201188,13,321,0,0
253.2075653975352,6,153,0,0
253.2078061402398,1334,378,0,0
253.216911779485,20,91,0,0
253.24609525584358,25,47,0,0
253.2474772598896,110,267,1,0
253.25952890335282,152,773,0,0
253.29752802895774,851,569,0,0
253.29820161363278,5,284,0,0
253.3094624520401,12,81,0,0
253.30963517527496,51,79,0,0
253.4039864966409,42,5,0,0
253.40862896333672,35,112,0,0
253.40970820230538,29,40,0,1
253.4101881179423,27,771,0,0
253.41089676383993,32,231,0,0
253.67743580022915,402,489,0,0
253.68101269635386,17,74,0,0
253.6871559492807,745,2730,0,1
253.6958895857532,12,248,0,0
253.69679750747432,250,62,1,0
253.78690228262468,10,224,0,0
253.78702037375672,1046,264,0,0
253.90292411120996,27,384,0,0
253.90696907919784,228,3350,0,1
253.92740683192017,31,12,0,0
253.96138156039166,92,269,0,0
254.0631201431202,53,451,0,0
254.06461564727522,1170,124,0,0
254.12844689531985,757,168,0,0
254.14502001865642,14,164,0,0
254.15839526284662,17,225,0,0
254.16872215700076,9,309,0,0
254.34524514010687,207,276,0,0
254.39277705372663,2065,98,0,0
254.63440889197355,10,115,0,0
254.75165263509058,12,3180,0,1
254.75197713922242,55,65,0,0
254.76670001354609,630,240,0,1
254.90743441043708,25,527,0,0
254.91032451496204,6,304,0,0
254.91091556956482,6,505,0,0
254.9110850573707,18,477,0,0
255.93600808424134,1127,644,0,0
255.93874852456062,8,113,0,0
255.96405759190202,23,439,0,0
255.96605835656572,39,309,0,0
256.00837410316024,17,84,0,0
256.52859367100973,10,494,0,0
256.52952132434535,71,505,0,0
256.5451660282167,23,256,0,0
256.5489086903945,543,699,0,0
256.54929501430826,11,517,0,0
256.5521721950872,13,110,0,0
256.57104185314927,180,8,0,0
256.79263018277203,81,729,0,0
257.035498263385,366,319,0,0
257.0527952577709,8123,69,1,0
257.05340507227476,306,181,0,0
257.12257207996146,14,222,0,0
257.1403107006131,83,475,0,0
257.1576629448808,104,364,0,0
257.1593912006,188,81,0,0
257.17242570159004,9,228,0,0
258.1674290345265,44,604,0,0
258.54589712350906,10,149,0,0
258.7895284788212,10,321,0,0
258.86027541805055,237,767,0,0
258.8682810332217,10,361,0,0
258.88639451564694,1393,155,0,0
258.91097540146814,14,14,0,0
258.95106667768715,24,329,0,0
258.9599161857459,14,59,0,0
258.9629978870479,141,307,0,0
259.14106027751205,617,442,0,0
259.1494968191548,7,340,0,0
259.2507435820808,735,768,0,0
259.2634121352021,73,24,0,0
259.33592226055225,74,319,0,0
259.38790719445853,39,268,0,0
259.4704372638931,60,285,0,0
259.5446453485426,408,4300,0,1
259.54726106882873,90,86,1,0
259.54839363164984,47,513,0,0
259.5649266784567,97,26,0,0
260.09953909620367,273,767,0,0
260.1028526449739,5,398,0,0
260.10557753098254,216,112,0,0
262.0132620847543,14,52,0,0
262.0140326919722,144,627,0,0
262.0196705739659,24,216,0,0
262.02753902285576,35,609,0,0
262.0320755280892,10,90,0,0
262.0369252605098,5,209,0,0
262.2010352406197,2448,240,0,0
262.228635403897,139,444,0,0
262.25491108884484,605,708,0,0
262.2555261931473,7,376,0,0
262.3473256796661,3057,185,0,0
262.3726847475064,6480,433,1,0
262.39737149738215,597,188,0,0
262.49499427729756,1369,100,0,0
262.5293703155907,7,92,0,0
262.54648102177384,90,481,1,0
262.5890842587027,28,4860,0,1
262.5933733232456,926,256,0,0
262.59624077451167,68,211,0,0
262.5973898375858,13,394,0,0
262.7277836768384,33,282,0,0
262.7325855605326,56,581,0,0
262.75865351320334,1914,51,0,0
262.9335486580552,88,297,0,0
263.66020828691677,132,767,0,0
263.66897310468175,1056,39,0,0
263.69456999399665,6,17,0,0
263.7167407392061,226,62,0,0
263.7180146819425,112,150,0,0
263.7248988976525,12,158,0,0
269.1523913761914,12,228,0,0
269.16846546020105,8,71,0,0
269.84263422406144,7,221,0,0
269.9293625898586,13,208,0,0
270.58833238627807,19,572,0,0
270.86172262513446,31,249,0,0
270.8908044775242,398,813,0,0
270.892273834273,113,296,0,0
271.23149560066537,207,297,0,0
271.30897929837516,50,363,0,0
271.3581402614771,30,247,0,0
271.4654476996957,57,767,0,0
271.469078319781,35,295,0,0
271.49289719837566,28,277,0,0
271.5110264646678,61,26,0,0
271.5119095632258,23,228,0,0
271.51349015011056,80,433,1,0
271.5276044571912,8,262,0,0
271.5278031911781,8,309,0,0
271.6092392950757,6,157,0,0
271.69649783990997,10,99,0,0
271.71204335938125,23,209,0,0
271.7440824981969,78,232,0,0
271.7445279785742,200,386,0,0
271.7700986142552,15,384,0,0
271.853199214427,18,368,0,0
271.9035567033349,761,130,0,0
272.0205475289869,61,87,0,0
272.0362850364518,805,111,0,0
273.07503454088544,53,33,0,0
273.1183120910497,97,280,0,0
273.2083782946479,63,313,0,0
273.37038387592946,13,260,0,0
273.3741433610664,72,347,0,0
273.37595432545595,51,536,0,0
273.46372253213315,12,627,0,0
273.4651176017774,22,41,0,0
273.47038079429814,4,34,0,0
273.60362611738833,570,261,0,0
273.6055546366465,106,2010,0,1
273.60797263240596,17,297,0,0
273.6093970041561,723,286,0,0
273.611529819856,22,247,0,0
274.4188196156689,10,267,0,0
274.4732231925945,251,296,0,0
274.599368320539,51,83,0,0
274.599711172073,623,43,0,0
274.59984352042113,126,313,0,0
274.6015502888972,179,357,0,0
274.75077319951225,166,509,0,0
274.94441066472535,234,767,0,0
274.9447253133317,1985,104,0,0
274.945226472375,10,874,0,0
275.01157617119014,25,101,0,0
275.0407536038452,248,274,0,0
275.0833663144744,11,109,0,0
275.15054461984533,83,52,0,0
275.1527698765862,19,790,0,1
275.1751475540036,733,666,0,0
275.18491098667937,357,20,0,0
275.3968643069703,72,543,0,0
275.4060829686317,10,194,0,0
275.40645027846017,849,267,0,0
275.632636876345,121,91,0,0
276.3166366637284,264,410,0,0
276.4415615695127,11,323,0,0
276.45036405131185,1188,68,0,0
276.4528586018345,210,169,1,0
276.5861338377066,8,120,0,0
276.5919672462236,31,546,0,0
276.64155459902787,610,755,1,0
276.7257426401524,7,297,0,0
276.7387420436674,4,118,0,0
276.73903174559166,28,43,0,0
276.7862884835339,57,40,0,0
276.78849936776936,48,347,0,0
276.78920620625144,89,6680,0,1
276.8046411922524,95,88,0,0
276.8270214634786,105,214,0,0
276.84106018583253,17,256,0,0
276.90249413336534,25,277,0,0
276.90283972801296,671,179,0,0
276.95808712544624,804,28,0,0
277.4228109138129,19,88,0,0
277.43711839804206,51,269,0,0
277.4431997004036,179,209,0,0
277.45509405197225,18,131,0,0
277.66017088937093,8,293,0,0
277.6717330825579,39,375,0,0
277.67510420557807,92,36,0,0
277.6756426915203,7,217,0,0
277.97643019049895,523,166,0,0
278.28844144787587,181,332,0,0
278.30579221003893,88,205,0,0
279.47386669319235,148,183,0,0
279.4815292229542,43,75,0,0
279.55660490720015,19,100,0,0
279.55779621043365,35,440,0,0
279.56000913856866,16,137,0,0
279.57697224624354,470,478,1,0
279.62251252849904,20,344,0,0
279.6831872611811,16,62,0,0
279.6859786248424,16,144,0,0
279.691875790717,42,111,0,0
279.70571101417204,2188,146,0,0
279.71548833896026,13,440,0,1
279.72572822910524,50,128,0,0
279.81705242451415,7,114,0,0
280.00271046469516,50,106,1,0
280.0031164755808,76,362,0,0
280.2576894990665,360,494,1,0
280.2828826493099,5955,227,0,0
280.316964993115,5,243,0,0
280.35180966876624,15,468,0,0
280.469110303106,2131,645,0,0
280.5417397874768,9,271,0,0
280.5425226032918,592,3780,0,1
280.6454850567627,22,235,0,0
280.64727487126316,9,147,0,0
280.68602986420876,9,769,0,0
280.71349962860944,364,156,0,0
280.71427456754884,20,39,0,0
280.73259695601416,37,171,0,0
280.743204700238,14,307,0,0
280.7477573850173,29,617,0,0
281.84888575314557,15,545,0,0
281.8735906078774,7,263,0,0
281.8820167339395,16,71,0,0
282.49892151486773,1210,142,1,0
282.51574454288794,38,384,0,0
282.5293466057052,9,334,0,0
282.5296519238051,56,250,0,1
282.5902824701189,21,331,0,0
282.7270082052024,32,255,0,0
283.5954121625868,299,401,0,0
283.59770381253793,22,19,0,0
283.74706796670085,218,370,0,0
284.05661574341804,13,543,0,0
284.13450953499733,21,264,0,0
284.15257003975745,35,118,0,0
284.1531983615087,9,42,0,0
284.1794770080627,2240,421,1,0
284.1852860020521,1482,593,0,0
284.18580785832495,165,638,0,0
284.24670295187696,14,340,0,0
284.26071985888154,635,104,0,0
284.27183240317987,11,242,0,0
285.25701644802973,54,338,0,0
285.2630643758514,973,5880,0,1
285.2633275386508,120,86,1,0
285.26352376772,15,198,0,0
285.315214416124,11,200,0,0
285.3266460822814,434,316,0,0
285.33046380392204,26,105,0,0
285.3307021882746,585,35,0,0
285.33398096941414,14,301,0,0
285.33577812852775,8,315,0,0
285.34977482487864,35,247,0,0
285.35282639727285,21,571,0,0
285.35577620881526,6,414,0,0
285.37159986635044,230,500,1,0
285.3750907276159,12,276,0,0
285.40842127114036,149,328,0,0
285.40843808869505,10,390,0,0
285.40982307862396,498,48,0,0
285.6102411691443,8,419,0,0
285.6360677876883,30,241,0,0
285.63794733143766,340,1280,1,1
285.64957462773754,10,36,0,0
285.6548294604796,10,148,0,0
285.6628373626008,15,300,0,0
285.97089903946164,30,4320,0,1
285.978160032799,103,515,0,0
286.0039610644683,8,171,0,0
286.00695750209917,6,363,0,0
286.0106876936098,7,102,0,0
286.01141691243913,26,210,0,0
286.0158606368728,5,181,0,0
286.0231423743314,54,327,0,0
286.0321130229396,44,30,0,0
286.0508846749713,16,560,0,0
286.07127302826694,26,134,0,0
286.1349991897366,403,161,0,0
286.1459130335555,7,2820,0,1
286.3868036200757,10,34,0,0
286.44449884660355,1786,705,0,0
286.7220756213033,20,97,0,0
286.73731017271035,118,1750,0,1
286.9358871764799,17,282,0,0
286.9564472264491,1188,358,0,0
286.9570440100376,662,159,0,0
286.97332119300813,4,259,0,0
286.98523902918726,61,755,0,0
286.9861297977074,118,4940,0,1
286.9884372282539,5,649,0,0
286.9934185636843,8,281,0,0
288.7157368331275,5520,129,1,0
288.74769972254705,120,242,0,0
289.41993412940496,48,336,0,0
289.5332614063335,52,374,0,0
289.68668137344054,92,171,0,0
289.77556196646657,786,268,0,0
289.7764112820848,390,370,1,0
289.9938667044436,8,204,0,0
289.9961427641294,79,475,0,0
290.0382011791983,28,509,0,0
290.0523358048202,22,175,0,0
290.5123222391094,600,422,1,0
290.7084296242165,13,630,0,0
291.4178816891014,10,179,0,0
291.4650203761643,140,55,0,0
291.48290169875224,7915,277,1,0
291.5663988034545,273,573,0,0
293.7938835159029,222,154,0,0
293.8444645051341,100,73,0,0
293.8638513281618,9,147,0,0
293.8653404143036,667,218,0,0
293.86928515060356,79,228,0,0
293.8842948672931,25,676,0,0
293.95374143329065,33,256,0,0
294.01612723518656,27,3430,0,1
294.03074487674746,35,25,0,0
294.0540784528921,16,500,0,0
294.44626034258744,23,57,0,0
295.18121032945106,5,358,0,0
295.38092360070056,12,228,0,0
295.7702522927732,36,29,0,0
295.9901617705235,22,416,0,0
296.6979223566133,22,307,0,0
296.69935531863933,1206,203,0,0
296.7058129460949,194,4840,0,1
296.73482096510725,13,22,0,0
296.7742688235959,42,20,0,0
297.0413105419706,5,67,0,0
297.0417581771254,7,327,0,0
297.06612120865594,154,596,0,0
297.09705523221055,13,241,0,0
297.10171866854665,24,210,0,0
297.1154450308905,13,225,0,0
297.2514719597551,10,24,0,0
297.2978801802492,1618,28,0,0
297.31204080644585,31,342,0,0
297.3396876948535,418,565,0,0
297.35394174485725,31,416,0,0
297.47433013755744,485,212,0,0
297.4892910877776,22,557,0,0
297.6212798316916,61,465,0,0
297.6272873622694,15,3390,0,1
297.6445013763754,34,70,0,0
297.6464451345285,36,65,0,0
297.65868065755296,326,280,0,0
297.758563316683,14,121,0,0
297.7609748999527,106,312,0,0
297.7701210201656,47,139,0,0
297.7930323218659,14,238,0,0
297.8021255727787,192,261,0,0
297.90230212009664,513,25,0,0
297.903837808619,654,96,0,0
298.008586523488,79,296,0,0
298.2742187417496,11,170,0,0
298.7989668323415,6,6330,0,1
298.8154168869968,17,400,0,1
298.81914472547726,276,336,0,0
298.81993091375983,92,256,0,0
298.8939324189631,32,737,0,0
298.99198611575457,100,305,1,0
299.02574777021516,8,116,0,0
299.0633692233489,49,599,0,0
299.13617177968104,20,398,0,0
299.1452950826211,19,110,0,0
299.1462701028191,1598,285,0,0
299.1473330445719,8038,154,1,0
299.1511964676698,20,354,0,0
299.1541687307422,41,50,0,0
299.154936894367,73,366,0,0
299.16283898404146,49,287,0,0
299.165175584043,39,122,0,0
299.2359382808989,1741,154,0,0
299.2522305813169,8,199,0,0
299.3456174515708,20,195,0,0
299.3469261037469,70,631,0,0
299.3489894339867,34,418,0,0
299.3497488856077,68,273,0,0
299.38329683154024,10,120,0,0
309.40393871875455,1486,766,0,0
309.4334181395305,46,507,0,0
309.4413170198926,32,543,0,0
309.4703643793432,20,454,0,0
309.4881332633981,11,57,0,0
309.62016051095884,138,315,0,0
309.63893459661654,402,395,0,0
309.64214645348557,5,16,0,0
309.6425576878426,33,164,0,0
309.68156190721004,237,376,0,0
309.8242629341812,208,241,0,0
309.84982684590256,30,247,0,0
309.85299700385946,16,248,0,0
309.86090248618245,39,285,0,0
309.87077906260646,116,424,0,0
309.93184801009215,71,583,0,0
309.948595102743,212,158,0,0
310.1489675765291,584,59,0,0
310.1616068825438,8,281,0,0
310.16676297495684,2272,547,0,0
310.95150258845365,102,5,0,0
310.95402835250786,73,326,0,0
310.9579086933377,84,56,0,0
312.2183738687678,624,57,0,0
312.2517648414282,11,114,0,0
312.9429354813513,45,323,0,0
312.9430591632952,4,479,0,0
313.18084963101325,16,373,0,0
313.19979040253514,615,561,0,0
313.22315281150907,12,85,0,0
313.2743228571783,5,101,0,0
313.2743960012224,4,218,0,0
313.27749817058265,180,356,1,0
313.32413933967655,8,175,0,0
326.0809570513925,3529,617,0,0
326.08511044657763,32,530,0,0
328.28771402588455,8,76,0,0
328.35617286244945,23,275,0,0
328.50670406511864,9,234,0,0
328.50943263552153,720,130,1,0
328.5744400357591,1704,10,0,0
328.57779476073046,120,99,1,0
328.5794437591156,24,3450,0,1
328.82843082669274,13,250,0,0
328.83302011786543,63,154,0,0
328.8397918727873,18,336,0,0
328.91640332846083,10,192,0,0
328.9200818938786,47,170,0,0
328.92155948389654,136,234,0,0
328.951351250927,39,143,0,0
328.9840061723226,13,29,0,0
329.3884955828801,8,333,0,0
329.3904426488631,8,38,0,0
329.47022052943095,13,413,0,0
329.54975400462496,12,162,0,0
329.5575214832033,40,323,0,0
329.57090244085623,87,332,0,0
329.59049207254577,340,455,1,0
329.5928313496288,87,460,0,0
329.59412963145917,26,82,0,0
329.6718550043615,13,3450,0,1
329.67402243372163,20,345,0,0
329.6766226464705,32,27,0,0
329.7684390161852,17,267,0,0
329.77463910371597,11,1930,0,1
329.7828050371897,31,36,0,0
329.78389789434,28,305,0,0
329.78541703931506,2301,148,0,0
329.7865341068713,29,374,0,0
329.7876623487323,83,84,0,0
330.01129296082024,130,170,0,0
330.01385482373723,336,267,0,0
330.01402122462946,23,92,0,0
330.0159178984474,5,560,0,1
330.0886195205225,134,353,0,0
330.09028748524247,30,89,0,0
330.1059850278358,505,219,0,0
330.1085426041615,107,104,0,0
330.1090337697447,92,128,0,0
330.11461016392917,61,271,0,0
330.11673185135777,15,761,0,0
330.140503039221,2671,434,0,0
330.2099426431204,22,310,0,0
330.22444166932326,52,406,0,0
333.62703363161563,63,126,0,0
333.62899127403426,1970,18,0,0
333.87630098931845,7,88,0,0
333.914939464256,12,6,0,0
334.1927705984514,37,86,0,0
334.24102438765703,276,112,0,0
334.24120104130475,11,335,0,0
334.2501740122451,742,768,0,0
334.38164099153727,12,182,0,0
334.39871717172326,220,375,0,0
334.39985876880166,340,252,1,0
334.40524749982404,71,291,0,0
334.43672809493455,218,535,0,0
334.6292167769128,676,186,0,0
334.6340175952122,47,297,0,0
334.65365768982184,219,263,0,0
334.65609925485046,37,90,0,0
334.6575124112202,189,272,0,0
334.6630779404241,76,193,0,0
334.90407026845276,6,76,0,0
334.9718054356443,24,471,0,0
334.9808215883193,23,322,0,0
334.99570747440896,109,193,0,0
335.041883989893,7,329,0,0
335.0540243473759,32,323,0,0
335.0604764646242,38,212,0,0
335.0689016328557,10,90,0,0
335.12496635488657,14,120,0,0
335.13189501526756,14,3150,0,1
335.2060673537863,103,539,0,0
335.2064242923734,89,239,0,0
335.20969357172123,9,739,0,0
335.2160756310367,61,658,0,0
335.265473456754,13,561,0,0
335.26781097077173,14,20,0,0
335.2728781465993,122,57,0,0
335.30111157743335,38,381,0,0
335.3131710412542,12,385,0,0
335.31699224803214,37,343,0,0
335.3245584843348,12,60,0,0
335.3268524050568,54,63,0,0
335.4015839399328,143,359,0,0
335.437187887765,487,411,0,0
335.52075437151325,20,153,0,0
336.9157932555363,17,238,0,0
337.10489420729965,30,395,0,0
337.1468417451943,102,97,0,0
337.1597980955229,80,25,0,0
338.6847936793239,18,349,0,0
338.7114277047283,7,34,0,0
338.7221991271379,31,349,0,0
338.95065814941506,7,120,0,0
338.9917753202241,6,588,0,0
339.00242170587734,31,337,0,0
339.0462942865403,41,453,0,0
339.9932527824435,85,767,0,0
340.0184475920854,24,314,0,0
340.06012312995557,1020,461,0,0
340.0635359789133,14,84,0,0
340.07134601869205,27,479,0,0
340.1937275046528,15,244,0,0
340.2110187610966,44,366,0,0
340.2378009994887,110,45,0,0
340.43041674705063,231,432,0,0
340.44151628981297,80,282,1,0
340.9285100172306,9,102,0,0
340.9344466936268,37,105,0,0
340.93921156045076,398,661,0,0
340.9435398050093,58,170,0,0
340.94461572895057,12,441,0,0
341.0101452292317,22,25,0,0
341.03265263110484,36,230,0,0
341.3686539723329,11,238,0,0
341.37358680424416,15,767,0,0
341.46986300677656,11,116,0,0
341.77858560266145,5,221,0,0
341.792040036073,395,508,0,0
341.8069196866917,123,100,0,0
341.80705979603107,52,324,0,0
342.8091691585613,113,104,0,0
342.8250440518233,40,181,0,0
342.90626526821944,632,420,0,0
342.91344010075323,419,233,0,0
342.95399048100586,22,860,0,1
342.9560086500771,870,126,1,0
343.0466477900303,11,332,0,0
343.07135931401064,29,263,0,0
343.0809494135885,12,116,0,0
343.1288784052562,25,505,0,0
343.129429827983,8,327,0,0
343.1571371247184,4,162,0,0
343.16541044704877,848,480,0,0
343.5261338510447,21,362,0,0
343.61857918932964,80,343,0,0
343.6321061969616,155,316,0,0
343.64297166000785,31,304,0,0
351.33957458934043,21,388,0,0
351.3422066023985,9,225,0,0
352.2166265354581,58,392,0,0
352.33954478792515,116,175,0,0
352.4319576166011,8,21,0,0
352.4323771483829,7,607,0,0
352.53336252058017,726,525,0,0
352.5403222352281,1730,448,0,0
352.5434011110327,80,171,1,0
352.6059957933255,11,280,0,0
352.61052795794336,22,391,0,0
352.66979037782016,17,255,0,0
352.67262648767297,23,27,0,0
352.73357431372796,194,94,0,0
352.7784782145434,13,454,0,0
352.7818693217251,20,1880,0,1
352.7845753954957,20,175,0,0
352.78926821523464,1042,380,0,1
352.7955180170888,30,151,0,0
352.80092582052885,395,438,0,0
353.5350355111803,24,201,0,0
353.57637273607446,6,120,0,0
353.58529483633373,104,339,0,0
353.59450443075724,87,110,0,0
353.59801235252644,150,292,1,0
353.6286246775682,15,253,0,0
353.644033444626,79,518,0,0
353.6485200302007,11,30,0,0
353.65286948554757,10,265,0,0
353.6605962315485,17,405,0,0
353.6626885425371,1130,766,0,0
353.6846480104307,6,40,0,0
353.68745644569856,54,754,0,0
353.7387889504371,17,462,0,0
353.74779148258875,8,17,0,0
353.79857689356237,13,568,0,0
353.80404883196616,8149,43,1,0
353.8044639446001,100,736,0,0
353.8057243979883,40,135,0,0
353.81562230932303,22,1070,0,1
353.85402010391596,197,700,0,0
353.8943579096436,18,254,0,0
353.94495767256234,216,103,0,0
354.0162741927152,43,273,0,0
354.05408410821815,11,30,0,0
354.097979401362,80,680,0,0
354.1096172119217,8161,31,1,0
354.1654124860383,11,210,0,0
354.18011987201095,27,208,0,0
354.1959487422984,6,352,0,0
354.22271918033044,10,21,0,0
356.04460075975015,969,12,0,0
356.04557557710723,13,425,0,0
356.0526725339976,20,454,0,0
356.06357808915647,29,430,0,0
356.1070346768212,84,143,0,0
356.1262106781374,71,431,0,0
356.6196894698332,64,227,0,0
356.6205197679059,7,238,0,0
357.33027458038083,15,312,0,0
357.3318124382247,34,199,0,0
357.3363228420814,657,103,0,0
357.3942210459169,28,196,0,0
357.41670118931137,22,332,0,0
357.4348473179961,12,266,0,0
357.4569350955392,19,769,0,0
357.49845281963945,13,266,0,0
357.6293555699219,12,43,0,0
357.67267711985767,210,2090,1,1
357.6742246421495,714,504,0,0
357.67861009918886,597,188,0,0
357.97536908025876,19,274,0,0
358.87323209306714,30,25,0,0
358.99733106519096,952,249,0,0
359.1598878811398,17,141,0,0
359.1952716789176,405,532,0,0
360.3996997793218,14,288,0,0
360.4057589260239,27,22,0,0
360.41548861245843,94,398,0,0
360.4195172129086,23,151,0,0
360.8560053351644,33,246,0,0
360.8626944943404,59,596,0,0
360.91536347777964,10,346,0,0
360.9165668088393,18,104,0,0
360.91758416751765,9,398,0,0
361.0558897064317,7,238,0,0
361.1348400953116,141,582,0,0
361.23946258319836,10,244,0,0
361.26843018554695,17,225,0,0
361.27918420835107,7,316,0,0
361.2877252498822,10,80,0,0
361.2898382592143,46,133,0,0
361.2988643813748,714,391,0,0
361.5836465245425,2066,130,0,0
361.5977956154664,18,114,0,0
361.5992097194271,15,234,0,0
361.6112114346408,2176,12,0,0
361.61393090138625,175,73,0,0
361.61589505912383,11,345,0,0
361.6313837564471,23,232,0,0
361.6355773805593,7,244,0,0
361.6371343451252,22,196,0,0
362.0368979749682,22,309,0,0
362.630670135159,27,273,0,0
362.65606935220217,15,376,0,0
363.02147138468683,13,360,0,0
363.02912707855637,29,188,0,0
363.04691095196137,22,349,0,0
363.3049257851258,24,47,0,0
363.3393132172812,137,448,0,0
363.4361565609329,362,7440,0,1
363.4362341005297,7,81,0,0
363.4696823836833,50,451,1,0
363.47770942396977,151,36,0,0
363.4927459100153,488,311,0,0
363.4936441534407,21,406,0,0
363.4976058024582,15,211,0,0
363.55874490883826,24,340,0,0
363.61818202536307,30,247,0,0
363.7044999725534,1193,394,0,0
363.8052550846376,2065,98,0,0
363.969899315059,65,248,0,0
364.00957569242377,53,571,0,0
364.02099601441995,9,186,0,0
364.02681236077376,303,47,0,0
364.03472996005274,42,151,0,0
364.0373717629652,33,610,0,0
364.03987314313457,7,282,0,0
364.0551282239669,800,506,1,0
364.05531945631867,24,258,0,0
364.0568820407335,16,358,0,0
364.0605323797551,379,246,0,0
364.1126105378991,82,357,0,0
364.26916654757486,7,250,0,0
364.30438205052394,88,222,0,0
364.3210824778678,13,261,0,0
364.3279153887938,20,360,0,0
364.4969371628821,12,125,0,0
364.5722855338153,8,70,0,0
364.5772059795891,34,32,0,0
364.59463880137395,14,222,0,0
364.6366315129857,10,770,0,0
364.75114170226414,13,336,0,0
364.7607052812834,19,576,0,0
365.1342237582964,12,276,0,0
365.3284115498773,137,275,0,0
365.3364736877273,1916,678,0,0
365.3492508511784,41,394,0,0
365.35223981172845,25,417,0,0
365.35537822407497,32,401,0,0
365.3912734892245,46,291,0,0
365.72423659907173,8,188,0,0
366.067723724239,7,41,0,0
366.09650711028485,120,192,1,0
366.10593465940286,56,272,0,0
366.1114306507998,4,257,0,0
366.15892056967505,22,19,0,0
366.1669625948866,71,141,0,0
366.2514768951128,37,354,0,0
366.2675139382425,335,206,0,0
366.304271387304,1907,100,0,1
366.3115680375156,8,435,0,0
367.4775099655809,7,31,0,0
367.67770713590045,210,353,1,0
367.70242913524504,163,113,0,0
367.70601948978765,13,561,0,0
367.7700308450382,2151,194,0,0
367.8639809777325,20,251,0,0
367.8661571066262,18,466,0,0
367.89048874705213,28,304,0,0
369.1217654473014,8,47,0,0
369.1518743661486,16,331,0,0
369.1614739389066,2661,389,0,0
369.23037892401203,45,229,0,0
370.03436203450525,143,137,0,0
370.04314944129527,9,62,0,0
370.05213860360914,875,240,0,1
370.0654435338921,20,77,0,0
370.09055402870155,24,570,0,0
370.32333164229084,77,56,0,0
370.3656826510659,90,127,0,0
370.36594346285284,13,139,0,0
370.41819091315136,12,275,0,0
370.4670433629071,13,328,0,0
370.54580229393025,42,71,0,0
370.58414950009524,1906,629,0,0
370.60148158210785,7,50,0,0
370.66308623842895,35,313,0,0
370.668806524326,8,8,0,0
370.6695768926036,17,225,0,0
370.6808412317596,54,356,0,0
370.6832895211989,9,157,0,0
371.31162599277644,13,470,0,0
371.32887349354644,115,123,0,0
371.8123869323439,8069,123,1,0
371.8138414520166,259,487,0,0
371.8157365491646,22,514,0,0
371.8648564941829,85,249,0,0
371.86554701453224,67,1720,0,1
371.8713068022667,71,767,0,0
371.87173714705216,174,209,0,0
371.91899784388994,13,328,0,0
371.91965005740246,21,322,0,0
371.93496939891173,23,311,0,0
371.93555745718305,39,468,0,0
371.98760055924,30,769,0,0
372.15381664296655,60,97,0,0
372.1788786125902,17,241,0,0
372.18161383867835,9,33,0,0
372.22709328398474,42,205,0,0
372.36372618247754,64,671,0,0
372.45291432901575,258,58,0,0
372.6932823119913,10,361,0,0
373.5502612415078,5,47,0,0
373.5806004550629,10,591,0,0
373.5920621271924,2445,250,0,0
373.5974718561655,993,37,0,0
373.6162070817722,24,769,0,0
373.6282801433767,23,124,0,0
373.6349272225544,13,146,0,0
373.67272067783216,6,71,0,0
374.67071678866904,20,200,0,0
374.6746345030815,16,59,0,0
374.68183102039524,39,141,0,0
374.69112070093433,16,469,0,0
374.6935459885043,1197,237,0,0
374.846302109498,12,134,0,0
374.8599918505172,61,65,0,0
374.92092356161845,2277,328,0,0
374.92166936792773,16,2590,0,1
374.97817749483494,67,678,0,0
374.9923802572725,19,305,0,0
374.9933905000897,9,69,0,0
375.09538889713934,853,113,0,0
375.2157388400667,8,392,0,0
375.244446727941,10,741,0,0
375.29118109021687,29,644,0,0
375.29393538736934,18,123,0,0
375.43698258143803,37,476,0,0
375.4484382548863,180,113,0,0
375.4959315526713,16,192,0,0
375.5564787227812,9,310,0,0
375.6045794967049,58,296,0,0
375.6088615462045,392,366,0,0
375.6406862426502,34,159,0,0
375.665237714958,17,599,0,0
375.8597147234342,390,138,1,0
375.8638208588696,23,184,0,0
375.98864653624196,18,336,0,0
376.0365396135407,358,585,0,0
376.0571953241475,428,327,0,0
376.86020535250486,48,532,0,0
376.9536538000616,411,230,0,0
376.9598722182608,270,73,0,0
376.99368882658473,232,359,0,0
376.9978178033591,1540,380,0,0
376.9996137814735,416,346,0,0
377.0063882657659,363,628,0,0
377.01333141723615,88,26,0,0
377.57342200216726,29,405,0,0
377.6646427707868,21,349,0,0
377.66478867960075,17,218,0,0
377.6782813492956,451,276,0,0
377.6828317520894,8,181,0,0
377.69666538897667,16,77,0,0
377.7228152730034,262,110,0,0
377.74269601021024,197,73,0,0
377.7853458802294,500,551,0,0
377.78918120211824,175,4420,0,1
378.09747442839586,2693,253,0,0
378.1114938574971,941,425,0,0
378.3256962576092,27,5130,0,1
378.3407201480639,12,443,0,0
378.3899219787248,10,80,0,0
378.392608254653,532,7660,1,1
378.5600456789699,48,3350,0,1
378.5925921047876,22,570,0,1
378.60075786796824,24,509,0,0
378.63975568489525,3067,61,0,0
378.68644977561496,67,530,0,1
378.68728667069996,27,163,0,0
378.69134057734783,21,327,0,0
378.69382086842836,30,158,0,0
378.78892295339546,6590,45,0,0
378.8151842350043,17,318,0,0
378.8199618946556,15,208,0,0
378.8243431237373,103,411,0,0
378.84102215361054,208,216,0,0
378.84120389378876,37,320,0,0
378.85407918544837,130,246,0,0
379.2660897218366,15,219,0,0
379.2671792594518,23,4940,0,1
379.2688265219488,42,475,0,0
379.27070388362455,74,224,0,0
379.31426188225834,39,299,0,0
379.3182605080862,244,182,0,0
380.0787249742698,16,295,0,0
380.09076271819123,156,228,0,0
380.09742828433576,127,366,0,0
380.0994225667889,1490,328,1,0
380.1698057572735,26,1260,0,1
380.32366979246916,17,434,0,0
380.3490627344547,7,168,0,0
380.59416193453484,475,2150,0,1
380.8108470753626,12,1120,0,1
380.84801652562805,14,131,0,0
380.86866058676355,1598,35,0,0
380.87475510283315,12,255,0,0
380.90333848677426,43,345,0,0
380.9125188154077,1349,596,0,0
381.2673052438048,835,266,0,0
381.35113732462224,14,200,0,0
381.3644276551243,10,548,0,0
381.3729801177694,49,370,0,1
381.4156610602534,591,552,0,0
381.5678315382961,635,1040,0,1
381.6007627641176,46,110,0,0
381.7454235894496,40,615,0,0
381.7531555462661,14,211,0,0
381.7828596768701,16,281,0,0
381.85296521862404,106,82,0,0
381.8813868620077,181,534,0,0
381.9230712332716,30,3230,0,1
382.07056479930685,110,337,1,0
382.0899150210653,279,399,0,0
382.23355200365756,41,119,0,0
382.2405954880049,9,238,0,0
382.29369584961455,16,284,0,0
382.30218054541314,17,274,0,0
382.31156483189613,27,265,0,0
382.37853197758756,29,384,0,0
382.6383722440698,182,181,0,0
382.6544210440508,15,131,0,0
382.6794184758322,260,183,1,0
382.9731623405196,31,560,0,0
382.9774006405287,3970,318,1,0
383.10791948792547,710,504,1,0
383.1099956867195,6,131,0,0
383.11048848995017,50,94,0,0
383.1532374688681,879,52,0,0
383.1652633618166,31,26,0,0
383.1729655618047,115,492,0,0
383.1731425907978,58,93,0,0
383.2171531663868,19,577,0,0
383.2255848907904,61,22,0,0
383.22759392797667,14,233,0,0
383.24427486624245,15,126,0,0
383.2461990573544,30,171,0,0
383.25064270752415,62,392,0,0
383.254723434864,89,99,0,0
383.39822636066117,1622,43,0,0
383.4145443754641,61,188,0,0
383.6810036408998,2043,135,0,0
383.68502074351574,239,765,0,0
383.68688184194673,585,1330,0,1
384.36185199935414,22,227,0,0
384.36312390712624,355,4710,0,1
384.58987276533827,180,572,1,0
384.5920864343494,34,218,0,0
384.67577517206706,21,264,0,0
384.6803513320993,7,32,0,0
385.0884599765987,290,262,1,0
386.12615785715474,9,275,0,0
386.2880889028696,13,104,0,0
386.32912003883706,1899,1670,0,1
386.33890856006536,225,160,0,0
386.43739564634586,25,153,0,0
387.80269484788494,27,338,0,0
387.81103615085874,110,93,0,0
387.8131704660226,70,224,0,0
388.5509561323803,114,482,0,0
388.5642893887216,370,254,1,0
388.6548202193686,16,349,0,0
388.6855957501844,11,113,0,0
388.7218231535644,79,282,0,0
388.7339767011951,39,126,0,0
388.7500893607385,22,399,0,0
388.7508409708537,177,284,0,0
388.7576887831825,126,350,0,0
388.76146301530633,239,242,0,0
388.98022652707544,24,173,0,0
388.99164405230204,11,361,0,0
389.0180638863705,7,24,0,0
389.01881455080337,22,428,0,0
389.04366271398567,3653,252,0,0
389.49481050371713,7,277,0,0
389.52476985075907,220,326,1,0
389.64891660032754,22,725,0,0
389.66039685980377,1686,34,0,0
389.66669378921694,2044,331,0,0
389.8130122462205,35,767,0,0
389.8217321795584,58,13,0,0
389.8243798047369,92,572,0,0
389.8418867284306,9,121,0,0
389.8518322881135,8,224,0,0
390.0274789528804,32,164,0,0
390.11866209213787,34,393,0,0
390.1198673146609,11,320,0,0
390.17931777258855,16,275,0,0
390.1807999799773,3678,219,0,0
390.21146321143925,17,7770,0,1
390.2784240141979,88,767,0,0
390.28604042313646,4,290,0,0
390.29353048301607,9,230,0,0
390.39219392266375,40,117,0,0
390.4039252284778,16,517,0,0
390.40618278814503,14,266,0,0
390.9674767759445,54,1430,0,1
391.09165230051417,190,231,1,0
391.1471978833263,2258,371,0,0
391.19032341203393,7,288,0,0
391.356417366785,4,192,0,0
391.3822523291044,15,659,0,0
391.4879578064387,116,292,0,0
391.5302157950957,65,80,0,0
391.5359389645696,357,125,0,0
391.72090260407344,32,237,0,0
391.7524709872055,7,173,0,0
391.7569421534741,44,5,0,0
391.7662465010493,728,525,0,0
391.7664332645238,43,25,0,0
391.7672402787641,7,62,0,0
391.76845748508634,800,240,0,0
391.8570679897938,27,285,0,0
391.93998005469217,17,294,0,0
392.1555768233912,20,145,0,0
392.205514809646,675,714,0,0
392.8787994859371,57,94,0,0
392.88737042761863,991,289,0,0
392.8920011302125,217,413,0,0
392.8952534345116,10,264,0,0
392.92569713881403,17,620,0,0
392.9312809334723,96,4,0,0
392.9345314199097,6,430,0,0
392.94141345415346,405,101,0,0
392.96856080297187,45,316,0,0
392.970068566871,11,324,0,0
392.9892498167413,80,767,0,0
393.0079690800299,222,289,0,0
393.5558248986478,27,199,0,0
393.58182374948706,7,198,0,0
393.5832888530553,61,345,0,0
393.6151204366899,23,741,0,0
393.6431297307139,119,95,0,0
393.6446631321229,1112,655,0,0
393.6447061044752,207,170,0,0
393.72973345396616,1292,32,0,0
393.74279224063974,578,111,0,0
393.74724822927527,7,302,0,0
393.76059375564785,239,254,0,0
394.0043964289971,6,150,0,1
394.62172038285354,383,767,0,0
394.6291377687902,11,206,0,0
395.02612431042144,10,70,0,0
395.043149232547,41,413,0,0
395.0621705427081,69,79,0,0
395.07770944963613,11,170,0,0
395.09425586071734,21,263,0,0
395.10825586685803,17,502,0,0
395.1129943144787,11,229,0,0
395.1323117002636,21,297,0,0
395.13477434553533,414,578,0,0
395.1920144515179,12,275,0,0
395.1971108715236,25,249,0,0
395.24654406013565,21,216,0,0
395.26110753257655,6,267,0,0
395.2616259353902,60,70,1,0
395.4569052851314,71,771,0,0
395.49019631415007,11,337,0,0
395.50636709952727,42,254,0,0
395.5157824858343,10,1800,0,1
396.18278518007,36,217,0,0
396.1940852283514,1140,78,1,0
396.3191966142907,70,372,0,0
396.34672632141513,348,374,0,0
396.3480113489427,833,262,0,0
396.42547704648325,64,205,0,0
396.4263486636248,10,475,0,0
396.47106120751994,95,17,0,0
396.51233969597655,95,132,0,0
396.54135815166387,46,315,0,0
396.5454366805862,81,7700,0,1
396.84087414400875,7,14,0,0
397.46300821669195,200,172,1,0
397.46589958859903,580,307,1,0
397.4743307534467,32,588,0,0
397.94355958535897,471,365,0,0
397.9511599311569,13,166,0,0
398.07453405244485,11,262,0,0
398.07708391258666,16,560,0,0
398.0821676723006,2077,487,0,0
398.1125273149316,47,158,0,0
398.15710060728765,85,115,0,0
398.15810205131845,701,550,0,0
398.16031215552,18,205,0,0
398.2104807874113,24,239,0,0
398.4419269882919,24,243,0,0
398.49244518556105,26,418,0,0
398.52949306163123,16,485,0,0
398.5726331394188,387,527,0,0
398.5742089215428,41,2210,0,1
398.61406871480693,28,28,0,0
398.7230520297942,28,305,0,0
398.78241954060616,7,153,0,0
398.78416845318213,50,767,1,0
398.7868218861749,32,600,0,0
398.95634958778857,10,115,0,0
398.9574804403205,222,712,0,0
398.9596113577238,111,39,0,0
399.3875625376937,10,409,0,0
399.39053427717636,43,318,0,0
399.394710285627,8,207,0,0
399.4594399975048,471,329,0,0
399.5461512204337,24,194,0,0
399.5590617240281,30,467,0,0
399.5600902527319,150,66,1,0
399.56649632698765,1848,45,0,0
399.59149781508387,57,260,0,0
399.5943651607782,78,767,0,0
399.59692937175106,52,11,0,0
399.8167708387469,5,194,0,0
399.8700181766045,85,296,0,0
399.95613742146327,50,45,0,0
400.06445695710704,129,339,0,0
400.06687395118263,52,49,0,0
400.11434734878554,7422,770,1,0
400.3104723914099,4,11,0,0
400.3806817842519,12,290,0,0
400.3824670081281,29,723,0,0
400.38327229289877,297,726,0,0
400.3868925514598,12,248,0,0
400.44074577237484,4,212,0,0
400.4531987681154,16,769,0,0
400.4846728233539,9,86,0,0
400.48611620921673,38,22,0,0
400.58135764882894,17,3400,0,1
400.58553177105506,150,288,1,0
400.7580658841933,12,310,0,1
400.77516471925793,11,90,0,0
400.77521096633467,10,151,0,0
400.7872825947193,57,97,0,0
400.7903966803605,47,164,0,0
400.79370625216484,54,366,0,0
400.80674585312477,94,287,0,0
400.9597469118684,246,300,0,0
401.0573359567935,18,350,0,0
401.35113687827413,7,169,0,0
401.3689387145511,3349,106,0,0
401.36936423978466,26,82,0,0
401.37521938477664,116,6360,0,1
401.3781414703194,37,87,0,0
401.3826660141153,920,122,1,0
405.07685978522653,22,456,0,0
405.1654525351698,160,374,0,0
405.16803727855734,9,505,0,0
405.3631268203748,137,106,0,0
405.3730576455781,14,143,0,0
405.37426643567625,1950,649,0,0
405.561095798548,644,458,0,0
405.568006704512,34,385,0,0
405.5911846959812,627,20,0,0
407.37899602984425,23,136,0,0
407.38134753652946,194,500,0,0
407.52463920837374,17,149,0,0
407.5342276066974,29,515,0,0
407.536158271959,11,521,0,0
407.54698429534193,800,240,0,0
407.5723490428578,11,36,0,0
407.59841916596207,170,374,1,0
407.5992445998457,11,130,0,1
407.6951508543264,14,101,0,0
407.69840018382894,4,355,0,0
407.73155869920174,117,440,0,0
407.7585271909484,70,479,0,0
407.76442613377196,60,32,0,0
407.823699320831,137,275,0,0
407.8279594220091,38,452,0,0
407.8306595455994,10,316,0,0
407.83170363077676,108,249,0,0
407.8321340082061,349,33,0,0
407.8365604137323,307,767,0,0
407.8367826671299,21,460,0,0
407.845429398542,24,356,0,0
407.8514639529852,58,449,0,0
408.32673154889847,11,454,0,0
408.32846611579475,66,194,0,0
408.5036223640067,104,262,0,0
408.54054427957874,15,365,0,0
408.5724548527022,154,529,0,0
408.57743998570686,137,396,0,0
408.58081188185247,39,518,0,0
408.5900077430959,995,442,0,0
408.6058765958803,29,328,0,0
408.66120606808676,9,32,0,0
408.6674637171876,7979,213,1,0
409.06599372740664,27,169,0,0
409.5745569355924,34,767,0,0
409.57468270557234,281,47,0,0
409.5976226663027,29,150,0,0
409.61153447529654,834,168,0,0
409.6139923038901,527,590,0,0
409.61407314416886,61,364,0,0
409.61462089212307,7,132,0,0
409.62668241168876,47,268,0,0
409.69678080368186,232,6,0,0
409.74004736448126,2422,214,0,0
409.7892132699117,8,120,0,0
409.8005265797244,45,68,0,0
409.9369616001471,18,263,0,0
409.98311104706124,7,231,0,0
410.1526109542985,306,401,0,0
410.1662279560883,895,191,0,0
410.1709946843373,26,265,0,0
410.1718237466939,1002,76,0,0
410.56423927866234,17,282,0,0
410.56980584862083,20,258,0,0
410.5720190147485,1094,769,0,0
410.5722675503187,9,198,0,0
410.6278846584234,10,134,0,0
410.62902047575693,50,465,0,0
410.64958599239856,139,415,0,0
410.68114544983564,1021,149,0,0
410.99283883010867,52,252,0,0
410.99710689090574,33,615,0,0
410.9974727790295,20,396,0,0
411.09949969325675,1950,772,1,0
411.129618999291,14,364,0,0
411.1346443855213,17,218,0,0
411.15139838062987,14,226,0,0
411.9331959426585,9,111,0,0
411.95332480318024,336,556,0,0
411.95812841721073,10,247,0,0
411.9734702340139,282,49,0,0
412.0309158762965,21,261,0,0
412.06834689488034,165,709,0,0
412.10389497388076,96,559,0,0
412.1386694417477,29,28,0,0
412.1404057423305,29,481,0,0
412.20086863579616,58,46,0,0
412.3459087924748,5,178,0,0
412.41381895069196,190,577,1,0
412.42970009893736,30,48,0,0
412.4451083489496,13,187,0,0
412.4716386935382,11,209,0,0
412.49211601242894,9,146,0,0
412.49278251687065,20,489,0,0
412.50685737910396,62,59,0,0
412.73414857632156,14,407,0,0
412.74363840335485,414,578,0,0
412.74998528238024,50,14,0,0
412.81256456490473,12,146,0,0
412.8345838008676,12,424,0,0
412.8391564712927,13,147,0,0
412.86553645296925,10,300,0,0
413.4395963906357,71,35,0,0
414.17938551634643,26,1820,0,1
414.20499086820155,836,299,0,0
414.2185786688348,140,64,0,0
414.42597675287703,1868,321,0,0
414.4740895096789,49,326,0,0
414.53097062569293,650,225,0,0
414.5477113616737,15,446,0,0
414.54911663373616,383,446,0,0
414.55016760986365,16,124,0,0
414.5664033945483,34,334,0,0
414.56854464971235,11,712,0,0
414.6643058180055,7,240,0,0
414.78848636044034,15,85,0,0
415.158618529985,16,25,0,0
415.1825424212673,134,56,0,0
416.1415846141053,7,214,0,0
416.39194064366626,15,215,0,0
416.43448849984355,257,466,0,0
416.52412907012354,26,2880,0,1
416.5305527043223,565,127,0,0
416.5305880169826,16,45,0,0
416.6928911950206,20,38,0,0
416.74647593874477,10,287,0,0
417.32868810905126,129,207,0,0
417.3819426134055,227,222,0,0
417.395925002598,68,68,0,0
417.40340146873723,167,121,0,0
417.4092303683467,153,141,0,0
417.4370162583802,92,391,0,0
417.43753723260767,15,17,0,0
417.43961203553295,19,35,0,0
417.5437127377751,18,209,0,0
417.5440382123726,21,96,0,0
417.5448864587922,29,272,0,0
417.55076852478527,12,375,0,0
417.5592379119825,6,491,0,0
417.5812081155406,2163,201,0,0
417.68632298123134,49,1890,0,1
417.7203381434128,1829,300,0,0
417.7831434052843,18,562,0,0
417.789032922569,8,133,0,0
417.80902916880626,19,62,0,0
417.8136051148017,33,92,0,0
417.828764077816,30,68,0,0
417.8895171242426,2866,342,0,0
417.9411352162754,15,101,0,0
417.9415619675943,5,1920,0,1
417.9434836814248,625,257,0,0
418.96522520624876,13,196,0,0
418.9655380069517,120,153,1,0
418.98713821087085,56,379,0,0
418.9889489552915,250,97,1,0
419.0012160827948,10,42,0,0
419.0070591431921,87,171,0,0
419.02871406148506,25,249,0,0
419.03076121139685,8,99,0,0
419.1840746231695,36,360,0,0
420.69566234218064,34,171,0,0
420.69579985825254,28,276,0,0
420.69925795094065,53,149,0,0
420.7001514264333,844,276,0,0
420.72409939929963,10,237,0,0
421.03751363264234,14,101,0,0
421.34347034921757,2151,194,0,0
421.60857268339123,1040,115,1,0
421.6382233461529,60,259,1,0
421.6443958704373,41,1530,0,1
421.82532234158793,20,521,0,0
421.8308410918813,57,97,0,0
421.83472557847807,3450,565,1,0
421.85630359921936,33,349,0,0
421.85787566028284,7,182,0,0
421.87073586914556,80,472,0,0
421.87359802919923,30,52,0,0
421.896599474377,6,60,0,0
422.02782902346627,44,681,0,0
422.03402486981287,26,170,0,0
422.0828030977391,18,26,0,0
422.2129780197015,153,356,0,0
422.2169630907146,332,549,0,0
422.23330001202197,7,288,0,0
422.2424476441041,112,26,0,0
422.9570062422096,7,677,0,0
422.9638932919849,54,65,0,0
422.98808196092125,195,292,0,0
422.98920608387783,3529,17,0,0
422.992146860502,10,307,0,0
423.0545253549813,923,181,0,0
423.065167698186,19,311,0,0
423.1491208741996,17,291,0,0
423.1707264708164,110,114,1,0
426.76249861442216,120,388,0,0
426.7742894122819,34,1840,0,1
426.9024060389964,24,260,0,0
426.90690533067124,63,318,0,0
426.91480947839153,10,251,0,0
426.9156894024782,5,1830,0,1
430.6695285357741,156,760,0,0
430.6698114001304,19,120,0,0
430.694048365373,27,488,0,0
430.70191652115125,29,251,0,0
430.7965220110764,2620,757,1,0
430.802966756989,11,142,0,0
431.66278896933477,229,75,0,0
431.852413982187,400,3720,0,1
431.9094314367264,70,291,1,0
431.9631584064182,18,690,0,0
432.1299734879996,37,264,0,0
432.1781710966014,200,266,1,0
432.67705977391216,1084,769,0,0
432.79829072786004,58,448,0,0
432.8174526284895,15,117,0,0
432.86867787476194,45,770,0,0
432.90114367745434,170,599,1,0
433.1358451452156,42,350,0,0
433.1488447357778,28,373,0,0
433.17589932789866,11,21,0,0
433.177639509716,17,3510,0,1
433.2631379383876,27,771,0,0
433.2993730992279,24,303,0,0
433.3052046896735,403,273,0,0
434.00170089452587,8,7,0,0
434.0251199259223,1950,649,0,0
434.02732082511557,17,138,0,0
434.2495851580703,48,438,0,0
434.2651005920442,16,196,0,0
434.26514511120473,25,279,0,0
434.3096825331601,160,149,0,0
434.33126256522326,30,189,0,0
434.3572442392989,468,280,0,0
434.37188120833366,287,207,0,0
434.3762155501245,251,514,0,0
434.4042628556187,6,91,0,0
434.4050016793556,16,4500,0,1
434.4202643760043,12,320,0,0
434.5441897372283,41,174,0,0
434.7063420257176,40,154,0,0
434.71440189864654,13,299,0,0
435.77658468588095,47,130,0,0
435.816954702941,19,156,0,0
435.82597264554096,358,27,0,0
435.8563203327619,16,106,0,0
435.8618358247645,279,2240,0,1
435.9860022662568,6,99,0,0
435.98932853171004,15,2200,0,1
435.9946318568199,2750,235,0,0
435.9968042509514,39,622,0,0
436.00111380039505,79,554,0,0
436.01350255759144,191,431,0,0
436.92208864220515,9,96,0,0
436.95761944121523,1038,436,0,0
437.18896220451995,271,495,0,0
437.21307373844115,214,252,0,0
437.3579550567416,2502,531,0,0
437.360624041135,11,84,0,0
437.36290060256897,34,1830,0,1
438.27374110083696,1112,655,0,0
438.31988985651134,1162,78,0,0
438.3208082721765,522,143,0,0
438.39350971323637,13,56,0,0
438.4080246015807,13,212,0,0
438.42055706719077,18,248,0,0
438.5333869682626,197,211,0,0
438.5352243491486,108,41,0,0
438.7872953528443,26,541,0,0
438.8235663432964,37,443,0,0
438.83170954644885,14,111,0,0
438.83314581516197,2883,181,0,0
439.55478753438445,323,327,0,0
439.5649699314907,16,426,0,0
439.56630407853976,10,245,0,0
439.5817709038466,20,291,0,0
439.63573074471935,68,86,0,0
439.7091078028318,56,445,0,0
440.11587588888784,16,215,0,0
440.1803010830643,326,560,0,0
440.1989417769865,17,286,0,0
442.0678797775545,24,191,0,0
443.2689126678455,419,257,0,0
443.2711018889715,106,552,0,0
443.4207930155658,1060,58,1,0
443.42720852509126,12,102,0,0
443.8559378397699,642,766,0,0
443.85910664208393,6,94,0,0
443.89780047193864,11,236,0,0
444.407324746325,70,246,0,0
444.44921471403916,1841,6,0,0
444.6417155731356,12,412,0,0
444.6468941614498,50,1980,0,1
444.64865060419226,27,766,0,0
444.65065288906334,53,250,0,0
444.7236210296862,23,330,0,1
444.72941909795003,3534,30,0,0
445.139357250436,16,301,0,0
445.1501652008657,67,404,0,0
445.47073683848004,17,349,0,0
445.51373492046076,16,307,0,0
445.51613757040184,468,280,0,0
445.5399463090812,12,158,0,0
445.5974663014652,134,320,0,1
445.65536311048703,78,45,0,0
445.6728834696793,13,308,0,0
445.87466728059974,88,647,0,0
446.0217866182366,490,327,1,0
446.1667419533024,13,2550,0,1
446.17123369414776,50,245,0,0
446.17153737488775,11,311,0,0
446.24064671440703,51,366,0,0
446.24466655900795,2188,146,0,0
446.25187424535,193,188,0,0
446.26493461309883,43,320,0,0
446.3059244825166,342,279,0,0
446.3065547658486,141,229,0,0
446.32292768951027,272,308,0,0
446.65481531191205,834,64,0,0
446.65595260338813,8,218,0,0
446.6677804906583,264,5750,0,1
447.06373754561537,15,3030,0,1
447.17902451415307,121,552,0,0
447.2537747512752,23,1970,0,1
447.28313244482155,26,594,0,0
447.2843524654083,8,140,0,0
447.3114240603549,21,184,0,0
447.31457705943694,11,177,0,0
447.3423536936232,674,337,0,0
447.3469805758784,90,227,0,0
447.34900212752007,8,1490,0,1
447.37034507010554,253,12,0,0
447.5541599313806,80,207,0,0
447.56210261334286,131,263,0,0
447.5934942862115,24,21,0,0
447.6853871367469,169,52,0,0
447.7460846182377,16,89,0,0
447.74775797830995,318,52,0,0
447.75473711632833,33,309,0,0
447.79871696514743,7,361,0,0
447.82122447770337,55,442,0,0
448.5626239928551,1161,228,0,0
448.6328568645119,37,161,0,0
448.6364693424815,57,233,0,0
448.72060065988967,17,47,0,0
448.9251098764157,160,117,1,0
449.00472055542355,79,249,0,0
449.0644946608424,25,18,0,0
449.0657459930525,390,349,0,0
449.0847635455765,11,220,0,0
449.15545782815286,1100,315,1,0
449.1651571786199,300,41,1,0
449.1759675729364,85,347,0,0
449.22858125238366,6,352,0,0
449.2344133940985,261,378,0,0
449.2379231695229,8,103,0,0
449.25332106761516,11,518,0,0
449.27078804853204,73,357,0,0
449.38642482115574,9,660,0,0
449.40132507365416,70,105,1,0
449.403371146022,15,193,0,0
449.45790626813084,8,252,0,0
449.4621200099955,169,52,0,0
449.5537938971608,13,185,0,0
449.5603243565213,14,154,0,0
449.62643587809185,6,171,0,0
449.66526504867613,8,292,0,0
449.6792942833015,7,276,0,0
449.68092485438797,96,27,0,0
449.69028316822187,180,350,1,0
450.0430446379502,25,210,0,0
450.0733746837543,6,89,0,0
450.2853416715199,110,61,0,0
450.3091211910292,1378,161,0,0
450.33022478105926,15,234,0,0
450.33319672328975,350,115,0,0
450.3779623735637,1180,352,1,0
450.3818116697163,325,130,0,0
450.3857150046592,4,80,0,0
450.5523122228645,6,377,0,0
450.55511146790326,100,508,1,0
452.6210489294515,1245,38,0,0
452.64161477937347,7422,770,1,0
452.64830084846966,73,552,0,0
452.9480110454047,150,100,0,0
452.9509188177846,556,728,0,0
452.977736875821,5,282,0,0
452.9998288820499,11,323,0,0
453.1381360170383,19,233,0,0
453.79667864133773,47,66,0,0
453.83775149398105,1034,146,0,0
453.83930677289555,136,393,0,0
453.84075316514844,466,205,0,0
453.84841567391334,18,3080,0,1
453.95185460519394,11,179,0,0
453.97861115964594,1277,128,0,0
454.0139774960936,4,213,0,0
454.02490421598816,180,32,0,0
454.3330113864676,170,205,1,0
454.3351393743063,18,766,0,0
455.3019540167858,829,39,0,0
455.5274174659346,42,33,0,0
455.6108767648363,1007,686,0,0
455.63039889262944,13,151,0,0
455.64166700723433,914,290,0,0
455.66198771517264,30,580,0,0
455.66887611857135,4,383,0,0
455.6776055509661,33,400,0,1
455.68161485179894,570,3370,0,1
455.7750768104675,978,104,0,0
455.79989903690915,102,91,0,0
455.84905762895886,112,214,0,0
455.8537382022948,3451,161,0,0
455.8554489061586,97,48,0,0
455.85863328021026,11,27,0,0
455.8903482682496,30,116,0,0
455.8922485691788,9,476,0,0
455.9573694139358,401,87,0,0
455.9603789232389,16,26,0,0
455.9684278650963,11,254,0,0
456.0002161301604,117,93,0,0
456.00203563167696,5,26,0,0
456.0023471496361,1772,42,0,0
456.1980816599495,9,111,0,0
456.2118332943423,1002,639,0,0
456.2171955645884,19,211,0,0
456.6852410282763,20,309,0,0
458.15569226913743,2942,712,0,0
458.1757271528561,29,254,0,0
458.2114292675253,4295,251,0,0
461.8821768749567,122,220,0,0
461.8877615244568,109,516,0,0
462.0988045865328,560,193,1,0
462.23328701251415,17,337,0,0
462.23940345242454,80,632,1,0
462.2421246712933,23,4790,0,1
462.24625811694693,44,158,0,0
462.27167085555317,342,102,0,0
462.31019854328736,40,290,0,0
465.8544543821641,2502,5310,0,1
465.856939017988,31,437,0,0
465.88552722667777,9,226,0,0
465.8895422042372,93,233,0,0
465.99967011740847,5,510,0,0
466.0456106116562,293,144,0,0
466.04702114616697,88,4440,0,1
466.0550494191649,27,213,0,0
466.0774292061481,1610,34,0,0
466.16201735960277,5,47,0,0
466.2197315221201,305,253,0,0
466.2968601557926,32,408,0,0
466.3179274863777,22,737,0,0
466.38507508855054,4,10,0,0
466.40883199856563,23,131,0,0
466.5508703855473,9,3480,0,1
466.61615959983465,7,265,0,0
466.6196600477978,282,507,0,0
466.6382594643938,167,437,0,0
466.64269043309724,9,207,0,0
466.6588708569554,1772,250,0,0
466.7227676596429,4,273,0,0
466.747714412525,8,140,0,0
466.7642306784323,82,56,0,0
466.77038358971856,31,32,0,0
467.1679798694546,981,20,0,0
467.1890819611667,21,148,0,0
467.19209975868444,178,474,0,0
467.20012140482345,4,265,0,0
467.33765930625157,360,342,1,0
468.5284168066599,10,291,0,0
468.79303747293926,11,267,0,0
468.80376856297977,35,109,0,0
468.9190606754933,75,145,0,0
468.9198115675891,125,258,0,0
469.02959220318127,49,159,0,0
469.04283236495473,54,319,0,0
469.07830691469417,62,30,0,0
469.08009401941626,9,186,0,0
469.1244899091143,5,63,0,0
469.12612726718856,64,405,0,0
469.1269241907793,9,364,0,0
469.537385304612,990,520,0,0
469.5391320239379,339,82,0,0
469.67063178815226,124,235,0,0
469.67740233638233,12,42,0,0
469.6940682045184,1240,221,0,0
469.7146981996397,54,240,0,0
469.9056882165272,249,243,0,0
469.95486065008566,165,142,0,0
469.95841623155826,33,1500,0,1
469.965757911549,5,158,0,0
470.2554370284386,16,278,0,0
470.5612792200063,87,110,0,0
470.5692699283452,53,228,0,0
470.6908508509787,2637,147,0,0
470.70870058305053,26,115,0,0
470.86251159540825,7,147,0,0
470.86526277252403,44,24,0,0
470.96890193910355,1270,771,1,0
470.97555430173236,560,311,1,0
470.97712789924435,18,290,0,1
471.04507307620406,309,308,0,0
471.1081033526742,36,362,0,0
471.1091202540124,258,2890,0,1
471.1093174617163,6,173,0,0
471.1250198166527,10,3350,0,1
471.1735153777253,2910,14,0,0
471.18032239770235,31,165,0,0
471.2039350609428,80,296,1,0
471.21233164465775,106,313,0,0
471.2188217368297,30,342,0,0
471.2612729521549,17,299,0,0
471.48778343788877,29,663,0,0
471.5367028426037,24,316,0,0
471.546958607208,87,478,0,0
471.5518386886507,11,138,0,0
471.5806724997173,308,263,0,0
471.58090703473556,47,94,0,0
471.6046678435272,200,172,0,0
471.6199415612645,22,289,0,0
471.6382189293394,30,145,0,0
471.6492973038617,32,108,0,0
471.6620564460899,14,187,0,0
471.6630941832339,643,159,0,0
471.73305694998925,48,242,0,0
471.7430509438749,29,233,0,0
471.7625451757932,22,4450,0,1
471.7695390691915,1000,154,1,0
471.77052655579,34,373,0,0
471.83578772431224,470,130,1,0
471.84792159066586,760,1970,0,1
471.85926559417805,34,65,0,0
471.8994916901423,36,29,0,0
472.4564306061078,8,104,0,0
472.4740941130649,737,109,0,0
472.53060479244584,208,241,0,0
473.29311446404625,1933,380,0,0
473.30352177049275,385,588,0,0
473.5224592714423,121,263,0,0
473.54343325756935,758,1000,0,1
473.6882364394547,22,318,0,0
473.71295749539786,58,393,0,0
473.8451729529709,20,318,0,0
473.8496089727872,11,169,0,0
473.85704981284573,66,126,0,0
473.86278339719684,10,242,0,0
473.8735336010952,19,524,0,0
474.05031095357407,37,39,0,0
474.097230888819,11,60,0,0
474.1716563381151,11,701,0,0
474.1845344243288,10,447,0,0
474.20837148023975,49,449,0,0
474.254565242096,222,1140,0,1
474.2954498375809,14,283,0,0
474.3020153122879,9,327,0,0
474.3112075763985,1591,233,0,0
474.3136187051317,40,164,1,0
474.40362601955843,453,401,0,0
474.5689699631403,425,527,0,0
475.45435618188736,77,48,0,0
475.4543989336024,60,451,1,0
475.56044330503545,20,2400,0,1
475.6229212971256,17,2560,0,1
479.55227083180034,18,33,0,0
479.56022921398034,40,214,0,0
479.56443109604663,59,50,0,0
479.59489730953163,11,227,0,0
479.59599662241607,43,102,0,0
479.59717578736917,12,20,0,0
479.65872743342544,9,198,0,0
479.65941734418755,533,320,0,0
479.6614840937001,126,350,0,0
479.8679147120646,76,193,0,0
479.92981909889204,37,60,0,0
479.931246699082,26,324,0,0
480.2399322888427,5,89,0,0
480.2619004804027,8,144,0,0
480.271274941841,22,351,0,0
480.29627485726616,793,324,0,0
480.3116849423815,132,282,0,0
480.50276483688486,5,102,0,0
480.5615745733109,23,361,0,0
480.5647176387361,12,336,0,0
480.57109246554285,114,50,0,0
480.6573470598986,6,288,0,0
480.66273473776687,47,235,0,0
480.665353810771,25,470,0,0
480.66550861326317,349,134,0,0
480.7636862210929,154,288,0,0
480.7820467651531,1471,211,0,0
480.7939646965806,31,300,0,0
480.7970649718623,44,72,0,0
480.80302085460454,18,143,0,0
480.81980749329165,32,362,0,0
480.82167517723616,219,732,0,0
480.84370447214314,21,228,0,0
481.39768301003573,1760,159,0,0
481.4040438248023,27,260,0,0
481.42267022382737,28,373,0,0
481.85002064807765,13,336,0,0
481.8721033605322,1896,174,0,0
482.2906010297395,1000,225,0,0
482.43008166290696,315,341,0,0
482.5461342981742,119,491,0,0
482.55912946307893,15,123,0,0
482.5664085411074,29,150,0,0
482.8259915585083,2203,427,0,0
482.8502714424992,45,87,0,0
482.86493211520246,25,321,0,0
482.8651598790402,39,130,0,0
482.87903678328433,10,767,0,0
485.6056702770445,625,1340,0,1
485.6731782669797,145,190,0,0
486.3404899820261,7,34,0,0
486.371188755882,180,276,0,0
486.37236954743236,307,767,0,0
486.39845697128334,748,522,0,0
487.08252487333965,30,163,0,0
487.1108478940441,86,649,0,0
487.12193360070336,17,125,0,0
487.13597411990276,75,129,0,0
487.13786713476526,87,345,0,0
487.14763684137205,27,4080,0,1
487.1737129470588,25,237,0,0
487.3089924549246,18,486,0,0
487.40168546476895,34,122,0,0
487.403867401559,19,286,0,0
487.4042836209458,10,355,0,0
487.4140728869631,7,66,0,0
487.4183634319742,14,269,0,0
487.5236028995548,5,226,0,0
487.5261593642293,10,255,0,0
487.5923780033494,13,311,0,0
487.60063272941096,4,54,0,0
487.7919326367951,1360,200,1,0
487.8138690227456,16,374,0,0
487.8142443349792,14,193,0,0
487.814416443118,18,18,0,0
487.8500296596376,31,312,0,0
487.8524809161143,8131,61,1,0
487.9851211110112,103,298,0,0
488.00242813812116,8,165,0,0
488.67202618617574,28,200,0,0
488.68959999355263,76,450,0,0
488.6936568461748,11,327,0,0
488.6939820133554,9,248,0,0
488.74305481184786,2384,442,0,0
488.75481841102993,20,114,0,0
488.76439269241837,450,23,1,0
492.7621222397693,11,380,0,0
492.8510712317601,10,328,0,0
492.85382242873567,2587,262,0,0
492.92280670745515,1199,10,0,0
492.9236207417237,11,237,0,0
492.9285493706654,115,118,0,0
493.02892128075473,12,30,0,0
493.03021750971766,16,428,0,0
493.04818146666764,33,50,0,0
493.06866437021205,46,65,0,0
493.0942145105865,5,440,0,0
493.0967542814391,35,63,0,0
493.0978065943423,20,433,0,0
493.1153169031873,27,95,0,0
493.17968150634573,109,645,0,0
493.18211377044173,6,60,0,0
493.27300659408917,3168,160,0,0
493.43727003086696,29,116,0,0
493.4717953677797,12,446,0,0
493.61229740197973,14,223,0,0
493.7420346270434,20,289,0,0
493.9477450358613,141,142,0,0
493.97916285578225,63,168,0,0
494.0123724316816,148,88,0,0
494.0495258455347,44,177,0,0
494.25628657415376,756,149,0,0
494.26296218365223,8,207,0,0
494.63064227458017,9,394,0,0
494.6335177231955,15,80,0,0
495.58978875974356,6,31,0,0
495.65884543028756,273,195,0,0
499.99613972627577,66,550,0,0
500.0287159283482,1196,767,0,0
500.10442898766763,719,421,0,0
500.10526579905047,33,523,0,0
500.11639588463396,134,373,0,0
500.1450001461137,608,767,0,0
500.1894960713757,183,641,0,0
500.2627103285811,222,29,0,0
500.2888805582126,10,350,0,0
500.3062030775297,14,230,0,0
500.43596448469464,59,429,0,0
500.43689481966703,89,218,0,0
500.4447636615518,31,518,0,0
500.52240477839905,9,62,0,0
500.5390031198135,115,128,0,0
500.7540487349147,70,64,1,0
500.7590333729918,42,265,0,0
500.7681099058991,250,317,0,0
500.8365653157899,30,317,0,0
501.52334624253984,1924,757,0,0
501.5247843399834,99,476,0,0
501.5254067060191,24,127,0,0
501.52711982583986,29,4420,0,1
501.52869717006223,29,769,0,0
501.5612175143597,5,123,0,0
501.6870943185054,99,233,0,0
501.70561066123577,20,175,0,0
501.73670085467916,9,129,0,0
501.80463533226424,7,93,0,0
501.84590887922104,12,84,0,0
501.8808084784776,7,202,0,0
501.9118339868294,50,178,0,0
502.10143530240725,603,741,0,0
502.10344576354146,13,301,0,0
502.11064341610216,14,732,0,0
502.14365938316746,78,380,0,0
506.51431713679096,1160,345,0,0
506.51776907726884,23,402,0,0
506.61074458247685,9,212,0,0
506.6151784836521,40,84,0,0
506.6292004997628,127,2570,0,1
506.6332778640678,64,213,0,0
507.4717428589431,95,175,0,0
507.5135468431262,6,148,0,0
507.5207390023769,45,32,0,0
507.66043790310533,8,46,0,0
507.6652279853929,14,445,0,0
507.69899624090385,21,375,0,0
507.70033745202073,29,347,0,0
507.71096530283,185,352,0,0
507.7500814937327,74,398,0,0
507.7890069390423,1275,90,0,0
507.792602049747,1879,260,0,0
507.7968143116737,1557,363,0,0
507.7974075479802,640,43,1,0
507.7976864298199,25,286,0,0
507.8098681214114,24,400,0,0
507.9941512216533,588,335,0,0
508.04429304785515,15,102,0,0
508.1064043581207,147,116,0,0
508.12627114306656,58,68,0,0
508.1447836244287,5,75,0,0
508.16269567340714,6,42,0,0
508.7209534580192,92,271,0,0
508.7310084309951,3143,567,0,0
508.94967956524704,851,633,0,0
508.95084199023404,89,317,0,0
508.953127677195,14,351,0,0
508.9700896947068,800,498,1,0
508.9710757443998,1458,373,0,0
509.4030454153766,38,910,0,1
509.4346562450778,930,106,1,0
509.4808373856288,18,174,0,0
509.48880724851387,14,240,0,0
509.5426034278347,9,322,0,0
509.548187424883,7,29,0,0
509.8469274466104,8,287,0,0
510.1288476373285,353,768,0,0
510.13431403531234,50,348,0,0
510.13811323219045,7,108,0,0
510.1391687819263,16,43,0,0
510.1403374857543,9,62,0,0
510.41385166669227,355,367,0,0
510.5208889003278,45,453,0,0
511.04777540056665,30,69,0,0
511.1129050682265,86,26,0,0
511.2501560640975,20,286,0,0
511.34096515721427,141,35,0,0
511.34995440854203,21,315,0,0
511.38593448376605,28,356,0,0
511.5457662445414,218,114,0,0
511.5783720407802,105,810,0,0
511.58195279495254,40,533,1,0
511.58537972529547,5,250,0,1
520.791367948251,351,243,0,0
520.7957204980339,26,414,0,0
520.8022697160434,5,142,0,0
520.830315405646,21,178,0,0
520.8512963941181,90,81,0,0
521.0426626436276,12,200,0,0
521.0537173112284,7,608,0,0
521.147728066332,605,225,0,0
521.1773514129026,176,591,0,0
521.2071224609518,35,328,0,0
521.224731430851,13,146,0,0
521.2291390855853,22,403,0,0
521.2381344337349,38,331,0,0
521.2406322268953,9,150,0,0
521.2509570691931,309,308,0,0
521.2825189736589,51,186,0,0
521.3217356213929,11,335,0,0
521.3242710557834,77,457,0,0
521.3297252158984,3540,78,0,0
521.342259647983,245,310,0,0
521.6819759679529,9,777,0,0
521.7189389921373,59,16,0,0
521.7695686889472,2065,98,0,0
522.0540521046603,17,3440,0,1
522.119046847907,16,157,0,0
522.1278117172998,19,334,0,0
522.8171550973557,396,347,0,0
522.8359728954899,38,200,0,0
523.0966701375133,22,316,0,0
523.151530901776,61,187,0,0
523.2384014193648,150,164,0,0
523.5648742415981,11,206,0,0
523.5748307733652,57,161,0,0
523.5762290727654,8,38,0,0
523.6213312447467,18,193,0,0
523.6427972119336,4,32,0,0
523.6568729644275,1302,164,0,0
523.6811038424014,330,201,1,0
523.6821296917336,11,586,0,0
523.7047542148899,27,397,0,0
523.7176829218625,9,244,0,0
523.7587327254007,7,209,0,0
523.7774998824402,13,484,0,0
523.7883792997759,280,35,1,0
523.869667995945,1802,182,0,0
524.0610475199846,157,766,0,0
524.0794264666816,4,266,0,0
524.0833351050859,6,890,0,1
524.0888271256305,11,77,0,0
524.323646580485,1426,767,0,0
524.3243887312694,29,265,0,0
524.3462670647675,33,287,0,0
524.379860519392,10,372,0,0
524.4286628655678,1205,64,0,0
524.4290071716305,61,465,0,0
524.4571919497649,15,376,0,0
524.4574221494423,7,63,0,0
524.4630730780948,13,57,0,0
524.4653849508147,26,232,0,0
524.4656647393598,20,19,0,0
524.9266490998978,334,71,0,0
524.9335446833317,38,209,0,0
524.9340878705933,8,334,0,0
524.9354958653907,713,6070,0,1
524.9451961659668,12,334,0,0
524.9973584582541,8187,5,1,0
525.0107767491897,18,767,0,0
525.0119647079583,48,303,0,0
525.3146846497808,27,371,0,0
525.3419016607793,1380,169,1,0
525.7066242033237,24,527,0,0
525.9344808705206,25,575,0,0
525.9622344359825,13,115,0,0
526.1906054961748,84,347,0,0
526.2033107292178,367,469,0,0
526.3299249125391,85,515,0,0
526.3305409038704,25,698,0,0
526.3309601038678,14,514,0,0
526.3327363053003,31,36,0,0
526.3775245189112,14,240,0,0
526.398621828428,13,278,0,0
526.402356984274,334,338,0,0
526.4072152553599,13,288,0,0
526.4123937071992,11,126,0,0
526.4331559839296,164,205,0,0
526.5718715905775,382,7810,0,1
526.6866826542878,3376,209,0,0
526.6977095170124,16,239,0,0
526.7132972553004,768,10,0,0
526.7661181519569,207,340,0,0
526.7680413616334,9,153,0,0
526.7847903546109,28,95,0,0
526.8377012521806,8,137,0,0
526.8791915448389,157,246,0,0
526.8860404749428,55,189,0,0
526.889348986107,30,75,0,0
526.8921401005102,9,333,0,0
527.1781304926649,60,325,0,0
527.196326892159,17,297,0,0
527.1978104221795,80,271,1,0
527.1981201639649,6,80,0,1
527.2161207848088,14,234,0,0
527.5677817032886,239,765,0,0
527.5779817819212,157,288,0,0
527.5809762381355,263,458,0,0
527.6683664174569,99,116,0,0
527.6776356814403,35,63,0,0
527.6907630971529,999,272,0,0
527.7217660960094,1475,153,0,0
527.7309673964876,1316,630,0,0
527.7986589658485,16,255,0,0
527.8887066997881,34,1770,0,1
527.9033359535844,45,32,0,0
527.9091244785866,361,633,0,0
527.9417370772389,35,167,0,0
527.941847584937,82,100,0,0
527.9493719659229,18,84,0,0
527.9550888981967,27,610,0,0
528.0294573764811,14,479,0,0
528.0315169951268,21,319,0,0
528.1797912321055,41,158,0,0
528.193001528393,40,46,1,0
528.232505099198,16,87,0,0
528.4648185544538,179,769,0,0
528.4885788962192,10,719,0,0
528.4937531097466,758,100,0,0
528.5246552610332,105,464,0,0
528.5569748526823,37,141,0,0
529.3863643472656,12,237,0,0
529.4020850298039,163,440,0,0
529.5145154684492,5,143,0,0
529.7700354568277,116,311,0,0
529.9336321131103,542,94,0,0
529.9452105096107,336,358,0,0
529.946993174808,247,267,0,0
530.0975960247351,8,325,0,0
530.6538170664156,13,101,0,0
530.7243173854625,120,110,1,0
530.925679484094,70,769,0,0
530.9522557969889,190,129,1,0
531.059303138352,10,257,0,0
531.346005625075,28,91,0,0
531.36707484159,18,572,0,0
531.6085383442205,44,135,0,0
531.6283122101522,45,70,0,0
531.6317390418743,14,215,0,0
531.6779070008482,14,231,0,0
531.6934392058913,443,126,0,0
531.7461378887398,6,193,0,0
531.8124169755654,29,422,0,0
531.8274924407419,82,311,0,0
531.8762205991992,15,40,0,0
531.8850664279581,20,114,0,0
531.9941029509707,10,507,0,0
531.997576032784,19,337,0,0
531.9989709382095,32,264,0,0
532.1621677556705,7,155,0,0
532.1625783419121,95,17,0,0
532.1748348226897,10,271,0,0
532.1884325073244,12,214,0,0
532.2962797558565,14,269,0,0
532.3087868252985,7,100,0,0
532.3212805066015,507,142,0,0
532.3217963323797,1171,150,0,1
532.4548789816189,22,329,0,0
532.4572146625521,1417,655,0,0
532.475055440945,12,2500,0,1
532.4788667840243,1914,510,0,1
532.6519463217016,23,213,0,0
532.6547831037253,23,21,0,0
532.6559980748546,237,14,0,0
532.8980170154949,13,194,0,0
532.9028797877711,106,55,0,0
532.9313756747928,14,480,0,0
532.9730808441257,9,193,0,0
532.9739639112984,397,66,0,0
533.1081185556708,191,431,0,0
533.1104014344369,16,171,0,0
533.1307924986909,15,159,0,0
533.1738794977687,2806,182,0,0
533.1890464206423,34,159,0,0
533.1920793397625,33,355,0,0
533.3079254043922,14,41,0,0
533.3109768593747,154,607,0,0
533.3122590947378,726,41,0,0
533.5001255453519,15,56,0,0
533.7117530944411,111,39,0,0
533.7121746175287,10,81,0,0
533.7237731898713,8,17,0,0
533.7413749724269,4,178,0,0
533.7414364705152,568,652,0,0
533.7471398741202,29,30,0,0
533.9225422705957,55,194,0,0
533.9248911643759,89,4340,0,1
534.1682965873568,200,146,1,0
535.1031484189864,36,52,0,0
535.1161730357646,13,46,0,0
535.1202532757536,655,239,0,0
535.1405191823999,15,79,0,0
535.1415061299167,439,292,0,0
535.3755973511977,11,442,0,0
535.4242285957248,15,417,0,0
535.4252681163046,7,42,0,0
535.428894834224,42,41,0,0
535.4383314121484,22,201,0,0
535.5975945086208,10,678,0,0
535.6936755697734,7,83,0,0
535.6985661885514,10,326,0,0
535.7240121620943,48,3340,0,1
535.7313776596285,18,578,0,0
535.7783945065358,7,290,0,1
535.7887476545211,2054,245,0,0
537.0356894163108,8,114,0,0
537.0817285488359,10,2350,0,1
537.0922569950989,1227,12,0,0
537.0943939885783,156,6350,0,1
537.0954627502272,18,494,0,0
537.1730862559361,492,7700,0,1
537.2675637767995,3571,357,0,0
537.6971181600961,18,530,0,0
537.6993928882007,13,203,0,0
537.7813530306026,19,139,0,0
537.7828610656298,7,62,0,0
537.8544541982677,134,158,0,0
537.9113050092735,13,108,0,0
537.940338639141,16,703,0,0
537.9500563952464,134,19,0,0
537.956879623352,63,45,0,0
537.9654358311808,25,196,0,0
537.9658026342752,86,392,0,0
538.0359842361069,58,223,0,0
538.0378173781394,11,255,0,0
538.0626580662723,698,110,0,0
538.0788621140861,11,723,0,0
538.1559130492077,5,304,0,0
538.1769582672287,12,1300,0,1
538.1960999624029,772,204,0,0
538.2293231020682,36,465,0,0
538.3655858424413,52,126,0,0
538.3740537982446,39,126,0,0
538.3772325534587,81,149,0,0
538.3972228009183,61,140,0,0
538.4125288246344,13,345,0,0
538.4958582274478,92,522,0,0
538.5387483024085,13,286,0,0
538.5656533502583,12,273,0,0
538.754149453674,73,766,0,0
538.7901674624242,193,133,0,0
538.8598271919261,8,298,0,0
538.86874771012,551,341,0,0
539.2837933988268,858,557,0,0
539.3590938514953,37,297,0,0
539.3622115397775,20,737,0,0
539.3656234114178,115,139,0,0
540.086532324009,13,672,0,0
540.1192503812408,15,210,0,0
540.7928364706717,240,691,0,0
543.1638851070728,160,607,1,0
543.1918690136996,6,43,0,0
543.230722262798,9,62,0,0
543.3393899568681,15,63,0,0
543.3429161612106,21,523,0,0
543.3434701305475,12,43,0,0
544.2496569631467,80,56,0,0
544.2538915444711,8,137,0,0
544.2705014793496,364,3050,0,1
544.7112406016486,282,507,0,0
544.7368323151829,6,248,0,0
544.8808157868922,17,7670,0,1
544.9230453492291,65,134,0,0
544.9247389272606,368,331,0,0
544.9294995573737,26,2320,0,1
544.956136664625,14,275,0,0
544.9593195603634,135,767,0,0
545.1163173968071,86,26,0,0
545.1622377324801,7,388,0,0
545.1631630038158,8,95,0,0
545.2206246655006,51,767,0,0
545.2283676092165,913,161,0,0
545.2399310720258,11,199,0,0
545.3313799800321,43,36,0,0
545.3318870216423,25,445,0,0
545.3351364010612,180,340,1,0
545.371712166681,9,172,0,0
545.372791446671,140,91,1,0
545.6478195923926,25,205,0,0
545.6478481941134,203,298,0,0
545.8231393644219,13,209,0,0
545.9117128240295,23,5030,0,1
545.9170439527695,21,447,0,0
545.9397922330186,467,436,0,0
545.944178980609,3040,6,0,0
546.8011840054082,240,573,1,0
546.8198440191619,13,69,0,0
546.8719043031641,8,49,0,0
546.9064061740474,7,247,0,0
546.9075763398884,361,205,0,0
546.9079628981088,122,252,0,0
546.9346524666038,362,424,0,0
547.2664532898278,39,84,0,0
547.3362348447664,235,493,0,0
547.3496617100111,649,487,0,0
547.3954988873306,143,52,0,0
547.4047762062834,31,26,0,0
547.6593445835828,10,441,0,0
547.7242793293389,12,222,0,0
547.7603465216216,38,9,0,0
549.1074481164268,13,225,0,0
549.1134005962475,5,241,0,0
549.1163602153066,2988,426,0,0
549.1281578575725,130,273,1,0
549.1347439614628,33,246,0,0
549.1407163736205,50,170,0,0
549.206876099356,116,352,0,0
549.2624154440596,30,214,0,0
549.2630002144839,654,348,0,0
549.2677583599449,31,343,0,0
549.2742466735183,711,174,0,0
549.2746920059116,11,388,0,0
549.3381627265052,8,23,0,0
549.3613906702914,18,177,0,0
549.4085632156321,460,256,1,0
549.4133797516787,15,136,0,0
549.4187629527439,28,136,0,0
549.4475911053075,23,60,0,0
549.4680313123049,265,438,0,0
549.4750647696231,14,491,0,0
549.5216320088126,13,150,0,0
549.5259648318137,76,107,0,0
549.6392055690517,900,629,1,0
549.6789529262287,68,714,0,0
549.6843177544898,151,34,0,0
549.6856361512858,303,407,0,0
549.716695209467,9,16,0,0
549.8742275005031,4520,494,1,0
549.8926978174115,3500,88,0,0
550.1961526449059,208,264,0,0
550.2744293776565,428,158,0,0
550.50828974016,44,16,0,0
550.5091727923809,22,284,0,0
550.5138818766725,32,369,0,0
550.5355521538147,13,46,0,0
550.5638491686568,12,304,0,0
550.5770478103335,800,8,0,0
550.5847457523081,356,86,0,0
550.5849701062616,14,43,0,0
550.7532569455384,25,89,0,0
550.8343205165102,47,45,0,0
550.8409801966567,323,112,0,0
550.8598566722136,16,123,0,0
550.8647285774994,20,646,0,0
550.9963591914407,30,172,0,0
551.0072896180175,6110,59,1,0
551.187591979487,9,229,0,0
551.193933604129,21,68,0,0
551.1967004317365,14,491,0,0
551.1973452836438,2379,79,0,0
551.2388149431205,52,19,0,0
551.2437452716271,209,228,0,0
551.297034695124,965,768,0,0
551.4489639067433,10,265,0,0
551.4823251492976,70,347,0,0
551.8418213780335,16,420,0,0
551.8496946067456,250,95,1,0
551.8532335576775,12,221,0,0
551.8846754317557,119,222,0,0
551.8977050018219,49,37,0,0
552.3277105123611,47,406,0,0
552.3282461339252,37,405,0,0
552.330219496509,15,303,0,0
552.5683450394513,31,87,0,0
552.5719650984066,74,673,0,0
552.5830236901846,10,170,0,0
552.5894579580079,22,514,0,0
552.6053465965908,810,647,1,0
553.7432357522955,1394,706,0,0
553.8967136298976,66,278,0,0
553.9144885570508,22,140,0,0
554.7302434334619,351,469,0,0
554.7328436506986,78,604,0,0
554.7585143110717,27,228,0,0
555.5944907360456,13,183,0,0
555.5958921963022,177,291,0,0
555.5986115726785,206,247,0,0
555.6012784505662,1230,33,0,0
555.6098737363812,1804,103,0,0
555.6955974279101,7,256,0,0
556.066282203015,1690,11,0,0
556.2443642959829,61,74,0,0
556.4987085336809,176,18,0,0
556.5359470796361,8,17,0,0
556.5420559542081,8,218,0,0
556.5449663013926,8,152,0,0
556.5630899803185,16,207,0,0
556.5659917573078,749,265,0,0
556.5675385394028,83,475,0,0
556.6209370511369,21,509,0,0
556.6240701457044,9,554,0,0
556.6335822880803,29,690,0,0
557.7668144704394,6,26,0,0
557.8140794820715,150,319,1,0
557.8636922310758,9,217,0,0
557.8746256156489,30,259,0,0
557.8774927341094,21,7660,0,1
557.933117710948,13,432,0,0
557.9408431358689,9,124,0,0
557.9533550671869,14,101,0,0
557.9583978763844,21,369,0,0
557.9967048629157,33,362,0,0
558.0248774645557,42,551,0,0
558.0250904538183,64,266,0,0
558.0276249023725,1361,400,0,0
558.0394826816239,40,197,0,0
558.7532993459304,15,184,0,0
558.7557670181249,340,768,1,0
558.7912090591609,8,272,0,0
558.9501983595864,24,520,0,0
559.1057623111718,7,21,0,0
559.1118441294045,19,62,0,0
559.2190056883401,60,307,1,0
559.2480158385048,2307,345,0,0
559.268109207527,51,30,0,0
559.2744814443179,14,242,0,0
559.2749715207144,36,364,0,0
559.2809863351299,8,37,0,0
559.2817309964992,14,295,0,0
559.3776171220195,7,1520,0,1
559.4169409873936,17,72,0,0
559.9829675570703,2619,152,0,0
559.983805486568,529,210,0,0
559.9844923747936,289,432,0,0
559.9952218956905,27,459,0,0
560.0190073764984,127,171,0,0
560.1099364854852,10,157,0,0
560.1114904028697,17,442,0,0
560.1118964285139,16,308,0,0
560.1139555605357,18,467,0,0
573.3946012419578,105,426,0,0
573.3965881838903,45,117,0,0
573.4008463232302,59,18,0,0
573.4809534275838,90,81,0,0
573.5298188390416,77,211,0,0
573.5359488803259,40,227,0,0
573.5359788970197,6,256,0,0
573.5868657967817,188,243,0,0
573.5917543774457,144,16,0,0
573.7973068207299,12,404,0,0
573.8141520695366,51,194,0,0
573.8606722866882,9,103,0,0
573.8609990026166,15,643,0,0
573.8793280450398,20,319,0,0
573.8926239694513,5,358,0,0
573.8988800770358,24,167,0,0
573.9356367995367,2163,201,0,0
573.986850247627,332,1070,0,1
573.993523425271,48,335,0,0
574.0513151517997,2150,43,0,0
574.3895489068874,186,767,0,0
574.4385395920584,56,378,0,0
574.4510253652536,470,458,1,0
574.4821098141969,73,766,0,0
574.4936083828304,16,12,0,0
574.5237018987905,12,121,0,0
574.6105098643388,496,211,0,0
574.6193539864396,30,537,0,0
574.6871525533031,14,186,0,0
575.1864489299281,103,427,0,0
575.1980573199083,15,145,0,0
575.2019667091789,15,42,0,0
575.2099769941505,79,282,0,0
575.2779328543087,94,3370,0,1
575.3174474714399,18,2180,0,1
575.3229172548903,58,69,0,0
575.3230131385442,516,212,0,0
575.370997950375,10,148,0,0
575.4143562425334,25,350,0,1
575.4557134278248,8,263,0,0
575.4601269438361,356,603,0,0
575.4603309998131,66,570,0,1
575.4686545477429,8,110,0,0
575.4725040248395,15,324,0,0
575.5292828783847,189,72,0,0
575.9259443469425,1912,31,0,0
576.0287426418703,368,413,0,0
576.0388690136728,24,311,0,0
576.1309806211489,3043,675,0,0
576.137425894997,13,250,0,0
576.2224218681744,123,786,0,0
576.244870658285,342,120,0,0
576.2520125050149,50,277,0,0
576.2941031707561,115,1770,0,1
576.3208412070467,10,3640,0,1
576.6411322217159,90,176,0,0
576.6584938156179,191,160,0,0
576.6736115071992,39,298,0,0
577.013158359184,54,337,0,0
577.0561485093893,22,74,0,0
577.0891735863879,193,650,0,0
578.3056989686471,96,371,0,0
578.3058598463754,12,288,0,0
578.3069943150635,816,86,0,0
578.3137407483146,26,91,0,0
578.6423805721635,21,3300,0,1
579.1690246126549,12,181,0,0
579.2169501901731,159,29,0,0
579.2245347097079,16,91,0,0
579.2262221618422,26,706,0,0
579.3144470065678,513,209,0,0
579.3777522619746,10,264,0,0
579.387186092779,39,343,0,0
579.6317439730096,14,61,0,0
580.5101487057524,266,379,0,0
580.5153010385137,113,135,0,0
580.574035393932,539,33,0,0
580.5764021248448,8,121,0,0
580.6266244426894,271,319,0,0
580.6290579176572,60,65,0,0
580.6637424464667,48,728,0,0
582.0797214529285,120,530,0,0
582.0891580010287,40,231,0,0
582.6702061198246,87,129,0,0
583.1276855191934,97,172,0,0
583.469210125198,104,7690,0,1
583.4828478157759,250,59,0,0
583.4845495111244,100,3460,1,1
583.5166810286556,14,394,0,0
583.6205622022874,13,304,0,0
583.6298438681393,87,302,0,0
583.6346186320826,8,1370,0,1
583.6368894291817,12,56,0,0
595.1998734775299,997,265,0,0
595.2003123100259,4,214,0,0
595.3334280868818,13,128,0,0
595.3431648182595,65,51,0,0
595.6213477921377,10,153,0,0
595.9547251273883,21,260,0,0
595.9579976030815,6,126,0,0
595.9802178084473,4,29,0,0
595.9935440936761,139,400,0,0
596.0722462395831,42,497,0,0
596.091847980785,12,41,0,0
596.2191110777998,52,518,0,0
596.2878633916457,58,283,0,0
596.2956654724294,7,487,0,0
596.5110126810387,12,96,0,0
596.5773228539185,27,278,0,0
596.6500182126707,109,193,0,0
596.660913148164,1522,334,0,0
596.7688233032198,258,678,0,0
596.7800673768903,710,197,0,0
597.1283715485265,159,251,0,0
597.1874292016975,51,286,0,0
597.1876795384452,115,705,0,0
597.2766495466014,32,225,0,0
597.3503499705228,70,205,1,0
597.3783805095145,4,141,0,0
597.508357314739,42,49,0,0
597.5096309757331,47,226,0,0
597.5601291429348,105,127,0,0
597.5655821357029,73,283,0,0
597.6040532999306,7,224,0,0
597.6099204251615,6,267,0,0
597.6118027386262,160,543,0,0
597.6244139978264,117,764,0,0
597.6252525876968,5,82,0,0
597.6515609409959,11,545,0,0
597.755247844103,59,16,0,0
598.0775478960793,19,133,0,0
598.1318534392657,15,191,0,0
598.1412339727545,11,2420,0,1
598.1576142044331,5053,1077,0,0
598.1767088242754,77,418,0,0
598.4668695723897,52,604,0,0
598.4704596055697,11,346,0,0
598.478830660181,43,104,0,0
598.4792075360638,160,767,1,0
598.766947291832,41,139,0,0
598.7690783868775,20,717,0,0
598.7709047324099,338,3350,0,1
598.7713774915795,27,97,0,0
598.8097816862761,269,126,0,0
598.8229306943484,30,365,0,0
598.8338681686462,9,10,0,0
598.8352498379016,17,473,0,0
598.8427244051846,22,33,0,0
599.065652015545,361,186,0,0
599.0666612988767,12,241,0,0
599.0940269919681,419,295,0,0
599.4075497875468,52,154,0,0
599.4097302666709,6,106,0,0
599.4855809767065,13,272,0,0
599.564124755478,7,3010,0,1
599.5684250594473,6340,333,1,0
599.5857771323833,44,171,0,0
599.6631974048471,9,181,0,0
599.781411374979,10,2270,0,1
599.78768506456,19,225,0,0
599.7887723016363,32,621,0,0
599.8171135060323,9,265,0,0
599.8452813724008,88,194,0,0
599.9237123352809,48,36,0,0
600.2513513889019,20,106,0,0
600.444429352072,3474,44,0,0
600.5660376273685,34,309,0,0
600.5774472058697,21,659,0,0
600.8439496692256,1840,604,1,0
601.0624464501076,2094,767,0,0
601.0730795367551,102,643,0,0
601.0811936644043,217,78,0,0
601.0826010833811,30,478,0,0
601.0908516536193,64,767,0,0
601.1131593756157,22,254,0,0
601.1268662345934,27,370,0,0
601.1988833663273,160,496,1,0
601.2228314888885,16,268,0,0
601.2267058492043,48,289,0,0
601.4858241779151,144,767,0,0
601.4865702226715,90,272,1,0
601.6582954398434,9,75,0,0
601.6833651425454,11,154,0,0
601.7218838312418,6,71,0,0
601.7277497830387,14,287,0,0
601.7564244315827,26,170,0,0
602.3152229083289,9,96,0,0
602.3215627286968,15,161,0,0
602.3633358706478,45,206,0,0
602.3921293910322,11,32,0,0
602.3921781070532,14,76,0,0
602.3991253508368,7,196,0,0
602.4398976980686,321,188,0,0
602.4455533045449,12,110,0,0
602.4603871847877,12,467,0,0
602.4623143580172,664,234,0,0
603.0208812121175,4,146,0,0
603.0602523689848,79,157,0,0
603.0748392072187,5,202,0,0
603.079623962246,25,400,0,1
603.2214122009881,36,767,0,0
603.249453136806,113,732,0,0
603.3575206990228,6,290,0,0
603.4284576088309,99,31,0,0
603.4298747899084,10,44,0,0
603.4864007684533,1561,174,0,0
603.4865790776843,156,127,0,0
603.4866708437404,23,132,0,0
603.4978618730439,72,130,0,0
604.0935350891755,18,329,0,0
604.1514098510379,110,401,1,0
604.2097688272463,6,126,0,0
604.2131910331409,777,417,0,0
604.2269676757799,99,150,0,0
604.279697656938,10,282,0,0
604.2799737615131,47,17,0,0
604.2838781618639,10,206,0,0
604.2908379046742,38,373,0,0
604.4003244175109,27,402,0,0
604.6113664927497,521,328,0,0
604.6169784033668,64,593,0,0
604.9924273877263,2063,69,0,0
605.0173881641771,1024,502,0,0
605.0332884614668,64,492,0,0
605.2968373666589,6,92,0,0
605.3007567747213,231,468,0,0
605.3057767723101,264,151,0,0
605.3073059803759,166,1060,0,1
605.3111064843584,1783,257,0,0
605.3113185219638,8,32,0,0
607.9273677561746,47,438,0,0
608.0007595402516,1106,317,0,0
608.8285924298044,92,769,0,0
608.829427510972,202,186,0,0
608.82989017587,22,320,0,0
609.1692186030548,150,6990,1,1
609.1795690822136,220,688,1,0
609.1886715295524,17,379,0,0
609.195570455264,120,37,0,0
609.1967867482606,1830,126,1,0
609.2009436407235,1199,469,0,0
610.4511074731677,202,307,0,0
610.4531319806234,370,394,1,0
610.7930508012599,8,258,0,0
610.832248140142,787,156,0,0
610.9253768286225,11,138,0,0
611.109910813302,56,301,0,0
611.1124388165482,15,282,0,0
611.2164258876802,102,97,0,0
611.2611304637383,351,417,0,0
615.6471838933563,12,223,0,0
615.691674019977,1053,224,0,0
615.8385058181741,12,330,0,0
615.8676185914987,21,406,0,0
615.9082780257202,13,385,0,0
615.941845672012,435,450,0,0
615.9602267458392,857,188,0,0
616.1215246191954,80,111,0,0
616.1580518121491,11,212,0,0
616.2136762193261,17,124,0,0
616.3314090569139,14,870,0,1
616.3366344454063,118,312,0,0
616.34759499443,10,426,0,0
616.3844753006387,12,122,0,0
616.4377044750053,414,311,0,0
617.1088554558477,65,265,0,0
617.1091399713494,1378,422,0,0
617.1131694511922,142,226,0,0
617.1158622686204,24,439,0,0
617.1372536734189,30,599,0,0
617.1484428979211,9,191,0,0
617.1490332734545,76,122,0,0
617.151781016678,50,210,0,0
617.1545545727289,30,197,0,0
617.1550787487647,19,134,0,0
617.1572672486932,47,890,0,1
617.162270437896,28,698,0,0
617.3049491339833,28,250,0,0
617.3262855476387,6,3070,0,1
617.3324560758649,3267,424,0,0
617.3362953503223,15,309,0,0
617.3473702657393,1111,706,0,0
617.5401576930758,137,299,0,0
617.7739828626472,83,202,0,0
617.7771474163658,93,767,0,0
617.7856410661448,9,769,0,0
617.8091945574113,22,19,0,0
617.8414205531166,23,180,0,0
617.8435425008463,13,278,0,0
617.9007068134877,15,4510,0,1
617.9918294624009,6,290,0,0
618.0988118380378,36,272,0,0
618.8718357091377,30,321,0,0
619.0016415031014,44,85,0,0
619.014852247596,755,768,0,0
619.0159066762801,121,21,0,0
619.031838650241,857,188,0,0
619.0366425922542,11,117,0,0
619.2008353442629,23,24,0,0
619.2159520945529,2970,24,0,0
619.2174361107142,15,282,0,0
619.224041156184,11,187,0,0
619.5802538716431,1317,766,0,0
619.5850202447649,45,89,0,0
619.6113126287078,15,540,0,0
619.7596550658018,9,739,0,0
619.7956719009346,1358,333,0,0
619.7968306937973,100,258,1,0
619.7978994794703,739,770,0,0
619.8012985033951,26,2100,0,1
619.8456149902361,33,281,0,0
619.8763561797842,9,62,0,0
619.8803278067693,145,55,0,0
619.8987875866409,211,268,0,0
619.9278807045622,11,338,0,0
619.9285054966051,1544,717,0,0
619.9299402432096,26,294,0,0
619.9505668512991,57,345,0,0
620.1142517772557,31,455,0,0
620.1263742991316,61,65,0,0
620.1526410172766,4,106,0,0
620.5068320207491,8,100,0,0
620.510398129147,38,383,0,0
620.5273961817788,477,344,0,0
620.53753610986,29,16,0,0
621.2735392730096,32,255,0,0
621.2799209835512,2510,277,1,0
621.283217159529,40,252,0,0
621.4123679024807,41,153,0,0
627.8820101614311,2999,722,0,0
628.0040468113812,182,160,0,0
628.2560613449679,6,216,0,0
628.5185821657461,47,406,0,0
628.5751215787051,207,79,0,0
628.5888179837618,23,560,0,0
629.3270189653359,7,330,0,0
629.3827764278823,2380,20,0,0
629.3849410790432,28,263,0,0
629.3926155150676,808,317,0,0
629.4135539330919,155,204,0,0
629.4174564431552,54,194,0,0
629.4362058230038,165,45,0,0
629.4451399046352,1280,62,1,0
629.4539727956628,90,88,1,0
629.455022535665,1087,174,0,0
629.8482542283222,498,347,0,0
629.8503523436385,15,297,0,0
629.8517831973845,320,210,1,0
629.9240619787945,31,416,0,0
629.937081750927,68,286,0,0
629.9518663617962,102,99,0,0
630.6706903746428,280,491,0,0
630.6751279570888,677,371,0,0
630.6765522382246,520,484,0,0
630.6799085953968,24,476,0,0
630.6850661585122,6,317,0,0
630.7177497176311,103,3500,0,1
630.7734318795996,71,297,0,0
630.9654511157183,18,6430,0,1
630.9735413073198,410,449,1,0
631.0242909213989,12,2730,0,1
631.0270206202033,30,691,0,0
631.034095764935,26,15,0,0
631.0587620664305,5182,205,0,0
631.0606381485151,100,281,1,0
631.637157470251,1230,33,0,0
631.6449770694611,110,450,0,1
631.6479791437115,240,171,0,0
631.6509015225637,35,246,0,0
631.6801731047536,18,529,0,0
632.2399087453202,608,567,0,0
632.2411225424958,86,370,0,0
632.2655501236452,271,395,0,0
632.2686348272215,15,218,0,0
632.3643072668553,49,37,0,0
632.3704812084992,1053,763,0,0
632.3706915544635,154,711,0,0
632.3724360099793,324,485,0,0
632.3821692058673,467,228,0,0
632.3914601931012,1100,274,0,0
632.7674444669682,6,156,0,0
632.8090334849754,100,341,0,0
632.8112374639461,955,53,0,0
632.8985247951192,321,216,0,0
632.9121251852357,32,1380,0,1
634.0346307505331,11,234,0,0
634.0447606789638,80,270,1,0
634.0496875018639,210,319,0,0
634.0825270529749,7,247,0,0
634.7285008372746,16,80,0,0
634.7367189689296,5,201,0,0
635.1319242041673,9,194,0,0
635.1530621369304,32,421,0,0
635.1830381007779,51,3290,0,1
635.4309221701458,6,297,0,0
635.6001055572673,11,95,0,0
635.6619559516541,34,159,0,0
636.488871737355,15,766,0,0
636.4962091633465,8,115,0,0
636.4963423419897,38,350,0,0
636.5758944438347,1580,73,1,0
636.6045603362737,586,673,0,0
636.6166572199753,16,646,0,0
636.8261838772075,47,108,0,0
636.8264029513717,427,19,0,0
636.8362319739304,410,219,0,0
637.084368442755,1259,245,0,0
637.1179736760854,17,273,0,0
637.3473462974564,236,14,0,0
637.3783317129153,39,102,0,0
637.3799048928773,18,729,0,0
637.381483492647,9,169,0,0
637.4072904656116,140,115,0,0
637.4085537978551,143,405,0,0
637.8562311692651,16,182,0,0
637.8592372661465,12,32,0,0
637.8597075455982,36,145,0,0
637.8697658003889,52,333,0,0
637.9192764074897,517,222,0,0
637.9335291877691,16,767,0,0
637.9449546585171,50,389,0,0
637.951613045126,78,19,0,0
637.9520774344055,344,327,0,0
637.9747501585126,314,571,0,0
638.0584823694355,1750,465,1,0
638.0607758361199,74,329,0,0
638.107586492379,12,334,0,0
638.1081244841195,6,179,0,0
638.1334015306861,17,261,0,0
638.1354552401273,20,283,0,0
638.2261766055765,11,391,0,0
638.2270775060457,9,319,0,0
638.2285384647444,538,449,0,0
638.2370306214411,25,153,0,0
638.2521145057664,280,59,1,0
638.2609390712927,9,287,0,0
638.3292148408144,34,664,0,0
638.3453159933345,63,278,0,0
638.3541020600727,20,339,0,0
638.8226597186733,130,66,0,0
638.9353467736179,13,62,0,0
638.9624330162569,7,123,0,0
638.9972045826787,83,412,0,0
638.9976240431938,45,340,0,1
638.9989459074084,337,320,0,0
640.2522897197078,89,61,0,0
640.2531015843355,3388,174,0,0
640.372354263116,14,365,0,0
640.4118101672282,23,19,0,0
640.4193338283412,635,175,0,0
643.3246963089666,47,704,0,0
643.3346327495605,27,66,0,0
643.6783539569795,52,604,0,0
643.6828238545304,31,108,0,0
643.714458243541,4,216,0,0
643.7480343176844,89,167,0,0
643.7747719104973,45,532,0,0
643.9502718656425,54,383,0,0
643.9811886299236,125,275,0,0
643.9824677158983,62,396,0,0
644.0081805434837,137,536,0,0
644.0086890050452,115,363,0,0
644.2961687413228,8,27,0,0
644.4202511524257,25,522,0,0
644.5249579914067,33,510,0,1
644.5360174710256,114,256,0,0
644.5833581772062,60,34,0,0
644.583553572524,414,238,0,0
644.5883443369544,30,331,0,0
644.6109878874414,12,311,0,0
644.6111470647129,5,123,0,0
644.6348161474532,3478,196,0,0
644.6421388457883,45,213,0,0
644.6726408115219,140,560,1,0
644.6777204989585,16,7030,0,1
644.93705980768,13,374,0,0
644.9515910945136,20,313,0,0
645.1416331335707,62,2870,0,1
645.2409937861545,629,390,0,0
645.2423532692903,60,59,1,0
645.2425808194558,360,293,1,0
645.2509459347568,43,761,0,0
645.2821004819698,31,546,0,0
645.3158404048224,13,403,0,0
645.3222298535926,16,1830,0,1
646.7897494578873,12,116,0,0
646.8035038435273,16,163,0,0
647.1627319354826,145,40,0,0
647.1632753105764,30,1630,0,1
647.2099045984843,28,64,0,0
647.2228693334973,15,381,0,0
647.3745865664852,100,167,1,0
650.2170067972305,23,36,0,0
650.2215436664287,27,547,0,0
650.2270442382708,2560,727,1,0
650.24110003099,440,451,1,0
650.2506988177593,22,108,0,0
650.2678693438006,308,615,0,0
650.287448186881,8,47,0,0
650.2930213584268,370,39,1,0
650.3113534000584,3500,88,0,0
650.3225913526705,3540,67,0,0
650.5885296469992,14,403,0,0
650.5938857604381,62,184,0,0
650.6876598059066,80,506,0,0
650.7474116947814,93,4320,0,1
650.7726044279613,224,773,0,0
650.9456825859021,572,392,0,0
650.9460564593779,9,329,0,0
650.9870555267107,14,177,0,0
650.9910490793342,22,234,0,0
650.9912086059329,40,295,0,0
650.9993752474124,19,600,0,1
651.0330100243057,31,326,0,0
651.0333089497669,430,177,0,0
651.0642603055257,188,767,0,0
651.0665175939253,10,1760,0,1
651.0696321604744,23,377,0,0
651.4454223539929,19,697,0,0
651.6380475635843,12,23,0,0
651.7059151149945,2066,247,0,0
651.7455692189955,68,286,0,0
651.7483212798859,15,262,0,0
652.4931790412135,27,142,0,0
652.6592986960371,1120,354,0,0
652.7343757200405,393,226,0,0
653.0652382220344,126,209,0,0
653.0927746155274,609,772,0,0
653.1130668958896,39,150,0,1
653.2019650184496,90,213,0,0
653.2969915951346,11,211,0,0
653.8229123695521,5,107,0,0
653.831308658675,526,330,0,0
654.5687708046039,19,65,0,0
654.5912102581887,614,288,0,0
654.7497858513858,49,216,0,0
654.788079987883,1390,613,1,0
654.7885579237903,32,252,0,0
654.8022528652189,23,139,0,0
654.8156384441243,4,58,0,0
654.8241540952716,18,254,0,0
657.9373910341604,24,445,0,0
657.9458536631072,12,115,0,0
658.0054169783283,664,144,0,0
658.0804895649396,24,408,0,0
658.0882776000824,175,391,0,0
658.0893098148637,4,244,0,0
658.0920564207335,5000,133,1,0
658.5253501127122,42,243,0,0
658.5294225085462,20,403,0,0
658.5655019586028,498,48,0,0
658.5990229720219,25,188,0,0
658.6009942062882,7,203,0,0
658.696358773671,1617,188,0,0
658.747987332348,23,389,0,0
658.7492237966377,10,231,0,0
658.7518131397508,13,225,0,0
658.7591424394432,412,321,0,0
658.917470994048,7,17,0,0
658.9216206410726,35,109,0,0
658.921931866734,339,82,0,0
659.5599916198347,89,640,0,0
659.5620134695076,2806,182,0,0
659.567132259525,3157,397,0,0
659.5720157310574,270,88,0,0
659.5723042622302,612,506,0,0
659.8231757816286,1522,22,0,0
659.9562488480752,145,190,0,0
660.1133482419615,2384,442,0,0
660.1425312327949,95,132,0,0
672.7155408163802,77,321,0,0
672.7165688004246,190,404,0,0
672.7379900736917,28,504,0,0
672.7473558896597,556,676,0,0
672.7475013139007,11,125,0,0
672.7507815563707,5,123,0,0
672.7615005558335,7,174,0,0
672.7744199411811,68,87,0,0
672.7825807104891,10,424,0,0
672.7979732986862,7040,106,1,0
672.8228525492921,17,89,0,0
672.8330744006396,12,354,0,0
673.0667946094098,14,252,0,0
673.0821020632081,39,423,0,0
673.375459104711,820,770,0,0
673.7386906787481,8,78,0,0
673.7649476315163,9,327,0,0
673.7681102039021,13,332,0,0
673.8115471522939,70,115,1,0
674.0938547444948,7,29,0,0
674.0940322307966,83,615,0,0
674.1037421546295,9,621,0,0
676.6554331682461,128,247,0,0
676.6673060067413,1629,9,0,0
676.6713299128475,305,601,0,0
676.6751259362672,50,295,0,0
676.680326266972,36,140,0,0
676.6867756237364,268,343,0,0
676.6879520253635,9,160,0,0
676.711372096418,134,32,0,0
676.7299237141924,1063,469,0,0
676.7309536156584,918,769,0,0
676.9616945246489,10,115,0,0
677.1280908939442,217,413,0,0
677.1339296655987,793,478,0,0
677.1440944850282,188,81,0,0
677.185289184333,720,712,0,0
677.203909693198,19,202,0,0
677.2626389540486,18,362,0,0
677.4404628708535,285,375,0,0
677.9162107833691,240,149,1,0
678.0766083103749,163,440,0,0
678.0896041511646,10,139,0,0
678.0990303245602,226,588,0,0
678.0998506769682,89,304,0,0
678.1243867471702,11,34,0,0
678.6834121383591,72,550,0,1
678.7496231075494,29,140,0,0
678.7547347987767,54,520,0,0
678.7929697910923,14,87,0,0
678.8011794984816,558,303,0,0
678.8233937818605,726,88,0,0
678.8286169669727,210,196,1,0
679.3902186774778,1556,769,0,0
679.390437107721,861,337,0,0
679.3926154571478,625,289,0,0
679.4591794603078,16,240,0,0
679.4593834808646,2806,1820,0,1
679.4668176898264,11,103,0,0
679.468118962771,16,137,0,0
679.504085389652,15,24,0,0
679.5224836487325,106,552,0,0
679.5373133400112,71,36,0,0
679.5550111198693,34,70,0,0
679.5662435699827,14,1200,0,1
680.5216463749175,11,107,0,0
680.5304719583672,60,248,1,0
680.532557581744,924,1920,0,1
680.5529698465187,9,306,0,0
680.5537197038065,25,830,0,1
680.5556274723046,62,85,0,0
680.6962173528367,42,767,0,0
680.7219887683509,31,331,0,0
680.7362633287293,5,275,0,0
680.9127161949357,6,28,0,0
680.9153501986581,21,173,0,0
680.9157291282474,49,348,0,0
681.0671183761,5,70,0,0
681.0776266846045,10,256,0,0
683.8314236960865,650,225,0,0
683.8321116286882,14,154,0,0
683.8529460910682,11,32,0,0
683.8586583733787,341,530,0,0
683.8878863071315,13,279,0,0
683.9030441883518,34,390,0,0
683.9117426127979,7,245,0,0
684.3478280058507,10,395,0,0
684.5204888097683,27,128,0,0
684.5606931387053,11,289,0,0
684.6335567341838,25,44,0,0
684.6712769796883,28,269,0,0
684.6717614219671,2502,531,0,0
684.6750090658152,11,135,0,0
684.712701294502,2912,212,0,0
684.7406747083762,39,162,0,0
685.4125625110945,302,640,0,0
685.4165942534535,40,39,0,0
685.4304918750942,45,246,0,0
685.4509912932401,10,175,0,0
685.4820155477476,7,105,0,0
685.7285527545719,5,213,0,0
685.7317556671082,1343,44,0,0
685.892104108179,28,427,0,0
685.9350196462227,24,360,0,0
685.9359394565957,1382,29,0,0
685.9371822224047,12,73,0,0
685.9523935611854,701,550,0,0
686.6941691293157,9,329,0,0
686.7351036150609,181,2590,0,1
686.8015116856399,11,50,0,0
686.8384918787688,16,202,0,0
686.84005918277,133,1620,0,1
686.8449697074842,7,197,0,0
686.845622338122,728,32,0,0
686.9547518060845,12,99,0,0
686.9624973891702,101,45,0,0
687.2209223134498,586,140,0,0
687.2363267833158,627,20,0,0
687.2372221511513,22,58,0,0
687.2449849346048,30,48,0,0
687.3949050090959,28,320,0,0
687.4044169786621,29,55,0,0
687.4258005423234,102,10,0,0
687.4265490105364,15,624,0,0
687.4349037504251,86,240,0,1
687.5213687560715,75,229,0,0
687.5362568460083,30,370,0,1
687.5649578807557,36,67,0,0
687.5976699390396,64,59,0,0
687.6012380417071,165,412,0,0
687.6222131036674,9,334,0,0
687.637895237455,109,678,0,0
687.6423000237415,15,22,0,0
688.360682640322,11,531,0,0
688.8943785007837,68,58,0,0
689.1955418722251,70,443,0,0
689.2118928992786,17,362,0,0
689.2126745521875,171,101,0,0
689.3059707416382,19,62,0,0
689.310687955754,6,1630,0,1
689.407537931048,288,715,0,0
689.4160757197174,340,339,0,0
689.4205666025566,25,181,0,0
689.4209426535538,111,196,0,0
689.4566962072342,15,2070,0,1
689.5210527262764,252,767,0,0
689.5936385399742,70,165,0,0
689.726052233636,72,597,0,0
689.7266707755583,8,233,0,0
689.753260593032,32,444,0,0
689.8729977954815,625,257,0,0
690.0483845048421,23,215,0,0
690.0490762047467,1266,201,0,0
690.0833399890641,914,156,0,0
690.2549925806487,8,113,0,0
690.3347523671584,21,32,0,0
690.3377794602187,1714,329,0,0
690.4733544814615,4,176,0,0
690.508369817592,25,426,0,0
690.9008117030519,59,84,0,0
690.9055829955803,66,265,0,0
690.9328832790947,625,324,0,0
690.9536269895648,39,237,0,0
691.0348018479109,927,774,0,0
691.0358567590075,11,254,0,0
691.0524726907876,185,188,0,0
691.0537792583449,16,98,0,0
691.0661355804202,86,536,0,0
691.07198982574,6,235,0,0
691.0889873857677,12,219,0,0
691.1877693744741,15,61,0,0
691.2282491516114,15,311,0,0
691.2802890614452,18,445,0,0
691.3265881907499,47,574,0,0
691.3411769620409,8,178,0,0
691.346305256704,20,75,0,0
691.3833268246941,136,141,0,0
691.383837823729,34,52,0,0
691.413339665443,9,185,0,0
691.4197551144678,181,245,0,0
691.4239017506799,109,125,0,0
691.4454077177378,55,156,0,0
691.4678651380226,240,2600,0,1
691.4698247940263,610,85,1,0
691.487371913734,123,1000,0,1
691.54261584469,86,572,0,0
691.5468878857445,23,2030,0,1
691.624481001177,33,430,0,0
691.6254447831094,59,198,0,0
691.6285597497946,85,429,0,0
691.7054180577576,1251,544,0,0
691.715865049317,14,101,0,0
691.7216746262206,76,714,0,0
691.771572092753,19,110,0,0
691.8533805249834,10,609,0,0
691.8695957248627,38,502,0,0
691.9074616157369,210,333,1,0
691.9281453432866,69,195,0,0
691.9339117506298,10,148,0,0
691.9643715769402,14,353,0,0
691.9748311663789,33,90,0,0
691.9750969540376,36,159,0,0
691.9813575941877,29,330,0,1
692.0312150940824,34,355,0,0
692.0504900447363,3664,93,0,0
692.0672056533044,13,159,0,0
692.0721964012464,70,391,1,0
692.0729936820145,98,186,0,0
692.075323454605,77,440,0,0
692.0764320388593,1316,375,0,0
692.0771967261817,48,232,0,0
692.1215745543162,12,286,0,0
692.128087733538,1450,224,0,0
692.1294972781191,45,5,0,0
692.174194303444,11,312,0,0
692.2598404601082,24,77,0,0
692.2606857460129,23,298,0,0
692.3261872164194,101,392,0,0
692.3275253303956,1447,599,0,0
695.3592979873339,38,81,0,0
695.3931486406158,51,47,0,0
695.3934418344518,290,72,1,0
695.5747032085424,13,403,0,0
695.5770437036339,1181,171,0,0
695.6200417194698,230,290,1,0
696.1885747018296,55,468,0,0
696.3111251968061,6,85,0,0
696.3117957792856,17,282,0,0
696.3343263982503,14,364,0,0
696.3392225569286,24,39,0,0
696.3677973645024,87,688,0,0
696.3768998952473,11,550,0,0
696.3903255604467,214,678,0,0
696.7902666060522,736,574,0,0
696.7952412824759,25,213,0,0
697.0031600793893,26,481,0,0
697.0056752219505,14,206,0,0
697.0170478257273,16,226,0,0
697.0178944916394,390,349,0,0
697.2006372661324,281,347,0,0
697.2214512246212,57,157,0,0
697.2225781267634,9,19,0,0
697.244753635619,120,503,1,0
697.2526039553181,39,297,0,0
697.2595493750114,1160,767,1,0
697.2653961066337,20,288,0,0
697.3289633437275,23,760,0,0
697.3336323197731,13,223,0,0
697.4704090682322,13,308,0,0
697.5317460831451,728,369,0,0
697.6527040484962,1680,163,0,0
697.8185247415512,13,117,0,0
697.8624368970909,70,571,0,0
697.8668035146594,3786,265,0,0
697.9747486152221,15,216,0,0
697.9757884341957,14,172,0,0
697.9804526257174,32,47,0,0
698.1591244393575,7,306,0,0
698.1596093754498,110,329,1,0
698.1626773490419,1136,204,0,0
698.1639213708687,6,345,0,0
698.2020226593548,12,288,0,0
698.2043289456022,13,343,0,0
698.2309534982896,3263,132,0,0
698.2506561108747,8,99,0,0
699.1957216726672,63,32,0,0
700.389020487063,637,139,0,0
700.39243242049,5,70,0,0
700.3971410299578,28,157,0,0
700.4131771146696,12,203,0,0
700.4216723834487,109,329,0,0
700.4307855273962,25,79,0,0
700.4439168309939,59,205,0,0
700.5552435875318,39,1700,0,1
700.8360702042938,509,431,0,0
700.8371354038275,7920,272,1,0
700.896383939357,1103,263,0,0
700.9206320057042,10,121,0,0
700.9231281081958,22,428,0,0
700.9392457011888,12,667,0,0
700.9456387027677,19,1200,0,1
700.9680920362987,1020,3120,0,1
700.9903084935802,2664,65,0,0
700.9909087147051,16,190,0,0
700.9973337655334,14,608,0,0
701.0262650127535,1582,1480,0,1
701.0313978684037,18,130,0,0
701.0314338281629,62,540,0,0
701.2811363027481,16,272,0,0
701.2943210203786,11,358,0,0
701.3576810637454,320,357,0,0
701.3625399127492,27,124,0,0
701.36556955368,6,230,0,0
701.4958076098214,18,313,0,0
701.5180654719385,10,301,0,0
701.5248891563712,16,171,0,0
701.562113581865,40,158,1,0
701.5716400751893,7,79,0,0
701.601323708989,8,756,0,0
701.7023632871085,549,676,0,0
701.7219855774924,6,306,0,0
701.7295016211855,15,740,0,0
701.8010024154202,10,141,0,0
702.0017363815185,40,528,0,0
702.031606428077,21,114,0,0
702.0510011278712,44,105,0,0
702.0708255100292,9,124,0,0
702.0759019558753,234,370,0,0
702.1463289837675,61,920,0,1
702.1544852313835,240,471,1,0
702.1633645552251,14,365,0,0
702.2037806036096,239,399,0,0
702.5505130846146,18,209,0,0
702.73848029,24,360,0,0
702.7406336628485,32,421,0,0
703.0617793149053,9,106,0,0
703.1516199730626,90,147,0,0
703.1760497262817,387,320,0,0
703.3046046250134,25,226,0,0
703.3372665109334,79,77,0,0
704.1812934639829,151,572,0,0
704.1855913056354,38,767,0,0
704.545933043455,950,66,0,0
704.553757100875,115,372,0,0
704.5642902630457,81,1030,0,1
704.6709436559945,412,428,0,0
704.6713050091187,263,163,0,0
704.7825515551086,20,524,0,0
705.0349681529013,11,214,0,0
705.0355948480437,152,361,0,0
705.04067981405,56,721,0,0
705.1910738396394,57,31,0,0
705.193710702922,15,228,0,0
705.1949974982682,63,33,0,0
705.8655482859812,14,38,0,0
705.8738324305039,7,40,0,0
706.3591174303912,228,332,0,0
706.505868764072,5,78,0,0
706.5453691804549,71,321,0,0
706.5491278378682,39,211,0,0
706.7172508768865,21,209,0,0
706.7683646684764,4,90,0,0
706.774256591664,90,215,0,0
706.7784496694879,83,13,0,0
706.787699455875,872,7,0,0
706.78956000255,17,391,0,0
706.7963863305941,2077,130,0,0
706.8439132456856,10,37,0,0
706.8469598999544,27,272,0,0
706.8558301036683,53,174,0,0
706.8655942642723,717,702,0,0
706.8793075109581,9,78,0,0
706.8839392039112,160,374,0,0
706.9256818038157,35,107,0,0
707.1240448728049,14,309,0,0
707.1254278543172,120,940,1,1
707.1315312931736,36,333,0,0
707.1448511786218,123,467,0,0
707.3347428581391,48,345,0,0
707.3485236546421,925,600,0,0
707.3548638477058,11,243,0,0
707.4605201746975,8,271,0,0
707.4734589052435,24,124,0,0
707.4755805911482,38,194,0,0
707.5053318196732,11,297,0,0
707.5276717981722,318,180,0,0
707.5327683037217,9,210,0,0
707.5333907439135,17,87,0,0
707.5394692028439,225,13,0,0
707.5793775264631,140,349,0,0
707.6148612588393,34,131,0,0
707.615753440744,15,76,0,0
707.6174990905155,140,418,1,0
707.7272337242833,2135,33,0,0
707.7276864826724,45,32,0,0
707.8311598126494,432,351,0,0
707.8977381683819,6,1250,0,1
708.9139561992588,160,1230,0,1
708.9145987195709,17,379,0,0
709.0106244827757,7,166,0,0
709.0159731561964,24,234,0,0
709.0350521261048,102,91,0,0
709.0372690812051,10,59,0,0
709.1507211696129,4,14,0,0
709.2053890391387,10,449,0,0
709.2071518907553,165,385,0,0
709.2081180641839,873,315,0,0
709.2426121332468,22,156,0,0
709.249564625951,675,220,0,0
709.2764567793166,413,1580,0,1
709.3025880698852,380,767,0,0
709.339415218191,1917,162,0,0
709.3602267935132,15,1930,0,1
709.3666934696975,11,526,0,0
709.5016783681239,194,120,0,0
709.5802506105027,2163,395,0,0
709.5970621529509,124,20,0,0
709.636098863608,1914,51,0,0
709.6538234270213,8,427,0,0
709.6684396995985,344,695,0,0
709.6752209061858,150,166,1,0
709.9582482583027,15,477,0,0
709.9645380492645,816,266,0,0
710.2386544894318,60,31,1,0
710.3075019440322,37,3280,0,1
710.3653940342498,15,473,0,0
710.4388127257638,358,113,0,0
710.4825397375606,2897,89,0,0
710.4839892657075,15,279,0,0
710.4849006500463,155,570,0,1
710.4888183393107,17,22,0,0
710.4942763346387,23,660,0,0
710.5106395000522,20,472,0,0
710.5234057389833,13,245,0,0
710.557381896587,14,230,0,0
710.5579609281538,6,152,0,0
710.5799042132234,1331,756,0,0
710.5836688416045,23,32,0,0
710.5876840772157,167,453,0,0
710.5915932924522,8,69,0,0
710.6067214362012,43,439,0,0
710.6091547919133,5,327,0,0
710.6713106886191,630,578,1,0
710.7368368966477,15,174,0,0
710.7404953059408,17,6259,0,0
710.7441689447023,19,385,0,0
710.7585542018143,336,454,0,0
710.9245755689404,541,136,0,0
710.9766639052177,18,767,0,0
710.980412944406,21,255,0,0
710.9923601084581,80,114,1,0
710.9936314893298,32,277,0,0
710.9993403877584,608,4670,0,1
711.0009906502045,6,2150,0,1
711.0428622220428,606,755,0,0
711.0515121532815,53,315,0,0
711.0641219976247,7040,433,1,0
711.064714723661,3680,190,1,0
711.0702909752933,13,3300,0,1
711.0766345410598,927,341,0,0
711.2029384079038,8,30,0,0
711.2034230185237,3360,238,0,0
711.2055390571184,53,326,0,0
711.2075842254172,6,32,0,0
711.2401180131918,33,211,0,0
711.2443750561504,78,420,0,0
711.3974856609232,134,324,0,0
711.7224619177357,22,197,0,0
711.7227696096339,2830,44,1,0
711.9129005120321,133,540,0,0
711.9736043503214,80,279,0,0
712.0482984996949,80,8,1,0
712.0922784852438,9,22,0,0
712.1013969367262,187,194,0,0
712.1072362891634,4,87,0,0
712.1121306323876,94,1650,0,1
712.1148591698889,5150,383,1,0
712.1429686692674,7,26,0,0
712.1566689633721,104,275,0,0
712.179833665227,1070,396,0,0
712.2015816434321,60,127,1,0
712.202152940974,10,572,0,0
712.2161548065467,64,490,0,0
712.2197322304801,7797,395,1,0
712.2224174931796,8,80,0,0
712.2365760805006,131,533,0,0
712.3243124774162,7,388,0,0
712.3344504589838,16,190,0,0
712.3624925555749,99,767,0,0
712.7309432144714,25,197,0,0
712.7967594682997,35,328,0,0
712.8491755896146,43,24,0,0
712.8533944946572,37,567,0,0
712.9516008236154,201,226,0,0
712.9606895672484,7,274,0,0
713.3301485548399,9,296,0,0
714.2318136756983,53,114,0,0
714.2364962765628,12,141,0,0
714.2696126428137,6,249,0,0
714.2968151303076,16,201,0,0
714.6992867311405,369,6410,0,1
714.7007952154157,34,623,0,0
714.9099166505376,49,599,0,0
715.087771041746,10,226,0,0
715.1130780083058,5,158,0,0
715.1766880433763,47,17,0,0
715.1941908391358,111,494,0,0
715.2345088551931,22,628,0,0
715.2497414058106,18,245,0,0
715.2510924963893,332,4,0,0
715.258007926655,22,46,0,0
715.2654412116989,12,535,0,0
715.3289189068244,15,477,0,0
715.337934203668,29,1360,0,1
715.3914406716148,29,116,0,0
715.5561428432478,8,256,0,0
715.5659340064076,6,316,0,0
715.6242074942513,180,32,0,0
715.6257056351569,21,156,0,0
715.6526301688501,390,85,0,0
715.8065598658794,37,264,0,0
715.9439471816186,38,451,0,0
738.5839748539242,15,302,0,0
738.591445025775,2197,548,0,0
738.6175359888792,1291,456,0,0
738.6413782151991,654,348,0,0
738.6468903618169,53,180,0,0
738.6660063067549,11,712,0,0
738.6677317351476,9,42,0,0
738.679112023436,8,419,0,0
746.2620009583849,23,254,0,0
746.2666115102152,8,204,0,0
746.3955229119182,8,258,0,0
746.6845569166225,1643,507,0,0
747.0480981201517,32,466,0,0
747.1225740058176,4,205,0,0
747.1598398685252,11,2360,0,1
747.2763635629191,11,201,0,0
747.4267010219214,21,397,0,0
747.4277224050918,16,231,0,0
747.8155242763204,7,427,0,0
747.8411002576012,610,769,0,0
747.9793279171822,12,248,0,0
748.1322489938317,11,109,0,0
748.1743007088497,801,487,0,0
748.1762500608785,30,320,0,0
748.1768906928037,59,13,0,0
748.293286679259,234,724,0,0
748.2986127238413,9,133,0,0
748.2996307784229,15,528,0,0
748.3062707651783,11,202,0,0
748.324213460337,748,152,0,0
748.7358615753711,12,197,0,0
748.7379750143481,110,727,0,0
748.7834225496148,259,298,0,0
748.8081277439262,990,172,0,0
748.8155434925432,130,257,1,0
748.817916450334,13,98,0,0
749.1286920437637,13,291,0,0
749.140686589098,31,354,0,0
749.1735570491013,85,79,0,0
749.1845256263614,150,189,1,0
749.8692088418044,1392,370,0,0
749.9031964478203,228,4290,0,1
749.9107145640663,378,180,0,0
750.0208927821357,228,624,0,0
750.0457244207201,121,257,0,0
750.0482320188607,7,81,0,0
750.0491547906806,15,135,0,0
750.0545522055894,217,588,0,0
750.06055264822,78,359,0,0
750.0613116754527,14,237,0,0
750.0615776161815,22,344,0,0
750.0829290276936,131,111,0,0
750.1010966799853,146,234,0,0
750.1536927077034,31,562,0,0
750.1551384262718,1321,318,0,0
750.1699145366417,15,306,0,0
750.1879232443566,3061,84,0,0
750.1954041194784,20,472,0,0
750.1980516279008,73,510,0,1
750.2135271048821,92,681,0,0
750.2187875979563,5,197,0,0
750.2231021300043,529,161,0,0
750.2302997301281,27,586,0,0
750.2324803051367,18,159,0,0
750.2344456824713,566,781,0,0
750.2451016227476,15,595,0,0
750.2596519127424,30,767,0,0
750.3200466333774,7,304,0,0
750.3288152402271,1070,525,0,0
750.3316622491164,40,204,0,0
750.3330711748458,1378,163,0,0
750.4198952443808,2633,163,0,0
750.4248190844385,137,145,0,0
750.4265170234098,16,372,0,0
750.684620306366,70,59,0,0
750.798262795421,67,369,0,0
750.802989797586,21,312,0,0
750.8153205364919,23,208,0,0
750.8180760811817,8,55,0,0
750.8295216808787,13,268,0,0
751.0718239875005,600,597,0,0
751.0838256400973,943,720,0,0
751.2028943478862,74,333,0,0
751.4108921758277,7,310,0,0
751.4112881072184,51,754,0,0
751.4149355814034,69,42,0,0
751.6403135688946,15,318,0,0
751.6451596779851,9,164,0,0
751.6499100620424,448,146,0,0
751.6535542913516,552,731,0,0
751.7465068414907,160,267,0,0
751.7593041114092,99,283,0,0
753.8600990120253,590,269,1,0
753.8889792964577,24,530,0,0
753.8892405745312,33,213,0,0
753.8905938561124,132,460,0,0
753.9122010290304,63,253,0,0
754.6156207408825,44,21,0,0
754.7290912692921,27,252,0,0
754.7334072027508,13,489,0,0
754.7386864316571,2380,24,0,0
754.7393524798377,7,97,0,0
754.8639196966417,17,379,0,0
754.8645442400489,6,71,0,0
754.940872204945,49,159,0,0
755.0456072701149,43,25,0,0
755.0828543711119,180,2270,1,1
755.2502719235491,16,259,0,0
756.5737298498357,39,121,0,0
756.5773045022477,25,125,0,0
757.1610930238222,8,256,0,0
757.1613446134193,9,1750,0,1
757.1694501329877,23,767,0,0
757.1811568355082,74,399,0,0
757.195926795882,219,263,0,0
757.3696029789594,1356,174,0,0
757.3809441355182,21,417,0,0
757.3837022937824,460,518,1,0
757.3862179295256,49,182,0,0
757.3943210180757,102,765,0,0
757.4442957905271,18,641,0,0
757.446250799636,8,182,0,0
757.4502800861624,7,112,0,0
757.4547922215334,7,315,0,0
757.49873137378,58,613,0,0
757.5297950699121,6,304,0,0
757.531544377078,18,210,0,0
757.5330189947445,9,111,0,0
757.5368433710912,39,134,0,0
757.5675375837986,1799,210,0,0
757.7825885935112,10,128,0,0
757.8039511616263,228,624,0,0
757.8081120315661,59,39,0,0
758.9370212949427,718,299,0,0
759.0204948692262,1872,166,0,0
759.0206348369442,13,431,0,0
759.0837377610567,4,199,0,0
759.2518000729723,69,767,0,0
759.3951154449919,260,574,1,0
759.4007416341578,116,23,0,0
759.4014222956151,16,227,0,0
759.4210392186076,23,205,0,0
759.4837752393071,7,354,0,0
759.5338903055201,47,238,0,0
759.5674169331662,140,133,1,0
759.5713854715117,62,267,0,0
759.5918766572102,70,347,0,0
759.6069235924783,22,376,0,0
759.6129071769672,13,51,0,0
760.249830036073,52,219,0,0
760.2589195773097,2511,306,0,0
760.2683523915491,8059,133,1,0
760.9562439542759,10,200,0,0
760.963565360582,24,115,0,0
760.9705158167201,37,327,0,0
760.9830310976956,79,527,0,0
760.984254220835,4170,680,1,0
761.037991517498,311,108,0,0
761.0455118358459,7,16,0,0
761.069620090648,9,228,0,0
761.2107159529304,32,37,0,0
761.2152854101266,23,217,0,0
761.2210285234812,2070,434,0,0
761.2216413792407,100,14,0,0
761.292104585555,8,144,0,0
761.2978172032917,925,456,0,0
761.37275101282,19,649,0,0
761.3850030626216,11,2600,0,1
761.3899922445057,20,385,0,0
761.3926644618529,25,141,0,0
761.5537774046594,42,340,0,0
761.6079719043998,13,417,0,0
761.72980413482,719,6,0,0
761.7429605417393,7,233,0,0
761.7438955924036,232,188,0,0
761.7556469977342,9,769,0,0
761.8102073801344,203,218,0,0
761.8744982516338,1914,51,0,0
761.9703680833372,80,7150,0,1
762.1111747003443,1398,309,0,0
762.2213722488473,13,205,0,0
762.6831010593127,433,81,0,0
762.6836102555949,7,93,0,0
762.7514362653549,234,545,0,0
762.8147362458392,12,181,0,0
762.906561642443,22,3180,0,1
762.929395581631,6,72,0,0
762.9335236855779,1338,769,0,0
762.9636743763721,18,290,0,0
763.0505743698684,12,154,0,0
763.0735080186137,69,131,0,0
763.2340388284499,18,3450,0,1
763.3522738215187,136,346,0,0
763.3525532242235,1480,123,1,0
765.3359154819454,20,55,0,0
765.338034925865,22,432,0,0
767.8219071282031,442,473,0,0
767.9099845043257,36,35,0,0
767.9155759746834,18,696,0,0
767.9496547654459,9,212,0,0
767.9654332858655,28,1230,0,1
768.0277798466291,40,91,0,0
768.028877827711,152,34,0,0
768.0387058827284,53,357,0,0
768.0388624998759,8,225,0,0
768.0568418664262,16,312,0,0
768.0634044935756,28,299,0,0
768.0653365434099,67,562,0,0
768.0676540978778,8161,31,1,0
768.0800873159064,1717,104,0,0
768.085487133622,124,121,0,0
768.0982284359038,28,248,0,0
768.10460308515,159,98,0,0
768.1102460500509,110,767,0,0
768.115009676548,266,591,0,0
768.266545394019,44,406,0,0
768.2746603135818,38,242,0,0
768.2918680847672,14,335,0,0
768.369614557765,123,6130,0,1
768.6192350011769,5000,468,1,0
768.620280166026,137,1450,0,1
768.6291733907574,2478,255,0,0
768.6317886712521,22,2650,0,1
768.6575598458213,13,143,0,0
768.6829114257274,17,34,0,0
768.6835382605843,1176,257,0,0
768.6859052420979,100,434,1,0
768.6895055623448,10,190,0,0
768.8001031554044,16,209,0,0
768.8003515174778,17,374,0,0
768.8519259198795,491,481,0,0
768.8707789363234,14,232,0,0
768.8762035740947,20,575,0,0
768.9005970204464,18,156,0,0
768.9048905841149,58,708,0,0
769.7388680430213,30,215,0,0
769.7601990513064,17,148,0,0
769.7669661143518,13,315,0,0
769.9347288654824,11,43,0,0
769.9556040687064,9,129,0,0
769.9588505191391,21,298,0,0
769.9702508366822,179,243,0,0
770.0108766559141,10,307,0,0
770.0320789001188,7456,736,1,0
770.0621978138546,60,334,0,0
770.0930558750289,45,227,0,0
770.1682370777899,22,95,0,0
770.1844179935842,31,216,0,0
770.9133959297102,273,195,0,0
770.9723421260583,29,60,0,0
771.1861475731365,8,255,0,0
771.2059100762114,17,227,0,0
771.2108464680332,332,284,0,0
771.227929022375,10,456,0,0
771.2546765792675,50,246,0,0
771.2608954974942,15,131,0,0
771.2609498332739,7,797,0,0
771.2669423929638,97,333,0,0
771.4499376290271,25,120,0,0
771.876115438014,138,547,0,0
772.2433082140095,665,110,0,0
772.2522109668537,14,368,0,0
772.2608568322515,1858,748,0,0
772.8324214132086,15,80,0,0
772.9107942328076,48,429,0,0
772.9125500563491,6142,2050,1,1
772.9145916728212,17,3240,0,1
772.9175616092176,160,87,1,0
772.9230082085024,628,127,0,0
772.9231555940232,728,739,0,0
772.926995684097,1021,149,0,0
772.9321425400802,625,635,0,0
772.9992542153157,4,176,0,0
773.0088933985277,52,198,0,0
773.0094571789499,27,236,0,0
773.0452228521364,15,41,0,0
773.1630485182358,23,613,0,0
773.7646741948178,520,373,1,0
773.8925260734214,498,347,0,0
773.9989174018389,27,291,0,0
774.5946176149054,14,73,0,0
774.5961774064674,29,320,0,0
775.2648127894917,1128,267,0,0
776.0435535503871,99,298,0,0
776.047857126397,26,248,0,0
776.2322003308853,1085,31,0,0
776.233417076395,60,48,0,0
782.8127052639504,1354,255,0,0
782.9216137748615,18,140,0,0
782.9408252001705,14,304,0,0
782.9438483868385,16,59,0,0
782.9685938087374,60,240,1,1
783.0572915059116,130,704,1,0
783.078457831549,57,57,0,0
783.2630860313877,60,24,1,0
783.302065386466,1186,127,0,0
783.3088449643559,84,502,0,0
783.4717620422783,9,83,0,0
794.0971157948582,22,283,0,0
794.0974033087807,15,201,0,0
794.1200864409805,767,352,0,0
794.2723549392409,41,86,0,0
794.2780777148834,69,431,0,0
794.2803789802567,133,160,0,0
794.2848283072788,21,456,0,0
794.3112436755345,15,118,0,0
794.3134774822539,14,31,0,0
794.3139945955079,75,257,0,0
794.3150755968618,275,30,0,0
794.3437730560153,109,588,0,0
794.3563710078023,36,46,0,0
794.4807153001398,91,627,0,0
794.5036881730747,1836,10,0,0
794.5053970813115,57,100,0,0
794.5096562678656,638,29,0,0
794.5128787082413,240,243,1,0
794.6049945594584,1183,160,0,0
794.619504883527,180,768,1,0
794.631370845022,60,1780,0,1
794.6637337684945,9,18,0,0
794.7180624939243,16,273,0,0
794.7222090858616,80,309,0,0
794.7232012990683,8,279,0,0
794.7375116746982,7,417,0,0
794.7444564041464,82,767,0,0
794.7809691958252,654,580,0,0
794.7821279712946,11,360,0,0
795.0748902159993,20,155,0,0
795.0891116351045,26,18,0,0
795.3280911071676,1196,325,0,0
795.3792502704829,191,329,0,0
795.3935092675674,102,6290,0,1
795.3962935811869,75,53,0,0
795.4092222902095,12,412,0,0
795.4122825445604,14,168,0,0
795.9498245008301,6,419,0,0
795.9533862352789,17,455,0,0
795.9731750692274,475,91,0,0
795.9769435292899,13,171,0,0
795.9820409615793,66,227,0,0
796.0072511329383,50,328,0,0
797.2470818382125,69,156,0,0
797.2489036204188,124,23,0,0
797.2700920289899,28,422,0,0
797.4313106843799,110,250,0,0
797.4499630861304,75,297,0,0
797.4569741778888,9,209,0,0
803.3776303886303,37,333,0,0
803.4156774531224,107,431,0,0
803.421198203643,21,43,0,0
803.4218485634066,25,329,0,0
803.4245834207223,160,124,0,0
803.430256837597,25,115,0,0
803.5579515038783,1686,34,0,0
803.5773070174031,10,368,0,0
803.5809264707275,24,478,0,0
804.1548170986576,44,58,0,0
804.3366205824641,4,149,0,0
804.3445433341207,9,246,0,0
804.4566361015658,329,374,0,0
804.4765664450441,13,301,0,0
804.4829762211782,18,371,0,0
804.4851169985559,13,194,0,0
804.4969938642288,191,4310,0,1
804.5194802467846,91,460,0,0
804.553438223628,160,149,0,0
804.5792379906492,13,193,0,0
804.7289705710093,208,337,0,0
805.1027671556332,5,769,0,0
805.120074141308,30,13,0,0
805.1899838587544,5,226,0,0
805.4209367515033,2411,339,0,0
805.4320681385575,27,312,0,0
805.4365057040419,123,243,0,0
805.4367978831981,64,39,0,0
805.4479174787274,12,254,0,0
805.4481616694296,190,148,1,0
805.4505769442721,13,681,0,0
805.4918961384003,6,111,0,0
805.5877652878745,21,359,0,0
805.5890784251495,252,535,0,0
805.5893461311607,32,369,0,0
805.5904867710419,27,312,0,0
805.6250070880556,9,582,0,0
806.8186388563171,132,411,0,0
806.8330785545913,40,293,0,0
806.833376787098,13,225,0,0
806.8350946145645,92,283,0,0
807.0300231054235,100,14,0,0
807.071546030808,10,234,0,0
807.1362927929907,39,291,0,0
807.1499156412655,120,200,1,0
807.1650645821707,7,184,0,0
807.1653507441238,396,275,0,0
807.2772676539859,298,3120,0,1
807.7520063418856,18,226,0,0
807.7568969857139,26,675,0,0
807.7606266316639,44,38,0,0
807.7754633340992,45,739,0,0
807.7839271178518,6,432,0,0
807.7853085187442,1843,52,0,0
807.7870743712768,85,404,0,0
807.8157513258008,106,554,0,0
808.0111171947628,80,510,0,0
808.0164593103405,5,183,0,0
808.017335340815,65,254,0,0
808.0611807733823,551,106,0,0
808.2344834588816,16,459,0,0
808.2388405666213,20,141,0,0
808.2407334943452,246,315,0,0
808.2465486796908,72,347,0,0
808.2570747260893,156,754,0,0
808.627628074479,309,308,0,0
808.6297850959016,41,91,0,0
808.6662599283803,30,198,0,0
808.7112378633366,88,767,0,0
808.7186779506891,247,733,0,0
809.354151447534,13,338,0,0
809.4196450817659,473,1470,0,1
809.4250161761875,19,268,0,0
809.4352654151868,112,26,0,0
809.455239036342,82,16,0,0
809.9639093899972,49,375,0,0
809.973505298935,17,392,0,0
810.05375457694,129,339,0,0
810.0976733374412,205,606,0,0
810.0999895364358,873,434,0,0
810.1358543416549,5,303,0,0
810.1379895641296,15,99,0,0
810.1457280899527,10,283,0,0
810.1593212163432,126,380,0,0
810.219781402259,7,248,0,0
810.234203267939,124,170,0,0
810.2419665129999,18,516,0,0
810.2477930765905,4,10,0,0
810.2551141267849,279,75,0,0
810.2805746380857,8,261,0,0
810.2817754293451,23,295,0,0
810.2860480152257,109,764,0,0
810.303363163966,8,271,0,0
810.3034879802409,19,2620,0,1
810.369273471456,105,265,0,0
810.4693810829718,90,56,0,0
810.4736114674606,130,63,1,0
810.48900290078,11,91,0,0
810.5038168162995,18,119,0,0
810.5111582167742,21,374,0,0
810.5350074025821,410,499,0,0
810.5366810110244,164,608,0,0
810.6190365605556,1010,106,0,0
810.6236114309502,516,212,0,0
810.772783601216,21,117,0,0
814.6659766488204,412,403,0,0
814.696616889624,28,184,0,0
814.7445271241644,1903,13,0,0
814.7773776713385,307,728,0,0
814.7916967929254,14,315,0,0
814.8642864873534,7,73,0,0
815.0092022948272,8,82,0,0
815.0152803447062,207,392,0,0
815.2789960612903,12,201,0,0
815.2900361607279,11,220,0,0
815.6484587155113,68,48,0,0
815.6606560288984,44,1620,0,1
815.6609228584574,10,169,0,0
815.668782912691,22,850,0,1
815.6715349366574,11,2090,0,1
815.6834700722025,10,220,0,0
815.7788270828904,41,139,0,0
815.7833357075255,29,239,0,0
815.7880368195903,180,527,0,0
815.8124041253716,7,307,0,0
815.8134566469591,77,265,0,0
815.820490826786,41,307,0,0
816.0637530902688,64,548,0,0
816.4077890647691,436,767,0,0
816.4135540584276,6,304,0,0
816.4219599429847,410,118,1,0
816.5025913269087,26,362,0,0
816.7166770610785,973,588,0,0
816.725525330425,555,476,0,0
816.7287082877732,20,417,0,0
816.7330350511963,25,141,0,0
816.9323720089326,162,121,0,0
816.9867338679398,20,396,0,0
816.9904673739934,229,51,0,0
817.4868198969452,1515,4,0,0
817.4969457006383,23,236,0,0
817.5007118780192,433,374,0,0
817.655298742435,7,270,0,0
817.8097101018838,68,340,0,0
817.8145461138965,5,143,0,0
817.8210504481344,14,395,0,0
817.88773642901,137,536,0,0
817.8978340555399,11,311,0,0
818.1281279088984,15,384,0,0
818.2328904343592,264,249,0,0
818.2396504135016,15,135,0,0
818.23971904296,58,130,0,0
818.2617840049558,163,248,0,0
818.2792819287582,12,200,0,0
819.8257996221756,56,548,0,0
819.8282301721418,2592,329,0,0
819.842885218841,241,549,0,0
820.3314688931684,1257,531,0,0
820.3443937919709,86,384,0,0
820.4753772510436,105,946,0,0
820.5066938843081,12,81,0,0
820.5242272974049,79,554,0,0
820.5960974454837,1062,401,0,0
820.6048466952567,18,44,0,0
820.6082088384832,24,518,0,0
820.659842293705,6,335,0,0
820.6700548921403,14,510,0,0
820.7169457064646,174,325,0,0
821.0060230896271,10,248,0,0
821.1134420160083,12,384,0,0
821.1154117827032,199,2250,0,1
821.1185085056954,9,97,0,0
821.1197692740955,53,172,0,0
821.1264051015094,8,117,0,0
821.1308585159436,10,32,0,0
821.1800459096617,18,544,0,0
821.4115549420459,15,117,0,0
821.4570881276484,50,486,0,0
821.4574041697149,200,767,0,0
821.4687555395786,47,214,0,0
821.489764908392,822,768,0,0
821.7511884804875,26,4770,0,1
821.7984269268485,11,149,0,0
821.890419949495,17,131,0,0
821.9228354981358,61,263,0,0
821.9238037194644,12,59,0,0
821.9778499862141,9,552,0,0
822.1307955028115,66,386,0,0
822.132876357804,5,28,0,0
822.7740289649956,8,208,0,0
824.6887371350497,105,376,0,0
824.6922536754569,18,2270,0,1
824.6977273590151,16,437,0,0
824.7000454222452,251,456,0,0
824.7331876047275,1424,61,0,0
824.7367570967788,25,150,0,0
825.3721348676709,21,13,0,0
825.3785046249135,19,2500,0,1
825.3967702616131,20,289,0,0
825.4781685391084,10,270,0,0
825.4868358364569,21,278,0,0
825.9875950129472,17,565,0,0
826.0058095406722,120,296,1,0
826.0351132602863,1020,121,0,0
826.1230712813158,29,290,0,0
826.1245156643621,171,101,0,0
826.152163605526,2841,150,0,0
826.157716709751,54,220,0,1
826.1893629333463,414,313,0,0
826.1914803540084,203,118,0,0
826.5049986863611,6,130,0,0
826.5736854521775,28,315,0,0
826.5831493070024,136,272,0,0
826.5982294545028,2379,79,0,0
826.5989524027209,819,305,0,0
826.6462081415532,6,305,0,0
826.6479203233896,134,426,0,0
826.751395294208,152,229,0,0
826.7560185756918,7,431,0,0
827.2874470165381,22,252,0,0
827.2980496797384,48,81,0,0
827.3043747879294,34,1660,0,1
827.4833616009279,140,151,0,0
827.4974403798725,10,78,0,0
828.536234865067,153,356,0,0
829.6222297942411,10,227,0,0
829.6281497928042,62,267,0,0
829.8377534162886,16,683,0,0
829.9061063186482,135,240,0,0
829.9340155163675,6,749,0,0
829.9345063301349,549,522,0,0
829.9506215075003,26,769,0,0
829.9575630301422,27,362,0,0
830.1535893046506,67,531,0,0
830.3863116575056,1098,621,0,0
830.3883760447827,1739,14,0,0
830.3895832436854,17,340,0,0
830.4191218699447,20,54,0,0
830.4274867906902,11,768,0,0
830.551018085789,53,319,0,0
830.5576052263743,12,189,0,0
830.8460785338591,13,295,0,0
831.4419655868429,6,111,0,0
831.4435649129699,8,274,0,0
831.4463673345087,22,572,0,0
831.4713151738441,20,106,0,0
831.4826920778822,66,39,0,0
832.3826955672671,11,337,0,0
832.3976994728606,1519,15,0,0
832.4100454486831,5,283,0,0
832.410915001852,28,93,0,0
832.4672303531238,15,327,0,0
832.4699417770522,26,202,0,0
832.4753108334792,26,80,0,0
832.4756712755492,2615,78,0,0
832.487598467085,28,41,0,0
832.512417063674,16,170,0,0
832.5389562662591,241,148,0,0
832.539815060705,18,243,0,0
832.5658341436202,7,261,0,0
832.6043610933297,28,61,0,0
832.6822654298453,170,19,1,0
832.6831872705982,13,403,0,0
832.7122853274253,8,229,0,0
832.7427129693899,1945,556,0,0
832.7582128466922,1049,185,0,0
832.7943978772513,27,324,0,0
832.7966306183479,12,361,0,0
832.8000766270077,14,417,0,0
834.5466612605094,15,249,0,0
834.7155178443425,22,603,0,0
834.8117814217208,894,601,0,0
834.853809339761,9,55,0,0
834.8630778665507,976,360,0,0
834.8673429216457,15,124,0,0
834.86857964785,14,246,0,0
834.8814647899761,12,73,0,0
834.8820894617553,220,19,1,0
834.8999225347878,54,243,0,0
834.9035588084386,196,152,0,0
834.9118574875127,1230,330,0,1
834.9181608451692,411,2420,0,1
835.5794803979975,65,519,0,0
836.4599853463665,18,236,0,0
836.4618854629689,15,207,0,0
837.999797043818,89,61,0,0
838.1245465965383,1012,152,0,0
838.188536555692,67,732,0,0
838.3757420005013,22,235,0,0
838.3758712358879,1141,771,0,0
838.4090055274066,8,3110,0,1
839.0985448182828,11,396,0,0
839.1066997207458,134,32,0,0
839.3759903885281,105,457,0,0
839.3819068917518,85,79,0,0
839.3846323614287,857,188,0,0
839.436467602132,39,316,0,0
839.4467357173505,150,800,1,1
839.4522012240466,18,70,0,0
839.464441829368,13,142,0,0
839.4910065720109,2043,135,0,0
839.5855759967721,6,217,0,0
839.603746950157,2271,14,0,0
839.6303643320109,15,1310,0,1
839.645646376426,9,283,0,0
839.6503185788175,38,411,0,0
839.6540239355918,20,171,0,0
839.6630031381983,957,372,0,0
839.6683087128831,31,329,0,0
839.6756556399449,56,57,0,0
839.7423477838462,313,287,0,0
839.7659343926739,5,44,0,0
839.7884661784018,188,350,0,0
839.7917809245389,19,536,0,0
839.7998819165283,283,300,0,0
839.8091730577032,2056,764,0,0
839.8141436935348,10,307,0,0
839.8953395454406,11,380,0,0
840.6416059376131,12,113,0,0
840.7935121976102,22,698,0,0
840.7963444258784,249,218,0,0
840.805185299288,150,408,0,0
840.8748013255689,71,210,0,0
840.8857014785041,28,263,0,0
840.9088708886875,1390,415,1,0
840.9104861862246,1620,5200,1,1
840.9120684740739,48,18,0,0
840.9710461614408,65,202,0,0
840.9756602790856,5,226,0,0
841.0462810795858,86,31,0,0
841.1698807720037,22,79,0,0
841.1740873330177,12,253,0,0
841.1777031869526,84,257,0,0
841.637745368055,10,312,0,0
841.6523255502929,14,90,0,0
841.6960452742483,1105,767,0,0
841.7384641553361,21,213,0,0
841.7528644005442,61,228,0,0
841.7758116595941,18,308,0,0
841.8562845150273,24,389,0,0
841.8701268863315,666,50,0,0
841.8706421107125,36,229,0,0
841.8791547398112,108,67,0,0
841.8856128109585,10,4950,0,1
841.893330285682,5,66,0,0
842.0370761998925,10,73,0,0
842.0377879927823,114,195,0,0
842.1073129862389,269,228,0,0
842.1088111838478,48,311,0,0
842.1146160657391,1849,5280,0,1
842.1643396017928,17,435,0,0
842.1675681918607,167,679,0,0
842.4091696755219,192,161,0,0
842.5406773874463,825,250,0,0
842.5500607575689,216,100,0,0
842.5591770292413,10,19,0,0
842.5667057789269,8,25,0,0
842.5668084382473,15,327,0,0
842.5705256320332,6,336,0,0
842.5747720903837,665,110,0,0
842.5970688554827,8186,6,1,0
842.6598259409766,8,2830,0,1
842.659848485943,200,244,1,0
842.6632862667893,9,135,0,0
842.731869735297,16,234,0,0
842.7927552925514,8,281,0,0
843.1220260124006,13,147,0,0
843.1276018574233,38,168,0,0
843.129006449585,10,310,0,0
843.1455768982885,219,321,0,0
843.1972636097239,251,767,0,0
843.1993891634451,18,313,0,0
843.2020985459053,3656,104,0,0
843.203582963263,29,56,0,0
843.2607032855406,17,271,0,0
843.2622316889209,6,132,0,0
843.2832942406332,18,387,0,0
843.2998500971026,76,150,0,0
843.3101158364816,22,477,0,0
843.3470558032136,6990,144,1,0
843.364218369957,255,188,0,0
843.3655020040436,6,156,0,0
843.368263360387,397,148,0,0
843.402571264126,79,160,0,0
843.9612559015128,12,233,0,0
844.0384667602194,22,107,0,0
844.0581018570033,52,140,0,0
844.08614504448,2008,228,0,0
844.0892613626329,17,124,0,0
844.3985691714126,16,372,0,0
844.566550569779,70,117,0,0
844.566762526727,1245,768,0,0
844.6391882812285,4,387,0,0
844.6396938724371,167,382,0,0
844.6560538403359,96,89,0,0
844.8675825303299,13,1440,0,1
844.8712110394056,10,62,0,0
844.8922725178483,19,231,0,0
844.9037909161505,12,292,0,0
844.9038162281535,15,159,0,0
846.0685951893659,40,445,1,0
846.1266139519776,16,291,0,0
846.1267128667413,13,115,0,0
846.4722615831087,80,68,1,0
846.4767395176464,22,128,0,0
846.4825152634393,242,768,0,0
846.488492489397,152,466,0,0
846.618668969925,24,67,0,0
846.6673516333077,102,164,0,0
846.6698777294716,11,348,0,0
846.6848863637701,22,252,0,0
846.6866539126678,17,344,0,0
846.8683562935953,44,403,0,0
846.8998818372479,38,162,0,0
847.013439028962,80,207,0,0
847.0147102319708,18,114,0,0
847.0323731698546,14,8,0,0
847.7412956226812,9,105,0,0
847.747035715265,49,216,0,0
847.7613260817033,124,272,0,0
847.7672997233369,21,307,0,0
847.7715442956036,31,582,0,0
847.7940569050552,18,237,0,0
847.8057035803226,35,302,0,0
847.8088327885592,91,2330,0,1
847.8122382651966,20,154,0,0
847.8618659329082,6,267,0,0
848.1814596599075,50,311,0,0
848.2192134131359,7,159,0,0
848.2663617276866,127,97,0,0
848.2712442293863,419,11,0,0
848.2802425389227,733,241,0,0
848.2836225400223,34,47,0,0
848.3024812681388,15,299,0,0
848.3210080626523,54,207,0,0
848.5323127877066,7,116,0,0
848.7932443884013,11,598,0,0
848.8005791995334,18,255,0,0
848.8837071018444,33,298,0,0
848.8969203139256,8,511,0,0
848.898651238529,230,361,1,0
848.9041624899966,18,486,0,0
848.9385864650625,19,250,0,0
848.9698042266637,19,337,0,0
849.0419814179099,142,1690,0,1
849.0458506479616,8,216,0,0
849.0573320517491,72,543,0,0
849.0578049643622,4870,138,1,0
849.1703575679945,13,129,0,0
866.6335212653872,23,565,0,0
866.6699205876703,1264,269,0,0
866.6701632109691,270,602,1,0
866.6891056581356,18,18,0,0
866.706122174057,19,110,0,0
866.7994913240992,11,103,0,0
866.8604938618892,212,240,0,0
867.2483489443607,21,208,0,0
867.4551526813775,227,3020,0,1
867.5007188249829,176,116,0,0
867.5058048918393,297,309,0,0
867.5112135517403,54,356,0,0
867.5377749829885,20,1790,0,1
867.545508639487,48,728,0,0
867.7181006488695,30,530,0,0
867.7987628409508,15,238,0,0
867.8911691967037,38,429,0,0
867.8912954838105,296,143,0,0
867.8941707850287,7,395,0,0
868.0898007583856,14,120,0,0
868.1150538641264,107,33,0,0
868.1395905631927,44,188,0,0
868.2411920360759,119,3270,0,1
868.246698323876,21,188,0,0
868.2518201574917,20,1060,0,1
868.2604441705706,5,29,0,0
868.2620363013228,26,296,0,0
868.2730830508096,49,171,0,0
868.27339258935,65,770,0,0
868.6330016871067,216,97,0,0
869.2532727124119,1174,69,0,0
869.3308597934987,346,124,0,0
869.357993455893,6,148,0,0
869.3583432569839,7,90,0,0
870.5714910595011,14,68,0,0
870.6439515000026,53,768,0,0
870.6480028446878,23,92,0,0
870.651289293166,80,319,0,0
870.6790685984499,15,177,0,0
870.6827925396808,55,320,0,0
870.7280218162501,584,102,0,0
870.8603081885956,478,218,0,0
870.8616834237798,265,9,0,0
870.8625034554881,11,339,0,0
870.867187496426,24,26,0,0
870.9996743701438,84,96,0,0
871.0307427045489,37,2080,0,1
871.055068609921,33,246,0,0
871.0673262179454,20,329,0,0
871.268912486332,238,198,0,0
871.2713813393327,12,1430,0,1
871.5306609673802,490,478,0,0
871.5345031662364,5,186,0,0
871.5422664883442,650,286,0,0
871.5833479412041,1396,371,0,0
871.8509036944286,10,530,0,0
871.8780005577005,37,565,0,0
871.8792923351134,13,184,0,0
871.9005267964668,3251,542,0,0
871.9012097663267,135,696,0,0
872.0082895642043,3787,213,0,0
872.0319091127094,17,143,0,0
872.0472837892637,20,401,0,0
872.1075690765726,127,433,0,0
872.1093355652824,48,373,0,0
872.109729622121,11,107,0,0
872.1185751576592,8,70,0,1
872.1263339544734,437,506,0,0
872.1266698199618,11,267,0,0
872.150972167957,12,261,0,0
872.277424075814,700,118,0,0
872.6945348221138,29,84,0,0
872.7629807678035,7424,768,1,0
872.7814374528934,117,292,0,0
872.7815182108645,11,123,0,0
872.7816445567206,670,66,1,0
872.8915210314811,15,91,0,0
873.2489779684587,5,358,0,0
873.2533255201071,9,223,0,0
873.2762580397682,65,770,0,0
873.3367909879347,220,707,0,0
873.3741331601543,1261,29,0,0
873.4636757125573,547,774,0,0
873.4677346436022,5,14,0,0
873.4682855202864,122,301,0,0
873.4802997848136,511,11,0,0
873.4974640033832,3360,148,1,0
873.4975448665776,15,152,0,0
873.5116936994115,9,625,0,0
877.9724516266266,1901,241,0,0
878.0783446795418,1618,280,0,1
878.0894614168346,592,274,0,0
878.1597030312975,10,265,0,0
878.2268453789228,10,490,0,0
878.2504832885621,17,305,0,0
878.261044024558,2044,331,0,0
878.2622081731071,26,200,0,0
878.2638398538813,64,427,0,0
878.3282842276258,904,444,0,0
878.3333560438494,663,4,0,0
878.3416544046845,58,429,0,0
878.4163656242246,64,194,0,0
878.4880656873719,21,264,0,0
878.4944662052851,120,7310,0,1
878.4951917438152,730,303,1,0
878.5017578066015,28,316,0,0
878.5044766857118,19,687,0,0
878.5679423426067,15,266,0,0
878.5684826408664,47,365,0,0
878.5901755634178,21,236,0,0
878.6324494704244,14,205,0,0
878.6328181458847,3173,767,0,0
878.6653202896186,486,174,0,0
878.6948249696628,19,206,0,0
879.1818853166383,427,19,0,0
879.2352350779748,12,349,0,0
879.3338353078315,270,201,0,0
879.3607379454322,212,97,0,0
879.7658319650076,39,390,0,0
879.7713197868891,574,75,0,0
880.4498542686563,16,820,0,1
880.6214613791641,26,196,0,0
880.622078978948,1361,767,0,0
880.6275012030222,24,211,0,0
880.9282910257938,120,48,0,0
881.1048108330252,699,376,0,0
881.1163053788974,18,237,0,0
881.1254250812274,17,225,0,0
881.2080164285626,157,637,0,0
881.2088256003357,2610,378,1,0
881.2278556445904,17,464,0,0
881.5293485115466,501,690,0,0
881.530366284535,14,245,0,0
882.0909643183221,26,2240,0,1
882.8321089055511,105,671,0,0
882.8372983792044,36,29,0,0
882.8390157307267,69,317,0,0
882.8561517514734,13,440,0,1
882.9029108009413,110,214,1,0
883.0109639491473,6,92,0,0
883.0200353404083,73,689,0,0
883.0218369029725,40,268,0,0
883.2354121285296,151,649,0,0
883.2396200626617,150,95,1,0
883.241540720733,228,104,0,0
883.2448319209118,50,506,0,0
883.3135055698157,16,303,0,0
883.3194092451226,12,284,0,0
883.3259546623849,15,195,0,0
883.4544735904093,1092,3450,0,1
883.4566986235093,267,667,0,0
883.4568001219806,15,189,0,0
883.4922469088751,25,160,0,0
883.5326673377806,172,609,0,0
883.5739021450921,262,757,0,0
883.578819592638,110,284,1,0
883.5798851909487,20,228,0,0
883.5868944161117,20,282,0,0
883.5886323069993,220,491,1,0
883.7105019505019,362,147,0,0
883.7442675930705,7,83,0,0
884.6743800546375,871,165,0,0
884.7619726005922,660,507,1,0
884.7735338543661,1145,4840,0,1
885.0941156185972,13,543,0,0
885.097561040993,67,242,0,0
885.2949866647201,16,28,0,0
885.4666842141867,20,267,0,0
885.4773110055456,12,233,0,0
885.4810360922676,96,767,0,0
885.4998493091755,16,348,0,0
885.5071368635325,192,3340,0,1
885.5291597487791,7,470,0,0
885.5802233471859,16,251,0,0
885.6159916680564,27,249,0,0
885.6394393296345,6,23,0,0
885.7638667626969,188,315,0,0
885.8004320781714,17,75,0,0
886.3698732848637,899,133,0,0
886.3705795445998,29,285,0,0
886.4013121030836,22,262,0,0
886.4068327333896,8,330,0,0
886.6164517888589,84,533,0,0
886.6395994351483,1588,54,0,0
886.8813840683848,2861,61,0,0
887.3905073194171,4726,341,0,0
887.4049842101614,22,282,0,0
887.587769335101,18,538,0,0
887.711436614589,489,267,0,0
887.7159634000537,12,333,0,0
887.7217958272889,24,1120,0,1
887.8199822511403,1564,43,0,0
887.8203624228879,63,606,0,0
887.8284194682051,9,225,0,0
887.834317547915,7,14,0,0
887.8476138068777,403,421,0,0
887.8662790880659,127,54,0,0
888.9139434994854,624,64,0,0
888.9219809619603,19,266,0,0
888.9234535460193,17,56,0,0
888.9434544901183,38,198,0,0
888.9461403932016,342,294,0,0
889.061235206442,37,274,0,0
889.1649546734089,240,126,1,0
889.1660083799757,817,752,0,0
889.1671626992808,250,463,0,0
889.2002483852887,7890,302,1,0
889.2070691522003,36,343,0,0
889.2233775429745,11,335,0,0
889.6021894745547,70,25,1,0
889.616816988003,100,574,1,0
889.6576529105668,34,402,0,0
889.6590121110121,15,231,0,0
889.6600161870737,22,19,0,0
889.6622813040318,309,308,0,0
889.6674461404773,10,447,0,0
889.7240041665701,329,7680,0,1
889.8406721438231,1349,163,0,0
890.387064018755,4,25,0,0
890.3900728738096,15,315,0,0
890.4836535136486,85,71,0,0
890.4874359814122,33,288,0,0
890.4880401011243,7,427,0,0
890.9225998133423,10,244,0,0
890.9783112888084,15,398,0,0
890.982152619644,36,234,0,0
890.9935937659269,13,704,0,0
891.0920678215113,8,218,0,0
891.9949081548261,41,344,0,0
892.1390960609043,65,80,0,0
892.2337507103356,57,157,0,0
892.2379013565776,23,310,0,1
892.2386147917769,384,3940,0,1
892.2564273621481,70,76,1,0
892.2576981799782,11,84,0,0
892.2652831779064,439,3300,0,1
892.5528975409942,8,37,0,0
892.5846204443284,24,770,0,0
892.586788604494,10,113,0,0
892.5873209093508,77,531,0,0
892.5893286129285,16,215,0,0
892.6597461891041,6,295,0,0
892.6598797725364,4,567,0,0
892.6615755395343,152,773,0,0
892.7156572827034,136,78,0,0
892.7209442532472,26,82,0,0
892.7371755433346,110,246,0,0
892.739037262261,148,514,0,0
892.8585536186445,1560,274,0,0
894.8211883286572,20,433,0,0
894.8738335158031,9,93,0,0
895.2608717321992,14,71,0,0
895.2694565871396,95,621,0,0
895.3109441221966,9,565,0,0
895.330874736661,107,228,0,0
895.3314599010197,7,111,0,0
895.3464515953768,12,99,0,0
895.3631864983797,112,298,0,0
895.3700722611712,39,148,0,0
895.3797103083721,38,198,0,0
895.3801802953534,470,494,0,0
895.444873547604,551,341,0,0
895.4486049469023,2368,335,0,0
895.4773059945684,30,75,0,0
895.4838524599261,833,224,0,0
895.615565257149,5,375,0,0
895.6368223630875,856,78,0,0
895.7102772027207,87,194,0,0
895.7119433513201,214,678,0,0
895.7815558701518,1297,135,0,0
895.8280127165945,188,248,0,0
895.8414980498006,13,237,0,0
895.8484310609496,123,144,0,0
895.8851529958425,79,529,0,0
895.9357649246773,6,127,0,0
895.9527542842701,410,367,1,0
895.976328393492,6,588,0,0
895.9843402841517,18,371,0,0
895.9889595315996,16,225,0,0
895.990171061757,11,312,0,0
896.135232635096,35,46,0,0
896.1769501486749,14,418,0,0
896.2019790169816,22,16,0,0
896.2115511334927,10,213,0,0
896.2236577822254,128,46,0,0
896.228743841773,291,767,0,0
896.3344187024361,140,165,1,0
896.3640472130378,120,354,0,0
896.3858485613852,124,20,0,0
896.3976305491419,653,268,0,0
896.4011213422345,217,92,0,0
896.6852454518859,62,277,0,0
896.698733826381,15,239,0,0
896.8153042380316,7,59,0,0
896.8205077303204,9,86,0,0
896.8473554509413,1260,57,1,0
897.0223523024071,16,171,0,0
897.0236615763959,53,414,0,0
897.0272634473818,672,108,0,0
897.0298055559078,5,215,0,0
897.0657070394319,18,144,0,0
897.0662754530767,192,133,0,0
897.0729914325385,1636,155,0,0
897.0739319989249,29,515,0,0
897.0745242382582,7,316,0,0
898.782120521452,100,270,1,0
898.7915835982607,75,767,0,0
899.0124507167183,64,20,0,0
899.2050231110015,23,167,0,0
899.6216479229066,17,450,0,0
899.6353086913738,516,668,0,0
899.6371818048417,732,205,0,0
901.2944471813348,226,378,0,0
901.2951337695647,22,215,0,0
901.2955539254024,31,488,0,0
901.3640679590802,256,298,0,0
901.4755073257143,10,66,0,0
901.5823825286675,15,234,0,0
901.5922929089148,5,194,0,0
901.5934274848444,14,80,0,0
901.6232867154846,90,230,1,0
901.7739737782206,23,281,0,0
901.789300503436,11,701,0,0
902.1516355867108,369,320,0,0
902.1672731378551,20,223,0,0
902.2828192571001,3820,463,1,0
902.287140628235,16,549,0,0
902.3317118549876,28,249,0,0
902.7035255902142,47,513,0,0
902.9936423887996,4,776,0,0
903.0690530498866,23,553,0,0
903.0850900049894,11,28,0,0
903.0902831296219,160,566,1,0
903.1082777073825,3734,137,0,0
903.2720351503217,15,5730,0,1
903.3766040558123,12,465,0,0
903.3787927498026,56,478,0,0
903.6284796676217,46,412,0,0
904.0572806319432,1370,240,1,0
904.0620123326722,493,222,0,0
904.1125621379133,333,329,0,0
904.1150652583215,52,334,0,0
904.1404180136872,6,23,0,0
904.156345967889,26,220,0,0
904.1930540202725,545,34,0,0
904.2103453070619,14,52,0,0
904.2175669468334,16,114,0,0
904.2639321501066,57,97,0,0
904.2640616889196,1095,159,0,0
904.2660528969411,1561,612,0,0
904.2845776920318,25,730,0,0
904.2994768137172,17,325,0,0
904.356641726092,955,96,0,0
904.3593065710402,11,34,0,0
904.3602796443456,199,769,0,0
904.3772534102416,211,22,0,0
904.3830150008107,27,513,0,0
904.3833327625846,82,100,0,0
904.4976954821198,123,176,0,0
904.5384601675099,140,397,0,0
904.5523164903757,9,223,0,0
907.7212862167313,14,222,0,0
907.7240819646169,2975,164,0,0
907.748018076943,40,252,0,0
907.8207903056995,6,23,0,0
907.8381450427104,366,346,0,0
907.8446848995667,105,547,0,0
907.8649578009572,10,182,0,0
907.9027757730878,14,269,0,0
908.0038743526285,80,90,1,0
908.0095660325379,9,216,0,0
908.0169461784258,89,514,0,0
908.0202316114563,16,139,0,0
908.0259675585276,34,171,0,0
908.0320580013715,36,29,0,0
908.0367336462181,47,175,0,0
908.8100709036206,37,96,0,0
908.8154881240182,12,2730,0,1
908.821431314701,152,361,0,0
910.5625795219943,10,79,0,0
910.6592711251692,57,24,0,0
910.6593390789496,493,359,0,0
910.6751479568965,152,770,0,0
910.6851101017569,157,840,0,1
910.6858911016838,15,576,0,0
910.6871258733796,8,109,0,0
910.7596634923959,15,327,0,0
910.7987191721288,39,277,0,0
910.8187390171552,2094,43,0,0
910.8217634723609,730,414,1,0
911.0437585651349,14,575,0,0
911.0718183785355,26,190,0,1
911.0900569145779,1455,122,0,0
911.1103684610126,176,301,0,0
911.1110072181864,10,306,0,0
911.1496484005729,8,341,0,0
911.481677119747,1076,4890,0,1
911.5177340032808,17,346,0,0
911.5242684638295,63,154,0,0
911.6991671617169,38,210,0,0
911.7004160004957,228,143,0,0
911.7054291274953,1043,29,0,0
911.736686799903,159,252,0,0
911.7891041639801,10,764,0,0
911.8274305679877,9,24,0,0
911.8280546246638,124,377,0,0
911.8780109510477,142,474,0,0
911.9137230999252,14,41,0,0
911.9175063895702,3356,127,0,0
912.3875982626114,45,1470,0,1
912.3980305458971,12,285,0,0
912.4115889018044,226,378,0,0
912.4677323808152,18,234,0,0
912.5031571822734,7,430,0,0
912.5390238100629,46,216,0,0
912.5443607429535,16,249,0,0
912.5729762198386,711,231,0,0
912.5907676950568,87,254,0,0
912.5924528168761,29,105,0,0
912.5931951441594,3800,413,1,0
914.2614772020632,6,247,0,0
914.2633318354699,35,767,0,0
914.2667270284553,33,330,0,0
914.3383870491798,9,243,0,0
914.3663629525736,250,180,1,0
914.3668647172357,8,315,0,0
914.4277000687542,16,147,0,0
914.50769990793,26,52,0,0
914.525962046739,5,56,0,0
914.5333084221787,9,186,0,0
914.5501195922271,7,182,0,0
914.5528110860681,99,298,0,0
914.5543232449886,9,201,0,0
914.5936698802657,91,307,0,0
915.2567085588566,23,180,0,0
915.4217136425193,21,56,0,0
915.4635133334982,193,769,0,0
915.5500563612226,796,768,0,0
915.5996412350747,6,432,0,0
915.7248953468355,1220,252,1,0
915.8491917236782,80,294,1,0
915.850855561619,32,128,0,0
915.8551412249276,13,198,0,0
916.2476442835346,10,286,0,0
916.250883335135,366,319,0,0
916.2513478028972,17,430,0,0
916.4841166298961,30,551,0,0
916.5058064384044,23,286,0,0
916.5590380587572,47,86,0,0
916.7935135777252,543,1750,0,1
916.7963087342852,23,142,0,0
916.8236359534679,50,277,0,0
916.8578283662038,8,248,0,0
916.8689644617363,170,31,1,0
916.8840054127328,350,137,0,0
916.8942439770029,131,573,0,0
916.9446926748151,2054,62,0,0
916.9488056067041,2974,242,0,0
916.963395031216,86,267,0,0
916.9652782008301,18,311,0,0
916.9885476056376,18,211,0,0
917.1086181664033,130,5430,1,1
917.1125605095988,25,575,0,0
917.1234536752647,31,582,0,0
917.125616024876,17,286,0,0
917.8069342091137,19,722,0,0
917.8242924746698,101,182,0,0
917.8659464120876,207,306,0,0
919.1468330485335,15,63,0,0
919.1576913244825,22,73,0,0
919.1726042367204,357,664,0,0
919.1767005216809,51,767,0,0
919.1781460964986,953,1640,0,1
919.6191877699615,3144,534,0,0
919.6505351406555,35,588,0,0
919.6718718026362,8,356,0,0
919.715249984911,5,370,0,0
919.7199457845046,7,201,0,0
919.7513160744671,12,155,0,0
919.8042440132275,8,118,0,0
919.958198176024,2163,201,0,0
919.9728441748033,15,250,0,0
919.9806173824929,4,296,0,0
920.0034131416223,10,109,0,0
920.0840266205504,182,320,0,0
920.2272577286022,10,305,0,0
920.2358451701991,68,376,0,0
920.2410735551642,944,19,0,0
920.2420398197671,30,127,0,0
920.2480673232932,1118,151,0,0
920.2750453165476,2890,109,0,0
920.3241367713297,10,201,0,0
920.3260485023063,74,190,0,0
920.3265798149148,39,277,0,0
920.3293358702522,15,144,0,0
920.6965995982966,497,295,0,0
920.7619309283297,5,39,0,0
920.773518889619,15,161,0,0
921.7791735560778,14,507,0,0
921.8071717262679,17,768,0,0
921.8175416390308,8,230,0,0
921.8472663993606,20,344,0,0
921.8682289842188,10,368,0,0
921.8813156756639,130,245,1,0
921.9946551891277,58,69,0,0
922.0110014123244,97,211,0,0
922.0333941767193,8,34,0,0
922.0753746998204,5,31,0,0
922.2122592616538,135,267,0,0
922.2132908468811,2165,47,0,0
922.2165225259766,120,286,1,0
922.2251797615221,19,330,0,0
922.2298633249438,9,152,0,0
922.2422756830979,22,16,0,0
922.2447933545327,20,266,0,0
922.2474012829621,556,207,0,0
922.2488425666772,131,125,0,0
922.2749962051793,518,204,0,0
922.5955122092246,7,367,0,0
922.5979728616991,20,266,0,0
922.8979466328426,18,25,0,0
923.0979883907779,12,523,0,0
923.0983664153305,28,23,0,0
923.12709394878,13,100,0,0
923.1662883292314,15,2200,0,1
923.1665240737923,924,192,0,0
923.2006188003573,1951,293,0,0
923.211444035158,11,401,0,0
923.235005192247,7,431,0,0
923.5548495005069,82,159,0,0
923.5787573234862,360,246,1,0
923.6183602014279,67,171,0,0
923.6198711306156,50,292,1,0
923.7005095673486,7,308,0,0
923.7749564436702,109,764,0,0
923.866039774611,6,42,0,0
934.932938204417,17,248,0,0
934.9480607016006,17,337,0,0
935.0459958016434,8,120,0,0
935.059247594319,2085,13,0,0
935.1210951611537,19,268,0,0
936.9054057194891,11,189,0,0
936.9155767159025,25,303,0,0
936.9176826572523,17,286,0,0
937.1171899749163,352,155,0,0
937.1233219066306,8,273,0,0
937.1350864265303,104,279,0,0
937.171084843043,230,1040,1,1
937.181919066141,415,139,0,0
937.2070723324247,7,341,0,0
937.2919198613532,1230,275,1,0
937.5746941608821,5,19,0,0
937.5770863999933,80,71,0,0
939.1844932297195,1061,540,0,0
939.2120647790659,3127,113,0,0
939.2168106158532,1027,40,0,0
939.2200664416087,33,197,0,0
939.2780086556709,186,368,0,0
939.9656102259684,10,158,0,0
939.9733603382066,127,673,0,0
939.9754023054816,253,2190,0,1
940.3028383705748,10,196,0,0
940.3049551126996,8,89,0,0
940.3629680429236,56,203,0,0
940.4414705071856,41,10,0,0
940.4589296128112,24,342,0,0
940.4601642389251,2845,112,0,0
940.5420913057189,7,2670,0,1
940.5978576090462,8,21,0,0
940.6157971737761,5,3560,0,1
940.7503773895786,10,321,0,0
940.7583142995354,1906,629,0,0
940.7591664995655,898,225,0,0
940.759363961709,20,104,0,0
940.7884438556966,53,744,0,0
940.7943752243724,31,487,0,0
940.8668756983814,32,237,0,0
940.9025267086879,12,93,0,0
940.9269479090955,12,154,0,0
940.9321664111958,327,131,0,0
940.9526672558331,10,303,0,0
941.074693556719,12,390,0,0
941.0769557522069,87,558,0,0
941.3416618654863,765,104,0,0
941.3543121957041,1633,437,0,0
941.4240306743802,1634,623,0,0
941.4285546796826,16,314,0,0
941.528731641602,18,551,0,0
941.5433766055486,63,27,0,0
941.5613666222378,14,266,0,0
941.5967833936742,48,331,0,0
942.1902339272443,46,31,0,0
942.2654318454227,25,47,0,0
942.2936733887657,15,215,0,0
942.2954682449453,80,767,0,0
942.3139550013016,107,767,0,0
942.3154720414394,9,8,0,0
942.3531846944917,70,16,1,0
942.3619582738261,19,142,0,0
942.3811662160598,10,2470,0,1
942.3846213211616,199,225,0,0
942.4022494102225,11,270,0,0
942.4330220956566,608,4680,0,1
942.9566886996339,914,279,0,0
943.0084377599451,56,246,0,0
943.0827736449382,61,321,0,0
943.085219349497,14,137,0,0
943.1926080920485,10,723,0,0
943.1982179590568,7,129,0,0
943.2007128820593,7,298,0,0
943.2089521932912,236,767,0,0
943.2379104464973,450,246,1,0
943.2453654405324,71,686,0,0
943.2508430985679,25,314,0,0
943.3069028419006,4,181,0,0
943.3100579579374,218,452,0,0
943.3184894406639,12,260,0,0
943.3240574323729,37,434,0,0
943.341616114356,14,120,0,0
943.3654733891207,15,159,0,0
943.3688617999981,9,414,0,0
943.4995058346284,11,334,0,0
943.4995655594253,18,82,0,0
943.5349568082804,2141,275,0,0
943.7408882786395,4,229,0,0
944.1580048075043,304,147,0,0
944.2077388447032,171,656,0,0
944.2653554542215,1568,51,0,0
944.273144597185,5,215,0,0
944.2811456496062,593,429,0,0
944.2834809130959,300,4,0,0
944.2892684346183,10,144,0,0
944.2899347556908,632,296,0,0
944.2902033239851,31,842,0,0
944.4349358438586,62,42,0,0
944.468681669783,161,2990,0,1
944.6813318287026,74,180,0,0
944.6911747868473,23,24,0,0
944.692386266934,111,363,0,0
944.7249350372207,26,457,0,0
944.9060714652325,11,2350,0,1
944.906394727989,9,2950,0,1
944.9148256729261,140,164,0,0
944.9349647300279,121,257,0,0
946.2095214821518,15,140,0,0
946.2377877662809,917,767,0,0
946.239212383319,83,168,0,0
946.2408182222331,21,114,0,0
946.2426387871672,4,312,0,0
946.2451185426044,11,268,0,0
946.3034695933511,9,135,0,0
946.3148321110467,9,486,0,0
946.3350225579984,14,167,0,0
946.3357926746509,23,266,0,0
947.5513108158482,173,8,0,0
947.5556163333504,15,548,0,0
947.5564194153203,10,361,0,0
947.562888360978,74,335,0,0
947.6165842247736,7,108,0,0
947.6233594554502,15,509,0,0
947.6349034346796,13,690,0,1
948.7363299025708,628,349,0,0
948.7386301870996,50,194,1,0
948.8019976874376,243,87,0,0
948.8020845169157,19,4250,0,1
948.8227098142606,11,255,0,0
948.8271850237701,1551,156,0,0
948.9025262357488,14,378,0,0
948.9186069639617,6,64,0,0
948.9216189310742,7,776,0,0
948.9355964095204,10,378,0,0
948.9510693000261,20,128,0,0
948.9591556172087,67,21,0,0
948.9620554032572,20,340,0,0
948.9633157389695,27,267,0,0
948.9661591150784,2413,643,0,0
948.9721787679426,19,369,0,0
948.9743235007271,1841,278,0,0
949.0230137166518,838,322,0,0
949.0238082824033,13,146,0,0
949.0240974510665,9,247,0,0
949.0250103171237,1057,128,0,0
949.0266484694548,21,298,0,0
949.0331047044514,70,146,0,0
949.0815493040924,74,27,0,0
949.0922574285651,7,334,0,0
949.1794794319477,91,361,0,0
949.1937766198432,13,555,0,0
949.2148397674343,91,282,0,0
949.3774555194648,8,264,0,0
949.3955867937586,135,146,0,0
949.4322480352081,34,16,0,0
949.4381799857374,20,529,0,0
949.4399876493324,80,72,0,0
949.4463819259043,260,171,1,0
949.8126693736731,16,388,0,0
949.8360024061795,7,23,0,0
949.8361220192444,1636,155,0,0
949.8373049491513,9,167,0,0
949.8749070370584,22,363,0,0
949.8787954565171,65,350,0,0
949.9451972675961,22,161,0,0
949.9738837225835,524,361,0,0
949.9808423819882,405,433,0,0
950.489842476052,15,74,0,0
950.4988888433008,134,136,0,0
951.6311758876111,74,697,0,0
951.6685581882398,13,88,0,0
951.723864705314,9,363,0,0
951.7536295705739,35,250,0,0
951.755780587298,17,345,0,0
951.7645806461359,80,383,1,0
951.8013142689178,23,208,0,0
951.8036742985686,495,128,0,0
951.9355666450422,400,328,0,0
951.9569214913438,66,194,0,0
951.978814399879,578,349,0,0
951.9938629711842,43,122,0,0
951.9939817789123,5412,2780,1,1
952.0290361849101,15,550,0,0
952.1210087433889,85,7,0,0
953.2709646045785,19,307,0,0
953.3578053318369,31,257,0,0
953.3742069837034,38,200,0,0
953.4020716443688,19,98,0,0
953.409699972903,35,196,0,0
953.4230251144146,10,196,0,0
953.4235913022474,25,250,0,0
953.4454719363038,8030,128,1,0
953.769770343021,319,128,0,0
953.8006268991701,123,243,0,0
953.802915684713,11,162,0,0
953.8095382950676,94,426,0,0
953.9607472250382,23,402,0,0
954.18980321205,50,326,0,0
954.1908959726197,42,577,0,0
954.1937589475858,19,362,0,0
954.2067758168276,11,265,0,0
954.2687799372426,80,181,1,0
954.292747104852,15,25,0,0
954.3233194329163,205,325,0,0
954.4503055666617,90,248,0,0
954.5190049980046,7,252,0,0
954.5202910362565,14,139,0,0
954.5689727793239,686,149,0,0
954.5765109762582,12,390,0,0
954.58462414072,279,2750,0,1
954.6054034492327,15,595,0,0
954.6190196416109,20,381,0,0
954.6325224253661,54,100,0,0
954.7443150682267,15,235,0,0
955.7723540913157,220,357,0,0
955.7819628510669,11,215,0,0
955.8242340899026,361,205,0,0
955.8277107286976,18,343,0,0
955.8290315780174,13,219,0,0
955.8302632497631,1375,248,0,0
955.8312103903679,9,205,0,0
955.8456507120806,1419,42,0,0
955.8566219473956,818,231,0,0
956.071356245056,1170,93,1,0
956.1051787758521,70,178,1,0
956.142527548011,25,192,0,0
956.1494957029403,17,106,0,0
956.1553386699017,23,135,0,0
956.2489563890397,1710,745,1,0
956.2787167084689,49,37,0,0
956.3388732395174,10,382,0,0
956.4134991427749,6,253,0,0
956.4156388373816,13,47,0,0
956.4268727386478,53,768,0,0
956.8877989816403,15,16,0,0
956.9625281325077,14,276,0,0
957.8082525713994,160,169,0,0
957.8245990454275,95,364,0,0
957.8849567280689,11,3940,0,1
958.3066321225235,93,262,0,0
967.1689906406334,819,305,0,0
967.2396025880172,476,180,0,0
967.2447188798762,485,7640,0,1
967.2628891056328,95,136,0,0
967.2674678440299,6,77,0,0
967.2746310205488,29,185,0,0
967.2961565973928,8,286,0,0
967.3022642969091,12,111,0,0
967.3435379438231,20,710,0,1
967.3442589529091,12,277,0,0
967.3691576687908,59,159,0,0
967.3727412925231,163,349,0,0
967.3818745525826,12,366,0,0
967.7362176476352,160,416,1,0
967.7426482026214,16,356,0,0
967.7662205546736,130,403,1,0
967.8325932868438,397,255,0,0
967.9743561413192,78,188,0,0
968.0980934803259,29,231,0,0
968.106595491019,22,262,0,0
968.1112609359108,20,23,0,0
968.2414750622544,5,69,0,0
968.5011470700153,51,52,0,0
968.5030721998248,34,33,0,0
968.6325687191919,73,356,0,0
968.6500153332214,17,22,0,0
968.7070481701991,12,180,0,0
968.7111323505862,33,113,0,0
968.8396847610522,11,19,0,0
968.9891083640036,247,171,0,0
968.9894372164974,7,309,0,0
969.3579989474365,49,85,0,0
969.3896409808225,10,246,0,0
969.391738054118,24,202,0,0
969.515406243267,10,133,0,0
969.5176841868254,24,435,0,0
969.6050436199622,128,179,0,0
969.9365533626856,25,387,0,0
969.9433406235967,76,767,0,0
969.9477179384919,10,220,0,0
969.9484860930797,2126,70,0,0
969.9537008781175,39,342,0,0
970.5877945408984,10,151,0,0
970.589817361979,25,192,0,0
970.9138972509668,58,229,0,0
971.0204044751389,45,769,0,0
971.0289486015945,3279,191,0,0
971.0935322043108,375,50,0,0
971.1157341942315,324,287,0,0
971.1438595486266,50,150,0,0
971.2256617700208,7,330,0,0
971.2835639532192,6,69,0,0
971.2899271897796,39,321,0,0
971.3164537308314,12,220,0,0
971.3460067416275,48,334,0,0
971.3588366526798,260,28,0,0
971.3635967283326,53,3150,0,1
971.378546500274,1141,771,0,0
971.3939201157317,4150,139,1,0
971.4165016953399,21,326,0,0
971.4181054822343,19,169,0,0
971.4184548448244,53,167,0,0
971.5046953973438,9,624,0,0
971.5305153067739,11,380,0,0
971.533078928146,287,229,0,0
971.6235191839398,1685,767,0,0
971.6328255246818,5,290,0,0
971.6363678300967,5,435,0,0
971.8756388043278,20,249,0,0
972.0345841071276,433,374,0,0
972.0442588174899,1486,766,0,0
972.1736870247767,14,475,0,0
972.2338384508031,52,179,0,0
972.2349149800854,16,119,0,0
972.2356793127104,8018,174,1,0
972.2609302675261,19,133,0,0
972.2665673878648,30,127,0,0
972.2688282887407,575,487,0,0
972.2792088610992,1003,8,0,0
972.3085970089347,18,134,0,0
972.3891517534863,12,465,0,0
972.4008953615504,147,529,0,0
972.404361211985,667,312,0,0
972.512327296081,144,445,0,0
972.513899523765,4,209,0,0
972.5154410738129,18,54,0,0
972.5208908198663,134,32,0,0
972.5255201263928,8025,167,1,0
972.5588187972845,16,123,0,0
972.5645264524138,200,403,1,0
972.6696732679169,91,91,0,0
972.6737988873693,689,139,0,0
972.6785055897323,186,584,0,0
973.2243219861626,10,157,0,0
973.2332457198949,70,132,1,0
973.2386544599381,1477,1460,0,1
973.2711111977662,7,248,0,0
973.4687256736443,211,766,0,0
973.6971817129763,270,124,1,0
973.7006950139978,44,424,0,0
973.7012436912884,9,494,0,0
973.7028835358456,17,189,0,0
973.709945120596,863,146,0,0
973.8500207212685,5,165,0,0
974.0879587066477,23,767,0,0
974.0917496890389,137,106,0,0
974.0941161129892,33,150,0,0
974.2478127511636,9,3290,0,1
974.2614729469498,516,2820,0,1
974.2753678310895,190,293,1,0
974.627209003361,18,156,0,0
974.6993693047767,44,664,0,0
974.7005415696584,23,33,0,0
974.7363240148809,269,680,0,0
974.7541515962625,669,267,0,0
974.8634067417181,299,100,0,0
974.8643942315417,450,177,1,0
974.8758340181425,7,104,0,0
974.8791223767608,15,371,0,0
974.8990607904908,179,454,0,0
974.9013762347417,1066,402,0,0
974.9755606410747,905,13,0,0
974.9776315096693,5,248,0,0
975.1145987954262,3078,140,0,0
975.2772926050242,254,133,0,0
975.2906607583183,153,210,0,0
975.5492984309999,160,147,1,0
975.8114392997738,52,242,0,0
975.8243385826621,6,34,0,0
975.8270381006699,7,140,0,0
975.8324466322483,39,266,0,0
975.8376282168738,29,116,0,0
975.9807276030433,70,198,1,0
976.0696975013547,18,358,0,0
976.1012004327467,6,162,0,0
976.1792982366408,3420,674,0,0
976.2864835101805,12,298,0,0
976.2901762902547,27,333,0,0
976.297133997344,1348,117,0,0
976.2984722483741,153,467,0,0
976.3810340534005,2163,201,0,0
976.4323969239372,122,311,0,0
976.5368254467522,2661,389,0,0
976.5664358990723,11,358,0,0
976.5990993103618,13,127,0,0
976.6042528942846,814,768,0,0
976.6083672877769,28,312,0,0
976.9308993106523,16,180,0,0
976.9311879212052,40,260,0,0
977.1498212782061,87,347,0,0
977.1513693661835,15,495,0,0
977.1559232366166,1544,717,0,0
977.295276859434,97,310,0,0
977.2990785015387,738,385,0,0
977.2995375111472,10,579,0,0
977.3658564769569,16,313,0,0
977.4690670499353,16,630,0,0
977.5130055259181,15,509,0,0
977.5141190944878,265,349,0,0
977.5453596033165,8,57,0,0
977.5613190861325,13,98,0,0
977.5709162869457,19,184,0,0
977.602517888652,809,666,0,0
977.6048411344016,13,453,0,0
977.8564276648278,179,625,0,0
977.8615444467282,20,344,0,0
977.8861411035568,12,225,0,0
977.9273549425892,25,290,0,0
977.9430418075015,1926,279,0,0
978.0314482926989,7,75,0,0
978.0510381993812,7,82,0,0
978.1054343211513,21,290,0,0
978.1071440374654,45,250,0,0
978.1533215998355,120,112,1,0
978.1715381989815,17,336,0,0
978.1729006996533,2780,70,1,0
978.1901095073204,33,236,0,0
978.1946261380552,11,325,0,0
978.2004956714408,57,80,0,0
978.2013826666234,3664,93,0,0
978.2035012249372,26,436,0,0
978.2069337594097,1100,663,0,0
978.2208722310919,21,105,0,0
978.2399252417213,125,662,0,0
978.2499939652021,143,457,0,0
978.2527660516968,518,126,0,0
978.2713089190555,43,124,0,0
978.4603537483758,14,282,0,0
978.5284369387421,17,119,0,0
978.5607254197325,11,61,0,0
978.59601535298,130,409,0,0
978.6082360504511,11,402,0,0
978.6299745994777,105,376,0,0
978.6676518531021,850,392,0,0
978.7013568511426,8,734,0,0
978.7707901384985,87,139,0,0
978.9261261879584,8,320,0,0
979.1018657435234,22,314,0,0
979.1533588501798,330,307,1,0
979.1643341854207,46,117,0,0
979.1663567263579,7,70,0,0
979.1670225204016,9,429,0,0
979.3064156218213,327,231,0,0
979.368918328605,365,327,0,0
979.3843081753658,34,20,0,0
979.386682346026,38,333,0,0
979.41908759846,11,368,0,0
979.7087114664774,262,40,0,0
980.0249675437774,7,118,0,0
982.1785905747781,6,33,0,0
982.299626128871,18,432,0,0
982.4205656111177,20,414,0,0
982.6644185914498,19,239,0,0
982.6651989023298,1074,312,0,0
982.7657122785439,1232,70,0,0
982.770244333878,32,248,0,0
982.8120879096618,29,343,0,0
982.8129107100966,169,348,0,0
982.8152317036469,400,524,0,0
982.8179346927308,11,107,0,0
982.8240246998243,997,166,0,0
982.9007047695258,379,246,0,0
982.9028397792914,740,92,0,0
982.9775251362545,105,589,0,0
983.1216382103898,1610,35,0,0
983.1234823198085,41,428,0,0
983.2532763643684,7,215,0,0
983.8847501392574,8,68,0,0
983.8899443488731,12,147,0,0
983.9558715808791,1125,151,0,0
984.3047477079804,34,241,0,0
984.3103272688227,13,228,0,0
984.3155165591539,1782,107,0,0
984.329409543559,5,108,0,0
984.3431143134696,51,51,0,0
984.3455734783226,8,252,0,0
984.3537184198333,376,17,0,0
984.3565829577514,6,107,0,0
984.4116008993078,6,302,0,0
986.5021113046165,15,127,0,0
986.6589323552423,10,185,0,0
986.6600589242164,15,193,0,0
986.8704341078113,27,128,0,0
986.8732123102379,80,364,0,0
986.932708265375,2079,643,0,0
986.9430289976534,23,215,0,0
987.2685881466116,18,298,0,0
987.2890802082927,30,44,0,0
987.3120340286766,1807,315,0,0
987.3306611385003,844,276,0,0
987.3448743038963,52,391,0,0
987.3817912694694,8,296,0,0
988.115446558516,12,277,0,0
988.5882153413481,10,255,0,0
988.6742764617933,50,194,1,0
988.6974608024357,68,353,0,0
988.7137819487848,848,480,0,0
989.0235446494801,2209,767,0,0
989.0270217125565,654,277,0,0
989.0296463421627,7,189,0,0
989.0346312068804,69,120,0,0
989.069386384592,3688,254,0,0
989.1053201855345,11,240,0,0
989.1494744379156,1500,7,0,0
989.1611499814961,7,252,0,0
989.1655599510946,56,219,0,0
989.1658521814966,67,1140,0,1
989.2048514256118,10,176,0,0
989.2090563706087,578,571,0,0
989.3576906879507,259,683,0,0
989.3596201213197,158,36,0,0
989.382647410995,38,4350,0,1
989.4362622104173,2190,266,0,0
989.4731179403321,33,50,0,0
989.5573617462236,12,268,0,0
989.6724287779406,942,539,0,0
989.7071631603826,8,771,0,0
989.8175563153977,137,63,0,0
989.8351230980917,13,104,0,0
989.8508145657572,226,241,0,0
993.6885564029303,91,340,0,0
993.7048548592225,29,329,0,0
993.7156754109825,86,184,0,0
993.7161365058222,10,86,0,0
993.718694779447,90,474,0,0
993.7381753037215,128,251,0,0
993.7420160165456,12,165,0,0
993.7608633172864,746,177,0,0
993.7622284010172,17,473,0,0
993.9705479021686,60,105,0,0
993.9950347887301,38,343,0,0
994.0024839399616,6,296,0,0
994.0102359012835,513,573,0,0
994.0213226053282,16,29,0,0
994.100222650643,380,2960,1,1
994.1049039044516,37,297,0,0
994.143537212472,9,81,0,0
994.1528855929644,377,142,0,0
994.1542255050654,89,5630,0,1
994.1617396594099,16,399,0,0
994.179669834287,32,333,0,0
994.2235482911151,23,26,0,0
994.6245458076539,111,39,0,0
994.6268140725459,7,38,0,0
994.63152639795,21,480,0,0
994.6782274959886,6,239,0,0
994.6927708495697,5,56,0,0
994.6935881340597,9,186,0,0
994.7930898651484,74,243,0,0
994.7949488853213,398,278,0,0
994.7959064729163,110,767,0,0
994.7979540145674,17,353,0,0
994.7983109997718,9,457,0,0
994.8016898630065,11,6,0,0
994.8367091636034,12,247,0,0
994.984638168953,12,298,0,0
994.9918988348554,969,723,0,0
994.995591949331,40,234,1,0
995.0146393210248,515,383,0,0
995.0205354247261,180,257,1,0
999.442379462617,29,513,0,0
999.949854439326,26,620,0,0
