arrived_at,num_prefill_tokens,num_decode_tokens,prefill_inflated,decode_inflated
0.0,22,332,0,0
0.012723080086800977,14,272,0,0
0.5155772670001654,6,352,0,0
0.5830111602077348,6,336,0,0
0.583688256128735,540,349,0,0
0.6015461515347529,4,14,0,0
0.606731954933831,20,342,0,0
0.6310231831141563,2330,358,1,0
0.6317467782049291,67,25,0,0
0.6610118879328004,14,134,0,0
0.6899053139536321,225,140,0,0
1.1115252662560324,473,767,0,0
1.1455178471357066,212,182,0,0
1.1956140684228067,4800,186,1,0
1.1965249147229566,70,745,0,0
2.8297476954781353,17,7670,0,1
2.8301389336154785,2058,338,0,0
2.993580571223098,15,188,0,0
3.002908790257221,6,355,0,0
3.006009277339872,19,317,0,0
3.0108656035906276,653,769,0,0
3.0155715311508677,30,310,0,0
3.054170688385697,23,203,0,0
3.0686502030376426,54,219,0,0
3.418671704206489,8,283,0,0
3.4191364076705804,19,411,0,0
3.437070263779113,16,415,0,0
3.440100803355845,30,207,0,0
3.525266263422118,58,46,0,0
3.525527254821195,11,210,0,0
3.5346017119535995,12,323,0,0
3.5620745583503033,884,171,0,0
3.5630016666338085,863,767,0,0
3.6924502061818005,15,328,0,0
3.7182477456176675,182,215,0,0
3.853422146061906,300,378,1,0
3.976303830314594,323,429,0,0
3.9788463183057594,91,13,0,0
3.982505577579331,6,227,0,0
3.994520955069018,17,210,0,0
4.0750623850648084,11,97,0,0
4.174029422588906,106,365,0,0
4.178393830419623,54,397,0,0
4.183751118478777,18,245,0,0
4.187410179006711,1359,105,0,0
4.1930191977946425,7,341,0,0
4.204231431791612,47,35,0,0
4.218094414358943,11,360,0,0
5.3247316686432455,347,315,0,0
5.3312854680191375,25,157,0,0
5.341414477415579,20,441,0,0
5.38656526469238,72,55,0,0
5.389247643799597,5,347,0,0
5.397880694656246,32,294,0,0
5.416412514029568,35,493,0,0
5.501284506672645,10,309,0,0
5.502582503976266,31,83,0,0
5.782863084019573,36,609,0,0
5.791779887486458,581,435,0,0
5.817102179135515,914,278,0,0
5.915304403483846,55,526,0,0
5.982960542815704,8,212,0,0
6.133062688082966,9,269,0,0
6.158577212916129,6,497,0,0
6.175927786261522,3180,52,1,0
6.209909051046325,55,231,0,0
6.212372152915472,215,378,0,0
6.417006967112528,10,273,0,0
6.420833961581423,23,1100,0,1
6.422285123412893,332,2060,0,1
7.525153654821466,10,204,0,0
7.538888861670296,15,510,0,0
7.540595631360269,7,643,0,0
8.273775969179685,33,72,0,0
8.283107760662492,5,26,0,0
8.434066089989974,315,488,0,0
8.437500601863313,16,244,0,0
8.44847200547293,44,18,0,0
8.44908819145103,1859,197,0,0
8.449484712378329,1751,643,0,0
8.452044650488064,10,284,0,0
8.467481758488441,11,115,0,0
8.55649843055791,23,56,0,0
10.867169484524194,17,205,0,0
10.869460800394176,13,266,0,0
11.005226806149134,23,741,0,0
11.010614785043948,9,280,0,0
11.023915178876166,39,328,0,0
11.024848010111713,22,514,0,0
11.025784965868969,106,471,0,0
11.029588501459944,22,226,0,0
11.03124819175188,37,581,0,0
11.049165075189078,28,153,0,0
11.053592523122727,4,170,0,0
11.273728714368334,5,120,0,0
11.298234069758136,314,1700,0,1
11.32334563827276,118,147,0,0
11.498860312953642,825,564,0,0
11.549720314811013,109,527,0,0
11.56646676479021,41,399,0,0
11.581517179331767,38,94,0,0
11.59568474131436,5,30,0,0
11.751130394067536,25,149,0,0
11.837533488625635,12,190,0,0
11.875046512434551,82,301,0,0
11.964213503216975,96,104,0,0
11.970286095998409,198,36,0,0
12.020430045934745,200,65,0,0
12.02150060920686,19,62,0,0
12.288539248117637,11,190,0,0
12.310144766790469,109,332,0,0
12.336184882477133,27,234,0,0
12.396021628248878,4,187,0,0
12.413719300323422,260,32,0,0
12.42457441631273,7,261,0,0
12.619461727973546,92,158,0,0
12.642206915821586,44,418,0,0
12.6450964893191,585,720,0,0
12.688562101026658,11,220,0,0
12.689158176119033,583,769,0,0
13.183851059751195,330,150,0,1
13.196665722390803,95,205,0,0
13.216444706499047,21,148,0,0
14.866218026358577,13,219,0,0
16.200747983319378,409,430,0,0
16.22349571919229,13,224,0,0
16.2864610934032,890,42,0,0
16.446147508913597,17,397,0,0
16.967743993743333,122,3230,0,1
16.981627013034164,6,169,0,0
17.00527723939775,29,346,0,0
17.21423261242993,14,174,0,0
17.24516961196624,4,230,0,1
17.326771465208658,9,243,0,0
17.38787509735519,11,44,0,0
17.38973966343652,14,216,0,0
17.392977709997826,96,159,0,0
17.393069355678904,8,112,0,0
17.403794713741068,18,278,0,0
17.66636718242328,41,160,0,0
17.6683301134364,37,207,0,0
17.881152809300453,76,772,0,0
18.01436517699921,293,1160,0,1
18.030535342121162,1290,241,1,0
18.048307427175263,57,371,0,0
18.069603411810338,19,15,0,0
18.072827591089833,184,374,0,0
18.083086961241964,154,140,0,0
18.099527064085226,180,211,1,0
18.16088522286246,30,318,0,0
18.248809675207056,66,244,0,0
18.25289489754803,96,97,0,0
18.346987416332283,72,81,0,0
18.35079544321881,61,215,0,0
18.36366698991093,464,59,0,0
18.401450129850602,19,264,0,0
18.41869553024916,15,90,0,0
18.43269375611276,67,303,0,0
18.463624009353495,110,226,0,0
18.469597038309356,49,65,0,0
18.474488640861768,182,320,0,0
18.486485250057754,12,707,0,0
18.609880754894903,46,227,0,0
18.62460530384831,18,192,0,0
19.438552035965944,358,27,0,0
19.466249997009307,28,486,0,0
19.466297075221185,906,767,0,0
19.473788394082078,78,336,0,0
19.977961903320907,33,19,0,0
19.996237084660482,66,210,0,0
20.003754218340287,9,230,0,0
20.006898334374505,630,70,0,0
20.261690433460082,39,375,0,0
20.395779105455407,10,155,0,0
20.46497364539753,5,160,0,0
20.50745461234629,57,409,0,0
20.829491070903153,14,2170,0,1
20.922738423080116,245,152,0,0
20.924280687057408,30,2800,0,1
21.008190229110856,119,319,0,0
21.03352315399956,946,454,0,0
21.047995109468292,352,151,0,0
21.131060531531972,43,398,0,0
21.150159327003372,27,500,0,0
21.15021041235675,5,75,0,0
21.556728530233016,8,236,0,0
21.700509667205964,1572,501,0,0
21.714630819228063,54,22,0,0
21.72319903057952,4,10,0,0
21.751592214462555,20,160,0,0
21.75297495109838,23,60,0,0
21.786278487370964,318,180,0,0
21.797665325483752,3156,466,0,0
21.8065733328268,107,355,0,0
21.809421327567097,5,122,0,0
21.814065345183195,31,115,0,0
21.97898280881841,20,253,0,0
22.239558745970594,23,172,0,0
22.288888547909874,2870,73,0,0
22.305362476098356,120,66,1,0
22.308480020035187,80,332,0,0
22.3842998309885,305,35,0,0
22.836771272121414,1043,29,0,0
22.837485784004713,393,183,0,0
23.026414704592337,408,318,0,0
23.026651991082527,150,265,0,0
23.035793579023785,1057,536,0,0
23.074736674205646,43,333,0,0
23.075913567386937,70,308,0,0
23.076781944502308,22,144,0,0
23.10294111447909,11,74,0,0
23.207138008429553,5,249,0,0
23.21411031542674,11,124,0,0
23.47935063568766,13,256,0,0
23.4831430700537,16,194,0,0
24.08592474534831,419,257,0,0
24.108882649301556,394,380,0,0
24.1377715906635,692,601,0,0
24.199498728127004,302,30,0,0
24.233790518294835,7770,422,1,0
24.95751651882408,15,342,0,0
26.446454507095915,19,26,0,0
26.50024452220988,22,428,0,0
26.513199015612695,34,482,0,0
26.514916139719222,10,204,0,0
26.51890738309568,139,703,0,0
26.537288955011963,14,322,0,0
26.552023202487007,75,7670,0,1
26.568558627686322,657,485,0,0
26.586786450640403,8,127,0,0
26.635401430096625,30,254,0,0
26.636612468102587,463,770,0,0
26.63893324268671,575,439,0,0
26.80908555649136,1096,556,0,0
26.905575359721293,12,432,0,0
26.911755180312326,6,55,0,0
27.152447688602987,39,291,0,0
27.157112604142533,535,295,0,0
27.16801811331475,75,363,0,0
27.168486673898467,10,332,0,0
27.266695569042216,70,479,0,0
27.284427199493287,773,7,0,0
27.437730526683797,5,12,0,0
27.512273931841005,2570,433,1,0
27.534290480802465,2641,556,0,0
27.559440688759636,11,296,0,0
27.75917571134918,14,146,0,0
27.77241552110278,574,531,0,0
27.785991401075538,82,52,0,0
27.80717500127306,120,386,1,0
27.89996370138526,21,215,0,0
28.017791182495476,108,74,0,0
28.882027885845687,80,581,0,0
28.898066005698517,16,693,0,0
29.13547470647418,16,517,0,0
29.14063600092444,132,9,0,0
29.20489278054401,37,374,0,0
29.22972611075912,1331,756,0,0
29.854063017600534,24,219,0,0
29.920054739845863,438,127,0,0
29.92804291778381,4,257,0,0
29.99045949677943,136,163,0,0
30.029811462559632,154,430,0,0
30.040279758080935,627,102,0,0
30.051245103058616,285,227,0,0
30.054241682403198,1309,4130,0,1
34.97646765609953,1561,603,0,0
35.0024821786617,879,267,0,0
35.141995303938614,315,142,0,0
35.143927913289865,25,311,0,0
35.14619642045154,185,422,0,0
35.16085614401329,7,113,0,0
35.175651440440795,1012,769,0,0
35.27486337305438,12,44,0,0
35.27754225443763,20,344,0,0
35.33627662746684,12,192,0,0
35.749487958312365,23,114,0,0
35.75269567865746,179,604,0,0
35.875891669543776,50,339,1,0
35.878815949519186,9,283,0,0
35.91873194893564,18,167,0,0
35.96004687936979,38,412,0,0
36.60516155356617,81,205,0,0
36.6101803828548,28,691,0,0
36.63815521960926,18,82,0,0
36.7992324744989,8,351,0,0
36.8011487786396,4400,197,1,0
36.82076216927501,210,212,1,0
36.824266614851524,31,521,0,0
36.829170451442465,15,311,0,0
36.907250213910714,84,331,0,0
36.98827823882059,16,35,0,0
40.44841881828055,3224,232,0,0
40.761907454578925,2124,88,0,0
41.02477323582885,79,201,0,0
41.039059873251624,25,326,0,0
41.04998446625378,23,2770,0,1
41.07616223993632,13,225,0,0
41.076372237191045,2656,452,0,0
41.62224603456243,44,135,0,0
41.627419852032276,79,281,0,0
41.629789027480264,9,189,0,0
41.637661789602646,2160,107,1,0
41.750574956496436,1449,766,0,0
41.98561108988765,6980,188,1,0
41.994783402867846,50,106,1,0
42.04125831343271,61,89,0,0
42.05853938904571,14,272,0,0
42.06117348375459,107,137,0,0
42.08823729603054,308,305,0,0
42.10854744866045,69,335,0,0
42.109433079143066,5,45,0,0
42.2822851422789,208,408,0,0
42.28310924153056,14,354,0,0
42.313538310049175,191,519,0,0
42.3158682056114,9,340,0,0
42.31959690409052,11,261,0,0
42.324252277298356,1684,160,0,0
42.4018330098696,14,333,0,0
42.403372596682836,6,8,0,0
42.41627550753479,47,89,0,0
42.83670443835495,264,2150,0,1
42.841386350597276,18,245,0,0
42.85903170720917,11,87,0,0
42.929927742897796,69,182,0,0
42.93577196477735,69,334,0,0
42.984210064736125,21,2310,0,1
42.9891968876829,2114,196,0,0
43.06493944402118,23,18,0,0
43.0860906970397,109,26,0,0
43.08895909570908,2179,12,0,0
43.40130996137256,62,767,0,0
43.41673039496724,16,31,0,0
43.42737878008262,102,5,0,0
43.430309219320655,395,119,0,0
43.437584179178934,24,367,0,0
43.45293709314103,2350,232,1,0
43.47918157434755,23,22,0,0
43.64645357872184,9,480,0,0
43.647785177268375,137,261,0,0
43.657020767591476,38,417,0,0
43.8601377482194,1917,162,0,0
43.88683221882326,8,124,0,0
43.92879782022762,24,181,0,0
44.37741476058284,9,213,0,0
44.413823045966176,33,233,0,0
44.460915307922164,30,148,0,0
44.47798687610111,5,649,0,0
45.11333142444277,22,514,0,0
45.264502848645805,141,477,0,0
45.26887420208676,12,363,0,0
45.32422673346606,14,237,0,0
45.32608493159637,71,96,0,0
45.48839242554454,8,639,0,0
45.558989422468976,16,221,0,0
45.572352762977275,332,450,0,1
45.580576544729496,5110,26,1,0
45.58108275992234,8,374,0,0
45.665420170055285,110,87,1,0
45.679887801557435,30,377,0,0
45.689679183286486,6,88,0,0
45.76714396161179,4,66,0,0
45.77196195750291,16,295,0,0
45.7775839169376,49,360,0,0
45.782110154525654,152,238,0,0
45.7833199693088,18,225,0,0
48.0235142852803,13,171,0,0
48.03575363978091,8,157,0,0
48.04470513299529,18,6,0,0
48.153792437017415,12,403,0,0
48.15382550884922,109,462,0,0
48.17070849235341,15,91,0,0
48.18908878038098,467,163,0,0
48.19164915791478,17,543,0,0
48.23631325531264,14,497,0,0
48.23662136190136,7,187,0,0
48.25434207887157,33,201,0,0
48.35530869288978,1023,317,0,0
48.35550718785839,68,258,0,0
48.35642089261364,9,191,0,0
48.36821673967045,12,452,0,0
48.38339500806937,10,173,0,0
48.38759392362419,33,216,0,0
48.41839443632744,24,481,0,0
48.4421708288693,781,7,0,0
48.443137257368825,100,89,0,0
48.45465857952556,22,510,0,0
48.45573665208504,108,68,0,0
48.455950495714134,69,144,0,0
48.45605822018716,20,756,0,0
48.559528585181965,1360,19,0,0
48.56966606782887,41,177,0,0
49.221154173730746,17,61,0,0
49.22184560118615,19,648,0,0
49.228155964408764,5,286,0,0
49.25334125191775,39,35,0,0
49.26293355033532,81,729,0,0
49.29777487105489,6,84,0,0
49.31494646672543,67,401,0,0
49.31870993956645,10,139,0,0
49.318832101924386,1281,248,0,0
49.32077325577107,1987,340,0,0
49.729007522318675,1000,483,0,0
49.789920691657095,19,219,0,0
49.998356008706864,12,119,0,0
50.00249314553138,8,341,0,0
50.01166921805139,62,787,0,0
50.01401668141553,70,200,0,1
50.043910156090305,10,195,0,0
50.05948766338812,5,169,0,0
50.093736921584735,27,46,0,0
50.56609867584619,9,193,0,0
50.56872145280266,224,751,0,0
50.63002991709942,1903,147,0,0
50.63087928661312,134,71,0,0
50.7589827165272,10,260,0,0
50.76481167131942,14,291,0,0
50.77703546845121,11,297,0,0
50.79560942222163,10,1480,0,1
51.176635953318865,17,97,0,0
51.18992057127171,50,65,0,0
51.19514819223166,22,543,0,0
51.19647207457005,108,334,0,0
51.22104491616577,33,303,0,0
51.223603441970916,29,336,0,0
51.22877199951472,8060,132,1,0
51.24221423808247,266,697,0,0
51.29644114267793,243,337,0,0
51.2998244494175,102,134,0,0
51.35390963466999,610,318,0,0
51.8424281134991,26,343,0,0
51.84314673895282,15,184,0,0
52.05919439730811,10,255,0,0
53.11155657202972,19,291,0,0
53.11590075382154,29,1400,0,1
53.16434002809357,539,33,0,0
53.1652485010811,139,400,0,0
53.19327311381849,919,28,0,0
53.20067364675295,49,413,0,0
53.22680214814904,58,638,0,0
53.22906172332341,17,240,0,0
53.23179004325955,276,466,0,0
53.237541396178464,3558,244,0,0
53.2409141048019,6,17,0,0
53.244952881900275,43,40,0,0
53.254190774839174,17,599,0,0
53.25568407305835,21,25,0,0
53.26591448321972,25,160,0,0
53.30166401615265,460,388,1,0
53.301796843451754,18,339,0,0
53.32188989406933,7,116,0,0
53.32491887406836,216,584,0,0
53.3263441433243,22,19,0,0
53.32724705170243,21,189,0,0
53.32965755895585,349,128,0,0
53.33261203387519,26,14,0,0
53.358649513669334,10,287,0,0
53.35968958947537,115,261,0,0
53.464192781961025,116,7690,0,1
53.46671905784089,141,312,0,0
53.51787634551519,106,552,0,0
53.633233942431794,12,25,0,0
53.63437506301667,1450,160,0,1
53.74779254156603,11,103,0,0
54.82350930399151,10,67,0,0
54.82925967030375,9,16,0,0
54.87512547375203,7,112,0,0
54.88641421546222,43,151,0,0
54.90397720182515,106,385,0,0
54.914389133256506,14,25,0,0
54.92004234806825,9,99,0,0
54.986953778311076,25,445,0,0
55.08006675527568,7,93,0,0
55.096211695573004,83,465,0,0
55.434180345391596,18,458,0,0
55.58020145755782,12,570,0,0
55.648359354070294,8065,127,1,0
55.65236084401672,24,55,0,0
56.414096384688555,15,145,0,0
56.654302422091924,7,162,0,0
56.6545356849899,11,59,0,0
56.65641419677957,88,403,0,0
56.66307476327263,314,3180,0,1
56.77677669977798,180,2490,1,1
56.987341966111586,21,372,0,0
56.9971867006398,255,334,0,0
57.02599322135535,63,30,0,0
57.097259663918145,1177,459,0,0
57.09864448652562,58,766,0,0
57.156671192941985,39,504,0,0
57.16633617194728,32,69,0,0
57.19221710870284,65,309,0,0
57.20848171234355,2929,179,0,0
57.210172855757925,36,342,0,0
57.212628487978826,204,272,0,0
57.23218716772542,1717,295,0,0
57.25552778467183,13,58,0,0
57.266167246049584,10,764,0,0
57.41722593671435,9,3650,0,1
57.4260305750143,19,263,0,0
57.427611239005486,264,545,0,0
57.43664945342543,17,76,0,0
57.44935657942832,6,292,0,0
57.46323825945441,6,81,0,0
57.64815691889863,376,6270,0,1
57.69827884178353,39,134,0,0
57.8470506801771,56,363,0,0
57.90996270497616,23,655,0,0
57.922964243704975,38,494,0,0
58.0671166492473,14,167,0,0
58.077872768084056,163,438,0,0
58.10767712182297,3388,174,0,0
58.1101265421884,5,461,0,0
58.132376050218475,17,130,0,0
58.14188157831501,10,372,0,0
58.1802078671153,23,92,0,0
58.870236394061216,1411,760,0,0
60.96615382983864,171,424,0,0
61.106507016562915,17,171,0,0
61.123774890074735,114,277,0,0
61.21930428086072,278,739,0,0
61.24832506669489,21,108,0,0
61.253766540403866,91,208,0,0
61.2699504964548,43,229,0,0
61.281083457755535,9,173,0,0
61.28656798976592,102,68,0,0
61.57716838481139,57,434,0,0
61.58340419318036,15,262,0,0
61.590205368253265,20,196,0,0
61.66528510282342,138,230,0,0
61.66986992004682,180,732,0,0
61.67171439580666,92,36,0,0
61.67506751896194,11,18,0,0
61.723335434930604,77,134,0,0
61.76243626080089,848,165,0,0
61.79595283551754,36,368,0,0
61.80323755430255,67,521,0,0
61.80620744966606,258,515,0,0
61.91948390888932,71,518,0,0
61.920508735324404,145,230,0,0
61.932601418038665,8,240,0,1
61.93390777121478,15,292,0,0
61.942130861772526,142,292,0,0
61.95579524028409,81,251,0,0
62.172206237320886,22,62,0,0
62.17226626303782,8,5530,0,1
62.458599814843666,33,351,0,0
62.46177908331527,70,27,0,0
62.49551060703807,9,206,0,0
62.589354879242585,67,200,0,0
62.59342168236407,44,36,0,0
62.60919142451343,36,250,0,0
62.659681937148505,37,474,0,0
62.67441291304062,6,248,0,0
62.67874582232083,60,112,0,0
62.70636209048999,52,467,0,0
62.729987789339276,408,130,0,0
62.73093623397041,27,375,0,0
63.01937518171922,266,591,0,0
63.049373027104664,23,225,0,0
63.04952358795096,80,105,1,0
63.05316345137346,22,346,0,0
63.65186905819828,247,387,0,0
64.11232892509737,8,2370,0,1
64.14541247819305,170,208,1,0
64.14607594984113,61,26,0,0
64.15808176458708,10,374,0,0
64.31903642014055,23,820,0,1
64.36161394087226,436,791,0,0
64.37157832462553,331,1390,0,1
64.37603129336739,78,246,0,0
64.47744209907698,154,108,0,0
64.49018239103152,7,130,0,0
64.52744895723427,43,323,0,0
64.5797179910584,8,212,0,0
65.09940040884608,101,578,0,0
65.12766090398064,77,211,0,0
65.16054514627794,121,89,0,0
65.16109386545908,138,90,0,0
65.34240901049175,288,189,0,0
65.45847022683238,7,61,0,0
65.47752919457871,19,4510,0,1
65.47773730371905,15,19,0,0
65.48408664715805,228,116,0,0
65.50689158130534,29,34,0,0
66.81033522930247,11,351,0,0
66.8742075620631,4,228,0,0
66.97010833824375,21,299,0,0
67.07123105537113,35,764,0,0
67.35453916015058,12,332,0,0
67.35655599199785,12,218,0,0
67.36010738662083,340,27,1,0
67.36194040205478,17,773,0,0
67.37294726079875,9,24,0,0
67.38250822991857,10,248,0,0
67.4063175770287,448,51,0,0
67.40880281399875,24,254,0,0
67.43208049887177,2085,13,0,0
67.43557367992939,1252,476,0,0
68.76786564942337,14,407,0,0
68.77454168363577,309,572,0,0
71.94843190455094,9,130,0,0
72.45630451082454,15,16,0,0
72.45805208911743,46,223,0,0
72.58883801631244,37,326,0,0
72.65366827668659,364,526,0,0
72.65455546141246,288,608,0,0
72.7194558405863,160,766,0,0
72.73544615223902,71,234,0,0
72.77395003186655,50,300,0,0
72.77741866862073,500,56,0,0
72.79432937696615,25,315,0,0
72.83805014708945,407,374,0,0
72.85133603761828,15,76,0,0
72.85698877520745,21,194,0,0
72.87089754980218,857,147,0,0
72.87357825337521,51,468,0,0
72.91143135838713,66,305,0,0
72.9115444157622,58,481,0,0
73.30164005662166,152,482,0,0
73.32327519217775,265,139,0,0
73.37247964175538,132,240,0,0
73.47790158001523,21,280,0,0
73.47948156162575,96,367,0,0
75.30217425242991,62,263,0,0
75.30419276321201,631,505,0,0
75.35266666323366,5,82,0,0
75.3891390700911,23,170,0,0
75.65277041355449,62,396,0,0
75.67138995525494,11,205,0,0
75.67251316692094,10,40,0,0
75.70876600914156,11,231,0,0
75.70890102511338,38,297,0,0
75.7215156437971,37,440,0,0
75.72900815025278,22,94,0,0
76.15744770287816,88,407,0,0
76.16815745915383,223,669,0,0
76.17575908539571,21,351,0,0
76.17986286945649,1017,642,0,0
76.18322484790211,180,529,0,0
76.18937381499552,71,505,0,0
76.2511666621179,10,290,0,0
76.25248940579664,8,296,0,0
76.26467946514406,13,25,0,0
76.26566507211216,37,237,0,0
76.27888171747263,917,612,0,0
76.30444460393552,1145,484,0,0
76.3059969849169,21,312,0,0
76.31181877062579,440,35,1,0
76.33437949178145,10,121,0,0
76.41994582722697,154,230,0,0
76.54256349882726,10,139,0,0
76.55709589101889,26,99,0,0
76.55954214903292,273,561,0,0
76.56023896536132,136,670,0,0
76.6465171556416,29,60,0,0
76.9426394681396,139,444,0,0
76.98023075226166,100,67,1,0
77.39630327788512,1343,440,0,1
77.40356453357376,844,30,0,0
77.41177927059842,1048,407,0,0
77.83179083400292,38,492,0,0
77.83417125441501,33,224,0,0
77.8947593790527,644,284,0,0
77.93383613103437,955,96,0,0
77.95833586455916,5,154,0,0
78.53985378957793,18,3840,0,1
78.54294000042773,56,35,0,0
78.5505635425104,6,9,0,0
78.55083472514997,286,116,0,0
78.55303021984501,6,94,0,0
78.55945371030072,13,114,0,0
78.5677147417163,15,340,0,0
78.57968205791454,14,325,0,0
78.61249789128406,15,195,0,0
78.61720581086762,1912,205,0,0
78.61754316392069,10,170,0,0
78.64198991950526,16,560,0,0
78.68394656041683,15,417,0,0
78.68569217149158,250,458,1,0
78.6893955800748,6,125,0,0
79.30886201828943,10,169,0,0
79.45065818511414,520,136,0,0
79.61110740255579,55,156,0,0
79.68028142915387,13,77,0,0
79.70445242234895,24,254,0,0
79.71090758531435,40,314,0,0
79.7677743930055,786,268,0,0
79.7798524707409,24,357,0,0
79.78727889032378,4,62,0,0
79.80487724574554,89,160,0,0
79.82018576534908,40,162,0,0
79.92777413102367,18,336,0,0
79.93038822476782,7,234,0,0
82.63432470329643,213,258,0,0
82.6366967827475,125,422,0,0
82.64431953644342,12,61,0,0
82.76438143711643,21,94,0,0
82.76772464020438,64,79,0,0
82.77455404486726,33,351,0,0
82.79360179572011,273,91,0,0
82.79364785242059,913,1610,0,1
82.80013690298367,1991,5370,0,1
82.80272151971072,1584,40,0,0
82.81367973449734,35,381,0,0
82.86287003189977,8,103,0,0
82.92817067291055,261,205,0,0
83.29904350190311,13,187,0,0
83.62837131236724,29,460,0,0
83.77301399836439,7,45,0,0
83.78970383361171,13,272,0,0
83.93740857235254,8,305,0,0
83.93984654840268,10,382,0,0
83.95474636454276,137,296,0,0
84.28349326105113,899,57,0,0
84.37261396741106,7910,162,1,0
84.37369947659272,22,295,0,0
84.37920027077138,12,318,0,0
84.49170489863423,543,6990,0,1
84.55471018450368,881,256,0,0
84.71458015052016,27,5210,0,1
84.71509800472955,42,642,0,0
84.71652096075519,19,72,0,0
84.72757113267733,2556,767,0,0
84.73014130796051,63,614,0,0
84.74741188044845,205,141,0,0
84.76632056067818,31,258,0,0
84.80349385432781,387,62,0,0
84.81773609657047,44,490,0,0
84.87543438814315,2963,214,0,0
84.96502600638259,23,767,0,0
84.99047082017206,101,192,0,0
84.99206425338433,625,257,0,0
85.2446194347484,276,112,0,0
85.27368274642687,1282,217,0,0
85.31776311763049,47,6950,0,1
85.34430982094496,522,4,0,0
85.34504175466301,27,118,0,0
85.40534941660343,13,769,0,0
85.41036401794852,6,173,0,0
85.41197140123604,2077,130,0,0
85.66220698130779,5,172,0,0
85.67234603088639,330,71,0,0
85.70589608558444,123,584,0,0
85.81887553703976,112,234,0,0
86.30718921292215,18,67,0,0
86.30767557376325,3181,170,0,1
86.31186435270816,18,308,0,0
86.3849277706061,19,299,0,0
86.38979573725106,40,129,0,0
86.38982196042046,23,90,0,0
86.41480179739607,29,162,0,0
86.44421883699812,1906,629,0,0
86.53672334766078,33,766,0,0
86.5664099438472,740,245,1,0
86.5740978575622,2754,767,0,0
86.6028537701515,28,353,0,0
86.62028293120021,20,756,0,0
86.62703792599493,834,168,0,0
86.65835221258617,13,93,0,0
86.69661537479179,45,619,0,0
86.69904304168908,13,80,0,0
86.84685725176234,182,47,0,0
86.9459580692108,19,361,0,0
87.0371825695412,16,3160,0,1
87.03725668275149,6,250,0,0
87.0609214980455,7,1120,0,1
87.07547036684554,678,268,0,0
87.07795524309768,5,150,0,0
87.13803034036327,49,43,0,0
87.138931362208,17,2250,0,1
87.36133520429458,10,126,0,0
87.4018462541009,70,628,0,0
87.4085703250937,44,35,0,0
87.735858003736,6,106,0,0
87.78294045779852,7,214,0,0
87.819375913816,53,290,0,0
87.82072442800677,20,259,0,0
87.87431825175223,401,113,0,0
88.19041055817097,61,70,0,0
88.3609123755483,10,17,0,0
88.36228770691781,166,790,0,1
88.6657786315368,50,133,0,0
89.13102781774981,37,487,0,0
89.23208124805885,9,131,0,0
89.24053407054416,9,245,0,0
89.2414202501545,47,174,0,0
89.24433456224571,1410,614,1,0
89.24997742481511,6,316,0,0
89.28126329004166,627,102,0,0
89.33587628840996,772,267,0,0
89.33988682918098,46,276,0,0
89.34054478132421,18,544,0,0
89.34824679419702,14,37,0,0
89.3494571852325,11,63,0,0
89.6057663915989,15,769,0,0
89.60722179751376,20,246,0,0
89.65265095562955,950,677,0,0
89.74324438009239,1159,570,0,0
89.74561036679394,111,270,0,0
89.8740604165947,12,369,0,0
89.88674508140105,33,610,0,0
89.89014355611549,15,3170,0,1
89.89262278745333,148,88,0,0
89.91336476577246,11,307,0,0
90.05761046355886,8041,151,1,0
90.05796938371023,140,315,1,0
90.11469725278576,9,107,0,0
90.12679793522025,249,2430,0,1
90.13036148081096,915,425,0,0
90.14359577788436,13,244,0,0
90.15959934058318,384,262,0,0
90.1741301787735,23,92,0,0
90.25813858709735,21,95,0,0
90.26079411407999,326,767,0,0
91.1382757705282,186,7670,0,1
91.23817730566115,25,373,0,0
91.24313715687441,9,23,0,0
91.2434761215551,585,35,0,0
91.25937718752164,32,444,0,0
91.2666910037836,15,174,0,0
91.34157933735223,18,291,0,0
91.41383681251996,27,56,0,0
92.21642560596933,26,79,0,0
92.22949929752944,120,354,0,0
92.31368111496565,30,423,0,0
92.32097279679071,40,409,0,0
92.32908136773169,10,98,0,0
92.71019178476499,19,572,0,0
92.72334048260952,87,189,0,0
92.73735077920452,8,173,0,0
92.74590894935804,530,350,0,0
92.77977999322992,136,179,0,0
92.83833956136323,9,173,0,0
92.85223203251937,309,308,0,0
92.8539928949981,240,77,1,0
92.88935688246603,16,189,0,0
92.89275514696037,14,180,0,0
92.90148286298304,17,4340,0,1
92.92925943541785,884,457,0,0
92.95907717531826,9,308,0,0
92.95924423501431,845,138,0,0
93.52033623818052,93,772,0,0
93.61115753827477,5,675,0,0
94.51336537566398,73,18,0,0
97.43912742840783,97,202,0,0
97.44183478685957,312,21,0,0
97.44758355491186,13,329,0,0
97.4770038730806,28,177,0,0
97.59462800443765,260,120,1,0
97.60091973057743,14,325,0,0
97.6102192217075,50,318,0,0
97.76309684606498,13,315,0,0
97.76600671890347,1232,70,0,0
97.79262677923472,9,91,0,0
97.94656179588239,10,266,0,0
97.9566651738929,25,250,0,0
98.03862064884592,106,301,0,0
98.05202794019503,40,208,0,0
98.0527115059085,37,84,0,0
98.05827255750138,930,772,1,0
98.06923224249971,8,35,0,0
98.07752763360443,2592,171,0,0
98.09457481777059,6,140,0,0
98.13028344233426,15,210,0,0
98.15877999582624,561,203,0,0
98.18138544583536,421,552,0,0
98.18791504172042,9,241,0,0
98.19784432260936,16,157,0,0
98.20506103033743,152,213,0,0
98.20970361699601,134,266,0,0
98.44977823709702,8,182,0,0
98.45010326920168,21,298,0,0
98.4737604402022,134,381,0,0
98.47430220947429,1841,6,0,0
98.47862332558145,28,117,0,0
98.55013460235566,14,191,0,0
98.55810979364463,33,510,0,0
98.79191892568899,3053,500,0,0
98.79396924790873,4,206,0,0
98.80151394082574,47,361,0,0
98.80529818697732,18,457,0,0
98.81899577114487,20,191,0,0
98.82602229872899,7965,227,1,0
98.83210891027821,14,86,0,0
98.84747868230593,38,241,0,0
98.96531352857727,67,66,0,0
98.98237815758642,27,459,0,0
98.99631575110737,6,259,0,0
99.003150244722,11,29,0,0
99.00606940260533,7,90,0,0
99.00672272997735,1316,375,0,0
99.00816277549944,5,235,0,0
99.02065085426274,799,459,0,0
99.02089834475578,14,880,0,1
99.06363573369921,7,1160,0,1
99.06851432629834,56,443,0,0
99.07022582210881,77,23,0,0
99.0739705828649,16,216,0,0
99.11584306002695,13,248,0,0
99.13923343494632,19,342,0,0
99.158286414152,9,315,0,0
99.55064858293812,1020,202,1,0
100.8385961798583,1375,248,0,0
100.839510151285,879,174,0,0
100.9120730440913,134,320,0,1
100.91479523463974,89,268,0,0
100.91560854700558,777,417,0,0
100.92021190808941,5,314,0,0
101.02532892282876,9,288,0,0
101.03284557274925,19,160,0,0
101.03836768523337,297,769,0,0
101.28883053430226,8,8,0,0
101.33125588233311,19,716,0,0
101.34460487829418,44,646,0,0
101.9600083016782,9,17,0,0
102.00391323628263,12,4020,0,1
102.00781806341172,108,730,0,0
102.00974248519228,97,319,0,0
102.01720970866336,31,502,0,0
102.04202684016545,41,247,0,0
102.16063445367249,31,284,0,0
102.25940767048819,25,543,0,0
102.28233615831411,20,180,0,0
102.28406783244603,25,386,0,0
102.40295113706236,838,77,0,0
102.42499497456882,649,190,0,0
102.42702033874684,145,230,0,0
102.42853014326822,132,173,0,0
102.4565876785377,91,94,0,0
102.49242027386961,27,170,0,0
102.58359747823333,391,770,0,0
102.58511335395104,428,760,0,0
103.41878931871587,34,276,0,0
103.41923941483039,22,275,0,0
103.43529526057578,655,54,0,0
103.69305329926395,9,189,0,0
103.83380625660376,672,277,0,0
103.83630816007485,91,274,0,0
103.8948348795821,9,2110,0,1
104.09860429408499,24,335,0,0
104.17379896073633,15,214,0,0
104.17613388196565,1090,495,0,0
104.66194106955052,14,51,0,0
104.66257114245919,282,145,0,0
104.68070249581419,560,31,1,0
104.68261199098373,2664,75,0,0
104.68952442442567,1226,730,0,0
104.69787030915961,2682,117,0,0
104.74200929028882,3786,265,0,0
104.74326732837801,9,47,0,0
104.76813590515364,27,42,0,0
104.98629831432685,10,194,0,0
105.00499303028937,263,32,0,0
105.05255028036,720,121,0,0
105.09031988702574,310,343,1,0
105.09384332414044,35,701,0,0
105.10133734947563,14,182,0,0
105.11874310421052,421,607,0,0
105.16004609809225,10,1340,0,1
106.10817764474065,12,275,0,0
106.53192453774683,10,33,0,0
106.5380745610474,9,217,0,0
106.54464898936001,189,114,0,0
106.54667871008579,4,29,0,0
106.5468261956449,188,291,0,0
106.76717648266568,7,554,0,0
106.81291973772146,88,218,0,0
106.81322730439177,27,397,0,0
106.82935370482514,38,85,0,0
108.66418084559699,5,1290,0,1
108.70652369777297,11,429,0,0
108.75053503151256,69,42,0,0
108.77458934569236,116,633,0,0
108.77798352496022,42,23,0,0
108.77948304958478,11,280,0,0
108.78246831898377,401,330,0,1
108.80411897171706,16,84,0,0
108.81402969624884,24,176,0,0
108.88022302471737,60,312,1,0
109.45047590168278,268,343,0,0
109.50500553988711,22,198,0,0
109.59482892428412,56,293,0,0
109.6029350489136,9,135,0,0
109.60414202918336,2031,257,0,0
110.93589117867074,103,515,0,0
111.0085285005769,17,362,0,0
111.1925520706967,2060,372,0,0
111.2003985186304,7,349,0,0
111.20093989414654,672,464,0,0
111.44491683869052,305,525,0,0
111.44513139212029,27,211,0,0
111.457150080709,35,88,0,0
111.46284520127966,23,165,0,0
111.48924490290551,15,193,0,0
111.57633599601104,12,293,0,0
111.665313902138,126,524,0,0
111.66555219385957,36,114,0,0
111.79074159091736,852,43,0,0
111.79109539335975,63,199,0,0
111.85704197867567,59,222,0,0
111.86393056653611,492,297,0,0
111.86560464259597,419,421,0,0
111.87132716918889,42,157,0,0
111.8724771946364,12,278,0,0
111.88885515920329,364,350,0,0
112.00226826728901,398,661,0,0
112.08775679724013,7,141,0,0
112.10616448450465,45,529,0,0
112.26338285348243,12,107,0,0
112.31038785103999,9,331,0,0
113.65775620545631,2097,142,0,0
113.7061832388766,8,274,0,0
113.71123460243733,5,206,0,0
113.72062794522094,17,502,0,0
113.72424845410654,45,305,0,0
113.7336091156367,322,345,0,0
113.74622505142094,13,241,0,0
113.8143832882514,27,278,0,0
113.89703310845219,18,37,0,0
113.91587247066055,190,730,1,0
113.95597821188684,26,256,0,0
113.95975775223633,2379,170,0,0
113.96529978965951,38,107,0,0
113.96541268085137,24,205,0,0
113.96889053280033,15,260,0,0
113.97502079269766,21,3980,0,1
117.10545384204134,938,425,0,0
117.10652896378942,539,347,0,0
117.12577181908735,13,304,0,0
117.13433563472859,13,58,0,0
117.135014991765,219,3210,0,1
117.16364249445986,18,393,0,0
117.18089672572775,9,29,0,0
117.18175922911114,7,305,0,0
117.18190592677176,51,264,0,0
117.1968597166451,9,135,0,0
117.19777633231743,139,222,0,0
117.26413213249039,497,6660,0,1
117.27376847098296,100,390,1,0
117.32389981361491,14,425,0,0
117.33305190304965,6,304,0,0
117.72723547413776,11,701,0,0
117.79733777211545,85,74,0,0
118.18262462952207,1690,140,1,0
118.20471895327827,23,464,0,0
118.20689786239626,27,321,0,0
118.20787662737044,180,134,1,0
118.21420351581122,624,612,0,0
118.24613142906031,278,70,0,0
118.25105371115899,58,2850,0,1
120.88675129547435,23,180,0,0
120.90244829489959,1648,23,0,0
120.94831580209357,24,258,0,0
120.96976685755934,4,114,0,0
120.97116889134139,11,139,0,0
121.12913896113982,40,237,0,0
121.19795978058104,16,222,0,0
121.30553167313889,75,19,0,0
121.30829569394034,26,134,0,0
121.32765184736066,212,451,0,0
121.34491564039084,31,232,0,0
121.54924352875778,23,216,0,0
121.55036867067437,17,155,0,0
121.62513471978556,12,340,0,0
121.87880205511058,9,158,0,0
121.88693326196169,6,230,0,1
121.89058594180072,43,43,0,0
122.17937336193553,5,9,0,0
122.21129647824971,615,105,0,0
122.40669272200657,777,769,0,0
122.49785549012277,51,136,0,0
122.67251557425462,323,570,0,0
122.68611685404534,265,64,0,0
122.68637569427058,37,767,0,0
122.75331171437094,239,745,0,0
122.7582115932885,45,721,0,0
122.82858691001964,146,350,0,0
122.83538213438146,58,391,0,0
123.39428739645497,1399,116,0,0
123.40639042499197,109,527,0,0
123.51590387298488,44,158,0,0
123.71075369837419,25,91,0,0
123.72786639311197,104,684,0,0
123.7671413433174,94,226,0,0
123.78661991897103,74,401,0,0
123.78964495796073,255,106,0,0
124.19970695219864,13,33,0,0
124.20278692690518,35,29,0,0
124.2035975046422,26,363,0,0
124.21066668654161,10,195,0,0
124.23655532268398,15,624,0,0
124.25926464416236,100,7670,1,1
124.26910717909442,122,392,0,0
124.27688302478508,5,120,0,0
124.27712624906972,14,213,0,0
124.34751473658918,16,508,0,0
125.03093549913156,385,426,0,0
125.0352947957681,9,309,0,0
125.03577744452187,12,46,0,0
125.12531406839929,20,280,0,0
125.13890282662435,55,442,0,0
125.13890822852288,34,395,0,0
125.14301648979584,205,53,0,0
125.14398479291093,38,20,0,0
125.14570842126854,8,171,0,0
126.30778776801458,7,184,0,0
126.45601007331268,8,137,0,0
126.47010316643747,535,212,0,0
126.49038725920532,9,144,0,0
126.99505357099967,697,52,0,0
126.99712016656687,65,729,0,0
127.08861341160235,37,402,0,0
127.0939666338926,38,9,0,0
127.20616788647384,12,430,0,0
127.23790166699797,433,229,0,0
127.24222182632316,27,278,0,0
127.42302998040759,20,329,0,0
127.48502311676395,361,356,0,0
128.3845844051914,156,384,0,0
128.393341377134,13,1880,0,1
128.42029930844967,200,141,0,0
128.4251731328524,14,53,0,0
128.67646223404847,1305,447,0,0
128.68069373910336,14,226,0,0
128.70022939480594,14,350,0,0
128.99903699110985,14,134,0,0
129.05922998289702,16,176,0,0
129.09588283079867,8,283,0,0
129.13072914674055,40,12,0,0
129.1712154076101,58,708,0,0
129.24765614754247,56,262,0,0
129.25832984293254,70,106,1,0
129.25865759595564,13,3330,0,1
129.57362461950308,1930,267,1,0
129.5758514405054,12,22,0,0
130.4713509435409,1028,519,0,0
130.50724670940858,17,138,0,0
144.72850810054038,16,279,0,0
144.9558743062236,74,589,0,0
145.00349775127935,7,245,0,0
145.13669687129715,210,416,1,0
145.1377968581233,21,241,0,0
145.16620020170419,15,160,0,0
145.1754536781838,24,109,0,0
145.19574845501734,14,673,0,0
145.1960280624879,24,242,0,0
145.19623218040775,185,489,0,0
145.28136589886802,1018,4260,0,1
145.3023666092523,20,145,0,0
145.30990814195425,54,536,0,0
145.32538707693692,1872,166,0,0
145.33022496967197,873,219,0,0
145.3370931822759,11,524,0,0
145.41360028624416,406,391,0,0
145.4249387536454,14,76,0,0
145.5033127170834,130,382,1,0
145.50753313588257,1092,345,0,0
145.5079593863429,774,388,0,0
145.51259097038505,942,539,0,0
145.5260353978161,47,37,0,0
145.5277978070503,128,484,0,0
145.53580582709805,875,768,0,0
145.54207757874488,8,133,0,0
145.66409173362908,8,112,0,0
145.76600930939534,564,548,0,0
145.9382230137713,95,13,0,0
145.94182738854516,28,338,0,0
145.97753053577264,424,254,0,0
146.23336048885247,8,203,0,0
146.2588573949042,152,466,0,0
146.2740683142966,6,252,0,0
146.27765139987764,26,481,0,0
146.37717485975037,84,471,0,0
146.40253587239178,6,738,0,0
146.54289659395064,468,4,0,0
146.55575740978603,75,657,0,0
147.82812855004497,30,159,0,0
147.84480023396893,169,140,0,0
147.84617477169294,11,363,0,0
147.87305557961056,80,72,0,0
147.9209752096077,9,594,0,0
148.17374900107632,5,84,0,0
148.1802967618874,12,145,0,0
148.18600054725033,14,388,0,0
148.1960492728745,16,297,0,0
148.2038210434867,27,382,0,0
148.20403766002144,1085,375,0,0
148.28187670599223,5,81,0,0
148.5172465476658,260,395,1,0
148.52086422794733,689,126,0,0
148.52313715425802,67,369,0,0
148.53622820525987,143,1370,0,1
148.53947154784632,1704,111,0,0
148.63035891470633,8,553,0,0
148.63523274544636,6,79,0,0
148.69836052171598,12,315,0,0
148.69971703467647,13,207,0,0
148.70067051886318,122,274,0,0
148.70138441945755,120,379,0,0
148.7023269193278,24,427,0,0
148.74579238931253,12,480,0,0
148.84892458184547,15,251,0,0
148.87314372025233,17,750,0,0
148.90108856441412,38,441,0,0
148.90127450967407,120,120,0,0
149.08116824273026,357,409,0,0
149.08256093814379,25,387,0,0
149.34903770157143,80,152,1,0
152.02032045757798,134,37,0,0
152.0407952788986,7,104,0,0
152.1060923302574,2410,148,1,0
152.1709783680952,266,569,0,0
152.1721677550367,53,553,0,0
152.17391062603423,31,214,0,0
152.17824321220678,27,61,0,0
152.2029369022571,5,29,0,0
152.30537438049902,2060,456,1,0
152.3282737596799,21,767,0,0
152.50399943391506,97,36,0,0
152.51030631440545,9,188,0,0
152.51128004714664,19,252,0,0
152.53046571186385,389,158,0,0
152.5465763375582,5,10,0,0
152.5475410441666,51,36,0,0
152.69855105938646,12,86,0,0
152.7010709276886,920,271,1,0
152.70513785004917,50,260,0,0
152.73380687855382,97,288,0,0
152.7357783033895,17,600,0,0
152.80090484247003,16,216,0,0
152.84138411382253,25,374,0,0
152.88785483560017,71,527,0,0
152.90599469228695,413,158,0,0
152.91284840505176,39,242,0,0
152.91666559008516,82,260,0,0
152.95122089981868,353,454,0,0
153.25937312720063,34,33,0,0
153.3528143339084,9,560,0,1
153.3926962512577,51,262,0,0
153.5398445514519,6,1270,0,1
153.83079179805134,3238,268,0,0
153.83221584199586,10,303,0,0
153.84963191478724,14,5640,0,1
154.0852604954847,74,335,0,0
154.09028335916227,238,320,0,0
154.0976273043488,7,91,0,0
154.1660937365983,276,224,0,0
154.178380622495,12,18,0,0
154.41162335637114,35,314,0,0
154.4218888827927,18,733,0,0
154.48872606779398,10,195,0,0
157.932093088062,13,156,0,0
158.14109298626275,37,132,0,0
158.14230468785863,95,7670,0,1
158.14461492842113,270,88,0,0
158.14709134198858,2647,108,0,0
158.16483291741898,64,99,0,0
158.16593265373248,6,235,0,0
158.22762398893508,29,114,0,0
158.90417302165778,12,279,0,0
159.39053853828077,28,8,0,0
159.39462177863714,610,463,0,0
159.40555754746342,316,226,0,0
159.41599588500964,290,214,1,0
159.419526915868,119,132,0,0
160.04851554635476,2998,153,0,0
160.05319060754653,17,286,0,0
160.05512748871158,43,25,0,0
160.09511342467556,44,278,0,0
160.13288979003195,19,314,0,0
160.56809796331046,683,1480,0,1
161.01093944432327,854,606,0,0
161.02388967761064,30,68,0,0
161.02414492918086,295,410,0,0
161.09920438277854,806,48,0,0
161.19711079991404,1362,755,0,0
161.93800815997952,757,222,0,0
161.93874472816464,17,261,0,0
161.94043601218206,20,161,0,0
162.3871883429504,62,197,0,0
162.90129064097778,33,113,0,0
163.16300527946103,42,340,0,0
163.18036012175156,177,192,0,0
163.43496704887158,11,531,0,0
163.44075004254975,6,432,0,0
163.44214675818628,15,252,0,0
163.4578402782091,5,218,0,0
163.47976760969442,238,246,0,0
163.57188609061464,217,2180,0,1
163.73712233945173,20,289,0,0
163.73759600468392,9,187,0,0
163.76870659996334,2664,65,0,0
163.81577806210248,42,175,0,0
163.8170752048973,237,767,0,0
163.827080875205,40,5370,0,1
163.8463206482189,73,656,0,0
163.8889135993295,19,376,0,0
163.89184708524485,27,132,0,0
163.89681539522013,535,212,0,0
163.89859121950448,14,1200,0,1
163.93254786422676,11,363,0,0
163.94109258813717,17,3440,0,1
163.94614919102898,13,173,0,0
164.00853021513709,73,553,0,0
164.0203950525062,152,229,0,0
164.0218387324334,67,253,0,0
164.19274634387273,11,162,0,0
164.3153727954234,21,172,0,0
164.35813673633152,191,546,0,0
164.36014277383353,35,16,0,0
164.5211220387992,339,136,0,0
164.52614224485202,2374,602,0,0
164.52650752136861,240,6910,0,1
164.53935436794325,105,589,0,0
165.1992492408319,276,3360,0,1
165.20590686306113,133,770,0,0
165.26099154978388,16,41,0,0
165.53264936462878,1044,743,0,0
165.5569051969837,112,552,0,0
165.5656913618769,17,117,0,0
165.5827508047252,227,244,0,0
165.63704816916865,10,86,0,0
165.64293784067894,4685,122,0,0
165.6767107528267,6,391,0,0
165.7282705265096,110,5,0,0
165.73601989917464,29,269,0,0
165.807728801351,229,506,0,0
165.85974286339263,26,501,0,0
165.86835946325957,64,289,0,0
165.87981259132863,132,522,0,0
165.90073266291483,30,376,0,0
165.91306129221655,307,311,0,0
165.92398231389373,5,203,0,0
165.92608641404533,17,243,0,0
165.94683699879621,6,193,0,0
166.02080972868873,32,37,0,0
166.0817946135717,32,253,0,0
166.08497088058022,678,4,0,0
166.13702837212847,151,243,0,0
166.19450651052793,20,285,0,0
166.19711644967393,8,254,0,0
166.24527149482893,41,244,0,0
166.2571208644907,4,256,0,0
166.26507403531895,16,251,0,0
166.291966138558,230,63,1,0
166.30300506833095,21,392,0,0
166.3031948025379,1020,463,1,0
166.32889961426218,218,452,0,0
166.330672739568,27,37,0,0
166.34461820372164,33,5100,0,1
166.41059661011275,77,515,0,0
166.42106174390446,22,41,0,0
166.42787999775496,7,223,0,0
166.44983058934102,150,237,1,0
166.49489052178865,16,461,0,0
166.49800258277054,5,248,0,0
166.50269148680687,1189,472,0,0
166.5478990327848,68,120,0,0
166.957322464767,7,4110,0,1
166.97388341795167,60,87,1,0
167.06991231024145,52,154,0,0
167.07367286157205,34,175,0,0
167.0905090005901,9,295,0,0
167.10957768673057,636,504,0,0
167.11083281554522,29,79,0,0
167.12668628901346,31,560,0,0
167.13797184341175,160,124,0,0
167.13807126820745,1221,210,0,1
167.15164335472087,22,249,0,0
167.18063973221615,851,146,0,0
167.20653923974547,154,133,0,0
167.23663255737225,49,360,0,0
167.23834639169016,57,434,0,0
167.24195872089658,8,30,0,0
167.25259707702065,6,70,0,0
167.2553502471177,13,52,0,0
167.26143819951034,7,297,0,0
167.43769749569077,400,267,1,0
167.4403511308652,20,95,0,0
167.44814702910804,2045,98,0,0
168.04139280100415,20,304,0,0
168.05326399689932,276,270,0,0
168.05537996802474,144,14,0,0
168.0815137451483,7,6420,0,1
168.10405744503808,7,96,0,0
168.12494968635679,15,208,0,0
168.12553940685848,46,176,0,0
168.15382463744342,4320,351,1,0
168.18833097491157,35,35,0,0
169.17073976164008,126,111,0,0
169.23513836257334,32,221,0,0
169.24227599494313,25,135,0,0
169.27425141271658,9,211,0,0
169.3396137113886,89,482,0,0
169.35269559064616,29,575,0,0
169.36891352690597,452,503,0,0
169.63702984315142,18,213,0,0
169.68447400960906,415,281,0,0
169.73499615649413,40,234,0,0
169.7377136425504,444,264,0,0
169.78118177111782,132,12,0,0
169.7816172798351,53,121,0,0
169.99883664029855,8,35,0,0
170.00651257625958,24,77,0,0
170.07461959754372,358,102,0,0
170.38502094741864,12,228,0,0
170.38732177917623,576,580,0,0
170.58415834392855,9,140,0,0
170.61553490721568,3440,327,1,0
170.8127965301206,78,249,0,0
170.82270491307307,7,219,0,0
170.8279105198023,34,180,0,0
171.09354093541108,9,312,0,0
171.14098010996454,69,195,0,0
171.16383800481253,55,710,0,0
171.1659946005481,26,336,0,0
171.449289766317,464,259,0,0
171.46006157216246,21,208,0,0
171.47358283706288,43,3750,0,1
171.4788984345241,22,313,0,0
171.50019927920243,25,89,0,0
171.5674546826983,230,201,0,0
171.5858396855472,20,265,0,0
171.6032481008031,27,122,0,0
171.61019242108358,41,596,0,0
172.00063503577215,142,46,0,0
172.5056760300966,33,452,0,0
172.51716216052804,21,356,0,0
172.52075132341858,475,215,0,0
172.55488669028622,26,55,0,0
172.55572128956715,15,354,0,0
172.58853687538644,15,338,0,0
172.62290412290395,37,390,0,0
172.65063338567634,79,201,0,0
173.11408397906055,1404,757,0,0
173.86020465385232,295,221,0,0
173.90878728552397,12,429,0,0
173.9186969835423,130,2890,1,1
174.07143368261083,6,91,0,0
174.26146694536405,40,42,0,0
174.26337095796868,1217,613,0,0
174.26813607469495,28,608,0,0
174.2801712332221,486,285,0,0
174.28092952040723,882,529,0,0
174.2831625231125,1943,374,0,0
174.78449061641712,670,308,1,0
174.7861627340983,21,430,0,0
174.89162521630033,17,296,0,0
174.89572387645015,62,9,0,0
175.03706009159976,13,111,0,0
175.07486870165252,22,292,0,0
175.1926269884643,23,308,0,0
175.19393300766427,120,28,0,0
175.2294251664319,190,337,1,0
175.23598816030227,70,32,0,0
175.32645709019135,1053,342,0,0
175.40848015549878,91,91,0,0
175.43657751703836,70,441,0,0
175.45220338990924,9,205,0,0
175.47180316075335,21,22,0,0
175.5046302812691,26,27,0,0
175.5119778578151,1053,224,0,0
175.5204471795149,94,90,0,0
175.52608234535876,10,81,0,0
175.52859763888145,19,143,0,0
175.68356623796726,14,200,0,0
175.6850515634834,264,94,0,0
175.94116630607363,14,209,0,0
176.02122780217096,37,327,0,0
176.0219185952581,37,672,0,0
176.0224605203903,60,765,0,0
176.04323537494088,114,7670,0,1
176.0456732284215,1003,385,0,0
176.07169210752377,14,165,0,0
176.19963100008104,30,478,0,0
176.23955761612365,18,184,0,0
176.25250303286015,91,280,0,0
176.26632861023646,27,146,0,0
176.62395268832805,51,767,0,0
176.63372411848667,9,2460,0,1
177.23837346485794,34,47,0,0
178.35072072386976,461,7,0,0
178.36059042975262,84,364,0,0
178.3970709994365,45,444,0,0
178.9938153471358,284,232,0,0
178.99907804467813,152,764,0,0
179.04752562528017,38,54,0,0
179.2130864238071,17,294,0,0
179.21582681480763,1701,344,0,0
179.25970260996934,218,502,0,0
179.28716855629688,17,2890,0,1
179.29475188376588,8,173,0,0
179.73894045218577,13,276,0,0
179.75539552093406,4,87,0,0
181.66159578783083,15,340,0,0
181.74995118482104,12,23,0,0
181.75539502992237,44,315,0,0
181.79195058096488,13,243,0,0
181.7967966988203,41,312,0,0
181.90583280593086,18,613,0,0
181.98576452211736,107,767,0,0
181.98788451783605,10,137,0,0
181.99759685592485,22,331,0,0
182.05311021282236,2276,215,0,0
182.07770623098673,7,62,0,0
182.08091463173062,888,247,0,0
182.26641066964,36,307,0,0
182.58238619659895,3075,150,0,0
182.58356766090793,85,101,0,0
182.9722058847469,80,239,0,0
182.97259706919516,87,462,0,0
182.9888347381278,12,412,0,0
182.99455794618052,9,113,0,0
183.0016502683121,15,308,0,0
183.0314612726677,230,488,0,0
183.0335840074556,819,3050,0,1
183.05053221376377,598,43,0,0
183.61069670751291,14,245,0,0
183.66104797008632,21,767,0,0
184.0426767456317,984,447,0,0
184.15510271939007,12,331,0,0
184.15595999790665,73,1190,0,1
184.82564326683044,97,307,0,0
184.93576441563994,5,406,0,0
185.01071977263467,733,292,0,0
185.0206170877193,233,3650,0,1
185.0280629096177,250,4280,1,1
185.03071610485324,8,382,0,0
185.0461153744305,1037,227,0,0
185.0720137174016,18,230,0,0
185.08725266338885,934,221,0,0
185.10260500020283,20,4250,0,1
185.10306528218186,10,313,0,0
185.10777370655495,29,214,0,0
185.11215433244436,28,360,0,0
185.14891890754197,1077,575,0,0
185.1573570275927,154,133,0,0
185.1657837104636,7,255,0,0
185.18993367932532,16,31,0,0
185.1979474132285,985,129,0,0
185.2095539180176,50,262,0,0
185.38086319720284,18,109,0,0
185.3954820033166,331,579,0,0
185.39889955305878,21,48,0,0
185.46325836037232,1491,179,0,0
185.55889357739804,75,99,0,0
185.62696450601416,242,326,0,0
185.6284923762534,18,204,0,0
185.75424531691095,128,308,0,0
185.77614641880828,111,345,0,0
185.80202588199637,46,265,0,0
185.82583433913095,116,769,0,0
185.8750684633332,1327,11,0,0
185.92724391820482,306,134,0,0
186.28259550722836,2725,106,0,0
186.3153275315697,793,262,0,0
186.33255897776937,12,204,0,0
186.40375217817513,151,126,0,0
186.42036611104479,12,266,0,0
186.59086309640256,17,18,0,0
186.61857983803657,30,16,0,0
186.70557120799086,11,267,0,0
186.713125041535,59,757,0,0
186.85405331239357,19,124,0,0
186.9232337636738,8,187,0,0
186.92721968725658,250,349,1,0
186.93715587970766,7,217,0,0
186.96146612724772,15,301,0,0
186.96306283566327,36,366,0,0
186.96555953339507,21,320,0,0
187.0181641558252,112,298,0,0
187.07248843494682,87,286,0,0
187.34839245839277,649,69,0,0
187.35008565390103,101,279,0,0
187.36009720018404,130,192,1,0
187.36049820945814,5,7740,0,1
187.95886701879377,7,19,0,0
187.96043159642792,27,2890,0,1
187.97295832393957,18,129,0,0
188.810602533815,633,119,0,0
189.1288934910453,41,206,0,0
189.13264855036726,23,302,0,0
190.7046984244227,1438,458,0,0
190.75235382240197,482,340,0,0
190.7550640389972,10,238,0,0
190.7878897433525,29,122,0,0
190.85585300819758,490,575,1,0
190.92218743237186,4,250,0,0
190.9225075695425,28,208,0,0
191.60586179838862,113,13,0,0
191.60673181245065,986,312,0,0
191.6195035167336,851,444,0,0
191.92884890869067,273,93,0,0
191.9701592217178,897,31,0,0
191.98813357937806,1343,31,0,0
191.99408641009816,67,369,0,0
192.05285346272285,5,1060,0,1
192.33199846779274,190,459,1,0
192.33864818996085,10,127,0,0
192.38254693309545,25,78,0,0
192.39195295581183,4,773,0,0
192.40057105560967,62,76,0,0
192.40092094839113,16,76,0,0
192.433075944141,841,457,0,0
192.55370653522118,56,641,0,0
192.56845966339046,375,100,0,0
192.71926251269005,435,46,0,0
192.7473206743882,332,284,0,0
192.96304728251008,16,652,0,0
192.99011458959933,17,170,0,0
193.0001764361726,17,256,0,0
193.00801122386457,21,348,0,0
193.03259418662023,57,489,0,0
193.06884745293786,24,577,0,0
193.07339428995544,17,148,0,0
193.0888607461407,26,228,0,0
193.09043391394601,34,339,0,0
193.0919824789168,32,61,0,0
193.16435992043398,9,224,0,0
193.20646695559398,35,198,0,0
193.32203680778167,40,390,0,0
193.34953554950584,16,351,0,0
193.38333729149923,7,208,0,0
194.10907843718053,125,222,0,0
194.11325498562704,470,239,1,0
194.14980855851434,535,212,0,0
194.5854628530922,113,732,0,0
195.64093060958174,6,81,0,0
195.7030131293828,8,305,0,0
195.71993780965028,55,194,0,0
195.7226798692718,8,97,0,0
195.73803462158114,74,233,0,0
195.76578275420533,103,324,0,0
195.78716882562546,24,2540,0,1
195.84164771364138,33,362,0,0
195.90298950322563,905,765,0,0
195.91129484955817,1654,83,0,0
195.91497596521432,375,10,0,0
195.9266419774933,65,342,0,0
195.9736770756743,25,65,0,0
196.44249336736797,250,250,0,0
196.44337672649687,8,315,0,0
196.60139962546612,578,129,0,0
196.6130496063645,454,686,0,0
196.77809358968926,32,665,0,0
197.52404829746993,10,202,0,0
197.57628364125748,396,347,0,0
197.57851507989432,8,643,0,0
197.58744483281512,604,127,0,0
197.62721693668936,13,177,0,0
197.6377351128134,620,377,1,0
197.65505461279133,29,435,0,0
197.65952413850738,41,388,0,0
197.67238574289803,113,328,0,0
197.67832938264735,181,74,0,0
197.77977179081554,80,22,0,0
197.81497751838242,240,487,1,0
197.89560948832175,22,329,0,0
197.8964696333225,25,387,0,0
197.9047054479995,12,363,0,0
197.90941234427808,106,366,0,0
197.9179517363115,6,184,0,0
197.92159128041573,1327,8,0,0
197.9264677240636,18,48,0,0
198.32281592023796,51,376,0,0
198.33442395638653,44,345,0,0
198.33618354071453,32,304,0,0
198.3472214460296,315,515,0,0
199.7764003041422,12,66,0,0
199.85125911840527,683,148,0,0
199.85454143684834,31,679,0,0
199.8665357524305,7,434,0,0
199.88336333213445,1312,766,0,0
199.903995962221,1628,174,0,0
199.9045558909064,101,315,0,0
199.90770572552844,7,164,0,0
199.92160683129737,12,667,0,0
199.92232026237244,71,91,0,0
199.9358078636,44,132,0,0
199.95772129103287,237,417,0,0
200.04167548293208,2400,197,1,0
200.1868381561334,24,262,0,0
200.20024571238693,24,570,0,0
200.22962930455986,160,155,1,0
200.2992531475529,106,606,0,0
200.43152619747917,32,546,0,0
200.4535584729293,36,389,0,0
200.45811446933195,422,608,0,0
200.51738545038205,19,195,0,0
200.61482098739972,24,135,0,0
200.64019833304968,35,22,0,0
200.69739879511656,52,776,0,0
201.09820896933823,12,81,0,0
201.10555643425073,16,276,0,0
201.11059485830773,100,265,1,0
201.11302119546585,230,768,0,0
201.15056490373036,19,19,0,0
201.26824714947634,1582,115,0,0
201.27560000100144,17,106,0,0
201.88826834602511,90,516,0,0
201.89465630992464,107,239,0,0
201.9271720675564,5,745,0,0
201.9428055983076,16,1770,0,1
202.21640512294766,14,213,0,0
202.22227122723675,10,361,0,0
202.6761576096872,214,678,0,0
202.6901817766028,17,267,0,0
202.691697974803,1867,205,0,0
202.69830462173533,9,170,0,0
202.71271572769453,17,271,0,0
203.19662306181948,13,382,0,0
203.2044735745664,30,594,0,0
203.22370064389108,9,3320,0,1
204.25104027373314,15,110,0,0
204.2773599994373,116,167,0,0
204.28321786547656,348,99,0,0
204.287954739991,29,400,0,0
204.28894076892772,10,316,0,0
204.32693599659348,4,10,0,0
204.52093391391574,354,472,0,0
204.53050167654143,208,4110,0,1
204.53304194518736,89,79,0,0
204.5650800685138,9,21,0,0
204.5842162594028,14,154,0,0
204.59858261238904,158,148,0,0
204.64257705842292,34,93,0,0
204.66231065534276,31,342,0,0
204.67150992551325,9,121,0,0
204.79576221567675,46,685,0,0
204.7962920742823,394,764,0,0
204.79839780535278,7423,769,1,0
204.8090441463406,62,251,0,0
204.8104016264181,33,281,0,0
205.13051121040084,187,334,0,0
205.13078265584275,10,195,0,0
205.19894109112082,16,342,0,0
205.25137321657618,155,353,0,0
205.2853014464991,19,159,0,0
205.32505057351892,8,656,0,0
205.33096043610806,150,722,0,0
205.33538373203362,133,199,0,0
205.5992987823072,29,254,0,0
205.61248364122304,48,255,0,0
205.6135419695571,151,157,0,0
205.61517469702852,26,218,0,0
205.6160868763799,14,358,0,0
205.64512425201823,5,27,0,0
205.80047477908974,23,302,0,0
205.81002557601664,37,110,0,0
205.83286579800907,15,199,0,0
205.83948882086494,375,99,0,0
205.93575646491044,8,325,0,0
206.03073308605047,8,142,0,0
206.1357483607156,20,553,0,0
206.69888523085723,11,191,0,0
206.70060088942557,29,147,0,0
206.7854002849963,567,2170,0,1
206.78634169669877,260,309,1,0
206.86033969860785,24,198,0,0
206.9495075107814,171,130,0,0
207.02524739804645,65,479,0,0
207.11407123135243,3405,211,0,0
207.12908106562435,17,197,0,0
207.13486077738705,27,244,0,0
207.2194346193861,812,767,0,0
207.22537491694126,131,152,0,0
207.3019733667891,6,242,0,0
207.305904683711,466,3950,0,1
207.34386612085154,6,376,0,0
207.3784717640921,76,54,0,0
207.38253808945964,7743,449,1,0
207.39344478534449,19,117,0,0
207.50860756111794,23,114,0,0
207.53002701631223,4260,434,1,0
207.58448541932762,32,250,0,0
207.59160779666556,75,389,0,0
207.61676338220647,20,226,0,0
207.61799986098816,8,304,0,0
207.62266730021918,42,201,0,0
207.84097319682104,10,313,0,0
207.89830349504453,36,307,0,0
207.9191587795558,351,243,0,0
207.9455688892936,44,393,0,0
207.94714311649054,17,258,0,0
207.99195503276866,52,6040,0,1
207.99392103365838,57,314,0,0
207.9989365892421,34,33,0,0
208.0736809661863,5,280,0,0
208.07857240428228,5,70,0,0
208.08601291880478,13,273,0,0
208.10262659104043,135,5220,0,1
208.12620381480147,23,14,0,0
208.3737290142025,7853,339,1,0
208.37448472154196,276,305,0,0
208.3833068969211,82,664,0,0
208.44149894751905,35,106,0,0
208.44898617867986,18,124,0,0
208.45790303980655,20,168,0,0
208.46190866080806,132,10,0,0
208.4723097396681,12,34,0,0
208.5359345853088,5,304,0,0
208.73211989011259,5,303,0,0
208.76813783419942,11,264,0,0
209.02056685822788,24,185,0,0
209.04303125564059,200,448,1,0
209.04383134613647,10,177,0,0
209.12124262401335,38,411,0,0
209.12164714542678,14,184,0,0
209.13816238661147,16,219,0,0
209.15656150880875,215,444,0,0
209.15870577602496,33,770,0,0
209.17116870013726,6,115,0,0
209.1777184838491,12,156,0,0
209.20170121778216,61,471,0,0
209.21205642874858,507,312,0,0
209.27032874334589,1720,243,1,0
209.2792902099875,255,334,0,0
209.33739863199008,179,252,0,0
209.35576506019743,3532,172,0,0
209.38498325792452,62,216,0,0
209.40804448986103,13,136,0,0
209.41552682829825,1556,225,0,0
209.56760828644028,122,311,0,0
209.62308654178995,17,127,0,0
209.62333966368166,11,123,0,0
209.62517463887104,90,56,0,0
210.08452484028263,2502,506,0,0
210.0954400898498,17,539,0,0
213.80733737295384,20,200,0,0
213.84917612193428,60,31,0,0
213.89260520658223,40,45,0,0
213.90030440342534,1090,306,1,0
213.91246617610062,24,228,0,0
213.9373895625746,1943,368,0,0
214.04015386333174,17,660,0,0
214.06224611466652,8,29,0,0
214.07914329639183,10,153,0,0
214.0819868991404,2223,659,0,0
214.08950510577847,7,420,0,0
214.09758222101055,59,92,0,0
214.1115382004677,11,227,0,0
214.11597563551098,40,417,0,0
214.11821213775454,30,296,0,0
214.1278699882461,64,504,0,0
214.12803604238715,10,291,0,0
214.1290202330885,54,270,0,0
214.13254655153142,104,40,0,0
214.16671884819263,703,566,0,0
214.17105160870642,20,191,0,0
214.17308310241117,29,354,0,0
214.22865008195964,9,169,0,0
214.24067501954136,29,410,0,0
214.4372025161461,12,361,0,0
214.44724169673935,12,2000,0,1
214.4511738721163,30,74,0,0
214.45852913463892,25,588,0,0
214.86762952150735,13,164,0,0
215.12994976534807,44,72,0,0
215.14935449361894,16,251,0,0
215.25098769388873,597,188,0,0
215.25204100601763,1464,592,0,0
215.40275560441222,67,767,0,0
215.42979356902242,110,107,1,0
215.44183059687484,5,120,0,0
215.4565757052816,12,211,0,0
215.47906576332062,271,263,0,0
215.4850215402194,19,453,0,0
215.49174485031486,10,24,0,0
215.49313727739607,1378,422,0,0
215.74505702733777,16,31,0,0
215.74752588511376,105,273,0,0
215.7571837641089,14,198,0,0
215.84508506507714,20,100,0,0
215.96926917194884,48,375,0,0
216.15131118529908,4,98,0,0
216.15533919188763,9,322,0,0
216.16054866144623,748,152,0,0
216.17092563608455,5250,613,1,0
216.17128756805752,60,178,0,0
216.23070845948877,619,526,0,0
216.23123544498907,1378,161,0,0
216.2399434642053,1231,370,0,0
216.30023291235648,1121,492,0,0
216.3531092323951,209,210,0,0
216.35784420614985,232,556,0,0
216.41763088784933,576,580,0,0
216.49882126018812,119,4910,0,1
216.4992712168434,998,87,0,0
216.5057824204965,33,451,0,0
216.54243635311306,7,268,0,0
216.5664392261096,20,238,0,0
216.57356109690207,104,97,0,0
216.5822142949755,16,80,0,0
217.39723122102168,892,4,0,0
217.4025957526386,23,481,0,0
217.48064149414805,53,144,0,0
217.48178742972635,222,114,0,0
217.51087261885903,10,17,0,0
217.58745031140634,1861,241,0,0
217.59250494570608,14,217,0,0
217.59600380892945,15,238,0,0
217.9681856473878,42,25,0,0
217.97628690118236,167,344,0,0
218.05830280300506,15,207,0,0
218.05911155400585,18,360,0,0
218.36533360048819,80,493,0,0
218.36564001588405,160,575,0,0
218.36794121228974,576,753,0,0
218.37227930537102,62,359,0,0
218.38445215091693,9,282,0,0
218.4043664600403,42,265,0,0
218.6900307010131,276,224,0,0
219.41538763227405,8,129,0,0
219.91783375134133,16,624,0,0
219.9881180459495,16,256,0,0
220.01055378547662,42,22,0,0
220.01086470291824,32,446,0,0
220.02394939760538,977,68,0,0
220.02913071540854,15,272,0,0
220.0796717520925,1024,502,0,0
220.08200674852708,12,66,0,0
220.08527056267909,554,750,0,0
220.0891497233404,2326,163,0,0
220.14239010335908,49,192,0,0
220.1642049146482,118,150,0,0
220.16650602805652,1579,115,0,0
220.1671189976004,9,93,0,0
220.17254310442124,15,455,0,0
220.17730113134178,60,332,1,0
220.1829375845928,55,23,0,0
220.20143078332998,58,170,0,0
220.26391519276703,10,305,0,0
220.3335896657524,16,79,0,0
220.3380795344887,347,372,0,0
220.3418744998539,278,402,0,0
220.62064767756144,518,161,0,0
220.63093269996062,12,141,0,0
220.6943190988212,4,257,0,0
220.717810457443,39,254,0,0
220.75177122629512,3031,775,0,0
221.0890747143802,230,2160,1,1
221.09983897651767,1953,279,0,0
221.23561344658194,237,94,0,0
221.28222357019993,13,377,0,0
221.2952714246224,122,210,0,0
221.30246663842897,18,380,0,0
221.30888976787952,34,65,0,0
221.46375654971595,23,19,0,0
221.57810144374395,23,258,0,0
221.58166189908047,130,19,0,0
221.61936148635488,200,301,1,0
221.61993699305918,119,139,0,0
221.63970049488614,52,20,0,0
222.50059871168628,47,173,0,0
222.50247126226472,12,298,0,0
222.53419451667736,21,427,0,0
222.5397735043572,106,20,0,0
222.56086640451952,43,25,0,0
222.5632789323505,956,404,0,0
222.5888204176195,550,271,1,0
222.5890369361734,46,278,0,0
222.59995978999797,175,440,0,0
222.60969650592634,5320,306,1,0
222.62452229992766,2088,39,0,0
223.433628961754,94,562,0,0
223.4355794406997,29,243,0,0
223.44029606831018,11,337,0,0
223.44160186353812,183,299,0,0
223.4862166130596,13,81,0,0
223.50388970116268,8,99,0,0
223.50572915124306,116,257,0,0
223.605925129606,16,168,0,0
223.63451620523674,13,84,0,0
223.89063320394862,62,301,0,0
223.96211279322904,145,765,0,0
223.98187147898295,17,283,0,0
223.985669231109,59,244,0,0
223.98594818173183,135,767,0,0
223.99124873632394,151,228,0,0
224.13293838283295,23,19,0,0
224.14339096734693,24,232,0,0
224.1466605962765,22,252,0,0
224.17258992576282,21,181,0,0
224.23826754289672,5,353,0,0
227.4739717614076,973,588,0,0
227.47642400442686,13,157,0,0
227.4846589607208,24,404,0,0
227.48648670146866,16,246,0,0
227.49044087484847,104,135,0,0
227.58062420138137,14,2600,0,1
227.59342206947457,6,305,0,0
227.59438954659757,281,622,0,0
227.79422649421113,35,107,0,0
228.2509658201513,10,150,0,0
228.3216834498076,29,140,0,0
228.32400955628174,22,30,0,0
228.32601830278088,60,2040,1,1
228.5062547426437,47,715,0,0
228.50847117907452,9,570,0,1
228.5136804566681,22,327,0,0
228.51462238267393,940,213,0,0
229.10592656775853,61,228,0,0
229.1101441118741,14,193,0,0
229.12110099119144,10,99,0,0
229.12471925488137,21,231,0,0
229.12882071535353,13,249,0,0
229.1304256886821,44,189,0,0
229.25448566827953,21,353,0,0
229.25849485307214,327,492,0,0
229.49853422349344,1102,4,0,0
229.49979112445607,44,162,0,0
229.53634499764965,72,126,0,0
229.62896279015132,21,298,0,0
229.63054561256592,5,243,0,0
229.65354360993234,1288,19,0,0
229.65835497172029,407,554,0,0
229.6600838217542,442,594,0,0
229.6663697420593,7,274,0,0
229.66675487866695,20,756,0,0
229.6747303216628,58,298,0,0
229.67545023325525,955,226,0,0
229.72494421712784,28,67,0,0
229.98335237214627,30,255,0,0
230.18996844091583,11,182,0,0
230.1933604665382,485,235,0,0
230.20405729900514,9,263,0,0
230.83077559538862,427,148,0,0
230.99404209284964,17,620,0,0
231.0413656309495,12,398,0,0
231.04159679923438,13,108,0,0
231.04897688924225,9,273,0,0
232.06471413125684,7,316,0,0
232.09955256845737,22,23,0,0
232.10556314564195,10,361,0,0
232.12232635872337,142,3900,0,1
233.60266702516188,5,217,0,0
233.77647183630492,1839,137,0,0
233.7776659278264,18,409,0,0
233.7792489865682,7,223,0,0
233.79478005978595,126,335,0,0
233.97204016945895,98,45,0,0
233.97533346397384,13,311,0,0
233.98006044483003,48,375,0,0
233.9801596010106,30,560,0,0
233.98436193937704,24,22,0,0
234.0294208498326,1034,91,0,0
234.07459929013683,568,510,0,0
234.07539008548443,13,371,0,0
234.13910015889323,193,120,0,0
234.14175750420932,52,149,0,0
234.142586434966,1646,168,0,0
234.17730195621024,23,285,0,0
234.177829955892,800,240,0,0
234.18287515754812,5,96,0,0
234.18513244060026,20,272,0,0
234.19430596473714,1020,1210,0,1
234.2129182535363,1716,414,0,0
234.2179662124947,63,481,0,0
234.22028180873596,14,383,0,0
234.22463965503593,56,379,0,0
234.2247488005839,37,279,0,0
234.23412122918538,13,301,0,0
234.9150167516958,162,145,0,0
234.9401265266324,5,13,0,0
235.06345526212135,7,22,0,0
235.07690499271277,66,301,0,0
235.09088132393566,8,230,0,0
235.1240618028774,119,34,0,0
235.17613433222044,4,14,0,0
235.22532225971034,15,595,0,0
235.22807153766018,5,142,0,0
235.2429568074849,929,407,0,0
235.2437212860676,61,215,0,0
235.3541947010703,425,769,0,0
235.36777557885995,11,92,0,0
235.37608746678833,17,526,0,0
235.3772927707764,18,181,0,0
235.41392765569273,10,42,0,0
235.51836727032006,966,151,0,0
235.55831807678427,277,7670,0,1
235.68779318833035,76,193,0,0
235.69104806524737,13,7740,0,1
235.78313711032285,18,208,0,0
235.79818632957767,92,212,0,0
235.79826537904574,134,616,0,0
235.8245863447298,150,296,1,0
235.82673260174795,6,214,0,0
235.83825408919014,88,218,0,0
235.84245954373375,69,455,0,0
235.84523873740596,98,960,0,1
235.97137728924895,9,80,0,0
235.97674851270412,541,563,0,0
235.99958536964752,85,35,0,0
236.06360859091652,15,455,0,0
236.07129489597375,11,219,0,0
236.07272359881475,50,339,0,0
236.09172307810664,214,364,0,0
236.10571331602213,19,211,0,0
236.10858636380667,6,37,0,0
236.1301513862492,14,93,0,0
236.34576639563647,82,647,0,0
236.46467423667738,768,127,0,0
236.84531984527348,215,416,0,0
237.12315783527228,23,355,0,0
237.15005255064722,32,402,0,0
237.16898806859476,17,115,0,0
237.17114012578688,16,136,0,0
237.3634868835888,14,165,0,0
237.36952915047075,2763,766,0,0
237.42767485433205,6,162,0,0
237.92704415334325,66,244,0,0
237.95087616357347,65,411,0,0
237.95186829692042,9,212,0,0
237.9542737754798,24,408,0,0
237.96358427358578,259,683,0,0
238.22416822446357,80,502,1,0
238.23391597916898,29,141,0,0
238.24800860036132,43,364,0,0
238.2502030534161,790,213,0,0
238.28676829377343,18,235,0,0
238.30910216804716,14,178,0,0
238.39879720264128,9,39,0,0
238.4015822644425,38,269,0,0
238.46176034194352,8,196,0,0
238.46284155538737,16,276,0,0
238.46751661721365,24,239,0,0
238.4734203924479,455,198,0,0
238.48511919262026,40,1260,1,1
238.52323508621356,278,469,0,0
238.52340456029273,13,158,0,0
238.5378354791786,328,426,0,0
238.54558873159223,135,767,0,0
238.54679685634062,17,104,0,0
238.55595918348817,20,408,0,0
238.5969052070664,19,115,0,0
238.60376204963936,6,414,0,0
238.6101571102908,4,80,0,0
238.67554336001163,274,584,0,0
238.67935877201327,657,485,0,0
238.81756092489363,970,398,1,0
238.8544155561241,34,374,0,0
238.89502849539318,60,176,0,0
238.95155941365368,48,44,0,0
239.16092994203808,20,729,0,0
239.16520102801712,9,729,0,0
239.338109159641,57,260,0,0
239.34119584839988,26,762,0,0
239.37849131554967,691,104,0,0
239.4381689460899,2861,73,0,0
239.46238498947,216,130,0,0
239.46437793983574,1037,389,0,0
239.46600118070407,17,397,0,0
239.46802612130273,14,76,0,0
239.48459822811813,7516,676,1,0
239.51025409612802,180,297,1,0
239.56544528389566,221,249,0,0
239.56632975520344,306,91,0,0
239.6005296608764,16,14,0,0
239.73943687671212,955,268,0,0
239.7648687997144,17,65,0,0
239.78292022785365,33,18,0,0
239.87616532988827,43,73,0,0
240.30379357495448,96,515,0,0
240.65890419161107,12,105,0,0
241.05203211779852,18,349,0,0
241.0535666771189,136,769,0,0
241.3890331830334,71,234,0,0
241.39947280619583,20,453,0,0
241.50305386594994,26,469,0,0
241.50900227503777,468,280,0,0
241.54983185880627,71,686,0,0
241.5561385894732,106,471,0,0
241.56729505894617,11,250,0,0
242.4648069932433,1756,106,0,0
242.4666568129981,23,180,0,0
242.60486575169475,96,225,0,0
242.6275045313549,6,52,0,0
242.62973187701584,276,30,0,0
242.89876534298554,8,342,0,0
242.92016607122306,66,323,0,0
242.92684918425198,1048,407,0,0
242.96601501589876,47,422,0,0
242.97015074613114,74,232,0,0
243.52120406582864,44,162,0,0
243.52227554370003,1173,36,0,0
243.5296554730578,80,274,1,0
243.53004106934497,136,170,0,0
243.56326232230913,158,607,0,0
243.6665085799246,110,262,1,0
243.79447599913496,82,28,0,0
244.2327831942845,19,213,0,0
244.25310522022656,17,56,0,0
244.2615348867314,13,627,0,0
244.39096519414585,11,494,0,0
244.39733950219582,783,557,0,0
244.43848832855952,50,464,0,0
244.44682863466537,54,428,0,0
244.45187568228414,135,767,0,0
244.47107374687812,226,37,0,0
244.66697741241973,48,213,0,0
244.7967857464622,9,241,0,0
244.8252591759405,16,372,0,0
244.8253801304245,8,35,0,0
244.84769555322154,135,267,0,0
244.89448864323393,74,231,0,0
244.95942365601843,19,508,0,0
244.96478965829704,27,514,0,0
245.12818514807435,21,330,0,0
245.1711049584625,22,850,0,1
245.17162505742195,10,219,0,0
245.27041973539926,110,358,0,0
245.84515846733237,61,215,0,0
245.88338475051918,253,296,0,0
245.8881146041942,316,381,0,0
246.71795543960084,1481,440,0,0
246.8846013470229,16,275,0,0
246.88520499180433,36,36,0,0
247.0690772132235,27,312,0,0
247.11950780840903,79,142,0,0
247.15916685762113,62,16,0,0
247.1598463911569,8,95,0,0
247.1606400492311,7433,186,0,0
247.1917290557402,7,287,0,0
248.18528432013704,51,1200,0,1
248.21586854427335,13,87,0,0
248.24180529267775,13,314,0,0
248.2481143247304,22,375,0,0
248.25780939044972,1011,376,0,0
248.42083100235675,952,221,0,0
248.4253127338435,14,388,0,0
249.28384510567057,6,253,0,0
249.33620660543713,340,269,0,0
249.37360289284877,29,429,0,0
249.38885740526956,20,646,0,0
249.3934493174859,153,219,0,0
249.40496976719413,819,5,0,0
249.40600588502667,20,272,0,0
249.4269547357537,214,4420,0,1
249.42736462108448,147,307,0,0
250.83310002346178,300,432,1,0
250.84827825268334,9,125,0,0
250.84908393607319,333,462,0,0
250.8766132365621,29,114,0,0
250.89715036966655,9,247,0,0
250.90248317267748,59,596,0,0
250.92883400149967,29,266,0,0
250.93200200563956,82,202,0,0
250.9440009046007,11,226,0,0
250.95478061702164,18,256,0,0
250.99560232185652,334,769,0,0
251.00072332060324,50,268,0,0
251.02795810244808,22,59,0,0
251.02801437311703,4,126,0,0
251.1593949925054,1456,343,0,0
251.18173722518023,40,135,0,0
251.2282313389359,10,108,0,0
251.2378982492372,19,257,0,0
251.32966498207992,31,252,0,0
251.34446386260262,17,434,0,0
251.3687122500373,25,537,0,0
251.38772536935988,57,312,0,0
251.39332833524983,1802,1820,0,1
251.396022766233,6,291,0,0
251.44407148590284,8,267,0,0
251.50275095107153,547,324,0,0
251.51797602955122,591,140,0,0
251.72363337011393,1537,130,0,0
251.74603873295914,7,278,0,0
251.79190462633258,25,772,0,0
251.94683575857331,13,189,0,0
252.01932186862996,6,85,0,0
252.03154521084974,25,638,0,0
252.03356226121488,11,448,0,0
252.03742899667927,4,185,0,0
252.03960889157202,1068,768,0,0
252.12501630629095,14,661,0,0
252.12503105440726,526,12,0,0
253.09197559551836,7,302,0,0
253.09499050608946,37,474,0,0
253.24710196939822,19,332,0,0
253.2796861283858,120,550,0,1
253.33190297262055,2380,24,0,0
253.3332508432726,83,40,0,0
253.47441085804817,1028,519,0,0
253.48937222181726,77,457,0,0
253.55216883494464,69,236,0,0
253.55497566446053,163,147,0,0
253.5719698437913,8,383,0,0
253.57644268636864,26,196,0,0
253.61061773881585,41,80,0,0
253.6822825615232,85,31,0,0
253.6940083805372,674,182,0,0
253.7383375371488,1129,228,0,0
253.78936333860563,6,127,0,0
253.8055742394092,20,769,0,0
253.8162597294515,9,256,0,0
253.81665218959836,7,246,0,0
253.96769376399337,8,318,0,0
253.99350350507882,78,194,0,0
254.00472572905545,709,62,0,0
254.03269003561016,12,211,0,0
254.0392147855256,39,297,0,0
254.04912072401908,10,204,0,0
254.09860833129997,16,131,0,0
254.09952182760227,11,706,0,0
254.109533472585,15,193,0,0
254.13945138626525,4,127,0,0
254.14027898037259,54,22,0,0
254.14242883557884,7,34,0,0
254.36762753234981,400,342,1,0
255.81739056454376,251,131,0,0
255.85192029121296,283,300,0,0
255.92397051971307,120,323,1,0
255.92744600696588,41,334,0,0
256.2092213995648,11,1490,0,1
256.2266534071712,17,653,0,0
256.2501496903322,17,327,0,0
256.29395552360467,532,306,0,0
256.30029417407275,409,430,0,0
256.3051818791144,82,159,0,0
256.32373335771183,6,274,0,0
256.3261224262915,54,152,0,0
256.3322480245038,109,125,0,0
256.33236324917715,133,410,0,0
256.33496452357,10,420,0,1
256.3829322674154,247,240,0,0
256.5546933928079,107,104,0,0
256.61829875114273,14,33,0,0
256.62191515669036,1052,319,0,0
256.64401730378995,20,310,0,0
256.6469042373422,165,218,0,0
256.64917456625517,563,212,0,0
256.7823669766133,18,40,0,0
256.7913266846729,26,326,0,0
256.80117683666526,9,334,0,0
256.8285174614348,6,18,0,0
256.94825120802017,10,132,0,0
256.97263330459526,17,86,0,0
256.98451004294105,25,374,0,0
257.0222210319026,376,17,0,0
257.03890881780245,70,323,0,0
257.0495994608891,252,727,0,0
257.0498507323402,9,172,0,0
257.05342098185156,11,117,0,0
257.069159471224,41,195,0,0
257.07188780936644,29,306,0,0
257.88637440800017,7,17,0,0
259.8626729973831,13,156,0,0
260.4904261368922,157,342,0,0
260.4941199525902,331,378,0,0
260.552603504109,7,220,0,0
260.6035479062753,11,91,0,0
260.648743826546,4,36,0,0
260.64972430937684,11,109,0,0
260.7930772993847,11,343,0,0
261.4532544808337,60,669,0,0
261.57026995904806,1398,200,0,0
263.1215564274667,14,620,0,0
263.13470885338194,24,206,0,0
263.2282850734475,4,176,0,0
263.5402633722208,68,175,0,0
263.5441882236255,23,411,0,0
263.56342709447694,90,111,1,0
263.56903303004344,13,215,0,0
263.7098234478395,16,400,0,0
263.71247432131594,31,772,0,0
263.758441826495,177,470,0,0
263.7672015771778,36,357,0,0
263.913922523596,54,177,0,0
263.9229859746812,74,148,0,0
263.9414068427472,24,444,0,0
263.9827022075617,28,387,0,0
263.9883609167412,143,299,0,0
263.9989546226558,12,165,0,0
264.0143750603126,611,653,0,0
264.0235698803938,2898,13,0,0
264.06450155118654,25,86,0,0
264.0698649949398,1086,163,0,0
264.09807666783087,62,23,0,0
264.11086169460776,12,18,0,0
264.1173667782053,7,58,0,0
264.11988955069216,39,90,0,0
264.1204212129793,49,880,0,1
264.1256976302928,13,128,0,0
264.18634446721694,253,250,0,0
264.1966145545222,250,301,0,0
264.57837677882395,19,205,0,0
264.58120164749994,8007,185,1,0
264.5901217139396,11,349,0,0
264.5909485053552,236,491,0,0
264.7625599849142,17,424,0,0
264.7638491251977,809,99,0,0
264.80681321804786,16,373,0,0
264.83835878756594,590,90,0,0
267.8113511040621,9,358,0,0
268.05749781589304,36,99,0,0
268.14242129974815,39,37,0,0
268.166331145525,19,177,0,0
268.8992476542912,269,126,0,0
268.9082846962699,32,92,0,0
268.9099093514219,21,244,0,0
269.0143090063107,13,97,0,0
269.0308260311617,17,112,0,0
269.0355381277422,1002,87,0,0
269.0722013519698,14,207,0,0
269.123258908758,20,286,0,0
269.1241476593565,561,132,0,0
269.2514351566664,7,487,0,0
270.1985677433149,107,218,0,0
270.20733122065786,5,209,0,0
270.20831342004766,371,531,0,0
270.2401661060565,16,117,0,0
270.25512062693355,133,285,0,0
270.34361902675704,125,364,0,0
270.46168541621336,164,478,0,0
270.4767396041151,410,293,1,0
270.86359995221204,14,205,0,0
270.8640298367333,588,20,0,0
270.8688318650331,31,235,0,0
270.896490594819,24,440,0,0
270.9387472866839,30,309,0,0
270.95485430229195,77,396,0,0
271.00225606866843,11,211,0,0
271.00376354979,16,386,0,0
271.0039665143532,14,165,0,0
271.1040736474026,22,357,0,0
271.38117383658715,79,80,0,0
271.401089145868,18,742,0,0
271.4030684992478,16,426,0,0
271.40804445567755,17,352,0,0
271.47442776310226,1008,79,0,0
271.50510100503664,10,196,0,0
271.77871685946883,9,241,0,0
272.31092607987017,40,135,0,0
272.5464359191678,15,97,0,0
272.5594280861822,14,175,0,0
272.7225144031646,11,101,0,0
272.7783105362015,15,126,0,0
272.8093648040438,11,534,0,0
272.83841029389083,14,143,0,0
272.8553687703068,2036,530,0,0
272.858054375966,12,754,0,0
272.8995303705413,12,91,0,0
272.90384465645764,146,305,0,0
272.9217298990146,40,380,1,0
273.0171708524824,22,165,0,0
273.1083585202841,7,15,0,0
273.1088551504087,22,86,0,0
273.11387456128097,19,297,0,0
273.1160554348782,1506,18,0,0
273.14870833645193,592,6390,0,1
273.15307318664276,66,235,0,0
273.2732926044675,34,66,0,0
273.2808915041992,12,44,0,0
273.32752066324406,10,282,0,0
273.330204245132,18,362,0,0
273.3344505576117,1371,357,0,0
273.3449911434762,27,205,0,0
273.38810692727685,12,178,0,0
273.38841301554726,273,561,0,0
273.40933751232274,172,455,0,0
273.410341868266,24,275,0,0
273.43518781616234,28,296,0,0
273.43569156345194,100,450,1,0
273.4430944535752,703,173,0,0
273.6283350440032,19,134,0,0
273.9323343951115,14,287,0,0
273.93463306587773,899,28,0,0
274.42374781765716,11,97,0,0
274.43099008870905,12,240,0,0
274.448940352765,8,274,0,0
274.49438429325255,18,5680,0,1
274.51484410335047,341,530,0,0
274.5482719155249,63,372,0,0
274.5721821135188,121,351,0,0
274.6626478625173,4,355,0,0
274.6877611111541,62,298,0,0
274.6945770214019,198,52,0,0
274.6967742242594,13,467,0,0
274.698798190535,696,734,0,0
274.7121996883163,143,429,0,0
274.77667423797027,128,16,0,0
274.80607497455156,99,612,0,0
274.8146102672684,23,652,0,0
274.8510039112363,18,235,0,0
274.85607021887,20,377,0,0
274.8756288953348,7,21,0,0
274.9135850498506,13,136,0,0
274.9209631015636,18,77,0,0
275.1352596945442,271,368,0,0
275.27576794074463,564,548,0,0
275.2844572140098,49,5830,0,1
275.33728383738554,5980,127,1,0
275.35993355450864,314,558,0,0
275.3894775032717,6,195,0,0
275.41890541316855,93,118,0,0
275.6292154076388,645,233,0,0
275.65957903618556,12,56,0,0
275.68883963418307,18,272,0,0
275.7917716145637,8,95,0,0
275.8883867315367,43,102,0,0
276.381083795442,21,224,0,0
276.3845365994305,760,54,1,0
276.44870233508493,49,37,0,0
276.4491787197893,49,350,0,0
276.46782628579973,1870,296,1,0
276.469249960608,25,107,0,0
276.4705901656156,71,207,0,0
276.48451828273386,5,277,0,0
276.48668724394156,198,180,0,0
276.4966823254825,27,208,0,0
276.4967685367308,79,132,0,0
276.75611301778684,9,154,0,0
276.75620622456245,6,330,0,0
276.7609547338813,732,523,0,0
277.2475305598226,16,705,0,0
277.24874301687584,6,61,0,0
277.7452473772681,180,486,1,0
277.8998706674208,44,135,0,0
277.91507429224487,10,202,0,0
277.92385860460735,45,398,0,0
277.93408026825375,43,598,0,0
277.9650028582013,9,168,0,0
278.087080908801,19,4050,0,1
278.3300600101855,739,222,0,0
278.3303495954083,305,483,0,0
278.4305861995246,15,226,0,0
278.4918027678184,83,548,0,0
278.49344056569237,157,52,0,0
278.5986369048152,101,392,0,0
278.71185667616277,160,198,1,0
278.8217114865448,638,202,0,0
278.8377662618091,45,49,0,0
278.9240465000899,1426,519,0,0
279.1230301892747,174,162,0,0
279.12808576915035,8,145,0,0
279.1349674154218,20,262,0,0
279.1407527823203,225,239,0,0
279.32648106054074,1899,167,0,0
279.3455582413373,75,134,0,0
279.3499161380433,522,7670,0,1
279.35234206990737,1207,685,0,0
279.3538290322015,17,192,0,0
279.3820188494817,70,2960,1,1
279.47663319287824,41,280,0,0
279.6968817102375,288,125,0,0
279.69942213111057,6,251,0,0
279.7021168546496,89,607,0,0
279.70487825782766,9,97,0,0
279.70816018899393,7945,247,1,0
279.7090718901487,5,283,0,0
280.06372356275455,32,699,0,0
280.1069962146437,244,87,0,0
280.1133536353216,15,643,0,0
280.1134665439827,10,145,0,0
280.35956984034885,13,316,0,0
280.43656494999107,8,33,0,0
280.4579699501225,137,714,0,0
280.5259349602274,200,161,1,0
280.53028505751774,8,181,0,0
280.5892611804694,135,64,0,0
280.59493307587155,69,239,0,0
280.63559722630833,884,171,0,0
280.64786620395614,8,635,0,0
280.6491271803603,14,198,0,0
280.6511284448509,30,220,0,0
280.78827882970535,54,155,0,0
280.9053933837495,46,45,0,0
280.91687028343534,265,438,0,0
280.92098678906757,7968,224,1,0
280.92770589125473,9,160,0,1
280.9622607401078,7,427,0,0
280.96335341885714,37,52,0,0
281.07242259688013,61,65,0,0
281.0757043804879,360,234,1,0
281.077481678737,9,97,0,0
281.0928355934506,429,238,0,0
281.79582514227013,96,89,0,0
281.7999339975224,952,598,0,0
281.8076942349175,18,161,0,0
281.8093418836412,635,768,0,0
281.83606489890815,20,133,0,0
281.8640144202303,422,386,0,0
281.87998398296367,36,29,0,0
281.8875641695208,16,188,0,0
281.9211862261339,24,254,0,0
282.00010370473217,19,93,0,0
282.0068291234857,26,470,0,0
282.0167503404392,153,141,0,0
282.02131570743137,27,74,0,0
282.02667204973096,18,336,0,0
282.1953810864966,2043,135,0,0
282.1975876995952,49,570,0,0
282.22002808523854,7,116,0,0
282.3415269087367,15,127,0,0
282.34733318018414,39,67,0,0
282.39618660852994,41,88,0,0
282.4628933488837,139,713,0,0
282.46377926804786,507,113,0,0
282.56932459546925,80,224,1,0
282.5714289729155,13,274,0,0
282.5910797182164,15,117,0,0
282.5918365056033,184,604,0,0
282.5924669804749,9,316,0,0
282.6017712182702,20,529,0,0
282.97120953360957,18,359,0,0
285.36532779614737,47,316,0,0
288.8698361294595,540,23,1,0
289.1003824294837,6,41,0,0
289.26633623294947,14,364,0,0
289.3399118846227,41,272,0,0
289.40088375187526,4,259,0,0
289.4089288634058,207,232,0,0
289.41566315638767,15,369,0,0
289.4540291711934,17,524,0,0
289.4959909778125,9,87,0,0
289.5008968920363,37,511,0,0
289.5024811657055,36,67,0,0
289.50640185628106,161,668,0,0
302.0714324350657,91,125,0,0
302.07560477716646,9,39,0,0
302.370476511261,1170,2830,1,1
302.55996117561733,97,253,0,0
302.70273509374084,7,581,0,0
302.70777349607573,33,308,0,0
303.63898631783144,11,212,0,0
303.66946797812693,13,181,0,0
303.6746630766926,21,351,0,0
303.67877950831354,462,343,0,0
303.69164024554846,7,329,0,0
304.82672638536826,146,234,0,0
304.8280302452234,16,517,0,0
304.8324775039131,1590,251,1,0
304.84980394863607,67,499,0,0
304.89465846522774,920,163,1,0
304.8966910832701,21,110,0,0
304.89902618830394,12,654,0,0
304.9045771108431,5,29,0,0
304.9676480667749,85,362,0,0
304.97952520731366,14,332,0,0
304.9900830545372,11,368,0,0
305.0145800954461,114,39,0,0
305.0352136831202,29,455,0,0
305.14338463274237,66,244,0,0
305.14725859006563,18,65,0,0
305.16389613190535,18,172,0,0
305.1684937279965,62,314,0,0
305.238515922689,45,312,0,0
305.32389639777443,96,259,0,0
305.33415105319466,224,421,0,0
305.508225300569,30,198,0,0
305.5196532488653,29,122,0,0
305.78834285739214,83,468,0,0
305.79612465719487,14,444,0,0
305.80312554390827,24,339,0,0
305.8040016697041,7,1040,0,1
305.80624203510797,2527,309,0,0
305.81400056563353,131,920,0,1
305.8142493648736,7,70,0,0
305.8301805589324,373,768,0,0
305.92086940256456,119,1240,0,1
305.9693279849115,21,416,0,0
305.9938018773547,40,420,0,0
306.0569007178964,2945,347,0,0
306.06228164139213,38,393,0,0
306.0687082181345,27,317,0,0
306.15612706484677,28,30,0,0
306.1687956276629,12,648,0,0
306.2879150240803,14,362,0,0
306.29436194225235,27,284,0,0
306.35862519232853,37,125,0,0
306.5553746004259,9,28,0,0
306.5694953985085,42,41,0,0
307.0594198809072,8,90,0,0
307.43316598507545,521,473,0,0
307.4333017038228,15,292,0,0
310.7194276730867,1020,121,0,0
310.72010339618754,874,388,0,0
312.98275635379235,367,583,0,0
312.9855907189572,2861,522,0,0
312.9858399879732,95,169,0,0
312.98696700669433,1847,346,0,0
313.028845679547,89,3060,0,1
313.0310473545633,10,130,0,0
313.0364115371431,12,465,0,0
313.22278555355325,27,101,0,0
313.2250111913283,16,264,0,0
313.26951218574305,62,4330,0,1
313.4798794013017,1074,133,0,0
313.4802914852837,36,767,0,0
313.4818917561898,94,287,0,0
313.507567567745,190,231,1,0
313.52404374483854,32,600,0,0
313.55363582996046,53,571,0,0
313.5539406814246,112,610,0,1
313.55703010855353,6,390,0,0
313.5940253148856,170,135,0,0
313.6487223531413,23,638,0,0
313.8621044644673,24,613,0,0
313.86996011766337,929,466,0,0
313.87393801058386,118,306,0,0
313.8763474640749,13,87,0,0
313.87899452837564,119,5,0,0
313.87927670228225,110,230,0,0
314.37494249865426,16,322,0,0
314.3817972034962,1538,355,0,0
314.3858284046502,22,298,0,0
314.39044286860616,287,769,0,0
314.4402905233243,116,21,0,0
314.46023596268446,8,473,0,0
314.4636216721911,55,320,0,0
314.5837510324159,4,240,0,0
314.6110040186087,56,69,0,0
314.6218900980191,352,151,0,0
314.6376092897231,18,74,0,0
314.80567456883983,28,320,0,0
314.8697867207993,9,193,0,0
314.8827915590549,732,418,0,0
315.00845021276854,28,30,0,0
315.0086579611549,186,282,0,0
315.0746169361896,15,272,0,0
315.07752010819536,193,120,0,0
315.08199707596384,14,96,0,0
315.091712027583,4596,47,0,0
315.76169745549913,24,124,0,0
315.7730370476908,11,358,0,0
315.78484641852435,97,211,0,0
315.8368409665877,57,186,0,0
315.83712289114914,1480,123,1,0
315.8470219634435,2874,159,0,0
315.90903668837285,60,128,1,0
315.9111805918116,23,177,0,0
315.9615930219358,216,83,0,0
315.96504080690744,6,265,0,0
315.9658167392119,23,257,0,0
316.0585029667751,73,303,0,0
316.07718437759536,28,320,0,0
316.1502943444156,460,45,1,0
316.1731009086872,488,661,0,0
316.1749878926446,6,90,0,0
316.2997030023716,640,93,0,0
316.3381781172091,296,143,0,0
316.37634338217606,22,282,0,0
316.38410219150205,1231,370,0,0
316.38598275666334,105,420,0,0
316.69056505222284,115,372,0,0
316.7752124598741,16,301,0,0
316.8008230203201,16,331,0,0
316.8062704424559,593,47,0,0
317.06641111022896,16,258,0,0
317.0697298728035,7,547,0,0
317.07363483090535,257,285,0,0
318.36185590540305,209,480,0,0
318.4229898822354,25,272,0,0
318.53702413594067,3532,172,0,0
318.61371591218835,7,300,0,0
319.8618920640798,334,71,0,0
319.90340711222996,98,29,0,0
319.9538418574325,14,76,0,0
319.95709864905075,10,172,0,0
319.9774063916608,12,59,0,0
319.9782857285968,15,205,0,0
319.9869654122344,11,442,0,0
320.0047957855838,92,163,0,0
320.08254358498857,12,363,0,0
320.35823215459675,60,289,0,0
320.3629431363151,402,571,0,0
320.36510638874574,27,56,0,0
320.3966385606308,399,381,0,0
320.3998463564485,10,62,0,0
320.939625288685,30,1020,0,1
321.166836422334,47,4330,0,1
321.1694261465165,83,52,0,0
321.1980216110746,188,2000,0,1
321.43458162101706,17,352,0,0
321.4375264730072,1120,10,1,0
321.44443211841383,8,321,0,0
321.46008757297415,29,333,0,0
321.7366409383876,9,114,0,0
321.7832114905191,13,700,0,0
321.7944064632115,398,278,0,0
321.82891892613577,4,186,0,0
321.84833854070786,41,326,0,0
321.8737921399431,6,52,0,0
321.9201020257717,95,17,0,0
321.9485886028001,14,3670,0,1
322.0133419454879,102,670,0,0
322.03125959134604,114,730,0,0
322.0412548806511,78,460,0,0
322.05073989521804,45,149,0,0
322.05145854049994,64,249,0,0
322.0579675009914,16,560,0,0
322.6604095384923,15,228,0,0
322.6755474433845,11,159,0,0
322.7224188535433,48,53,0,0
322.814667016116,78,433,0,0
322.8209834406952,168,187,0,0
322.82938810602667,1093,331,0,0
322.8753460456531,3770,335,1,0
322.87793573332135,87,431,0,0
322.9754299915004,4,186,0,0
323.0380915143706,6,312,0,0
323.06407035953214,14,153,0,0
323.0909085629438,29,570,0,0
323.16043020396916,4,95,0,0
323.18052237777954,64,69,0,0
323.18063850608775,762,1380,0,1
323.2258133446559,33,309,0,0
323.22836703590116,210,412,0,0
323.23453453319803,1291,434,0,0
323.2416785406377,394,702,0,0
323.24890592353876,82,565,0,0
323.24950589707163,30,323,0,0
323.2498892276047,74,518,0,0
323.26436802513814,49,718,0,0
323.2829663873534,72,767,0,0
323.32261357964876,11,344,0,0
323.3240026309745,7,223,0,0
323.33352905170017,56,138,0,0
323.4175564073096,69,767,0,0
323.4260429767789,9,147,0,0
323.4315813478106,34,230,0,0
324.4370394952683,180,531,1,0
324.43770022676716,14,164,0,0
324.4413446373126,132,173,0,0
324.44338104435695,15,298,0,0
324.4500500489421,15,118,0,0
334.17630530517124,20,340,0,0
334.17860202198415,10,194,0,0
334.1891031641728,22,255,0,0
334.19534954546396,53,73,0,0
334.1992967438642,739,222,0,0
334.2943699900732,49,356,0,0
334.3018402963607,11,295,0,0
334.45983448495394,5584,308,0,0
334.7768695927377,552,6740,0,1
334.78409632426275,10,194,0,0
335.0994575452722,123,194,0,0
335.1012674711421,59,278,0,0
335.13885221538396,171,767,0,0
335.29302973830613,603,741,0,0
335.29562239382494,469,550,0,1
335.313409422732,46,365,0,0
335.36600518112056,10,327,0,0
335.43054942711353,399,5200,0,1
335.47126480245777,62,313,0,0
336.5570150035216,791,340,0,0
336.5724502428669,9,273,0,0
336.79941028264005,52,66,0,0
338.2254043029703,69,3220,0,1
338.2314579431633,13,250,0,0
338.2404307680596,1304,194,0,0
338.2430621158695,101,167,0,0
338.32881394126724,16,587,0,0
338.680624214727,460,172,0,0
338.6812645386794,13,286,0,0
338.68454655829595,6,284,0,0
338.69069242713346,11,6330,0,1
340.4635691952708,29,771,0,0
340.47359822737195,54,445,0,0
340.5187694759869,320,237,1,0
340.5206767268802,21,228,0,0
340.6420666386099,12,132,0,0
340.64467930315755,21,89,0,0
340.6632549178208,14,322,0,0
340.66595986808846,27,543,0,0
340.68367433197847,94,503,0,0
340.6995746715205,43,43,0,0
340.7329033495455,430,264,0,0
340.76533881097913,8,203,0,0
341.55256929825003,682,142,0,0
341.55752044298083,252,767,0,0
341.86182184053126,2651,79,0,0
341.9022259486919,16,237,0,0
341.91737531078013,481,6720,0,1
341.95715961496643,1821,13,0,0
341.9930370702661,37,291,0,0
342.1102466700498,107,330,0,0
342.2197175250834,592,3180,0,1
342.29334641415744,555,476,0,0
342.3299791232391,20,144,0,0
342.33090319952265,29,2570,0,1
342.4506973747116,91,33,0,0
342.6514740757642,11,21,0,0
342.69775180787593,217,444,0,0
342.73800129995266,16,256,0,0
342.7421041456104,29,2160,0,1
342.78028075251666,10,119,0,0
342.90292656713723,22,3110,0,1
342.90454309415765,9,148,0,0
342.9131607506532,57,100,0,0
342.92073318743013,336,577,0,0
343.17460894102754,327,259,0,0
343.1833395576952,9,327,0,0
343.1839199626564,2400,99,0,0
343.21207603127135,188,356,0,0
343.5006172360546,8,591,0,0
343.5156549679553,10,377,0,0
343.5243417314299,9,524,0,0
343.5559375598565,8,50,0,0
344.1468958284107,510,132,0,0
344.15922045338124,151,490,0,0
344.1714428198565,11,103,0,0
344.21835431009583,68,451,0,0
344.2227521009846,13,222,0,0
344.2234624283366,18,345,0,0
344.2510081821937,17,344,0,0
344.2610227576011,530,460,1,0
344.3028565668825,787,52,0,0
344.3296651070994,97,234,0,0
344.38803252654697,23,303,0,0
344.39042877975396,7,549,0,0
344.4292978238929,17,216,0,0
344.4326453532431,14,301,0,0
344.47357495206114,27,395,0,0
344.4822187895077,8,86,0,0
345.04976451438466,14,81,0,0
345.05324905160035,4,460,0,1
345.0534746147815,7,71,0,0
345.0792893809706,27,5370,0,1
345.08731133757584,2664,73,0,0
345.0905104953225,39,569,0,0
345.12073943840306,64,357,0,0
345.63313550345276,3200,130,1,0
345.64731348155266,50,194,1,0
345.6521840430402,35,128,0,0
345.9730607367455,183,494,0,0
346.1522944464867,8,208,0,0
346.17203802135776,532,541,0,0
346.1784969871202,11,255,0,0
346.256159170069,478,569,0,0
346.2608985299145,20,646,0,0
346.26627355771456,16,89,0,0
346.2699495095094,129,660,0,0
346.3230157999624,6,4810,0,1
346.682626241828,208,379,0,0
346.70315625942345,139,713,0,0
347.30587816464265,300,423,1,0
347.30625022472657,32,540,0,0
347.3232260592149,570,282,1,0
347.32383602256954,45,357,0,0
347.4272719346468,430,204,0,0
347.65020413591606,26,359,0,0
347.6507195489737,65,443,0,0
347.6545342245257,500,437,0,0
347.67369630004083,11,311,0,0
347.6745878972605,74,373,0,0
347.6775277857215,28,170,0,0
347.6797624886743,16,193,0,0
347.6980728141585,418,342,0,0
347.7015881503981,19,573,0,0
347.7031805246682,31,470,0,0
347.7062807610642,13,291,0,0
347.71807535542666,36,290,0,0
347.7348928698914,6,37,0,0
347.74469181974143,388,325,0,0
347.8984406846853,27,785,0,0
347.90532643354976,1405,22,0,0
347.9225561655664,9,16,0,0
347.9687641185622,34,507,0,0
347.97595740981546,81,265,0,0
348.17408011671614,23,17,0,0
348.23906330844954,18,295,0,0
348.3075625598643,1136,204,0,0
348.3101576798448,53,25,0,0
348.3214014538605,364,134,0,0
348.3663352513933,19,156,0,0
348.484117884326,14,233,0,0
348.48852751595086,45,180,0,0
348.4940387751891,8,350,0,0
348.49518265577757,59,476,0,0
348.4959897982619,17,465,0,0
348.62637166744366,1047,615,0,0
348.64163950202936,34,277,0,0
348.68767416867666,8,159,0,0
348.82010274930144,23,482,0,0
348.83538050122206,28,508,0,0
348.8556153567937,130,464,0,0
348.8577696898932,29,27,0,0
348.8628314037851,11,243,0,0
348.90099810124553,44,235,0,0
349.15418015650664,23,3990,0,1
349.2775145180828,37,1110,0,1
349.2818951489572,8,15,0,0
349.2856895007501,502,167,0,0
349.35256166205596,604,127,0,0
349.3965323562442,9,293,0,0
349.44630428348916,42,770,0,0
349.475225386156,18,433,0,0
349.68622753797564,143,52,0,0
349.71659504434206,23,26,0,0
350.0162152356572,369,21,0,0
350.06804768495823,881,43,0,0
350.0869589460616,16,1740,0,1
350.08903739062805,7,275,0,0
350.12340252559363,330,767,0,0
350.22903146385005,12,244,0,0
350.25531131434803,2651,810,0,1
350.2581257482623,232,185,0,0
350.25862985831526,11,189,0,0
350.26939890577097,14,595,0,0
350.84382984028554,11,577,0,0
350.845944573872,174,77,0,0
350.8534578813993,633,273,0,0
350.8793197288731,16,244,0,0
351.0011774772579,10,410,0,0
351.00396803187425,47,422,0,0
351.0242486424546,22,85,0,0
351.0573237490821,46,110,0,0
351.0592420268248,5,118,0,0
351.10029415577264,12,738,0,0
351.10283373423687,17,60,0,0
351.1286867791087,18,2170,0,1
351.19143788145425,8,197,0,0
351.2135257049808,16,525,0,0
351.2152000452155,19,117,0,0
351.28670294207245,15,607,0,0
351.362229895485,92,122,0,0
351.3873203226964,19,26,0,0
351.4787970449799,480,429,1,0
351.4864868623898,12,94,0,0
351.49023528931644,86,710,0,0
351.5033949532347,16,252,0,0
351.55090829503064,40,293,0,0
351.65620387646146,19,370,0,0
351.6610671387125,26,670,0,0
351.6892469784656,90,259,0,0
351.7148459579182,98,175,0,0
351.7220347016514,50,3630,0,1
351.7224058241493,609,206,0,0
351.7230769929237,218,760,0,0
351.8351698153582,137,160,0,0
351.836128023826,34,128,0,0
351.83667947273375,39,834,0,0
351.8377537546681,65,350,0,0
351.84681323391084,19,318,0,0
352.05664327063545,17,315,0,0
352.0924612951934,3035,357,0,0
352.0993330333149,43,285,0,0
352.10876291359045,7,308,0,0
352.1490819978097,10,382,0,0
352.16814837180596,14,105,0,0
352.16872568800807,96,104,0,0
352.35255886547185,13,62,0,0
352.4556542665398,29,388,0,0
352.45787376289684,28,362,0,0
352.4689675236258,630,24,0,0
352.5099957398007,9,185,0,0
352.54050313593325,9,172,0,0
352.54985250609707,62,42,0,0
352.570480734677,107,231,0,0
353.17403854376295,532,329,0,0
353.18415707537434,11,99,0,0
353.30695591470163,23,581,0,0
353.33711324176153,15,281,0,0
353.3391111555235,20,137,0,0
353.4040670789712,2562,2020,0,1
353.4416745001854,23,155,0,0
353.62375834194034,8,190,0,0
354.0499479964225,89,383,0,0
354.1997598662543,796,768,0,0
354.236117689367,196,179,0,0
354.2915902582128,10,349,0,0
354.3924576232592,38,487,0,0
354.3966380784966,100,132,0,0
354.3994790505584,124,363,0,0
354.48824292049864,247,171,0,0
354.4905053453353,257,386,0,0
354.50199452187775,8,123,0,0
355.1278424003593,101,2410,0,1
355.2428299415666,688,205,0,0
355.46086503499106,87,295,0,0
355.4791046043587,432,4,0,0
355.6613736764059,5,309,0,0
355.6652313079239,12,58,0,0
355.6693040423333,37,345,0,0
355.6830968397212,4,118,0,0
355.6880078944315,4,10,0,0
355.921048806161,14,273,0,0
355.9348140940968,10,290,0,0
355.93676543399624,22,204,0,0
356.0421442551992,21,415,0,0
356.1169359766747,280,183,1,0
356.3016688464138,20,18,0,0
356.3035295048491,113,149,0,0
356.30705428787286,18,699,0,0
356.3072855801023,135,294,0,0
356.3449564596462,67,172,0,0
356.36040859308946,13,603,0,0
356.3663443648949,18,512,0,0
356.6076618298055,51,258,0,0
356.6117229138745,8,187,0,0
356.61832741395676,35,519,0,0
356.62148000042,85,249,0,0
356.6238452370597,848,480,0,0
356.6393130079089,43,299,0,0
356.6509742985756,7,117,0,0
356.65928558079054,1405,505,0,0
356.6611796549421,182,504,0,0
356.6623768545838,5,767,0,0
356.66733377151246,8,166,0,0
356.68131835423696,1212,759,0,0
356.68421489395564,135,361,0,0
356.69100796379547,23,357,0,0
356.6988318321788,609,365,0,0
356.70133975431725,9,266,0,0
356.7021763906176,173,464,0,0
356.7137040038915,62,767,0,0
357.05294432263554,57,436,0,0
357.0929230472423,95,375,0,0
357.10553378793026,63,410,0,0
357.109645701547,10,433,0,0
357.1143126746984,5,138,0,0
357.2435293385415,390,271,0,0
357.24532723682836,7,132,0,0
357.78736274153647,8,90,0,0
357.8066494993808,23,325,0,0
357.83917745338334,14,222,0,0
357.8483894077886,11,389,0,0
357.9683543502983,16,205,0,0
358.08413649505655,99,549,0,0
358.0886911449431,309,244,0,0
358.7627982293679,625,31,0,0
358.79079431566146,377,124,0,0
358.7918633100275,37,389,0,0
358.8428917915324,18,288,0,0
358.87979519563044,3637,377,0,0
358.9080938689383,42,327,0,0
359.0149413460816,5,126,0,0
359.18058654420275,26,336,0,0
359.1825553012013,11,23,0,0
359.19582625534235,32,390,0,0
359.2107773506011,23,151,0,0
359.2322525790927,186,461,0,0
359.23285571065736,1088,67,0,0
359.26509346037375,70,117,0,0
359.28734424862006,6,12,0,0
360.1231253304578,20,70,0,0
360.1268829250412,13,225,0,0
360.1345013823547,2556,67,0,0
360.1818395072827,19,60,0,1
360.20116301189654,91,438,0,0
360.3102050979892,13,194,0,0
360.51996210407236,2701,766,0,0
360.5234638571066,230,269,1,0
360.54777885030694,985,129,0,0
360.61785891886683,41,428,0,0
360.6223993861677,1098,278,0,0
362.16197727148045,28,87,0,0
362.1974296788554,8,245,0,0
362.2245869208948,29,368,0,0
362.2255974295738,82,439,0,0
362.2307899474939,33,150,0,0
362.2311863691627,26,605,0,0
362.30332544543495,14,233,0,0
362.3073869698094,14,287,0,0
362.3293217856495,410,42,1,0
362.36881020556615,480,234,1,0
362.3963869465253,10,169,0,0
362.40478407309445,9,333,0,0
362.484341226929,5,253,0,0
362.4864091584823,14,395,0,0
362.48687660875,16,42,0,0
362.48788307108896,581,818,0,0
362.5658681847181,315,515,0,0
362.84510996133974,13,312,0,0
362.8498202808225,109,527,0,0
362.8557827892844,100,870,0,1
362.89366678251366,10,1120,0,1
362.894906635422,11,119,0,0
362.90121412218645,19,265,0,0
362.90220960036464,12,50,0,0
362.9205859856589,21,328,0,0
362.92063868144936,66,158,0,0
362.9214564001837,11,454,0,0
362.921971874442,8,308,0,0
362.9355634473508,16,461,0,0
362.9757791522806,1174,81,0,0
362.9902163629119,11,45,0,0
363.8765143086053,15,444,0,0
363.8932338126719,190,2900,1,1
363.89558003607783,1940,710,1,1
363.9018075049524,7,285,0,0
363.9592035294119,1704,24,0,0
363.9973636190694,1009,3830,0,1
365.0764182677739,75,53,0,0
365.0997277647977,1125,767,0,0
365.1022084643196,196,420,0,0
365.1040301557427,7,616,0,0
365.180082732447,6,85,0,0
365.1801475417223,13,371,0,0
365.2141165251385,428,760,0,0
365.2969559206743,707,258,0,0
365.3034847261839,25,365,0,0
365.32892561240715,779,328,0,0
365.5365093662328,22,257,0,0
365.8342661880333,9,252,0,0
366.0773500252623,55,194,0,0
366.1887683245776,150,643,1,0
366.2004495930803,4,62,0,0
366.2019931134052,10,368,0,0
366.2022415115995,22,235,0,0
366.7425983368706,14,283,0,0
366.8682622134091,41,144,0,0
366.869556452049,7,17,0,0
367.01029727354717,17,22,0,0
367.0172035746496,42,256,0,0
367.02299332468874,174,18,0,0
367.02446900928976,67,328,0,0
367.9966834016741,43,124,0,0
367.997752441894,114,730,0,0
367.9994756386712,129,339,0,0
368.0641612691357,69,606,0,0
368.1483481722192,250,192,1,0
368.1943355708854,732,205,0,0
368.19645722550723,34,111,0,0
368.20742128406204,19,365,0,0
368.2103692009066,58,129,0,0
368.2165143966386,20,205,0,0
368.81666432416415,15,122,0,0
368.845558504935,106,552,0,0
368.9257424522441,23,172,0,0
368.9285193615177,20,95,0,0
368.9342367717351,15,309,0,0
368.97527870475943,5,72,0,0
369.16072100602327,5,196,0,0
369.17311407989246,1896,13,0,0
369.5066328918726,260,236,0,0
371.5229973420898,9,214,0,0
371.5234810588341,6,776,0,0
371.54087025743416,185,268,0,0
371.6045737980723,870,558,1,0
371.61567096396334,16,333,0,0
372.09278367432785,25,175,0,0
372.11455302767826,12,177,0,0
372.1483402676841,30,508,0,0
372.14905358978797,5,280,0,0
372.27261092919974,12,32,0,0
372.2815104874727,14,153,0,0
372.32208487092714,24,335,0,0
372.33207995908094,64,193,0,0
372.33631071113695,11,2060,0,1
372.3482424497812,63,6,0,0
372.34957065860243,12,372,0,0
372.3597241877373,35,767,0,0
372.51049515309745,11,101,0,0
372.6199972145306,1088,64,0,0
372.62240630879745,4,98,0,0
372.70948355037325,1949,12,0,0
372.7171403608361,20,234,0,0
372.721693717029,15,221,0,0
372.7752388838484,56,57,0,0
372.84384993637536,174,209,0,0
372.8485601248493,27,690,0,0
372.9546781214123,333,142,0,0
372.9708216597285,1382,68,0,0
374.17452567641067,334,472,0,0
374.1753792391693,302,335,0,0
374.1857325666423,11,3510,0,1
374.19514934567883,1579,748,0,0
374.19820848603547,40,615,0,0
374.19931693263845,28,411,0,0
374.3927951182946,12,774,0,0
374.4224609630314,154,133,0,0
374.4235296300693,10,187,0,0
374.4290998024591,17,134,0,0
374.436898415012,480,674,1,0
374.46899575643005,40,475,0,0
374.4713427625583,9,322,0,0
374.7927233961001,36,547,0,0
374.8103305257111,24,308,0,0
375.1050498987358,97,374,0,0
375.1561404979306,1130,17,1,0
375.166344103352,21,6180,0,1
375.17867110119374,36,509,0,0
375.21709046733986,12,200,0,0
375.2413223325013,18,84,0,0
375.271080463504,9,103,0,0
375.35293327769097,191,29,0,0
375.55944479391223,20,313,0,0
375.5617925627775,31,137,0,0
375.5624780856743,638,123,0,0
375.5653291617372,8,200,0,0
375.7693917113897,27,645,0,0
375.7816126485454,340,700,0,0
375.7866450271205,31,342,0,0
375.8222216097707,81,173,0,0
375.8986262635194,32,483,0,0
375.9005385509209,101,374,0,0
375.90301626628303,225,126,0,0
375.91913457800945,34,522,0,0
375.9334058007878,361,486,0,0
375.93743210783504,34,244,0,0
377.54578957347627,14,27,0,0
377.75492734290225,5,604,0,0
377.7678178938418,40,5530,0,1
377.83490476949106,8,371,0,0
377.8364978139236,180,331,0,0
377.94918481548626,15,233,0,0
377.96126136993746,1631,85,0,0
377.96560665376336,7,317,0,0
377.96675842371747,44,451,0,0
378.05814955257733,23,33,0,0
378.0785091262219,92,171,0,0
378.0840070599648,4,525,0,0
378.2153750589142,10,177,0,0
378.2260037096925,7,294,0,0
378.2556263104724,37,620,0,0
378.262404199926,21,398,0,0
378.3022976945466,314,193,0,0
378.30403730881693,11,271,0,0
378.3118029744844,24,35,0,0
378.3311364937201,12,112,0,0
378.33450754186816,23,213,0,0
378.3403039821382,12,122,0,0
378.413506705219,24,187,0,0
378.4201193980182,13,342,0,0
378.5627506667037,53,156,0,0
378.6032944721158,10,226,0,0
378.6215958866785,177,293,0,0
378.6224912433732,8,18,0,0
378.9748421783811,178,767,0,0
379.30182861077395,547,468,0,0
379.3339247985796,21,314,0,0
379.3576540716065,115,648,0,0
379.3783382935751,80,130,1,0
379.38624099722034,188,81,0,0
379.39720555182345,36,217,0,0
379.4376317147731,131,263,0,0
379.43853744114443,24,406,0,0
379.4550218491278,12,2480,0,1
379.49578336828364,70,59,0,0
379.4963256957932,121,257,0,0
379.5010930956215,390,242,1,0
379.50188787608175,22,118,0,0
379.5028842721997,8,194,0,0
379.5545217731773,1016,87,0,0
379.5561532916437,67,66,0,0
382.73678858205636,110,137,0,0
382.7482713343991,49,224,0,0
382.7514766684429,5130,209,1,0
382.7607555498338,14,226,0,0
382.776580162835,14,3120,0,1
382.805747106851,18,68,0,0
382.8363666195723,1031,588,0,0
382.86627695229055,332,107,0,0
383.0082689326586,880,756,1,0
383.18553722035654,10,237,0,0
383.20458703266377,24,326,0,0
383.2393833984118,6,167,0,0
383.24317295961833,5,36,0,0
383.248195423391,51,705,0,0
383.25611657045505,13,171,0,0
383.5014634223059,210,254,0,0
383.5056325917694,185,297,0,0
383.53089454903244,41,334,0,0
383.55268231356825,18,108,0,0
383.63615305156276,10,151,0,0
383.6413663256791,1058,149,0,0
383.6493218073143,12,240,0,0
383.7982133264594,31,357,0,0
383.8273768308322,1225,6,0,0
383.8334906946298,19,8,0,0
384.0172527243368,164,161,0,0
384.03985584546933,14,232,0,0
384.04635580535813,438,99,0,0
384.1584983559362,77,211,0,0
384.7737822081789,83,320,0,0
384.7820174190736,56,456,0,0
384.7845614024603,44,171,0,0
384.784730100258,1485,255,0,0
385.47998839137557,110,379,1,0
385.48626229072113,45,383,0,0
385.4962887759711,46,164,0,0
385.4988105902644,6,41,0,0
385.5116557170663,11,251,0,0
385.5139434542334,30,409,0,0
385.89618030175563,21,331,0,0
385.9703227256739,50,29,0,0
385.976678002481,5,769,0,0
385.9783137166166,5,91,0,0
386.03792420618197,8,322,0,0
386.0414363158025,54,256,0,0
386.27827513276293,10,334,0,0
386.3110691943218,72,375,0,0
386.3284844179857,6,259,0,0
386.33022947679706,11,196,0,0
386.3608507349282,3178,733,0,0
386.3622080128537,1822,107,0,0
386.5508390924476,9,18,0,0
386.55121259798415,103,67,0,0
386.5604203034748,9,311,0,0
388.6240862264855,66,347,0,0
388.6310621939712,42,400,0,0
388.7121112224326,240,382,0,0
388.86731227390663,33,351,0,0
388.90572804101,18,522,0,0
388.920607869507,49,224,0,0
389.06885692792014,19,227,0,0
389.2298341105298,7,113,0,0
389.2362789841357,2165,47,0,0
389.69024552490407,151,695,0,0
389.9578106861336,16,545,0,0
389.9604822934396,33,354,0,0
390.01709966591085,127,437,0,0
390.07923528056864,12,237,0,0
390.1069540373263,5,261,0,0
390.11296757676496,14,50,0,0
390.1148544774474,62,92,0,0
390.17068655112354,43,27,0,0
390.1715514079099,11,494,0,0
390.17820220265423,13,183,0,0
390.1786415423511,7,282,0,0
390.18373835405976,40,45,0,0
390.2121324887163,1933,268,0,0
390.21336321517464,40,767,0,0
390.31032563737887,1430,22,0,0
390.4433065828845,205,49,0,0
390.4911754626386,12,218,0,0
390.56829216041564,64,346,0,0
390.9547673132076,97,289,0,0
391.04732081132454,6,41,0,0
391.04805617810104,1610,34,0,0
391.0636903519428,108,695,0,0
391.0677017679509,251,94,0,0
391.09014886408283,19,403,0,0
391.090899178481,955,96,0,0
391.11463436351215,29,82,0,0
391.12734829851087,12,282,0,0
391.18859243551077,19,393,0,0
391.19174029560514,5,224,0,0
391.2042783362614,39,8,0,0
391.2045984393199,35,163,0,0
391.21975956406027,22,737,0,0
391.2386304289511,655,477,0,0
391.2401052053866,19,265,0,0
391.26066258183755,1100,663,0,0
391.2620179969566,8,140,0,0
391.3133400626737,160,470,0,0
391.317292693672,79,619,0,0
391.3260027157944,130,450,1,0
391.8477998366527,817,340,0,0
391.90911126653987,11,291,0,0
392.3123189369229,53,381,0,0
392.4669904477414,163,270,0,0
392.4837619510265,3340,754,1,0
392.93089638449516,79,160,0,0
392.96630495024453,179,209,0,0
392.9867927491544,943,687,0,0
392.9956571921117,17,172,0,0
392.99767444283106,34,252,0,0
393.05988645520046,627,102,0,0
393.0735896927944,59,37,0,0
393.1255718704621,11,271,0,0
393.14292085325724,21,314,0,0
393.21544218980256,10,7530,0,1
393.2223462957208,80,472,0,0
393.2585321796787,12,98,0,0
393.4256942080652,25,192,0,0
393.718977020793,35,525,0,0
393.7422466108913,13,269,0,0
393.7459550061658,86,333,0,0
394.18840684622245,21,388,0,0
394.4668143249877,23,295,0,0
394.47371552233676,50,313,0,0
394.80360931455374,105,946,0,0
394.8780705277162,6,248,0,0
394.88241732627034,341,730,0,0
394.91738316649736,37,271,0,0
394.91974354523074,3436,338,0,0
394.93268731183605,719,58,0,0
394.94498056045296,277,767,0,0
394.96846617397085,30,260,0,0
395.20205319571477,360,448,0,0
395.2035464316646,9,21,0,0
395.203610278566,1925,148,0,0
395.3067664447949,47,422,0,0
395.3215120667382,7,250,0,0
395.4879233220536,59,290,0,0
395.6273753986457,11,210,0,0
396.32590928692,14,167,0,0
396.32644631667154,262,202,0,0
396.8871343062603,327,478,0,0
396.9114392266405,8,382,0,0
396.9215251011489,6,432,0,0
397.5008313758007,20,344,0,0
397.804629411556,223,174,0,0
397.8063974124756,8,318,0,0
397.8142059994659,9,80,0,0
398.27662213678195,14,323,0,0
398.2783362645824,382,463,0,0
398.3351812339455,100,398,0,0
398.4106398697379,62,254,0,0
398.4298958386733,12,199,0,0
398.4397262619013,75,360,0,1
398.57383165164936,27,312,0,0
398.59179840083317,24,93,0,0
398.59577861851864,70,769,0,0
398.6905481192931,14,192,0,0
398.6919573367404,38,54,0,0
398.7029196512135,476,297,0,0
398.7677971858942,209,37,0,0
398.76945013720473,80,341,0,0
399.260550324304,3792,1760,0,1
399.3139931998666,75,189,0,0
399.33765844643244,211,241,0,0
399.341101334015,247,502,0,0
399.3798728827511,10,34,0,0
399.3934058685204,16,2060,0,1
399.4484770652524,72,328,0,0
399.4570460492112,613,590,0,0
399.501984942451,13,293,0,0
399.50331873286245,479,89,0,0
399.50451175942385,34,208,0,0
399.50969251576277,13,483,0,0
399.5101290350386,883,4,0,0
399.5233114742718,538,459,0,0
399.5472842512574,14,165,0,0
399.5480172128514,7,234,0,0
399.5616613633841,9,20,0,0
399.56700423483704,7,277,0,0
399.57185423761126,13,274,0,0
399.80247167862876,184,7,0,0
399.81134911911676,9,342,0,0
399.8285857265253,5,194,0,0
399.8341209590151,21,397,0,0
399.8407718565734,94,503,0,0
399.8550922668078,33,271,0,0
399.87434152113684,1293,169,0,0
399.88577874378143,45,71,0,0
400.03070850060794,12,278,0,0
400.0421233193668,20,414,0,0
400.0578262370097,59,94,0,0
400.6301063598125,24,14,0,0
400.6601365786352,17,6259,0,0
400.7619708459672,19,88,0,0
400.83928688112894,648,4330,0,1
400.848493686795,104,769,0,0
401.1111030489314,72,194,0,0
401.14490699583155,23,259,0,0
401.17266891509104,160,407,1,0
401.19754320257476,90,255,1,0
401.24204530143294,10,321,0,0
401.3485667735266,6,206,0,0
401.34888175555324,14,36,0,0
401.6525899009375,5,104,0,0
401.6529522296729,5,267,0,0
401.6547340952237,339,147,0,0
401.7246062900381,13,288,0,0
401.7386796476858,67,119,0,0
401.81535867574513,1190,229,0,0
401.8172393971204,26,232,0,0
401.8387530694071,264,149,0,0
401.90021030568647,12,211,0,0
401.90401499317124,63,278,0,0
401.9086934764537,298,498,0,0
401.9347101674682,261,205,0,0
401.9873770336807,165,703,0,0
401.9875202411792,279,766,0,0
401.9972866407184,1564,3320,0,1
402.0321033233934,126,453,0,0
402.3788154060994,65,239,0,0
402.3808933122796,70,165,0,0
402.40522148152274,7,217,0,0
402.40747529022445,99,233,0,0
402.41041165335764,9,333,0,0
402.416001085773,35,390,0,0
402.9292018137389,3954,567,0,0
402.98754683075924,22,634,0,0
403.122188452,11,496,0,0
403.138196427575,23,428,0,0
403.3146768507651,39,378,0,0
403.33671249125206,793,262,0,0
403.42605450825704,1681,10,0,0
403.42719527630635,65,328,0,0
403.4309253721066,9,65,0,0
403.5135689353062,17,356,0,0
405.104011937892,30,740,0,0
406.06947654740776,45,398,0,0
406.0723596725916,10,64,0,0
406.08718295644553,30,309,0,0
406.1000864813088,13,450,0,0
409.66569878776113,1175,425,0,0
409.6706873130657,9,378,0,0
409.7041187272268,23,514,0,0
409.93920864188533,92,203,0,0
410.02449099809434,15,219,0,0
410.0262187662339,334,449,0,0
411.19101607194887,11,369,0,0
411.1913300639874,159,265,0,0
411.2259242152772,137,135,0,0
411.2348880967759,215,351,0,0
411.23606559332626,49,630,0,0
411.24549843636805,426,105,0,0
411.2544276344241,10,148,0,0
411.2563361406614,20,413,0,0
411.26290696281814,3025,635,0,0
411.27535621165697,27,602,0,0
411.30207520299234,60,285,0,0
411.30231454196763,10,255,0,0
411.3086173368933,74,184,0,0
411.32966950350317,35,225,0,0
411.4733845329421,17,19,0,0
411.65345371654325,10,16,0,0
411.65399538696477,625,257,0,0
411.65958175937254,4300,790,1,0
411.69061845905196,45,41,0,0
411.77611489327285,1555,43,0,0
412.3869496953471,9,198,0,0
412.39716793244315,48,514,0,0
412.3987155091158,230,376,1,0
412.41996842018716,136,141,0,0
412.45209075988083,145,11,0,0
412.4573513909515,7,109,0,0
412.46039143586853,5,253,0,0
412.5270378421401,9,2200,0,1
412.5284559337449,500,268,1,0
412.5346284577268,2043,135,0,0
412.56969389371926,24,573,0,0
412.5962363182655,137,446,0,0
412.6181519238265,23,660,0,0
412.6210366577538,137,536,0,0
412.62105172318564,28,229,0,0
412.62424230211406,39,7670,0,1
412.692152388648,391,125,0,0
412.80297400615655,8,165,0,0
413.2210314967585,20,466,0,0
413.27546337697277,11,329,0,0
413.5977053746832,11,198,0,0
413.6148890377774,18,482,0,0
413.66079854074593,37,180,0,0
415.0063418951997,19,213,0,0
415.0111108329704,18,4940,0,1
415.01757157606465,72,457,0,0
415.23240244158495,95,278,0,0
415.3456634598502,1114,330,0,0
415.34635606958693,21,413,0,0
415.62549966112084,352,159,0,0
415.62977321378753,81,423,0,0
415.6346131589765,286,239,0,0
415.7913534446544,164,205,0,0
415.84468156715667,6,38,0,0
415.90407139414987,1490,768,0,0
416.2639729521256,10,167,0,0
416.4101565042232,400,372,0,0
416.4102725484824,19,396,0,0
416.4461810383119,36,192,0,0
416.5306658879384,689,126,0,0
416.55082903716027,2171,220,0,0
416.5626666500429,1003,346,0,0
416.5957267905087,77,435,0,0
416.6277901286361,4,79,0,0
416.64566168153635,24,356,0,0
416.6610749856798,1098,493,0,0
416.6633158549859,7,310,0,0
416.6876018769954,47,185,0,0
416.6922863389158,66,96,0,0
416.79264873504115,22,271,0,0
416.7993238035993,74,276,0,0
416.8078824856844,137,162,0,0
416.80925592361234,11,648,0,0
416.8201607828139,2400,382,1,0
416.8761407648437,122,193,0,0
416.8778910131572,6,120,0,0
417.05902261082133,48,47,0,0
417.08000617188407,28,317,0,0
417.0912760995804,13,214,0,0
417.16789074219196,27,83,0,0
417.20176744349874,18,22,0,0
417.20211781032276,80,790,0,0
417.3288542957546,139,507,0,0
417.38753764108975,29,457,0,0
417.4030586419774,5390,413,1,0
417.4030892186837,133,38,0,0
417.4030964593988,185,79,0,0
417.4035190988061,10,340,0,0
417.48718344075576,13,327,0,0
417.5989273744648,12,162,0,0
417.6191470751161,59,2990,0,1
417.63395651902465,102,77,0,0
417.63412646899883,19,272,0,0
417.6486095804798,282,507,0,0
417.65095336926754,120,552,1,0
417.6619659536372,310,128,1,0
417.66392704535195,49,599,0,0
417.7399735803883,13,447,0,0
417.74841892234986,18,227,0,0
417.78099670363866,51,507,0,0
417.79550926645027,14,111,0,0
417.7992567439691,22,111,0,0
417.8000174143339,663,176,0,0
417.80124524531954,70,118,1,0
417.80380092221503,57,635,0,0
417.8227819650549,40,309,0,0
418.73275606132995,12,738,0,0
418.7688563481704,28,350,0,1
418.7821506431464,57,651,0,0
418.88257055187313,335,173,0,0
418.88429167448356,27,513,0,0
418.9139506049003,46,388,0,0
418.9445001436752,920,123,1,0
418.9446924164162,10,290,0,0
418.97468181121013,25,44,0,0
418.9797518738349,166,68,0,0
418.99321152676697,15,212,0,0
419.00281633231253,2880,189,1,0
419.02447603391073,30,111,0,0
419.0279226013565,151,271,0,0
419.12238566987054,1891,142,0,0
419.2425142715363,27,586,0,0
419.24478683923155,113,237,0,0
419.27154749757113,237,7670,0,1
419.2820296229348,47,594,0,0
419.50645976763695,130,219,1,0
419.50994111500415,15,262,0,0
419.53219199025096,2213,251,0,0
419.54376171672186,12,116,0,0
419.5447075318101,675,714,0,0
419.69160471379024,23,399,0,0
419.72099125752413,20,614,0,0
419.72240586969536,16,281,0,0
419.8125171015071,167,385,0,0
419.9329348846914,139,562,0,0
419.9336718869857,13,251,0,0
419.9439118272937,12,56,0,0
419.953247749306,114,331,0,0
419.96410342311026,19,129,0,0
419.97764419069,23,264,0,0
419.98458616489273,17,259,0,0
419.985055150545,61,215,0,0
420.0024053131999,770,479,1,0
420.0035353377524,50,444,0,0
420.00840449925215,12,145,0,0
420.0538095596717,32,5310,0,1
420.7726074912653,174,319,0,0
421.05053689064067,25,120,0,0
421.0547936268885,54,143,0,0
421.0665298136786,491,246,0,0
421.35252920956015,25,427,0,0
421.4090792328307,41,246,0,0
421.5209794852995,420,161,0,0
421.52470195776135,13,346,0,0
421.58627099333887,9,380,0,0
421.662302680892,18,318,0,0
421.99558865297007,1823,229,0,0
422.7501742175498,60,415,0,0
422.75587634967906,1729,101,0,0
423.13312131501897,13,277,0,0
423.1459107282594,271,529,0,0
423.1723745689725,342,61,0,0
423.5835786736273,40,504,0,0
423.61846478042435,29,272,0,0
423.6877770519797,28,453,0,0
424.3577149154434,120,393,1,0
426.6258384004304,864,599,0,0
426.72378026431045,28,17,0,0
426.72690248616055,31,842,0,0
426.7611106703085,14,136,0,0
426.76825013632936,17,106,0,0
426.7784813037496,117,153,0,0
426.8218894716299,37,15,0,0
426.83371777257594,30,320,0,0
426.8533409952802,10,141,0,0
426.8686324854849,443,386,0,0
426.8820662858097,261,416,0,0
426.882460756788,154,398,0,0
426.8926592898856,849,267,0,0
426.90453430334725,29,122,0,0
427.2750503628295,22,278,0,0
427.3599574358687,57,173,0,0
427.3882535046566,28,352,0,0
427.3932840093205,30,367,0,0
427.43690452529006,103,408,0,0
427.437756829666,1032,514,0,0
427.49749120838385,21,768,0,0
427.50124750605295,64,193,0,0
427.5052824585082,3340,42,1,0
427.6649578568032,101,72,0,0
427.68103491114596,426,105,0,0
427.69261674225226,47,610,0,0
427.69405636290406,440,143,0,0
427.91959450704985,27,427,0,0
427.91968542326515,9,193,0,0
427.9617114836373,12,109,0,0
427.99022865743524,470,271,1,0
428.030469582688,65,426,0,0
428.0351570720043,162,278,0,0
428.03716958732775,12,98,0,0
428.6223062242391,42,1820,0,1
428.6651505490891,21,3620,0,1
428.7744299467869,65,254,0,0
428.7750440685935,468,123,0,0
428.9019845032129,12,290,0,0
429.2486231609043,9,188,0,0
429.34123063109536,29,548,0,0
429.34179438704984,186,453,0,0
429.34340336560524,4,774,0,0
429.34348802724,61,345,0,0
429.3713814683871,499,155,0,0
429.4918830612066,10,3960,0,1
429.52080714444065,470,446,1,0
429.5267232636988,7,75,0,0
429.5290401040268,70,290,0,0
429.6110399999517,14,130,0,0
429.612970440409,4,241,0,0
430.3392901295688,239,89,0,0
430.3866850981292,305,449,0,0
430.6725359078828,77,394,0,0
430.69534340457164,25,417,0,0
430.70567687190476,27,56,0,0
430.7532911983479,11,206,0,0
430.7566283946742,1030,106,0,0
430.7675365671159,9,186,0,0
430.7806505878804,53,414,0,0
430.78308922416994,12,392,0,0
430.8284169609682,537,91,0,0
430.8301265317545,696,345,0,0
430.8304546724612,108,5510,0,1
430.8386006294355,600,34,1,0
430.85011152060616,341,149,0,0
430.8577885560086,56,124,0,0
430.8713952298793,5,253,0,0
430.8902215469404,24,363,0,0
430.9153266044896,10,368,0,0
430.9304567551248,19,406,0,0
430.94350511567967,30,384,0,0
430.9440648294464,12,549,0,0
430.9819056877171,14,407,0,0
431.09613477388285,33,274,0,0
431.10266640897333,57,72,0,0
431.1055475303146,20,151,0,0
431.200120509434,12,134,0,0
431.2046243326451,10,783,0,0
431.22887161019224,21,287,0,0
431.2745511307965,21,558,0,0
431.440240101757,16,528,0,0
441.00739136072445,16,356,0,0
441.0196734367821,400,454,1,0
441.0196976329956,16,461,0,0
441.0441228939185,19,339,0,0
441.0481019621157,13,146,0,0
441.1200111509876,11,344,0,0
441.161454949661,113,675,0,0
441.2880695003558,6,110,0,0
441.30663391106737,10,343,0,0
441.4305180732777,481,465,0,0
441.4376168814526,68,340,0,0
441.5278377268217,12,347,0,0
441.5298790898899,319,12,0,0
441.53282193612915,975,192,0,0
441.54765176006936,145,136,0,0
441.6158151376623,14,344,0,0
441.6183662298946,682,142,0,0
441.6364747934647,3610,695,1,0
441.7019246286287,19,268,0,0
441.7763538278033,17,388,0,0
441.77809497433446,6,23,0,0
442.55891424393826,2034,160,0,0
442.5672199930448,120,699,1,0
442.60837919763435,8,69,0,0
442.99765047527205,17,384,0,0
443.0014767059669,15,167,0,0
443.0018340685981,19,272,0,0
443.21445753238453,24,130,0,0
443.21541369615835,210,117,0,0
443.2397035817463,1461,502,0,0
443.2427305195536,17,181,0,0
444.1490330690027,11,72,0,0
444.187854791112,16,124,0,0
444.8514976758432,710,530,1,0
444.906097431448,21,29,0,0
444.9122213644806,26,86,0,0
445.0292961277409,18,592,0,0
445.0315808176075,25,616,0,0
445.03735863371026,9,64,0,0
445.1569788596668,473,31,0,0
445.24386480306225,261,378,0,0
445.2464701689186,39,834,0,0
445.25955949533915,182,107,0,0
445.2714843191339,7,393,0,0
445.27281828150416,22,450,0,0
445.46118080877835,11,289,0,0
445.4625505313895,7,218,0,0
445.47671156482176,49,413,0,0
445.4934774903651,5,248,0,0
445.51416281413043,178,767,0,0
445.5141916368429,273,91,0,0
445.5385171057253,299,250,0,0
445.54342226632866,5,78,0,0
445.80267754065886,55,13,0,0
445.80351694210765,13,194,0,0
445.93362729389094,1108,197,0,0
445.9879280830568,10,321,0,0
445.991262024814,6,182,0,0
446.01861093794435,85,139,0,0
446.08701190594627,14,240,0,0
446.08824101290384,15,91,0,0
446.0887122784399,513,573,0,0
446.09717593996953,619,233,0,0
446.1648292056968,1354,255,0,0
446.20212326115256,32,348,0,0
446.2234353208547,12,43,0,0
446.2287867455502,181,74,0,0
446.23545304066334,37,567,0,0
446.34561858305926,6,128,0,0
446.39967025276974,44,135,0,0
446.97469873341436,598,446,0,0
447.04694534148615,23,322,0,0
447.0734942220772,20,253,0,0
447.0826386761434,1769,308,0,0
447.1017499118891,11,188,0,0
447.5491614828373,10,27,0,0
447.5568103419082,412,236,0,0
447.5675459283622,16,140,0,1
447.6030317767141,20,36,0,0
447.65937249053775,19,185,0,0
447.98583215658795,20,293,0,0
448.0017232480496,12,390,0,0
449.81368730605436,66,1150,0,1
449.8383883586059,140,125,1,0
449.87287633709394,43,40,0,0
449.91172258061755,40,197,0,0
450.2823605092041,4540,480,1,0
450.4274222955818,15,144,0,0
450.4613594624732,12,104,0,0
450.4640331411878,825,564,0,0
450.46552335542526,603,767,0,0
450.504397377604,18,271,0,0
450.5432886170276,103,92,0,0
450.55927598085606,14,159,0,0
450.5934267641046,89,160,0,0
450.5985293144508,16,209,0,0
450.63377564322434,15,619,0,0
450.94092007359,26,21,0,0
450.9942791724781,130,2520,0,1
451.0195845317739,17,283,0,0
451.050396339719,50,147,0,0
451.2050672059094,100,2160,0,1
451.2108730199266,47,105,0,0
451.2196972064284,7,176,0,0
451.2240151055178,245,720,0,0
451.22459461611936,967,569,0,0
451.5116847565881,11,220,0,0
451.5976670489453,30,339,0,0
451.6017689366489,22,79,0,0
452.4446581621389,120,84,1,0
452.44925811912395,160,229,1,0
452.4971772056525,7,81,0,0
452.5015354890034,2037,491,0,0
452.8276270087008,13,250,0,0
452.8843359024045,27,422,0,0
452.96814064737123,12,60,0,0
453.04501739652864,37,305,0,0
455.2628989883104,28,320,0,0
455.263102626715,8,160,0,0
455.272312525954,298,104,0,0
455.29996189257037,5,143,0,0
455.3692441740851,118,449,0,0
455.38859057246265,4287,365,0,0
455.41156342449733,4,50,0,0
455.5509777910494,13,315,0,0
455.7080022368251,430,178,1,0
455.71609041732427,163,113,0,0
456.0296813324276,13,477,0,0
456.05816468764607,182,215,0,0
456.1007810998891,22,443,0,0
458.0605466025429,49,658,0,0
458.65252019522046,9,86,0,0
458.6530615277158,60,417,0,0
458.7808708651819,4,363,0,0
458.9781189186922,86,96,0,0
459.03450526859604,6,43,0,0
459.04218298082844,752,584,0,0
459.58796265790323,649,89,0,0
459.59766825220305,29,890,0,1
459.62297742535475,112,39,0,0
459.62851696198015,22,359,0,0
459.6449280695564,10,239,0,0
459.64606597941895,386,454,0,0
459.9019198181494,125,154,0,0
459.9084673102532,19,266,0,0
459.9337359421781,140,633,0,0
459.944202008757,9,294,0,0
460.45740444471045,13,154,0,0
462.176557524379,12,170,0,0
462.2400724859857,14,144,0,0
462.27388873558914,10,441,0,0
462.3121045188207,358,770,0,0
462.31536594734075,45,23,0,0
462.3184125228242,20,545,0,0
462.32524158960604,11,189,0,0
462.35142551656526,270,368,1,0
462.35699355750177,9,310,0,0
462.3691155207781,47,17,0,0
462.3915967363617,213,98,0,0
462.46757473909474,24,258,0,0
462.4940540955323,1949,12,0,0
462.4999741475835,19,599,0,0
462.517608538338,36,366,0,0
462.5189388240234,16,157,0,0
462.72158474896116,474,330,0,0
462.80796501010013,441,43,0,0
462.85769493618864,766,148,0,0
462.8582704069781,620,406,1,0
462.86797811182066,60,31,0,0
462.89272634322975,80,188,1,0
462.9010678036138,14,216,0,0
462.97516844404373,7,11,0,0
462.97604623131053,543,508,0,0
463.032558107943,18,150,0,0
463.22025919539726,34,65,0,0
463.22704575927673,20,511,0,0
463.23306211183353,2350,232,1,0
463.2348298928804,100,189,0,0
463.2884151390369,137,160,0,0
463.30066217972245,55,510,0,0
463.3174230592691,8,64,0,0
463.321769276289,153,219,0,0
463.3701530912723,24,530,0,0
463.38889011132034,24,504,0,0
463.40113961641686,23,187,0,0
463.4091741160493,1610,35,0,0
463.4456198968342,4,103,0,0
463.4531237463158,16,713,0,0
463.4575482227513,29,132,0,0
463.4637035062297,12,141,0,0
463.4697296223642,7,109,0,0
463.4713518175875,57,373,0,0
464.0835697783686,16,325,0,0
464.4920284789872,59,39,0,0
464.4926531260482,253,490,0,1
464.49668868457496,60,669,0,0
464.49914211033905,18,237,0,0
464.9017049255923,118,293,0,0
464.9080376703087,68,86,0,0
464.9496811193853,41,305,0,0
464.95284365874033,14,438,0,0
464.9628250079985,33,264,0,0
465.0609291609935,13,301,0,0
466.40656071198623,1732,767,0,0
466.4317186805099,38,174,0,0
466.755111211223,74,49,0,0
467.2389279875289,609,772,0,0
467.51583911036005,343,526,0,0
467.7780858816824,9,277,0,0
467.78268719794914,30,169,0,0
467.9513314710188,22,64,0,0
467.98076769902,12,257,0,0
467.9811511779505,53,188,0,0
468.0480917676283,127,45,0,0
468.07137986525765,46,365,0,0
468.07541935293887,56,24,0,0
468.15485796174914,46,769,0,0
468.1587604573062,340,339,0,0
468.16721242067257,10,175,0,0
468.1739995907233,4,216,0,0
468.50514485951436,32,333,0,0
468.5109647550934,50,640,0,0
469.2355970869855,188,200,0,0
469.2949796636881,16,244,0,0
469.59396960995167,73,553,0,0
469.6231596750773,106,27,0,0
469.6494027118495,5,302,0,0
469.68188514642947,37,129,0,0
469.8008599536775,805,131,0,0
469.8489899388557,3410,135,1,0
469.972605393273,1534,16,0,0
469.97524448634647,724,767,0,0
470.17669240556904,58,708,0,0
470.6424415061309,1479,681,0,0
470.73950097005877,320,130,0,0
470.8192265216209,230,436,1,0
470.8770837699078,119,182,0,0
470.8847370454246,16,646,0,0
470.88750943599536,16,240,0,0
470.9040050113376,76,150,0,0
470.9315745007941,16,285,0,0
470.9459351214157,38,262,0,0
470.9989994061742,19,385,0,0
471.00541289905266,84,83,0,0
471.02472626754894,19,576,0,0
471.02783404011205,32,108,0,0
471.02978505142755,8,9,0,0
471.42335239646195,190,7,1,0
471.46055828417127,44,393,0,0
471.4764396572886,33,263,0,0
471.47938123208473,90,554,1,0
471.5285618778984,8,104,0,0
472.43041894327445,31,305,0,0
472.4352737018433,243,208,0,0
472.44520987102686,25,408,0,0
472.49115320489864,27,764,0,0
472.4940749849591,1740,287,0,0
472.4944236695448,20,81,0,0
472.57240251220196,36,1520,0,1
472.58529984861616,9,347,0,0
472.74492358781396,19,453,0,0
472.8614001198358,294,175,0,0
472.8852790558108,8,13,0,0
472.8863480375594,31,24,0,0
473.1398206429154,27,190,0,0
473.1944973968426,2758,85,0,0
473.2242501680421,112,149,0,0
473.25036668391056,30,223,0,0
473.2729480481108,63,148,0,0
473.3299627861175,12,110,0,0
473.33201579068253,50,620,0,0
473.3603729939559,14,275,0,0
473.36305934281114,12,267,0,0
473.3668670712177,21,395,0,0
473.3855038184883,86,800,0,1
473.39311485481073,43,171,0,0
473.4167289414388,15,201,0,0
473.43402208534644,133,410,0,0
473.4394118173238,6,1760,0,1
473.51106527426043,65,139,0,0
473.5591754057398,1434,147,0,0
473.56926727563285,67,173,0,0
473.57337047084144,797,113,0,0
473.9144694894933,1540,376,1,0
473.915546228452,10,214,0,0
473.97227079367855,49,203,0,0
473.97670694164907,16,713,0,0
474.0669274420826,13,385,0,0
474.08003842252043,22,342,0,0
474.7714914200522,7,427,0,0
474.8181885717081,41,31,0,0
474.8280435997604,11,123,0,0
474.8324816141767,33,380,0,0
474.8976261936079,104,30,0,0
474.91417378854266,69,317,0,0
474.9148008297733,15,1630,0,1
474.91631090025254,41,562,0,0
474.9168216758777,140,136,0,0
475.37209774078525,5,263,0,0
475.66699686889484,168,587,0,0
475.680990445665,9,27,0,0
475.85462122209896,278,739,0,0
475.8666823573212,22,47,0,0
475.87855448485885,57,91,0,0
475.8919876194845,17,419,0,0
475.95577256400435,13,204,0,0
475.9612236744962,33,34,0,0
475.9997987477665,60,376,0,0
476.016530757179,28,198,0,0
476.0169386577019,28,208,0,0
476.01797776491196,909,255,0,0
476.10060136760364,240,382,0,0
476.1119696502131,11,271,0,0
476.1183695563947,4,20,0,0
476.1325418119905,7,123,0,0
476.14123565939997,9,147,0,0
476.15633772148334,13,291,0,0
476.25417910477665,10,153,0,0
476.26044962686825,26,308,0,0
476.2922258739559,28,99,0,0
476.4196113994493,136,276,0,0
476.44584878692183,42,14,0,0
476.44608607485327,8,511,0,0
476.6613885918349,117,394,0,0
476.66319572326455,100,14,0,0
476.6693545951369,1072,299,0,0
476.7252322056055,11,281,0,0
477.47240836131135,6,2360,0,1
477.5405155474612,4,51,0,0
477.56241719802296,60,67,0,0
477.5707990426103,12,246,0,0
477.57633596962,6800,569,1,0
477.57867524699947,5,266,0,0
477.6684438631245,19,556,0,0
477.6825168133822,17,112,0,0
477.70362744094854,121,273,0,0
477.70472143326793,24,573,0,0
477.7293127671854,14,157,0,0
477.72992516962296,10,284,0,0
477.77512565583373,20,234,0,0
478.43993834597524,690,117,0,0
478.44245251381307,6,499,0,0
478.44397966630265,14,175,0,0
478.66135797893014,12,298,0,0
478.66684613834275,32,164,0,0
478.8570128678582,11,211,0,0
478.8582081423615,9,126,0,0
478.8908583222633,41,266,0,0
479.00642112869446,189,99,0,0
479.0420624025147,851,146,0,0
479.0446477974719,8,254,0,0
479.04472725016825,43,300,0,0
479.0586677782545,261,378,0,0
479.06236355244147,139,15,0,0
479.082874928947,15,219,0,0
479.56695593746076,112,150,0,0
479.5677216135484,74,488,0,0
479.5763266544343,8,76,0,0
479.64351225858417,30,112,0,0
480.5706020278506,1795,173,0,0
480.5913602634116,10,80,0,0
480.76893271449177,19,225,0,0
480.77195298250496,27,40,0,0
480.79303089834445,167,767,0,0
480.8116055837596,20,97,0,0
480.88101900589214,6,181,0,0
480.8982124845455,90,151,1,0
480.91251225186414,489,267,0,0
481.0625799186231,148,5140,0,1
481.0831467410076,26,417,0,0
481.097374363349,78,19,0,0
481.12658316890105,8,133,0,0
481.1405373404104,7930,262,1,0
481.27062953205495,55,729,0,0
481.33351971783594,5,291,0,0
481.33675816160167,13,241,0,0
481.35576893714637,603,255,0,0
481.3563828517086,15,327,0,0
481.3593282373331,22,2170,0,1
481.377400462393,71,150,0,0
481.6252169057653,6,64,0,0
481.665184250267,8,134,0,0
481.8173791355372,41,297,0,0
481.82224891092926,925,600,0,0
482.08777702225046,9,111,0,0
482.1478333707737,11,3610,0,1
482.1546808459608,841,585,0,0
482.1626949370169,2898,6,0,0
482.1758610768785,511,11,0,0
482.17696092887394,1245,38,0,0
482.1779423204997,8131,61,1,0
482.18224595043506,30,392,0,0
482.2135829774669,442,185,0,0
482.22849882116316,263,32,0,0
482.7606458800233,603,741,0,0
482.9044770196226,103,515,0,0
482.91365701852686,61,480,0,0
483.1038418859287,86,211,0,0
483.11252748149604,46,316,0,0
483.124691988671,10,153,0,0
483.1837485319538,661,15,0,0
485.9283865358359,11,1710,0,1
485.9440231815495,17,276,0,0
486.91679544605097,26,166,0,0
486.9311082518503,27,279,0,0
487.1382167701188,47,445,0,0
487.40369567829583,8,71,0,0
487.4936983244396,38,535,0,0
487.5908853813495,22,282,0,0
487.60561764674094,103,200,0,0
487.60654482807786,300,269,1,0
487.63184283840945,25,286,0,0
487.65744762396486,17,234,0,0
488.48366746679216,8,260,0,0
488.5127393414527,44,676,0,0
488.5573998414886,81,211,0,0
488.62712721455836,8,341,0,0
488.63315456163633,30,198,0,0
488.66815046040915,5645,165,0,0
488.8581967817498,101,192,0,0
488.8757216158957,16,189,0,0
488.87812711405314,1148,1270,0,1
488.90348897864715,35,588,0,0
489.0864706940809,385,514,0,0
489.10484662991337,747,235,0,0
489.11350159829317,4,16,0,0
489.2263916601294,2160,112,1,0
489.22743604239923,13,396,0,0
489.25053263262555,2870,229,1,0
489.2709600199871,581,241,0,0
489.27490764292486,30,328,0,0
489.2928131262178,50,48,0,0
489.44839455240236,28,15,0,0
489.57929894300634,47,769,0,0
489.61014251548374,48,713,0,0
489.8028958777302,619,295,0,0
489.8735918971209,606,129,0,0
489.87540634069916,518,376,0,0
490.01724320003615,3655,189,0,0
490.03583349315187,540,338,0,0
490.06115275840665,39,593,0,0
490.09033685622035,2755,628,0,0
490.4581739940857,6,110,0,0
490.4665557220586,198,409,0,0
490.5340702066715,51,456,0,0
490.55352090609654,23,22,0,0
490.56107125040427,56,194,0,0
490.5619752047543,1443,251,0,0
490.6481207742403,30,115,0,0
490.65594065861865,5920,318,1,0
490.66594663143417,1709,213,0,0
490.68353803538434,15,117,0,0
490.6900192385408,19,541,0,0
490.6908479789723,18,194,0,0
491.17339216413745,39,224,0,0
491.25249783955235,49,3340,0,1
491.3426566878705,44,153,0,0
491.37645926093904,23,850,0,1
491.39460510903785,34,98,0,0
491.42728493838547,38,766,0,0
491.4717921269197,11,171,0,0
491.5246689468946,12,240,0,0
492.0670033868058,206,54,0,0
492.0698090145781,1294,238,0,0
492.0711571398277,7,120,0,0
492.07942096086214,11,319,0,0
492.148769792779,96,24,0,0
492.1787479861406,19,500,0,0
492.17921563272125,15,767,0,0
492.24368877971193,11,97,0,0
492.59335899234554,1382,25,0,0
492.6049787393561,21,276,0,0
492.68675497864353,12,233,0,0
492.71731385245516,12,251,0,0
492.7227553458359,12,255,0,0
492.94541342248107,21,372,0,0
492.96488138148834,11,330,0,0
492.966211483452,263,130,0,0
493.09577843398216,11,296,0,0
493.0960932106678,2195,213,0,0
494.0473900389556,361,205,0,0
494.0475907242029,14,450,0,0
494.0515518449378,46,298,0,0
494.0519239395366,432,304,0,0
494.098700107639,36,767,0,0
494.31806578825575,155,355,0,0
494.3191348131081,7,17,0,0
494.35470968528153,67,53,0,0
494.35600030246366,2100,196,0,0
494.3564346158113,420,333,0,0
494.37663666697784,5,510,0,0
494.5289432635709,264,94,0,0
494.54601199135953,576,556,0,0
494.5639049252569,4,65,0,0
494.6652951345405,8,531,0,0
494.6976888064104,252,660,0,0
494.7967629154962,19,330,0,0
494.9038692837425,106,268,0,0
494.95026815365844,88,182,0,0
495.0011134450757,83,367,0,0
495.07194824951597,2294,360,0,0
495.08667211690954,86,73,0,0
495.09754536253973,23,135,0,0
495.10261789727105,83,242,0,0
495.19940162638824,101,331,0,0
495.20631711563317,124,277,0,0
495.376535880517,15,140,0,0
495.63659100598306,220,448,0,0
495.6571953886935,1577,297,0,0
495.67787021639936,8,18,0,0
496.09025196632217,2158,778,0,0
496.1273693616025,22,365,0,0
497.2320544960216,24,1090,0,1
497.234394361947,124,5290,0,1
497.2356289838279,120,354,0,0
497.2708660720726,25,207,0,0
497.30523310414696,21,190,0,0
497.31680865611656,11,1090,0,1
497.31797244228346,57,97,0,0
497.3407815085546,23,202,0,0
497.35078388171905,11,239,0,0
497.41966765496943,9,19,0,0
497.4568294680959,29,365,0,0
497.4618535496353,7,565,0,0
497.47214123198825,5,66,0,0
497.58576011944194,67,238,0,0
497.600386866256,85,89,0,0
497.60507135270643,1943,374,0,0
497.61460376914135,26,481,0,0
498.2847887554979,7,302,0,0
499.8337199934031,54,352,0,0
499.89357097854315,11,285,0,0
499.9871352234968,6,530,0,1
500.0429281362305,13,341,0,0
500.0818606913795,70,401,0,0
500.0822149212994,16,314,0,0
501.79850585061666,625,257,0,0
501.8115649232876,41,391,0,0
501.85705806629517,16,14,0,0
501.92162976489846,1174,176,0,0
501.9253556445011,39,500,0,0
501.9264947165361,17,188,0,0
501.99063225213735,17,187,0,0
502.027581763582,17,61,0,0
502.09817269711925,8,89,0,0
502.5949044379891,19,317,0,0
502.5973635543912,519,424,0,0
502.6021203430767,11,3750,0,1
502.64234956439475,21,314,0,0
502.81552517697406,10,233,0,0
503.051606704062,21,315,0,0
503.05550065015944,60,501,0,0
503.06661746107636,694,219,0,0
503.07364918778546,90,24,1,0
503.0770254802133,92,128,0,0
503.12031243840494,14,228,0,0
503.12192632042803,8,189,0,0
503.18778770772064,5,97,0,0
503.19158757336805,146,75,0,0
504.028010911609,16,267,0,0
504.03485111166924,950,66,0,0
504.1609206161108,17,12,0,0
504.34134892110245,77,396,0,0
504.3498192161585,5,205,0,0
504.40520515811966,15,106,0,0
504.44929748061725,17,221,0,0
504.45410920173435,11,263,0,0
504.46746641511123,319,765,0,0
505.9645729050533,110,25,0,0
506.0135675027304,18,131,0,0
506.08388431393394,2492,228,0,0
506.08449486015314,246,146,0,0
506.0849313730643,28,544,0,0
506.1374951766562,64,492,0,0
506.1471258429748,1371,183,0,0
506.1484042886271,109,764,0,0
506.1518949772141,20,99,0,0
506.15652862151234,23,163,0,0
506.1569417172405,510,49,1,0
506.2426678103912,32,367,0,0
506.2429442060962,203,1180,0,1
507.1958702744669,10,9,0,0
507.19629701990937,36,150,0,0
507.19979549084695,1221,21,0,0
507.26730384899554,77,344,0,0
507.29654982893675,170,26,1,0
507.4223142627095,823,769,0,0
507.4265498249988,44,704,0,0
507.4268650448089,5,166,0,0
507.54494028268635,5,612,0,0
507.5489153658003,55,61,0,0
507.58235709432677,39,148,0,0
507.86942901716316,43,488,0,0
508.45015306790987,1609,122,0,0
508.4504423464008,9,344,0,0
508.4982374888875,15,198,0,0
508.4992723819693,53,545,0,0
508.5034536626226,30,282,0,0
508.5058087532088,16,302,0,0
508.9220895616641,34,344,0,0
508.9498127205677,7618,574,1,0
508.95298685628063,101,45,0,0
509.0751651453018,41,144,0,0
509.07803409037933,20,10,0,0
509.3717771039894,7,125,0,0
509.3782868287063,24,379,0,0
509.43335720073134,16,510,0,0
509.6741531899586,470,766,0,0
509.67663947495464,240,483,1,0
509.77550534753686,7,229,0,0
509.8332955252711,12,199,0,0
509.8817250703585,46,235,0,0
509.88434397546695,12,134,0,0
509.9217187411967,12,274,0,0
509.9283318273414,524,426,0,0
509.9892261695199,2296,331,0,0
509.98970945004976,29,349,0,0
510.00799913926744,55,26,0,0
510.0125752891949,9,512,0,0
510.0145146306965,22,568,0,0
510.29792458954023,19,208,0,0
510.3006384561541,219,433,0,0
510.30873596814723,22,404,0,0
510.37432126696507,4335,275,0,0
510.3776074374059,158,96,0,0
510.58084085664103,25,638,0,0
510.5841581533488,15,340,0,0
510.58704728266946,16,4,0,0
510.59503974867926,12,446,0,0
510.60494190878524,19,115,0,0
511.1712907422871,210,254,0,0
511.32159962043954,965,642,0,0
511.3330183046128,9,121,0,0
511.4599563214648,520,121,1,0
511.4635014529205,23,82,0,0
511.51647613003337,376,246,0,0
511.5330030628462,102,274,0,0
511.5395705958641,804,284,0,0
511.853523969856,9,315,0,0
511.9032092942459,155,235,0,0
511.9400217060319,31,24,0,0
511.94097442737166,453,428,0,0
511.95472937837826,27,98,0,0
511.992463760587,276,719,0,0
511.9927242890862,27,368,0,0
512.1099123178415,35,152,0,0
512.1242759645398,7,83,0,0
512.1457729368794,37,147,0,0
512.1482023798715,88,20,0,0
512.1486077289669,35,424,0,0
512.1571997293217,138,110,0,0
512.1661361238724,651,345,0,0
512.1783680947909,129,339,0,0
513.249775130095,138,251,0,0
513.2605152537875,6,272,0,0
514.2153100856866,3164,35,0,0
514.2231534578933,398,317,0,0
514.3587351260613,9,307,0,0
514.3645323846832,15,595,0,0
514.3746879968454,9,295,0,0
515.0188163991647,8,182,0,0
515.0931062882519,57,258,0,0
515.0943312081741,29,230,0,0
515.2003838038684,1284,730,0,0
515.373955811599,465,730,0,0
515.4204344712625,9,125,0,0
515.4251038821299,11,11,0,0
515.4373891511611,10,317,0,0
515.4958278993922,11,278,0,0
515.524904288119,9,209,0,0
515.5477917954274,135,84,0,0
515.5498298510379,11,535,0,0
516.2304167325581,6,167,0,0
516.3303486613975,959,18,0,0
516.3331614978482,253,250,0,0
516.3341894650116,16,355,0,0
516.4447583672136,14,324,0,0
516.4602480065233,2892,288,0,0
516.460517343523,108,76,0,0
516.4882037271866,120,129,0,0
516.5207585787259,15,212,0,0
516.5241379021522,7,96,0,0
516.5277091921064,81,630,0,0
516.6230443654277,2141,275,0,0
516.6251637400288,782,53,0,0
516.6266026103386,28,3010,0,1
516.6269031586481,4,163,0,0
516.6485957143848,8,198,0,0
516.954820963635,15,607,0,0
516.9769425600413,7609,583,1,0
516.977950179631,102,77,0,0
517.0093952658768,10,356,0,0
517.1171615946424,7,228,0,0
517.1228314125709,12,85,0,0
517.1657699946472,25,346,0,0
517.180395463547,67,21,0,0
518.6649312866695,1261,1410,0,1
518.6686737529694,19,196,0,0
518.6692479803892,110,238,1,0
518.6812945265166,13,13,0,0
518.9071202500504,2123,226,0,0
518.9280847617741,127,26,0,0
519.1164581220866,11,92,0,0
519.1527289801107,944,66,0,0
519.3843043991155,1700,40,0,0
519.398039772172,43,372,0,0
519.402077333813,43,456,0,0
519.4050716659917,80,260,0,0
519.4112153702706,23,483,0,0
519.444487527835,12,199,0,0
519.5662197898689,19,192,0,0
519.5717885024341,482,767,0,0
519.818326747805,12,1040,0,1
519.825373479987,7,224,0,0
519.9933442517328,13,416,0,0
519.9985851375692,6,186,0,0
520.0127740728227,37,320,0,0
520.0868580934315,21,706,0,0
520.100345996257,24,103,0,0
529.5041424334357,19,716,0,0
529.5559879012759,34,426,0,0
529.6702329689155,28,250,0,0
529.6730172934434,11,1380,0,1
529.6838434433988,11,63,0,0
529.9685937497462,126,321,0,0
530.1529868374646,36,90,0,0
530.2073434020518,8,99,0,0
530.2506903413814,26,341,0,0
530.2560046833603,31,242,0,0
530.2865213566357,14,213,0,0
530.2924045946459,14,650,0,0
530.294166404004,70,65,1,0
530.3081494765014,236,142,0,0
530.9023314317407,8,86,0,0
530.9161291741045,12,323,0,0
530.9753693324161,5,243,0,0
530.9793798227005,75,353,0,0
530.9934751949378,20,234,0,0
531.2188721088229,20,538,0,0
531.2563385478097,3040,362,1,0
531.268022437027,7,3080,0,1
531.5570049571676,9,263,0,0
531.5861097718949,200,198,0,0
531.709656534351,9,126,0,0
533.3096733244661,41,158,0,0
535.5561309544595,19,164,0,0
535.5589438432582,351,101,0,0
535.606139694607,15,770,0,0
535.6094801283252,3730,11,1,0
535.6310176293937,413,158,0,0
535.6850378166318,11,301,0,0
535.6934433186304,55,144,0,0
536.0191650450002,15,161,0,0
536.0392256577896,5016,360,0,0
536.0400485376696,511,26,0,0
536.0662684640414,350,485,0,0
536.0679136092824,1822,93,0,0
536.0754848048107,125,222,0,0
536.0796666805695,8,173,0,0
536.1006818293077,7745,447,1,0
536.1012944201676,119,452,0,0
536.1084480002359,197,445,0,0
536.14002671812,49,301,0,0
536.1447742832202,226,62,0,0
536.145454644468,1042,279,0,0
536.1890187033136,128,16,0,0
536.2035814678842,15,136,0,0
536.2055209593933,864,310,0,0
536.2067660791497,119,34,0,0
536.2158924536247,111,670,0,0
536.2750715148799,29,291,0,0
536.2766945215468,36,629,0,0
536.2834714205234,10,286,0,0
536.6072206751177,34,175,0,0
536.6223432246929,238,198,0,0
536.6484411934343,156,635,0,0
536.6659291136692,11,227,0,0
536.9511371159986,16,251,0,0
536.9540012188645,11,344,0,0
536.9742383742436,122,452,0,0
536.9961227587612,28,684,0,0
537.0593340893332,190,199,1,0
537.0713831293879,12,317,0,0
537.0715742142457,16,201,0,0
537.0740213226878,13,169,0,0
537.0906246992745,247,201,0,0
537.3715161882084,525,450,0,0
537.3740990269479,361,205,0,0
537.6712102646547,330,262,0,0
537.6805588781091,15,311,0,0
537.7382038623133,13,446,0,0
537.7748594768702,52,117,0,0
537.7775291732528,10,116,0,0
537.8069665605027,22,25,0,0
537.8136049685091,3338,121,0,0
538.0419118680331,2508,201,0,0
538.2900397081331,150,4080,0,1
538.3281658380812,582,197,0,0
538.3592223342453,150,400,1,0
538.3901887960527,5,162,0,0
538.644839299433,22,479,0,0
538.67729757071,513,25,0,0
538.6790560726654,120,167,0,0
538.7189352560318,89,58,0,0
549.4296411716753,22,210,0,0
549.4322925446013,4,156,0,0
549.5139892695416,180,8,0,0
549.5397598446609,45,13,0,0
549.8197764319232,75,421,0,0
550.0861787347791,14,224,0,0
550.0982979748894,13,432,0,0
550.2055585455284,14,358,0,0
550.2077430768528,118,6090,0,1
550.2460587202229,23,151,0,0
550.2469766657038,796,768,0,0
550.3993261557248,1582,73,0,0
550.4061157787968,15,259,0,0
550.4579172004206,21,367,0,0
550.4634517326235,11,160,0,1
550.5440627862386,849,267,0,0
550.5629662467292,7,277,0,0
550.5669908111904,6,361,0,0
550.6039243002808,37,681,0,0
550.6211389218117,1443,2510,0,1
550.6256679877094,2185,227,0,0
550.6321733639135,54,22,0,0
550.6719478226087,12,310,0,0
550.6752424700684,11,551,0,0
550.723110392292,247,2670,0,1
550.7739972418722,1700,338,0,0
550.7834010827476,7,306,0,0
550.8327047549536,403,270,0,0
550.8355273761139,8,216,0,0
550.862432977634,10,33,0,0
550.8695358661228,14,176,0,0
550.973070205708,13,62,0,0
551.05286515956,35,29,0,0
552.883059607645,53,129,0,0
552.8908790462721,1106,493,0,0
552.9776234488829,74,331,0,0
552.9891651713062,497,554,0,0
553.068475171325,27,21,0,0
554.2817860688274,103,494,0,0
554.4973269279596,7,261,0,0
554.5230623895961,15,554,0,0
554.5464832208503,27,92,0,0
554.5487338964062,16,305,0,0
554.549806276716,6,16,0,0
554.5747957492492,150,302,1,0
554.5805285810856,16,180,0,0
554.6627467801484,1053,342,0,0
554.6723964592777,10,290,0,0
554.813210259194,76,19,0,0
554.8193564729252,4,10,0,0
554.824337889291,8,52,0,0
555.4612666617619,11,332,0,0
555.4668658575507,19,453,0,0
555.4871575527537,1056,39,0,0
555.5171457103113,30,444,0,0
555.5696446663561,11,190,0,0
555.569899917265,9,170,0,0
555.6262825472072,9,407,0,0
555.6290530123716,51,344,0,0
555.6298054705903,25,234,0,0
555.7267360212222,336,238,0,0
555.728675006213,320,130,0,0
555.8099919829406,64,79,0,0
556.0251037387047,29,1950,0,1
556.0378766230331,13,517,0,0
556.0531436984063,8,211,0,0
556.0537799616128,196,152,0,0
556.0585865283256,116,337,0,0
556.9108157981933,678,268,0,0
556.9763641406995,90,289,1,0
557.0650526697208,25,422,0,0
557.1647729445469,17,118,0,0
557.2287591554438,13,112,0,0
557.3032126693894,25,101,0,0
557.3881564560518,854,606,0,0
557.3891514076232,110,65,1,0
557.390138793935,2077,130,0,0
557.3984469736753,4650,121,1,0
557.4609268368696,19,215,0,0
557.4621314342454,96,335,0,0
557.5334601662055,150,1710,0,1
557.5362650787623,57,88,0,0
558.2388902806866,85,410,0,0
558.3462829407337,170,305,1,0
560.3120293131237,74,231,0,0
560.5322179272563,19,164,0,0
560.5332087106909,61,266,0,0
560.549872486704,18,494,0,0
560.608561511029,114,119,0,0
560.6642360503723,488,311,0,0
560.671651205963,16,41,0,0
560.6726386219987,21,447,0,0
560.675330129374,128,484,0,0
560.6839721952487,74,180,0,0
560.6971226512883,112,214,0,0
560.7021907324237,159,18,0,0
560.7075095311816,20,760,0,1
560.7188338592301,219,288,0,0
560.7720966635815,16,333,0,0
560.7750647009866,33,194,0,0
560.7899097032434,61,22,0,0
560.8658335881435,1704,75,0,0
560.8697253802987,25,285,0,0
560.8781220223829,300,245,1,0
560.8790678051548,12,66,0,0
560.8899753265455,4,214,0,0
560.901526232472,15,234,0,0
560.9695257633339,18,614,0,0
560.9874771734001,35,767,0,0
560.9889919970368,393,366,0,0
561.0140967252537,47,33,0,0
561.0161155395431,21,124,0,0
561.0203875857208,43,70,0,0
561.0252044545031,70,6,1,0
561.9873417802785,18,699,0,0
562.2548659962744,53,57,0,0
562.2557263270265,19,133,0,0
562.2915410748767,12,309,0,0
562.4307696474427,15,620,0,1
562.5262904272217,36,417,0,0
562.5432981868374,9,247,0,0
562.5638521537717,1610,34,0,0
562.5784525785009,10,401,0,0
562.594513559755,373,245,0,0
562.6043282982328,72,347,0,0
562.6061146535191,36,357,0,0
562.693353470525,62,79,0,0
562.6999130387584,106,4,0,0
563.7568347906124,64,79,0,0
563.7880824932181,2619,300,0,0
563.8168024533674,15,253,0,0
563.995311693232,24,210,0,0
564.0421492524939,20,180,0,0
564.0715760486142,16,1840,0,1
564.0737365391324,902,408,0,0
564.075717562988,1374,370,0,1
564.0772014592321,316,74,0,0
564.2362952145281,63,148,0,0
564.2429794949692,15,411,0,0
564.2635483182006,38,658,0,0
564.2945478052836,2861,680,0,0
564.2979047815742,1896,13,0,0
564.3152122668946,12,307,0,0
564.322453223844,10,332,0,0
564.325094415765,24,2780,0,1
564.333338716683,44,661,0,0
564.3354262068575,171,101,0,0
564.3484716790118,13,131,0,0
564.3595489902744,44,149,0,0
564.3794263286777,960,7,1,0
564.7449484467714,40,60,0,0
564.7588344277419,14,390,0,0
564.9860918278196,62,769,0,0
565.1633507315195,154,750,0,0
565.1695887811134,10,523,0,0
565.173286973308,14,140,0,0
565.1787699475568,14,358,0,0
565.2528279589159,45,516,0,0
565.2789085317099,79,86,0,0
565.3237464788508,1678,764,0,0
565.3863081469349,19,290,0,0
565.4368425466874,120,201,1,0
565.6684479615512,293,59,0,0
565.6689860284695,405,101,0,0
565.6817289370183,14,1410,0,1
565.6831890579357,7,354,0,0
565.926750774275,152,186,0,0
565.9483769306095,424,331,0,0
565.977132609911,616,99,0,0
565.9793165103591,4742,3450,1,1
566.0059329817004,8,116,0,0
566.0834209032832,12,164,0,0
566.0953460117544,226,264,0,0
566.1331253683232,1477,146,0,0
566.1676920268117,17,276,0,0
566.1697429604797,1629,90,0,1
566.1983508822387,400,767,1,0
566.2117466496627,55,116,0,0
566.2163445126904,173,177,0,0
566.5001681961824,1038,436,0,0
566.5898432952073,69,767,0,0
566.6092333514312,63,434,0,0
566.6203022401685,12,243,0,0
566.7901943685364,86,741,0,0
566.7940900256837,22,310,0,0
566.8607211450466,26,31,0,0
567.1218828283093,173,323,0,0
567.1232592423611,2144,117,0,0
567.1397608843205,86,572,0,0
567.1406275439798,15,262,0,0
572.6383963922306,24,250,0,0
572.651034815183,18,298,0,0
572.6961050252185,50,328,0,0
573.0439272106257,6,127,0,0
573.0477892104652,16,166,0,0
573.0935799810864,11,398,0,0
573.0968402831422,415,168,0,0
573.8315317211122,53,118,0,0
573.8487640246673,7,7,0,0
573.900234867665,12,162,0,0
573.9231310021387,19,334,0,0
575.221421964553,127,5660,0,1
575.2640433273305,204,6430,0,1
575.2758751531405,77,354,0,0
575.2804071795324,120,365,0,0
575.3316963479243,7,2070,0,1
575.333969848831,63,252,0,0
575.3674770307451,147,9,0,0
575.3804444442718,15,228,0,0
575.4024750430502,1572,67,0,0
575.405664583029,108,283,0,0
575.4117678969284,163,438,0,0
575.4148880795901,37,130,0,0
575.4362059770577,19,268,0,0
575.8357576188388,71,122,0,0
575.9429869200034,8,271,0,0
576.0614610299973,15,377,0,0
576.6954665872149,17,106,0,0
576.6959948521023,2067,111,0,0
577.0314265853302,135,240,0,0
577.0340875059834,28,291,0,0
577.2202956512173,567,2170,0,1
577.2368845150675,16,64,0,0
577.3084010580156,8105,87,1,0
577.3084962397405,22,247,0,0
577.3113509503631,96,338,0,0
577.3285336727611,13,328,0,0
577.4171841988464,21,41,0,0
577.4206626767842,80,363,0,0
577.4207851352893,2038,2230,0,1
577.4229216296204,785,124,0,0
577.4263592342082,300,452,1,0
577.5012526088566,81,318,0,0
577.5026601356604,134,22,0,0
577.6475602399837,10,850,0,1
577.6662657836953,7,159,0,0
577.6836928187257,583,769,0,0
577.721765712107,31,26,0,0
577.8240583957753,22,334,0,0
577.8568081415586,70,769,0,0
577.8653328775714,10,220,0,0
577.8740400848575,177,578,0,0
577.8924553275655,24,29,0,0
577.9121484651943,160,4510,0,1
577.9167665988772,45,40,0,0
577.9471379950227,1730,766,0,0
577.9617467774779,11,288,0,0
577.9817415844956,6,252,0,0
577.9962242037074,15,1020,0,1
577.9970062545102,42,499,0,0
578.0018641783427,8,258,0,0
578.0137313573931,14,120,0,0
578.0185605203131,11,58,0,0
578.0340959209232,63,160,0,0
578.0765390434397,16,370,0,0
578.9270443326602,11,205,0,0
579.1667155752874,982,47,0,0
579.1705520712953,10,140,0,0
579.1815889958707,28,26,0,0
579.1894066067315,18,327,0,0
579.1934551653972,6,73,0,0
579.1962957602586,12,144,0,0
579.2029835327238,7,501,0,0
579.2361405294868,83,152,0,0
579.4070562014527,252,504,0,0
580.6986897007083,62,405,0,0
580.8739413132254,72,408,0,0
580.8784951847995,7817,375,1,0
580.8879678395222,163,324,0,0
580.9640963260165,31,543,0,0
581.0498628682077,21,95,0,0
581.1896702781013,315,341,0,0
581.1903896429026,14,212,0,0
581.2525607296802,7,301,0,0
581.2633901021225,129,241,0,0
581.3782749152872,58,298,0,0
581.3827307542465,1112,655,0,0
581.4322088999412,7,162,0,0
581.4362946932215,346,326,0,0
581.5983339155974,830,320,1,0
581.6108459733772,12,41,0,0
582.4828245416044,13,255,0,0
582.4834886254419,54,201,0,0
582.4845548401759,51,7540,0,1
582.6614453026457,18,187,0,0
582.6926324061834,62,9,0,0
582.7112007544182,29,61,0,0
582.7170857125237,93,3290,0,1
582.759413551895,11,389,0,0
582.8190103850058,1438,231,0,0
582.8349637943303,23,223,0,0
582.9041335745205,15,375,0,0
583.8458407729318,138,378,0,0
583.885799335042,17,130,0,0
584.2422431138484,50,262,0,0
584.2526912750723,29,105,0,0
584.259915972167,9,342,0,0
584.2637821866131,35,523,0,0
584.265446752119,207,297,0,0
584.2691687357974,11,170,0,0
584.2747245015224,11,66,0,0
584.3173314112389,7,202,0,0
584.3182992719906,23,201,0,0
584.5843804738261,17,366,0,0
584.5851757633584,11,129,0,0
584.6548970584428,78,770,0,0
584.6945231483669,704,144,0,0
584.7295666497478,173,8,0,0
584.7383554787735,1822,107,0,0
584.7972612693574,8,33,0,0
584.7974908398779,18,149,0,0
585.3230296491846,170,97,0,0
585.3735571345941,18,118,0,0
585.4276156097094,14,305,0,0
585.4464663870884,46,86,0,0
585.4487421065627,31,312,0,0
585.4560690842859,11,335,0,0
585.4571426841662,587,396,0,0
585.4700221441013,22,307,0,0
585.5179539524878,153,168,0,0
585.5186250231727,11,530,0,0
585.6625122617617,101,65,0,0
585.6784279078131,49,363,0,0
585.6883391550024,271,169,0,0
585.7610511448826,3279,191,0,0
585.7728275724045,8,3390,0,1
585.7853518211267,1998,116,0,0
585.8054335876463,78,249,0,0
585.8092444443414,13,224,0,0
585.823640896749,175,684,0,0
585.8245531555214,21,105,0,0
585.8470467509569,36,284,0,0
586.4754460388133,11,242,0,0
586.5063995460898,10,155,0,0
586.5524487634713,1004,287,0,0
586.6027222591124,1065,45,0,0
586.6048294783074,286,139,0,0
586.6114190600383,10,364,0,0
586.6313877158785,43,769,0,0
586.6487722686433,245,147,0,0
586.6519882324975,52,352,0,0
586.6600057312287,2014,2530,0,1
586.6732709641918,124,277,0,0
586.7007982400708,33,391,0,0
586.7014308993106,152,213,0,0
586.7464786128324,2236,401,0,0
586.7845193752638,31,380,0,0
586.7900119507641,12,286,0,0
586.7902321892282,112,149,0,0
586.8022321141209,14,495,0,0
586.8030774048598,100,138,0,0
586.8824782245107,60,199,1,0
586.8849806628148,270,141,1,0
587.0224209823107,28,24,0,0
588.1188513593805,7,155,0,0
588.254926971423,149,246,0,0
588.2834546222642,951,426,0,0
588.2868956909248,11,91,0,0
588.3031458243386,8,68,0,0
588.3210545312273,2700,990,1,1
588.3236969618466,12,221,0,0
588.323811232881,37,17,0,0
588.332716028637,12,254,0,0
588.3817460632547,38,1980,0,1
588.404803130764,1306,691,0,0
588.4143418147123,65,102,0,0
588.417795371632,303,47,0,0
588.4395658900268,46,316,0,0
588.6158290975908,7,204,0,0
588.6158803422101,521,473,0,0
589.0020736361639,299,100,0,0
589.0100554395113,266,222,0,0
589.0218994953938,44,490,0,0
589.0347751651432,19,369,0,0
589.0361407859793,19,164,0,0
589.1962421270697,740,179,1,0
589.1966480526031,17,316,0,0
589.2405326329929,8,4200,0,1
589.2408498891826,9,75,0,0
589.3494898178251,23,581,0,0
589.3527298949481,12,357,0,0
589.4183671562388,383,74,0,0
589.4966835975627,46,39,0,0
589.7594959585738,20,161,0,0
589.7779924875634,7,282,0,0
589.8326752927611,24,391,0,0
589.9345711064346,64,194,0,0
589.9402592721382,30,437,0,0
589.9518917475099,2861,61,0,0
591.4463182804028,19,526,0,0
591.4465966640158,52,119,0,0
591.8063418742188,90,36,1,0
591.8258291737368,100,225,0,0
591.8331528755523,110,334,0,0
591.8340028780655,21,75,0,0
591.8551026914074,1002,87,0,0
591.9618446062151,24,294,0,0
591.977597137843,19,191,0,0
592.4546560628401,35,468,0,0
592.4587594214718,1074,312,0,0
592.4670966225542,10,153,0,0
592.484839652898,7,76,0,0
592.4907446123958,22,19,0,0
592.5121849553203,10,167,0,0
592.5163264278875,43,7690,0,1
592.5181013752654,31,33,0,0
592.5243047633795,140,231,1,0
592.5736654056686,21,145,0,0
592.6655581237479,1133,105,0,0
592.6686001074918,103,980,0,1
592.8517036772098,116,246,0,0
592.8740893964833,6,57,0,0
592.8894993851999,49,513,0,0
592.8925929488569,3954,567,0,0
592.9138737679008,29,257,0,0
592.921606084535,9,217,0,0
592.9247464537724,68,410,0,0
593.0035618919246,925,600,0,0
593.0704354447672,9,327,0,0
593.0892014346568,2511,176,0,0
593.241694305641,72,52,0,0
593.348430140816,65,295,0,0
593.4128727170039,123,102,0,0
593.4391787323952,40,259,0,0
593.4430164298283,714,600,0,0
593.4617214318314,23,33,0,0
593.5406675879208,16,183,0,0
593.5625416571365,18,337,0,0
593.5840220058502,31,3420,0,1
593.6153755099991,28,438,0,0
593.7334582889006,21,3300,0,1
593.7370428794925,25,330,0,0
593.8266140810567,7,270,0,1
594.2441241263282,204,79,0,0
594.2452708324544,120,284,0,0
594.2472660601667,181,128,0,0
594.2725284788825,997,484,0,0
594.6050421925443,11,30,0,0
594.9254149724208,33,178,0,0
595.0154180648209,68,24,0,0
595.0906522067321,9,213,0,0
595.1169998322453,16,264,0,0
595.1480196013335,167,578,0,0
595.4139026255516,1914,51,0,0
595.4170307657872,97,306,0,0
595.4283598454592,1175,284,0,0
595.4843838665338,26,256,0,0
595.9162257543054,117,3720,0,1
595.9200591213945,109,65,0,0
595.9340085533812,1472,143,0,0
595.9763086512106,420,7170,0,1
596.0610303761472,572,110,0,0
596.778292661027,304,492,0,0
596.8942591864983,1061,540,0,0
596.9016521090346,204,272,0,0
596.9046541415158,16,199,0,0
596.9063369357547,46,256,0,0
596.9074274020321,65,32,0,0
596.9210170267597,20,173,0,0
597.8468342034033,73,221,0,0
597.8743739774985,72,161,0,0
597.8819057553821,92,356,0,0
597.9044883547317,100,68,0,0
597.9131801515118,32,255,0,0
598.3885983899089,155,354,0,0
598.4403973058137,4,36,0,0
598.4460628085078,21,180,0,0
598.4828734849402,13,230,0,0
598.5350431957525,36,312,0,0
598.5396169946744,47,66,0,0
598.5420802107567,513,225,0,0
598.5614038578058,24,177,0,0
598.5615746058911,51,507,0,0
598.5630742231766,18,190,0,0
598.5986504016396,22,351,0,0
598.6741033180742,15,85,0,0
599.1513532893007,24,346,0,0
599.1973997121304,129,283,0,0
599.2210680988252,13,418,0,0
599.2297954822856,735,17,0,0
599.2382555786121,8,282,0,0
599.3670587575137,720,25,1,0
599.4114148713767,47,240,0,0
599.5620225083782,53,414,0,0
599.5695149043436,32,73,0,0
599.6885122056044,7,236,0,0
599.69026914164,32,108,0,0
599.6911296091358,16,508,0,0
599.8512520101161,359,470,0,0
599.953824109739,738,385,0,0
600.1001011657028,100,349,0,0
600.1089371999722,21,312,0,0
600.1861063689589,115,351,0,0
600.2164697398196,44,175,0,0
600.2182427123732,130,70,1,0
600.2683384505021,478,213,0,0
600.2693107724015,68,133,0,0
600.3036747390453,9,158,0,0
600.3537336982791,210,241,0,0
600.3569167666741,2492,228,0,0
600.442447587618,22,768,0,0
600.4451955374182,57,538,0,0
600.4476029681514,7,197,0,0
600.5178037479734,97,333,0,0
600.5378245608298,9,26,0,0
600.5390250206713,9,357,0,0
608.4536893936364,15,132,0,0
608.5172737293767,22,114,0,0
608.5731630293977,102,483,0,0
608.592339917563,73,766,0,0
608.5977454613021,7,288,0,0
608.6152668557673,179,604,0,0
608.6296170513629,10,233,0,0
608.6365375463321,15,159,0,0
608.6416669967865,11,283,0,0
608.7151981148377,10,73,0,0
608.7194209727211,12,279,0,0
609.0409275701879,1048,407,0,0
609.1724424375998,1316,68,0,0
609.1827314730252,154,392,0,0
609.2051022993123,748,366,0,0
609.2098187163455,10,204,0,0
609.2324092934354,15,118,0,0
609.2598150623706,236,491,0,0
609.2906896203147,96,104,0,0
609.3255103561337,148,83,0,0
609.3761049548381,22,244,0,0
609.4591506552173,2818,551,0,0
609.4654746823968,1090,193,1,0
609.4912225204911,11,259,0,0
609.4938086645802,32,237,0,0
609.4939579553619,71,310,0,1
609.4965831229033,12,379,0,0
609.4999778591723,15,586,0,0
609.5036817089575,11,427,0,0
609.6405754578595,41,243,0,0
609.6486854167687,10,278,0,0
609.8565615116281,10,168,0,0
609.8632562902735,1105,700,0,0
609.8668598635364,196,771,0,0
609.8825647523634,42,428,0,0
610.551183915519,7,288,0,0
610.5528583921673,28,263,0,0
610.588815706502,788,127,0,0
610.7009319220821,192,172,0,0
610.8281905018074,6,312,0,0
610.8350252130762,14,417,0,0
610.8894009929709,6,71,0,0
610.9211910042645,53,250,0,0
611.6244683510433,92,391,0,0
611.6532595929555,92,207,0,0
611.6650947308957,17,207,0,0
611.6691607409671,13,467,0,0
611.7004508374507,24,363,0,0
611.7011027862518,204,550,0,0
611.7013362109544,19,370,0,0
611.7046905985907,20,177,0,0
611.8180895596772,13,295,0,0
611.8435680280663,8,47,0,0
611.853432961844,26,142,0,0
613.304169675735,360,172,1,0
613.3334386513923,11,281,0,0
613.4778466902596,2286,119,0,0
613.5147524056277,86,260,0,1
613.5207585820195,21,207,0,0
613.5693867740177,1532,164,0,0
613.575986018741,23,455,0,0
613.5764319837047,10,549,0,0
613.5830201173707,8,70,0,0
613.5837485411082,14,3040,0,1
613.6226099571983,52,357,0,0
613.6435357634082,35,530,0,0
613.6472714038606,1831,300,0,1
613.6478792020047,41,162,0,0
613.6504215411738,6,388,0,0
613.7208874645842,8,600,0,0
613.7600564468344,16,8176,0,1
613.835159488456,15,201,0,0
613.8367273352092,12,303,0,0
614.1787491422338,283,163,0,0
614.3328142953925,237,133,0,0
614.3574611000016,19,229,0,0
614.3672538978313,1311,254,0,0
614.719596897689,22,414,0,0
614.726990146001,254,52,0,0
614.8339877349723,13,383,0,0
614.8359919213598,2450,459,1,0
614.998229412293,4772,311,0,0
615.3354060347584,15,208,0,0
615.3438501834248,9,105,0,0
615.3453739921875,14,191,0,0
615.3460037203915,130,169,0,0
615.3605523351018,26,215,0,0
615.3748514375189,19,311,0,0
615.4186826138766,789,63,0,0
615.4214175988396,8,67,0,0
615.425826733446,173,253,0,0
615.5193436060977,1010,478,1,0
615.5325357366373,11,213,0,0
615.5613794490015,20,348,0,0
615.9765252774957,73,7670,0,1
615.9771741031815,120,189,1,0
616.7608582091381,32,391,0,0
616.7901346499963,80,89,0,0
616.8004256049928,793,474,0,0
616.8066105498772,35,250,0,0
617.0411882504856,10,256,0,0
617.0447490569612,707,258,0,0
617.4872831223671,523,235,0,0
617.5389763721065,18,89,0,0
617.5431896139222,37,366,0,0
617.5651273175641,1585,272,0,0
618.0287914780265,7,268,0,0
618.0333632786235,19,771,0,0
618.0524188301245,110,421,1,0
618.093605865699,165,363,0,0
618.0941459403907,6,177,0,0
618.12586695355,202,145,0,0
618.129541837756,2873,225,0,0
618.1300316550232,15,487,0,0
618.1406510971677,23,212,0,0
618.1599059322052,701,360,0,0
618.1993343773466,5,91,0,0
618.2409775628547,18,209,0,0
618.2412905202148,58,1770,0,1
618.2444790309459,22,52,0,0
618.2563175232983,16,326,0,0
618.534398812233,339,1230,0,1
618.8871548784055,75,287,0,0
618.970328418796,252,437,0,0
619.0301367425177,138,138,0,0
619.0916940673675,19,290,0,0
619.0945006798478,28,69,0,0
619.0969455075176,37,532,0,0
619.1002813016828,11,190,0,0
619.6817892113347,7,301,0,0
619.7206867177587,942,94,0,0
620.5837211308415,11,227,0,0
620.7037018725704,29,257,0,0
620.7133143394169,15,2620,0,1
620.7162849854711,39,143,0,0
620.718068341027,11,25,0,0
620.8103890750212,96,154,0,0
621.0848564646558,10,96,0,0
621.0868375368057,173,154,0,0
621.1155404235108,31,637,0,0
621.1158139124494,482,469,0,0
621.895484280546,25,365,0,0
622.1452531805463,10,114,0,0
622.1487099586934,95,132,0,0
622.4681006221311,693,117,0,0
622.4684133770627,1494,52,0,0
622.5291315140629,381,634,0,0
624.0450824398233,109,73,0,0
624.0593918202338,343,526,0,0
624.1224698194778,106,201,0,0
624.1249422616402,27,252,0,0
624.1260633111885,5,293,0,0
624.140780145193,75,660,0,0
624.1410079074227,167,142,0,0
624.1813877282292,22,292,0,0
624.2454184254332,90,2500,1,1
624.2494651888513,19,417,0,0
624.2633443286592,23,12,0,0
624.3199732670374,96,104,0,0
624.3257446906296,32,25,0,0
624.3258607609839,49,93,0,0
624.3532661451579,12,200,0,0
624.3636296154313,1025,152,0,0
624.3820367883261,75,146,0,0
624.4214697828622,18,186,0,0
624.5107356235251,210,19,0,0
624.5246871125393,18,48,0,0
624.5510503479962,58,284,0,0
624.5523071411908,1309,209,0,0
624.5810383257707,10,284,0,0
624.6095228049933,11,316,0,0
624.9935764344526,23,660,0,0
625.0122372399654,8,218,0,0
625.0147067547296,216,88,0,0
625.0427668237456,1681,10,0,0
625.0458899179156,692,475,0,0
625.1400369136551,14,265,0,0
625.1419350125271,8,345,0,0
625.2194792325066,9,262,0,0
625.2214955247706,370,169,1,0
625.2572970852656,239,765,0,0
625.2673196380523,240,545,0,0
625.3442782567399,222,81,0,0
625.3538187520711,18,81,0,0
625.8897820313847,67,404,0,0
625.9173966784431,290,79,0,0
626.9365818059404,102,91,0,0
626.9529483226813,2740,363,0,0
626.9574684978229,24,122,0,0
626.958271699307,1811,157,0,0
626.9679744801681,270,716,1,0
627.299370176666,92,768,0,0
627.4828456203024,15,219,0,0
627.4978629058355,14,339,0,0
627.5054874726515,33,154,0,0
627.5087584444276,6,100,0,0
627.5089820624767,19,747,0,0
627.5225016423392,40,417,0,0
627.5413770515426,7,297,0,0
627.5414585677519,12,130,0,0
627.5566056540072,35,154,0,0
627.6698486154415,3178,462,0,0
627.678492805271,182,504,0,0
627.6812095546724,13,95,0,0
627.6824263420314,418,297,0,0
627.7339667981101,1252,476,0,0
627.734811099175,11,652,0,0
627.7466542471215,15,101,0,0
627.8530591375456,164,334,0,0
627.9106986679996,2664,362,0,0
627.9160027351683,180,320,0,1
629.0440504268144,77,118,0,0
629.1652123510491,5170,635,1,0
629.173696891341,9,365,0,0
629.3575767660152,14,88,0,0
629.3649435375888,390,90,1,0
629.3781369574009,13,188,0,0
629.3869179599526,7,3200,0,1
629.4074132479581,13,127,0,0
629.4181320546777,252,432,0,0
629.4390816090462,36,121,0,0
629.4447025511405,1191,1520,0,1
629.4454677876274,30,48,0,0
629.9383885944803,5,201,0,0
630.0880885254304,38,46,0,0
630.0927189998614,76,255,0,0
630.1898762425119,7,182,0,0
630.190378326464,568,2690,0,1
630.1949866589102,11,663,0,0
630.203324298535,888,247,0,0
631.7935169223797,36,265,0,0
631.8825651349753,44,21,0,0
631.883346420621,13,606,0,0
632.0853845900607,18,249,0,0
632.0954134735246,25,290,0,0
632.0971835259938,3700,323,1,0
632.1068861674335,8,27,0,0
632.1299744989601,9,365,0,0
632.147117082286,23,50,0,0
632.1933870284151,55,82,0,0
632.1946835567609,584,59,0,0
632.1957545430995,26,314,0,0
632.1966322995337,108,630,0,0
632.215862082778,34,482,0,0
632.2167588860711,14,234,0,0
632.2168378180759,49,70,0,0
632.2174159690398,1899,173,0,0
632.2375878300804,47,153,0,0
632.5269408784408,631,505,0,0
632.5340916341444,5,303,0,0
632.5538867213459,16,771,0,0
632.5539221685578,9,28,0,0
632.556450639827,77,634,0,0
632.5727660066395,36,282,0,0
632.5730206992588,15,360,0,0
632.5744056869532,20,224,0,0
632.5751639770464,20,325,0,0
632.5774057328019,13,700,0,0
632.58347501529,50,197,0,0
632.668990079249,8,305,0,0
632.7405676019725,11,151,0,0
632.760106884854,1517,43,0,0
632.913504790183,11,701,0,0
633.0132903244937,13,32,0,0
633.0218913226975,8,295,0,0
633.1272737554922,7,298,0,0
633.1304320282769,9,259,0,0
633.1351358773452,16,412,0,0
633.1401077993422,1438,458,0,0
633.3990410515204,88,510,0,0
633.9066236608508,1629,9,0,0
633.9186175516028,232,621,0,0
633.922596131109,868,197,0,0
634.3928058917438,23,166,0,0
634.393994640644,219,563,0,0
634.5326672501884,2892,252,0,0
634.6686768258941,1111,706,0,0
634.6714527661012,11,96,0,0
634.7503218022216,8127,65,1,0
634.752879686045,23,767,0,0
634.7776743656789,950,66,0,0
634.7839052013517,46,138,0,0
634.8136235357416,26,271,0,0
634.8200488928635,11,111,0,0
634.8224733292735,34,308,0,0
634.8438848004374,749,135,0,0
634.8931502522203,829,743,0,0
634.9237165601421,14,182,0,0
634.9254326680589,87,41,0,0
635.2560266399414,2250,764,1,0
635.262727444867,969,547,0,0
635.3040252857925,674,422,0,0
635.3049066099954,2839,102,0,0
635.3240376254985,188,64,0,0
635.3277952941324,34,390,0,0
635.3384315613054,49,466,0,0
635.4227881230971,2861,73,0,0
635.4321685009519,1458,373,0,0
635.4432530770573,8,291,0,0
635.5273876010001,13,136,0,0
635.594169966159,116,769,0,0
635.5984375041938,2077,130,0,0
635.6053447836015,150,184,1,0
635.6150616910935,214,28,0,0
635.6188693178191,53,85,0,0
635.6254136514641,58,13,0,0
635.6942055300648,32,430,0,0
635.6976355239394,183,494,0,0
635.7321067510123,23,74,0,0
635.7354497870521,14,433,0,0
635.7359037996204,70,78,1,0
635.7544823690702,1233,356,0,0
635.7860278884003,890,42,0,0
635.82575615775,26,200,0,0
635.8568936962636,16,426,0,0
635.8840464983767,16,1050,0,1
635.8844991595715,2163,395,0,0
635.8967033437589,2568,24,0,0
635.9834716180811,49,94,0,0
636.0517191298293,64,492,0,0
636.0585720849738,8,261,0,0
636.0846233955859,90,386,1,0
636.1465223173111,421,607,0,0
636.1590091707054,10,3360,0,1
636.1856872252822,80,110,1,0
636.2728864861974,88,118,0,0
636.3108586020714,1174,265,0,0
636.3193642767566,23,382,0,0
636.3202017069748,798,25,0,0
636.3247175715894,1309,413,0,0
636.5543178310553,11,430,0,0
636.5792623835899,96,280,0,0
636.8429351270304,204,568,0,0
636.8558633849415,101,361,0,0
637.3887289576764,10,433,0,0
637.3913367255398,110,5110,0,1
637.391647568171,577,227,0,0
637.4468876121975,26,179,0,0
637.4582912549456,15,176,0,0
637.516584048932,59,308,0,0
639.4085668096421,18,258,0,0
639.4377197672749,137,2200,0,1
639.5097969440723,10,618,0,0
639.509970305765,155,196,0,0
639.5356295809099,35,163,0,0
639.5404539184782,136,359,0,0
639.5545894924318,18,99,0,0
639.7441423671401,52,14,0,0
639.8921798022851,33,453,0,0
639.8938103990154,24,408,0,0
639.9148310846219,339,633,0,0
640.2690595642413,307,526,0,0
640.4511895322732,4,25,0,0
644.1187604115893,3255,3070,0,1
644.1205252012132,1659,288,0,0
644.1659178010412,400,342,1,0
644.1672028274309,12,194,0,0
644.7588759449937,44,31,0,0
644.8887562069061,5,254,0,0
645.3810648848622,2883,219,0,0
645.398686987474,839,14,0,0
645.7779784501181,19,556,0,0
645.7784207900946,611,173,0,0
645.8242675984046,121,19,0,0
645.8270761088954,47,48,0,0
645.8341093921525,16,174,0,0
645.8368368383776,24,676,0,0
645.8688487187409,629,736,0,0
645.8830445958541,749,135,0,0
645.8854402455428,94,302,0,0
645.8910040724099,126,174,0,0
646.2946710671565,9,2460,0,1
646.3076808804605,760,256,1,0
646.428302479015,22,266,0,0
646.4298547869361,36,417,0,0
646.482161377541,12,220,0,0
647.849667448337,52,198,0,0
647.8559165028108,187,39,0,0
648.2325970923777,406,411,0,0
648.2345330284545,13,311,0,0
648.2405472550649,14,310,0,1
648.2477949201635,447,584,0,0
648.4703866079217,103,186,0,0
648.476781755335,25,153,0,0
648.5083851596244,22,140,0,0
648.540360819131,48,514,0,0
648.6343249819564,22,228,0,0
648.7077274555812,7,265,0,0
648.7876487513008,7997,195,1,0
648.7921311109762,31,563,0,0
648.8493840755378,60,310,1,0
648.8529258223223,28,516,0,0
649.0198530923096,15,750,0,1
650.8514113638472,65,11,0,0
650.9539480842027,380,337,1,0
650.9589610559897,49,24,0,0
650.997964185693,520,136,0,0
651.5708139701542,77,98,0,0
651.5797731270728,18,255,0,0
651.591769500933,30,422,0,0
651.5921785900755,89,215,0,0
651.6316913726658,5,303,0,0
651.6754609528133,1762,464,0,0
651.7639373807249,12,91,0,0
651.7985417036336,9,316,0,0
651.8042672770822,243,184,0,0
651.8137084542907,343,526,0,0
651.983720148378,14,92,0,0
651.9863261489805,89,24,0,0
652.089329846404,8,407,0,0
652.2856647728426,8,177,0,0
652.2967395847564,2460,143,1,0
652.3002984711162,38,87,0,0
652.5173733795604,67,446,0,0
652.5207736169042,6,322,0,0
652.5636960578195,394,3250,0,1
652.5872868406582,9,53,0,0
653.8176854943637,2690,537,0,0
653.8187356273885,350,24,1,0
653.8546290733927,18,221,0,0
653.8725524843269,189,732,0,0
653.8731586576599,44,340,0,0
654.0148864506727,22,143,0,0
654.0971298185101,96,104,0,0
654.3769650665525,68,87,0,0
654.4017774672664,37,328,0,0
654.4139252432577,18,131,0,0
654.4139991610591,19,728,0,0
654.4258695682777,15,235,0,0
654.5177686499962,68,777,0,0
654.5707328705106,22,456,0,0
654.6838707857289,100,33,0,0
654.774028277067,9,215,0,0
654.7949356517776,29,203,0,0
654.909868885813,265,9,0,0
655.1138321780455,17,320,0,0
655.7590286011922,23,172,0,0
655.9410614298384,13,339,0,0
655.9424444303788,26,63,0,0
655.9570079296882,12,204,0,0
655.9645392126097,38,411,0,0
655.9769684069745,40,154,0,0
655.9895238867028,33,295,0,0
655.9971300858048,28,543,0,0
656.042225435564,15,48,0,0
656.0463980726498,7,181,0,0
656.1565763518573,161,333,0,0
656.1650791972017,11,162,0,0
656.2248092527758,28,770,0,0
656.7928064616729,18,217,0,0
656.798047142045,15,297,0,0
656.8022732563682,6,120,0,0
656.8435054831568,506,124,0,0
656.8490314304106,23,86,0,0
657.0653625245766,13,233,0,0
657.0703779757764,29,384,0,0
657.0719193330174,37,52,0,0
657.0725033286006,22,366,0,0
657.1220512720066,97,302,0,0
657.1410332994028,2170,387,1,0
657.1898507806942,2014,253,0,0
657.195909977924,143,371,0,0
657.3569527227918,13,226,0,0
657.409327128998,20,123,0,0
657.4565008157908,69,319,0,0
657.4651453633327,1908,4700,0,1
657.5675499594117,12,7,0,0
657.69591617403,21,181,0,0
657.7151095947302,186,276,0,0
657.7229982370127,79,249,0,0
657.7239966775144,39,727,0,0
657.7476395434636,88,226,0,0
657.7845352850345,34,470,0,0
657.7848057893578,12,692,0,0
657.9085957824233,11,386,0,0
657.9272685117253,34,70,0,0
657.9703578653614,70,117,0,0
657.9864719196255,19,4330,0,1
658.0202963131361,20,19,0,0
658.022847730668,6,566,0,0
658.0748558668195,1487,146,0,0
658.3669759152455,2741,124,0,0
658.385718470957,105,127,0,0
658.5133067740284,116,767,0,0
658.6484608763157,53,412,0,0
658.665446259634,45,290,0,0
658.7121352222584,23,315,0,0
658.832969578624,38,429,0,0
659.079643856543,87,295,0,0
659.1001096639144,10,243,0,0
659.1197261988608,10,263,0,0
659.1727832267474,67,297,0,0
659.3811195537298,210,425,1,0
659.3826662901992,6,93,0,0
659.395555092412,110,450,1,0
659.4039028615779,27,283,0,0
659.4141123883934,20,154,0,0
659.4295152176284,37,285,0,0
665.139394380616,93,12,0,0
665.4747834366747,587,129,0,0
665.4869093694224,60,729,0,0
665.489757435351,190,405,1,0
665.5073255056398,13,227,0,0
665.723216486283,1628,188,0,0
665.7465566188371,1571,28,0,0
670.6517993063521,12,188,0,0
670.663630697198,64,492,0,0
670.6877715002732,20,234,0,0
670.6934028271197,1914,217,0,0
670.7054299485967,24,226,0,0
670.7152951147959,15,468,0,0
670.7264748772163,30,767,0,0
670.7304968095958,831,186,0,0
670.7532542585249,46,425,0,0
671.1579114886545,8,19,0,0
671.1898178865684,77,518,0,0
671.2702696340721,258,670,0,1
671.277939200666,10,492,0,0
671.3075539740335,5,123,0,0
672.4691952194659,6620,99,1,0
672.4978468598636,247,171,0,0
672.52383190107,43,482,0,0
672.5435223335959,7,29,0,0
673.2253804761094,7,395,0,0
673.246680904025,18,272,0,0
673.2511677801846,2003,774,0,0
673.258435454324,5,102,0,0
673.2613102178672,50,1700,0,1
673.285707355521,90,110,1,0
673.3196156044988,9,95,0,0
673.3694535027976,28,622,0,0
673.3837353298313,14,296,0,0
673.6412021421413,10,248,0,0
673.641583052228,158,72,0,0
673.6424831540255,13,333,0,0
673.7558274047562,1370,301,0,0
673.7637038429118,299,326,0,0
673.9396939618825,1241,43,0,0
673.9477448161737,14,292,0,0
673.9758859660493,119,423,0,0
673.979991290715,9,378,0,0
674.0957890002531,10,367,0,0
674.0968630487394,120,388,0,0
674.0984250214714,20,114,0,0
674.6349461116479,1336,116,0,0
675.1659643550084,22,226,0,0
675.1715798765539,303,471,0,0
675.1734174150623,11,227,0,0
675.1969626210443,81,173,0,0
675.1980363192525,26,31,0,0
675.2240500468822,649,2750,0,1
675.2259556552228,1004,102,0,0
675.6138899228729,10,105,0,0
675.6140625051604,7,352,0,0
675.680149096815,87,41,0,0
675.683094686313,4,91,0,0
675.7013199857498,103,162,0,0
675.7040450413958,95,21,0,0
675.7597246951066,20,511,0,0
677.1184618434991,21,443,0,0
677.1456549154153,150,74,1,0
677.1463087740428,59,13,0,0
677.2285579496264,8,24,0,0
677.2293840815571,19,532,0,0
677.2421620383299,377,108,0,0
677.2467189809721,5,80,0,0
677.3080658118325,64,66,0,0
677.3194740315987,8,101,0,0
677.3324533774596,12,273,0,0
677.3335869114787,838,77,0,0
677.3389183805012,1474,23,0,0
677.3701037343252,14,6410,0,1
677.3822343214417,30,145,0,0
677.3840553342743,9,158,0,0
677.3902808725784,13,345,0,0
677.7474681356318,6,47,0,0
677.8242018081219,8,247,0,0
677.8269237956634,72,280,0,0
677.8321239148823,579,407,0,0
677.8659726077826,65,546,0,0
677.8667727376217,13,250,0,0
677.9010432049307,16,358,0,0
677.9185058389469,218,217,0,0
677.9217717447925,27,488,0,0
677.9304468091776,438,152,0,0
677.9396791078492,94,30,0,0
678.0234925961641,22,277,0,0
678.6343798932475,154,317,0,0
679.1499461811434,19,211,0,0
679.1552013487385,76,714,0,0
679.1578380219312,405,505,0,0
679.1766525045924,213,510,0,0
679.9326539200827,11,223,0,0
679.9411704471694,27,371,0,0
681.84467447169,88,960,0,1
681.874889725727,70,56,1,0
681.9201088412649,27,243,0,0
681.9831821412581,80,117,0,0
681.9917425535241,2038,61,0,0
683.0767940453611,11,221,0,0
683.1086842471494,77,680,0,0
683.113818021663,9,72,0,0
683.1196450620897,26,433,0,0
683.1401780836745,116,264,0,0
683.1470147326552,84,190,0,0
683.2221936032762,73,413,0,0
683.2242998096773,301,80,0,0
683.2503782294617,248,237,0,0
683.2949702460436,23,292,0,0
683.3021900157194,59,14,0,0
683.3224202187931,498,108,0,0
683.3234011972644,5,72,0,0
683.3290247623955,210,256,1,0
683.3428633136926,125,193,0,0
683.3592272277955,7,259,0,0
683.363142165171,106,366,0,0
683.3942396791808,52,373,0,0
683.7548439578544,294,175,0,0
684.1318260818376,88,368,0,0
684.1406359951854,61,251,0,0
684.1464129173447,14,167,0,0
684.2078885485537,145,239,0,0
684.2123862290002,29,234,0,0
684.2351418174455,11,402,0,0
684.4199914865698,6,767,0,0
684.4272109953813,452,48,0,0
684.4688202615805,60,733,0,0
684.4749549807825,14,74,0,0
685.0383476561972,105,457,0,0
685.047217278347,14,596,0,0
685.0477936347447,41,180,0,0
685.2519377316444,30,565,0,0
685.2662734854341,525,450,0,0
685.2712833926781,14,178,0,0
685.3102645545765,522,7670,0,1
685.3173839551557,5,25,0,0
685.3207363502208,8150,42,1,0
685.3386751613104,197,310,0,0
685.3434364079286,108,456,0,0
685.3884095020935,89,4920,0,1
685.6322140018509,9,254,0,0
685.7324214037535,31,258,0,0
685.7325024896087,5,2380,0,1
685.7629834301905,43,104,0,0
685.7670858280865,36,767,0,0
685.8276559025915,46,121,0,0
685.8530728855822,44,105,0,0
685.865948875204,20,1540,0,1
685.867692871361,1002,87,0,0
685.8991613761488,23,250,0,0
685.9082236216839,1585,13,0,0
685.9104695710784,884,171,0,0
686.1070129861903,194,484,0,0
686.1774267424902,10,265,0,0
686.1781312005464,359,366,0,0
686.1962892142375,87,483,0,0
686.2457004555278,1443,251,0,0
686.247608899155,11,162,0,0
686.256389027614,111,92,0,0
686.279944068818,570,464,0,0
686.2934376722354,9,335,0,0
687.0490280796322,10,232,0,0
687.1032051358295,31,582,0,0
687.109103328058,102,68,0,0
687.1108851857347,12,465,0,0
687.1457920589488,38,56,0,0
687.2733459498447,42,769,0,0
687.2985089405048,304,362,0,0
687.3881770286129,22,320,0,0
687.3986887746134,52,545,0,0
687.4024459190207,58,170,0,0
687.4658705530924,115,97,0,0
687.465986382036,10,139,0,0
687.5140176113458,2330,103,0,0
687.5406585904389,54,397,0,0
687.5413389991292,14,673,0,0
687.5463823459968,37,379,0,0
687.8065220872483,479,528,0,0
687.8156962016644,2942,5250,1,1
687.8233257730307,6,288,0,0
687.8813837502026,20,196,0,0
687.9043081754336,220,514,1,0
687.920608886573,11,1100,0,1
688.1692544927168,18,291,0,0
689.2703715808358,17,324,0,0
689.2732734143661,13,183,0,0
689.310162715595,6,89,0,0
689.3162729100995,10,230,0,0
689.3666792773946,290,303,1,0
689.3915310816012,74,231,0,0
689.6580988055345,20,350,0,0
689.6627412641062,22,728,0,0
689.6654426090453,15,132,0,0
689.6921779282585,217,118,0,0
689.6971553667086,55,442,0,0
689.7812759583115,13,227,0,0
690.0506857420788,13,226,0,0
690.054652958692,160,28,1,0
690.7886417442915,78,682,0,0
690.8724131379593,837,121,0,0
690.9449501093712,91,2330,0,1
690.9826408695734,774,142,0,0
691.8346240329655,189,272,0,0
691.8355437974952,11,219,0,0
691.8424430063551,17,192,0,0
691.8805783968422,11,100,0,0
692.140334394394,270,220,0,0
692.163462556401,685,769,0,0
692.5079453871452,8,84,0,0
692.5173558835403,9,322,0,0
694.4088675550317,39,397,0,0
694.4228828819071,29,108,0,0
694.4239040182596,8,1820,0,1
694.4239508196457,48,186,0,0
694.4259471286867,554,394,0,0
694.447960151041,1382,68,0,0
694.4835536949896,61,36,0,0
694.4954161261134,57,453,0,0
694.5035910652675,80,119,1,0
694.504251100023,42,243,0,0
695.4787443933242,2528,318,0,0
695.5230606803548,312,758,0,0
695.6014131168538,214,552,0,0
695.6267372992421,510,450,1,0
695.6304576051468,113,267,0,0
696.5580334160446,115,139,0,0
696.6441896691028,24,189,0,0
696.6557689380463,35,767,0,0
696.6759146093616,8,131,0,0
696.6776454541541,8,70,0,0
696.7025956174907,102,483,0,0
696.758162408814,399,6,0,0
696.7587516589757,43,445,0,0
696.7710312582893,11,462,0,0
696.7798259160566,53,5430,0,1
696.8209441077905,9,119,0,0
696.8246296775959,62,404,0,0
696.8498395751611,13,316,0,0
696.9512690038578,55,40,0,0
696.9944910790545,4,218,0,0
697.0821087479841,15,145,0,0
697.0909036599671,24,3800,0,1
697.1619130058145,92,158,0,0
698.2025778747735,1294,238,0,0
698.2239537290915,6,497,0,0
698.3852800713429,49,34,0,0
698.4100884581931,80,488,0,0
698.6474312637597,6,215,0,0
698.7222461707621,183,504,0,0
698.7228698914355,80,492,0,0
698.7292474431632,39,148,0,0
698.7507742143029,36,767,0,0
699.7149062773176,10,235,0,0
699.7177307425588,24,234,0,0
699.7223903908696,87,4500,0,1
699.746881797835,24,705,0,0
699.7543835420317,88,68,0,0
699.754715775828,286,718,0,0
700.5263315689851,209,60,0,0
700.5270455721768,111,151,0,0
700.5397809208165,1425,334,0,0
700.6886539196253,118,653,0,0
700.6975249439184,13,46,0,0
701.4101524257754,19,65,0,0
701.42490713244,353,768,0,0
701.4536156984901,68,777,0,0
701.4586608229001,30,267,0,0
701.4915821644796,25,127,0,0
701.502919577073,138,251,0,0
701.5354627976137,190,245,1,0
701.5384187549909,32,483,0,0
701.5399889506783,1041,194,0,0
701.5660693852303,119,530,0,0
701.5748115631035,1357,185,0,0
701.6065047487218,18,176,0,0
701.912849309215,1730,625,0,0
702.061104550333,65,402,0,0
702.0897424324739,30,112,0,0
702.1006800685715,15,209,0,0
702.1179683502527,7,920,0,1
702.1294823050611,1028,766,0,0
702.1478709160787,25,35,0,0
702.1492179444703,9,334,0,0
702.1807186939848,8,165,0,0
702.2563553333791,16,244,0,0
702.301970522645,15,234,0,0
702.3125612121851,54,337,0,0
702.3634870336659,14,139,0,0
702.3661710087422,524,361,0,0
702.389391644146,10,172,0,0
702.3952979075983,18,404,0,0
702.4293573148295,35,609,0,0
702.4335202052814,177,291,0,0
702.5001009383907,171,313,0,0
702.5011336625626,13,328,0,0
702.5028576083015,15,132,0,0
702.6351031970627,8,264,0,0
702.8145572363628,18,201,0,0
703.0480758517158,21,630,0,1
703.0606384307941,97,306,0,0
703.0717315553135,4,443,0,0
703.0962821765214,11,97,0,0
703.0976352824479,11,281,0,0
703.0987152502743,220,102,1,0
703.1062364861168,638,202,0,0
703.1187674297107,26,159,0,0
703.1748125897371,36,181,0,0
703.1759025846484,51,366,0,0
703.1872113587245,243,11,0,0
703.1916625088165,8,167,0,0
703.1970271199522,256,331,0,0
703.2347103888094,7,11,0,0
703.3972149453974,10,356,0,0
703.41829542505,827,275,0,0
703.7413689694118,1440,768,0,0
703.9814450698151,83,318,0,0
704.0376355479832,21,24,0,0
704.0453303879546,1043,290,0,1
704.1136826247417,22,196,0,0
704.1438677675854,41,3790,0,1
704.2898614535452,95,30,0,0
704.3360706777796,12,180,0,0
704.3869499953229,173,323,0,0
704.5449427323682,13,30,0,0
704.5572527498625,615,105,0,0
704.9432468845172,64,660,0,1
705.4100855725918,8,296,0,0
705.4509225994203,90,457,0,0
705.6298733150915,1071,110,0,0
705.6695516615636,11,159,0,0
705.6822331351614,20,66,0,0
705.6985798330705,42,57,0,0
705.7987800128382,13,288,0,0
705.8271528820167,6,273,0,0
705.8295534142957,549,326,0,0
705.82962637894,130,66,0,0
705.9137440149688,11,35,0,0
706.0887993874734,340,25,1,0
706.2019286558412,415,70,0,0
706.3938823889181,110,301,1,0
706.3965681709191,110,9,1,0
706.4582242435824,6,63,0,0
706.4862540030636,68,42,0,0
706.4863319412808,19,769,0,0
706.4885343348514,150,146,1,0
706.5107799190948,12,285,0,0
706.5179776683668,10,485,0,0
706.8422176721723,28,342,0,0
706.8434573944432,12,742,0,0
706.8455240668573,8,130,0,0
706.8726202880832,9,293,0,0
706.8741548943091,62,23,0,0
706.87453776311,12,286,0,0
706.8845213405996,18,158,0,0
707.1050410026942,11,48,0,0
707.1559396416344,7,75,0,0
707.2146244262889,249,32,0,0
707.2186426586297,13,43,0,0
707.2998179353108,19,106,0,0
707.3132418785082,130,511,0,0
707.3212700842478,115,269,0,0
707.3220813875799,9,19,0,0
707.3593200103141,43,109,0,0
707.3612370547131,18,248,0,0
707.3968751751456,7,181,0,0
707.4056339618104,65,745,0,0
707.428625559548,13,212,0,0
707.4287664337035,5,91,0,0
707.4849761566272,97,372,0,0
707.48750184226,32,265,0,0
707.5801566397544,79,240,0,0
707.5819411227948,13,184,0,0
707.5927810178551,26,372,0,0
707.5943792853701,834,168,0,0
707.5975028216857,16,201,0,0
707.605231261594,81,261,0,0
707.6078764835556,54,445,0,0
707.6959009557694,5,3020,0,1
707.7124997926297,125,357,0,0
707.9075206072254,359,31,0,0
708.0936583167573,15,323,0,0
708.2373442012193,43,291,0,0
708.2716219206675,34,79,0,0
708.2753855975271,450,767,1,0
708.2936113500265,12,178,0,0
708.3025431952706,7,332,0,0
708.3048558767792,15,3620,0,1
708.3051471863074,1004,365,0,0
708.4532071544186,14,194,0,0
708.4963435569856,20,78,0,0
709.1903068004291,415,255,0,0
709.1916667965818,54,340,0,0
709.1947687834614,6,166,0,0
709.2170749060672,7,301,0,0
709.2372561225849,121,55,0,0
709.2433389258425,5,91,0,0
709.3921658663652,48,284,0,0
709.4332885019844,5,100,0,0
709.4372974977584,1385,13,0,0
710.7811540289911,17,767,0,0
711.0336245273712,16,11,0,0
711.5334285849617,65,29,0,0
711.5410374467455,216,80,0,0
712.2391622954506,82,415,0,0
712.2395453815412,43,169,0,0
712.2632509179494,39,74,0,0
712.2696998439087,65,34,0,0
712.3384082751483,40,216,1,0
712.3984027921823,62,770,0,0
712.3992641939375,121,135,0,0
712.4006302732892,1160,345,0,0
712.6573959863011,112,336,0,0
712.6712569983575,45,419,0,0
712.6720651272111,177,578,0,0
712.7783115610637,141,52,0,0
713.4846965241,10,651,0,0
713.5151618973139,42,205,0,0
713.5591348844841,26,338,0,0
713.636402852434,73,329,0,0
713.6384455953507,15,305,0,0
713.6585927952071,5,92,0,0
713.8678022911364,29,82,0,0
713.8827938001444,37,169,0,0
713.9614489969965,141,312,0,0
713.9667122738613,110,2780,0,1
713.9711235324019,6,274,0,0
713.9770412238657,33,390,0,0
714.0103987492843,15,14,0,0
714.2528030969664,10,480,0,0
714.2579557957434,160,8,1,0
718.1460628815299,71,321,0,0
718.147182208459,26,164,0,0
718.1511050789178,23,402,0,0
718.1735239634991,43,241,0,0
718.1867715575498,7,21,0,0
718.2300099349695,25,122,0,0
718.6551646315246,1382,29,0,0
719.387785926868,7,62,0,0
719.3897460832078,829,39,0,0
719.3930134695905,8,2010,0,1
719.4027536370137,93,66,0,0
719.4153231554302,40,342,0,0
719.6585584802609,14,97,0,0
719.6590984405472,8,113,0,0
719.6613896092788,4,185,0,0
719.7214207386564,309,572,0,0
719.7251763512872,4,36,0,0
719.7450016895152,318,522,0,0
720.2522729408477,611,59,0,0
720.3718303347207,18,109,0,0
720.391587069946,75,235,0,0
720.407541210358,45,220,0,0
720.6831721695079,68,48,0,0
720.6936317907446,7,19,0,0
720.731750963329,2020,254,1,0
720.7393512323874,1010,3920,1,1
724.4553667205922,15,272,0,0
724.4564603372027,123,462,0,0
724.7369363150787,30,140,0,0
724.8179975679078,14,168,0,0
725.7652268661074,13,193,0,0
725.8763428720333,10,133,0,0
725.8857178503431,190,288,1,0
725.9115041151138,1894,240,0,0
725.9406350167327,17,85,0,0
725.9436949738026,542,431,0,0
725.95298637636,155,357,0,0
725.9709781433339,156,749,0,0
725.9852390949064,4,203,0,0
725.9993094450626,4,390,0,1
726.000574652987,99,290,0,0
726.4165623255399,77,457,0,0
726.4177337460758,130,43,1,0
726.5821105766004,15,220,0,0
726.7235851432849,107,53,0,0
726.7298128866206,15,251,0,0
726.7344235460631,430,425,1,0
726.7630545069147,701,360,0,0
726.7648398118599,15,37,0,0
726.7677010816715,929,5,0,0
726.808227245883,5,10,0,0
726.8247784152527,18,52,0,0
726.8761966782872,22,292,0,0
727.3161620112454,17,262,0,0
727.325611283773,49,513,0,0
727.3472818219245,235,232,0,0
727.3521891181784,52,190,0,1
727.3556495279901,9,3800,0,1
727.3609236303118,49,262,0,0
727.5043678844578,704,436,0,0
727.5378038069894,255,106,0,0
727.5465434666156,7,264,0,0
727.5606600235623,96,160,0,0
727.5852935537694,17,299,0,0
727.607873010232,89,17,0,0
727.9674646145412,7922,270,1,0
728.3746625302116,6,1710,0,1
728.402576061686,303,407,0,0
728.4100375350354,55,137,0,0
728.4374557121259,193,767,0,0
728.822993131494,228,81,0,0
729.1812578975838,10,429,0,0
729.2297659123853,14,90,0,0
729.4415803929134,25,22,0,0
729.5508041190903,11,378,0,0
730.6039012552322,21,3260,0,1
731.2584376159771,14,238,0,0
731.265243998993,1701,344,0,0
731.2689319142062,515,383,0,0
731.2694537601249,8183,9,1,0
731.3060603281581,100,518,0,0
731.3263909807138,57,312,0,0
731.5751829158669,1299,176,0,0
731.579144610189,318,787,0,0
731.5810944312,39,25,0,0
731.5914824146793,428,158,0,0
731.6307754428992,103,67,0,0
731.7260213605126,7,200,0,0
731.7283395089548,83,492,0,0
731.7562186270833,12,20,0,0
731.7570465457593,14,108,0,0
731.7612519076249,53,228,0,0
731.7636229676256,568,263,0,0
732.0680618986714,17,181,0,0
732.1652711939595,68,118,0,0
732.7291036195384,19,280,0,0
732.7302194369706,55,325,0,0
732.8934741119917,29,216,0,0
732.9135751196204,39,1480,0,1
732.9328699345104,13,194,0,0
732.948403574927,10,182,0,0
732.9636653131291,53,442,0,0
732.9639722697138,12,113,0,0
732.9750981126823,416,328,0,0
732.9777368837124,35,381,0,0
733.0089498184442,17,620,0,0
733.0541755646025,19,146,0,0
733.0644049819509,1075,611,0,0
733.0744392706168,15,178,0,0
733.1028236361999,8,575,0,0
733.1048344179007,57,382,0,0
733.4440462310434,11,235,0,0
733.4958255395154,10,73,0,0
733.5050608044451,6,173,0,0
733.5104643254116,169,305,0,0
733.6019926407475,7,323,0,0
733.621971563775,338,71,0,0
733.9332861129107,2044,331,0,0
734.0095560636603,191,431,0,0
734.051079317042,581,632,0,0
734.1050212345181,101,747,0,0
734.357106758611,14,359,0,0
734.4121496329424,5,165,0,0
734.5332047759782,207,696,0,0
734.5604487285898,8,265,0,0
734.567091086974,5000,133,1,0
734.6062034993502,7,251,0,0
734.6145547808688,15,183,0,0
734.6156200165586,5,217,0,0
734.6646642618924,61,345,0,0
735.4495162046564,56,330,0,0
735.612003804088,24,153,0,0
735.6305589019804,5,9,0,0
735.7508593426044,677,56,0,0
735.7539545189106,12,300,0,0
735.7656380356515,42,266,0,0
735.7667888455255,104,364,0,0
735.7737060015759,80,493,0,0
735.9164574931583,522,7670,0,1
735.9184538062742,12,56,0,0
735.9234161924177,12,465,0,0
735.923526712093,25,285,0,0
735.9252523253406,1055,405,0,0
735.9335962759253,84,772,0,0
736.5021770558673,133,235,0,0
736.5096968239765,16,301,0,0
738.6362480874637,646,266,0,0
738.642692433498,81,767,0,0
738.6478168476153,15,141,0,0
738.7567375159736,10,197,0,0
739.110125588418,7601,591,1,0
739.1284901197591,325,398,0,0
739.1301391225738,71,771,0,0
740.0235212330874,138,91,0,0
740.0323681922252,7,76,0,0
740.0522170113456,109,355,0,0
740.0589877177412,132,282,0,0
740.1228730744261,450,31,1,0
740.1247741426699,71,577,0,0
740.2055321708177,24,407,0,0
740.2295159583465,19,91,0,0
740.2482547704768,50,500,0,0
740.2552232387087,81,325,0,0
740.2607956414794,418,3420,0,1
740.2664056814318,111,194,0,0
740.3102669558044,17,356,0,0
740.5902822753021,12,210,0,0
740.5970531390075,10,335,0,0
740.5983810699048,29,221,0,0
740.6093482656912,38,99,0,0
740.6652551207285,6,212,0,0
740.6926212161684,16,406,0,0
740.7195358727799,29,513,0,0
740.7314715245838,8,52,0,0
740.9033524267064,38,59,0,0
740.9511678487981,19,776,0,0
741.0329385028485,15,296,0,0
741.2007508596054,136,78,0,0
741.2294197761197,219,410,0,0
741.9493268637171,375,767,0,0
741.9618824781726,32,310,0,0
741.9849917668628,11,330,0,1
742.000298094098,5,319,0,0
742.0899232005963,8,199,0,0
742.1511169242378,33,211,0,0
742.1565990463209,10,222,0,0
742.2328817039773,17,397,0,0
742.2368988782972,30,163,0,0
742.2412542092982,60,371,0,0
742.2572780615991,7,21,0,0
742.26479470588,12,242,0,0
742.2743141474418,17,519,0,0
742.3084707838825,938,219,0,0
742.3896875493507,35,441,0,0
742.4010616240416,66,211,0,0
742.4298621926625,193,73,0,0
742.4567841154834,22,144,0,0
742.4575323521236,4,14,0,0
742.5019584374003,187,2720,0,1
742.5020995675897,9,81,0,0
742.5051880278966,212,130,0,0
742.5122650303421,8,278,0,0
742.525153233024,55,382,0,0
742.5330650861537,44,339,0,0
742.5355979368388,14,203,0,0
742.8901902403666,954,172,0,0
742.8922364926261,905,765,0,0
743.516790163473,19,26,0,0
743.5169372313896,1349,163,0,0
743.5918491974346,24,122,0,0
743.7412026435087,1987,381,0,0
743.7436001190966,5,241,0,0
743.7463521146581,36,767,0,0
743.7504776235744,5,73,0,0
743.7523982588823,16,301,0,0
743.7971542172787,33,501,0,0
743.8175549444891,24,184,0,0
743.8181300437458,7771,421,1,0
743.8627313979184,858,678,0,0
743.9414321262409,19,9,0,0
743.9534287192674,4,25,0,0
744.0035554445491,4,721,0,0
744.0037082440025,387,49,0,0
744.0221456907472,2176,12,0,0
744.172564563684,17,405,0,0
744.1733702775662,271,368,0,0
744.204912309007,300,237,1,0
744.2060302313063,40,364,0,0
744.2084092072033,237,140,0,1
744.2104108832694,16,349,0,0
744.2177342534434,10,133,0,0
744.2620544158866,33,6530,0,1
744.2745978842117,710,357,0,0
744.402130408136,533,185,0,0
744.4329222279581,15,509,0,0
744.4598663052861,11,460,0,0
744.4857744046483,13,496,0,0
744.4894245124234,13,84,0,0
744.5582830041928,14,226,0,0
744.5832803334025,1278,769,0,0
744.5891699164016,6,215,0,0
744.5917256898211,70,27,1,0
744.6326333480115,5,38,0,0
744.6445804431519,81,360,0,0
744.7276552889463,630,774,1,0
744.7639392035336,201,122,0,0
744.7699393263118,78,325,0,0
744.8225227122605,107,52,0,0
744.8370982826652,12,96,0,0
744.9626060798576,29,270,0,1
744.9752612336646,9,295,0,0
745.0028307887337,163,212,0,0
745.0205730864465,8,767,0,0
745.0283937873684,21,308,0,0
745.0385645154263,40,39,0,0
745.0397064044582,604,127,0,0
745.0527076308905,5,69,0,0
745.0658571722621,17,219,0,0
745.0701417347689,77,23,0,0
745.1217596186683,81,171,0,0
745.1223566184316,22,3300,0,1
745.1239047800977,195,117,0,0
745.1751650364907,17,233,0,0
745.1759365547234,6,33,0,0
745.1773794042283,3529,103,0,0
745.1951157362447,16,166,0,0
745.2125670067101,1315,743,0,0
745.2150599198401,34,389,0,0
745.217376229481,115,484,0,0
745.2177233378499,204,148,0,0
745.2232496389561,1041,47,0,0
745.2311958207213,15,335,0,0
745.2343104494539,954,435,0,0
745.3790966897392,10,85,0,0
745.3864305202624,54,373,0,0
745.38754018364,676,646,0,0
745.3914435763776,25,452,0,0
745.9277064606506,6,195,0,0
745.9653267985373,17,138,0,0
745.9705768535819,16,85,0,0
745.9709321070379,49,139,0,0
745.9797124056186,5,62,0,0
745.9805193233201,39,122,0,0
745.9927813812477,29,99,0,0
746.2540781872533,55,186,0,0
746.266136186209,29,769,0,0
746.2739902197974,180,21,1,0
746.4916500920684,56,31,0,0
746.4966729668599,9,251,0,0
747.7322451907188,587,396,0,0
747.7499576553055,25,290,0,1
748.1310192832076,10,61,0,0
748.1966097866342,625,635,0,0
748.2039594946611,35,550,0,0
748.3825293232591,25,161,0,0
751.0908261555852,14,195,0,0
751.4197663316027,43,360,0,0
751.6683322978387,52,386,0,0
751.7212681449325,7,525,0,0
751.7683720839049,97,572,0,0
751.7683885677098,48,307,0,0
751.7727224556625,18,222,0,0
751.7905024437381,27,249,0,0
751.8987441329338,181,302,0,0
751.9546542776997,32,429,0,0
751.956947355087,83,236,0,0
751.9627810178239,6,267,0,0
751.9648403993644,5,205,0,0
751.9714851741599,8,11,0,0
751.9816448668191,30,342,0,0
752.0100670288876,1312,438,0,0
752.0117701397007,55,880,0,1
752.0758449484606,46,62,0,0
752.0797540422791,19,266,0,0
752.0827724950143,24,194,0,0
752.1547820225132,19,137,0,0
752.1558696642318,17,230,0,0
752.1574343171948,166,248,0,0
752.1765386060594,8,322,0,0
752.1950777487139,86,31,0,0
752.1997701725787,144,457,0,0
752.2060776794759,88,101,0,0
752.3751298142569,6,9,0,0
752.4759663261777,2308,69,0,0
752.4788157451553,20,3230,0,1
752.4969987859605,10,318,0,0
752.5729792029188,27,514,0,0
752.5751624399212,1273,367,0,0
752.5852816900996,761,13,0,0
752.5886084352361,29,19,0,0
752.691014780736,87,101,0,0
752.6984416725041,16,200,0,0
752.7022549485094,12,263,0,0
753.145563563267,75,276,0,0
753.1459154788757,21,2460,0,1
753.1499653585598,140,45,1,0
753.1580042721705,6,316,0,0
753.1786790283995,70,745,0,0
753.2225576584773,18,4390,0,1
753.2232537689933,839,434,0,0
753.228710539657,19,95,0,0
753.264977762173,904,309,0,0
753.268001559877,119,385,0,0
753.2710383500496,23,529,0,0
753.688678944961,17,9,0,0
753.6911497423495,82,431,0,0
753.8252138483849,106,775,0,0
753.8347723418589,20,19,0,0
753.8479596109199,71,207,0,0
753.8512881526208,23,458,0,0
753.886578840624,88,161,0,0
753.8946216056328,33,231,0,0
753.9009616856687,29,378,0,0
753.989591151923,8,84,0,0
753.9944635068662,1568,82,0,0
754.0461655057658,249,182,0,0
754.1610562686396,277,767,0,0
754.1956718705496,36,308,0,0
754.3828761922211,6,125,0,0
755.9096501641452,27,766,0,0
755.9176218650786,97,543,0,0
755.9189164163123,30,92,0,0
756.039931369723,70,198,1,0
756.0408663276974,4,112,0,0
756.797645285964,8,613,0,0
756.8324520428415,126,398,0,0
756.8327420744902,14,55,0,0
756.866262941183,24,299,0,0
756.8917416610269,13,368,0,0
756.902176556104,348,272,0,0
756.9125385725642,33,281,0,0
756.9183898983641,45,362,0,0
756.923205912038,155,353,0,0
757.1037741046117,8,54,0,0
757.6173275882815,5,62,0,0
757.6242609899884,1430,22,0,0
757.6641946133709,44,345,0,0
757.6985676446081,18,256,0,0
757.736678374444,374,266,0,0
757.7373947809916,24,135,0,0
757.7411667110848,12,654,0,0
757.7871722672754,9,114,0,0
758.2240413707041,20,7640,0,1
758.2324860366513,7,173,0,0
758.2337123991499,376,17,0,0
758.2365747444798,10,157,0,0
758.2865760441784,201,766,0,0
758.2932320843696,23,150,0,0
758.8168283285588,290,127,1,0
758.820769515641,9,358,0,0
758.8248713899311,9,129,0,0
758.8251795080051,1496,124,0,0
758.9141620043987,8,90,0,0
758.9214549579899,190,195,0,0
758.9384857624974,205,369,0,0
759.0207314241669,11,27,0,0
759.0573767568129,12,254,0,0
759.1549362554348,39,277,0,0
759.1616915836305,15,216,0,0
759.177784151417,714,187,0,0
759.1918258970788,30,321,0,0
759.1940324406384,2330,103,0,0
759.2454172175951,33,653,0,0
759.2474618649314,12,27,0,0
759.2950628636752,15,3080,0,1
759.5247721784075,55,186,0,0
759.52655996006,239,160,0,0
759.5300630672325,17,91,0,0
759.5313411960575,15,242,0,0
759.7295748881038,26,171,0,0
759.7357452296903,24,223,0,0
760.0713760408854,2027,92,0,0
760.0721360542,7,306,0,0
760.094885550102,130,570,1,0
760.0968988757876,212,158,0,0
760.1693008174303,9,770,0,0
760.191646359213,139,713,0,0
760.2362128461127,7,91,0,0
760.2481563090479,12,453,0,0
760.2795661583148,9,21,0,0
760.2884537964079,132,443,0,0
760.5235019278274,70,291,1,0
760.5368462251482,17,113,0,0
760.5437973102745,12,277,0,0
760.5450739871862,12,382,0,0
760.5515972511306,32,621,0,0
760.5877782853532,12,38,0,0
760.5989357275546,71,9,0,0
760.608609990974,16,340,0,1
760.6116182715363,379,365,0,0
760.6712099923042,420,429,0,0
760.7187474017942,14,144,0,0
760.7311352137896,20,396,0,0
761.5168214207541,31,4740,0,1
761.5272329017902,11,117,0,0
762.5142652008835,32,149,0,0
762.5169363207083,23,184,0,0
762.5169979723853,5,84,0,0
762.5171803171239,22,128,0,0
763.9549136978138,8,18,0,0
763.9853078440475,597,188,0,0
763.9918833751934,4,186,0,0
763.9931281699912,10,282,0,0
763.9981682395251,1443,136,0,0
764.0157261601604,12,300,0,0
764.7573711478943,10,642,0,0
765.0061321789167,24,205,0,0
765.0084732267311,26,990,0,1
765.0143016941385,5,283,0,0
765.6135344765943,37,104,0,0
765.6190958063788,49,257,0,0
765.6212153789186,11,280,0,0
765.6792580674328,26,507,0,0
765.6924548204606,19,75,0,0
765.712044312648,14,93,0,0
765.7138208883414,6,34,0,0
765.7163579115257,203,414,0,0
765.777815418542,15,6640,0,1
765.7844260302847,5,394,0,0
765.7896121154691,795,337,0,0
765.7921472293358,11,30,0,0
765.9715552697726,15,49,0,0
765.9768810017733,10,253,0,0
766.110271449307,5,840,0,1
766.1140533109069,8,256,0,0
766.128231385916,71,321,0,0
766.2105426911797,6,2660,0,1
766.2399480552122,8,307,0,0
766.2422203608378,92,606,0,0
766.2907194516315,12,342,0,0
766.2950416926591,6,294,0,0
766.4305265145681,19,343,0,0
766.7944094364929,18,168,0,0
767.011634171335,102,323,0,0
767.0222173797608,10,290,0,0
767.0257699336473,34,262,0,0
767.1176821247394,10,320,0,0
767.1254727537289,884,171,0,0
767.1282725716818,41,244,0,0
767.1380244890719,16,42,0,0
767.1485009707902,34,316,0,0
767.1620494618254,959,4,0,0
767.2683119092352,33,101,0,0
767.2744045859123,39,177,0,0
767.3045086309409,15,74,0,0
767.3775941444314,9,337,0,0
767.3808298101234,462,73,0,0
768.5288271477082,350,281,0,0
768.5400147052051,7,234,0,0
769.010592876149,128,820,0,0
769.0128594604754,560,338,0,0
769.0140404936188,86,487,0,0
769.0534753861284,70,27,0,0
769.0543596039272,24,73,0,0
769.0554945081307,7,101,0,0
769.0818086466795,94,341,0,0
769.2814555472346,18,206,0,0
769.3022600900537,16,186,0,0
769.6766344943477,3181,17,0,0
769.6790546071683,7,93,0,0
769.6816009032885,20,154,0,0
769.6976266940402,10,637,0,0
769.703245560666,14,394,0,0
769.7068105258033,28,42,0,0
769.7979502622717,107,772,0,0
769.9826494268588,16,361,0,0
769.9849278312581,121,263,0,0
770.0359659314023,882,529,0,0
770.0424338310759,27,422,0,0
770.0437444732383,3637,377,0,0
770.23828371209,1208,240,0,0
770.2409641810547,320,240,0,0
770.2477597426877,27,190,0,0
770.2625682834542,2792,580,0,0
770.4702838156024,17,385,0,0
770.4799531505197,7,81,0,0
770.4825603132555,21,397,0,0
770.5006695269514,50,265,0,0
770.5926615198978,126,111,0,0
770.6196540552723,119,423,0,0
770.627538097683,1498,549,0,0
770.630002235525,19,374,0,0
770.6328505908108,108,95,0,0
770.6747812227991,17,265,0,0
770.6771574569852,63,254,0,0
770.7370538185836,5,191,0,0
770.7476309957134,10,51,0,0
770.793961575491,218,88,0,0
770.79706637136,8,253,0,0
770.8034722305417,499,245,0,0
770.8361690504458,31,349,0,0
770.9029097492114,10,233,0,0
770.9032138443557,22,357,0,0
770.9610910572823,32,252,0,0
770.9654172339901,50,34,0,0
771.1521854212042,26,70,0,0
771.2839842556783,60,230,0,0
771.3104711432223,17,344,0,0
771.4999636137884,588,335,0,0
771.5016864537213,43,445,0,0
771.5052017446297,35,273,0,0
771.5540980353641,155,463,0,0
771.6215138757725,34,199,0,0
771.6453369945668,20,245,0,0
771.6657194301337,14,203,0,0
771.6866884821832,95,231,0,0
771.971176810275,42,74,0,0
771.9731064596536,185,178,0,0
771.9751506353354,11,117,0,0
771.9861871858132,8,37,0,0
771.9915715172999,17,233,0,0
772.0187524746917,101,192,0,0
772.0423652817573,20,310,0,0
772.0467046811253,19,315,0,0
772.0470757199486,1281,502,0,0
772.0481244320322,10,167,0,0
772.0867759032992,9,27,0,0
772.1266621446955,759,23,0,0
772.1346062952529,15,213,0,0
772.1593543580204,6,287,0,0
772.3022094419651,80,56,0,0
772.3379480691855,504,85,0,0
772.3396297845434,86,211,0,0
772.347538982886,52,674,0,0
772.351623616852,26,232,0,0
772.3573451325182,44,113,0,0
772.377167835296,57,157,0,0
772.3858922783435,7,153,0,0
772.3988133152541,41,718,0,0
772.4694256451543,5,244,0,0
772.5773592421244,230,334,1,0
773.7016494331872,606,303,0,0
773.7101892278494,120,304,0,0
773.7395388247974,27,468,0,0
773.7416781617457,159,134,0,0
773.7467183672505,15,14,0,0
773.747623698829,135,7670,0,1
778.955571826546,4,180,0,0
778.9591066211569,675,714,0,0
779.0291076411695,31,605,0,0
779.1310246477958,47,37,0,0
782.9093114581157,443,386,0,0
783.0347478797295,13,94,0,0
783.0406877930907,287,113,0,0
783.0709946147614,13,515,0,0
783.0766124024643,7,89,0,0
783.0816183474992,18,166,0,0
783.0842570520891,12,2030,0,1
783.1260563500854,11,397,0,0
783.1306831844103,297,99,0,0
783.1716054254317,93,103,0,0
783.2248356605844,33,150,0,0
783.2268790933376,159,273,0,0
783.2309523876298,530,156,1,0
783.2454390495649,23,266,0,0
783.2506617623256,23,139,0,0
783.3038729553532,69,270,0,0
783.3044070993903,59,4050,0,1
783.3649153593701,50,389,0,0
783.5220772789628,2470,489,1,0
783.52827352157,536,520,0,0
783.5284047806372,68,370,0,0
783.5697604182676,15,761,0,0
783.7563218251602,47,25,0,0
784.0573928282286,15,262,0,0
791.1579327921904,76,138,0,0
791.5066385879455,9,282,0,0
791.5123106017652,1522,8,0,0
791.5128402238437,152,2640,0,1
791.5199753819385,258,261,0,0
791.523628717288,31,243,0,0
791.5248869949263,162,281,0,0
791.5352774889828,35,316,0,0
791.5417788558277,23,98,0,0
792.0243244819588,26,134,0,0
792.026011381237,10,421,0,0
792.0261690920261,7,153,0,0
792.0270170022998,8,255,0,0
792.0324871479221,21,285,0,0
792.0332882466731,1005,671,0,0
792.1778642586864,7,29,0,0
792.2596819920722,741,131,0,0
792.2949005310368,101,195,0,0
792.295627600419,13,517,0,0
792.298034570749,67,403,0,0
792.3518124268929,108,1100,0,1
793.0574362175223,15,288,0,0
793.0800641691587,13,112,0,0
793.2611521084376,12,115,0,0
793.3106890831218,105,82,0,0
793.3198557377447,492,278,0,0
793.4478652306093,29,171,0,0
793.6120651237879,17,316,0,0
793.6162112429457,13,180,0,0
793.6169136986155,15,108,0,0
793.6213165491195,38,451,0,0
794.0637887575526,146,127,0,0
794.1100865858074,103,405,0,0
794.1483321751884,49,545,0,0
794.1886909412564,3620,148,1,0
794.2394005077639,27,554,0,0
794.2538921120378,88,729,0,0
794.2557088544564,8,229,0,0
794.2565604779348,23,132,0,0
794.2613929538638,31,27,0,0
794.2772321187676,4,11,0,0
794.3787506069701,45,103,0,0
794.3797188857988,1580,365,1,0
795.25337700205,40,390,0,0
795.263003132821,48,45,0,0
795.2704555289608,19,555,0,0
795.3663265820667,5,151,0,0
795.3772648150716,1705,610,0,0
795.3936612645036,340,269,0,0
795.4605942372135,403,161,0,0
795.4627353363938,20,1260,0,1
795.463103396458,870,96,1,0
795.5535715373893,11,280,0,0
795.5574873345638,52,58,0,0
795.5848092296208,23,2540,0,1
795.7765908508861,35,139,0,0
795.7771440906271,999,272,0,0
795.7874449287216,23,203,0,0
795.8815291392796,1579,748,0,0
795.8887737550098,117,764,0,0
795.9029779460706,21,386,0,0
795.9092240562271,7,1480,0,1
795.9126716767469,11,249,0,0
796.2485561886948,8,283,0,0
796.5075111834615,59,60,0,0
796.5254602639396,364,370,0,0
796.5411212768283,7,2780,0,1
796.5973589108838,14,510,0,0
796.6113026028469,13,468,0,0
796.6740873465103,95,621,0,0
796.676506269863,327,198,0,0
796.6992397419833,30,254,0,0
796.751643333062,27,104,0,0
796.7568392524936,127,14,0,0
796.7653062573537,14,95,0,0
796.7728954925226,138,601,0,0
796.7756779221985,38,171,0,0
796.7788539734917,38,20,0,0
796.7844866785322,107,269,0,0
796.8502835442655,36,47,0,0
796.8528481078675,18,344,0,0
796.8915279810072,3004,622,0,0
796.902191209134,15,89,0,0
796.9572767869374,21,283,0,0
797.2722652095457,24,408,0,0
797.4507884687341,24,408,0,0
797.5145432090919,9,253,0,0
797.693845018096,18,172,0,0
797.6998326784675,959,34,0,0
797.7247769180669,54,142,0,0
797.8021788720647,663,77,0,0
797.8199539097049,8,244,0,0
797.8301761506958,200,188,0,0
798.0927673239437,230,309,0,0
798.0953421122568,28,509,0,0
798.1231957746122,13,62,0,0
798.1251594974424,21,90,0,0
798.1274324829891,1070,396,0,0
798.1328763910707,12,135,0,0
798.2422067744861,52,641,0,0
798.2481645595897,259,683,0,0
798.2543829405248,22,332,0,0
798.3641723324434,664,767,0,0
798.3648914491889,38,297,0,0
799.1207236570777,1579,115,0,0
799.1494201086962,653,468,0,0
799.15193465265,8,89,0,0
799.2056366525463,184,5,0,0
799.2157442723604,24,670,0,0
799.2760073167146,40,620,0,0
799.3078431833471,7940,252,1,0
799.3113609175232,8,217,0,0
799.318957731373,68,42,0,0
799.335861181678,9,398,0,0
799.3462258165163,47,3120,0,1
799.3610606184856,52,80,0,0
799.4712952906893,10,517,0,0
799.5303761748032,45,34,0,0
799.5408841488428,2246,188,0,0
799.5411479934398,5016,360,0,0
799.547769190954,11,440,0,0
799.554399030136,29,162,0,0
799.5550532273676,105,127,0,0
799.5774656564362,12,326,0,0
799.6836567337766,330,425,0,0
799.7957521687201,27,226,0,0
799.8897348037685,39,330,0,0
799.890559154886,152,229,0,0
799.8961349148151,98,347,0,0
799.9512072416126,18,308,0,0
799.9630229419827,38,715,0,0
799.9652212247845,2784,191,0,0
800.1279560658361,21,369,0,0
800.4986769158935,18,193,0,0
803.8971098123812,231,223,0,0
803.9064343863738,2350,327,0,0
803.906813213611,1732,767,0,0
804.0600939464858,9,265,0,0
804.0710883106499,17,288,0,0
804.0836832431772,73,233,0,0
804.1121776896148,116,479,0,0
804.1216200326846,92,97,0,0
804.126105620597,79,331,0,0
804.1346244012847,5,63,0,0
804.1826654855589,39,330,0,0
804.2092666249392,12,112,0,0
804.4565336558247,36,417,0,0
804.4609344405301,127,26,0,0
804.473072623361,410,293,1,0
804.5140896623491,60,494,0,0
804.548998303548,4,104,0,0
804.7500953762726,20,176,0,0
804.7740533745725,89,209,0,0
804.8524649944958,96,240,0,0
804.8598713961544,24,439,0,0
804.8636770803611,18,70,0,0
804.9552021151874,103,398,0,0
804.9887836292348,70,292,0,0
805.0145209273563,7795,397,1,0
805.0377642359391,141,312,0,0
805.1088005437251,19,141,0,0
805.1167888534939,5,339,0,0
806.5896419251469,80,2390,1,1
806.5912395022589,341,157,0,0
806.5959798000955,130,699,0,0
806.6037364802095,17,269,0,0
806.7490759149932,10,96,0,0
806.7493879955135,5,93,0,0
806.7688775231867,216,100,0,0
807.065367467972,18,318,0,0
807.2076354759013,42,770,0,0
807.2347578366054,154,204,0,0
807.3006536398034,31,98,0,0
807.3406408969947,8,326,0,0
807.3684950427505,833,769,0,0
807.3757982791151,11,534,0,0
807.3798042788582,15,111,0,0
807.3825300901498,118,225,0,0
807.5081322550935,9,447,0,0
807.5100757477743,161,668,0,0
807.5164787560648,334,88,0,0
807.5181772206405,87,177,0,0
807.6352835788034,25,127,0,0
807.6690223550142,53,100,0,0
807.6782386699833,8,266,0,0
807.6803743459889,263,34,0,0
807.7252875845155,92,97,0,0
807.7742189096596,9,316,0,0
807.7968379165789,168,253,0,0
807.8453050949727,15,417,0,0
807.8686519143836,3327,129,0,0
807.9013303166389,42,154,0,0
807.905429000676,61,140,0,0
807.9123397639283,8,492,0,0
807.9194238809016,9,289,0,0
807.9483085823524,35,306,0,0
809.4460495878237,68,700,0,1
809.4485935794262,137,575,0,0
809.5577350821957,30,446,0,0
809.5798818171527,82,54,0,0
809.6209397078517,67,217,0,0
809.6706285305148,47,644,0,0
809.6884610488424,524,361,0,0
809.6917811664279,6,70,0,0
809.7381879509508,16,291,0,0
809.7609532015679,22,750,0,0
809.8648482055888,12,22,0,0
809.865282856452,57,162,0,0
809.8764629427662,1188,68,0,0
809.911461042684,8,348,0,0
809.9502319106853,64,346,0,0
810.0032232145921,19,395,0,0
810.0421666992672,11,71,0,0
810.155836914656,88,368,0,0
810.2258885112798,33,655,0,0
811.6457612456364,11,223,0,0
811.6472640329733,21,90,0,0
811.6500171790772,131,243,0,0
811.6536670382421,13,503,0,0
811.66203273828,14,387,0,0
811.6664093431898,55,258,0,0
811.6694804090076,165,768,0,0
811.6734875139279,510,580,1,0
811.7133254215655,293,241,0,0
811.7250292120974,89,121,0,0
811.7300654186955,10,116,0,0
811.730994807649,347,215,0,0
811.7522319741297,34,116,0,0
811.7530627971387,7,304,0,0
811.9183073242277,169,52,0,0
811.9479150239396,20,2230,0,1
812.8092557705323,327,298,0,0
812.8106241952498,10,202,0,0
813.1539477447707,18,259,0,0
813.1548875858854,125,422,0,0
814.2041320002742,175,316,0,0
814.207462904491,17,509,0,0
814.2198429720818,490,535,0,0
814.2334526510793,10,232,0,0
814.7774299357898,7,3660,0,1
814.778968506909,140,300,1,0
815.182253378276,112,216,0,0
815.2889305082882,572,110,0,0
815.3011828853239,16,469,0,0
815.4341586652769,22,189,0,0
815.4747489782893,14,64,0,0
815.5614328186188,20,66,0,0
815.5900352480352,142,514,0,0
815.6236484944907,8,287,0,0
815.6269024520183,14,495,0,0
815.6302736880244,4,300,0,0
815.6340170661892,43,384,0,0
815.6365021195187,620,185,0,0
815.7462778220063,36,208,0,0
816.2475329408638,1354,255,0,0
816.2582354010852,10,690,0,0
816.4513273364105,165,45,0,0
816.4520039922894,209,210,0,0
816.4638115734834,7,337,0,0
816.4905495678668,98,113,0,0
816.5045898735854,835,527,0,0
816.6003619449608,522,7670,0,1
816.6963637770461,32,55,0,0
816.8180488353954,17,106,0,0
816.8285305248971,13,261,0,0
819.6782619534833,10,104,0,0
819.697174846323,182,31,0,0
819.7478955721465,16,625,0,0
819.7661961935019,1780,81,0,0
819.88419730316,25,294,0,0
819.9048462894463,83,40,0,0
819.9095761681232,26,274,0,0
819.9953360041309,20,167,0,0
820.1404440599747,83,561,0,0
820.1812159182268,10,266,0,0
820.1859552202145,815,351,0,0
820.2706800984805,514,111,0,0
820.2843516282855,15,27,0,0
820.2919749620772,19,215,0,0
820.2997900312059,104,300,0,1
820.3024296404512,5,66,0,0
820.3028011482703,4,261,0,0
820.3388090036284,65,159,0,0
820.3563591106923,38,174,0,0
820.3570496191343,76,433,0,0
820.4497276960562,529,1710,0,1
820.4883947780273,11,170,0,0
820.5015707882047,44,177,0,0
820.5629792169842,12,306,0,0
820.5665337773294,7,300,0,0
820.5715724449545,442,3530,0,1
820.5755340102024,8,220,0,0
820.579277860518,44,181,0,0
820.5957891515957,11,233,0,0
820.5997872807493,18,130,0,0
820.6717599952763,14,663,0,0
820.7619409417024,4,212,0,0
820.9067270832098,31,90,0,0
820.9125915343292,14,96,0,0
820.9276414885824,52,302,0,0
820.9842278166609,16,494,0,0
820.9887558855104,13,470,0,0
821.1062877391557,13,399,0,0
821.1666053702137,13,321,0,0
823.3161205973129,10,149,0,0
823.3247639467315,197,700,0,0
823.5006441026951,388,768,0,0
823.5887767024793,261,319,0,0
823.5922891080047,12,240,0,0
823.5937086266773,17,149,0,0
823.6253957675686,92,271,0,0
823.7022911432841,858,289,0,0
823.717622424714,21,370,0,0
823.7187046970533,22,267,0,0
823.8473348088163,287,280,0,1
823.9182722003974,1937,159,0,0
823.9807837909882,11,103,0,0
824.3477398555407,6,316,0,0
826.1793560215187,30,148,0,0
826.231234703299,1555,43,0,0
826.3460544675481,508,760,0,0
826.4126715921757,13,204,0,0
826.4484275101001,20,238,0,0
826.6336930616169,60,683,0,0
826.6755572597705,73,702,0,0
826.7495100417323,19,317,0,0
827.6819085589019,13,214,0,0
828.7959447301962,153,464,0,0
828.796340867483,33,498,0,0
829.3029191725293,12,292,0,0
829.3309434936546,7,265,0,0
829.3355823524988,23,2300,0,1
829.3517300238884,41,236,0,0
829.3518567226749,36,479,0,0
829.3561096038637,16,278,0,0
830.5696216108274,21,616,0,0
830.6453108853314,59,159,0,0
830.6589051406614,85,249,0,0
831.1281523283413,11,306,0,0
831.1297052906151,21,216,0,0
831.1756078635575,2421,314,0,0
831.1773851534285,1953,279,0,0
831.2485325236794,12,423,0,0
831.2690255029993,258,253,0,0
831.4442981592637,34,300,0,1
831.4476386390795,21,410,0,0
831.4774602683492,232,107,0,0
831.7092404455724,9,238,0,0
831.8548545362095,535,507,0,0
831.8567326793045,1379,219,0,0
831.8846763074523,11,357,0,0
831.9069418666271,13,169,0,0
831.9127376018915,19,125,0,0
831.9313564066586,67,294,0,0
831.9342560998699,178,559,0,0
831.9383824808236,21,326,0,0
831.9554668444563,26,134,0,0
831.9817754042969,14,617,0,0
831.9883483567454,13,223,0,0
832.0315469712732,110,332,1,0
832.0410985757699,40,413,0,0
832.5650031039997,200,324,0,0
832.5662159247584,113,192,0,0
832.7731770440392,25,343,0,0
832.8197192536563,3971,271,0,0
832.8200870794742,124,337,0,0
832.8782361507886,10,312,0,0
832.9066757841373,41,3030,0,1
832.9233396969997,1427,300,0,0
832.9287568164077,4,71,0,0
832.9355186499422,197,252,0,0
833.0049301636502,19,400,0,0
833.2313232917221,25,38,0,0
833.2902369503703,19,184,0,0
833.2923809628297,1576,227,0,0
833.3046687205045,28,372,0,0
833.3049110010614,127,7710,0,1
833.32435273937,19,401,0,0
833.376175040773,554,466,0,0
833.3772614678123,340,70,1,0
833.411610194007,232,220,0,0
833.4171898683402,76,772,0,0
833.4244838923885,12,204,0,0
833.427273771678,140,349,0,0
833.527249023674,361,486,0,0
833.6082719646874,9,117,0,0
833.6324987915114,20,224,0,0
833.756853755611,1293,169,0,0
833.7582833434517,31,87,0,0
833.7913716392007,220,688,1,0
833.7923847404959,47,268,0,0
833.8365949159523,18,312,0,0
837.5921600464163,166,253,0,0
837.6140496762365,21,425,0,0
837.6240038609658,9,476,0,0
837.7354847694904,28,356,0,0
837.7412796462029,18,528,0,0
837.7513088715114,22,344,0,0
837.7642935134669,36,137,0,0
837.7690479609803,10,264,0,0
837.7882977405716,208,146,0,0
837.8239910724179,13,171,0,0
837.8253463422118,1230,202,1,0
837.87850263766,23,288,0,0
837.8806560094156,33,350,0,0
839.0982902102081,22,767,0,0
839.0990757594017,10,109,0,0
839.407019894844,8,170,0,0
839.4152169650156,16,3510,0,1
839.5259825460735,76,127,0,0
839.5302336033786,8091,101,1,0
839.6264174985309,12,186,0,0
839.8880936676238,13,366,0,0
839.8954769429162,321,479,0,0
839.8961947343582,38,4920,0,1
839.9565938232873,17,307,0,0
839.9580777431885,6,127,0,0
839.9618119563426,10,139,0,0
839.9736173406088,19,378,0,0
839.9794211099626,530,485,1,0
839.9797245529387,4,767,0,0
839.9813782302306,343,449,0,0
839.9898807079928,17,392,0,0
840.0605471850771,533,320,0,0
840.0661699714992,58,4020,0,1
840.074988335498,23,214,0,0
840.3562279937477,93,348,0,0
841.4772176809497,19,242,0,0
841.5003466768003,6,18,0,0
841.5012200163358,75,537,0,0
841.5870880664011,16,226,0,0
841.614126870148,3540,169,1,0
841.6462849472582,2500,116,0,0
841.7660339464186,29,346,0,0
841.7751183135606,220,23,1,0
842.6372588996318,14,606,0,0
842.6403172724479,2067,111,0,0
842.6415075215791,95,348,0,0
842.6675490629153,18,143,0,0
842.6688955288317,9,303,0,0
842.6732247090409,19,1690,0,1
842.6736713394208,41,293,0,0
842.813081896021,214,152,0,0
842.8663597561414,27,142,0,0
842.8821808560056,7,244,0,0
842.8875109483812,144,755,0,0
842.8880704789268,39,148,0,0
842.8886839640952,220,132,1,0
842.9146750231033,36,233,0,0
843.1730744208786,580,203,1,0
843.2958863182392,14,325,0,0
843.2961059608182,10,399,0,0
843.2973461314805,11,224,0,0
847.2403533444129,71,530,0,0
847.2629634194496,45,115,0,0
847.3015319805443,8,312,0,0
847.3282678900762,11,340,0,0
847.6900490165569,9,203,0,0
847.7005703158562,3253,168,0,0
847.7218100041358,17,354,0,0
847.7750682715506,16,91,0,0
847.8162861646786,8,203,0,0
847.9738608659203,22,183,0,0
848.0153345319317,7,16,0,0
848.0730741119351,188,81,0,0
848.07614205274,24,3160,0,1
848.0849622112295,12,170,0,0
848.094262672179,15,291,0,0
848.1468388568276,19,22,0,0
848.2001497182699,583,480,0,0
848.2118837365905,270,68,0,0
848.2186526952236,20,43,0,0
848.2190142864049,39,257,0,0
848.2197530647928,17,165,0,0
848.228221263114,22,388,0,0
848.3100716618745,12,754,0,0
848.3266142101244,67,412,0,0
848.3280993338425,6,33,0,0
848.3312080528185,5,115,0,0
848.3336836621627,16,295,0,0
848.3486620083168,24,239,0,0
848.3627690851771,27,333,0,0
848.4986299077648,24,504,0,0
848.5740282272294,12,742,0,0
848.5910927321662,54,695,0,0
848.6415912687695,18,259,0,0
848.6441803168741,67,767,0,0
848.644603244507,115,112,0,0
848.6981631504588,6,11,0,0
848.8524479072229,6,31,0,0
848.8986345132308,9,163,0,0
848.9029926761958,68,70,0,0
848.905931038976,187,558,0,0
849.2010070048979,8,66,0,0
849.2218717466053,16,408,0,0
849.3883099506638,49,63,0,0
849.3889340659252,5,31,0,0
849.3987215770914,18,304,0,0
849.4038423126107,901,448,0,0
849.4141286679317,51,413,0,0
849.4837871447736,22,7,0,0
852.8829029897985,12,350,0,0
852.8849121424092,170,446,1,0
852.9060803116747,18,249,0,0
852.9734343168003,38,198,0,0
852.9863397341423,148,267,0,0
853.0027887515716,381,261,0,0
853.0039234038425,83,615,0,0
853.0125555003762,120,768,1,0
854.7962582277119,35,64,0,0
854.7986180512065,686,149,0,0
854.8070208980886,134,32,0,0
854.8536331035954,770,22,0,0
854.8819245078531,40,31,0,0
854.9747790487968,65,49,0,0
855.0063593959621,28,324,0,0
855.0401483549882,48,778,0,0
855.0451812728277,35,360,0,0
855.0466697812232,360,333,1,0
855.05527576723,41,320,0,0
855.4947474589532,15,413,0,0
855.510258282163,5,451,0,0
855.5142531065658,46,227,0,0
855.5639759861308,80,472,0,0
855.5655610773844,100,264,1,0
855.5715722540557,16,147,0,0
857.4571643638288,11,406,0,0
857.4737270311198,53,462,0,0
857.4818977452958,11,70,0,0
857.5201914058993,9,85,0,0
858.9084031890642,29,293,0,0
858.984407998056,27,690,0,0
859.0033544821414,15,323,0,0
859.022515645331,34,554,0,0
859.1430816623465,38,492,0,0
859.3168768839777,8,206,0,0
859.319814115027,76,256,0,0
859.3251460521104,54,106,0,0
859.3637292632144,313,308,0,0
859.3640068748476,112,214,0,0
859.3660765744139,4,19,0,0
859.752218722477,46,138,0,0
859.8241039661505,31,257,0,0
859.9104523421145,15,322,0,0
860.0204304791193,18,27,0,0
865.4864494952368,23,151,0,0
865.6860876474236,43,416,0,0
865.6981880450503,50,405,0,0
865.9640168841773,9,32,0,0
867.3054049265852,1556,248,0,0
867.3151108430699,160,56,1,0
868.7330478761905,47,74,0,0
869.270469889823,74,243,0,0
869.2798669394566,20,468,0,0
869.2862304440688,50,40,0,0
869.2934979965798,347,232,0,0
869.3018210922426,9,217,0,0
869.3119773565006,8,344,0,0
869.3527371354581,11,115,0,0
869.3562773334812,41,485,0,0
869.4088264161746,45,315,0,0
869.4183850326962,97,186,0,0
869.420114056159,16,603,0,0
869.5027837697694,135,106,0,0
869.6635139348033,182,94,0,0
869.9202631354882,80,21,0,0
869.9275167337305,6,224,0,0
870.0129856102573,55,265,0,0
870.0342817283156,37,275,0,0
870.0708196697924,12,174,0,0
870.3962341234235,308,305,0,0
870.4013023949445,53,73,0,0
870.4326630635927,261,378,0,0
870.4506873415529,728,796,0,0
870.9169052712789,51,213,0,0
871.0131987764577,45,148,0,0
871.042259921461,72,597,0,0
871.0536536067862,100,113,0,0
871.1612304502419,120,449,1,0
871.1752622144393,22,568,0,0
871.3387173256758,59,381,0,0
871.3428942221947,17,329,0,0
871.3541889768574,451,142,0,0
871.3630520779919,11,236,0,0
871.3731873240644,28,687,0,0
871.3930902754747,187,1470,0,1
871.525477300923,323,327,0,0
872.0876963576761,28,233,0,0
872.0973256669088,4,180,0,0
872.1096373432157,12,99,0,0
872.1224972904228,225,3800,0,1
872.1308955983857,809,666,0,0
872.4097492922618,10,149,0,0
872.4506473301927,153,150,0,0
872.4515022721396,217,588,0,0
872.4615878226738,1298,355,0,0
872.462445307999,1060,312,1,0
872.892882953072,10,56,0,0
872.8998961111906,11,388,0,0
872.9012003313063,10,764,0,0
872.9098256033078,2511,306,0,0
872.918806943899,37,8,0,0
872.9631555307718,2859,768,0,0
872.9671184773898,44,267,0,0
872.9681787838474,446,486,0,0
873.7021090482812,37,298,0,0
873.7085021638,25,47,0,0
873.7148251674945,82,263,0,0
873.7174968016866,8,64,0,0
873.7600290533703,86,290,0,0
873.8709233197417,998,87,0,0
873.9622754828858,250,313,0,0
873.9737036868452,12,448,0,0
874.2537927926222,936,267,0,0
874.2541278432999,17,316,0,0
874.2618485685628,265,9,0,0
874.2631497118969,552,674,0,0
874.3018935760092,15,599,0,0
874.3131836245568,13,363,0,0
874.3600208563253,9,327,0,0
874.3669371712928,105,265,0,0
874.3671508665884,27,201,0,0
874.4185435598573,490,127,0,0
874.4192497209402,143,144,0,0
874.7149549263626,8,37,0,0
874.7476680414316,200,95,1,0
874.748906150088,565,660,0,0
875.0844488133034,26,402,0,0
875.1376693732708,229,132,0,0
875.1409547863249,5,397,0,0
875.3213182543824,13,184,0,0
875.3220610895224,153,1600,0,1
875.3222582653473,39,728,0,0
875.3224062922865,1822,93,0,0
875.3645542275812,7,328,0,0
875.3981374740257,558,4,0,0
875.4016311063658,34,175,0,0
875.4546297883429,495,306,0,0
875.4584374398648,14,169,0,0
875.4612684899267,69,626,0,0
875.5006082387696,6,790,0,1
875.5110653289513,35,767,0,0
875.5202748604438,130,183,1,0
876.6275862243581,7,302,0,0
876.8760857649896,36,234,0,0
876.9146351761311,13,417,0,0
877.3025494135479,8076,116,1,0
878.1736541622927,39,5000,0,1
878.1882983735334,5,116,0,0
878.3308345775494,168,187,0,0
878.3444462234584,12,169,0,0
878.3602783464243,1020,94,1,0
878.3848910388091,19,352,0,0
878.3951263682658,60,494,0,0
878.3964287588733,6,106,0,0
878.4100646252228,10,190,0,0
878.4190451144423,21,11,0,0
878.4197541408028,36,196,0,0
878.4518111217424,10,5830,0,1
878.4545873903068,11,84,0,0
878.4708092834667,18,81,0,0
878.475081932669,40,31,0,0
878.4780487788048,1386,452,0,0
878.4819746851427,5,635,0,0
878.558200376103,7,250,0,0
878.6629500746607,97,26,0,0
878.8147738258738,14,365,0,0
878.8534784974254,106,428,0,0
878.8594540640518,15,699,0,0
878.8611230175446,84,315,0,0
878.9180705559137,4,290,0,0
879.026723141212,30,131,0,0
879.0446598032519,31,543,0,0
879.0637616437257,14,234,0,0
879.0667081573102,19,117,0,0
879.0688189758483,984,8,0,0
879.3284798215421,13,21,0,0
879.3467775483471,73,185,0,0
879.3782183017483,90,622,0,0
879.9579295269327,11,614,0,0
879.9598085032173,956,491,0,0
879.9778312416266,23,56,0,0
880.259566484902,497,104,0,0
880.3611534135401,13,515,0,0
880.4197819623421,14,309,0,0
880.4499062747934,1075,6,0,0
880.604727977853,9,188,0,0
880.7063637360441,27,228,0,0
880.7138325996364,638,26,0,0
880.8668851186698,32,466,0,0
880.9025854002042,210,412,0,0
880.9079651370578,5053,1077,0,0
880.9230928597618,39,170,0,0
880.9299519226855,2830,222,1,0
880.9343340953902,15,411,0,0
880.9720128971935,24,180,0,0
880.972866269104,75,257,0,0
881.3334840179305,10,86,0,0
881.3614223504713,2391,15,0,0
881.376658619688,4,106,0,0
881.7803061975502,25,89,0,0
881.7859211698283,1690,290,1,0
881.7914772956058,44,210,0,0
882.172764572279,46,356,0,0
882.1795379503105,5,311,0,0
882.241087500304,956,491,0,0
882.3017792042378,33,507,0,0
882.401645418684,104,397,0,0
882.8452496566468,403,148,0,0
882.8679475697271,305,290,0,0
882.876947451873,15,712,0,0
882.8778509674071,83,46,0,0
882.8927380078171,23,150,0,0
882.8970018062062,1643,700,0,0
882.9823251945638,663,240,0,0
883.0473972105077,1180,200,0,0
883.0634456768101,30,769,0,0
883.2291423655691,5,3260,0,1
884.3334770433437,4,181,0,0
884.3397025753585,15,360,0,0
884.3941643263984,480,582,1,0
884.4131542092205,512,295,0,0
884.4415771528055,6,60,0,0
884.4463939156605,50,147,0,0
884.447993859818,57,173,0,0
884.7298336679837,460,4990,0,1
884.7445689723562,40,223,0,0
884.7453195508829,19,75,0,0
884.7533666052444,575,87,0,0
884.7538528595475,48,626,0,0
884.7573026222813,17,323,0,0
884.7723759777781,18,278,0,0
885.0701079254113,5,196,0,0
885.0750584586983,926,356,0,0
885.1197127206384,134,120,0,0
885.1202450060584,97,6,0,0
885.1792071386941,10,92,0,0
885.1858636941328,102,290,0,0
885.2178297534958,433,471,0,0
885.2219250734968,1374,170,0,0
885.2302436265039,4,362,0,0
885.7592607483672,241,89,0,0
885.8171009638088,30,34,0,0
885.8918631101621,10,287,0,0
885.8959322340661,14,168,0,0
885.8973835073882,2212,123,0,0
885.9724758725583,17,374,0,0
885.9738446772116,90,330,0,0
885.9863928408791,19,552,0,0
886.1549974209519,800,8,0,0
886.2097838297258,17,347,0,0
886.26027823268,39,24,0,0
886.2905379945165,9,193,0,0
886.2914682639068,28,62,0,0
886.3522486730272,83,255,0,0
886.634078357653,344,490,0,0
886.6386288230016,14,88,0,0
886.643742193145,52,80,0,0
886.798558781349,1077,236,0,0
886.8055741789736,14,259,0,0
886.8571771464701,130,170,0,0
886.9482759121671,13,158,0,0
886.9618481460121,61,250,0,0
886.97456484952,77,350,0,0
886.9762976273507,1243,158,0,0
886.9815801818178,10,291,0,0
886.992282675859,41,158,0,0
886.9935860595223,35,198,0,0
887.0122628641078,4,39,0,0
887.5438423322126,1101,767,0,0
887.8033412903611,1129,228,0,0
887.8930808711602,668,491,0,0
887.8977527305407,506,57,0,0
887.8988657467784,80,319,0,0
887.964839940486,42,122,0,0
888.200851292138,253,140,0,0
888.6828689680109,67,401,0,0
888.687126845801,12,214,0,0
888.7950652639586,3081,149,0,0
889.2809475523605,164,478,0,0
889.312542712583,717,232,0,0
889.3225853076219,26,613,0,0
889.3293096613817,12,275,0,0
889.3418399835934,94,328,0,0
889.5584677296149,14,276,0,0
889.5595376384788,152,773,0,0
889.6277567388911,7887,305,1,0
889.634930446559,16,202,0,0
891.6581327488567,50,22,0,0
891.916382846342,49,390,0,0
891.9854950551492,862,119,0,0
892.4120870806154,23,213,0,0
892.4415461826778,340,252,1,0
892.4628346047746,836,299,0,0
892.4777992075971,17,288,0,0
892.5740898048784,400,312,0,0
892.6088077684261,37,20,0,0
892.6125965067074,10,116,0,0
892.7086760664224,22,129,0,0
892.7282645666111,2092,394,0,0
892.730480890969,20,280,0,0
892.7809809712762,416,274,0,0
892.7828572750764,162,590,0,0
892.7939763762564,79,347,0,0
892.798234699396,94,341,0,0
892.8101062205873,253,402,0,0
893.1646678271719,180,257,1,0
893.2448204899744,1357,185,0,0
893.3655120348809,11,220,0,0
893.3727816120861,322,724,0,0
893.3732467493008,21,443,0,0
893.427816728854,2045,34,0,0
893.4314091863985,40,135,0,0
893.4367726230089,23,186,0,0
893.4555293418878,2779,134,0,0
893.483313851186,625,257,0,0
893.5881046868478,4,386,0,0
893.5895224946406,6,186,0,0
893.5922672858674,92,301,0,0
893.5994461911785,7,37,0,0
893.6495449233271,84,317,0,0
893.6582075705618,26,479,0,0
893.7291860971653,857,188,0,0
893.7820471583457,6,61,0,0
893.7872249566584,227,420,0,0
893.8254448595621,101,673,0,0
893.8293962404276,10,121,0,0
893.8367532500948,13,180,0,0
893.9204329158974,36,217,0,0
893.9424410875,6,44,0,0
893.9438705459683,10,149,0,0
893.9592466060238,583,769,0,0
893.9654812515274,91,125,0,0
893.9717213971422,258,58,0,0
893.9840283065658,16,264,0,0
894.2503209800927,17,547,0,0
894.2741405497085,26,275,0,0
894.3460414714801,71,321,0,0
894.3551253761163,20,457,0,0
894.3647517297985,6510,345,1,0
894.3658990321159,1318,100,0,1
894.3768315786259,79,296,0,0
894.3801809722029,143,74,0,0
894.3957960333685,3295,167,0,0
894.4577791487856,155,127,0,0
894.4819596141002,146,203,0,0
894.4824759162237,10,189,0,0
894.4976021275786,19,208,0,0
894.4986042001026,893,280,0,0
895.2135133597656,587,396,0,0
895.2140400480025,52,99,0,0
895.4429443022423,16,370,0,0
895.4483824581839,6,199,0,0
895.4636026530383,27,226,0,0
895.4738819352865,12,401,0,0
895.8924675143346,33,224,0,0
895.8964612514869,11,184,0,0
895.9841207913136,12,303,0,0
897.4767804664737,100,175,1,0
897.4786271996057,49,230,0,0
897.5006024510956,680,382,1,0
897.5145275033123,8,341,0,0
897.5165652713379,268,386,0,0
897.519049340285,21,161,0,0
897.5197272402347,65,148,0,0
897.542773648563,65,768,0,0
897.5656161280721,265,9,0,0
897.600629934712,15,341,0,0
897.8292760824355,1239,385,0,0
897.8315362909553,53,178,0,0
897.8328322833403,88,187,0,0
897.91671746861,975,192,0,0
897.9892063429409,12,344,0,0
898.1963062124906,142,219,0,0
898.287084568095,32,537,0,0
898.2899201974577,12,71,0,0
898.3894270225924,93,103,0,0
898.3994644889298,26,597,0,0
898.469813293124,95,499,0,0
898.5892918020508,10,769,0,0
898.5970242271835,22,19,0,0
898.6036165122962,31,515,0,0
898.6130290384962,1327,208,0,0
898.6283425513697,16,25,0,0
898.6320359618928,9,57,0,0
898.6331659219985,7941,251,1,0
898.6398155512602,63,207,0,0
898.6569787086005,24,774,0,0
898.6675681419113,19,232,0,0
898.6867684253444,19,279,0,0
900.3948832110051,15,216,0,0
900.395025603432,47,261,0,0
900.4343093251246,977,507,0,0
902.044310293524,541,360,0,0
902.1265344925094,9,36,0,0
902.4602982039248,21,209,0,0
902.4665919803083,21,283,0,0
902.8472185804873,29,230,0,0
902.8489649164843,388,269,0,0
902.9020258201489,7,21,0,0
902.9511303510703,9,141,0,0
902.9590306119104,33,355,0,0
902.9594727711146,57,61,0,0
902.9648663265064,21,333,0,0
902.9775677987386,8,113,0,0
902.9799379628906,17,138,0,0
902.9811776279419,21,276,0,0
902.9826364628603,22,309,0,0
903.2192725345868,57,97,0,0
903.2219737605488,14,208,0,0
903.2867251032429,4,49,0,0
903.5362657782179,1381,108,0,0
903.7371329520696,7,190,0,0
903.7945105600029,46,108,0,0
903.8158000333151,615,583,0,0
903.919209891267,64,501,0,0
903.9239348726408,97,310,0,0
903.9695287879784,346,326,0,0
904.0727501022133,132,75,0,0
904.090638119487,10,368,0,0
904.1037263578345,25,95,0,0
904.1959734463682,57,297,0,0
904.2094056340468,53,321,0,0
904.2226683767093,3540,103,0,0
904.2338503015997,20,367,0,0
904.2343629770962,9,247,0,0
904.2785630934383,10,101,0,0
904.668530440571,56,2320,0,1
904.6948050743749,13,460,0,1
904.6993376287829,178,39,0,0
904.7016390038237,310,286,1,0
904.948473896276,1639,227,0,0
904.9502312428801,55,36,0,0
905.0315682329151,23,303,0,0
905.0519104756847,251,427,0,0
905.2641933388385,35,95,0,0
905.4788086619013,26,89,0,0
905.5321982337866,86,254,0,0
905.5396857026146,26,99,0,0
905.5496569661581,44,16,0,0
905.6256176512653,21,7,0,0
905.6404339243243,6,111,0,0
905.6467578685575,828,224,0,0
905.6721197466273,6,38,0,0
905.6727884274404,9,224,0,0
906.8382237907941,169,431,0,0
906.9641237881998,93,10,0,0
906.9647551671762,396,1530,0,1
907.0474307265739,62,287,0,0
907.0787594383105,9,236,0,0
907.0804607701073,21,230,0,0
907.1462270218271,43,200,0,0
907.1580361602385,23,745,0,0
907.1968116157004,625,134,0,0
907.3525974340988,7,249,0,0
907.3587829521693,15,157,0,0
907.3606209936348,33,278,0,0
907.9150473685871,13,770,0,0
907.9264836082995,2045,769,0,0
907.9273560771411,8,130,0,0
908.0656836827529,8,21,0,0
908.1195414605756,75,163,0,0
908.1930875697063,1636,75,0,0
908.222319118007,4,60,0,0
908.234964690201,49,199,0,0
908.2838566621942,60,151,0,0
908.439079539657,11,80,0,0
908.4412934584652,1349,596,0,0
908.4543475786465,9,181,0,0
908.5090146195055,15,299,0,0
908.5316325437033,3480,105,1,0
908.5649992317151,9,132,0,0
908.5860015862289,47,139,0,0
908.6277064241382,9,308,0,0
908.6286576492921,3563,82,0,0
909.4371456259985,19,461,0,0
909.4544504828024,10,118,0,0
909.4582632992076,19,486,0,0
909.4631885458226,105,597,0,0
909.4852489961212,9,116,0,0
909.4853594216363,9,236,0,0
909.5945530763414,4061,9,0,0
910.1196218814868,12,757,0,0
910.3626636079484,19,164,0,0
910.6418842491047,45,493,0,0
910.8235401569999,11,80,0,0
910.8490479672737,9,126,0,0
910.8653190742787,394,651,0,0
910.885596570707,29,435,0,0
910.8940662590296,17,430,0,1
910.8974520147107,20,345,0,0
911.0151499002392,62,29,0,0
911.0162387392236,510,132,0,0
911.083458305413,237,376,0,0
911.0999281550708,2281,7,0,0
911.1380818279893,59,714,0,0
911.1386316683316,39,553,0,0
911.1389181702777,50,192,0,0
911.1567764846187,35,609,0,0
911.1816379990498,12,31,0,0
911.2066179245053,279,224,0,0
911.6063511280396,24,6760,0,1
911.6105906228687,30,75,0,0
911.6128776348856,410,246,1,0
911.6237093245189,34,239,0,0
911.6396043493345,60,22,0,0
911.6423826469855,53,289,0,0
911.7876002970996,14,456,0,0
911.789555519785,128,111,0,0
911.8065388153108,254,328,0,0
911.8297708573544,1560,447,0,0
911.8897650914948,90,193,1,0
911.8924471857796,2615,93,0,0
911.9055066709408,22,129,0,0
911.9193741300319,650,32,1,0
911.9231641266462,265,349,0,0
915.1097870657991,490,365,0,0
915.1285400798724,13,470,0,0
915.1361861499802,480,627,0,0
915.1374946858283,67,619,0,0
915.8864913657079,15,357,0,0
915.940851110153,16,230,0,0
915.9506123250457,17,246,0,0
915.9526408495681,510,344,1,0
915.954101357204,15,234,0,0
915.9880619499472,2125,181,0,0
916.5519020069731,1757,800,0,1
916.5670499905029,44,468,0,0
916.5956602498702,10,204,0,0
916.6096805536397,9,225,0,0
916.6228419538658,10,227,0,0
916.6256211846228,533,185,0,0
916.6333987376418,692,575,0,0
916.6527033395051,6,104,0,0
919.2843602979777,31,342,0,0
919.3924628416493,16,68,0,0
919.4658616755836,405,235,0,0
919.4670479561266,19,101,0,0
919.4957424265253,8,262,0,0
919.4979515926991,16,277,0,0
919.5230027987172,34,159,0,0
919.704011146557,18,194,0,0
919.7099352932945,660,494,0,0
919.7699018174569,19,169,0,0
919.7995943482928,21,342,0,0
919.801381347194,56,1210,0,1
919.8036635342072,19,351,0,0
920.1015819079222,32,275,0,0
920.1053466965977,116,479,0,0
920.2884464810891,23,33,0,0
920.4726173865057,1780,81,0,0
920.4895734986637,689,388,0,0
920.5913581647625,132,315,0,0
920.6123353321175,12,162,0,0
922.7902390489845,96,742,0,0
922.801148407741,762,138,0,0
923.0088129348638,1529,282,0,0
923.0146661936643,943,116,0,0
923.0327917159586,31,400,0,0
923.1013762629165,35,29,0,0
923.5388023663592,606,129,0,0
923.5605475645897,264,545,0,0
923.5691975293598,10,285,0,0
923.5732365843322,340,221,1,0
923.6348398744996,20,82,0,0
923.7567057331231,451,781,0,0
923.7613635450512,19,596,0,0
923.8174447036623,9,332,0,0
923.831727664005,150,295,1,0
923.9419404313592,1024,85,0,0
923.9613868117098,15,306,0,0
923.9977514158592,95,235,0,0
924.6045231004279,13,1350,0,1
924.6291779036148,20,352,0,0
924.6372697810486,56,203,0,0
924.6449016495097,118,150,0,0
924.650382157805,23,269,0,0
924.7547978561313,80,139,1,0
924.7606003105308,20,316,0,0
924.7612668467403,19,433,0,0
924.7627604982501,19,25,0,0
924.8497010152932,92,271,0,0
924.8514600751188,24,408,0,0
924.8825755397759,106,417,0,0
924.8860590209596,1667,126,0,0
925.0711300824731,12,115,0,0
925.0894081617237,8,420,0,0
925.1092522888325,17,287,0,0
925.1119509098553,29,263,0,0
925.2089349043806,217,78,0,0
925.2695464790155,124,542,0,0
925.2705029979752,90,186,0,0
925.2920880249378,110,76,1,0
925.2930457322943,78,1260,0,1
925.2936182662397,7,389,0,0
925.3110614119538,18,334,0,0
925.3474780722781,4,209,0,0
925.3696691268228,120,265,1,0
925.4059219532498,137,484,0,0
925.4306872520992,1016,616,0,0
925.68257834435,11,224,0,0
925.7160568860379,73,767,0,0
926.258721244737,328,9,0,0
926.2614051684034,7,797,0,0
926.2675616170951,6,171,0,0
926.2677091824289,375,70,0,0
926.3001150030385,50,153,0,0
926.3588300475194,23,638,0,0
926.4630341449335,11,34,0,0
926.5770294753635,11,634,0,0
926.5852001233552,3951,76,0,0
926.6013210351487,26,166,0,0
926.6053867772569,18,373,0,0
926.64534079668,579,255,0,0
926.6703194771414,176,301,0,0
927.0108654224316,32,677,0,0
927.041493442064,41,293,0,0
927.0633482744072,1227,12,0,0
927.0666740506002,23,21,0,0
927.0888187310583,768,127,0,0
927.155405135087,68,279,0,0
927.1670601755679,10,222,0,0
927.1969433273947,429,694,0,0
927.4340967327845,1868,727,0,0
927.5411499312659,804,284,0,0
927.550624534705,419,11,0,0
927.5783997135236,81,49,0,0
927.5822470640383,134,63,0,0
927.5878656488549,11,263,0,0
927.6791859251107,19,417,0,0
927.6822150419212,50,4140,0,1
927.6858626168987,2998,153,0,0
927.6873631854469,330,631,1,0
927.6934034759664,36,99,0,0
927.7439605802972,394,63,0,0
927.8942726220977,47,94,0,0
928.279705123284,4,293,0,0
928.2935082207002,59,16,0,0
928.3182140329184,12,237,0,0
928.4925736583845,394,380,0,0
928.5165568730052,12,369,0,0
928.5195912684958,9,219,0,0
928.5277360886224,310,518,0,0
928.9267342458268,1880,349,0,0
928.9359431036505,1270,45,1,0
928.9738138023321,6,31,0,0
928.9957185960627,838,243,0,0
929.2950250302106,145,450,0,0
929.8768194218527,354,7580,0,1
930.2016428877249,216,130,0,0
930.2149946666929,549,26,0,0
930.2308428917486,12,66,0,0
930.2374499129169,9,234,0,0
930.2393704374766,5,235,0,0
930.2538031008269,26,329,0,0
930.2647546266459,67,236,0,0
930.3417429432899,52,150,0,0
930.346959350141,625,140,0,0
930.347866951895,7,310,0,0
930.4105156810695,50,88,0,0
930.4107046289407,32,224,0,0
930.429324181066,43,99,0,0
930.4378324312662,352,151,0,0
930.4590385177551,81,687,0,0
930.5031472197257,32,113,0,0
930.5040422521951,1749,116,0,0
930.5191262632078,16,508,0,0
930.5379491573087,54,230,0,1
930.5566754429432,8161,31,1,0
931.374595223678,59,245,0,0
931.3834028326083,282,376,0,0
931.3840361641966,9,172,0,0
931.4024523226543,598,24,0,0
931.4297229130018,40,257,0,0
931.4330212642975,10,370,0,1
931.4420188065092,9,184,0,0
931.4460684865198,23,392,0,0
931.4487602739084,14,265,0,0
931.4594153434679,28,200,0,0
931.5619499001994,23,740,0,1
931.7066668620749,550,767,0,0
931.8437922602416,18,418,0,0
931.8490484071627,710,37,0,0
931.8544232448139,43,384,0,0
931.9509970478979,18,323,0,0
931.9939653706671,940,165,1,0
931.9956514200995,9,224,0,0
932.0002742508884,575,148,0,0
932.0019900760402,9,304,0,0
937.4794211832639,151,126,0,0
937.4939217316934,42,413,0,0
937.5836797581986,670,317,1,0
937.7463646676009,28,335,0,0
937.9616135613295,95,169,0,0
937.9716830252501,100,68,0,0
938.7177472022488,491,28,0,0
938.8365657536685,11,499,0,0
938.8429439186344,62,59,0,0
938.8439421537967,21,331,0,0
938.8489649025304,98,253,0,0
938.9577908246058,1739,131,0,0
939.172496056674,243,600,0,0
939.2327243188965,1066,747,0,0
939.4392955102104,21,241,0,0
939.5154368582413,14,4650,0,1
939.5579405016969,542,4,0,0
939.8169056429988,28,277,0,0
939.8349756703834,67,471,0,0
940.2409463565994,58,408,0,0
940.9099474299745,320,279,1,0
940.9850918805467,14,125,0,0
949.3291351738458,6,68,0,0
965.8690021739802,6,263,0,0
965.8961547820077,12,118,0,0
965.8987760778649,10,74,0,0
965.9032803013795,23,554,0,0
965.908512807407,28,357,0,0
965.9089432722781,54,91,0,0
966.2600604760477,86,5,0,0
966.3069321829043,30,22,0,0
966.321661848985,10,385,0,0
966.4255737470594,319,765,0,0
966.4259089397674,409,430,0,0
966.4302424911214,37,283,0,0
967.4665268809681,25,12,0,0
967.5515936945845,8,274,0,0
967.6705226440597,35,75,0,0
967.7237045543665,22,232,0,0
967.729494015817,23,304,0,0
967.7301526638402,1452,161,0,0
967.7949596014245,39,422,0,0
967.7955823847832,335,206,0,0
967.8228900373745,33,150,0,0
967.928060455068,851,186,0,0
967.9302989432246,568,510,0,0
967.931137228136,56,66,0,0
967.9579700774639,6,870,0,1
967.9727198121884,110,210,1,0
967.9984378897218,455,505,0,0
968.0121750870934,98,466,0,0
968.0187544319771,2427,163,0,0
968.0438161676905,2070,268,0,0
968.0704358418734,38,284,0,0
973.2331514385427,6,152,0,0
973.6694873027027,1040,94,1,0
973.7024302535668,278,739,0,0
973.704871057925,664,234,0,0
973.7190858936794,52,324,0,0
973.7343883521785,50,29,1,0
973.8733628472572,15,188,0,0
973.8769586569426,184,148,0,0
973.9096579192908,120,234,1,0
973.9096696059759,13,453,0,0
973.9137437851093,24,205,0,0
973.9573919180535,13,307,0,0
973.9725840858139,12,242,0,0
974.3369302561533,53,543,0,0
974.3405174812677,12,56,0,0
974.3998533444858,43,25,0,0
974.503987827434,116,87,0,0
976.3325611074157,75,301,0,0
976.5644174196715,15,208,0,0
976.6243936760973,103,324,0,0
976.6359999206464,10,420,0,0
976.6408596347333,136,179,0,0
976.7008473120986,87,366,0,0
976.7934525776611,407,374,0,0
976.8041659172358,907,46,0,0
976.8507689492048,13,291,0,0
976.866889705375,20,79,0,0
976.8698080104936,23,20,0,0
976.898372405416,9,329,0,0
976.9151833174928,45,183,0,0
976.9178292813053,23,351,0,0
976.9276446244273,19,225,0,0
993.0987054715655,230,417,0,0
993.1685438518634,80,170,1,0
993.4358855980504,28,15,0,0
993.4538561976807,23,189,0,0
993.9009333964171,8,315,0,0
993.9528115214906,898,225,0,0
994.2714861677653,80,33,0,0
994.2877981150947,23,228,0,0
994.2898406048567,30,189,0,0
994.298995077954,14,4830,0,1
994.3424791177448,172,243,0,0
994.3525967038415,18,441,0,0
994.3620269979348,188,767,0,0
994.368281625477,60,14,0,0
994.4243480354958,23,26,0,0
994.4935908066759,13,378,0,0
994.507138637144,133,218,0,0
996.1495162129127,10,244,0,0
996.1926442759936,1348,362,0,0
996.1976604325125,264,235,0,0
997.1205120746832,30,7680,0,1
997.1564879090633,21,411,0,0
997.1572670355675,9,17,0,0
997.1783239816226,245,159,0,0
997.1918935222583,219,410,0,0
997.5537518891464,6,47,0,0
997.576705773298,4,104,0,0
997.5861814853241,340,339,0,0
997.5892097826923,94,503,0,0
997.5929125825473,6,34,0,0
997.6211723459775,28,252,0,0
997.637837098462,21,89,0,0
997.6423461067619,10,167,0,0
998.0401121740216,57,100,0,0
999.292042620472,25,188,0,0
999.3582096206926,72,244,0,0
999.4134577327847,986,4070,0,1
999.4360110812429,1244,237,0,0
999.4757929558484,35,310,0,0
999.6402767249248,26,282,0,0
999.7685286359816,1662,645,0,0
999.7707269999247,43,280,0,0
999.7868353924778,23,107,0,0
999.7893288589272,47,25,0,0
999.789690392627,993,769,0,0
999.7925580262063,44,1050,0,1
