num_prefill_tokens,num_decode_tokens
34,244
17,71
62,398
91,125
270,187
16,181
17,5
5,247
50,619
10,194
8,129
47,445
12,40
19,119
340,232
2062,330
2579,387
1035,35
1812,299
1814,481
969,235
1065,45
1009,284
19,244
197,252
13,700
21,113
15,217
30,589
8,308
16,137
24,508
10,169
412,321
133,162
181,74
9,422
8,68
14,177
43,113
24,24
29,44
2375,86
2664,362
314,193
14,627
392,352
134,71
4,286
15,115
43,250
1987,381
23,14
1615,103
1081,22
299,349
49,377
7,36
340,269
408,130
67,401
18,398
7,212
73,305
20,331
21,262
12,222
31,37
7,227
21,330
34,124
14,129
107,152
11,252
6,633
30,165
9,87
25,619
20,213
301,135
266,197
247,128
75,301
49,92
21,221
9,367
4,24
438,99
15,490
334,88
23,402
14,199
16,364
50,219
6,174
13,156
8,13
147,389
8,282
7,460
9,282
726,391
1984,439
8,91
99,626
18,144
150,100
6,317
30,111
73,767
9,333
14,126
54,208
5191,197
5649,165
11,386
111,16
10,210
1798,259
1118,295
22,182
77,134
14,560
40,213
8,215
29,346
19,186
11,235
855,242
638,466
986,407
746,623
598,43
1827,335
1763,364
1730,448
20,319
30,98
49,262
51,634
253,415
24,216
11,73
38,322
64,560
955,96
360,114
598,80
1020,121
1021,119
1293,169
653,268
702,125
651,160
60,169
1021,149
1813,126
299,100
32,647
11,249
175,8
390,271
56,269
6,733
312,21
336,464
15,262
101,664
51,413
179,124
12,185
284,232
7,267
17,353
8,17
98,29
61,209
20,176
20,669
10,454
23,150
7,287
19,439
7,135
31,349
990,172
1906,629
1747,761
78,126
66,121
9,55
8,178
7,89
12,197
25,600
66,391
682,142
7,88
37,440
8,275
12,667
284,249
72,375
16,194
41,326
17,325
113,121
41,104
1011,767
18,237
60,199
61,249
110,672
50,328
9,17
27,205
26,300
165,51
256,186
125,222
4,364
8,272
10,235
19,262
64,39
15,468
293,78
1199,405
119,665
98,767
15,411
4,387
1320,770
1334,378
32,275
42,350
14,113
70,769
15,154
17,332
10,289
95,595
31,307
53,39
45,183
77,327
31,768
158,309
17,91
257,359
23,204
1680,163
35,207
42,256
25,236
98,5
25,242
5,165
136,163
260,236
14,159
80,492
5,74
1168,777
1181,701
47,547
8,217
10,499
22,202
4,362
7,277
16,545
27,28
136,211
53,306
343,213
35,258
14,86
11,339
18,358
19,293
13,477
83,255
16,406
43,47
9,254
19,300
138,317
99,178
35,101
4,14
42,48
22,31
89,142
12,296
417,270
28,140
20,145
62,108
389,565
53,255
173,56
68,179
9,146
33,354
81,254
10,462
180,530
21,368
14,95
13,367
31,67
20,570
9,238
7,310
16,370
10,132
14,279
32,333
138,385
280,91
2509,215
6,130
16,300
245,152
325,137
187,100
16,373
8,99
20,287
12,156
153,141
31,494
7,156
61,313
2197,548
1142,294
1004,365
49,172
1114,330
1458,373
1037,227
958,118
1143,328
22,154
16,424
118,175
105,515
9,296
10,410
1037,389
15,65
474,100
24,43
31,370
13,214
28,284
311,234
1538,355
886,710
369,228
16,46
42,23
263,34
156,760
32,295
29,147
10,74
44,306
4,133
10,185
6,39
7,387
11,182
11,707
86,24
13,264
19,425
329,161
27,217
6,67
30,342
21,296
9,270
11,67
16,334
117,204
56,366
509,128
1234,295
23,148
136,133
42,285
35,63
94,426
81,261
113,237
117,292
45,292
58,242
123,263
105,426
71,517
77,449
50,351
119,638
12,81
52,117
31,496
27,348
12,332
7,65
20,266
90,5
143,720
3786,265
2918,195
1988,200
691,453
784,633
396,296
439,292
1409,433
885,757
1111,706
900,368
1058,453
13,144
500,436
4,113
18,68
400,524
9,125
7,140
114,1111
4,27
141,477
17,247
68,308
4,87
15,312
1373,303
11,333
28,333
16,80
661,21
23,302
1484,574
8,206
13,413
300,184
10,338
22,414
835,527
708,732
58,228
33,288
46,218
22,443
139,385
12,6
23,292
23,174
82,374
13,312
39,325
34,140
2641,556
132,90
6,298
84,76
13,256
5,151
15,21
388,325
505,543
160,280
8,196
1081,181
20,187
19,32
23,211
7,278
6,398
20,737
16,473
183,641
25,156
10,90
4,241
50,644
85,561
158,148
25,31
842,702
7,164
66,507
18,512
5,161
16,615
457,768
505,770
363,513
1012,150
14,143
10,265
33,225
17,433
18,111
24,246
21,768
184,216
31,47
60,34
24,330
5,248
742,335
1075,482
1058,97
17,191
19,557
8,267
10,16
80,25
160,267
46,20
20,255
20,221
20,266
9,125
1033,174
47,662
556,366
13,561
82,345
23,219
11,365
120,37
16,129
23,26
20,133
21,768
94,764
31,307
231,223
9,202
6,157
4,26
102,693
23,53
95,488
21,30
16,317
4,98
382,359
18,226
180,541
5,466
36,238
20,261
52,264
100,33
14,455
7,174
13,314
5,510
34,308
761,193
30,360
61,177
110,230
9,494
6,230
106,58
1799,251
1884,174
1497,140
1650,272
1659,288
1714,28
1886,359
15,308
83,492
218,302
26,122
1998,50
16,286
24,174
980,96
40,214
45,297
54,771
33,112
174,272
132,561
23,553
26,461
17,455
205,53
13,134
62,405
13,568
16,81
11,155
10,87
12,170
13,183
12,143
35,92
16,165
13,73
2474,29
2800,36
37,164
22,766
21,216
4,175
144,540
7,19
16,238
8,270
14,248
14,290
40,519
25,517
85,416
49,24
10,238
15,111
15,139
16,510
109,88
37,100
362,424
4,16
131,561
9,768
77,484
37,298
626,147
360,61
536,9
11,265
14,216
9,22
362,219
6,369
23,322
30,240
17,304
226,516
178,767
65,141
8,13
19,571
77,56
13,157
31,291
21,108
16,393
379,295
13,201
22,470
11,67
135,116
768,292
86,741
366,319
10,396
5,228
30,190
7,184
129,572
1048,407
1009,383
1070,396
1041,468
2165,47
1607,84
1921,34
46,732
12,271
1193,394
162,319
279,154
156,237
161,172
33,501
9,309
11,258
105,273
6,128
2825,237
121,87
29,690
540,324
12,364
62,315
148,323
7,316
27,426
203,394
131,257
393,201
879,267
1010,106
1054,328
971,265
946,298
111,85
561,132
931,233
918,138
942,232
12,329
44,5
62,263
14,176
2484,134
47,226
17,354
920,273
72,517
136,199
17,324
10,336
26,183
913,205
813,179
876,64
1182,106
1174,265
671,179
7,285
7,250
7,643
30,445
41,24
8,101
421,124
516,212
17,48
16,86
71,297
771,769
64,79
9,309
896,177
13,94
14,41
11,171
251,94
39,766
229,367
4,37
29,296
25,135
17,170
9,419
1398,305
20,423
29,338
21,345
120,314
24,345
1269,164
12,383
7,304
1386,102
35,775
427,19
69,764
34,767
43,300
12,359
63,27
133,355
13,489
7,191
10,265
55,338
289,761
8,713
8,202
23,27
26,168
217,113
11,579
101,30
28,282
1382,25
1136,437
1141,784
13,82
11,123
4,178
6,35
726,756
15,335
8,119
19,479
20,69
22,64
57,379
15,184
41,287
11,111
51,181
12,181
79,201
7,39
96,97
543,338
475,91
364,85
6,27
8,76
10,382
297,769
191,332
297,495
23,186
41,199
63,32
48,334
21,236
75,287
1496,124
38,118
9,130
970,47
1044,470
128,247
13,767
329,390
22,16
7,55
319,767
116,167
119,61
462,187
14,323
19,425
7,215
98,22
6,278
416,240
10,197
48,210
93,772
5,166
16,199
79,412
1282,294
65,248
19,397
10,78
5,317
26,769
15,365
111,377
159,470
7,93
80,221
65,37
36,275
5,26
11,206
114,277
213,368
288,95
833,425
36,326
9,252
12,67
33,30
229,139
179,67
1012,245
13,470
25,308
305,137
87,135
28,62
15,432
12,95
6,290
27,56
174,18
24,408
9,83
12,112
43,27
6,128
1021,149
1813,126
299,100
469,367
9,184
7,357
18,303
2152,37
2168,305
106,426
7,108
58,414
28,301
227,564
14,86
5,227
12,190
62,301
23,518
10,361
65,467
15,136
30,403
16,736
18,147
19,776
206,247
16,605
18,152
92,35
1357,348
17,110
26,343
816,266
36,164
8,769
12,388
12,638
23,483
9,252
78,768
2195,377
245,310
21,220
35,136
493,32
5,221
15,206
35,190
377,108
30,421
20,486
142,514
48,334
132,193
100,73
30,322
12,162
97,336
58,257
38,695
34,99
36,568
6,297
36,116
8,445
345,237
12,199
12,544
67,236
2509,215
12,383
8,80
13,156
9,149
91,4
575,439
2124,88
198,681
1639,227
124,23
61,87
102,767
15,274
18,47
36,277
21,411
319,765
28,151
42,777
30,19
21,138
12,131
394,204
135,432
5,128
37,230
13,215
18,99
32,55
29,204
38,322
8,95
1378,161
14,177
1014,183
15,27
14,141
178,91
14,281
58,372
90,227
12,277
64,237
21,75
934,474
23,290
11,305
129,339
181,128
135,93
88,26
1697,91
1033,78
3529,103
2483,85
2860,78
2456,84
2368,76
2154,78
1201,134
758,100
1127,644
158,365
733,666
187,64
134,767
96,86
304,92
137,612
1636,75
326,47
20,553
12,115
679,502
1685,767
6,32
27,409
24,561
17,394
18,233
12,265
69,606
218,370
105,345
10,338
68,337
16,58
2884,767
26,174
70,154
12,29
6048,582
14,749
16,456
13,315
13,240
10,490
52,112
19,11
14,371
32,83
5,311
45,524
87,468
4,42
213,98
6,70
48,455
6,204
41,266
49,428
70,117
102,254
57,186
285,108
857,255
861,337
855,361
857,495
858,289
864,298
11,94
300,414
378,111
10,238
11,322
11,223
5,612
79,282
10,301
85,309
14,324
32,614
413,666
6,248
91,346
6,171
1961,176
61,756
8,267
512,295
24,380
752,584
133,144
23,17
286,165
8,93
94,392
12,146
11,684
14,108
17,462
34,70
9,300
230,525
217,352
274,183
25,127
45,18
203,261
7,112
41,403
13,99
6,163
88,88
23,302
135,767
18,152
138,90
6,79
79,186
91,611
45,23
39,331
30,438
26,317
19,211
6,47
39,121
39,138
46,295
69,606
69,626
15,44
17,477
23,251
15,90
6,620
19,743
46,585
228,335
23,745
101,357
78,679
78,767
251,770
38,769
738,623
739,770
19,248
83,168
14,265
38,373
60,46
20,546
58,565
23,26
336,238
251,379
51,19
20,662
16,275
283,51
21,215
24,279
12,230
4,232
473,72
27,197
82,220
12,351
15,171
22,320
6,19
10,92
8,239
10,114
251,131
75,614
10,257
22,140
66,385
12,132
350,115
347,164
456,78
216,130
15,586
13,237
22,252
172,209
2661,389
2740,363
2750,235
65,148
7,239
669,428
685,769
687,240
28,293
9,287
17,488
30,259
20,206
236,491
10,316
6,240
11,90
14,735
239,767
52,41
157,185
29,21
199,392
21,53
38,297
4,67
29,329
11,433
10,148
21,558
21,353
8,314
73,159
6,193
13,343
25,115
19,597
10,122
36,494
21,359
12,232
9,42
7,271
41,158
23,236
6,212
16,80
17,286
34,226
105,431
20,113
8,190
2358,531
42,233
6,249
9,225
74,698
13,326
30,79
56,770
14,91
84,502
62,209
115,638
64,350
41,321
66,404
10,150
77,58
34,329
6,645
319,457
83,615
105,120
65,320
19,251
106,23
9,549
10,93
47,297
27,188
12,130
37,8
26,224
10,432
12,28
18,266
40,29
14,275
36,272
24,27
20,38
34,292
31,264
32,547
15,337
20,253
143,144
31,228
10,130
6,218
50,338
10,149
651,244
22,609
16,36
238,320
12,242
55,397
1963,143
19,156
93,36
24,168
50,188
23,206
144,138
92,271
21,230
10,404
5,266
6,633
6,31
190,195
660,102
67,198
61,25
11,82
311,108
12,279
14,212
10,90
20,80
31,170
34,175
10,308
66,767
99,377
10,42
176,447
10,203
19,274
11,347
25,414
19,189
27,27
6,285
69,728
10,408
1772,42
1772,13
1783,257
2014,205
589,9
135,267
3632,447
155,564
774,424
43,445
55,319
14,186
26,257
597,188
9,120
20,319
15,221
25,558
36,767
10,661
17,286
18,309
30,320
25,465
36,629
47,234
76,242
73,767
6,159
993,358
1003,133
34,60
44,137
554,750
5,15
15,712
75,37
84,190
21,178
1174,176
398,278
142,23
295,221
400,372
232,188
24,243
374,368
276,224
273,219
205,141
283,163
10,290
7,25
15,190
169,246
17,149
5,367
91,116
78,298
352,301
13,155
11,377
37,183
18,245
13,284
5,149
17,65
8,282
16,715
28,36
73,767
6,132
117,386
75,767
46,610
12,104
7,388
380,550
28,97
1177,610
123,144
76,78
53,623
141,159
21,107
22,300
19,354
50,268
16,95
36,246
1699,420
2163,25
2321,389
8,20
34,16
9,332
4,47
20,49
97,323
10,110
12,176
393,509
359,331
37,129
9,99
469,127
15,360
682,216
22,138
7,599
6,224
1122,195
374,298
140,157
133,38
291,440
96,281
60,371
26,481
8,179
37,44
17,346
16,231
9,341
8,208
41,142
25,84
2082,766
6,42
6,124
157,242
5,85
119,25
117,236
1839,275
30,336
8,113
11,445
908,765
3285,367
3307,82
3323,26
167,249
17,269
19,287
8,37
59,329
12,103
51,56
22,19
36,767
14,428
16,355
8,261
46,212
8,101
13,170
75,539
975,718
994,772
1307,758
1034,769
1017,676
1008,692
963,557
948,574
2357,766
24,261
546,168
244,540
20,96
80,522
14,275
15,97
77,680
21,190
14,26
8,325
60,370
19,323
169,291
825,135
313,202
93,21
406,411
30,37
103,157
929,479
17,150
6,138
9,309
15,218
36,317
17,56
7,209
148,183
16,434
22,240
17,356
18,352
9,218
155,357
286,566
181,159
296,313
105,215
117,27
11,319
11,248
286,752
164,334
17,166
5,206
42,353
7,366
48,86
8,181
528,273
22,143
101,673
73,656
15,377
25,450
35,270
43,403
7,234
24,314
92,36
16,337
79,18
13,20
264,575
264,545
71,560
375,386
418,342
8,553
9,416
74,245
33,226
18,228
10,34
89,317
114,200
1050,30
34,357
25,165
95,29
15,345
356,64
104,40
635,768
12,78
2764,639
289,150
20,294
8,22
217,8
16,112
14,354
7,31
27,289
13,70
16,18
14,41
24,274
192,166
24,168
6,573
348,720
526,158
507,585
974,628
753,602
798,604
510,120
519,742
20,319
40,235
97,415
243,11
28,397
24,172
366,346
41,75
16,124
790,585
127,437
14,219
16,42
20,462
139,55
138,601
191,262
10,121
23,560
17,64
34,90
4,230
34,385
7,199
19,137
14,213
13,82
131,125
8,303
8,400
42,105
156,542
18,150
16,14
65,218
28,207
94,373
10,67
26,82
6,379
283,158
10,259
63,374
14,111
70,20
59,211
21,336
12,358
188,31
30,68
23,219
59,197
15,573
12,271
35,243
20,37
768,127
49,175
105,376
8,230
34,171
23,370
11,603
10,162
34,554
15,105
15,215
31,165
35,54
298,288
25,12
25,203
209,279
256,124
18,252
96,259
327,478
273,369
10,55
33,74
15,330
101,53
64,94
65,212
16,351
760,30
1743,763
266,591
13,110
15,88
150,87
29,609
393,130
46,121
1100,388
6,207
16,239
7,70
137,309
83,40
46,247
31,253
30,378
118,494
13,92
19,101
506,57
23,352
10,408
69,88
8,194
86,26
477,97
16,115
11,767
66,386
20,115
80,89
7,80
24,396
114,482
36,345
15,258
11,309
12,122
10,67
3663,127
3640,218
16,350
20,267
9,276
7,300
26,307
58,342
73,366
113,772
28,291
13,117
17,194
21,758
32,620
18,403
21,411
11,178
2619,300
950,677
16,204
15,635
13,407
23,274
19,267
690,341
1127,211
52,212
6,317
6,267
305,233
24,100
74,562
20,352
12,237
54,284
100,154
91,48
50,246
21,42
311,255
7,39
86,329
92,555
349,348
9,129
465,767
11,378
27,128
7,285
16,24
100,267
97,27
760,33
50,147
497,104
535,78
596,302
854,770
786,83
801,85
843,768
182,198
464,90
106,351
16,118
7,288
838,783
19,378
19,697
21,71
50,764
73,390
103,539
28,367
56,239
22,216
6,119
714,191
313,543
23,357
16,278
104,135
33,262
7,80
11,444
39,84
22,202
126,134
96,104
11,280
76,330
10,281
46,142
62,434
150,219
25,35
98,573
11,103
56,393
34,84
7,182
14,299
13,39
6,231
44,530
48,232
44,516
27,362
76,296
20,196
6,106
22,241
182,38
74,268
10,186
35,433
11,375
9,69
18,414
5,243
2159,188
75,480
23,223
46,468
190,495
131,573
977,36
87,468
1817,296
1809,326
235,241
13,350
31,358
5,48
200,228
12,506
22,372
17,464
14,256
31,842
60,458
85,26
6,139
61,256
81,427
18,282
81,171
13,541
26,495
10,767
11,66
243,87
35,239
3893,325
7,9
42,102
22,135
55,336
13,77
13,291
143,171
124,26
58,371
51,301
73,299
240,171
144,14
18,341
166,124
72,53
7,190
18,474
597,188
121,257
587,519
25,243
39,446
117,488
27,299
8,35
91,562
51,51
323,60
1214,287
319,149
13,325
46,39
95,269
9,228
679,433
80,395
21,277
11,91
8,290
34,31
17,164
21,317
12,262
60,154
16,147
5,286
61,533
14,36
530,350
123,474
981,20
20,466
16,317
37,328
34,41
12,278
39,608
10,382
8,223
59,23
21,443
20,138
42,255
64,297
13,308
16,106
59,366
22,357
11,268
6,9
28,252
116,767
732,418
18,516
174,666
5,277
8,217
296,361
49,217
20,302
138,140
6,255
8,267
61,465
11,42
623,327
62,374
695,132
118,237
11,79
25,143
40,75
5,328
141,52
9,290
56,459
16,252
8,82
21,221
581,77
43,25
14,322
13,187
229,113
21,706
5,51
19,378
12,104
49,285
6,37
13,372
39,213
1884,765
13,62
8,591
12,164
422,224
456,78
20,154
145,378
7,231
13,507
119,423
720,767
9,117
9,502
119,327
15,59
11,242
39,182
4,26
56,138
7,236
11,129
50,619
77,98
22,249
53,389
82,405
524,770
613,114
624,721
2928,175
17,109
45,625
92,522
114,329
196,337
194,500
7,234
71,46
8,292
69,266
159,265
30,64
14,262
5551,181
305,773
648,433
20,224
60,422
31,637
25,164
38,195
66,762
18,22
941,92
971,86
977,116
1128,183
34,16
66,12
11,97
13,263
7,49
9,231
10,261
20,234
42,117
144,11
1435,131
522,143
11,648
84,293
38,411
36,394
466,656
23,660
12,49
305,698
7,552
19,467
23,72
621,373
5,461
59,306
94,369
9,220
108,330
132,5
4103,231
18,29
106,458
17,249
48,190
126,467
5,383
14,35
29,235
64,32
135,767
34,719
88,236
48,284
39,186
111,399
8,433
11,334
89,367
64,490
129,768
1749,249
51,254
9,348
4,150
42,41
1639,227
48,169
41,56
8,90
15,386
16,370
61,206
13,477
11,79
14,272
13,377
18,186
8,79
14,95
8,144
18,176
8,86
23,372
21,42
338,562
684,478
373,462
171,424
121,142
248,274
38,535
28,55
505,354
549,522
9,147
16,337
14,294
247,142
13,249
39,54
57,111
15,505
7,252
18,487
37,281
44,406
9,310
8,278
23,189
25,48
231,39
1551,156
12,190
12,118
15,39
206,73
9,181
9,21
11,14
24,329
318,756
10,153
64,48
1447,210
1775,276
116,303
53,442
29,251
23,56
19,22
7,39
21,121
928,378
10,292
24,110
101,361
25,149
1511,150
137,529
16,22
787,761
114,767
35,162
18,113
21,247
12,254
936,267
44,388
262,528
7,70
17,40
11,496
8,455
20,289
19,214
35,170
516,528
1529,335
520,484
485,241
197,49
6,162
20,168
21,286
14,287
20,764
26,121
62,405
2380,577
34,202
9,242
19,687
8,229
135,767
96,248
130,416
47,37
6,217
49,174
18,66
11,634
306,134
11,143
75,214
13,41
7,16
23,16
8,261
17,394
19,311
20,345
21,445
25,349
68,13
52,24
11,259
128,13
6,213
76,329
40,207
10,111
4,26
33,270
23,516
6,253
187,116
41,297
31,235
24,146
11,104
21,460
709,183
28,257
30,41
126,335
73,303
48,728
61,245
27,141
49,268
28,93
13,318
10,81
364,305
30,158
933,111
37,233
15,262
26,107
16,234
59,251
19,285
9,339
35,269
14,736
39,237
68,206
41,185
154,133
28,21
55,271
26,772
13,316
92,196
23,464
16,215
372,584
8,129
68,327
63,136
16,195
19,86
8,99
49,159
1078,709
20,18
10,76
25,210
259,496
7,255
34,175
13,108
144,200
33,464
5,304
63,233
359,496
197,274
24,177
844,276
79,44
503,45
88,222
11,72
42,69
148,241
9,232
12,464
62,216
28,421
20,335
32,329
929,5
591,140
1434,147
118,306
9,205
13,57
24,122
10,358
26,697
9,278
30,197
1037,769
18,344
12,136
981,22
36,340
21,269
40,370
421,307
17,379
23,660
158,148
4,387
1320,770
1334,378
120,722
22,22
293,21
13,202
8,130
5,74
49,418
31,342
34,276
47,56
22,223
13,453
342,84
1140,12
8,91
15,255
77,479
26,265
2384,159
14,478
991,339
338,385
578,111
1260,157
1261,125
534,78
15,216
804,28
1648,23
106,201
131,326
14,233
72,17
13,478
37,39
2090,730
10,769
4,178
691,104
19,222
86,333
2740,286
611,173
16,77
64,266
23,347
226,248
10,128
1043,52
77,298
445,264
29,554
6,164
152,186
30,594
54,753
31,302
13,529
13,337
170,442
193,170
97,769
63,46
378,364
14,487
22,68
4,380
54,355
785,309
74,231
12,293
6,9
74,423
83,318
8,545
81,205
146,406
6,193
7,349
10,224
904,444
54,536
44,445
33,224
13,163
63,312
56,398
20,309
15,404
1171,15
10,121
4,104
11,326
112,234
20,705
18,97
302,36
6,125
85,386
30,331
135,31
1786,479
49,350
32,108
186,276
12,311
9,125
135,17
19,274
88,121
10,22
45,177
21,494
52,116
11,138
11,45
52,197
97,106
27,393
54,158
22,267
9,54
6,84
759,133
102,180
1087,157
206,353
1371,357
62,222
26,262
7,120
35,714
2127,768
28,30
10,317
847,254
11,167
38,121
3950,243
28,118
21,344
56,84
269,228
43,320
48,47
75,8
188,243
6,17
42,191
336,358
72,333
11,303
18,167
14,177
31,360
6,21
366,372
33,192
198,180
32,55
25,502
906,769
242,768
362,453
8,262
8,305
125,282
14,187
11,452
28,684
1547,236
133,768
216,89
10,203
73,41
105,297
5,14
33,404
107,466
47,161
480,448
16,228
408,572
71,215
25,286
9,62
26,77
140,19
21,486
73,444
18,427
40,353
443,118
14,260
37,130
2277,328
5,335
88,424
14,475
6,247
101,20
54,61
18,205
100,769
663,176
524,354
32,196
12,357
8,511
13,767
10,66
297,309
43,517
300,414
144,380
7,181
187,49
12,251
136,307
39,345
11,85
268,581
618,76
619,86
35,25
952,598
545,316
560,338
541,313
471,253
58,486
48,508
3339,461
7,234
50,767
4,212
30,90
92,271
12,741
8,467
43,568
206,456
320,190
487,138
13,278
16,639
27,258
410,11
11,278
43,32
1947,651
8,110
23,176
13,75
15,17
55,526
7,246
32,248
12,486
220,126
8,217
723,286
118,323
15,207
18,84
14,26
186,368
18,263
251,904
12,431
61,329
277,357
18,77
23,83
13,206
406,391
334,42
30,44
18,278
20,147
17,307
1405,505
533,320
35,198
22,16
11,266
37,254
86,767
20,174
87,411
483,776
54,300
7,81
23,244
133,131
11,8
268,386
17,702
7,202
95,375
1179,176
18,289
285,599
7,483
59,306
22,189
397,228
226,61
112,492
307,148
7,347
13,66
32,357
29,230
41,199
11,261
23,270
82,108
10,424
40,710
22,86
71,767
19,767
20,128
7,41
609,370
18,443
513,209
38,630
5,124
18,114
27,352
283,306
127,57
29,197
86,657
30,49
10,309
157,148
10,317
71,18
12,113
9,320
8,222
1376,200
1407,152
1477,146
2480,183
2882,134
86,591
125,769
4,216
38,78
1510,361
11,13
40,42
5,22
32,308
22,514
111,194
387,62
33,150
19,318
16,761
53,129
33,293
6,340
26,407
367,41
584,102
46,185
5,124
25,422
5,245
7,431
43,23
15,210
7,222
27,513
35,701
340,289
56,39
43,768
17,362
1736,241
18,152
7,293
30,311
130,464
7,487
11,236
549,26
7,200
57,48
23,286
39,170
108,652
22,77
20,33
357,319
19,216
67,633
50,39
11,264
18,20
14,101
151,272
287,343
31,447
73,329
28,362
30,436
41,91
18,384
5,138
18,101
97,26
182,474
5,101
630,24
1772,250
1767,244
35,139
11,302
56,272
7,710
16,240
24,670
38,444
39,406
25,645
29,615
78,304
35,149
17,218
144,69
1915,220
75,148
15,32
10,310
11,771
14,309
313,368
5,145
14,495
82,364
13,46
16,703
18,333
12,401
30,205
117,235
35,239
12,257
14,26
38,215
736,574
10,148
88,262
676,303
735,768
73,346
420,621
1312,438
1316,375
1321,318
1320,769
86,425
106,4
215,4
573,4
558,4
864,4
959,4
663,4
922,4
559,4
615,4
785,124
457,4
1102,4
370,4
867,4
432,4
584,4
485,4
332,4
542,4
242,4
786,4
892,4
370,4
867,4
432,125
672,4
485,4
547,4
332,4
935,4
549,4
793,4
507,4
568,87
432,4
902,4
678,4
561,4
468,4
953,4
538,4
883,4
478,4
522,4
596,4
10,142
17,21
590,446
470,521
13,496
42,367
20,322
8148,9
21,271
42,34
13,290
25,429
27,334
22,94
13,19
55,483
446,23
28,282
201,718
155,196
18,346
95,119
75,134
10,167
7,187
22,375
44,317
37,46
605,767
7,150
60,96
7,109
9,503
31,348
28,275
101,374
181,290
32,458
19,287
22,596
30,183
14,72
21,236
7,236
100,413
133,410
36,68
4255,30
21,67
42,343
11,29
31,167
17,129
30,131
5,772
12,153
47,524
202,114
60,329
67,542
470,270
17,356
278,123
49,54
60,321
99,283
5,217
12,77
8,140
7,55
11,199
10,196
27,141
18,85
13,59
10,115
15,180
108,65
20,433
31,271
271,117
58,430
549,326
16,228
9,295
2249,218
307,339
570,54
106,448
20,95
5,12
15,528
13,229
12,113
12,84
45,22
20,273
100,42
11,240
13,470
18,29
75,287
6,94
67,619
64,127
704,433
95,245
14,495
18,286
45,203
6,307
71,148
13,249
288,423
19,184
27,480
518,619
1085,51
6,151
360,61
536,9
438,312
526,769
61,382
42,236
7,100
5,205
5,18
68,111
2664,82
2664,75
2664,65
2664,59
2664,82
19,139
2099,128
35,30
148,310
13,181
30,91
48,81
202,256
9,301
12,227
12,329
12,93
12,372
10,290
25,165
22,318
7,27
19,193
190,195
35,559
2421,314
14,338
8,470
111,291
7,31
23,209
13,252
17,196
224,421
391,770
42,364
23,132
38,218
126,295
96,104
11,280
118,576
100,215
36,168
335,321
226,378
72,101
25,82
110,189
17,17
10,73
182,379
12,98
10,62
266,322
7,14
2246,188
11,260
94,491
870,155
545,343
103,239
386,344
569,250
11,184
200,253
124,235
331,91
16,127
134,478
11,90
8,94
6,87
14,438
177,219
605,708
9,397
39,257
12,225
17,307
16,91
20,296
11,656
136,572
13,85
176,389
25,585
20,234
7,267
17,353
17,111
443,100
27,252
20,240
369,328
3998,767
16,339
7,93
258,284
15,80
23,19
11,524
6,31
19,83
13,144
11,16
91,280
239,773
239,768
10,360
4,10
32,108
57,635
23,259
153,371
814,768
32,288
13,126
261,272
10,14
13,218
14,342
36,767
24,606
8,170
12,482
7,123
21,78
12,101
14,444
35,63
94,426
81,261
113,237
117,292
45,292
58,242
123,263
105,426
71,517
77,449
50,351
119,638
77,310
7,122
4,11
17,225
57,48
26,22
12,504
39,385
54,243
15,755
17,337
17,197
15,635
29,773
3148,157
189,75
14,418
73,148
23,262
46,649
22,337
54,340
9,206
15,302
36,39
359,180
5,303
13,418
20,82
298,106
265,68
20,28
23,311
57,314
84,331
13,398
31,161
29,209
28,151
1447,599
87,387
49,376
21,161
24,248
19,22
24,484
20,385
621,533
615,583
14,733
10,105
49,62
6,332
7,145
534,102
60,31
5,280
10,115
9,240
21,807
14,265
2822,151
17,113
32,340
29,442
12,258
226,210
69,259
87,349
27,269
26,330
262,757
22,596
172,178
921,170
140,79
167,258
53,190
10,62
344,305
8,514
11,281
21,214
10,192
48,53
2043,135
399,426
36,19
3217,185
3224,232
668,491
153,202
926,256
41,203
36,36
48,126
65,162
22,226
7,278
12,423
12,648
62,27
772,204
857,102
8,244
12,68
1075,74
46,138
105,314
23,660
15,19
76,284
359,31
56,108
36,308
17,9
12,412
706,198
16,28
67,242
64,213
12,363
68,353
5,266
23,151
237,14
45,25
181,769
17,23
35,377
63,767
464,163
143,563
9,378
26,171
15,74
20,224
1463,68
172,237
59,427
67,504
19,424
28,254
8,131
137,299
188,81
14,220
23,26
251,456
13,43
15,132
6,295
9,374
19,107
6,248
449,310
122,88
17,445
19,71
23,19
7,26
8,78
139,400
24,14
55,94
19,245
8,302
24,231
17,316
28,248
8,253
6,393
6084,277
6090,618
5083,71
6043,379
6035,86
165,109
595,769
770,432
776,457
918,769
866,769
73,766
10,92
20,157
16,140
183,494
108,76
1759,208
65,218
10,170
24,328
10,358
24,33
87,270
8,304
12,239
13,250
1207,685
8,47
11,288
21,224
207,267
1847,346
15,29
86,5
13,98
5,208
8,204
1090,487
119,394
31,645
1007,683
18,243
28,39
10,195
7,92
20,625
18,299
39,725
38,230
126,420
39,232
340,278
43,190
11,456
11,37
48,572
40,21
459,4
10,275
70,22
71,542
15,288
16,41
13,555
33,350
231,365
4,11
4,226
26,56
14,37
6,48
37,476
28,55
32,421
28,340
9,146
48,169
15,417
6,275
348,374
141,24
19,11
7,775
11,103
34,199
1266,18
30,239
30,282
44,318
15,311
39,775
57,436
308,766
25,411
15,699
18,156
18,181
10,271
2107,439
101,767
14,280
11,266
22,336
8,145
1950,17
759,770
959,769
15,770
1163,417
28,300
11,17
22,320
30,357
8,247
49,660
881,116
94,191
469,127
15,360
13,178
25,406
23,180
236,142
22,390
29,771
32,58
9,153
25,767
15,52
12,295
10,157
399,520
512,122
441,416
97,454
91,173
1055,219
10,107
11,104
5,241
236,14
17,291
21,484
11,266
31,550
9,38
465,469
15,352
281,334
43,25
1703,109
348,105
2077,130
604,127
105,127
1002,87
1211,240
1095,159
1459,236
403,734
29,534
10,99
31,87
28,533
116,257
839,14
147,505
17,626
51,507
695,354
44,117
21,256
38,189
32,234
11,131
21,271
132,674
14,6
1348,362
1151,332
20,154
12,246
23,370
10,66
12,59
265,253
1479,681
34,373
67,447
2883,397
8,44
22,360
14,483
12,163
9,644
65,770
8,110
70,404
130,66
4,206
2924,5
10,450
9,266
8,130
21,14
32,456
33,349
39,88
12,329
79,347
749,135
21,186
59,582
32,312
71,398
23,268
238,144
20,9
38,209
410,222
73,158
213,347
443,123
27,110
70,27
83,475
244,54
18,344
34,507
576,729
1515,4
7,141
16,140
55,195
30,209
415,59
75,322
560,18
17,432
25,493
60,199
19,387
437,556
69,718
23,638
85,543
20,23
793,385
10,43
7,115
11,379
34,446
11,255
16,189
16,412
495,383
46,142
20,294
36,342
752,546
72,130
7,156
11,176
8,98
10,305
23,130
35,249
244,318
121,205
17,341
264,249
11,640
41,98
28,590
12,214
118,220
14,329
92,353
26,168
102,282
17,35
13,266
65,393
11,258
14,74
106,775
12,200
9,86
27,279
158,253
29,136
10,566
258,69
19,97
108,712
239,772
84,83
105,265
43,773
861,112
1579,387
19,333
341,405
1078,774
36,508
122,273
102,115
12,22
24,67
8,19
226,164
201,647
255,405
125,694
211,766
728,796
10,337
21,173
287,28
115,123
7,132
22,263
31,455
31,258
189,99
130,514
86,710
7,113
12,99
1049,39
587,396
13,43
47,130
20,283
3670,400
3703,504
48,769
29,769
9,322
28,313
19,124
11,175
33,40
32,28
51,262
103,473
142,418
11,159
50,633
45,260
70,390
16,374
11,701
15,340
193,120
17,110
9,315
20,254
23,155
23,632
12,117
476,398
441,225
1452,161
13,219
1350,58
1379,519
851,633
14,64
17,432
70,591
4,715
533,185
23,114
13,267
176,448
22,162
11,236
11,243
765,104
9,146
247,171
102,10
37,310
16,205
15,478
39,121
81,417
171,412
123,171
27,146
6,96
15,309
25,492
137,299
1363,451
1163,195
248,237
297,99
24,129
13,151
4,91
18,466
31,767
18,298
42,154
162,520
13,274
15,212
124,140
13,303
13,171
139,443
8,218
38,85
77,320
84,257
90,389
53,656
103,385
7,279
14,241
136,179
10,206
126,467
30,275
54,521
13,194
59,37
837,224
304,145
38,64
88,767
26,286
13,447
363,550
48,170
19,334
8,39
24,232
10,137
7,411
23,660
27,346
74,299
18,320
39,767
6,371
9,102
20,427
29,84
35,238
25,318
28,363
59,215
20,289
83,296
25,279
16,157
90,103
13,278
7,195
8,283
11,231
3452,745
41,170
271,495
712,441
1617,577
31,13
45,130
74,488
404,289
5,23
1418,178
1899,167
2125,181
2791,270
2172,187
6,73
159,318
22,144
36,183
273,769
373,768
14,106
130,409
270,320
562,346
217,387
22,362
11,394
24,171
286,139
203,415
147,307
262,203
456,157
161,142
33,282
10,238
279,399
14,146
7,23
1259,149
1153,157
160,374
75,184
50,145
100,447
5,75
155,141
10,326
282,463
14,32
341,507
73,767
624,438
319,312
153,770
7,90
25,470
21,659
35,37
96,286
29,105
15,387
93,552
15,385
48,345
102,384
20,381
13,124
1011,157
5,362
19,283
375,385
16,766
6,214
255,21
6,127
76,251
264,151
84,464
32,380
28,184
17,384
50,171
1297,135
1281,131
31,111
153,42
10,83
7,330
21,30
151,540
20,39
342,335
26,55
406,100
595,173
30,252
12,554
47,170
138,688
193,267
307,52
804,77
46,577
56,139
26,45
244,147
3356,127
1148,127
71,530
11,347
55,62
60,467
9,152
8,145
5,203
410,224
125,357
4,167
1077,236
85,115
95,128
88,68
15,95
57,525
114,267
111,136
145,291
10,299
30,144
10,238
10,182
19,776
67,317
15,391
43,384
49,306
17,676
27,32
8,403
134,14
15,268
702,390
1914,437
58,46
17,171
81,16
87,36
22,171
4,170
12,291
9,187
18,240
633,767
64,504
71,283
11,235
15,177
22,366
264,151
24,329
118,263
98,75
1098,345
2308,394
3357,366
155,760
8,699
160,466
118,175
16,58
14,315
13,219
39,241
442,353
13,215
31,232
568,510
20,113
27,431
25,272
2725,106
44,261
39,580
17,56
20,585
38,767
51,196
6,491
163,352
71,207
21,307
340,339
20,336
16,235
8,86
7,347
24,293
238,198
15,498
96,392
9,550
65,402
482,768
63,59
31,343
11,171
89,769
230,488
37,32
44,760
21,92
41,278
13,450
13,298
197,768
79,16
9,299
10,300
36,31
76,394
66,25
1259,245
13,220
32,409
9,333
25,255
67,297
138,767
14,273
88,289
396,119
59,75
9,32
85,260
9,236
1903,147
490,127
97,67
18,516
86,18
11,392
35,767
8,244
9,85
588,20
65,442
34,21
7,172
12,403
24,771
49,769
1232,768
1437,770
29,769
19,632
1385,17
1403,772
1408,769
1355,769
36,322
21,83
19,287
16,101
3028,506
23,411
41,596
714,391
339,81
818,346
59,266
53,58
5,29
18,643
33,264
195,9
75,259
456,280
9,218
158,351
131,278
13,192
7,75
48,166
12,301
15,200
26,136
15,25
18,514
12,99
6,41
52,119
53,217
80,377
17,530
241,433
87,460
15,341
538,610
19,205
36,312
25,258
36,230
258,484
19,199
8,199
23,33
24,254
920,501
29,262
780,349
617,256
554,750
627,138
401,384
57,371
86,13
6,160
28,219
71,686
74,399
38,46
215,155
30,350
20,29
101,266
178,225
14,287
108,212
21,49
45,180
28,39
96,89
45,31
39,375
59,765
16,175
9,144
21,112
91,282
28,486
9,193
1398,127
59,473
238,198
4,20
16,451
5,121
19,297
25,87
2165,47
1607,84
1921,34
1739,131
2020,128
1481,440
11,380
17,56
8,275
107,269
20,769
16,312
13,336
13,117
23,522
42,153
17,261
107,6
20,271
139,507
129,410
11,278
61,73
7,156
13,449
7,193
16,78
42,527
7,92
26,379
1239,385
6,110
13,67
33,164
13,268
93,767
121,91
37,161
11,770
197,211
225,337
6,48
37,476
216,141
80,390
186,682
25,298
14,228
29,79
19,176
4,205
511,198
9,197
1027,401
26,286
8,279
7,111
15,767
45,22
77,345
4,601
29,27
754,170
12,86
40,268
9,20
120,731
403,421
9,398
239,139
30,545
60,404
1998,99
4,61
10,59
34,71
10,275
9,416
17,147
39,33
9,343
23,187
10,73
4,256
95,136
10,303
14,338
30,320
147,352
25,12
69,131
124,377
111,151
9,252
155,353
28,263
15,65
124,113
82,33
134,35
11,281
684,36
19,524
31,769
69,606
69,626
13,461
59,39
75,112
8,18
1054,25
1326,12
9,236
66,474
30,769
1425,334
462,184
21,558
8,190
35,237
15,354
298,526
20,168
333,503
23,98
10,224
9,769
22,190
77,344
187,223
75,41
14,107
59,20
206,53
947,405
417,164
15,74
5,86
19,126
11,105
851,146
95,54
9,378
42,355
107,555
53,530
1402,321
330,294
110,246
37,459
205,369
115,139
294,175
2131,155
2191,167
69,115
36,408
21,86
42,285
38,50
43,200
272,308
14,59
26,358
126,351
26,226
9,253
5,224
30,239
10,507
710,317
363,268
1287,255
1181,375
149,209
74,224
15,211
22,329
100,421
15,296
5,74
5,8
8,217
7,202
12,12
4,105
16,80
889,751
13,233
35,29
182,271
108,771
327,167
22,144
139,703
129,229
4,39
10,106
36,312
10,390
16,10
1558,634
15,245
7,116
208,550
100,206
109,205
13,189
249,544
17,286
16,335
473,147
170,24
12,277
13,306
44,392
33,18
605,516
10,583
380,413
32,442
66,57
157,52
195,203
5,319
66,176
16,326
7,264
166,102
576,130
6,299
1159,418
53,307
8,189
11,231
20,223
14,617
8,100
305,38
368,724
122,197
29,303
26,86
20,499
11,207
7,23
19,767
14,113
41,14
120,379
8,123
22,25
12,165
20,92
313,560
288,608
80,406
301,123
4,26
80,158
7,115
40,194
98,761
1034,532
1733,285
16,445
14,363
113,330
346,604
84,212
1967,395
20,219
8,80
67,295
165,362
109,85
19,170
149,165
22,330
39,82
17,473
173,754
1385,357
18,693
174,247
7,651
8,635
20,55
24,232
13,327
18,334
78,189
13,276
168,292
11,237
954,197
21,257
39,173
116,154
18,84
2998,264
6,15
2613,9
2619,152
148,79
164,75
53,486
217,767
7,127
49,35
87,101
62,561
82,182
80,117
39,370
471,365
17,57
16,423
149,312
59,336
260,770
10,175
35,609
25,128
15,108
373,579
243,182
27,74
67,226
15,384
14,561
304,345
175,440
11,312
7,166
457,246
14,212
8,395
14,364
11,269
8,39
443,386
2200,942
1109,771
1120,992
741,353
159,406
72,25
135,64
14,12
9,29
4,326
8,94
53,147
7,248
10,74
116,565
17,153
33,307
9,476
42,266
20,249
19,230
61,321
17,33
27,514
23,107
9,292
19,192
38,576
22,660
66,550
29,4
17,47
25,192
11,283
46,198
897,284
37,345
28,51
145,248
49,151
13,205
45,381
387,609
31,59
12,692
154,140
264,100
164,269
12,446
117,245
121,668
38,447
12,87
253,140
52,359
7,153
84,573
63,159
14,355
216,92
78,194
42,343
29,383
9,379
73,283
13,299
25,277
24,130
3589,259
26,439
364,350
424,450
437,506
245,774
34,454
245,720
20,338
19,282
33,475
16,625
5,143
7,218
15,140
12,224
9,212
1883,45
551,576
27,602
36,308
2991,107
335,212
900,166
895,118
942,200
745,213
448,133
623,133
3156,466
684,252
1193,151
1228,578
24,181
475,223
462,144
738,163
8,148
695,286
20,38
419,295
81,767
614,288
1106,228
1386,123
118,152
17,230
8,39
654,24
9,140
184,146
24,47
6,272
66,96
10,27
7,265
768,121
10,378
34,388
62,422
12,186
21,425
41,133
6,414
38,297
32,515
30,320
46,31
24,376
13,21
33,303
19,40
39,31
16,379
19,120
468,272
7,57
370,137
184,325
119,327
63,308
15,182
188,569
69,462
7,43
129,180
23,50
2540,270
2268,245
21,326
30,499
6,37
43,104
5,44
10,185
18,287
213,304
29,397
17,103
38,319
5,193
31,380
1020,191
216,112
17,227
9,296
41,71
43,263
14,45
145,534
15,234
270,170
72,295
37,37
29,457
78,325
15,25
19,370
200,141
36,479
7,109
19,81
14,737
6,160
7,233
21,300
112,214
250,169
8,489
60,282
2456,111
1612,210
23,194
39,211
204,351
43,285
44,343
26,247
23,19
7,211
903,151
15,197
460,588
781,176
19,242
115,464
179,135
11,246
13,164
41,663
18,251
10,291
35,118
259,281
13,22
137,420
125,154
313,465
61,9
305,332
111,179
15,583
26,270
61,22
59,593
37,87
48,564
71,393
5,96
78,316
24,408
8,437
4,289
24,435
16,430
6,314
57,121
76,31
16,464
6,249
12,186
433,288
359,157
140,136
6,338
19,439
109,449
40,251
26,271
41,35
133,768
18,402
14,7
1266,201
23,179
43,152
10,158
9,55
9,154
6,209
10,303
54,207
38,200
11,402
17,493
8,157
10,363
55,13
77,390
29,162
597,188
7,32
16,565
9,251
27,284
6,9
13,128
192,133
247,489
61,173
48,53
11,553
7,92
55,254
130,409
270,320
124,337
36,357
1350,512
76,123
37,347
33,97
114,119
96,484
1175,284
596,765
72,192
10,36
47,342
14,150
14,345
9,230
13,238
196,212
16,437
8,126
6,216
13,113
35,151
13,272
14,128
142,474
10,768
9,227
7,209
20,111
15,262
313,265
13,414
15,391
350,281
32,699
12,86
7,82
3166,710
1005,178
27,379
81,673
935,425
192,261
32,494
9,237
838,225
7,140
13,182
2361,12
23,361
18,380
59,143
14,173
648,320
36,46
38,506
9,77
155,354
11,80
38,113
31,470
24,492
50,405
35,771
25,435
11,94
845,706
10,228
29,405
12,417
4,139
29,320
9,207
16,656
42,85
9,52
1386,33
1633,437
9,408
13,336
19,442
318,286
4,296
13,314
7,42
8,265
203,482
73,558
92,348
82,168
7,587
1429,383
161,205
761,130
771,78
110,75
354,109
8,82
102,518
22,312
86,266
120,388
52,264
6,315
23,29
157,270
100,189
14,617
200,767
7,382
20,129
16,201
79,142
22,201
23,227
15,103
19,203
31,518
9,154
18,349
266,254
24,541
10,174
25,47
28,481
11,180
9,311
9,76
17,225
78,37
11,208
12,766
148,514
27,643
18,111
392,326
268,141
49,225
10,179
10,105
13,469
17,346
15,117
10,616
3474,44
11,414
59,374
13,350
104,304
54,397
14,87
7,243
603,767
8,19
226,164
21,421
8,545
850,17
97,48
47,414
19,204
48,238
15,387
24,763
19,409
13,543
15,342
15,205
12,221
73,571
13,145
9,187
20,214
11,25
228,40
12,136
981,434
13,503
2818,551
5,67
15,184
41,287
43,260
10,579
167,437
32,218
20,372
85,101
13,112
14,257
10,173
6,263
32,340
85,767
6,124
95,129
40,302
11,304
10,158
28,97
9,111
46,111
105,596
48,291
18,278
8,303
69,623
420,768
16,210
6,237
21,280
21,397
20,330
17,222
103,515
161,327
49,70
43,121
11,123
105,810
10,190
83,13
24,223
15,773
235,493
178,102
358,770
18,278
580,20
101,433
69,195
947,313
8,82
20,350
458,244
27,211
5,172
37,145
6,274
14,23
9,119
62,437
34,357
15,455
14,334
164,74
74,308
182,174
51,328
102,377
23,398
52,345
31,90
47,158
10,764
10,775
39,324
16,236
31,678
241,309
26,292
40,545
7,82
20,95
441,524
401,170
495,306
751,306
485,212
974,130
212,124
737,109
868,96
160,240
615,105
1503,252
46,377
10,485
26,107
16,74
12,281
60,356
34,358
30,59
35,50
85,375
5,36
11,493
185,732
7,93
151,34
12,238
11,771
8,79
10,170
352,205
122,201
8,239
324,170
17,352
23,286
9,409
37,171
57,85
141,186
260,25
32,240
6,363
5,98
105,143
25,130
25,190
6,19
20,160
110,497
151,256
10,233
83,198
27,252
24,239
19,323
118,43
21,292
27,53
4,163
43,208
7,53
8,304
7,263
33,324
4,202
106,366
216,97
203,298
1241,259
25,237
44,210
403,6
16,264
400,132
7,289
9,617
29,131
22,446
24,341
14,108
18,690
338,299
4,79
24,47
34,52
17,702
11,404
66,696
33,258
591,765
113,261
79,520
317,314
44,392
270,99
46,463
328,173
14,310
380,157
184,5
67,186
1904,248
1070,155
11,189
15,131
27,410
15,205
51,456
28,65
26,58
15,339
6,5
17,264
6,115
7,32
30,741
1491,196
40,473
50,246
82,374
14,296
20,79
39,126
952,223
11,200
119,34
7,18
60,412
50,576
20,234
11,99
551,60
69,261
66,762
249,182
446,440
711,174
13,124
7,13
8,309
39,163
259,727
5,56
344,327
23,177
42,140
38,365
8,39
442,363
177,75
12,190
130,252
17,284
20,132
6,132
9,477
35,51
50,464
30,276
10,233
10,310
76,167
22,289
168,253
16,372
19,136
15,91
25,39
1161,228
1286,297
1374,19
1071,119
106,312
262,108
24,573
1239,385
101,81
13,387
432,291
49,632
28,307
14,37
24,130
1613,380
13,403
4,8
100,59
18,45
19,278
124,363
17,442
9,251
22,767
18,249
11,350
12,211
6,249
23,151
98,438
34,445
16,62
24,219
28,501
30,342
13,116
16,389
32,30
37,437
67,136
96,240
67,44
84,20
2578,45
2578,121
2578,123
2578,92
2578,28
17,35
20,68
200,166
4,10
16,123
188,9
50,640
10,79
13,291
57,312
16,177
6,44
433,183
17,54
5,285
16,601
23,155
4,14
33,305
5,143
414,99
10,313
97,253
20,55
8,548
1205,107
105,413
9,211
7,375
9,186
25,279
423,211
15,124
18,174
8,175
18,224
500,212
275,123
317,300
18,469
940,166
32,121
9,662
914,278
25,188
15,340
90,170
550,767
559,88
27,266
12,203
15,278
24,160
78,364
6,536
38,25
262,40
364,370
21,264
149,246
36,145
17,434
1245,120
154,226
40,239
59,429
23,14
21,116
15,393
20,399
12,85
20,515
26,282
15,178
15,628
44,210
14,426
25,89
83,245
14,254
11,214
206,86
8,168
13,336
29,312
27,243
10,85
8,381
144,16
24,329
152,350
14,350
75,537
60,453
106,715
16,79
15,341
18,211
54,524
19,365
30,316
17,250
8,315
15,219
75,14
527,144
12,353
7,685
188,200
2067,111
2065,98
2897,89
857,188
11,233
40,31
228,332
93,128
25,33
1894,240
108,767
8,137
1975,632
14,180
13,146
18,227
6,379
11,76
28,268
16,404
20,717
28,205
14,367
8,190
34,180
10,241
38,230
223,169
37,173
42,20
263,33
8,95
43,73
111,38
10,382
135,56
70,226
16,327
4,251
123,120
4,214
18,321
217,118
5,254
37,374
194,301
11,21
140,157
25,111
262,426
108,541
1243,158
1822,225
7,299
318,787
5,514
26,383
161,598
65,10
46,161
107,183
60,234
14,224
40,176
148,88
890,232
867,195
105,105
21,307
340,339
163,118
171,108
16,385
131,263
36,20
22,338
23,294
10,364
63,198
43,187
5,284
12,218
16,349
14,165
8,261
13,277
11,296
14,149
30,145
5,106
58,320
48,438
4,145
96,4
8,47
198,36
237,27
63,366
16,560
13,258
56,287
114,415
51,580
15,366
4,769
18,482
293,142
16,245
12,201
74,275
1043,772
831,186
19,408
26,142
9,308
32,285
50,368
27,164
65,240
153,185
92,734
130,476
93,438
96,371
15,573
144,280
7,49
175,532
29,258
457,229
40,620
10,307
12,240
10,232
30,336
451,413
3143,567
17,435
772,267
13,73
24,232
4,9
319,128
51,362
10,764
8,70
147,54
430,790
12,382
17,777
8,189
264,218
68,769
383,595
230,346
35,358
584,681
636,384
40,240
1354,146
924,192
66,474
1282,294
65,248
17,222
321,767
22,768
67,435
48,179
45,108
23,232
54,194
92,271
165,688
33,376
7,740
31,337
40,365
651,16
21,181
11,225
33,268
23,270
4,262
8,164
13,192
26,279
21,740
27,188
244,604
452,121
20,115
70,769
709,117
48,510
14,325
7,234
14,579
113,478
7,366
257,610
35,325
12,403
18,92
15,289
22,481
34,20
92,606
12,286
10,323
81,87
58,429
6,225
450,767
9,282
125,55
2590,764
2683,342
2903,523
2482,382
2795,652
12,455
173,723
7,58
47,267
14,260
11,315
17,446
51,387
15,56
2038,223
364,250
887,487
3011,292
54,437
751,362
11,378
487,411
252,402
476,476
15,261
18,433
6,519
26,360
188,200
2067,111
2065,98
2897,89
857,188
889,769
60,182
1471,211
530,557
1004,770
994,770
81,169
15,239
375,319
25,484
8,137
36,307
127,437
111,307
128,645
9,429
14,465
43,583
12,181
7,161
11,252
4,154
10,236
174,219
22,383
10,290
177,150
11,640
39,316
21,203
13,399
7,797
10,134
17,90
21,198
74,570
1579,13
104,302
42,521
67,303
13,330
13,125
12,87
19,705
38,124
512,508
93,230
895,509
665,454
116,382
17,426
74,163
393,135
36,192
106,20
33,295
7,104
8,33
9,27
53,165
14,312
22,196
414,578
21,223
54,56
63,422
78,270
87,286
20,631
60,494
26,376
1320,108
8,337
69,391
25,548
33,199
577,227
71,336
7,175
155,127
53,295
59,374
17,60
122,224
30,241
44,278
43,599
93,193
12,12
21,232
34,111
27,238
22,491
593,113
11,411
18,272
209,395
120,354
1094,498
21,523
43,36
1389,101
10,468
156,109
10,175
36,215
31,308
32,355
4,248
15,199
39,417
520,152
8,259
63,407
43,25
16,399
190,175
110,373
25,386
10,366
10,690
163,106
29,273
21,307
10,253
49,630
5,276
8,82
20,350
28,151
32,434
247,171
2865,135
37,182
29,341
18,240
21,225
15,270
94,385
981,20
57,162
194,132
55,15
1862,262
157,173
10,309
12,275
12,281
13,184
419,257
12,253
8,245
18,385
669,122
788,141
1429,175
723,304
17,6259
7,302
19,87
17,328
116,175
5645,165
77,8
261,205
15,210
21,95
5,466
46,631
8,148
4,25
7,217
524,361
12,277
76,517
19,572
80,292
10,274
22,164
174,455
10,401
61,625
85,183
19,384
15,496
54,256
20,567
23,269
10,12
31,441
25,332
27,382
18,184
58,412
207,170
35,360
5,13
12,479
141,288
73,48
22,285
44,31
28,39
96,89
45,31
28,486
906,457
119,491
9,146
6,275
13,180
73,357
12,32
37,631
21,191
13,349
37,313
280,551
544,623
534,130
13,199
52,198
18,494
40,257
17,34
89,616
6,267
14,177
48,343
391,440
19,117
50,279
4,185
75,53
18,48
9,225
6,622
102,523
141,138
37,15
25,274
11,211
110,247
72,408
30,68
28,198
30,232
187,171
19,433
248,246
18,12
23,294
46,412
40,51
232,220
28,422
8,92
12,31
13,379
32,95
60,334
6,9
22,292
44,359
13,291
67,248
19,531
17,767
11,279
60,364
104,30
766,768
15,232
25,106
8,52
20,194
29,264
9,204
279,424
32,329
17,573
60,136
135,696
220,707
2511,306
7,121
9,765
363,234
179,550
23,33
39,24
179,190
169,339
334,36
38,198
36,250
11,18
296,230
14,296
29,89
31,349
990,172
1906,629
31,27
39,617
186,584
25,162
6,94
17,302
33,615
1356,174
1356,567
355,320
63,264
73,601
358,282
10,264
19,369
8,511
13,46
16,703
229,388
9,308
52,333
18,414
32,391
13,157
304,492
9,292
194,522
490,378
15,740
4,116
182,31
40,252
18,193
282,723
68,172
121,143
32,295
43,516
67,200
83,475
45,209
7,87
122,543
4,257
209,329
362,769
301,450
12,409
87,478
19,71
43,445
67,768
26,415
8,128
7,286
17,300
11,629
26,21
113,596
13,312
7,339
59,159
184,219
22,296
10,62
6,18
17,129
9,188
8,283
5,122
8,213
114,767
25,53
13,398
37,415
10,266
29,19
6,168
81,518
33,201
18,696
26,402
39,177
2694,208
18,358
17,106
93,629
8,76
30,350
15,103
6,332
35,291
83,265
74,179
7,130
9,512
9,105
134,104
11,83
22,316
46,141
15,252
603,767
81,286
37,197
530,207
15,117
7,17
533,390
29,514
28,475
33,225
9,368
27,400
8,253
7,221
12,300
6,175
74,219
15,478
37,100
90,345
18,313
79,282
267,46
177,121
220,137
187,147
19,65
52,111
104,107
270,73
194,41
363,114
382,448
477,110
12,398
6,419
185,771
16,221
17,56
30,484
115,581
34,35
20,312
9,396
24,143
186,276
8,398
27,147
23,273
25,373
17,323
25,160
10,35
7,26
12,344
15,84
1348,91
7,198
22,107
156,261
251,22
1074,767
13,68
23,230
5,107
41,355
49,112
29,110
15,16
471,66
629,390
27,659
15,216
97,36
15,267
216,137
10,368
20,88
100,175
541,360
7,766
1003,346
1062,365
1106,267
1158,616
5,489
11,103
45,335
20,364
111,104
21,467
1209,147
7,75
43,68
19,752
14,259
54,87
153,160
318,522
67,28
42,768
96,104
11,280
5,251
13,291
1906,213
1896,112
7,152
7,29
5,299
15,238
22,22
11,85
14,291
13,437
89,17
262,767
507,324
11,373
10,119
18,68
30,306
28,303
180,97
813,179
11,534
2841,105
22,225
45,227
30,592
41,307
10,720
17,210
50,94
17,157
24,153
25,171
310,771
67,25
23,404
15,341
9,299
36,234
27,541
509,768
13,339
10,238
21,401
7,232
14,62
12,382
6,139
10,81
19,331
35,276
12,201
1773,116
46,227
20,352
10,118
133,273
23,458
13,255
24,475
7,28
7,421
8,33
36,78
58,636
18,258
44,237
51,418
383,232
11,633
7,62
40,197
18,404
56,84
5,9
31,563
21,332
16,251
381,263
504,353
76,433
14,123
28,449
1698,720
696,345
35,282
12,248
179,769
81,388
25,341
14,230
23,22
91,298
9,478
5,58
459,46
2712,61
391,767
1052,319
237,694
21,372
553,524
22,99
481,672
36,553
59,250
16,597
11,247
34,104
658,670
990,520
42,74
47,239
15,89
7,216
53,380
27,170
33,457
24,80
59,273
10,317
127,433
5,269
16,245
61,271
14,191
7,83
4,380
9,245
368,133
421,607
428,760
187,478
6,282
226,276
10,382
19,197
11,513
61,406
61,140
107,82
1337,191
807,211
159,134
468,111
8,597
38,705
7,30
39,21
9,81
41,91
170,160
65,310
201,308
30,171
10,144
8,284
10,62
67,768
281,70
12,213
851,659
185,176
369,356
11,158
18,735
124,121
20,642
41,774
35,235
20,168
61,253
83,767
9,157
13,157
96,272
20,323
109,462
227,16
36,322
29,621
13,299
30,312
663,519
18,529
5,128
25,329
4,27
12,105
28,45
14,315
8,756
20,167
8,256
32,265
11,351
45,496
21,109
14,159
6,357
24,153
6,141
333,272
889,413
57,282
573,120
309,244
709,62
514,460
34,426
324,287
30,69
11,438
85,60
9,81
10,208
18,455
7,118
257,399
13,364
32,234
86,635
82,669
54,208
5191,197
42,20
263,33
18,153
8,133
13,769
57,677
45,333
111,389
44,406
59,434
178,185
19,282
25,285
472,307
5,21
13,278
22,220
35,118
18,348
21,193
17,448
9,182
427,163
302,231
37,379
24,393
132,96
39,256
409,266
229,75
273,91
6,304
28,67
157,186
1116,179
197,218
14,279
7,244
35,683
54,200
17,651
479,368
41,86
40,342
17,149
19,201
30,266
3594,770
3602,770
7,261
16,469
1260,70
11,166
10,214
393,226
21,340
10,358
1637,51
60,109
41,157
258,58
5,154
12,32
25,40
8,304
19,301
24,80
15,183
21,250
55,442
7,389
22,151
201,240
10,10
17,99
22,246
111,19
95,378
5,60
12,98
1359,134
15,203
44,67
8,202
757,285
52,445
368,331
104,262
23,724
19,198
32,595
44,604
21,412
10,362
23,219
16,219
33,452
18,769
128,595
5,337
98,617
13,270
16,177
18,629
10,220
38,188
18,235
20,97
34,362
16,415
9,376
11,252
779,773
1610,34
1605,22
1610,35
1608,22
82,638
223,119
15,20
35,676
442,11
179,264
107,299
21,210
22,101
12,24
12,327
95,303
13,248
13,360
608,567
48,373
59,370
33,274
12,275
9,43
187,423
15,589
84,166
17,188
12,248
70,224
16,279
154,323
202,210
29,230
7,306
80,561
19,396
3594,770
9,85
5,580
25,89
11,771
159,226
16,300
18,36
11,434
20,300
57,173
152,440
333,175
23,90
114,106
33,147
15,452
149,37
222,114
11,273
29,442
14,225
60,289
94,503
10,291
6,307
25,365
39,321
10,456
71,88
11,513
15,205
16,450
13,417
14,354
216,768
20,15
14,646
2266,266
14,46
67,483
8,191
14,90
959,18
14,139
47,333
306,401
178,603
128,448
215,416
31,90
771,46
581,435
109,125
532,329
43,225
510,444
55,400
22,281
13,370
68,58
13,288
21,427
35,56
200,65
148,149
6,336
28,387
81,360
97,19
998,731
21,178
1174,176
398,278
142,23
295,221
400,372
232,188
24,243
15,91
13,72
210,204
12,233
6,133
327,478
86,184
10,227
37,11
41,271
23,86
426,734
25,780
7,224
62,392
25,444
9,219
44,366
642,766
9,273
1105,771
79,43
119,61
1025,608
997,484
1056,621
1061,540
993,556
1077,615
1047,615
1031,588
5,280
56,246
13,572
216,121
22,213
66,103
325,459
26,9
4,194
35,117
2514,109
204,550
72,344
39,242
38,384
34,744
25,115
33,154
68,87
41,65
30,328
12,99
11,335
24,80
15,125
844,276
1514,325
32,237
111,767
53,366
249,218
119,59
34,482
27,375
33,406
15,266
5,215
581,681
9,110
26,313
94,220
226,37
67,49
23,747
15,312
856,516
2195,213
355,292
115,77
18,201
8,154
9,365
10,583
168,605
13,769
57,165
18,93
38,441
11,203
174,213
14,358
9,295
24,180
58,408
374,266
2163,201
2627,224
271,395
3540,130
2587,262
2395,326
1807,193
2427,163
1777,182
2188,146
2326,163
3028,137
1811,157
1686,196
2100,196
135,267
3632,447
15,187
5,351
27,285
44,52
17,493
19,503
81,324
186,261
10,24
19,114
29,359
10,354
225,28
42,447
31,128
8,55
131,72
5,213
34,199
44,312
1777,194
9,98
13,276
17,156
51,264
10,367
982,47
193,383
10,265
12,182
63,332
9,342
9,229
209,48
111,107
1103,537
70,292
36,467
2517,107
79,154
21,7
597,188
80,212
17,519
414,313
12,34
19,79
35,588
97,572
88,368
328,258
27,159
27,343
479,549
23,31
10,182
48,514
12,323
130,411
22,19
36,767
41,391
12,439
13,201
43,378
71,286
69,35
24,705
71,396
32,104
243,128
234,460
370,311
79,132
27,395
10,145
29,699
260,28
376,42
1647,589
10,214
11,241
816,320
419,296
8,144
671,541
68,267
7,81
102,410
7,216
12,141
19,141
39,504
1491,399
13,111
305,253
38,318
9,283
56,445
23,92
19,117
14,192
1775,276
48,429
8,160
84,76
12,119
55,152
12,73
16,525
40,39
21,303
9,283
12,208
348,343
50,665
7,588
732,601
1676,767
30,31
20,178
61,387
38,617
128,485
127,116
17,324
1110,270
11,131
179,464
7,153
85,503
8,667
62,61
102,274
61,688
21,368
87,126
17,112
8,66
64,227
252,278
28,324
59,308
34,341
71,504
21,613
8,283
11,84
50,198
375,100
330,236
14,242
697,453
85,115
77,109
12,85
54,472
13,107
18,193
42,251
13,183
104,296
84,375
96,177
13,552
47,422
21,227
33,344
409,430
179,85
1333,13
4,14
48,151
110,315
8,182
38,23
109,341
8,224
57,161
23,14
9,125
49,35
11,30
45,250
28,198
38,79
48,44
536,267
110,426
19,9
11,305
25,349
64,504
126,368
18,318
29,152
26,289
39,127
370,111
30,111
47,126
11,16
134,14
74,84
37,261
5,36
11,184
94,23
32,276
12,349
14,21
18,767
34,463
65,259
15,487
18,29
10,195
33,213
8,9
211,361
13,58
9,480
33,164
17,337
100,111
11,238
58,295
61,144
35,512
17,582
6,81
32,767
171,656
9,159
16,445
97,346
122,252
43,293
29,332
12,134
1008,605
1070,525
19,297
6,301
4,35
138,486
13,44
2826,176
3147,767
3229,767
2592,171
2597,692
1365,286
13,289
13,229
2191,627
8,283
60,623
69,74
29,49
13,239
14,38
11,765
42,265
383,611
1355,189
15,455
8,298
20,462
11,460
26,125
1822,93
193,556
83,443
21,534
56,554
12,162
16,587
18,194
11,254
6,207
8,86
22,561
5,303
16,227
155,57
18,228
6,148
9,429
51,44
9,777
57,168
1282,217
826,264
155,226
190,363
778,321
948,322
240,302
1127,302
26,55
40,192
293,63
41,444
8,176
28,194
11,401
18,202
298,211
10,201
199,206
12,66
34,719
12,384
346,585
4,560
8,355
42,703
999,22
1003,8
1000,217
1924,757
46,365
10,188
140,164
487,118
38,383
28,93
52,167
1007,686
25,336
33,224
6,184
11,85
21,656
504,373
5,203
15,76
148,310
250,250
9,293
418,160
195,418
9,327
491,481
184,194
481,465
134,32
25,47
23,146
14,76
18,365
1701,344
618,519
920,626
1128,267
79,252
16,291
78,232
10,268
6,46
86,630
226,719
111,303
15,381
230,135
699,144
279,491
5,356
26,441
2374,602
23,45
41,119
18,33
49,224
1581,42
728,32
27,6
22,576
18,32
13,170
10,195
87,495
310,429
370,137
3042,103
111,483
7,238
21,231
6,31
61,99
11,430
65,768
389,158
236,540
412,403
425,769
445,657
178,263
30,298
51,546
44,138
37,66
91,215
482,340
10,292
78,682
15,495
23,176
5,474
141,142
15,284
21,109
133,341
10,521
12,314
120,281
2058,25
5687,291
3264,317
102,630
13,22
38,333
75,101
45,108
19,387
109,187
30,309
215,416
23,18
11,278
306,175
7,81
1163,166
7,406
19,86
52,56
23,150
111,39
23,254
22,247
15,193
63,270
192,14
958,147
11,238
41,527
37,74
10,295
606,36
376,22
8,14
54,227
812,767
55,28
943,36
7,395
17,95
316,157
4,30
124,23
61,87
6,41
19,208
25,321
49,449
86,273
186,219
14,223
315,341
28,250
9,277
15,418
115,581
40,135
7,113
75,112
67,265
25,62
2139,59
2126,70
2174,80
2059,59
90,202
50,285
178,559
62,287
170,247
34,152
670,298
4,300
33,431
23,660
9,182
6,111
16,372
29,347
101,65
73,328
8,255
19,134
73,366
53,132
93,350
7,21
1378,422
407,374
970,398
957,372
2633,421
54,57
23,315
61,61
14,232
114,39
10,155
159,239
7,78
6,127
49,85
24,84
92,572
240,394
48,335
20,226
49,658
10,171
973,131
21,456
47,45
8,314
8,392
9,122
10,206
12,83
10,82
56,373
19,166
111,251
51,374
11,473
12,216
15,176
42,295
39,14
88,187
6,633
14,183
17,131
57,305
13,407
108,416
101,258
917,767
34,545
19,26
36,508
250,463
18,351
15,244
23,311
57,173
121,691
17,115
91,95
154,8
18,749
8,531
45,333
4,305
1698,545
15,35
298,136
15,244
353,261
18,249
929,5
591,140
13,770
11,71
12,186
15,376
46,394
29,261
12,337
41,766
90,252
2236,230
27,206
2956,163
16,311
68,455
173,8
608,20
41,385
205,391
9,191
292,35
248,613
62,252
32,408
24,573
24,291
19,218
11,363
31,144
11,497
8,106
87,305
10,205
117,408
39,553
380,767
7,446
7,118
9,172
62,345
8,71
225,140
19,262
48,459
37,474
7,300
309,308
625,140
117,93
488,311
625,257
1354,255
625,134
796,768
890,42
18,201
41,9
18,410
41,521
15,350
13,170
10,116
73,107
12,471
57,376
90,205
36,237
34,254
4,154
70,80
69,41
166,79
11,212
31,373
10,528
11,82
47,574
32,390
146,399
154,560
472,517
11,90
8,212
74,1395
14,330
362,744
605,34
73,54
60,151
911,125
16,465
27,273
23,150
16,299
36,99
87,769
7,64
58,61
135,64
23,624
34,511
19,540
6,128
81,742
217,78
11,11
34,284
8,77
15,192
139,444
13,301
159,239
62,521
13,273
9,114
18,605
35,88
733,241
12,221
614,336
342,505
11,252
779,773
1610,34
1605,22
1610,35
128,422
31,322
24,90
21,480
15,255
58,288
13,263
43,298
7,201
16,324
9,135
49,326
35,71
30,535
7,7
6,257
14,191
280,250
43,141
13,256
101,331
10,9
8,220
23,526
58,289
42,579
14,262
118,108
80,239
16,180
5,25
11,29
316,74
1392,195
1294,294
1327,306
256,211
498,347
1817,9
1042,449
559,368
2163,177
9,68
74,316
14,315
45,12
36,212
14,242
10,770
9,214
13,400
16,200
11,230
29,71
9,231
41,326
124,163
97,429
8,209
24,334
20,466
84,523
37,132
135,267
218,161
37,319
14,316
805,111
3057,185
2755,130
2845,112
2861,101
3349,106
241,89
21,353
153,362
6,28
24,432
1648,608
2625,138
23,89
21,211
18,187
21,321
11,122
12,401
22,84
65,74
13,84
8,188
10,95
20,238
16,415
252,535
5,100
44,422
19,403
16,163
20,417
8,298
18,245
20,310
29,257
14,25
11,401
13,639
8,323
18,291
49,260
33,371
56,24
1202,148
216,382
87,87
86,342
10,617
28,56
19,314
9,178
3249,632
25,323
7,349
39,165
14,283
24,28
46,65
330,67
28,411
19,213
10,209
19,136
91,767
7,223
1518,770
583,769
465,730
822,768
65,113
4,212
38,94
48,325
24,275
382,458
11,203
10,159
413,145
26,323
13,67
17,340
42,354
21,298
48,53
108,135
519,99
24,205
83,110
469,32
6,155
6,189
12,404
11,312
13,262
408,434
14,445
27,333
16,587
8,133
75,53
15,643
17,622
21,189
46,471
59,290
15,422
24,774
10,184
36,221
152,773
15,432
13,312
183,320
14,203
214,678
15,164
9,268
606,755
8,317
22,302
128,251
15,299
14,323
63,418
44,767
56,298
124,170
11,412
348,90
895,509
726,674
23,180
7,236
16,280
22,244
579,177
15,326
321,337
8,154
13,215
9,31
25,613
244,707
465,116
647,155
893,406
146,289
50,88
39,121
77,265
8,254
125,326
149,151
7,211
19,236
292,403
12,65
16,244
12,292
10,285
16,187
14,763
132,561
89,372
16,97
8,33
307,235
34,46
51,50
11,182
22,99
4,698
227,767
176,301
64,194
8,21
8,39
151,708
18,236
29,168
7,185
33,268
7,337
32,494
81,325
10,226
40,439
11,586
1464,592
19,67
51,292
83,507
177,194
28,427
39,747
194,94
53,414
92,128
23,45
1336,116
1331,756
13,386
10,53
27,31
7,17
9,170
14,57
40,57
7,86
6,102
5,27
1398,200
2123,226
4634,304
41,104
13,166
68,87
161,333
37,383
20,264
7,174
28,335
9,302
311,307
6,24
18,26
105,700
12,448
185,422
116,175
5645,165
5765,449
165,95
20,288
17,129
9,376
1962,381
6,148
571,309
65,254
30,292
9,414
15,236
65,11
11,80
10,265
322,75
1683,164
336,176
2053,265
574,330
1528,303
1109,306
592,274
24,289
146,127
51,464
92,67
8,21
7,103
36,767
10,264
10,325
52,545
12,398
20,82
38,81
7,69
184,325
25,198
58,429
12,379
19,722
30,445
27,196
425,255
620,185
15,202
105,273
70,628
29,121
39,206
476,400
9,247
35,149
154,364
29,266
14,291
15,748
13,94
77,250
19,215
191,399
208,351
335,288
236,554
200,266
323,429
400,328
288,125
31,261
400,312
817,752
912,699
158,148
23,31
63,33
7,10
158,305
10,128
14,395
30,255
95,22
75,276
264,151
22,32
40,181
15,361
8,84
24,364
18,560
114,277
213,368
15,248
8,216
34,14
267,320
56,25
1817,23
2303,78
1167,53
645,192
310,91
825,564
10,14
69,672
110,93
7,203
527,590
56,124
17,86
8,158
936,267
9,151
21,326
258,228
19,85
13,316
12,88
15,52
17,434
12,244
26,342
9,232
16,253
42,340
20,210
37,373
59,757
19,373
1667,134
91,116
6,16
447,303
5,115
41,50
490,478
12,439
18,684
10,476
1060,173
1026,228
29,204
351,101
33,203
16,248
675,616
12,41
4,363
120,57
10,222
56,379
13,29
220,738
9,32
11,261
45,34
237,107
15,375
12,176
13,230
15,311
12,284
31,493
37,376
470,737
10,307
74,335
270,201
10,303
201,240
19,451
8,44
50,246
23,32
102,77
16,257
9,269
7,288
1378,611
51,62
14,199
616,465
932,555
1346,166
698,128
610,415
452,236
1192,767
476,275
442,262
1236,310
316,450
40,357
101,722
955,268
17,425
554,394
44,378
4,27
8,46
9,205
54,79
7,56
17,205
16,307
88,407
15,270
11,232
216,92
194,117
4,9
533,320
168,155
126,350
27,161
13,46
25,18
27,537
9,179
188,243
1109,772
1148,304
6,115
253,360
14,304
8,175
52,372
18,243
6,153
24,93
15,599
30,10
13,112
264,215
52,198
8,137
8,15
17,265
54,383
40,384
94,562
213,365
26,313
34,470
21,319
68,225
1203,300
871,165
20,291
7,290
31,582
52,491
14,283
120,354
3724,142
32,294
67,294
51,705
21,193
92,409
14,179
50,265
66,105
13,220
22,518
73,523
17,160
24,135
361,205
33,447
1055,445
36,397
51,47
218,760
15,43
28,177
36,231
33,196
13,527
33,507
18,237
19,67
109,297
6,159
8,329
193,392
9,276
55,32
800,25
1030,106
1041,47
985,111
678,350
862,106
726,58
799,77
1911,197
38,28
39,735
145,55
7,17
99,323
884,655
511,26
157,246
127,520
83,25
15,341
174,21
79,220
40,32
63,41
28,239
12,485
295,300
35,252
7,334
276,719
23,264
747,756
1260,746
14,413
72,26
16,201
80,377
15,418
231,254
306,164
6,240
20,85
108,294
10,208
16,349
20,774
7,73
13,270
21,353
61,747
111,363
8,83
6,27
11,317
28,481
24,504
10,769
20,767
896,455
74,768
34,252
13,311
23,304
35,319
45,643
5,206
23,167
20,114
7,199
7,251
24,328
564,548
31,545
114,50
14,127
37,440
54,219
17,65
15,498
19,236
86,164
171,536
415,81
12,144
126,679
354,353
10,281
273,243
50,125
6,83
460,172
415,139
15,112
13,184
23,25
1424,182
86,752
312,179
33,354
101,478
155,527
387,504
12,468
18,766
12,33
32,188
7,182
532,118
20,228
173,401
20,23
6,306
37,110
2703,365
28,35
85,377
14,62
1059,6
156,188
14,73
10,225
94,47
63,50
175,121
9,156
13,364
13,233
83,255
64,297
1378,422
407,374
970,398
9,325
11,43
23,456
197,168
316,137
117,394
29,255
8,76
152,176
109,193
166,202
22,479
169,39
8,155
46,425
41,244
13,33
2062,227
19,213
29,269
15,25
343,662
25,276
137,240
189,295
36,293
48,600
11,21
26,254
20,57
10,78
15,659
9,191
1328,115
1327,357
263,177
12,65
265,113
11,34
1553,210
652,284
12,382
15,100
13,138
13,14
326,780
97,98
19,133
54,16
25,8
280,33
10,129
33,509
8,259
2519,507
18,20
15,614
123,747
12,639
159,252
241,523
11,142
2277,328
81,649
23,327
48,56
27,109
43,431
89,482
110,187
37,620
38,99
5,26
8,260
114,115
7,42
91,7
271,115
59,98
51,562
145,507
5,21
15,287
22,462
604,511
6,61
179,204
43,217
48,409
24,170
23,399
274,446
39,411
27,172
3156,441
2445,250
23,172
9,202
16,342
60,245
25,491
32,25
225,425
21,199
529,321
405,171
25,283
103,768
46,279
16,165
17,187
11,83
16,232
6,248
3954,567
5,267
247,350
61,694
34,327
18,58
9,454
30,47
3281,368
5,217
8,148
17,50
394,75
24,169
286,137
203,414
23,50
147,305
262,202
456,155
161,142
11,57
10,769
11,25
15,245
798,25
1289,21
12,317
97,6
46,266
25,12
36,301
19,260
14,260
12,82
158,431
122,245
9,101
22,82
40,608
84,772
20,452
29,128
37,461
17,239
24,447
10,306
216,76
78,604
161,397
3289,95
3295,388
62,277
4,95
6,35
6,268
4,79
134,56
756,389
258,515
32,41
41,285
179,209
40,268
101,182
20,646
128,187
93,164
34,359
126,53
276,466
6,16
86,5
153,513
4,24
17,391
78,53
68,87
13,403
79,456
8,267
28,69
11,103
36,618
261,212
166,253
26,309
21,346
115,97
60,331
6,12
11,285
15,91
15,216
30,385
24,383
185,10
63,440
276,58
4685,122
227,181
206,730
77,396
82,431
20,261
14,276
62,171
726,88
8,689
15,23
57,351
12,320
1815,88
44,43
28,486
10,323
169,645
14,217
13,176
6,633
24,112
11,97
4,207
33,307
303,407
14,195
30,767
77,48
1639,227
125,422
122,369
42,390
19,170
12,143
15,198
385,424
11,395
16,261
35,315
41,180
10,320
14,226
58,392
60,20
32,385
11,18
415,9
1959,11
1971,9
566,64
166,267
31,593
46,756
27,428
17,93
11,269
8,323
105,405
37,237
28,44
326,767
23,284
25,769
29,216
35,156
9,147
173,177
15,63
270,767
9,114
16,363
4,27
102,338
15,394
17,229
11,251
5,142
15,441
302,30
37,771
24,250
13,305
63,438
6,23
11,273
14,216
23,250
56,459
39,324
42,390
47,539
570,602
41,238
84,192
26,105
73,366
52,210
11,193
739,474
7,181
5,150
1326,96
15,268
143,426
7,335
1620,27
679,385
2792,580
1744,532
20,287
20,714
354,426
81,770
12,219
25,130
22,298
20,339
17,373
7,75
1113,71
392,73
2492,228
37,26
25,113
84,83
20,521
43,278
7,123
5,327
14,48
125,739
1765,261
29,45
147,74
19,314
30,321
12,73
43,546
68,217
11,234
38,352
52,371
15,58
16,176
80,343
23,395
15,460
495,183
448,278
56,378
1769,180
30,34
19,314
19,376
357,20
10,105
33,396
518,204
16,107
2239,608
18,219
37,94
2498,305
926,752
429,449
22,543
182,767
32,202
9,67
30,43
128,220
8,322
10,17
680,569
714,600
685,706
704,553
13,36
5,8
8,217
6,110
18,390
24,323
120,8
22,218
132,563
21,298
6,248
106,313
52,372
377,375
13,45
15,260
407,105
581,114
603,75
2687,127
4155,215
3750,200
23,85
58,636
176,118
109,645
55,356
1285,333
906,161
738,385
18,74
39,406
22,172
6,166
780,46
22,107
9,380
18,226
9,52
13,372
9,304
49,32
7,296
198,256
18,592
86,327
341,530
8,291
48,222
30,16
6,432
43,31
865,285
29,397
19,22
17,227
19,286
11,127
41,88
15,32
267,667
3792,176
3847,178
3851,138
3857,160
3853,117
1753,318
1733,184
1740,227
1764,341
1738,177
70,322
10,209
35,109
40,388
63,606
31,98
9,129
19,203
38,104
893,308
7,128
8,217
28,254
81,49
33,463
38,143
25,253
9,119
39,375
108,630
50,597
8,428
752,344
42,122
10,37
523,235
30,130
1633,66
31,183
276,30
293,115
135,288
27,170
10,276
16,215
660,567
14,400
10,301
48,28
20,351
30,505
5,168
10,227
20,771
5,200
13,215
252,36
347,372
6,58
11,380
16,460
20,248
109,645
18,452
5,206
25,56
30,204
812,767
86,469
23,166
10,258
182,70
5,314
4,103
38,200
123,243
7,91
71,27
43,672
502,265
165,362
55,75
86,463
19,211
22,458
10,29
864,54
59,198
24,358
11,337
83,242
2568,24
2725,78
9,152
8,182
292,220
69,30
14,215
15,91
71,102
22,215
137,256
199,769
72,103
17,91
9,197
38,227
17,382
35,43
55,194
23,219
75,366
44,489
12,17
408,233
37,73
5,165
16,245
1048,407
46,134
144,627
51,166
15,28
35,376
26,27
193,676
49,621
53,250
94,104
160,180
9,205
16,226
9,491
13,168
8,601
329,140
12,318
74,217
17,293
7,320
16,769
17,600
41,397
49,413
118,503
16,621
87,392
32,356
933,481
14,170
39,186
44,179
165,124
9,140
13,242
28,565
29,366
12,169
29,586
20,325
221,150
524,121
1008,79
36,34
279,52
61,96
15,52
19,572
89,99
45,114
40,181
90,362
25,247
141,456
55,24
1392,370
188,377
222,147
14,84
7,81
12,132
12,109
96,159
43,375
28,73
7,162
51,196
63,410
269,680
117,312
21,208
18,405
55,211
207,455
11,43
35,106
15,377
24,114
67,253
9,262
24,112
5,18
27,397
12,141
32,39
11,756
15,215
7,95
6,15
94,32
141,548
19,307
56,83
15,121
439,335
471,329
1216,111
1409,166
23,107
19,132
25,186
54,177
210,767
13,202
50,128
26,253
13,467
78,770
23,172
11,330
25,290
15,262
11,383
4497,388
8,36
21,94
114,572
106,224
93,83
7680,64
20,373
28,140
40,588
27,510
154,133
8,195
189,767
24,320
13,14
172,68
84,247
24,40
4,104
32,419
17,184
111,406
5,31
10,294
142,46
23,200
23,197
9,156
50,72
31,85
27,389
7,101
182,41
862,304
220,146
35,103
12,350
11,104
96,31
10,102
67,148
8,59
73,376
47,337
43,410
15,576
31,502
31,103
33,278
331,18
8,187
69,324
49,192
28,59
67,344
15,371
16,18
12,236
1280,560
45,176
8,233
42,541
16,469
16,192
19,219
15,94
24,438
14,246
158,28
8,220
65,32
20,165
52,41
426,261
21,421
189,670
37,17
16,217
90,532
14,769
32,680
147,529
386,99
6,202
11,43
320,439
67,66
1197,237
117,440
7,330
2067,34
2079,160
31,45
108,110
1848,134
15,117
20,414
128,767
8,117
23,318
20,291
23,302
20,168
19,95
19,289
65,328
103,708
11,221
12,145
14,207
176,236
23,186
36,130
1009,204
2455,708
2458,125
24,767
17,150
38,523
7,354
20,214
34,26
10,291
59,18
24,254
18,719
7,188
388,269
102,629
12,100
17,417
7,354
15,266
13,226
41,144
7,300
553,39
20,173
20,25
11,227
12,390
120,167
14,335
17,222
218,535
10,289
6,280
21,395
11,614
105,594
4,143
1445,23
1378,767
30,273
9,457
25,642
179,226
22,161
7,15
30,727
22,277
13,774
15,122
82,377
28,316
15,121
18,98
11,263
21,345
69,606
69,626
14,417
9,78
12,237
653,734
7,306
510,307
927,341
1142,443
473,259
1323,319
77,42
925,500
780,506
19,294
35,657
18,40
8,315
16,361
447,285
9,407
22,267
395,82
38,376
36,462
38,59
29,663
11,101
53,412
73,141
13,308
35,332
29,55
34,570
48,336
12,170
15,291
9,68
1522,22
1522,8
13,380
1714,287
8,427
175,73
14,232
138,130
15,380
23,19
7,26
210,195
182,103
144,755
1265,712
524,121
1008,79
14,495
227,302
13,32
19,332
771,373
12,195
18,259
27,543
208,241
67,88
16,231
228,447
31,64
22,73
2619,210
515,164
9,321
7,97
16,210
7,309
8,239
13,325
7,91
12,246
26,467
13,177
26,82
888,344
15,83
30,605
70,286
55,638
22,118
33,755
13,140
49,37
126,380
20,577
15,316
13,315
76,283
18,308
13,335
49,456
104,275
16,117
414,107
16,311
23,95
1043,248
746,177
1237,215
1596,182
212,199
1182,219
675,201
408,318
397,145
660,182
415,110
584,59
1933,252
546,107
590,298
567,217
1518,295
525,198
1189,132
809,378
13,240
11,351
73,316
7,219
81,18
16,210
762,173
5,203
774,522
22,135
7,286
8,50
4,160
18,446
123,153
25,638
62,317
15,336
33,501
75,158
50,198
28,44
862,119
1534,161
873,434
30,682
402,225
299,401
270,330
26,259
6,305
10,199
4,118
4,36
7,80
32,73
263,32
11,252
25,210
81,244
10,16
16,629
10,320
21,598
5,57
15,54
10,55
8,241
7,50
152,348
558,303
49,295
13,158
69,66
7,532
41,115
728,796
218,193
19,301
37,472
14,127
7,68
12,257
172,22
227,314
200,521
29,147
16,233
36,300
13,109
12,340
19,414
18,508
6,33
14,288
21,470
5,206
10,133
346,210
33,268
540,647
12,379
37,533
19,241
15,91
10,23
91,68
5,248
48,248
9,237
31,75
13,361
8,107
20,538
20,238
9,241
10,58
165,177
40,767
52,242
27,382
59,446
146,77
29,372
60,454
30,68
22,311
15,58
12,275
17,26
9,171
34,128
19,109
695,277
137,286
13,145
12,274
10,148
164,346
6,173
71,405
15,523
27,584
87,450
21,29
29,267
7,80
80,207
9,51
11,446
2605,166
18,316
158,474
93,297
19,730
61,622
2167,55
290,231
148,323
7,316
27,426
203,394
131,257
393,201
879,267
156,769
391,354
23,228
39,321
30,10
32,299
300,308
855,625
98,7
42,497
13,451
37,532
62,767
13,613
255,334
57,303
21,179
20,255
108,416
28,320
24,306
10,115
16,251
14,335
140,104
27,203
11,105
13,119
14,28
36,360
15,230
28,424
23,284
695,254
15,255
210,117
8,389
50,718
6,75
9,18
21,204
191,103
24,180
64,405
14,131
23,352
5,30
132,52
1097,647
9,19
415,27
18,551
90,516
18,137
311,771
15,306
19,70
30,391
517,293
8,31
4,767
1350,512
253,673
5,75
454,196
2530,99
15,366
80,319
18,24
1231,370
1585,272
1443,251
31,157
15,583
26,270
77,33
34,241
4,756
15,25
2144,117
34,205
4,29
25,122
597,188
49,375
2203,427
50,479
56,56
55,40
60,122
19,272
76,383
80,535
12,363
23,21
14,167
361,403
14,767
9,305
14,28
67,447
27,262
56,411
16,386
122,332
570,546
14,204
63,58
59,765
8,414
102,429
118,213
12,32
22,396
45,239
13,483
35,550
20,529
49,401
8,10
212,451
13,108
31,372
15,365
11,360
18,528
31,124
8,150
7,199
685,125
2922,151
211,168
8,305
11,308
27,256
7,431
14,121
6,341
9,157
22,118
8,346
15,452
30,467
307,341
714,187
27,197
80,72
110,349
33,224
161,15
19,601
15,48
8,419
16,335
78,6
36,29
598,24
17,470
197,149
10,322
73,355
54,397
91,280
13,234
7,642
13,225
19,271
8,339
141,497
61,542
19,768
70,443
14,102
200,172
15,40
9,269
23,26
130,73
29,290
40,504
34,148
61,36
728,525
1446,434
93,143
32,208
15,38
360,61
536,9
438,312
72,349
101,473
104,352
663,34
472,252
238,502
59,278
83,502
11,320
119,95
24,133
30,108
486,268
9,247
82,361
77,388
56,373
17,140
605,255
1945,556
429,711
68,770
7,264
11,218
19,134
12,116
24,767
79,186
2066,219
4,129
278,320
13,390
13,147
23,151
26,63
1336,504
673,250
48,36
18,330
5,261
7,91
13,556
47,220
108,456
73,20
21,297
18,282
1021,439
14,309
68,770
28,277
16,280
544,493
34,368
23,228
29,329
20,403
10,105
714,292
26,564
64,45
39,390
7,215
19,332
100,349
68,207
18,119
120,134
108,268
2180,134
81,286
26,721
92,87
47,172
22,202
624,612
77,91
1685,767
291,604
14,177
7,75
8,171
10,157
20,83
8,153
8,575
313,271
23,19
7,26
7,62
38,296
23,172
8,167
37,526
103,91
35,211
10,190
19,285
1026,320
24,346
68,410
4,33
13,606
43,253
27,42
13,199
19,478
4,43
188,200
2067,111
2065,98
2897,89
857,188
28,184
157,282
108,215
17,104
18,189
43,285
12,378
7,59
22,105
59,144
10,402
19,217
28,381
9,146
33,28
10,153
19,16
49,141
11,307
36,24
23,39
6,122
263,130
118,424
19,378
18,116
3790,216
90,294
35,331
235,277
184,225
212,158
36,283
26,467
53,454
586,337
17,129
21,327
58,239
47,105
29,690
70,443
955,420
2119,702
64,59
44,38
7,81
29,202
48,58
13,767
12,523
38,168
17,68
26,338
80,691
45,409
24,427
13,555
12,43
51,226
92,163
12,124
535,511
576,674
565,76
10,256
13,45
10,213
18,369
217,588
9,356
733,63
408,543
10,290
17,315
74,759
10,149
18,767
905,13
156,241
426,105
12,242
14,77
18,494
40,257
54,100
66,13
37,26
412,152
56,94
11,248
30,488
110,25
13,223
137,127
15,251
29,94
97,142
30,762
8,188
13,166
57,38
99,23
112,152
38,237
7,200
2972,122
32,148
83,16
10,216
112,171
18,296
97,149
17,419
5,46
13,304
20,377
89,412
14,96
112,39
19,301
35,178
34,316
199,225
9,38
21,356
54,27
292,88
27,128
25,149
847,8
9,245
2802,772
2423,726
1043,771
1245,768
20,468
57,100
13,334
554,750
56,442
24,146
6,16
39,326
5,148
12,402
51,380
232,556
137,220
16,165
25,327
1096,325
70,146
25,426
18,144
11,641
30,213
92,502
115,363
391,556
15,94
7,186
4,257
38,255
13,286
696,64
168,84
33,584
23,167
11,270
1120,301
8,282
15,50
33,256
10,328
16,358
7,129
26,105
40,553
36,493
10,137
7,89
47,139
17,290
24,111
25,190
21,377
436,180
451,142
4,195
25,316
168,107
523,152
112,479
6,185
37,374
40,237
16,450
8,76
10,361
15,207
13,20
40,231
8,48
76,27
95,364
41,155
38,561
14,268
9,21
31,21
7,128
15,76
16,302
97,115
17,767
19,373
24,241
8,256
43,15
388,175
23,228
1903,460
111,413
31,304
63,614
77,531
27,735
27,203
74,133
5,25
26,336
68,162
10,250
216,95
70,19
23,452
13,308
216,97
35,471
674,337
26,286
35,754
4,228
91,747
183,442
29,72
279,393
40,372
6,31
12,315
364,342
4,88
16,248
46,346
100,68
34,484
7,190
28,273
7,147
15,242
268,141
49,225
1802,182
587,134
22,312
164,205
2003,774
98,302
35,199
488,456
29,267
70,27
10,64
31,285
8,265
186,47
13,245
388,137
47,39
80,767
13,22
30,410
53,19
14,270
35,156
51,84
284,68
4,114
22,344
12,170
8,500
29,610
52,206
40,767
116,479
25,582
24,331
962,250
1755,344
2328,304
1399,171
1992,224
9,149
56,181
56,26
242,769
20,318
5,63
692,578
94,231
321,215
91,627
5,213
786,128
44,227
5220,206
9,287
8,613
8,237
24,25
24,367
6,26
20,346
32,621
122,369
30,10
347,322
21,403
102,643
18,205
48,66
25,224
915,425
6,591
12,230
13,198
8,488
116,335
19,106
12,379
132,116
6,16
30,561
36,282
26,771
107,232
24,144
266,755
941,425
192,261
269,173
1066,187
1710,142
1713,52
220,364
21,471
40,204
4,312
41,453
810,399
580,131
102,274
9,32
30,247
19,221
10,148
29,348
29,426
30,437
14,67
6,65
455,505
94,547
749,265
608,239
19,128
85,183
14,97
27,54
9,235
115,123
3105,128
15,72
233,474
710,772
594,346
16,679
11,238
7,88
13,184
27,285
101,348
33,283
82,159
71,102
22,93
268,704
222,111
20,345
15,80
15,481
23,389
10,185
32,252
96,382
13,226
19,278
11,209
7,24
188,356
22,52
24,487
57,97
66,580
18,385
12,212
71,59
26,120
15,110
61,755
8,17
95,84
67,241
20,230
20,373
1561,174
14,791
9,253
168,148
10,312
50,311
65,478
18,29
11,219
8,235
123,591
6,106
60,230
2960,125
68,340
7,38
69,83
10,407
32,141
364,537
142,219
12,244
394,197
60,112
16,314
33,307
303,407
14,195
33,375
30,440
369,132
100,181
1639,227
14,433
153,14
9,150
26,220
10,283
179,124
16,295
15,179
11,698
24,250
27,26
49,54
163,497
256,282
16,277
17,257
494,82
21,492
182,394
2652,72
2651,76
2651,59
2651,67
2651,75
2651,55
2651,79
2651,78
2651,81
2651,73
1229,45
6,292
20,729
11,63
16,395
23,209
8,40
7,123
59,14
14,39
206,456
14,335
26,357
522,646
12,95
12,105
21,315
17,183
7,144
58,768
68,698
17,243
2027,92
9,16
17,348
11,392
117,130
7,27
18,345
12,219
1024,35
11,85
1854,232
23,461
1024,461
1084,668
974,316
476,95
17,256
8,450
13,162
12,200
19,337
202,329
14,373
75,283
342,272
2262,26
2814,21
1681,11
475,125
971,18
1821,13
1237,17
1381,151
3301,248
2906,426
54,75
19,48
14,732
29,172
47,337
93,384
88,767
7,365
414,238
369,468
1309,209
23,442
2889,426
2008,1189
11,33
291,767
25,4
44,175
73,11
6,93
24,150
8,53
40,275
9,225
15,411
12,578
207,79
65,59
299,330
39,92
26,105
47,422
36,553
19,557
5,46
233,242
26,737
19,535
164,161
17,345
11,210
10,227
61,568
84,315
18,707
9,310
159,29
23,215
7,280
79,42
15,539
16,149
7,108
15,202
131,658
78,257
6,33
1741,154
26,220
56,202
54,53
20,19
11,323
28,372
578,47
14,300
18,192
29,216
223,766
6,42
524,573
36,769
384,313
8,203
302,253
15,17
185,328
37,344
17,112
9,334
131,198
58,133
238,87
188,204
16,161
18,184
11,335
205,384
882,302
332,111
16,115
35,503
9,95
25,74
247,574
69,228
86,73
15,531
171,433
21,143
26,770
92,514
9,397
19,238
41,141
55,245
214,289
7,240
13,180
6,474
18,756
64,767
41,144
13,43
8,159
10,151
13,260
8,108
740,558
30,473
10,248
43,521
10,495
268,315
11,100
34,325
9,345
99,583
51,286
6,246
677,159
10,179
140,260
16,59
89,371
10,553
13,26
7,397
15,317
158,293
87,440
10,397
5,101
9,348
2615,78
2146,176
33,299
14,131
56,214
15,222
7,234
8,260
10,392
13,396
39,291
280,451
176,118
25,767
28,208
462,343
16,204
253,760
805,174
216,89
12,247
9,246
134,262
49,306
23,232
96,19
65,745
11,307
13,73
9,52
113,442
195,485
379,439
58,397
1071,548
11,499
1733,256
712,174
686,149
74,759
8,274
15,286
47,214
211,136
418,565
108,591
25,330
27,23
11,66
7,9
5,101
13,101
98,91
14,139
783,486
51,126
13,288
28,392
49,199
18,394
4,767
6,173
2380,24
2326,164
2380,20
65,581
21,303
13,237
15,148
12,239
166,106
630,24
1772,250
1767,244
35,139
485,635
18,288
24,530
114,86
51,139
63,374
24,107
30,725
11,311
18,218
109,65
108,29
556,333
8,27
69,98
7,340
33,246
31,538
13,282
8,99
6,281
11,110
30,409
244,207
24,356
68,318
161,589
30,530
37,367
73,41
138,130
194,132
30,505
5,168
10,141
13,193
58,164
135,422
18,499
48,402
82,327
11,328
1382,29
10,578
732,554
24,79
1259,234
2493,309
1493,224
599,554
638,576
307,101
13,378
22,456
7,75
19,296
10,15
207,297
13,69
12,150
38,87
182,49
15,145
12,642
11,290
6,495
20,587
40,34
11,74
22,557
17,92
52,96
18,209
42,201
16,10
10,493
36,234
94,235
13,333
32,297
10,276
28,198
11,34
162,126
20,454
22,77
9,262
99,420
18,507
82,52
162,145
12,274
132,156
10,213
112,372
125,403
15,715
28,238
4,361
4,479
29,60
62,23
18,104
10,314
31,113
106,85
2779,134
19,115
20,157
27,61
23,223
15,366
7,82
8,294
75,657
6,195
5,35
8,405
12,767
7,63
5,291
76,22
11,126
21,316
157,52
17,219
13,181
12,78
52,776
11,383
25,161
196,61
106,426
8,249
24,468
14,325
15,101
29,226
6,225
738,385
172,376
33,371
816,86
47,433
68,273
23,314
14,310
8,284
130,368
14,322
41,621
147,426
22,767
52,324
12,41
6,314
23,264
17,138
44,188
18,105
14,510
19,555
8,281
14,240
22,268
454,278
54,332
14,5
131,533
15,470
6,124
17,598
16,679
13,377
115,289
19,301
6,404
27,124
58,321
23,172
65,49
1026,346
3478,196
18,361
25,247
535,507
56,445
5,181
31,505
7,516
11,531
433,374
445,196
12,66
19,129
14,202
21,177
55,714
119,95
24,133
9,478
8,65
76,23
217,413
14,423
4,94
160,47
39,328
9,255
78,333
84,257
16,314
29,347
18,478
555,214
2215,158
2557,125
29,50
21,105
216,100
9,19
579,566
448,767
4,32
20,284
17,498
20,101
1169,752
498,642
19,285
42,52
15,266
21,298
77,76
4,302
144,16
214,696
473,72
6,6
13,248
43,24
35,328
13,116
14,438
6,507
53,315
32,136
134,33
16,291
78,232
13,286
14,201
334,379
14,21
25,445
27,132
344,41
343,351
31,81
25,170
26,209
97,458
10,115
8,557
32,25
268,479
41,352
10,105
16,240
5,192
8,69
43,663
50,545
24,183
33,295
748,327
373,348
183,540
12,46
11,149
6,296
13,252
16,171
47,261
17,205
93,6
123,488
16,171
17,85
32,380
39,173
349,33
58,13
187,198
11,313
297,39
8,137
95,168
20,538
7,70
17,396
44,131
22,86
617,442
24,382
469,654
77,210
800,738
663,23
4,49
120,57
58,435
25,522
16,259
9,53
993,769
8,283
54,18
525,173
11,167
17,170
18,226
21,415
9,330
12,262
102,349
43,273
12,142
29,764
22,84
445,169
11,263
109,306
8,769
4,103
311,318
47,243
37,239
6,92
13,343
247,267
18,457
3474,44
11,414
50,131
89,514
241,219
11,304
5,19
611,194
24,345
14,287
11,396
44,32
18,42
7,286
80,733
11,304
7,66
8,217
35,219
192,395
9,249
85,599
5,41
85,89
38,270
23,398
81,771
6,28
29,468
32,419
53,353
94,766
11,213
12,218
17,645
8,63
13,113
38,337
6,255
13,244
13,112
6,363
30,513
1493,188
439,225
7,30
16,249
73,302
16,371
14,324
34,25
1171,31
1179,189
1191,768
11,235
38,198
145,11
8,450
144,263
51,115
17,290
422,239
16,219
59,267
117,512
8,311
7,56
14,407
22,316
14,241
59,54
72,767
1845,275
1914,217
1935,175
1912,205
1884,147
5,274
6,85
19,117
35,266
9,106
107,161
160,275
6,115
23,212
33,231
13,274
7,273
209,272
18,343
14,198
7,361
26,363
13,224
14,275
16,64
42,157
54,319
345,277
20,357
15,131
14,257
60,8
316,485
53,412
54,11
1394,157
77,457
34,291
65,49
179,767
15,30
17,344
22,360
71,68
90,389
45,396
21,492
4,229
28,303
61,551
13,543
127,590
16,182
10,49
8,307
19,68
316,381
394,764
37,180
217,274
9,81
12,343
135,69
38,230
28,317
7,14
2246,188
20,333
24,463
4,308
337,643
29,771
29,457
78,325
15,25
8,399
25,124
36,494
136,272
21,111
2167,55
25,698
202,145
15,198
6,185
328,125
25,343
72,130
17,102
17,767
7,129
543,699
15,358
332,452
57,7
8,168
11,476
30,227
24,211
36,467
5,192
17,311
15,135
10,335
1375,248
66,278
14,284
9,242
54,629
14,202
9,141
14,413
16,613
22,316
127,31
8,138
16,246
8,24
406,229
574,531
12,278
14,262
32,362
9,350
15,445
12,234
87,329
23,473
50,665
27,57
39,330
14,569
20,283
39,90
31,343
10,104
127,334
74,398
6,698
18,676
67,217
21,218
9,520
9,241
26,209
22,281
7,250
22,55
2400,286
2242,303
2368,335
14,71
17,377
8,138
10,377
78,249
14,92
170,112
157,187
157,56
129,283
180,275
124,211
121,183
18,153
10,282
43,51
304,362
52,109
753,113
1646,168
523,5
155,665
13,56
15,157
58,290
20,196
9,457
91,7
13,555
4,297
11,175
9,417
25,261
12,49
39,76
60,65
9,17
53,35
222,614
1405,768
6,207
21,289
188,200
2067,111
2065,98
2897,89
857,188
28,336
938,219
15,164
565,127
70,51
846,113
742,42
904,89
919,117
988,149
899,133
45,220
118,69
13,366
20,104
115,351
22,354
37,767
11,114
7,163
45,226
64,130
14,257
9,399
17,288
170,240
33,120
668,195
105,596
9,69
179,149
133,419
17,315
16,260
6,153
59,99
9,299
13,467
15,264
23,741
6,309
29,310
162,357
471,268
6,126
4,447
50,486
801,767
48,4
110,350
15,302
33,246
64,30
127,160
39,257
58,449
287,452
17,298
30,282
16,767
21,418
66,342
7,434
13,250
6,767
12,113
32,347
12,208
95,255
9,36
19,67
11,10
17,230
13,278
153,81
67,146
158,607
32,395
28,299
17,434
57,24
17,210
7,239
51,144
17,130
75,310
8,245
17,289
13,121
55,224
12,84
74,333
23,345
8,90
34,38
8,12
102,25
42,489
223,669
67,98
572,110
11,293
13,125
119,385
8,503
306,121
8,13
57,229
57,635
495,524
479,528
27,354
61,291
904,444
11,283
133,258
28,415
24,301
34,168
36,156
21,312
306,91
394,95
75,770
477,344
1598,35
1584,40
1343,381
169,272
1505,172
11,309
59,33
12,325
11,310
788,127
17,344
9,23
74,216
2141,275
6,167
31,518
14,166
15,352
657,485
48,334
42,229
15,130
50,29
582,181
146,350
6,393
15,317
14,112
11,360
30,445
282,507
45,32
23,180
7,236
30,31
34,286
11,115
57,236
129,418
81,149
8,103
17,230
31,342
10,38
86,5
27,291
28,603
34,239
672,125
13,279
15,358
57,257
388,371
324,199
1560,274
15,100
2499,404
122,768
50,110
364,391
5,158
728,28
179,243
20,32
9,368
56,259
69,597
13,464
649,168
623,33
11,450
14,456
14,24
453,92
649,24
32,140
4,440
10,216
10,548
942,94
17,294
976,412
1926,279
1942,58
1946,167
537,91
39,288
132,39
363,234
90,215
86,254
18,217
17,112
13,536
8,107
14,191
30,260
11,551
5,244
364,60
352,159
22,108
210,19
13,259
422,96
258,114
339,123
723,180
19,411
10,242
13,353
47,107
24,124
41,153
91,282
5,30
764,767
15,171
10,195
14,307
12,86
40,268
713,492
16,244
14,165
84,38
44,632
8,108
26,210
7,97
8,99
31,349
990,172
1906,629
69,247
24,325
11,142
15,118
28,67
158,233
757,222
23,350
40,475
27,387
180,32
17,113
76,95
37,219
7,207
31,37
256,767
325,740
85,408
420,147
127,294
20,457
7,224
101,578
429,764
5,9
11,353
10,117
12,25
10,181
7,235
13,312
9,247
685,151
22,129
1281,502
7,228
30,322
49,514
107,596
8,37
21,114
89,259
24,204
5,252
41,94
6,333
216,383
266,597
1018,242
101,767
394,63
101,40
11,50
42,23
263,34
47,462
7,198
11,94
10,543
18,516
16,356
11,342
24,77
12,290
917,241
132,563
4,363
30,51
229,526
14,308
121,435
61,731
350,440
905,131
18,769
19,155
17,674
40,50
156,760
216,101
7,98
106,614
82,565
14,350
9,302
21,105
8,134
621,628
18,379
57,391
35,119
13,318
513,662
24,510
159,98
5,25
93,720
98,1087
5,118
8,314
13,259
15,253
19,464
12,672
92,56
26,236
13,327
11,142
95,169
59,323
32,313
12,290
13,548
1391,767
977,507
1007,290
22,626
452,441
59,13
55,379
26,257
5,130
17,105
98,565
7,76
17,223
14,575
22,399
127,26
25,210
6,75
6,9
9,290
24,403
4,244
9,158
11,32
4,131
9,61
17,460
364,526
22,139
44,29
12,162
984,8
27,234
241,112
269,680
34,767
19,67
46,39
21,194
13,438
65,372
10,139
18,200
11,341
47,214
27,28
27,120
40,371
14,194
59,60
36,217
9,124
10,113
349,209
122,323
125,187
130,169
5,263
12,195
171,186
13,299
15,35
219,410
553,470
41,563
7,247
10,368
131,669
36,322
136,19
330,262
29,335
285,707
315,488
10,767
6,82
20,20
15,293
29,290
15,240
81,171
34,768
732,523
16,320
223,261
70,246
182,38
21,203
88,279
10,92
17,132
16,187
229,409
7,147
12,320
11,737
139,286
16,281
798,397
836,229
7,116
51,163
26,674
10,242
81,134
15,42
55,115
17,112
32,69
46,114
879,174
34,374
9,191
41,199
572,659
16,25
17,318
9,261
12,86
35,674
7,66
69,756
107,40
357,116
71,585
49,545
231,201
33,255
9,19
12,292
13,62
20,511
28,157
41,61
8,574
17,198
173,36
7,300
5,394
19,111
24,483
61,353
65,355
29,160
73,195
22,273
442,527
9,280
22,360
15,97
83,548
26,111
25,218
14,81
193,767
12,56
12,130
17,257
13,301
1274,731
7,305
10,33
11,269
1159,461
10,96
37,506
372,421
12,340
179,204
6,388
14,322
21,264
4,107
725,184
46,147
24,464
14,373
22,197
132,10
111,139
433,320
170,96
278,300
740,92
929,451
24,479
30,377
8,436
75,88
70,27
15,769
54,231
7,74
76,188
4,105
8,156
1858,748
40,372
52,187
18,428
15,210
10,144
11,337
34,70
7,36
152,440
90,147
25,521
14,476
9,364
10,206
22,19
36,767
41,391
30,220
41,280
11,494
9,49
47,33
206,114
17,238
114,359
239,83
242,13
12,44
538,630
80,488
10,213
33,120
5,82
402,250
16,528
22,248
15,417
46,46
2094,43
364,716
10,155
15,43
9,114
680,767
110,767
18,114
94,226
20,524
414,778
4,18
217,84
4,767
36,257
136,563
93,470
127,294
468,401
18,249
12,134
66,680
14,342
10,258
19,375
24,254
77,108
125,462
214,252
10,287
16,138
1020,12
561,649
13,208
65,66
17,12
636,504
36,58
22,447
448,146
207,145
12,186
433,288
359,157
140,136
314,92
256,53
299,110
321,88
336,148
1415,122
470,148
2570,115
2396,141
1642,441
1275,137
21,255
84,364
11,157
8,78
48,427
997,168
716,522
81,238
21,195
18,297
552,692
81,146
303,208
92,309
19,131
163,170
11,115
9,196
222,29
67,511
233,311
619,526
11,362
15,172
9,207
13,203
257,301
53,446
31,187
1819,494
11,87
120,15
5,235
33,239
8,138
13,146
112,355
43,328
1529,352
13,371
291,412
396,212
43,215
207,465
10,335
14,490
54,698
77,73
192,398
30,557
16,249
6,288
9,289
14,561
137,88
19,213
36,312
10,141
17,276
59,84
33,402
131,533
15,470
19,290
19,767
643,718
78,786
80,790
79,660
6,255
8,267
262,333
7,209
7,265
95,63
46,439
7,160
21,174
18,312
40,49
60,248
16,105
6,149
12,24
20,373
48,225
1321,367
297,167
523,238
286,718
73,341
6,197
26,224
10,75
442,527
2374,769
31,166
1129,102
25,349
9,135
26,41
11,389
22,85
18,248
4,11
66,464
38,216
17,215
28,401
13,92
53,237
152,58
46,117
17,400
51,391
10,243
7,301
7,246
11,201
13,258
199,85
122,193
12,586
633,316
33,519
10,377
97,218
34,338
35,337
22,179
62,166
60,125
472,24
539,33
564,37
643,18
1347,31
2698,28
1224,43
1622,43
1517,43
1555,43
1395,43
881,43
1588,54
1896,326
6,83
61,553
7,285
14,356
20,286
36,46
29,140
67,428
7,152
171,186
92,769
443,386
148,367
435,347
13,190
181,266
301,163
69,84
7,270
348,272
18,351
28,318
104,156
4,226
12,155
10,97
43,265
14,517
75,51
165,170
75,8
16,291
165,74
154,529
22,416
10,63
19,213
12,464
14,56
18,96
12,199
106,185
17,300
23,167
31,121
67,471
166,331
16,45
12,768
25,19
1514,200
319,215
316,338
1016,87
17,11
269,22
1086,163
229,669
34,71
68,305
236,491
19,767
20,523
14,353
18,572
28,170
20,197
9,592
8,202
39,411
23,492
43,106
55,20
441,85
167,101
21,25
19,201
51,213
10,83
156,246
9,263
2841,138
9,121
32,79
89,511
10,108
213,330
18,584
6,253
11,126
9,675
142,514
12,105
23,376
107,769
20,228
19,231
25,466
10,137
8,325
6,22
61,210
490,93
89,114
93,96
205,162
56,179
107,769
12,159
1044,491
14,296
45,756
9,304
117,140
58,253
42,296
34,270
1071,110
1004,102
1130,52
893,280
1137,77
1057,128
19,113
6,317
18,157
42,236
3250,227
209,293
71,505
181,398
403,312
13,226
21,331
30,378
19,453
27,303
159,427
36,130
10,59
12,132
17,22
8,38
28,117
8,342
15,257
32,235
48,778
245,295
1610,368
98,461
6,313
52,167
787,156
64,127
8,172
2487,264
21,280
13,80
10,273
57,405
47,89
5,243
21,16
250,59
5,135
10,276
13,278
31,245
38,25
24,260
49,412
7,110
19,377
956,491
124,529
53,301
21,574
28,234
59,135
2038,86
2038,65
2038,69
2038,61
2038,65
2038,62
38,212
73,534
70,290
9,113
12,143
29,585
16,323
22,165
10,282
15,307
479,194
29,269
94,165
576,580
9,86
9,93
81,505
28,599
7,34
6044,71
36,130
10,140
63,774
27,303
29,440
12,173
9,736
12,103
93,266
22,403
50,92
318,120
318,292
11,205
183,494
20,82
96,76
9,35
33,577
8,328
15,326
14,233
18,312
24,342
43,273
56,443
30,662
128,484
10,65
16,286
16,186
6,92
19,293
598,188
13,305
13,206
19,268
39,406
23,180
33,510
158,99
69,198
492,526
213,58
1358,161
529,161
2454,148
1367,218
431,232
470,167
22,235
16,388
17,603
259,346
22,768
7,30
12,272
54,33
12,454
30,741
20,106
76,515
297,304
15,291
238,671
18,227
37,405
28,582
11,27
590,767
25,548
7,303
11,538
66,202
10,326
219,119
2261,105
17,82
43,25
1703,109
348,105
2077,130
604,127
105,127
1002,87
1211,240
1095,159
1459,236
906,767
9,105
132,173
51,597
17,570
1704,10
1656,10
983,10
1735,10
1371,10
24,294
15,344
9,293
17,603
440,26
1729,588
405,433
8,230
13,611
14,491
20,223
26,130
201,254
269,812
22,247
10,118
21,330
45,383
16,194
9,189
12,132
507,312
11,313
214,19
2569,318
1834,14
1369,100
260,44
1359,105
1022,27
1059,5
2150,43
2066,130
1880,76
990,342
8,107
79,331
70,9
50,414
8,20
190,767
95,477
22,709
9,295
20,208
33,402
13,154
75,341
49,171
25,293
36,375
10,359
16,197
12,405
27,102
9,155
22,510
48,328
218,302
29,687
645,352
8,95
33,610
29,331
48,114
372,679
35,493
535,212
555,476
493,32
6,53
14,528
8,131
45,257
44,35
103,92
1643,700
1732,767
17,365
35,71
11,183
19,236
8,290
21,255
53,231
21,348
145,522
83,142
12,135
15,297
576,231
16,254
42,335
13,57
30,468
21,225
124,63
27,410
137,267
10,151
43,439
69,717
36,419
8,38
14,367
8,22
5,97
507,142
28,240
123,407
17,142
5,104
10,637
126,633
26,126
8,138
14,491
110,553
1096,115
2983,554
2983,212
16,136
8,117
43,363
44,153
10,269
630,767
49,165
116,21
31,310
16,159
195,23
60,289
9,308
27,46
56,329
1577,297
102,459
14,91
84,502
62,209
115,638
64,350
41,321
66,404
7,195
316,226
10,222
13,200
125,428
63,278
48,153
9,407
38,384
13,82
26,305
234,594
19,423
10,263
73,399
34,24
47,342
256,176
348,393
50,651
41,158
17,156
85,376
12,170
93,297
168,75
14,182
36,6
23,429
84,96
57,215
141,402
428,327
137,145
37,147
16,33
32,229
80,143
22,238
64,297
15,197
159,122
19,382
13,140
22,767
10,368
18,307
10,247
17,305
29,410
76,767
157,401
189,732
223,174
46,603
13,336
22,528
8,117
26,97
19,767
323,96
176,208
219,132
22,132
36,159
9,153
8,218
13,425
18,200
1460,531
1140,745
8,126
34,159
9,24
4,19
96,104
11,280
11,252
11,344
17,304
10,502
5,162
34,221
1001,521
5,159
20,245
146,525
7,706
10,303
20,164
60,121
111,619
81,423
11,396
77,25
93,18
9,534
18,256
14,285
367,309
8,245
44,468
266,697
1400,293
51,767
15,264
418,342
17,379
18,291
33,374
18,540
71,19
9,333
132,767
6,162
16,342
322,79
1724,297
2092,394
611,386
1571,477
602,120
10,243
18,147
16,101
3028,506
23,411
41,596
714,391
339,81
818,346
2074,130
21,374
9,76
22,257
14,340
17,246
19,526
6,180
829,743
1049,238
1057,767
1051,512
29,513
847,198
28,151
17,233
13,62
255,373
451,453
10,284
738,385
26,501
11,244
1072,767
59,23
1372,53
57,157
19,227
61,301
14,236
6,302
64,99
158,286
52,586
96,280
273,732
41,91
43,45
30,35
10,99
23,325
874,162
47,231
9,273
102,96
64,395
14,120
370,86
41,339
13,214
8,225
12,273
49,513
44,592
9,214
21,303
58,711
358,27
483,611
39,52
1045,308
34,614
11,142
2573,224
13,473
115,499
45,444
18,261
404,101
8,780
3115,376
80,492
8,85
21,402
15,24
561,17
93,12
7,125
20,204
237,381
11,306
13,108
9,287
36,98
37,382
9,70
95,94
7,274
20,66
68,176
130,718
20,80
20,330
26,358
115,376
70,181
32,28
90,355
128,16
52,507
17,291
14,421
1197,6
4,39
78,380
8,182
18,165
58,391
105,979
4,106
119,192
29,350
7,207
145,64
1361,767
164,73
323,71
1727,77
293,132
1796,154
131,90
53,38
54,337
182,504
598,472
17,396
18,51
13,376
570,267
401,26
10,113
69,623
5,28
13,121
2330,520
52,206
13,30
26,82
65,136
62,9
20,84
22,124
41,10
121,303
24,21
1017,336
1143,69
598,731
18,224
338,108
85,115
11,323
19,330
10,302
334,769
11,73
72,375
7,204
7,120
16,141
34,33
16,260
6,248
67,248
7,362
9,97
415,443
1270,254
2105,367
7,244
11,203
9,225
18,566
51,560
59,171
10,275
132,9
36,172
26,377
666,50
138,110
97,28
253,250
809,99
2556,67
1173,36
661,310
53,729
9,478
120,306
27,432
11,369
28,186
1081,27
1261,29
1120,354
26,345
4,261
16,121
21,233
565,287
29,22
42,400
53,533
6,126
184,767
38,458
48,390
10,456
12,112
49,350
19,180
7,211
234,154
275,37
415,70
29,168
10,48
22,424
193,676
4,17
10,245
7,93
38,465
25,359
4,32
27,290
79,173
20,354
47,282
28,454
70,325
30,12
17,282
748,152
21,283
60,285
66,301
1280,560
10,753
110,27
21,18
139,618
442,185
6,260
11,33
17,325
161,413
205,509
34,290
20,93
585,222
100,434
32,402
923,596
921,767
223,174
44,149
50,290
61,215
20,288
13,43
30,75
462,45
1368,159
30,241
140,616
7,145
202,257
306,181
36,140
93,297
43,38
140,419
117,608
15,108
7,224
23,767
9,475
252,768
17,233
13,550
13,234
13,262
13,360
48,53
2043,135
13,13
68,87
216,101
114,149
1083,339
10,97
15,420
10,248
25,300
98,164
14,325
19,15
60,565
1972,390
2854,421
38,465
17,392
8,265
14,167
174,18
114,287
26,224
7,23
24,314
4,348
11,346
5,357
5,188
228,429
6,163
10,77
9,134
21,273
87,558
8,35
103,324
661,230
20,396
21,117
1749,116
10,99
21,356
50,52
1199,10
44,138
189,148
632,68
11,527
58,355
17,122
4,172
24,713
86,319
163,314
94,90
70,83
277,297
37,45
36,118
17,299
13,34
263,163
35,24
35,440
18,287
76,211
13,456
13,301
5,143
29,227
16,173
48,54
8,293
32,281
7,99
10,236
477,511
10,741
127,676
9,271
20,360
10,270
38,350
6,248
33,216
49,350
570,337
8,107
135,767
8,130
19,145
35,316
16,73
58,285
5,263
79,281
8,52
52,117
9,273
26,272
83,475
28,329
117,130
68,286
6,237
306,136
10,390
67,224
17,85
8,55
21,329
9,312
94,278
26,370
19,259
576,556
7,249
102,330
7,126
89,239
25,244
10,424
14,282
11,394
30,508
69,506
59,35
211,177
19,379
60,179
10,38
13,316
25,35
209,304
718,18
763,769
2222,213
2213,40
1451,201
774,12
1173,159
1948,179
1954,190
33,328
18,312
26,12
20,288
19,35
9,305
7,546
69,303
326,560
12,444
119,25
117,236
832,210
23,57
86,70
149,120
24,26
10,141
111,385
11,527
16,767
17,544
6,219
120,530
14,362
12,243
20,633
75,158
10,153
12,66
419,104
12,177
6,163
171,78
1969,531
1519,767
8,194
10,346
34,335
44,767
55,195
1572,501
13,212
5,186
1942,291
8,169
20,128
32,232
81,433
36,339
222,567
19,329
125,114
6,279
25,97
11,241
73,414
13,111
13,139
32,152
16,230
101,431
10,46
7,128
21,418
12,261
15,247
93,10
260,239
82,565
11,712
6,89
100,218
20,414
37,296
19,768
67,270
660,767
668,767
421,767
38,766
6,35
75,571
79,257
20,232
362,147
79,767
16,264
489,267
16,199
8,64
4,104
20,616
11,242
19,290
67,212
10,261
153,62
12,122
10,245
277,242
61,59
7,259
25,456
10,255
13,150
231,149
19,268
408,130
10,230
1355,303
16,273
7,162
15,30
7,234
6,368
16,147
1046,264
1303,280
793,262
6,206
20,185
22,199
142,223
16,272
99,766
19,348
26,21
23,247
20,153
10,102
9,222
69,463
11,393
8,236
70,118
135,594
26,77
11,278
2924,5
307,502
914,471
16,4
4,46
15,474
41,243
114,301
132,175
20,391
13,450
65,17
299,250
34,178
11,111
8,21
549,365
208,144
446,486
12,768
12,252
13,59
31,315
690,158
476,180
884,171
1317,161
818,231
943,178
314,571
26,384
8,372
33,439
36,361
25,243
18,198
78,84
40,91
123,196
75,196
2416,127
116,292
10,265
5,162
24,210
16,104
33,212
15,487
6,169
19,147
6,92
79,86
144,283
5,129
10,238
11,211
16,771
17,174
12,125
75,53
74,58
14,326
70,442
16,254
15,136
161,514
41,31
20,403
7,66
241,149
976,117
443,126
15,88
38,363
20,339
32,94
13,198
4306,354
4296,28
28,307
208,411
22,295
10,173
25,141
40,154
29,576
13,244
24,573
7,205
173,91
50,444
51,770
12,268
37,214
55,205
9,135
10,204
19,291
124,223
102,629
21,141
13,80
11,35
49,349
64,196
2787,96
2801,96
2801,136
17,210
17,274
100,729
119,770
16,164
886,428
807,385
903,448
872,412
847,474
114,220
30,70
89,757
6,27
53,173
22,254
15,107
21,307
340,339
9,328
989,32
1367,8
969,12
1405,22
1506,18
21,367
7,653
20,391
281,214
451,276
17,143
10,64
153,356
264,293
18,278
12,312
6,162
157,269
41,214
17,305
129,350
93,42
14,233
590,351
18,178
25,220
446,458
160,276
31,331
664,234
609,206
729,219
633,224
21,205
59,205
14,106
8,120
6,18
34,649
22,243
395,281
92,356
508,760
1289,746
1986,144
27,131
17,369
24,329
858,557
1047,456
895,287
32,255
839,434
52,277
7,623
575,205
1380,395
34,27
619,233
541,188
597,121
65,425
924,492
497,399
42,167
60,32
168,36
23,522
16,275
15,85
10,148
5,69
18,113
34,470
60,22
47,55
39,102
552,486
166,68
6,59
285,375
32,169
12,767
15,40
96,22
6,87
60,308
123,176
15,255
23,151
8,238
24,570
81,630
7,367
27,184
4,151
7,99
21,236
201,226
608,467
6,171
31,565
52,598
18,379
57,391
50,312
19,233
8,141
24,77
128,324
11,248
17,91
1778,305
7,204
19,508
37,487
14,319
8,274
6,70
20,341
23,284
14,464
108,551
72,100
7,208
23,152
45,519
12,498
73,72
60,423
10,339
94,143
59,14
19,31
11,315
12,93
15,477
14,178
345,237
8,716
3351,262
9,309
609,501
10,256
94,193
12,446
23,352
14,690
16,371
4,152
15,375
64,192
39,298
6,16
51,344
43,269
74,673
20,55
20,58
46,364
63,121
26,232
18,641
9,8
8,426
11,84
21,339
19,374
37,429
58,223
5,30
3563,82
2998,153
15,287
4,21
95,426
49,6
7,153
16,189
28,74
40,293
133,162
71,580
24,21
8,767
1806,309
22,147
309,226
134,282
31,605
217,255
13,255
1739,14
472,22
539,33
564,37
643,15
1347,31
2698,25
1224,43
1622,43
1517,43
1555,43
1395,43
881,43
1588,54
1896,326
18,62
26,196
199,310
35,361
15,8
91,277
151,34
9,65
28,91
22,27
10,290
15,193
16,90
6,35
36,665
11,302
24,641
8,426
71,141
36,38
47,108
27,308
491,28
10,287
1998,34
14,373
116,349
26,220
314,575
12,261
86,348
16,202
10,83
18,130
84,82
173,409
15,85
20,193
105,464
188,759
31,515
30,599
10,435
8,92
14,284
46,696
37,289
5,91
4,62
136,359
30,574
131,404
19,100
20,454
13,227
1019,501
84,324
10,254
9,560
12,136
4,290
9,542
15,250
13,563
19,211
22,272
1261,141
1729,101
494,628
92,31
192,237
23,360
336,380
29,448
19,65
22,472
90,205
6,320
9,141
17,462
8,553
4,259
49,224
600,427
6,124
5,62
173,323
11,481
32,207
12,73
2896,351
2301,148
48,186
40,311
26,31
131,533
15,470
15,561
40,231
29,773
19,208
25,321
19,108
13,47
33,48
36,316
363,628
46,305
49,159
45,357
7,225
402,571
31,238
229,506
33,690
14,362
35,95
57,329
61,188
110,307
12,590
38,395
42,342
16,375
79,210
14,394
69,343
39,553
15,385
10,116
114,28
78,74
20,729
134,249
29,239
15,362
398,317
16,166
7,83
10,115
20,260
60,218
12,523
24,33
52,130
15,210
79,380
97,346
122,252
43,293
29,332
12,134
27,401
9,484
49,216
88,194
160,451
7,127
18,57
21,307
340,339
275,767
80,98
21,135
48,283
24,143
22,283
19,332
9,277
70,242
53,330
124,529
59,344
64,548
13,437
28,208
10,321
18,315
146,434
14,586
197,204
51,136
14,68
8,460
213,510
169,212
843,305
485,126
88,205
115,174
16,238
22,698
33,113
15,85
313,324
82,17
134,66
5,52
5,34
362,284
10,549
10,183
503,170
12,498
12,304
35,6
1835,764
4,36
146,180
17,42
11,94
14,136
13,136
7,70
71,496
28,307
22,699
67,224
6,107
8,95
8,310
8,130
71,353
16,292
16,228
12,234
8,34
369,116
10,282
89,767
1459,475
14,510
27,283
664,259
277,237
65,102
137,106
29,179
19,674
74,373
11,316
320,130
73,223
47,66
758,409
1252,476
1100,274
1051,438
14,134
9,179
96,474
11,324
26,402
17,266
20,635
6,125
8,143
15,101
111,609
19,152
23,368
22,288
372,738
15,208
10,204
8,40
24,281
16,149
1118,151
22,204
40,558
23,276
9,250
82,192
108,162
13,256
15,158
110,45
18,272
37,184
142,334
1176,257
88,451
1497,299
1499,767
34,527
73,329
22,36
20,396
5,204
228,116
22,386
30,340
7,427
33,263
39,331
17,362
65,337
66,432
40,767
31,546
10,129
19,228
92,31
29,220
4,198
68,223
25,35
8,254
118,316
41,203
27,278
6,186
37,60
22,48
2186,11
42,20
8,173
342,294
141,614
14,575
16,511
31,81
451,339
46,86
18,117
8,300
15,134
8,407
16,500
13,268
41,642
7,251
247,310
17,249
14,331
15,224
95,84
17,249
592,378
242,617
15,601
24,157
9,193
15,28
149,325
18,139
4,109
28,184
17,331
163,274
334,180
39,506
89,387
5,192
42,90
5,488
12,199
53,197
15,367
24,371
7,210
9,365
45,21
21,296
15,548
25,579
17,71
90,85
421,607
428,760
11,448
10,59
4,176
9,209
7,91
20,348
331,378
131,367
346,554
26,294
11,209
84,471
99,549
109,338
95,499
47,339
24,527
289,328
21,148
6,55
54,88
1541,171
9,479
6,260
362,50
454,669
8,68
3351,475
13,252
15,210
514,154
10,178
6,34
20,425
26,691
112,321
122,301
1020,191
22,361
10,154
2719,164
2723,144
2785,149
2789,188
10,227
5,92
5,321
1398,161
48,272
175,684
29,5
1831,31
625,31
2033,187
31,282
16,133
18,328
28,197
185,268
20,575
17,302
40,615
14,35
40,204
78,93
4,565
24,273
7,30
15,115
8,328
33,610
125,140
17,303
13,416
7,223
30,68
43,72
29,44
2375,86
2664,362
314,193
27,264
14,72
12,146
19,88
8,424
355,435
47,73
276,305
338,335
371,290
2258,371
432,304
10,96
873,315
6,182
1180,200
8,124
13,450
700,546
547,9
14,199
268,315
33,81
17,615
70,411
15,624
33,201
1281,641
70,769
92,223
18,417
30,90
32,374
305,198
392,270
23,170
46,291
49,199
105,597
263,32
15,138
305,483
11,106
27,521
69,92
6,562
22,750
19,180
102,5
17,199
8,120
17,226
48,390
62,147
180,331
17,287
14,250
77,457
40,204
39,150
43,376
23,122
8,118
22,133
305,750
15,680
7,46
343,487
10,320
39,162
271,142
58,398
268,95
17,420
19,136
395,119
69,338
61,622
23,178
28,293
69,98
9,228
39,191
6,390
992,551
79,282
31,259
6,48
37,476
26,121
22,11
117,253
726,190
10,98
14,383
10,506
106,362
347,372
2758,428
263,163
34,340
60,189
61,635
91,236
5,132
61,140
9,606
5,27
61,458
118,30
11,291
13,223
81,69
13,333
10,39
28,259
1222,330
395,508
19,486
107,6
23,499
51,48
14,4
41,594
9,23
4,50
181,219
204,5
41,562
38,101
22,86
10,511
151,572
176,116
15,317
48,234
10,232
10,106
19,427
17,316
30,542
385,140
8,351
49,139
60,97
301,80
19,258
138,151
21,359
12,232
16,606
62,199
11,460
8,280
146,160
12,774
106,301
81,70
71,148
13,311
64,388
17,509
24,321
11,414
33,159
47,730
7,35
181,358
8,69
324,170
12,214
3061,84
2970,24
94,220
100,115
20,70
8,283
14,557
27,64
72,79
439,444
15,16
15,319
205,660
110,206
20,476
9,203
9,268
7,272
16,174
131,111
48,26
1043,29
9,187
39,55
114,50
11,326
8,315
1518,770
583,769
465,730
822,768
10,92
25,98
49,413
33,633
14,407
17,364
251,767
26,170
22,282
103,462
22,326
121,135
64,205
86,33
108,695
23,358
8,430
256,237
100,225
11,47
32,146
15,548
9,150
6,317
54,542
40,39
55,80
54,91
6,323
51,661
4,314
691,104
19,526
323,244
41,417
25,347
2088,648
15,327
57,596
52,341
24,204
1815,13
232,315
158,36
1572,255
28,668
13,128
17,320
9,252
12,204
10,32
57,95
25,676
95,17
525,761
9,38
80,433
27,377
14,29
2736,141
2670,55
2677,134
618,310
8,296
13,329
29,234
20,144
9,233
14,441
14,340
12,256
28,304
9,289
6,252
19,300
21,291
1062,190
1165,164
12,85
55,242
92,391
9,243
49,535
360,20
23,92
11,16
17,254
51,326
326,159
24,340
804,140
29,231
15,150
315,488
88,118
91,307
9,18
4,170
5,292
42,41
140,353
16,275
12,28
187,390
10,60
13,130
14,302
50,192
4,766
49,93
17,247
30,246
14,197
9,193
263,354
4,103
180,113
103,71
2592,329
34,257
13,636
45,330
4,17
5,56
26,19
23,377
37,457
80,276
5,259
13,213
153,247
106,428
29,469
54,100
875,239
45,767
7,327
31,285
32,348
22,197
18,422
16,28
11,70
379,360
28,141
39,141
26,254
64,213
766,166
7,69
60,136
373,752
35,207
36,508
25,394
8,341
19,187
391,548
16,298
449,310
84,399
1862,744
50,380
20,105
18,381
304,315
8,359
541,563
5,27
955,767
279,58
6,31
3157,397
43,543
31,36
24,286
58,507
20,142
40,29
1012,152
10,374
409,430
12,322
36,183
28,550
18,544
9,20
11,301
42,447
16,157
57,541
924,460
11,184
62,85
15,217
28,312
12,211
1123,345
607,435
24,93
9,297
20,311
6,152
954,76
949,284
963,184
1914,51
916,478
905,765
2862,26
2866,342
14,164
7,340
12,239
48,270
27,119
10,617
12,82
17,236
47,89
247,350
34,334
61,568
20,200
11,265
29,468
910,681
49,319
670,305
53,179
24,458
448,51
104,38
11,403
931,287
346,768
7,201
1715,172
1762,464
2286,495
2926,215
5,83
264,117
66,375
46,316
29,303
200,386
35,32
256,245
14,347
10,270
4,98
31,312
59,211
11,196
10,396
7,127
6,532
21,225
6,194
12,212
35,59
319,12
482,302
14,202
59,219
95,220
325,408
2090,91
2100,313
18,339
6,230
22,19
36,767
21,369
1992,237
3855,295
3824,175
579,140
7,132
307,150
10,434
77,332
86,772
4,23
8,115
4,261
625,635
7,270
225,410
138,188
1046,182
613,603
1617,188
889,231
993,280
13,236
11,360
63,228
28,437
26,282
6,43
136,20
140,151
65,159
8,87
22,27
33,218
25,588
187,392
8,325
501,124
1245,38
13,244
14,335
18,486
300,297
45,319
10,190
7,345
5,195
14,309
572,241
12,320
15,234
112,767
53,425
12,57
15,238
25,31
246,315
195,220
23,354
15,224
17,600
9,133
43,761
15,456
171,751
8,311
17,61
12,105
145,248
19,88
13,129
12,209
13,769
156,295
12,326
9,265
13,169
50,187
145,468
443,386
188,200
2067,111
2065,98
2897,89
857,188
889,769
60,182
1471,211
530,557
1004,770
994,770
81,169
369,423
361,25
365,82
441,132
4,721
77,375
28,280
7,21
49,36
7,288
13,163
44,138
8,66
36,600
9,249
89,58
22,121
105,532
399,560
373,557
13,95
15,332
26,211
84,83
356,294
1238,366
52,117
110,196
50,52
1199,10
51,269
21,371
23,277
7,430
90,330
805,131
155,77
82,439
231,209
21,153
27,406
2350,327
44,181
69,317
30,424
27,147
20,145
12,222
23,638
62,23
10,203
5,52
195,431
47,730
16,428
2671,434
20,768
164,205
2003,774
307,277
706,523
112,368
58,448
27,287
45,270
11,339
27,384
9,108
13,344
1862,109
54,50
45,493
109,645
30,444
191,67
11,123
12,342
14,149
9,85
24,340
37,288
6,220
405,532
90,390
7,431
8,27
16,231
84,364
330,222
204,378
11,164
13,227
8,116
12,516
17,418
174,190
68,290
23,219
26,741
17,331
9,248
7,19
10,334
14,269
10,40
10,248
19,29
12,223
187,222
58,750
42,285
79,160
18,114
21,183
23,230
338,112
38,230
39,397
36,217
305,210
8,173
75,25
848,411
10,13
1757,80
28,149
1204,264
15,315
820,250
28,91
36,553
5,217
452,79
39,84
21,32
1082,342
2097,142
65,765
150,469
49,385
29,323
4,451
12,407
14,595
75,32
8,273
27,79
6,88
18,591
27,543
65,467
15,28
191,29
135,30
9,196
5,218
17,575
8,109
10,24
91,4
11,34
28,305
701,668
55,439
46,252
226,588
644,458
38,411
539,413
818,209
1222,196
1848,45
2919,83
3194,325
722,105
633,119
2914,137
636,767
16,220
36,67
308,615
426,26
3086,38
19,85
41,226
88,176
27,216
244,269
1281,93
1024,85
66,45
32,178
34,331
66,347
9,298
47,87
6,184
20,312
160,311
13,175
59,159
22,311
14,86
228,373
82,301
36,34
1414,171
225,350
20,232
8,123
61,125
78,51
60,150
13,312
81,180
11,149
340,340
240,324
198,178
5,486
18,420
18,538
211,118
4,266
28,17
37,345
19,556
634,132
860,415
97,310
76,655
16,239
226,264
31,543
998,323
139,507
59,258
22,437
20,456
16,231
86,601
359,470
12,494
13,296
24,769
17,294
22,202
11,392
767,352
241,37
14,180
33,281
97,172
8,7
37,65
70,99
22,257
14,33
110,557
428,286
243,308
81,19
13,367
26,327
728,369
649,487
23,554
12,96
25,518
100,140
14,401
444,246
7,245
4,9
20,450
84,347
21,329
117,484
307,767
37,316
14,387
110,137
24,471
165,192
13,206
12,170
21,740
101,361
10,506
42,52
3470,7
66,75
14,456
11,222
20,261
16,157
21,61
16,264
161,249
71,24
239,467
26,21
130,255
12,327
23,172
15,255
16,154
347,465
10,364
10,189
5,141
59,248
27,277
16,335
7,130
10,233
14,281
16,165
9,65
83,341
30,446
9,253
17,75
76,371
125,208
17,258
373,272
4,39
93,170
10,89
16,100
19,362
12,26
1893,112
110,254
8,114
113,240
24,508
14,284
40,35
594,503
31,515
71,503
18,707
108,67
133,61
25,294
25,323
848,104
263,703
35,767
7,94
6,258
53,374
20,59
80,144
16,166
12,559
38,92
739,769
137,299
7,228
30,127
32,304
94,287
8,86
321,767
43,141
48,330
217,319
19,395
16,242
157,84
448,451
16,343
42,41
168,454
7,449
64,193
65,311
8,47
18,269
30,254
31,27
2910,14
2870,17
2194,14
132,314
17,293
164,225
844,520
165,768
177,286
86,29
3237,296
484,767
43,75
12,23
16,653
22,247
918,196
16,192
1580,10
5,244
701,550
25,80
14,418
68,24
196,771
51,362
20,67
164,427
13,700
18,592
33,173
62,434
36,394
1312,766
20,114
25,379
349,149
17,126
8,67
14,194
7,19
63,160
16,312
86,26
5,21
66,86
6,28
8,767
92,12
13,211
10,227
219,433
24,147
71,19
10,255
7,143
137,139
9,56
14,249
70,99
32,421
35,20
11,249
50,348
164,161
10,483
21,413
165,296
25,138
7,21
12,144
948,297
36,407
89,160
145,450
85,35
13,184
13,97
2087,560
31,252
31,236
109,510
24,510
718,770
5,267
13,245
20,305
10,308
4,54
102,321
69,156
11,125
130,804
85,115
117,112
8,291
30,347
9,18
29,82
140,115
45,70
30,280
11,131
8,130
7,106
39,279
3688,254
17,364
23,21
525,450
54,155
549,7
232,6
49,189
13,131
46,77
6,148
119,192
120,242
40,713
2105,275
9,318
561,203
8,263
35,769
13,333
57,31
19,142
7,221
7,167
13,397
1477,196
1491,179
14,234
9,582
10,280
42,41
308,233
309,373
17,301
24,184
50,150
9,260
13,319
29,438
49,37
15,309
6,33
12,154
13,87
39,558
39,604
28,141
39,141
11,243
460,279
1160,715
19,179
326,484
18,218
12,298
45,389
53,389
35,63
94,426
81,261
113,237
117,292
45,292
25,12
24,395
40,292
16,248
14,25
28,462
14,213
153,467
166,710
240,260
54,474
23,136
518,89
132,12
75,476
55,304
83,475
30,265
14,300
13,217
370,137
21,112
10,604
132,416
17,333
6,40
238,358
119,399
7,219
15,374
6,19
14,102
97,128
15,322
53,461
11,304
81,235
165,768
14,86
82,365
11,66
13,294
311,234
13,248
8,271
34,357
11,124
10,116
40,243
19,342
96,281
60,371
33,351
50,466
23,503
91,609
15,230
42,112
13,62
131,296
30,32
18,386
1385,121
1464,155
134,63
12,353
56,247
10,637
772,332
2288,237
4,5
12,573
1130,35
1126,271
1519,15
1438,23
114,287
26,224
84,25
24,360
22,310
16,297
164,495
32,279
31,145
9,237
26,117
5,767
26,511
187,253
54,277
139,562
9,24
77,697
23,652
6,41
23,370
13,768
24,490
2404,766
26,14
5,382
808,767
309,496
138,215
738,385
17,141
32,35
204,340
6,26
352,160
58,638
42,287
33,149
65,413
21,398
8,297
41,497
21,148
34,522
13,45
11,645
327,28
45,116
6,6
10,187
11,242
4,654
11,352
8,159
45,5
6,456
17,404
92,48
16,34
8,216
5,280
140,63
111,385
120,55
34,225
16,118
60,49
23,235
25,192
491,57
14,256
13,113
13,438
46,176
5,398
14,96
4,24
5,413
367,626
2165,47
1607,84
1921,34
1739,131
2020,128
10,82
76,772
7,203
22,445
29,333
56,456
405,254
11,160
5,276
12,366
4,215
71,37
257,152
5,66
843,135
1267,516
1440,329
97,771
3439,244
20,280
16,53
248,143
17,768
13,580
75,440
11,33
12,417
13,355
93,436
36,339
10,329
10,282
72,149
25,310
81,287
33,533
14,52
1029,235
70,274
454,274
122,772
18,529
57,171
79,118
9,136
28,329
19,65
4,96
47,85
16,58
22,58
35,18
41,544
58,738
28,395
27,488
18,565
556,406
651,541
133,361
302,335
1370,301
331,553
330,425
29,46
32,388
14,163
5,194
23,225
25,306
7,241
6,419
103,445
116,466
85,361
29,100
32,421
18,65
123,613
10,473
247,345
305,601
14,187
21,82
9,292
119,452
11,234
664,208
18,92
98,250
20,306
14,304
20,126
14,299
151,27
874,260
22,196
3173,767
151,252
7,234
11,271
22,660
326,87
15,465
7,101
112,39
56,219
243,11
31,312
62,45
2357,153
2562,202
14,111
211,241
66,39
1548,353
1544,717
26,265
129,339
101,192
15,25
13,165
22,431
14,123
18,614
73,205
15,137
2761,58
313,287
305,232
209,228
252,336
359,361
243,87
25,243
115,549
214,364
1259,767
101,436
30,725
29,435
42,767
44,149
50,290
61,215
43,324
54,287
32,367
13,171
5,113
19,102
13,523
23,174
211,179
84,327
126,208
86,239
164,478
7,52
268,159
731,387
11,82
6,111
121,184
61,622
191,24
443,386
44,292
353,144
23,124
265,349
10,17
13,363
13,431
262,194
14,122
176,185
28,486
20,372
1440,768
13,334
62,404
5,158
265,64
77,115
11,180
24,504
996,203
250,313
963,222
20,210
14,238
53,238
20,281
289,143
7,268
34,162
24,163
381,133
34,262
17,354
279,766
23,135
13,570
17,296
8,161
12,534
17,237
12,577
34,36
38,20
67,482
31,137
11,522
7,78
5,20
13,273
29,148
8,44
21,117
1749,116
11,338
105,256
18,419
30,281
8,216
482,372
75,431
11,208
10,240
9,129
9,207
346,191
220,41
87,623
11,377
12,164
23,255
85,249
11,347
180,69
51,258
1087,174
1560,451
24,481
9,47
11,83
17,155
2236,401
548,646
2577,550
37,584
11,311
64,267
21,97
136,509
528,191
373,136
283,550
17,307
14,203
9,148
34,767
6,24
21,554
42,473
71,140
103,160
5,363
43,25
1703,109
348,105
2077,130
604,127
105,127
1002,87
1211,240
1095,159
1459,236
36,525
26,201
83,318
83,402
37,28
38,243
20,8
28,336
77,215
190,768
22,187
11,234
21,114
40,314
75,245
39,247
26,457
9,531
21,18
335,206
14,482
4,28
1063,469
32,229
250,240
1170,124
341,157
1385,198
8,643
4,321
2096,203
453,157
17,341
7,112
28,426
23,330
17,248
425,631
85,15
36,27
23,134
154,336
863,240
586,673
24,219
25,153
76,307
11,97
9,71
256,298
61,11
29,239
1482,123
11,289
455,180
115,144
15,595
18,410
41,521
7,159
23,557
18,365
71,91
18,287
10,278
54,521
20,383
14,246
16,365
230,767
6,111
15,93
45,122
7,70
12,174
47,26
8,102
28,410
63,23
487,180
11,293
7,240
34,358
14,266
34,747
59,135
24,252
7,104
617,309
793,324
52,246
8,42
24,299
29,474
24,379
28,99
106,312
143,767
9,96
24,316
1299,729
10,149
9,49
2502,506
104,18
104,268
7,352
6,87
59,48
1732,226
16,245
38,46
981,162
29,146
454,480
9,100
19,318
19,281
1030,690
200,141
39,120
78,290
176,622
32,23
31,146
60,352
7,26
111,299
35,34
25,62
61,228
95,83
16,184
11,108
368,27
17,59
15,339
573,175
358,27
483,611
115,705
20,331
271,353
23,376
50,104
370,111
63,618
331,161
19,453
30,275
7,716
121,273
22,151
38,25
229,132
2285,67
67,767
18,338
103,35
111,284
133,220
135,268
24,404
14,50
188,315
604,449
19,143
9,116
19,233
613,590
115,606
172,133
13,418
12,366
10,71
946,454
49,712
34,82
64,73
18,257
6,332
7,70
147,446
18,94
17,356
135,216
112,214
120,154
2133,495
209,395
187,193
19,361
27,459
154,376
4,284
1813,735
138,230
39,423
303,92
88,767
54,768
17,130
4,163
18,194
195,9
74,259
15,133
74,291
8,652
17,21
39,556
17,48
12,81
73,312
14,273
25,173
171,193
56,35
29,131
22,282
157,9
9,185
2066,247
966,151
15,507
104,472
58,126
38,139
18,90
7,52
264,250
9,121
11,244
74,243
18,436
103,246
631,505
29,67
1317,127
10,590
10,57
16,293
189,114
350,310
424,254
75,129
106,767
119,629
5,144
12,757
108,572
150,721
154,750
188,767
185,738
4,130
24,275
11,275
817,245
17,420
36,184
36,322
8,287
8,71
22,202
185,352
11,455
28,355
9,466
475,313
63,362
237,376
6,265
11,166
10,139
152,389
24,748
155,241
14,187
6,111
20,553
558,364
13,258
25,41
13,171
204,130
125,113
38,44
102,357
432,364
92,272
223,335
15,295
351,243
613,769
10,170
25,293
66,767
381,278
301,425
49,598
52,550
36,79
29,710
4,465
15,272
12,363
32,595
14,203
56,193
9,111
17,547
123,202
12,296
9,206
6,602
344,767
16,101
3146,159
61,69
7,122
15,74
29,315
32,237
1680,163
35,207
26,750
9,146
12,449
75,63
1241,550
17,105
10,367
112,372
7,236
42,278
160,169
898,197
44,376
5,356
15,303
1809,106
12,750
6,210
8,437
340,282
38,392
18,149
105,244
30,451
146,164
10,331
20,281
506,124
60,11
23,31
28,62
523,235
28,390
37,437
100,29
519,524
22,307
155,144
15,417
20,266
22,332
20,30
21,342
25,197
56,104
33,350
51,285
176,104
74,148
64,241
59,476
30,38
89,276
29,617
10,306
30,9
51,344
1234,178
14,111
438,152
7,184
23,29
8,208
45,93
217,297
8,152
105,464
188,759
26,120
80,111
43,62
99,162
47,203
18,288
9,136
11,101
21,196
10,168
7,217
14,13
131,59
7,26
559,767
6,278
14,25
51,4
69,14
29,8
199,152
193,47
45,29
16,225
20,425
11,154
18,494
40,257
39,526
1085,543
82,173
72,767
4,126
251,333
16,285
11,380
31,143
18,131
100,29
15,328
20,19
55,258
1119,116
790,134
1199,124
318,539
112,290
22,395
16,200
47,422
14,112
17,131
13,226
56,89
9,368
4,9
282,189
37,443
44,184
369,197
11,281
43,333
195,117
9,354
16,248
513,304
21,163
72,317
18,278
147,191
135,451
44,581
47,422
17,311
138,767
4,37
9,439
14,50
15,256
66,96
10,27
137,420
16,32
7,28
8,140
9,98
3949,266
162,117
153,124
20,280
28,152
13,290
588,67
377,135
222,81
4,87
20,177
12,722
65,240
13,45
568,154
1700,165
1228,323
918,432
169,305
9,300
130,291
904,389
1011,376
887,586
981,614
7,139
17,552
49,428
28,353
9,161
18,133
287,203
10,250
22,54
6,216
130,73
66,385
20,108
23,479
29,16
34,554
11,297
31,229
9,224
9,114
51,341
10,642
326,199
9,291
6,83
282,145
23,216
1467,345
1482,593
970,708
48,198
902,484
172,27
630,767
26,228
317,165
74,90
8,706
38,560
975,470
20,636
165,709
21,128
15,166
40,260
897,609
16,400
59,27
15,608
18,109
6,196
34,232
10,441
49,350
42,41
15,307
20,10
150,221
13,258
22,263
234,460
370,311
79,132
1879,28
2714,289
159,637
34,288
48,245
266,737
30,384
12,388
52,149
119,530
155,46
25,238
177,54
59,253
63,191
64,326
94,290
78,420
66,462
35,231
165,638
789,21
79,217
70,430
86,471
84,356
58,488
71,321
19,291
41,305
23,256
374,143
24,471
28,473
7,233
10,233
8,64
404,204
13,146
6,40
799,471
7,581
35,15
42,5
632,28
16,281
24,20
437,273
31,515
71,503
5,86
31,314
62,770
16,272
47,269
26,501
8,64
14,284
10,348
15,135
20,282
339,108
56,378
52,560
15,135
488,22
24,299
12,288
82,245
10,113
183,46
50,55
68,208
18,98
156,157
13,202
16,252
444,255
105,547
121,552
710,503
12,480
7,186
6,317
49,334
13,403
9,80
12,265
7,236
29,405
14,22
33,239
32,106
10,115
8,346
57,148
1291,173
266,102
59,203
239,745
17,233
6,275
10,294
32,429
17,433
16,363
28,356
274,446
14,256
37,498
11,12
132,411
7,194
93,277
17,289
12,109
14,325
15,320
24,77
19,290
96,104
11,280
386,80
74,58
18,117
6,69
7,112
70,395
46,285
10,29
145,37
34,174
48,64
20,183
51,366
1837,201
77,704
13,316
22,173
29,147
13,172
119,132
131,509
35,107
32,210
11,510
9,219
20,95
17,97
75,257
21,443
9,95
309,321
8,250
126,321
21,395
48,295
8,248
80,691
10,118
39,13
156,749
16,240
19,65
17,256
10,323
7,273
562,81
4,52
27,645
7,85
13,329
32,190
20,475
9,108
392,265
11,192
190,404
135,92
20,126
232,433
34,402
16,566
16,66
21,117
40,409
622,48
20,555
22,113
141,229
35,47
89,168
167,264
275,690
337,320
25,233
139,613
16,72
84,63
10,265
420,697
28,454
12,90
29,368
9,271
62,770
8,167
8,119
80,279
81,243
785,351
13,366
39,237
20,247
12,374
16,412
44,703
83,248
22,143
25,191
14,284
1561,603
32,248
11,412
511,11
8,165
448,185
400,117
128,151
373,375
768,61
257,466
45,721
16,254
83,255
20,372
1440,768
18,377
50,301
7,256
34,37
171,313
106,15
590,140
6,57
7,138
80,767
46,769
475,645
2233,6
2391,15
17,332
1801,11
1064,21
1405,11
875,24
1177,30
2176,12
2520,25
1877,11
1455,122
1896,13
197,102
2085,13
994,356
1618,28
1369,12
3500,88
1419,42
3053,12
1841,6
1318,10
1318,44
1230,33
1327,11
2093,16
2773,51
2898,6
2151,194
2386,20
3349,18
1171,22
1186,21
1430,22
2447,201
2898,13
1984,420
3040,6
2391,6
147,645
69,431
5,31
40,197
12,334
70,454
8,309
37,207
5,9
15,455
507,270
19,212
20,241
227,70
11,586
1464,592
78,55
26,80
27,402
72,535
31,587
153,183
9,103
436,225
59,269
171,767
71,89
25,203
34,455
24,573
7,205
75,24
8,516
360,589
111,384
20,289
13,68
10,365
94,314
308,287
57,34
11,437
84,331
760,118
44,162
39,51
8,9
12,286
12,237
8,181
9,273
349,316
14,451
679,491
9,225
14,87
69,126
31,202
12,173
96,108
402,489
37,434
31,216
96,371
13,323
37,486
6,126
14,82
10,129
35,768
21,183
396,153
32,22
62,109
15,239
223,577
13,175
33,27
362,437
52,491
8,76
46,31
13,398
47,287
8,86
111,39
89,576
210,174
13,73
2474,29
2800,36
37,164
9,160
27,371
1382,731
19,40
308,637
38,705
140,125
480,186
369,320
115,648
243,395
67,19
41,360
15,121
18,76
11,210
11,517
17,392
19,289
646,492
1728,770
27,497
394,776
53,295
120,530
77,57
21,124
14,438
231,468
11,340
116,666
100,341
18,297
181,768
6,322
25,336
15,428
80,522
19,809
186,390
28,258
4,255
73,424
58,340
27,134
8,447
20,161
17,311
11,236
30,365
21,745
41,170
7,229
14,283
19,311
109,767
243,461
21,312
20,244
11,536
6,44
314,318
324,95
17,702
19,285
7,677
23,313
12,154
9,102
36,246
9,214
25,520
12,204
12,158
446,94
33,528
197,117
84,418
10,200
118,21
79,372
26,166
62,251
17,389
21,199
38,429
45,431
1879,260
1076,421
13,637
21,314
21,232
121,388
98,206
4,40
56,31
109,329
19,311
46,23
154,208
21,272
5,84
132,315
547,324
14,169
7,30
21,13
60,581
8,492
20,348
28,123
5,222
379,745
284,175
20,373
216,119
79,289
2719,101
62,422
12,99
68,337
39,37
31,26
15,76
14,641
30,737
49,39
31,769
39,455
213,769
64,488
9,124
34,765
73,366
257,433
28,91
59,132
24,766
625,375
625,375
538,378
539,347
12,43
8,306
345,428
9,156
11,101
55,287
23,402
84,480
18,278
775,523
13,342
49,168
437,354
38,344
16,464
206,17
68,225
1052,65
6,180
6,179
12,688
10,688
23,258
80,472
24,57
42,386
13,185
10,95
32,107
34,518
14,442
9,718
29,254
9,39
838,196
143,759
9,441
37,349
31,349
15,301
36,689
21,298
21,153
177,264
23,21
4,199
52,347
5,197
5,233
36,446
52,150
45,43
12,234
726,615
86,497
35,312
68,263
13,397
15,153
23,640
4,259
36,217
8,230
26,124
960,302
19,559
21,145
381,49
39,125
40,486
23,358
522,233
851,569
1155,614
28,167
16,237
20,23
1494,52
1973,67
1205,64
1989,29
936,457
659,249
197,310
627,102
63,27
47,422
80,522
15,154
18,244
220,357
43,25
49,513
720,767
46,230
11,239
572,110
24,174
36,478
28,280
27,118
94,165
337,205
11,72
88,320
118,366
31,195
72,329
7,70
11,152
14,21
904,547
932,433
835,199
1123,388
1046,361
15,127
41,339
78,362
18,297
13,233
10,220
58,233
10,194
10,284
267,330
10,148
53,249
5,244
99,231
473,767
73,295
18,57
483,45
10,120
421,552
49,113
60,385
10,176
19,728
15,167
39,262
23,12
7,177
56,24
1202,148
216,382
19,250
454,394
123,268
750,359
21,295
331,280
62,66
445,168
1001,521
100,237
326,442
21,330
33,351
40,267
35,27
126,398
151,519
8,477
12,58
1251,574
8,144
1053,530
389,306
16,779
29,481
13,378
14,7
23,184
87,595
20,219
59,159
14,292
18,86
222,229
18,346
19,169
516,767
53,38
54,337
182,504
46,518
22,261
12,296
23,17
15,433
155,270
201,598
22,284
102,765
42,362
20,376
17,243
4,126
94,420
15,226
57,57
1302,292
278,469
253,12
5,541
37,312
11,28
61,478
21,349
18,287
10,278
6,195
20,30
80,270
12,109
1112,655
14,54
30,282
205,548
19,140
12,417
35,28
585,288
8,95
120,147
11,199
23,291
28,504
3063,35
3073,662
9,56
23,20
99,27
10,287
23,254
547,405
71,190
8,217
7,139
42,52
2445,160
12,255
60,576
33,48
29,398
28,268
29,433
786,493
518,143
38,511
44,24
1160,345
1618,359
3637,377
2213,251
1807,315
478,295
192,432
18,211
168,87
109,65
84,364
712,92
873,289
70,387
316,265
17,158
9,157
163,601
52,198
139,251
59,308
142,373
7,82
30,272
10,517
51,386
25,311
21,228
140,176
27,27
9,111
16,14
22,312
86,266
9,213
281,573
105,239
5,281
124,44
70,227
51,6
89,79
15,153
150,272
14,177
14,223
315,341
93,340
29,218
24,255
9,229
21,336
15,212
44,105
24,342
8,239
11,223
516,565
40,91
8,9
307,526
87,495
41,394
46,315
680,751
23,294
16,545
6,24
12,113
9,97
10,225
8,107
10,270
10,311
56,214
12,286
11,380
31,130
147,301
487,58
6,27
12,229
43,392
5,251
231,194
12,266
21,170
13,290
18,129
15,254
15,152
35,112
14,150
24,50
33,240
79,282
154,133
361,205
18,303
35,264
96,646
17,75
5,331
15,417
15,379
10,116
22,729
12,399
445,304
57,377
224,283
11,227
33,307
14,543
34,473
28,146
2350,327
7,248
60,193
12,95
22,85
16,500
9,188
30,158
9,398
2693,253
2690,326
2350,327
20,278
100,113
7,470
212,424
570,464
35,303
14,298
31,114
14,192
18,735
17,404
14,272
67,285
15,631
13,304
20,377
71,36
93,94
27,296
20,19
11,323
48,29
4,270
31,312
13,29
915,516
147,111
23,27
8,248
27,199
13,282
32,12
11,237
10,329
20,80
47,308
227,297
17,297
20,224
19,244
4,302
24,275
9,494
19,155
9,41
1997,190
7,124
17,233
20,37
768,127
49,175
105,376
17,498
88,16
157,446
30,301
22,314
34,330
35,34
30,210
22,223
14,96
290,113
8,23
7,40
36,291
41,199
51,181
956,491
124,529
16,178
40,767
14,20
8,67
11,308
14,157
9,357
17,138
7,81
57,297
10,171
16,60
11,239
22,98
20,313
132,71
134,196
18,131
6,144
63,272
52,443
9,326
19,536
24,277
51,28
36,49
92,97
16,207
17,297
21,90
124,424
1095,768
74,405
19,240
10,331
49,360
15,217
21,326
9,252
43,27
10,242
14,339
26,328
40,25
19,274
110,246
37,459
205,369
115,139
294,175
2131,155
77,321
29,338
33,30
6,84
102,39
139,684
62,254
187,781
5,229
9,594
90,683
568,6
186,211
7,14
2246,188
65,767
230,347
20,70
24,303
9,173
80,54
29,116
48,535
11,57
12,45
10,139
70,589
45,291
115,549
214,364
6,252
7,90
50,620
22,309
16,402
84,175
6,105
24,253
27,333
373,11
53,334
6,261
9,238
50,651
258,313
152,482
24,427
408,736
9,115
110,18
20,13
776,12
27,41
54,695
419,489
17,655
262,110
17,453
68,560
9,95
13,219
16,193
728,18
430,264
495,527
67,416
214,442
957,177
37,474
7,300
309,308
625,140
117,93
488,311
625,257
1354,255
625,134
796,768
890,42
2379,170
2806,182
17,264
19,192
16,276
16,556
20,420
41,314
85,31
11,79
289,780
61,279
306,77
399,24
697,649
155,228
16,205
9,649
11,103
82,144
823,151
98,602
53,44
65,1541
8,64
12,547
20,175
19,776
18,324
10,90
155,355
11,429
29,123
5,97
507,142
18,83
81,95
9,407
1678,152
1132,103
1443,150
1388,166
524,127
10,310
18,235
7,14
365,410
8,393
618,238
15,777
76,35
10,42
186,461
12,25
6,61
95,83
91,424
35,213
8,80
609,365
1188,68
10,59
30,327
8,10
226,219
11,430
259,683
76,63
110,499
16,35
25,83
20,413
23,422
107,316
13,299
93,657
44,291
50,22
1896,174
2896,430
24,143
9,97
48,181
2706,164
15,300
37,733
17,356
135,767
26,313
146,267
355,471
7,255
23,86
61,92
425,18
549,136
10,337
159,143
15,300
54,240
20,195
15,228
5,181
41,382
27,167
386,102
18,409
23,760
16,56
631,505
13,217
21,177
11,248
167,67
17,377
93,118
216,507
8,398
16,437
114,78
60,10
26,120
29,388
53,451
15,234
38,269
9,124
225,126
193,609
24,232
8,473
40,286
105,589
8,274
138,378
28,679
155,77
183,47
92,522
16,248
167,486
22,572
184,604
6,284
48,47
572,110
41,94
12,352
278,739
16,111
4,52
12,115
13,45
56,69
86,500
20,344
216,99
23,22
53,133
21,494
473,147
170,24
6,220
144,375
6,28
15,444
25,307
21,299
13,184
5,302
12,143
18,151
10,528
4,201
22,213
113,108
22,114
17,302
41,263
8,46
214,265
59,370
33,274
21,383
269,187
21,105
268,343
88,353
257,359
14,38
13,99
5,54
16,251
7,310
12,178
23,79
390,722
8,340
7,101
23,244
16,11
54,61
18,205
69,265
87,286
122,245
22,235
4,216
371,422
2602,260
25,374
12,112
92,312
76,216
14,447
70,282
6,20
22,522
806,48
696,345
37,451
26,225
22,568
12,400
17,85
18,223
10,339
17,461
8,24
52,252
20,593
86,393
13,239
26,21
40,21
15,404
756,314
2015,99
16,406
27,244
120,429
495,273
11,311
766,148
551,106
23,516
1486,18
36,23
533,217
15,550
25,409
5,282
53,772
10,95
111,63
10,449
29,279
36,235
665,475
1003,385
14,113
63,22
49,28
57,48
109,240
331,476
6,168
428,158
29,397
90,77
52,126
101,473
104,352
663,34
472,252
238,502
415,81
109,134
6,69
24,271
23,412
16,393
35,550
4,26
85,189
30,205
14,22
16,90
9,133
23,304
17,106
43,73
163,113
13,104
41,221
778,156
98,394
103,426
14,154
20,94
14,120
7,100
8,303
4,355
798,168
7,554
23,33
84,472
17,132
50,271
18,104
15,446
49,411
134,25
14,208
22,221
6,390
14,286
10,158
86,445
95,338
14,325
12,640
126,496
11,175
11,216
1819,549
13,135
96,27
39,352
443,599
12,67
48,677
30,391
68,292
40,224
17,216
70,387
68,48
11,539
62,208
24,298
28,407
12,216
25,143
14,269
7,310
9,124
68,767
13,85
80,319
285,301
2202,280
76,202
6,345
41,293
4,83
414,453
14,21
37,457
11,296
95,364
11,235
781,347
35,154
19,281
11,259
6,18
45,324
45,362
55,146
1598,23
1634,623
714,163
105,316
107,269
20,769
154,126
22,688
142,600
21,243
39,155
406,313
17,106
95,235
9,353
21,208
19,345
28,35
6,12
47,39
10,410
105,547
15,438
30,422
55,573
87,332
61,153
39,458
387,200
144,16
35,109
119,34
17,89
127,294
16,153
1280,808
11,318
978,104
50,767
82,52
157,647
19,179
11,83
170,412
21,295
331,280
29,227
31,89
16,78
95,74
112,240
114,177
9,136
159,69
11,205
625,731
39,148
111,415
10,188
30,68
118,653
10,261
14,375
44,132
31,113
91,460
176,626
562,485
7,291
7,433
98,577
42,541
55,456
82,303
183,489
148,356
23,300
178,474
18,259
26,200
5,32
115,730
54,194
11,224
102,65
12,62
32,128
735,74
228,242
34,279
132,5
4362,235
18,432
22,27
15,80
922,776
68,745
87,177
152,42
13,286
13,432
4,205
212,773
23,322
896,738
247,463
20,384
30,139
42,264
27,409
100,96
128,60
69,519
89,268
21,105
5,224
6,283
417,680
259,487
35,313
1267,580
42,384
768,227
1684,160
47,306
34,81
36,150
93,47
9,287
11,582
14,207
101,328
3157,397
249,416
12,233
1036,646
868,197
25,298
24,384
14,19
7,115
1394,332
15,88
9,350
25,435
31,201
32,443
442,527
15,261
4,767
60,32
809,769
8,420
31,118
750,183
30,725
8,266
21,141
19,734
10,117
186,276
13,225
21,213
63,374
20,212
36,389
18,271
10,357
17,364
21,20
393,509
95,169
7,93
23,741
101,392
137,275
83,583
17,257
29,406
12,79
25,221
14,351
141,281
22,201
5,72
7,185
12,760
37,11
6,85
21,426
37,327
2682,751
121,344
10,372
19,45
4,48
55,91
23,205
24,408
350,310
424,254
75,129
67,767
28,38
9,301
27,64
3255,307
218,302
8,610
9,36
20,622
45,116
1672,743
1765,770
1094,416
1730,625
2037,662
1693,504
1194,770
104,198
76,748
34,199
18,359
96,280
179,204
33,767
104,574
694,219
116,23
9,75
355,80
18,441
40,271
142,87
111,377
12,279
38,369
5,35
8,358
2924,5
619,73
7,629
12,317
314,558
24,767
51,186
30,90
184,256
291,393
22,267
37,493
137,50
228,447
13,373
101,244
64,295
6,131
12,465
44,381
21,388
21,44
938,331
1232,274
753,421
17,475
22,571
28,390
15,354
141,86
478,282
8,208
8,44
50,78
154,230
29,575
107,218
9,206
17,276
561,396
38,9
286,226
78,203
64,25
68,286
141,154
617,230
24,772
864,190
513,225
480,219
1389,243
380,115
136,45
49,16
18,132
269,175
29,216
35,156
9,147
173,177
15,63
270,767
274,135
239,95
103,102
34,53
12,244
52,209
137,100
1330,114
105,589
154,398
106,264
203,63
153,195
405,101
38,284
854,606
10,74
7,177
20,22
6,183
38,110
34,244
109,588
10,34
89,317
102,164
356,603
8,21
55,119
6,300
15,282
18,561
50,473
114,769
97,256
112,10
29,32
80,182
85,395
252,504
18,163
10,56
9,315
68,319
22,217
7,238
49,206
46,246
25,526
40,172
51,671
76,400
607,256
19,346
18,268
53,219
6,131
54,284
9,293
11,29
1859,143
139,101
490,97
18,531
17,28
205,718
8,145
37,457
8,294
16,557
11,249
1626,399
26,118
10,225
10,361
11,285
332,284
97,398
13,373
27,494
47,175
34,284
10,59
13,171
61,26
10,10
23,155
540,397
17,267
54,37
872,334
162,375
79,103
48,347
8,82
15,211
22,329
25,398
40,181
140,137
10,273
6,499
505,281
71,431
13,239
15,123
11,214
52,80
33,444
33,321
38,399
15,320
22,272
790,213
26,304
1479,120
59,112
66,301
2664,535
151,229
10,403
128,46
14,340
39,33
17,434
8,317
30,402
45,40
254,31
336,454
49,658
50,315
43,616
5,13
16,445
9,380
28,59
9,265
30,762
49,293
8,190
33,177
757,231
47,238
612,506
8,102
21,282
40,376
22,253
8,247
15,309
55,767
104,355
37,94
8,303
163,248
60,595
92,582
11,767
21,133
24,229
17,411
49,216
9,247
45,293
12,254
136,346
18,94
6,92
14,200
13,123
36,90
55,186
5,141
173,257
315,134
96,225
856,78
10,288
25,228
330,15
31,45
108,110
379,439
1098,493
1098,278
1099,260
293,59
116,98
6,297
241,76
14,321
123,484
54,140
7,367
10,202
86,31
50,73
92,128
13,45
46,274
33,155
293,304
562,318
1155,244
1382,68
23,767
134,321
24,360
9,205
12,325
1568,51
1571,28
4,26
283,513
15,244
47,408
16,342
49,314
24,71
8,111
19,150
6,15
27,257
570,184
2682,117
102,295
103,381
207,453
27,690
35,609
76,31
16,464
46,50
95,53
1248,562
43,626
12,97
7,340
65,476
10,173
89,543
44,456
13,132
40,326
110,672
50,328
42,428
276,336
14,523
22,402
12,59
38,288
12,754
7,287
120,70
96,109
33,63
53,274
7,70
29,266
697,7
19,84
12,176
17,212
187,36
14,429
325,130
17,493
21,169
28,47
789,104
20,207
13,704
85,292
197,193
21,262
11,209
13,292
31,389
24,403
116,699
37,769
16,74
3214,114
123,767
5,267
8,39
75,241
9,160
61,135
503,480
27,443
6,330
57,206
55,126
55,265
10,452
15,317
259,200
10,387
106,312
4,218
24,219
231,623
30,115
84,95
163,128
50,22
1896,174
2896,430
24,143
101,315
15,341
9,385
23,230
107,257
395,496
6,19
11,288
52,965
264,235
5,210
20,225
15,17
20,277
7,413
55,325
9,222
41,235
117,474
15,219
141,307
23,82
23,154
58,285
104,364
68,258
31,131
21,616
160,5
52,43
358,27
6,65
75,22
26,164
16,86
14,120
7,146
9,239
77,211
62,308
72,210
14,365
23,203
12,44
6,259
22,194
7,149
20,126
10,278
9,244
7,302
437,566
3655,189
3656,104
3660,93
3670,89
3661,108
3659,59
10,19
208,146
13,767
196,152
58,203
96,104
11,280
15,102
93,66
81,318
78,258
9,395
6,243
11,269
29,171
12,503
32,278
579,191
605,396
26,109
14,386
66,23
13,95
137,448
76,55
13,136
19,239
262,547
44,36
10,167
42,345
877,229
1049,199
17,259
14,476
43,264
18,371
19,352
155,31
6,87
281,214
7,170
372,31
37,184
19,72
251,329
10,63
195,751
43,34
191,181
11,768
32,767
67,429
46,167
25,676
19,135
25,160
25,291
64,98
68,120
36,290
12,404
17,354
1576,596
8,89
16,24
42,265
140,64
14,577
16,479
83,84
18,490
174,543
26,294
16,278
15,432
6,281
11,146
20,245
1855,769
4,229
135,220
21,320
5,195
404,90
30,116
9,212
10,498
8,372
31,516
9,58
47,101
26,100
911,125
9,99
35,256
253,296
1774,284
37,314
192,400
5,9
74,264
9,134
13,568
21,711
384,262
12,154
1662,645
24,47
11,416
18,26
47,239
25,10
184,243
1547,653
1500,7
19,357
9,187
8,415
20,371
445,233
14,165
18,52
9,145
28,157
50,318
10,257
9,28
5,70
6,318
93,103
163,411
19,357
39,306
90,248
94,392
37,438
13,157
18,245
37,20
1479,272
3936,164
2427,190
12,112
59,253
12,192
34,231
10,327
23,36
19,433
116,479
25,582
51,253
32,214
31,563
229,275
94,232
17,302
14,223
27,289
211,766
10,253
10,291
16,388
6,280
363,249
142,75
7,525
26,403
14,252
19,62
116,769
21,11
35,163
327,478
180,349
136,140
33,383
50,710
10,256
9,258
12,170
30,258
32,158
41,180
42,97
15,664
264,94
13,263
17,392
108,127
24,257
4,186
17,420
132,644
7,197
50,311
649,24
80,290
96,163
299,111
23,313
12,349
12,315
33,177
39,479
10,264
15,600
261,129
77,383
761,376
40,770
230,323
971,344
10,218
48,382
212,97
13,15
29,335
67,339
39,82
73,186
20,767
16,280
6,134
180,732
7,129
543,699
20,92
5,679
16,111
33,178
14,349
6,398
22,30
12,94
262,187
239,467
8,327
41,520
119,530
10,193
8,216
12,155
578,571
7,387
17,58
32,251
75,364
18,89
173,362
366,492
487,57
455,198
12,268
104,26
128,767
6,66
94,165
108,411
147,315
8,189
15,140
164,247
10,263
31,206
6,217
167,247
22,329
21,242
34,418
15,424
8,247
5,47
45,316
18,245
13,333
6,72
11,145
10,23
258,308
613,590
115,606
67,311
41,274
6,177
27,53
84,769
40,767
6,77
7,180
20,309
10,94
271,208
19,361
8,122
72,269
25,94
5,23
5,271
10,71
16,321
36,292
35,767
40,27
18,152
9,253
247,327
20,759
65,239
26,202
39,232
907,46
910,4
6,390
1326,96
100,64
6,264
16,506
88,414
18,97
50,101
11,325
107,67
17,309
10,172
20,237
59,54
72,767
40,63
16,302
9,342
21,393
223,232
22,140
29,287
19,132
9,54
441,103
14,165
471,365
269,126
112,767
299,204
17,180
39,8
12,390
6,82
7,358
11,100
6,89
25,376
28,378
11,228
286,155
8,448
20,251
70,631
7,129
543,699
15,358
43,175
26,171
6,89
10,47
15,52
138,470
12,169
21,245
558,483
13,205
18,37
27,86
177,42
37,79
41,499
21,507
1346,64
8,382
34,23
53,187
115,492
12,144
62,392
27,647
15,297
3009,229
2810,367
82,271
22,116
93,311
18,70
44,5
36,332
10,214
26,418
18,581
55,265
14,325
72,24
668,190
144,306
886,728
23,216
11,98
37,349
2411,339
827,275
1122,316
492,278
915,375
214,268
2527,768
4,124
16,261
1240,180
386,102
17,436
15,184
63,154
163,212
43,255
11,545
29,422
23,632
84,69
13,620
9,660
16,511
109,347
262,375
27,402
22,331
17,363
216,584
15,656
33,726
18,637
23,147
22,105
1855,221
195,9
70,479
13,244
19,158
69,283
51,267
22,389
21,48
14,203
43,456
27,236
16,625
31,191
6,60
455,33
14,249
34,166
65,39
54,584
222,89
341,201
30,309
351,469
561,290
15,326
1498,549
640,93
100,79
75,145
6,182
84,650
30,367
708,500
410,252
251,514
212,178
20,197
13,340
949,112
16,579
625,635
1915,177
296,373
408,166
45,534
252,437
229,586
16,266
24,111
5,162
9,191
12,259
24,14
24,373
13,243
1553,54
108,270
166,119
188,265
12,308
1094,769
488,661
385,454
440,143
45,300
99,72
10,178
291,562
17,251
9,239
6,167
112,552
174,96
10,595
15,91
14,245
10,230
336,556
66,631
22,193
34,330
7,427
18,642
492,78
35,710
12,654
9,53
217,177
456,216
6,18
18,362
218,767
59,226
7,249
47,17
24,400
387,320
14,51
12,115
12,300
50,138
23,299
18,145
11,275
20,144
15,91
11,312
88,338
782,53
18,272
46,279
409,212
19,339
2074,627
9,203
137,63
24,479
25,207
127,794
19,95
1069,166
68,69
116,161
382,463
7,11
36,56
29,155
29,196
36,194
53,179
633,273
10,110
84,357
12,347
767,272
12,552
27,208
7,141
36,357
14,188
53,57
554,354
17,165
12,203
2690,537
1015,494
135,145
9,124
8,261
104,28
18,289
4,70
13,266
16,89
4,245
56,692
13,218
182,320
70,441
13,234
16,43
85,97
26,196
60,32
77,281
43,112
12,131
7,258
237,94
8,698
36,708
47,320
17,599
46,110
9,21
15,19
11,362
266,137
34,116
33,504
12,580
13,284
12,162
42,26
178,767
7,17
49,428
152,764
10,200
16,767
48,394
9,279
940,504
255,234
485,225
1699,23
70,167
23,234
15,235
7,375
417,43
20,127
23,481
9,365
27,441
664,585
62,434
24,335
12,27
733,292
2513,686
38,166
5,45
2077,487
132,588
24,273
11,526
14,256
234,314
25,138
683,139
22,252
141,343
16,259
18,347
11,255
21,264
11,701
27,393
113,125
36,547
26,274
15,607
41,57
10,13
80,522
16,25
16,246
48,170
15,767
21,618
159,29
37,53
19,375
15,234
25,409
11,280
173,333
209,350
4,118
82,5
4,327
17,345
158,768
7,47
37,380
490,767
335,172
17,331
28,67
6,205
24,188
13,316
14,167
18,190
54,173
67,257
32,600
9,237
15,207
9,353
45,32
10,372
13,470
38,203
24,35
429,40
1498,61
38,451
213,450
10,311
225,380
818,31
38,384
7,31
433,229
20,122
13,690
2068,281
2072,316
96,367
109,132
10,179
42,293
5,44
14,394
18,311
31,333
81,17
23,117
28,487
279,426
32,183
56,438
35,446
8,416
50,545
111,342
4,170
56,63
83,295
11,133
25,249
11,329
29,9
157,233
48,169
24,473
5,123
523,607
9,120
9,27
3267,222
2847,167
14,543
247,733
8,283
33,163
10,246
77,518
41,310
13,328
105,437
322,288
15,126
15,363
13,39
20,293
30,328
20,105
42,297
77,109
9,218
56,425
25,440
5,114
171,478
70,76
7,92
9,210
10,304
7,61
20,357
41,94
895,191
81,438
56,89
120,87
19,244
81,249
22,334
146,334
492,297
18,168
12,266
6,140
261,256
14,140
99,182
75,115
11,18
19,767
10,195
6,23
7,105
339,328
31,582
9,288
37,141
24,39
2509,182
2889,224
2549,315
2520,192
651,349
232,621
26,469
18,199
39,31
6,116
20,553
18,261
181,543
52,333
2841,150
565,237
93,307
36,616
83,138
18,575
23,324
1121,468
776,430
6,257
72,271
27,342
47,362
32,128
54,635
28,249
5,29
13,316
142,112
6,38
15,445
290,670
16,215
15,79
13,324
210,241
959,4
16,229
29,237
54,23
12,306
15,313
20,491
4,16
10,39
13,343
3237,346
175,442
22,446
112,357
50,273
19,342
1330,544
8,166
75,332
14,448
611,59
977,363
1103,305
22,385
71,210
91,113
9,365
10,9
55,545
12,385
16,482
13,38
11,587
8,639
80,107
24,326
8,342
8,110
4,761
20,277
1532,164
13,237
42,178
25,358
9,179
14,262
22,194
1006,588
27,659
10,110
8,247
5,208
41,285
17,174
61,767
56,581
28,395
535,765
15,209
128,293
63,172
12,38
8,246
69,399
11,289
1282,294
65,248
77,515
15,159
735,17
35,260
25,133
22,98
127,192
24,191
80,351
7,45
880,141
4,58
104,149
1076,767
1186,461
12,260
10,44
8,318
47,422
9,302
118,182
7,95
44,162
22,46
117,708
33,536
58,404
1613,291
359,180
108,259
7,217
28,280
65,392
26,275
21,123
160,232
13,74
8,95
34,554
146,234
99,150
9,4
30,90
46,235
6,342
87,146
9,34
216,102
23,288
6,645
8,312
321,479
4,273
24,770
6,776
19,291
13,202
75,301
82,229
14,41
13,403
42,33
107,681
15,76
173,443
9,62
11,106
435,138
15,104
53,290
40,314
13,156
189,36
984,493
295,92
1056,732
649,364
9,497
22,767
278,282
10,283
26,114
44,72
13,215
47,280
15,100
17,49
12,383
11,116
15,249
23,215
72,194
32,134
20,433
370,316
4,345
16,316
56,31
36,609
285,182
42,330
4,62
446,31
4,149
112,103
5,43
24,378
13,429
6,30
638,29
1888,167
238,260
260,619
15,769
51,344
18,622
6,202
9,21
176,28
1645,61
600,767
1245,167
11,246
16,361
109,694
34,183
17,265
927,579
68,370
8,274
12,234
22,418
8,168
18,294
7,30
41,669
343,507
11,442
7,55
17,266
6,279
361,767
20,289
152,301
232,451
29,171
7,126
25,188
8,77
9,25
9,328
184,158
15,229
39,444
23,660
18,24
1231,370
1585,272
1443,251
48,145
95,275
7,102
34,244
19,648
24,573
7,205
15,375
29,188
5,8
23,337
17,281
7,354
8,66
13,191
48,213
36,133
4,386
5,23
31,761
411,23
349,33
67,732
15,460
19,62
25,226
10,159
5,258
16,587
60,55
43,25
6,57
24,64
371,382
111,251
200,141
88,767
21,42
19,192
12,256
12,233
455,505
94,547
749,265
608,239
6,83
11,164
168,292
551,146
2371,425
2455,377
435,91
45,32
15,159
355,327
2063,69
43,99
9,202
375,198
5,253
19,417
19,301
382,581
25,128
49,37
544,85
1343,31
764,31
613,33
869,29
154,711
7,413
67,531
1058,148
1002,639
920,525
916,481
924,592
507,643
642,198
655,635
664,216
33,92
534,386
664,144
111,289
383,509
53,315
13,229
2536,153
15,308
15,180
75,163
171,228
1055,436
443,396
519,100
10,304
9,27
39,387
21,402
7,329
9,8
7,238
38,78
1510,361
6,97
11,105
58,91
9,238
1572,501
13,196
14,313
280,96
340,157
7,695
41,144
9,371
19,419
83,236
11,16
732,76
16,119
58,93
9,403
38,514
5,16
5,10
13,250
9,263
9,268
11,23
14,59
3359,367
36,85
45,115
442,142
25,314
27,493
331,176
3181,198
5,69
42,41
38,342
786,279
48,53
2043,135
81,432
13,529
11,233
18,211
46,766
95,278
22,172
9,251
8,664
150,202
26,393
393,183
124,542
535,295
23,492
11,134
20,34
33,494
4,104
32,419
5,75
24,573
268,693
11,115
15,164
41,34
57,242
6,371
20,15
16,370
17,435
30,466
19,244
652,44
18,378
34,566
59,748
207,232
8,204
15,45
225,140
12,533
21,251
233,44
264,314
259,455
26,63
226,378
10,110
19,351
64,103
28,203
1900,537
9,257
12,268
75,40
124,44
70,227
51,6
89,79
81,22
55,168
209,37
17,304
938,259
15,78
914,157
1034,118
95,94
135,767
10,282
87,275
5,407
14,291
13,330
39,276
284,377
11,66
28,463
99,476
37,24
88,371
24,354
23,432
15,323
99,290
12,58
16,361
24,418
42,285
43,428
5,12
8,43
55,32
800,25
1030,106
1041,47
25,387
50,133
41,128
12,289
6,61
11,276
79,237
21,274
119,124
2701,134
5,72
15,195
472,170
5,27
38,67
7,354
86,673
7,274
14,78
37,487
60,285
22,107
11,518
3969,536
86,231
15,110
6,530
75,158
12,381
15,296
22,58
11,301
30,148
32,292
6,237
26,192
16,388
53,315
53,208
11,116
14,179
34,260
116,138
19,417
25,233
74,133
18,244
205,595
6,230
1498,549
79,272
227,420
20,23
1494,52
1973,67
1205,64
1989,29
936,457
659,249
197,310
627,102
19,34
19,7
8,253
6,269
19,311
128,179
7,231
703,405
14,169
11,159
88,626
11,212
123,50
756,767
18,183
48,136
39,320
40,268
114,5
688,725
696,582
14,373
15,116
16,186
12,316
20,286
13,595
30,10
1547,262
93,150
41,271
175,334
23,361
6,290
34,153
40,439
26,372
982,449
989,678
178,314
7,220
39,768
44,407
8,33
307,235
18,260
78,651
61,59
114,656
15,342
36,383
67,238
11,261
16,156
27,99
17,266
916,599
29,771
23,423
566,781
620,247
127,566
6,217
6,63
41,31
13,137
56,351
42,140
48,316
197,231
599,137
9,123
13,459
28,347
18,350
726,345
28,259
36,459
10,112
7,531
40,413
12,420
6,199
963,159
125,596
236,506
120,284
23,49
1715,627
76,755
57,94
24,316
232,359
14,257
38,311
23,213
46,276
176,91
85,227
171,242
6,175
350,667
87,607
31,187
24,656
1697,221
6,398
70,59
947,163
525,321
2617,201
1371,228
1210,233
1888,181
236,216
356,486
144,682
88,101
104,132
107,84
456,57
2673,214
1923,227
1887,216
52,269
461,767
2263,243
3078,140
10,288
13,361
5,230
13,161
106,264
203,63
11,135
45,171
159,273
52,282
16,214
94,165
16,426
2190,266
15,148
20,762
71,321
127,57
1034,252
340,213
1667,126
703,82
1782,107
1582,73
828,199
309,89
321,188
1681,98
654,96
669,88
1487,146
424,117
537,117
1228,188
827,78
1245,99
977,68
605,225
310,146
700,335
964,479
547,774
18,485
24,408
12,91
19,147
40,181
2277,328
13,305
20,360
27,75
12,286
57,154
20,301
35,185
100,452
65,56
26,377
20,154
11,361
106,264
203,63
153,195
405,101
38,284
854,606
590,217
205,509
8,148
18,576
70,224
13,364
188,412
1444,768
31,219
7,17
12,194
109,527
34,177
15,192
18,272
11,194
2403,281
63,630
44,177
143,74
2671,434
124,272
18,767
22,349
315,24
17,305
18,321
18,342
7,582
18,39
11,155
197,121
9,294
10,482
1118,32
1375,188
3295,167
69,457
386,454
12,34
426,723
3164,35
2912,212
3026,193
12,373
4,205
164,205
2003,774
12,62
38,157
24,238
9,165
12,269
52,623
169,170
18,578
12,31
8,283
24,234
4,162
14,313
8,371
10,117
20,520
7,184
14,71
40,615
5,124
40,64
8,271
15,382
133,39
149,337
138,251
60,411
230,449
476,448
32,293
14,156
240,691
1880,769
8,199
45,231
16,225
29,171
48,441
29,239
253,114
13,189
118,739
105,589
11,323
13,317
9,111
21,417
12,170
13,258
337,64
5,173
84,728
721,170
6,344
4,19
15,154
11,31
1628,174
18,255
14,208
14,42
4,21
14,388
15,83
262,757
83,465
65,26
16,337
5,131
1114,286
1093,239
392,433
11,269
203,624
11,574
5,29
70,247
31,300
401,87
88,196
556,398
80,423
29,301
63,45
327,93
17,258
208,216
646,104
10,186
77,768
75,498
8,230
17,349
243,338
43,161
21,166
20,208
10,88
1417,655
259,198
27,161
10,185
14,71
654,275
9,87
12,133
106,766
1073,14
108,448
92,409
14,87
210,455
212,101
53,25
96,7
6,91
68,74
222,444
19,301
425,173
416,166
32,149
14,425
40,42
19,232
36,342
7,401
60,118
9,35
22,14
80,260
18,70
21,596
52,167
14,284
17,543
39,342
136,276
14,120
39,834
86,446
59,430
19,189
32,233
28,243
25,358
11,228
13,82
9,384
26,320
4,767
6,83
54,260
43,171
22,222
16,216
10,160
7,96
21,330
103,713
44,28
92,67
9,282
473,147
170,24
5,123
15,203
7,78
15,391
27,370
21,224
126,467
751,726
20,395
144,527
8,38
179,232
7,32
36,366
300,298
14,213
153,467
166,710
240,260
54,474
23,136
518,89
9,169
26,416
4,26
789,299
1970,18
1970,250
1042,279
113,74
125,486
27,79
10,113
204,273
10,108
16,132
19,121
13,249
80,260
68,33
24,22
27,502
23,167
7,83
151,256
51,212
794,345
797,345
797,335
11,455
2763,269
402,565
482,384
5,86
435,470
1371,183
7,205
8,632
8,41
62,461
145,42
1663,193
11,293
14,313
27,521
23,172
8,83
57,265
7,302
10,723
10,110
11,388
18,148
89,215
117,321
14,127
20,329
86,726
20,466
37,581
212,656
304,166
23,33
142,63
7,83
17,390
8,210
88,522
8,266
9,20
95,57
48,307
15,127
22,342
49,380
279,258
34,429
21,431
10,32
2181,769
12,209
8,177
48,296
11,224
22,372
43,166
23,27
37,78
20,294
28,198
18,150
5,197
5,233
36,446
1094,769
488,661
385,454
8,181
24,28
59,406
36,449
319,67
28,415
10,140
8,336
9,125
11,30
71,769
282,376
35,213
103,398
16,115
14,253
344,329
44,231
30,317
329,140
76,7
27,418
15,118
70,309
33,446
67,427
97,572
88,368
722,68
104,296
1875,35
13,444
47,338
56,654
59,321
58,623
57,43
82,452
22,201
78,11
47,86
18,299
6,47
566,7
7,183
874,689
87,183
18,726
6,233
176,18
24,242
37,29
16,214
6,25
20,91
25,684
471,242
18,122
29,673
14,519
11,242
4,236
54,502
883,681
351,317
251,224
189,773
563,137
633,406
11,307
6,133
64,527
14,265
6,274
64,616
41,205
9,262
13,280
96,97
22,171
61,638
342,277
11,92
10,479
40,277
49,240
201,269
17,286
40,61
117,12
28,177
117,24
13,73
15,145
13,258
10,65
109,65
10,357
10,86
6,22
2248,292
15,327
35,767
217,350
21,64
23,328
9,526
260,226
17,647
5,353
72,357
12,369
49,386
23,83
22,279
10,363
1023,57
28,41
1818,552
29,42
2505,161
542,767
8,238
9,193
4,60
8,160
24,635
609,496
8,18
47,92
21,267
37,120
7,330
10,109
16,244
8,11
408,33
40,244
803,261
381,634
67,656
14,409
441,43
12,60
141,156
187,39
88,249
8,273
6,180
15,280
34,145
7,240
16,375
36,314
39,299
550,435
17,59
20,286
138,767
13,25
122,282
14,260
33,348
9,15
11,79
27,100
547,505
377,190
178,363
16,76
7,203
5,226
23,215
207,276
6,5
28,582
25,40
11,412
511,11
8,165
7,99
19,170
4,453
7,252
42,767
12,130
38,106
53,102
91,521
401,265
24,254
6,178
127,674
15,404
24,268
17,214
11,189
160,585
27,65
18,296
522,175
267,556
8,246
11,391
22,199
76,400
219,288
605,54
257,232
80,112
310,306
37,447
15,320
62,406
14,267
1514,167
154,607
29,375
30,769
85,86
45,287
15,230
500,376
144,765
17,329
86,293
10,276
166,178
24,213
9,84
59,92
6,304
21,216
8,359
41,403
56,539
11,120
5,38
57,97
28,252
64,362
70,769
59,391
36,377
13,116
17,350
60,599
34,300
4,38
31,87
245,272
9,153
786,268
14,479
9,176
119,385
12,203
12,170
23,683
9,293
37,202
338,361
21,78
49,314
72,432
151,490
81,605
28,371
80,354
72,457
13,272
143,244
268,108
7,114
26,70
19,274
10,42
186,461
17,93
7,234
49,513
2423,121
83,40
620,546
12,296
15,22
12,28
63,357
14,393
10,60
7,139
21,286
22,29
19,412
1517,261
12,479
23,172
63,433
8,235
29,21
199,392
75,243
5,119
16,16
14,184
14,266
469,127
15,360
90,622
23,257
38,283
48,297
30,565
9,306
19,80
29,335
71,48
10,521
420,333
14,395
15,302
55,254
357,409
19,296
26,316
44,24
1160,345
1618,359
3637,377
2213,251
1807,315
478,295
279,40
13,768
12,192
208,245
13,229
8,90
16,385
167,294
4,202
8,175
60,595
92,582
38,355
10,99
17,159
28,687
6,278
28,415
24,240
48,303
43,24
21,492
74,307
174,279
30,768
5,205
252,504
101,195
319,332
31,538
115,286
20,162
92,768
4,26
45,147
230,309
21,90
10,188
2779,134
12,66
56,122
426,537
22,441
49,772
54,255
10,336
19,363
34,28
1148,628
118,494
18,226
166,247
100,102
1174,69
40,182
878,17
5,214
19,279
17,128
16,332
66,194
53,73
10,436
13,569
13,303
7,107
14,370
6,23
387,527
54,399
152,213
7,305
62,433
54,260
139,444
34,337
17,80
17,413
63,269
187,284
20,234
7,241
34,715
59,159
9,181
5,168
53,178
52,206
65,121
100,770
29,346
50,344
10,357
15,376
11,297
653,672
11,35
29,122
263,32
28,504
8,177
8,8
7,607
14,120
370,323
328,58
46,180
412,524
128,251
7,313
29,313
8,368
42,175
7,19
33,156
615,305
39,345
61,8
30,56
14,395
15,638
251,379
42,157
18,331
48,568
141,11
7,117
156,127
20,126
32,337
94,226
148,70
21,413
660,494
230,209
18,371
65,660
54,325
38,695
12,282
56,159
64,220
23,85
128,94
238,246
12,156
51,237
2923,249
43,205
65,479
207,462
10,196
404,204
14,315
2701,766
62,197
17,371
28,243
15,220
1568,51
1571,28
58,768
51,49
68,133
803,128
19,343
965,205
924,201
299,326
311,234
17,352
8,25
2272,395
73,169
499,155
24,325
6,97
197,106
15,45
1171,15
23,128
210,96
13,768
150,500
738,289
7,41
39,379
4,97
10,266
29,251
23,308
34,482
34,621
21,262
89,616
14,95
57,463
542,94
69,74
202,70
20,187
1048,407
1009,383
1070,396
1041,468
16,169
12,412
15,208
19,244
32,280
10,208
11,267
257,217
18,1690
20,434
13,314
150,164
126,328
20,530
19,238
27,216
5,373
606,303
21,21
22,235
1641,246
137,285
335,322
308,630
160,124
15,225
4,285
6,272
7,140
25,213
18,524
10,262
27,371
18,102
63,172
13,118
46,160
62,667
17,645
12,326
890,736
8,239
34,283
15,331
897,166
6,336
286,228
86,741
366,319
4,525
17,431
18,41
17,240
7,197
12,507
76,111
128,251
11,144
52,604
551,393
39,309
13,515
10,226
102,68
610,396
758,104
6,26
19,235
12,627
14,291
32,218
13,183
130,73
13,371
12,273
35,143
22,91
16,325
14,137
26,602
9,169
77,457
5,36
8,276
16,29
48,302
18,249
49,356
55,444
43,274
25,222
152,361
25,157
113,104
99,116
7,223
18,191
517,767
1145,767
10,246
29,124
477,198
32,39
37,22
10,34
102,157
17,147
45,10
20,326
9,168
12,628
34,490
16,350
76,14
24,314
7,199
155,287
6,39
34,151
1817,164
7,21
10,62
16,137
18,152
216,91
40,45
11,149
27,324
14,323
88,320
216,97
1361,400
28,422
29,247
9,256
26,477
6,361
1394,292
66,115
2001,352
385,514
8,335
35,443
157,160
316,351
17,283
35,505
9,260
955,239
20,146
2884,231
2874,159
2889,233
273,682
1855,769
38,215
1001,436
891,28
49,333
7,297
166,371
259,343
45,32
68,376
15,272
34,26
28,297
6,247
7,100
62,377
16,133
29,108
6,145
252,596
16,304
21,411
15,362
45,305
9,150
42,41
8,151
42,357
15,132
6413,84
6419,367
20,179
15,297
160,766
22,79
9,19
139,82
351,378
329,109
11,94
338,562
684,478
373,462
171,424
121,142
248,274
38,535
28,55
505,354
549,522
646,406
544,402
1031,701
108,315
91,244
83,84
13,335
109,65
84,364
20,231
61,153
39,458
174,209
114,359
11,53
129,241
28,226
1933,158
8,105
6,250
7,181
12,4
46,374
11,140
67,317
31,36
9,62
24,583
17,258
56,246
128,247
214,552
127,14
6,289
54,186
9,121
381,423
654,580
25,722
24,81
385,384
218,302
45,88
227,331
408,224
14,507
453,401
37,212
28,391
30,218
17,76
70,571
69,232
167,450
23,160
23,389
4,445
92,283
9,263
11,235
70,359
15,452
341,27
13,286
12,154
15,252
9,348
25,351
5,69
16,284
69,213
10,300
8,385
10,104
29,251
11,227
2592,329
91,33
5,121
1570,298
1993,320
1880,349
38,171
12,218
11,102
205,60
347,33
1121,492
16,245
10,723
17,141
1104,570
21,16
13,161
16,242
166,582
16,366
57,253
32,356
118,260
9,428
12,210
57,72
272,284
10,309
44,539
332,72
65,189
57,729
25,114
13,114
37,324
4,287
4,98
18,221
113,584
38,230
299,475
13,358
17,11
19,184
64,446
465,69
87,354
36,114
10,98
24,28
69,234
8,89
13,183
21,204
13,360
70,589
87,464
25,177
93,404
14,102
61,58
34,208
31,521
30,161
33,298
52,287
31,357
8,375
111,39
22,284
2177,534
2366,369
1415,464
1424,767
1090,474
2281,505
102,274
159,18
6,194
626,239
628,127
27,113
100,215
40,164
26,82
16,119
320,430
61,125
27,208
50,46
194,576
93,6
79,554
32,27
12,344
68,175
10,433
16,496
42,508
1362,115
27,294
15,223
11,210
46,366
416,619
9,23
4,36
30,112
48,302
153,12
20,766
127,139
27,242
14,266
8,104
8,371
18,264
161,668
9,80
14,307
15,124
18,344
5,191
13,156
11,603
10,235
12,291
468,414
113,108
11,709
20,230
83,32
105,647
12,264
59,148
23,311
229,769
12,110
28,321
15,260
17,119
22,16
18,339
5,30
16,494
273,767
143,299
17,110
41,547
21,196
871,635
560,205
19,375
11,440
94,165
606,481
19,768
37,206
415,527
136,283
26,62
27,468
23,18
27,170
31,582
520,637
42,427
5,183
43,663
29,293
11,166
11,311
41,88
155,384
15,460
495,183
448,278
14,121
41,202
714,292
26,564
247,516
40,372
86,184
12,6
31,582
16,202
160,311
5,297
12,200
68,278
26,200
341,135
20,350
418,473
25,178
8,100
186,147
17,247
30,547
10,478
57,377
2079,653
20,524
7,429
73,565
17,43
7,29
5,81
66,380
7,387
233,238
462,73
261,735
341,192
87,150
3951,76
3971,271
3984,474
4017,607
3251,542
4016,209
23,27
15,326
75,339
12,448
25,600
177,291
21,31
13,311
6,249
118,147
6,206
10,148
62,42
326,387
3343,352
738,385
311,234
20,224
10,457
54,113
25,149
142,175
92,583
53,366
33,34
127,735
9,17
34,430
11,182
10,273
14,292
10,330
23,124
77,261
9,267
26,220
5,48
13,312
1493,768
40,640
434,650
65,434
19,65
28,153
16,226
87,121
863,767
62,279
10,321
9,156
75,767
23,392
17,219
30,271
35,390
37,327
34,381
1571,158
20,39
149,37
13,620
5,242
10,196
8,225
4,112
270,628
9,327
38,444
373,79
29,311
25,418
364,342
9,325
26,357
75,435
24,349
13,191
21,131
39,458
8,451
26,198
22,514
10,207
524,121
1008,79
42,390
15,224
17,221
38,56
31,24
28,41
93,113
16,630
5,358
355,612
25,188
19,333
51,509
20,27
182,181
955,226
32,275
16,517
7,157
184,399
14,381
11,219
12,223
13,332
26,330
7,132
269,160
278,320
263,41
137,198
17,195
151,126
1527,145
284,525
533,747
17,239
49,413
855,8
20,170
566,39
10,182
226,202
74,371
41,80
54,424
11,49
469,168
10,211
7,144
79,436
392,511
28,61
8,166
257,768
13,105
9,97
18,251
183,126
25,343
86,358
944,66
18,244
22,334
172,76
741,772
11,226
114,224
6,87
8,199
7,78
7,337
18,203
13,64
20,292
56,66
21,353
14,33
10,192
7,7
20,381
48,104
628,349
559,392
362,424
15,234
9,284
24,278
523,93
16,160
25,452
16,291
277,192
19,304
12,707
343,205
128,308
5,24
12,81
487,143
308,420
7,136
30,768
135,294
9,117
201,406
14,266
29,180
19,151
17,57
9,362
110,472
27,195
42,770
77,376
14,112
125,242
12,236
31,354
14,285
46,354
182,38
8,356
232,220
23,214
26,353
18,318
15,91
44,116
17,299
18,234
29,358
87,347
17,160
10,27
34,133
19,232
9,28
35,168
11,202
6,14
325,37
307,17
49,445
30,220
67,25
36,130
983,178
21,349
72,88
392,326
10,98
10,341
16,121
657,485
48,334
126,183
55,129
88,450
34,46
100,128
11,389
323,374
165,142
179,51
10,307
22,59
19,350
8,173
15,214
77,372
490,534
15,305
7,147
25,772
8,56
1054,769
10,217
6,114
194,522
127,11
9,285
39,143
18,733
19,87
17,106
15,318
86,24
93,291
150,84
156,38
226,184
19,211
19,253
13,730
14,152
347,135
21,218
9,520
20,597
5,360
592,396
15,93
412,272
52,352
534,126
7,39
67,473
10,105
10,609
8148,9
305,244
52,352
25,255
5,162
12,50
4,53
9,767
5,124
54,23
140,360
6,229
5,302
9,63
8,42
75,99
179,172
337,331
127,90
13,87
53,435
32,365
22,148
76,270
6,127
8,71
377,679
4,64
31,689
24,400
118,494
6,523
291,767
75,259
2496,704
95,205
11,313
8,127
18,486
128,127
31,98
22,319
22,275
748,366
10,353
97,307
69,79
100,87
1983,325
167,206
9,390
19,204
16,206
35,530
344,767
11,14
7,210
7,110
112,495
12,229
88,218
48,363
19,400
37,181
2029,766
8,600
146,353
180,220
22,200
15,287
666,50
138,110
97,28
253,250
809,99
2556,67
1173,36
661,310
3135,85
16,327
14,95
17,112
394,75
37,468
13,25
33,247
11,429
33,302
12,379
52,373
57,588
38,658
19,273
17,773
288,256
363,524
819,277
42,577
18,367
23,49
1715,627
76,755
57,94
1603,693
79,619
22,252
12,11
21,53
2165,355
115,77
39,242
33,90
12,446
41,403
28,25
12,124
2035,262
1458,195
881,256
2792,143
2485,30
3565,25
29,122
957,766
93,128
6,422
74,49
25,88
6,364
9,770
8,235
350,447
830,151
464,463
726,525
576,680
596,722
58,90
7,62
6,93
31,24
25,12
22,453
12,293
179,204
27,208
30,233
18,102
4,225
1309,413
60,336
118,217
276,112
11,66
20,94
7,393
54,57
9,120
27,228
249,98
304,147
23,302
126,669
41,238
6,322
15,769
79,475
8,192
41,767
80,166
97,204
2176,6
27,125
9,252
14,230
382,172
728,18
430,264
495,527
768,10
186,767
9,449
18,610
11,151
234,767
198,525
71,305
84,42
17,294
976,412
1926,279
1942,58
1946,167
537,91
1072,299
150,148
17,445
246,230
5,606
51,208
9,23
12,112
10,194
13,137
31,51
39,131
14,31
6,31
83,198
794,615
845,600
894,601
11,27
864,599
6,168
26,250
36,243
503,260
31,432
27,577
108,25
4,176
1561,603
246,583
166,116
99,87
23,21
43,769
2037,491
506,269
170,152
85,201
368,78
1350,308
2042,309
93,486
254,52
6,361
30,125
81,340
222,404
58,353
11,24
10,454
4,401
7,114
17,230
112,767
44,421
64,199
13,284
49,107
40,61
6,161
374,266
2163,201
2627,224
271,395
3540,130
2587,262
2395,326
1807,193
2427,163
1777,182
2188,146
2326,163
3028,137
1811,157
1686,196
2100,196
2939,215
5,186
16,407
5,154
43,124
42,466
18,105
13,289
14,243
10,284
82,76
40,559
228,104
4,185
4,219
6,252
3457,730
14,207
40,122
16,255
28,64
16,49
14,341
76,255
415,255
7,247
11,174
8,274
625,375
625,375
40,259
14,282
32,766
73,328
1075,103
27,193
18,387
7,175
9,194
8,436
88,22
663,259
11,222
7,177
11,163
27,671
4,24
10,34
1261,767
9,146
11,448
8,397
6,314
57,446
5,100
533,250
1926,371
7,17
265,125
25,329
15,456
1034,91
17,344
18,177
154,398
47,80
51,82
366,164
9,221
62,349
36,424
15,320
79,527
15,413
8,351
5526,400
3534,30
3571,357
1608,149
17,388
19,702
156,127
60,741
7,156
7,83
96,15
8,100
264,249
6,432
7,91
23,208
18,192
20,96
39,98
12,189
74,224
37,657
19,74
104,397
31,418
60,245
52,165
243,467
11,53
13,317
34,148
23,389
2549,146
2122,201
2346,231
2571,194
31,325
8,371
48,264
7,549
1260,391
506,287
850,246
1281,248
1276,251
943,116
46,71
70,274
13,116
14,280
217,113
16,34
15,274
70,671
8,251
5,432
751,362
8,47
32,427
6,93
9,179
124,449
126,335
35,267
57,462
8,767
23,265
9,466
475,313
4,40
180,390
219,110
19,400
177,96
1904,101
8,302
80,510
407,278
439,239
95,235
135,522
12,94
14,217
15,458
29,225
8,119
19,479
36,363
10,160
106,82
58,307
422,31
12,196
113,410
164,495
201,363
23,660
10,137
127,436
4,394
77,118
309,616
43,35
13,32
61,101
63,704
24,406
12,134
15,219
11,86
13,286
90,15
7,247
30,74
84,357
64,41
329,390
10,290
25,89
20,206
685,152
16,233
22,250
32,30
18,215
243,208
16,360
68,66
23,314
482,767
11,277
142,227
62,30
96,280
307,161
68,211
67,471
75,336
16,241
7,608
380,367
17,56
403,102
10,105
881,683
81,286
136,78
60,625
81,87
30,223
52,121
16,220
5,19
11,32
22,132
14,182
28,65
19,124
24,294
14,284
7,134
40,35
12,41
271,368
21,766
570,728
48,336
80,68
53,180
35,517
11,477
48,599
423,222
18,105
13,289
14,243
9,67
115,473
7,70
4,257
13,110
23,149
53,114
11,414
88,10
22,301
86,172
31,502
5,274
9,84
188,291
13,403
6,283
14,240
15,637
220,707
11,219
25,258
290,79
87,477
29,104
2596,9
33,456
14,131
14,203
9,133
15,411
10,768
906,761
84,748
18,458
1114,142
7,25
15,190
169,246
17,149
278,336
293,442
661,24
174,139
64,68
11,427
9,193
30,767
63,745
2999,722
5382,574
7433,186
5825,341
7825,307
109,418
118,438
6,201
15,178
113,135
608,567
62,540
13,230
24,298
20,253
40,375
22,571
3597,264
12,392
22,84
61,187
4,596
333,555
22,301
247,267
70,281
30,168
13,227
38,301
95,132
268,315
159,241
581,295
375,767
835,527
708,732
35,152
8,392
15,111
17,172
9,281
29,233
534,102
60,31
180,158
208,241
6,154
194,218
16,348
82,463
25,150
13,403
160,319
45,428
8,125
33,444
33,234
6,266
112,298
2361,12
5,101
12,228
22,172
50,363
7,295
52,179
240,28
583,714
227,222
1012,178
18,292
20,36
12,21
148,164
958,38
2045,98
21,133
45,48
9,212
44,21
29,44
2375,86
2664,362
314,193
419,213
109,418
118,438
36,233
10,307
14,105
16,305
680,240
15,169
32,235
23,716
168,59
8,41
20,106
38,351
14,450
13,91
57,86
507,113
59,278
6,98
181,86
12,48
8,12
94,302
12,325
126,174
214,28
103,308
22,53
26,300
196,386
13,261
22,291
1536,333
134,381
8,201
11,326
11,132
4,25
6,230
113,135
20,31
10,410
10,335
354,139
11,210
57,100
65,8
564,658
153,464
340,467
86,120
582,697
428,585
17,409
240,197
64,43
26,105
5,224
11,79
94,536
19,405
19,136
12,282
77,767
103,160
272,286
20,285
13,403
7,263
71,210
100,204
5,89
17,262
33,244
19,451
8,132
25,149
53,398
15,225
8,116
48,505
20,45
13,321
44,135
22,395
49,227
121,205
43,710
49,495
158,607
10,37
7,427
12,252
1106,33
1077,769
19,294
54,15
25,373
23,41
23,135
138,186
6,427
10,26
164,173
6,156
256,563
13,107
17,294
4,14
88,297
63,126
6,60
24,504
10,769
91,452
9,34
194,775
8,8
17,349
30,492
17,354
22,465
9,249
42,285
543,263
230,277
164,170
151,157
183,124
14,445
14,310
104,115
20,235
76,64
134,712
17,197
74,307
14,455
19,437
81,166
3790,216
8,354
10,605
75,189
13,236
83,364
327,495
42,20
263,33
11,325
15,400
2044,331
2045,769
23,63
61,369
84,772
10,313
12,110
39,314
22,446
24,250
9,35
12,265
8,130
197,73
543,175
490,365
12,398
13,273
494,344
368,190
483,76
947,145
969,84
7,81
320,240
36,465
2583,761
809,563
10,247
30,402
90,705
9,340
14,164
251,497
4,160
8,82
61,123
1052,139
18,5
9,509
189,773
147,54
257,207
11,270
124,767
16,107
65,177
8,333
23,83
21,95
18,642
266,387
8,156
22,319
6,313
415,387
6,24
81,47
124,392
619,323
40,268
14,189
9,181
11,134
15,312
9,167
9,217
7,91
11,455
170,472
31,487
15,317
249,104
337,140
612,179
575,156
914,156
274,101
77,425
197,338
44,141
16,201
58,13
18,381
5,192
32,412
10,12
151,228
72,448
100,95
181,12
22,102
47,477
166,105
393,135
25,117
266,322
332,549
1278,769
41,56
29,409
42,413
94,664
1427,300
1490,768
304,362
52,109
753,113
1646,168
523,5
22,309
50,465
7,224
43,200
272,308
22,183
37,139
32,264
38,198
143,255
11,401
371,291
169,151
15,315
23,226
102,94
4,126
14,365
6,251
15,209
16,275
23,275
11,157
12,112
1348,362
12,21
50,767
26,544
19,675
12,139
7,250
18,231
7,300
53,75
7,35
115,293
48,676
7,341
60,559
1312,438
1316,375
1321,318
1320,769
76,201
8,14
225,239
10,54
12,209
39,61
16,184
123,20
21,113
124,22
19,26
13,113
56,293
15,255
126,170
13,110
15,204
1075,74
247,488
9,438
9,346
119,491
94,165
199,381
7,308
11,168
7,36
11,483
13,249
6,12
29,533
23,201
2988,426
630,360
8,169
409,114
6,419
84,27
25,153
5,370
24,211
11,323
380,601
37,111
24,570
28,662
629,472
24,179
11,376
6,57
18,182
59,327
129,339
99,279
99,321
24,357
55,637
32,164
14,76
1398,200
16,165
45,235
799,459
1057,303
52,294
80,767
22,243
2845,198
31,312
96,767
24,39
28,238
29,432
118,293
47,312
919,28
1227,12
1474,23
1454,87
1302,164
1739,9
2192,7
1831,30
1907,19
2271,14
486,434
482,549
7,167
26,377
74,243
40,293
18,292
116,335
21,661
13,99
45,453
133,235
10,105
6,252
80,356
9,221
133,483
132,156
6,45
30,25
18,388
19,121
464,259
8,262
10,265
10,367
43,569
18,111
410,769
9,91
5,102
42,264
72,420
20,45
78,586
42,937
165,745
23,361
9,28
8,210
45,221
19,321
12,363
30,444
30,767
67,297
8,170
13,333
200,324
8,263
20,51
11,189
11,349
22,395
11,307
184,374
279,337
8,81
26,99
11,380
15,202
136,124
40,767
15,338
38,307
2860,110
2141,140
27,193
63,75
11,219
40,223
6,316
14,307
7,328
6,453
17,357
17,262
10,320
2070,364
47,337
91,747
7,479
16,284
1053,763
27,190
13,157
33,268
69,47
902,179
954,172
986,221
906,202
1008,208
782,192
824,131
1799,210
2684,113
2637,175
2402,133
2262,182
1843,52
2794,245
48,135
91,562
108,73
178,289
12,141
11,358
30,204
14,474
91,60
319,174
7,166
19,213
81,630
1100,663
18,373
16,446
328,9
88,58
15,211
22,329
9,245
30,493
11,254
53,284
373,288
57,91
38,492
12,210
34,392
493,359
22,292
23,244
10,177
38,290
271,529
9,78
14,272
13,28
26,247
21,278
15,369
25,130
10,195
15,417
6,71
5,513
7,195
61,293
87,483
69,42
17,398
19,338
729,458
11,332
7,232
12,320
1053,224
1074,312
1314,33
513,142
290,86
1567,190
21,39
5,31
1629,9
64,474
19,440
11,104
19,121
793,474
22,178
6,168
20,329
30,40
85,362
94,180
77,703
39,492
15,305
158,233
26,167
31,343
13,286
72,457
47,235
29,253
86,384
10,306
7,612
90,56
33,507
10,207
8,233
13,205
20,576
23,45
1336,116
1331,756
747,235
14,213
5,375
42,177
8,40
18,164
10,239
8,236
749,87
3882,230
37,131
5,43
82,408
8,216
10,21
12,270
7,116
15,311
24,598
4,10
212,613
8,116
69,533
782,325
23,501
152,213
6,173
9,83
43,132
65,350
142,303
64,279
1726,470
8,107
19,776
15,127
46,769
4,82
3238,268
14,260
216,123
34,70
9,144
33,43
142,309
5,73
206,306
9,452
21,630
54,158
9,333
2542,339
9,234
42,140
34,725
66,461
12,361
222,712
6,120
419,767
88,78
461,7
14,135
135,293
16,188
17,767
15,469
17,44
12,277
17,291
16,439
7,107
4,37
45,70
9,208
463,284
27,241
181,332
5,18
2251,171
11,263
15,463
16,767
14,436
9,119
10,200
35,79
19,179
21,416
23,449
22,25
11,309
8,52
23,493
53,439
194,267
10,135
25,294
27,252
8,171
16,363
9,285
37,95
2372,102
16,653
19,126
26,157
17,311
43,689
47,325
13,28
234,370
9,280
20,223
12,105
60,713
26,32
46,394
93,240
24,198
9,215
647,769
123,100
415,422
23,398
14,547
95,365
380,413
81,436
20,403
443,479
26,418
40,252
59,381
164,286
166,102
13,416
209,406
47,261
10,330
516,139
122,724
57,442
19,237
273,181
11,332
541,45
33,362
99,278
49,287
10,268
7,214
11,244
7,216
375,41
22,767
155,212
14,222
14,264
80,472
9,269
1662,645
309,572
29,35
10,318
14,598
48,590
26,200
129,339
171,283
52,39
15,63
14,52
256,273
24,276
29,274
83,412
47,121
181,245
207,110
28,8
69,268
8,48
35,285
7,336
75,238
402,434
98,169
10,316
52,159
88,553
41,767
12,141
4,176
25,107
1083,550
116,352
28,608
25,346
26,382
59,135
8,209
40,84
33,303
65,112
11,91
9,218
62,267
7,202
27,610
23,90
12,23
475,645
2233,6
2391,15
17,332
1801,11
1064,21
1405,11
875,24
1177,30
2176,12
2520,25
1877,11
1455,122
1896,13
197,102
2085,13
994,356
1618,28
1369,12
3500,88
1419,42
3053,12
1841,6
1318,10
1318,44
1230,33
1327,11
2093,16
2773,51
2898,6
2151,194
18,444
16,42
17,123
2018,163
15,383
21,313
30,245
81,243
13,208
41,35
105,350
9,129
11,588
7,315
7,266
395,438
13,158
249,149
158,57
13,84
137,248
244,665
36,445
131,39
11,172
1856,195
15,270
9,134
16,420
346,111
221,296
18,703
85,7
89,335
97,288
92,301
2486,57
297,692
23,60
18,318
225,126
193,609
7,189
3560,122
5184,695
578,280
3288,200
105,946
72,210
18,50
75,660
7,417
92,169
22,375
22,432
287,133
11,397
490,535
415,281
571,655
151,34
38,56
209,4
101,239
28,14
31,275
4,101
12,178
33,337
34,113
50,286
29,232
8,84
69,767
121,238
21,214
12,230
58,320
37,535
21,203
57,255
189,272
1812,270
41,299
67,242
13,143
69,461
25,676
21,209
251,284
203,298
16,499
17,317
16,519
31,183
43,110
7,234
632,17
1811,463
13,299
224,128
5,29
218,759
10,357
11,367
61,345
156,317
36,375
28,342
23,432
806,120
7,162
15,619
13,222
260,130
17,46
1019,465
17,135
55,304
32,663
34,407
9,621
46,180
351,274
956,491
124,529
21,260
232,428
20,324
1025,608
997,484
1056,621
1061,540
993,556
1077,615
1047,615
1031,588
13,355
32,141
153,175
16,428
403,26
6,376
260,32
18,167
8,166
31,349
990,172
1906,629
1731,166
22,144
62,262
23,335
305,312
1157,466
2398,262
2496,773
11,444
165,473
389,270
26,557
9,363
5,189
123,126
12,329
13,184
500,551
100,337
52,52
216,128
911,420
532,306
486,285
906,354
874,507
925,456
984,447
8,473
12,313
30,300
12,478
25,277
8,354
14,121
21,272
660,494
92,708
596,765
33,653
12,180
33,200
26,433
21,141
85,655
368,31
53,307
93,772
30,68
54,19
6,123
39,179
3294,23
5,262
11,377
848,480
14,193
19,58
31,286
934,481
102,463
13,174
11,306
3006,191
1369,277
67,484
55,507
2253,215
7,219
18,324
11,76
10,595
16,59
31,146
2573,224
98,226
26,319
85,296
35,196
33,770
6,183
8,669
9,64
73,40
46,153
14,627
62,359
6,266
112,298
13,283
157,401
189,732
134,193
11,434
17,211
33,537
4,103
28,24
40,161
32,196
27,259
18,277
22,128
27,548
15,352
4,120
76,78
53,623
34,20
40,404
11,431
30,41
14,216
28,300
16,207
39,134
24,65
12,113
12,296
25,125
9,185
64,479
21,228
46,165
40,59
33,683
46,230
80,680
16,213
120,354
117,62
13,397
30,217
38,256
413,158
16,502
16,230
8,42
13,215
7,291
4,82
13,403
28,328
24,565
28,267
72,273
316,170
18,99
465,47
29,367
4,100
16,226
19,137
239,772
10,193
12,152
15,586
20,219
213,143
59,35
94,767
22,7
231,149
12,282
15,279
34,258
236,684
7,301
4,126
76,172
9,312
8,356
13,303
55,82
58,392
1772,339
70,197
23,361
21,385
14,217
493,767
1676,767
58,177
47,611
8,180
85,770
43,372
16,383
11,250
38,90
30,296
14,117
55,88
60,65
385,699
42,408
82,304
130,595
164,338
50,219
11,222
10,134
11,266
8,153
16,679
87,139
25,327
149,334
7,176
293,211
13,416
21,303
449,374
402,395
383,257
296,143
15,93
21,368
13,465
8,513
2277,328
9,222
15,285
76,694
16,354
12,216
45,567
17,116
13,353
541,485
82,202
105,135
78,740
62,379
539,276
524,324
26,312
19,218
8,54
15,269
199,240
13,165
31,120
17,207
22,210
11,85
12,390
16,525
167,450
51,467
108,228
7,25
16,71
61,471
37,39
20,31
1084,769
16,332
79,331
35,264
13,484
92,207
96,47
105,289
14,174
43,338
10,251
44,164
90,186
24,293
194,59
25,442
246,311
12,265
8,225
57,88
1165,13
516,282
12,234
31,89
104,88
13,420
17,423
75,324
8,166
26,251
31,294
9,99
890,241
687,300
18,129
16,646
17,396
16,105
10,281
66,34
10,397
58,768
8,254
10,359
6,285
7,306
951,770
578,259
21,676
9,133
653,644
13,521
12,179
37,203
14,223
315,341
275,213
22,85
15,134
9,654
10,329
6,85
35,48
88,623
6,115
15,256
25,210
53,33
1950,649
3181,17
2859,768
3043,675
3073,767
2763,766
1086,383
11,234
11,184
29,435
105,946
13,203
7,307
50,277
119,491
89,119
302,253
240,545
12,301
689,769
20,462
65,745
335,694
28,15
12,216
222,454
40,335
453,179
36,361
8,351
153,523
382,576
1500,382
31,218
8,312
39,632
25,359
6,161
52,507
17,291
1291,434
494,171
23,162
361,186
169,475
19,429
8,350
65,265
88,344
199,676
288,377
8,24
118,133
7,479
179,185
27,283
664,259
277,237
65,102
137,106
11,80
8,94
40,174
15,27
17,388
95,418
13,179
13,672
8,302
819,5
870,19
687,10
10,88
7,128
10,226
17,89
9,232
399,60
58,298
6,121
32,595
53,512
49,37
6,287
16,461
5,63
11,389
92,310
32,93
16,426
2190,266
11,57
47,316
38,403
9,121
40,344
4,9
9,226
25,458
32,223
55,544
17,56
10,456
257,311
26,126
15,328
68,305
42,254
5,108
12,275
52,154
40,342
13,240
94,459
46,158
970,9
969,199
5,133
27,208
15,557
397,255
8,104
17,297
52,19
389,189
159,100
173,78
9,162
99,44
1205,158
1108,197
30,280
8,245
62,23
8,354
34,389
1020,312
285,375
233,358
17,223
299,113
11,123
8,42
11,184
31,59
20,69
17,19
11,248
10,319
7,8
14,198
14,134
23,52
28,61
30,322
5,74
11,280
30,68
30,45
34,303
37,420
22,135
226,219
16,106
36,36
14,86
15,519
14,126
18,637
208,408
584,604
22,190
29,28
27,169
54,509
8,263
35,769
8,20
39,200
9,394
15,80
726,615
8,135
5,435
9,413
13,183
15,216
8,173
342,294
141,614
15,166
22,767
101,674
19,730
43,130
7,495
14,503
11,235
67,27
503,138
449,673
506,59
518,376
26,534
29,316
94,289
5,604
19,24
23,48
594,529
157,288
17,132
275,690
337,320
48,332
11,193
115,269
8,253
70,308
84,523
102,132
11,701
46,39
95,269
585,720
5,43
15,214
18,349
23,660
35,95
9,66
86,128
28,35
17,293
123,164
6,110
7,165
126,475
6,316
18,475
11,99
90,90
269,149
13,114
8,730
15,357
71,530
69,77
42,27
7,14
37,215
24,412
10,355
9,210
14,233
13,205
7,229
6,25
14,197
92,277
21,53
9,146
7,248
94,31
53,144
53,85
134,373
20,302
8,260
114,115
107,181
1042,98
12,346
7,250
18,775
14,403
25,346
7,81
539,440
16,319
15,210
105,589
269,110
33,201
16,343
13,639
10,144
25,296
14,351
14,53
74,352
123,60
21,307
340,339
13,322
6,254
86,572
13,386
10,591
13,237
22,252
16,337
20,317
4,45
31,437
16,312
128,62
7,232
8,203
33,245
4558,122
345,502
16,428
1032,49
1027,40
1027,40
1700,40
1702,42
1740,40
1750,40
1773,40
1777,40
3664,388
3622,143
1852,65
3664,93
3714,92
3678,219
3668,176
61,61
12,207
26,52
8,171
20,160
11,85
114,86
14,197
26,479
8,136
84,153
14,186
33,51
12,134
10,213
8,382
15,221
169,211
42,167
138,405
17,371
66,320
10,100
14,364
11,184
14,291
24,205
10,216
6,481
35,551
64,333
17,75
10,255
17,176
60,603
173,8
608,20
27,415
10,246
58,708
48,116
11,33
246,11
31,90
2701,766
8,189
31,291
22,77
71,32
12,100
14,360
5,206
18,337
13,360
11,379
52,58
34,554
33,510
28,687
85,139
9,98
14,61
86,710
12,164
6,321
346,769
1317,494
33,397
7,229
36,99
16,461
10,207
11,245
53,381
5123,106
9,286
118,175
14,280
4,143
39,448
10,120
193,650
6,148
5,194
12,229
46,158
1568,82
380,153
14,262
35,314
30,374
196,222
16,362
127,673
12,49
859,142
2153,119
2395,153
1917,162
40,268
26,515
31,325
12,25
128,187
17,237
19,305
480,143
20,756
26,216
77,289
80,492
7,185
27,548
7,152
12,237
28,515
28,243
84,110
13,58
6,124
27,147
24,207
1284,730
21,168
88,182
11,135
9,300
38,210
7,425
442,527
8,326
115,112
100,435
7,56
352,49
794,758
83,398
296,505
82,194
30,716
23,428
9,325
14,168
23,273
500,376
148,269
12,18
203,463
261,13
267,348
11,117
27,83
212,622
22,444
131,165
16,291
39,285
28,401
21,292
10,246
632,296
175,98
171,433
7,180
119,382
19,211
7,96
8,396
51,390
15,477
306,599
22,254
452,668
102,202
19,151
31,235
4,55
246,583
641,194
373,260
4,261
920,501
29,262
780,349
617,256
10,530
9,119
13,337
314,300
6,91
15,306
17,243
388,80
46,69
12,266
152,229
171,437
19,290
17,177
152,226
57,76
17,598
39,330
379,56
19,148
20,141
21,620
309,303
22,376
75,470
469,710
122,274
97,336
26,242
67,25
146,128
42,74
33,572
23,215
15,288
619,71
69,65
2764,246
2200,279
2377,274
2974,242
1666,336
9,236
37,382
51,670
73,249
24,428
468,305
23,303
1083,767
4,214
481,17
110,334
126,432
344,490
12,247
12,44
59,222
1582,148
101,96
25,18
504,85
157,140
269,212
13,238
19,186
23,98
18,296
25,619
13,147
272,231
644,284
83,40
355,367
17,356
48,549
30,437
207,232
15,511
2511,306
764,119
218,559
25,86
14,176
1694,767
1858,124
12,767
10,41
1068,204
137,296
84,658
543,508
1730,766
1139,662
2720,765
32,323
379,595
144,757
738,770
1254,97
1273,768
1796,111
1814,686
8,19
6,34
4,47
8,110
130,142
14,148
213,258
5,33
14,329
577,310
55,345
506,767
212,130
283,662
12,124
2035,262
1458,195
881,256
2792,143
2485,30
3565,25
1000,483
380,400
8,255
12,429
57,464
16,81
40,550
14,161
54,268
777,417
791,340
73,340
21,285
28,124
41,144
2043,225
35,179
67,101
761,130
771,78
110,75
354,109
5,66
48,338
63,196
97,572
88,368
20,281
797,110
135,242
9,106
1739,14
300,298
10,26
21,386
12,403
6,102
7,22
5,144
15,79
9,164
23,339
30,210
5,93
12,391
41,562
25,164
45,388
39,122
47,255
18,574
10,202
5,150
8,264
40,90
16,275
47,214
115,372
40,575
8,239
1785,352
73,767
26,351
11,765
5,138
6,52
10,393
101,768
4,171
100,518
39,92
68,308
27,57
5,192
1543,687
162,281
308,305
18,143
21,189
242,326
6,210
9,239
87,16
2084,114
2382,182
2328,129
1950,158
55,239
163,161
41,42
7,201
11,380
131,124
31,100
26,152
18,354
48,285
33,299
155,613
9,117
7,71
16,343
27,338
13,385
564,7
17,90
20,223
15,345
10,568
8,327
18,236
22,455
30,342
8,134
104,116
14,768
189,773
12,667
15,343
68,332
7,165
4,195
58,511
13,180
933,481
10,45
5,55
225,410
7,76
17,93
11,182
46,373
69,17
7,416
6,56
11,169
8,472
72,126
118,418
52,480
344,739
323,570
7,499
105,166
156,228
12,210
14,351
17,396
7,341
319,118
14,206
32,603
216,94
15,228
39,472
8,10
6,312
44,235
13,212
10,196
116,45
372,313
51,262
4,442
695,132
149,246
118,436
72,28
928,515
21,75
251,456
68,24
202,256
73,210
33,233
35,43
1072,748
12,314
67,423
25,356
44,84
95,88
38,404
251,296
10,124
12,227
38,277
69,767
510,549
62,29
3260,47
1148,33
1578,271
185,524
246,146
6,132
328,426
897,31
12,310
8,286
645,769
703,770
703,769
741,131
741,30
748,24
777,235
777,769
777,35
727,39
30,207
17,408
9,185
20,489
50,196
7,298
9,279
85,31
125,662
36,414
4,128
69,404
5,206
15,741
9,50
13,109
19,55
281,47
72,170
12,298
21,401
82,433
7,14
2246,188
11,296
158,768
12,177
188,298
1144,92
25,730
5,183
69,122
16,190
38,635
48,540
30,466
9,250
15,304
11,237
135,767
24,401
24,391
1020,768
65,770
40,113
320,191
5,604
61,188
212,182
21,351
114,256
32,224
12,40
156,476
44,768
827,27
13,178
11,181
17,56
4,293
22,196
71,299
207,392
11,249
67,57
58,232
82,192
15,313
6,177
148,113
8,543
19,404
8,382
10,279
85,211
245,159
48,313
17,218
17,627
15,451
16,282
11,237
27,196
72,297
18,522
7,113
15,288
28,233
11,398
19,90
110,358
391,568
57,351
12,134
12,130
39,315
40,198
44,77
17,469
269,16
66,26
8,84
313,405
80,319
25,44
18,118
18,81
57,560
176,129
13,312
41,294
43,42
7,87
307,341
19,357
49,156
56,433
10,290
19,19
21,22
5,89
77,375
350,485
5,178
94,179
19,246
266,569
13,48
18,303
23,142
8,278
7,66
752,616
832,598
457,178
24,334
75,769
20,33
34,294
68,219
7,205
14,222
37,581
184,7
5,135
196,420
20,167
314,300
112,149
7,194
41,158
8,252
8,167
13,269
10,103
21,398
32,261
56,31
16,107
67,66
1197,237
117,440
76,616
4,135
1075,74
649,275
40,266
12,297
264,149
38,288
1795,173
117,130
33,610
18,89
38,212
4,216
9,106
221,605
4,14
40,10
4,14
51,539
22,311
188,284
64,372
39,322
22,758
3790,216
17,773
33,70
141,368
255,106
386,135
73,637
28,536
167,79
15,327
43,241
21,661
29,42
372,39
37,206
261,149
283,222
163,127
28,26
44,111
662,767
79,81
101,32
603,34
19,62
11,181
19,364
79,282
27,199
36,389
11,226
29,7
13,383
99,245
16,96
27,124
20,332
23,560
22,768
22,284
10,264
45,294
110,46
5,197
14,524
48,293
20,161
39,261
320,357
2185,227
124,30
29,214
6,191
14,318
115,537
10,767
70,769
15,521
282,647
102,323
372,179
59,326
7,76
44,620
39,708
18,215
10,248
792,287
635,175
13,316
35,24
35,440
386,298
7,90
8,217
80,35
20,85
36,747
12,257
1252,325
5,53
132,237
79,529
12,201
6,377
20,304
33,655
1804,103
70,224
423,557
2502,531
42,306
24,509
8,94
28,245
263,32
1716,414
30,327
17,222
21,431
8,100
11,238
58,295
18,249
13,268
52,302
34,438
7,236
23,19
7,26
9,481
8,169
29,169
131,107
581,818
16,301
13,230
127,129
27,401
22,255
15,767
18,377
597,418
14,394
4,452
2975,164
61,92
2425,657
2004,372
22,549
32,770
20,437
17,371
19,427
44,482
16,236
132,583
45,498
4,155
480,448
8,243
21,656
10,112
21,364
21,486
73,444
26,604
10,248
34,93
20,406
43,125
16,291
23,250
19,532
31,284
26,250
9,249
315,762
71,389
15,135
134,45
11,24
14,153
78,11
22,26
8,319
173,253
2666,122
12,86
40,268
109,42
15,319
892,68
2066,45
2320,700
1761,191
1746,187
2397,94
2385,298
1670,254
1912,582
11,528
9,245
236,491
13,45
12,278
623,43
81,265
19,264
167,382
50,311
59,76
67,369
1479,126
374,113
1710,142
875,157
12,194
75,767
67,173
187,769
35,100
102,293
16,273
8,218
40,154
12,94
21,54
15,132
54,61
81,627
752,536
17,163
13,31
56,203
14,120
13,159
19,25
7,169
5,62
26,249
12,18
22,416
10,326
14,239
6,254
62,585
47,66
758,409
1252,476
1100,274
1051,438
6,267
340,513
13,85
504,918
504,769
326,303
94,780
68,778
43,124
45,23
8,473
354,758
17,234
27,97
28,99
7,297
15,411
22,103
73,119
288,189
19,501
54,768
74,213
27,422
1371,178
14,295
62,706
51,70
11,123
114,195
7,38
14,131
4,87
177,291
17,302
559,302
7,192
245,145
171,130
25,161
122,323
35,769
106,372
16,38
26,57
31,342
8,121
14,336
27,53
4,9
79,77
310,202
39,420
42,441
841,5
497,295
4,377
8,202
12,699
73,18
14,768
134,266
44,323
10,148
74,302
20,40
1349,163
611,215
609,169
76,517
30,166
65,66
9,211
65,25
519,350
53,228
21,312
74,519
12,342
424,97
5,100
4,16
31,355
37,333
10,390
167,376
32,91
106,55
837,10
2054,62
2056,12
142,292
15,771
21,101
12,233
21,194
21,114
84,72
50,361
135,767
168,84
121,364
11,164
333,697
372,690
11,251
274,173
464,644
659,500
14,88
18,175
44,181
506,702
28,770
79,501
1341,201
15,381
985,254
13,185
104,773
46,767
32,767
13,307
11,107
72,194
62,450
20,19
11,323
48,380
13,261
11,238
10,76
13,338
58,708
80,395
318,109
69,317
75,340
31,185
14,217
9,278
43,255
42,25
5,124
49,246
94,21
40,34
9,498
119,12
9,66
74,333
38,584
42,22
75,759
36,308
13,44
21,531
11,169
26,360
22,283
478,73
28,23
31,54
79,383
7,6
73,459
7,75
10,397
7,144
18,176
8,449
14,298
396,18
78,206
17,46
1066,558
30,726
79,395
14,87
24,397
35,391
19,180
10,195
71,434
15,302
874,388
8,232
11,508
14,264
64,69
6,23
387,527
54,399
21,249
24,408
215,702
26,288
387,49
18,24
1231,370
1585,272
1443,251
16,409
49,230
22,293
25,375
8,235
350,393
13,117
77,344
25,391
14,488
13,367
12,194
263,33
18,21
31,108
145,450
29,501
99,670
87,41
21,25
49,532
22,266
51,30
41,221
28,9
162,234
273,380
738,385
19,585
6,18
13,144
85,429
22,176
35,381
35,310
357,20
612,531
8,27
14,72
5,440
6,87
128,72
222,118
114,25
10,372
47,406
6,171
130,671
126,129
41,407
88,41
87,189
77,317
9,88
12,91
253,129
217,588
547,468
24,628
32,512
26,216
22,517
54,355
15,233
78,359
6,45
16,119
1657,519
13,214
3653,252
5,162
91,150
26,99
11,57
258,94
419,233
43,769
2037,491
506,269
170,152
85,201
368,78
1350,308
2042,309
40,227
4,34
40,244
22,584
9,302
1136,274
37,390
1565,230
25,502
2251,315
114,767
28,220
67,308
22,728
556,728
333,142
11,41
38,367
60,160
12,242
4,196
24,357
16,312
43,333
57,228
44,77
36,747
6,202
21,43
13,203
5,149
14,7
17,163
12,153
20,218
13,262
17,552
9,173
22,316
1057,287
17,325
6,402
4,23
127,572
110,188
174,18
15,374
15,352
28,427
5,225
12,375
371,204
239,288
19,776
45,69
17,299
25,326
9,233
20,184
111,484
22,297
52,344
11,14
27,170
7,245
14,480
192,172
2490,176
1950,417
583,480
576,288
1062,401
667,316
2605,266
832,318
13,406
10,66
17,325
89,142
18,603
469,127
15,360
16,268
403,148
9,88
9,214
25,62
1072,748
151,36
1741,559
10,456
58,768
26,359
10,248
31,22
20,54
3436,338
401,307
92,122
30,452
26,605
96,335
29,287
193,196
23,163
104,38
44,482
32,32
10,356
163,440
683,148
4,423
314,337
142,234
106,306
163,360
101,167
710,357
13,101
93,186
464,460
114,176
16,127
56,438
1591,253
40,180
13,473
31,386
52,48
18,350
12,23
19,512
12,188
188,352
19,27
1881,189
289,435
31,243
162,142
10,307
8,343
40,264
24,335
4,33
6,230
7,14
36,532
183,243
46,327
17,204
16,188
31,593
125,193
9,184
9,172
103,35
14,226
50,14
439,199
62,406
9,519
74,602
4,80
13,213
99,170
8,82
8,248
100,269
14,163
14,663
57,421
20,211
12,204
291,615
353,454
6,80
55,194
4,27
24,198
88,114
1623,187
127,583
10,224
31,195
11,516
239,399
11,288
15,20
41,253
46,180
20,200
34,766
86,536
1424,277
8,140
7,55
6,445
271,393
10,139
7,642
23,154
10,321
24,767
10,307
7,252
136,774
42,414
14,207
63,457
28,39
57,532
6,193
1024,503
995,442
15,208
8,134
89,146
4,255
339,317
1125,269
114,409
14,24
16,372
29,347
9,72
66,324
8,84
23,372
16,769
40,244
148,174
56,329
28,294
138,91
27,32
755,744
14,315
64,237
8,23
126,279
19,120
15,621
20,243
9,512
134,616
12,306
50,198
76,545
790,97
36,65
42,72
69,120
332,263
18,178
31,85
66,556
24,206
7,427
66,85
32,41
17,241
52,249
24,408
63,252
50,88
1769,120
32,531
19,85
431,230
506,57
76,61
21,309
30,423
29,383
8,244
10,34
11,290
82,28
8,286
17,425
128,503
271,319
14,257
5,420
19,299
126,504
1582,115
36,261
15,291
14,351
59,47
7,32
101,566
18,161
9,302
13,320
11,36
40,26
324,416
218,232
212,240
9,150
22,153
34,454
245,720
108,326
349,585
11,75
132,264
183,147
85,249
18,105
2896,183
32,671
14,58
66,211
82,526
43,208
103,200
14,295
39,472
594,529
16,45
14,112
3532,172
8,164
40,65
1315,341
139,562
8,122
72,562
43,663
550,718
78,246
9,91
14,326
25,149
7,38
111,95
9,723
77,261
40,234
318,756
88,444
13,42
837,185
1163,116
15,247
10,196
7,299
209,183
41,294
17,273
168,124
10,395
21,411
13,147
54,172
17,26
142,206
19,13
7,39
11,421
16,85
138,315
31,345
22,63
124,66
22,338
14,333
9,254
17,234
25,26
817,340
745,376
1796,96
803,28
28,298
15,46
12,232
49,366
57,80
363,524
33,16
160,216
130,697
223,412
10,194
120,444
15,109
11,158
4,139
20,95
25,129
20,654
14,406
15,324
21,767
8,33
45,31
60,594
19,406
46,424
28,526
21,211
29,213
63,767
201,140
19,195
13,606
136,7
15,416
246,300
14,442
234,150
30,767
433,229
193,73
24,90
335,534
13,101
17,22
12,160
129,624
12,768
18,98
33,510
112,311
18,227
15,117
88,205
115,174
14,87
11,255
195,772
42,323
136,170
50,321
40,34
135,684
52,132
159,301
13,349
15,452
45,120
7,85
11,48
106,428
21,264
39,526
40,318
11,392
7,336
223,669
13,277
168,187
13,476
719,421
12,11
1348,117
1299,176
1044,209
1428,201
13,452
36,29
20,293
5,186
22,233
17,124
102,380
9,307
412,270
143,457
11,210
13,259
63,91
9,289
58,546
13,21
19,213
17,270
9,123
42,285
672,277
25,226
18,136
26,338
32,430
21,488
32,134
34,23
41,162
80,424
16,734
14,235
6,304
52,374
8,144
113,144
4,143
20,286
57,777
16,272
100,99
237,14
10,396
381,261
138,33
65,350
43,99
1020,33
9,729
53,295
23,389
14,351
5,311
10,306
48,213
9,162
5,21
408,572
46,39
33,477
383,159
723,597
11,19
170,97
4,25
131,126
37,25
15,476
19,228
20,434
39,90
27,430
87,286
14,167
51,450
18,297
17,382
83,26
42,383
13,159
57,297
90,485
25,286
55,404
146,767
37,491
77,279
6,252
14,287
285,339
136,200
13,244
48,56
645,287
1394,103
1351,193
1965,180
55,231
207,288
16,467
23,257
194,515
4,127
15,375
35,44
14,209
120,326
21,494
331,15
26,178
9,270
99,207
17,362
47,446
12,96
2874,6
50,110
33,50
12,30
14,84
13,117
24,60
13,31
31,31
482,340
18,356
57,379
12,109
13,467
122,422
39,24
26,265
9,20
54,254
145,40
25,562
31,243
152,229
277,604
8,504
26,301
42,770
12,109
2656,452
491,582
101,123
714,504
316,566
446,770
649,707
41,388
50,262
89,434
152,770
63,207
9,280
55,195
9,554
10,176
18,44
57,156
823,674
739,692
5,23
43,768
17,379
14,167
149,768
65,44
191,109
64,717
12,214
25,53
209,241
28,473
72,126
49,37
31,12
21,387
568,154
1700,165
1228,323
918,432
169,305
77,306
17,61
27,64
39,31
10,226
75,51
13,214
58,768
1708,177
17,291
10,183
36,150
65,120
13,82
308,88
43,471
18,294
47,695
57,453
353,352
489,543
7,315
5,165
334,449
56,90
21,359
107,686
121,692
328,173
81,219
35,411
12,386
32,391
83,624
10,279
288,423
40,39
37,60
42,14
62,42
103,115
104,160
298,146
12,771
303,181
75,213
14,286
46,685
216,89
7,294
7,427
49,37
91,438
60,330
8,470
1096,556
1175,425
1125,486
67,226
83,516
60,408
13,123
35,142
25,527
19,177
20,325
57,635
7,256
54,176
18,458
10,356
10,148
387,62
36,39
15,24
53,321
29,295
19,62
22,437
29,755
9,455
343,526
2256,318
2239,210
175,271
121,159
7,125
56,67
12,53
75,78
56,326
143,439
251,185
72,126
821,417
9,380
145,322
11,723
1159,570
331,363
9,230
22,273
87,240
15,596
38,91
17,27
16,386
152,764
28,229
354,426
19,120
37,239
17,184
108,95
28,373
24,321
600,178
728,173
17,565
364,156
12,20
1419,692
571,680
54,327
520,672
216,768
42,41
707,258
19,115
93,93
78,657
14,172
27,155
26,282
10,223
27,208
8,275
30,68
9,60
17,419
7,412
128,111
9,119
12,490
17,113
7,82
15,213
93,321
12,294
10,120
20,105
13,165
14,131
64,225
12,391
320,462
13,519
323,579
32,410
274,29
127,77
5,249
199,551
18,414
16,58
355,435
578,349
13,337
82,56
19,179
207,47
29,30
20,399
13,324
408,130
67,470
22,327
22,275
21,191
2362,130
85,167
196,200
30,440
17,169
78,163
39,727
16,221
6,83
121,91
8,767
51,9
14,442
21,314
10,116
49,599
10,342
276,116
143,541
23,312
62,638
12,145
42,444
8,142
10,139
26,251
18,121
6,276
304,108
10,169
16,325
57,100
86,480
142,140
23,164
7,103
271,95
10,109
7,230
26,175
110,95
12,244
29,162
9,352
10,112
17,257
5,106
828,395
869,305
230,577
101,767
268,497
85,33
5,28
33,452
13,83
14,126
4,147
664,158
209,350
22,14
23,135
21,768
19,262
85,767
29,180
11,235
12,61
58,41
23,209
6,140
9,533
13,374
5,221
15,139
60,631
11,210
7,194
41,144
17,773
63,79
515,383
38,90
21,321
16,299
17,110
51,75
25,308
2384,768
17,260
48,255
9,68
103,38
17,196
92,78
209,37
3112,767
17,85
63,142
29,53
161,399
43,16
23,256
8,379
19,224
65,309
84,633
138,62
271,263
11,32
69,236
57,297
21,287
10,324
20,98
50,133
29,333
39,379
9,129
18,82
13,186
63,33
1929,56
12,277
21,374
148,323
7,316
27,426
25,36
50,176
32,369
103,405
9,240
86,384
9,731
15,161
14,38
9,21
226,37
1088,67
10,479
9,214
59,707
1970,274
58,298
13,316
16,409
942,124
436,127
10,74
14,378
152,156
21,267
290,490
25,115
6,106
32,220
7,261
18,768
19,233
71,107
47,185
28,243
12,205
436,607
581,632
127,471
32,595
320,433
25,18
14,226
15,398
8,90
18,291
80,56
12,471
13,185
9,254
4,135
26,465
90,699
17,470
19,426
95,184
8,374
9,370
90,258
63,41
13,257
19,287
39,665
80,498
86,649
73,225
4451,170
29,328
47,271
452,601
84,551
10,38
16,237
35,295
6,354
55,510
31,768
39,767
21,144
97,574
14,274
19,43
7,104
26,224
9,153
10,284
84,533
42,330
108,528
35,406
5,9
10,101
10,103
649,190
4,547
4,218
24,219
14,263
76,73
13,277
1190,229
1206,236
26,700
11,43
223,60
20,202
289,288
1720,656
73,702
16,347
81,39
8,117
28,498
20,447
1300,277
155,52
65,463
1426,519
95,60
426,450
226,405
105,589
2845,122
38,705
13,274
4,256
2239,80
30,361
19,352
175,388
1024,461
1080,668
254,767
10,767
46,523
16,331
127,366
15,595
30,320
8,237
48,322
11,301
11,162
75,51
121,475
65,131
8,240
21,172
519,767
387,156
26,159
4,176
1167,472
403,60
63,184
15,381
15,22
4,17
28,237
79,615
9,110
12,350
359,366
22,209
128,70
19,315
7,88
72,399
1385,67
29,671
25,429
9,319
14,315
4,217
10,72
460,388
230,486
126,350
69,768
587,768
49,390
9,50
71,193
12,241
56,121
29,21
7,145
20,115
30,89
66,392
16,606
13,221
15,760
80,333
16,441
117,520
2439,50
670,159
37,52
8,166
19,186
13,156
11,288
32,238
54,229
15,195
18,767
3937,215
54,32
12,235
74,437
16,84
36,140
407,554
32,395
556,207
11,274
43,359
34,212
120,365
492,399
46,311
17,347
6,446
15,101
15,500
21,571
13,235
252,48
11,71
162,363
8,18
59,204
240,202
114,331
132,10
11,21
410,499
35,74
17,234
13,268
19,266
8,276
29,99
16,234
7,495
330,681
14,282
29,141
16,80
55,303
31,547
21,209
6,588
62,292
22,792
9,220
40,209
31,213
8,400
11,701
15,545
30,515
170,79
59,244
16,187
18,372
47,422
17,311
4,31
6,180
443,767
10,205
1085,736
363,705
10,115
10,434
208,309
54,768
106,89
7,31
314,469
11,132
52,11
74,27
81,647
214,241
31,246
41,394
24,180
1479,120
3279,191
138,601
475,645
2233,6
2391,15
17,332
1801,11
1064,21
1405,11
875,24
1177,30
2176,12
2520,25
1877,11
1455,122
1896,13
197,102
2085,13
994,356
1618,28
1369,12
3500,88
1419,42
3053,12
1841,6
1318,10
1318,44
1230,33
1327,11
2093,16
2773,51
2898,6
2151,194
2386,20
3349,18
1171,22
1186,21
1430,22
2447,201
2898,13
1984,420
3040,6
2391,6
21,32
24,770
147,175
53,435
9,19
592,239
8,399
18,473
14,249
25,719
65,10
16,100
36,47
81,211
156,409
34,180
32,430
9,133
20,472
82,311
23,133
18,205
41,428
66,285
13,216
19,413
1047,648
8,305
10,372
77,442
8,218
22,467
20,693
669,267
126,111
152,138
820,769
475,769
836,769
174,383
1218,769
823,769
406,769
218,158
10,199
19,349
171,87
35,607
505,380
20,225
23,281
11,95
17,295
32,337
20,317
13,768
19,265
15,284
7,137
21,303
39,111
15,133
7,72
81,490
10,651
35,499
33,201
29,160
47,56
2045,34
21,336
33,386
20,223
19,192
50,506
88,96
140,409
9,9
23,514
10,224
259,298
391,162
2204,162
229,207
139,333
857,405
137,269
138,754
24,71
17,210
121,48
60,49
107,194
60,255
124,270
13,194
8,315
15,60
32,362
669,625
517,635
22,85
13,371
11,270
273,406
11,21
31,58
75,19
7,329
48,253
9,230
13,774
779,25
124,107
93,351
15,156
30,171
97,372
25,600
13,378
16,249
77,8
8,27
73,277
16,237
13,469
12,290
12,339
21,718
11,220
120,354
8,271
40,580
17,157
162,126
94,65
15,211
13,20
74,488
81,268
176,591
5,320
12,37
13,450
95,302
4,508
43,83
93,344
305,363
109,487
12,323
10,27
13,338
9,105
51,194
11,268
377,335
3263,132
3269,770
3316,27
3308,234
3310,772
72,347
23,361
19,164
17,374
7,122
12,45
9,26
14,351
41,275
122,724
79,345
7,94
35,306
10,324
416,346
27,770
1051,767
209,226
13,198
11,220
101,747
24,573
7,205
15,214
25,537
26,446
11,125
10,358
27,173
11,48
17,108
531,367
102,91
12,204
48,481
126,26
12,116
47,172
51,79
22,217
8,203
30,132
73,651
216,261
34,224
118,352
10,150
993,37
53,118
5,292
18,404
41,251
14,137
20,325
384,394
392,326
25,360
7,50
33,400
15,525
13,345
13,212
82,32
28,446
10,190
14,218
77,396
1926,75
28,357
10,46
12,129
6,148
38,198
24,641
967,411
794,499
903,440
61,291
28,171
216,103
34,212
67,446
68,87
18,190
44,9
21,217
65,102
689,256
377,307
2690,537
26,382
15,150
411,12
37,413
15,212
21,17
10,120
10,385
144,21
7,91
26,503
39,569
44,499
98,347
6,427
48,285
175,445
20,104
21,239
915,425
25,362
10,50
341,69
163,279
32,92
8,413
63,429
11,315
9,405
183,413
6,668
10,237
37,482
80,73
119,558
4,213
53,553
26,183
24,385
15,212
187,558
17,106
14,417
75,265
10,192
9,26
161,91
43,158
9,52
163,147
37,387
11,325
13,327
15,228
21,20
4,174
17,251
5,9
11,252
11,344
46,435
17,403
38,414
464,207
509,177
138,108
4,74
7,105
20,84
38,166
9,20
23,409
501,160
369,641
827,179
10,196
89,313
83,475
10,265
13,391
960,633
80,25
905,342
29,489
276,506
20,240
30,451
31,337
17,166
177,19
10,148
19,351
11,212
78,450
662,159
37,414
51,702
46,256
16,331
1791,599
87,118
30,203
398,661
27,38
11,311
8,379
22,235
13,241
25,360
11,291
5,63
56,548
18,235
334,391
6,248
318,767
14,212
6,31
57,767
517,257
51,241
62,41
9,291
15,673
19,92
1920,767
20,746
1756,106
21,307
15,621
68,109
15,461
503,445
13,413
20,545
944,67
20,295
6,23
28,19
61,24
2092,29
1485,256
12,647
14,368
47,513
19,337
66,8
30,90
923,181
3639,682
368,533
20,336
13,303
566,29
12,393
23,26
29,30
128,77
719,421
12,333
45,246
588,265
628,107
113,192
259,683
135,106
129,159
7,182
43,113
180,152
626,587
72,501
184,771
15,275
159,98
11,162
29,170
610,463
16,29
41,280
67,499
13,670
6,210
18,253
54,360
587,396
30,350
196,84
9,419
6,91
25,587
13,87
7,81
50,43
10,226
11,22
12,385
10,180
8,316
9,30
107,86
14,576
135,309
352,155
16,316
20,368
18,21
38,271
149,247
13,293
9,198
13,149
390,477
132,237
7,226
5,146
11,45
10,350
10,570
31,461
13,5
12,124
7,98
8,186
39,490
9,11
7,223
48,181
35,485
50,500
327,199
1389,515
1755,552
1218,312
2048,462
21,228
25,428
2405,305
442,9
175,316
33,320
72,767
164,228
15,216
16,438
25,195
23,243
48,20
836,21
46,47
5,122
10,523
10,265
425,527
9,334
6,148
343,344
43,207
20,223
14,94
51,226
22,223
129,719
10,142
8,321
28,134
13,196
7,167
201,230
362,668
112,61
159,104
12,201
241,549
26,57
12,31
1206,203
1474,120
1402,371
1019,11
1755,268
198,233
19,434
107,383
1194,296
24,210
49,229
7,95
105,273
15,635
9,535
11,16
32,147
217,588
687,397
27,543
1052,392
7,258
6,45
209,415
28,396
10,197
41,326
11,701
315,185
7,181
4,24
7,84
6,335
77,18
16,237
15,100
166,248
41,94
190,141
38,106
32,177
14,252
110,137
9,271
31,495
25,138
10,335
28,475
14,142
42,501
64,160
25,346
335,114
409,430
250,690
191,519
11,227
5,216
12,310
52,49
19,209
58,317
29,249
162,558
159,251
12,231
15,525
15,99
10,447
39,212
14,360
7,427
32,483
30,478
478,213
252,9
65,326
10,78
315,515
21,355
26,240
11,75
447,412
13,63
154,210
564,194
710,197
2396,166
2647,108
52,154
97,543
30,432
96,504
18,322
166,767
46,194
26,477
412,236
22,107
377,335
91,94
108,463
10,260
10,84
22,728
11,574
997,265
20,767
15,392
7,181
18,86
16,198
8,29
204,272
17,282
29,336
71,278
12,378
1448,160
1448,104
1451,495
10,127
16,101
12,174
17,669
9,552
65,195
403,103
211,242
4,9
34,25
13,542
17,102
8,341
161,296
305,449
132,411
5,11
8,145
18,391
158,183
15,500
14,191
30,260
24,252
10,278
86,26
389,186
13,385
9,119
30,769
1425,334
462,184
38,602
75,273
13,170
112,336
266,123
203,147
74,42
50,731
5,96
17,287
20,52
79,619
334,291
232,161
277,315
21,636
96,127
29,770
13,431
262,194
1719,179
20,70
28,355
89,216
315,142
13,108
8,249
17,122
7,298
57,58
11,403
55,13
28,114
12,106
30,361
272,323
1178,614
939,271
28,300
8,430
16,157
24,191
888,247
31,343
11,124
23,302
35,295
11,337
76,515
8,344
11,296
5,92
10,84
852,590
228,429
375,99
24,504
10,769
24,767
8,64
9,232
332,107
29,513
29,767
4,214
212,365
75,235
609,772
18,383
255,537
1023,223
12,213
1447,599
17,520
28,511
5,604
6,339
18,82
116,264
11,501
16,404
20,717
11,207
6,309
13,517
45,398
31,513
19,34
137,685
67,678
10,46
39,297
336,267
575,101
13,159
70,23
379,140
462,227
16,894
12,446
7,323
34,159
79,469
85,767
978,150
134,422
137,270
75,470
4,323
25,165
33,509
177,110
542,365
35,624
266,46
225,238
1628,188
447,584
7,138
15,208
12,184
137,338
24,525
13,56
43,319
29,343
122,240
29,609
88,647
180,665
44,661
8,199
7,140
27,130
4,406
15,194
7,111
50,449
1044,92
9,315
24,23
10,148
22,214
54,22
71,210
13,328
16,137
19,771
6,263
21,256
12,302
192,243
54,428
454,319
23,90
18,14
433,62
6274,101
184,148
264,512
2860,289
19,268
165,473
7,31
20,39
34,37
28,68
17,227
178,443
711,235
63,30
1357,264
12,306
38,49
49,118
20,198
46,296
70,165
23,594
49,449
163,438
70,308
48,713
6,33
16,210
5,84
32,225
40,301
139,184
73,326
20,453
25,210
9,446
48,303
44,238
17,359
31,16
17,239
9,86
9,7
13,783
18,264
17,302
96,474
50,89
5,254
57,599
93,637
11,109
53,115
179,454
154,294
34,294
548,464
268,386
8,10
136,78
16,769
91,293
12,431
6,263
6,236
86,371
32,600
149,339
80,71
13,14
26,82
20,145
188,254
702,228
354,169
11,207
774,142
7,73
45,49
63,36
132,282
13,295
39,302
104,487
16,182
28,157
67,84
15,104
419,124
13,332
205,767
65,204
713,768
375,50
1116,211
820,770
157,114
76,450
23,213
11,155
80,133
40,228
18,119
132,173
51,597
755,743
21,226
7,106
9,260
229,526
20,292
89,99
329,363
9,133
9,218
18,228
1107,437
15,258
15,326
114,761
12,326
86,25
1585,13
1365,11
10,96
19,394
16,308
16,500
198,97
9,493
10,468
18,410
16,197
8,175
13,131
98,340
75,259
926,356
526,330
14,20
15,311
47,268
6,178
185,268
14,81
74,335
37,421
7,40
15,274
13,724
313,507
11,151
8,287
74,429
7,19
134,34
34,70
27,622
14,300
193,769
27,27
54,257
16,264
7,125
9,133
16,14
111,549
98,89
13,242
12,337
53,362
26,472
21,85
145,177
466,205
191,633
38,411
2525,164
4,52
25,39
97,346
122,252
43,293
762,173
10,202
1769,180
12,264
5,55
24,573
108,546
8,197
69,412
21,178
1174,176
398,278
142,23
295,221
400,372
232,188
24,243
374,368
276,224
273,219
444,166
99,427
132,30
15,509
10,285
27,594
25,22
662,306
8,44
30,378
40,98
22,244
304,70
23,114
22,138
9,8
24,287
23,627
107,52
33,523
6,256
51,212
12,284
6,119
126,350
21,450
21,276
81,246
117,112
959,10
15,550
14,451
54,219
43,291
17,310
10,375
36,98
143,375
33,542
26,296
8,382
14,237
21,320
219,373
33,277
11,538
16,28
25,329
839,434
52,153
23,180
760,197
20,413
9,505
34,167
52,386
13,66
15,408
19,109
19,279
889,173
14,576
44,171
4,187
19,776
38,363
34,32
15,106
32,737
6,352
17,87
106,268
92,212
20,223
26,769
7,334
53,174
277,277
17,322
9,117
8,113
11,202
409,44
52,505
5,126
26,508
10,122
9,465
145,378
125,378
11,372
6,197
31,178
42,85
12,256
109,678
9,418
5,101
6,344
14,172
131,509
35,107
8,220
19,471
216,436
56,533
143,274
4,407
14,326
38,62
13,401
46,65
34,388
8,54
7,156
10,647
22,235
11,394
326,159
24,340
804,140
9,113
26,141
92,203
11,442
772,267
50,373
6,31
334,338
9,246
1059,148
5,406
49,88
16,231
24,320
10,122
13,351
11,114
12,299
56,298
209,168
6,110
35,650
13,342
13,235
96,104
11,280
24,228
41,368
20,151
10,231
6,87
10,305
4,533
11,259
4,42
409,28
10,183
273,78
89,277
437,773
5,25
35,56
47,158
731,242
22,725
21,25
10,241
12,283
61,263
47,283
8,176
19,25
7,169
24,400
33,40
2574,766
8,19
226,164
60,105
11,493
15,481
19,401
10,278
54,397
27,186
106,372
285,273
25,180
24,326
24,24
23,366
12,255
305,95
1186,127
483,99
297,171
492,278
327,259
15,26
5,330
972,321
11,109
27,550
27,277
15,101
24,456
63,80
18,94
55,23
18,108
8,8
6,338
113,13
107,393
19,179
21,416
27,56
6,235
8,103
23,372
27,98
154,433
83,108
15,595
20,265
12,293
8,152
39,364
35,112
22,19
10,770
10,361
29,765
29,460
5,39
16,87
21,56
26,143
237,400
19,255
60,103
401,510
25,188
126,238
11,205
20,329
529,210
9,310
9,111
11,237
126,350
9,220
126,66
8,131
7,247
11,84
13,199
71,332
15,266
16,307
192,730
23,197
14,259
288,715
20,336
523,166
21,369
47,12
5673,101
523,762
21,221
52,435
7,78
28,410
6,223
240,382
14,363
9,185
40,42
64,32
20,186
61,614
9,181
32,71
22,241
26,436
35,559
26,188
724,767
706,153
93,624
14,125
14,159
25,238
17,660
48,242
20,71
46,104
100,40
226,90
814,234
2234,610
2980,118
3157,386
1564,43
2087,374
20,381
81,312
835,266
72,347
14,156
72,260
19,97
175,8
35,401
124,456
68,213
66,412
12,436
5,595
31,312
27,296
15,230
22,313
8,54
10,153
468,335
10,214
8,23
126,279
19,120
271,248
9,768
14,646
68,235
17,312
96,130
972,321
16,774
685,125
914,152
1040,440
1777,151
572,392
500,468
2565,406
407,326
938,270
309,233
171,433
65,1043
8,110
6,41
11,291
29,272
94,82
9,161
415,255
17,346
46,345
42,386
10,375
4,26
442,527
7,411
18,224
42,296
11,107
19,223
73,770
156,366
30,318
25,163
106,552
14,92
43,169
11,338
23,31
24,232
14,275
314,170
233,261
44,158
13,289
9,481
245,481
1735,241
14,407
164,282
476,297
7,10
34,209
30,158
36,769
22,151
15,191
8,75
11,190
13,161
6,22
22,683
16,147
12,309
31,531
10,224
23,205
30,261
14,40
17,327
7,60
14,75
27,726
10,112
743,127
21,374
955,226
25,166
14,281
59,625
16,33
29,162
21,260
202,770
28,632
28,355
13,311
25,565
20,220
8,222
23,468
42,285
377,274
23,436
21,209
11,221
12,366
2357,23
2945,347
16,373
41,280
90,345
7,302
33,30
202,50
15,309
338,583
153,387
19,240
226,184
53,386
607,626
38,90
17,700
29,398
14,178
1579,115
1524,170
1357,185
1630,134
1422,183
1514,128
1239,109
30,395
19,169
10,294
7,411
7,91
10,604
96,770
11,297
58,299
16,241
20,231
902,408
900,247
944,65
4,547
15,387
23,355
20,374
40,154
6,73
84,398
161,203
11,174
18,244
14,219
4,104
12,209
30,230
12,211
9,693
12,501
38,132
36,21
9,338
280,124
331,497
1404,417
2264,561
4,25
6,189
41,334
28,684
23,19
28,8
80,340
17,365
136,709
9,123
55,23
62,337
5,9
11,43
68,47
28,196
5,27
14,448
198,146
34,45
17,58
21,148
84,565
135,17
929,466
91,293
22,275
33,305
18,131
141,442
36,230
63,112
8,70
21,440
17,331
20,350
80,279
108,283
21,46
385,385
1271,51
459,148
326,83
14,213
56,233
23,310
15,110
10,135
8,57
15,27
489,83
1557,363
10,450
105,589
6,88
21,65
64,143
9,225
18,80
98,138
10,116
49,599
13,173
22,409
44,490
10,101
469,127
15,360
84,76
115,260
5,271
69,26
10,119
11,466
816,570
25,402
8,189
19,287
67,471
96,160
19,258
8,357
18,143
22,546
10,87
27,766
6,176
20,276
10,211
18,140
23,19
18,192
9,174
21,26
192,8
91,6
452,503
8,261
24,328
5,158
43,28
739,8
926,8
773,8
20,702
7,183
781,7
35,34
60,370
17,253
109,136
17,185
15,266
24,203
3388,174
3375,73
27,366
12,374
44,89
17,289
27,124
6,175
20,488
52,302
75,315
66,412
104,62
39,60
35,304
463,293
59,245
62,315
13,108
15,144
289,93
861,161
490,143
1237,140
226,148
23,22
55,246
62,23
91,221
36,401
12,64
1179,259
962,360
979,428
149,328
63,589
81,470
178,443
711,235
30,167
40,257
77,523
24,129
25,533
11,238
239,425
17,376
14,127
9,289
100,14
16,227
6,209
67,246
11,335
67,273
209,662
88,29
1916,195
28,136
749,176
15,212
87,440
202,514
2263,608
13,136
24,286
41,344
15,234
7,178
4,35
6,408
8,123
47,234
24,769
393,365
7,219
554,115
26,195
29,247
23,180
7,236
6,68
351,376
51,282
346,492
7,127
2576,580
55,729
46,71
9,71
36,363
18,642
160,445
45,150
28,376
9,92
93,106
697,248
26,276
11,192
193,298
513,202
111,92
13,261
94,22
12,82
9,111
16,273
284,249
13,484
13,465
10,290
34,170
22,277
229,767
53,527
41,718
17,374
408,130
572,110
16,150
18,74
20,468
13,269
16,181
10,237
85,240
193,767
522,309
24,647
30,768
74,307
64,79
33,371
15,254
8,104
35,29
8,314
498,48
719,6
15,75
25,393
21,102
7,30
343,558
42,33
2551,37
2232,31
2535,10
3628,7
2568,5
34,405
144,160
75,53
21,124
7,405
44,681
1834,694
12,321
27,450
16,91
197,314
606,130
24,391
19,12
65,500
8,427
50,211
77,23
41,485
47,127
10,203
11,215
2690,537
1015,494
11,346
179,454
897,31
24,303
10,230
17,129
18,193
17,215
105,214
14,132
252,767
12,470
169,360
53,545
12,213
40,150
18,729
113,296
8,213
321,154
7,252
16,769
9,447
19,769
685,616
56,38
12,135
22,316
24,67
256,331
162,128
37,701
20,172
329,374
18,324
23,80
938,26
1308,9
116,60
29,925
6,55
29,341
738,385
12,331
22,491
9,256
13,189
25,101
35,769
677,56
10,72
13,91
11,366
74,319
63,434
9,317
6,236
54,340
15,228
22,220
17,693
89,607
20,344
38,239
91,780
40,290
39,649
351,121
453,161
126,201
34,390
31,19
2910,15
2870,16
2194,23
47,715
15,400
13,222
6,283
38,104
13,171
7,282
13,250
57,91
98,48
7,54
68,211
59,13
10,341
20,94
5,29
66,280
20,55
155,458
17,112
26,309
8,99
65,546
16,573
14,737
38,290
625,438
19,160
252,727
42,422
17,149
118,166
47,19
10,285
12,264
37,25
241,233
8,596
10,32
8,256
53,319
8,175
21,286
27,249
20,491
1569,271
6,91
79,196
43,124
13,233
64,405
10,294
19,68
1248,588
17,216
396,468
23,189
6,173
2380,24
2326,164
2380,20
109,262
9,88
19,224
44,765
106,27
87,249
19,443
103,150
846,193
985,242
312,370
293,539
7,164
145,230
8,98
30,133
294,576
107,330
15,216
103,583
39,518
80,459
16,165
5,94
6,36
4,137
530,136
19,327
13,71
17,22
31,698
33,169
5,10
10,12
4,152
15,262
28,60
52,398
1112,687
85,599
105,464
188,759
20,366
65,297
39,87
58,387
12,65
136,234
6,254
344,327
15,252
150,181
92,266
18,29
21,417
7,96
378,323
16,136
7,336
24,436
12,526
305,35
14,118
11,30
66,126
102,99
7,328
29,89
9,194
253,295
4014,330
58,24
22,351
54,207
62,76
15,174
69,334
11,95
1405,505
19,348
73,76
91,6
23,302
39,468
17,331
7,91
24,102
30,369
305,6
11,319
14,225
19,545
12,449
10,231
924,192
185,178
19,62
12,176
112,214
13,367
14,259
8,111
43,22
36,319
50,313
21,333
23,228
25,255
31,135
8,445
10,239
27,400
10,250
15,353
11,284
18,304
30,200
11,9
80,72
12,514
26,348
9,122
13,66
18,575
58,410
19,288
16,633
21,228
27,61
12,268
16,93
300,4
319,223
150,185
11,360
18,528
154,392
655,477
4176,250
2817,112
181,768
24,406
43,767
77,655
67,14
27,249
49,350
21,391
680,166
354,123
693,117
643,159
358,130
187,75
505,219
220,290
399,175
9,135
15,407
17,189
41,451
26,20
113,675
14,65
25,250
10,236
5,69
67,21
6,213
23,258
152,238
10,260
4,143
4,176
107,767
13,19
40,293
546,686
9,34
17,70
8,165
14,205
30,45
12,311
76,172
79,167
4,80
8,77
123,462
14,268
231,343
10,616
53,167
20,10
728,243
168,35
5,91
30,768
15,262
85,498
39,82
14,37
21,375
121,480
12,642
95,168
14,673
53,368
14,200
77,195
306,468
100,215
15,78
30,278
17,392
97,319
15,163
139,150
13,543
30,35
8,68
12,221
163,279
32,92
14,257
13,57
11,270
14,75
1802,297
1951,293
18,336
13,233
14,214
28,196
37,655
38,107
7,15
22,267
180,32
136,141
146,153
10,57
12,159
222,289
158,50
127,622
15,345
7,161
280,190
25,174
54,361
12,250
33,206
727,468
727,717
7,318
15,163
139,150
16,367
19,236
22,226
7,19
598,550
7,92
60,465
79,767
93,348
72,244
35,16
25,619
317,305
122,442
264,249
10,299
24,446
18,89
768,227
1684,160
29,501
9,288
59,18
33,651
45,204
13,295
229,23
89,304
20,251
6,47
9,193
174,96
1355,6
25,238
173,270
178,90
17,143
129,105
516,469
10,213
15,74
7,210
11,140
13,223
10,684
33,246
20,230
109,361
7,97
61,390
15,327
6,687
35,225
202,384
9,113
258,253
9,196
7,173
100,507
249,32
55,90
21,80
19,237
23,343
50,597
9,244
281,376
63,267
60,422
45,32
8,279
222,743
253,219
11,309
33,82
7,224
3016,103
29,400
22,235
6,49
61,222
263,338
5,189
8,181
13,249
25,347
71,204
653,468
8,168
217,78
665,755
29,56
11,427
35,767
6,307
62,397
37,42
261,416
305,256
371,87
33,199
20,194
32,114
23,199
19,369
17,460
5,107
11,250
15,262
47,235
25,83
14,339
19,244
12,67
12,516
305,28
9,217
10,51
2277,328
31,284
91,7
5,44
50,325
39,74
12,296
119,343
30,48
7,91
53,494
98,50
20,331
229,767
7,278
15,579
9,289
19,551
20,226
8,28
20,329
11,232
6,215
29,266
47,422
16,166
17,129
18,742
51,83
18,100
20,301
10,414
50,640
9,278
9,206
26,61
1937,159
1943,374
18,265
11,96
61,140
393,233
205,325
13,371
177,108
93,262
199,178
639,64
8,8
7,306
62,194
724,770
8,78
36,154
5,45
67,285
8,199
9,65
43,119
1774,149
153,131
7,113
19,108
12,59
216,125
49,252
15,154
35,236
1523,323
62,314
20,249
204,36
9,348
955,494
703,566
167,88
134,196
4596,47
2072,331
2484,260
3462,140
4335,275
4203,235
7,102
778,197
6,335
67,378
68,133
7,192
9,310
22,275
43,178
121,91
315,185
7,219
7,412
18,80
8,553
34,518
15,276
56,246
37,137
231,142
37,297
6,182
4,265
8,235
10,284
2832,187
2861,680
2852,770
2853,648
2602,198
1827,767
262,15
21,298
19,90
26,480
16,227
14,369
11,301
113,267
92,48
27,135
195,418
100,98
3867,251
8,82
28,653
29,188
29,307
36,19
31,195
47,102
9,337
61,408
41,449
10,384
31,587
13,378
21,281
68,275
44,348
9,58
11,218
61,74
35,362
7,88
77,365
403,161
12,158
14,417
38,429
23,202
20,19
71,504
56,57
47,126
340,313
5,132
71,279
16,560
58,551
9,115
37,550
16,333
18,309
271,450
241,29
16,216
30,510
58,253
8,165
29,655
258,533
8,213
35,246
2592,329
2409,231
13,118
182,38
14,291
10,291
6,278
16,352
937,154
10,147
14,37
881,12
20,273
12,160
8,49
8,131
31,548
48,381
1638,643
41,280
27,328
585,35
7,62
15,62
20,557
14,291
37,200
13,109
245,269
10,243
20,258
367,469
11,410
35,112
11,126
929,328
773,7
1241,43
497,80
116,204
11,149
11,91
8,230
10,343
30,237
36,189
56,311
24,405
9,209
34,499
70,292
22,144
10,381
18,254
18,64
7,113
35,244
1197,6
1789,20
22,95
8,271
16,91
23,22
32,342
46,223
70,418
122,311
51,635
15,35
82,350
125,585
17,287
26,338
49,412
7,473
9,18
5,483
7,110
7,220
95,217
15,312
45,333
5,142
19,89
46,224
18,439
16,281
72,130
31,479
20,76
14,405
9,18
33,155
345,238
109,694
31,101
11,159
152,502
58,481
9,335
29,210
89,767
135,137
14,412
13,295
323,419
33,510
164,205
2003,774
46,230
252,278
20,59
1230,87
8,35
4,256
2239,80
165,412
18,219
29,507
107,159
15,83
29,291
48,137
91,361
13,233
11,285
18,302
12,171
40,375
28,338
35,38
15,249
86,211
31,118
54,219
17,65
9,45
16,98
21,424
25,250
13,156
18,134
9,320
116,161
333,329
207,266
1068,768
1047,770
1327,8
1334,246
16,767
17,400
17,261
75,36
20,100
15,95
21,298
6,215
23,26
1256,135
1011,175
1126,108
28,395
536,767
8,120
1749,147
624,64
124,7
57,312
18,297
26,202
37,274
19,151
20,262
49,37
67,657
74,276
7,114
53,172
21,450
13,347
8,182
23,205
4,54
14,75
47,139
57,312
22,271
67,226
36,333
9,203
134,136
88,20
13,255
36,31
2058,293
535,507
32,564
6,738
65,390
10,599
242,97
15,767
13,38
29,430
15,139
26,32
92,165
56,50
59,54
37,128
13,233
22,62
309,360
18,134
34,534
56,19
13,128
1100,388
7,331
14,216
115,417
23,45
5,144
23,198
341,165
56,97
19,462
13,238
7,117
7,7
9,32
137,88
30,75
20,191
10,76
178,570
69,25
8,230
110,45
14,297
28,184
17,331
67,369
6,177
10,116
24,120
624,324
23,635
12,453
19,213
81,318
78,258
26,572
5,9
86,56
24,564
61,30
24,28
459,4
8,352
397,40
3003,115
1676,9
2031,257
19,81
26,706
621,457
7,218
18,393
26,518
21,229
19,119
11,201
10,328
25,324
7,56
6,139
13,100
28,516
67,412
159,239
12,197
200,261
10,115
59,23
21,353
24,224
15,81
23,322
152,34
856,78
7,17
23,22
46,194
58,229
4,74
387,501
2892,288
239,254
540,338
613,590
115,606
14,542
575,767
106,552
81,205
146,406
8,265
11,326
65,507
1308,200
35,566
13,203
221,168
10,146
1312,438
1316,375
1321,318
67,107
19,98
18,174
189,147
21,151
53,241
358,770
10,316
14,474
46,62
52,315
74,221
24,253
10,284
167,486
22,572
10,118
2643,176
16,123
993,769
6,37
92,26
7,29
491,246
23,80
4,155
24,499
45,713
51,313
17,18
378,281
10,17
17,676
123,587
7,77
39,202
44,146
41,773
20,236
16,560
33,148
659,509
46,365
16,58
1424,61
1020,264
696,219
669,143
22,197
15,529
5,356
21,447
3081,149
2890,109
65,36
103,257
5,71
179,85
32,246
400,526
50,44
36,230
55,255
278,381
47,37
22,420
277,773
10,26
11,267
5,245
119,124
2701,134
13,542
16,305
8,725
18,109
8,187
32,297
123,334
324,78
236,179
15,218
20,200
12,322
32,280
12,707
21,562
22,379
33,85
13,63
78,222
95,100
217,92
6,561
15,287
446,410
1416,423
229,38
895,36
2561,67
2747,82
28,317
12,342
25,311
21,228
63,490
29,60
26,380
170,138
186,220
5,310
18,34
18,298
97,425
65,81
59,714
34,70
15,228
8,171
2281,7
112,436
3405,211
3558,244
929,138
389,107
23,237
476,523
1200,606
105,268
155,316
31,405
234,416
10,377
273,195
46,412
9,146
78,148
18,155
575,7
7,102
386,135
184,381
262,111
30,159
16,78
8,67
13,87
5,194
4,465
14,245
77,396
15,343
31,513
622,370
8,327
11,116
6,41
26,120
80,111
14,28
22,34
216,58
49,326
28,408
15,263
27,132
738,385
8,171
39,35
67,574
36,234
180,363
11,201
6,219
9,43
13,156
32,359
44,247
12,384
1098,345
10,294
12,66
44,154
7,106
11,282
1208,134
9,70
41,453
14,166
12,204
27,767
18,117
77,117
15,320
268,414
6,363
3053,500
191,200
30,158
95,107
1060,401
15,89
35,660
6,24
188,261
13,337
434,617
16,143
10,183
17,315
5,97
12,667
425,361
57,100
12,38
8,95
127,370
8,23
41,766
4,13
20,37
12,443
16,20
20,213
17,47
25,192
5,66
11,94
19,15
5,188
107,104
7,218
18,484
6,24
8,204
9,290
7,427
44,156
36,181
997,166
7,255
1453,338
48,461
68,42
271,410
73,195
26,78
24,260
93,270
278,734
6,41
13,295
32,241
39,268
1080,30
1228,29
318,710
328,476
45,453
100,536
10,203
16,549
29,143
15,500
35,660
1408,164
6,37
73,553
2047,58
2106,91
1034,715
211,125
103,380
19,298
13,331
66,467
152,502
9,448
11,91
13,153
6,29
23,18
12,257
10,62
7,93
103,362
19,68
16,434
35,288
20,150
36,59
93,233
17,148
29,329
5,99
75,257
18,226
12,347
2753,142
3021,211
2817,142
12,211
16,314
210,19
19,261
69,84
8,199
90,40
80,767
22,16
29,378
41,184
7,92
31,366
8,360
1710,66
62,95
12,23
385,104
77,445
10,426
7,117
5,8
8,217
24,341
91,301
96,264
5,30
142,169
22,704
47,41
27,164
9,278
80,49
17,322
171,404
79,272
11,305
26,298
19,249
9,271
11,61
41,129
1181,171
64,254
142,169
35,208
5,248
17,472
36,182
15,316
33,74
2158,778
1074,767
2317,207
35,71
32,401
24,22
14,339
107,328
8,283
7,8
53,100
34,395
315,278
11,266
21,298
85,356
231,142
25,219
1836,10
2515,284
68,38
259,75
508,33
136,74
17,22
30,145
59,331
160,124
23,209
111,321
82,16
10,40
10,321
13,769
13,177
14,251
19,100
201,20
1398,309
3752,152
20,260
11,90
16,42
127,171
18,207
69,144
105,457
86,463
30,338
13,197
211,278
552,186
16,485
12,22
3139,144
1833,160
273,93
1962,130
2000,69
24,321
34,113
553,657
9,194
10,25
40,770
6,57
21,558
134,426
226,184
222,149
43,102
97,374
12,45
573,50
836,299
9,35
76,255
8,181
19,395
22,114
15,274
10,230
4,186
46,257
24,189
24,127
33,287
18,139
7,82
31,19
745,276
9,151
44,251
481,465
14,279
37,283
34,171
188,64
20,162
29,257
22,10
15,602
6,53
23,494
42,279
21,262
194,240
33,447
1055,445
1279,49
1432,11
1010,356
5,53
7,251
207,33
46,743
31,263
18,92
123,247
16,319
2022,709
37,95
173,651
100,767
15,108
39,411
8,155
121,205
16,425
7,229
20,441
383,767
161,668
4,256
12,233
145,652
41,336
40,135
6,14
24,484
80,33
707,127
55,61
50,544
257,143
2212,123
58,69
5,179
81,152
38,297
10,33
13,137
56,124
22,141
13,640
25,62
19,635
22,626
5,186
838,466
9,327
61,533
21,247
52,372
33,72
131,278
21,523
98,602
25,153
7,93
51,702
46,256
31,124
27,272
8,262
9,165
13,166
41,303
5,110
69,474
18,360
27,267
82,54
68,726
122,210
235,256
10,62
9,27
6,377
7,73
19,94
232,428
37,340
861,507
7,89
26,355
600,597
186,282
109,154
209,386
13,111
30,315
336,572
192,28
1523,125
20,171
94,165
576,580
9,86
97,574
32,71
31,185
53,121
42,583
7,69
35,332
30,321
6,56
26,200
36,108
58,126
15,672
11,145
206,86
9,403
104,442
22,76
3451,161
2314,276
1983,740
1983,187
758,198
20,403
14,172
33,367
22,99
105,34
334,134
19,65
10,311
1152,552
15,280
12,423
9,77
21,363
13,285
22,176
191,292
38,386
21,339
223,669
14,212
117,276
914,500
1784,150
13,371
16,360
6,18
31,24
14,304
52,187
15,384
22,79
745,291
5,310
70,513
648,319
12,331
118,500
9,237
86,10
25,629
19,5
13,103
35,22
5,82
20,259
10,12
80,35
57,155
156,760
6,305
6,224
9,72
124,430
14,312
760,30
1743,763
266,591
14,196
11,260
102,229
280,491
41,37
128,187
42,41
35,394
33,265
16,82
8,383
6,39
21,124
88,94
40,128
96,280
14,325
16,622
43,661
54,87
39,767
24,34
6,181
12,255
8,111
6,286
88,167
68,245
237,417
19,588
40,574
31,86
92,35
65,350
514,111
26,122
29,185
65,729
926,356
526,330
35,397
55,85
297,132
634,130
812,196
23,337
137,714
22,234
34,557
59,405
18,86
6,42
17,405
822,113
339,147
345,28
5,69
33,390
6,5
70,401
6,275
69,147
25,263
29,301
95,132
11,53
11,414
139,46
330,71
3114,339
85,21
9,324
24,527
110,137
9,271
13,425
364,134
37,241
8,24
1007,768
82,316
22,583
30,310
6,255
8,267
253,296
13,185
15,92
9,246
5,253
15,532
11,323
52,384
42,253
4,155
22,232
18,295
9,36
220,707
68,285
13,391
638,245
38,282
361,190
14,400
17,502
110,672
50,328
42,428
276,336
14,7
264,218
109,90
32,104
19,284
18,27
33,235
33,302
443,285
622,41
19,79
98,96
23,42
183,449
49,37
20,459
37,474
7,300
309,308
625,140
117,93
488,311
625,257
1354,255
625,134
796,768
890,42
1034,715
78,206
5,218
30,169
946,287
67,647
40,167
10,475
7,187
25,641
204,161
27,318
22,349
22,361
26,670
289,290
112,64
86,315
34,572
586,162
1588,187
21,373
27,470
59,757
30,420
431,121
20,378
117,153
440,446
22,17
209,104
144,241
13,357
20,545
58,768
8,252
125,718
573,42
216,101
34,490
783,165
1322,195
107,137
7,331
13,159
182,768
141,35
50,6
11,267
87,129
79,318
31,256
11,70
11,295
45,122
17,257
15,280
77,537
13,201
302,640
1184,486
396,275
38,107
182,38
25,563
1270,222
261,149
19,185
12,122
48,188
14,271
64,288
202,145
115,372
145,558
10,283
18,329
34,65
165,50
154,392
9,10
8,502
29,171
34,331
20,455
23,236
74,640
15,288
151,427
354,472
73,51
485,369
59,85
250,133
264,94
259,99
11,41
94,337
44,288
12,27
552,97
543,129
540,46
944,19
87,686
28,698
113,237
64,33
22,322
213,769
25,167
210,21
13,204
66,762
94,257
295,410
13,98
14,503
15,341
23,76
11,36
25,201
8,348
17,76
15,595
61,387
30,736
399,381
1160,172
11,310
283,465
125,364
17,603
14,728
36,67
491,606
16,288
37,83
1360,103
49,151
14,275
164,343
127,114
142,264
100,171
4,40
26,117
72,53
12,279
20,212
8,116
39,665
80,498
24,767
7,188
972,250
39,332
11,227
53,316
18,88
29,336
62,42
51,259
31,400
13,151
50,52
1199,10
8,111
9,149
153,327
191,360
136,121
18,320
20,14
398,211
51,186
112,310
15,52
34,277
21,29
50,303
7,102
2648,157
36,29
26,328
36,26
27,408
45,23
19,125
527,23
203,202
12,359
11,115
5,177
35,252
18,25
178,53
1394,510
3200,556
1480,751
2591,511
225,767
158,739
18,418
11,128
56,313
11,412
511,11
8,165
448,185
400,117
19,306
85,168
48,607
927,562
240,382
1594,705
1223,90
7,194
35,20
1901,241
1908,181
18,148
357,20
12,104
31,352
13,101
21,484
354,290
281,276
20,399
85,16
25,491
54,766
10,196
13,160
11,190
16,123
62,255
20,164
15,339
16,408
7,25
902,413
30,332
18,318
14,394
50,339
174,325
26,319
35,559
93,36
16,688
12,464
27,122
13,246
48,274
33,271
286,767
41,601
314,300
53,129
705,770
393,774
27,422
22,404
58,564
10,447
16,101
13,123
30,248
20,285
20,633
672,464
120,15
9,196
9,226
16,22
258,289
20,515
30,197
81,95
10,251
42,342
1228,767
200,638
353,302
394,111
5,206
239,745
28,267
11,704
135,418
31,337
52,511
16,4
23,326
46,356
263,151
432,137
161,104
84,129
35,116
27,193
49,141
50,153
5,239
3230,704
114,287
26,224
7,19
20,114
13,230
11,334
306,410
23,202
44,31
835,142
21,397
38,20
61,26
6,558
5,105
6,497
4,52
2686,19
13,415
11,173
82,263
4,363
516,788
20,486
83,492
29,771
139,256
8,111
85,305
12,120
12,122
90,242
91,242
56,330
14,292
16,416
85,214
10,198
3263,132
3269,770
3316,27
3308,234
3310,772
395,303
8,80
35,239
42,330
12,275
15,135
21,96
489,473
5,63
69,425
65,390
22,289
29,478
21,72
4,97
11,105
30,97
8,137
1975,632
32,494
22,62
525,613
13,94
16,168
6,124
13,277
6,227
12,61
43,25
1703,109
348,105
2077,130
604,127
105,127
1002,87
23,279
264,61
13,342
13,403
963,95
14,324
14,36
10,276
3400,190
10,221
9,191
1117,385
272,287
682,415
1039,406
1066,402
834,445
11,83
48,29
53,250
16,67
16,166
8,420
14,506
948,763
950,174
6,377
19,295
1183,160
139,107
344,164
446,133
12,179
563,212
24,168
27,195
24,570
8,287
279,351
21,351
73,119
23,337
79,469
16,300
63,313
44,217
63,481
418,433
43,334
90,705
943,489
63,445
6,61
31,349
990,172
1906,629
1751,643
5,8
43,73
13,55
1746,118
1981,156
6,220
1791,599
338,146
20,387
211,312
11,92
10,331
24,686
243,600
17,218
11,82
17,106
10,347
17,391
68,166
22,218
1162,78
4,194
21,246
8,15
237,133
198,52
53,293
10,557
51,767
8,12
4,79
6,119
59,382
51,329
11,204
11,379
36,152
10,255
88,161
21,64
66,269
35,604
33,47
555,116
12,48
21,504
1002,76
53,295
14,309
17,332
50,576
5,123
90,328
19,574
22,99
121,259
13,277
9,85
15,280
344,44
19,577
20,453
84,27
60,75
13,264
15,192
21,341
3924,145
6,91
34,677
874,449
21,373
131,47
377,142
216,135
23,69
122,249
31,169
18,304
78,65
45,285
9,505
518,431
23,146
150,100
29,32
775,295
10,420
322,133
14,265
30,140
9,268
23,189
13,294
54,63
1065,125
102,202
292,239
266,183
9,202
32,35
507,304
33,50
34,46
7,156
16,116
8,121
30,368
76,179
18,454
200,365
19,229
14,166
627,188
682,192
819,91
441,222
23,26
54,89
16,56
2316,92
26,254
28,320
30,300
216,99
20,135
32,434
25,352
22,83
1698,651
327,198
16,218
8,389
18,122
298,424
11,189
9,263
139,570
8,88
11,182
26,234
21,286
43,253
118,108
77,160
12,98
163,236
34,207
13,458
43,171
548,767
26,597
10,234
9,295
16,170
12,144
16,178
28,660
17,160
8,87
36,229
5,510
35,532
28,134
16,227
42,505
10,301
25,97
64,48
1447,210
86,249
19,284
270,280
89,167
9,95
36,339
8,237
53,357
31,772
32,294
15,494
30,151
8,131
203,321
10,144
117,283
247,201
16,194
10,113
30,231
45,534
252,437
229,586
17,350
7,78
318,224
182,332
38,174
18,382
19,205
136,337
26,685
19,441
33,767
160,285
7,218
15,214
25,470
21,659
165,74
9,185
83,320
6,749
14,397
16,555
9,101
294,576
111,397
250,8
75,51
15,168
67,108
14,197
14,222
12,430
10,199
11,324
232,338
15,789
31,660
7,273
15,150
10,331
32,39
17,116
28,422
38,143
28,151
7,77
15,282
52,347
60,387
530,421
375,771
371,773
23,104
399,156
38,162
2348,249
15,39
11,103
8,50
231,186
8,279
13,199
50,22
1896,174
2896,430
24,143
11,161
285,339
19,272
250,301
1382,68
19,257
577,177
18,507
11,304
4,165
470,443
10,58
86,741
366,319
27,75
518,15
28,298
10,495
84,273
51,504
1018,108
1274,650
99,767
17,58
18,767
41,403
25,183
15,353
17,343
19,266
5,34
93,532
27,513
44,321
1755,287
276,26
17,285
17,34
68,767
173,154
2082,216
81,103
31,430
4,149
39,170
1011,172
11,155
28,295
85,77
149,171
345,341
152,313
10,145
11,273
7,106
14,213
29,429
60,335
136,625
357,664
9,225
7,459
4,247
8,272
43,156
58,129
9,193
8,248
9,10
34,49
65,443
61,222
5,774
11,202
27,196
14,347
77,56
14,396
16,332
17,465
8,140
402,571
8,306
11,92
42,172
49,199
180,529
19,46
7,443
18,385
31,288
44,667
27,182
25,445
1349,596
27,435
12,21
18,277
282,150
137,47
82,287
5,164
5,309
19,22
157,325
27,764
18,228
82,218
11,32
7,215
41,412
16,729
26,232
19,317
9,245
10,219
1485,93
25,575
672,108
277,483
17,286
12,363
22,243
2845,198
11,38
69,111
12,70
41,121
89,561
32,5
7,97
7,139
19,365
34,122
2592,329
2409,231
167,385
19,26
77,379
10,382
157,766
10,100
60,199
12,249
18,107
226,266
20,281
8,34
45,316
17,267
10,395
1849,528
52,765
44,27
34,327
815,110
10,64
153,356
36,23
4,11
29,304
465,121
31,402
7,158
22,477
17,286
13,268
16,123
25,491
14,371
7,150
7,132
37,229
25,99
35,182
92,418
42,436
75,551
94,305
18,228
25,79
14,92
74,771
63,335
36,29
43,70
57,232
8,322
74,518
542,30
18,54
232,185
75,145
36,35
999,272
10,138
169,215
23,122
8,37
19,767
15,414
10,200
58,769
278,402
16,275
986,312
1023,317
11,53
130,73
13,565
157,83
13,216
30,47
18,117
7,233
19,185
14,364
12,71
48,18
22,684
302,283
2299,419
246,583
641,194
18,433
18,304
9,370
11,315
13,295
11,23
9,21
6,33
18,298
9,264
98,7
1028,486
21,298
334,754
9,144
1180,367
350,115
86,425
15,422
18,267
9,320
31,246
34,303
12,483
17,311
31,564
216,31
37,39
41,234
150,150
8,168
65,222
110,226
44,297
32,113
519,268
1443,169
1442,369
182,256
14,197
11,193
13,242
37,331
11,121
32,262
1043,412
61,552
9,332
110,194
126,552
836,18
85,41
75,54
64,66
64,203
129,64
310,687
45,767
4,63
15,118
14,349
15,480
10,109
114,730
34,31
39,30
23,200
55,168
6,240
11,90
239,242
22,16
11,138
11,160
123,275
184,148
16,301
17,241
41,307
401,528
66,467
110,62
34,290
474,440
22,351
11,231
313,375
34,310
22,190
37,565
44,661
20,331
91,156
11,84
26,480
15,96
10,433
18,294
27,401
251,767
13,265
608,563
11,16
12,9
7,225
11,345
10,331
15,270
125,172
8,32
9,39
1860,238
14,175
14,191
380,346
5955,227
3283,206
3338,121
3250,611
3376,209
3086,462
3087,530
3070,632
4040,189
4693,129
4369,189
924,192
14,53
172,76
24,309
17,282
82,767
94,205
16,89
457,1274
9,98
18,130
15,66
197,329
10,281
23,299
18,560
16,308
11,324
110,209
22,331
12,281
33,298
74,386
31,141
47,305
49,767
258,289
305,93
10,45
12,176
28,233
276,305
338,335
371,290
2258,371
432,304
7,24
10,319
61,568
37,161
11,646
6,37
4,314
6,377
20,340
33,380
15,540
73,559
18,100
31,416
44,484
430,177
7,76
88,452
5,243
17,34
13,68
36,646
75,2094
1271,241
305,78
11,494
1190,229
1206,236
516,429
6,378
425,425
24,141
87,129
6,156
45,398
23,208
154,108
6,26
10,294
8,298
44,251
10,267
12,742
9,223
24,291
17,437
43,53
5,323
25,215
2114,196
185,198
12,93
10,92
13,57
20,443
40,385
55,65
7,136
760,154
435,153
2755,254
1125,151
901,155
193,133
349,497
19,153
20,182
53,348
53,543
29,575
430,599
18,267
28,329
6,68
51,169
24,385
7,565
4,33
44,24
1160,345
1618,359
3637,377
2213,251
1807,315
227,255
25,127
21,194
14,189
135,767
155,220
511,537
596,290
53,143
1474,335
1448,223
19,278
52,430
9,102
15,706
19,395
67,428
396,317
1875,399
23,368
16,237
29,263
54,274
4,436
90,458
14,151
48,767
17,253
10,242
234,724
87,296
53,462
19,330
390,349
801,487
205,49
43,339
66,244
105,82
4,163
15,191
21,461
6,140
79,210
33,40
13,87
49,182
17,625
12,186
20,581
37,208
24,354
21,609
32,297
511,591
436,767
67,186
1904,248
289,15
122,230
11,302
5,143
32,487
13,321
23,361
8,282
39,834
7,101
24,520
15,405
19,219
8,107
47,32
2379,79
2633,163
2356,232
16,190
22,275
2841,117
9,196
13,145
69,319
58,156
87,295
29,60
4,143
539,151
165,727
75,537
9,144
33,276
58,118
9,112
20,520
16,458
8,33
23,219
150,130
103,86
253,291
1053,224
1074,312
1314,33
513,142
290,86
1567,190
4597,163
4,10
30,36
22,216
44,768
37,156
7,329
403,103
10,370
154,392
655,477
209,480
30,74
104,30
76,767
15,261
16,65
7,75
175,749
138,544
33,308
8,348
106,362
116,769
1845,275
1914,217
1935,175
1912,205
1884,147
8,148
18,20
18,230
20,408
84,540
31,643
19,352
57,21
41,244
319,312
20,221
9,400
34,278
11,129
8,418
64,421
38,618
15,344
6,223
218,313
6,305
56,68
14,375
46,300
421,607
428,760
16,238
56,115
7,119
48,287
10,119
33,179
221,249
951,426
950,66
953,776
1281,323
952,249
950,158
957,235
957,210
1756,118
1913,735
47,25
19,555
125,278
62,139
10,246
2099,128
33,409
92,128
11,402
2882,1007
48,572
10,108
22,470
73,221
15,133
14,76
8,98
56,249
8,350
29,40
46,19
10,227
11,223
19,62
13,276
16,274
127,26
28,248
1128,754
28,543
39,337
19,503
47,769
127,57
1034,252
340,213
1667,126
703,82
1782,107
1582,73
828,199
309,89
321,188
1681,98
654,96
669,88
1487,146
424,117
537,117
1228,188
827,78
1245,99
977,68
605,225
310,146
19,140
7,116
53,24
80,472
27,500
102,483
21,287
76,193
38,271
91,92
62,85
187,194
19,11
38,412
19,62
1232,70
13,299
35,284
22,464
7,81
10,214
67,404
405,13
86,326
22,19
36,767
40,286
14,154
1382,25
90,56
6,176
8,27
10,140
2028,146
21,769
58,766
6,270
28,471
86,446
89,209
6,38
52,221
147,316
11,249
37,206
11,450
111,196
15,215
12,177
340,700
869,716
750,87
530,333
1233,317
903,26
7,130
1098,345
10,491
30,321
12,130
37,8
25,323
100,132
82,154
44,267
18,66
13,78
32,307
14,361
11,104
153,562
12,270
16,46
15,767
15,430
18,123
109,244
394,764
11,109
10,141
6,479
66,545
13,207
49,238
59,19
207,306
24,353
38,263
20,420
29,216
155,463
36,186
35,136
46,619
15,327
167,578
19,26
36,508
97,288
37,308
23,184
10,249
16,193
25,394
23,338
15,298
37,767
686,395
17,89
45,453
7,9
18,394
9,303
16,276
13,334
82,263
27,425
9,76
44,31
16,275
34,364
1578,61
1591,152
20,398
7,73
8,111
19,150
53,729
14,552
300,330
24,660
34,583
15,292
12,258
21,241
37,198
90,252
16,605
4,218
24,219
4,31
157,233
11,376
35,367
10,281
31,329
29,306
8,184
5,149
21,322
70,378
200,260
32,357
11,45
16,187
28,184
10,255
1379,607
22,173
11,388
9,103
43,252
15,28
112,26
20,110
36,772
67,657
93,11
841,457
15,496
17,483
13,184
57,496
118,494
54,101
593,47
816,751
47,757
15,336
39,343
21,89
28,106
9,334
662,542
50,421
96,154
17,385
742,118
26,74
19,423
157,494
141,582
1342,460
10,81
16,35
25,104
21,275
12,7
322,724
10,287
29,171
52,187
14,220
12,291
64,344
75,770
10,194
24,210
788,218
1037,200
886,257
708,570
21,468
440,197
133,483
470,581
742,768
36,410
49,34
48,600
28,207
8,789
20,131
46,84
9,212
12,505
11,193
618,76
469,55
32,275
16,517
36,319
196,9
53,255
9,185
25,286
8,118
498,48
513,113
6,183
19,508
154,596
22,282
26,541
93,350
16,343
12,175
9,42
30,486
10,59
43,499
8,254
17,221
456,299
10,513
32,252
30,39
5,326
40,102
584,762
10,401
31,33
23,77
12,222
11,410
10,14
23,31
9,141
20,117
54,65
11,528
15,246
10,213
154,271
46,253
13,136
83,152
36,47
38,143
9,128
13,134
15,390
64,541
8,257
27,43
181,320
534,504
327,559
50,196
35,199
118,293
47,312
85,498
609,501
7,547
16,142
6,261
264,410
793,191
23,20
18,540
22,309
22,72
229,15
26,358
26,176
26,156
18,225
25,314
51,400
793,478
498,892
36,330
9,561
184,374
67,532
4,316
321,216
20,23
1494,52
1973,67
1205,64
1989,29
68,629
41,370
14,339
318,238
21,325
67,769
86,90
140,260
70,308
6,234
34,395
6,303
29,92
7,543
13,338
6,246
21,356
18,489
16,298
30,347
62,553
12,309
20,312
13,175
126,209
23,12
53,165
2413,643
430,645
1114,142
9,138
106,12
3368,309
8,224
427,148
21,440
18,770
55,155
10,251
10,479
17,324
49,247
2883,397
18,60
7,169
8,116
20,155
7,262
30,408
1353,361
94,163
18,415
6,179
10,117
25,249
13,390
608,140
24,159
50,338
8,223
24,89
8,42
53,156
1243,158
1822,225
32,128
20,260
87,230
35,128
14,339
17,496
22,43
11,348
43,450
26,114
10,152
34,335
16,105
37,343
22,57
6,88
13,62
18,29
23,245
35,81
22,398
442,527
16,331
11,295
980,163
539,501
117,764
154,376
14,81
17,274
7,86
43,319
73,198
55,50
24,532
315,556
25,188
34,390
26,213
56,548
61,392
12,120
16,258
22,298
28,202
1046,19
1085,684
695,665
697,250
85,767
7,307
40,374
4,72
27,84
255,334
20,353
19,129
33,247
9,363
9,33
144,14
47,202
20,614
10,82
17,297
17,128
11,296
7,62
216,45
420,429
76,138
97,258
169,81
828,188
831,173
35,199
56,330
17,271
13,330
11,494
10,108
9,233
10,220
4,458
6,84
32,237
10,305
41,257
110,270
219,321
413,136
57,240
41,250
15,145
12,727
119,327
344,695
5,285
5,224
11,339
22,24
13,84
10,401
40,55
94,181
80,363
146,193
4,107
181,756
11,184
148,267
146,75
679,433
60,210
10,92
11,293
19,357
25,270
84,311
14,233
70,59
38,20
10,361
16,167
174,165
10,261
67,197
13,292
347,40
18,77
21,326
31,375
9,231
403,364
19,8
91,48
27,386
127,59
7,323
12,195
30,736
1156,462
689,126
7,315
72,161
137,337
16,325
9,401
79,78
410,626
13,19
188,94
123,279
174,304
6,169
5,293
11,250
9,123
4,156
115,118
100,297
27,22
142,114
522,478
10,340
9,314
10,526
171,69
888,374
34,84
154,133
40,346
22,33
1112,122
70,124
279,767
66,232
761,478
9,55
49,35
185,297
24,573
7,205
274,446
60,696
11,229
13,279
46,101
682,253
12,279
32,106
96,766
114,78
1411,193
870,227
419,209
208,175
12,15
173,8
608,20
28,30
7,115
13,46
2137,117
105,589
73,39
385,541
1012,245
105,589
84,145
2357,153
2562,202
14,111
211,241
66,39
1548,353
1544,717
26,265
129,339
76,134
25,9
9,627
77,375
373,245
220,29
56,150
91,20
61,463
52,14
339,136
55,182
21,319
125,97
20,33
73,427
29,156
140,143
30,39
15,305
86,320
41,307
8,37
2758,85
2760,110
2733,115
2755,628
27,34
24,669
62,325
23,318
99,580
6,7
17,316
23,235
511,61
4,58
91,373
254,166
1526,19
1709,15
1903,13
1690,11
2369,11
2386,8
8,84
6,34
3331,187
23,74
20,172
13,202
37,86
4,425
162,83
14,239
4,450
20,309
9,224
48,112
102,380
33,95
4,423
87,157
207,232
12,109
330,9
835,768
1150,204
1294,238
1397,200
7,136
47,126
91,76
59,645
36,293
57,258
5,395
63,677
216,99
83,66
134,426
7,52
88,475
12,132
56,149
10,9
30,346
44,113
50,326
1358,333
334,449
387,306
141,312
107,379
5,337
11,603
5,182
625,635
67,415
11,125
482,199
12,293
83,100
10,282
9,158
8,158
25,413
602,446
22,307
16,231
97,543
30,432
26,620
10,367
5,242
87,495
11,235
24,424
43,272
510,132
173,508
29,136
93,163
241,294
72,295
15,178
13,406
23,15
326,280
331,139
898,225
8,78
7,288
47,422
121,55
20,195
331,46
9,360
21,148
4,32
263,46
31,119
9,390
8,218
23,638
92,128
5,303
46,96
220,13
243,184
9,23
58,284
30,238
20,272
133,301
22,528
183,66
179,204
62,266
36,417
74,370
37,506
215,618
10,254
23,282
380,450
721,387
613,92
71,766
19,107
106,758
10,224
108,358
17,181
250,219
82,148
8,322
21,140
4,66
57,303
72,13
23,449
7,342
66,244
45,315
714,640
34,113
112,37
18,212
5,286
6,242
518,161
21,100
243,337
77,640
697,20
559,302
272,356
8,235
1289,341
771,274
40,174
19,459
1088,38
1179,13
900,22
1195,462
53,446
8,114
19,301
15,148
11,303
23,57
10,319
18,182
1655,297
276,432
153,166
8,610
12,456
46,134
76,289
22,156
45,714
51,278
77,531
66,85
74,243
23,305
394,776
46,316
62,145
32,221
9,169
107,681
36,243
22,293
7,310
10,20
30,60
96,280
73,774
31,95
53,221
22,450
144,347
35,39
21,117
100,736
58,69
8,771
8,30
40,389
53,223
7,14
36,284
194,767
20,574
15,240
12,31
216,97
26,222
16,425
391,125
101,143
90,457
10,80
44,385
38,83
13,84
7,235
163,147
89,218
18,313
324,676
6,32
14,216
35,30
62,110
2044,331
2045,769
9,446
82,100
39,622
4,776
1646,9
11,150
8,197
225,232
21,18
335,206
12,66
9,75
13,301
17,238
16,426
2190,266
8,43
8,118
154,204
15,260
32,600
14,769
9,476
7,46
1171,18
11,667
48,53
11,177
25,294
18,40
22,129
1281,502
7,228
12,237
10,92
263,32
25,220
19,16
556,10
16,133
10,373
20,486
8,227
109,75
13,225
117,437
15,210
36,333
41,688
23,281
328,83
166,660
891,32
33,444
5,288
5,397
26,91
113,267
23,99
23,290
109,414
18,255
17,210
51,767
48,29
11,304
83,64
10,769
28,253
17,131
812,767
37,548
265,64
50,127
11,495
325,220
80,56
4,258
14,284
3734,137
34,270
52,758
5,263
33,380
10,207
1053,224
1074,312
1314,33
513,142
290,86
1567,190
4597,163
35,163
117,305
23,20
1171,15
19,177
127,766
13,339
19,259
26,31
23,655
26,226
1785,533
18,172
22,271
18,220
427,265
11,296
319,99
212,336
137,446
14,350
11,209
12,654
1382,68
15,297
28,277
478,218
151,649
385,226
760,148
14,339
11,245
6,47
20,43
21,114
43,179
6,357
105,362
25,551
56,124
27,521
477,162
378,140
11,272
7,797
82,357
83,115
41,199
160,144
10,287
56,410
13,27
20,255
8,420
33,18
15,281
4,215
19,747
15,372
772,145
5,195
12,210
6,132
16,144
1174,81
9,273
722,412
21,309
7,85
113,135
78,318
15,279
11,44
13,294
30,88
11,38
21,316
29,577
10,279
17,361
101,241
481,465
42,450
41,10
15,193
4,497
446,94
61,184
84,362
469,710
289,150
1332,76
2048,767
1389,767
720,712
733,229
688,187
1678,764
6,8
28,141
7,168
19,306
8,261
96,611
223,74
16,359
214,344
1212,759
1171,29
1213,308
1208,626
309,279
329,550
8,70
8,90
12,231
12,285
261,378
150,125
1141,771
33,282
6,72
399,418
199,581
186,226
332,372
32,287
959,34
28,353
11,100
10,165
177,667
17,297
309,454
802,386
5,110
4,216
9,24
22,281
71,71
206,84
16,389
25,239
29,303
226,173
11,155
231,343
46,484
145,205
13,15
129,396
100,60
10,63
27,383
8,142
30,385
67,63
18,67
50,433
71,234
165,118
161,68
41,623
29,203
725,766
34,315
41,637
34,309
48,36
114,359
243,184
412,233
34,28
7,39
13,172
18,257
7,91
17,140
7,376
42,414
5075,197
11,239
2120,790
1089,428
2194,929
12,467
92,768
91,732
90,726
42,57
41,606
41,605
34,767
315,286
9,95
19,327
17,272
7,223
6,103
8,392
24,90
55,417
25,363
22,143
49,257
11,148
177,75
15,362
8,489
379,595
12,275
6,12
93,230
490,183
505,617
7,776
57,264
18,250
462,212
15,235
17,235
6,110
13,94
25,174
24,737
19,398
4,28
24,408
10,767
453,42
55,651
217,444
10,100
11,18
38,324
547,614
235,302
6,372
177,578
100,736
11,318
2312,702
69,273
6,195
43,526
140,746
306,286
65,306
8,64
9,436
4,219
32,310
5,80
169,288
7,202
15,317
181,289
120,425
441,267
29,522
12,276
58,15
25,339
25,299
21,191
24,122
48,607
49,348
47,94
145,239
70,285
20,19
431,747
12,313
11,189
25,156
153,210
35,199
7,88
35,660
42,111
253,199
16,44
9,181
11,288
108,368
7,120
9,423
25,588
8,201
77,261
53,94
157,767
10,67
12,251
30,13
585,133
704,144
13,151
9,92
43,654
178,291
2119,196
40,326
76,539
21,273
60,67
28,262
253,257
15,417
518,126
7,28
19,200
45,284
66,392
7,27
216,113
1868,321
638,123
141,180
6,23
18,88
341,530
82,583
13,22
14,67
6,298
17,419
6,566
9,362
33,198
18,354
696,734
675,714
677,116
18,137
14,223
315,341
289,181
62,433
20,339
984,501
35,402
105,589
67,76
6,239
12,303
8,25
12,134
1386,553
3071,588
2932,605
287,207
1899,173
13,41
21,285
277,695
219,263
195,558
42,71
21,406
15,231
117,130
7,352
927,768
11,38
21,316
12,143
18,494
40,257
54,100
139,713
17,221
342,131
653,116
336,107
19,330
29,570
100,767
201,209
4,162
28,691
13,269
296,351
37,294
40,308
10,35
13,245
10,334
5,16
6,151
61,763
112,352
47,370
80,393
326,88
326,14
17,355
22,220
19,267
6,235
7,181
29,243
182,94
11,114
14,133
10,568
17,165
556,308
1717,104
169,270
17,98
201,27
10,238
18,63
588,381
31,258
103,324
661,230
151,320
21,236
48,727
45,13
25,387
10,317
857,147
16,379
19,199
7,140
1891,142
14,428
25,636
83,156
41,206
43,180
163,596
18,468
11,98
10,222
56,300
19,290
81,497
13,92
38,75
8,220
404,204
18,237
111,494
48,429
23,245
11,240
14,350
41,368
83,143
12,99
30,189
18,105
17,26
30,118
179,725
12,94
8,44
39,179
61,121
6,13
5,40
14,226
33,182
9,185
5,29
2185,202
3787,213
3855,244
1168,200
1503,159
1453,148
2189,216
18,21
16,183
20,230
9,108
135,146
1943,368
2056,764
676,186
909,22
708,729
619,633
93,112
1832,227
13,44
136,78
20,378
1563,168
137,291
110,194
195,10
44,198
1009,393
44,248
40,423
8,271
10,34
89,317
45,86
6,18
121,767
956,404
10,270
50,84
16,469
18,371
335,172
13,187
24,408
279,397
5,168
10,150
4,226
8,96
9,230
7,70
12,46
12,189
20,228
6,127
16,603
1026,320
31,21
41,177
8,247
4,489
1073,326
1064,82
1074,133
995,210
1092,111
1088,64
1066,62
1083,109
1067,109
1001,623
1077,575
1100,43
1175,104
1337,715
1093,221
1126,130
1172,362
1221,225
165,751
14,30
10,240
15,359
13,371
10,343
25,130
79,159
16,319
35,6753
8,238
4,214
24,573
35,163
22,107
26,233
386,126
323,23
64,767
29,384
22,113
45,769
31,200
17,335
20,400
9,76
29,74
80,36
77,324
17,133
506,737
46,266
24,249
17,646
19,289
212,309
18,262
326,376
15,209
82,234
80,129
19,208
12,534
56,320
39,261
1426,767
610,769
7,411
1145,484
1020,56
1133,689
40,248
15,406
21,14
593,298
924,372
17,365
865,133
805,341
50,619
373,783
655,773
1778,768
58,335
832,686
11,70
19,288
26,186
25,384
9,144
20,253
7,116
12,192
30,34
1094,368
13,767
336,270
35,340
61,263
62,787
7,96
81,213
43,341
22,568
277,767
5,97
50,286
14,143
11,468
661,15
151,232
829,11
35,29
2087,560
106,110
131,74
18,213
77,58
416,465
7,89
133,612
96,272
105,770
77,524
9,358
92,205
6,196
15,16
68,233
12,767
57,209
5,91
63,553
52,263
5,221
280,315
15,674
7,27
833,352
52,188
169,290
28,157
353,594
57,102
23,732
119,238
86,392
37,565
20,575
261,449
43,38
52,109
4,243
35,389
9,158
11,173
10,152
6,128
17,259
82,141
106,130
18,613
5,241
518,22
4,206
20,553
27,29
318,409
14,433
5,194
183,504
11,327
37,542
47,610
5,102
118,26
136,774
6,189
103,199
9,371
14,77
22,313
18,457
39,533
11,375
123,310
54,262
506,680
44,105
9,22
20,10
27,697
846,289
4,133
25,143
368,351
13,181
102,416
107,269
5,92
267,543
39,184
13,274
10,205
19,573
17,267
17,192
15,194
69,603
45,355
26,576
64,79
14,388
61,465
70,27
36,137
12,237
450,269
18,370
23,29
9,190
22,789
201,230
362,668
112,61
159,104
10,148
27,716
11,610
43,672
502,265
11,114
29,49
625,324
24,44
22,737
11,388
32,71
27,213
2845,770
769,183
134,30
11,79
75,243
13,214
5,194
21,306
22,74
95,281
7,76
42,592
20,207
13,304
36,29
209,103
8,112
9,91
7,159
16,275
986,312
1023,317
21,295
29,168
22,121
18,313
133,38
59,159
11,206
40,244
5,163
23,303
10,361
48,47
19,248
10,126
34,70
21,290
80,479
6,166
230,201
7,39
8,417
11,137
2223,659
6,162
39,481
25,160
169,135
421,607
7,354
23,82
31,26
61,119
20,330
19,213
22,77
209,214
138,89
36,308
246,555
130,528
11,19
13,334
802,370
2209,235
5,56
29,32
80,182
22,458
64,346
10,241
20,19
17,100
12,535
84,30
154,220
326,88
326,14
42,571
20,32
38,320
14,205
244,326
6,97
49,456
20,253
11,192
26,221
6,193
251,427
116,640
28,467
12,671
289,368
351,417
10,214
20,331
39,507
11,74
9,21
1899,173
53,257
10,258
22,469
15,444
52,23
6,242
518,161
218,114
232,537
744,42
20,66
36,29
219,343
10,235
682,142
9,159
17,236
17,282
82,767
24,235
10,296
13,188
30,339
5,38
18,290
19,401
1029,221
81,248
21,372
5,39
110,442
497,554
347,260
53,751
29,312
204,272
232,107
97,202
12,329
13,251
101,33
26,457
38,343
194,272
50,753
46,65
330,67
9,565
647,110
25,128
90,296
9,254
252,278
15,217
6,267
60,765
6,432
14,280
7,205
8,201
10,189
6,143
545,34
16,390
107,636
411,284
28,424
9,337
11,309
162,130
30,577
21,135
15,452
27,459
22,268
25,235
493,222
8,300
108,730
132,75
41,80
17,233
55,172
82,59
29,710
1598,258
13,336
43,490
7,9
135,293
40,409
25,26
6,70
9,273
7,228
31,544
19,167
22,223
40,287
6,65
13,84
46,265
942,216
8,292
1225,174
16,187
229,409
60,22
273,237
126,322
18,340
72,373
738,385
60,325
9,265
10,208
25,149
104,197
772,145
133,113
4,212
41,758
158,739
10,306
10,112
14,8
45,222
5,88
12,293
8,152
23,361
10,427
13,207
10,246
25,423
10,275
17,214
17,22
6,178
20,140
17,82
5,100
27,648
1289,363
67,657
40,227
137,261
13,532
5,604
630,70
10,108
10,189
44,171
18,704
909,255
7,213
5,635
15,325
9,552
7,96
21,143
5,39
11,355
263,377
15,338
34,282
11,139
9,373
416,772
10,258
25,303
7,258
22,257
80,493
8,40
15,379
20,441
513,573
9,279
382,359
118,243
229,286
14,331
31,767
857,288
24,206
83,238
40,27
5,9
153,310
16,209
105,116
1053,342
17,426
22,297
16,89
19,164
43,345
35,88
733,241
14,309
94,365
14,277
10,281
29,223
247,593
32,158
575,650
101,344
66,294
14,88
230,486
102,688
67,66
1197,237
117,440
13,410
4,82
6,263
111,136
24,408
10,153
44,366
9,595
25,190
23,309
10,204
71,123
2087,87
92,448
295,425
43,598
13,191
30,357
42,39
1493,766
15,303
908,316
19,96
62,92
11,212
189,773
23,378
186,189
60,48
9,170
9,510
15,205
12,189
30,163
103,186
773,762
92,256
5,94
699,376
1907,10
1758,10
272,10
12,409
6,307
260,25
53,526
51,54
16,192
8,65
75,101
12,27
160,353
9,189
27,228
23,232
10,148
48,246
246,192
11,150
11,344
83,222
14,382
14,8
30,717
21,198
127,160
37,61
12,823
27,244
30,171
516,139
1175,204
49,136
514,674
13,520
11,182
415,168
6,148
12,291
129,314
24,138
20,302
2042,132
2070,60
15,93
10,287
10,352
10,28
390,49
6,143
23,236
95,74
112,240
126,184
143,317
68,26
6,179
20,225
8,48
231,141
41,768
30,182
93,261
33,42
6,29
104,339
23,184
1312,438
1316,375
11,73
7,63
42,16
5182,205
19,236
345,428
14,356
10,17
15,160
36,401
45,103
10,10
18,215
273,118
870,534
27,771
39,423
358,359
17,568
14,205
12,358
484,133
55,675
16,253
17,247
13,414
209,406
31,679
13,403
17,333
6,185
28,50
59,35
58,349
9,42
101,244
63,421
145,112
156,444
28,150
18,336
8,528
6,472
21,244
58,264
739,222
8,16
15,321
16,101
3028,506
23,411
41,596
714,391
339,81
818,346
8,273
1861,241
1498,11
18,365
6,89
287,80
8,293
6,28
167,453
31,479
5,58
35,409
1003,766
177,291
11,292
9,326
49,327
6,222
143,334
19,343
965,205
924,201
11,512
22,87
6,396
11,235
45,209
21,18
6,71
27,228
11,191
219,161
85,355
392,61
12,200
17,143
27,402
8,278
64,9
32,23
806,683
21,110
23,114
225,410
35,609
359,22
176,134
13,124
805,111
3057,185
2755,130
2846,112
2861,101
3349,106
241,89
2283,121
144,548
8,188
104,87
171,265
1138,39
968,138
1132,481
485,327
1411,760
21,454
121,82
38,220
26,227
18,113
12,206
10,385
28,136
597,188
121,257
10,201
9,644
6,620
19,743
46,585
228,335
23,745
101,357
78,679
78,767
251,770
38,769
738,623
739,770
8,66
12,336
84,110
14,385
12,738
4,224
495,128
5,130
1675,496
1099,429
32,264
326,45
73,500
20,331
31,156
17,22
15,122
15,189
59,167
35,162
4,10
10,6
33,161
15,169
35,167
114,39
17,278
27,170
10,262
23,206
13,236
83,364
327,492
31,423
8,50
1608,141
133,285
19,200
11,159
158,366
18,70
91,92
61,364
24,301
12,596
6,19
13,307
360,496
5,362
168,148
10,401
27,56
109,541
10,637
48,285
8,274
51,168
33,433
11,227
26,430
44,340
6,42
834,64
57,76
48,352
13,319
147,540
163,67
11,224
17,246
13,194
9,108
29,68
12,255
28,12
12,372
211,352
38,260
48,254
31,162
22,27
392,326
4,225
15,396
16,81
53,109
38,212
59,299
174,767
588,335
264,7
9,102
10,142
22,425
184,91
6,217
7,263
44,36
432,135
239,426
520,129
28,343
238,465
268,721
71,9
52,240
23,162
14,61
431,12
68,370
7,499
67,373
174,319
14,153
89,372
37,434
7,171
214,21
28,395
45,212
23,150
6,242
209,210
215,71
170,781
11,343
5,240
13,153
35,468
270,271
403,16
55,203
103,346
10,326
12,559
25,149
20,251
19,395
12,549
21,314
29,452
63,156
278,57
21,413
31,348
8,440
32,93
177,284
30,20
13,258
16,230
4,481
60,199
26,336
137,254
22,235
467,283
11,132
2741,124
195,234
35,653
13,518
53,326
11,278
26,762
12,272
14,127
55,26
12,307
31,32
15,326
29,374
195,428
13,168
34,395
20,354
16,386
3267,424
25,463
14,354
6,72
16,543
54,800
19,315
8,299
74,463
15,126
70,571
18,31
72,59
23,201
69,373
17,233
11,189
64,261
8,20
24,55
466,395
165,45
13,394
135,17
25,636
9,32
42,410
785,185
5,115
13,207
105,671
28,267
10,195
70,211
46,658
9,78
2126,124
14,230
24,344
28,315
8,445
9,125
230,228
58,68
32,69
4,71
18,220
1193,394
162,319
279,154
7,75
19,385
20,109
18,562
13,21
5,769
18,84
59,29
11,206
44,188
134,366
50,131
21,34
40,437
98,14
7,294
9,171
50,246
19,330
8,249
7,212
41,235
5,202
92,492
30,98
26,82
1059,87
38,492
24,308
41,275
7,262
1809,196
303,186
69,506
19,174
67,716
12,306
43,104
66,55
1535,28
1332,548
9,264
16,560
17,600
10,185
62,160
70,226
8,225
71,771
15,117
25,233
65,337
67,103
166,114
20,224
13,45
58,769
34,373
56,297
12,275
9,103
8,32
902,763
938,425
941,231
201,179
299,65
7,132
19,129
6,116
15,72
106,312
16,79
17,562
18,61
68,714
11,60
136,489
10,364
7,252
11,360
23,144
134,426
534,19
17,65
25,408
250,239
956,491
124,529
53,301
7,61
263,32
67,333
4,25
29,435
34,48
11,299
60,627
21,283
8,140
17,83
1002,687
18,21
13,389
17,410
250,319
21,237
20,19
19,225
22,309
11,40
14,75
1802,297
1951,293
5,309
13,113
226,241
292,240
11,106
16,266
31,278
26,262
30,231
137,575
444,246
17,129
35,506
747,190
334,649
23,318
722,25
908,196
927,774
895,439
919,418
698,110
570,35
570,31
50,617
965,768
1056,768
791,162
95,175
1310,786
363,25
1136,720
469,55
7,265
12,135
58,756
4,118
12,159
26,191
9,246
11,107
20,236
351,101
86,261
183,413
45,290
7,122
16,407
9,88
1044,743
42,327
7,148
82,664
1535,233
10,318
20,160
17,324
1063,664
25,22
41,404
163,393
130,511
30,392
20,469
21,322
100,230
16,400
76,599
19,291
17,192
30,49
12,482
182,137
23,301
25,238
8,767
115,65
90,364
11,244
55,133
20,397
14,347
13,237
22,252
17,286
4,346
1130,767
22,376
82,144
183,322
12,248
13,235
13,339
17,493
180,527
11,46
233,348
38,369
21,25
7,323
8,204
11,167
93,696
34,267
15,298
174,108
8,223
72,69
10,155
13,242
28,95
22,31
12,88
1829,300
50,211
48,532
271,741
390,604
25,615
8,89
11,521
16,119
43,767
10,157
35,270
109,764
20,93
6,214
17,299
25,509
32,321
15,399
23,230
24,407
58,130
16,149
52,49
6,212
24,430
39,735
20,331
61,266
150,43
311,35
44,260
77,228
45,647
20,560
55,710
96,104
11,280
37,387
8,269
21,368
87,126
43,375
29,771
13,182
17,65
59,756
46,286
253,402
441,766
89,24
167,246
21,64
21,586
5,160
23,309
83,196
27,54
21,307
12,214
663,71
14,63
11,251
24,400
19,392
4,106
252,432
165,767
66,666
215,236
510,254
245,277
69,178
108,127
1394,706
64,144
1200,207
26,444
4,11
100,237
326,442
11,304
46,65
330,67
34,151
1817,164
17,632
11,769
6,127
39,553
729,251
66,227
216,455
30,154
274,285
10,595
341,222
58,170
178,416
3360,238
2329,198
1175,212
5016,360
4936,377
2029,283
33,440
5,121
9,194
176,345
10,157
1136,245
8,296
8,6
13,379
229,234
175,749
829,381
8,383
12,329
41,294
10,480
24,35
157,263
56,71
7,202
28,278
5,75
405,505
8,115
11,271
9,224
89,494
19,314
34,361
590,151
363,380
24,254
32,549
19,305
25,247
135,522
13,187
11,32
62,59
6,55
53,59
14,542
98,313
11,105
136,375
556,676
12,203
5,151
11,206
5,275
9,191
20,285
60,188
14,321
7,129
543,699
15,358
332,452
195,184
14,269
147,186
44,175
91,6
162,121
101,349
9,314
18,345
276,774
11,134
416,152
8,187
20,83
61,747
64,478
17,247
36,35
999,272
485,370
1872,166
1475,153
650,225
1484,278
755,404
832,770
873,219
872,196
916,769
769,152
881,163
988,216
1189,472
1042,36
1035,114
1012,769
950,64
954,109
24,770
8,58
20,348
25,197
12,297
65,25
1362,755
15,616
24,552
40,60
31,221
186,177
35,284
2163,395
2116,390
16,151
13,290
33,451
26,326
9,157
23,284
985,252
28,43
10,153
138,279
14,450
24,303
11,236
14,205
12,574
22,334
2527,309
22,171
13,168
847,767
7,251
246,717
240,470
14,242
79,157
13,183
523,607
13,88
180,721
365,327
105,742
498,769
14,778
9,169
12,91
194,233
8,109
12,241
1541,171
318,146
7,292
7,103
8,104
478,158
42,284
14,507
33,201
24,167
12,453
38,672
46,43
72,633
1870,114
18,354
8,119
57,345
6,183
305,750
16,173
18,278
26,316
1229,125
13,180
9,18
5,234
14,350
11,307
121,351
23,27
88,471
498,61
28,315
11,286
2883,397
139,5
1675,771
6,9
8,207
429,20
5,89
304,506
1596,24
497,32
1624,325
1498,253
303,301
2018,279
21,609
836,277
7,220
138,140
74,233
46,553
119,246
26,508
14,222
37,550
551,469
20,83
285,767
2436,140
25,588
130,305
14,401
17,458
21,428
11,252
14,334
16,246
4,371
4,608
2675,767
24,260
398,813
921,645
23,214
10,486
396,317
146,305
26,249
395,366
13,484
230,768
18,249
978,739
969,723
440,699
16,49
6,588
36,121
247,387
37,164
18,358
23,223
66,680
76,122
16,298
287,229
7,325
42,410
14,120
20,727
139,95
22,543
19,90
28,276
8,281
48,126
34,265
27,649
2594,511
27,124
22,332
66,134
16,43
2397,287
303,156
16,123
7,729
6,215
40,730
4,86
23,29
5,38
12,23
15,259
11,138
334,449
46,346
6,310
12,613
14,189
6,183
6,291
27,164
284,144
22,344
217,715
989,133
697,760
58,203
660,769
508,770
8,78
13,235
9,775
497,666
57,89
9,369
73,396
15,766
13,305
6,169
469,127
15,360
9,418
33,493
145,136
4,285
30,768
15,101
37,12
28,461
93,699
13,366
43,475
24,433
9,146
31,395
10,265
14,268
20,127
44,46
12,220
16,89
10,762
52,205
365,722
15,154
27,318
75,297
572,110
195,234
15,208
624,64
29,18
11,9
12,486
354,750
7,55
10,148
17,141
20,224
9,265
20,767
18,633
10,200
31,128
15,195
314,363
59,159
304,291
7,104
6,120
18,187
338,309
12,261
10,225
55,395
12,263
655,324
15,617
19,424
90,83
29,58
27,137
36,368
488,93
457,215
879,80
32,138
30,330
4,410
37,326
865,508
28,36
21,318
24,321
27,14
65,60
462,188
310,518
47,221
19,298
273,767
49,37
28,78
30,95
9,114
14,417
29,368
25,407
41,103
7,235
161,668
1083,459
56,31
436,235
1314,159
734,315
1304,248
1307,244
14,305
540,401
182,391
13,193
264,221
163,118
13,653
8,490
50,300
78,19
156,760
740,135
136,670
45,573
13,371
102,670
25,576
106,698
228,499
29,269
20,204
2348,249
19,140
26,21
10,86
72,130
19,375
15,234
11,504
12,268
25,48
28,183
38,576
220,438
4,152
103,215
96,93
8,222
1004,287
13,413
144,627
133,681
19,280
172,609
18,22
18,316
33,551
11,21
25,66
19,65
8,600
66,158
43,374
22,314
393,199
503,589
136,319
19,232
27,315
7,35
8,95
39,500
10,213
28,698
110,767
1479,272
3936,164
2427,190
19,197
62,105
260,288
11,281
7,234
9,141
15,683
135,84
1428,438
15,308
23,86
26,326
18,188
48,152
10,475
50,34
103,406
17,147
27,167
59,416
12,386
49,28
745,273
6,430
82,76
45,573
216,100
62,117
216,88
21,425
21,156
15,155
337,668
521,858
2503,490
5012,1621
4995,690
5062,689
5053,1077
5017,1663
1245,707
2573,1087
2588,1192
30,499
17,395
10,11
61,767
22,161
6,304
52,374
11,282
52,485
63,318
44,486
39,35
15,312
316,772
216,89
15,62
78,363
27,252
17,293
12,349
65,172
63,102
6,148
14,297
8,47
182,87
115,213
21,68
19,62
73,368
4,70
6,174
94,165
8,450
92,128
84,192
22,235
36,32
16,426
2190,266
5,226
109,207
308,45
4,162
371,606
33,309
14,483
8,19
20,352
98,105
211,628
9,247
1233,356
391,234
342,120
27,147
30,214
154,596
17,351
11,267
13,240
75,332
28,36
139,215
53,744
19,266
23,74
24,29
154,271
57,266
802,766
13,454
20,529
17,459
11,147
29,455
51,304
52,198
129,88
34,199
21,63
10,312
14,345
15,52
380,190
46,767
49,61
10,285
14,350
50,275
255,188
10,277
176,591
14,232
1083,767
39,98
36,431
21,280
65,239
4,124
26,357
11,16
20,245
110,246
44,316
9,34
824,745
747,303
68,201
43,318
77,418
12,348
39,265
8,419
64,665
43,488
7,320
103,695
144,37
1435,148
204,148
14,69
63,768
15,486
17,131
5,136
10,227
8,86
29,94
26,19
635,537
1238,19
140,143
1829,229
23,18
16,119
1159,570
11,307
136,390
67,339
15,195
25,195
26,218
18,171
36,184
69,21
15,369
207,145
14,212
13,251
19,280
6,48
5,92
95,763
6,242
19,153
83,386
7,245
28,159
7,126
21,15
34,554
103,67
28,783
173,74
40,165
8,94
342,28
506,21
382,767
133,540
18,306
11,198
248,120
467,121
13,84
9,70
11,67
61,336
6,204
75,51
17,289
49,191
15,293
20,272
16,454
6,105
24,112
96,766
114,76
64,33
15,501
35,516
14,118
145,478
9,126
260,747
10,99
16,191
118,131
89,238
24,297
72,328
47,172
15,403
20,183
6,25
9,327
57,102
12,286
2136,47
2135,33
6,360
11,328
2218,678
18,486
29,72
26,136
1051,525
6,40
16,383
7,207
7,108
15,337
413,500
416,150
1241,177
33,39
261,277
23,380
73,184
71,574
4,218
24,319
23,348
5,117
12,211
38,348
7,94
108,229
7,316
7,78
29,302
18,112
19,156
87,366
26,240
619,295
938,239
15,288
1903,147
63,178
19,414
30,425
11,108
18,48
1589,204
1591,233
1595,416
240,147
11,208
39,236
566,479
126,599
17,135
34,24
23,315
693,58
23,448
106,606
6,38
389,158
100,138
27,353
9,26
14,132
29,181
107,269
20,769
154,85
22,688
663,622
53,467
29,771
319,35
5,30
134,19
74,589
38,429
6,37
8,86
20,238
29,166
33,47
2993,119
79,309
1103,30
2971,182
9,191
10,284
150,199
32,226
379,250
15,444
36,372
11,418
134,7
14,34
20,238
5,51
11,126
199,72
1868,146
1998,116
1244,237
53,264
358,102
1012,20
8,274
8,169
7,13
212,158
65,258
496,218
57,541
29,36
14,136
1472,472
9,230
207,340
8,41
2224,572
8,68
13,211
19,525
81,767
32,374
20,62
6,130
11,18
62,145
14,301
22,227
6,173
47,478
14,358
36,234
9,246
21,285
10,297
23,147
7,248
59,767
62,769
1136,274
9,366
23,311
11,321
31,39
28,360
42,198
30,74
27,529
26,281
22,519
6,129
14,417
45,357
34,101
37,130
73,193
207,72
30,247
319,439
29,168
2238,249
3773,105
17,158
332,607
4,240
33,231
61,658
137,299
14,231
256,727
17,195
73,366
249,243
41,267
780,378
53,445
19,206
8,255
8,133
448,92
357,125
571,72
578,129
636,181
13,198
10,109
12,265
47,594
10,382
19,116
69,42
7,339
171,108
11,138
11,737
138,169
86,164
18,6
68,87
294,766
14,360
86,26
93,170
12,317
37,285
28,101
12,71
12,333
29,282
22,231
6,121
302,283
49,582
13,187
15,576
508,330
172,636
4,95
49,178
25,443
45,27
51,203
97,564
51,754
14,14
99,197
32,546
87,336
21,19
138,95
11,209
80,486
27,61
14,270
158,705
227,218
9,110
24,96
23,166
11,270
43,112
29,723
219,164
12,38
7,62
27,205
8,95
22,528
67,457
522,399
268,138
147,223
6,36
23,23
6,114
4,191
9,284
96,280
6,127
101,53
184,7
19,332
860,222
22,211
17,334
137,484
137,14
15,411
63,242
1015,281
8,239
17,316
11,100
442,363
30,257
17,42
10,504
137,166
18,20
9,11
48,375
24,399
14,351
4,298
2128,394
48,138
47,574
32,390
106,554
850,392
49,495
10,305
17,207
6,182
147,376
35,401
58,587
37,155
14,239
159,322
80,89
361,32
89,383
67,210
7,354
33,126
14,390
63,480
39,74
148,323
7,316
27,426
111,431
12,356
18,368
17,149
28,142
17,324
2840,388
25,190
79,436
12,233
10,454
20,207
11,224
14,14
13,196
57,260
37,455
37,550
19,476
64,541
16,136
321,775
465,469
55,231
6,397
7,184
36,35
22,128
13,259
1940,224
17,394
10,227
53,399
12,384
43,559
696,582
168,84
11,413
7,153
22,213
148,150
30,147
38,472
20,36
7,438
20,246
30,157
15,223
1118,174
200,80
15,115
55,110
12,331
24,88
102,134
24,204
9,175
94,246
104,38
290,267
43,174
127,11
13,769
116,327
14,137
14,45
7,263
17,286
61,140
98,417
6,254
15,85
232,556
25,729
19,311
25,37
87,162
77,254
6,72
20,310
14,220
17,366
97,273
6,76
14,92
205,428
7,147
13,237
22,252
19,362
12,768
22,361
10,192
67,291
8,133
366,437
10,231
27,588
33,507
78,8
37,89
472,22
539,33
564,37
643,15
1347,31
2698,25
1224,43
1622,43
1517,43
1555,43
1395,43
881,43
1588,54
1896,326
43,338
691,757
13,98
5,74
10,137
6,47
7,62
943,720
186,43
59,20
7,94
377,721
15,221
10,267
23,529
122,57
26,613
16,12
28,263
7,41
12,422
14,332
133,130
117,544
21,141
23,429
34,168
255,118
57,154
19,79
20,188
131,533
78,188
54,106
553,272
16,89
15,218
154,288
31,118
9,43
43,252
239,605
14,32
8,98
33,271
12,355
146,134
1129,158
1435,264
7,12
14,43
19,298
6,236
41,26
17,97
13,431
36,195
67,470
9,264
9,33
91,233
19,465
17,78
19,303
29,232
349,128
581,380
418,342
306,174
9,89
13,307
192,766
18,248
4,94
219,410
17,459
42,725
682,142
10,200
71,462
16,770
133,194
88,510
21,400
13,515
44,172
50,196
50,620
38,230
9,253
15,91
585,125
12,388
15,309
62,31
411,242
21,424
9,167
33,542
965,274
414,223
330,128
147,121
9,12
30,292
15,102
1382,68
25,366
174,474
105,387
113,529
62,326
31,115
12,452
25,342
9,316
67,767
34,418
4,183
8,342
75,363
42,375
23,538
16,408
717,702
7,352
12,248
123,203
45,147
5,126
113,78
28,332
48,29
18,316
13,38
167,767
14,99
9,186
97,288
110,25
7,34
47,445
21,173
20,352
126,527
124,303
140,693
23,26
246,767
2152,195
267,178
35,446
22,62
34,518
34,385
7,66
7,229
13,56
45,524
218,88
692,590
204,740
15,74
6,248
4,104
32,419
119,208
13,603
22,465
37,474
7,300
309,308
625,140
117,93
488,311
625,257
1354,255
625,134
796,768
890,42
2379,170
2806,182
1822,107
44,135
529,171
4061,9
10,238
198,228
451,453
307,311
24,405
9,310
8,15
24,276
14,207
128,87
141,477
36,665
62,561
3529,617
185,352
26,395
700,253
513,62
9,105
11,360
967,180
39,67
14,309
21,388
15,41
22,177
20,361
13,129
17,113
11,434
9,495
37,111
183,331
32,265
6,124
26,273
16,314
78,588
52,357
21,209
9,33
6,421
17,295
94,439
164,723
5,192
20,325
56,36
13,180
31,341
10,284
13,627
14,165
1390,46
19,202
15,128
10,476
124,635
1124,95
52,124
17,215
18,537
5,155
32,763
13,203
101,30
32,90
11,281
14,109
1675,10
490,10
1681,10
893,10
1767,10
1118,10
1680,10
865,10
22,495
52,41
7,325
225,380
23,125
8,140
744,775
6,265
14,302
22,261
9,225
40,108
626,767
13,496
16,173
117,372
47,769
11,462
42,175
60,49
22,512
233,382
99,407
23,263
761,396
51,213
122,456
36,233
16,224
547,79
913,361
1221,21
1236,504
1305,447
10,309
10,255
135,240
56,301
469,127
15,360
10,439
77,459
157,637
4,290
469,347
24,770
464,14
773,147
863,101
177,140
929,66
194,137
15,143
435,334
1413,14
503,769
1404,757
108,184
334,71
575,487
229,225
1385,13
1490,767
371,186
279,326
698,188
10,86
16,262
7,61
16,227
27,75
16,284
14,357
125,55
1855,411
11,210
21,172
14,283
2094,767
15,219
10,248
96,235
47,414
11,82
153,220
7,195
1057,536
37,36
34,29
42,220
14,85
275,52
48,307
18,90
10,276
45,579
12,71
7,394
67,656
88,335
178,269
11,302
22,146
318,616
30,769
23,385
10,55
9,282
22,222
28,521
1215,144
509,132
1216,768
905,160
29,357
38,22
5,81
45,243
19,472
54,352
6,402
24,31
187,272
18,97
222,217
10,82
8,87
33,766
17,313
437,780
10,125
165,323
8,93
56,379
7,21
12,125
19,65
107,269
20,769
154,85
122,451
3389,107
6,259
4,107
8,276
6,235
11,21
123,91
433,471
435,450
430,204
421,495
2075,313
3642,270
3286,355
13,270
73,51
127,360
7,360
9,97
5,243
25,520
9,767
20,483
7,357
160,169
898,197
54,70
167,142
5,241
59,30
145,190
10,187
15,92
4,152
156,384
86,547
22,426
19,46
172,328
313,380
17,670
15,67
361,205
13,46
11,384
12,260
12,84
239,160
72,767
33,10
569,605
21,277
29,54
226,93
79,237
34,84
9,292
169,212
33,316
413,136
44,220
150,164
126,328
26,208
189,72
519,424
189,676
51,169
28,87
2085,111
96,154
28,334
4,162
8,216
30,472
74,259
32,234
27,305
25,205
18,367
4,65
245,420
26,478
141,321
25,91
12,229
19,227
13,233
136,393
211,438
14,108
18,312
17,340
13,600
32,401
6,505
9,26
145,40
80,468
83,108
55,220
46,180
66,709
174,289
384,354
35,517
14,200
21,326
15,239
19,211
192,234
27,210
747,235
17,56
416,88
27,450
105,596
14,34
8,767
33,164
20,183
34,469
42,390
759,418
698,392
5,292
10,270
14,157
36,319
4,548
10,599
7,352
9,122
8,36
47,255
8,211
1783,209
1740,287
10,427
624,664
648,433
646,266
210,234
18,323
75,175
216,80
110,226
20,248
27,328
10,258
46,471
59,290
25,58
33,546
154,312
8,439
9,259
697,760
659,484
19,186
6,336
10,263
57,48
13,216
34,153
103,494
11,238
83,232
12,318
44,646
24,439
5,176
451,340
159,410
14,302
44,103
19,313
23,541
873,159
1054,206
29,526
21,35
26,170
22,282
103,462
86,514
96,6
14,319
8,100
740,470
376,280
11,14
1324,635
256,23
1315,227
1315,767
1309,78
318,312
1158,298
339,694
111,333
245,481
1196,325
205,292
15,199
9,201
126,467
15,490
43,292
205,659
21,27
21,184
9,130
10,195
13,278
251,93
95,506
35,197
91,125
160,575
12,286
26,30
93,329
931,769
22,25
21,100
6,298
5,104
18,498
47,72
19,497
24,223
14,116
10,511
5,223
24,444
317,275
14,146
200,152
9,292
11,394
9,187
51,346
34,608
32,289
8,283
81,428
7,458
6,17
27,296
447,137
4,32
96,187
25,374
35,259
40,244
8,214
15,583
183,174
833,769
142,295
16,314
7,402
249,236
105,596
8,262
31,449
16,110
13,120
16,615
284,249
82,583
167,382
112,355
23,165
60,34
350,481
15,262
15,767
5,36
7,279
396,212
101,356
242,70
49,88
7,109
7,277
14,164
4,72
13,172
736,698
484,356
600,460
81,171
34,768
20,18
83,52
34,24
63,183
31,430
15,163
34,20
54,23
25,115
75,19
31,253
419,11
20,9
17,239
8,80
6,235
4,20
6,20
10,281
53,304
391,439
40,314
60,325
7,104
11,103
219,134
30,69
2349,50
34,70
174,151
5,201
144,266
28,136
211,97
11,124
25,180
37,324
36,653
126,453
36,438
401,475
882,529
26,73
115,109
11,254
13,89
314,416
252,202
18,228
133,199
12,90
454,156
53,338
12,200
46,230
84,143
10,517
19,503
47,769
719,58
73,70
5,769
4,42
7,26
22,284
102,765
113,135
11,11
76,421
51,702
8,230
955,441
11,36
26,329
13,467
138,688
22,30
5,231
143,119
44,517
37,96
34,66
22,239
700,335
78,179
22,514
8,70
24,53
419,346
23,322
53,86
31,87
18,143
94,328
24,613
6,78
18,260
15,342
24,258
9,190
13,403
10,251
8,27
1361,291
30,376
21,348
18,329
8,92
200,306
25,497
24,226
1190,229
1206,236
36,357
24,236
76,277
548,253
37,354
38,376
7,306
58,295
6,61
18,52
29,133
11,102
43,488
52,130
105,589
82,273
15,481
150,265
332,206
141,573
23,767
87,462
178,291
1576,300
7,104
18,699
9,219
19,202
7,202
216,92
37,351
23,276
17,139
13,158
11,47
9,21
2236,745
58,509
10,292
123,300
808,317
36,233
93,523
138,230
675,202
18,529
29,375
68,70
225,764
5,22
32,105
10,770
34,516
8,516
124,336
18,257
124,206
11,291
51,600
1133,105
6,304
38,54
11,280
340,146
122,329
10,286
27,738
11,214
16,416
441,183
9,480
5,69
11,238
13,209
16,98
672,724
9,217
33,396
16,276
418,320
844,30
32,35
51,36
36,123
168,132
6,112
57,61
15,121
9,236
5,91
32,677
11,87
12,228
22,172
87,110
1127,486
657,103
13,202
91,253
21,241
19,286
4,190
21,341
450,377
43,366
123,102
224,751
19,14
19,223
5,257
13,288
23,303
20,313
13,200
52,255
64,163
27,36
79,645
28,117
11,97
9,123
10,120
6,190
11,365
342,564
6,93
1895,245
17,303
41,297
14,136
38,105
18,109
38,358
47,316
5,604
66,766
77,677
18,102
9,107
8,182
40,371
7,248
84,402
34,66
23,31
648,159
14,564
10,44
39,297
336,267
575,101
474,587
12,123
13,18
11,765
17,320
10,197
18,29
382,410
165,688
13,117
64,344
16,354
20,145
50,273
23,235
7,276
22,232
52,433
58,156
52,72
5,160
36,415
81,286
18,319
37,647
5,106
369,139
7,354
4,209
56,232
20,398
306,720
196,61
37,304
651,116
20,729
31,83
53,228
21,712
2044,331
2045,769
31,375
16,705
104,257
68,246
622,353
147,245
598,446
645,582
55,253
50,742
12,93
973,588
63,159
16,14
21,523
499,245
5,243
7,308
17,13
105,192
243,600
253,56
40,295
88,13
184,668
4,780
6,229
31,678
132,12
5,551
640,141
1507,591
42,43
244,379
13,184
17,690
7,308
1299,258
88,605
732,362
178,254
23,406
14,153
2128,394
40,314
8,445
15,231
6,90
66,235
1653,72
7,76
12,340
63,24
1687,107
326,62
14,319
47,191
14,262
23,19
43,193
264,171
24,286
33,255
7,291
182,103
29,99
21,216
15,234
10,365
164,205
2003,774
48,605
39,325
72,357
41,230
94,398
93,375
1916,53
7,96
71,560
27,267
7,223
10,147
74,148
8,553
43,476
138,761
155,578
36,467
6,204
68,68
813,430
101,192
492,332
643,192
542,217
470,393
460,314
69,429
820,410
851,196
2140,624
558,222
577,111
1352,118
2483,143
1979,101
748,418
764,459
697,551
20,414
444,264
36,237
14,595
8,353
14,412
9,158
9,94
14,456
12,103
15,624
83,672
107,90
7,78
103,82
23,297
25,104
27,201
245,755
8,588
13,262
122,411
15,285
24,213
26,89
75,651
5,34
1999,222
569,767
6,60
15,279
49,632
10,213
28,510
76,226
8,44
20,156
7,171
52,236
27,256
5,8
8,217
2954,148
37,487
330,259
11,115
5,303
11,63
14,140
13,100
78,336
7,293
174,348
23,251
13,195
119,131
961,257
14,234
468,280
22,357
16,230
397,66
164,169
47,574
21,491
34,218
22,355
307,15
62,540
13,230
9,203
97,67
26,436
16,182
4,22
3148,200
22,232
217,218
48,67
51,612
14,62
39,766
137,396
60,630
15,305
8,90
13,82
7,173
1316,630
47,153
15,102
116,508
1899,162
63,199
11,27
673,391
44,482
18,127
37,328
13,287
26,362
59,704
605,595
1097,593
189,360
129,339
1343,44
2026,95
50,174
44,292
50,262
5,120
41,320
99,170
47,234
27,266
2179,227
48,383
28,221
12,84
67,303
19,768
2128,394
52,148
255,331
5,189
47,122
304,222
28,390
5,231
69,42
26,219
89,306
17,237
17,17
7,280
25,329
467,436
219,563
266,379
116,636
7,685
306,720
84,83
400,611
9,418
442,766
6,286
1815,771
226,402
14,733
13,250
45,25
135,267
3632,447
155,564
774,424
43,445
55,319
38,205
44,413
25,581
19,75
154,20
6,269
43,323
9,148
66,694
5,93
49,147
95,601
13,369
40,76
85,416
10,128
397,148
87,314
28,454
12,299
4,76
10,48
18,331
414,310
388,768
70,462
27,347
28,276
32,316
137,504
28,223
9,213
76,402
19,73
12,123
11,262
105,279
9,331
7,76
6,173
15,216
13,188
146,116
86,29
4,256
2239,80
72,341
481,465
12,111
10,175
154,389
8,336
11,239
10,874
25,388
301,167
50,36
345,154
31,561
929,550
41,388
19,181
24,286
23,361
13,200
18,251
29,105
11,15
277,446
13,70
6,249
5,200
12,54
24,36
26,331
11,179
95,488
214,118
14,184
59,748
29,209
900,337
13,349
51,57
46,101
682,253
74,42
10,66
82,485
291,337
20,342
9,213
40,206
32,197
441,202
9,146
5,192
25,65
49,767
11,125
81,96
14,371
27,393
16,589
13,245
235,577
23,17
5,184
1129,228
49,290
11,308
6,336
687,237
121,205
29,384
14,116
19,306
21,90
22,217
36,271
7,165
166,225
43,430
13,136
12,169
98,34
38,366
173,516
36,342
368,701
420,717
58,412
40,280
103,289
35,159
181,559
40,260
350,137
26,481
4,12
134,158
105,213
18,467
300,282
45,310
245,481
1735,241
14,407
460,768
13,207
90,329
8,274
39,254
197,700
30,768
14,204
7,16
31,407
28,421
29,72
9,245
91,116
10,263
216,106
20,115
1278,29
676,47
726,41
1335,621
97,132
18,93
6,38
6,273
46,439
16,157
10,355
64,671
133,160
19,305
7,434
41,162
151,166
107,556
19,131
19,348
19,336
128,596
60,408
38,277
27,105
2151,95
48,99
32,454
103,70
660,26
283,26
123,108
71,207
5,181
264,159
34,148
71,321
1739,14
28,324
34,25
23,176
7,157
59,45
776,719
13,161
15,317
9,366
74,412
6,34
7,535
16,28
10,258
7,293
53,57
554,354
40,31
11,107
23,510
19,118
23,338
56,104
5,172
22,362
7,332
22,409
50,123
26,149
35,524
14,186
456,78
7,414
26,675
5,319
24,485
46,538
6,54
26,312
12,204
17,531
35,519
20,63
17,352
19,290
136,713
17,364
405,387
704,106
11,454
35,288
327,168
33,97
579,407
896,583
301,609
30,22
256,358
32,269
165,363
93,182
26,151
18,429
72,151
7,21
153,362
11,58
11,83
190,92
4,13
60,176
25,459
7,170
157,143
9,235
21,116
11,388
13,325
6,444
4,230
2719,101
14,350
23,56
14,110
8,162
17,298
8,359
9,229
61,290
22,388
201,316
13,129
23,100
34,749
39,673
84,175
13,225
10,242
21,337
6,493
18,53
39,257
19,81
38,227
933,169
13,348
25,505
19,140
6,336
10,531
17,341
42,340
9,427
15,303
79,175
38,272
9,99
38,492
181,534
48,146
26,424
10,224
14,90
27,303
45,36
475,117
21,312
7,87
49,436
42,769
202,186
1513,455
129,419
947,767
21,299
13,623
51,544
114,75
53,201
57,651
102,463
95,285
318,52
12,321
46,206
628,349
90,354
22,312
86,266
78,325
106,417
105,44
40,220
12,742
190,767
20,145
11,56
394,441
296,361
14,215
28,766
7,501
12,257
29,336
115,77
13,282
179,204
19,311
6,38
7,273
25,279
12,412
235,96
121,209
14,194
158,96
17,74
8,360
33,123
273,732
24,113
55,382
10,164
9,153
38,223
181,267
1151,74
666,258
144,89
34,23
8,233
5,328
42,454
57,89
49,112
38,501
6,19
10,284
40,73
88,210
16,379
82,755
6,191
992,109
29,516
251,277
130,278
7,201
17,331
184,5
18,506
140,767
132,7
8,342
36,465
25,323
492,401
5,492
10,346
32,39
53,444
287,362
18,243
17,262
32,39
342,267
642,552
467,306
198,148
15,85
40,364
14,197
5,143
18,320
216,79
30,172
22,178
2179,632
27,500
9,280
289,534
26,450
5,179
193,188
569,767
58,393
2916,158
952,637
877,717
20,225
12,154
11,314
16,517
802,195
55,320
11,258
19,132
11,176
1173,339
247,421
13,564
331,457
27,208
23,265
29,239
56,769
23,263
1191,152
73,769
24,380
11,701
25,294
9,193
44,681
268,95
28,99
27,45
7,107
16,417
12,362
558,770
344,474
11,420
214,466
281,47
120,339
7,268
20,433
171,370
27,56
8,139
10,326
98,77
17,243
33,235
439,461
44,138
10,702
15,496
132,372
156,767
106,552
6,110
48,502
11,275
384,193
182,47
75,186
46,256
236,142
51,703
80,46
20,224
14,316
61,273
689,767
53,571
70,514
80,71
9,348
9,285
210,502
67,114
299,200
2085,111
30,119
9,481
33,533
22,408
35,233
177,42
679,385
2792,580
1744,532
14,765
90,457
11,243
16,265
67,104
13,126
17,255
120,744
67,201
770,22
1009,209
4,255
16,252
243,249
39,317
181,346
374,595
12,625
136,78
6,31
21,344
144,233
10,91
5,97
11,77
23,257
62,767
1020,69
459,434
73,360
13,205
495,468
46,88
21,309
72,126
31,485
209,434
183,223
42,77
11,332
8,76
22,13
7,26
25,451
27,370
28,23
8,243
25,90
6,355
44,385
113,328
234,119
8,244
6,173
280,293
12,220
99,6
42,18
30,22
110,548
5838,110
155,458
14,143
6,23
21,505
8,334
25,575
897,31
43,398
236,266
246,300
334,312
115,11
62,296
18,113
13,291
13,77
13,294
8,41
12,357
76,529
44,270
15,185
10,148
62,46
48,46
349,219
1282,703
17,325
37,402
35,259
301,773
7,162
7,112
22,277
13,295
45,290
79,475
58,82
537,228
15,187
356,168
10,132
29,413
30,581
8,199
10,433
16,496
103,473
38,312
17,35
23,31
60,501
21,296
1861,698
436,791
12,145
32,675
2375,48
7,155
20,297
38,114
22,202
31,184
139,450
36,162
11,353
24,356
13,279
36,272
13,13
31,300
6,106
62,29
3260,47
1148,33
1578,271
185,524
246,146
47,617
77,628
35,209
5,330
52,26
13,767
64,206
2358,531
16,300
668,80
6,249
48,133
35,624
80,332
13,63
701,58
389,84
43,374
100,639
28,245
18,494
40,257
7,250
9,123
13,459
14,288
22,259
12,71
16,116
39,266
14,275
22,76
20,108
9,427
77,634
26,535
12,237
5,215
15,624
4,469
12,13
20,518
57,161
4,84
685,152
41,144
9,186
10,289
10,132
18,212
1340,764
6,221
10,26
24,714
14,182
18,156
28,123
30,764
524,426
13,159
22,374
18,134
9,160
30,35
256,82
14,109
9,217
38,207
141,321
176,95
4,148
10,95
46,279
190,562
75,51
16,316
7,40
492,108
26,319
95,245
24,109
11,297
354,579
9,451
77,175
10,159
23,289
22,23
51,728
64,40
12,81
19,451
186,368
12,268
13,233
50,300
39,265
39,106
288,181
650,555
13,295
289,355
9,229
201,125
6,291
24,573
7,205
93,502
1350,512
926,53
1013,305
94,23
10,179
87,380
6,208
8,253
8,97
10,350
17,214
8,239
12,171
579,637
17,172
15,374
69,322
5,158
143,13
13,152
111,139
36,266
31,628
31,211
7,30
21,518
163,270
15,389
8,270
24,310
265,412
2352,378
2381,134
40,337
23,769
708,392
563,111
180,8
31,249
38,241
19,515
26,18
298,382
7,127
58,533
12,243
249,251
207,462
8,68
36,265
19,118
42,753
76,79
22,94
16,255
29,293
247,403
131,92
154,144
46,77
22,354
339,537
1003,522
29,479
285,227
40,409
18,217
21,665
140,21
11,432
76,107
56,319
42,287
5,283
114,415
21,236
336,507
8,102
22,251
52,441
24,52
49,334
24,518
33,391
19,298
20,344
17,97
11,168
110,289
18,673
36,305
10,199
38,281
265,9
28,49
10,11
22,135
20,150
27,771
6,240
35,136
17,646
12,77
6,80
23,337
287,215
22,331
12,174
163,128
14,359
52,775
18,94
19,337
93,13
9,179
63,148
36,219
24,446
28,477
13,321
23,620
31,442
13,653
114,86
38,38
14,106
16,424
4,60
97,132
15,32
18,239
47,173
126,258
11,159
71,518
9,86
273,573
10,101
66,107
305,290
5,270
11,164
72,357
4,141
119,69
848,762
63,441
7,315
8,293
1091,769
51,159
54,582
36,101
66,236
21,370
10,429
28,233
66,435
5,303
23,209
72,271
48,47
163,438
16,508
21,767
46,548
10,609
19,392
7,120
4,95
24,102
32,42
8,99
59,418
99,612
20,196
22,234
1115,119
9,117
14,360
369,10
31,221
19,173
38,343
194,272
7,92
410,669
832,6
869,6
168,245
19,133
93,402
59,397
349,134
7,168
103,200
8,79
24,767
2048,767
10,259
15,106
1556,225
2167,176
49,151
13,237
136,484
8,83
8,216
18,360
15,438
4,51
22,60
107,330
27,279
9,255
14,228
74,66
981,20
13,312
29,518
4,170
48,375
27,130
24,102
1244,399
230,124
14,207
6,255
9,110
340,563
14,80
80,21
44,177
51,154
61,457
8,307
15,22
284,339
697,453
67,562
1598,285
7,354
40,223
71,291
21,225
16,605
8,203
66,264
9,344
9,153
15,614
21,238
38,230
99,31
96,351
10,158
22,349
17,251
232,139
48,76
173,445
133,587
6,38
246,106
8,90
1734,197
15,495
7,211
4,36
1142,381
86,524
7,22
78,336
74,259
9,110
64,593
335,765
18,767
118,82
24,391
15,287
64,740
17,311
9,367
180,303
7,89
12,285
2291,119
80,535
129,237
393,156
27,333
10,56
10,151
31,358
16,319
12,471
17,225
110,529
5,172
63,323
8,18
587,606
19,322
57,72
32,454
10,69
11,308
105,594
15,365
16,769
9,447
19,769
11,151
358,113
316,86
342,102
304,36
323,327
460,499
474,474
467,59
496,211
410,86
543,483
74,232
536,520
257,386
1316,68
350,444
463,218
406,180
9,295
163,220
111,608
34,79
50,245
36,240
833,661
13,411
476,767
252,427
184,148
19,68
33,271
717,769
87,194
2320,116
62,79
23,322
57,527
21,299
106,203
50,175
10,723
28,770
12,403
11,91
12,200
260,118
13,207
862,304
108,74
93,523
401,33
53,237
10,773
787,370
10,227
10,265
84,120
60,566
434,244
68,269
116,246
27,32
17,661
66,633
13,242
97,306
18,166
7,223
16,285
21,290
70,353
486,174
24,770
17,207
103,473
169,52
23,30
9,387
172,110
21,275
77,769
25,298
13,304
30,312
16,171
270,91
18,290
73,366
145,597
31,316
18,140
20,19
11,323
51,30
34,218
12,141
18,37
44,703
291,767
14,270
113,125
56,190
230,767
49,48
933,676
11,95
31,459
18,79
49,180
41,22
341,149
15,613
25,730
47,221
11,147
91,340
12,228
12,218
263,33
675,227
17,381
16,280
77,260
34,221
43,25
8,278
655,763
206,768
16,683
24,543
7,288
857,186
18,18
24,112
756,61
756,149
16,332
33,40
407,554
10,468
10,245
19,176
5,47
835,768
1150,204
1294,238
1397,200
1425,156
1564,219
1705,610
118,108
234,724
87,296
53,462
19,330
390,349
801,487
205,49
3009,229
15,566
27,26
233,426
486,260
9,191
12,225
25,48
55,207
408,224
15,255
293,241
309,774
22,280
20,323
51,98
23,363
8,242
21,323
9,348
20,68
36,29
85,71
140,467
9,196
27,312
9,78
91,280
17,660
48,242
9,244
188,39
11,28
208,249
62,359
246,49
31,163
12,240
26,210
109,185
21,359
38,334
33,154
7,130
27,343
15,201
38,494
295,326
1447,324
22,442
884,457
1093,465
701,226
82,66
995,275
22,477
41,368
85,74
39,273
9,32
10,134
19,356
21,322
395,359
60,683
53,631
14,180
9,729
104,238
25,116
10,160
98,113
44,85
14,385
17,70
521,473
70,386
4,52
59,244
65,139
29,259
47,513
37,279
32,527
28,101
28,536
14,350
364,236
12,49
7,487
317,324
31,434
12,11
8,131
24,518
105,120
10,767
37,511
7,24
18,165
7,144
14,315
218,19
10,197
16,521
175,276
10,267
21,397
624,64
44,350
58,299
10,334
19,389
125,786
7,104
9,132
163,577
17,264
432,291
7,93
21,427
34,32
15,206
23,323
11,66
40,322
21,15
1775,421
54,141
82,298
6,352
335,302
32,768
4,178
96,559
12,53
16,276
537,203
400,163
477,303
55,767
20,448
13,277
7,184
462,769
88,320
14,310
21,330
85,21
39,422
5,12
31,81
39,297
336,267
575,101
474,587
79,767
341,424
120,48
1870,508
2115,83
2147,37
832,686
9,217
7,258
13,171
8,660
406,263
10,324
14,444
24,77
22,144
7,155
115,80
29,165
54,126
31,488
17,184
18,365
9,373
161,291
40,255
65,198
37,345
15,228
77,329
72,426
17,170
13,424
10,60
132,10
8,89
10,494
115,226
13,48
12,423
23,266
37,202
19,32
851,444
267,632
5,341
34,175
65,342
21,315
23,296
1819,22
1869,214
1799,247
40,129
11,473
13,696
80,218
5,160
9,25
62,277
24,440
13,469
20,137
24,246
115,372
23,291
114,287
26,224
7,427
8,133
44,193
52,518
171,767
167,201
12,188
22,95
14,257
50,333
275,76
5,95
47,255
9,186
51,205
22,19
36,767
41,391
7,242
36,362
645,233
11,193
9,314
38,500
10,250
31,146
28,291
10,66
27,335
829,676
9,100
1447,33
13,76
21,275
30,342
22,210
36,208
13,317
20,53
28,422
307,728
8,173
342,294
141,614
4,19
16,189
29,367
1723,178
6,522
18,244
170,135
37,51
37,389
50,153
18,78
34,25
10,330
127,133
240,733
41,277
15,767
26,260
192,400
11,350
7,168
15,305
326,220
9,85
45,368
490,535
415,281
16,389
8,23
21,267
19,137
13,10
30,267
25,178
45,99
10,507
26,769
91,274
29,257
14,37
704,436
25,100
309,763
14,21
27,50
955,87
69,47
5,118
6,303
768,121
508,148
8,11
81,251
15,261
7,271
6,162
10,370
11,118
8,23
126,279
19,120
14,199
20,269
20,500
11,61
281,231
19,408
30,52
39,25
1699,109
344,105
2073,130
600,127
101,127
998,87
1208,240
1091,159
1455,236
355,435
8,172
37,271
19,391
20,421
93,448
6,25
31,139
5,300
52,206
22,74
27,521
5,166
4,172
1085,375
18,147
13,33
41,367
33,533
7,116
5,335
8,23
140,55
308,625
38,429
5584,308
89,640
14,206
53,56
398,661
41,419
7,218
4,256
115,177
692,601
24,498
7,33
88,396
121,375
17,507
23,76
40,250
177,470
36,339
844,276
10,218
46,15
24,34
5,451
87,75
19,251
199,72
55,289
6,49
707,565
13,214
34,30
14,27
438,42
71,327
39,349
48,190
47,164
273,561
149,672
388,463
363,668
21,748
11,330
4,11
15,42
38,740
221,339
397,144
19,250
55,442
279,224
160,5
35,196
27,64
12,41
23,112
1292,32
1271,203
899,143
552,731
889,762
52,149
653,468
27,283
664,259
277,237
8,11
423,608
115,128
37,24
34,768
760,30
1743,763
266,591
67,327
287,769
9,231
19,16
37,382
49,65
92,158
15,283
11,49
6,204
96,444
8,383
12,329
29,122
15,135
146,305
21,363
8,88
11,215
61,296
8,369
48,224
15,319
9,309
60,515
14,25
5,106
8,124
10,719
10,478
625,635
115,177
22,215
7,160
17,297
56,478
58,292
8,309
12,66
18,124
17,82
18,237
29,118
7,214
210,148
41,293
231,207
103,578
67,362
76,127
49,771
24,321
107,345
22,76
3451,161
2314,276
1983,740
1983,187
11,469
6,202
5,774
11,202
129,660
38,343
47,48
23,27
51,465
39,727
45,566
43,158
9,45
8,136
6,304
10,767
83,164
27,610
143,52
41,57
373,547
10,372
13,470
38,203
92,504
22,289
863,146
32,543
52,776
530,350
123,474
26,532
365,629
79,80
11,106
58,391
20,212
61,393
35,75
76,714
28,228
24,154
76,314
167,280
26,115
33,298
634,333
32,27
75,273
675,141
226,231
7,330
6,249
52,290
41,300
14,281
29,354
8,96
35,152
245,207
73,185
1639,227
42,111
39,492
84,190
6,115
6,363
6,350
12,104
54,356
21,539
12,180
395,286
338,322
30,393
26,182
1700,212
1052,139
6,38
115,130
21,192
85,244
461,767
117,552
91,128
7,104
13,268
692,475
7,46
6,102
36,770
116,107
44,210
403,6
40,528
40,150
237,14
15,238
10,153
5,254
24,49
1412,34
143,13
49,730
5,71
52,674
142,324
346,306
51,309
412,203
15,341
832,210
975,192
838,77
435,85
834,168
797,113
794,260
625,289
772,278
804,284
800,240
1933,380
11,90
27,104
18,151
14,265
16,143
27,21
140,397
10,168
53,233
13,295
983,355
1908,470
52,172
13,105
8,286
21,116
11,414
12,309
2556,767
70,571
586,140
23,43
17,475
15,190
9,304
7,253
217,144
180,8
12,26
11,258
14,296
7,210
24,321
347,315
14,357
6,242
15,174
1529,47
18,454
9,149
23,204
26,108
10,101
14,453
23,21
7,475
57,350
16,37
1404,9
1605,765
336,638
23,19
192,333
74,329
191,431
61,75
223,767
27,323
30,568
97,288
48,220
34,339
5,464
14,308
5,23
9,62
70,745
13,137
5,226
13,88
43,214
16,189
561,51
475,20
182,60
114,310
642,759
30,16
403,26
6,76
25,329
12,266
98,378
34,447
162,83
8,164
60,31
638,26
78,588
16,317
5,101
25,94
130,246
87,688
86,333
20,441
13,254
17,524
30,40
86,218
13,283
13,237
14,383
21,297
36,360
10,167
321,390
84,533
67,53
14,446
84,56
208,264
185,19
14,438
71,291
21,299
18,352
231,538
5,411
50,65
389,168
21,184
45,301
6,68
74,184
68,68
4,52
27,285
557,690
1603,693
79,619
146,359
22,297
21,197
139,46
330,74
16,35
11,424
8,203
56,488
10,270
13,206
135,242
1433,229
7,229
21,208
198,679
269,149
21,68
103,478
13,129
5,166
19,315
42,215
12,285
23,16
24,313
71,583
10,49
107,325
86,673
1567,700
42,387
8,39
2448,240
9,602
504,388
10,109
25,280
199,239
13,339
27,308
6,69
33,295
202,256
19,236
6,59
29,128
119,264
313,459
12,9
37,144
96,449
68,489
5,65
37,681
11,368
20,205
398,661
254,328
13,23
425,307
393,366
1032,514
22,248
21,189
320,762
26,222
14,279
10,207
266,507
74,383
78,460
138,8
10,160
34,43
12,380
2350,319
136,259
36,467
161,299
11,294
265,250
11,14
1078,709
20,543
385,426
8,348
8,303
8,269
705,767
61,463
18,62
8,13
7,109
10,42
84,422
86,80
16,346
78,236
2165,47
6,57
30,166
7,354
78,403
26,62
15,446
11,220
11,272
35,767
1276,198
1613,180
395,155
1792,186
1190,142
622,171
23,142
55,281
101,195
319,332
21,440
340,327
30,59
10,217
7,321
12,121
126,677
398,320
37,291
40,91
22,768
78,66
132,339
7,63
172,180
268,386
86,500
50,310
345,141
76,176
253,49
13,107
12,255
76,88
8,30
112,141
151,178
132,311
818,238
25,452
22,571
23,28
18,221
77,193
4,181
11,276
28,386
36,387
662,4
5,510
163,734
25,16
7,431
14,336
41,284
854,580
30,341
72,229
28,390
23,340
52,485
15,362
33,224
77,31
2422,214
9,10
201,648
28,28
4,575
123,306
5,91
38,384
7,194
8,15
51,117
25,192
5,8
8,217
7,45
34,65
96,408
76,571
14,322
15,341
4,13
9,341
74,697
89,668
57,121
159,246
51,376
6,210
20,215
102,303
21,260
22,187
568,263
791,278
779,328
1041,174
91,767
29,55
20,245
46,278
16,331
127,366
117,221
14,213
153,467
166,710
240,260
54,474
23,136
518,89
36,610
14,208
20,357
64,138
41,247
11,109
14,258
13,769
5,252
9,79
12,224
442,23
13,368
26,275
16,15
28,622
59,50
21,376
42,330
301,64
4,266
18,343
30,328
114,730
16,434
75,145
19,716
26,301
111,95
14,281
33,330
68,42
14,437
116,337
45,126
6,301
24,243
30,339
70,397
5,243
9,150
12,113
1524,125
672,44
1609,122
31,147
1156,204
269,204
257,251
70,386
16,515
10,127
63,287
11,56
6,82
7,87
28,355
145,142
17,435
5,363
49,388
156,768
16,216
2662,93
2664,117
1593,121
1985,104
1920,178
2262,116
60,320
81,318
78,258
6,406
20,243
45,256
13,548
337,145
32,37
6,49
9,245
117,468
14,532
18,143
8,48
161,270
12,285
146,203
33,396
89,332
13,279
13,227
13,282
11,200
1025,24
12,333
10,768
14,259
61,260
21,350
27,771
145,334
8,627
18,357
43,151
121,304
69,353
14,143
60,97
61,89
8,291
29,45
82,135
45,513
21,253
39,397
13,126
245,498
164,608
9,24
15,449
1356,505
1298,355
440,255
1533,310
15,178
1477,235
1050,337
122,273
2508,201
52,667
16,77
56,43
6,302
705,34
699,57
18,354
32,391
92,283
20,261
29,477
26,721
18,174
9,18
13,384
12,246
15,740
7,16
7,96
137,220
25,519
17,559
405,365
69,40
14,126
133,770
798,769
102,290
1010,125
735,167
11,261
65,657
32,158
12,538
104,169
129,241
96,104
11,280
2932,136
3159,12
2904,67
2911,20
5,62
4,149
21,131
145,46
29,287
40,588
36,301
6,89
12,162
62,13
8,308
10,90
1621,131
364,339
1234,295
50,597
75,118
7,181
8,283
85,534
10,221
209,48
111,107
1103,537
9,420
13,403
10,383
9,465
12,288
139,415
42,231
2955,240
43,502
116,538
4,265
16,391
9,253
42,285
4,164
45,357
22,481
420,39
110,226
23,25
6,64
13,179
64,767
5,29
15,117
7,11
123,329
60,361
101,203
1700,40
9,684
6,174
47,239
13,183
15,208
20,191
6,316
324,91
23,572
20,441
79,81
36,383
29,254
8,95
195,23
13,769
7,217
31,30
26,470
14,606
4,105
25,358
165,473
4,83
103,286
13,165
368,639
97,781
13,174
103,298
9,168
9,255
12,215
112,149
14,149
19,316
50,154
24,175
42,41
15,260
17,32
14,85
13,244
17,140
45,32
19,62
343,40
18,159
18,205
48,540
59,99
86,267
5,120
24,427
31,275
100,58
14,493
12,700
27,376
19,219
11,198
540,83
15,136
47,239
11,220
28,182
16,355
15,312
35,163
107,104
249,767
30,39
22,699
21,105
52,140
207,777
135,246
13,446
1382,156
1689,772
626,746
1028,766
150,171
77,388
25,767
1734,134
769,444
904,309
19,259
51,632
7,345
8,198
9,102
11,316
32,221
950,769
9,324
101,279
19,769
16,19
165,385
56,654
59,321
58,623
57,43
14,304
54,127
10,215
13,248
416,274
21,185
9,625
7,26
15,565
8,435
17,125
79,305
22,79
79,282
15,32
17,329
9,423
28,426
17,61
24,242
12,321
351,341
188,149
17,435
7,129
13,578
10,313
134,453
9,384
85,515
12,453
21,362
84,26
3302,21
27,646
19,308
6,169
48,29
547,234
43,307
68,27
6,111
8,167
87,302
96,63
25,171
307,84
210,430
49,210
193,204
1714,151
21,250
21,261
42,282
41,280
22,58
68,199
761,13
6,64
20,225
26,648
15,218
123,140
14,359
12,42
29,123
5,165
264,159
14,173
8,73
34,277
14,436
13,353
35,279
346,326
17,19
6,31
13,312
17,19
27,345
11,263
63,251
200,14
22,28
16,241
248,766
120,354
49,645
8,610
29,388
235,769
103,98
44,244
236,76
151,243
19,147
59,273
393,366
11,706
10,21
2976,158
62,235
12,667
17,477
5,72
123,584
14,362
60,344
29,600
12,227
36,258
11,485
6,91
200,198
18,522
43,25
118,312
343,348
470,766
63,372
21,187
50,552
31,235
715,152
35,92
169,259
661,396
27,566
57,541
53,76
1461,502
13,401
29,312
24,129
22,47
60,15
10,685
40,187
13,290
84,273
16,87
78,53
544,44
51,111
15,220
24,323
7,234
6,312
14,87
7,229
60,268
21,183
7,49
11,197
24,686
7,251
43,25
1703,109
348,105
2077,130
604,127
105,127
1002,87
9,133
38,502
10,767
10,295
47,302
162,142
8,263
538,449
346,124
34,33
73,366
90,354
6,36
177,58
15,41
664,305
64,430
21,133
74,56
1704,217
1815,95
19,461
53,768
19,76
82,98
21,13
2348,23
61,310
241,148
5,127
333,207
1072,184
8,94
288,499
876,75
293,116
145,188
110,226
14,131
18,303
27,94
215,351
11,115
158,378
12,276
15,144
29,131
45,87
12,294
151,695
16,241
375,10
30,282
827,604
5,78
72,347
131,145
13,97
48,289
41,642
546,364
646,375
658,180
30,102
30,76
11,119
21,263
326,88
326,14
11,34
33,477
9,334
923,176
4,10
5,129
5,339
50,664
7,344
7,182
210,40
11,350
10,402
134,230
47,280
15,226
13,242
70,653
31,358
16,117
10,298
10,145
9,358
11,281
33,631
35,51
12,325
43,336
10,767
56,721
755,355
6,173
19,241
16,81
14,305
35,170
19,649
28,740
10,276
11,134
17,366
18,139
94,165
37,320
10,272
88,403
24,230
13,43
10,301
145,245
11,412
511,11
8,165
448,185
400,117
57,409
6,303
10,287
35,273
8,202
71,461
20,768
19,140
115,484
21,620
34,395
17,344
18,468
1530,142
18,131
4,312
11,248
29,323
71,631
12,122
11,73
9,281
43,444
261,201
2425,366
985,129
889,165
925,148
1335,123
500,437
1332,277
955,53
527,569
267,158
2924,171
101,45
577,55
4,187
61,59
28,660
23,480
66,184
18,24
1231,370
1585,272
1443,251
14,268
23,29
32,144
15,40
8,113
12,175
1561,612
9,18
90,149
58,126
8,211
846,769
506,812
771,196
1009,187
13,108
25,641
30,59
225,28
88,729
186,276
11,629
31,268
575,87
388,557
480,627
7,203
34,265
128,461
133,108
38,552
9,148
9,84
22,350
26,336
29,204
26,365
24,427
30,208
508,54
10,17
29,216
17,323
551,53
26,277
926,35
7,38
4,316
393,509
50,486
12,323
55,573
149,140
59,382
79,348
9,606
8,35
40,157
40,604
15,201
114,287
26,224
21,425
642,114
14,190
966,779
13,301
7,79
992,538
1009,592
1006,575
951,542
1069,547
1090,495
962,188
1055,405
1023,394
1050,398
1038,436
1058,149
1028,377
1010,436
1106,493
1052,451
9,327
48,220
21,673
14,226
13,358
9,89
14,44
147,248
7,162
14,55
12,232
19,411
12,242
4,39
34,388
9,51
46,230
84,143
11,91
12,220
14,200
11,115
24,656
1697,221
14,194
63,196
12,257
15,49
48,11
728,739
72,310
22,191
41,49
66,159
784,140
650,286
61,6
404,499
11,605
18,320
19,233
23,14
174,373
79,296
114,350
61,310
89,487
90,629
74,185
10,238
17,113
74,771
11,242
24,26
29,214
777,417
791,193
825,250
61,227
29,61
49,206
26,31
18,61
364,236
44,676
10,213
69,270
28,500
10,553
43,25
24,445
22,344
26,319
79,209
75,486
26,204
8,199
10,787
15,60
1531,357
5,34
11,250
12,22
3139,144
1833,160
273,93
1962,130
2000,69
1119,207
104,684
20,82
16,409
23,669
11,239
142,450
84,201
20,330
11,267
1450,16
1450,494
12,362
252,553
15,142
11,236
56,445
17,9
6,415
7,483
109,516
19,287
11,514
17,56
21,208
13,21
10,102
1254,768
1268,769
778,197
14,313
9,179
117,312
513,25
6,56
70,656
8,17
27,327
143,74
10,216
633,767
37,76
19,134
10,308
20,329
9,185
15,399
10,20
8,309
18,249
35,199
9,175
70,50
95,237
15,229
78,66
9,172
11,233
4,155
35,299
1334,767
5,143
1081,99
1081,324
1092,345
1139,303
15,350
10,678
248,227
20,131
18,563
12,219
8,177
915,157
33,186
16,272
47,46
74,18
31,33
225,410
111,270
8,46
22,234
7,76
189,539
33,510
48,70
15,303
24,368
11,652
23,295
473,31
1127,776
1130,766
925,600
1003,428
12,361
61,140
107,82
1337,191
807,211
159,134
468,111
8,597
26,146
12,278
6,126
23,377
16,180
13,250
5,304
8,39
45,95
13,239
9,253
25,26
25,357
890,568
11,107
91,234
924,192
14,53
172,76
8,213
67,119
39,120
78,290
12,216
5,94
15,105
27,238
361,695
41,363
27,71
192,730
14,314
9,307
40,249
7,126
10,247
27,154
47,220
4,44
18,748
33,729
401,113
376,627
22,467
9,42
13,25
402,202
19,107
350,264
946,372
23,326
446,714
152,486
18,245
86,293
77,114
8,368
34,171
22,220
71,104
50,90
9,176
18,73
23,367
635,104
138,497
6,116
408,130
18,247
8,196
467,145
202,481
10,723
6,35
6,268
4,79
259,448
20,287
20,24
532,541
226,207
18,749
20,299
102,305
54,327
8,196
16,239
32,345
83,405
10,188
23,770
10,347
6,34
39,317
27,434
13,416
87,340
13,237
22,252
22,404
74,764
92,592
21,326
38,250
45,246
5,10
6,280
35,29
5,144
4,307
85,429
22,176
14,272
312,190
30,157
148,41
4,79
13,465
244,182
355,699
46,148
360,61
536,9
438,312
1118,666
96,426
16,244
9,146
297,225
34,166
1291,456
41,515
14,339
16,172
79,58
549,26
9,90
13,197
24,10
98,547
11,313
16,426
2190,266
14,216
19,164
32,403
12,254
43,36
433,81
12,48
13,57
19,266
792,258
1378,422
407,374
970,398
957,372
52,216
12,439
20,672
10,187
252,780
13,371
29,523
452,299
15,476
135,522
93,762
15,188
8,190
61,140
43,31
9,152
44,345
940,213
470,278
662,241
60,308
7,82
9,97
68,87
180,544
4,193
28,605
4,9
10,172
5,233
307,767
103,427
86,565
40,154
30,472
993,37
53,118
21,555
137,162
500,437
27,137
7,85
17,298
39,75
55,102
433,378
14,22
30,767
39,291
10,77
150,482
19,194
13,305
6,148
1681,362
43,703
173,76
30,112
15,177
34,331
6,35
10,281
14,491
42,466
37,91
73,401
113,191
22,298
62,398
40,323
436,510
135,767
48,684
16,509
12,401
104,420
18,264
16,356
32,295
177,657
11,107
8,95
12,290
10,87
17,339
50,44
368,357
887,142
31,357
4,116
429,351
4,11
6,13
74,225
63,390
32,47
887,227
200,188
681,465
11,228
54,562
58,458
11,275
15,340
23,20
10,304
7,185
13,146
15,246
1465,225
18,189
9,134
188,200
2067,111
2065,98
2897,89
857,188
889,769
60,182
1471,211
530,557
1004,770
994,770
81,169
32,185
22,510
29,58
16,201
40,295
189,170
16,349
112,39
16,14
15,198
9,304
58,711
170,182
6,277
31,444
23,481
70,51
20,241
51,156
114,280
20,174
138,651
9,739
17,286
279,554
26,23
11,174
16,519
658,586
30,282
24,201
12,667
197,767
99,233
22,201
20,761
213,101
74,231
16,513
178,39
1067,10
491,335
12,134
1386,553
3071,588
2932,605
30,145
45,41
7,28
11,310
19,126
989,32
1367,8
969,12
1405,22
1506,18
10,408
107,383
1194,296
101,681
7,320
10,115
104,296
17,234
11,18
141,133
30,605
644,376
71,501
14,321
19,101
7,409
4,155
2892,252
3165,153
2873,225
2880,315
13,204
6,50
19,27
17,217
10,323
5,10
10,225
5,258
46,428
155,480
12,15
6,105
10,145
25,26
13,468
360,747
21,246
13,534
30,309
40,537
90,573
9,116
104,161
22,107
9,114
4,203
253,550
20,114
15,17
7,159
16,291
833,262
31,235
7,196
66,734
7,86
16,172
48,532
21,938
35,715
32,179
2483,430
1769,308
933,403
65,303
17,325
11,598
11,209
27,321
69,202
21,263
49,113
90,474
114,337
500,133
16,204
175,317
9,299
14,230
8,768
8,237
18,40
32,23
12,24
16,87
45,619
4,210
41,527
17,32
4,38
53,456
64,94
96,30
158,72
19,385
42,243
35,328
14,226
90,266
372,32
20,606
36,217
1076,489
5,72
5,64
15,597
10,548
160,767
1105,700
8,258
41,139
16,191
7,7
90,242
88,756
9,88
42,524
325,235
302,269
379,769
211,157
872,7
39,769
267,767
12,234
652,767
516,668
131,172
59,88
79,589
6,193
12,122
16,174
110,30
44,680
35,420
581,295
375,767
41,773
169,143
208,176
2413,238
54,383
34,205
6,240
137,554
10,255
285,285
84,69
26,248
377,124
14,304
15,145
6,197
35,134
23,203
17,129
36,137
24,35
4868,122
2795,399
18,138
109,65
84,364
453,282
4,248
6,185
43,102
14,97
113,234
137,267
10,420
5,768
30,323
18,237
17,197
55,692
4,26
28,509
220,438
6,30
16,170
21,277
49,281
52,149
119,530
166,509
32,180
45,70
7,201
32,94
7,329
57,345
7,85
15,130
152,211
26,375
23,19
6,422
13,180
8,36
14,304
59,590
764,677
14,358
9,295
154,365
21,321
193,233
61,377
12,58
12,222
505,214
44,16
10,149
27,267
36,196
188,300
13,159
40,12
13,282
19,145
11,12
9,407
57,94
647,533
56,133
190,195
17,32
10,17
15,214
52,352
8,76
4,773
35,244
16,331
127,366
174,213
22,232
118,405
70,671
37,455
37,550
78,264
49,248
28,43
10,275
23,29
24,296
51,468
1529,140
2883,219
119,378
56,116
67,211
199,308
20,173
40,128
131,331
675,232
857,255
861,337
10,148
1662,645
44,7
25,98
25,331
8,208
16,580
35,71
19,299
8,90
1343,31
764,31
613,33
869,29
154,711
7,413
8,99
18,352
637,139
13,543
37,540
29,328
17,648
10,572
394,380
7,124
78,38
354,306
16,335
185,773
102,486
36,383
7,322
17,313
4,38
28,679
8,29
324,676
351,243
23,232
41,157
22,264
33,509
179,442
17,84
14,130
93,663
3110,174
2036,431
2036,418
2036,341
2034,382
2034,328
2034,248
2055,518
881,344
900,485
26,452
5,106
32,328
84,232
91,12
337,497
13,201
14,268
21,295
69,507
19,230
24,132
41,391
33,349
2500,116
29,530
24,577
45,9
29,75
60,453
11,186
12,273
8,69
87,345
33,137
433,636
197,73
543,175
490,365
27,111
18,174
56,121
24,123
24,406
179,308
50,260
14,340
38,435
21,168
52,187
17,102
14,323
447,84
57,128
1579,748
28,553
93,612
197,767
56,283
192,523
17,133
38,184
19,351
65,320
21,224
116,633
7,116
24,202
62,329
9,372
13,101
5,213
10,213
19,411
21,41
7,387
23,219
26,256
1076,387
22,204
86,760
1219,407
7,156
31,268
69,259
448,688
272,767
127,379
10,139
4,767
10,377
130,170
1651,142
287,278
303,279
87,30
5,195
26,349
27,354
26,292
30,313
39,593
8,315
23,445
4,31
34,115
44,26
62,456
192,161
79,174
94,392
62,298
134,120
48,626
112,626
78,30
18,325
395,253
140,13
11,78
164,205
2003,774
30,393
20,767
7,184
208,146
218,452
29,589
36,339
6,200
883,462
12,325
126,174
26,171
535,212
15,213
76,435
8,82
307,101
11,40
172,209
9,129
97,172
118,387
30,155
42,499
2213,135
99,60
327,298
22,19
36,767
41,391
247,81
44,477
947,253
2308,69
121,263
218,230
22,359
203,218
35,713
13,225
412,428
31,448
7,216
13,166
28,352
83,465
4,221
13,272
65,434
26,220
11,43
131,111
11,198
27,381
226,286
9,307
63,318
69,182
19,226
24,476
7,532
106,385
9,163
15,301
40,274
199,342
37,345
291,61
59,339
10,409
249,87
11,481
28,324
14,753
164,435
8,117
1778,85
58,769
5,18
23,19
7,26
8,335
34,149
36,203
7,306
41,201
10,166
11,273
6,100
14,271
34,343
638,202
649,89
22,345
19,169
8,126
27,568
38,487
10,200
7,182
124,140
17,387
8,114
52,234
36,690
17,130
73,766
299,200
21,198
54,143
21,489
10,206
71,35
100,398
8,224
5,272
10,225
292,111
5,24
13,159
16,283
511,26
64,427
48,224
13,183
127,771
4,196
23,769
132,60
30,155
10,133
25,11
21,258
25,67
45,181
8,265
331,372
6,236
624,64
15,205
9,213
13,469
42,400
11,393
67,242
21,320
1786,705
2054,707
751,356
1544,462
1562,769
869,769
1564,769
1556,769
728,769
1556,769
15,168
9,347
7,141
17,309
89,528
18,151
42,312
151,170
50,313
81,5
297,769
11,101
94,40
16,308
24,73
3206,767
9,384
67,403
52,334
37,24
11,494
111,194
22,279
41,592
26,206
23,417
26,99
80,309
153,423
57,33
8,75
32,34
126,57
140,693
17,106
5,221
9,191
98,175
24,198
11,103
26,220
21,468
46,356
16,154
8,24
10,765
28,23
12,415
20,346
32,621
46,536
290,321
5,288
6,22
8,433
48,375
8,382
12,354
428,158
81,64
9,328
11,296
21,191
27,586
78,201
16,270
7,274
43,616
194,120
282,376
4,185
9,338
16,234
32,602
43,276
5,194
11,24
7,168
25,18
9,58
29,552
30,280
24,446
108,483
12,364
11,170
28,404
4,16
205,88
4,182
147,137
8,19
226,164
22,242
11,58
6,253
26,479
111,701
9,270
48,334
100,247
33,73
41,279
83,507
2044,331
2045,769
546,364
646,375
658,180
121,21
241,34
110,61
20,528
5,78
355,313
20,367
411,230
35,265
16,111
12,210
14,80
14,495
25,181
234,767
98,297
90,485
7,329
29,222
498,108
7,116
152,174
194,239
24,515
296,774
80,107
39,54
88,217
14,584
116,222
9,456
30,167
17,388
8,112
6,233
4,173
216,219
207,202
161,114
200,269
190,224
13,81
10,74
6,37
10,127
15,68
8,71
673,69
368,285
835,249
2120,9
1686,34
1704,75
18,327
31,243
24,737
25,176
63,613
9,263
2841,138
30,769
13,227
30,269
13,105
4287,365
1872,201
18,134
7,62
248,613
522,477
7,320
421,21
8,17
653,769
88,66
59,171
61,237
8,500
6,31
6,204
83,169
21,230
10,213
117,637
542,618
14,281
15,360
12,76
12,80
81,298
13,248
9,62
46,388
22,68
10,283
77,354
114,646
310,36
792,288
11,388
45,229
236,367
40,117
1804,29
3734,137
2330,103
17,620
634,258
235,9
168,30
14,50
109,262
5,596
26,114
1601,150
11,664
25,373
31,29
19,87
17,272
20,515
107,231
307,514
387,87
38,617
65,243
37,76
1381,108
89,265
1388,171
59,767
1381,53
1386,30
1539,125
1590,660
39,31
23,23
119,274
70,315
19,303
22,253
47,130
102,194
978,91
975,155
940,512
951,467
33,402
6,209
53,239
20,86
24,172
10,297
52,619
29,323
14,240
9,116
38,131
42,43
26,375
28,114
40,600
11,97
5,319
14,96
23,389
17,356
5,91
9,201
56,287
15,25
160,496
236,600
66,504
325,186
187,78
47,582
6,22
102,277
189,239
13,235
9,153
39,248
23,245
92,251
12,637
29,249
13,315
157,342
7,209
4,31
29,132
15,53
9,174
7,118
71,530
9,121
34,47
5,160
10,256
5,9
178,159
291,190
7,21
6,361
8,165
12,316
22,204
512,233
134,22
13,57
9,83
17,188
32,435
61,678
29,220
9,242
35,734
42,551
33,82
21,388
54,30
52,240
20,401
6,255
9,216
433,89
22,208
37,197
5389,168
21,272
8,99
51,312
55,72
16,21
24,109
22,257
9,97
64,446
12,390
11,107
98,96
23,399
10,258
23,250
25,250
18,210
12,240
11,321
7,186
21,284
27,56
2963,214
51,205
18,70
12,203
78,768
242,242
7,310
18,21
37,637
958,12
996,767
1137,767
17,457
16,259
133,218
409,28
12,403
634,333
1194,302
7,232
48,274
49,583
14,631
13,237
22,252
116,175
5645,165
5765,449
21,16
12,257
1277,128
3178,71
3186,247
3168,160
62,360
10,107
54,397
210,21
11,376
7,298
8,283
21,391
14,388
23,218
334,379
27,643
6,23
73,214
16,312
249,611
13,207
15,305
68,33
13,347
10,388
305,211
133,483
1120,301
45,116
6,287
23,320
34,554
62,16
153,246
22,316
5,101
10,250
57,763
80,767
8,18
10,209
14,359
10,72
46,144
3543,78
3510,148
3510,9
3540,74
3540,92
3540,78
3540,67
3540,79
3540,103
3540,74
4360,466
26,192
14,296
22,412
10,103
17,305
62,404
21,92
28,284
50,502
103,408
10,263
83,485
107,239
12,155
6,34
12,368
38,279
46,187
28,298
14,349
70,387
30,151
12,204
32,284
16,532
18,356
8,305
61,157
22,114
55,189
9,135
39,568
19,393
55,82
395,292
8,768
805,179
20,78
53,73
219,191
41,174
15,139
5,280
71,122
30,297
17,117
11,383
14,212
27,231
9,21
547,151
1047,209
1166,27
879,52
229,127
520,24
1007,73
1096,54
689,139
490,121
196,179
404,34
730,105
2656,79
1686,11
789,63
487,108
286,141
405,184
318,221
2030,39
457,114
1445,155
2400,99
2105,11
3283,113
2204,22
6,195
607,103
37,17
36,364
63,168
17,195
129,128
136,709
74,399
31,316
111,39
20,154
33,82
23,213
10,155
5,304
12,604
342,61
14,102
45,173
18,288
469,710
7,29
172,406
4,491
78,767
59,767
8,368
15,233
16,609
13,158
31,90
10,264
8,29
199,113
414,209
10,12
24,737
15,169
4,160
8,82
61,123
154,29
442,59
1276,219
440,109
1036,646
868,197
1013,188
31,150
449,281
8,263
9,769
563,598
648,369
1450,206
8,64
19,314
109,26
18,308
14,542
44,242
6,27
13,184
374,97
8,769
30,37
15,318
17,22
3498,598
18,465
5,179
34,217
35,13
5,194
162,278
23,464
32,285
1456,45
27,211
32,114
29,162
7,299
30,235
18,48
17,291
34,33
93,293
48,95
9,188
22,82
19,528
51,121
59,365
14,253
383,351
4,39
56,345
35,250
71,29
59,314
123,117
113,114
14,86
8,83
10,17
66,274
34,221
246,143
6,199
24,310
83,24
11,260
59,23
7,275
14,233
11,306
575,293
21,351
717,232
37,767
25,59
88,100
53,485
10,114
86,384
10,69
17,195
12,144
225,160
230,417
24,126
13,467
13,177
47,375
10,356
199,431
16,178
11,359
218,168
55,116
1448,160
1448,104
1451,495
2294,51
2294,360
11,302
37,111
30,698
23,215
106,487
27,34
950,281
162,354
66,303
5,599
48,505
54,457
210,412
21,659
9,225
219,14
6,82
6,395
9,172
12,763
1136,453
44,35
56,207
213,569
26,251
20,77
59,76
145,765
141,656
24,446
108,483
67,36
67,258
22,273
11,767
17,160
19,169
26,345
251,384
29,393
30,537
1192,19
68,118
19,464
14,212
13,279
5,53
23,624
404,767
8,172
74,244
1231,112
1505,331
14,305
4825,534
9,214
11,421
48,227
373,768
5,358
969,547
1024,502
11,364
73,254
14,212
51,282
10,264
142,226
337,271
13,246
9,201
28,36
13,207
120,259
15,251
144,442
11,383
16,313
16,98
48,541
22,226
10,9
12,188
40,96
9,148
41,435
70,21
6,248
33,216
1226,730
15,212
116,479
25,582
9,25
11,390
7,123
26,86
20,92
22,360
11,295
279,47
27,492
916,518
68,489
34,518
429,238
16,495
16,469
26,481
7,163
55,294
120,109
20,392
15,326
218,130
9,626
23,226
16,376
51,186
10,290
11,463
4051,206
2767,224
5818,208
4592,228
3465,224
2313,220
9,21
8,295
110,26
21,530
5,272
136,390
11,162
57,556
40,211
237,767
4,172
88,623
8,157
1082,560
29,34
12,133
22,48
1997,22
2008,91
14,544
11,767
192,334
27,359
68,451
520,136
6,54
370,289
22,230
17,302
7,260
23,74
16,7
239,745
14,362
6,224
4,72
20,277
5,290
51,579
11,90
73,82
22,488
415,255
15,280
77,771
15,145
32,312
10,208
4,226
738,385
105,768
8,543
520,266
2088,39
30,253
101,180
45,466
15,222
8,10
5,159
1082,773
8,159
18,140
25,387
60,414
28,326
326,499
87,246
336,577
23,74
20,373
139,546
9,408
12,554
9,115
126,474
29,355
18,18
35,270
110,165
6,107
9,108
101,361
91,565
527,590
27,201
13,35
44,31
17,44
43,333
9,228
12,314
9,368
25,593
12,26
22,60
18,742
19,411
2437,166
2692,394
2660,113
2614,434
2340,378
2607,254
2392,265
1837,44
1702,212
1638,334
2223,240
2559,333
1941,355
3035,357
2307,345
2496,139
2380,221
1750,35
1943,322
2652,34
2756,82
916,159
235,230
36,383
44,23
113,462
153,141
238,8
73,88
32,466
236,767
16,373
16,344
7,165
1534,16
844,276
19,219
21,382
19,26
36,508
664,175
78,767
11,254
59,258
7,94
19,72
87,275
4,328
27,278
12,278
244,87
31,312
97,211
222,217
44,248
8,271
12,253
341,75
37,32
13,403
27,92
166,25
41,246
218,302
18,222
4,25
72,210
1313,133
7,101
20,154
16,133
46,138
9,49
8,86
88,222
20,289
80,510
13,379
30,48
11,362
42,208
91,366
9,309
25,560
90,127
6,53
303,181
17,296
32,357
42,139
7,233
120,61
16,27
138,690
8,122
30,439
25,767
66,431
25,442
11,271
44,36
432,135
297,726
37,243
2743,152
9,85
24,340
22,227
9,268
383,446
18,178
14,293
58,412
29,58
229,115
70,221
11,289
49,350
87,77
11,253
774,142
96,749
34,234
206,481
25,19
27,152
20,234
58,283
1043,171
766,366
2034,160
17,314
47,415
19,394
31,228
117,30
80,458
1971,28
26,179
1431,399
35,162
11,295
502,38
30,166
7,108
12,449
154,430
80,50
15,767
9,62
70,745
35,34
136,485
1084,684
15,40
16,393
200,5
16,323
15,180
105,127
18,522
18,381
13,257
24,408
4,117
14,94
10,413
11,433
25,198
15,101
33,339
9,191
98,175
12,244
21,581
13,108
1358,465
1586,128
9,272
702,204
31,312
22,458
21,131
963,227
105,547
38,442
7644,92
69,239
335,224
347,66
31,191
208,411
9,23
13,395
9,271
65,426
7,301
94,562
20,199
14,200
32,540
18,355
22,363
16,312
13,414
22,157
40,364
18,175
15,220
64,357
32,391
112,195
29,19
99,553
664,585
5,611
26,105
240,326
7,63
12,66
38,672
75,283
8,433
14,365
21,271
19,351
156,476
42,180
22,533
5,159
104,364
18,143
79,358
137,536
7,191
26,418
10,44
27,406
23,253
71,530
169,250
10,70
505,482
11,191
14,169
11,52
65,100
138,138
16,222
10,75
14,238
15,336
17,476
29,727
28,373
74,153
40,272
29,233
38,99
31,27
2910,14
2870,17
2194,14
22,223
31,772
178,411
149,246
7,113
38,447
76,400
20,239
31,479
24,169
286,137
203,414
23,50
204,550
1105,767
439,330
1818,557
7,198
10,148
8,33
15,292
279,426
21,31
21,193
72,252
10,195
205,325
25,367
25,616
17,681
430,126
287,51
77,498
141,769
15,568
10,490
122,330
191,519
40,363
239,765
67,11
68,524
68,119
49,718
93,321
14,310
16,157
94,341
94,622
144,540
53,427
26,215
17,297
60,733
362,67
47,644
54,635
5,293
34,76
16,345
6,271
15,83
110,222
13,122
9,176
37,25
233,50
323,112
224,166
482,469
315,489
293,144
287,113
46,90
42,335
44,74
17,349
92,158
7,212
17,87
96,104
74,333
13,217
130,305
13,12
22,243
9,139
93,216
12,222
25,306
16,248
10,507
67,285
5,510
36,136
66,78
51,60
207,696
86,646
74,443
56,69
1708,13
14,286
496,262
89,547
58,296
65,554
11,35
8,118
23,303
5,234
20,43
942,539
51,324
88,161
12,110
153,140
17,86
14,736
31,74
7,265
20,54
4,73
10,310
8,90
9,138
15,444
46,252
264,235
979,446
233,365
39,377
14,325
8,327
12,370
342,504
24,194
1130,35
1126,271
1519,15
1438,23
46,365
75,210
54,269
7,99
10,185
140,313
12,77
68,767
16,180
14,360
10,128
10,122
18,729
18,196
7,203
71,235
12,300
109,92
22,470
828,224
16,327
10,557
32,767
489,674
60,375
832,210
975,192
838,77
435,85
834,168
797,113
794,260
625,289
772,278
804,284
800,240
1933,380
16,236
13,117
20,123
22,346
21,307
340,339
72,92
46,278
19,159
28,69
12,315
18,281
85,325
9,594
35,441
22,19
36,767
12,177
4,204
30,592
194,484
45,36
12,162
30,198
7,36
31,562
32,92
18,314
52,198
14,176
24,663
19,208
25,321
5,124
53,32
9,179
28,322
18,622
172,455
14,208
20,229
8,236
7,231
370,397
11,438
11,307
5,226
13,172
19,271
38,25
45,117
40,463
9,297
30,445
117,460
4772,311
2790,331
2528,318
148,83
53,477
78,11
14,293
17,31
123,775
523,166
840,126
55,576
20,427
7,389
11,32
7,215
67,171
24,53
1247,547
47,72
66,328
27,54
238,80
45,256
40,404
16,284
1053,763
19,343
32,277
90,81
106,365
21,248
9,407
5,274
4,148
83,412
61,418
20,538
29,243
7,228
141,577
38,715
1273,367
1338,769
1438,458
1419,413
509,431
1528,624
669,299
1717,377
5571,283
786,859
1098,621
106,62
9,229
7,397
41,42
31,94
25,497
325,197
308,263
4,197
2093,243
9,335
329,374
6,290
135,767
44,620
5,142
19,237
121,63
45,727
12,254
95,231
8,314
12,112
21,241
89,160
6,15
961,766
110,407
10,215
85,366
31,235
5,108
8,122
1631,85
50,149
4,259
13,164
4,177
9,74
237,606
62,87
22,401
18,94
127,771
9,4
9,248
37,501
1836,320
15,375
16,170
45,583
36,239
40,354
10,169
9,68
6,199
29,122
511,564
12,509
12,171
36,263
142,169
43,404
57,32
15,230
372,346
15,26
4,52
27,285
2266,266
7,58
1393,112
177,277
1578,157
23,197
57,97
134,37
7,318
18,295
200,166
2357,112
30,393
8,269
111,596
9,230
224,60
1005,671
94,363
6,370
24,155
18,257
23,92
17,85
5,675
126,323
125,275
85,543
42,80
173,335
1607,140
38,512
16,607
60,22
10,253
5,176
16,85
406,391
334,42
219,154
105,147
568,259
21,267
776,447
347,232
19,72
35,767
49,630
6,127
207,282
276,270
724,287
767,159
210,22
701,360
9,441
26,168
15,215
123,786
10,176
10,206
1637,271
14,40
17,327
7,60
14,75
27,726
10,112
743,127
21,374
7,96
552,674
7,121
27,235
25,593
32,335
10,221
16,232
13,26
30,592
194,484
11,30
6,176
12,168
31,14
21,32
13,188
16,408
9,506
31,386
10,19
14,300
14,400
24,173
19,447
15,510
49,11
1868,727
8,261
23,24
17,353
87,216
587,129
22,90
10,297
101,88
75,388
25,97
65,663
98,340
17,104
7,90
8,108
7,198
7,300
6,277
19,158
6,158
63,44
3009,159
42,337
292,765
252,767
10,144
8,86
304,396
258,67
432,351
89,389
18,360
30,258
27,243
28,321
15,88
22,113
28,216
13,255
10,364
10,321
415,110
42,769
23,273
14,395
9,191
8,265
220,375
18,99
66,118
19,295
11,203
9,113
501,308
15,111
225,311
20,424
10,303
90,81
14,321
21,303
7,102
3323,211
11,198
7,93
371,111
15,767
16,244
8,155
8,233
75,454
23,439
463,770
13,73
106,312
15,12
47,458
98,320
30,378
6,240
74,337
16,277
76,283
43,138
237,767
1018,551
1053,541
335,292
20,110
153,188
362,744
179,357
14,202
29,179
29,431
6,221
30,416
92,269
15,60
32,362
4,65
55,242
10,337
25,343
11,485
104,123
23,168
373,44
260,130
103,350
22,117
1044,456
25,769
44,171
26,195
17,188
17,325
302,490
5,218
16,296
7,72
20,65
29,12
37,49
9,146
24,186
11,284
185,374
17,298
5,406
22,767
32,313
11,320
66,372
140,388
124,92
13,336
67,23
437,33
691,98
718,96
674,11
853,113
978,89
899,57
345,34
899,161
19,378
17,97
161,17
1312,438
1316,375
1321,318
1320,769
8,213
7,356
13,75
90,85
839,274
20,397
13,245
34,610
365,277
514,351
56,174
10,190
8,174
11,233
43,97
5,102
32,213
206,17
89,148
6,152
35,29
15,22
194,314
10,85
24,32
13,282
35,422
41,25
23,290
21,353
6,8
15,272
54,356
7,259
40,154
5,339
14,235
24,40
226,479
10,312
21,468
10,284
30,48
28,139
18,499
20,255
52,49
19,160
851,186
1474,764
7,379
515,525
982,468
99,321
454,274
14,504
11,88
24,476
26,338
10,270
82,647
31,244
76,150
13,385
7,137
54,338
15,146
64,501
40,72
10,75
11,372
7,246
15,24
129,286
45,250
12,29
2954,93
18,169
13,227
54,166
7,91
115,758
4,199
58,711
16,165
20,73
825,564
15,255
5,32
9,8
90,373
316,134
87,55
380,119
1645,764
293,211
29,271
19,576
69,637
11,264
13,122
39,834
45,108
10,366
8,23
10,618
45,402
12,657
82,565
5,38
64,79
17,19
48,45
13,112
1364,365
127,45
9,357
22,19
10,220
123,60
154,398
25,470
25,213
27,163
133,83
5,14
33,59
19,207
4,122
1698,720
1841,362
240,41
12,228
411,78
6,111
22,50
90,259
10,298
35,37
96,286
8,358
2556,770
12,308
14,340
207,527
15,327
29,499
20,277
832,210
975,192
838,77
435,85
834,168
797,113
794,260
625,289
772,278
804,284
800,240
1933,380
19,110
18,393
6,28
86,24
8,618
12,325
15,148
6,235
10,109
12,197
14,514
10,220
1197,563
9,207
486,328
10,380
17,455
17,261
256,390
16,469
23,57
19,202
498,48
719,6
73,113
19,297
6,281
666,50
138,110
97,28
253,250
809,99
2556,67
1173,36
661,310
3135,85
7,106
6,160
11,75
132,264
94,94
7,238
195,767
56,707
32,152
31,413
17,524
10,284
41,144
53,635
9,301
16,294
13,149
19,160
13,254
52,208
1855,769
13,372
9,262
119,319
105,464
188,759
13,10
75,225
7,147
30,350
7,73
5,19
7,65
15,373
169,285
14,340
22,36
14,140
17,315
1456,173
87,292
13,269
7,302
35,302
11,62
73,285
25,426
41,140
22,139
15,500
11,436
1246,425
6,100
8,298
106,203
21,277
35,612
20,280
18,128
26,501
464,37
152,773
13,182
8,39
742,118
10,153
7,4
19,273
169,530
6,26
57,145
22,212
28,458
6,169
11,701
199,442
11,255
63,118
52,767
45,119
208,318
17,246
41,191
127,133
96,280
5,24
131,533
15,470
13,61
26,77
14,265
21,269
12,408
65,519
21,212
121,469
2741,630
189,122
7,267
4,231
11,241
54,288
8,6
21,393
126,322
8,74
15,532
18,474
10,360
51,329
13,519
42,218
50,316
52,196
8,43
69,35
82,159
20,366
225,220
79,228
29,40
13,144
6,20
29,422
4,654
12,261
129,241
30,231
69,166
50,170
88,702
7,285
11,163
1450,224
175,264
19,385
77,769
16,372
29,347
113,28
5,238
97,333
110,553
307,315
15,382
5,9
15,166
18,291
19,314
41,288
63,99
62,110
22,140
143,285
20,266
29,385
15,292
37,280
25,264
45,611
22,140
30,209
14,333
17,528
914,628
629,100
4,270
9,345
28,504
12,234
35,29
63,578
823,428
88,218
73,366
10,80
213,175
22,331
13,79
15,92
20,289
20,545
13,218
262,523
22,161
70,118
1327,305
21,386
151,539
693,174
43,615
12,156
30,102
1496,767
5,19
27,101
19,272
35,767
9,768
54,334
16,538
24,356
9,37
426,580
42,23
263,34
606,335
78,458
91,91
38,238
47,35
5,53
75,389
60,13
145,231
9,345
11,240
67,428
20,116
932,769
20,132
4,260
4,89
10,426
376,601
131,162
133,69
21,351
8,309
101,35
151,126
1527,145
284,525
11,77
21,302
12,282
5,314
9,87
21,574
5,201
13,676
18,505
58,486
4,443
14,251
1803,326
745,568
1456,343
36,610
229,367
218,792
9,186
4,308
24,382
21,233
745,273
25,91
21,303
216,100
88,81
7,83
19,380
18,144
23,382
8,51
23,292
18,50
1311,254
16,39
34,396
1642,83
424,595
53,157
12,225
60,469
307,341
20,358
9,134
83,202
8,165
1379,10
26,264
31,57
10,238
133,38
99,87
32,230
747,276
74,222
16,172
10,155
10,256
55,216
6,73
119,217
5,130
68,374
17,213
8,168
616,99
17,9
14,236
6,197
52,359
333,535
10,120
88,225
14,98
12,424
35,64
164,427
11,297
225,58
1604,277
1714,329
1321,400
8,215
15,262
49,24
51,120
501,308
59,254
37,169
13,139
9,194
697,510
43,561
22,26
38,40
94,503
13,378
38,450
17,419
19,310
7,236
22,360
69,434
28,39
5,421
5,41
18,766
11,362
25,167
21,286
124,235
55,328
819,583
1823,229
38,152
72,81
322,345
4,70
41,305
7,140
54,152
22,19
36,767
772,768
9,213
17,139
445,103
21,307
24,147
13,172
109,355
10,64
153,356
9,120
131,533
22,311
18,327
13,235
10,13
11,42
6,210
25,454
17,96
16,184
120,28
1764,361
2079,643
1890,322
3025,635
581,303
3004,622
2131,645
3285,382
1624,156
3255,696
3375,716
586,248
15,194
3031,775
66,146
23,263
14,245
10,129
5,71
10,98
28,237
92,309
12,377
10,158
11,186
96,377
8,320
125,350
82,415
19,311
64,55
16,368
372,170
56,641
9,131
6,278
110,511
8,190
16,233
500,397
22,271
24,355
12,156
335,173
401,15
3367,130
3016,116
2129,138
38,404
7,125
20,310
15,417
57,21
29,29
5,205
8,171
65,254
11,75
63,306
22,382
17,325
152,295
55,348
1943,81
9,305
128,820
12,84
55,194
47,365
13,250
14,4
6,374
9,322
35,409
18,121
11,119
14,604
237,76
610,417
66,26
467,228
68,457
5,306
8,296
127,433
192,172
1618,550
4,174
43,490
8,83
6,160
22,94
23,51
7,97
52,775
22,36
185,311
29,664
57,149
7,237
10,292
114,277
213,368
394,764
56,768
353,288
8,643
142,418
10,229
11,115
103,162
134,478
46,133
27,772
7,430
12,344
230,17
13,368
82,375
37,359
28,410
21,202
31,130
21,474
27,286
13,342
140,767
597,188
368,413
437,403
17,346
10,373
36,375
11,224
36,487
6,317
30,328
13,85
11,375
22,257
5,37
91,29
394,539
24,228
10,21
16,351
99,298
16,215
745,291
17,208
25,346
19,8
10,307
8,8
20,277
144,627
17,524
116,122
11,318
92,151
29,170
120,354
7,16
322,69
20,357
11,329
290,11
13,213
101,300
27,211
86,231
8,241
23,277
54,99
16,325
45,767
15,621
41,10
14,33
16,248
41,428
17,26
142,206
34,70
11,19
33,498
18,407
629,736
2484,74
85,347
19,99
15,279
36,389
72,457
218,520
186,49
32,297
511,591
436,767
14,307
35,339
13,206
410,769
30,47
143,429
35,37
96,286
8,335
14,68
17,312
238,395
117,216
19,220
15,289
36,417
824,58
44,189
1298,42
2057,509
2088,426
444,96
330,15
25,165
26,27
63,162
12,302
9,323
212,271
16,350
50,387
13,44
42,275
43,424
3506,193
27,208
52,467
23,355
10,160
72,383
826,769
759,23
10,86
24,55
6,219
10,36
72,23
13,312
15,223
76,609
110,22
9,308
31,794
65,276
72,295
17,411
9,215
74,766
14,338
8,143
60,22
11,205
19,313
9,193
22,512
1536,51
2072,463
2036,530
2082,69
525,364
40,244
24,41
60,12
24,203
14,217
33,63
8,117
253,257
10,218
74,333
731,383
63,43
7,127
202,415
265,438
80,9
120,354
19,220
244,182
20,302
44,58
12,645
362,304
903,360
40,437
13,436
28,87
1196,767
34,554
57,362
280,412
176,264
7,282
66,84
134,241
6,125
14,495
131,426
218,102
21,199
24,179
21,328
11,198
142,111
75,51
62,23
16,205
16,98
80,715
89,61
4,300
10,143
17,286
29,300
5,367
10,313
1472,143
9,157
558,310
71,150
10,492
8,344
17,118
83,240
598,396
105,420
13,206
41,399
1659,589
44,62
24,300
106,255
995,250
42,144
29,9
51,446
26,134
69,182
631,505
32,318
389,405
17,397
59,582
36,60
13,206
12,440
60,416
20,764
540,397
607,435
123,467
42,41
4,96
62,767
189,270
11,153
10,39
10,176
12,47
42,111
24,504
10,229
21,102
12,766
22,249
34,249
50,576
8,294
234,303
8,207
25,87
69,195
20,186
52,112
113,363
8,353
19,342
12,341
18,245
1811,347
791,178
895,205
5,106
47,234
83,468
5,95
47,346
1522,334
48,674
1117,385
4,19
175,54
17,316
86,290
12,107
24,375
3154,769
12,322
9,307
51,767
27,771
566,39
37,13
114,458
13,567
42,770
62,159
63,78
37,274
9,28
75,421
16,34
100,216
460,578
48,538
182,38
919,770
46,180
49,171
88,570
11,265
9,398
17,307
150,263
30,326
13,312
2615,93
13,112
11,571
6,205
960,771
116,357
6,36
139,286
7,339
46,180
5,304
13,98
68,616
80,322
4,383
4,90
55,289
70,308
9,283
6,412
12,332
23,26
19,128
44,149
50,290
61,215
35,381
18,52
22,477
377,335
17,152
218,502
92,681
50,13
13,262
10,116
49,599
20,292
6,197
10,182
247,171
453,401
32,224
9,273
361,379
660,769
508,770
11,349
11,284
427,536
16,363
8,283
13,287
6,80
72,731
392,536
13,277
1859,197
12,96
18,244
27,372
37,37
19,233
25,543
7,133
138,138
18,162
160,470
11,358
12,43
18,408
22,99
20,144
60,729
28,305
25,44
20,114
709,367
8,178
22,156
68,42
7,317
435,195
122,485
122,452
113,388
16,215
26,541
7,236
7,417
10,153
14,276
13,175
5,74
12,176
85,398
101,24
13,27
93,10
81,371
8,173
13,298
1000,722
75,283
19,106
26,134
20,149
11,368
64,59
5,348
3408,57
30,423
43,456
49,161
9,104
22,177
32,47
49,428
65,202
58,284
513,139
32,515
9,658
218,370
110,453
4,204
33,375
19,361
58,702
77,358
453,620
8,194
788,368
16,143
12,116
1367,786
45,739
116,161
333,329
5,69
11,266
39,326
34,365
18,282
1440,600
12,187
32,326
10,108
169,104
245,459
10,286
89,598
13,290
22,215
26,501
6,351
20,48
6,34
37,30
507,106
11,48
15,218
4,67
171,362
90,379
16,769
75,353
9,18
32,166
20,77
169,348
70,513
26,159
7,80
1382,68
11,186
28,740
19,480
21,148
460,477
163,324
610,318
38,474
16,445
7,282
14,331
72,263
2029,693
79,619
300,741
110,40
46,258
7,244
9,404
145,225
3065,405
11,132
27,38
697,453
47,90
11,92
17,105
12,195
482,199
386,247
31,379
25,66
12,254
26,237
132,30
1094,368
8,21
87,440
33,360
15,506
4,40
8,314
21,24
15,262
14,282
44,294
8,170
16,50
8,107
12,230
6,28
167,391
11,42
223,402
389,15
1310,141
229,75
700,118
164,108
1662,68
412,91
395,90
80,129
19,62
6,101
48,582
1450,292
10,364
27,285
19,405
29,23
12,667
1686,422
31,504
10,478
5,276
9,249
77,547
37,184
9,28
74,766
7,314
9,155
9,102
22,76
13,250
31,329
108,388
71,584
68,426
110,672
50,328
26,201
429,348
334,472
247,264
484,101
18,216
15,354
21,284
19,213
14,362
38,31
33,236
28,453
47,346
23,257
10,32
35,152
19,445
85,397
34,769
51,165
36,590
46,328
7,144
16,174
95,244
56,382
11,48
41,160
10,221
93,159
8,278
39,148
11,235
15,253
71,201
20,82
25,223
88,271
13,33
14,323
86,445
53,22
4,653
19,141
7,285
83,475
135,64
25,236
74,333
38,715
1273,367
1321,769
1421,458
1402,413
492,431
1511,624
652,299
1700,377
5576,118
791,419
1103,263
18,172
8,235
23,81
4,209
20,302
14,280
27,771
14,504
10,153
880,14
9,253
14,217
10,245
27,34
55,141
7,579
8,127
69,195
25,240
18,407
7,25
7,233
266,322
332,549
1278,769
23,613
11,344
360,446
50,341
9,316
499,666
20,198
184,32
20,286
40,170
41,379
9,417
53,132
25,317
109,154
4,147
36,27
317,416
16,350
10,244
535,153
38,334
47,173
7,135
23,332
7,167
160,319
11,107
5,233
7,37
46,88
29,33
2326,373
16,199
103,411
6,181
23,213
5,268
52,441
177,293
19,195
18,217
103,206
31,474
23,236
18,474
42,376
156,295
31,464
55,103
467,163
30,437
13,288
24,166
47,54
18,149
31,95
10,320
1007,409
14,321
119,265
99,339
14,260
17,171
10,174
14,620
56,247
9,209
8,203
41,22
195,154
4,196
16,336
23,19
25,210
30,113
16,240
23,23
600,149
5,405
1350,512
926,53
1013,305
1519,558
25,341
19,768
8,145
7,149
9,186
1867,205
1867,22
235,232
413,46
166,196
1370,281
18,101
43,420
13,20
78,512
20,120
21,509
762,138
59,84
163,161
155,287
76,12
7,270
385,384
48,81
13,116
12,92
10,215
7,445
6,191
17,218
290,299
15,343
23,259
446,94
116,652
42,385
44,105
7,296
94,165
59,365
10,384
206,247
611,653
50,48
720,121
464,59
1632,298
2276,215
394,325
1240,452
1219,113
3253,168
24,14
2357,249
1547,210
667,218
24,56
26,271
22,476
64,248
14,160
24,767
9,284
212,309
18,116
71,31
140,91
17,434
77,90
29,147
48,510
137,299
24,139
74,15
420,235
662,375
16,321
34,252
6,171
1961,176
6,251
15,176
15,178
14,374
1382,731
70,347
26,336
22,275
129,411
17,256
4,10
20,19
25,40
9,295
23,230
12,115
26,180
13,95
537,22
6,95
344,228
345,277
107,228
19,242
34,239
19,205
32,55
105,22
202,105
365,194
41,265
338,71
323,287
213,40
326,435
20,131
13,163
9,231
52,391
17,374
13,363
49,301
21,767
57,23
68,340
17,260
33,211
13,535
28,345
8,202
991,289
5,20
718,299
28,341
107,113
143,359
135,305
127,355
132,329
126,313
12,124
14,373
76,381
17,267
71,15
5,41
77,767
58,767
620,22
123,297
217,37
31,10
64,360
68,382
96,280
9,277
14,301
10,316
21,120
13,247
1776,81
7,56
53,37
42,173
42,301
14,123
47,766
15,52
7,66
8,277
136,162
30,169
43,25
378,323
16,173
82,301
4,275
832,210
975,192
838,77
435,85
834,168
797,113
794,260
625,289
772,278
804,284
800,240
126,57
15,565
28,87
9,298
7,236
8,102
14,261
22,307
30,586
18,703
31,90
168,22
14,355
6,432
15,324
21,361
6,78
31,22
2278,170
2286,119
2662,165
2537,138
590,140
647,769
123,100
9,371
32,145
12,85
142,759
17,224
13,349
43,254
19,234
19,137
14,30
132,460
18,41
34,329
14,198
22,232
76,256
19,255
119,124
2701,134
99,623
24,360
22,310
16,297
209,48
111,107
1103,537
11,267
14,310
40,42
13,653
307,60
18,75
11,328
23,281
11,95
123,529
185,178
1428,190
1434,93
1448,767
1446,768
8,54
9,152
58,648
53,332
76,515
57,434
13,174
16,28
53,17
19,525
53,768
10,42
47,240
112,690
10,317
700,13
11,222
14,360
1388,281
848,201
189,226
8,577
107,75
29,404
15,446
198,11
10,77
59,99
225,13
742,331
456,318
31,284
8,38
4,73
52,285
136,769
288,608
27,332
789,434
1034,146
387,290
7,188
9,364
4,241
21,327
28,243
22,262
13,316
755,768
20,227
122,455
74,233
67,593
25,576
45,221
8,208
13,86
4,413
18,362
9,526
57,382
23,62
10,364
37,109
10,382
40,364
18,249
800,8
1261,73
3067,61
1877,71
3396,144
2434,109
39,157
23,86
568,652
55,254
10,371
35,360
738,385
118,205
49,23
6,402
37,333
799,471
50,363
107,596
87,96
84,593
34,344
353,768
139,546
18,20
14,101
30,193
276,305
338,335
371,290
2258,371
12,43
20,309
228,624
759,645
669,767
685,180
2234,694
86,445
12,54
12,425
9,308
114,329
4,9
37,94
14,36
22,359
53,304
64,249
5,347
58,393
17,31
72,108
14,353
210,125
104,769
5,175
129,131
20,283
28,684
21,63
103,675
178,769
1217,613
1204,88
1237,103
1044,120
953,164
13,246
101,24
18,742
10,229
2882,136
5,61
4,328
235,443
11,319
128,387
18,197
12,326
21,167
485,235
72,426
15,76
297,39
305,433
45,71
27,166
197,445
828,478
10,53
7,49
28,168
46,265
88,485
96,27
1514,167
8,196
24,51
20,342
149,767
6,24
22,198
26,338
14,350
14,211
27,302
7,82
10,150
404,191
1115,205
15,50
60,153
23,83
95,61
14,73
46,256
7,201
30,125
104,30
138,405
14,57
313,380
122,155
17,450
1106,317
212,336
140,146
70,765
59,212
17,196
28,167
21,243
93,309
32,48
82,171
43,482
114,149
14,480
24,488
70,656
11,336
26,79
581,290
28,240
60,603
9,260
53,6
10,268
33,355
30,37
15,98
12,143
309,572
7,80
101,23
13,184
26,692
426,105
10,100
1636,155
14,333
766,148
8,260
23,455
188,39
11,182
7,68
469,55
11,530
116,311
59,493
52,66
96,742
8,160
15,510
11,125
48,328
11,117
1382,29
35,86
670,116
44,278
12,233
54,520
71,241
160,123
8,490
48,280
7,164
45,206
30,35
38,54
23,107
13,88
17,379
36,575
54,155
446,43
18,209
16,98
25,331
71,394
23,769
95,30
55,468
12,396
16,284
54,354
75,276
8,76
58,258
192,368
10,109
27,257
716,636
488,308
4,14
728,124
25,589
5,72
24,49
391,183
100,396
15,249
14,733
63,271
991,174
6,223
1625,351
541,301
7,190
63,223
31,217
63,279
23,514
65,51
195,129
36,201
9,76
47,422
9,232
27,401
82,319
56,312
34,302
4,98
65,134
5,192
35,241
152,273
191,326
1438,231
43,577
19,726
17,769
3675,171
96,351
11,113
24,573
7,205
8,342
20,90
18,754
13,174
7,167
592,318
9,472
17,392
8,283
59,402
34,355
10,271
65,76
845,372
961,119
826,452
7,4
6,624
14,446
31,559
158,73
11,358
46,179
5,150
58,122
1492,767
112,351
54,635
33,767
426,537
23,223
13,683
86,559
175,391
1317,766
45,68
11,170
35,266
7,265
14,225
634,333
204,135
34,25
11,28
7,276
12,221
17,91
224,286
619,526
48,181
8,160
12,176
20,277
17,233
45,456
151,108
11,236
20,77
16,434
30,384
33,67
338,583
69,458
12,335
17,295
16,119
920,673
65,342
162,127
10,240
12,444
22,306
671,93
40,106
9,87
13,294
11,24
78,433
275,30
1455,278
11,97
5,273
38,381
241,149
976,117
443,126
7,26
13,64
40,135
11,494
416,549
21,510
20,367
8,100
30,516
139,444
9,294
183,318
181,192
42,18
134,324
192,226
8,194
18,97
27,586
44,385
895,84
14,54
94,340
325,426
17,327
81,533
231,767
10,303
199,90
18,350
21,319
35,453
57,308
8,312
43,25
137,130
14,417
24,369
7,215
38,200
9,219
2170,228
53,238
15,253
92,533
4,251
9,25
16,313
31,257
61,221
12,591
14,51
136,774
9,107
8,169
93,470
10,86
15,499
34,258
15,322
9,523
33,453
14,175
20,15
20,23
1494,52
1973,67
1205,64
1989,29
936,457
659,249
197,310
627,102
211,25
21,96
553,133
8,120
8,118
10,78
46,277
425,19
85,249
10,101
188,200
74,28
11,555
26,290
78,122
226,123
43,684
41,26
482,337
9,22
188,243
9,311
69,269
13,556
26,444
13,243
25,285
39,200
18,249
22,17
16,196
24,193
472,22
539,33
564,37
643,15
1347,31
2698,25
1224,43
1622,43
1517,43
1555,43
1395,43
881,43
1588,54
1896,326
7,71
56,363
307,767
23,25
138,117
95,228
11,14
74,599
4,380
16,206
4,160
141,201
10,201
8,181
887,487
11,388
22,286
10,159
64,20
17,325
88,243
99,385
7,265
21,722
6,214
3087,389
124,24
31,18
44,299
773,147
863,101
177,140
929,66
8,254
32,432
9,205
33,430
14,269
15,403
53,386
60,312
6,311
15,369
12,145
28,250
6,330
55,36
14,296
18,119
12,93
43,195
538,459
15,223
205,606
58,320
48,438
323,325
113,90
18,129
16,256
16,299
168,263
7,91
13,224
17,770
38,239
1534,16
71,150
21,249
1081,577
85,79
23,17
49,151
80,56
46,346
6,79
34,238
226,164
25,269
512,192
563,405
660,406
23,307
1125,767
9,283
14,723
18,262
21,717
26,294
37,174
90,186
30,551
13,332
10,182
154,727
10,370
90,147
10,362
84,190
16,245
91,491
12,35
46,297
76,634
27,241
35,163
135,288
239,89
79,282
379,56
597,188
9,461
11,365
6,195
68,48
12,131
1583,251
83,376
754,148
112,372
397,85
33,150
34,183
18,249
5,180
36,509
87,767
55,47
8,22
74,180
76,24
21,766
9,148
6,591
21,180
394,651
24,303
14,246
14,608
5,224
8,228
226,184
70,247
5,204
1093,331
26,308
18,482
61,471
12,152
894,288
889,377
1742,181
161,333
12,244
153,219
26,417
34,176
59,153
131,243
11,16
12,9
13,315
9,565
12,371
28,305
104,281
9,14
47,44
703,173
39,328
612,488
27,70
8,76
74,582
11,130
192,228
42,447
18,249
7,55
12,342
18,84
16,176
7,123
7,284
113,732
14,405
105,184
136,129
26,179
11,123
96,24
33,256
16,703
17,32
24,391
8,180
22,294
14,232
14,85
262,757
383,509
16,652
7,98
16,298
20,327
149,124
22,19
39,74
8,218
145,120
11,109
152,213
14,237
12,244
24,314
525,650
6,125
115,249
94,165
20,31
14,177
145,478
56,182
2016,751
105,74
460,63
393,255
411,584
28,397
99,364
35,46
29,548
15,524
49,717
57,335
23,45
73,324
13,169
13,230
13,25
70,18
51,698
15,80
574,193
34,16
4,192
4884,230
52,52
19,15
400,647
4,250
8,230
19,62
12,237
37,20
60,765
8,157
18,455
7,18
374,114
37,307
220,467
34,486
888,407
19,769
131,172
201,249
8,314
38,617
7,81
10,86
2123,259
165,218
91,13
20,205
5,380
7,436
25,170
20,460
53,291
122,392
9,177
21,717
17,191
35,32
14,223
315,341
12,31
16,111
24,436
30,74
15,213
46,427
735,438
4,293
582,85
4,164
74,767
32,132
50,767
104,30
16,196
12,506
22,372
8,369
204,79
66,487
10,97
43,62
8,272
19,48
421,175
6,125
15,163
6,84
292,765
252,767
25,387
413,635
144,97
17,35
51,244
139,222
50,523
15,188
45,529
78,272
4,314
140,7
164,345
20,719
682,142
18,360
33,729
10,290
97,310
99,374
17,273
52,126
27,349
1034,715
993,36
197,69
20,474
43,25
1703,109
348,105
2077,130
604,127
105,127
1002,87
22,416
11,387
9,297
25,350
12,213
16,175
121,232
615,476
15,215
61,329
327,198
358,381
14,105
281,347
5,261
23,298
1382,25
11,13
8,40
323,740
12,121
2015,237
41,272
11,352
1042,299
27,547
31,260
40,98
15,457
26,56
126,350
4,58
11,419
8,84
49,420
28,296
20,219
200,382
27,272
462,188
24,360
22,310
16,297
10,226
5,122
20,285
8,386
25,192
9,392
956,491
124,529
53,301
10,287
22,175
164,74
20,16
23,208
1056,39
1056,243
211,268
1004,438
11,264
11,314
677,371
72,8
60,488
151,336
57,329
25,582
11,99
39,434
9,225
30,392
6,51
17,626
94,533
14,412
44,23
32,255
13,228
10,362
957,359
8,618
132,10
37,39
14,410
14,197
10,450
24,459
37,436
94,165
314,614
86,514
403,24
5,145
48,81
67,14
501,690
8,8
43,253
21,202
240,645
27,37
420,85
7,78
43,80
74,405
9,10
32,141
364,537
142,219
402,212
333,462
121,769
452,299
39,52
13,333
747,193
12,124
23,527
39,98
8,128
23,701
10,270
33,182
9,173
7,616
72,31
32,253
20,458
14,101
96,35
242,110
1186,734
11,357
15,465
23,252
341,34
26,380
18,316
214,90
18,137
12,308
12,41
66,229
21,378
11,280
10,196
9,288
8,374
413,120
149,261
448,675
105,100
4,31
10,237
286,767
681,279
573,118
23,311
77,350
1154,120
1154,241
1154,221
208,163
57,767
345,565
15,292
23,200
52,480
75,52
1383,71
247,232
17,26
155,202
10,146
15,191
403,14
28,35
117,200
7,181
11,323
167,344
10,420
5,768
57,767
22,76
10,588
12,430
17,239
14,316
177,284
8,268
24,427
46,743
200,673
686,270
83,360
12,134
64,289
27,387
18,341
21,375
65,463
1426,519
107,89
10,352
44,248
38,25
89,121
9,247
1233,356
391,234
342,120
2810,117
90,213
20,449
22,19
36,767
41,391
38,194
42,651
27,209
7,100
8,350
161,520
131,533
15,470
392,366
17,362
13,117
108,29
556,333
16,263
31,103
452,494
29,55
77,62
6,100
29,432
52,248
327,231
74,148
45,237
12,109
10,83
23,388
134,382
8,35
64,169
80,121
81,115
7,81
443,194
13,403
96,6
54,397
2440,34
2793,165
3087,86
3060,69
9,194
19,503
47,769
719,58
73,70
9,141
77,394
291,767
13,151
1247,547
864,368
20,609
16,243
32,134
328,9
21,75
15,73
22,277
79,255
12,184
9,289
58,251
11,316
14,768
37,366
12,192
1759,770
11,572
15,529
51,536
84,378
54,125
109,210
22,137
26,232
19,317
44,286
4,172
17,767
28,791
30,474
4,144
85,404
25,210
14,122
30,451
20,597
8,140
27,338
5,153
8,265
17,395
4,162
10,80
173,76
645,44
13,278
162,73
576,305
23,22
8,114
16,349
18,558
252,48
22,142
13,549
16,263
19,196
9,35
156,914
40,174
21,29
512,202
22,277
19,767
61,767
1048,403
1709,213
48,53
219,732
53,380
21,333
13,630
18,172
9,29
7,334
91,22
478,569
47,189
84,426
16,112
17,336
11,116
193,179
74,235
7,110
12,388
16,377
20,471
28,294
69,335
10,130
78,45
87,387
49,376
24,114
28,42
731,557
12,52
22,152
10,96
15,316
10,326
1592,472
1605,692
7,306
110,35
112,204
70,749
618,412
38,256
96,749
63,267
285,158
4,50
24,141
674,182
16,14
9,56
45,89
29,703
158,768
537,22
8,313
49,466
230,767
4,328
397,117
111,95
15,302
21,199
93,432
29,398
15,141
13,135
29,148
17,577
13,431
47,704
185,85
52,473
53,341
13,107
32,250
18,656
27,151
14,42
15,362
4,5
65,80
12,290
25,584
39,130
14,265
14,228
43,109
194,138
19,263
7,192
25,109
14,497
51,31
15,426
8,225
102,585
16,197
17,349
81,205
97,129
22,257
43,36
538,112
366,527
87,768
21,53
4723,334
4726,341
119,222
6,230
4,54
89,218
12,331
15,473
15,84
45,138
27,330
66,525
38,219
95,348
16,197
5,120
154,223
39,289
334,379
359,215
6,170
8,315
37,394
46,443
71,414
1208,323
49,67
11,248
263,41
137,198
17,153
45,516
51,156
22,258
5,98
364,342
10,44
23,12
6,451
265,269
67,14
17,162
725,445
7,80
17,75
47,318
6,350
43,369
48,29
14,87
49,217
12,134
10,723
875,768
28,87
21,302
8,245
1901,167
8,70
893,380
20,349
16,89
12,12
19,178
250,150
26,361
44,450
13,187
13,383
21,330
6,323
23,27
15,217
12,211
11,161
33,332
190,116
11,152
28,248
33,456
36,289
11,323
62,359
22,234
437,465
56,227
124,277
705,332
1093,374
13,309
201,27
94,30
202,187
298,103
7,166
67,236
28,25
1286,12
785,12
1195,15
878,23
941,23
1318,21
2148,107
2162,98
2209,767
1465,763
10,100
13,261
14,668
60,40
1964,136
23,209
50,237
11,24
29,515
14,259
31,188
20,529
24,157
15,85
9,26
35,163
1089,53
35,604
10,128
53,386
24,310
29,644
507,543
262,265
403,273
328,329
148,140
37,672
14,218
219,263
195,558
15,341
23,218
45,227
165,203
581,295
375,767
91,82
32,170
11,406
57,768
190,627
5,78
17,216
32,231
38,49
29,369
50,311
31,201
71,150
7,294
17,777
47,384
8,17
216,190
23,769
708,392
564,597
67,248
37,328
158,611
7,279
12,97
79,240
21,159
28,27
81,287
30,90
184,256
17,21
148,88
890,232
867,195
1573,47
848,165
14,59
49,50
2740,398
55,424
1572,67
772,350
8,330
37,261
57,37
516,528
1529,335
10,260
10,153
689,48
13,52
42,390
19,170
10,263
13,73
132,372
88,694
105,267
21,650
149,218
15,20
16,172
7,29
425,770
25,251
180,158
5,271
361,486
115,435
369,320
612,324
13,273
13,322
13,294
2361,12
49,106
55,143
816,618
5,299
15,238
56,465
167,679
416,152
18,204
19,362
6,87
6,93
133,244
4,144
7,288
13,150
43,280
38,87
30,354
9,440
134,126
625,635
185,489
15,360
18,475
19,240
13,200
44,681
48,418
7,302
101,311
9,322
10,42
186,461
9,247
79,153
48,122
6,253
16,91
108,572
150,721
154,750
188,767
185,738
96,104
11,701
11,575
230,114
377,117
875,152
971,139
2984,257
1075,6
2326,138
1550,247
1387,705
997,768
1087,217
1000,225
1117,202
1004,767
1643,507
16,127
94,215
45,770
37,212
60,200
9,248
348,99
11,293
14,64
48,674
291,220
16,139
104,242
38,331
8,21
14,165
1188,358
5,111
40,267
4,358
10,140
35,462
14,378
53,460
9,113
149,491
51,449
25,12
631,295
425,137
26,227
27,143
16,396
8,276
13,313
883,766
1299,766
1294,557
748,522
10,9
62,64
16,489
8,349
1486,766
202,554
104,19
8,217
11,172
82,217
60,214
9,248
14,57
24,335
22,40
150,689
6,306
34,743
32,345
34,16
8,11
20,487
198,95
83,225
153,183
55,225
18,211
245,120
516,212
31,127
7,70
5,260
103,224
13,89
7,267
17,353
20,183
40,31
44,283
39,297
54,200
35,259
268,217
655,239
1996,123
8,218
80,492
19,91
21,405
58,296
18,354
696,734
675,714
677,116
22,156
7,194
45,149
31,161
10,303
135,594
74,440
19,396
9,193
58,613
47,323
14,87
15,141
72,86
23,172
8,44
33,245
58,390
16,408
84,317
16,110
155,204
10,188
26,15
100,68
1564,332
178,476
38,399
11,328
7,14
14,256
9,230
17,110
23,180
7,236
29,286
26,129
173,212
27,257
231,288
23,436
6,227
18,742
30,111
5,155
18,87
23,96
6,107
34,610
23,703
23,438
353,105
91,94
27,503
13,487
11,122
99,514
23,400
62,84
5,100
533,250
52,39
63,51
185,422
55,325
25,12
77,129
202,324
61,123
10,235
13,369
78,20
18,158
14,373
8,420
10,147
20,538
81,427
5,92
36,338
11,190
19,282
80,328
6,153
22,19
36,767
35,337
871,166
321,338
11,193
21,71
50,178
4,387
93,83
21,434
22,458
750,542
12,771
21,244
9,524
19,468
18,248
17,89
205,179
125,293
44,206
4,248
158,431
23,66
11,299
8,197
335,172
390,604
25,615
107,264
78,213
31,75
119,196
55,72
26,233
22,196
8,271
38,600
210,18
28,59
25,162
26,74
11,333
30,35
23,223
13,49
15,275
16,349
109,590
77,559
20,111
439,146
305,698
17,70
2861,61
2861,73
2861,75
2861,61
2870,83
2839,94
2839,102
2870,73
2870,73
52,27
22,39
85,543
14,288
26,463
36,339
20,694
886,212
1451,573
2259,501
9,214
416,328
80,22
63,6
49,658
31,804
31,96
11,176
28,194
6,364
58,287
10,382
34,265
84,153
524,354
14,429
27,610
65,676
1655,755
24,771
87,254
24,399
215,63
288,95
75,158
15,451
37,64
4,10
8,160
391,589
385,573
198,409
329,140
15,307
29,355
10,116
24,5
20,280
209,60
38,23
241,15
36,139
39,516
44,403
43,380
17,508
53,289
182,31
40,252
23,211
56,256
40,337
54,445
16,237
11,232
12,47
21,264
20,383
18,522
42,642
12,219
58,283
9,243
37,474
7,300
309,308
625,140
117,93
488,311
625,257
1354,255
625,134
796,768
890,42
2379,170
2806,182
1822,107
44,135
13,607
76,54
14,139
31,366
8,191
33,205
180,119
8,283
34,171
13,298
324,676
778,160
22,218
6,411
74,166
114,110
7,329
8,22
14,22
19,43
36,35
85,22
12,182
1885,222
72,52
9,327
36,24
10,281
85,282
10,254
63,606
91,8
208,337
9,117
85,632
17,523
9,140
54,143
14,246
21,315
13,225
197,23
30,127
53,149
15,338
13,142
15,235
12,59
448,365
699,770
48,53
2043,135
45,468
22,105
21,312
216,100
8,220
10,200
8,62
83,215
25,250
31,416
44,484
94,431
29,8
13,146
60,423
9,281
24,573
7,205
360,738
64,397
33,569
316,772
214,288
1763,767
34,70
17,526
179,604
273,249
21,439
38,237
49,355
1721,18
410,429
11,485
649,305
647,770
654,348
13,606
9,121
307,581
213,221
23,285
48,17
8,207
9,225
14,546
42,285
14,338
12,60
13,194
11,99
41,150
13,108
9,300
12,513
28,123
21,90
31,310
650,753
190,361
34,473
24,187
10,231
32,39
371,677
43,360
4,53
7,397
132,146
1103,66
997,127
15,283
7,96
1094,368
773,238
29,248
19,361
12,56
20,284
17,256
11,241
986,604
17,304
13,294
10,296
44,415
42,254
44,303
38,247
138,381
54,340
32,353
71,450
26,74
15,325
11,338
128,461
11,107
52,228
33,206
13,82
9,198
259,323
419,11
86,313
8,216
47,767
159,314
11,187
319,583
63,67
25,16
66,392
16,255
97,289
6,221
7,278
11,534
100,81
24,172
8,413
25,95
5,42
41,125
11,90
21,209
20,296
6,235
8,274
12,118
17,113
108,508
19,365
66,550
29,4
388,113
6,193
67,380
17,561
12,540
17,165
57,373
279,399
14,146
4,362
35,95
47,39
19,184
6,248
7,273
66,12
26,192
7,299
11,346
7,531
5,17
929,407
378,685
18,236
15,288
3080,146
61,21
12,225
8,112
147,126
61,173
30,314
133,410
12,388
1282,106
4380,17
7,431
1013,305
995,323
777,622
1025,152
446,385
372,256
401,274
405,348
498,497
55,137
882,108
286,116
7,245
13,519
410,313
14,193
9,221
11,379
108,85
24,456
11,150
682,142
26,73
12,338
13,279
21,345
18,348
21,443
112,216
86,487
56,49
13,406
116,769
39,468
32,475
25,62
15,227
23,27
11,265
41,561
18,688
109,187
1077,769
208,411
31,24
323,241
25,109
11,55
1636,155
70,281
386,478
20,633
17,418
111,283
134,139
60,11
474,350
59,124
71,96
8,314
49,224
10,196
17,152
156,127
95,763
165,362
139,433
18,34
84,315
8,198
20,170
15,342
55,194
161,413
18,217
33,653
96,405
17,396
787,65
19,334
11,768
6,61
39,196
10,251
9,63
153,417
31,300
401,87
88,196
556,398
80,423
19,374
11,212
12,198
16,305
719,773
57,260
26,250
5,19
21,68
11,95
16,363
18,225
9,756
20,6
10,227
172,312
4,104
24,488
70,656
39,377
7,93
19,22
44,680
12,379
6,132
328,426
15,201
403,154
59,300
279,275
4,567
8,320
8,46
8,287
8,511
4,51
7,233
10,312
20,144
28,662
14,91
55,439
1364,142
17,120
272,249
308,152
206,102
8,315
14,338
86,24
8,161
142,92
14,383
11,218
135,104
958,34
12,288
12,89
93,361
29,275
49,732
10,767
16,333
54,344
8,115
422,608
15,272
95,767
13,270
361,520
13,242
8,163
386,144
285,18
579,255
524,282
279,62
94,165
34,96
54,561
5,91
636,136
13,156
6,30
36,498
47,235
103,246
76,512
6,767
8,103
210,415
338,355
58,74
6,414
18,551
7,332
175,768
18,366
9,175
15,452
650,344
22,104
63,393
383,74
21,392
13,372
22,116
10,184
1455,45
67,200
534,102
60,31
28,418
4,180
5,196
347,520
34,578
16,230
14,120
14,297
27,289
54,520
8,487
41,286
23,416
16,630
9,20
152,301
14,285
1117,150
757,487
40,102
62,240
472,29
1479,120
3279,191
1704,24
244,607
240,19
8,377
8,47
7,94
15,369
27,226
44,390
6,127
48,171
224,646
240,469
81,72
17,245
10,502
36,340
141,242
95,88
12,126
1012,471
16,693
1566,223
1471,205
1485,255
1439,697
1233,681
377,628
1050,517
1987,340
1528,394
26,574
28,209
2512,770
841,585
102,442
7,239
8,38
521,328
2296,331
7,126
8,127
11,260
15,718
30,328
11,202
17,174
68,296
22,181
33,402
327,219
17,599
15,392
8,196
486,174
11,174
22,25
43,40
14,43
100,305
258,261
375,70
45,61
19,177
12,242
9,151
2378,448
63,253
5,116
167,486
22,572
184,604
8,266
45,429
8,43
22,58
16,354
1679,768
24,408
28,285
33,453
44,533
22,278
10,287
39,235
30,175
42,205
16,583
58,15
171,101
60,234
6,183
16,373
7,230
59,12
9,44
11,220
30,318
36,307
16,29
50,344
5,58
40,562
82,50
13,183
26,70
20,293
265,9
12,407
31,140
8,189
31,291
975,569
10,286
99,290
11,335
505,330
9,7
279,701
59,351
5,30
25,245
8,42
7,391
39,435
7,306
32,338
3385,48
2354,723
29,285
27,125
32,439
14,260
9,224
31,437
1378,422
407,374
970,398
957,372
1496,565
17,345
26,172
20,343
15,221
5,225
12,262
8,392
15,569
23,388
14,213
153,467
166,710
68,236
11,11
46,471
25,225
45,237
13,346
24,342
12,222
431,131
21,523
8,288
2701,766
68,326
20,305
15,213
13,296
26,477
30,66
7,147
27,226
42,678
13,499
79,60
361,287
107,355
56,235
412,505
34,767
139,160
40,442
11,280
16,236
41,246
14,119
13,268
787,65
23,180
7,236
107,732
7,181
9,340
18,131
189,270
26,262
71,577
8,243
19,69
77,435
25,153
36,425
24,205
1369,766
30,475
7,453
53,188
13,177
20,177
8,95
12,486
40,727
11,208
45,25
27,785
152,176
36,458
28,391
8,454
11,198
11,235
14,29
15,245
111,566
57,365
226,326
132,170
62,396
4,9
13,300
1219,492
9,216
7,142
37,212
40,475
6,238
15,229
17,268
22,545
124,20
80,506
9,247
1233,356
391,234
342,120
160,149
245,310
14,605
37,107
4695,492
461,242
194,366
42,577
14,139
41,92
17,191
121,265
9,253
71,543
13,127
4,91
6,398
2758,168
36,36
1096,81
53,767
114,228
144,116
12,338
29,231
44,768
39,124
7,79
6,375
7,212
67,297
6,191
25,305
30,740
5,19
4,254
111,139
40,162
7,96
717,419
698,277
54,15
18,183
25,629
9,120
107,772
12,252
21,452
15,262
35,207
19,71
13,164
6,64
10,460
1611,320
237,464
45,152
347,207
13,98
182,31
40,252
28,360
62,114
9,247
1233,356
391,234
342,120
1484,765
204,272
16,251
12,189
44,388
201,122
12,17
408,233
18,178
19,497
41,31
11,192
25,610
49,570
9,252
68,580
61,65
8,175
12,226
30,40
85,362
164,205
2003,774
896,656
11,195
15,497
336,238
38,768
5,356
10,557
22,309
247,240
655,638
29,265
150,194
116,508
1899,162
49,63
18,78
91,8
115,466
34,99
10,283
29,54
10,244
12,299
10,111
15,193
33,366
12,202
11,206
45,170
11,241
11,340
53,188
135,767
20,70
21,298
182,38
397,85
14,238
36,184
393,195
9,390
15,187
38,243
968,769
244,761
86,319
163,314
94,90
70,83
191,160
1746,168
22,346
16,713
173,76
13,313
33,50
12,30
71,493
21,359
12,232
30,280
16,354
538,574
11,535
7,14
2246,188
31,605
34,377
89,359
18,159
25,237
10,139
22,268
13,136
122,143
832,210
975,192
838,77
435,85
834,168
797,113
794,260
625,289
772,278
804,284
800,240
1933,380
43,186
32,620
18,403
1271,241
39,191
22,19
36,767
41,391
2342,259
57,209
22,302
60,13
4,69
144,259
10,109
59,187
117,295
98,71
79,60
137,420
18,91
1048,407
1009,383
1070,396
18,77
131,310
9,718
153,454
6,59
587,396
13,328
2942,57
2941,73
2942,712
2889,471
782,149
210,254
626,587
72,501
184,771
11,109
13,453
144,300
48,335
352,151
298,526
10,109
29,105
305,93
587,192
36,360
11,151
358,113
316,86
342,102
304,36
323,327
460,499
474,474
467,59
496,211
410,86
543,483
74,232
536,520
257,386
1316,68
350,444
10,82
12,98
16,136
126,350
27,374
278,70
19,142
621,93
30,736
50,101
55,590
44,438
25,198
13,272
104,94
23,36
22,34
176,478
179,625
9,73
29,336
76,248
15,262
9,238
5,13
12,281
10,183
10,783
514,363
999,233
19,665
31,345
14,606
16,428
12,458
60,49
48,371
18,202
13,13
19,215
26,621
47,306
34,81
17,218
17,611
78,486
68,86
985,209
288,283
35,34
8,200
13,404
16,410
16,337
11,321
8,223
9,159
23,235
7,73
132,240
12,397
10,167
157,772
11,201
23,75
15,221
87,586
16,85
63,769
14,542
67,128
10,261
6,69
9,624
22,360
5,102
25,21
7,63
5,602
64,311
48,502
123,309
5,28
12,199
50,215
9,193
16,124
9,294
37,147
16,358
255,334
82,765
158,159
16,49
16,143
216,214
223,725
62,79
219,321
8,428
10,86
732,205
6,358
26,244
4,254
35,33
9,104
62,179
27,136
11,190
9,278
17,360
21,181
468,419
1062,467
37,331
9,369
26,475
8,273
96,766
114,78
65,110
33,487
31,210
5,261
8,53
6,252
29,34
29,266
5,26
20,56
24,103
34,98
16,589
24,363
14,96
47,267
9,176
70,756
43,227
9,164
49,143
989,308
159,273
17,472
95,93
59,269
946,254
12,199
18,99
24,155
27,302
5,259
21,437
79,485
73,366
27,414
331,579
10,247
8,269
40,68
397,440
43,408
632,420
988,693
329,109
103,629
57,73
52,336
5,196
54,334
2350,327
74,276
9,176
19,151
364,342
37,264
12,238
14,422
8,277
119,769
19,134
296,385
7,226
404,221
50,234
16,80
9,216
74,185
249,712
14,165
20,205
59,347
16,413
13,126
134,22
18,6
39,446
42,182
5,221
75,353
42,26
707,157
408,430
104,155
43,62
14,204
14,335
63,173
17,296
24,10
2861,61
2861,73
2861,75
2861,61
7,22
20,91
38,257
12,165
56,262
376,246
24,574
33,289
13,285
16,254
14,52
303,192
10,24
133,217
12,184
16,296
25,120
143,303
40,439
26,417
33,74
9,80
19,332
140,372
243,348
345,518
44,251
123,310
11,138
12,32
7,238
109,764
16,293
30,50
45,441
43,199
26,21
6,106
16,605
10,130
20,131
9,53
23,602
57,380
1575,192
87,372
17,374
11,192
17,302
47,23
6,36
285,184
31,33
43,48
9,66
1198,144
693,196
11,190
20,164
15,339
16,408
23,164
42,253
352,63
7,7
21,92
100,473
8,23
147,153
39,649
33,443
1050,206
865,365
7,237
299,386
39,160
13,314
153,150
8,213
147,465
22,349
10,197
29,463
6,363
37,474
7,300
309,308
625,140
117,93
488,311
625,257
1354,255
625,134
796,768
890,42
191,384
40,113
47,318
246,237
26,383
9,386
7,180
4,92
57,48
66,78
9,230
9,44
19,311
19,140
13,159
940,91
20,290
1218,614
1240,221
56,430
11,307
6,121
16,775
43,384
52,309
11,22
13,249
421,119
429,478
63,313
86,253
45,192
229,125
2357,153
2562,202
14,111
211,241
66,39
1548,353
1544,717
26,265
129,339
11,228
6,205
168,28
365,269
9,575
6,71
44,173
42,237
9,337
20,214
22,216
266,222
94,402
6,277
16,321
15,251
62,29
3260,47
1148,33
1578,271
185,524
246,146
207,431
36,275
1780,81
7,152
22,340
13,143
13,92
293,389
7,310
92,123
21,342
6,169
140,326
15,62
19,183
88,175
15,288
10,153
47,425
5,192
106,767
40,179
23,255
19,228
22,17
7,262
21,674
19,235
21,767
1279,145
289,15
40,180
9,401
2374,555
2322,306
16,366
4,13
24,330
60,769
24,676
14,296
32,425
31,342
9,216
80,46
71,317
23,21
14,115
9,216
26,327
17,22
8,233
25,41
172,243
4,85
7,23
1259,149
1153,157
160,374
75,184
95,325
1237,174
177,192
24,379
22,698
29,296
9,146
14,168
8,177
5,337
13,156
508,206
10,162
172,249
22,222
59,596
98,161
21,42
6,104
22,453
46,59
34,615
180,32
29,393
31,221
22,231
25,161
12,203
104,38
45,152
6,133
33,201
146,427
21,343
8,9
5,348
27,92
23,308
1327,208
1368,128
960,202
7,91
66,421
21,331
6,253
120,120
261,24
16,169
46,216
11,571
84,76
10,224
15,218
40,188
11,91
19,315
31,54
9,264
7,173
83,73
9,26
14,344
64,19
225,410
560,7
6,118
50,150
7,46
42,285
12,208
9,186
6,460
1922,381
234,350
1043,767
19,233
25,48
231,39
1551,156
9,524
15,150
4,61
35,457
88,63
9,181
18,521
52,198
69,497
40,409
7,29
129,207
2645,491
30,747
11,403
73,307
23,27
113,109
9,225
505,380
13,494
2744,48
15,670
16,317
303,471
17,430
174,213
959,18
15,372
20,265
17,62
27,294
12,34
468,123
20,43
942,539
18,186
15,385
3420,674
8,241
8,335
5,196
81,173
18,230
18,468
38,44
12,204
29,349
47,211
19,497
29,25
19,279
107,77
46,369
97,67
10,282
338,231
40,37
11,137
11,271
9,229
17,216
33,232
8,138
97,302
2262,224
7,299
13,681
448,334
38,172
37,115
11,577
13,187
13,235
12,190
485,764
15,239
108,249
54,442
22,217
10,540
21,303
131,533
166,351
134,382
24,255
20,561
84,136
107,213
14,715
296,361
10,447
9,259
126,12
6,203
330,592
55,492
489,599
59,55
581,417
1793,146
4,319
32,766
49,175
18,194
59,35
28,290
24,311
8,330
572,775
122,452
5,69
5,205
15,145
37,80
120,129
118,225
313,98
16,8
27,113
265,139
42,20
54,118
83,46
211,22
340,126
33,40
19,7
9,106
7,246
42,340
8,161
39,567
86,769
29,28
38,373
8,261
14,84
11,243
12,278
38,271
1389,421
419,421
41,332
15,374
11,771
35,604
35,288
24,349
142,245
39,343
15,130
352,21
476,20
522,131
382,273
7,153
2226,439
19,141
9,232
210,522
42,475
20,767
135,767
6,34
41,206
34,399
24,262
18,27
91,208
27,143
5,119
8,148
54,485
191,329
2534,669
87,129
13,82
92,241
28,300
14,180
15,318
10,321
10,316
40,37
15,156
238,341
95,241
24,184
11,277
20,361
8,288
21,188
11,663
44,235
325,398
69,455
553,600
880,367
28,14
18,366
9,196
9,71
26,336
11,107
47,39
13,102
34,201
320,357
43,31
50,94
312,110
326,79
67,210
11,125
28,510
13,403
17,86
5,206
96,280
5,57
5,34
138,319
21,554
11,275
96,30
158,72
90,88
760,30
1743,763
266,591
24,488
20,325
119,139
63,179
555,497
215,520
15,154
87,431
10,292
19,122
64,492
448,740
68,286
101,404
22,598
214,62
11,379
494,129
28,767
49,33
61,250
6,162
6,294
134,27
307,298
274,324
408,73
9,193
58,320
48,438
228,767
17,31
13,609
6,93
43,752
18,248
17,336
202,769
281,622
185,68
14,368
17,316
22,129
1281,502
7,228
41,262
9,20
42,390
14,96
38,148
1396,371
1949,12
1030,12
1788,124
1042,38
1106,157
2511,176
41,247
18,238
11,97
180,72
128,94
9,81
2104,115
24,446
9,270
16,179
12,182
23,199
422,386
1316,630
7,281
34,664
9,173
31,276
24,335
52,305
18,690
11,93
31,128
220,561
188,200
2067,111
2065,98
2897,89
857,188
889,769
60,182
96,742
9,251
63,533
125,258
4,104
3143,567
10,84
25,417
36,283
69,339
435,402
43,210
8,195
44,458
21,501
67,259
150,100
20,138
212,240
131,533
40,767
14,265
17,196
4,76
5,70
14,267
18,55
163,170
7,208
20,515
44,101
18,369
9,323
14,182
137,118
11,220
59,177
63,223
6,214
186,68
10,286
57,118
72,543
13,88
191,24
13,249
27,211
26,766
132,102
6,15
31,769
5,127
40,280
17,365
36,115
12,135
8,95
18,55
18,256
10,337
78,498
18,124
27,33
13,243
44,263
21,247
12,398
14,290
16,342
11,237
21,228
10,176
348,80
5,165
18,52
31,295
15,127
789,330
7,301
14,319
52,738
13,250
264,254
6,17
16,182
31,214
173,74
114,149
13,336
18,93
162,590
58,402
84,121
33,270
27,236
18,60
33,78
29,141
360,61
536,9
471,242
7,483
25,767
17,106
82,114
12,265
13,205
77,193
183,112
49,482
79,517
33,190
11,489
100,89
135,451
13,402
37,33
3274,259
8,171
12,269
50,45
23,31
1136,150
27,260
33,651
21,482
27,254
15,769
14,340
35,470
62,229
18,561
12,126
32,212
67,380
13,164
12,151
11,332
74,166
41,263
6,125
51,767
32,333
55,238
10,331
44,393
9,215
23,525
8,389
1028,628
395,309
2478,255
50,373
37,405
21,105
15,34
376,17
161,243
29,364
27,75
23,151
567,78
6,96
119,95
24,133
7,21
14,737
17,124
10,75
8,156
11,248
17,750
110,727
59,11
128,22
9,47
350,310
6,394
106,769
677,161
18,249
12,89
20,188
89,404
113,17
56,232
120,354
30,321
13,236
83,364
327,492
439,290
53,28
16,560
16,298
10,356
7,135
20,174
10,163
11,362
16,325
16,192
26,305
75,660
26,343
816,266
58,55
5,167
8,211
56,330
8,174
9,26
181,259
8,326
239,373
952,598
545,316
560,338
541,313
471,253
661,15
26,478
174,143
5,378
245,365
620,115
522,291
26,314
401,266
413,103
14,542
6,213
5,34
76,695
10,427
18,149
377,160
16,214
13,183
9,411
13,114
21,79
62,23
13,92
4,146
47,438
1096,164
26,21
152,177
10,133
12,21
1136,204
11,97
42,181
21,410
760,118
169,671
31,608
18,311
13,358
17,87
13,156
542,431
1601,143
22,219
56,331
18,230
38,262
16,400
308,637
391,67
70,364
135,300
60,31
12,59
35,784
337,210
10,663
16,238
28,521
16,80
261,379
17,148
7,11
8,79
44,385
17,271
34,25
26,371
9,78
7,206
20,259
43,25
9,158
38,384
12,43
167,394
12,412
43,727
18,239
91,347
690,117
2261,268
93,430
56,370
27,66
9,57
39,237
122,772
12,429
14,275
227,244
29,424
22,107
156,261
7,685
225,380
41,118
12,22
1323,241
1312,238
32,395
110,26
1063,206
33,610
37,93
782,683
5,196
5,745
10,332
169,317
12,258
127,257
55,623
31,291
13,598
126,597
11,414
42,243
7,165
10,310
37,256
18,445
13,214
29,102
306,222
38,502
32,452
193,418
186,276
1791,261
106,753
75,767
19,180
69,330
30,85
78,140
179,88
10,257
204,269
10,192
54,601
77,164
53,239
15,272
9,27
27,368
27,690
12,434
11,107
7,296
13,245
159,561
34,218
127,437
12,147
6,11
80,72
11,231
71,9
39,171
30,92
46,294
143,371
26,9
30,164
50,580
7,137
215,104
79,344
156,754
104,26
345,238
21,30
76,296
147,232
34,357
18,192
25,380
216,107
190,279
223,87
23,277
6,259
20,119
21,462
791,178
895,205
19,301
27,427
41,89
46,61
17,139
20,131
17,411
89,621
6,175
13,45
61,480
20,771
40,309
45,32
443,692
16,305
11,149
17,34
10,466
100,767
270,68
35,767
14,768
26,769
13,199
392,142
891,353
19,244
7,27
76,362
16,80
14,136
62,313
27,26
9,268
123,132
467,459
748,260
815,351
1334,261
168,31
27,125
78,238
19,355
7,234
4,40
60,355
70,323
43,136
16,275
9,119
39,478
15,155
33,211
14,342
215,482
8,127
84,63
16,183
385,481
8,64
25,470
21,659
36,27
44,82
6,138
21,134
314,300
8,298
56,61
12,56
461,767
117,552
18,498
40,135
38,452
18,256
12,165
41,31
128,498
9,64
85,294
17,97
24,34
5,78
183,518
41,297
261,650
15,121
9,164
14,108
6,29
12,382
10,156
138,234
125,9
4,13
13,331
18,83
17,29
12,225
22,30
85,31
31,181
10,377
954,435
1025,606
48,331
6,12
96,766
16,56
250,317
37,305
243,255
16,474
94,165
576,580
57,266
55,308
19,91
34,315
22,485
6,162
89,173
8,181
19,359
1050,143
23,181
26,607
9,354
4779,128
11,262
8,47
343,488
393,369
44,154
10,4
8,98
15,41
11,297
183,518
34,384
49,249
31,30
14,212
332,15
69,28
17,420
7,210
301,728
332,766
11,115
9,288
362,424
178,775
115,108
6,131
6,239
12,303
211,188
8,39
4,28
22,168
56,581
52,126
68,122
12,41
42,312
17,326
570,156
14,245
95,83
91,424
32,290
10,312
11,378
31,297
9,270
102,629
142,390
188,350
7,229
783,557
102,204
7,81
32,293
68,304
17,37
423,608
22,39
20,57
15,122
12,361
5,439
11,30
55,442
19,98
52,534
34,388
30,226
54,356
297,24
34,232
155,709
110,302
18,567
25,24
14,33
6,288
16,106
120,119
340,272
1010,223
13,681
22,385
137,699
391,770
19,419
31,435
16,15
13,286
24,409
205,290
10,89
99,670
6,167
79,386
43,289
14,291
371,517
29,216
34,106
14,232
31,216
14,457
879,174
18,301
20,272
9,213
11,588
34,329
16,275
25,445
40,40
19,268
91,410
1066,747
15,272
25,116
13,403
137,98
282,340
57,97
10,237
106,312
10,314
725,411
1447,25
610,518
339,82
5,249
363,524
42,504
8,174
44,424
35,247
135,361
22,719
578,237
1011,750
425,262
283,294
43,425
2249,218
48,163
437,773
7,13
30,103
8,181
5,71
367,583
207,306
890,12
331,331
135,464
19,225
42,49
23,155
9,278
171,242
6,5
31,242
697,52
303,47
33,315
63,684
12,199
6,576
757,168
31,313
134,89
55,61
19,187
427,19
9,280
54,40
9,322
11,330
27,53
46,182
23,344
18,222
23,516
2171,220
711,231
418,256
746,504
48,65
10,318
43,384
39,179
613,769
15,150
101,195
5,72
17,221
71,504
21,613
25,629
97,132
524,361
98,695
59,338
180,367
10,273
7,32
103,12
19,370
21,97
9,374
18,274
9,217
35,319
15,384
90,474
26,244
18,218
25,283
111,449
7,12
8,124
22,564
87,474
1226,213
1288,19
287,398
116,8
19,266
56,319
1374,37
10,129
30,377
14,740
96,240
10,276
13,333
10,14
7,203
16,183
23,127
120,304
20,154
19,139
143,338
11,389
10,190
16,521
16,545
202,45
4,194
35,609
36,416
25,125
14,122
41,88
63,224
337,668
521,858
2503,490
5012,1621
4995,690
5062,689
5053,1077
5017,1663
49,183
62,61
21,49
15,330
28,473
46,96
5,468
10,205
299,740
173,235
28,291
27,345
12,233
12,42
33,499
38,220
57,10
24,277
20,140
36,254
123,194
55,365
367,469
303,86
23,352
60,603
529,364
461,767
7,111
16,215
37,254
6,81
49,513
44,592
19,51
18,523
46,285
14,296
510,132
173,508
29,136
93,163
241,294
221,445
666,745
379,365
1701,129
66,270
20,81
9,124
57,633
20,248
73,766
2645,491
693,286
12,218
7,145
24,260
369,198
11,79
19,71
31,560
18,48
12,86
155,235
127,433
7,81
280,335
12,247
5,23
70,290
24,217
47,74
21,443
14,770
15,41
11,54
15,188
9,343
85,7
710,37
17,269
17,129
90,565
8,516
18,189
468,744
51,401
126,524
89,8
2203,233
33,301
24,500
49,350
205,384
882,302
8,233
10,616
11,373
1262,11
1038,486
2596,9
14,768
95,347
12,66
418,297
64,79
15,254
158,152
110,137
12,465
26,414
17,234
688,205
14,122
10,115
32,250
13,336
22,391
26,211
19,130
184,216
652,165
23,644
927,579
973,163
965,352
928,164
11,138
8,382
8,217
14,52
41,28
10,435
12,463
17,502
49,217
49,363
11,575
14,661
86,24
43,30
26,507
10,231
76,40
756,61
82,416
106,471
7,116
171,266
555,437
25,212
107,681
15,287
218,217
392,351
736,203
142,617
4,113
713,492
2811,706
23,33
962,772
12,240
7,168
73,84
47,73
13,235
3165,214
7,122
67,41
31,208
66,76
231,276
17,143
77,505
15,201
12,230
369,640
23,217
50,741
23,230
50,197
848,480
37,420
1749,749
582,386
41,286
32,410
112,355
20,514
207,181
13,685
43,29
1998,40
108,416
17,394
553,456
13,198
19,292
16,368
13,307
63,148
178,202
8,154
19,62
14,287
9,56
38,242
26,337
41,207
79,554
17,329
9,343
22,344
204,407
9,228
105,675
40,767
169,431
41,24
36,221
215,444
2336,769
87,75
14,225
46,164
11,249
486,106
1304,194
23,194
37,125
18,113
139,394
12,116
1042,200
15,249
190,627
54,125
18,174
13,192
16,325
98,187
91,511
744,755
280,769
13,254
17,156
18,767
136,390
183,641
64,66
21,184
27,417
60,193
5,34
42,193
41,325
92,35
17,211
524,361
43,578
16,425
12,768
6,173
37,298
31,244
35,767
12,296
71,374
13,378
5,168
10,277
17,268
16,770
17,65
9,61
26,264
182,215
20,99
438,372
7,176
76,362
456,46
124,155
21,231
9,214
3541,433
15,23
22,328
27,104
19,497
144,767
16,128
19,190
739,474
689,388
13,66
15,61
15,567
3014,162
20,503
236,162
20,240
24,329
117,395
174,77
41,291
7,119
28,202
24,204
92,6
236,43
9,130
21,115
16,211
18,143
15,156
270,88
10,115
45,374
86,29
9,300
284,108
20,32
12,351
535,507
37,24
419,415
12,476
43,27
50,257
128,108
77,766
181,8
298,168
30,437
41,399
623,282
38,363
29,289
4,244
17,224
38,768
18,715
8,130
4,234
286,239
18,378
24,423
20,382
111,376
160,543
7,348
76,248
381,25
135,267
3632,447
155,564
774,424
43,445
55,319
28,301
27,350
9,307
19,25
14,352
5,199
5,30
43,235
13,220
51,255
175,534
7,241
88,226
408,134
402,334
224,421
85,294
180,527
84,270
54,27
27,531
651,573
361,205
13,46
10,336
6,71
118,207
25,75
261,129
186,368
18,494
40,257
106,240
305,115
39,378
21,405
32,160
32,61
50,555
109,73
104,289
11,521
7,769
7,10
14,242
27,524
667,312
20,79
148,323
7,316
27,426
96,338
92,26
9,81
8,620
9,470
9,309
7,112
434,767
10,328
42,383
20,205
48,242
6,549
65,295
123,103
548,220
26,501
4,476
9,134
2056,213
2555,215
41,10
16,243
8,82
48,311
33,51
159,295
30,80
21,203
31,242
240,177
8,298
112,39
324,91
23,290
39,500
77,246
960,149
960,110
972,223
408,130
6,316
1238,19
5,169
9,268
15,196
8,345
763,768
19,202
172,609
26,359
525,450
20,401
18,494
40,257
54,100
12,194
20,492
142,226
9,432
7,22
137,299
13,350
13,266
58,232
42,285
21,322
53,767
46,256
10,106
23,392
13,22
996,179
270,100
256,90
20,452
17,165
7,123
6,77
32,90
108,263
651,345
87,40
7,94
4,24
42,173
21,275
7,341
7,38
38,103
22,245
14,450
10,361
11,38
21,316
167,132
7,420
7,353
100,767
45,148
9,55
268,593
189,272
1812,270
9,329
56,323
82,769
17,614
62,313
663,240
682,270
84,26
368,368
582,10
27,690
13,247
18,390
19,26
36,508
50,286
15,208
31,152
23,203
16,226
14,127
9,193
49,132
8,150
29,53
118,175
56,200
10,235
26,228
8,25
23,266
10,769
571,144
10,76
76,138
27,95
403,270
546,440
521,136
9,89
216,83
23,232
19,445
16,251
365,65
17,181
32,429
12,299
67,121
138,757
65,203
25,289
55,544
24,240
11,91
16,350
98,34
93,431
103,35
16,346
50,265
26,331
202,390
202,440
11,179
40,250
836,696
14,275
89,467
10,153
251,236
24,181
22,443
216,91
22,332
70,364
982,129
16,705
215,378
24,177
18,81
62,381
34,424
29,60
6,173
2380,24
2326,164
2380,20
89,227
10,421
17,653
37,288
14,311
61,196
24,567
11,155
73,441
17,302
27,176
61,465
12,309
6,71
61,117
151,572
5,25
86,197
11,528
100,92
22,285
44,248
12,256
12,268
4,52
27,285
355,326
38,287
4,25
26,169
13,200
340,188
262,275
590,90
34,189
41,43
129,206
248,120
69,5
5,361
11,12
10,381
15,74
16,435
422,298
806,213
45,633
17,489
18,440
22,130
8,75
1558,634
169,140
19,293
12,338
19,330
22,99
84,76
45,118
6,128
9,378
19,182
12,153
287,147
7,187
21,436
8,139
1830,615
1988,713
57,100
6,57
33,362
9,320
104,97
2340,767
31,360
952,223
221,15
19,137
110,71
119,5
64,127
704,433
412,557
603,741
674,650
35,161
41,256
21,207
13,477
47,339
14,436
24,295
10,421
2719,272
2721,504
9,441
1511,150
95,270
47,174
32,482
59,28
13,97
6,43
114,282
9,18
27,207
23,125
40,85
25,426
262,309
69,27
88,68
216,218
63,457
23,23
65,82
144,256
32,425
22,275
80,325
7,7
75,399
1601,245
1624,198
24,768
11,213
1026,320
11,162
121,43
15,260
14,354
29,27
9,205
7,102
29,254
132,7
12,243
27,243
5,232
37,33
420,161
700,208
11,770
18,127
475,645
2233,6
2391,15
17,332
1801,11
1064,21
1405,11
875,24
1177,30
2176,12
2520,25
1877,11
1455,122
1896,13
197,102
2085,13
994,356
1618,28
1369,12
3500,88
1419,42
3053,12
1841,6
1318,10
1318,44
1230,33
1327,11
2093,16
2773,51
2898,6
2151,194
2386,20
3349,18
6,343
7,59
227,297
44,434
49,575
12,295
6,787
10,274
13,219
21,740
4,567
7,29
8,89
19,80
4,58
15,160
7,75
161,394
9,174
193,73
93,5
13,375
232,626
31,678
9,315
113,529
45,67
16,20
10,170
100,409
33,544
51,384
39,728
608,769
6,307
31,353
9,56
470,494
17,674
2384,442
22,535
294,258
30,557
10,199
8,198
29,338
23,527
14,222
37,84
11,440
56,363
25,395
25,156
6,317
10,12
19,475
46,153
16,275
45,582
27,95
13,393
35,588
906,761
44,171
22,189
3734,137
48,213
12,285
261,378
150,125
1141,771
6,190
951,426
950,66
953,776
1281,323
952,249
950,158
957,235
957,210
1756,118
1913,735
10,254
83,177
212,336
32,656
7,766
27,502
13,98
57,48
7,14
2246,188
5,238
51,410
1372,457
28,605
23,217
24,222
1007,29
905,56
1085,31
1011,84
967,569
28,135
389,158
236,540
41,272
37,413
63,402
70,218
22,106
107,135
15,151
21,203
9,50
8,66
10,244
26,370
173,85
8,190
216,103
67,328
29,81
6,317
83,475
418,189
5,257
16,349
23,638
8,33
27,260
4,25
16,159
306,300
15,106
9,554
27,199
9,193
6,13
7,10
43,384
19,219
13,208
42,150
12,298
12,351
7,236
14,100
41,144
128,412
8,243
28,599
58,365
11,65
17,530
22,50
5,109
42,48
26,82
35,243
58,185
24,327
15,423
60,566
15,123
14,85
49,156
25,443
251,767
23,98
119,264
15,345
25,620
26,580
330,222
18,211
31,515
60,400
17,436
46,108
131,159
483,237
18,95
16,346
24,187
262,243
24,376
164,168
175,391
1317,766
8,74
21,290
6,430
20,251
20,339
234,460
370,311
79,132
1879,28
2714,289
159,637
11,242
34,350
14,192
15,413
361,592
18,454
31,357
25,277
16,209
132,341
38,174
30,91
4,29
89,289
11,280
48,210
5,57
18,33
11,290
2272,547
34,563
7,280
11,464
924,192
25,150
24,207
12,397
153,172
31,44
4672,251
29,45
221,168
165,272
61,647
29,365
10,176
256,322
10,213
1207,685
800,447
11,63
20,31
344,65
11,396
14,296
37,96
12,251
13,258
2138,767
6,364
9,333
22,628
5,187
76,97
155,139
7,194
77,160
319,87
32,329
40,175
764,162
1157,180
12,101
204,568
23,454
11,275
180,276
68,670
323,160
1509,386
327,131
29,630
20,305
84,362
11,158
9,328
13,286
16,472
40,138
455,84
28,197
18,359
12,260
50,389
548,181
18,208
10,595
35,663
13,704
23,148
22,91
78,219
6,389
92,418
37,105
858,678
115,758
513,110
39,225
9,224
14,409
106,758
6,15
395,27
787,52
49,94
10,36
62,33
37,461
17,140
16,519
19,161
33,192
9,32
17,253
11,267
23,741
41,104
720,681
305,525
17,324
86,181
17,309
289,533
66,631
46,212
19,117
13,220
245,147
7,178
7,168
27,455
11,6
42,403
28,270
49,75
3310,396
39,277
19,148
31,415
52,20
135,170
59,281
2233,28
474,315
1218,767
14,320
420,474
21,405
14,39
12,100
19,203
38,662
63,183
75,229
49,27
26,74
6,416
389,503
323,36
12,176
25,268
9,194
21,283
11,335
23,351
6,39
24,257
11,302
16,385
5,76
9,230
1229,765
178,260
299,388
339,442
417,560
16,305
13,484
54,142
30,207
15,54
113,363
12,261
138,547
24,77
12,91
6,120
27,498
124,719
7,58
37,87
24,206
6,30
73,389
7,261
54,281
23,33
62,324
80,522
224,773
57,91
120,261
619,762
664,767
148,214
617,280
479,64
247,179
106,30
139,433
2060,372
297,225
34,166
108,14
44,144
264,394
341,730
293,252
10,245
10,485
32,338
9,265
110,153
14,122
543,567
121,145
41,419
10,127
74,499
13,165
125,266
304,399
11,299
125,366
11,342
7,91
6,253
102,31
19,414
11,333
8,306
25,201
25,41
45,419
32,325
8,295
21,37
256,378
27,479
303,223
11,73
165,296
27,24
8,16
61,157
18,233
93,722
12,314
20,160
80,72
10,378
34,308
10,574
760,30
1743,763
113,13
396,73
16,325
6,130
10,244
10,86
30,94
9,357
7,420
32,402
9,127
16,139
83,127
30,599
413,159
26,395
118,449
38,393
20,318
22,364
194,71
19,101
11,19
95,322
15,155
17,179
21,209
12,186
11,701
194,107
15,161
15,234
36,234
16,451
20,524
6,48
7,65
24,71
14,196
49,355
138,627
12,768
65,767
19,624
70,576
10,37
34,284
9,78
44,450
56,554
202,247
72,619
18,441
32,82
18,360
62,197
23,256
12,772
8,720
10,127
339,633
874,317
13,349
55,291
81,404
15,14
18,479
28,263
84,533
5,351
14,295
22,169
33,396
1726,224
1738,769
8,42
238,700
19,504
26,70
1016,616
677,396
109,125
6,47
106,98
1576,227
95,352
28,457
49,388
14,596
11,252
24,378
1312,438
504,420
7,378
4,43
127,54
9,475
7,642
11,59
107,246
17,154
48,347
27,299
47,17
9,59
15,344
17,96
11,56
7,770
11,152
9,224
116,632
9,183
309,189
10,183
5,99
32,581
25,463
26,248
11,120
122,274
79,136
28,694
63,37
438,127
261,121
17,286
43,273
35,51
6,40
16,256
33,19
4,48
178,351
38,246
16,331
127,366
197,76
38,348
16,32
48,582
21,22
631,770
707,71
602,381
1016,765
1935,251
1529,282
1541,769
1390,65
1384,125
1472,313
1467,773
3653,226
2861,522
3746,436
27,199
13,274
22,19
36,767
41,391
12,330
12,228
16,229
69,461
77,106
28,245
11,296
17,22
34,605
28,254
11,473
29,226
20,78
47,39
30,215
25,386
13,360
15,560
13,22
153,168
15,353
226,719
22,203
16,770
629,618
772,333
397,637
20,396
98,466
118,274
10,204
73,232
6,76
13,100
53,595
18,284
12,304
7,176
325,235
1540,380
53,5
25,666
35,609
132,551
10,274
8,264
1350,512
12,393
17,268
29,381
9,94
14,215
10,179
12,214
6,18
32,530
11,494
19,86
35,753
12,242
63,618
59,139
2070,268
1997,506
1991,537
183,293
72,208
54,400
34,393
11,237
18,346
10,188
33,40
97,172
5,146
7,91
11,613
5,103
21,398
16,416
43,384
11,324
7,48
41,175
1275,90
6,488
252,221
6,68
11,170
30,590
13,101
12,292
33,507
116,253
30,34
17,117
14,59
14,52
29,147
16,471
32,223
153,203
10,80
23,581
1449,766
173,92
9,309
8,58
104,319
879,767
168,587
181,337
171,745
68,370
18,308
7,115
14,371
22,164
18,315
41,312
88,570
200,717
8,126
13,288
97,62
27,234
9,342
57,639
22,143
197,587
23,518
18,245
6,162
4,42
15,207
7,70
87,564
20,630
16,80
661,21
29,769
20,176
7,297
699,770
40,428
20,543
51,205
37,169
158,36
6,279
6,250
122,608
7,340
28,356
138,230
305,545
106,402
19,92
27,401
251,767
144,78
10,401
525,450
36,408
52,219
12,619
10,99
43,30
23,131
81,729
26,372
138,364
18,168
489,267
19,307
5,226
8,236
10,39
30,176
54,40
206,90
8,315
8,771
23,326
46,356
263,151
432,137
161,104
9,189
628,349
559,392
13,60
6,240
21,26
124,20
10,244
14,189
388,320
32,340
12,232
8,31
8,66
11,734
97,346
122,252
43,293
29,332
12,134
27,401
9,484
49,216
88,194
1378,163
21,281
37,323
54,356
49,161
20,340
22,156
498,767
105,46
12,131
1040,436
67,53
18,41
33,7
67,6
7,151
29,440
17,72
394,702
16,267
76,114
27,274
20,294
55,156
11,120
7,82
185,98
102,629
55,321
14,120
114,212
14,423
229,51
27,241
24,115
12,20
98,495
9,194
15,299
28,344
34,234
8,314
18,172
30,318
40,374
65,96
42,770
4,44
10,96
356,555
355,80
356,86
451,781
31,288
12,297
25,570
65,337
125,639
4,314
61,251
25,411
110,236
11,324
19,143
225,4
18,354
295,127
16,337
24,43
14,32
134,140
20,367
133,296
14,489
16,271
3813,99
49,680
116,245
34,298
134,10
13,304
133,68
33,129
7,262
204,643
11,44
15,93
25,47
22,194
25,297
24,262
10,251
19,132
49,43
45,402
864,310
6,295
30,68
37,305
36,333
30,423
52,243
205,46
15,323
609,428
2476,230
439,160
53,48
57,157
39,15
8,265
40,208
13,76
15,131
222,68
26,226
640,93
6,117
9,292
153,414
11,361
593,429
30,767
30,767
27,234
1458,757
53,38
54,337
182,504
128,596
15,78
1895,193
60,669
12,149
37,25
233,50
323,112
224,166
482,469
315,489
293,144
84,76
16,452
391,354
17,254
10,203
123,152
31,394
9,170
397,369
9,72
96,768
160,389
5,396
19,435
29,293
4,31
7445,204
6,248
8,260
19,776
9,218
27,503
92,132
16,96
54,219
1247,249
1251,544
1257,531
1250,453
1234,423
22,271
1719,766
4,10
26,134
27,317
9,220
10,115
126,244
37,567
46,76
57,266
32,170
10,244
131,20
23,145
335,114
2754,767
14,125
33,281
4196,104
4295,251
4199,259
109,125
6,71
20,97
41,132
41,144
9,19
28,30
1291,456
1598,786
27,208
1486,18
13,115
28,11
59,9
10,767
81,171
34,768
11,701
36,428
4,167
19,269
17,473
173,754
16,16
7,252
26,324
5,92
49,53
15,238
26,221
175,465
167,389
14,436
17,115
38,411
11,102
25,624
17,767
476,611
93,699
9,240
9,154
17,11
157,574
10,92
26,383
1355,313
552,129
754,88
12,38
955,96
360,114
598,80
1020,121
1021,119
1293,169
653,268
702,125
651,160
60,169
39,343
135,143
69,337
65,411
215,208
264,641
274,622
49,276
7,198
28,778
279,262
31,493
19,262
18,312
79,182
5,97
95,13
8,70
6,267
10,523
4,241
11,35
66,580
111,177
4,567
73,84
109,464
6,399
5,84
5,105
29,221
16,370
306,225
69,80
141,4
7,70
33,390
11,582
12,117
139,15
15,40
15,108
33,67
8,69
23,660
132,443
9,350
160,664
78,92
44,267
7,321
1175,284
395,282
25,662
127,97
3265,533
102,517
19,75
2020,740
2070,434
26,302
70,27
5,23
6,233
106,366
9,201
36,35
999,272
485,370
33,355
35,197
56,56
9,120
23,82
9,152
9,286
7,387
10,246
6,215
10,80
37,25
168,260
599,385
5,180
6,107
31,12
299,113
17,435
216,475
24,209
135,267
78,199
55,418
2907,155
39,209
181,302
37,217
309,198
235,500
53,368
187,487
322,704
82,417
158,288
166,591
361,633
255,767
670,452
243,522
167,301
9,25
243,415
107,269
20,769
114,108
5,266
23,124
201,616
10,413
15,542
92,41
22,111
30,767
6,43
22,238
39,132
386,255
222,154
27,63
165,331
179,132
102,69
7,85
96,20
6,265
47,462
37,388
152,773
25,268
13,99
5,384
10,38
10,418
1459,174
20,357
12,254
614,114
37,393
8,203
20,192
63,27
5,426
550,440
10,212
57,264
8,26
14,245
271,287
536,137
22,221
185,732
47,88
21,411
56,24
1202,148
216,382
51,97
12,258
15,228
27,278
19,734
7,285
11,84
249,392
1315,743
283,44
15,231
23,219
17,344
107,6
12,102
10,156
17,487
13,300
12,69
9,217
8,86
84,275
280,77
28,269
52,758
15,698
13,312
7,133
25,764
25,547
18,82
17,770
98,45
182,160
15,457
79,79
278,281
71,434
204,183
901,173
22,95
14,400
38,32
43,360
20,316
303,237
30,311
9,132
12,336
15,252
155,139
67,25
64,245
23,660
53,115
265,175
9,236
79,166
20,251
28,486
107,53
2715,346
1090,670
795,337
1108,645
110,250
1912,31
2095,15
1846,30
30,28
23,231
9,109
139,55
7,297
13,563
943,585
21,146
10,256
329,768
296,175
56,452
31,349
990,172
1906,629
83,561
87,64
104,26
9,344
59,374
39,209
39,133
30,289
34,265
19,370
15,404
14,122
84,69
22,255
79,201
9,767
16,147
48,35
44,676
134,27
27,142
16,71
3127,113
15,116
923,635
236,210
271,206
45,446
634,333
1194,302
25,196
20,485
33,101
22,41
113,381
11,315
77,515
19,83
44,253
25,223
11,311
12,518
6,391
8,113
565,660
38,417
77,315
54,68
130,452
74,222
17,702
25,156
8,76
1246,278
93,325
3040,749
27,384
318,120
12,147
615,561
125,113
744,553
88,153
591,552
369,470
420,577
581,241
1713,120
10,65
1788,46
1788,580
1807,610
634,501
1841,278
1897,205
983,128
1967,526
570,261
86,211
32,117
194,522
490,378
258,58
17,258
13,432
27,284
203,342
75,46
14,153
922,776
68,745
5,138
6,52
20,294
21,181
25,143
526,12
1283,12
15,369
19,451
121,89
236,224
21,322
30,309
533,489
57,489
16,106
41,164
79,342
11,608
9,6
11,616
49,575
27,100
1080,627
40,538
309,154
512,295
323,663
22,737
9,231
11,82
11,240
9,265
189,148
632,68
597,188
121,257
12,375
20,433
81,168
13,565
42,413
94,664
1427,300
1490,768
1543,115
102,202
26,483
13,66
24,104
833,224
233,601
170,566
374,266
2163,201
2627,224
271,395
3540,130
2587,262
2395,326
1807,193
2427,163
1777,182
2188,146
2326,163
3028,137
1811,157
1686,196
2100,196
22,476
21,228
18,241
11,206
124,23
61,87
32,94
15,75
67,123
23,205
1311,10
1324,142
895,139
66,131
34,281
14,97
50,220
506,237
34,166
53,315
49,303
1867,205
1867,22
235,232
413,46
166,196
1370,281
13,287
955,96
360,114
598,80
1020,121
1021,119
1293,169
653,268
702,125
651,160
60,169
38,200
10,59
19,245
1022,411
1023,468
1095,354
30,289
7,218
645,233
7,23
1876,748
14,106
2883,181
9,144
9,124
259,683
6,41
16,444
80,767
18,127
51,51
74,17
37,769
14,285
6,11
134,32
5,253
753,401
24,204
126,238
261,176
4,207
8,207
7,100
10,139
11,194
12,246
109,581
46,365
118,653
16,356
412,272
14,188
46,216
19,541
23,535
39,427
187,230
10,59
13,754
24,388
10,303
25,244
1163,195
248,237
297,99
15,500
1482,4
1480,24
1474,18
6,143
73,301
9,684
10,236
10,180
81,225
490,29
27,18
216,100
81,197
602,243
922,505
25,236
146,33
1061,476
1703,132
1683,121
6,432
14,336
8,133
53,341
27,650
31,240
16,322
7,26
11,30
9,367
116,8
15,159
68,211
67,302
11,226
22,25
11,332
23,131
426,102
38,282
11,301
1488,165
10,242
24,361
21,318
12,88
4,214
10,122
17,20
26,139
10,237
116,161
333,329
77,193
7,465
19,294
41,236
9,365
11,168
32,268
25,285
7,170
13,194
31,582
9,97
12,655
49,34
34,118
4,129
123,729
20,588
273,120
17,55
9,215
16,769
20,243
10,268
74,160
782,121
22,193
50,295
10,418
15,209
6,288
352,279
28,421
25,347
29,199
15,173
92,443
18,257
14,413
12,288
12,260
6,481
20,120
6,286
11,140
608,767
47,142
287,431
34,192
259,128
283,300
84,353
31,505
16,275
362,148
20,303
178,231
154,317
92,163
11,427
23,48
18,84
22,192
19,227
164,297
30,592
7,317
369,673
7,329
2784,191
13,293
43,65
52,99
8,148
5,99
36,410
98,186
88,21
106,552
452,398
15,138
40,293
70,9
11,482
24,198
34,294
9,448
51,754
11,119
7,200
32,588
203,41
12,432
331,372
17,74
17,377
180,258
24,527
10,396
23,381
37,90
12,531
4,259
165,385
257,311
210,273
29,591
9,232
11,220
31,246
174,524
19,159
692,575
94,230
321,215
126,135
9,185
90,770
61,206
105,589
13,245
8,15
25,295
32,466
15,492
15,282
29,384
88,368
52,144
15,205
250,163
21,194
64,474
74,335
921,342
644,142
678,268
7,74
9,271
22,27
309,127
16,91
86,760
19,305
2840,388
13,38
219,201
106,359
378,180
12,21
81,63
42,318
1241,79
348,138
79,518
74,335
186,261
179,252
12,198
8,138
43,31
42,340
184,81
33,343
33,270
12,23
1050,206
32,385
79,395
18,79
7,364
15,323
23,110
3385,269
58,768
11,357
44,113
2592,329
88,385
65,369
38,244
9,238
120,379
23,26
13,360
140,633
22,78
9,551
838,322
155,433
63,767
5,123
21,280
5,251
4,445
14,393
136,78
46,138
17,134
3144,534
3160,752
3178,733
3178,462
8,20
18,477
7,483
672,128
1168,111
551,114
47,176
24,137
16,201
9,303
16,459
14,111
15,204
80,307
22,146
1273,658
19,6
123,202
25,427
5,109
12,104
7,85
27,249
7,264
1029,72
268,513
714,263
7,291
45,312
99,82
6,37
75,280
202,417
27,269
68,275
8,137
14,217
230,626
280,311
83,103
17,399
17,288
20,217
6,71
15,306
19,185
145,277
12,268
80,341
84,315
40,166
14,340
22,41
362,394
1018,426
76,253
75,272
270,257
426,434
13,85
984,706
44,292
5,218
5,142
97,128
6,183
9,198
21,84
8,353
7,48
15,303
10,326
9,525
289,238
17,768
21,221
204,199
23,279
11,293
27,646
25,349
12,220
132,21
26,490
9,86
26,121
574,766
229,20
74,87
12,490
47,203
12,97
10,45
10,274
19,572
333,302
541,136
9,314
5,677
70,165
15,222
7,229
7,182
67,223
7,200
48,53
62,228
665,110
116,125
20,75
1836,152
137,315
342,278
14,264
7,328
14,200
46,443
6,296
6,206
43,598
68,777
14,430
50,372
11,239
17,424
47,233
126,380
39,97
12,89
77,457
35,525
10,78
28,277
123,496
60,272
20,232
108,41
62,93
51,170
35,649
14,260
58,775
78,313
25,470
76,220
55,184
44,315
17,318
7,25
17,207
6,98
35,45
12,265
15,157
23,764
17,314
19,314
41,288
234,350
68,311
65,415
9,221
12,27
160,353
66,401
1349,596
318,180
54,373
133,173
273,185
49,155
9,76
52,389
46,619
15,311
534,642
95,357
63,188
54,520
16,428
75,158
29,28
9,188
10,252
4,530
7,124
7,293
34,298
64,23
24,363
20,101
19,357
13,320
14,162
52,371
18,443
7,422
96,33
15,297
28,333
86,101
24,77
5,199
13,235
40,269
7,11
10,113
17,358
15,281
78,588
34,362
13,100
10,282
72,597
8,771
12,288
94,431
212,312
123,615
31,220
191,168
33,282
22,492
16,179
454,686
11,433
15,528
42,209
28,372
252,660
36,772
5,102
6,8
9,416
10,217
2043,226
34,239
20,487
10,224
1132,402
1212,768
43,104
12,375
8,81
31,277
21,178
1174,176
398,278
142,23
295,221
400,372
232,188
24,243
374,368
276,224
273,219
205,141
283,163
5,9
21,467
252,682
121,576
93,471
29,47
15,492
15,226
2990,309
1045,269
2008,228
507,124
398,309
366,45
398,317
3114,225
2292,192
2292,278
743,192
913,161
598,386
2040,238
2014,253
195,220
15,465
31,552
29,140
13,487
12,268
177,116
588,296
57,73
10,269
14,31
40,375
19,750
41,378
9,49
9,266
396,636
304,314
30,151
449,316
10,232
20,37
768,127
49,175
105,376
14,209
172,64
86,34
21,224
15,100
22,361
10,122
66,305
13,432
22,19
36,767
41,391
106,771
11,701
14,194
158,96
107,252
21,268
84,136
13,446
55,440
147,9
269,8
10,764
204,188
7,188
6,194
28,640
24,135
7,443
131,331
33,440
7,376
7,256
13,134
551,341
203,118
87,265
116,87
2877,496
2637,147
1912,99
2561,204
2032,157
3244,229
3149,221
1697,503
33,232
9,30
6,48
37,476
26,121
7,144
13,96
12,578
12,339
320,767
5,257
606,129
29,394
6,12
6,283
13,250
82,316
16,256
28,261
5,35
30,220
21,307
340,339
20,453
6,398
23,344
15,174
42,191
55,236
1290,217
115,261
10,166
13,184
34,390
216,117
26,274
35,306
15,109
4,46
34,199
28,477
48,196
13,103
34,357
4,230
1900,134
17,539
19,13
71,148
152,322
3327,129
305,321
44,229
5,429
10,32
43,122
124,235
55,328
819,583
1823,229
162,339
9,16
168,35
7,223
4,218
9,279
55,108
17,259
26,8
29,127
1313,248
39,285
19,202
924,192
14,53
172,76
138,457
389,342
136,163
24,527
147,212
208,193
28,213
121,228
16,291
78,232
10,91
137,115
19,25
176,18
35,523
72,588
65,80
19,105
16,83
867,767
887,600
48,507
4,9
36,343
27,102
19,262
21,300
29,9
12,233
5567,156
674,422
540,389
98,291
28,508
88,391
503,236
119,769
1167,141
17,257
11,434
475,215
1306,691
14,174
12,215
176,444
11,386
98,420
15,341
14,495
6,334
8,216
21,245
80,691
8,165
100,29
29,769
65,27
175,465
34,462
2511,188
75,413
13,81
2025,166
603,165
2203,177
9,386
20,80
37,250
61,111
8,409
53,459
6,298
9,299
122,768
21,32
130,689
11,506
18,674
603,255
7,274
9,147
319,281
13,22
16,225
15,592
7,365
5,224
27,318
9,624
32,226
17,84
442,473
4,143
80,200
14,340
65,479
15,769
37,208
39,224
6,194
11,430
257,285
1791,764
1173,438
1298,627
773,638
1195,491
2045,676
1764,660
1560,447
33,147
14,93
5,20
420,199
1393,155
1177,90
9,186
19,100
33,468
137,160
9,62
11,106
16,328
3075,150
152,478
18,530
25,427
14,570
396,70
36,29
607,340
51,226
9,275
12,141
13,101
10,94
68,767
37,61
10,335
27,132
7,25
365,697
55,365
16,270
70,267
15,104
1874,399
36,229
60,48
82,67
147,426
19,93
63,432
21,406
43,25
13,365
164,478
42,388
696,225
1741,129
1941,45
1933,268
9,198
28,16
45,277
406,767
156,365
62,184
21,290
65,309
193,32
6,26
23,52
185,172
88,221
57,270
151,178
97,191
8,175
43,229
7,288
204,188
37,520
21,70
22,261
9,18
27,278
10,262
68,477
247,489
77,386
21,272
49,522
36,263
14,88
219,321
54,37
977,38
1180,55
1069,305
152,385
660,273
24,15
9,726
31,257
11,210
8,99
28,305
75,353
33,287
5,249
5,242
344,712
28,767
206,134
1213,404
68,275
31,221
45,213
360,492
23,660
116,424
10,16
107,33
23,90
18,282
16,175
19,197
17,298
8,262
5,649
28,290
7,301
116,729
16,376
38,178
308,4
21,231
12,430
42,677
9,362
54,270
718,299
5,162
45,633
15,290
15,766
70,267
12,50
17,429
20,123
31,312
340,188
2224,572
15,312
18,76
11,768
274,584
13,336
54,207
2664,73
487,459
20,368
11,210
1443,155
131,206
25,234
47,460
37,474
7,300
309,308
625,140
117,93
488,311
625,257
1354,255
625,134
796,768
890,42
2379,170
2806,182
1822,107
44,135
529,171
4061,9
5170,155
54,366
132,522
17,216
36,196
10,174
14,118
11,97
24,444
51,188
2396,520
45,472
720,374
16,273
85,238
87,143
37,382
10,158
6,455
5,92
4,44
27,270
226,62
11,368
77,671
38,735
30,423
39,82
231,432
42,234
21,297
326,560
14,178
29,162
5,329
81,61
21,295
183,299
14,267
35,167
11,267
778,197
356,767
10,343
7,123
90,252
6,431
7,262
8,134
86,205
11,769
157,142
90,176
15,126
16,91
17,320
72,256
106,362
343,766
742,23
1418,87
1423,123
1443,136
1443,767
8,149
5,78
7,114
13,119
68,201
342,568
100,474
34,370
352,99
56,288
73,552
18,568
66,211
18,256
14,477
21,91
37,330
35,259
48,609
213,208
16,177
13,467
15,624
6,84
19,124
17,183
19,289
63,390
6,300
19,260
75,89
69,461
7,214
188,248
13,250
52,288
7,274
831,86
23,24
34,230
147,116
119,182
42,254
106,740
18,387
15,333
5,211
12,363
9,552
7,96
44,451
7,143
16,282
4,104
12,234
64,6
36,26
20,281
6,126
14,59
9,161
10,78
12,104
4,9
8,127
10,139
43,482
92,305
642,130
1718,204
13,768
61,85
20,169
13,464
134,478
209,294
15,607
36,450
10,35
18,206
87,769
44,639
10,64
696,582
21,333
18,160
40,172
33,303
9,334
25,139
25,368
12,289
442,527
13,265
15,555
38,401
104,582
472,281
73,356
65,278
57,262
79,249
16,251
19,332
9,112
19,95
7,322
49,203
53,192
10,367
18,474
11,164
34,268
291,562
15,746
14,293
16,624
19,363
12,379
121,19
28,407
8,600
113,149
47,258
109,125
16,423
142,294
18,66
26,256
13,403
23,186
18,329
18,334
27,554
20,416
23,241
19,69
95,224
9,96
1306,691
457,48
18,188
13,301
462,108
77,56
22,479
28,351
24,318
59,453
109,34
108,159
29,217
16,144
44,522
29,18
139,613
353,479
45,32
9,75
47,255
20,176
187,734
236,289
7,277
56,194
204,754
25,8
9,223
19,425
11,17
786,268
444,234
16,265
17,47
25,192
33,34
17,33
21,307
340,339
10,116
49,599
202,254
6,264
32,772
9,71
1717,295
20,170
34,422
43,544
5,70
26,144
23,31
15,49
113,104
14,49
47,411
23,341
12,141
25,227
25,346
62,72
37,220
14,200
13,157
567,407
274,29
127,77
4,277
12,480
13,340
10,74
2054,245
631,745
45,230
10,34
57,40
52,81
10,277
5,11
18,351
53,408
11,111
6,292
391,132
702,179
1049,185
186,85
442,594
11,197
259,683
11,16
1569,653
43,358
57,95
325,508
25,29
18,100
5,243
8,148
189,71
303,53
277,59
390,85
312,20
502,167
301,46
458,56
175,17
591,119
809,666
171,80
156,760
9,119
283,730
99,241
9,169
34,16
23,72
16,515
52,641
18,39
61,140
48,116
20,230
1187,761
18,253
430,27
5,131
8,30
13,43
8,113
14,226
32,186
16,257
12,268
9,207
11,289
1125,156
12,298
4,283
34,37
11,172
25,96
14,227
41,236
44,418
256,362
19,500
21,326
11,596
47,151
34,767
5,26
18,307
55,195
22,235
8,400
24,124
12,430
882,193
10,475
11,152
27,382
15,352
152,364
75,644
76,110
710,257
871,157
12,240
121,767
26,501
119,5
19,288
58,24
293,284
2553,285
10,359
64,297
943,687
262,261
6,260
188,767
4,145
10,36
17,523
346,151
157,261
26,170
22,282
51,52
4,113
38,19
27,231
9,224
29,469
85,175
15,326
13,578
18,98
11,281
47,242
615,767
60,264
11,275
68,456
27,332
184,187
156,375
27,142
148,603
761,173
9,140
91,58
64,285
90,474
49,43
214,114
14,338
144,445
141,198
32,191
12,331
6,180
2831,718
7,340
20,316
21,260
134,366
12,248
66,301
34,104
9,159
38,274
2317,53
22,469
60,178
12,66
9,217
58,156
113,529
10,267
1010,381
152,264
24,295
738,385
50,349
6,71
8,177
20,235
19,226
38,275
132,104
13,36
7,26
18,188
21,374
6,67
635,303
54,32
10,95
139,234
66,599
627,451
849,267
917,612
912,576
536,232
1893,386
16,99
7,268
15,37
23,232
46,445
31,369
42,240
32,55
24,126
86,370
30,433
369,26
14,222
90,147
9,602
8,230
10,268
41,360
124,482
107,269
20,769
154,126
22,688
21,46
819,305
51,304
4,192
78,126
14,195
26,437
133,160
386,188
86,642
13,148
9,141
24,66
17,234
85,347
938,219
119,406
73,366
249,243
8,113
17,434
49,27
324,485
12,463
163,477
13,304
20,377
7,224
200,163
49,630
9,96
12,173
44,661
454,509
42,139
5,238
446,280
726,73
433,118
25,311
14,320
10,295
554,466
24,426
383,497
500,483
14,120
82,647
31,244
608,468
12,168
54,200
37,362
13,150
960,527
33,350
35,506
347,166
364,558
398,179
16,301
2770,732
12,250
20,368
163,76
214,219
86,111
219,563
24,311
10,164
226,172
646,724
220,465
51,346
12,327
27,237
7,739
214,276
11,251
5070,500
10,18
28,447
10,299
92,35
1678,594
38,322
25,78
7,119
15,301
40,84
296,69
16,363
55,729
7,154
22,443
139,385
518,12
59,505
122,111
123,269
6,360
82,287
97,186
13,273
5,233
7,187
13,240
7,525
51,472
12,429
281,390
10,187
156,635
69,455
13,196
237,694
95,375
24,381
25,210
15,354
19,552
146,75
16,114
34,166
14,19
38,242
31,414
14,29
84,374
49,43
214,114
133,125
572,349
105,102
577,27
290,335
36,257
28,190
7,330
55,397
12,162
156,476
7,178
11,115
258,678
110,137
72,376
3118,43
3046,152
1382,29
6,141
33,178
63,254
118,349
13,22
13,208
11,91
21,206
60,32
914,290
451,174
105,355
10,337
11,335
16,147
50,710
1210,737
1218,769
270,220
238,671
7,153
47,293
18,296
8,181
227,501
20,161
7,299
80,443
14,144
9,256
49,301
29,66
738,76
18,304
25,541
12,164
32,665
57,284
497,558
11,305
12,225
18,318
39,443
11,36
86,96
12,219
42,285
33,293
19,60
12,237
12,257
18,52
4,26
11,253
24,339
9,554
10,293
8,37
14,93
12,274
343,34
21,188
25,280
5,243
16,504
205,156
41,195
15,189
348,573
288,253
30,22
385,107
45,532
993,358
62,199
11,70
8,553
17,208
58,255
68,734
313,46
13,276
6,186
1258,328
1309,67
1317,576
894,88
81,687
14,357
21,464
10,391
66,668
24,330
21,26
9,98
55,27
17,29
12,143
16,240
12,85
55,533
8,274
55,710
11,408
183,250
12,298
37,87
61,353
21,267
392,12
17,236
21,298
144,541
5,171
125,497
10,12
10,305
313,308
12,324
60,371
61,424
27,293
33,169
18,551
111,478
216,768
25,354
28,31
4,145
12,37
6,316
8,734
19,214
1216,227
637,31
11,79
48,53
2043,135
12,465
13,204
149,268
12,201
45,69
172,314
14,176
8,298
11,325
1676,423
372,562
110,120
23,182
9,273
7,91
9,184
77,634
50,348
76,19
228,143
54,36
41,441
8,261
16,31
61,568
15,79
92,35
7,123
143,138
22,19
36,767
54,768
63,129
11,254
50,48
720,121
464,59
1632,298
2276,215
394,325
1240,452
1219,113
3253,168
24,14
2357,249
1547,210
667,218
24,56
41,791
21,410
54,289
47,318
40,428
25,81
22,110
8,202
11,292
8,274
14,333
69,74
19,767
6,247
23,32
37,87
43,416
49,22
8,36
15,228
12,247
138,309
14,475
27,384
241,546
124,673
11,169
17,496
3178,761
1015,641
11,270
10,187
1086,356
20,171
58,93
36,312
45,28
15,432
9,213
7,303
63,289
149,322
332,242
9,559
985,480
3008,124
39,241
102,629
26,772
63,768
7,350
113,329
44,30
12,31
1206,203
1474,120
1402,371
1019,11
1755,268
686,198
8,430
101,132
540,349
85,35
15,52
10,108
186,215
21,671
13,45
21,418
54,199
65,25
697,52
13,114
87,169
4,71
17,333
9,126
20,571
12,262
25,153
371,198
64,492
448,740
26,19
10,74
200,679
12,331
62,115
4,19
14,334
14,48
34,166
14,411
10,508
31,226
62,767
1020,69
21,213
28,333
67,303
22,307
25,104
27,219
32,253
10,171
7,182
8,229
10,334
78,528
22,141
23,527
7,155
5,28
18,608
143,338
115,368
14,203
619,143
695,598
29,330
77,306
263,458
320,13
13,257
36,372
10,23
15,185
68,369
43,116
30,257
45,172
113,37
984,208
976,360
34,623
5,197
5,233
36,446
27,524
81,110
16,244
32,77
32,488
39,241
442,353
358,585
113,65
30,145
34,184
299,144
11,467
20,400
17,286
4,17
24,194
66,265
11,371
14,259
10,163
223,319
76,67
158,143
82,461
36,184
14,64
28,353
418,638
31,199
116,276
25,268
84,767
15,228
192,368
22,396
70,175
16,368
525,450
623,234
1166,189
95,426
12,185
15,376
55,218
63,369
20,372
21,100
101,578
12,101
11,8
13,185
168,35
9,293
12,363
112,102
13,290
86,494
124,291
11,107
23,315
96,244
25,753
44,171
12,570
152,466
40,33
12,261
118,150
137,536
649,674
13,184
18,298
7,366
6,290
188,192
703,69
746,214
175,267
24,478
77,316
35,283
14,200
18,733
23,482
349,488
18,248
21,13
2348,23
53,113
186,340
25,123
10,185
7,304
53,297
60,154
10,352
24,207
36,421
28,200
14,172
1199,469
19,334
13,201
106,448
4,184
8,110
13,369
12,398
35,441
15,643
44,5
8,274
21,113
5,94
13,371
1749,10
1535,10
1103,10
33,329
19,433
10,281
93,13
20,436
85,272
7,315
34,140
280,1548
474,330
10,81
210,24
5,300
625,635
7,383
81,121
111,494
7,113
37,275
64,500
7,333
14,127
10,173
51,49
7,104
13,192
15,324
33,447
11,273
23,269
774,118
25,595
11,367
61,345
82,572
4,142
30,189
832,210
976,192
838,77
435,85
834,168
797,113
794,260
625,289
772,278
804,284
800,240
1933,380
8,227
14,159
7,26
12,344
20,345
952,221
21,326
414,308
35,35
4,187
6,188
42,246
25,289
10,251
17,29
69,397
57,233
6,240
7,282
29,329
12,233
27,84
52,440
38,54
35,243
81,673
680,109
149,366
8,341
250,374
21,468
383,232
11,633
60,415
61,382
38,322
17,336
8,105
91,664
19,331
11,218
301,175
204,183
14,158
214,241
216,89
343,449
45,27
34,69
1048,407
1009,383
49,35
29,278
105,181
167,287
41,238
701,354
830,580
981,139
976,191
953,694
1107,34
42,38
17,290
61,61
35,680
19,370
1035,626
965,642
922,24
13,43
371,474
110,79
548,767
9,286
39,553
8,47
198,36
237,27
11,257
39,148
39,377
15,761
409,407
22,111
15,448
19,374
6,57
15,237
17,128
5,267
9,202
65,29
1012,351
1739,759
2021,299
2378,185
345,277
107,228
756,81
253,137
809,356
6,296
202,256
11,301
80,522
9,191
7,274
11,288
8,97
6,293
14,67
33,246
31,538
14,199
4,13
47,537
9,537
1490,588
654,277
652,231
104,241
8,288
1534,16
9,253
15,277
191,431
187,334
16,419
21,29
109,598
5,163
7,235
7,104
8,382
9,356
17,314
11,305
11,316
50,312
46,155
449,310
5,102
45,303
11,210
24,204
16,211
38,152
13,93
23,41
221,322
28,35
9,184
54,201
14,213
41,430
10,303
39,360
82,159
41,377
68,33
25,18
11,4
4,344
14,161
63,80
140,349
154,584
13,308
194,71
16,356
13,326
42,94
675,220
18,296
9,305
34,41
5,344
9,486
11,151
8,42
53,156
453,428
26,376
10,362
80,766
65,100
12,166
10,419
7,114
10,38
24,389
9,211
43,307
63,168
22,47
102,97
72,55
369,197
98,130
5,100
533,250
1926,371
1266,564
890,690
178,296
9,227
28,544
8,131
128,230
12,401
95,129
22,232
15,23
47,769
11,40
36,336
11,259
51,507
51,217
32,164
65,66
113,664
10,360
53,319
14,767
8,137
2100,250
13,71
6,171
11,81
14,398
64,492
448,740
300,184
48,188
138,23
11,293
26,532
8,170
41,758
118,436
14,180
9,15
18,416
13,345
9,329
15,27
7,9
23,666
239,399
92,355
5,45
6,132
40,138
261,256
845,138
160,276
749,87
3882,230
27,42
19,339
12,191
137,256
3093,772
21,97
10,349
45,56
378,140
20,408
9,239
977,341
968,407
1028,519
950,485
39,213
13,208
152,186
16,276
69,288
754,34
61,215
21,251
622,84
15,181
37,474
7,300
309,308
625,140
117,93
488,311
625,257
1354,255
625,134
796,768
890,42
2379,170
2806,182
20,336
186,254
18,138
13,92
22,318
9,27
18,20
14,101
12,23
13,93
18,376
11,701
11,236
15,274
7,616
135,659
10,224
1036,262
15,94
7,260
93,532
10,442
21,430
13,770
8,192
21,176
6,313
11,154
28,238
7,388
8,220
1679,831
13,77
191,689
7,97
15,360
678,660
13,496
1096,303
1878,176
1878,173
1878,194
1878,138
7,376
727,189
12,649
188,209
1028,86
22,41
76,280
65,34
15,452
7,92
15,219
327,188
418,283
11,204
7,208
435,228
8,298
64,68
48,394
1323,120
143,382
73,689
111,653
95,621
63,767
48,425
407,242
13,217
13,244
1351,340
1722,280
24,174
241,29
64,48
201,766
23,471
4,567
185,79
31,107
5,342
7,171
52,236
35,218
87,494
16,131
67,392
4,63
148,123
210,319
155,348
20,748
22,137
22,84
15,595
32,272
24,512
161,453
9,237
5,222
1024,405
13,263
654,769
1729,290
592,318
5,22
12,238
40,417
16,325
123,373
20,43
942,539
61,70
72,202
54,40
206,78
11,95
21,206
12,303
67,521
18,584
205,391
72,280
66,150
10,219
85,352
8,656
7,162
254,133
38,209
10,91
35,767
168,730
9,178
15,346
19,334
19,191
31,45
108,110
27,265
41,340
31,214
17,256
690,158
476,180
884,171
1317,161
818,231
58,319
342,120
9,125
221,322
18,248
19,555
13,184
30,691
26,134
179,464
12,44
10,69
12,164
1131,570
12,211
12,310
1027,767
1132,199
1044,64
667,238
15,451
11,139
61,215
882,134
1654,83
6,158
16,73
11,111
10,90
17,97
13,531
48,441
23,258
13,146
14,272
65,295
6,181
2025,75
171,751
22,362
772,263
68,30
9,97
92,446
26,127
11,550
22,177
29,285
53,33
1950,649
3181,17
2859,768
3043,675
3073,767
2763,766
1086,383
247,345
305,601
44,339
83,16
10,223
16,219
256,294
236,142
199,159
1225,6
31,87
211,604
108,767
20,299
309,226
134,282
5,74
112,150
11,159
47,361
30,35
39,233
13,271
73,72
227,49
11,58
65,350
20,79
35,39
25,641
27,190
10,259
399,6
33,405
20,180
790,47
361,287
107,355
56,235
412,505
34,767
139,160
40,442
1895,441
8,15
95,359
12,46
8,110
426,616
11,251
53,315
61,576
17,526
34,127
807,111
888,567
7,308
8,150
455,290
9,354
18,254
10,177
98,284
12,111
208,161
34,774
84,457
27,716
561,260
48,246
16,221
94,673
25,771
17,774
8,168
21,308
185,352
9,92
5,262
20,201
13,527
65,397
11,46
21,96
16,260
29,123
103,192
17,303
20,227
9,167
121,48
12,366
1386,452
11,153
11,192
12,307
54,274
7,75
44,664
5,105
19,191
5,21
66,275
1520,221
13,127
34,469
17,79
7,96
15,43
4,53
278,81
31,368
177,219
605,708
551,365
16,400
87,40
405,235
410,219
53,256
873,247
1807,210
801,186
383,119
575,107
69,42
8,311
519,193
74,56
9,351
137,135
12,266
231,365
22,110
8,235
82,271
6,168
19,337
8,32
24,143
22,543
20,107
37,285
28,101
9,24
67,277
49,718
15,144
16,120
875,768
510,665
10,32
84,96
5,108
11,354
1537,130
7,142
64,479
67,210
78,38
35,47
70,47
672,316
786,585
770,330
713,607
796,767
787,767
704,293
661,493
38,387
8,187
26,341
13,770
48,532
21,938
100,81
31,341
18,191
112,355
10,132
321,767
34,231
56,427
104,279
11,187
44,219
134,232
14,232
29,346
5,62
21,178
1174,176
398,278
142,23
295,221
400,372
15,264
43,88
142,204
8,211
10,306
118,293
47,312
103,49
66,210
65,206
71,244
22,265
540,349
441,221
53,414
77,108
7,112
13,240
9,198
50,210
411,6
294,204
231,201
33,331
11,154
14,228
261,319
28,50
15,29
15,336
90,198
19,159
68,308
6,411
9,198
197,734
97,280
9,278
2929,179
71,20
29,291
23,112
8,238
33,246
12,176
113,37
21,94
42,383
83,377
664,121
755,230
363,175
222,36
7,123
17,287
11,81
14,343
327,134
125,630
7,22
18,163
36,52
6,29
7,190
1389,515
1755,552
1218,312
2048,462
44,368
13,84
1831,47
1185,769
1833,412
59,94
49,90
8,140
13,629
14,607
48,43
379,295
4,109
7,52
407,31
7,219
35,37
14,119
9,134
52,324
179,725
55,47
18,255
23,353
107,430
19,131
68,279
60,129
19,307
32,190
20,475
9,279
77,123
27,142
198,22
12,220
45,361
10,360
37,210
32,408
13,128
326,388
35,424
20,175
299,79
67,446
9,186
66,274
23,317
61,315
60,705
27,278
519,438
94,562
258,683
18,254
131,152
10,583
9,324
9,36
11,213
364,236
12,66
214,152
34,390
7,30
1760,159
109,34
33,23
146,523
8,55
15,554
18,742
40,284
440,767
457,13
7,201
15,302
234,545
23,500
36,15
10,108
30,163
17,282
249,254
4,186
70,32
13,34
88,254
97,342
19,365
71,527
38,555
1448,675
31,305
28,547
41,399
92,251
15,268
92,122
145,131
14,384
95,21
14,276
44,490
11,260
21,223
13,545
21,481
282,334
30,350
64,256
8,657
62,379
24,318
23,230
71,377
243,542
298,104
286,153
4,431
429,694
1315,743
61,755
332,201
23,19
7,26
11,137
13,115
16,519
3963,625
6,344
34,70
27,622
74,640
22,603
52,38
70,770
25,190
21,319
24,65
150,408
9,173
11,226
242,269
8,262
14,41
178,767
62,178
5,171
23,287
612,731
3646,91
9,90
449,166
7,329
28,202
23,15
326,280
331,139
898,225
87,316
30,222
62,298
8,104
7,239
13,45
36,28
10,339
43,364
948,358
9,407
354,353
91,4
143,127
127,151
74,399
35,81
403,4
572,154
43,124
9,280
1704,111
24,130
33,94
9,552
7,96
9,282
7,105
254,201
14,201
80,185
13,275
10,222
227,16
23,255
36,361
9,24
10,305
22,127
10,370
90,262
5,118
37,474
7,300
309,308
625,140
117,93
488,311
625,257
1354,255
625,134
796,768
890,42
2379,170
2806,182
1822,107
44,135
529,171
4061,9
5170,155
33,321
7,113
173,464
134,41
42,350
11,267
90,362
10,278
8,304
498,48
73,578
81,215
403,169
13,37
205,67
11,67
17,386
1441,19
29,150
14,136
43,292
97,432
17,176
7,270
235,475
10,211
25,84
72,390
13,144
222,133
111,670
99,400
97,306
19,272
11,303
248,769
23,211
10,214
1708,81
1709,382
62,719
82,581
906,372
86,5
13,204
234,724
87,296
53,462
19,330
390,349
801,487
205,49
52,388
597,188
121,257
139,463
5,212
81,364
13,21
11,114
369,158
1409,748
376,17
161,243
11,214
10,144
24,74
4,170
16,494
199,387
12,95
21,203
21,345
4,46
1529,47
165,362
59,26
29,10
15,414
29,180
16,208
44,31
16,360
52,406
13,369
12,398
291,220
15,405
118,609
316,445
12,394
212,97
15,244
82,98
131,533
15,470
86,290
11,360
18,208
7,114
4986,26
29,351
77,267
83,531
221,317
44,345
940,213
470,278
662,241
53,414
41,601
12,237
11,277
34,262
6,163
21,245
13,198
75,169
32,537
192,133
247,489
6,99
2683,110
109,244
13,768
9,184
32,16
11,448
657,485
48,334
22,35
6,336
93,14
1244,322
17,245
9,245
133,214
57,538
31,477
22,428
107,210
16,350
7,55
794,385
30,318
8,57
10,382
6,40
10,99
25,240
12,289
47,319
20,374
726,391
1984,439
23,334
4,87
49,159
25,276
328,98
70,154
80,72
11,231
87,440
225,199
12,198
24,176
6,375
17,127
676,646
45,323
17,379
40,45
419,11
48,282
35,259
61,389
47,42
17,56
14,532
5,258
257,407
18,722
14,41
12,45
20,646
54,428
116,585
28,438
92,418
7,32
39,375
17,360
126,406
5,39
44,395
12,233
5,14
193,196
6,314
59,289
88,729
648,29
135,146
1943,368
2056,764
676,186
909,22
708,729
619,633
93,112
1832,227
14,141
12,240
73,233
9,241
104,68
38,107
6,505
44,661
58,508
129,561
612,195
608,196
982,118
1329,370
1099,241
439,233
2117,398
2302,44
2069,266
2088,279
2045,363
1839,137
2058,338
96,254
1556,248
149,218
1426,413
663,77
1953,279
2328,310
95,308
1700,338
1722,283
2104,497
28,265
154,398
111,460
166,587
7,375
12,219
54,15
22,228
165,473
346,210
8,724
19,54
14,245
6,9
27,766
1037,769
18,122
2679,191
105,553
192,166
44,203
82,260
13,382
36,318
53,39
24,408
260,100
38,293
627,20
25,38
413,85
7,102
7,42
25,532
12,315
25,8
330,592
15,74
24,226
21,197
151,410
10,308
40,42
13,249
411,465
47,68
30,498
15,14
20,46
24,171
286,139
203,415
147,307
262,203
456,157
161,142
6,268
249,492
110,5
14,295
23,431
80,581
574,75
6,11
735,96
883,266
345,296
17,234
9,322
6,363
30,239
13,171
31,354
14,285
46,354
568,269
19,361
55,460
1679,24
19,470
22,190
1000,139
3055,41
1382,68
43,412
14,336
134,222
28,679
9,500
10,211
34,70
52,141
6,107
41,567
15,335
12,441
20,339
7,70
1382,29
10,406
10,143
7,62
6,194
22,385
2770,732
15,780
22,227
1399,116
98,407
13,531
62,29
5,475
9,249
87,171
245,331
18,555
16,461
9,231
26,302
5,73
263,32
748,488
60,14
44,126
144,457
8,241
9,132
11,309
49,121
80,364
9,170
19,252
12,453
137,145
21,16
8,264
13,318
181,69
26,266
35,657
8,68
152,773
33,197
18,257
676,89
23,357
26,767
371,531
229,227
67,216
4,25
54,57
23,303
13,56
49,276
34,38
51,213
22,365
4,25
7,330
55,204
18,474
23,33
57,334
186,368
60,465
23,483
513,209
12,143
10,336
62,520
15,93
35,309
10,177
30,102
95,462
13,376
323,419
13,185
38,152
37,474
7,300
309,308
625,140
117,93
488,311
625,257
1354,255
625,134
796,768
890,42
19,115
61,59
8,225
102,254
8,64
34,76
4,4
23,295
12,374
22,218
13,145
662,99
27,342
22,351
66,668
25,315
35,271
17,211
44,775
38,507
10,157
946,287
30,580
39,321
71,9
12,345
38,773
13,450
89,492
111,39
1036,9
71,242
12,404
14,497
30,130
13,570
17,296
8,152
114,684
15,123
16,263
104,75
426,484
396,347
65,19
74,77
10,496
137,84
435,36
49,4
81,527
44,704
21,59
6,110
868,555
102,523
17,293
51,312
24,404
7,291
13,343
72,583
89,528
22,50
31,326
22,188
10,338
14,394
14,23
11,165
50,40
13,337
41,25
44,674
20,21
369,21
379,246
5,16
29,44
2375,86
2664,362
314,193
56,770
47,109
19,17
492,93
685,16
21,13
513,127
59,18
55,144
55,386
30,374
41,413
11,103
94,215
45,770
15,90
72,270
167,121
4,106
361,356
63,471
558,525
642,389
247,502
618,273
76,251
43,112
25,431
140,58
18,735
32,19
5,585
16,159
9,270
487,101
27,56
227,137
33,447
14,233
31,530
13,721
115,419
19,60
30,227
3083,562
36,159
17,66
109,332
20,147
54,432
149,720
6,43
9,362
35,530
117,372
19,596
22,301
11,360
18,528
2027,92
43,400
39,196
20,104
55,62
35,201
1521,303
13,438
185,188
32,231
25,207
53,199
22,327
7,389
9,111
43,364
12,56
34,633
805,131
901,448
18,291
66,377
17,502
43,724
1017,642
926,91
86,48
9,171
145,24
26,481
212,365
47,127
74,298
19,298
221,153
41,771
35,569
41,349
24,306
216,112
5,397
29,472
37,103
11,267
19,268
5,91
14,121
279,75
215,241
24,408
914,339
914,279
656,601
286,338
10,61
5,413
32,147
20,190
282,49
34,254
7,258
7,354
13,368
45,315
7,314
7,102
4,68
28,590
89,563
65,11
23,139
29,335
189,161
47,118
73,71
104,169
424,331
54,754
7,97
43,43
20,199
186,453
43,436
1150,767
8,97
295,75
1856,98
12,52
8,181
13,323
26,602
61,480
22,18
39,117
614,119
7,284
98,253
138,544
4,68
21,558
23,152
116,264
12,349
65,32
13,470
13,230
13,260
7,391
69,182
31,284
74,331
19,76
21,288
144,150
469,127
15,360
17,188
16,111
25,252
10,24
11,18
114,29
13,236
298,312
14,257
11,343
695,503
8,160
30,239
7,197
33,43
592,639
128,522
134,588
11,137
15,664
190,380
591,738
7,91
23,660
22,175
22,23
49,678
57,176
24,185
19,348
17,105
125,114
298,498
126,343
47,279
20,229
17,397
13,202
15,132
67,25
19,235
8,120
17,391
17,259
14,347
130,19
3365,748
48,533
8,43
13,59
26,283
34,17
24,618
94,360
60,214
17,233
264,545
7,101
271,169
33,713
566,622
4,38
65,404
48,582
1450,292
101,391
100,456
140,409
24,149
370,493
27,40
16,27
10,267
9,173
14,261
100,97
9,246
87,87
86,342
2179,12
9,390
17,207
7,310
156,322
163,121
7,262
12,31
9,11
4,158
58,768
14,112
1853,340
37,104
77,440
18,467
17,291
16,180
6,23
617,565
919,572
687,113
8,20
12,196
9,286
507,304
21,317
46,507
36,329
7,179
20,392
10,116
11,251
8,165
292,687
70,273
948,178
1228,143
29,377
1714,345
25,226
11,188
14,345
53,33
1950,649
3181,17
2859,768
3043,675
3073,767
2763,766
1086,383
11,173
32,446
10,312
1801,737
265,407
25,193
15,624
11,428
76,49
19,110
20,504
7,73
8,220
16,68
119,95
24,133
182,1238
10,37
1150,256
91,274
12,775
37,264
10,318
293,385
30,196
4,112
16,255
12,9
221,767
214,220
492,563
526,644
517,222
545,752
574,754
578,390
571,750
576,753
27,252
443,386
20,18
14,31
20,372
92,383
5,263
54,117
25,144
546,16
543,582
13,767
6,140
1164,160
16,174
631,295
54,767
33,72
11,518
35,110
35,154
2240,767
28,688
44,388
606,230
65,74
3789,191
20,141
40,31
228,332
14,264
24,312
644,515
5,181
94,165
576,580
9,329
7,427
208,379
353,297
25,451
74,663
302,634
94,165
576,580
9,86
9,93
63,390
7,436
6,61
12,336
11,262
10,273
598,127
11,291
6,402
529,321
7,330
14,112
8,450
374,266
2163,201
2627,224
271,395
3540,130
2587,262
2395,326
1807,193
2427,163
1777,182
2188,146
2326,163
3028,137
1811,157
1686,196
2100,196
6,47
8,231
14,296
33,150
9,95
49,195
14,335
74,401
2327,606
719,707
7,115
22,243
99,31
9,207
26,377
9,64
12,386
18,374
12,767
336,206
73,413
8,246
10,103
127,160
16,130
17,128
5,194
9,231
6,184
7,261
18,297
10,215
67,172
31,343
31,259
12,503
62,30
11,211
65,676
1655,755
24,771
187,296
77,56
15,154
35,236
1523,323
62,314
20,249
204,36
180,298
240,226
414,311
1962,30
2330,9
4205,421
22,232
42,447
6,71
12,403
24,737
15,358
9,186
15,164
69,661
298,768
7,125
4,23
16,243
34,469
18,446
153,147
12,73
58,431
8,290
12,503
17,225
68,476
11,107
126,293
5,125
13,129
27,771
1109,158
264,326
833,224
233,601
7,420
46,235
1053,481
33,270
126,350
33,194
58,727
23,177
37,468
122,440
5,438
28,19
11,479
16,26
12,267
36,546
17,307
28,759
163,343
11,443
13,149
90,7
10,82
14,253
10,363
23,228
54,42
22,330
11,123
33,402
191,271
41,774
5,80
21,758
11,238
154,664
20,36
435,46
31,36
916,772
549,676
412,463
364,394
53,506
12,236
7,221
11,469
70,372
23,203
75,767
46,110
9,21
182,107
4,288
1101,767
132,268
6,252
9,92
15,335
13,168
255,664
38,139
32,313
4,62
507,312
829,39
1264,269
838,243
7,11
358,359
18,171
60,376
347,215
18,491
60,178
12,27
332,45
42,657
165,703
1659,528
39,478
228,81
16,146
20,269
178,767
14,328
10,284
26,762
11,135
24,527
64,776
40,650
293,432
2924,27
2044,274
1853,306
13,316
863,252
45,337
778,768
714,732
38,573
46,198
82,48
14,239
342,279
14,390
9,311
9,169
16,251
2250,249
2465,350
15,195
24,32
127,126
32,444
117,460
7,216
32,37
86,177
207,130
206,54
6,5
66,323
26,186
93,402
59,397
105,30
122,478
22,19
36,767
419,201
22,37
434,316
8,473
166,767
360,448
20,16
6,312
195,9
31,437
17,6
12,202
194,522
4,110
5,74
10,171
75,146
13,33
247,593
35,764
36,488
33,207
12,100
16,155
30,166
37,69
21,188
73,51
23,236
21,112
56,445
40,605
32,520
185,329
461,33
14,222
330,767
9,97
16,55
27,252
54,155
114,256
21,217
21,523
22,595
9,149
603,222
24,570
80,46
95,227
195,10
88,495
27,278
36,181
462,61
4,17
22,100
897,609
257,95
625,635
18,109
10,88
72,130
143,137
24,510
978,767
72,687
734,286
852,43
586,315
2581,214
1541,271
1379,219
734,115
316,226
40,390
109,768
22,341
14,246
23,288
85,207
214,678
13,341
10,50
10,389
14,699
10,50
9,260
26,594
24,530
136,127
32,240
246,321
174,162
9,181
19,264
11,155
157,637
298,103
476,250
12,248
633,484
2122,97
2188,236
6,227
27,430
8,279
8,303
87,431
102,208
34,452
10,17
1075,611
279,258
833,661
8,249
7,192
934,221
17,750
15,354
7,10
6,166
17,391
100,134
481,228
72,295
220,448
39,766
137,396
1020,461
18,170
10,767
39,425
57,621
38,31
51,685
571,667
19,476
14,21
2401,118
11,342
10,239
217,137
13,45
6,225
38,602
83,367
7,13
34,184
10,114
17,155
22,164
35,45
8,362
624,57
2350,352
16,437
56,280
68,247
16,157
21,333
10,290
203,427
46,45
150,722
26,52
10,52
146,350
10,420
34,385
449,550
20,111
4,154
38,241
10,355
107,431
65,350
8,221
170,79
59,244
12,246
681,673
38,198
10,110
124,59
287,299
13,116
7,158
331,56
648,288
68,772
13,171
14,189
26,79
15,311
1923,355
44,47
61,96
5,24
15,117
5,52
5,113
7,152
6,19
181,128
135,93
84,26
1693,91
1033,78
3529,103
2483,85
2860,78
2456,84
2368,76
2154,78
1201,134
758,100
1127,644
153,365
729,666
187,64
134,767
304,92
351,314
15,83
20,256
12,330
18,16
11,14
80,55
29,114
9,372
26,408
281,368
714,392
211,486
13,201
153,11
81,164
45,323
29,66
744,76
38,254
32,327
28,252
17,266
13,51
19,480
47,130
25,175
1806,303
1807,260
20,224
34,339
4,314
21,76
256,378
23,572
19,170
809,458
66,71
23,41
397,318
53,105
18,200
39,172
4,103
6,21
19,541
1055,252
1071,467
1259,218
1069,550
1177,459
1236,337
1302,264
1218,395
1258,230
361,285
8,98
38,78
1510,361
415,498
17,325
48,510
17,227
20,299
3357,157
8,48
8,10
101,72
125,270
83,314
6,241
56,218
24,339
90,489
21,413
85,410
340,321
932,457
23,82
29,611
178,150
5,264
237,767
10,35
30,560
154,288
17,225
6,372
12,406
10,67
4,170
466,500
13,177
294,163
18,441
62,284
9,150
19,285
56,121
379,30
12,104
203,358
35,453
929,452
32,313
57,17
20,292
70,348
14,453
11,86
11,540
97,234
217,767
82,329
40,77
613,769
12,492
6,269
15,259
7,168
173,494
22,17
1259,98
2142,141
36,189
33,227
738,385
21,84
26,398
4,256
374,97
7,49
39,767
13,223
14,326
163,349
97,26
581,19
22,310
49,193
617,279
330,215
86,35
128,461
12,199
90,186
199,239
75,273
191,546
289,432
72,221
14,273
7,170
652,625
95,237
21,403
102,643
18,205
157,261
421,300
15,341
10,33
26,344
49,200
22,114
21,343
62,248
555,214
2215,158
2557,125
1245,124
62,197
10,497
31,32
19,95
8,366
1386,452
804,452
9,253
16,373
111,345
7,40
22,634
24,240
11,734
2080,22
1916,678
10,490
151,271
74,190
109,59
8,208
1032,514
384,357
17,149
93,486
51,224
164,309
6,175
10,399
452,48
18,481
161,598
23,301
9,247
1233,356
391,234
342,120
160,149
48,306
10,416
7,181
202,307
6,87
52,62
21,345
9,60
231,142
2240,726
14,143
77,567
12,357
71,27
12,56
143,405
24,311
29,433
44,680
21,392
23,565
10,732
355,767
78,313
122,220
13,58
580,20
22,620
10,285
57,391
205,33
690,158
476,180
884,171
1317,161
818,231
63,16
66,392
70,387
267,324
17,309
4,441
770,45
31,472
19,599
60,38
217,118
95,82
23,135
264,394
47,577
41,98
24,32
77,431
6,186
432,297
314,465
62,9
300,272
575,148
837,121
29,514
55,239
326,560
9,373
49,388
68,273
10,353
89,629
7,145
38,219
59,16
1917,192
122,369
9,342
57,639
16,237
22,327
40,417
11,396
188,350
65,32
22,231
36,119
327,478
4,463
17,38
17,329
44,18
171,266
139,127
17,286
29,114
113,346
11,283
40,208
4,25
15,243
6,106
20,195
10,172
8,350
18,255
91,196
16,303
479,89
9,265
96,29
68,48
15,209
41,34
2288,237
204,242
25,767
11,248
7,143
28,362
830,88
35,63
97,64
15,153
45,357
28,230
73,280
20,115
36,221
97,574
9,419
16,389
52,693
14,283
4,146
64,26
1925,148
3529,17
12,357
77,769
14,489
7,198
50,29
19,425
19,240
154,481
10,265
196,627
163,138
12,391
10,226
368,221
216,158
216,195
234,292
226,233
10,175
228,166
216,100
100,349
307,652
56,81
12,112
31,581
10,492
73,24
31,32
28,242
199,676
13,112
52,372
4,180
500,56
30,467
17,344
23,83
11,244
248,148
12,315
27,319
407,207
1030,60
1041,194
702,384
691,334
262,506
7,62
17,556
48,261
43,181
1052,134
23,124
265,349
1745,140
165,222
48,18
25,244
108,334
15,134
30,49
728,369
649,487
872,95
21,86
21,342
337,185
655,54
959,89
1260,101
1243,37
1363,225
1374,170
1360,19
1372,57
12,89
18,237
463,323
10,682
20,289
15,365
17,578
9,194
40,420
130,699
6590,45
2044,331
2045,769
31,515
71,503
196,149
9,365
16,358
112,149
8,191
22,257
29,730
14,446
23,340
14,650
99,31
14,136
1169,757
312,758
41,464
10,258
41,162
22,609
69,202
8,310
43,299
7,132
1191,301
146,363
4,72
14,417
94,494
7,225
84,372
13,193
22,29
615,28
11,408
106,15
97,372
14,217
8,328
978,104
11,235
39,340
8,358
231,343
92,367
96,515
35,468
5,170
2425,657
2004,372
22,549
17,118
22,437
29,755
9,455
343,526
2256,318
2239,210
175,271
117,112
13,416
13,540
18,318
60,417
13,315
322,774
18,690
27,465
24,28
34,397
19,231
381,34
10,157
195,292
1337,346
1332,716
5,39
774,388
8,64
22,416
6,368
20,389
8,122
334,775
60,76
18,377
12,768
70,439
12,264
44,158
6,225
11,344
198,348
49,591
13,137
142,227
6,259
26,180
16,349
139,713
584,357
372,612
14,203
21,216
108,68
718,52
649,69
978,92
899,28
899,29
26,9
7,30
62,111
486,627
19,242
55,369
42,156
369,639
46,620
92,171
75,280
24,167
226,68
205,29
86,230
65,220
134,353
9,770
93,402
15,201
20,97
134,746
11,630
8,283
15,411
12,85
173,195
98,412
27,40
7,91
24,100
43,341
199,90
13,311
13,199
15,448
152,619
89,330
12,333
7,147
10,441
19,150
5,209
5,107
11,228
36,265
17,450
92,224
56,123
91,269
97,291
95,294
86,291
93,288
450,287
64,616
33,317
18,295
10,265
23,412
32,464
37,376
232,80
15,201
27,294
88,223
11,305
12,465
23,12
19,512
3143,567
30,582
236,769
139,545
21,27
14,340
17,117
13,461
6,38
29,195
111,340
63,351
16,191
4,774
172,291
15,165
64,412
91,93
14,225
106,266
17,348
14,358
8,309
34,56
381,632
11,356
47,308
67,767
155,442
9,97
7,180
14,204
17,214
411,766
23,197
12,155
20,79
10,159
10,274
13,233
23,26
25,280
18,152
11,94
113,193
42,74
7,125
50,45
26,166
12,99
10,56
385,588
9,224
22,16
12,423
69,283
7,111
288,715
64,492
448,740
19,498
796,314
32,294
67,294
7,267
17,353
6,368
7,113
30,444
76,17
22,99
67,611
303,674
7,184
42,151
86,350
28,740
23,554
23,704
10,685
6,641
31,593
42,236
89,192
40,454
1109,579
8,352
30,502
3455,494
1971,247
582,197
425,421
16,228
110,278
123,496
17,365
12,266
40,113
9,290
33,154
40,400
31,265
16,179
1155,478
7,393
57,155
64,99
61,140
7,299
22,202
370,86
13,200
34,369
14,218
36,233
18,329
24,573
7,205
7,218
19,146
16,309
46,298
107,269
20,769
154,126
22,688
25,652
19,68
171,13
4,99
635,768
636,205
10,354
310,405
452,770
378,355
6,93
16,241
7,444
8,252
204,273
9,18
11,306
34,131
13,318
2128,296
57,157
16,41
60,391
119,560
834,311
12,247
