arrived_at,num_prefill_tokens,num_decode_tokens,prefill_inflated,decode_inflated
0.0,1526,251,0,0
0.012723080086800977,492,756,0,0
0.5155772670001654,509,54,0,0
0.5830111602077348,754,102,0,0
0.583688256128735,1327,359,0,0
0.6015461515347529,611,87,0,0
0.606731954933831,694,31,0,0
0.6310231831141563,8001,191,1,0
0.6317467782049291,1557,329,0,0
0.6610118879328004,978,340,0,0
0.6899053139536321,1471,259,0,0
1.1115252662560324,493,769,0,0
1.1455178471357066,1013,67,0,0
1.1956140684228067,6890,357,1,0
1.1965249147229566,862,149,0,0
2.8297476954781353,1112,7080,0,1
2.8301389336154785,980,200,0,0
2.993580571223098,573,15,0,0
3.002908790257221,15,106,0,0
3.006009277339872,1724,751,0,0
3.0108656035906276,195,6,0,0
3.0155715311508677,972,250,0,0
3.054170688385697,1200,227,0,0
3.0686502030376426,891,182,0,0
3.418671704206489,20,392,0,0
3.4191364076705804,1914,204,0,0
3.437070263779113,839,27,0,0
3.440100803355845,1625,43,0,0
3.525266263422118,654,177,0,0
3.525527254821195,7,82,0,0
3.5346017119535995,11,291,0,0
3.5620745583503033,1894,282,0,0
3.5630016666338085,981,176,0,0
3.6924502061818005,25,346,0,0
3.7182477456176675,494,437,0,0
3.853422146061906,150,258,1,0
3.976303830314594,1314,520,0,0
3.9788463183057594,1400,17,0,0
3.982505577579331,196,156,0,0
3.994520955069018,938,274,0,0
4.0750623850648084,56,370,0,0
4.174029422588906,40,72,0,0
4.178393830419623,276,165,0,0
4.183751118478777,11,344,0,0
4.187410179006711,516,435,0,0
4.1930191977946425,259,146,0,0
4.204231431791612,1017,53,0,0
4.218094414358943,415,169,0,0
5.3247316686432455,45,256,0,0
5.3312854680191375,453,401,0,0
5.341414477415579,180,45,0,0
5.38656526469238,805,764,0,0
5.389247643799597,1722,96,0,0
5.397880694656246,10,382,0,0
5.416412514029568,1463,91,0,0
5.501284506672645,19,186,0,0
5.502582503976266,634,55,0,0
5.782863084019573,47,326,0,0
5.791779887486458,1702,236,0,0
5.817102179135515,14,224,0,0
5.915304403483846,1666,398,0,0
5.982960542815704,14,316,0,0
6.133062688082966,23,60,0,0
6.158577212916129,1127,127,0,0
6.175927786261522,90,427,1,0
6.209909051046325,741,567,0,0
6.212372152915472,433,399,0,0
6.417006967112528,1198,56,0,0
6.420833961581423,537,2240,0,1
6.422285123412893,51,6120,0,1
7.525153654821466,1450,30,0,0
7.538888861670296,651,100,0,0
7.540595631360269,1321,767,0,0
8.273775969179685,650,429,0,0
8.283107760662492,640,464,0,0
8.434066089989974,99,65,0,0
8.437500601863313,26,248,0,0
8.44847200547293,713,386,0,0
8.44908819145103,464,168,0,0
8.449484712378329,10,331,0,0
8.452044650488064,145,40,0,0
8.467481758488441,471,566,0,0
8.55649843055791,769,123,0,0
10.867169484524194,155,152,0,0
10.869460800394176,666,391,0,0
11.005226806149134,1390,23,0,0
11.010614785043948,806,265,0,0
11.023915178876166,1119,150,0,0
11.024848010111713,355,21,0,0
11.025784965868969,772,244,0,0
11.029588501459944,769,330,0,0
11.03124819175188,875,157,0,0
11.049165075189078,126,183,0,0
11.053592523122727,351,340,0,0
11.273728714368334,769,606,0,0
11.298234069758136,1228,2790,0,1
11.32334563827276,10,27,0,0
11.498860312953642,584,486,0,0
11.549720314811013,1071,473,0,0
11.56646676479021,50,555,0,0
11.581517179331767,698,15,0,0
11.59568474131436,183,126,0,0
11.751130394067536,1797,767,0,0
11.837533488625635,28,14,0,0
11.875046512434551,482,310,0,0
11.964213503216975,115,60,0,0
11.970286095998409,319,291,0,0
12.020430045934745,787,124,0,0
12.02150060920686,1864,332,0,0
12.288539248117637,312,179,0,0
12.310144766790469,723,674,0,0
12.336184882477133,312,299,0,0
12.396021628248878,27,319,0,0
12.413719300323422,1013,145,0,0
12.42457441631273,879,152,0,0
12.619461727973546,482,55,0,0
12.642206915821586,575,146,0,0
12.6450964893191,1149,454,0,0
12.688562101026658,248,112,0,0
12.689158176119033,1782,234,0,0
13.183851059751195,428,2980,0,1
13.196665722390803,279,91,0,0
13.216444706499047,926,448,0,0
14.866218026358577,696,231,0,0
16.200747983319378,57,168,0,0
16.22349571919229,593,260,0,0
16.2864610934032,40,21,0,0
16.446147508913597,1568,580,0,0
16.967743993743333,17,4000,0,1
16.981627013034164,1821,469,0,0
17.00527723939775,32,647,0,0
17.21423261242993,600,176,0,0
17.24516961196624,17,2940,0,1
17.326771465208658,1547,143,0,0
17.38787509735519,30,767,0,0
17.38973966343652,1700,323,0,0
17.392977709997826,243,284,0,0
17.393069355678904,817,210,0,0
17.403794713741068,1220,152,0,0
17.66636718242328,1652,269,0,0
17.6683301134364,522,235,0,0
17.881152809300453,1185,575,0,0
18.01436517699921,318,710,0,1
18.030535342121162,8056,136,1,0
18.048307427175263,1474,154,0,0
18.069603411810338,1675,129,0,0
18.072827591089833,741,574,0,0
18.083086961241964,1328,522,0,0
18.099527064085226,7860,332,1,0
18.16088522286246,444,144,0,0
18.248809675207056,40,286,0,0
18.25289489754803,1286,149,0,0
18.346987416332283,238,499,0,0
18.35079544321881,10,259,0,0
18.36366698991093,1702,533,0,0
18.401450129850602,10,52,0,0
18.41869553024916,1586,48,0,0
18.43269375611276,727,225,0,0
18.463624009353495,296,84,0,0
18.469597038309356,705,767,0,0
18.474488640861768,974,94,0,0
18.486485250057754,1321,616,0,0
18.609880754894903,518,389,0,0
18.62460530384831,1622,377,0,0
19.438552035965944,597,612,0,0
19.466249997009307,1126,118,0,0
19.466297075221185,15,264,0,0
19.473788394082078,983,305,0,0
19.977961903320907,1954,367,0,0
19.996237084660482,12,176,0,0
20.003754218340287,1250,646,0,0
20.006898334374505,514,63,0,0
20.261690433460082,1124,630,0,0
20.395779105455407,57,405,0,0
20.46497364539753,151,112,0,0
20.50745461234629,555,535,0,0
20.829491070903153,336,2610,0,1
20.922738423080116,369,228,0,0
20.924280687057408,1259,2310,0,1
21.008190229110856,16,233,0,0
21.03352315399956,385,394,0,0
21.047995109468292,312,12,0,0
21.131060531531972,126,264,0,0
21.150159327003372,567,390,0,0
21.15021041235675,1242,170,0,0
21.556728530233016,10,330,0,0
21.700509667205964,766,252,0,0
21.714630819228063,1207,319,0,0
21.72319903057952,489,5,0,0
21.751592214462555,983,458,0,0
21.75297495109838,510,633,0,0
21.786278487370964,22,492,0,0
21.797665325483752,436,12,0,0
21.8065733328268,380,46,0,0
21.809421327567097,852,136,0,0
21.814065345183195,315,233,0,0
21.97898280881841,389,557,0,0
22.239558745970594,582,230,0,0
22.288888547909874,1349,294,0,0
22.305362476098356,6180,93,1,0
22.308480020035187,1373,10,0,0
22.3842998309885,1355,6,0,0
22.836771272121414,677,266,0,0
22.837485784004713,1136,35,0,0
23.026414704592337,87,114,0,0
23.026651991082527,156,132,0,0
23.035793579023785,512,224,0,0
23.074736674205646,7,99,0,0
23.075913567386937,86,710,0,0
23.076781944502308,1046,411,0,0
23.10294111447909,665,275,0,0
23.207138008429553,63,684,0,0
23.21411031542674,1493,111,0,0
23.47935063568766,24,205,0,0
23.4831430700537,372,348,0,0
24.08592474534831,1305,281,0,0
24.108882649301556,299,261,0,0
24.1377715906635,1314,171,0,0
24.199498728127004,1572,279,0,0
24.233790518294835,620,277,1,0
24.95751651882408,1700,304,0,0
26.446454507095915,769,111,0,0
26.50024452220988,1279,601,0,0
26.513199015612695,114,127,0,0
26.514916139719222,624,777,0,0
26.51890738309568,932,313,0,0
26.537288955011963,2246,188,0,0
26.552023202487007,217,2370,0,1
26.568558627686322,44,395,0,0
26.586786450640403,1102,269,0,0
26.635401430096625,1088,387,0,0
26.636612468102587,541,304,0,0
26.63893324268671,1451,429,0,0
26.80908555649136,454,111,0,0
26.905575359721293,681,212,0,0
26.911755180312326,386,215,0,0
27.152447688602987,1391,342,0,0
27.157112604142533,754,233,0,0
27.16801811331475,351,37,0,0
27.168486673898467,1297,25,0,0
27.266695569042216,441,110,0,0
27.284427199493287,804,312,0,0
27.437730526683797,1457,771,0,0
27.512273931841005,6910,306,1,0
27.534290480802465,1758,259,0,0
27.559440688759636,424,254,0,0
27.75917571134918,1447,267,0,0
27.77241552110278,5,244,0,0
27.785991401075538,727,277,0,0
27.80717500127306,8012,180,1,0
27.89996370138526,1537,248,0,0
28.017791182495476,146,353,0,0
28.882027885845687,35,657,0,0
28.898066005698517,702,214,0,0
29.13547470647418,1468,502,0,0
29.14063600092444,922,346,0,0
29.20489278054401,336,344,0,0
29.22972611075912,410,193,0,0
29.854063017600534,22,43,0,0
29.920054739845863,943,359,0,0
29.92804291778381,890,128,0,0
29.99045949677943,607,258,0,0
30.029811462559632,901,665,0,0
30.040279758080935,20,520,0,0
30.051245103058616,400,352,0,0
30.054241682403198,766,1810,0,1
34.97646765609953,181,197,0,0
35.0024821786617,771,173,0,0
35.141995303938614,1717,767,0,0
35.143927913289865,985,283,0,0
35.14619642045154,373,261,0,0
35.16085614401329,10,112,0,0
35.175651440440795,1289,212,0,0
35.27486337305438,384,262,0,0
35.27754225443763,327,281,0,0
35.33627662746684,296,301,0,0
35.749487958312365,19,315,0,0
35.75269567865746,839,196,0,0
35.875891669543776,8012,180,1,0
35.878815949519186,989,262,0,0
35.91873194893564,778,340,0,0
35.96004687936979,196,9,0,0
36.60516155356617,206,353,0,0
36.6101803828548,81,213,0,0
36.63815521960926,206,166,0,0
36.7992324744989,1188,469,0,0
36.8011487786396,130,84,1,0
36.82076216927501,5830,27,1,0
36.824266614851524,881,171,0,0
36.829170451442465,1213,349,0,0
36.907250213910714,794,772,0,0
36.98827823882059,1050,249,0,0
40.44841881828055,1812,492,0,0
40.761907454578925,207,186,0,0
41.02477323582885,1423,144,0,0
41.039059873251624,964,317,0,0
41.04998446625378,195,2220,0,1
41.07616223993632,406,379,0,0
41.076372237191045,1339,694,0,0
41.62224603456243,595,191,0,0
41.627419852032276,233,392,0,0
41.629789027480264,1706,401,0,0
41.637661789602646,7500,411,1,0
41.750574956496436,1292,406,0,0
41.98561108988765,7827,365,1,0
41.994783402867846,8063,129,1,0
42.04125831343271,386,92,0,0
42.05853938904571,11,251,0,0
42.06117348375459,335,312,0,0
42.08823729603054,313,398,0,0
42.10854744866045,867,195,0,0
42.109433079143066,261,256,0,0
42.2822851422789,1552,549,0,0
42.28310924153056,726,324,0,0
42.313538310049175,1333,236,0,0
42.3158682056114,1573,80,0,0
42.31959690409052,840,604,0,0
42.324252277298356,412,96,0,0
42.4018330098696,260,33,0,0
42.403372596682836,18,144,0,0
42.41627550753479,1144,473,0,0
42.83670443835495,949,650,0,1
42.841386350597276,1328,177,0,0
42.85903170720917,20,82,0,0
42.929927742897796,95,244,0,0
42.93577196477735,61,390,0,0
42.984210064736125,1703,4110,0,1
42.9891968876829,62,139,0,0
43.06493944402118,242,148,0,0
43.0860906970397,1397,27,0,0
43.08895909570908,438,240,0,0
43.40130996137256,422,239,0,0
43.41673039496724,23,32,0,0
43.42737878008262,43,543,0,0
43.430309219320655,9,297,0,0
43.437584179178934,485,303,0,0
43.45293709314103,2480,237,1,0
43.47918157434755,1580,698,0,0
43.64645357872184,27,266,0,0
43.647785177268375,688,596,0,0
43.657020767591476,1269,127,0,0
43.8601377482194,693,19,0,0
43.88683221882326,2011,236,0,0
43.92879782022762,223,168,0,0
44.37741476058284,1673,233,0,0
44.413823045966176,394,305,0,0
44.460915307922164,425,357,0,0
44.47798687610111,488,311,0,0
45.11333142444277,785,676,0,0
45.264502848645805,1613,33,0,0
45.26887420208676,467,31,0,0
45.32422673346606,1142,450,0,0
45.32608493159637,1826,79,0,0
45.48839242554454,1100,447,0,0
45.558989422468976,1439,124,0,0
45.572352762977275,1303,3800,0,1
45.580576544729496,1230,747,1,0
45.58108275992234,836,31,0,0
45.665420170055285,3860,277,1,0
45.679887801557435,255,36,0,0
45.689679183286486,841,372,0,0
45.76714396161179,930,767,0,0
45.77196195750291,964,212,0,0
45.7775839169376,853,173,0,0
45.782110154525654,469,51,0,0
45.7833199693088,50,344,0,0
48.0235142852803,383,410,0,0
48.03575363978091,1130,161,0,0
48.04470513299529,1517,43,0,0
48.153792437017415,30,466,0,0
48.15382550884922,10,220,0,0
48.17070849235341,1057,205,0,0
48.18908878038098,523,410,0,0
48.19164915791478,176,18,0,0
48.23631325531264,48,122,0,0
48.23662136190136,1445,12,0,0
48.25434207887157,432,310,0,0
48.35530869288978,196,46,0,0
48.35550718785839,11,146,0,0
48.35642089261364,1751,338,0,0
48.36821673967045,1102,222,0,0
48.38339500806937,23,286,0,0
48.38759392362419,16,157,0,0
48.41839443632744,507,148,0,0
48.4421708288693,547,420,0,0
48.443137257368825,995,311,0,0
48.45465857952556,41,339,0,0
48.45573665208504,1361,352,0,0
48.455950495714134,789,775,0,0
48.45605822018716,1425,446,0,0
48.559528585181965,1210,212,0,0
48.56966606782887,808,431,0,0
49.221154173730746,1240,348,0,0
49.22184560118615,28,17,0,0
49.228155964408764,1689,319,0,0
49.25334125191775,534,78,0,0
49.26293355033532,728,223,0,0
49.29777487105489,317,211,0,0
49.31494646672543,942,186,0,0
49.31870993956645,1555,298,0,0
49.318832101924386,33,456,0,0
49.32077325577107,1678,111,0,0
49.729007522318675,631,374,0,0
49.789920691657095,37,96,0,0
49.998356008706864,1742,389,0,0
50.00249314553138,32,600,0,0
50.01166921805139,1600,770,0,0
50.01401668141553,1505,3730,0,1
50.043910156090305,7,323,0,0
50.05948766338812,1691,167,0,0
50.093736921584735,1436,188,0,0
50.56609867584619,27,135,0,0
50.56872145280266,1431,470,0,0
50.63002991709942,290,288,0,0
50.63087928661312,1283,371,0,0
50.7589827165272,5,84,0,0
50.76481167131942,518,67,0,0
50.77703546845121,83,240,0,0
50.79560942222163,217,3310,0,1
51.176635953318865,413,186,0,0
51.18992057127171,495,202,0,0
51.19514819223166,1070,241,0,0
51.19647207457005,506,428,0,0
51.22104491616577,433,94,0,0
51.223603441970916,1567,292,0,0
51.22877199951472,250,347,1,0
51.24221423808247,442,185,0,0
51.29644114267793,329,550,0,0
51.2998244494175,1769,405,0,0
51.35390963466999,666,261,0,0
51.8424281134991,1603,773,0,0
51.84314673895282,368,512,0,0
52.05919439730811,1297,767,0,0
53.11155657202972,384,231,0,0
53.11590075382154,1651,3820,0,1
53.16434002809357,430,439,0,0
53.1652485010811,1424,370,0,0
53.19327311381849,34,392,0,0
53.20067364675295,1605,758,0,0
53.22680214814904,643,605,0,0
53.22906172332341,1125,631,0,0
53.23179004325955,1347,240,0,0
53.237541396178464,24,341,0,0
53.2409141048019,10,66,0,0
53.244952881900275,153,223,0,0
53.254190774839174,1205,243,0,0
53.25568407305835,459,341,0,0
53.26591448321972,651,308,0,0
53.30166401615265,5010,293,1,0
53.301796843451754,1561,262,0,0
53.32188989406933,1502,203,0,0
53.32491887406836,1543,460,0,0
53.3263441433243,1851,289,0,0
53.32724705170243,1418,748,0,0
53.32965755895585,382,450,0,0
53.33261203387519,474,271,0,0
53.358649513669334,512,747,0,0
53.35968958947537,430,241,0,0
53.464192781961025,879,2900,0,1
53.46671905784089,26,31,0,0
53.51787634551519,8,70,0,0
53.633233942431794,242,255,0,0
53.63437506301667,17,3390,0,1
53.74779254156603,1295,720,0,0
54.82350930399151,795,133,0,0
54.82925967030375,24,527,0,0
54.87512547375203,1349,193,0,0
54.88641421546222,704,403,0,0
54.90397720182515,424,557,0,0
54.914389133256506,1471,109,0,0
54.92004234806825,10,264,0,0
54.986953778311076,1188,393,0,0
55.08006675527568,1749,366,0,0
55.096211695573004,325,560,0,0
55.434180345391596,1245,376,0,0
55.58020145755782,1199,469,0,0
55.648359354070294,7763,429,1,0
55.65236084401672,642,352,0,0
56.414096384688555,1198,615,0,0
56.654302422091924,393,257,0,0
56.6545356849899,898,5,0,0
56.65641419677957,532,209,0,0
56.66307476327263,900,1490,0,1
56.77677669977798,3750,1220,1,1
56.987341966111586,744,74,0,0
56.9971867006398,1035,454,0,0
57.02599322135535,968,171,0,0
57.097259663918145,617,507,0,0
57.09864448652562,582,240,0,0
57.156671192941985,889,128,0,0
57.16633617194728,551,67,0,0
57.19221710870284,922,58,0,0
57.20848171234355,1546,403,0,0
57.210172855757925,1517,46,0,0
57.212628487978826,519,220,0,0
57.23218716772542,5,243,0,0
57.25552778467183,122,369,0,0
57.266167246049584,1475,296,0,0
57.41722593671435,1732,2090,0,1
57.4260305750143,625,531,0,0
57.427611239005486,1194,271,0,0
57.43664945342543,613,179,0,0
57.44935657942832,18,288,0,0
57.46323825945441,318,173,0,0
57.64815691889863,228,140,0,1
57.69827884178353,1053,146,0,0
57.8470506801771,1427,153,0,0
57.90996270497616,28,262,0,0
57.922964243704975,253,158,0,0
58.0671166492473,12,385,0,0
58.077872768084056,235,259,0,0
58.10767712182297,1452,771,0,0
58.1101265421884,515,288,0,0
58.132376050218475,21,194,0,0
58.14188157831501,778,57,0,0
58.1802078671153,1293,60,0,0
58.870236394061216,135,17,0,0
60.96615382983864,811,390,0,0
61.106507016562915,357,325,0,0
61.123774890074735,1178,179,0,0
61.21930428086072,1997,769,0,0
61.24832506669489,354,529,0,0
61.253766540403866,467,71,0,0
61.2699504964548,1299,403,0,0
61.281083457755535,744,268,0,0
61.28656798976592,515,330,0,0
61.57716838481139,1927,268,0,0
61.58340419318036,475,191,0,0
61.590205368253265,536,237,0,0
61.66528510282342,820,151,0,0
61.66986992004682,1854,203,0,0
61.67171439580666,1123,338,0,0
61.67506751896194,17,149,0,0
61.723335434930604,1293,169,0,0
61.76243626080089,11,193,0,0
61.79595283551754,13,454,0,0
61.80323755430255,1561,673,0,0
61.80620744966606,327,189,0,0
61.91948390888932,227,247,0,0
61.920508735324404,300,642,0,0
61.932601418038665,1649,4420,0,1
61.93390777121478,1605,153,0,0
61.942130861772526,251,293,0,0
61.95579524028409,1805,145,0,0
62.172206237320886,23,237,0,0
62.17226626303782,1677,3290,0,1
62.458599814843666,1405,305,0,0
62.46177908331527,908,169,0,0
62.49551060703807,14,220,0,0
62.589354879242585,81,110,0,0
62.59342168236407,1222,166,0,0
62.60919142451343,1812,36,0,0
62.659681937148505,1064,187,0,0
62.67441291304062,1023,589,0,0
62.67874582232083,2023,370,0,0
62.70636209048999,75,353,0,0
62.729987789339276,566,209,0,0
62.73093623397041,516,35,0,0
63.01937518171922,1443,767,0,0
63.049373027104664,889,262,0,0
63.04952358795096,3090,242,1,0
63.05316345137346,602,738,0,0
63.65186905819828,1153,306,0,0
64.11232892509737,1528,6030,0,1
64.14541247819305,6440,265,1,0
64.14607594984113,718,20,0,0
64.15808176458708,318,341,0,0
64.31903642014055,14,5770,0,1
64.36161394087226,868,543,0,0
64.37157832462553,1885,3150,0,1
64.37603129336739,737,217,0,0
64.47744209907698,316,434,0,0
64.49018239103152,366,282,0,0
64.52744895723427,196,333,0,0
64.5797179910584,1540,131,0,0
65.09940040884608,685,396,0,0
65.12766090398064,1151,664,0,0
65.16054514627794,1777,182,0,0
65.16109386545908,60,46,0,0
65.34240901049175,133,140,0,0
65.45847022683238,579,262,0,0
65.47752919457871,1305,1550,0,1
65.47773730371905,37,476,0,0
65.48408664715805,342,280,0,0
65.50689158130534,1833,365,0,0
66.81033522930247,15,366,0,0
66.8742075620631,1527,312,0,0
66.97010833824375,1709,245,0,0
67.07123105537113,807,52,0,0
67.35453916015058,31,496,0,0
67.35655599199785,368,222,0,0
67.36010738662083,7631,561,1,0
67.36194040205478,821,238,0,0
67.37294726079875,895,72,0,0
67.38250822991857,73,109,0,0
67.4063175770287,1298,223,0,0
67.40880281399875,1104,188,0,0
67.43208049887177,219,300,0,0
67.43557367992939,406,14,0,0
68.76786564942337,156,767,0,0
68.77454168363577,126,16,0,0
71.94843190455094,1660,207,0,0
72.45630451082454,1028,163,0,0
72.45805208911743,1177,338,0,0
72.58883801631244,903,406,0,0
72.65366827668659,1458,171,0,0
72.65455546141246,1491,323,0,0
72.7194558405863,685,533,0,0
72.73544615223902,488,252,0,0
72.77395003186655,675,114,0,0
72.77741866862073,704,555,0,0
72.79432937696615,166,25,0,0
72.83805014708945,1826,470,0,0
72.85133603761828,1562,410,0,0
72.85698877520745,38,367,0,0
72.87089754980218,1584,78,0,0
72.87357825337521,1608,201,0,0
72.91143135838713,1703,161,0,0
72.9115444157622,586,426,0,0
73.30164005662166,808,180,0,0
73.32327519217775,1207,421,0,0
73.37247964175538,1231,235,0,0
73.47790158001523,986,48,0,0
73.47948156162575,975,438,0,0
75.30217425242991,775,286,0,0
75.30419276321201,11,48,0,0
75.35266666323366,1184,486,0,0
75.3891390700911,498,427,0,0
75.65277041355449,1559,72,0,0
75.67138995525494,351,186,0,0
75.67251316692094,1727,767,0,0
75.70876600914156,684,51,0,0
75.70890102511338,1012,236,0,0
75.7215156437971,1220,573,0,0
75.72900815025278,1421,653,0,0
76.15744770287816,17,65,0,0
76.16815745915383,583,293,0,0
76.17575908539571,318,265,0,0
76.17986286945649,903,370,0,0
76.18322484790211,1752,44,0,0
76.18937381499552,384,326,0,0
76.2511666621179,1538,596,0,0
76.25248940579664,903,94,0,0
76.26467946514406,1000,139,0,0
76.26566507211216,1397,269,0,0
76.27888171747263,1819,64,0,0
76.30444460393552,1766,514,0,0
76.3059969849169,275,151,0,0
76.31181877062579,4140,551,1,0
76.33437949178145,31,360,0,0
76.41994582722697,820,662,0,0
76.54256349882726,445,271,0,0
76.55709589101889,824,125,0,0
76.55954214903292,658,535,0,0
76.56023896536132,785,83,0,0
76.6465171556416,1448,20,0,0
76.9426394681396,667,544,0,0
76.98023075226166,8024,168,1,0
77.39630327788512,372,2320,0,1
77.40356453357376,381,394,0,0
77.41177927059842,9,156,0,0
77.83179083400292,253,39,0,0
77.83417125441501,1126,371,0,0
77.8947593790527,498,39,0,0
77.93383613103437,15,40,0,0
77.95833586455916,1525,227,0,0
78.53985378957793,579,2150,0,1
78.54294000042773,1841,609,0,0
78.5505635425104,74,179,0,0
78.55083472514997,1610,172,0,0
78.55303021984501,1071,77,0,0
78.55945371030072,552,240,0,0
78.5677147417163,1647,124,0,0
78.57968205791454,314,202,0,0
78.61249789128406,880,232,0,0
78.61720581086762,1358,255,0,0
78.61754316392069,792,835,0,0
78.64198991950526,1750,348,0,0
78.68394656041683,241,58,0,0
78.68569217149158,7687,505,1,0
78.6893955800748,1686,422,0,0
79.30886201828943,979,689,0,0
79.45065818511414,724,191,0,0
79.61110740255579,605,656,0,0
79.68028142915387,489,22,0,0
79.70445242234895,1822,268,0,0
79.71090758531435,350,137,0,0
79.7677743930055,1012,545,0,0
79.7798524707409,30,204,0,0
79.78727889032378,1530,147,0,0
79.80487724574554,823,301,0,0
79.82018576534908,1472,70,0,0
79.92777413102367,1714,236,0,0
79.93038822476782,845,236,0,0
82.63432470329643,1148,33,0,0
82.6366967827475,935,231,0,0
82.64431953644342,580,398,0,0
82.76438143711643,631,37,0,0
82.76772464020438,210,364,0,0
82.77455404486726,17,498,0,0
82.79360179572011,185,326,0,0
82.79364785242059,1765,760,0,1
82.80013690298367,10,990,0,1
82.80272151971072,278,441,0,0
82.81367973449734,6,445,0,0
82.86287003189977,1362,190,0,0
82.92817067291055,235,133,0,0
83.29904350190311,880,367,0,0
83.62837131236724,618,108,0,0
83.77301399836439,664,144,0,0
83.78970383361171,1056,567,0,0
83.93740857235254,1539,466,0,0
83.93984654840268,450,137,0,0
83.95474636454276,1026,402,0,0
84.28349326105113,1550,285,0,0
84.37261396741106,7819,373,1,0
84.37369947659272,61,188,0,0
84.37920027077138,169,14,0,0
84.49170489863423,1099,2150,0,1
84.55471018450368,442,18,0,0
84.71458015052016,1022,3060,0,1
84.71509800472955,471,770,0,0
84.71652096075519,445,417,0,0
84.72757113267733,49,388,0,0
84.73014130796051,286,209,0,0
84.74741188044845,1353,260,0,0
84.76632056067818,547,75,0,0
84.80349385432781,685,192,0,0
84.81773609657047,822,191,0,0
84.87543438814315,116,479,0,0
84.96502600638259,1223,341,0,0
84.99047082017206,172,103,0,0
84.99206425338433,1285,336,0,0
85.2446194347484,1480,121,0,0
85.27368274642687,488,371,0,0
85.31776311763049,1044,2910,0,1
85.34430982094496,2664,75,0,0
85.34504175466301,1175,400,0,0
85.40534941660343,782,458,0,0
85.41036401794852,653,124,0,0
85.41197140123604,1419,554,0,0
85.66220698130779,1401,180,0,0
85.67234603088639,26,117,0,0
85.70589608558444,299,223,0,0
85.81887553703976,1888,170,0,0
86.30718921292215,204,56,0,0
86.30767557376325,1330,2910,0,1
86.31186435270816,666,227,0,0
86.3849277706061,677,27,0,0
86.38979573725106,970,83,0,0
86.38982196042046,218,759,0,0
86.41480179739607,386,122,0,0
86.44421883699812,1799,342,0,0
86.53672334766078,8,214,0,0
86.5664099438472,8167,25,1,0
86.5740978575622,634,449,0,0
86.6028537701515,609,486,0,0
86.62028293120021,1004,339,0,0
86.62703792599493,637,243,0,0
86.65835221258617,693,297,0,0
86.69661537479179,445,259,0,0
86.69904304168908,1450,15,0,0
86.84685725176234,1688,765,0,0
86.9459580692108,1339,151,0,0
87.0371825695412,1102,3020,0,1
87.03725668275149,1643,769,0,0
87.0609214980455,1218,1230,0,1
87.07547036684554,3144,534,0,0
87.07795524309768,844,259,0,0
87.13803034036327,1086,33,0,0
87.138931362208,794,5360,0,1
87.36133520429458,783,218,0,0
87.4018462541009,849,259,0,0
87.4085703250937,970,561,0,0
87.735858003736,1583,219,0,0
87.78294045779852,720,77,0,0
87.819375913816,233,149,0,0
87.82072442800677,920,353,0,0
87.87431825175223,1094,344,0,0
88.19041055817097,1131,570,0,0
88.3609123755483,38,198,0,0
88.36228770691781,121,780,0,1
88.6657786315368,1701,349,0,0
89.13102781774981,1840,789,0,0
89.23208124805885,743,254,0,0
89.24053407054416,1555,146,0,0
89.2414202501545,920,349,0,0
89.24433456224571,7791,401,1,0
89.24997742481511,196,116,0,0
89.28126329004166,943,339,0,0
89.33587628840996,1890,53,0,0
89.33988682918098,1774,629,0,0
89.34054478132421,381,130,0,0
89.34824679419702,106,715,0,0
89.3494571852325,7,168,0,0
89.6057663915989,816,266,0,0
89.60722179751376,1874,279,0,0
89.65265095562955,374,334,0,0
89.74324438009239,17,196,0,0
89.74561036679394,61,44,0,0
89.8740604165947,897,446,0,0
89.88674508140105,1181,305,0,0
89.89014355611549,473,4090,0,1
89.89262278745333,635,235,0,0
89.91336476577246,1470,769,0,0
90.05761046355886,8162,30,1,0
90.05796938371023,7190,421,1,0
90.11469725278576,1825,329,0,0
90.12679793522025,1332,4820,0,1
90.13036148081096,810,189,0,0
90.14359577788436,828,329,0,0
90.15959934058318,20,767,0,0
90.1741301787735,1082,91,0,0
90.25813858709735,807,17,0,0
90.26079411407999,1519,381,0,0
91.1382757705282,680,2970,0,1
91.23817730566115,659,63,0,0
91.24313715687441,178,48,0,0
91.2434761215551,530,337,0,0
91.25937718752164,1766,355,0,0
91.2666910037836,20,230,0,0
91.34157933735223,1352,205,0,0
91.41383681251996,1345,280,0,0
92.21642560596933,570,90,0,0
92.22949929752944,64,87,0,0
92.31368111496565,1163,237,0,0
92.32097279679071,19,176,0,0
92.32908136773169,561,302,0,0
92.71019178476499,836,771,0,0
92.72334048260952,57,532,0,0
92.73735077920452,199,211,0,0
92.74590894935804,1590,340,0,0
92.77977999322992,1384,173,0,0
92.83833956136323,96,749,0,0
92.85223203251937,20,483,0,0
92.8539928949981,4350,338,1,0
92.88935688246603,10,206,0,0
92.89275514696037,1124,627,0,0
92.90148286298304,424,2880,0,1
92.92925943541785,18,124,0,0
92.95907717531826,10,78,0,0
92.95924423501431,458,199,0,0
93.52033623818052,231,149,0,0
93.61115753827477,988,85,0,0
94.51336537566398,568,299,0,0
97.43912742840783,216,196,0,0
97.44183478685957,1299,143,0,0
97.44758355491186,1055,405,0,0
97.4770038730806,154,25,0,0
97.59462800443765,8034,158,1,0
97.60091973057743,607,217,0,0
97.6102192217075,574,270,0,0
97.76309684606498,294,222,0,0
97.76600671890347,946,61,0,0
97.79262677923472,704,148,0,0
97.94656179588239,1084,206,0,0
97.9566651738929,704,298,0,0
98.03862064884592,311,331,0,0
98.05202794019503,1777,80,0,0
98.0527115059085,1401,103,0,0
98.05827255750138,7806,386,1,0
98.06923224249971,594,19,0,0
98.07752763360443,785,767,0,0
98.09457481777059,72,194,0,0
98.13028344233426,1817,322,0,0
98.15877999582624,194,198,0,0
98.18138544583536,20,224,0,0
98.18791504172042,39,48,0,0
98.19784432260936,1194,781,0,0
98.20506103033743,825,355,0,0
98.20970361699601,1752,373,0,0
98.44977823709702,954,412,0,0
98.45010326920168,1435,149,0,0
98.4737604402022,237,66,0,0
98.47430220947429,232,428,0,0
98.47862332558145,430,537,0,0
98.55013460235566,273,329,0,0
98.55810979364463,7,320,0,0
98.79191892568899,6,57,0,0
98.79396924790873,1620,377,0,0
98.80151394082574,1197,225,0,0
98.80529818697732,1461,328,0,0
98.81899577114487,238,274,0,0
98.82602229872899,3280,75,1,0
98.83210891027821,1556,767,0,0
98.84747868230593,1370,155,0,0
98.96531352857727,1342,58,0,0
98.98237815758642,933,28,0,0
98.99631575110737,519,296,0,0
99.003150244722,6,87,0,0
99.00606940260533,1616,270,0,0
99.00672272997735,917,354,0,0
99.00816277549944,1260,175,0,0
99.02065085426274,233,138,0,0
99.02089834475578,38,2200,0,1
99.06363573369921,844,1090,0,1
99.06851432629834,721,603,0,0
99.07022582210881,102,99,0,0
99.0739705828649,376,374,0,0
99.11584306002695,1537,435,0,0
99.13923343494632,1654,200,0,0
99.158286414152,723,305,0,0
99.55064858293812,7930,262,1,0
100.8385961798583,803,53,0,0
100.839510151285,482,215,0,0
100.9120730440913,382,3200,0,1
100.91479523463974,1534,36,0,0
100.91560854700558,348,326,0,0
100.92021190808941,1789,622,0,0
101.02532892282876,2853,648,0,0
101.03284557274925,303,245,0,0
101.03836768523337,927,426,0,0
101.28883053430226,1145,767,0,0
101.33125588233311,714,294,0,0
101.34460487829418,1896,393,0,0
101.9600083016782,1128,176,0,0
102.00391323628263,1159,950,0,1
102.00781806341172,354,196,0,0
102.00974248519228,1711,403,0,0
102.01720970866336,684,638,0,0
102.04202684016545,765,306,0,0
102.16063445367249,268,170,0,0
102.25940767048819,1317,98,0,0
102.28233615831411,482,124,0,0
102.28406783244603,591,570,0,0
102.40295113706236,1569,255,0,0
102.42499497456882,215,275,0,0
102.42702033874684,300,642,0,0
102.42853014326822,1401,100,0,0
102.4565876785377,807,363,0,0
102.49242027386961,1584,207,0,0
102.58359747823333,1144,390,0,0
102.58511335395104,393,226,0,0
103.41878931871587,1148,206,0,0
103.41923941483039,1275,247,0,0
103.43529526057578,603,242,0,0
103.69305329926395,766,417,0,0
103.83380625660376,43,471,0,0
103.83630816007485,485,120,0,0
103.8948348795821,1326,350,0,1
104.09860429408499,1749,27,0,0
104.17379896073633,594,81,0,0
104.17613388196565,98,547,0,0
104.66194106955052,1560,207,0,0
104.66257114245919,1617,494,0,0
104.68070249581419,7768,424,1,0
104.68261199098373,327,421,0,0
104.68952442442567,1020,310,0,0
104.69787030915961,1202,422,0,0
104.74200929028882,1818,735,0,0
104.74326732837801,957,142,0,0
104.76813590515364,7,128,0,0
104.98629831432685,413,136,0,0
105.00499303028937,939,362,0,0
105.05255028036,130,79,0,0
105.09031988702574,7942,250,1,0
105.09384332414044,1615,4,0,0
105.10133734947563,352,361,0,0
105.11874310421052,11,166,0,0
105.16004609809225,565,1650,0,1
106.10817764474065,594,257,0,0
106.53192453774683,32,79,0,0
106.5380745610474,1127,131,0,0
106.54464898936001,642,655,0,0
106.54667871008579,948,45,0,0
106.5468261956449,279,183,0,0
106.76717648266568,560,25,0,0
106.81291973772146,1105,632,0,0
106.81322730439177,907,347,0,0
106.82935370482514,55,398,0,0
108.66418084559699,185,3930,0,1
108.70652369777297,4,219,0,0
108.75053503151256,384,316,0,0
108.77458934569236,369,25,0,0
108.77798352496022,645,206,0,0
108.77948304958478,841,127,0,0
108.78246831898377,1484,2780,0,1
108.80411897171706,1680,333,0,0
108.81402969624884,1355,390,0,0
108.88022302471737,7590,156,1,0
109.45047590168278,364,374,0,0
109.50500553988711,871,767,0,0
109.59482892428412,802,228,0,0
109.6029350489136,10,159,0,0
109.60414202918336,80,111,0,0
110.93589117867074,1316,141,0,0
111.0085285005769,1042,82,0,0
111.1925520706967,257,271,0,0
111.2003985186304,24,85,0,0
111.20093989414654,580,102,0,0
111.44491683869052,1280,767,0,0
111.44513139212029,1105,264,0,0
111.457150080709,896,41,0,0
111.46284520127966,326,79,0,0
111.48924490290551,483,273,0,0
111.57633599601104,1862,284,0,0
111.665313902138,956,170,0,0
111.66555219385957,738,385,0,0
111.79074159091736,1000,70,0,0
111.79109539335975,1547,81,0,0
111.85704197867567,1154,32,0,0
111.86393056653611,165,33,0,0
111.86560464259597,430,324,0,0
111.87132716918889,778,405,0,0
111.8724771946364,1074,308,0,0
111.88885515920329,1543,685,0,0
112.00226826728901,1693,607,0,0
112.08775679724013,698,267,0,0
112.10616448450465,426,197,0,0
112.26338285348243,222,66,0,0
112.31038785103999,816,74,0,0
113.65775620545631,588,254,0,0
113.7061832388766,11,235,0,0
113.71123460243733,484,587,0,0
113.72062794522094,22,18,0,0
113.72424845410654,1589,291,0,0
113.7336091156367,62,767,0,0
113.74622505142094,934,75,0,0
113.8143832882514,282,334,0,0
113.89703310845219,411,154,0,0
113.91587247066055,7978,214,1,0
113.95597821188684,1072,123,0,0
113.95975775223633,721,47,0,0
113.96529978965951,712,767,0,0
113.96541268085137,1465,268,0,0
113.96889053280033,531,89,0,0
113.97502079269766,653,1480,0,1
117.10545384204134,165,767,0,0
117.10652896378942,317,112,0,0
117.12577181908735,795,149,0,0
117.13433563472859,1095,436,0,0
117.135014991765,837,400,0,1
117.16364249445986,761,153,0,0
117.18089672572775,700,289,0,0
117.18175922911114,317,307,0,0
117.18190592677176,1822,330,0,0
117.1968597166451,1501,453,0,0
117.19777633231743,1448,7,0,0
117.26413213249039,745,4170,0,1
117.27376847098296,4150,90,1,0
117.32389981361491,1622,486,0,0
117.33305190304965,1097,357,0,0
117.72723547413776,549,591,0,0
117.79733777211545,1751,116,0,0
118.18262462952207,7737,455,1,0
118.20471895327827,727,110,0,0
118.20689786239626,1387,265,0,0
118.20787662737044,8128,64,1,0
118.21420351581122,1078,319,0,0
118.24613142906031,774,108,0,0
118.25105371115899,174,5430,0,1
120.88675129547435,556,336,0,0
120.90244829489959,1391,409,0,0
120.94831580209357,1813,223,0,0
120.96976685755934,116,76,0,0
120.97116889134139,958,665,0,0
121.12913896113982,26,120,0,0
121.19795978058104,390,313,0,0
121.30553167313889,108,281,0,0
121.30829569394034,10,281,0,0
121.32765184736066,871,463,0,0
121.34491564039084,631,610,0,0
121.54924352875778,297,114,0,0
121.55036867067437,942,329,0,0
121.62513471978556,1557,354,0,0
121.87880205511058,20,373,0,0
121.88693326196169,349,3870,0,1
121.89058594180072,298,498,0,0
122.17937336193553,888,290,0,0
122.21129647824971,620,139,0,0
122.40669272200657,748,311,0,0
122.49785549012277,1552,438,0,0
122.67251557425462,402,106,0,0
122.68611685404534,1840,426,0,0
122.68637569427058,1572,238,0,0
122.75331171437094,1728,770,0,0
122.7582115932885,1021,298,0,0
122.82858691001964,1506,118,0,0
122.83538213438146,697,684,0,0
123.39428739645497,970,188,0,0
123.40639042499197,153,467,0,0
123.51590387298488,1232,312,0,0
123.71075369837419,1493,296,0,0
123.72786639311197,32,295,0,0
123.7671413433174,562,21,0,0
123.78661991897103,1114,272,0,0
123.78964495796073,34,95,0,0
124.19970695219864,11,95,0,0
124.20278692690518,1753,520,0,0
124.2035975046422,938,296,0,0
124.21066668654161,6,190,0,0
124.23655532268398,722,401,0,0
124.25926464416236,3130,2500,1,1
124.26910717909442,1554,215,0,0
124.27688302478508,1546,424,0,0
124.27712624906972,870,185,0,0
124.34751473658918,28,101,0,0
125.03093549913156,17,32,0,0
125.0352947957681,1217,377,0,0
125.03577744452187,1165,341,0,0
125.12531406839929,1068,379,0,0
125.13890282662435,264,35,0,0
125.13890822852288,839,42,0,0
125.14301648979584,85,416,0,0
125.14398479291093,1483,335,0,0
125.14570842126854,232,359,0,0
126.30778776801458,1229,591,0,0
126.45601007331268,1286,303,0,0
126.47010316643747,952,241,0,0
126.49038725920532,1200,119,0,0
126.99505357099967,779,311,0,0
126.99712016656687,774,330,0,0
127.08861341160235,367,334,0,0
127.0939666338926,1287,130,0,0
127.20616788647384,477,88,0,0
127.23790166699797,745,393,0,0
127.24222182632316,1476,289,0,0
127.42302998040759,303,93,0,0
127.48502311676395,1396,651,0,0
128.3845844051914,1034,16,0,0
128.393341377134,186,1890,0,1
128.42029930844967,142,233,0,0
128.4251731328524,1400,435,0,0
128.67646223404847,1190,315,0,0
128.68069373910336,227,109,0,0
128.70022939480594,18,88,0,0
128.99903699110985,280,217,0,0
129.05922998289702,38,143,0,0
129.09588283079867,414,300,0,0
129.13072914674055,1821,14,0,0
129.1712154076101,13,406,0,0
129.24765614754247,1390,174,0,0
129.25832984293254,2110,278,1,0
129.25865759595564,657,3480,0,1
129.57362461950308,8041,151,1,0
129.5758514405054,724,275,0,0
130.4713509435409,1878,176,0,0
130.50724670940858,1200,82,0,0
144.72850810054038,1186,299,0,0
144.9558743062236,868,13,0,0
145.00349775127935,4,240,0,0
145.13669687129715,8024,168,1,0
145.1377968581233,1363,285,0,0
145.16620020170419,773,359,0,0
145.1754536781838,1675,175,0,0
145.19574845501734,1689,66,0,0
145.1960280624879,29,216,0,0
145.19623218040775,873,410,0,0
145.28136589886802,1542,4830,0,1
145.3023666092523,18,212,0,0
145.30990814195425,674,72,0,0
145.32538707693692,643,224,0,0
145.33022496967197,119,196,0,0
145.3370931822759,14,265,0,0
145.41360028624416,787,90,0,0
145.4249387536454,18,373,0,0
145.5033127170834,7996,196,1,0
145.50753313588257,556,72,0,0
145.5079593863429,517,249,0,0
145.51259097038505,296,277,0,0
145.5260353978161,103,213,0,0
145.5277978070503,797,271,0,0
145.53580582709805,17,353,0,0
145.54207757874488,6,481,0,0
145.66409173362908,1260,470,0,0
145.76600930939534,16,232,0,0
145.9382230137713,56,56,0,0
145.94182738854516,714,274,0,0
145.97753053577264,6,196,0,0
146.23336048885247,161,291,0,0
146.2588573949042,106,448,0,0
146.2740683142966,1165,768,0,0
146.27765139987764,283,258,0,0
146.37717485975037,1297,273,0,0
146.40253587239178,1647,345,0,0
146.54289659395064,42,236,0,0
146.55575740978603,778,583,0,0
147.82812855004497,1386,343,0,0
147.84480023396893,1517,336,0,0
147.84617477169294,614,336,0,0
147.87305557961056,1557,732,0,0
147.9209752096077,1798,321,0,0
148.17374900107632,1671,174,0,0
148.1802967618874,535,362,0,0
148.18600054725033,693,429,0,0
148.1960492728745,603,642,0,0
148.2038210434867,258,446,0,0
148.20403766002144,5,411,0,0
148.28187670599223,622,564,0,0
148.5172465476658,6970,217,1,0
148.52086422794733,1487,502,0,0
148.52313715425802,190,229,0,0
148.53622820525987,712,7480,0,1
148.53947154784632,416,377,0,0
148.63035891470633,392,735,0,0
148.63523274544636,451,318,0,0
148.69836052171598,191,199,0,0
148.69971703467647,1025,16,0,0
148.70067051886318,155,613,0,0
148.70138441945755,1621,263,0,0
148.7023269193278,1419,536,0,0
148.74579238931253,1898,276,0,0
148.84892458184547,205,325,0,0
148.87314372025233,758,233,0,0
148.90108856441412,214,15,0,0
148.90127450967407,265,139,0,0
149.08116824273026,1030,205,0,0
149.08256093814379,931,95,0,0
149.34903770157143,4160,182,1,0
152.02032045757798,1861,858,0,0
152.0407952788986,486,395,0,0
152.1060923302574,2250,116,1,0
152.1709783680952,12,278,0,0
152.1721677550367,1674,707,0,0
152.17391062603423,503,218,0,0
152.17824321220678,1323,363,0,0
152.2029369022571,640,182,0,0
152.30537438049902,7781,411,1,0
152.3282737596799,262,226,0,0
152.50399943391506,780,88,0,0
152.51030631440545,5,251,0,0
152.51128004714664,10,157,0,0
152.53046571186385,324,110,0,0
152.5465763375582,1476,361,0,0
152.5475410441666,971,250,0,0
152.69855105938646,850,448,0,0
152.7010709276886,3540,258,1,0
152.70513785004917,1741,188,0,0
152.73380687855382,500,551,0,0
152.7357783033895,1374,217,0,0
152.80090484247003,1256,206,0,0
152.84138411382253,52,433,0,0
152.88785483560017,1353,329,0,0
152.90599469228695,1812,439,0,0
152.91284840505176,1644,287,0,0
152.91666559008516,1525,267,0,0
152.95122089981868,824,767,0,0
153.25937312720063,369,58,0,0
153.3528143339084,1189,2550,0,1
153.3926962512577,1344,320,0,0
153.5398445514519,469,1700,0,1
153.83079179805134,378,37,0,0
153.83221584199586,561,136,0,0
153.84963191478724,192,4830,0,1
154.0852604954847,1299,333,0,0
154.09028335916227,238,320,0,0
154.0976273043488,1217,15,0,0
154.1660937365983,1590,224,0,0
154.178380622495,1510,122,0,0
154.41162335637114,1744,289,0,0
154.4218888827927,456,181,0,0
154.48872606779398,1506,50,0,0
157.932093088062,1551,126,0,0
158.14109298626275,25,613,0,0
158.14230468785863,1382,110,0,1
158.14461492842113,1574,82,0,0
158.14709134198858,1004,413,0,0
158.16483291741898,1589,459,0,0
158.16593265373248,1377,50,0,0
158.22762398893508,1216,377,0,0
158.90417302165778,1478,774,0,0
159.39053853828077,521,274,0,0
159.39462177863714,1857,156,0,0
159.40555754746342,428,352,0,0
159.41599588500964,3270,189,1,0
159.419526915868,1055,412,0,0
160.04851554635476,206,314,0,0
160.05319060754653,1398,379,0,0
160.05512748871158,1071,184,0,0
160.09511342467556,539,447,0,0
160.13288979003195,1502,470,0,0
160.56809796331046,792,7400,0,1
161.01093944432327,1765,309,0,0
161.02388967761064,116,18,0,0
161.02414492918086,64,21,0,0
161.09920438277854,1886,710,0,0
161.19711079991404,55,395,0,0
161.93800815997952,2094,43,0,0
161.93874472816464,1369,176,0,0
161.94043601218206,1677,63,0,0
162.3871883429504,1752,394,0,0
162.90129064097778,1954,311,0,0
163.16300527946103,987,724,0,0
163.18036012175156,1710,335,0,0
163.43496704887158,259,202,0,0
163.44075004254975,648,239,0,0
163.44214675818628,1527,361,0,0
163.4578402782091,635,238,0,0
163.47976760969442,1278,27,0,0
163.57188609061464,1501,1500,0,1
163.73712233945173,643,129,0,0
163.73759600468392,648,159,0,0
163.76870659996334,322,388,0,0
163.81577806210248,189,277,0,0
163.8170752048973,389,68,0,0
163.827080875205,1615,1970,0,1
163.8463206482189,536,280,0,0
163.8889135993295,268,259,0,0
163.89184708524485,65,309,0,0
163.89681539522013,1129,527,0,0
163.89859121950448,13,1770,0,1
163.93254786422676,880,232,0,0
163.94109258813717,1074,1050,0,1
163.94614919102898,22,277,0,0
164.00853021513709,1440,769,0,0
164.0203950525062,714,162,0,0
164.0218387324334,1799,767,0,0
164.19274634387273,533,173,0,0
164.3153727954234,1923,277,0,0
164.35813673633152,1139,8,0,0
164.36014277383353,723,246,0,0
164.5211220387992,15,260,0,0
164.52614224485202,1491,428,0,0
164.52650752136861,468,310,0,1
164.53935436794325,1459,330,0,0
165.1992492408319,51,1860,0,1
165.20590686306113,34,33,0,0
165.26099154978388,33,349,0,0
165.53264936462878,1249,770,0,0
165.5569051969837,15,607,0,0
165.5656913618769,542,163,0,0
165.5827508047252,424,557,0,0
165.63704816916865,23,311,0,0
165.64293784067894,1301,432,0,0
165.6767107528267,922,776,0,0
165.7282705265096,13,318,0,0
165.73601989917464,101,182,0,0
165.807728801351,763,329,0,0
165.85974286339263,114,253,0,0
165.86835946325957,814,236,0,0
165.87981259132863,424,18,0,0
165.90073266291483,128,273,0,0
165.91306129221655,182,206,0,0
165.92398231389373,777,94,0,0
165.92608641404533,1845,323,0,0
165.94683699879621,669,127,0,0
166.02080972868873,56,445,0,0
166.0817946135717,766,366,0,0
166.08497088058022,536,9,0,0
166.13702837212847,1918,232,0,0
166.19450651052793,19,317,0,0
166.19711644967393,961,257,0,0
166.24527149482893,1589,754,0,0
166.2571208644907,873,537,0,0
166.26507403531895,28,351,0,0
166.291966138558,7900,111,1,0
166.30300506833095,1421,199,0,0
166.3031948025379,7761,431,1,0
166.32889961426218,114,646,0,0
166.330672739568,1213,286,0,0
166.34461820372164,1743,2080,0,1
166.41059661011275,1763,554,0,0
166.42106174390446,397,271,0,0
166.42787999775496,2185,202,0,0
166.44983058934102,3780,205,1,0
166.49489052178865,922,39,0,0
166.49800258277054,1665,547,0,0
166.50269148680687,1560,397,0,0
166.5478990327848,778,178,0,0
166.957322464767,583,6530,0,1
166.97388341795167,7879,313,1,0
167.06991231024145,275,311,0,0
167.07367286157205,36,770,0,0
167.0905090005901,1150,368,0,0
167.10957768673057,1048,246,0,0
167.11083281554522,1740,300,0,0
167.12668628901346,944,510,0,0
167.13797184341175,38,386,0,0
167.13807126820745,1875,2070,0,1
167.15164335472087,1485,247,0,0
167.18063973221615,357,146,0,0
167.20653923974547,642,296,0,0
167.23663255737225,853,173,0,0
167.23834639169016,1927,268,0,0
167.24195872089658,729,317,0,0
167.25259707702065,27,283,0,0
167.2553502471177,181,25,0,0
167.26143819951034,350,279,0,0
167.43769749569077,8010,182,1,0
167.4403511308652,1142,106,0,0
167.44814702910804,675,178,0,0
168.04139280100415,1685,97,0,0
168.05326399689932,17,524,0,0
168.05537996802474,506,236,0,0
168.0815137451483,1791,3310,0,1
168.10405744503808,1349,360,0,0
168.12494968635679,830,192,0,0
168.12553940685848,12,164,0,0
168.15382463744342,7826,366,1,0
168.18833097491157,282,372,0,0
169.17073976164008,528,52,0,0
169.23513836257334,297,194,0,0
169.24227599494313,15,184,0,0
169.27425141271658,1590,60,0,0
169.3396137113886,768,323,0,0
169.35269559064616,1323,78,0,0
169.36891352690597,42,33,0,0
169.63702984315142,1281,241,0,0
169.68447400960906,879,290,0,0
169.73499615649413,477,459,0,0
169.7377136425504,432,291,0,0
169.78118177111782,716,280,0,0
169.7816172798351,1799,722,0,0
169.99883664029855,1202,387,0,0
170.00651257625958,1580,680,0,0
170.07461959754372,698,73,0,0
170.38502094741864,183,54,0,0
170.38732177917623,1488,228,0,0
170.58415834392855,23,194,0,0
170.61553490721568,8026,166,1,0
170.8127965301206,69,247,0,0
170.82270491307307,607,119,0,0
170.8279105198023,368,350,0,0
171.09354093541108,749,59,0,0
171.14098010996454,750,162,0,0
171.16383800481253,691,337,0,0
171.1659946005481,1081,539,0,0
171.449289766317,94,180,0,0
171.46006157216246,433,228,0,0
171.47358283706288,1039,1060,0,1
171.4788984345241,6,432,0,0
171.50019927920243,1237,309,0,0
171.5674546826983,148,347,0,0
171.5858396855472,850,300,0,0
171.6032481008031,863,17,0,0
171.61019242108358,601,143,0,0
172.00063503577215,1362,121,0,0
172.5056760300966,847,63,0,0
172.51716216052804,449,151,0,0
172.52075132341858,1761,314,0,0
172.55488669028622,97,67,0,0
172.55572128956715,917,271,0,0
172.58853687538644,766,520,0,0
172.62290412290395,1596,103,0,0
172.65063338567634,1573,51,0,0
173.11408397906055,375,324,0,0
173.86020465385232,27,550,0,0
173.90878728552397,1718,456,0,0
173.9186969835423,6680,480,1,1
174.07143368261083,1453,24,0,0
174.26146694536405,824,361,0,0
174.26337095796868,962,58,0,0
174.26813607469495,359,296,0,0
174.2801712332221,7,291,0,0
174.28092952040723,1492,287,0,0
174.2831625231125,383,161,0,0
174.78449061641712,7600,135,1,0
174.7861627340983,329,221,0,0
174.89162521630033,1812,102,0,0
174.89572387645015,2039,238,0,0
175.03706009159976,132,126,0,0
175.07486870165252,870,160,0,0
175.1926269884643,983,98,0,0
175.19393300766427,1496,35,0,0
175.2294251664319,8065,127,1,0
175.23598816030227,242,156,0,0
175.32645709019135,1741,116,0,0
175.40848015549878,1795,61,0,0
175.43657751703836,1177,74,0,0
175.45220338990924,876,429,0,0
175.47180316075335,1857,173,0,0
175.5046302812691,522,331,0,0
175.5119778578151,616,176,0,0
175.5204471795149,1514,543,0,0
175.52608234535876,248,188,0,0
175.52859763888145,439,160,0,0
175.68356623796726,1684,162,0,0
175.6850515634834,910,4,0,0
175.94116630607363,913,205,0,0
176.02122780217096,353,76,0,0
176.0219185952581,731,173,0,0
176.0224605203903,898,99,0,0
176.04323537494088,843,4540,0,1
176.0456732284215,466,160,0,0
176.07169210752377,237,211,0,0
176.19963100008104,752,71,0,0
176.23955761612365,4,116,0,0
176.25250303286015,362,345,0,0
176.26632861023646,949,206,0,0
176.62395268832805,1217,148,0,0
176.63372411848667,848,3210,0,1
177.23837346485794,24,446,0,0
178.35072072386976,858,418,0,0
178.36059042975262,108,27,0,0
178.3970709994365,330,39,0,0
178.9938153471358,16,194,0,0
178.99907804467813,146,77,0,0
179.04752562528017,274,34,0,0
179.2130864238071,1003,222,0,0
179.21582681480763,19,208,0,0
179.25970260996934,1517,555,0,0
179.28716855629688,24,3030,0,1
179.29475188376588,1682,242,0,0
179.73894045218577,457,561,0,0
179.75539552093406,608,377,0,0
181.66159578783083,319,28,0,0
181.74995118482104,950,415,0,0
181.75539502992237,381,481,0,0
181.79195058096488,62,229,0,0
181.7967966988203,423,287,0,0
181.90583280593086,1853,93,0,0
181.98576452211736,98,50,0,0
181.98788451783605,1407,667,0,0
181.99759685592485,197,245,0,0
182.05311021282236,230,376,0,0
182.07770623098673,337,288,0,0
182.08091463173062,1651,345,0,0
182.26641066964,788,141,0,0
182.58238619659895,690,246,0,0
182.58356766090793,675,77,0,0
182.9722058847469,1342,446,0,0
182.97259706919516,565,544,0,0
182.9888347381278,624,472,0,0
182.99455794618052,816,193,0,0
183.0016502683121,628,238,0,0
183.0314612726677,1787,734,0,0
183.0335840074556,676,2770,0,1
183.05053221376377,179,124,0,0
183.61069670751291,80,522,0,0
183.66104797008632,262,226,0,0
184.0426767456317,1064,377,0,0
184.15510271939007,291,220,0,0
184.15595999790665,546,4780,0,1
184.82564326683044,85,201,0,0
184.93576441563994,601,81,0,0
185.01071977263467,195,335,0,0
185.0206170877193,1105,1980,0,1
185.0280629096177,130,1080,1,1
185.03071610485324,1037,207,0,0
185.0461153744305,468,425,0,0
185.0720137174016,237,231,0,0
185.08725266338885,879,27,0,0
185.10260500020283,11,120,0,1
185.10306528218186,588,12,0,0
185.10777370655495,612,260,0,0
185.11215433244436,1183,241,0,0
185.14891890754197,11,206,0,0
185.1573570275927,96,280,0,0
185.1657837104636,1655,87,0,0
185.18993367932532,1661,453,0,0
185.1979474132285,657,210,0,0
185.2095539180176,1419,692,0,0
185.38086319720284,1455,418,0,0
185.3954820033166,1684,211,0,0
185.39889955305878,70,441,0,0
185.46325836037232,1085,289,0,0
185.55889357739804,126,436,0,0
185.62696450601416,1418,748,0,0
185.6284923762534,592,9,0,0
185.75424531691095,828,208,0,0
185.77614641880828,577,388,0,0
185.80202588199637,825,101,0,0
185.82583433913095,20,309,0,0
185.8750684633332,8,230,0,0
185.92724391820482,776,269,0,0
186.28259550722836,468,418,0,0
186.3153275315697,630,247,0,0
186.33255897776937,655,550,0,0
186.40375217817513,883,194,0,0
186.42036611104479,46,298,0,0
186.59086309640256,145,45,0,0
186.61857983803657,1686,716,0,0
186.70557120799086,425,129,0,0
186.713125041535,1509,273,0,0
186.85405331239357,1403,255,0,0
186.9232337636738,33,331,0,0
186.92721968725658,8078,114,1,0
186.93715587970766,542,156,0,0
186.96146612724772,1485,41,0,0
186.96306283566327,591,248,0,0
186.96555953339507,1971,327,0,0
187.0181641558252,697,416,0,0
187.07248843494682,272,70,0,0
187.34839245839277,1032,111,0,0
187.35008565390103,1330,334,0,0
187.36009720018404,7986,206,1,0
187.36049820945814,511,2140,0,1
187.95886701879377,348,705,0,0
187.96043159642792,1886,4850,0,1
187.97295832393957,281,347,0,0
188.810602533815,466,134,0,0
189.1288934910453,17,259,0,0
189.13264855036726,1864,49,0,0
190.7046984244227,1403,148,0,0
190.75235382240197,1520,254,0,0
190.7550640389972,540,97,0,0
190.7878897433525,397,49,0,0
190.85585300819758,7784,408,1,0
190.92218743237186,1894,128,0,0
190.9225075695425,39,150,0,0
191.60586179838862,173,169,0,0
191.60673181245065,624,776,0,0
191.6195035167336,1798,278,0,0
191.92884890869067,1734,553,0,0
191.9701592217178,1720,389,0,0
191.98813357937806,17,106,0,0
191.99408641009816,448,282,0,0
192.05285346272285,386,3080,0,1
192.33199846779274,4080,360,1,0
192.33864818996085,1576,486,0,0
192.38254693309545,1087,105,0,0
192.39195295581183,406,423,0,0
192.40057105560967,10,684,0,0
192.40092094839113,911,159,0,0
192.433075944141,1673,1213,0,0
192.55370653522118,704,244,0,0
192.56845966339046,60,623,0,0
192.71926251269005,969,176,0,0
192.7473206743882,1382,68,0,0
192.96304728251008,1564,38,0,0
192.99011458959933,1729,403,0,0
193.0001764361726,107,172,0,0
193.00801122386457,215,116,0,0
193.03259418662023,1132,271,0,0
193.06884745293786,741,107,0,0
193.07339428995544,1287,375,0,0
193.0888607461407,24,567,0,0
193.09043391394601,251,455,0,0
193.0919824789168,1274,375,0,0
193.16435992043398,768,61,0,0
193.20646695559398,17,362,0,0
193.32203680778167,1163,347,0,0
193.34953554950584,348,401,0,0
193.38333729149923,529,86,0,0
194.10907843718053,741,771,0,0
194.11325498562704,7100,240,1,0
194.14980855851434,1129,527,0,0
194.5854628530922,162,265,0,0
195.64093060958174,1086,234,0,0
195.7030131293828,851,201,0,0
195.71993780965028,345,277,0,0
195.7226798692718,236,160,0,0
195.73803462158114,548,280,0,0
195.76578275420533,368,151,0,0
195.78716882562546,1720,5000,0,1
195.84164771364138,2520,25,0,0
195.90298950322563,46,252,0,0
195.91129484955817,989,70,0,0
195.91497596521432,1790,231,0,0
195.9266419774933,39,74,0,0
195.9736770756743,496,112,0,0
196.44249336736797,541,229,0,0
196.44337672649687,393,408,0,0
196.60139962546612,838,340,0,0
196.6130496063645,257,206,0,0
196.77809358968926,1480,98,0,0
197.52404829746993,305,363,0,0
197.57628364125748,386,105,0,0
197.57851507989432,1739,299,0,0
197.58744483281512,293,70,0,0
197.62721693668936,1139,588,0,0
197.6377351128134,7864,328,1,0
197.65505461279133,194,48,0,0
197.65952413850738,947,349,0,0
197.67238574289803,102,103,0,0
197.67832938264735,494,319,0,0
197.77977179081554,1521,177,0,0
197.81497751838242,110,100,1,0
197.89560948832175,636,228,0,0
197.8964696333225,333,179,0,0
197.9047054479995,427,368,0,0
197.90941234427808,388,8,0,0
197.9179517363115,915,78,0,0
197.92159128041573,324,78,0,0
197.9264677240636,976,272,0,0
198.32281592023796,1089,715,0,0
198.33442395638653,785,286,0,0
198.33618354071453,1169,331,0,0
198.3472214460296,296,303,0,0
199.7764003041422,696,404,0,0
199.85125911840527,992,76,0,0
199.85454143684834,1122,152,0,0
199.8665357524305,879,84,0,0
199.88336333213445,1565,105,0,0
199.903995962221,1595,286,0,0
199.9045558909064,10,63,0,0
199.90770572552844,1354,766,0,0
199.92160683129737,350,92,0,0
199.92232026237244,45,43,0,0
199.9358078636,237,89,0,0
199.95772129103287,574,421,0,0
200.04167548293208,6040,179,1,0
200.1868381561334,497,132,0,0
200.20024571238693,1515,245,0,0
200.22962930455986,5540,579,1,0
200.2992531475529,199,30,0,0
200.43152619747917,54,106,0,0
200.4535584729293,542,119,0,0
200.45811446933195,307,191,0,0
200.51738545038205,353,768,0,0
200.61482098739972,987,330,0,0
200.64019833304968,998,187,0,0
200.69739879511656,65,96,0,0
201.09820896933823,482,76,0,0
201.10555643425073,15,452,0,0
201.11059485830773,2690,164,1,0
201.11302119546585,2029,202,0,0
201.15056490373036,316,99,0,0
201.26824714947634,1603,104,0,0
201.27560000100144,1542,310,0,0
201.88826834602511,1654,79,0,0
201.89465630992464,1941,292,0,0
201.9271720675564,39,171,0,0
201.9428055983076,352,2840,0,1
202.21640512294766,1190,183,0,0
202.22227122723675,290,84,0,0
202.6761576096872,467,585,0,0
202.6901817766028,854,392,0,0
202.691697974803,1929,291,0,0
202.69830462173533,10,14,0,0
202.71271572769453,1875,627,0,0
203.19662306181948,1382,29,0,0
203.2044735745664,12,311,0,0
203.22370064389108,411,780,0,1
204.25104027373314,1322,202,0,0
204.2773599994373,390,256,0,0
204.28321786547656,455,296,0,0
204.287954739991,276,53,0,0
204.28894076892772,1954,368,0,0
204.32693599659348,1873,141,0,0
204.52093391391574,1663,646,0,0
204.53050167654143,462,7730,0,1
204.53304194518736,1081,260,0,0
204.5650800685138,1555,233,0,0
204.5842162594028,881,170,0,0
204.59858261238904,824,306,0,0
204.64257705842292,490,412,0,0
204.66231065534276,949,303,0,0
204.67150992551325,519,199,0,0
204.79576221567675,155,154,0,0
204.7962920742823,924,104,0,0
204.79839780535278,6550,256,1,0
204.8090441463406,589,82,0,0
204.8104016264181,1132,413,0,0
205.13051121040084,919,505,0,0
205.13078265584275,827,351,0,0
205.19894109112082,1650,90,0,0
205.25137321657618,16,80,0,0
205.2853014464991,208,8,0,0
205.32505057351892,123,136,0,0
205.33096043610806,863,224,0,0
205.33538373203362,939,17,0,0
205.5992987823072,779,710,0,0
205.61248364122304,1300,277,0,0
205.6135419695571,488,297,0,0
205.61517469702852,609,287,0,0
205.6160868763799,228,183,0,0
205.64512425201823,253,213,0,0
205.80047477908974,722,261,0,0
205.81002557601664,46,266,0,0
205.83286579800907,407,28,0,0
205.83948882086494,299,277,0,0
205.93575646491044,700,219,0,0
206.03073308605047,464,362,0,0
206.1357483607156,1552,444,0,0
206.69888523085723,935,133,0,0
206.70060088942557,1002,224,0,0
206.7854002849963,271,540,0,1
206.78634169669877,7912,280,1,0
206.86033969860785,358,211,0,0
206.9495075107814,1756,533,0,0
207.02524739804645,1460,445,0,0
207.11407123135243,1312,201,0,0
207.12908106562435,476,266,0,0
207.13486077738705,734,332,0,0
207.2194346193861,1025,392,0,0
207.22537491694126,931,286,0,0
207.3019733667891,1625,274,0,0
207.305904683711,702,4670,0,1
207.34386612085154,977,319,0,0
207.3784717640921,947,158,0,0
207.38253808945964,7964,228,1,0
207.39344478534449,1656,83,0,0
207.50860756111794,232,177,0,0
207.53002701631223,1730,208,1,0
207.58448541932762,1638,502,0,0
207.59160779666556,327,142,0,0
207.61676338220647,792,510,0,0
207.61799986098816,595,277,0,0
207.62266730021918,261,221,0,0
207.84097319682104,272,308,0,0
207.89830349504453,1276,121,0,0
207.9191587795558,911,331,0,0
207.9455688892936,541,313,0,0
207.94714311649054,1655,593,0,0
207.99195503276866,1490,1460,0,1
207.99392103365838,139,400,0,0
207.9989365892421,15,142,0,0
208.0736809661863,246,102,0,0
208.07857240428228,1554,310,0,0
208.08601291880478,15,507,0,0
208.10262659104043,46,3460,0,1
208.12620381480147,938,236,0,0
208.3737290142025,7210,471,1,0
208.37448472154196,399,403,0,0
208.3833068969211,1813,234,0,0
208.44149894751905,777,360,0,0
208.44898617867986,814,302,0,0
208.45790303980655,511,578,0,0
208.46190866080806,1045,221,0,0
208.4723097396681,1663,760,0,0
208.5359345853088,115,370,0,0
208.73211989011259,762,127,0,0
208.76813783419942,809,27,0,0
209.02056685822788,376,317,0,0
209.04303125564059,2000,54,1,0
209.04383134613647,13,343,0,0
209.12124262401335,682,1086,0,0
209.12164714542678,10,196,0,0
209.13816238661147,436,204,0,0
209.15656150880875,144,767,0,0
209.15870577602496,1075,321,0,0
209.17116870013726,1470,131,0,0
209.1777184838491,6,361,0,0
209.20170121778216,1044,595,0,0
209.21205642874858,397,182,0,0
209.27032874334589,7666,526,1,0
209.2792902099875,810,163,0,0
209.33739863199008,1684,441,0,0
209.35576506019743,705,763,0,0
209.38498325792452,734,124,0,0
209.40804448986103,1799,444,0,0
209.41552682829825,709,500,0,0
209.56760828644028,490,778,0,0
209.62308654178995,459,193,0,0
209.62333966368166,14,194,0,0
209.62517463887104,30,39,0,0
210.08452484028263,659,13,0,0
210.0954400898498,1308,319,0,0
213.80733737295384,721,559,0,0
213.84917612193428,22,395,0,0
213.89260520658223,703,210,0,0
213.90030440342534,880,38,1,0
213.91246617610062,351,360,0,0
213.9373895625746,44,203,0,0
214.04015386333174,664,329,0,0
214.06224611466652,1532,289,0,0
214.07914329639183,720,329,0,0
214.0819868991404,263,377,0,0
214.08950510577847,1371,337,0,0
214.09758222101055,8,8,0,0
214.1115382004677,422,234,0,0
214.11597563551098,1119,310,0,0
214.11821213775454,291,312,0,0
214.1278699882461,305,317,0,0
214.12803604238715,178,570,0,0
214.1290202330885,529,171,0,0
214.13254655153142,407,490,0,0
214.16671884819263,583,118,0,0
214.17105160870642,622,404,0,0
214.17308310241117,20,245,0,0
214.22865008195964,705,226,0,0
214.24067501954136,1442,185,0,0
214.4372025161461,1535,162,0,0
214.44724169673935,454,1960,0,1
214.4511738721163,7,184,0,0
214.45852913463892,696,97,0,0
214.86762952150735,1471,178,0,0
215.12994976534807,1081,189,0,0
215.14935449361894,236,9,0,0
215.25098769388873,1734,450,0,0
215.25204100601763,1870,374,0,0
215.40275560441222,1428,160,0,0
215.42979356902242,6180,279,1,0
215.44183059687484,1380,767,0,0
215.4565757052816,1244,63,0,0
215.47906576332062,573,532,0,0
215.4850215402194,1678,346,0,0
215.49174485031486,510,308,0,0
215.49313727739607,541,72,0,0
215.74505702733777,1384,273,0,0
215.74752588511376,11,501,0,0
215.7571837641089,514,279,0,0
215.84508506507714,1838,126,0,0
215.96926917194884,750,279,0,0
216.15131118529908,1591,123,0,0
216.15533919188763,1566,169,0,0
216.16054866144623,540,341,0,0
216.17092563608455,6290,231,1,0
216.17128756805752,1474,324,0,0
216.23070845948877,439,595,0,0
216.23123544498907,16,58,0,0
216.2399434642053,27,42,0,0
216.30023291235648,337,171,0,0
216.3531092323951,688,341,0,0
216.35784420614985,1430,39,0,0
216.41763088784933,219,132,0,0
216.49882126018812,1341,1940,0,1
216.4992712168434,714,347,0,0
216.5057824204965,617,578,0,0
216.54243635311306,1329,314,0,0
216.5664392261096,1204,199,0,0
216.57356109690207,1589,413,0,0
216.5822142949755,263,28,0,0
217.39723122102168,1696,660,0,0
217.4025957526386,1138,178,0,0
217.48064149414805,1208,501,0,0
217.48178742972635,1634,767,0,0
217.51087261885903,22,176,0,0
217.58745031140634,1063,86,0,0
217.59250494570608,1000,321,0,0
217.59600380892945,1845,126,0,0
217.9681856473878,119,74,0,0
217.97628690118236,369,196,0,0
218.05830280300506,352,219,0,0
218.05911155400585,14,265,0,0
218.36533360048819,1524,118,0,0
218.36564001588405,477,260,0,0
218.36794121228974,226,193,0,0
218.37227930537102,981,546,0,0
218.38445215091693,1436,336,0,0
218.4043664600403,215,52,0,0
218.6900307010131,169,246,0,0
219.41538763227405,939,181,0,0
219.91783375134133,1225,239,0,0
219.9881180459495,1209,55,0,0
220.01055378547662,29,287,0,0
220.01086470291824,1036,295,0,0
220.02394939760538,692,499,0,0
220.02913071540854,498,258,0,0
220.0796717520925,1943,382,0,0
220.08200674852708,542,301,0,0
220.08527056267909,1340,403,0,0
220.0891497233404,788,413,0,0
220.14239010335908,546,299,0,0
220.1642049146482,8,110,0,0
220.16650602805652,401,325,0,0
220.1671189976004,566,333,0,0
220.17254310442124,1249,274,0,0
220.17730113134178,7690,502,1,0
220.1829375845928,1446,413,0,0
220.20143078332998,1271,247,0,0
220.26391519276703,143,39,0,0
220.3335896657524,534,364,0,0
220.3380795344887,1020,616,0,0
220.3418744998539,47,305,0,0
220.62064767756144,628,209,0,0
220.63093269996062,1540,543,0,0
220.6943190988212,749,265,0,0
220.717810457443,746,23,0,0
220.75177122629512,1362,617,0,0
221.0890747143802,3780,4040,1,1
221.09983897651767,1184,348,0,0
221.23561344658194,797,417,0,0
221.28222357019993,1819,416,0,0
221.2952714246224,710,231,0,0
221.30246663842897,575,252,0,0
221.30888976787952,561,251,0,0
221.46375654971595,944,324,0,0
221.57810144374395,592,127,0,0
221.58166189908047,19,110,0,0
221.61936148635488,8005,187,1,0
221.61993699305918,690,389,0,0
221.63970049488614,1827,251,0,0
222.50059871168628,1034,418,0,0
222.50247126226472,690,205,0,0
222.53419451667736,732,326,0,0
222.5397735043572,1131,251,0,0
222.56086640451952,1347,129,0,0
222.5632789323505,2845,770,0,0
222.5888204176195,8045,147,1,0
222.5890369361734,1534,318,0,0
222.59995978999797,1489,224,0,0
222.60969650592634,5660,250,1,0
222.62452229992766,1218,292,0,0
223.433628961754,661,461,0,0
223.4355794406997,18,213,0,0
223.44029606831018,1106,84,0,0
223.44160186353812,778,145,0,0
223.4862166130596,323,541,0,0
223.50388970116268,40,293,0,0
223.50572915124306,985,182,0,0
223.605925129606,1289,297,0,0
223.63451620523674,1369,253,0,0
223.89063320394862,1294,260,0,0
223.96211279322904,413,220,0,0
223.98187147898295,10,309,0,0
223.985669231109,1295,174,0,0
223.98594818173183,1781,196,0,0
223.99124873632394,835,398,0,0
224.13293838283295,251,306,0,0
224.14339096734693,1603,305,0,0
224.1466605962765,363,599,0,0
224.17258992576282,754,760,0,0
224.23826754289672,1731,336,0,0
227.4739717614076,1700,268,0,0
227.47642400442686,458,338,0,0
227.4846589607208,487,505,0,0
227.48648670146866,655,302,0,0
227.49044087484847,1288,656,0,0
227.58062420138137,596,4390,0,1
227.59342206947457,14,28,0,0
227.59438954659757,18,52,0,0
227.79422649421113,1067,238,0,0
228.2509658201513,29,30,0,0
228.3216834498076,445,418,0,0
228.32400955628174,517,23,0,0
228.32601830278088,8132,60,1,1
228.5062547426437,748,139,0,0
228.50847117907452,236,620,0,1
228.5136804566681,216,195,0,0
228.51462238267393,288,224,0,0
229.10592656775853,1274,100,0,0
229.1101441118741,1604,292,0,0
229.12110099119144,913,135,0,0
229.12471925488137,1436,249,0,0
229.12882071535353,10,153,0,0
229.1304256886821,34,365,0,0
229.25448566827953,1067,291,0,0
229.25849485307214,1336,267,0,0
229.49853422349344,1664,129,0,0
229.49979112445607,802,780,0,0
229.53634499764965,414,369,0,0
229.62896279015132,45,12,0,0
229.63054561256592,44,516,0,0
229.65354360993234,484,134,0,0
229.65835497172029,639,8,0,0
229.6600838217542,44,418,0,0
229.6663697420593,3543,78,0,0
229.66675487866695,506,767,0,0
229.6747303216628,1308,260,0,0
229.67545023325525,1313,183,0,0
229.72494421712784,1372,383,0,0
229.98335237214627,1346,383,0,0
230.18996844091583,1262,585,0,0
230.1933604665382,1437,44,0,0
230.20405729900514,603,189,0,0
230.83077559538862,961,160,0,0
230.99404209284964,568,154,0,0
231.0413656309495,11,367,0,0
231.04159679923438,1314,50,0,0
231.04897688924225,1602,322,0,0
232.06471413125684,357,92,0,0
232.09955256845737,339,547,0,0
232.10556314564195,959,340,0,0
232.12232635872337,1465,1570,0,1
233.60266702516188,610,325,0,0
233.77647183630492,1553,132,0,0
233.7776659278264,13,135,0,0
233.7792489865682,590,300,0,0
233.79478005978595,1593,166,0,0
233.97204016945895,929,179,0,0
233.97533346397384,524,247,0,0
233.98006044483003,1769,175,0,0
233.9801596010106,872,623,0,0
233.98436193937704,36,108,0,0
234.0294208498326,1495,29,0,0
234.07459929013683,705,43,0,0
234.07539008548443,832,204,0,0
234.13910015889323,200,144,0,0
234.14175750420932,330,127,0,0
234.142586434966,968,14,0,0
234.17730195621024,8,46,0,0
234.177829955892,1210,61,0,0
234.18287515754812,627,99,0,0
234.18513244060026,881,327,0,0
234.19430596473714,1614,900,0,1
234.2129182535363,1109,28,0,0
234.2179662124947,6,749,0,0
234.22028180873596,23,388,0,0
234.22463965503593,521,492,0,0
234.2247488005839,6,304,0,0
234.23412122918538,236,92,0,0
234.9150167516958,1108,765,0,0
234.9401265266324,736,722,0,0
235.06345526212135,1612,218,0,0
235.07690499271277,16,273,0,0
235.09088132393566,700,81,0,0
235.1240618028774,1715,214,0,0
235.17613433222044,1211,36,0,0
235.22532225971034,1257,416,0,0
235.22807153766018,1598,99,0,0
235.2429568074849,1506,274,0,0
235.2437212860676,1013,383,0,0
235.3541947010703,957,372,0,0
235.36777557885995,1628,65,0,0
235.37608746678833,1465,27,0,0
235.3772927707764,437,556,0,0
235.41392765569273,1772,13,0,0
235.51836727032006,1615,263,0,0
235.55831807678427,1112,1890,0,1
235.68779318833035,1375,369,0,0
235.69104806524737,641,4740,0,1
235.78313711032285,747,281,0,0
235.79818632957767,13,199,0,0
235.79826537904574,734,99,0,0
235.8245863447298,3660,479,1,0
235.82673260174795,446,238,0,0
235.83825408919014,198,121,0,0
235.84245954373375,1069,304,0,0
235.84523873740596,364,7720,0,1
235.97137728924895,1723,170,0,0
235.97674851270412,298,330,0,0
235.99958536964752,1443,331,0,0
236.06360859091652,984,155,0,0
236.07129489597375,1182,220,0,0
236.07272359881475,571,121,0,0
236.09172307810664,506,588,0,0
236.10571331602213,107,92,0,0
236.10858636380667,913,462,0,0
236.1301513862492,1378,262,0,0
236.34576639563647,1011,91,0,0
236.46467423667738,358,271,0,0
236.84531984527348,370,400,0,0
237.12315783527228,289,93,0,0
237.15005255064722,1613,354,0,0
237.16898806859476,131,81,0,0
237.17114012578688,1025,141,0,0
237.3634868835888,1558,342,0,0
237.36952915047075,617,27,0,0
237.42767485433205,381,174,0,0
237.92704415334325,181,321,0,0
237.95087616357347,26,302,0,0
237.95186829692042,778,190,0,0
237.9542737754798,60,188,0,0
237.96358427358578,689,510,0,0
238.22416822446357,2530,315,1,0
238.23391597916898,16,237,0,0
238.24800860036132,502,425,0,0
238.2502030534161,401,376,0,0
238.28676829377343,1444,58,0,0
238.30910216804716,879,431,0,0
238.39879720264128,309,157,0,0
238.4015822644425,641,600,0,0
238.46176034194352,10,90,0,0
238.46284155538737,902,107,0,0
238.46751661721365,206,104,0,0
238.4734203924479,271,368,0,0
238.48511919262026,5752,2440,1,1
238.52323508621356,81,60,0,0
238.52340456029273,1980,279,0,0
238.5378354791786,308,215,0,0
238.54558873159223,9,159,0,0
238.54679685634062,1068,275,0,0
238.55595918348817,466,110,0,0
238.5969052070664,822,136,0,0
238.60376204963936,166,34,0,0
238.6101571102908,1127,558,0,0
238.67554336001163,231,432,0,0
238.67935877201327,510,776,0,0
238.81756092489363,3230,354,1,0
238.8544155561241,885,328,0,0
238.89502849539318,1737,98,0,0
238.95155941365368,1736,10,0,0
239.16092994203808,114,86,0,0
239.16520102801712,1750,21,0,0
239.338109159641,784,792,0,0
239.34119584839988,1500,492,0,0
239.37849131554967,1677,493,0,0
239.4381689460899,17,561,0,0
239.46238498947,737,374,0,0
239.46437793983574,1127,258,0,0
239.46600118070407,828,31,0,0
239.46802612130273,909,408,0,0
239.48459822811813,7491,701,1,0
239.51025409612802,2910,56,1,0
239.56544528389566,1679,96,0,0
239.56632975520344,357,51,0,0
239.6005296608764,24,132,0,0
239.73943687671212,355,679,0,0
239.7648687997144,1636,475,0,0
239.78292022785365,440,251,0,0
239.87616532988827,471,200,0,0
240.30379357495448,1437,457,0,0
240.65890419161107,775,261,0,0
241.05203211779852,311,232,0,0
241.0535666771189,346,215,0,0
241.3890331830334,237,242,0,0
241.39947280619583,413,231,0,0
241.50305386594994,1416,212,0,0
241.50900227503777,1211,237,0,0
241.54983185880627,396,159,0,0
241.5561385894732,1023,254,0,0
241.56729505894617,1242,216,0,0
242.4648069932433,409,430,0,0
242.4666568129981,26,168,0,0
242.60486575169475,1121,513,0,0
242.6275045313549,507,266,0,0
242.62973187701584,613,181,0,0
242.89876534298554,790,433,0,0
242.92016607122306,312,35,0,0
242.92684918425198,1378,502,0,0
242.96601501589876,1936,294,0,0
242.97015074613114,266,768,0,0
243.52120406582864,207,206,0,0
243.52227554370003,400,385,0,0
243.5296554730578,7380,72,1,0
243.53004106934497,89,434,0,0
243.56326232230913,553,96,0,0
243.6665085799246,8076,116,1,0
243.79447599913496,4,143,0,0
244.2327831942845,41,285,0,0
244.25310522022656,926,231,0,0
244.2615348867314,722,254,0,0
244.39096519414585,1797,170,0,0
244.39733950219582,1540,213,0,0
244.43848832855952,1675,767,0,0
244.44682863466537,1053,228,0,0
244.45187568228414,650,52,0,0
244.47107374687812,98,408,0,0
244.66697741241973,1871,242,0,0
244.7967857464622,39,48,0,0
244.8252591759405,45,120,0,0
244.8253801304245,1411,352,0,0
244.84769555322154,783,243,0,0
244.89448864323393,1463,168,0,0
244.95942365601843,1043,251,0,0
244.96478965829704,173,43,0,0
245.12818514807435,1616,576,0,0
245.1711049584625,22,1350,0,1
245.17162505742195,267,204,0,0
245.27041973539926,1008,724,0,0
245.84515846733237,543,386,0,0
245.88338475051918,1335,362,0,0
245.8881146041942,249,79,0,0
246.71795543960084,31,769,0,0
246.8846013470229,1033,271,0,0
246.88520499180433,1250,446,0,0
247.0690772132235,1053,54,0,0
247.11950780840903,731,298,0,0
247.15916685762113,1955,307,0,0
247.1598463911569,134,69,0,0
247.1606400492311,1285,495,0,0
247.1917290557402,27,205,0,0
248.18528432013704,42,1440,0,1
248.21586854427335,979,13,0,0
248.24180529267775,7,100,0,0
248.2481143247304,841,758,0,0
248.25780939044972,256,129,0,0
248.42083100235675,67,399,0,0
248.4253127338435,693,429,0,0
249.28384510567057,1077,294,0,0
249.33620660543713,555,231,0,0
249.37360289284877,1246,274,0,0
249.38885740526956,56,459,0,0
249.3934493174859,314,614,0,0
249.40496976719413,754,199,0,0
249.40600588502667,1709,132,0,0
249.4269547357537,1547,400,0,1
249.42736462108448,295,102,0,0
250.83310002346178,6440,256,1,0
250.84827825268334,885,767,0,0
250.84908393607319,596,262,0,0
250.8766132365621,1216,377,0,0
250.89715036966655,1458,403,0,0
250.90248317267748,109,221,0,0
250.92883400149967,6,121,0,0
250.93200200563956,1177,171,0,0
250.9440009046007,1383,455,0,0
250.95478061702164,1050,143,0,0
250.99560232185652,1099,211,0,0
251.00072332060324,2012,156,0,0
251.02795810244808,726,525,0,0
251.02801437311703,1962,308,0,0
251.1593949925054,1812,419,0,0
251.18173722518023,665,572,0,0
251.2282313389359,227,403,0,0
251.2378982492372,19,185,0,0
251.32966498207992,12,417,0,0
251.34446386260262,223,469,0,0
251.3687122500373,20,295,0,0
251.38772536935988,604,574,0,0
251.39332833524983,1348,3930,0,1
251.396022766233,573,159,0,0
251.44407148590284,1336,228,0,0
251.50275095107153,824,33,0,0
251.51797602955122,409,328,0,0
251.72363337011393,177,31,0,0
251.74603873295914,1417,315,0,0
251.79190462633258,477,260,0,0
251.94683575857331,301,48,0,0
252.01932186862996,301,275,0,0
252.03154521084974,277,170,0,0
252.03356226121488,1704,190,0,0
252.03742899667927,1785,439,0,0
252.03960889157202,1282,265,0,0
252.12501630629095,292,287,0,0
252.12503105440726,170,566,0,0
253.09197559551836,1121,341,0,0
253.09499050608946,1255,700,0,0
253.24710196939822,1505,320,0,0
253.2796861283858,849,500,0,1
253.33190297262055,1830,615,0,0
253.3332508432726,897,285,0,0
253.47441085804817,1878,176,0,0
253.48937222181726,782,499,0,0
253.55216883494464,843,283,0,0
253.55497566446053,24,210,0,0
253.5719698437913,549,20,0,0
253.57644268636864,1170,377,0,0
253.61061773881585,1233,419,0,0
253.6822825615232,529,162,0,0
253.6940083805372,1224,139,0,0
253.7383375371488,331,457,0,0
253.78936333860563,653,211,0,0
253.8055742394092,840,85,0,0
253.8162597294515,471,81,0,0
253.81665218959836,743,394,0,0
253.96769376399337,1420,320,0,0
253.99350350507882,541,268,0,0
254.00472572905545,1759,188,0,0
254.03269003561016,1192,12,0,0
254.0392147855256,1034,637,0,0
254.04912072401908,18,245,0,0
254.09860833129997,254,269,0,0
254.09952182760227,560,361,0,0
254.109533472585,1977,332,0,0
254.13945138626525,839,244,0,0
254.14027898037259,896,110,0,0
254.14242883557884,1820,618,0,0
254.36762753234981,6780,260,1,0
255.81739056454376,237,197,0,0
255.85192029121296,294,541,0,0
255.92397051971307,960,426,1,0
255.92744600696588,1129,163,0,0
256.2092213995648,828,3660,0,1
256.2266534071712,792,30,0,0
256.2501496903322,29,548,0,0
256.29395552360467,935,246,0,0
256.30029417407275,248,170,0,0
256.3051818791144,570,161,0,0
256.32373335771183,1821,192,0,0
256.3261224262915,42,111,0,0
256.3322480245038,529,479,0,0
256.33236324917715,1004,182,0,0
256.33496452357,636,3490,0,1
256.3829322674154,233,222,0,0
256.5546933928079,29,257,0,0
256.61829875114273,11,588,0,0
256.62191515669036,1122,270,0,0
256.64401730378995,1404,28,0,0
256.6469042373422,1202,138,0,0
256.64917456625517,963,390,0,0
256.7823669766133,824,514,0,0
256.7913266846729,15,403,0,0
256.80117683666526,1594,175,0,0
256.8285174614348,1521,183,0,0
256.94825120802017,1587,180,0,0
256.97263330459526,67,294,0,0
256.98451004294105,535,252,0,0
257.0222210319026,76,695,0,0
257.03890881780245,423,75,0,0
257.0495994608891,1975,413,0,0
257.0498507323402,908,175,0,0
257.05342098185156,999,157,0,0
257.069159471224,1290,306,0,0
257.07188780936644,1269,313,0,0
257.88637440800017,399,231,0,0
259.8626729973831,633,206,0,0
260.4904261368922,674,280,0,0
260.4941199525902,28,668,0,0
260.552603504109,1396,59,0,0
260.6035479062753,1330,204,0,0
260.648743826546,975,174,0,0
260.64972430937684,839,773,0,0
260.7930772993847,9,11,0,0
261.4532544808337,691,316,0,0
261.57026995904806,1238,220,0,0
263.1215564274667,328,245,0,0
263.13470885338194,377,481,0,0
263.2282850734475,461,621,0,0
263.5402633722208,63,10,0,0
263.5441882236255,337,108,0,0
263.56342709447694,110,224,1,0
263.56903303004344,322,404,0,0
263.7098234478395,363,56,0,0
263.71247432131594,1340,455,0,0
263.758441826495,1093,187,0,0
263.7672015771778,1565,333,0,0
263.913922523596,7,306,0,0
263.9229859746812,355,127,0,0
263.9414068427472,1715,451,0,0
263.9827022075617,1437,752,0,0
263.9883609167412,18,244,0,0
263.9989546226558,764,230,0,0
264.0143750603126,643,40,0,0
264.0235698803938,1211,119,0,0
264.06450155118654,28,24,0,0
264.0698649949398,555,176,0,0
264.09807666783087,12,135,0,0
264.11086169460776,1798,333,0,0
264.1173667782053,117,193,0,0
264.11988955069216,1254,286,0,0
264.1204212129793,120,1950,0,1
264.1256976302928,968,160,0,0
264.18634446721694,42,466,0,0
264.1966145545222,264,277,0,0
264.57837677882395,1462,309,0,0
264.58120164749994,7985,207,1,0
264.5901217139396,1743,183,0,0
264.5909485053552,329,326,0,0
264.7625599849142,523,105,0,0
264.7638491251977,546,310,0,0
264.80681321804786,1845,156,0,0
264.83835878756594,32,482,0,0
267.8113511040621,219,343,0,0
268.05749781589304,10,95,0,0
268.14242129974815,1416,142,0,0
268.166331145525,84,10,0,0
268.8992476542912,1251,615,0,0
268.9082846962699,1444,476,0,0
268.9099093514219,1410,527,0,0
269.0143090063107,486,295,0,0
269.0308260311617,422,200,0,0
269.0355381277422,781,223,0,0
269.0722013519698,1715,20,0,0
269.123258908758,1571,335,0,0
269.1241476593565,1765,274,0,0
269.2514351566664,758,566,0,0
270.1985677433149,1506,358,0,0
270.20733122065786,1143,231,0,0
270.20831342004766,1177,307,0,0
270.2401661060565,557,221,0,0
270.25512062693355,1905,186,0,0
270.34361902675704,690,68,0,0
270.46168541621336,1012,110,0,0
270.4767396041151,7766,426,1,0
270.86359995221204,849,754,0,0
270.8640298367333,1764,334,0,0
270.8688318650331,712,597,0,0
270.896490594819,352,267,0,0
270.9387472866839,34,115,0,0
270.95485430229195,1851,118,0,0
271.00225606866843,173,257,0,0
271.00376354979,1924,365,0,0
271.0039665143532,608,124,0,0
271.1040736474026,406,514,0,0
271.38117383658715,1187,393,0,0
271.401089145868,1673,170,0,0
271.4030684992478,123,93,0,0
271.40804445567755,1201,211,0,0
271.47442776310226,342,411,0,0
271.50510100503664,52,473,0,0
271.77871685946883,1238,140,0,0
272.31092607987017,1811,619,0,0
272.5464359191678,1741,224,0,0
272.5594280861822,185,303,0,0
272.7225144031646,283,386,0,0
272.7783105362015,572,108,0,0
272.8093648040438,732,170,0,0
272.83841029389083,1534,165,0,0
272.8553687703068,1151,241,0,0
272.858054375966,571,648,0,0
272.8995303705413,1439,541,0,0
272.90384465645764,30,166,0,0
272.9217298990146,7848,344,1,0
273.0171708524824,19,767,0,0
273.1083585202841,691,180,0,0
273.1088551504087,303,691,0,0
273.11387456128097,1302,442,0,0
273.1160554348782,991,242,0,0
273.14870833645193,160,840,0,1
273.15307318664276,134,158,0,0
273.2732926044675,9,213,0,0
273.2808915041992,21,711,0,0
273.32752066324406,872,349,0,0
273.330204245132,1123,393,0,0
273.3344505576117,40,353,0,0
273.3449911434762,636,520,0,0
273.38810692727685,737,109,0,0
273.38841301554726,1199,315,0,0
273.40933751232274,206,17,0,0
273.410341868266,592,44,0,0
273.43518781616234,1529,432,0,0
273.43569156345194,7985,207,1,0
273.4430944535752,985,144,0,0
273.6283350440032,605,234,0,0
273.9323343951115,1295,488,0,0
273.93463306587773,1647,126,0,0
274.42374781765716,731,324,0,0
274.43099008870905,135,53,0,0
274.448940352765,1379,28,0,0
274.49438429325255,1016,2460,0,1
274.51484410335047,1035,290,0,0
274.5482719155249,1375,228,0,0
274.5721821135188,228,220,0,0
274.6626478625173,774,468,0,0
274.6877611111541,210,148,0,0
274.6945770214019,1443,126,0,0
274.6967742242594,23,297,0,0
274.698798190535,1106,154,0,0
274.7121996883163,397,543,0,0
274.77667423797027,729,150,0,0
274.80607497455156,1341,355,0,0
274.8146102672684,473,83,0,0
274.8510039112363,1612,125,0,0
274.85607021887,110,499,0,0
274.8756288953348,419,689,0,0
274.9135850498506,803,78,0,0
274.9209631015636,772,451,0,0
275.1352596945442,233,200,0,0
275.27576794074463,639,112,0,0
275.2844572140098,1389,1240,0,1
275.33728383738554,7905,287,1,0
275.35993355450864,523,545,0,0
275.3894775032717,1199,124,0,0
275.41890541316855,40,224,0,0
275.6292154076388,375,61,0,0
275.65957903618556,1625,205,0,0
275.68883963418307,782,256,0,0
275.7917716145637,1767,320,0,0
275.8883867315367,476,211,0,0
276.381083795442,434,98,0,0
276.3845365994305,1110,283,1,0
276.44870233508493,320,462,0,0
276.4491787197893,573,538,0,0
276.46782628579973,7982,210,1,0
276.469249960608,156,285,0,0
276.4705901656156,627,138,0,0
276.48451828273386,61,533,0,0
276.48668724394156,1228,108,0,0
276.4966823254825,1008,79,0,0
276.4967685367308,1163,26,0,0
276.75611301778684,8,82,0,0
276.75620622456245,198,41,0,0
276.7609547338813,819,311,0,0
277.2475305598226,1301,769,0,0
277.24874301687584,786,435,0,0
277.7452473772681,7895,297,1,0
277.8998706674208,447,279,0,0
277.91507429224487,925,471,0,0
277.92385860460735,1453,337,0,0
277.93408026825375,1136,84,0,0
277.9650028582013,657,491,0,0
278.087080908801,592,6550,0,1
278.3300600101855,1645,429,0,0
278.3303495954083,154,312,0,0
278.4305861995246,1012,345,0,0
278.4918027678184,28,170,0,0
278.49344056569237,685,551,0,0
278.5986369048152,997,29,0,0
278.71185667616277,3820,501,1,0
278.8217114865448,373,412,0,0
278.8377662618091,356,312,0,0
278.9240465000899,1075,338,0,0
279.1230301892747,737,59,0,0
279.12808576915035,1551,247,0,0
279.1349674154218,998,554,0,0
279.1407527823203,1629,266,0,0
279.32648106054074,98,75,0,0
279.3455582413373,1213,349,0,0
279.3499161380433,614,2830,0,1
279.35234206990737,236,14,0,0
279.3538290322015,25,26,0,0
279.3820188494817,5622,2570,1,1
279.47663319287824,818,61,0,0
279.6968817102375,1326,252,0,0
279.69942213111057,40,293,0,0
279.7021168546496,11,360,0,0
279.70487825782766,204,27,0,0
279.70816018899393,7607,585,1,0
279.7090718901487,1705,610,0,0
280.06372356275455,832,706,0,0
280.1069962146437,1564,574,0,0
280.1133536353216,1218,367,0,0
280.1134665439827,1304,591,0,0
280.35956984034885,1204,149,0,0
280.43656494999107,972,359,0,0
280.4579699501225,229,246,0,0
280.5259349602274,270,422,1,0
280.53028505751774,585,102,0,0
280.5892611804694,691,216,0,0
280.59493307587155,1048,324,0,0
280.63559722630833,868,295,0,0
280.64786620395614,628,311,0,0
280.6491271803603,1145,336,0,0
280.6511284448509,229,87,0,0
280.78827882970535,168,263,0,0
280.9053933837495,1069,77,0,0
280.91687028343534,1328,267,0,0
280.92098678906757,7902,290,1,0
280.92770589125473,559,4670,0,1
280.9622607401078,1548,401,0,0
280.96335341885714,382,376,0,0
281.07242259688013,664,294,0,0
281.0757043804879,3740,58,1,0
281.077481678737,1209,215,0,0
281.0928355934506,404,168,0,0
281.79582514227013,1292,176,0,0
281.7999339975224,7,483,0,0
281.8076942349175,632,267,0,0
281.8093418836412,596,507,0,0
281.83606489890815,506,48,0,0
281.8640144202303,1441,315,0,0
281.87998398296367,435,77,0,0
281.8875641695208,702,57,0,0
281.9211862261339,540,183,0,0
282.00010370473217,1641,192,0,0
282.0068291234857,17,366,0,0
282.0167503404392,29,147,0,0
282.02131570743137,359,168,0,0
282.02667204973096,1714,236,0,0
282.1953810864966,125,10,0,0
282.1975876995952,1544,518,0,0
282.22002808523854,21,257,0,0
282.3415269087367,20,19,0,0
282.34733318018414,351,311,0,0
282.39618660852994,14,33,0,0
282.4628933488837,1645,462,0,0
282.46377926804786,53,52,0,0
282.56932459546925,7990,202,1,0
282.5714289729155,978,307,0,0
282.5910797182164,1649,367,0,0
282.5918365056033,1981,147,0,0
282.5924669804749,12,71,0,0
282.6017712182702,1194,338,0,0
282.97120953360957,440,52,0,0
285.36532779614737,27,347,0,0
288.8698361294595,6890,497,1,0
289.1003824294837,143,477,0,0
289.26633623294947,648,42,0,0
289.3399118846227,38,174,0,0
289.40088375187526,637,221,0,0
289.4089288634058,432,37,0,0
289.41566315638767,457,765,0,0
289.4540291711934,749,289,0,0
289.4959909778125,247,128,0,0
289.5008968920363,1474,304,0,0
289.5024811657055,35,769,0,0
289.50640185628106,789,341,0,0
302.0714324350657,1463,78,0,0
302.07560477716646,309,157,0,0
302.370476511261,5542,2650,1,1
302.55996117561733,793,22,0,0
302.70273509374084,697,323,0,0
302.70777349607573,583,262,0,0
303.63898631783144,1541,771,0,0
303.66946797812693,298,340,0,0
303.6746630766926,544,316,0,0
303.67877950831354,565,240,0,0
303.69164024554846,1445,155,0,0
304.82672638536826,280,96,0,0
304.8280302452234,1306,510,0,0
304.8324775039131,7694,498,1,0
304.84980394863607,773,173,0,0
304.89465846522774,4020,307,1,0
304.8966910832701,679,375,0,0
304.89902618830394,353,185,0,0
304.9045771108431,672,236,0,0
304.9676480667749,415,422,0,0
304.97952520731366,124,635,0,0
304.9900830545372,276,190,0,0
305.0145800954461,756,530,0,0
305.0352136831202,11,418,0,0
305.14338463274237,181,321,0,0
305.14725859006563,6,111,0,0
305.16389613190535,1817,203,0,0
305.1684937279965,1684,115,0,0
305.238515922689,1818,310,0,0
305.32389639777443,867,360,0,0
305.33415105319466,1252,151,0,0
305.508225300569,405,111,0,0
305.5196532488653,1033,654,0,0
305.78834285739214,846,342,0,0
305.79612465719487,23,660,0,0
305.80312554390827,97,26,0,0
305.8040016697041,1872,1800,0,1
305.80624203510797,9,114,0,0
305.81400056563353,1086,5480,0,1
305.8142493648736,1161,435,0,0
305.8301805589324,961,159,0,0
305.92086940256456,11,1940,0,1
305.9693279849115,1120,139,0,0
305.9938018773547,967,490,0,0
306.0569007178964,383,18,0,0
306.06228164139213,1807,596,0,0
306.0687082181345,923,471,0,0
306.15612706484677,1327,92,0,0
306.1687956276629,1369,70,0,0
306.2879150240803,218,93,0,0
306.29436194225235,86,266,0,0
306.35862519232853,1394,356,0,0
306.5553746004259,1704,550,0,0
306.5694953985085,2151,194,0,0
307.0594198809072,741,567,0,0
307.43316598507545,692,202,0,0
307.4333017038228,17,496,0,0
310.7194276730867,696,709,0,0
310.72010339618754,810,767,0,0
312.98275635379235,10,318,0,0
312.9855907189572,1663,227,0,0
312.9858399879732,997,19,0,0
312.98696700669433,1270,307,0,0
313.028845679547,438,2450,0,1
313.0310473545633,14,59,0,0
313.0364115371431,1200,230,0,0
313.22278555355325,548,501,0,0
313.2250111913283,365,165,0,0
313.26951218574305,328,2880,0,1
313.4798794013017,1078,289,0,0
313.4802914852837,1103,183,0,0
313.4818917561898,762,340,0,0
313.507567567745,7878,314,1,0
313.52404374483854,1236,307,0,0
313.55363582996046,947,157,0,0
313.5539406814246,933,5330,0,1
313.55703010855353,357,93,0,0
313.5940253148856,1069,511,0,0
313.6487223531413,699,322,0,0
313.8621044644673,951,146,0,0
313.86996011766337,617,719,0,0
313.87393801058386,128,431,0,0
313.8763474640749,786,767,0,0
313.87899452837564,1861,367,0,0
313.87927670228225,24,174,0,0
314.37494249865426,1004,431,0,0
314.3817972034962,322,347,0,0
314.3858284046502,975,551,0,0
314.39044286860616,11,14,0,0
314.4402905233243,791,318,0,0
314.46023596268446,37,457,0,0
314.4636216721911,1529,514,0,0
314.5837510324159,1060,159,0,0
314.6110040186087,781,360,0,0
314.6218900980191,8,277,0,0
314.6376092897231,7,164,0,0
314.80567456883983,1199,247,0,0
314.8697867207993,1278,223,0,0
314.8827915590549,505,164,0,0
315.00845021276854,1600,253,0,0
315.0086579611549,1395,210,0,0
315.0746169361896,1255,371,0,0
315.07752010819536,969,190,0,0
315.08199707596384,423,309,0,0
315.091712027583,582,292,0,0
315.76169745549913,613,109,0,0
315.7730370476908,1745,161,0,0
315.78484641852435,347,292,0,0
315.8368409665877,488,347,0,0
315.83712289114914,7525,667,1,0
315.8470219634435,1308,267,0,0
315.90903668837285,8180,12,1,0
315.9111805918116,680,485,0,0
315.9615930219358,1855,207,0,0
315.96504080690744,308,570,0,0
315.9658167392119,393,431,0,0
316.0585029667751,341,88,0,0
316.07718437759536,345,276,0,0
316.1502943444156,7894,298,1,0
316.1731009086872,11,189,0,0
316.1749878926446,707,406,0,0
316.2997030023716,1065,258,0,0
316.3381781172091,36,361,0,0
316.37634338217606,66,385,0,0
316.38410219150205,952,473,0,0
316.38598275666334,228,162,0,0
316.69056505222284,17,56,0,0
316.7752124598741,553,17,0,0
316.8008230203201,2054,707,0,0
316.8062704424559,40,374,0,0
317.06641111022896,73,71,0,0
317.0697298728035,654,315,0,0
317.07363483090535,396,70,0,0
318.36185590540305,19,26,0,0
318.4229898822354,334,282,0,0
318.53702413594067,1482,169,0,0
318.61371591218835,172,249,0,0
319.8618920640798,1059,308,0,0
319.90340711222996,1011,767,0,0
319.9538418574325,1760,72,0,0
319.95709864905075,564,320,0,0
319.9774063916608,568,432,0,0
319.9782857285968,518,156,0,0
319.9869654122344,357,19,0,0
320.0047957855838,908,138,0,0
320.08254358498857,20,576,0,0
320.35823215459675,8,154,0,0
320.3629431363151,125,140,0,0
320.36510638874574,217,242,0,0
320.3966385606308,5,105,0,0
320.3998463564485,56,124,0,0
320.939625288685,568,4320,0,1
321.166836422334,294,570,0,1
321.1694261465165,639,433,0,0
321.1980216110746,1670,1880,0,1
321.43458162101706,1076,124,0,0
321.4375264730072,5340,232,1,0
321.44443211841383,680,360,0,0
321.46008757297415,807,330,0,0
321.7366409383876,680,300,0,0
321.7832114905191,1406,189,0,0
321.7944064632115,926,180,0,0
321.82891892613577,186,19,0,0
321.84833854070786,1143,379,0,0
321.8737921399431,1786,319,0,0
321.9201020257717,376,374,0,0
321.9485886028001,657,3000,0,1
322.0133419454879,96,14,0,0
322.03125959134604,135,351,0,0
322.0412548806511,1697,312,0,0
322.05073989521804,1438,36,0,0
322.05145854049994,331,347,0,0
322.0579675009914,1565,686,0,0
322.6604095384923,1514,140,0,0
322.6755474433845,521,46,0,0
322.7224188535433,282,170,0,0
322.814667016116,1742,224,0,0
322.8209834406952,131,63,0,0
322.82938810602667,225,204,0,0
322.8753460456531,490,449,1,0
322.87793573332135,247,322,0,0
322.9754299915004,178,767,0,0
323.0380915143706,1478,360,0,0
323.06407035953214,94,21,0,0
323.0909085629438,577,35,0,0
323.16043020396916,479,438,0,0
323.18052237777954,670,118,0,0
323.18063850608775,274,2950,0,1
323.2258133446559,1579,765,0,0
323.22836703590116,1549,93,0,0
323.23453453319803,1102,352,0,0
323.2416785406377,1046,42,0,0
323.24890592353876,1885,469,0,0
323.24950589707163,719,167,0,0
323.2498892276047,417,167,0,0
323.26436802513814,222,438,0,0
323.2829663873534,1158,266,0,0
323.32261357964876,1402,327,0,0
323.3240026309745,208,193,0,0
323.33352905170017,20,154,0,0
323.4175564073096,854,121,0,0
323.4260429767789,495,114,0,0
323.4315813478106,696,582,0,0
324.4370394952683,7536,656,1,0
324.43770022676716,142,135,0,0
324.4413446373126,1489,312,0,0
324.44338104435695,1235,274,0,0
324.4500500489421,813,305,0,0
334.17630530517124,440,62,0,0
334.17860202198415,1789,766,0,0
334.1891031641728,662,254,0,0
334.19534954546396,1485,396,0,0
334.1992967438642,1318,151,0,0
334.2943699900732,1189,375,0,0
334.3018402963607,373,364,0,0
334.45983448495394,957,154,0,0
334.7768695927377,1358,3190,0,1
334.78409632426275,725,125,0,0
335.0994575452722,70,290,0,0
335.1012674711421,251,76,0,0
335.13885221538396,1285,70,0,0
335.29302973830613,782,278,0,0
335.29562239382494,711,2880,0,1
335.313409422732,446,27,0,0
335.36600518112056,656,320,0,0
335.43054942711353,1125,2380,0,1
335.47126480245777,468,178,0,0
336.5570150035216,1234,302,0,0
336.5724502428669,626,135,0,0
336.79941028264005,411,375,0,0
338.2254043029703,313,2610,0,1
338.2314579431633,1026,21,0,0
338.2404307680596,236,162,0,0
338.2430621158695,798,287,0,0
338.32881394126724,861,444,0,0
338.680624214727,1960,372,0,0
338.6812645386794,247,111,0,0
338.68454655829595,396,271,0,0
338.69069242713346,1531,1970,0,1
340.4635691952708,1437,739,0,0
340.47359822737195,924,554,0,0
340.5187694759869,4030,238,1,0
340.5206767268802,1317,327,0,0
340.6420666386099,662,141,0,0
340.64467930315755,179,103,0,0
340.6632549178208,1015,348,0,0
340.66595986808846,11,131,0,0
340.68367433197847,1259,475,0,0
340.6995746715205,298,498,0,0
340.7329033495455,1021,338,0,0
340.76533881097913,818,207,0,0
341.55256929825003,1302,69,0,0
341.55752044298083,1044,408,0,0
341.86182184053126,1695,85,0,0
341.9022259486919,177,19,0,0
341.91737531078013,1593,4290,0,1
341.95715961496643,1202,552,0,0
341.9930370702661,405,31,0,0
342.1102466700498,429,350,0,0
342.2197175250834,698,2440,0,1
342.29334641415744,1155,229,0,0
342.3299791232391,460,496,0,0
342.33090319952265,883,5660,0,1
342.4506973747116,860,182,0,0
342.6514740757642,1201,14,0,0
342.69775180787593,261,337,0,0
342.73800129995266,44,229,0,0
342.7421041456104,576,3510,0,1
342.78028075251666,1402,313,0,0
342.90292656713723,1473,2150,0,1
342.90454309415765,1429,159,0,0
342.9131607506532,24,189,0,0
342.92073318743013,143,664,0,0
343.17460894102754,288,293,0,0
343.1833395576952,1555,57,0,0
343.1839199626564,1673,226,0,0
343.21207603127135,268,315,0,0
343.5006172360546,43,25,0,0
343.5156549679553,1095,261,0,0
343.5243417314299,1061,330,0,0
343.5559375598565,15,117,0,0
344.1468958284107,566,511,0,0
344.15922045338124,1284,340,0,0
344.1714428198565,1494,47,0,0
344.21835431009583,74,333,0,0
344.2227521009846,1459,135,0,0
344.2234624283366,44,46,0,0
344.2510081821937,1237,27,0,0
344.2610227576011,130,607,1,0
344.3028565668825,1341,679,0,0
344.3296651070994,464,343,0,0
344.38803252654697,1752,301,0,0
344.39042877975396,444,242,0,0
344.4292978238929,40,37,0,0
344.4326453532431,5,72,0,0
344.47357495206114,94,23,0,0
344.4822187895077,1786,479,0,0
345.04976451438466,770,520,0,0
345.05324905160035,229,2740,0,1
345.0534746147815,1124,277,0,0
345.0792893809706,1668,2960,0,1
345.08731133757584,1787,375,0,0
345.0905104953225,374,337,0,0
345.12073943840306,1526,315,0,0
345.63313550345276,6510,126,1,0
345.64731348155266,5700,310,1,0
345.6521840430402,71,90,0,0
345.9730607367455,740,197,0,0
346.1522944464867,1629,273,0,0
346.17203802135776,41,139,0,0
346.1784969871202,1449,412,0,0
346.256159170069,1239,258,0,0
346.2608985299145,722,448,0,0
346.26627355771456,215,303,0,0
346.2699495095094,7,431,0,0
346.3230157999624,31,2460,0,1
346.682626241828,1665,135,0,0
346.70315625942345,326,734,0,0
347.30587816464265,7535,657,1,0
347.30625022472657,12,509,0,0
347.3232260592149,7902,290,1,0
347.32383602256954,1458,25,0,0
347.4272719346468,736,698,0,0
347.65020413591606,1032,56,0,0
347.6507195489737,1733,419,0,0
347.6545342245257,711,13,0,0
347.67369630004083,796,767,0,0
347.6745878972605,5,27,0,0
347.6775277857215,1678,313,0,0
347.6797624886743,70,282,0,0
347.6980728141585,827,228,0,0
347.7015881503981,704,352,0,0
347.7031805246682,613,406,0,0
347.7062807610642,16,327,0,0
347.71807535542666,784,769,0,0
347.7348928698914,212,96,0,0
347.74469181974143,1304,738,0,0
347.8984406846853,895,767,0,0
347.90532643354976,705,137,0,0
347.9225561655664,136,163,0,0
347.9687641185622,13,171,0,0
347.97595740981546,585,258,0,0
348.17408011671614,582,517,0,0
348.23906330844954,10,380,0,0
348.3075625598643,283,289,0,0
348.3101576798448,1875,35,0,0
348.3214014538605,1911,335,0,0
348.3663352513933,400,117,0,0
348.484117884326,730,344,0,0
348.48852751595086,641,668,0,0
348.4940387751891,1294,185,0,0
348.49518265577757,1212,204,0,0
348.4959897982619,75,54,0,0
348.62637166744366,684,41,0,0
348.64163950202936,1046,206,0,0
348.68767416867666,25,247,0,0
348.82010274930144,853,206,0,0
348.83538050122206,1683,526,0,0
348.8556153567937,332,4,0,0
348.8577696898932,1385,123,0,0
348.8628314037851,1722,150,0,0
348.90099810124553,131,533,0,0
349.15418015650664,1155,1320,0,1
349.2775145180828,641,2080,0,1
349.2818951489572,20,23,0,0
349.2856895007501,968,200,0,0
349.35256166205596,340,301,0,0
349.3965323562442,766,663,0,0
349.44630428348916,1704,162,0,0
349.475225386156,569,35,0,0
349.68622753797564,859,138,0,0
349.71659504434206,293,331,0,0
350.0162152356572,1110,314,0,0
350.06804768495823,50,37,0,0
350.0869589460616,1287,2100,0,1
350.08903739062805,1473,553,0,0
350.12340252559363,322,275,0,0
350.22903146385005,45,293,0,0
350.25531131434803,285,1720,0,1
350.2581257482623,577,127,0,0
350.25862985831526,285,61,0,0
350.26939890577097,1286,47,0,0
350.84382984028554,533,263,0,0
350.845944573872,655,279,0,0
350.8534578813993,438,354,0,0
350.8793197288731,286,367,0,0
351.0011774772579,527,340,0,0
351.00396803187425,1620,328,0,0
351.0242486424546,334,224,0,0
351.0573237490821,1145,523,0,0
351.0592420268248,1052,344,0,0
351.10029415577264,1692,175,0,0
351.10283373423687,110,247,0,0
351.1286867791087,1319,4360,0,1
351.19143788145425,24,24,0,0
351.2135257049808,1419,325,0,0
351.2152000452155,1473,64,0,0
351.28670294207245,28,249,0,0
351.362229895485,1818,299,0,0
351.3873203226964,1721,160,0,0
351.4787970449799,7845,347,1,0
351.4864868623898,777,455,0,0
351.49023528931644,576,177,0,0
351.5033949532347,47,287,0,0
351.55090829503064,646,290,0,0
351.65620387646146,41,88,0,0
351.6610671387125,267,45,0,0
351.6892469784656,801,88,0,0
351.7148459579182,803,359,0,0
351.7220347016514,4,140,0,1
351.7224058241493,1312,227,0,0
351.7230769929237,386,66,0,0
351.8351698153582,7,25,0,0
351.836128023826,29,290,0,0
351.83667947273375,1072,259,0,0
351.8377537546681,1186,456,0,0
351.84681323391084,1458,319,0,0
352.05664327063545,187,246,0,0
352.0924612951934,1504,356,0,0
352.0993330333149,767,200,0,0
352.10876291359045,1282,449,0,0
352.1490819978097,1519,218,0,0
352.16814837180596,989,149,0,0
352.16872568800807,1547,93,0,0
352.35255886547185,238,132,0,0
352.4556542665398,888,293,0,0
352.45787376289684,238,326,0,0
352.4689675236258,183,49,0,0
352.5099957398007,9,304,0,0
352.54050313593325,1760,496,0,0
352.54985250609707,305,360,0,0
352.570480734677,59,124,0,0
353.17403854376295,1027,474,0,0
353.18415707537434,1567,409,0,0
353.30695591470163,1021,428,0,0
353.33711324176153,1136,30,0,0
353.3391111555235,752,294,0,0
353.4040670789712,32,230,0,1
353.4416745001854,1822,330,0,0
353.62375834194034,345,298,0,0
354.0499479964225,1555,722,0,0
354.1997598662543,63,73,0,0
354.236117689367,335,461,0,0
354.2915902582128,511,403,0,0
354.3924576232592,749,71,0,0
354.3966380784966,125,163,0,0
354.3994790505584,1430,40,0,0
354.48824292049864,841,163,0,0
354.4905053453353,962,185,0,0
354.50199452187775,1048,238,0,0
355.1278424003593,1282,2630,0,1
355.2428299415666,344,228,0,0
355.46086503499106,1124,128,0,0
355.4791046043587,646,290,0,0
355.6613736764059,1068,244,0,0
355.6652313079239,1002,166,0,0
355.6693040423333,591,49,0,0
355.6830968397212,1490,89,0,0
355.6880078944315,1775,453,0,0
355.921048806161,1512,635,0,0
355.9348140940968,659,432,0,0
355.93676543399624,74,24,0,0
356.0421442551992,567,121,0,0
356.1169359766747,2130,244,1,0
356.3016688464138,2128,394,0,0
356.3035295048491,488,157,0,0
356.30705428787286,571,679,0,0
356.3072855801023,52,373,0,0
356.3449564596462,838,305,0,0
356.36040859308946,304,339,0,0
356.3663443648949,1524,522,0,0
356.6076618298055,143,207,0,0
356.6117229138745,132,17,0,0
356.61832741395676,570,258,0,0
356.62148000042,37,307,0,0
356.6238452370597,1670,323,0,0
356.6393130079089,1726,292,0,0
356.6509742985756,181,13,0,0
356.65928558079054,256,295,0,0
356.6611796549421,1620,422,0,0
356.6623768545838,1061,61,0,0
356.66733377151246,16,207,0,0
356.68131835423696,47,263,0,0
356.68421489395564,223,426,0,0
356.69100796379547,949,319,0,0
356.6988318321788,1706,401,0,0
356.70133975431725,1598,498,0,0
356.7021763906176,625,204,0,0
356.7137040038915,1218,343,0,0
357.05294432263554,796,115,0,0
357.0929230472423,1536,220,0,0
357.10553378793026,10,291,0,0
357.109645701547,232,139,0,0
357.1143126746984,141,252,0,0
357.2435293385415,639,297,0,0
357.24532723682836,519,190,0,0
357.78736274153647,225,374,0,0
357.8066494993808,1772,339,0,0
357.83917745338334,857,281,0,0
357.8483894077886,657,607,0,0
357.9683543502983,810,413,0,0
358.08413649505655,379,268,0,0
358.0886911449431,1686,251,0,0
358.7627982293679,1199,235,0,0
358.79079431566146,478,63,0,0
358.7918633100275,1425,669,0,0
358.8428917915324,1274,398,0,0
358.87979519563044,1850,298,0,0
358.9080938689383,1189,472,0,0
359.0149413460816,1225,134,0,0
359.18058654420275,1440,416,0,0
359.1825553012013,903,408,0,0
359.19582625534235,97,429,0,0
359.2107773506011,224,306,0,0
359.2322525790927,30,56,0,0
359.23285571065736,514,233,0,0
359.26509346037375,1128,546,0,0
359.28734424862006,850,414,0,0
360.1231253304578,458,165,0,0
360.1268829250412,732,747,0,0
360.1345013823547,1319,350,0,0
360.1818395072827,747,70,0,1
360.20116301189654,627,244,0,0
360.3102050979892,1068,115,0,0
360.51996210407236,561,316,0,0
360.5234638571066,7928,264,1,0
360.54777885030694,386,262,0,0
360.61785891886683,534,462,0,0
360.6223993861677,484,365,0,0
362.16197727148045,436,212,0,0
362.1974296788554,54,200,0,0
362.2245869208948,1153,281,0,0
362.2255974295738,120,57,0,0
362.2307899474939,1317,170,0,0
362.2311863691627,1315,341,0,0
362.30332544543495,737,285,0,0
362.3073869698094,772,404,0,0
362.3293217856495,7688,504,1,0
362.36881020556615,5980,115,1,0
362.3963869465253,1130,341,0,0
362.40478407309445,1517,13,0,0
362.484341226929,197,310,0,0
362.4864091584823,285,307,0,0
362.48687660875,806,767,0,0
362.48788307108896,104,246,0,0
362.5658681847181,165,473,0,0
362.84510996133974,292,177,0,0
362.8498202808225,1071,473,0,0
362.8557827892844,571,3070,0,1
362.89366678251366,1104,3310,0,1
362.894906635422,901,83,0,0
362.90121412218645,382,282,0,0
362.90220960036464,51,188,0,0
362.9205859856589,1287,126,0,0
362.92063868144936,850,215,0,0
362.9214564001837,1505,126,0,0
362.921971874442,681,372,0,0
362.9355634473508,306,169,0,0
362.9757791522806,1303,378,0,0
362.9902163629119,1053,237,0,0
363.8765143086053,361,123,0,0
363.8932338126719,872,7320,1,1
363.89558003607783,4560,830,1,1
363.9018075049524,218,251,0,0
363.9592035294119,261,198,0,0
363.9973636190694,755,4510,0,1
365.0764182677739,297,412,0,0
365.0997277647977,8,386,0,0
365.1022084643196,67,173,0,0
365.1040301557427,4,50,0,0
365.180082732447,1009,229,0,0
365.1801475417223,832,204,0,0
365.2141165251385,483,563,0,0
365.2969559206743,448,154,0,0
365.3034847261839,244,263,0,0
365.32892561240715,912,116,0,0
365.5365093662328,1663,167,0,0
365.8342661880333,235,196,0,0
366.0773500252623,470,628,0,0
366.1887683245776,6190,336,1,0
366.2004495930803,1542,496,0,0
366.2019931134052,1555,43,0,0
366.2022415115995,1306,127,0,0
366.7425983368706,881,403,0,0
366.8682622134091,1378,379,0,0
366.869556452049,529,175,0,0
367.01029727354717,8,16,0,0
367.0172035746496,589,214,0,0
367.02299332468874,772,94,0,0
367.02446900928976,873,117,0,0
367.9966834016741,1175,188,0,0
367.997752441894,19,395,0,0
367.9994756386712,192,182,0,0
368.0641612691357,642,432,0,0
368.1483481722192,7950,155,1,0
368.1943355708854,935,319,0,0
368.19645722550723,1176,463,0,0
368.20742128406204,569,473,0,0
368.2103692009066,1689,446,0,0
368.2165143966386,919,359,0,0
368.81666432416415,79,386,0,0
368.845558504935,171,205,0,0
368.9257424522441,13,217,0,0
368.9285193615177,1062,438,0,0
368.9342367717351,607,10,0,0
368.97527870475943,828,461,0,0
369.16072100602327,686,54,0,0
369.17311407989246,22,106,0,0
369.5066328918726,1081,267,0,0
371.5229973420898,670,306,0,0
371.5234810588341,1149,176,0,0
371.54087025743416,944,166,0,0
371.6045737980723,6200,223,1,0
371.61567096396334,301,65,0,0
372.09278367432785,868,303,0,0
372.11455302767826,1285,63,0,0
372.1483402676841,1712,224,0,0
372.14905358978797,1021,457,0,0
372.27261092919974,1286,219,0,0
372.2815104874727,710,269,0,0
372.32208487092714,1627,68,0,0
372.33207995908094,846,304,0,0
372.33631071113695,1458,2270,0,1
372.3482424497812,338,307,0,0
372.34957065860243,632,55,0,0
372.3597241877373,713,409,0,0
372.51049515309745,1112,210,0,0
372.6199972145306,1187,224,0,0
372.62240630879745,1726,124,0,0
372.70948355037325,497,8,0,0
372.7171403608361,621,533,0,0
372.721693717029,226,336,0,0
372.7752388838484,1491,169,0,0
372.84384993637536,202,276,0,0
372.8485601248493,971,400,0,0
372.9546781214123,216,48,0,0
372.9708216597285,901,464,0,0
374.17452567641067,792,227,0,0
374.1753792391693,986,264,0,0
374.1857325666423,1259,670,0,1
374.19514934567883,194,239,0,0
374.19820848603547,14,302,0,0
374.19931693263845,605,756,0,0
374.3927951182946,1957,235,0,0
374.4224609630314,642,296,0,0
374.4235296300693,217,168,0,0
374.4290998024591,362,394,0,0
374.436898415012,8075,117,1,0
374.46899575643005,591,355,0,0
374.4713427625583,1213,139,0,0
374.7927233961001,766,264,0,0
374.8103305257111,301,455,0,0
375.1050498987358,195,192,0,0
375.1561404979306,7866,326,1,0
375.166344103352,290,6700,0,1
375.17867110119374,1654,716,0,0
375.21709046733986,630,331,0,0
375.2413223325013,1668,259,0,0
375.271080463504,1624,339,0,0
375.35293327769097,908,142,0,0
375.55944479391223,806,239,0,0
375.5617925627775,388,184,0,0
375.5624780856743,155,191,0,0
375.5653291617372,7,238,0,0
375.7693917113897,1897,21,0,0
375.7816126485454,1519,257,0,0
375.7866450271205,658,277,0,0
375.8222216097707,550,273,0,0
375.8986262635194,1403,34,0,0
375.9005385509209,1896,707,0,0
375.90301626628303,1632,308,0,0
375.91913457800945,1255,529,0,0
375.9334058007878,220,117,0,0
375.93743210783504,42,285,0,0
377.54578957347627,8,39,0,0
377.75492734290225,1415,767,0,0
377.7678178938418,22,930,0,1
377.83490476949106,287,594,0,0
377.8364978139236,40,29,0,0
377.94918481548626,888,444,0,0
377.96126136993746,955,346,0,0
377.96560665376336,320,357,0,0
377.96675842371747,970,271,0,0
378.05814955257733,991,84,0,0
378.0785091262219,262,280,0,0
378.0840070599648,544,402,0,0
378.2153750589142,413,247,0,0
378.2260037096925,81,427,0,0
378.2556263104724,93,19,0,0
378.262404199926,653,148,0,0
378.3022976945466,1632,362,0,0
378.30403730881693,771,767,0,0
378.3118029744844,1225,349,0,0
378.3311364937201,112,149,0,0
378.33450754186816,156,60,0,0
378.3403039821382,492,216,0,0
378.413506705219,234,109,0,0
378.4201193980182,9,229,0,0
378.5627506667037,992,482,0,0
378.6032944721158,20,231,0,0
378.6215958866785,84,593,0,0
378.6224912433732,1552,346,0,0
378.9748421783811,663,241,0,0
379.30182861077395,234,106,0,0
379.3339247985796,1472,646,0,0
379.3576540716065,447,767,0,0
379.3783382935751,7911,281,1,0
379.38624099722034,1680,198,0,0
379.39720555182345,2087,560,0,0
379.4376317147731,1093,147,0,0
379.43853744114443,767,179,0,0
379.4550218491278,1761,6050,0,1
379.49578336828364,4,66,0,0
379.4963256957932,1676,113,0,0
379.5010930956215,7905,287,1,0
379.50188787608175,781,298,0,0
379.5028842721997,1375,48,0,0
379.5545217731773,1400,249,0,0
379.5561532916437,1164,11,0,0
382.73678858205636,1055,195,0,0
382.7482713343991,1447,255,0,0
382.7514766684429,4120,417,1,0
382.7607555498338,642,240,0,0
382.776580162835,1141,2780,0,1
382.805747106851,304,278,0,0
382.8363666195723,173,144,0,0
382.86627695229055,18,410,0,0
383.0082689326586,8077,115,1,0
383.18553722035654,555,24,0,0
383.20458703266377,377,483,0,0
383.2393833984118,1592,341,0,0
383.24317295961833,303,578,0,0
383.248195423391,571,272,0,0
383.25611657045505,790,205,0,0
383.5014634223059,496,341,0,0
383.5056325917694,1114,320,0,0
383.53089454903244,886,232,0,0
383.55268231356825,1347,352,0,0
383.63615305156276,1046,111,0,0
383.6413663256791,1127,81,0,0
383.6493218073143,1267,337,0,0
383.7982133264594,1530,400,0,0
383.8273768308322,308,381,0,0
383.8334906946298,472,521,0,0
384.0172527243368,139,55,0,0
384.03985584546933,15,336,0,0
384.04635580535813,1129,476,0,0
384.1584983559362,340,112,0,0
384.7737822081789,400,374,0,0
384.7820174190736,1049,340,0,0
384.7845614024603,622,265,0,0
384.784730100258,1074,12,0,0
385.47998839137557,7969,223,1,0
385.48626229072113,1153,229,0,0
385.4962887759711,403,430,0,0
385.4988105902644,350,60,0,0
385.5116557170663,1558,320,0,0
385.5139434542334,1631,136,0,0
385.89618030175563,1518,278,0,0
385.9703227256739,1225,468,0,0
385.976678002481,877,370,0,0
385.9783137166166,294,287,0,0
386.03792420618197,319,614,0,0
386.0414363158025,1199,425,0,0
386.27827513276293,1279,110,0,0
386.3110691943218,727,335,0,0
386.3284844179857,12,154,0,0
386.33022947679706,445,483,0,0
386.3608507349282,880,149,0,0
386.3622080128537,1331,164,0,0
386.5508390924476,8,262,0,0
386.55121259798415,370,350,0,0
386.5604203034748,1676,191,0,0
388.6240862264855,1573,46,0,0
388.6310621939712,1744,186,0,0
388.7121112224326,776,201,0,0
388.86731227390663,1405,305,0,0
388.90572804101,1122,390,0,0
388.920607869507,1689,386,0,0
389.06885692792014,955,213,0,0
389.2298341105298,823,392,0,0
389.2362789841357,1052,296,0,0
389.69024552490407,12,219,0,0
389.9578106861336,20,145,0,0
389.9604822934396,1413,94,0,0
390.01709966591085,773,768,0,0
390.07923528056864,783,555,0,0
390.1069540373263,278,281,0,0
390.11296757676496,592,131,0,0
390.1148544774474,1134,663,0,0
390.17068655112354,1780,656,0,0
390.1715514079099,284,223,0,0
390.17820220265423,1333,545,0,0
390.1786415423511,1692,492,0,0
390.18373835405976,808,57,0,0
390.2121324887163,166,316,0,0
390.21336321517464,1011,111,0,0
390.31032563737887,1372,104,0,0
390.4433065828845,799,466,0,0
390.4911754626386,9,36,0,0
390.56829216041564,1403,191,0,0
390.9547673132076,527,41,0,0
391.04732081132454,239,63,0,0
391.04805617810104,46,65,0,0
391.0636903519428,15,456,0,0
391.0677017679509,959,207,0,0
391.09014886408283,561,289,0,0
391.090899178481,1799,59,0,0
391.11463436351215,1631,524,0,0
391.12734829851087,72,295,0,0
391.18859243551077,70,45,0,0
391.19174029560514,1323,388,0,0
391.2042783362614,16,579,0,0
391.2045984393199,388,433,0,0
391.21975956406027,145,78,0,0
391.2386304289511,1857,261,0,0
391.2401052053866,136,230,0,0
391.26066258183755,419,767,0,0
391.2620179969566,1505,344,0,0
391.3133400626737,558,172,0,0
391.317292693672,1691,139,0,0
391.3260027157944,7978,214,1,0
391.8477998366527,1032,7,0,0
391.90911126653987,994,68,0,0
392.3123189369229,15,511,0,0
392.4669904477414,49,315,0,0
392.4837619510265,3390,229,1,0
392.93089638449516,169,160,0,0
392.96630495024453,780,226,0,0
392.9867927491544,217,60,0,0
392.9956571921117,415,205,0,0
392.99767444283106,1842,161,0,0
393.05988645520046,10,116,0,0
393.0735896927944,679,199,0,0
393.1255718704621,611,83,0,0
393.14292085325724,414,625,0,0
393.21544218980256,571,2550,0,1
393.2223462957208,2486,57,0,0
393.2585321796787,572,381,0,0
393.4256942080652,532,193,0,0
393.718977020793,1407,115,0,0
393.7422466108913,987,317,0,0
393.7459550061658,136,768,0,0
394.18840684622245,716,767,0,0
394.4668143249877,71,501,0,0
394.47371552233676,19,237,0,0
394.80360931455374,1541,167,0,0
394.8780705277162,1144,212,0,0
394.88241732627034,797,417,0,0
394.91738316649736,648,729,0,0
394.91974354523074,1038,29,0,0
394.93268731183605,824,455,0,0
394.94498056045296,882,227,0,0
394.96846617397085,1393,255,0,0
395.20205319571477,568,400,0,0
395.2035464316646,964,129,0,0
395.203610278566,1076,356,0,0
395.3067664447949,1546,122,0,0
395.3215120667382,513,771,0,0
395.4879233220536,1142,269,0,0
395.6273753986457,294,195,0,0
396.32590928692,55,545,0,0
396.32644631667154,664,110,0,0
396.8871343062603,15,88,0,0
396.9114392266405,994,248,0,0
396.9215251011489,140,164,0,0
397.5008313758007,18,528,0,0
397.804629411556,153,362,0,0
397.8063974124756,1074,336,0,0
397.8142059994659,308,637,0,0
398.27662213678195,368,262,0,0
398.2783362645824,1012,311,0,0
398.3351812339455,1734,170,0,0
398.4106398697379,113,108,0,0
398.4298958386733,140,190,0,0
398.4397262619013,1063,1550,0,1
398.57383165164936,994,48,0,0
398.59179840083317,701,668,0,0
398.59577861851864,298,54,0,0
398.6905481192931,449,668,0,0
398.6919573367404,219,26,0,0
398.7029196512135,1406,63,0,0
398.7677971858942,1814,286,0,0
398.76945013720473,1370,387,0,0
399.260550324304,655,6620,0,1
399.3139931998666,968,543,0,0
399.33765844643244,23,24,0,0
399.341101334015,1764,293,0,0
399.3798728827511,395,40,0,0
399.3934058685204,6,3610,0,1
399.4484770652524,1377,344,0,0
399.4570460492112,402,241,0,0
399.501984942451,829,286,0,0
399.50331873286245,1317,609,0,0
399.50451175942385,434,189,0,0
399.50969251576277,780,381,0,0
399.5101290350386,324,326,0,0
399.5233114742718,25,350,0,0
399.5472842512574,1311,237,0,0
399.5480172128514,1627,290,0,0
399.5616613633841,1555,323,0,0
399.56700423483704,742,350,0,0
399.57185423761126,2898,6,0,0
399.80247167862876,208,153,0,0
399.81134911911676,455,33,0,0
399.8285857265253,25,128,0,0
399.8341209590151,1443,679,0,0
399.8407718565734,862,365,0,0
399.8550922668078,1497,537,0,0
399.87434152113684,1066,478,0,0
399.88577874378143,1243,50,0,0
400.03070850060794,1705,441,0,0
400.0421233193668,277,752,0,0
400.0578262370097,131,152,0,0
400.6301063598125,1188,336,0,0
400.6601365786352,1672,253,0,0
400.7619708459672,814,20,0,0
400.83928688112894,7,2020,0,1
400.848493686795,1408,273,0,0
401.1111030489314,455,381,0,0
401.14490699583155,233,149,0,0
401.17266891509104,7650,379,1,0
401.19754320257476,7961,231,1,0
401.24204530143294,43,376,0,0
401.3485667735266,1058,395,0,0
401.34888175555324,962,295,0,0
401.6525899009375,78,380,0,0
401.6529522296729,200,130,0,0
401.6547340952237,622,582,0,0
401.7246062900381,1146,289,0,0
401.7386796476858,104,161,0,0
401.81535867574513,325,317,0,0
401.8172393971204,830,317,0,0
401.8387530694071,1252,262,0,0
401.90021030568647,488,327,0,0
401.90401499317124,1237,251,0,0
401.9086934764537,206,178,0,0
401.9347101674682,378,197,0,0
401.9873770336807,1326,36,0,0
401.9875202411792,1554,237,0,0
401.9972866407184,1489,5640,0,1
402.0321033233934,1438,392,0,0
402.3788154060994,1690,26,0,0
402.3808933122796,614,236,0,0
402.40522148152274,361,169,0,0
402.40747529022445,443,228,0,0
402.41041165335764,32,402,0,0
402.416001085773,388,149,0,0
402.9292018137389,746,279,0,0
402.98754683075924,565,260,0,0
403.122188452,21,445,0,0
403.138196427575,1074,557,0,0
403.3146768507651,882,222,0,0
403.33671249125206,243,231,0,0
403.42605450825704,644,311,0,0
403.42719527630635,1328,360,0,0
403.4309253721066,663,291,0,0
403.5135689353062,9,397,0,0
405.104011937892,511,44,0,0
406.06947654740776,8,418,0,0
406.0723596725916,368,371,0,0
406.08718295644553,1169,294,0,0
406.1000864813088,756,511,0,0
409.66569878776113,1171,46,0,0
409.6706873130657,340,288,0,0
409.7041187272268,1050,596,0,0
409.93920864188533,100,40,0,0
410.02449099809434,198,36,0,0
410.0262187662339,333,469,0,0
411.19101607194887,101,431,0,0
411.1913300639874,498,218,0,0
411.2259242152772,1703,618,0,0
411.2348880967759,1527,502,0,0
411.23606559332626,980,231,0,0
411.24549843636805,625,309,0,0
411.2544276344241,1748,263,0,0
411.2563361406614,291,77,0,0
411.26290696281814,691,353,0,0
411.27535621165697,322,91,0,0
411.30207520299234,10,230,0,0
411.30231454196763,499,244,0,0
411.3086173368933,781,359,0,0
411.32966950350317,1381,723,0,0
411.4733845329421,1036,188,0,0
411.65345371654325,1832,176,0,0
411.65399538696477,677,100,0,0
411.65958175937254,1310,209,1,0
411.69061845905196,1757,294,0,0
411.77611489327285,381,368,0,0
412.3869496953471,981,288,0,0
412.39716793244315,426,208,0,0
412.3987155091158,3180,266,1,0
412.41996842018716,1223,419,0,0
412.45209075988083,231,211,0,0
412.4573513909515,1265,135,0,0
412.46039143586853,1933,611,0,0
412.5270378421401,40,5800,0,1
412.5284559337449,7970,222,1,0
412.5346284577268,575,390,0,0
412.56969389371926,392,271,0,0
412.5962363182655,1781,74,0,0
412.6181519238265,274,266,0,0
412.6210366577538,12,398,0,0
412.62105172318564,1336,11,0,0
412.62424230211406,1728,2810,0,1
412.692152388648,1720,764,0,0
412.80297400615655,6,215,0,0
413.2210314967585,9,31,0,0
413.27546337697277,435,195,0,0
413.5977053746832,886,492,0,0
413.6148890377774,11,315,0,0
413.66079854074593,355,139,0,0
415.0063418951997,738,29,0,0
415.0111108329704,17,2890,0,1
415.01757157606465,611,707,0,0
415.23240244158495,702,325,0,0
415.3456634598502,485,284,0,0
415.34635606958693,756,686,0,0
415.62549966112084,11,337,0,0
415.62977321378753,459,202,0,0
415.6346131589765,1506,616,0,0
415.7913534446544,473,248,0,0
415.84468156715667,1794,307,0,0
415.90407139414987,1206,20,0,0
416.2639729521256,609,117,0,0
416.4101565042232,49,175,0,0
416.4102725484824,842,422,0,0
416.4461810383119,1201,503,0,0
416.5306658879384,1487,502,0,0
416.55082903716027,1841,66,0,0
416.5626666500429,573,121,0,0
416.5957267905087,366,152,0,0
416.6277901286361,397,43,0,0
416.64566168153635,74,64,0,0
416.6610749856798,1703,150,0,0
416.6633158549859,11,518,0,0
416.6876018769954,1445,313,0,0
416.6922863389158,277,149,0,0
416.79264873504115,858,459,0,0
416.7993238035993,219,219,0,0
416.8078824856844,780,131,0,0
416.80925592361234,1342,162,0,0
416.8201607828139,3220,306,1,0
416.8761407648437,1282,340,0,0
416.8778910131572,1868,544,0,0
417.05902261082133,1765,772,0,0
417.08000617188407,1033,36,0,0
417.0912760995804,1100,247,0,0
417.16789074219196,134,14,0,0
417.20176744349874,1128,183,0,0
417.20211781032276,1589,128,0,0
417.3288542957546,1479,390,0,0
417.38753764108975,34,239,0,0
417.4030586419774,400,713,1,0
417.4030892186837,375,91,0,0
417.4030964593988,1545,471,0,0
417.4035190988061,9,169,0,0
417.48718344075576,687,397,0,0
417.5989273744648,1380,517,0,0
417.6191470751161,518,3680,0,1
417.63395651902465,949,767,0,0
417.63412646899883,216,120,0,0
417.6486095804798,1079,166,0,0
417.65095336926754,7989,203,1,0
417.6619659536372,8044,148,1,0
417.66392704535195,594,53,0,0
417.7399735803883,595,248,0,0
417.74841892234986,1021,122,0,0
417.78099670363866,3670,400,0,0
417.79550926645027,1734,353,0,0
417.7992567439691,46,155,0,0
417.8000174143339,17,307,0,0
417.80124524531954,7909,283,1,0
417.80380092221503,1195,61,0,0
417.8227819650549,291,247,0,0
418.73275606132995,109,525,0,0
418.7688563481704,971,3600,0,1
418.7821506431464,1607,53,0,0
418.88257055187313,1034,318,0,0
418.88429167448356,1216,4,0,0
418.9139506049003,501,293,0,0
418.9445001436752,200,265,1,0
418.9446924164162,1538,596,0,0
418.97468181121013,82,79,0,0
418.9797518738349,1436,124,0,0
418.99321152676697,153,42,0,0
419.00281633231253,1330,140,1,0
419.02447603391073,1637,767,0,0
419.0279226013565,637,358,0,0
419.12238566987054,529,227,0,0
419.2425142715363,1494,340,0,0
419.24478683923155,1201,80,0,0
419.27154749757113,1521,3940,0,1
419.2820296229348,569,186,0,0
419.50645976763695,4760,501,1,0
419.50994111500415,551,367,0,0
419.53219199025096,39,337,0,0
419.54376171672186,1761,73,0,0
419.5447075318101,1429,167,0,0
419.69160471379024,1684,196,0,0
419.72099125752413,26,620,0,0
419.72240586969536,10,146,0,0
419.8125171015071,37,565,0,0
419.9329348846914,627,149,0,0
419.9336718869857,835,13,0,0
419.9439118272937,1152,538,0,0
419.953247749306,9,230,0,0
419.96410342311026,12,293,0,0
419.97764419069,1580,214,0,0
419.98458616489273,1852,251,0,0
419.985055150545,676,16,0,0
420.0024053131999,2960,359,1,0
420.0035353377524,793,482,0,0
420.00840449925215,985,661,0,0
420.0538095596717,1594,3650,0,1
420.7726074912653,637,149,0,0
421.05053689064067,1137,348,0,0
421.0547936268885,792,195,0,0
421.0665298136786,373,385,0,0
421.35252920956015,188,7,0,0
421.4090792328307,233,478,0,0
421.5209794852995,308,337,0,0
421.52470195776135,214,211,0,0
421.58627099333887,313,229,0,0
421.662302680892,1505,200,0,0
421.99558865297007,543,120,0,0
422.7501742175498,1660,327,0,0
422.75587634967906,1601,278,0,0
423.13312131501897,669,32,0,0
423.1459107282594,621,214,0,0
423.1723745689725,1465,281,0,0
423.5835786736273,30,488,0,0
423.61846478042435,5,27,0,0
423.6877770519797,510,189,0,0
424.3577149154434,8113,79,1,0
426.6258384004304,880,430,0,0
426.72378026431045,1056,378,0,0
426.72690248616055,87,468,0,0
426.7611106703085,1336,210,0,0
426.76825013632936,962,370,0,0
426.7784813037496,953,357,0,0
426.8218894716299,1670,68,0,0
426.83371777257594,1088,268,0,0
426.8533409952802,1105,488,0,0
426.8686324854849,1228,578,0,0
426.8820662858097,1001,476,0,0
426.882460756788,1607,45,0,0
426.8926592898856,604,16,0,0
426.90453430334725,710,280,0,0
427.2750503628295,28,360,0,0
427.3599574358687,763,74,0,0
427.3882535046566,1059,335,0,0
427.3932840093205,457,434,0,0
427.43690452529006,1791,443,0,0
427.437756829666,1923,579,0,0
427.49749120838385,35,295,0,0
427.50124750605295,9,237,0,0
427.5052824585082,8124,68,1,0
427.6649578568032,1065,416,0,0
427.68103491114596,1089,256,0,0
427.69261674225226,781,544,0,0
427.69405636290406,234,314,0,0
427.91959450704985,1276,285,0,0
427.91968542326515,674,194,0,0
427.9617114836373,451,176,0,0
427.99022865743524,3300,681,1,0
428.030469582688,29,122,0,0
428.0351570720043,70,221,0,0
428.03716958732775,1556,238,0,0
428.6223062242391,1494,1050,0,1
428.6651505490891,397,3240,0,1
428.7744299467869,426,66,0,0
428.7750440685935,1024,135,0,0
428.9019845032129,1311,422,0,0
429.2486231609043,1570,58,0,0
429.34123063109536,866,44,0,0
429.34179438704984,1128,165,0,0
429.34340336560524,132,400,0,0
429.34348802724,654,334,0,0
429.3713814683871,272,112,0,0
429.4918830612066,1705,1180,0,1
429.52080714444065,8075,117,1,0
429.5267232636988,1181,181,0,0
429.5290401040268,1220,293,0,0
429.6110399999517,636,120,0,0
429.612970440409,785,373,0,0
430.3392901295688,1465,290,0,0
430.3866850981292,773,25,0,0
430.6725359078828,769,686,0,0
430.69534340457164,518,675,0,0
430.70567687190476,782,735,0,0
430.7532911983479,79,60,0,0
430.7566283946742,8,148,0,0
430.7675365671159,745,21,0,0
430.7806505878804,1288,428,0,0
430.78308922416994,1769,323,0,0
430.8284169609682,57,462,0,0
430.8301265317545,1741,184,0,0
430.8304546724612,1156,1390,0,1
430.8386006294355,2720,6,1,0
430.85011152060616,497,503,0,0
430.8577885560086,14,400,0,0
430.8713952298793,807,655,0,0
430.8902215469404,1582,249,0,0
430.9153266044896,120,52,0,0
430.9304567551248,1735,97,0,0
430.94350511567967,758,199,0,0
430.9440648294464,1347,767,0,0
430.9819056877171,941,151,0,0
431.09613477388285,1641,152,0,0
431.10266640897333,1759,293,0,0
431.1055475303146,1082,677,0,0
431.200120509434,307,360,0,0
431.2046243326451,788,123,0,0
431.22887161019224,1542,375,0,0
431.2745511307965,1504,278,0,0
431.440240101757,389,362,0,0
441.00739136072445,1069,589,0,0
441.0196734367821,7630,562,1,0
441.0196976329956,1450,124,0,0
441.0441228939185,1709,352,0,0
441.0481019621157,358,117,0,0
441.1200111509876,1038,767,0,0
441.161454949661,175,16,0,0
441.2880695003558,597,582,0,0
441.30663391106737,512,153,0,0
441.4305180732777,59,405,0,0
441.4376168814526,1021,81,0,0
441.5278377268217,681,234,0,0
441.5298790898899,453,216,0,0
441.53282193612915,114,730,0,0
441.54765176006936,1021,634,0,0
441.6158151376623,1340,86,0,0
441.6183662298946,1594,713,0,0
441.6364747934647,2910,275,1,0
441.7019246286287,31,605,0,0
441.7763538278033,968,212,0,0
441.77809497433446,150,40,0,0
442.55891424393826,204,13,0,0
442.5672199930448,6810,56,1,0
442.60837919763435,1134,333,0,0
442.99765047527205,1003,330,0,0
443.0014767059669,640,23,0,0
443.0018340685981,768,102,0,0
443.21445753238453,1463,41,0,0
443.21541369615835,1297,381,0,0
443.2397035817463,578,690,0,0
443.2427305195536,964,223,0,0
444.1490330690027,641,201,0,0
444.187854791112,1790,626,0,0
444.8514976758432,7320,86,1,0
444.906097431448,1310,173,0,0
444.9122213644806,1215,708,0,0
445.0292961277409,569,510,0,0
445.0315808176075,1489,47,0,0
445.03735863371026,745,235,0,0
445.1569788596668,273,218,0,0
445.24386480306225,99,129,0,0
445.2464701689186,1072,259,0,0
445.25955949533915,105,30,0,0
445.2714843191339,485,644,0,0
445.27281828150416,776,770,0,0
445.46118080877835,1275,167,0,0
445.4625505313895,577,135,0,0
445.47671156482176,1480,209,0,0
445.4934774903651,654,259,0,0
445.51416281413043,367,136,0,0
445.5141916368429,185,326,0,0
445.5385171057253,1801,389,0,0
445.54342226632866,680,159,0,0
445.80267754065886,1136,80,0,0
445.80351694210765,1117,78,0,0
445.93362729389094,1076,90,0,0
445.9879280830568,578,346,0,0
445.991262024814,1007,225,0,0
446.01861093794435,228,295,0,0
446.08701190594627,1793,316,0,0
446.08824101290384,560,767,0,0
446.0887122784399,219,161,0,0
446.09717593996953,1714,565,0,0
446.1648292056968,753,16,0,0
446.20212326115256,1520,312,0,0
446.2234353208547,1326,87,0,0
446.2287867455502,836,247,0,0
446.23545304066334,684,323,0,0
446.34561858305926,910,532,0,0
446.39967025276974,1809,200,0,0
446.97469873341436,5,192,0,0
447.04694534148615,1408,510,0,0
447.0734942220772,1253,65,0,0
447.0826386761434,261,264,0,0
447.1017499118891,1187,207,0,0
447.5491614828373,361,358,0,0
447.5568103419082,1871,361,0,0
447.5675459283622,24,4270,0,1
447.6030317767141,1950,370,0,0
447.65937249053775,501,57,0,0
447.98583215658795,16,251,0,0
448.0017232480496,595,430,0,0
449.81368730605436,1702,3920,0,1
449.8383883586059,7981,211,1,0
449.87287633709394,617,76,0,0
449.91172258061755,1492,153,0,0
450.2823605092041,7755,437,1,0
450.4274222955818,16,769,0,0
450.4613594624732,279,351,0,0
450.4640331411878,305,223,0,0
450.46552335542526,209,128,0,0
450.504397377604,651,275,0,0
450.5432886170276,1198,366,0,0
450.55927598085606,1588,125,0,0
450.5934267641046,1809,304,0,0
450.5985293144508,3057,185,0,0
450.63377564322434,489,70,0,0
450.94092007359,1446,292,0,0
450.9942791724781,1070,3220,0,1
451.0195845317739,590,316,0,0
451.050396339719,1740,224,0,0
451.2050672059094,1490,590,0,1
451.2108730199266,548,109,0,0
451.2196972064284,476,217,0,0
451.2240151055178,679,217,0,0
451.22459461611936,683,458,0,0
451.5116847565881,513,281,0,0
451.5976670489453,307,143,0,0
451.6017689366489,872,623,0,0
452.4446581621389,7883,309,1,0
452.44925811912395,7889,303,1,0
452.4971772056525,1653,267,0,0
452.5015354890034,1456,100,0,0
452.8276270087008,542,170,0,0
452.8843359024045,934,261,0,0
452.96814064737123,1398,295,0,0
453.04501739652864,353,199,0,0
455.2628989883104,654,280,0,0
455.263102626715,55,254,0,0
455.272312525954,907,25,0,0
455.29996189257037,998,258,0,0
455.3692441740851,1525,525,0,0
455.38859057246265,1293,27,0,0
455.41156342449733,1061,427,0,0
455.5509777910494,542,327,0,0
455.7080022368251,8163,29,1,0
455.71609041732427,1095,271,0,0
456.0296813324276,1179,725,0,0
456.05816468764607,511,500,0,0
456.1007810998891,169,140,0,0
458.0605466025429,7,531,0,0
458.65252019522046,629,151,0,0
458.6530615277158,1213,390,0,0
458.7808708651819,1822,266,0,0
458.9781189186922,385,107,0,0
459.03450526859604,20,190,0,0
459.04218298082844,1127,535,0,0
459.58796265790323,1323,304,0,0
459.59766825220305,1267,2720,0,1
459.62297742535475,603,32,0,0
459.62851696198015,1481,563,0,0
459.6449280695564,334,309,0,0
459.64606597941895,4,26,0,0
459.9019198181494,1374,718,0,0
459.9084673102532,413,143,0,0
459.9337359421781,1803,335,0,0
459.944202008757,327,248,0,0
460.45740444471045,670,543,0,0
462.176557524379,1082,502,0,0
462.2400724859857,332,324,0,0
462.27388873558914,1550,511,0,0
462.3121045188207,1173,247,0,0
462.31536594734075,2077,130,0,0
462.3184125228242,1667,332,0,0
462.32524158960604,1808,248,0,0
462.35142551656526,7821,371,1,0
462.35699355750177,1804,270,0,0
462.3691155207781,29,381,0,0
462.3915967363617,474,355,0,0
462.46757473909474,1415,390,0,0
462.4940540955323,1358,115,0,0
462.4999741475835,72,109,0,0
462.517608538338,1251,350,0,0
462.5189388240234,21,226,0,0
462.72158474896116,12,344,0,0
462.80796501010013,677,331,0,0
462.85769493618864,74,58,0,0
462.8582704069781,7060,347,1,0
462.86797811182066,489,187,0,0
462.89272634322975,5230,37,1,0
462.9010678036138,1064,687,0,0
462.97516844404373,431,314,0,0
462.97604623131053,695,132,0,0
463.032558107943,1657,310,0,0
463.22025919539726,435,117,0,0
463.22704575927673,585,413,0,0
463.23306211183353,7925,267,1,0
463.2348298928804,168,143,0,0
463.2884151390369,761,153,0,0
463.30066217972245,1246,473,0,0
463.3174230592691,726,127,0,0
463.321769276289,1305,479,0,0
463.3701530912723,1272,377,0,0
463.38889011132034,338,49,0,0
463.40113961641686,686,223,0,0
463.4091741160493,1061,540,0,0
463.4456198968342,439,335,0,0
463.4531237463158,1777,15,0,0
463.4575482227513,1503,135,0,0
463.4637035062297,11,227,0,0
463.4697296223642,182,379,0,0
463.4713518175875,720,429,0,0
464.0835697783686,1621,297,0,0
464.4920284789872,1120,219,0,0
464.4926531260482,1235,2270,0,1
464.49668868457496,691,316,0,0
464.49914211033905,1347,294,0,0
464.9017049255923,601,148,0,0
464.9080376703087,1106,90,0,0
464.9496811193853,75,24,0,0
464.95284365874033,1562,115,0,0
464.9628250079985,780,390,0,0
465.0609291609935,910,767,0,0
466.40656071198623,541,228,0,0
466.4317186805099,791,382,0,0
466.755111211223,1021,204,0,0
467.2389279875289,1131,388,0,0
467.51583911036005,5,221,0,0
467.7780858816824,728,124,0,0
467.78268719794914,172,169,0,0
467.9513314710188,418,215,0,0
467.98076769902,216,285,0,0
467.9811511779505,1167,355,0,0
468.0480917676283,1089,198,0,0
468.07137986525765,1876,275,0,0
468.07541935293887,524,267,0,0
468.15485796174914,870,16,0,0
468.1587604573062,115,112,0,0
468.16721242067257,564,118,0,0
468.1739995907233,653,297,0,0
468.50514485951436,9,26,0,0
468.5109647550934,501,300,0,0
469.2355970869855,38,617,0,0
469.2949796636881,208,245,0,0
469.59396960995167,1540,742,0,0
469.6231596750773,115,118,0,0
469.6494027118495,1158,87,0,0
469.68188514642947,1685,478,0,0
469.8008599536775,1114,558,0,0
469.8489899388557,8129,63,1,0
469.972605393273,102,173,0,0
469.97524448634647,1589,319,0,0
470.17669240556904,2605,266,0,0
470.6424415061309,193,120,0,0
470.73950097005877,435,120,0,0
470.8192265216209,490,355,1,0
470.8770837699078,590,373,0,0
470.8847370454246,1411,311,0,0
470.88750943599536,669,43,0,0
470.9040050113376,1137,561,0,0
470.9315745007941,1095,161,0,0
470.9459351214157,822,202,0,0
470.9989994061742,126,174,0,0
471.00541289905266,239,29,0,0
471.02472626754894,1751,66,0,0
471.02783404011205,362,453,0,0
471.02978505142755,964,308,0,0
471.42335239646195,7492,700,1,0
471.46055828417127,1228,108,0,0
471.4764396572886,225,264,0,0
471.47938123208473,8061,131,1,0
471.5285618778984,686,306,0,0
472.43041894327445,1299,161,0,0
472.4352737018433,1571,742,0,0
472.44520987102686,341,222,0,0
472.49115320489864,1566,244,0,0
472.4940749849591,1203,241,0,0
472.4944236695448,64,79,0,0
472.57240251220196,638,2390,0,1
472.58529984861616,1569,309,0,0
472.74492358781396,1678,346,0,0
472.8614001198358,1374,369,0,0
472.8852790558108,7,316,0,0
472.8863480375594,1660,238,0,0
473.1398206429154,279,144,0,0
473.1944973968426,1272,387,0,0
473.2242501680421,1303,276,0,0
473.25036668391056,317,181,0,0
473.2729480481108,1122,340,0,0
473.3299627861175,1299,359,0,0
473.33201579068253,1054,11,0,0
473.3603729939559,145,320,0,0
473.36305934281114,850,182,0,0
473.3668670712177,1112,42,0,0
473.3855038184883,1733,840,0,1
473.39311485481073,785,250,0,0
473.4167289414388,808,343,0,0
473.43402208534644,1146,219,0,0
473.4394118173238,30,390,0,1
473.51106527426043,39,727,0,0
473.5591754057398,1893,18,0,0
473.56926727563285,79,395,0,0
473.57337047084144,1048,198,0,0
473.9144694894933,6740,604,1,0
473.915546228452,1647,694,0,0
473.97227079367855,139,613,0,0
473.97670694164907,1559,217,0,0
474.0669274420826,1189,24,0,0
474.08003842252043,740,366,0,0
474.7714914200522,1191,666,0,0
474.8181885717081,19,290,0,0
474.8280435997604,1078,226,0,0
474.8324816141767,247,38,0,0
474.8976261936079,816,423,0,0
474.91417378854266,1434,96,0,0
474.9148008297733,1120,6250,0,1
474.91631090025254,348,313,0,0
474.9168216758777,1187,207,0,0
475.37209774078525,364,80,0,0
475.66699686889484,1018,243,0,0
475.680990445665,768,699,0,0
475.85462122209896,1554,434,0,0
475.8666823573212,1306,288,0,0
475.87855448485885,789,337,0,0
475.8919876194845,1473,326,0,0
475.95577256400435,1836,755,0,0
475.9612236744962,965,150,0,0
475.9997987477665,17,6,0,0
476.016530757179,25,53,0,0
476.0169386577019,1613,245,0,0
476.01797776491196,571,358,0,0
476.10060136760364,1562,304,0,0
476.1119696502131,345,349,0,0
476.1183695563947,1499,179,0,0
476.1325418119905,469,257,0,0
476.14123565939997,60,595,0,0
476.15633772148334,603,767,0,0
476.25417910477665,934,78,0,0
476.26044962686825,94,165,0,0
476.2922258739559,1346,99,0,0
476.4196113994493,497,38,0,0
476.44584878692183,232,54,0,0
476.44608607485327,1252,396,0,0
476.6613885918349,361,383,0,0
476.66319572326455,594,486,0,0
476.6693545951369,533,609,0,0
476.7252322056055,233,16,0,0
477.47240836131135,1521,2360,0,1
477.5405155474612,1282,150,0,0
477.56241719802296,240,322,0,0
477.5707990426103,156,769,0,0
477.57633596962,7425,767,1,0
477.57867524699947,163,110,0,0
477.6684438631245,301,300,0,0
477.6825168133822,1703,180,0,0
477.70362744094854,576,161,0,0
477.70472143326793,1167,233,0,0
477.7293127671854,82,273,0,0
477.72992516962296,1318,81,0,0
477.77512565583373,1294,465,0,0
478.43993834597524,1245,437,0,0
478.44245251381307,1379,377,0,0
478.44397966630265,1244,357,0,0
478.66135797893014,22,660,0,0
478.66684613834275,229,242,0,0
478.8570128678582,1315,230,0,0
478.8582081423615,1014,394,0,0
478.8908583222633,138,90,0,0
479.00642112869446,1671,320,0,0
479.0420624025147,516,326,0,0
479.0446477974719,768,274,0,0
479.04472725016825,831,133,0,0
479.0586677782545,1805,98,0,0
479.06236355244147,890,292,0,0
479.082874928947,1691,284,0,0
479.56695593746076,121,48,0,0
479.5677216135484,733,356,0,0
479.5763266544343,715,233,0,0
479.64351225858417,7,157,0,0
480.5706020278506,1595,595,0,0
480.5913602634116,640,749,0,0
480.76893271449177,1839,168,0,0
480.77195298250496,1208,197,0,0
480.79303089834445,56,379,0,0
480.8116055837596,252,256,0,0
480.88101900589214,435,187,0,0
480.8982124845455,1070,772,1,0
480.91251225186414,1114,336,0,0
481.0625799186231,34,3570,0,1
481.0831467410076,332,404,0,0
481.097374363349,204,148,0,0
481.12658316890105,13,129,0,0
481.1405373404104,2650,125,1,0
481.27062953205495,492,365,0,0
481.33351971783594,783,474,0,0
481.33675816160167,1148,169,0,0
481.35576893714637,939,57,0,0
481.3563828517086,21,281,0,0
481.3593282373331,973,300,0,1
481.377400462393,556,229,0,0
481.6252169057653,257,386,0,0
481.665184250267,8,278,0,0
481.8173791355372,1054,231,0,0
481.82224891092926,2873,225,0,0
482.08777702225046,405,89,0,0
482.1478333707737,817,5700,0,1
482.1546808459608,1701,183,0,0
482.1626949370169,435,389,0,0
482.1758610768785,991,232,0,0
482.17696092887394,20,450,0,0
482.1779423204997,220,340,1,0
482.18224595043506,943,557,0,0
482.2135829774669,20,185,0,0
482.22849882116316,347,47,0,0
482.7606458800233,1426,446,0,0
482.9044770196226,906,25,0,0
482.91365701852686,158,132,0,0
483.1038418859287,47,37,0,0
483.11252748149604,299,113,0,0
483.124691988671,298,145,0,0
483.1837485319538,1223,215,0,0
485.9283865358359,4,1780,0,1
485.9440231815495,1693,153,0,0
486.91679544605097,1636,152,0,0
486.9311082518503,75,288,0,0
487.1382167701188,1066,480,0,0
487.40369567829583,1879,28,0,0
487.4936983244396,1878,511,0,0
487.5908853813495,182,233,0,0
487.60561764674094,667,492,0,0
487.60654482807786,8172,20,1,0
487.63184283840945,1175,651,0,0
487.65744762396486,1539,281,0,0
488.48366746679216,628,180,0,0
488.5127393414527,600,181,0,0
488.5573998414886,1269,521,0,0
488.62712721455836,1582,9,0,0
488.63315456163633,95,11,0,0
488.66815046040915,1338,114,0,0
488.8581967817498,1872,223,0,0
488.8757216158957,883,206,0,0
488.87812711405314,88,1240,0,1
488.90348897864715,1746,240,0,0
489.0864706940809,1402,589,0,0
489.10484662991337,1048,677,0,0
489.11350159829317,1697,47,0,0
489.2263916601294,150,360,1,0
489.22743604239923,1098,323,0,0
489.25053263262555,620,117,1,0
489.2709600199871,258,40,0,0
489.27490764292486,655,328,0,0
489.2928131262178,916,12,0,0
489.44839455240236,1226,486,0,0
489.57929894300634,210,234,0,0
489.61014251548374,1126,235,0,0
489.8028958777302,1725,302,0,0
489.8735918971209,1900,134,0,0
489.87540634069916,1939,62,0,0
490.01724320003615,628,422,0,0
490.03583349315187,1994,482,0,0
490.06115275840665,1286,130,0,0
490.09033685622035,1623,767,0,0
490.4581739940857,14,107,0,0
490.4665557220586,1777,604,0,0
490.5340702066715,1652,12,0,0
490.55352090609654,932,337,0,0
490.56107125040427,10,34,0,0
490.5619752047543,46,327,0,0
490.6481207742403,1656,134,0,0
490.65594065861865,1460,30,1,0
490.66594663143417,928,353,0,0
490.68353803538434,1029,698,0,0
490.6900192385408,874,309,0,0
490.6908479789723,1633,629,0,0
491.17339216413745,947,361,0,0
491.25249783955235,685,3110,0,1
491.3426566878705,54,337,0,0
491.37645926093904,1019,3220,0,1
491.39460510903785,399,195,0,0
491.42728493838547,692,585,0,0
491.4717921269197,709,291,0,0
491.5246689468946,329,220,0,0
492.0670033868058,185,329,0,0
492.0698090145781,707,565,0,0
492.0711571398277,346,331,0,0
492.07942096086214,1465,273,0,0
492.148769792779,188,89,0,0
492.1787479861406,79,30,0,0
492.17921563272125,29,40,0,0
492.24368877971193,1211,267,0,0
492.59335899234554,224,22,0,0
492.6049787393561,20,265,0,0
492.68675497864353,1868,277,0,0
492.71731385245516,135,170,0,0
492.7227553458359,180,173,0,0
492.94541342248107,1391,693,0,0
492.96488138148834,874,270,0,0
492.966211483452,1048,382,0,0
493.09577843398216,1053,343,0,0
493.0960932106678,651,511,0,0
494.0473900389556,1245,188,0,0
494.0475907242029,9,89,0,0
494.0515518449378,1838,156,0,0
494.0519239395366,1741,305,0,0
494.098700107639,1826,12,0,0
494.31806578825575,1141,268,0,0
494.3191348131081,1049,244,0,0
494.35470968528153,1931,125,0,0
494.35600030246366,764,463,0,0
494.3564346158113,197,106,0,0
494.37663666697784,292,765,0,0
494.5289432635709,484,322,0,0
494.54601199135953,1703,357,0,0
494.5639049252569,758,437,0,0
494.6652951345405,14,330,0,0
494.6976888064104,606,210,0,0
494.7967629154962,314,316,0,0
494.9038692837425,11,84,0,0
494.95026815365844,1669,240,0,0
495.0011134450757,1603,96,0,0
495.07194824951597,15,220,0,0
495.08667211690954,1884,370,0,0
495.09754536253973,74,259,0,0
495.10261789727105,221,163,0,0
495.19940162638824,647,348,0,0
495.20631711563317,1203,107,0,0
495.376535880517,646,78,0,0
495.63659100598306,159,49,0,0
495.6571953886935,778,173,0,0
495.67787021639936,1778,207,0,0
496.09025196632217,224,186,0,0
496.1273693616025,249,47,0,0
497.2320544960216,1306,1370,0,1
497.234394361947,1082,6000,0,1
497.2356289838279,165,226,0,0
497.2708660720726,1199,195,0,0
497.30523310414696,286,566,0,0
497.31680865611656,462,7730,0,1
497.31797244228346,692,649,0,0
497.3407815085546,306,260,0,0
497.35078388171905,947,233,0,0
497.41966765496943,53,56,0,0
497.4568294680959,480,476,0,0
497.4618535496353,1393,30,0,0
497.47214123198825,355,435,0,0
497.58576011944194,557,122,0,0
497.600386866256,990,483,0,0
497.60507135270643,1016,138,0,0
497.61460376914135,546,204,0,0
498.2847887554979,1462,524,0,0
499.8337199934031,447,137,0,0
499.89357097854315,1106,462,0,0
499.9871352234968,540,1950,0,1
500.0429281362305,1047,41,0,0
500.0818606913795,36,67,0,0
500.0822149212994,847,132,0,0
501.79850585061666,237,92,0,0
501.8115649232876,392,79,0,0
501.85705806629517,441,128,0,0
501.92162976489846,1217,625,0,0
501.9253556445011,634,346,0,0
501.9264947165361,255,166,0,0
501.99063225213735,1518,149,0,0
502.027581763582,277,10,0,0
502.09817269711925,54,138,0,0
502.5949044379891,644,770,0,0
502.5973635543912,795,768,0,0
502.6021203430767,883,3000,0,1
502.64234956439475,433,360,0,0
502.81552517697406,1030,278,0,0
503.051606704062,575,504,0,0
503.05550065015944,1890,636,0,0
503.06661746107636,1142,27,0,0
503.07364918778546,7508,684,1,0
503.0770254802133,726,318,0,0
503.12031243840494,14,343,0,0
503.12192632042803,91,25,0,0
503.18778770772064,230,203,0,0
503.19158757336805,1753,40,0,0
504.028010911609,356,86,0,0
504.03485111166924,608,307,0,0
504.1609206161108,1290,306,0,0
504.34134892110245,786,347,0,0
504.3498192161585,859,234,0,0
504.40520515811966,1070,61,0,0
504.44929748061725,812,777,0,0
504.45410920173435,840,160,0,0
504.46746641511123,626,225,0,0
505.9645729050533,1219,772,0,0
506.0135675027304,402,202,0,0
506.08388431393394,145,141,0,0
506.08449486015314,57,72,0,0
506.0849313730643,1085,187,0,0
506.1374951766562,837,638,0,0
506.1471258429748,311,531,0,0
506.1484042886271,1675,771,0,0
506.1518949772141,491,489,0,0
506.15652862151234,1181,277,0,0
506.1569417172405,7640,136,1,0
506.2426678103912,18,338,0,0
506.2429442060962,168,2070,0,1
507.1958702744669,290,86,0,0
507.19629701990937,779,62,0,0
507.19979549084695,1393,241,0,0
507.26730384899554,1197,242,0,0
507.29654982893675,7835,357,1,0
507.4223142627095,420,326,0,0
507.4265498249988,1673,218,0,0
507.4268650448089,750,433,0,0
507.54494028268635,1591,317,0,0
507.5489153658003,1603,232,0,0
507.58235709432677,1380,104,0,0
507.86942901716316,832,282,0,0
508.45015306790987,34,277,0,0
508.4504423464008,1561,279,0,0
508.4982374888875,122,195,0,0
508.4992723819693,219,90,0,0
508.5034536626226,1123,258,0,0
508.5058087532088,705,293,0,0
508.9220895616641,93,470,0,0
508.9498127205677,7622,570,1,0
508.95298685628063,1730,438,0,0
509.0751651453018,979,149,0,0
509.07803409037933,9,206,0,0
509.3717771039894,434,242,0,0
509.3782868287063,24,255,0,0
509.43335720073134,5,228,0,0
509.6741531899586,1875,178,0,0
509.67663947495464,7560,102,1,0
509.77550534753686,598,24,0,0
509.8332955252711,1759,122,0,0
509.8817250703585,7,11,0,0
509.88434397546695,1197,202,0,0
509.9217187411967,5,274,0,0
509.9283318273414,1437,190,0,0
509.9892261695199,1473,165,0,0
509.98970945004976,738,33,0,0
510.00799913926744,391,330,0,0
510.0125752891949,1177,67,0,0
510.0145146306965,971,14,0,0
510.29792458954023,1716,27,0,0
510.3006384561541,276,202,0,0
510.30873596814723,424,177,0,0
510.37432126696507,418,240,0,0
510.3776074374059,782,91,0,0
510.58084085664103,1137,16,0,0
510.5841581533488,319,28,0,0
510.58704728266946,1455,180,0,0
510.59503974867926,1112,524,0,0
510.60494190878524,16,64,0,0
511.1712907422871,854,492,0,0
511.32159962043954,21,29,0,0
511.3330183046128,1126,327,0,0
511.4599563214648,3050,276,1,0
511.4635014529205,16,479,0,0
511.51647613003337,1208,125,0,0
511.5330030628462,1417,211,0,0
511.5395705958641,70,397,0,0
511.853523969856,987,457,0,0
511.9032092942459,276,79,0,0
511.9400217060319,216,101,0,0
511.94097442737166,212,758,0,0
511.95472937837826,1749,598,0,0
511.992463760587,1461,225,0,0
511.9927242890862,451,206,0,0
512.1099123178415,289,220,0,0
512.1242759645398,736,762,0,0
512.1457729368794,138,110,0,0
512.1482023798715,321,363,0,0
512.1486077289669,1685,534,0,0
512.1571997293217,532,368,0,0
512.1661361238724,1880,79,0,0
512.1783680947909,1680,214,0,0
513.249775130095,655,94,0,0
513.2605152537875,43,285,0,0
514.2153100856866,145,350,0,0
514.2231534578933,506,540,0,0
514.3587351260613,867,307,0,0
514.3645323846832,1159,156,0,0
514.3746879968454,1727,301,0,0
515.0188163991647,944,96,0,0
515.0931062882519,1308,272,0,0
515.0943312081741,662,403,0,0
515.2003838038684,334,286,0,0
515.373955811599,101,330,0,0
515.4204344712625,556,343,0,0
515.4251038821299,724,557,0,0
515.4373891511611,578,36,0,0
515.4958278993922,1344,401,0,0
515.524904288119,987,185,0,0
515.5477917954274,121,129,0,0
515.5498298510379,1278,63,0,0
516.2304167325581,384,339,0,0
516.3303486613975,658,263,0,0
516.3331614978482,1111,265,0,0
516.3341894650116,1427,140,0,0
516.4447583672136,1474,325,0,0
516.4602480065233,210,256,0,0
516.460517343523,424,107,0,0
516.4882037271866,1846,707,0,0
516.5207585787259,560,147,0,0
516.5241379021522,1528,256,0,0
516.5277091921064,1320,252,0,0
516.6230443654277,774,293,0,0
516.6251637400288,984,150,0,0
516.6266026103386,149,160,0,1
516.6269031586481,1262,333,0,0
516.6485957143848,966,64,0,0
516.954820963635,173,273,0,0
516.9769425600413,7810,382,1,0
516.977950179631,457,471,0,0
517.0093952658768,1563,231,0,0
517.1171615946424,1253,455,0,0
517.1228314125709,1049,24,0,0
517.1657699946472,574,331,0,0
517.180395463547,1283,166,0,0
518.6649312866695,141,1090,0,1
518.6686737529694,881,160,0,0
518.6692479803892,7863,329,1,0
518.6812945265166,1009,668,0,0
518.9071202500504,1213,614,0,0
518.9280847617741,21,89,0,0
519.1164581220866,685,48,0,0
519.1527289801107,22,275,0,0
519.3843043991155,699,227,0,0
519.398039772172,1192,547,0,0
519.402077333813,1182,417,0,0
519.4050716659917,605,405,0,0
519.4112153702706,409,35,0,0
519.444487527835,355,59,0,0
519.5662197898689,1706,336,0,0
519.5717885024341,1335,452,0,0
519.818326747805,73,1190,0,1
519.825373479987,1052,452,0,0
519.9933442517328,335,694,0,0
519.9985851375692,953,279,0,0
520.0127740728227,907,153,0,0
520.0868580934315,770,212,0,0
520.100345996257,960,195,0,0
529.5041424334357,1030,222,0,0
529.5559879012759,481,243,0,0
529.6702329689155,769,298,0,0
529.6730172934434,1479,1130,0,1
529.6838434433988,1761,437,0,0
529.9685937497462,568,28,0,0
530.1529868374646,821,238,0,0
530.2073434020518,99,64,0,0
530.2506903413814,1023,240,0,0
530.2560046833603,818,709,0,0
530.2865213566357,160,445,0,0
530.2924045946459,1154,234,0,0
530.294166404004,7875,317,1,0
530.3081494765014,1672,257,0,0
530.9023314317407,16,337,0,0
530.9161291741045,809,141,0,0
530.9753693324161,44,516,0,0
530.9793798227005,641,464,0,0
530.9934751949378,290,745,0,0
531.2188721088229,1061,750,0,0
531.2563385478097,5170,349,1,0
531.268022437027,322,750,0,1
531.5570049571676,163,15,0,0
531.5861097718949,1328,358,0,0
531.709656534351,686,767,0,0
533.3096733244661,235,99,0,0
535.5561309544595,344,325,0,0
535.5589438432582,681,704,0,0
535.606139694607,1189,533,0,0
535.6094801283252,7748,444,1,0
535.6310176293937,96,47,0,0
535.6850378166318,856,19,0,0
535.6934433186304,335,221,0,0
536.0191650450002,369,75,0,0
536.0392256577896,1498,602,0,0
536.0400485376696,197,194,0,0
536.0662684640414,398,230,0,0
536.0679136092824,1190,170,0,0
536.0754848048107,448,203,0,0
536.0796666805695,951,730,0,0
536.1006818293077,7622,570,1,0
536.1012944201676,1106,76,0,0
536.1084480002359,396,323,0,0
536.14002671812,348,573,0,0
536.1447742832202,161,169,0,0
536.145454644468,627,203,0,0
536.1890187033136,1588,702,0,0
536.2035814678842,1961,292,0,0
536.2055209593933,1206,571,0,0
536.2067660791497,598,616,0,0
536.2158924536247,1376,324,0,0
536.2750715148799,1836,289,0,0
536.2766945215468,1207,319,0,0
536.2834714205234,846,227,0,0
536.6072206751177,798,452,0,0
536.6223432246929,41,49,0,0
536.6484411934343,1550,465,0,0
536.6659291136692,27,130,0,0
536.9511371159986,251,129,0,0
536.9540012188645,799,645,0,0
536.9742383742436,1053,285,0,0
536.9961227587612,1916,195,0,0
537.0593340893332,7993,199,1,0
537.0713831293879,1925,218,0,0
537.0715742142457,1046,14,0,0
537.0740213226878,469,349,0,0
537.0906246992745,498,257,0,0
537.3715161882084,394,702,0,0
537.3740990269479,1159,85,0,0
537.6712102646547,218,320,0,0
537.6805588781091,990,475,0,0
537.7382038623133,856,161,0,0
537.7748594768702,264,293,0,0
537.7775291732528,11,197,0,0
537.8069665605027,30,740,0,0
537.8136049685091,688,158,0,0
538.0419118680331,1545,249,0,0
538.2900397081331,771,4190,0,1
538.3281658380812,1052,323,0,0
538.3592223342453,7977,215,1,0
538.3901887960527,313,132,0,0
538.644839299433,812,132,0,0
538.67729757071,1084,770,0,0
538.6790560726654,584,206,0,0
538.7189352560318,1707,101,0,0
549.4296411716753,1459,208,0,0
549.4322925446013,1203,215,0,0
549.5139892695416,1260,594,0,0
549.5397598446609,1227,490,0,0
549.8197764319232,176,111,0,0
550.0861787347791,317,336,0,0
550.0982979748894,845,261,0,0
550.2055585455284,379,147,0,0
550.2077430768528,679,5180,0,1
550.2460587202229,1560,498,0,0
550.2469766657038,1861,320,0,0
550.3993261557248,484,455,0,0
550.4061157787968,39,35,0,0
550.4579172004206,723,292,0,0
550.4634517326235,318,2740,0,1
550.5440627862386,822,228,0,0
550.5629662467292,631,745,0,0
550.5669908111904,414,7,0,0
550.6039243002808,926,148,0,0
550.6211389218117,1196,3670,0,1
550.6256679877094,51,70,0,0
550.6321733639135,896,110,0,0
550.6719478226087,702,103,0,0
550.6752424700684,519,346,0,0
550.723110392292,1280,3120,0,1
550.7739972418722,1866,288,0,0
550.7834010827476,11,248,0,0
550.8327047549536,177,175,0,0
550.8355273761139,1548,90,0,0
550.862432977634,269,103,0,0
550.8695358661228,1449,18,0,0
550.973070205708,1870,181,0,0
551.05286515956,308,242,0,0
552.883059607645,105,168,0,0
552.8908790462721,1429,132,0,0
552.9776234488829,560,207,0,0
552.9891651713062,1105,288,0,0
553.068475171325,1900,225,0,0
554.2817860688274,124,336,0,0
554.4973269279596,31,90,0,0
554.5230623895961,1385,483,0,0
554.5464832208503,9,179,0,0
554.5487338964062,718,98,0,0
554.549806276716,996,238,0,0
554.5747957492492,7851,341,1,0
554.5805285810856,740,209,0,0
554.6627467801484,1741,116,0,0
554.6723964592777,1044,214,0,0
554.813210259194,298,571,0,0
554.8193564729252,551,266,0,0
554.824337889291,79,282,0,0
555.4612666617619,244,665,0,0
555.4668658575507,706,506,0,0
555.4871575527537,30,451,0,0
555.5171457103113,23,45,0,0
555.5696446663561,1876,168,0,0
555.569899917265,1566,117,0,0
555.6262825472072,1220,256,0,0
555.6290530123716,225,140,0,0
555.6298054705903,306,335,0,0
555.7267360212222,634,498,0,0
555.728675006213,118,30,0,0
555.8099919829406,1096,443,0,0
556.0251037387047,409,2360,0,1
556.0378766230331,1320,544,0,0
556.0531436984063,955,212,0,0
556.0537799616128,1721,179,0,0
556.0585865283256,20,225,0,0
556.9108157981933,3144,534,0,0
556.9763641406995,1090,553,1,0
557.0650526697208,1058,4,0,0
557.1647729445469,810,364,0,0
557.2287591554438,419,580,0,0
557.3032126693894,600,301,0,0
557.3881564560518,1421,616,0,0
557.3891514076232,4280,455,1,0
557.390138793935,423,285,0,0
557.3984469736753,140,191,1,0
557.4609268368696,959,259,0,0
557.4621314342454,1554,768,0,0
557.5334601662055,1077,2200,0,1
557.5362650787623,40,342,0,0
558.2388902806866,1630,396,0,0
558.3462829407337,7861,331,1,0
560.3120293131237,1579,748,0,0
560.5322179272563,1466,268,0,0
560.5332087106909,2436,140,0,0
560.549872486704,389,351,0,0
560.608561511029,579,382,0,0
560.6642360503723,867,671,0,0
560.671651205963,539,160,0,0
560.6726386219987,1019,468,0,0
560.675330129374,11,252,0,0
560.6839721952487,1501,90,0,0
560.6971226512883,952,38,0,0
560.7021907324237,371,393,0,0
560.7075095311816,1635,2410,0,1
560.7188338592301,1116,484,0,0
560.7720966635815,550,215,0,0
560.7750647009866,1782,228,0,0
560.7899097032434,848,136,0,0
560.8658335881435,910,105,0,0
560.8697253802987,670,125,0,0
560.8781220223829,7943,249,1,0
560.8790678051548,979,714,0,0
560.8899753265455,399,164,0,0
560.901526232472,818,22,0,0
560.9695257633339,364,302,0,0
560.9874771734001,1450,231,0,0
560.9889919970368,784,431,0,0
561.0140967252537,977,375,0,0
561.0161155395431,17,243,0,0
561.0203875857208,679,220,0,0
561.0252044545031,7891,301,1,0
561.9873417802785,1600,483,0,0
562.2548659962744,10,311,0,0
562.2557263270265,566,118,0,0
562.2915410748767,457,166,0,0
562.4307696474427,64,980,0,1
562.5262904272217,1623,116,0,0
562.5432981868374,786,743,0,0
562.5638521537717,773,120,0,0
562.5784525785009,41,28,0,0
562.594513559755,1062,379,0,0
562.6043282982328,1247,215,0,0
562.6061146535191,655,300,0,0
562.693353470525,206,300,0,0
562.6999130387584,462,769,0,0
563.7568347906124,5,94,0,0
563.7880824932181,791,670,0,0
563.8168024533674,1185,172,0,0
563.995311693232,1391,312,0,0
564.0421492524939,362,112,0,0
564.0715760486142,389,1330,0,1
564.0737365391324,761,351,0,0
564.075717562988,800,4830,0,1
564.0772014592321,899,85,0,0
564.2362952145281,876,382,0,0
564.2429794949692,642,475,0,0
564.2635483182006,185,142,0,0
564.2945478052836,1299,147,0,0
564.2979047815742,829,98,0,0
564.3152122668946,22,543,0,0
564.322453223844,515,229,0,0
564.325094415765,1611,1230,0,1
564.333338716683,517,39,0,0
564.3354262068575,1748,18,0,0
564.3484716790118,13,351,0,0
564.3595489902744,1792,316,0,0
564.3794263286777,7970,222,1,0
564.7449484467714,1653,584,0,0
564.7588344277419,17,20,0,0
564.9860918278196,1506,68,0,0
565.1633507315195,1490,248,0,0
565.1695887811134,9,120,0,0
565.173286973308,16,316,0,0
565.1787699475568,448,740,0,0
565.2528279589159,1110,159,0,0
565.2789085317099,378,117,0,0
565.3237464788508,881,500,0,0
565.3863081469349,1124,494,0,0
565.4368425466874,7967,225,1,0
565.6684479615512,1089,343,0,0
565.6689860284695,1321,162,0,0
565.6817289370183,1158,4680,0,1
565.6831890579357,1129,218,0,0
565.926750774275,1268,149,0,0
565.9483769306095,22,23,0,0
565.977132609911,607,221,0,0
565.9793165103591,4752,3440,1,1
566.0059329817004,809,150,0,0
566.0834209032832,1166,281,0,0
566.0953460117544,700,14,0,0
566.1331253683232,1138,657,0,0
566.1676920268117,199,275,0,0
566.1697429604797,1040,2660,0,1
566.1983508822387,7862,330,1,0
566.2117466496627,7,301,0,0
566.2163445126904,786,226,0,0
566.5001681961824,740,22,0,0
566.5898432952073,1738,89,0,0
566.6092333514312,647,190,0,0
566.6203022401685,1883,10,0,0
566.7901943685364,791,281,0,0
566.7940900256837,1204,667,0,0
566.8607211450466,173,76,0,0
567.1218828283093,270,87,0,0
567.1232592423611,840,219,0,0
567.1397608843205,82,194,0,0
567.1406275439798,475,191,0,0
572.6383963922306,460,15,0,0
572.651034815183,741,346,0,0
572.6961050252185,95,595,0,0
573.0439272106257,1035,211,0,0
573.0477892104652,724,65,0,0
573.0935799810864,34,93,0,0
573.0968402831422,560,419,0,0
573.8315317211122,115,84,0,0
573.8487640246673,1675,343,0,0
573.900234867665,969,357,0,0
573.9231310021387,1039,318,0,0
575.221421964553,1492,4450,0,1
575.2640433273305,768,5650,0,1
575.2758751531405,722,42,0,0
575.2804071795324,236,222,0,0
575.3316963479243,901,2870,0,1
575.333969848831,317,769,0,0
575.3674770307451,1004,19,0,0
575.3804444442718,14,286,0,0
575.4024750430502,1694,12,0,0
575.405664583029,695,583,0,0
575.4117678969284,235,259,0,0
575.4148880795901,452,353,0,0
575.4362059770577,1344,246,0,0
575.8357576188388,1504,341,0,0
575.9429869200034,1293,638,0,0
576.0614610299973,1705,156,0,0
576.6954665872149,417,280,0,0
576.6959948521023,1891,337,0,0
577.0314265853302,352,280,0,0
577.0340875059834,23,274,0,0
577.2202956512173,328,1200,0,1
577.2368845150675,929,184,0,0
577.3084010580156,210,173,1,0
577.3084962397405,446,227,0,0
577.3113509503631,12,194,0,0
577.3285336727611,729,100,0,0
577.4171841988464,391,322,0,0
577.4206626767842,133,301,0,0
577.4207851352893,49,6300,0,1
577.4229216296204,11,240,0,0
577.4263592342082,7640,54,1,0
577.5012526088566,569,252,0,0
577.5026601356604,443,207,0,0
577.6475602399837,215,1060,0,1
577.6662657836953,30,38,0,0
577.6836928187257,10,53,0,0
577.721765712107,1017,395,0,0
577.8240583957753,420,564,0,0
577.8568081415586,298,54,0,0
577.8653328775714,334,141,0,0
577.8740400848575,287,286,0,0
577.8924553275655,10,284,0,0
577.9121484651943,296,2760,0,1
577.9167665988772,841,429,0,0
577.9471379950227,149,246,0,0
577.9617467774779,795,79,0,0
577.9817415844956,1432,157,0,0
577.9962242037074,712,7480,0,1
577.9970062545102,3734,137,0,0
578.0018641783427,356,196,0,0
578.0137313573931,1258,249,0,0
578.0185605203131,257,171,0,0
578.0340959209232,161,102,0,0
578.0765390434397,52,269,0,0
578.9270443326602,659,129,0,0
579.1667155752874,582,610,0,0
579.1705520712953,528,268,0,0
579.1815889958707,907,317,0,0
579.1894066067315,288,347,0,0
579.1934551653972,1117,276,0,0
579.1962957602586,12,300,0,0
579.2029835327238,1557,286,0,0
579.2361405294868,357,223,0,0
579.4070562014527,1477,132,0,0
580.6986897007083,1223,530,0,0
580.8739413132254,1654,232,0,0
580.8784951847995,4220,28,1,0
580.8879678395222,569,339,0,0
580.9640963260165,388,460,0,0
581.0498628682077,934,278,0,0
581.1896702781013,532,263,0,0
581.1903896429026,802,344,0,0
581.2525607296802,1566,543,0,0
581.2633901021225,468,414,0,0
581.3782749152872,1490,681,0,0
581.3827307542465,1156,731,0,0
581.4322088999412,1188,232,0,0
581.4362946932215,1615,318,0,0
581.5983339155974,140,371,1,0
581.6108459733772,29,148,0,0
582.4828245416044,15,228,0,0
582.4834886254419,1570,187,0,0
582.4845548401759,862,1360,0,1
582.6614453026457,463,182,0,0
582.6926324061834,68,48,0,0
582.7112007544182,851,201,0,0
582.7170857125237,41,2970,0,1
582.759413551895,23,352,0,0
582.8190103850058,6,195,0,0
582.8349637943303,6,106,0,0
582.9041335745205,1086,333,0,0
583.8458407729318,205,313,0,0
583.885799335042,65,372,0,0
584.2422431138484,440,222,0,0
584.2526912750723,376,230,0,0
584.259915972167,548,184,0,0
584.2637821866131,427,258,0,0
584.265446752119,961,308,0,0
584.2691687357974,466,167,0,0
584.2747245015224,1292,162,0,0
584.3173314112389,13,299,0,0
584.3182992719906,864,364,0,0
584.5843804738261,1150,477,0,0
584.5851757633584,1668,350,0,0
584.6548970584428,1199,328,0,0
584.6945231483669,1459,735,0,0
584.7295666497478,439,260,0,0
584.7383554787735,804,232,0,0
584.7972612693574,990,216,0,0
584.7974908398779,1468,105,0,0
585.3230296491846,1326,269,0,0
585.3735571345941,1492,308,0,0
585.4276156097094,890,284,0,0
585.4464663870884,39,55,0,0
585.4487421065627,632,586,0,0
585.4560690842859,1076,271,0,0
585.4571426841662,1152,263,0,0
585.4700221441013,720,405,0,0
585.5179539524878,723,76,0,0
585.5186250231727,1776,352,0,0
585.6625122617617,887,627,0,0
585.6784279078131,1066,310,0,0
585.6883391550024,655,344,0,0
585.7610511448826,69,371,0,0
585.7728275724045,822,4510,0,1
585.7853518211267,37,155,0,0
585.8054335876463,385,377,0,0
585.8092444443414,1862,359,0,0
585.823640896749,939,234,0,0
585.8245531555214,839,398,0,0
585.8470467509569,1283,280,0,0
586.4754460388133,67,482,0,0
586.5063995460898,663,35,0,0
586.5524487634713,6,242,0,0
586.6027222591124,13,700,0,0
586.6048294783074,49,121,0,0
586.6114190600383,244,346,0,0
586.6313877158785,522,204,0,0
586.6487722686433,1385,26,0,0
586.6519882324975,286,338,0,0
586.6600057312287,673,2740,0,1
586.6732709641918,1203,107,0,0
586.7007982400708,1265,225,0,0
586.7014308993106,1082,349,0,0
586.7464786128324,1233,498,0,0
586.7845193752638,1103,397,0,0
586.7900119507641,1371,696,0,0
586.7902321892282,459,187,0,0
586.8022321141209,671,767,0,0
586.8030774048598,745,723,0,0
586.8824782245107,3510,24,1,0
586.8849806628148,5430,611,1,0
587.0224209823107,59,346,0,0
588.1188513593805,16,244,0,0
588.254926971423,1061,94,0,0
588.2834546222642,12,258,0,0
588.2868956909248,433,9,0,0
588.3031458243386,1584,365,0,0
588.3210545312273,3232,4960,1,1
588.3236969618466,1695,227,0,0
588.323811232881,417,406,0,0
588.332716028637,1753,89,0,0
588.3817460632547,1156,2650,0,1
588.404803130764,1145,180,0,0
588.4143418147123,1717,263,0,0
588.417795371632,1207,178,0,0
588.4395658900268,260,238,0,0
588.6158290975908,361,175,0,0
588.6158803422101,1324,212,0,0
589.0020736361639,1703,394,0,0
589.0100554395113,69,497,0,0
589.0218994953938,1019,200,0,0
589.0347751651432,1426,120,0,0
589.0361407859793,415,293,0,0
589.1962421270697,2900,159,1,0
589.1966480526031,918,38,0,0
589.2405326329929,53,3570,0,1
589.2408498891826,699,599,0,0
589.3494898178251,424,393,0,0
589.3527298949481,480,32,0,0
589.4183671562388,424,237,0,0
589.4966835975627,500,242,0,0
589.7594959585738,661,298,0,0
589.7779924875634,1323,328,0,0
589.8326752927611,347,696,0,0
589.9345711064346,131,30,0,0
589.9402592721382,32,160,0,0
589.9518917475099,1148,105,0,0
591.4463182804028,223,63,0,0
591.4465966640158,1409,313,0,0
591.8063418742188,5690,231,1,0
591.8258291737368,574,766,0,0
591.8331528755523,313,570,0,0
591.8340028780655,1489,266,0,0
591.8551026914074,575,375,0,0
591.9618446062151,1106,179,0,0
591.977597137843,1140,26,0,0
592.4546560628401,576,158,0,0
592.4587594214718,904,34,0,0
592.4670966225542,1103,447,0,0
592.484839652898,969,12,0,0
592.4907446123958,14,75,0,0
592.5121849553203,1553,244,0,0
592.5163264278875,522,2040,0,1
592.5181013752654,1386,553,0,0
592.5243047633795,1400,75,1,0
592.5736654056686,873,142,0,0
592.6655581237479,99,170,0,0
592.6686001074918,355,1930,0,1
592.8517036772098,309,763,0,0
592.8740893964833,916,231,0,0
592.8894993851999,378,156,0,0
592.8925929488569,746,279,0,0
592.9138737679008,1184,327,0,0
592.921606084535,1121,276,0,0
592.9247464537724,460,396,0,0
593.0035618919246,2873,225,0,0
593.0704354447672,348,93,0,0
593.0892014346568,250,28,0,0
593.241694305641,1584,245,0,0
593.348430140816,61,576,0,0
593.4128727170039,1750,691,0,0
593.4391787323952,1564,625,0,0
593.4430164298283,23,166,0,0
593.4617214318314,1513,241,0,0
593.5406675879208,64,79,0,0
593.5625416571365,784,412,0,0
593.5840220058502,1139,2080,0,1
593.6153755099991,385,353,0,0
593.7334582889006,392,3050,0,1
593.7370428794925,32,380,0,0
593.8266140810567,1346,2870,0,1
594.2441241263282,1404,732,0,0
594.2452708324544,873,145,0,0
594.2472660601667,213,98,0,0
594.2725284788825,571,525,0,0
594.6050421925443,26,246,0,0
594.9254149724208,604,273,0,0
595.0154180648209,166,224,0,0
595.0906522067321,513,350,0,0
595.1169998322453,1115,536,0,0
595.1480196013335,235,227,0,0
595.4139026255516,410,344,0,0
595.4170307657872,86,290,0,0
595.4283598454592,173,25,0,0
595.4843838665338,1364,236,0,0
595.9162257543054,492,7700,0,1
595.9200591213945,644,116,0,0
595.9340085533812,617,282,0,0
595.9763086512106,1029,700,0,1
596.0610303761472,10,368,0,0
596.778292661027,408,191,0,0
596.8942591864983,400,332,0,0
596.9016521090346,6,307,0,0
596.9046541415158,410,144,0,0
596.9063369357547,579,354,0,0
596.9074274020321,1483,717,0,0
596.9210170267597,1505,123,0,0
597.8468342034033,809,773,0,0
597.8743739774985,536,170,0,0
597.8819057553821,341,134,0,0
597.9044883547317,735,42,0,0
597.9131801515118,745,283,0,0
598.3885983899089,1859,769,0,0
598.4403973058137,725,723,0,0
598.4460628085078,94,533,0,0
598.4828734849402,1333,381,0,0
598.5350431957525,788,185,0,0
598.5396169946744,1231,370,0,0
598.5420802107567,1200,207,0,0
598.5614038578058,946,769,0,0
598.5615746058911,443,480,0,0
598.5630742231766,902,300,0,0
598.5986504016396,1513,662,0,0
598.6741033180742,1828,467,0,0
599.1513532893007,909,475,0,0
599.1973997121304,311,161,0,0
599.2210680988252,1314,202,0,0
599.2297954822856,642,539,0,0
599.2382555786121,750,87,0,0
599.3670587575137,6130,104,1,0
599.4114148713767,733,320,0,0
599.5620225083782,72,25,0,0
599.5695149043436,1610,618,0,0
599.6885122056044,246,113,0,0
599.69026914164,109,12,0,0
599.6911296091358,28,101,0,0
599.8512520101161,1862,153,0,0
599.953824109739,9,219,0,0
600.1001011657028,638,129,0,0
600.1089371999722,946,27,0,0
600.1861063689589,770,285,0,0
600.2164697398196,722,283,0,0
600.2182427123732,7822,370,1,0
600.2683384505021,1498,315,0,0
600.2693107724015,1046,96,0,0
600.3036747390453,1450,57,0,0
600.3537336982791,17,266,0,0
600.3569167666741,145,141,0,0
600.442447587618,1554,769,0,0
600.4451955374182,332,470,0,0
600.4476029681514,457,369,0,0
600.5178037479734,1850,214,0,0
600.5378245608298,859,80,0,0
600.5390250206713,855,480,0,0
608.4536893936364,250,270,0,0
608.5172737293767,928,154,0,0
608.5731630293977,32,275,0,0
608.592339917563,1831,461,0,0
608.5977454613021,19,697,0,0
608.6152668557673,1701,356,0,0
608.6296170513629,578,684,0,0
608.6365375463321,1309,483,0,0
608.6416669967865,851,387,0,0
608.7151981148377,439,197,0,0
608.7194209727211,949,314,0,0
609.0409275701879,1073,11,0,0
609.1724424375998,18,6,0,0
609.1827314730252,1706,148,0,0
609.2051022993123,1152,182,0,0
609.2098187163455,22,143,0,0
609.2324092934354,915,188,0,0
609.2598150623706,999,410,0,0
609.2906896203147,620,535,0,0
609.3255103561337,453,331,0,0
609.3761049548381,530,16,0,0
609.4591506552173,185,732,0,0
609.4654746823968,980,74,1,0
609.4912225204911,475,280,0,0
609.4938086645802,276,145,0,0
609.4939579553619,164,1390,0,1
609.4965831229033,932,366,0,0
609.4999778591723,1002,350,0,0
609.5036817089575,1661,410,0,0
609.6405754578595,1437,108,0,0
609.6486854167687,359,123,0,0
609.8565615116281,1523,200,0,0
609.8632562902735,875,345,0,0
609.8668598635364,611,187,0,0
609.8825647523634,833,74,0,0
610.551183915519,1311,14,0,0
610.5528583921673,305,276,0,0
610.588815706502,311,274,0,0
610.7009319220821,19,128,0,0
610.8281905018074,940,73,0,0
610.8350252130762,1459,594,0,0
610.8894009929709,11,469,0,0
610.9211910042645,454,185,0,0
611.6244683510433,1041,269,0,0
611.6532595929555,960,332,0,0
611.6650947308957,129,98,0,0
611.6691607409671,296,377,0,0
611.7004508374507,1157,103,0,0
611.7011027862518,1384,477,0,0
611.7013362109544,481,467,0,0
611.7046905985907,888,399,0,0
611.8180895596772,11,202,0,0
611.8435680280663,1091,235,0,0
611.853432961844,889,297,0,0
613.304169675735,6880,32,1,0
613.3334386513923,766,392,0,0
613.4778466902596,96,351,0,0
613.5147524056277,1209,2170,0,1
613.5207585820195,1784,292,0,0
613.5693867740177,19,62,0,0
613.575986018741,881,306,0,0
613.5764319837047,1352,62,0,0
613.5830201173707,918,420,0,0
613.5837485411082,793,3240,0,1
613.6226099571983,768,167,0,0
613.6435357634082,34,254,0,0
613.6472714038606,26,2470,0,1
613.6478792020047,741,33,0,0
613.6504215411738,509,322,0,0
613.7208874645842,539,265,0,0
613.7600564468344,1039,3310,0,1
613.835159488456,1576,677,0,0
613.8367273352092,1375,347,0,0
614.1787491422338,338,364,0,0
614.3328142953925,613,37,0,0
614.3574611000016,4,247,0,0
614.3672538978313,1298,104,0,0
614.719596897689,92,22,0,0
614.726990146001,742,238,0,0
614.8339877349723,1665,769,0,0
614.8359919213598,6540,138,1,0
614.998229412293,618,369,0,0
615.3354060347584,1448,7,0,0
615.3438501834248,524,191,0,0
615.3453739921875,3602,770,0,0
615.3460037203915,199,85,0,0
615.3605523351018,1565,120,0,0
615.3748514375189,1486,244,0,0
615.4186826138766,1305,266,0,0
615.4214175988396,1303,121,0,0
615.425826733446,1656,699,0,0
615.5193436060977,8118,74,1,0
615.5325357366373,454,298,0,0
615.5613794490015,341,161,0,0
615.9765252774957,741,2370,0,1
615.9771741031815,7425,767,1,0
616.7608582091381,1459,205,0,0
616.7901346499963,941,339,0,0
616.8004256049928,946,53,0,0
616.8066105498772,155,489,0,0
617.0411882504856,209,61,0,0
617.0447490569612,913,267,0,0
617.4872831223671,930,393,0,0
617.5389763721065,1141,69,0,0
617.5431896139222,1775,297,0,0
617.5651273175641,88,371,0,0
618.0287914780265,430,532,0,0
618.0333632786235,1113,147,0,0
618.0524188301245,4070,370,1,0
618.093605865699,1772,589,0,0
618.0941459403907,759,655,0,0
618.12586695355,986,62,0,0
618.129541837756,287,278,0,0
618.1300316550232,1380,434,0,0
618.1406510971677,887,142,0,0
618.1599059322052,181,367,0,0
618.1993343773466,394,211,0,0
618.2409775628547,1265,64,0,0
618.2412905202148,839,2190,0,1
618.2444790309459,647,284,0,0
618.2563175232983,800,102,0,0
618.534398812233,517,5450,0,1
618.8871548784055,507,357,0,0
618.970328418796,418,453,0,0
619.0301367425177,1186,284,0,0
619.0916940673675,1339,251,0,0
619.0945006798478,906,158,0,0
619.0969455075176,938,749,0,0
619.1002813016828,1093,87,0,0
619.6817892113347,798,262,0,0
619.7206867177587,1873,13,0,0
620.5837211308415,440,114,0,0
620.7037018725704,1150,223,0,0
620.7133143394169,1338,4520,0,1
620.7162849854711,253,238,0,0
620.718068341027,561,279,0,0
620.8103890750212,1135,45,0,0
621.0848564646558,537,222,0,0
621.0868375368057,483,378,0,0
621.1155404235108,25,164,0,0
621.1158139124494,1365,258,0,0
621.895484280546,351,592,0,0
622.1452531805463,135,93,0,0
622.1487099586934,14,275,0,0
622.4681006221311,1102,276,0,0
622.4684133770627,359,42,0,0
622.5291315140629,710,141,0,0
624.0450824398233,556,208,0,0
624.0593918202338,633,128,0,0
624.1224698194778,81,205,0,0
624.1249422616402,468,240,0,0
624.1260633111885,19,21,0,0
624.140780145193,689,140,0,0
624.1410079074227,8,80,0,0
624.1813877282292,319,391,0,0
624.2454184254332,7832,360,1,1
624.2494651888513,383,256,0,0
624.2633443286592,13,233,0,0
624.3199732670374,1663,230,0,0
624.3257446906296,601,525,0,0
624.3258607609839,1686,213,0,0
624.3532661451579,1289,173,0,0
624.3636296154313,423,285,0,0
624.3820367883261,97,671,0,0
624.4214697828622,940,461,0,0
624.5107356235251,278,204,0,0
624.5246871125393,1404,232,0,0
624.5510503479962,611,653,0,0
624.5523071411908,309,405,0,0
624.5810383257707,1784,117,0,0
624.6095228049933,309,55,0,0
624.9935764344526,268,315,0,0
625.0122372399654,469,310,0,0
625.0147067547296,1725,256,0,0
625.0427668237456,644,311,0,0
625.0458899179156,380,347,0,0
625.1400369136551,874,189,0,0
625.1419350125271,170,152,0,0
625.2194792325066,773,346,0,0
625.2214955247706,3660,270,1,0
625.2572970852656,1266,100,0,0
625.2673196380523,1141,218,0,0
625.3442782567399,167,264,0,0
625.3538187520711,22,26,0,0
625.8897820313847,611,260,0,0
625.9173966784431,581,32,0,0
626.9365818059404,1619,432,0,0
626.9529483226813,583,418,0,0
626.9574684978229,818,221,0,0
626.958271699307,1400,313,0,0
626.9679744801681,8155,37,1,0
627.299370176666,1562,62,0,0
627.4828456203024,22,137,0,0
627.4978629058355,1905,202,0,0
627.5054874726515,783,257,0,0
627.5087584444276,13,4,0,0
627.5089820624767,1486,227,0,0
627.5225016423392,286,154,0,0
627.5413770515426,1055,103,0,0
627.5414585677519,282,436,0,0
627.5566056540072,325,155,0,0
627.6698486154415,13,85,0,0
627.678492805271,52,443,0,0
627.6812095546724,1608,119,0,0
627.6824263420314,1074,462,0,0
627.7339667981101,538,57,0,0
627.734811099175,1483,717,0,0
627.7466542471215,283,149,0,0
627.8530591375456,1317,286,0,0
627.9106986679996,26,19,0,0
627.9160027351683,83,2130,0,1
629.0440504268144,375,767,0,0
629.1652123510491,7910,282,1,0
629.173696891341,541,268,0,0
629.3575767660152,21,231,0,0
629.3649435375888,7788,404,1,0
629.3781369574009,60,48,0,0
629.3869179599526,163,590,0,1
629.4074132479581,875,768,0,0
629.4181320546777,1318,734,0,0
629.4390816090462,1504,241,0,0
629.4447025511405,968,2720,0,1
629.4454677876274,1197,6,0,0
629.9383885944803,801,85,0,0
630.0880885254304,494,13,0,0
630.0927189998614,1635,389,0,0
630.1898762425119,76,330,0,0
630.190378326464,687,870,0,1
630.1949866589102,1537,144,0,0
630.203324298535,329,363,0,0
631.7935169223797,933,262,0,0
631.8825651349753,712,121,0,0
631.883346420621,1015,459,0,0
632.0853845900607,297,243,0,0
632.0954134735246,960,411,0,0
632.0971835259938,8012,180,1,0
632.1068861674335,1140,55,0,0
632.1299744989601,500,281,0,0
632.147117082286,1398,113,0,0
632.1933870284151,1453,356,0,0
632.1946835567609,514,471,0,0
632.1957545430995,1462,390,0,0
632.1966322995337,1390,378,0,0
632.215862082778,1481,313,0,0
632.2167588860711,11,234,0,0
632.2168378180759,21,292,0,0
632.2174159690398,759,608,0,0
632.2375878300804,1407,82,0,0
632.5269408784408,1630,533,0,0
632.5340916341444,710,10,0,0
632.5538867213459,1910,344,0,0
632.5539221685578,174,322,0,0
632.556450639827,1184,335,0,0
632.5727660066395,46,52,0,0
632.5730206992588,340,344,0,0
632.5744056869532,414,21,0,0
632.5751639770464,624,607,0,0
632.5774057328019,876,294,0,0
632.58347501529,1822,660,0,0
632.668990079249,233,139,0,0
632.7405676019725,927,84,0,0
632.760106884854,1157,288,0,0
632.913504790183,1124,67,0,0
633.0132903244937,926,315,0,0
633.0218913226975,951,207,0,0
633.1272737554922,782,218,0,0
633.1304320282769,332,266,0,0
633.1351358773452,245,111,0,0
633.1401077993422,874,101,0,0
633.3990410515204,1769,138,0,0
633.9066236608508,1726,430,0,0
633.9186175516028,523,43,0,0
633.922596131109,1618,59,0,0
634.3928058917438,777,226,0,0
634.393994640644,785,260,0,0
634.5326672501884,127,379,0,0
634.6686768258941,1489,649,0,0
634.6714527661012,77,324,0,0
634.7503218022216,7815,377,1,0
634.752879686045,1250,447,0,0
634.7776743656789,4,218,0,0
634.7839052013517,1645,369,0,0
634.8136235357416,840,58,0,0
634.8200488928635,34,767,0,0
634.8224733292735,951,505,0,0
634.8438848004374,500,299,0,0
634.8931502522203,233,149,0,0
634.9237165601421,1100,231,0,0
634.9254326680589,844,231,0,0
635.2560266399414,7320,556,1,0
635.262727444867,703,194,0,0
635.3040252857925,80,691,0,0
635.3049066099954,1158,87,0,0
635.3240376254985,722,307,0,0
635.3277952941324,723,767,0,0
635.3384315613054,167,679,0,0
635.4227881230971,1161,244,0,0
635.4321685009519,1342,412,0,0
635.4432530770573,502,389,0,0
635.5273876010001,888,374,0,0
635.594169966159,583,295,0,0
635.5984375041938,1123,93,0,0
635.6053447836015,7872,320,1,0
635.6150616910935,898,243,0,0
635.6188693178191,342,342,0,0
635.6254136514641,615,270,0,0
635.6942055300648,199,307,0,0
635.6976355239394,292,152,0,0
635.7321067510123,852,570,0,0
635.7354497870521,514,768,0,0
635.7359037996204,7828,364,1,0
635.7544823690702,709,275,0,0
635.7860278884003,481,438,0,0
635.82575615775,443,258,0,0
635.8568936962636,887,529,0,0
635.8840464983767,454,2630,0,1
635.8844991595715,36,368,0,0
635.8967033437589,15,262,0,0
635.9834716180811,1055,268,0,0
636.0517191298293,1168,270,0,0
636.0585720849738,1722,399,0,0
636.0846233955859,7945,247,1,0
636.1465223173111,1545,766,0,0
636.1590091707054,868,5550,0,1
636.1856872252822,3240,246,1,0
636.2728864861974,800,483,0,0
636.3108586020714,10,265,0,0
636.3193642767566,618,152,0,0
636.3202017069748,129,77,0,0
636.3247175715894,766,181,0,0
636.5543178310553,191,160,0,0
636.5792623835899,1440,416,0,0
636.8429351270304,997,623,0,0
636.8558633849415,794,354,0,0
637.3887289576764,1851,694,0,0
637.3913367255398,387,3730,0,1
637.391647568171,89,489,0,0
637.4468876121975,1758,309,0,0
637.4582912549456,1694,37,0,0
637.516584048932,880,224,0,0
639.4085668096421,1724,335,0,0
639.4377197672749,700,1410,0,1
639.5097969440723,282,506,0,0
639.509970305765,481,592,0,0
639.5356295809099,607,265,0,0
639.5404539184782,21,148,0,0
639.5545894924318,560,705,0,0
639.7441423671401,473,238,0,0
639.8921798022851,52,52,0,0
639.8938103990154,80,424,0,0
639.9148310846219,1283,285,0,0
640.2690595642413,1328,168,0,0
640.4511895322732,551,346,0,0
644.1187604115893,860,3360,0,1
644.1205252012132,1714,636,0,0
644.1659178010412,3290,358,1,0
644.1672028274309,14,663,0,0
644.7588759449937,289,129,0,0
644.8887562069061,21,320,0,0
645.3810648848622,1630,252,0,0
645.398686987474,1600,199,0,0
645.7779784501181,724,656,0,0
645.7784207900946,699,64,0,0
645.8242675984046,1264,350,0,0
645.8270761088954,2018,593,0,0
645.8341093921525,1090,179,0,0
645.8368368383776,1447,315,0,0
645.8688487187409,49,161,0,0
645.8830445958541,133,351,0,0
645.8854402455428,1082,593,0,0
645.8910040724099,635,146,0,0
646.2946710671565,1572,2690,0,1
646.3076808804605,7861,331,1,0
646.428302479015,382,296,0,0
646.4298547869361,1117,83,0,0
646.482161377541,490,239,0,0
647.849667448337,402,25,0,0
647.8559165028108,1311,192,0,0
648.2325970923777,1327,484,0,0
648.2345330284545,248,170,0,0
648.2405472550649,14,3350,0,1
648.2477949201635,467,104,0,0
648.4703866079217,1690,759,0,0
648.476781755335,306,232,0,0
648.5083851596244,4,67,0,0
648.540360819131,426,208,0,0
648.6343249819564,865,174,0,0
648.7077274555812,410,501,0,0
648.7876487513008,3810,492,1,0
648.7921311109762,230,286,0,0
648.8493840755378,8116,76,1,0
648.8529258223223,1353,353,0,0
649.0198530923096,7,1000,0,1
650.8514113638472,1788,298,0,0
650.9539480842027,2510,92,1,0
650.9589610559897,809,309,0,0
650.997964185693,515,194,0,0
651.5708139701542,15,59,0,0
651.5797731270728,898,71,0,0
651.591769500933,1325,181,0,0
651.5921785900755,365,70,0,0
651.6316913726658,710,10,0,0
651.6754609528133,444,391,0,0
651.7639373807249,808,490,0,0
651.7985417036336,1213,393,0,0
651.8042672770822,1575,167,0,0
651.8137084542907,437,169,0,0
651.983720148378,94,205,0,0
651.9863261489805,1422,65,0,0
652.089329846404,794,564,0,0
652.2856647728426,7,223,0,0
652.2967395847564,7811,381,1,0
652.3002984711162,244,293,0,0
652.5173733795604,1224,231,0,0
652.5207736169042,744,161,0,0
652.5636960578195,1023,6790,0,1
652.5872868406582,344,282,0,0
653.8176854943637,854,253,0,0
653.8187356273885,2220,10,1,0
653.8546290733927,413,348,0,0
653.8725524843269,435,424,0,0
653.8731586576599,1208,19,0,0
654.0148864506727,135,146,0,0
654.0971298185101,235,214,0,0
654.3769650665525,405,271,0,0
654.4017774672664,13,325,0,0
654.4139252432577,622,12,0,0
654.4139991610591,1997,190,0,0
654.4258695682777,1427,211,0,0
654.5177686499962,768,200,0,0
654.5707328705106,438,380,0,0
654.6838707857289,1841,186,0,0
654.774028277067,1452,653,0,0
654.7949356517776,236,124,0,0
654.909868885813,486,260,0,0
655.1138321780455,266,276,0,0
655.7590286011922,1680,269,0,0
655.9410614298384,827,340,0,0
655.9424444303788,2190,266,0,0
655.9570079296882,287,295,0,0
655.9645392126097,8,19,0,0
655.9769684069745,1237,140,0,0
655.9895238867028,775,133,0,0
655.9971300858048,1140,489,0,0
656.042225435564,860,221,0,0
656.0463980726498,1603,105,0,0
656.1565763518573,1527,398,0,0
656.1650791972017,557,28,0,0
656.2248092527758,1418,30,0,0
656.7928064616729,260,191,0,0
656.798047142045,65,37,0,0
656.8022732563682,1868,544,0,0
656.8435054831568,607,205,0,0
656.8490314304106,80,212,0,0
657.0653625245766,1650,769,0,0
657.0703779757764,221,66,0,0
657.0719193330174,259,298,0,0
657.0725033286006,440,407,0,0
657.1220512720066,1367,360,0,0
657.1410332994028,6270,577,1,0
657.1898507806942,1842,84,0,0
657.195909977924,914,62,0,0
657.3569527227918,430,723,0,0
657.409327128998,1961,438,0,0
657.4565008157908,837,81,0,0
657.4651453633327,1809,3190,0,1
657.5675499594117,321,77,0,0
657.69591617403,1531,768,0,0
657.7151095947302,1301,654,0,0
657.7229982370127,1437,209,0,0
657.7239966775144,1263,294,0,0
657.7476395434636,779,357,0,0
657.7845352850345,485,126,0,0
657.7848057893578,360,256,0,0
657.9085957824233,1034,489,0,0
657.9272685117253,782,189,0,0
657.9703578653614,736,405,0,0
657.9864719196255,1621,5190,0,1
658.0202963131361,781,539,0,0
658.022847730668,1266,132,0,0
658.0748558668195,1129,541,0,0
658.3669759152455,9,246,0,0
658.385718470957,1678,82,0,0
658.5133067740284,427,168,0,0
658.6484608763157,810,359,0,0
658.665446259634,1654,169,0,0
658.7121352222584,1639,230,0,0
658.832969578624,1660,192,0,0
659.079643856543,687,167,0,0
659.1001096639144,381,315,0,0
659.1197261988608,1894,180,0,0
659.1727832267474,1586,88,0,0
659.3811195537298,7614,578,1,0
659.3826662901992,132,156,0,0
659.395555092412,7670,43,1,0
659.4039028615779,1365,430,0,0
659.4141123883934,1799,306,0,0
659.4295152176284,7,62,0,0
665.139394380616,1834,262,0,0
665.4747834366747,1245,383,0,0
665.4869093694224,1121,149,0,0
665.489757435351,8011,181,1,0
665.5073255056398,1502,73,0,0
665.723216486283,1461,557,0,0
665.7465566188371,1522,131,0,0
670.6517993063521,966,225,0,0
670.663630697198,995,253,0,0
670.6877715002732,673,239,0,0
670.6934028271197,265,221,0,0
670.7054299485967,1417,256,0,0
670.7152951147959,755,305,0,0
670.7264748772163,448,595,0,0
670.7304968095958,1384,440,0,0
670.7532542585249,199,18,0,0
671.1579114886545,95,88,0,0
671.1898178865684,952,154,0,0
671.2702696340721,1706,3500,0,1
671.277939200666,1225,315,0,0
671.3075539740335,470,386,0,0
672.4691952194659,8058,134,1,0
672.4978468598636,413,169,0,0
672.52383190107,1237,20,0,0
672.5435223335959,1600,249,0,0
673.2253804761094,356,310,0,0
673.246680904025,1007,229,0,0
673.2511677801846,225,12,0,0
673.258435454324,423,403,0,0
673.2613102178672,92,1510,0,1
673.285707355521,7990,202,1,0
673.3196156044988,141,28,0,0
673.3694535027976,43,307,0,0
673.3837353298313,1520,79,0,0
673.6412021421413,265,253,0,0
673.641583052228,225,68,0,0
673.6424831540255,708,249,0,0
673.7558274047562,166,78,0,0
673.7637038429118,404,137,0,0
673.9396939618825,786,280,0,0
673.9477448161737,591,392,0,0
673.9758859660493,5,51,0,0
673.979991290715,1217,129,0,0
674.0957890002531,350,512,0,0
674.0968630487394,903,72,0,0
674.0984250214714,1009,335,0,0
674.6349461116479,1529,190,0,0
675.1659643550084,13,555,0,0
675.1715798765539,151,132,0,0
675.1734174150623,2164,100,0,0
675.1969626210443,898,229,0,0
675.1980363192525,43,703,0,0
675.2240500468822,492,7700,0,1
675.2259556552228,1494,402,0,0
675.6138899228729,1167,174,0,0
675.6140625051604,45,243,0,0
675.680149096815,844,231,0,0
675.683094686313,1822,83,0,0
675.7013199857498,1598,258,0,0
675.7040450413958,799,242,0,0
675.7597246951066,1311,187,0,0
677.1184618434991,21,232,0,0
677.1456549154153,7800,392,1,0
677.1463087740428,133,213,0,0
677.2285579496264,492,67,0,0
677.2293840815571,69,317,0,0
677.2421620383299,1653,80,0,0
677.2467189809721,85,39,0,0
677.3080658118325,1513,306,0,0
677.3194740315987,217,113,0,0
677.3324533774596,388,326,0,0
677.3335869114787,518,165,0,0
677.3389183805012,38,290,0,0
677.3701037343252,1382,1020,0,1
677.3822343214417,288,458,0,0
677.3840553342743,11,209,0,0
677.3902808725784,181,170,0,0
677.7474681356318,840,53,0,0
677.8242018081219,1332,149,0,0
677.8269237956634,1351,177,0,0
677.8321239148823,1726,234,0,0
677.8659726077826,546,686,0,0
677.8667727376217,549,117,0,0
677.9010432049307,442,389,0,0
677.9185058389469,15,68,0,0
677.9217717447925,1432,64,0,0
677.9304468091776,409,421,0,0
677.9396791078492,1528,8,0,0
678.0234925961641,192,269,0,0
678.6343798932475,788,497,0,0
679.1499461811434,776,130,0,0
679.1552013487385,923,301,0,0
679.1578380219312,468,768,0,0
679.1766525045924,1019,372,0,0
679.9326539200827,805,758,0,0
679.9411704471694,1172,585,0,0
681.84467447169,1367,2720,0,1
681.874889725727,8030,162,1,0
681.9201088412649,950,66,0,0
681.9831821412581,1678,212,0,0
681.9917425535241,338,112,0,0
683.0767940453611,1035,236,0,0
683.1086842471494,1257,296,0,0
683.113818021663,684,145,0,0
683.1196450620897,747,620,0,0
683.1401780836745,1413,196,0,0
683.1470147326552,1366,456,0,0
683.2221936032762,417,238,0,0
683.2242998096773,1372,282,0,0
683.2503782294617,12,655,0,0
683.2949702460436,13,11,0,0
683.3021900157194,821,300,0,0
683.3224202187931,481,197,0,0
683.3234011972644,1111,176,0,0
683.3290247623955,5640,478,1,0
683.3428633136926,368,203,0,0
683.3592272277955,1567,204,0,0
683.363142165171,1613,380,0,0
683.3942396791808,6,252,0,0
683.7548439578544,1648,502,0,0
684.1318260818376,110,315,0,0
684.1406359951854,1078,456,0,0
684.1464129173447,55,545,0,0
684.2078885485537,365,214,0,0
684.2123862290002,1563,10,0,0
684.2351418174455,376,238,0,0
684.4199914865698,1582,12,0,0
684.4272109953813,400,151,0,0
684.4688202615805,1393,581,0,0
684.4749549807825,646,685,0,0
685.0383476561972,52,6,0,0
685.047217278347,20,396,0,0
685.0477936347447,729,404,0,0
685.2519377316444,803,128,0,0
685.2662734854341,1092,277,0,0
685.2712833926781,879,431,0,0
685.3102645545765,520,7630,0,1
685.3173839551557,1765,486,0,0
685.3207363502208,860,547,1,0
685.3386751613104,648,262,0,0
685.3434364079286,374,481,0,0
685.3884095020935,783,3640,0,1
685.6322140018509,138,385,0,0
685.7324214037535,1271,46,0,0
685.7325024896087,1935,1500,0,1
685.7629834301905,556,154,0,0
685.7670858280865,640,236,0,0
685.8276559025915,141,353,0,0
685.8530728855822,1460,494,0,0
685.865948875204,1442,4710,0,1
685.867692871361,287,28,0,0
685.8991613761488,521,27,0,0
685.9082236216839,208,35,0,0
685.9104695710784,1894,282,0,0
686.1070129861903,227,302,0,0
686.1774267424902,14,483,0,0
686.1781312005464,1622,343,0,0
686.1962892142375,11,309,0,0
686.2457004555278,311,253,0,0
686.247608899155,34,180,0,0
686.256389027614,679,601,0,0
686.279944068818,683,768,0,0
686.2934376722354,943,566,0,0
687.0490280796322,908,329,0,0
687.1032051358295,13,364,0,0
687.109103328058,331,180,0,0
687.1108851857347,850,336,0,0
687.1457920589488,539,488,0,0
687.2733459498447,40,257,0,0
687.2985089405048,1251,261,0,0
687.3881770286129,239,767,0,0
687.3986887746134,930,322,0,0
687.4024459190207,1527,127,0,0
687.4658705530924,286,357,0,0
687.465986382036,1093,531,0,0
687.5140176113458,109,26,0,0
687.5406585904389,1963,231,0,0
687.5413389991292,1219,102,0,0
687.5463823459968,1638,337,0,0
687.8065220872483,317,211,0,0
687.8156962016644,4752,3440,1,1
687.8233257730307,16,275,0,0
687.8813837502026,1281,502,0,0
687.9043081754336,7424,768,1,0
687.920608886573,1567,3220,0,1
688.1692544927168,611,417,0,0
689.2703715808358,9,627,0,0
689.2732734143661,21,534,0,0
689.310162715595,694,166,0,0
689.3162729100995,629,88,0,0
689.3666792773946,1590,406,1,0
689.3915310816012,57,128,0,0
689.6580988055345,1625,768,0,0
689.6627412641062,455,284,0,0
689.6654426090453,407,226,0,0
689.6921779282585,477,112,0,0
689.6971553667086,304,93,0,0
689.7812759583115,1306,47,0,0
690.0506857420788,734,434,0,0
690.054652958692,3030,69,1,0
690.7886417442915,1823,261,0,0
690.8724131379593,926,314,0,0
690.9449501093712,913,4390,0,1
690.9826408695734,1086,450,0,0
691.8346240329655,278,289,0,0
691.8355437974952,59,278,0,0
691.8424430063551,487,305,0,0
691.8805783968422,1296,62,0,0
692.140334394394,502,221,0,0
692.163462556401,1328,201,0,0
692.5079453871452,457,537,0,0
692.5173558835403,168,108,0,0
694.4088675550317,801,462,0,0
694.4228828819071,969,83,0,0
694.4239040182596,1647,3310,0,1
694.4239508196457,787,403,0,0
694.4259471286867,5,206,0,0
694.447960151041,988,251,0,0
694.4835536949896,435,179,0,0
694.4954161261134,1015,259,0,0
694.5035910652675,650,37,1,0
694.504251100023,489,322,0,0
695.4787443933242,1400,384,0,0
695.5230606803548,436,332,0,0
695.6014131168538,1799,295,0,0
695.6267372992421,3660,708,1,0
695.6304576051468,765,668,0,0
696.5580334160446,368,724,0,0
696.6441896691028,577,214,0,0
696.6557689380463,1362,573,0,0
696.6759146093616,1803,257,0,0
696.6776454541541,314,316,0,0
696.7025956174907,469,55,0,0
696.758162408814,726,85,0,0
696.7587516589757,22,312,0,0
696.7710312582893,280,119,0,0
696.7798259160566,1052,600,0,1
696.8209441077905,1831,348,0,0
696.8246296775959,17,356,0,0
696.8498395751611,1388,332,0,0
696.9512690038578,776,151,0,0
696.9944910790545,1370,94,0,0
697.0821087479841,284,433,0,0
697.0909036599671,750,1100,0,1
697.1619130058145,625,556,0,0
698.2025778747735,10,769,0,0
698.2239537290915,1127,127,0,0
698.3852800713429,4,107,0,0
698.4100884581931,580,585,0,0
698.6474312637597,1130,343,0,0
698.7222461707621,637,769,0,0
698.7228698914355,1269,303,0,0
698.7292474431632,501,82,0,0
698.7507742143029,1040,391,0,0
699.7149062773176,336,204,0,0
699.7177307425588,1256,194,0,0
699.7223903908696,72,3490,0,1
699.746881797835,1412,310,0,0
699.7543835420317,796,246,0,0
699.754715775828,1718,260,0,0
700.5263315689851,1798,337,0,0
700.5270455721768,298,261,0,0
700.5397809208165,930,229,0,0
700.6886539196253,465,351,0,0
700.6975249439184,625,295,0,0
701.4101524257754,539,285,0,0
701.42490713244,1240,274,0,0
701.4536156984901,1075,19,0,0
701.4586608229001,1304,745,0,0
701.4915821644796,450,72,0,0
701.502919577073,1309,196,0,0
701.5354627976137,4690,127,1,0
701.5384187549909,1403,34,0,0
701.5399889506783,518,384,0,0
701.5660693852303,729,187,0,0
701.5748115631035,1656,394,0,0
701.6065047487218,1681,589,0,0
701.912849309215,657,164,0,0
702.061104550333,20,29,0,0
702.0897424324739,773,175,0,0
702.1006800685715,18,292,0,0
702.1179683502527,187,2230,0,1
702.1294823050611,674,131,0,0
702.1478709160787,955,244,0,0
702.1492179444703,1516,131,0,0
702.1807186939848,661,63,0,0
702.2563553333791,312,196,0,0
702.301970522645,28,541,0,0
702.3125612121851,1069,189,0,0
702.3634870336659,2188,146,0,0
702.3661710087422,278,255,0,0
702.389391644146,1640,319,0,0
702.3952979075983,782,564,0,0
702.4293573148295,1247,565,0,0
702.4335202052814,11,278,0,0
702.5001009383907,787,335,0,0
702.5011336625626,8,269,0,0
702.5028576083015,1560,384,0,0
702.6351031970627,1073,287,0,0
702.8145572363628,868,188,0,0
703.0480758517158,1659,3650,0,1
703.0606384307941,573,85,0,0
703.0717315553135,624,294,0,0
703.0962821765214,363,150,0,0
703.0976352824479,233,16,0,0
703.0987152502743,7948,244,1,0
703.1062364861168,763,304,0,0
703.1187674297107,22,467,0,0
703.1748125897371,1328,49,0,0
703.1759025846484,1624,42,0,0
703.1872113587245,770,770,0,0
703.1916625088165,15,201,0,0
703.1970271199522,1010,199,0,0
703.2347103888094,400,14,0,0
703.3972149453974,786,771,0,0
703.41829542505,35,35,0,0
703.7413689694118,437,27,0,0
703.9814450698151,1690,640,0,0
704.0376355479832,859,312,0,0
704.0453303879546,769,3360,0,1
704.1136826247417,9,49,0,0
704.1438677675854,8,2080,0,1
704.2898614535452,1313,379,0,0
704.3360706777796,831,129,0,0
704.3869499953229,270,87,0,0
704.5449427323682,1216,396,0,0
704.5572527498625,951,122,0,0
704.9432468845172,21,1940,0,1
705.4100855725918,800,208,0,0
705.4509225994203,633,393,0,0
705.6298733150915,448,265,0,0
705.6695516615636,1616,200,0,0
705.6822331351614,1693,76,0,0
705.6985798330705,1244,410,0,0
705.7987800128382,994,144,0,0
705.8271528820167,1825,235,0,0
705.8295534142957,11,16,0,0
705.82962637894,157,97,0,0
705.9137440149688,1885,358,0,0
706.0887993874734,8124,68,1,0
706.2019286558412,781,27,0,0
706.3938823889181,7702,490,1,0
706.3965681709191,3610,199,1,0
706.4582242435824,530,253,0,0
706.4862540030636,233,84,0,0
706.4863319412808,257,223,0,0
706.4885343348514,8188,4,1,0
706.5107799190948,715,152,0,0
706.5179776683668,8,720,0,0
706.8422176721723,887,505,0,0
706.8434573944432,418,279,0,0
706.8455240668573,1046,586,0,0
706.8726202880832,1504,7,0,0
706.8741548943091,843,72,0,0
706.87453776311,1131,567,0,0
706.8845213405996,398,138,0,0
707.1050410026942,1415,273,0,0
707.1559396416344,638,339,0,0
707.2146244262889,430,289,0,0
707.2186426586297,264,255,0,0
707.2998179353108,257,241,0,0
707.3132418785082,1009,321,0,0
707.3212700842478,1020,521,0,0
707.3220813875799,276,325,0,0
707.3593200103141,1663,412,0,0
707.3612370547131,941,556,0,0
707.3968751751456,296,314,0,0
707.4056339618104,8,557,0,0
707.428625559548,73,637,0,0
707.4287664337035,550,149,0,0
707.4849761566272,12,264,0,0
707.48750184226,437,97,0,0
707.5801566397544,787,505,0,0
707.5819411227948,3439,244,0,0
707.5927810178551,70,53,0,0
707.5943792853701,104,123,0,0
707.5975028216857,729,84,0,0
707.605231261594,659,432,0,0
707.6078764835556,1497,307,0,0
707.6959009557694,464,800,0,1
707.7124997926297,957,86,0,0
707.9075206072254,1007,29,0,0
708.0936583167573,404,168,0,0
708.2373442012193,326,358,0,0
708.2716219206675,347,30,0,0
708.2753855975271,5740,22,1,0
708.2936113500265,443,23,0,0
708.3025431952706,555,22,0,0
708.3048558767792,793,3480,0,1
708.3051471863074,11,707,0,0
708.4532071544186,951,425,0,0
708.4963435569856,256,234,0,0
709.1903068004291,17,58,0,0
709.1916667965818,1028,602,0,0
709.1947687834614,1800,116,0,0
709.2170749060672,1367,154,0,0
709.2372561225849,1140,330,0,0
709.2433389258425,409,225,0,0
709.3921658663652,1358,221,0,0
709.4332885019844,113,104,0,0
709.4372974977584,148,18,0,0
710.7811540289911,1253,148,0,0
711.0336245273712,1047,19,0,0
711.5334285849617,823,413,0,0
711.5410374467455,1692,161,0,0
712.2391622954506,51,767,0,0
712.2395453815412,20,350,0,0
712.2632509179494,1206,414,0,0
712.2696998439087,1437,41,0,0
712.3384082751483,1740,127,1,0
712.3984027921823,230,179,0,0
712.3992641939375,473,95,0,0
712.4006302732892,969,769,0,0
712.6573959863011,13,295,0,0
712.6712569983575,1527,408,0,0
712.6720651272111,50,84,0,0
712.7783115610637,375,424,0,0
713.4846965241,1357,25,0,0
713.5151618973139,1636,315,0,0
713.5591348844841,230,629,0,0
713.636402852434,150,120,0,0
713.6384455953507,801,239,0,0
713.6585927952071,1426,771,0,0
713.8678022911364,1130,491,0,0
713.8827938001444,1245,632,0,0
713.9614489969965,26,31,0,0
713.9667122738613,466,980,0,1
713.9711235324019,206,381,0,0
713.9770412238657,966,185,0,0
714.0103987492843,1403,449,0,0
714.2528030969664,722,288,0,0
714.2579557957434,8116,76,1,0
718.1460628815299,762,48,0,0
718.147182208459,37,314,0,0
718.1511050789178,315,341,0,0
718.1735239634991,950,163,0,0
718.1867715575498,169,238,0,0
718.2300099349695,418,269,0,0
718.6551646315246,12,237,0,0
719.387785926868,644,249,0,0
719.3897460832078,461,494,0,0
719.3930134695905,498,2820,0,1
719.4027536370137,13,157,0,0
719.4153231554302,949,255,0,0
719.6585584802609,1782,490,0,0
719.6590984405472,1403,140,0,0
719.6613896092788,183,36,0,0
719.7214207386564,150,118,0,0
719.7251763512872,1696,371,0,0
719.7450016895152,1015,517,0,0
720.2522729408477,441,203,0,0
720.3718303347207,311,284,0,0
720.391587069946,190,273,0,0
720.407541210358,21,105,0,0
720.6831721695079,1227,686,0,0
720.6936317907446,1723,323,0,0
720.731750963329,570,95,1,0
720.7393512323874,5590,850,1,1
724.4553667205922,1255,371,0,0
724.4564603372027,1260,289,0,0
724.7369363150787,1011,172,0,0
724.8179975679078,135,242,0,0
725.7652268661074,893,125,0,0
725.8763428720333,799,513,0,0
725.8857178503431,60,193,1,0
725.9115041151138,754,382,0,0
725.9406350167327,449,303,0,0
725.9436949738026,876,347,0,0
725.95298637636,778,695,0,0
725.9709781433339,284,175,0,0
725.9852390949064,884,400,0,0
725.9993094450626,10,7410,0,1
726.000574652987,196,342,0,0
726.4165623255399,12,322,0,0
726.4177337460758,3590,343,1,0
726.5821105766004,1679,185,0,0
726.7235851432849,777,769,0,0
726.7298128866206,440,11,0,0
726.7344235460631,7789,403,1,0
726.7630545069147,181,367,0,0
726.7648398118599,625,293,0,0
726.7677010816715,1296,13,0,0
726.808227245883,39,593,0,0
726.8247784152527,796,495,0,0
726.8761966782872,870,160,0,0
727.3161620112454,1297,335,0,0
727.325611283773,770,270,0,0
727.3472818219245,1664,275,0,0
727.3521891181784,1357,3830,0,1
727.3556495279901,1576,2520,0,1
727.3609236303118,345,26,0,0
727.5043678844578,1459,385,0,0
727.5378038069894,10,326,0,0
727.5465434666156,14,96,0,0
727.5606600235623,601,126,0,0
727.5852935537694,659,417,0,0
727.607873010232,813,120,0,0
727.9674646145412,7930,111,1,0
728.3746625302116,854,160,0,1
728.402576061686,958,78,0,0
728.4100375350354,1749,33,0,0
728.4374557121259,167,101,0,0
728.822993131494,401,136,0,0
729.1812578975838,17,70,0,0
729.2297659123853,997,242,0,0
729.4415803929134,31,221,0,0
729.5508041190903,786,203,0,0
730.6039012552322,1152,120,0,1
731.2584376159771,138,230,0,0
731.265243998993,239,231,0,0
731.2689319142062,1490,265,0,0
731.2694537601249,2930,45,1,0
731.3060603281581,650,279,0,0
731.3263909807138,682,135,0,0
731.5751829158669,675,242,0,0
731.579144610189,321,767,0,0
731.5810944312,87,688,0,0
731.5914824146793,1004,192,0,0
731.6307754428992,592,352,0,0
731.7260213605126,12,265,0,0
731.7283395089548,1593,480,0,0
731.7562186270833,1455,495,0,0
731.7570465457593,1876,346,0,0
731.7612519076249,1697,400,0,0
731.7636229676256,1275,91,0,0
732.0680618986714,654,127,0,0
732.1652711939595,28,373,0,0
732.7291036195384,414,33,0,0
732.7302194369706,1614,563,0,0
732.8934741119917,727,725,0,0
732.9135751196204,587,1250,0,1
732.9328699345104,747,54,0,0
732.948403574927,1095,33,0,0
732.9636653131291,516,769,0,0
732.9639722697138,1597,56,0,0
732.9750981126823,1458,331,0,0
732.9777368837124,4,196,0,0
733.0089498184442,317,165,0,0
733.0541755646025,1010,751,0,0
733.0644049819509,332,108,0,0
733.0744392706168,1250,163,0,0
733.1028236361999,1330,245,0,0
733.1048344179007,192,226,0,0
733.4440462310434,406,119,0,0
733.4958255395154,413,146,0,0
733.5050608044451,873,117,0,0
733.5104643254116,9,271,0,0
733.6019926407475,1230,231,0,0
733.621971563775,824,105,0,0
733.9332861129107,463,467,0,0
734.0095560636603,1826,268,0,0
734.051079317042,304,242,0,0
734.1050212345181,1834,158,0,0
734.357106758611,1351,168,0,0
734.4121496329424,1105,144,0,0
734.5332047759782,304,396,0,0
734.5604487285898,1895,173,0,0
734.567091086974,7988,204,1,0
734.6062034993502,25,407,0,0
734.6145547808688,1745,585,0,0
734.6156200165586,1273,185,0,0
734.6646642618924,989,413,0,0
735.4495162046564,1687,28,0,0
735.612003804088,270,142,0,0
735.6305589019804,66,680,0,0
735.7508593426044,227,382,0,0
735.7539545189106,510,396,0,0
735.7656380356515,1034,235,0,0
735.7667888455255,6,281,0,0
735.7737060015759,259,276,0,0
735.9164574931583,18,2280,0,1
735.9184538062742,295,75,0,0
735.9234161924177,1166,382,0,0
735.923526712093,1760,346,0,0
735.9252523253406,447,349,0,0
735.9335962759253,278,768,0,0
736.5021770558673,1314,33,0,0
736.5096968239765,693,388,0,0
738.6362480874637,490,257,0,0
738.642692433498,905,477,0,0
738.6478168476153,420,27,0,0
738.7567375159736,1220,100,0,0
739.110125588418,220,217,1,0
739.1284901197591,826,210,0,0
739.1301391225738,1682,276,0,0
740.0235212330874,570,242,0,0
740.0323681922252,278,305,0,0
740.0522170113456,1836,372,0,0
740.0589877177412,905,175,0,0
740.1228730744261,8171,21,1,0
740.1247741426699,689,252,0,0
740.2055321708177,836,277,0,0
740.2295159583465,482,166,0,0
740.2482547704768,399,271,0,0
740.2552232387087,1519,310,0,0
740.2607956414794,519,470,0,1
740.2664056814318,1754,290,0,0
740.3102669558044,1386,259,0,0
740.5902822753021,1148,104,0,0
740.5970531390075,590,433,0,0
740.5983810699048,1176,269,0,0
740.6093482656912,565,128,0,0
740.6652551207285,26,508,0,0
740.6926212161684,1851,465,0,0
740.7195358727799,204,268,0,0
740.7314715245838,9,218,0,0
740.9033524267064,192,219,0,0
740.9511678487981,191,232,0,0
741.0329385028485,1038,186,0,0
741.2007508596054,604,390,0,0
741.2294197761197,1186,256,0,0
741.9493268637171,1705,427,0,0
741.9618824781726,195,613,0,0
741.9849917668628,190,7680,0,1
742.000298094098,12,144,0,0
742.0899232005963,768,707,0,0
742.1511169242378,7,164,0,0
742.1565990463209,474,645,0,0
742.2328817039773,3073,767,0,0
742.2368988782972,228,183,0,0
742.2412542092982,724,496,0,0
742.2572780615991,1781,165,0,0
742.26479470588,251,37,0,0
742.2743141474418,1184,250,0,0
742.3084707838825,1634,280,0,0
742.3896875493507,940,601,0,0
742.4010616240416,1025,239,0,0
742.4298621926625,1849,95,0,0
742.4567841154834,174,247,0,0
742.4575323521236,1161,342,0,0
742.5019584374003,409,3150,0,1
742.5020995675897,142,226,0,0
742.5051880278966,292,213,0,0
742.5122650303421,1156,152,0,0
742.525153233024,51,728,0,0
742.5330650861537,68,54,0,0
742.5355979368388,405,279,0,0
742.8901902403666,1599,126,0,0
742.8922364926261,1556,135,0,0
743.516790163473,512,202,0,0
743.5169372313896,1119,767,0,0
743.5918491974346,264,36,0,0
743.7412026435087,21,262,0,0
743.7436001190966,1086,561,0,0
743.7463521146581,31,421,0,0
743.7504776235744,1483,590,0,0
743.7523982588823,1281,395,0,0
743.7971542172787,1452,598,0,0
743.8175549444891,21,501,0,0
743.8181300437458,7838,354,1,0
743.8627313979184,307,329,0,0
743.9414321262409,507,294,0,0
743.9534287192674,710,172,0,0
744.0035554445491,760,122,0,0
744.0037082440025,988,243,0,0
744.0221456907472,1417,44,0,0
744.172564563684,25,201,0,0
744.1733702775662,1017,271,0,0
744.204912309007,7788,404,1,0
744.2060302313063,452,351,0,0
744.2084092072033,882,3630,0,1
744.2104108832694,1850,246,0,0
744.2177342534434,1209,460,0,0
744.2620544158866,1784,3850,0,1
744.2745978842117,1106,392,0,0
744.402130408136,1175,302,0,0
744.4329222279581,1152,6,0,0
744.4598663052861,744,137,0,0
744.4857744046483,1393,10,0,0
744.4894245124234,1631,244,0,0
744.5582830041928,641,303,0,0
744.5832803334025,560,241,0,0
744.5891699164016,5,266,0,0
744.5917256898211,3450,30,1,0
744.6326333480115,1294,395,0,0
744.6445804431519,1130,222,0,0
744.7276552889463,2770,10,1,0
744.7639392035336,318,297,0,0
744.7699393263118,12,13,0,0
744.8225227122605,1468,235,0,0
744.8370982826652,1387,98,0,0
744.9626060798576,138,1280,0,1
744.9752612336646,37,51,0,0
745.0028307887337,1681,44,0,0
745.0205730864465,1061,344,0,0
745.0283937873684,1130,238,0,0
745.0385645154263,193,238,0,0
745.0397064044582,1707,202,0,0
745.0527076308905,1350,276,0,0
745.0658571722621,1073,555,0,0
745.0701417347689,512,216,0,0
745.1217596186683,92,769,0,0
745.1223566184316,1471,2560,0,1
745.1239047800977,1747,342,0,0
745.1751650364907,792,642,0,0
745.1759365547234,1318,564,0,0
745.1773794042283,397,318,0,0
745.1951157362447,547,9,0,0
745.2125670067101,1448,692,0,0
745.2150599198401,238,148,0,0
745.217376229481,9,42,0,0
745.2177233378499,20,62,0,0
745.2232496389561,966,284,0,0
745.2311958207213,80,221,0,0
745.2343104494539,355,12,0,0
745.3790966897392,406,179,0,0
745.3864305202624,28,372,0,0
745.38754018364,206,150,0,0
745.3914435763776,769,444,0,0
745.9277064606506,1137,244,0,0
745.9653267985373,995,197,0,0
745.9705768535819,1332,64,0,0
745.9709321070379,1059,569,0,0
745.9797124056186,1779,123,0,0
745.9805193233201,245,170,0,0
745.9927813812477,16,249,0,0
746.2540781872533,24,219,0,0
746.266136186209,182,37,0,0
746.2739902197974,6640,505,1,0
746.4916500920684,836,50,0,0
746.4966729668599,102,518,0,0
747.7322451907188,994,466,0,0
747.7499576553055,24,1240,0,1
748.1310192832076,699,306,0,0
748.1966097866342,1196,569,0,0
748.2039594946611,1195,620,0,0
748.3825293232591,563,121,0,0
751.0908261555852,1645,752,0,0
751.4197663316027,1320,94,0,0
751.6683322978387,657,78,0,0
751.7212681449325,407,597,0,0
751.7683720839049,176,111,0,0
751.7683885677098,1611,158,0,0
751.7727224556625,1288,19,0,0
751.7905024437381,17,392,0,0
751.8987441329338,77,232,0,0
751.9546542776997,828,203,0,0
751.956947355087,17,266,0,0
751.9627810178239,293,300,0,0
751.9648403993644,974,468,0,0
751.9714851741599,924,212,0,0
751.9816448668191,826,412,0,0
752.0100670288876,12,443,0,0
752.0117701397007,6,1150,0,1
752.0758449484606,291,88,0,0
752.0797540422791,281,511,0,0
752.0827724950143,1189,269,0,0
752.1547820225132,752,71,0,0
752.1558696642318,463,264,0,0
752.1574343171948,1025,248,0,0
752.1765386060594,262,510,0,0
752.1950777487139,55,325,0,0
752.1997701725787,915,374,0,0
752.2060776794759,573,439,0,0
752.3751298142569,17,164,0,0
752.4759663261777,1461,18,0,0
752.4788157451553,1511,1120,0,1
752.4969987859605,815,297,0,0
752.5729792029188,432,48,0,0
752.5751624399212,1511,699,0,0
752.5852816900996,1010,436,0,0
752.5886084352361,1468,155,0,0
752.691014780736,1465,587,0,0
752.6984416725041,1321,295,0,0
752.7022549485094,1070,398,0,0
753.145563563267,906,270,0,0
753.1459154788757,512,7680,0,1
753.1499653585598,7130,131,1,0
753.1580042721705,1414,114,0,0
753.1786790283995,1341,7,0,0
753.2225576584773,977,3870,0,1
753.2232537689933,750,165,0,0
753.228710539657,963,166,0,0
753.264977762173,1321,38,0,0
753.268001559877,1041,206,0,0
753.2710383500496,668,18,0,0
753.688678944961,1848,221,0,0
753.6911497423495,1699,510,0,0
753.8252138483849,1648,284,0,0
753.8347723418589,1301,272,0,0
753.8479596109199,554,750,0,0
753.8512881526208,24,153,0,0
753.886578840624,250,301,0,0
753.8946216056328,504,130,0,0
753.9009616856687,319,394,0,0
753.989591151923,574,438,0,0
753.9944635068662,439,29,0,0
754.0461655057658,955,196,0,0
754.1610562686396,1637,116,0,0
754.1956718705496,945,199,0,0
754.3828761922211,1686,422,0,0
755.9096501641452,34,70,0,0
755.9176218650786,1179,46,0,0
755.9189164163123,771,270,0,0
756.039931369723,3270,163,1,0
756.0408663276974,8,56,0,0
756.797645285964,689,170,0,0
756.8324520428415,718,43,0,0
756.8327420744902,1356,237,0,0
756.866262941183,105,180,0,0
756.8917416610269,1316,349,0,0
756.902176556104,1168,369,0,0
756.9125385725642,14,436,0,0
756.9183898983641,691,253,0,0
756.923205912038,1258,140,0,0
757.1037741046117,395,103,0,0
757.6173275882815,146,112,0,0
757.6242609899884,1630,110,0,0
757.6641946133709,14,358,0,0
757.6985676446081,807,59,0,0
757.736678374444,869,100,0,0
757.7373947809916,1676,472,0,0
757.7411667110848,1511,233,0,0
757.7871722672754,604,665,0,0
758.2240413707041,1053,2380,0,1
758.2324860366513,333,50,0,0
758.2337123991499,659,295,0,0
758.2365747444798,991,359,0,0
758.2865760441784,123,695,0,0
758.2932320843696,401,376,0,0
758.8168283285588,2030,260,1,0
758.820769515641,1567,220,0,0
758.8248713899311,1906,629,0,0
758.8251795080051,9,184,0,0
758.9141620043987,556,207,0,0
758.9214549579899,1159,305,0,0
758.9384857624974,5,302,0,0
759.0207314241669,393,162,0,0
759.0573767568129,643,81,0,0
759.1549362554348,110,153,0,0
759.1616915836305,1656,214,0,0
759.177784151417,80,691,0,0
759.1918258970788,775,313,0,0
759.1940324406384,147,48,0,0
759.2454172175951,164,320,0,0
759.2474618649314,370,156,0,0
759.2950628636752,1459,2420,0,1
759.5247721784075,1756,193,0,0
759.52655996006,334,110,0,0
759.5300630672325,139,342,0,0
759.5313411960575,152,98,0,0
759.7295748881038,1273,297,0,0
759.7357452296903,1672,433,0,0
760.0713760408854,678,322,0,0
760.0721360542,1226,387,0,0
760.094885550102,170,21,1,0
760.0968988757876,293,372,0,0
760.1693008174303,973,351,0,0
760.191646359213,1107,388,0,0
760.2362128461127,1194,307,0,0
760.2481563090479,1569,198,0,0
760.2795661583148,253,92,0,0
760.2884537964079,625,341,0,0
760.5235019278274,2810,269,1,0
760.5368462251482,433,378,0,0
760.5437973102745,511,251,0,0
760.5450739871862,1277,108,0,0
760.5515972511306,766,228,0,0
760.5877782853532,257,261,0,0
760.5989357275546,347,27,0,0
760.608609990974,767,2140,0,1
760.6116182715363,1486,10,0,0
760.6712099923042,1336,152,0,0
760.7187474017942,332,324,0,0
760.7311352137896,1685,386,0,0
761.5168214207541,1607,3040,0,1
761.5272329017902,999,157,0,0
762.5142652008835,981,430,0,0
762.5169363207083,578,495,0,0
762.5169979723853,1351,97,0,0
762.5171803171239,549,369,0,0
763.9549136978138,864,217,0,0
763.9853078440475,471,279,0,0
763.9918833751934,178,767,0,0
763.9931281699912,1736,175,0,0
763.9981682395251,145,4,0,0
764.0157261601604,1851,421,0,0
764.7573711478943,83,255,0,0
765.0061321789167,1438,57,0,0
765.0084732267311,553,110,0,1
765.0143016941385,385,97,0,0
765.6135344765943,356,377,0,0
765.6190958063788,785,443,0,0
765.6212153789186,642,204,0,0
765.6792580674328,286,262,0,0
765.6924548204606,151,16,0,0
765.712044312648,1423,393,0,0
765.7138208883414,525,212,0,0
765.7163579115257,459,101,0,0
765.777815418542,1087,130,0,1
765.7844260302847,1810,118,0,0
765.7896121154691,423,152,0,0
765.7921472293358,1656,339,0,0
765.9715552697726,603,50,0,0
765.9768810017733,1660,352,0,0
766.110271449307,1351,970,0,1
766.1140533109069,1322,390,0,0
766.128231385916,1806,356,0,0
766.2105426911797,697,4160,0,1
766.2399480552122,647,285,0,0
766.2422203608378,18,272,0,0
766.2907194516315,774,144,0,0
766.2950416926591,801,58,0,0
766.4305265145681,1314,640,0,0
766.7944094364929,153,500,0,0
767.011634171335,1634,81,0,0
767.0222173797608,1776,171,0,0
767.0257699336473,696,273,0,0
767.1176821247394,142,77,0,0
767.1254727537289,1312,99,0,0
767.1282725716818,1100,510,0,0
767.1380244890719,806,767,0,0
767.1485009707902,1719,254,0,0
767.1620494618254,643,63,0,0
767.2683119092352,278,123,0,0
767.2744045859123,1520,182,0,0
767.3045086309409,1273,297,0,0
767.3775941444314,402,249,0,0
767.3808298101234,1338,116,0,0
768.5288271477082,228,26,0,0
768.5400147052051,782,249,0,0
769.010592876149,768,53,0,0
769.0128594604754,1108,257,0,0
769.0140404936188,992,172,0,0
769.0534753861284,1152,192,0,0
769.0543596039272,891,329,0,0
769.0554945081307,29,146,0,0
769.0818086466795,516,136,0,0
769.2814555472346,174,135,0,0
769.3022600900537,906,323,0,0
769.6766344943477,1153,576,0,0
769.6790546071683,1005,555,0,0
769.6816009032885,538,701,0,0
769.6976266940402,58,391,0,0
769.703245560666,1510,711,0,0
769.7068105258033,920,228,0,0
769.7979502622717,1132,273,0,0
769.9826494268588,1421,284,0,0
769.9849278312581,372,232,0,0
770.0359659314023,1799,354,0,0
770.0424338310759,6,18,0,0
770.0437444732383,532,410,0,0
770.23828371209,1668,348,0,0
770.2409641810547,523,426,0,0
770.2477597426877,1520,221,0,0
770.2625682834542,146,95,0,0
770.4702838156024,1329,15,0,0
770.4799531505197,1653,267,0,0
770.4825603132555,592,287,0,0
770.5006695269514,388,350,0,0
770.5926615198978,443,52,0,0
770.6196540552723,21,706,0,0
770.627538097683,276,366,0,0
770.630002235525,156,104,0,0
770.6328505908108,1425,124,0,0
770.6747812227991,1485,175,0,0
770.6771574569852,559,384,0,0
770.7370538185836,20,170,0,0
770.7476309957134,91,27,0,0
770.793961575491,270,229,0,0
770.79706637136,1167,420,0,0
770.8034722305417,27,393,0,0
770.8361690504458,1547,217,0,0
770.9029097492114,1279,355,0,0
770.9032138443557,477,242,0,0
770.9610910572823,13,43,0,0
770.9654172339901,1994,254,0,0
771.1521854212042,13,360,0,0
771.2839842556783,1170,770,0,0
771.3104711432223,248,355,0,0
771.4999636137884,1215,55,0,0
771.5016864537213,1167,620,0,0
771.5052017446297,285,137,0,0
771.5540980353641,651,153,0,0
771.6215138757725,179,272,0,0
771.6453369945668,1200,314,0,0
771.6657194301337,1252,219,0,0
771.6866884821832,795,96,0,0
771.971176810275,701,312,0,0
771.9731064596536,241,103,0,0
771.9751506353354,536,77,0,0
771.9861871858132,1131,54,0,0
771.9915715172999,1407,276,0,0
772.0187524746917,1872,223,0,0
772.0423652817573,75,421,0,0
772.0467046811253,679,374,0,0
772.0470757199486,582,235,0,0
772.0481244320322,716,331,0,0
772.0867759032992,1256,20,0,0
772.1266621446955,670,195,0,0
772.1346062952529,15,191,0,0
772.1593543580204,68,451,0,0
772.3022094419651,34,212,0,0
772.3379480691855,553,494,0,0
772.3396297845434,42,413,0,0
772.347538982886,119,169,0,0
772.351623616852,348,78,0,0
772.3573451325182,1645,293,0,0
772.377167835296,128,27,0,0
772.3858922783435,1861,371,0,0
772.3988133152541,1478,246,0,0
772.4694256451543,387,766,0,0
772.5773592421244,8053,139,1,0
773.7016494331872,182,300,0,0
773.7101892278494,934,124,0,0
773.7395388247974,572,109,0,0
773.7416781617457,561,241,0,0
773.7467183672505,1403,449,0,0
773.747623698829,1490,4570,0,1
778.955571826546,1367,761,0,0
778.9591066211569,1450,179,0,0
779.0291076411695,162,270,0,0
779.1310246477958,643,431,0,0
782.9093114581157,1395,181,0,0
783.0347478797295,1517,135,0,0
783.0406877930907,1689,144,0,0
783.0709946147614,1351,19,0,0
783.0766124024643,790,241,0,0
783.0816183474992,1606,197,0,0
783.0842570520891,379,6930,0,1
783.1260563500854,495,342,0,0
783.1306831844103,324,50,0,0
783.1716054254317,7,387,0,0
783.2248356605844,1934,691,0,0
783.2268790933376,14,120,0,0
783.2309523876298,5670,305,1,0
783.2454390495649,1218,283,0,0
783.2506617623256,313,136,0,0
783.3038729553532,1451,270,0,0
783.3044070993903,1085,2660,0,1
783.3649153593701,237,27,0,0
783.5220772789628,520,264,1,0
783.52827352157,1817,604,0,0
783.5284047806372,676,176,0,0
783.5697604182676,210,4,0,0
783.7563218251602,709,267,0,0
784.0573928282286,1312,765,0,0
791.1579327921904,1178,25,0,0
791.5066385879455,10,175,0,0
791.5123106017652,905,242,0,0
791.5128402238437,1832,3080,0,1
791.5199753819385,892,94,0,0
791.523628717288,1124,660,0,0
791.5248869949263,692,598,0,0
791.5352774889828,1778,470,0,0
791.5417788558277,1276,400,0,0
792.0243244819588,1699,330,0,0
792.026011381237,406,21,0,0
792.0261690920261,1265,151,0,0
792.0270170022998,773,773,0,0
792.0324871479221,1437,394,0,0
792.0332882466731,388,196,0,0
792.1778642586864,999,520,0,0
792.2596819920722,386,304,0,0
792.2949005310368,1718,291,0,0
792.295627600419,575,609,0,0
792.298034570749,1497,769,0,0
792.3518124268929,429,3260,0,1
793.0574362175223,515,256,0,0
793.0800641691587,1235,415,0,0
793.2611521084376,927,415,0,0
793.3106890831218,90,56,0,0
793.3198557377447,930,109,0,0
793.4478652306093,15,127,0,0
793.6120651237879,661,243,0,0
793.6162112429457,1309,396,0,0
793.6169136986155,1126,276,0,0
793.6213165491195,1596,366,0,0
794.0637887575526,1103,397,0,0
794.1100865858074,359,366,0,0
794.1483321751884,31,121,0,0
794.1886909412564,8002,190,1,0
794.2394005077639,465,262,0,0
794.2538921120378,14,245,0,0
794.2557088544564,908,354,0,0
794.2565604779348,1851,639,0,0
794.2613929538638,1583,182,0,0
794.2772321187676,20,356,0,0
794.3787506069701,1720,235,0,0
794.3797188857988,3000,414,1,0
795.25337700205,349,326,0,0
795.263003132821,856,534,0,0
795.2704555289608,409,167,0,0
795.3663265820667,596,232,0,0
795.3772648150716,740,224,0,0
795.3936612645036,11,252,0,0
795.4605942372135,199,187,0,0
795.4627353363938,486,6510,0,1
795.463103396458,610,221,1,0
795.5535715373893,26,249,0,0
795.5574873345638,25,18,0,0
795.5848092296208,250,3470,0,1
795.7765908508861,916,444,0,0
795.7771440906271,629,390,0,0
795.7874449287216,826,416,0,0
795.8815291392796,24,515,0,0
795.8887737550098,975,46,0,0
795.9029779460706,1059,235,0,0
795.9092240562271,1711,1670,0,1
795.9126716767469,8,178,0,0
796.2485561886948,115,351,0,0
796.5075111834615,1382,506,0,0
796.5254602639396,1000,357,0,0
796.5411212768283,10,1840,0,1
796.5973589108838,644,285,0,0
796.6113026028469,774,668,0,0
796.6740873465103,470,155,0,0
796.676506269863,1111,286,0,0
796.6992397419833,47,123,0,0
796.751643333062,459,90,0,0
796.7568392524936,306,212,0,0
796.7653062573537,1458,373,0,0
796.7728954925226,171,25,0,0
796.7756779221985,730,172,0,0
796.7788539734917,749,181,0,0
796.7844866785322,726,73,0,0
796.8502835442655,1484,330,0,0
796.8528481078675,880,58,0,0
796.8915279810072,1396,31,0,0
796.902191209134,1318,20,0,0
796.9572767869374,165,296,0,0
797.2722652095457,694,220,0,0
797.4507884687341,871,430,0,0
797.5145432090919,494,315,0,0
797.693845018096,759,163,0,0
797.6998326784675,1503,170,0,0
797.7247769180669,870,118,0,0
797.8021788720647,14,295,0,0
797.8199539097049,1227,307,0,0
797.8301761506958,1464,766,0,0
798.0927673239437,1458,301,0,0
798.0953421122568,1779,277,0,0
798.1231957746122,813,27,0,0
798.1251594974424,7,107,0,0
798.1274324829891,946,254,0,0
798.1328763910707,1882,165,0,0
798.2422067744861,157,261,0,0
798.2481645595897,689,510,0,0
798.2543829405248,421,234,0,0
798.3641723324434,20,524,0,0
798.3648914491889,1386,570,0,0
799.1207236570777,737,295,0,0
799.1494201086962,1737,446,0,0
799.15193465265,1070,363,0,0
799.2056366525463,939,410,0,0
799.2157442723604,230,241,0,0
799.2760073167146,111,307,0,0
799.3078431833471,6520,415,1,0
799.3113609175232,35,519,0,0
799.318957731373,324,96,0,0
799.335861181678,1458,609,0,0
799.3462258165163,895,3310,0,1
799.3610606184856,13,132,0,0
799.4712952906893,1634,238,0,0
799.5303761748032,1788,261,0,0
799.5408841488428,970,143,0,0
799.5411479934398,776,712,0,0
799.547769190954,1173,143,0,0
799.554399030136,1016,99,0,0
799.5550532273676,1601,45,0,0
799.5774656564362,1225,433,0,0
799.6836567337766,61,11,0,0
799.7957521687201,1612,229,0,0
799.8897348037685,1789,126,0,0
799.890559154886,884,300,0,0
799.8961349148151,1586,774,0,0
799.9512072416126,1519,283,0,0
799.9630229419827,1634,414,0,0
799.9652212247845,21,194,0,0
800.1279560658361,1519,343,0,0
800.4986769158935,1321,163,0,0
803.8971098123812,1102,683,0,0
803.9064343863738,799,530,0,0
803.906813213611,228,294,0,0
804.0600939464858,93,170,0,0
804.0710883106499,337,43,0,0
804.0836832431772,639,493,0,0
804.1121776896148,1821,469,0,0
804.1216200326846,416,324,0,0
804.126105620597,1840,517,0,0
804.1346244012847,7,365,0,0
804.1826654855589,895,163,0,0
804.2092666249392,1776,379,0,0
804.4565336558247,1117,83,0,0
804.4609344405301,242,549,0,0
804.473072623361,7712,480,1,0
804.5140896623491,1396,226,0,0
804.548998303548,144,682,0,0
804.7500953762726,1288,343,0,0
804.7740533745725,1070,576,0,0
804.8524649944958,1221,83,0,0
804.8598713961544,410,512,0,0
804.8636770803611,349,326,0,0
804.9552021151874,878,308,0,0
804.9887836292348,15,81,0,0
805.0145209273563,5230,768,1,0
805.0377642359391,452,264,0,0
805.1088005437251,502,412,0,0
805.1167888534939,1887,305,0,0
806.5896419251469,2070,3920,1,1
806.5912395022589,1241,550,0,0
806.5959798000955,728,286,0,0
806.6037364802095,199,307,0,0
806.7490759149932,316,257,0,0
806.7493879955135,881,43,0,0
806.7688775231867,1883,240,0,0
807.065367467972,317,203,0,0
807.2076354759013,905,573,0,0
807.2347578366054,1169,294,0,0
807.3006536398034,1159,767,0,0
807.3406408969947,414,594,0,0
807.3684950427505,717,371,0,0
807.3757982791151,185,176,0,0
807.3798042788582,1668,263,0,0
807.3825300901498,28,767,0,0
807.5081322550935,435,532,0,0
807.5100757477743,433,5,0,0
807.5164787560648,1682,565,0,0
807.5181772206405,1818,178,0,0
807.6352835788034,1496,768,0,0
807.6690223550142,394,428,0,0
807.6782386699833,5,226,0,0
807.6803743459889,394,76,0,0
807.7252875845155,267,302,0,0
807.7742189096596,45,579,0,0
807.7968379165789,406,270,0,0
807.8453050949727,70,27,0,0
807.8686519143836,1606,529,0,0
807.9013303166389,1297,135,0,0
807.905429000676,1382,767,0,0
807.9123397639283,1206,80,0,0
807.9194238809016,771,213,0,0
807.9483085823524,272,71,0,0
809.4460495878237,1225,6470,0,1
809.4485935794262,832,367,0,0
809.5577350821957,709,77,0,0
809.5798818171527,1811,462,0,0
809.6209397078517,1128,262,0,0
809.6706285305148,763,516,0,0
809.6884610488424,143,338,0,0
809.6917811664279,429,95,0,0
809.7381879509508,325,355,0,0
809.7609532015679,1238,290,0,0
809.8648482055888,724,275,0,0
809.865282856452,1465,284,0,0
809.8764629427662,1595,595,0,0
809.911461042684,1480,251,0,0
809.9502319106853,1403,191,0,0
810.0032232145921,1506,120,0,0
810.0421666992672,1725,315,0,0
810.155836914656,1323,215,0,0
810.2258885112798,356,130,0,0
811.6457612456364,1606,117,0,0
811.6472640329733,27,45,0,0
811.6500171790772,1083,395,0,0
811.6536670382421,5,36,0,0
811.66203273828,1634,554,0,0
811.6664093431898,1189,221,0,0
811.6694804090076,1728,352,0,0
811.6734875139279,7680,512,1,0
811.7133254215655,1668,416,0,0
811.7250292120974,404,356,0,0
811.7300654186955,540,80,0,0
811.730994807649,194,522,0,0
811.7522319741297,3267,222,0,0
811.7530627971387,826,307,0,0
811.9183073242277,1171,162,0,0
811.9479150239396,1355,2920,0,1
812.8092557705323,1455,767,0,0
812.8106241952498,582,292,0,0
813.1539477447707,1221,236,0,0
813.1548875858854,1210,324,0,0
814.2041320002742,677,501,0,0
814.207462904491,86,772,0,0
814.2198429720818,97,288,0,0
814.2334526510793,53,25,0,0
814.7774299357898,887,2850,0,1
814.778968506909,7624,568,1,0
815.182253378276,878,406,0,0
815.2889305082882,800,149,0,0
815.3011828853239,345,358,0,0
815.4341586652769,1273,402,0,0
815.4747489782893,633,321,0,0
815.5614328186188,1693,76,0,0
815.5900352480352,1409,330,0,0
815.6236484944907,1576,330,0,0
815.6269024520183,1552,259,0,0
815.6302736880244,1504,327,0,0
815.6340170661892,41,596,0,0
815.6365021195187,1586,70,0,0
815.7462778220063,726,216,0,0
816.2475329408638,352,29,0,0
816.2582354010852,1658,87,0,0
816.4513273364105,759,196,0,0
816.4520039922894,1826,356,0,0
816.4638115734834,12,229,0,0
816.4905495678668,1045,211,0,0
816.5045898735854,100,204,0,0
816.6003619449608,1669,320,0,1
816.6963637770461,1165,590,0,0
816.8180488353954,1854,348,0,0
816.8285305248971,66,11,0,0
819.6782619534833,14,307,0,0
819.697174846323,1367,64,0,0
819.7478955721465,1402,364,0,0
819.7661961935019,1035,477,0,0
819.88419730316,1041,77,0,0
819.9048462894463,1405,767,0,0
819.9095761681232,32,128,0,0
819.9953360041309,982,770,0,0
820.1404440599747,1552,226,0,0
820.1812159182268,1326,26,0,0
820.1859552202145,261,650,0,0
820.2706800984805,920,259,0,0
820.2843516282855,13,315,0,0
820.2919749620772,1350,474,0,0
820.2997900312059,1822,3150,0,1
820.3024296404512,244,18,0,0
820.3028011482703,1353,224,0,0
820.3388090036284,110,557,0,0
820.3563591106923,374,400,0,0
820.3570496191343,369,312,0,0
820.4497276960562,796,1650,0,1
820.4883947780273,1145,165,0,0
820.5015707882047,150,384,0,0
820.5629792169842,1435,553,0,0
820.5665337773294,39,106,0,0
820.5715724449545,1153,3140,0,1
820.5755340102024,367,160,0,0
820.579277860518,319,316,0,0
820.5957891515957,85,227,0,0
820.5997872807493,1198,363,0,0
820.6717599952763,527,41,0,0
820.7619409417024,10,424,0,0
820.9067270832098,1666,336,0,0
820.9125915343292,423,309,0,0
820.9276414885824,1268,336,0,0
820.9842278166609,1477,139,0,0
820.9887558855104,387,120,0,0
821.1062877391557,508,770,0,0
821.1666053702137,1338,274,0,0
823.3161205973129,25,11,0,0
823.3247639467315,1419,214,0,0
823.5006441026951,919,85,0,0
823.5887767024793,30,17,0,0
823.5922891080047,1173,766,0,0
823.5937086266773,577,259,0,0
823.6253957675686,678,767,0,0
823.7022911432841,521,310,0,0
823.717622424714,98,113,0,0
823.7187046970533,556,388,0,0
823.8473348088163,1132,4100,0,1
823.9182722003974,72,130,0,0
823.9807837909882,1031,756,0,0
824.3477398555407,823,152,0,0
826.1793560215187,676,225,0,0
826.231234703299,381,368,0,0
826.3460544675481,1699,36,0,0
826.4126715921757,1557,195,0,0
826.4484275101001,1564,126,0,0
826.6336930616169,231,207,0,0
826.6755572597705,773,557,0,0
826.7495100417323,1432,287,0,0
827.6819085589019,1011,243,0,0
828.7959447301962,1728,319,0,0
828.796340867483,1044,285,0,0
829.3029191725293,1729,521,0,0
829.3309434936546,936,615,0,0
829.3355823524988,11,7680,0,1
829.3517300238884,762,152,0,0
829.3518567226749,143,36,0,0
829.3561096038637,99,292,0,0
830.5696216108274,21,320,0,0
830.6453108853314,323,509,0,0
830.6589051406614,872,763,0,0
831.1281523283413,557,461,0,0
831.1297052906151,1265,249,0,0
831.1756078635575,1864,302,0,0
831.1773851534285,1548,328,0,0
831.2485325236794,277,480,0,0
831.2690255029993,44,348,0,0
831.4442981592637,1207,6290,0,1
831.4476386390795,122,772,0,0
831.4774602683492,593,272,0,0
831.7092404455724,1341,233,0,0
831.8548545362095,581,355,0,0
831.8567326793045,935,240,0,0
831.8846763074523,1753,242,0,0
831.9069418666271,481,26,0,0
831.9127376018915,1270,307,0,0
831.9313564066586,568,418,0,0
831.9342560998699,32,408,0,0
831.9383824808236,1054,392,0,0
831.9554668444563,585,334,0,0
831.9817754042969,468,363,0,0
831.9883483567454,1464,164,0,0
832.0315469712732,8066,126,1,0
832.0410985757699,1733,13,0,0
832.5650031039997,1288,300,0,0
832.5662159247584,657,448,0,0
832.7731770440392,209,84,0,0
832.8197192536563,995,37,0,0
832.8200870794742,785,698,0,0
832.8782361507886,751,432,0,0
832.9066757841373,672,2480,0,1
832.9233396969997,1174,200,0,0
832.9287568164077,798,596,0,0
832.9355186499422,24,508,0,0
833.0049301636502,1361,448,0,0
833.2313232917221,722,235,0,0
833.2902369503703,406,103,0,0
833.2923809628297,561,643,0,0
833.3046687205045,1419,226,0,0
833.3049110010614,1440,4140,0,1
833.32435273937,641,118,0,0
833.376175040773,214,276,0,0
833.3772614678123,2550,119,1,0
833.411610194007,670,52,0,0
833.4171898683402,1019,161,0,0
833.4244838923885,91,565,0,0
833.427273771678,801,174,0,0
833.527249023674,199,142,0,0
833.6082719646874,434,388,0,0
833.6324987915114,1629,126,0,0
833.756853755611,1865,662,0,0
833.7582833434517,326,287,0,0
833.7913716392007,2750,43,1,0
833.7923847404959,1242,239,0,0
833.8365949159523,20,106,0,0
837.5921600464163,1631,244,0,0
837.6140496762365,1917,302,0,0
837.6240038609658,1094,254,0,0
837.7354847694904,1069,589,0,0
837.7412796462029,28,590,0,0
837.7513088715114,6,148,0,0
837.7642935134669,132,418,0,0
837.7690479609803,1839,272,0,0
837.7882977405716,727,85,0,0
837.8239910724179,111,284,0,0
837.8253463422118,8182,10,1,0
837.87850263766,632,343,0,0
837.8806560094156,189,44,0,0
839.0982902102081,40,31,0,0
839.0990757594017,281,325,0,0
839.407019894844,1375,26,0,0
839.4152169650156,246,2280,0,1
839.5259825460735,76,88,0,0
839.5302336033786,5910,214,1,0
839.6264174985309,468,79,0,0
839.8880936676238,466,412,0,0
839.8954769429162,274,306,0,0
839.8961947343582,223,290,0,1
839.9565938232873,582,74,0,0
839.9580777431885,1255,765,0,0
839.9618119563426,1642,390,0,0
839.9736173406088,370,56,0,0
839.9794211099626,7911,281,1,0
839.9797245529387,443,22,0,0
839.9813782302306,202,256,0,0
839.9898807079928,639,64,0,0
840.0605471850771,635,10,0,0
840.0661699714992,1091,600,0,1
840.074988335498,242,172,0,0
840.3562279937477,783,555,0,0
841.4772176809497,540,580,0,0
841.5003466768003,8,610,0,0
841.5012200163358,399,297,0,0
841.5870880664011,1262,164,0,0
841.614126870148,260,769,1,0
841.6462849472582,818,98,0,0
841.7660339464186,32,647,0,0
841.7751183135606,360,329,1,0
842.6372588996318,14,52,0,0
842.6403172724479,1046,78,0,0
842.6415075215791,303,373,0,0
842.6675490629153,1789,371,0,0
842.6688955288317,7,169,0,0
842.6732247090409,463,3000,0,1
842.6736713394208,972,502,0,0
842.813081896021,61,755,0,0
842.8663597561414,1554,434,0,0
842.8821808560056,1197,256,0,0
842.8875109483812,1595,309,0,0
842.8880704789268,1697,56,0,0
842.8886839640952,5020,411,1,0
842.9146750231033,1192,390,0,0
843.1730744208786,730,368,1,0
843.2958863182392,518,125,0,0
843.2961059608182,262,233,0,0
843.2973461314805,1591,326,0,0
847.2403533444129,884,507,0,0
847.2629634194496,996,322,0,0
847.3015319805443,1426,449,0,0
847.3282678900762,13,404,0,0
847.6900490165569,1471,207,0,0
847.7005703158562,45,28,0,0
847.7218100041358,1196,346,0,0
847.7750682715506,499,68,0,0
847.8162861646786,711,505,0,0
847.9738608659203,869,69,0,0
848.0153345319317,437,122,0,0
848.0730741119351,1274,208,0,0
848.07614205274,1524,2770,0,1
848.0849622112295,1216,769,0,0
848.094262672179,266,189,0,0
848.1468388568276,1382,146,0,0
848.2001497182699,1600,59,0,0
848.2118837365905,1498,483,0,0
848.2186526952236,1816,263,0,0
848.2190142864049,206,351,0,0
848.2197530647928,170,185,0,0
848.228221263114,1148,173,0,0
848.3100716618745,902,151,0,0
848.3266142101244,1925,391,0,0
848.3280993338425,494,304,0,0
848.3312080528185,625,471,0,0
848.3336836621627,1010,123,0,0
848.3486620083168,206,104,0,0
848.3627690851771,167,201,0,0
848.4986299077648,531,517,0,0
848.5740282272294,10,119,0,0
848.5910927321662,1557,189,0,0
848.6415912687695,1471,300,0,0
848.6441803168741,457,92,0,0
848.644603244507,1016,99,0,0
848.6981631504588,11,226,0,0
848.8524479072229,1082,261,0,0
848.8986345132308,159,217,0,0
848.9029926761958,1491,293,0,0
848.905931038976,1481,110,0,0
849.2010070048979,757,156,0,0
849.2218717466053,190,142,0,0
849.3883099506638,1083,283,0,0
849.3889340659252,778,179,0,0
849.3987215770914,33,82,0,0
849.4038423126107,630,375,0,0
849.4141286679317,274,363,0,0
849.4837871447736,309,429,0,0
852.8829029897985,650,65,0,0
852.8849121424092,1630,106,1,0
852.9060803116747,903,247,0,0
852.9734343168003,362,6,0,0
852.9863397341423,1494,354,0,0
853.0027887515716,723,15,0,0
853.0039234038425,837,81,0,0
853.0125555003762,3750,304,1,0
854.7962582277119,1048,47,0,0
854.7986180512065,1081,210,0,0
854.8070208980886,1413,142,0,0
854.8536331035954,1668,411,0,0
854.8819245078531,146,101,0,0
854.9747790487968,331,210,0,0
855.0063593959621,357,68,0,0
855.0401483549882,1118,259,0,0
855.0451812728277,40,252,0,0
855.0466697812232,7665,527,1,0
855.05527576723,9,99,0,0
855.4947474589532,531,280,0,0
855.510258282163,1144,768,0,0
855.5142531065658,1039,149,0,0
855.5639759861308,325,214,0,0
855.5655610773844,7992,200,1,0
855.5715722540557,1858,770,0,0
857.4571643638288,466,518,0,0
857.4737270311198,1309,418,0,0
857.4818977452958,514,426,0,0
857.5201914058993,1086,204,0,0
858.9084031890642,384,308,0,0
858.984407998056,976,297,0,0
859.0033544821414,597,343,0,0
859.022515645331,1091,152,0,0
859.1430816623465,924,240,0,0
859.3168768839777,42,26,0,0
859.319814115027,463,511,0,0
859.3251460521104,1495,730,0,0
859.3637292632144,426,39,0,0
859.3640068748476,79,767,0,0
859.3660765744139,1275,109,0,0
859.752218722477,310,108,0,0
859.8241039661505,819,29,0,0
859.9104523421145,1273,277,0,0
860.0204304791193,1351,290,0,0
865.4864494952368,968,140,0,0
865.6860876474236,242,22,0,0
865.6981880450503,782,82,0,0
865.9640168841773,799,375,0,0
867.3054049265852,1529,90,0,0
867.3151108430699,7918,274,1,0
868.7330478761905,1778,302,0,0
869.270469889823,517,246,0,0
869.2798669394566,12,379,0,0
869.2862304440688,1011,327,0,0
869.2934979965798,1080,353,0,0
869.3018210922426,437,332,0,0
869.3119773565006,1370,237,0,0
869.3527371354581,343,48,0,0
869.3562773334812,512,216,0,0
869.4088264161746,765,767,0,0
869.4183850326962,110,20,0,0
869.420114056159,1031,756,0,0
869.5027837697694,1311,244,0,0
869.6635139348033,143,57,0,0
869.9202631354882,1317,133,0,0
869.9275167337305,832,411,0,0
870.0129856102573,409,212,0,0
870.0342817283156,1162,227,0,0
870.0708196697924,755,274,0,0
870.3962341234235,259,269,0,0
870.4013023949445,765,69,0,0
870.4326630635927,1805,98,0,0
870.4506873415529,696,470,0,0
870.9169052712789,498,54,0,0
871.0131987764577,896,752,0,0
871.042259921461,697,175,0,0
871.0536536067862,1420,613,0,0
871.1612304502419,3290,374,1,0
871.1752622144393,1699,298,0,0
871.3387173256758,1014,305,0,0
871.3428942221947,143,236,0,0
871.3541889768574,396,392,0,0
871.3630520779919,808,110,0,0
871.3731873240644,1482,214,0,0
871.3930902754747,856,4010,0,1
871.525477300923,1350,563,0,0
872.0876963576761,423,230,0,0
872.0973256669088,30,475,0,0
872.1096373432157,4,133,0,0
872.1224972904228,919,2470,0,1
872.1308955983857,19,288,0,0
872.4097492922618,842,304,0,0
872.4506473301927,1237,174,0,0
872.4515022721396,73,141,0,0
872.4615878226738,10,685,0,0
872.462445307999,5500,424,1,0
872.892882953072,810,202,0,0
872.8998961111906,465,305,0,0
872.9012003313063,1240,116,0,0
872.9098256033078,14,206,0,0
872.918806943899,22,309,0,0
872.9631555307718,1086,296,0,0
872.9671184773898,1523,332,0,0
872.9681787838474,421,190,0,0
873.7021090482812,12,351,0,0
873.7085021638,278,424,0,0
873.7148251674945,784,455,0,0
873.7174968016866,1636,272,0,0
873.7600290533703,333,125,0,0
873.8709233197417,714,347,0,0
873.9622754828858,537,192,0,0
873.9737036868452,958,160,0,0
874.2537927926222,1431,401,0,0
874.2541278432999,31,295,0,0
874.2618485685628,441,208,0,0
874.2631497118969,615,498,0,0
874.3018935760092,1368,182,0,0
874.3131836245568,1449,665,0,0
874.3600208563253,1554,172,0,0
874.3669371712928,1080,232,0,0
874.3671508665884,233,365,0,0
874.4185435598573,396,271,0,0
874.4192497209402,851,374,0,0
874.7149549263626,1034,769,0,0
874.7476680414316,8074,118,1,0
874.748906150088,959,140,0,0
875.0844488133034,737,95,0,0
875.1376693732708,829,181,0,0
875.1409547863249,506,569,0,0
875.3213182543824,965,116,0,0
875.3220610895224,6,2820,0,1
875.3222582653473,480,130,0,0
875.3224062922865,1631,727,0,0
875.3645542275812,271,93,0,0
875.3981374740257,51,174,0,0
875.4016311063658,408,284,0,0
875.4546297883429,521,126,0,0
875.4584374398648,257,148,0,0
875.4612684899267,314,407,0,0
875.5006082387696,451,3180,0,1
875.5110653289513,381,378,0,0
875.5202748604438,5400,401,1,0
876.6275862243581,1183,58,0,0
876.8760857649896,263,258,0,0
876.9146351761311,38,441,0,0
877.3025494135479,4670,55,1,0
878.1736541622927,20,2720,0,1
878.1882983735334,699,188,0,0
878.3308345775494,66,57,0,0
878.3444462234584,253,288,0,0
878.3602783464243,1530,13,1,0
878.3848910388091,1637,311,0,0
878.3951263682658,1467,257,0,0
878.3964287588733,1617,439,0,0
878.4100646252228,1300,133,0,0
878.4190451144423,113,422,0,0
878.4197541408028,901,328,0,0
878.4518111217424,396,2910,0,1
878.4545873903068,630,640,0,0
878.4708092834667,1046,311,0,0
878.475081932669,1045,296,0,0
878.4780487788048,378,263,0,0
878.4819746851427,1498,11,0,0
878.558200376103,986,654,0,0
878.6629500746607,1786,21,0,0
878.8147738258738,8,269,0,0
878.8534784974254,523,252,0,0
878.8594540640518,681,216,0,0
878.8611230175446,888,280,0,0
878.9180705559137,44,646,0,0
879.026723141212,14,438,0,0
879.0446598032519,968,24,0,0
879.0637616437257,119,452,0,0
879.0667081573102,113,596,0,0
879.0688189758483,1127,387,0,0
879.3284798215421,619,455,0,0
879.3467775483471,1713,414,0,0
879.3782183017483,286,227,0,0
879.9579295269327,5,57,0,0
879.9598085032173,774,92,0,0
879.9778312416266,1075,159,0,0
880.259566484902,590,351,0,0
880.3611534135401,1274,27,0,0
880.4197819623421,1435,324,0,0
880.4499062747934,43,380,0,0
880.604727977853,1265,302,0,0
880.7063637360441,234,392,0,0
880.7138325996364,300,232,0,0
880.8668851186698,714,486,0,0
880.9025854002042,1553,396,0,0
880.9079651370578,1909,75,0,0
880.9230928597618,1595,384,0,0
880.9299519226855,3400,513,1,0
880.9343340953902,1755,767,0,0
880.9720128971935,1846,304,0,0
880.972866269104,1698,269,0,0
881.3334840179305,884,368,0,0
881.3614223504713,508,419,0,0
881.376658619688,679,313,0,0
881.7803061975502,586,285,0,0
881.7859211698283,7537,655,1,0
881.7914772956058,1813,348,0,0
882.172764572279,786,435,0,0
882.1795379503105,1681,383,0,0
882.241087500304,774,92,0,0
882.3017792042378,1945,264,0,0
882.401645418684,757,234,0,0
882.8452496566468,1118,55,0,0
882.8679475697271,787,536,0,0
882.876947451873,621,39,0,0
882.8778509674071,653,341,0,0
882.8927380078171,22,84,0,0
882.8970018062062,1104,343,0,0
882.9823251945638,1643,125,0,0
883.0473972105077,477,245,0,0
883.0634456768101,607,24,0,0
883.2291423655691,864,3670,0,1
884.3334770433437,1343,478,0,0
884.3397025753585,1022,35,0,0
884.3941643263984,4350,85,1,0
884.4131542092205,415,5,0,0
884.4415771528055,10,12,0,0
884.4463939156605,250,291,0,0
884.447993859818,771,45,0,0
884.7298336679837,1276,1880,0,1
884.7445689723562,537,207,0,0
884.7453195508829,1688,93,0,0
884.7533666052444,21,326,0,0
884.7538528595475,942,180,0,0
884.7573026222813,1609,326,0,0
884.7723759777781,1154,554,0,0
885.0701079254113,7,453,0,0
885.0750584586983,1016,459,0,0
885.1197127206384,702,334,0,0
885.1202450060584,1462,143,0,0
885.1792071386941,1674,309,0,0
885.1858636941328,347,405,0,0
885.2178297534958,242,70,0,0
885.2219250734968,748,497,0,0
885.2302436265039,732,471,0,0
885.7592607483672,1093,32,0,0
885.8171009638088,10,244,0,0
885.8918631101621,1893,588,0,0
885.8959322340661,1498,130,0,0
885.8973835073882,983,767,0,0
885.9724758725583,1672,638,0,0
885.9738446772116,578,46,0,0
885.9863928408791,693,257,0,0
886.1549974209519,820,324,0,0
886.2097838297258,597,390,0,0
886.26027823268,244,65,0,0
886.2905379945165,1060,577,0,0
886.2914682639068,561,488,0,0
886.3522486730272,1527,194,0,0
886.634078357653,195,101,0,0
886.6386288230016,9,173,0,0
886.643742193145,1023,291,0,0
886.798558781349,853,234,0,0
886.8055741789736,1632,238,0,0
886.8571771464701,1525,35,0,0
886.9482759121671,1887,367,0,0
886.9618481460121,13,243,0,0
886.97456484952,530,231,0,0
886.9762976273507,1197,156,0,0
886.9815801818178,1188,336,0,0
886.992282675859,689,118,0,0
886.9935860595223,635,10,0,0
887.0122628641078,967,443,0,0
887.5438423322126,1371,357,0,0
887.8033412903611,248,268,0,0
887.8930808711602,559,409,0,0
887.8977527305407,1659,174,0,0
887.8988657467784,138,151,0,0
887.964839940486,45,114,0,0
888.200851292138,843,309,0,0
888.6828689680109,942,186,0,0
888.687126845801,782,221,0,0
888.7950652639586,1539,462,0,0
889.2809475523605,848,125,0,0
889.312542712583,1050,248,0,0
889.3225853076219,1613,181,0,0
889.3293096613817,1829,776,0,0
889.3418399835934,1558,192,0,0
889.5584677296149,8,104,0,0
889.5595376384788,580,184,0,0
889.6277567388911,7845,347,1,0
889.634930446559,1479,180,0,0
891.6581327488567,1511,550,0,0
891.916382846342,1261,84,0,0
891.9854950551492,60,122,0,0
892.4120870806154,1172,408,0,0
892.4415461826778,7770,394,1,0
892.4628346047746,1769,145,0,0
892.4777992075971,1474,332,0,0
892.5740898048784,779,385,0,0
892.6088077684261,1866,31,0,0
892.6125965067074,223,163,0,0
892.7086760664224,1320,186,0,0
892.7282645666111,1467,272,0,0
892.730480890969,1425,290,0,0
892.7809809712762,914,160,0,0
892.7828572750764,361,42,0,0
892.7939763762564,999,93,0,0
892.798234699396,1593,102,0,0
892.8101062205873,598,209,0,0
893.1646678271719,170,45,1,0
893.2448204899744,1027,628,0,0
893.3655120348809,268,219,0,0
893.3727816120861,56,330,0,0
893.3732467493008,250,259,0,0
893.427816728854,1545,191,0,0
893.4314091863985,6,125,0,0
893.4367726230089,1679,288,0,0
893.4555293418878,1434,298,0,0
893.483313851186,677,100,0,0
893.5881046868478,651,416,0,0
893.5895224946406,10,172,0,0
893.5922672858674,1263,268,0,0
893.5994461911785,10,371,0,0
893.6495449233271,992,368,0,0
893.6582075705618,913,394,0,0
893.7291860971653,14,308,0,0
893.7820471583457,850,15,0,0
893.7872249566584,169,170,0,0
893.8254448595621,1613,266,0,0
893.8293962404276,1517,144,0,0
893.8367532500948,191,340,0,0
893.9204329158974,787,187,0,0
893.9424410875,1027,154,0,0
893.9438705459683,1473,9,0,0
893.9592466060238,1578,182,0,0
893.9654812515274,420,27,0,0
893.9717213971422,321,169,0,0
893.9840283065658,12,283,0,0
894.2503209800927,773,579,0,0
894.2741405497085,1306,99,0,0
894.3460414714801,1219,84,0,0
894.3551253761163,537,317,0,0
894.3647517297985,1090,338,1,0
894.3658990321159,171,560,0,1
894.3768315786259,1048,307,0,0
894.3801809722029,1062,753,0,0
894.3957960333685,1648,328,0,0
894.4577791487856,454,363,0,0
894.4819596141002,35,92,0,0
894.4824759162237,12,291,0,0
894.4976021275786,1017,447,0,0
894.4986042001026,1619,426,0,0
895.2135133597656,956,729,0,0
895.2140400480025,802,219,0,0
895.4429443022423,135,267,0,0
895.4483824581839,1146,451,0,0
895.4636026530383,800,149,0,0
895.4738819352865,1251,430,0,0
895.8924675143346,330,52,0,0
895.8964612514869,1553,210,0,0
895.9841207913136,17,37,0,0
897.4767804664737,8147,45,1,0
897.4786271996057,341,189,0,0
897.5006024510956,3340,334,1,0
897.5145275033123,503,257,0,0
897.5165652713379,67,633,0,0
897.519049340285,575,101,0,0
897.5197272402347,6,212,0,0
897.542773648563,53,132,0,0
897.5656161280721,441,208,0,0
897.600629934712,1408,316,0,0
897.8292760824355,457,390,0,0
897.8315362909553,1548,261,0,0
897.8328322833403,166,79,0,0
897.91671746861,844,346,0,0
897.9892063429409,1839,168,0,0
898.1963062124906,447,412,0,0
898.287084568095,143,37,0,0
898.2899201974577,1146,425,0,0
898.3894270225924,1184,397,0,0
898.3994644889298,781,359,0,0
898.469813293124,9,38,0,0
898.5892918020508,1581,58,0,0
898.5970242271835,456,208,0,0
898.6036165122962,1062,87,0,0
898.6130290384962,839,73,0,0
898.6283425513697,237,288,0,0
898.6320359618928,841,67,0,0
898.6331659219985,250,624,1,0
898.6398155512602,988,129,0,0
898.6569787086005,563,288,0,0
898.6675681419113,364,424,0,0
898.6867684253444,369,206,0,0
900.3948832110051,289,241,0,0
900.395025603432,1340,207,0,0
900.4343093251246,353,579,0,0
902.044310293524,1682,72,0,0
902.1265344925094,536,23,0,0
902.4602982039248,1515,354,0,0
902.4665919803083,1107,276,0,0
902.8472185804873,228,301,0,0
902.8489649164843,1571,169,0,0
902.9020258201489,990,226,0,0
902.9511303510703,13,150,0,0
902.9590306119104,1689,769,0,0
902.9594727711146,267,254,0,0
902.9648663265064,686,204,0,0
902.9775677987386,1148,61,0,0
902.9799379628906,529,183,0,0
902.9811776279419,623,439,0,0
902.9826364628603,1739,9,0,0
903.2192725345868,1378,224,0,0
903.2219737605488,757,767,0,0
903.2867251032429,2067,111,0,0
903.5362657782179,666,22,0,0
903.7371329520696,851,348,0,0
903.7945105600029,40,138,0,0
903.8158000333151,1410,769,0,0
903.919209891267,59,254,0,0
903.9239348726408,953,108,0,0
903.9695287879784,405,243,0,0
904.0727501022133,505,323,0,0
904.090638119487,444,46,0,0
904.1037263578345,28,418,0,0
904.1959734463682,1235,769,0,0
904.2094056340468,209,350,0,0
904.2226683767093,738,385,0,0
904.2338503015997,1445,46,0,0
904.2343629770962,452,236,0,0
904.2785630934383,888,407,0,0
904.668530440571,723,1250,0,1
904.6948050743749,31,2420,0,1
904.6993376287829,1474,26,0,0
904.7016390038237,80,356,1,0
904.948473896276,816,139,0,0
904.9502312428801,43,25,0,0
905.0315682329151,642,95,0,0
905.0519104756847,369,376,0,0
905.2641933388385,1353,463,0,0
905.4788086619013,6,34,0,0
905.5321982337866,54,231,0,0
905.5396857026146,592,50,0,0
905.5496569661581,458,155,0,0
905.6256176512653,1270,536,0,0
905.6404339243243,1054,217,0,0
905.6467578685575,773,229,0,0
905.6721197466273,661,399,0,0
905.6727884274404,702,737,0,0
906.8382237907941,174,92,0,0
906.9641237881998,1335,656,0,0
906.9647551671762,1485,1630,0,1
907.0474307265739,571,268,0,0
907.0787594383105,11,380,0,0
907.0804607701073,207,7,0,0
907.1462270218271,233,28,0,0
907.1580361602385,383,324,0,0
907.1968116157004,1078,77,0,0
907.3525974340988,1414,293,0,0
907.3587829521693,1372,311,0,0
907.3606209936348,430,654,0,0
907.9150473685871,850,360,0,0
907.9264836082995,807,201,0,0
907.9273560771411,1780,69,0,0
908.0656836827529,265,673,0,0
908.1195414605756,337,124,0,0
908.1930875697063,1954,311,0,0
908.222319118007,572,244,0,0
908.234964690201,466,528,0,0
908.2838566621942,453,215,0,0
908.439079539657,1675,129,0,0
908.4412934584652,31,220,0,0
908.4543475786465,214,47,0,0
908.5090146195055,49,680,0,0
908.5316325437033,1560,748,1,0
908.5649992317151,363,226,0,0
908.5860015862289,5,310,0,0
908.6277064241382,610,318,0,0
908.6286576492921,266,328,0,0
909.4371456259985,476,229,0,0
909.4544504828024,337,165,0,0
909.4582632992076,609,58,0,0
909.4631885458226,255,102,0,0
909.4852489961212,894,536,0,0
909.4853594216363,220,204,0,0
909.5945530763414,1566,28,0,0
910.1196218814868,1421,177,0,0
910.3626636079484,1751,295,0,0
910.6418842491047,349,149,0,0
910.8235401569999,1175,217,0,0
910.8490479672737,1160,259,0,0
910.8653190742787,694,197,0,0
910.885596570707,1668,52,0,0
910.8940662590296,136,2760,0,1
910.8974520147107,314,346,0,0
911.0151499002392,56,638,0,0
911.0162387392236,1253,647,0,0
911.083458305413,804,161,0,0
911.0999281550708,539,417,0,0
911.1380818279893,7,117,0,0
911.1386316683316,1287,139,0,0
911.1389181702777,1053,147,0,0
911.1567764846187,1247,565,0,0
911.1816379990498,868,62,0,0
911.2066179245053,6,59,0,0
911.6063511280396,9,2290,0,1
911.6105906228687,475,158,0,0
911.6128776348856,8118,74,1,0
911.6237093245189,1081,769,0,0
911.6396043493345,596,487,0,0
911.6423826469855,738,9,0,0
911.7876002970996,1497,81,0,0
911.789555519785,940,327,0,0
911.8065388153108,1853,351,0,0
911.8297708573544,1463,570,0,0
911.8897650914948,3300,41,1,0
911.8924471857796,1264,227,0,0
911.9055066709408,296,126,0,0
911.9193741300319,1050,39,1,0
911.9231641266462,1021,544,0,0
915.1097870657991,547,274,0,0
915.1285400798724,1410,370,0,0
915.1361861499802,1226,237,0,0
915.1374946858283,378,626,0,0
915.8864913657079,516,540,0,0
915.940851110153,1398,250,0,0
915.9506123250457,622,557,0,0
915.9526408495681,5980,406,1,0
915.954101357204,29,162,0,0
915.9880619499472,1477,432,0,0
916.5519020069731,323,2980,0,1
916.5670499905029,1474,268,0,0
916.5956602498702,22,143,0,0
916.6096805536397,190,99,0,0
916.6228419538658,1117,768,0,0
916.6256211846228,451,209,0,0
916.6333987376418,1441,132,0,0
916.6527033395051,615,190,0,0
919.2843602979777,17,216,0,0
919.3924628416493,525,88,0,0
919.4658616755836,1744,310,0,0
919.4670479561266,1318,18,0,0
919.4957424265253,1575,248,0,0
919.4979515926991,1049,242,0,0
919.5230027987172,4,52,0,0
919.704011146557,1390,191,0,0
919.7099352932945,914,17,0,0
919.7699018174569,294,141,0,0
919.7995943482928,183,409,0,0
919.801381347194,1162,7030,0,1
919.8036635342072,860,47,0,0
920.1015819079222,455,332,0,0
920.1053466965977,779,624,0,0
920.2884464810891,1028,313,0,0
920.4726173865057,499,482,0,0
920.4895734986637,1750,691,0,0
920.5913581647625,1220,113,0,0
920.6123353321175,1329,526,0,0
922.7902390489845,820,256,0,0
922.801148407741,1781,37,0,0
923.0088129348638,646,90,0,0
923.0146661936643,15,411,0,0
923.0327917159586,1174,317,0,0
923.1013762629165,577,319,0,0
923.5388023663592,34,357,0,0
923.5605475645897,30,196,0,0
923.5691975293598,632,152,0,0
923.5732365843322,6720,179,1,0
923.6348398744996,123,252,0,0
923.7567057331231,1000,22,0,0
923.7613635450512,13,368,0,0
923.8174447036623,747,364,0,0
923.831727664005,7580,612,1,0
923.9419404313592,509,391,0,0
923.9613868117098,786,770,0,0
923.9977514158592,350,101,0,0
924.6045231004279,665,2640,0,1
924.6291779036148,1179,770,0,0
924.6372697810486,1073,387,0,0
924.6449016495097,275,198,0,0
924.650382157805,1112,292,0,0
924.7547978561313,8174,18,1,0
924.7606003105308,103,65,0,0
924.7612668467403,185,144,0,0
924.7627604982501,882,186,0,0
924.8497010152932,9,27,0,0
924.8514600751188,6,15,0,0
924.8825755397759,777,241,0,0
924.8860590209596,153,154,0,0
925.0711300824731,1553,313,0,0
925.0894081617237,1477,582,0,0
925.1092522888325,1649,134,0,0
925.1119509098553,429,318,0,0
925.2089349043806,867,236,0,0
925.2695464790155,1041,125,0,0
925.2705029979752,297,243,0,0
925.2920880249378,80,180,1,0
925.2930457322943,1866,330,0,1
925.2936182662397,340,350,0,0
925.3110614119538,145,130,0,0
925.3474780722781,463,503,0,0
925.3696691268228,130,237,1,0
925.4059219532498,1732,197,0,0
925.4306872520992,1193,413,0,0
925.68257834435,183,208,0,0
925.7160568860379,1333,625,0,0
926.258721244737,835,601,0,0
926.2614051684034,375,362,0,0
926.2675616170951,866,277,0,0
926.2677091824289,295,86,0,0
926.3001150030385,13,277,0,0
926.3588300475194,1707,218,0,0
926.4630341449335,841,265,0,0
926.5770294753635,1055,229,0,0
926.5852001233552,121,101,0,0
926.6013210351487,1116,49,0,0
926.6053867772569,1107,465,0,0
926.64534079668,361,287,0,0
926.6703194771414,1578,46,0,0
927.0108654224316,997,587,0,0
927.041493442064,491,572,0,0
927.0633482744072,1025,430,0,0
927.0666740506002,1693,208,0,0
927.0888187310583,1451,207,0,0
927.155405135087,40,284,0,0
927.1670601755679,924,394,0,0
927.1969433273947,1201,462,0,0
927.4340967327845,178,207,0,0
927.5411499312659,100,214,0,0
927.550624534705,439,233,0,0
927.5783997135236,20,325,0,0
927.5822470640383,1656,142,0,0
927.5878656488549,603,142,0,0
927.6791859251107,1547,143,0,0
927.6822150419212,1776,3980,0,1
927.6858626168987,897,113,0,0
927.6873631854469,4920,498,1,0
927.6934034759664,697,366,0,0
927.7439605802972,525,75,0,0
927.8942726220977,905,236,0,0
928.279705123284,163,457,0,0
928.2935082207002,12,357,0,0
928.3182140329184,454,185,0,0
928.4925736583845,6,22,0,0
928.5165568730052,1976,417,0,0
928.5195912684958,1566,324,0,0
928.5277360886224,10,277,0,0
928.9267342458268,1292,644,0,0
928.9359431036505,7564,628,1,0
928.9738138023321,808,382,0,0
928.9957185960627,360,448,0,0
929.2950250302106,1663,464,0,0
929.8768194218527,800,7370,0,1
930.2016428877249,13,343,0,0
930.2149946666929,1704,447,0,0
930.2308428917486,7,81,0,0
930.2374499129169,29,274,0,0
930.2393704374766,187,59,0,0
930.2538031008269,355,223,0,0
930.2647546266459,1623,155,0,0
930.3417429432899,1205,205,0,0
930.346959350141,223,227,0,0
930.347866951895,1093,499,0,0
930.4105156810695,6,304,0,0
930.4107046289407,21,431,0,0
930.429324181066,1989,29,0,0
930.4378324312662,1414,106,0,0
930.4590385177551,1177,483,0,0
930.5031472197257,242,174,0,0
930.5040422521951,18,436,0,0
930.5191262632078,319,259,0,0
930.5379491573087,672,7520,0,1
930.5566754429432,500,767,1,0
931.374595223678,1447,120,0,0
931.3834028326083,750,257,0,0
931.3840361641966,1719,415,0,0
931.4024523226543,1055,48,0,0
931.4297229130018,274,315,0,0
931.4330212642975,1476,3060,0,1
931.4420188065092,1655,418,0,0
931.4460684865198,639,282,0,0
931.4487602739084,1915,253,0,0
931.4594153434679,769,769,0,0
931.5619499001994,1041,3090,0,1
931.7066668620749,970,323,0,0
931.8437922602416,411,442,0,0
931.8490484071627,973,163,0,0
931.8544232448139,8,771,0,0
931.9509970478979,909,440,0,0
931.9939653706671,890,33,1,0
931.9956514200995,1059,282,0,0
932.0002742508884,81,111,0,0
932.0019900760402,177,364,0,0
937.4794211832639,324,540,0,0
937.4939217316934,1619,605,0,0
937.5836797581986,590,148,1,0
937.7463646676009,626,119,0,0
937.9616135613295,6,300,0,0
937.9716830252501,735,42,0,0
938.7177472022488,428,760,0,0
938.8365657536685,1419,677,0,0
938.8429439186344,628,191,0,0
938.8439421537967,1045,398,0,0
938.8489649025304,328,239,0,0
938.9577908246058,9,47,0,0
939.172496056674,1365,231,0,0
939.2327243188965,198,219,0,0
939.4392955102104,902,128,0,0
939.5154368582413,484,6860,0,1
939.5579405016969,1177,219,0,0
939.8169056429988,391,556,0,0
939.8349756703834,217,225,0,0
940.2409463565994,356,93,0,0
940.9099474299745,6830,336,1,0
940.9850918805467,1501,354,0,0
949.3291351738458,129,241,0,0
965.8690021739802,1559,364,0,0
965.8961547820077,706,325,0,0
965.8987760778649,1157,427,0,0
965.9032803013795,803,36,0,0
965.908512807407,1235,229,0,0
965.9089432722781,2067,111,0,0
966.2600604760477,1509,547,0,0
966.3069321829043,101,85,0,0
966.321661848985,1104,586,0,0
966.4255737470594,1345,123,0,0
966.4259089397674,685,699,0,0
966.4302424911214,1811,230,0,0
967.4665268809681,181,286,0,0
967.5515936945845,738,72,0,0
967.6705226440597,1688,728,0,0
967.7237045543665,1698,366,0,0
967.729494015817,153,175,0,0
967.7301526638402,1631,144,0,0
967.7949596014245,1597,413,0,0
967.7955823847832,117,490,0,0
967.8228900373745,1317,170,0,0
967.928060455068,6,73,0,0
967.9302989432246,237,170,0,0
967.931137228136,613,456,0,0
967.9579700774639,384,2220,0,1
967.9727198121884,7250,48,1,0
967.9984378897218,551,12,0,0
968.0121750870934,660,179,0,0
968.0187544319771,1251,18,0,0
968.0438161676905,797,413,0,0
968.0704358418734,1651,159,0,0
973.2331514385427,1090,430,0,0
973.6694873027027,7917,275,1,0
973.7024302535668,1054,452,0,0
973.704871057925,334,237,0,0
973.7190858936794,404,648,0,0
973.7343883521785,5200,74,1,0
973.8733628472572,1517,555,0,0
973.8769586569426,1899,297,0,0
973.9096579192908,6120,215,1,0
973.9096696059759,1573,433,0,0
973.9137437851093,838,77,0,0
973.9573919180535,453,657,0,0
973.9725840858139,898,173,0,0
974.3369302561533,849,23,0,0
974.3405174812677,1357,606,0,0
974.3998533444858,574,174,0,0
974.503987827434,198,348,0,0
976.3325611074157,594,83,0,0
976.5644174196715,694,243,0,0
976.6243936760973,353,594,0,0
976.6359999206464,721,301,0,0
976.6408596347333,30,252,0,0
976.7008473120986,1143,259,0,0
976.7934525776611,1586,716,0,0
976.8041659172358,577,179,0,0
976.8507689492048,575,119,0,0
976.866889705375,383,351,0,0
976.8698080104936,4,38,0,0
976.898372405416,804,455,0,0
976.9151833174928,138,254,0,0
976.9178292813053,455,156,0,0
976.9276446244273,32,549,0,0
993.0987054715655,703,367,0,0
993.1685438518634,7428,764,1,0
993.4358855980504,1595,185,0,0
993.4538561976807,653,124,0,0
993.9009333964171,1302,140,0,0
993.9528115214906,739,350,0,0
994.2714861677653,469,229,0,0
994.2877981150947,694,194,0,0
994.2898406048567,25,143,0,0
994.298995077954,1634,1500,0,1
994.3424791177448,13,187,0,0
994.3525967038415,1403,137,0,0
994.3620269979348,198,409,0,0
994.368281625477,558,32,0,0
994.4243480354958,1189,315,0,0
994.4935908066759,1574,515,0,0
994.507138637144,916,518,0,0
996.1495162129127,1096,194,0,0
996.1926442759936,1614,225,0,0
996.1976604325125,1408,145,0,0
997.1205120746832,283,1490,0,1
997.1564879090633,1126,88,0,0
997.1572670355675,1731,553,0,0
997.1783239816226,22,549,0,0
997.1918935222583,1004,33,0,0
997.5537518891464,356,387,0,0
997.576705773298,1446,552,0,0
997.5861814853241,890,238,0,0
997.5892097826923,1259,475,0,0
997.5929125825473,23,281,0,0
997.6211723459775,407,342,0,0
997.637837098462,361,334,0,0
997.6423461067619,1830,390,0,0
998.0401121740216,875,24,0,0
999.292042620472,1171,201,0,0
999.3582096206926,1763,360,0,0
999.4134577327847,426,290,0,1
999.4360110812429,550,169,0,0
999.4757929558484,1144,157,0,0
999.6402767249248,1308,277,0,0
999.7685286359816,1713,961,0,0
999.7707269999247,884,151,0,0
999.7868353924778,915,416,0,0
999.7893288589272,733,88,0,0
999.789690392627,136,81,0,0
999.7925580262063,1832,1760,0,1
