arrived_at,num_prefill_tokens,num_decode_tokens,prefill_inflated,decode_inflated
0.0,239,537,0,0
0.03279720615158262,12,278,0,0
0.0432260618212322,9,718,0,0
0.046265487514628945,262,40,0,0
0.053533702196803784,1149,206,0,0
0.05601692975412016,952,65,0,0
0.07636812131703791,766,770,0,0
0.33966514158008826,4210,632,1,0
0.3464076985228008,7669,523,1,0
0.35162459384349254,1049,243,0,0
0.39968873335755856,140,219,0,0
0.4365302830048072,1783,470,0,0
0.4588100900915127,1419,302,0,0
0.46161652838742495,1071,160,0,0
0.4786358389274549,772,18,0,0
0.5511265657190034,369,288,0,0
0.5523533829073424,230,216,0,0
0.5595789139814176,1632,106,0,0
0.5599816019770946,14,336,0,0
0.5613501861826298,811,382,0,0
0.5618037506714151,15,374,0,0
0.5730796765098427,142,45,0,0
0.5745100839051949,279,593,0,0
0.6055533209490194,231,126,0,0
0.6302422377812779,201,326,0,0
0.6426582924830551,669,3680,0,1
0.6427758688572738,851,474,0,0
0.6489198103107698,571,334,0,0
0.6652963592316782,1097,291,0,0
0.6879307446897789,1657,79,0,0
0.6887765895871957,7985,207,1,0
0.6957168944809548,672,71,0,0
0.698266182475424,418,240,0,0
0.7018455201621471,1044,16,0,0
0.8524488619900674,1353,85,0,0
0.8560375364667773,1405,79,0,0
0.8729459078693516,1780,354,0,0
0.9787545281466479,1372,247,0,0
0.9843707063239807,1289,473,0,0
0.9988027120383508,645,254,0,0
1.0213086806337484,1673,640,0,0
1.0418084945111088,756,100,0,0
1.043365462924185,671,2650,0,1
1.064378282746517,781,757,0,0
1.337658881591852,11,318,0,0
1.338476436593789,1498,546,0,0
1.4391232643970642,939,422,0,0
1.4620329622933084,951,447,0,0
1.467035330642996,1565,123,0,0
2.453063921628287,1013,184,0,0
2.5359420903401713,161,265,0,0
2.537581398754358,1705,409,0,0
2.5585260795881624,125,64,0,0
2.6157076371288808,1513,105,0,0
2.6280778080999636,503,326,0,0
2.6987938743740756,1799,369,0,0
2.714590835980368,1208,149,0,0
2.7831260290043396,2139,59,0,0
3.1036308895491556,7877,315,1,0
3.1083026116243597,1008,2740,0,1
3.1353916586994974,1051,299,0,0
3.142535403390279,92,69,0,0
3.165810618864905,1017,375,0,0
3.167490063564364,1091,123,0,0
3.1731547359722936,11,236,0,0
3.1853428389821388,1262,469,0,0
3.294237391145633,1656,559,0,0
3.4725068596138065,611,131,0,0
3.4737854991795714,1235,127,0,0
3.477467909537974,414,233,0,0
3.543270493242507,1834,262,0,0
3.5436060422333315,1216,366,0,0
3.550751754747916,1632,250,0,0
3.5656058916705295,1627,550,0,1
3.78854132948465,157,116,0,0
3.860181793884494,101,578,0,0
3.869560346239903,784,770,0,0
3.8781942821163438,165,17,0,0
3.889134672248187,568,172,0,0
4.2690358116302525,1199,310,0,0
4.276701868407433,1185,29,0,0
4.286532384963435,399,220,0,0
4.323058606210873,1115,19,0,0
4.337231218188956,693,249,0,0
4.34939282251458,184,176,0,0
4.351336764712737,1200,264,0,0
4.3689704202482185,722,223,0,0
4.376401638524533,664,698,0,0
4.562282847975934,524,508,0,0
4.628904475594143,1653,706,0,0
4.646098553769726,7,299,0,0
4.7147892871595145,1039,318,0,0
4.723933426410172,427,218,0,0
4.871917547088489,32,435,0,0
4.889768432985819,1806,204,0,0
4.947720542231219,1135,312,0,0
4.949085421214532,13,292,0,0
4.985182514951494,698,2890,0,1
4.985799101871843,1155,409,0,0
4.9861070556336005,774,767,0,0
4.995921924852429,377,215,0,0
4.998905126324222,138,198,0,0
5.0239572311721,428,327,0,0
6.631344798999229,320,742,0,0
6.634763996571711,7886,306,1,0
6.639944825589716,1401,100,0,0
6.667156882682905,1014,207,0,0
6.715526836945691,1646,191,0,0
6.728207016719178,548,20,0,0
6.7401601279428105,893,508,0,0
6.813696354908691,1172,3570,0,1
6.8647393098769935,10,44,0,0
6.867022333224772,1206,114,0,0
6.882424213861138,160,172,0,0
6.901788412995446,659,28,0,0
6.903978372416246,33,268,0,0
6.934320298638631,545,97,0,0
6.937564727419418,1724,123,0,0
7.063653433312544,1327,315,0,0
7.090185235171955,7,97,0,0
7.11175872482398,3740,370,1,0
7.117292086632102,655,224,0,0
7.131526074416594,12,143,0,0
7.131858067770914,771,125,0,0
7.133735748419019,1332,3700,0,1
7.171018539565259,13,116,0,0
7.1712741037150876,683,115,0,0
7.2693821418512945,68,275,0,0
7.269931315442428,292,749,0,0
7.351899343030531,1276,373,0,0
7.355225635105769,120,562,0,0
7.440924058370628,144,118,0,0
7.464371342518826,143,236,0,0
7.465205930073932,36,29,0,0
7.684661491319573,1762,287,0,0
8.007214202849752,472,267,0,0
8.023033688456577,322,767,0,0
8.033467166868686,582,684,0,0
8.046573798408062,1367,154,0,0
8.049140309982654,383,319,0,0
8.211534358168445,2060,265,1,0
8.217626918414199,217,47,0,0
8.233915615436421,894,267,0,0
8.237607951923625,822,337,0,0
8.242766762574966,765,11,0,0
8.244168064786141,244,353,0,0
8.46712773094726,1303,636,0,0
8.480386738172028,218,96,0,0
8.604935275239896,1770,553,0,0
8.623467321286636,771,61,0,0
8.627967176417128,95,409,0,0
8.637355640763284,1472,415,0,0
8.643240543171501,1357,153,0,0
8.661574785131847,7960,154,1,0
8.670093952242405,784,215,0,0
8.679998646642268,37,23,0,0
8.681143988193071,692,7500,0,1
8.684737609458749,609,538,0,0
9.177963544939615,25,764,0,0
9.182676833280325,517,278,0,0
9.184868505193403,109,47,0,0
9.220296592192016,411,81,0,0
9.521382808771353,1762,237,0,0
9.52236772730664,559,379,0,0
9.534259045400875,522,7670,0,1
9.539356529736809,717,80,0,0
9.539889554876135,117,312,0,0
9.618358714531066,202,104,0,0
9.635576870752315,411,132,0,0
9.656393162704068,1288,197,0,0
9.660400910006697,3660,275,1,0
9.705210428554317,1007,130,0,1
9.711346947039997,40,231,0,0
9.72490588342086,1633,133,0,0
9.726872531624219,849,320,0,0
9.728457630421447,1145,282,0,0
9.989299919697643,460,345,1,0
9.995844536499119,1173,414,0,0
10.02818156513949,8,64,0,0
10.045047086619956,685,437,0,0
10.052514598432111,10,66,0,0
10.059048016961954,928,401,0,0
10.12267371470682,469,278,0,0
10.132539937153695,691,22,0,0
10.145869241717833,1347,232,0,0
10.16473399684064,633,319,0,0
10.354514640651075,1576,530,0,1
10.424892182729694,784,209,0,0
10.463677928182737,127,674,0,0
10.469523646441814,17,4090,0,1
10.470661239659874,1921,34,0,0
10.591192859269757,1633,176,0,0
10.715872369525496,1080,280,0,0
10.729490955290931,939,530,0,0
10.782827404186259,1587,410,0,0
10.868947119449423,485,120,0,0
10.964074911179695,1665,49,0,0
11.078008896546182,207,395,0,0
11.085263360209527,1374,167,0,0
11.458718624758674,1482,6710,1,1
11.460209951481641,1161,173,0,0
11.561328989028956,1604,713,0,0
11.60978790843694,13,351,0,0
11.713341625705038,245,477,0,0
12.486797694179392,1422,314,0,0
12.838133755543726,389,188,0,0
12.839960432497787,973,227,0,0
12.840576443224505,60,24,0,0
12.93302296889993,281,402,0,0
12.935392820712115,1096,194,0,0
12.95299533028319,1643,269,0,0
13.049762444989057,1710,340,0,0
13.050436298561035,1885,89,0,0
13.050701541625186,540,133,0,0
13.081010711386389,375,85,0,0
13.100730527764306,94,426,0,0
13.111767448859808,7807,385,1,0
13.131257843974074,479,25,0,0
13.134485709347647,623,192,0,0
13.135360179989792,812,342,0,0
13.148290081255338,11,90,0,0
13.150874330081765,1462,33,0,0
13.151548609702608,1391,51,0,0
13.201159699890043,1697,339,0,0
13.21711921167431,1369,629,0,0
13.25780624017958,889,81,0,0
13.260301174428175,1017,22,0,0
13.265140303084163,544,92,0,0
13.267587066763188,539,39,0,0
13.270650598841694,159,470,0,0
13.297324032978485,1845,229,0,0
13.301093384685881,391,3310,0,1
13.337874510792858,849,533,0,0
13.373475168381423,523,152,0,0
14.409528844290222,171,272,0,0
14.410642083716052,1697,301,0,0
14.517196628763473,604,132,0,0
14.532284275840752,238,26,0,0
14.549829693226226,1781,596,0,0
14.55082284142224,696,225,0,0
14.558011212793163,851,26,0,0
14.63778913366175,1100,311,0,0
14.653089786771595,1628,188,0,0
14.674310144672758,1503,402,0,0
14.68439887404716,512,492,0,0
14.866032525146744,1544,191,0,0
14.883318701447946,1440,39,0,0
14.88354005831727,1116,301,0,0
14.888060940543038,383,141,0,0
14.888412723477972,816,204,0,0
14.888439774660114,970,440,0,0
14.894690025259806,428,244,0,0
15.1545055759006,56,124,0,0
15.174333516229172,123,45,0,0
15.176062892564373,16,2760,0,1
15.178812484523128,1560,30,0,0
15.35194871065804,14,127,0,0
15.376680897472909,15,178,0,0
15.396543739303539,11,479,0,0
15.412758608627453,500,267,0,0
15.432243761444228,631,168,0,0
15.522591280041686,32,391,0,0
15.577079626543586,747,17,0,0
15.604858107607011,590,81,0,0
15.607099540942759,1133,164,0,0
15.65725211239233,140,503,1,0
15.661844307296732,383,23,0,0
15.822705785408246,1355,151,0,0
15.824125918530083,370,132,0,0
15.837828857126045,149,35,0,0
15.85560994984324,7,256,0,0
15.85688573418203,1706,196,0,0
16.421868679918035,343,342,0,0
16.75671302856931,1099,80,0,0
16.763852828358452,5,274,0,0
16.848314225343735,215,99,0,0
16.886796756332867,520,242,0,0
16.88689363783563,1667,248,0,0
16.916668017800152,835,4580,0,1
16.932629270817095,454,6,0,0
16.953941626113068,1774,345,0,0
16.95603568119926,170,138,0,0
16.96656494243883,420,235,0,0
16.97919822407989,429,49,0,0
17.173427771334264,15,624,0,0
17.208651021450354,22,135,0,0
17.226496357672815,1014,218,0,0
17.61055384741869,395,476,0,0
17.616497693420545,1175,215,0,0
17.624778924584884,691,433,0,0
17.625255724775123,1045,34,0,0
18.041413289957745,824,3590,0,1
18.165566577850157,1348,195,0,0
18.278471757404102,66,324,0,0
18.34723361194263,708,704,0,0
18.369725381250955,976,224,0,0
18.3974918778834,1656,116,0,0
18.408392709461623,1992,281,0,0
18.4204016498769,254,161,0,0
18.440516522679406,400,288,0,0
18.811631260652227,8072,120,1,0
18.86646074375252,1076,330,0,0
18.882514325827593,829,301,0,0
18.88817797354433,1914,486,0,0
18.89324551248453,1806,356,0,0
19.33832917973423,332,549,0,0
19.388040211067736,336,270,0,0
19.408695127502163,1097,208,0,0
19.41772455146709,442,353,0,0
19.419688084532712,629,85,0,0
19.435474174074535,175,145,0,0
19.539035952473586,933,2800,0,1
19.54726588457699,650,279,0,0
19.55872020619227,332,72,0,0
19.570317636583333,1319,350,0,0
19.59278448894195,1424,147,0,0
19.593530384643316,1526,187,0,0
19.604799384209905,1523,60,0,0
19.608067002023752,1730,383,0,0
19.713916930679204,45,32,0,0
19.717780745168998,527,27,0,0
19.775003163647398,357,19,0,0
20.15559487009509,1606,207,0,0
20.165232350791072,1032,1020,0,1
20.170650204564097,438,3070,0,1
20.197112390726822,791,484,0,0
20.21508401712902,1147,76,0,0
20.21755748104605,1898,221,0,0
20.262920222253957,1183,366,0,0
21.27918008452907,202,214,0,0
21.289948617504486,860,163,0,0
21.30197496498506,1129,541,0,0
21.304207166246393,1114,107,0,0
21.338366271023336,227,616,0,0
21.339856455331443,678,754,0,0
21.341828340867178,934,1910,0,1
21.575096059769955,1236,260,0,0
21.5780464756587,1581,220,0,0
21.73494000168461,1046,769,0,0
22.11547123771843,649,211,0,0
22.145782070719108,1163,237,0,0
22.200360299564696,1376,267,0,0
23.095835158139618,226,231,0,0
23.108010289451837,1996,308,0,0
23.113521810649853,1244,198,0,0
23.1147267028818,1132,318,0,0
23.1343411505208,3580,112,1,0
23.48197184039685,870,512,0,0
23.604954457527185,1082,355,0,0
23.60769640870484,1488,769,0,0
23.610957629136216,449,290,0,0
23.617540755736897,510,286,0,0
23.649915817359883,1539,349,0,0
23.661883733380726,740,244,0,0
23.689592813159408,1274,32,0,0
23.722258690103544,917,633,0,0
23.73218615437513,1562,226,0,0
23.748837722193084,25,79,0,0
23.7761145355268,285,450,0,0
23.791369619936077,10,495,0,0
23.84076683208791,18,729,0,0
24.601744342765443,628,209,0,0
24.660700662603023,93,402,0,0
24.6808762504526,566,119,0,0
24.681495414520487,801,186,0,0
24.720698930278154,1126,136,0,0
24.72106662414702,8014,178,1,0
24.72214427559289,147,25,0,0
24.82184079476869,6,83,0,0
24.89593389240925,1814,695,0,0
24.909303369259785,1335,299,0,0
24.909893642368026,4950,292,1,0
24.918479833450345,7,328,0,0
24.92312290269178,1917,290,0,0
24.98761442323416,14,332,0,0
26.637256010227546,323,143,0,0
26.665102675890292,610,48,0,0
26.66889974697507,31,111,0,0
26.67063603444852,1281,641,0,0
26.686765757091784,641,132,0,0
26.699436122969665,420,128,0,0
26.701239775765092,1000,980,0,1
26.72401248213469,300,307,0,0
26.72581832097593,222,356,0,0
26.892663581952807,1513,208,0,0
27.043795558207222,523,257,0,0
27.201757604215423,1704,191,0,0
27.2087494970909,972,379,0,0
27.259245459716432,297,282,0,0
27.273101388998096,922,297,0,0
27.281392866129863,269,254,0,0
27.29055025375415,481,135,0,0
27.2918912619451,365,204,0,0
27.29289639996634,1619,66,0,0
27.381261919249226,95,237,0,0
27.393571543928026,274,2240,0,1
27.421390063225672,1218,758,0,0
27.555180281151376,1768,291,0,0
27.555743879893065,1042,284,0,0
27.55950453100624,471,267,0,0
27.585128339674164,23,31,0,0
27.6246576263405,30,402,0,0
27.633146050380386,8,352,0,0
27.774492041708257,784,96,0,0
27.801977089388906,1318,2640,0,1
27.803570836601217,93,36,0,0
27.806375615484725,5,91,0,0
27.8967349547594,503,53,0,0
27.942362663114658,1291,1950,0,1
27.94276709569939,220,373,0,0
28.21004176835858,1096,194,0,0
28.269716359490914,12,364,0,0
28.534665592433715,65,265,0,0
28.54304226273085,1403,324,0,0
28.553030816514458,1523,323,0,0
28.55492717998425,989,262,0,0
31.438286715572122,1000,360,0,0
31.450991057353967,1285,687,0,0
31.882772112338635,1261,770,0,0
31.88771657034981,51,49,0,0
31.912758075220758,287,187,0,0
31.913395797292548,178,161,0,0
31.92178644704289,397,630,0,1
32.050857374077665,489,138,0,0
32.052333416736325,1245,607,0,0
32.20638805729541,97,75,0,0
32.24180987289259,462,690,0,1
32.24404645847296,8,89,0,0
32.250663561835005,398,513,0,0
32.25786817043817,615,768,0,0
32.27421139779448,828,37,0,0
32.28038674017092,1119,768,0,0
32.28383640286638,1454,444,0,0
32.29364909686438,121,146,0,0
32.29596331705763,373,353,0,0
32.29733193182985,784,297,0,0
32.313719111364534,773,321,0,0
32.41920748133038,604,187,0,0
32.420054619769054,52,344,0,0
32.43822637651067,882,212,0,0
32.44314456302957,1670,100,0,0
32.44570086426592,1050,311,0,0
32.54515808047742,7,91,0,0
32.55155945592051,584,701,0,0
32.91276805367612,1591,138,0,0
32.91656111537902,710,392,0,0
32.95565070751166,1272,54,0,0
32.96710410311553,1493,5830,0,1
32.971098164644346,1368,268,0,0
33.02954995649615,152,301,0,0
33.04278525133038,7,69,0,0
33.10308171279709,285,61,0,0
33.11949792251312,11,44,0,0
33.121554863143125,14,41,0,0
33.136267602951115,791,364,0,0
33.1562882200488,30,37,0,0
33.27899261456485,605,271,0,0
33.28193821960853,534,201,0,0
33.29861792195616,1425,356,0,0
33.299194349746706,223,180,0,0
33.36560373423338,1415,577,0,0
33.367678578936804,381,383,0,0
33.3681653960404,1495,154,0,0
33.38419470072648,328,348,0,0
33.54891060139843,576,185,0,0
33.549766124965785,1091,476,0,0
33.55181395576801,6,186,0,0
33.55589479424486,13,202,0,0
33.55777966445738,1121,1460,0,1
33.59632010274149,5,251,0,0
33.599909977689066,14,125,0,0
33.604172336785545,42,94,0,0
33.66211552725045,155,29,0,0
33.666097681718654,32,435,0,0
33.70897797918848,154,398,0,0
33.71156390066404,335,127,0,0
33.713161616856745,205,73,0,0
33.71362091932214,1363,31,0,0
34.46001807011739,899,232,0,0
34.46952797803841,1067,767,0,0
34.49891987416326,347,292,0,0
34.51587810380321,139,35,0,0
34.54072606668152,196,81,0,0
34.560656048405,999,328,0,0
35.38064128573921,1012,458,0,0
35.38290045932527,1652,374,0,0
35.38370131706281,935,462,0,0
35.386085682253466,1046,55,0,0
35.38733604566579,1405,463,0,0
35.467716927791514,13,555,0,0
35.560810829311194,960,363,0,0
35.56344935726434,821,767,0,0
35.56456784854406,11,412,0,0
35.573443031520014,1368,769,0,0
35.86496052449409,1235,350,0,0
35.86502469018779,836,229,0,0
35.91675820341844,1209,297,0,0
35.918856953154275,1682,473,0,0
36.06340132782007,92,592,0,0
36.065490994096095,1496,232,0,0
36.075687250197284,1008,448,0,0
36.07657443147765,1562,767,0,0
36.07913015805377,773,249,0,0
36.36758270329854,286,32,0,0
36.460713938553845,296,188,0,0
36.46879494119542,790,423,0,0
36.471961063267884,1353,463,0,0
36.47236976812074,304,769,0,0
36.480581294593364,707,22,0,0
36.49754448545794,90,12,0,0
36.51279698726882,188,519,0,0
36.52775531827385,1469,4180,0,1
36.529669390453975,1741,348,0,0
36.54547404499271,526,292,0,0
36.56217566129603,488,511,0,0
36.80058195486614,819,746,0,0
37.55528108534188,209,85,0,0
37.56900135401376,860,295,0,0
37.57289848390189,286,346,0,0
37.58874402273252,1197,696,0,0
37.594096768773596,216,28,0,0
37.598184477612264,849,23,0,0
37.61423195964536,1535,297,0,0
37.61647143897368,569,341,0,0
37.67711817156477,79,126,0,0
37.691776683116906,776,769,0,0
37.7215278654104,209,368,0,0
37.734043419356766,1490,247,0,0
37.73825712880539,745,321,0,0
37.740967086811686,1735,116,0,0
37.75219384721114,1538,668,0,0
37.7582153182229,1309,2860,0,1
37.7870233700345,814,474,0,0
37.80490884362365,11,394,0,0
37.806092062709034,349,190,0,0
37.82672925414048,1200,23,0,0
37.82795939837231,1278,734,0,0
37.83321816757456,1247,565,0,0
37.84323377921816,997,230,0,0
37.843518088021064,1598,362,0,0
37.86518675185997,1518,771,0,0
37.889592506682405,605,716,0,0
37.90274753242806,1280,224,0,0
37.910470646913964,1631,583,0,0
37.91901819901705,1811,462,0,0
37.92157760020768,198,2270,0,1
37.93209942360448,1293,28,0,0
37.93807468981812,15,272,0,0
37.959751066682735,435,363,0,0
37.96137455981013,1120,31,0,0
37.990280065245294,1276,270,0,0
38.014309752752716,1021,3570,0,1
38.027905086051796,99,111,0,0
38.035401633784524,302,32,0,0
38.08986520408863,1465,176,0,0
38.09051159479129,12,99,0,0
38.13583207058899,252,269,0,0
38.165171349365075,999,493,0,0
38.196975755678714,388,138,0,0
38.23581679660008,481,166,0,0
38.240698837966825,1845,301,0,0
38.251438376723335,1391,264,0,0
38.31595796815918,1505,114,0,0
38.35865505724447,838,225,0,0
38.38593843898328,466,127,0,0
38.386811466475656,1851,421,0,0
38.43972327239304,385,3860,0,1
38.62685152833766,1228,440,0,0
38.7627890314972,258,279,0,0
38.79159574178129,576,223,0,0
38.79239625282649,1087,358,0,0
38.911255724727624,121,238,0,0
38.92469717162023,1762,204,0,0
38.92481109979926,455,92,0,0
38.96318076062513,929,300,0,0
38.964093329873556,1543,769,0,0
38.96544314966815,804,78,0,0
38.97051108992303,1958,154,0,0
39.200500810367714,861,146,0,0
39.209095646301456,1469,122,0,0
39.24012195256903,453,721,0,0
39.83525690220764,235,198,0,0
40.27268475476194,1246,490,0,0
40.28735975565816,1521,157,0,0
40.29849160393733,17,647,0,0
40.29994094786485,509,452,0,0
40.30444031211961,136,144,0,0
40.346688816490264,594,540,0,0
40.386506605881536,1703,187,0,0
40.40900240803367,231,218,0,0
40.5409566978795,300,238,1,0
40.54480686375676,408,273,0,0
40.56093715935682,556,211,0,0
40.638830326467364,130,85,0,0
40.696871002224036,1671,431,0,0
40.85053122356608,733,334,0,0
40.89045184714238,1285,23,0,0
40.90017050129524,8,94,0,0
40.93740503957674,505,346,0,0
40.939834482218885,148,2110,0,1
40.94051420760614,155,564,0,0
40.99815300000908,1282,384,0,0
41.01431352585927,1857,321,0,0
41.04775080806876,7657,535,1,0
41.04835581433158,1233,301,0,0
41.05704973675034,22,626,0,0
41.062486250665195,759,436,0,0
41.065690340377685,1901,72,0,0
41.065888798384364,1643,196,0,0
41.075124765159515,567,2790,0,1
41.18370189936884,453,2820,0,1
41.22236353195276,2017,292,0,0
41.22778821264493,863,456,0,0
41.24530395982432,1192,192,0,0
41.327282082818584,6,290,0,0
41.32735430677608,294,433,0,0
41.34142056878507,2610,129,1,0
41.394897616800975,1014,63,0,0
41.4655032201506,1532,381,0,0
42.006986762059945,1205,242,0,0
42.1816646463513,13,236,0,0
42.21538082928797,853,269,0,0
42.248390622144456,1009,91,0,0
42.335463283182634,1365,183,0,0
42.341599437841786,1313,304,0,0
42.35825053564789,263,151,0,0
42.468785320293854,100,64,0,0
43.37361134581793,1359,38,0,0
43.386733705838765,7908,284,1,0
43.40311353878582,856,447,0,0
43.42995137379533,1718,312,0,0
43.69482680550684,577,269,0,0
43.71181002301867,18,163,0,0
44.05270359787726,54,207,0,0
44.05531408756506,8095,97,1,0
44.06775237817342,17,104,0,0
44.07989257435057,1265,100,0,1
44.166888710590435,1332,74,0,0
44.31285460761444,386,44,0,0
44.31373619032008,976,189,0,0
44.31663012485451,1449,189,0,0
44.352024652290766,309,315,0,0
44.35685764056498,958,415,0,0
44.3577166260172,323,325,0,0
44.50171646803645,36,368,0,0
44.5501790709588,1083,267,0,0
44.59856491305037,535,191,0,0
44.605537322304066,1032,81,0,0
44.74681526329289,417,768,0,0
44.75798192008178,9,273,0,0
44.919678693795156,257,114,0,0
44.922592679950135,1802,261,0,0
44.92586199782789,449,80,0,0
44.95303377089661,172,36,0,0
44.95746283353155,715,61,0,0
45.027131759237875,842,259,0,0
45.05748877785529,1408,49,0,0
45.06033761195487,1526,196,0,0
45.08121326304778,47,130,0,0
45.09015112926081,1383,268,0,0
45.20282729525222,21,134,0,0
45.207919680279964,999,413,0,0
45.215416703722916,30,17,0,0
45.418847538566496,1359,352,0,0
47.0065432991614,490,412,0,0
47.989799371322945,868,359,0,0
48.01027628893789,1559,159,0,0
48.03823032724925,1297,361,0,0
48.42575114981576,8000,192,1,0
48.43982027433478,543,445,0,0
48.44238064998006,1117,240,0,0
48.46517706877697,522,7670,0,1
48.509694722327474,1158,504,0,0
48.51313156431481,1025,142,0,0
48.51380214582018,1554,450,0,0
48.514821728319724,448,151,0,0
48.58310814208338,385,156,0,0
48.58706756871907,898,334,0,0
48.60066876939307,76,149,0,0
48.62827301610098,1849,227,0,0
48.69052148982965,2560,339,1,0
48.69975691508682,19,151,0,0
48.748681677611266,2780,252,1,0
48.75172433621581,870,466,0,0
48.76047757875021,564,743,0,0
48.76280327878247,7,352,0,0
48.936339559998665,788,45,0,0
48.95343284681019,1672,671,0,0
48.95754619475974,1434,319,0,0
48.966464524340374,355,640,0,0
48.9780458656698,572,330,0,0
49.051296861377935,187,246,0,0
49.052038850943916,774,767,0,0
49.05430581286694,485,5390,0,1
49.062776721294874,981,25,0,0
51.91959536967552,606,269,0,0
52.04161842970462,71,291,0,0
52.05605766103642,532,608,0,0
52.13100992446413,1299,469,0,0
53.2361469349998,538,449,0,0
53.247453283757245,1428,768,0,0
53.25612464314165,222,53,0,0
53.45984318509579,697,769,0,0
53.50832570190068,455,43,0,0
53.577423203173176,673,284,0,0
53.58395320654651,1379,368,0,0
54.43057877005208,1099,247,0,0
54.98174357260648,1475,320,0,0
55.03770976695957,995,50,0,0
55.108621218319065,773,418,0,0
55.10893418157577,363,65,0,0
55.173537891960436,918,32,0,0
55.18577698387064,1719,72,0,0
55.22875392289599,853,174,0,0
55.299406252476956,12,77,0,0
55.30852441879473,18,303,0,0
55.30913820332401,50,640,0,0
55.3467983112336,598,43,0,0
55.35089461461844,447,2370,0,1
55.36021742450275,583,262,0,0
55.3656035838007,1335,119,0,0
55.37471660004387,3300,322,1,0
55.374894561257015,536,467,0,0
55.58066198353549,280,588,0,0
55.61061243693794,98,466,0,0
55.7772216092776,810,558,0,0
56.723499158146396,317,305,0,0
56.74237793745883,350,175,0,0
56.74286858941314,1514,419,0,0
56.74588805107454,15,195,0,0
56.747502580112275,396,28,0,0
56.75411601369763,104,487,0,0
56.775276767167476,297,237,0,0
56.775605824830635,1143,369,0,0
56.811400646796585,1850,183,0,0
56.81228062244149,260,228,0,0
56.84498741513758,278,102,0,0
56.859483374821146,69,30,0,0
56.86912018134283,37,413,0,0
56.884712308953766,302,321,0,0
56.890842931039515,55,61,0,0
56.89614400466893,1936,294,0,0
56.896767346314164,1370,3350,0,1
56.9137738804092,209,333,0,0
57.63714303541272,1569,50,0,0
58.58465767179751,998,173,0,0
58.83844267170891,401,257,0,0
58.91247156450141,1676,286,0,0
58.917135651071796,27,267,0,0
59.2403623188304,1279,49,0,0
59.25649096811915,1688,267,0,0
59.27221360068363,77,92,0,0
59.28229203570488,1125,767,0,0
59.30398040319554,945,769,0,0
59.31153701152052,597,655,0,0
59.32679781870183,471,351,0,0
59.32885977262776,1637,4240,0,1
59.33740629832323,775,31,0,0
61.06410258060595,496,555,0,0
61.079802635401585,10,17,0,0
61.090998350548105,764,281,0,0
61.14332997260784,1499,7,0,0
61.217703190454024,1141,315,0,0
61.219648292691794,920,754,0,0
61.23157207230275,1359,352,0,0
61.3448001238558,672,464,0,0
61.37575490654048,1340,283,0,0
61.39878404596256,9,283,0,0
61.80257108006332,1784,280,0,0
61.80722312427849,607,309,0,0
61.828515393269356,834,31,0,0
61.834892630246884,828,243,0,0
62.19037253345754,539,440,0,0
62.19073643623565,8041,151,1,0
62.19546002511975,120,417,1,0
62.20172226748563,286,770,0,0
62.26975109196637,1009,196,0,0
62.33041829324524,1781,767,0,0
62.62431864753969,15,330,0,0
62.62509339866779,662,50,0,0
62.70604101847951,68,745,0,0
62.71607816165865,1159,305,0,0
62.7208446116153,1909,265,0,0
62.77393465082702,8148,44,1,0
62.77679966441518,311,234,0,0
62.777083042203024,930,325,0,0
62.7856886605025,374,338,0,0
62.78659106767967,1122,199,0,0
62.79151949835674,8,82,0,0
62.829457822259016,542,431,0,0
62.86313605613603,523,37,0,0
63.294370181275404,449,2780,0,1
63.306474263438446,1889,72,0,0
63.30731471923223,1307,329,0,0
63.3112922393741,1440,101,0,0
63.31416158445575,139,55,0,0
63.31574123230429,75,169,0,0
63.35884397576526,1397,307,0,0
63.363808848091985,1211,106,0,0
63.36415464855217,538,770,0,0
63.4368805692781,897,285,0,0
63.45132052577856,772,98,0,0
63.48815841136168,274,69,0,0
63.51045191563497,478,181,0,0
63.57427798558128,355,273,0,0
63.59374827633066,1947,298,0,0
63.80759451062001,1326,394,0,0
63.84981129340862,769,594,0,0
63.88933843264335,490,7670,0,1
63.93029802767685,136,108,0,0
63.931277811591684,2060,86,1,0
63.94426003192693,223,63,0,0
63.95500265485056,12,242,0,0
63.9823315808251,742,282,0,0
63.9835233798246,1619,220,0,0
64.45746389206931,1234,298,0,0
64.47969804632804,1141,416,0,0
64.48129838804115,1116,286,0,0
64.48188998974463,1365,460,0,0
64.49217078556022,572,794,0,0
64.50725277730744,321,479,0,0
64.51154269731492,189,32,0,0
64.5332376559868,351,296,0,0
64.53824297286936,1438,307,0,0
64.59263234458241,1384,563,0,0
64.59686897661501,2460,69,1,0
64.61357637783767,1194,316,0,0
64.74138456537953,617,625,0,0
67.8321993647867,262,258,0,0
67.83460440319395,5350,239,1,0
67.84173102069632,1002,115,0,0
67.84509518930668,208,213,0,0
67.93171329808287,1891,339,0,0
67.9335293296213,4982,3210,1,1
67.94037857284071,1384,291,0,0
67.95738599237379,30,271,0,0
67.95993446747171,27,560,0,1
67.96259413778787,737,492,0,0
67.96956407685238,1363,313,0,0
67.96983442945881,1574,540,0,0
67.97083632708132,777,517,0,0
67.97873570556047,432,220,0,0
68.00300746547559,535,72,0,0
68.01545263162633,873,269,0,0
68.01597202947005,9,3300,0,1
68.02310893779539,790,767,0,0
68.11220610490373,754,190,0,1
68.16705506801274,349,30,0,0
68.182470306547,1747,218,0,0
68.18552938131928,1697,287,0,0
68.24929951778832,175,6,0,0
68.25496841325676,338,235,0,0
68.25670923184131,578,46,0,0
68.26033649998742,11,510,0,0
68.5872000619059,239,7450,0,1
68.61522829522133,1649,339,0,0
68.79856903078318,229,526,0,0
68.80548739690246,876,767,0,0
68.92330656046786,360,401,1,0
68.92872519672764,14,5070,0,1
68.94189593432912,700,326,0,0
71.5478464746553,930,316,0,0
71.63153898765219,9,181,0,0
71.63816174305794,913,692,0,0
71.65339093609461,347,35,0,0
71.68804098372368,415,400,0,1
71.89115499178735,298,235,0,0
71.89793912188271,404,490,0,0
71.89849356785565,586,302,0,0
71.90880825310508,1004,294,0,0
71.92741684069901,1005,231,0,0
71.94988115897272,516,28,0,0
72.20107691277684,1076,10,0,0
72.23507235335738,753,4910,0,1
72.32678737710657,1028,205,0,0
72.32878233884333,711,94,0,0
72.4311586383093,434,103,0,0
73.62543045683792,1755,238,0,0
73.7100927938119,31,4880,0,1
73.7400558061319,660,344,0,0
73.76460867327323,1264,350,0,0
74.40824685364176,1396,767,0,0
74.41107179976122,1321,425,0,0
74.42552112247631,1550,212,0,0
74.47081932916758,14,217,0,0
74.55072561125593,171,87,0,0
74.5582503526742,2670,380,1,0
74.5916149390021,28,17,0,0
74.60196517473666,364,339,0,0
74.6249261150274,263,41,0,0
74.63878143368744,498,323,0,0
74.640621248466,545,557,0,0
74.65791984007652,549,44,0,0
74.76220773577901,1242,68,0,0
74.76481634098684,822,768,0,0
74.77595775058,1523,126,0,0
74.84415555611014,313,405,0,0
74.84627917582407,1200,299,0,0
74.87228001811901,582,181,0,0
74.87444539109204,600,319,0,0
75.04897829066516,244,107,0,0
76.8907716397759,1608,207,0,0
77.92082184907859,6120,185,1,0
77.93246235497085,177,379,0,0
78.01176333728827,20,104,0,0
78.03474847258256,925,346,0,0
78.05688134737916,258,414,0,0
78.45564399840866,7520,29,1,0
78.45693380606814,1761,316,0,0
78.60585860201978,494,5550,0,1
78.62221959897872,941,425,0,0
78.92407059339672,1190,79,0,0
78.95031148641587,391,132,0,0
78.95501123149793,3255,696,0,0
78.98642144189513,921,327,0,0
79.06505404793276,29,9,0,0
79.08443672256118,310,36,0,0
79.13232778080771,716,70,0,0
79.13868443333776,442,233,0,0
79.13893729428848,492,7700,0,1
79.24810654382311,272,402,0,0
79.32115855949121,139,342,0,0
79.3454277830561,1528,525,0,0
79.36611825667843,1487,173,0,0
79.50949042099269,779,318,0,0
79.51672331191712,853,15,0,0
79.5211153093852,495,464,0,0
79.53349122778032,734,2510,0,1
79.72811077940537,97,27,0,0
79.72923672864665,1479,199,0,0
79.92492290670012,1837,325,0,0
79.92994751022358,7781,411,1,0
79.93194394955381,7381,811,1,0
80.15624204058912,81,470,0,0
80.17110797135155,13,124,0,0
80.17244758805343,1148,1250,0,1
80.18125317271057,893,11,0,0
80.29741184490916,1388,618,0,0
80.49319361943779,1486,104,0,0
80.50087389091091,1232,61,0,0
80.54154401522771,644,576,0,0
80.61680948969347,111,653,0,0
80.62178038154504,1104,525,0,0
80.65848580083636,712,230,0,0
80.6754159571481,852,152,0,0
80.68159277629302,1060,376,0,0
80.68833612328277,1492,451,0,0
80.70896973168404,846,322,0,0
80.72812464460952,268,103,0,0
80.73394797512618,78,767,0,0
80.74164598657141,611,608,0,0
80.90890218097589,954,585,0,0
80.93657654584743,172,243,0,0
81.04253435538152,705,274,0,0
81.24217055780832,1839,100,0,0
81.30075896091056,991,22,0,0
82.99438125795182,1639,765,0,0
82.9978446351952,975,250,0,0
83.08873658575858,1574,474,0,0
83.09828680691895,1378,155,0,0
83.83663741108342,415,767,0,0
84.3778068909311,131,199,0,0
84.37816908681216,1631,350,0,0
84.38076806866538,14,338,0,0
84.4489021862429,816,152,0,0
84.53648516548803,12,407,0,0
84.61521173400256,151,157,0,0
84.63087192053824,1089,504,0,0
84.67571162053108,2570,144,1,0
84.74232431253454,1277,312,0,0
84.75776660052247,1441,227,0,0
84.89858289926839,1199,108,0,0
84.89877958615165,369,287,0,0
84.96287926139964,391,181,0,0
84.96516056499942,1222,767,0,0
85.08791769792732,1642,269,0,0
85.09933903648034,78,92,0,0
85.10238945169185,1724,4010,0,1
85.14050630666019,771,639,0,0
85.14342222632142,5,124,0,0
85.14632979278157,1481,258,0,0
85.14711505588522,1569,250,0,0
85.16422118366214,923,340,0,0
85.2129611472838,11,16,0,0
85.35257832477677,552,334,0,0
85.36616917155119,1049,370,0,0
85.51289455140667,157,23,0,0
85.53159923980098,301,427,0,0
85.54657263984484,2250,25,1,0
85.60339774124442,1193,104,0,0
85.75324819333187,1306,136,0,0
85.76236375794515,786,236,0,0
85.77344583379154,1706,257,0,0
85.78652720861118,736,405,0,0
85.8078204669441,1042,402,0,0
85.81080080232833,27,196,0,0
85.95181553593345,756,366,0,0
85.95991690440799,1505,476,0,0
86.00541812591915,291,133,0,0
86.00888033592088,771,171,0,0
86.04586340309896,915,261,0,0
86.08535304037085,1590,640,0,0
86.09313251995803,486,161,0,0
87.12037277825414,7902,290,1,0
87.15827206076979,888,103,0,0
87.78889624933677,99,23,0,0
87.91176664502262,10,396,0,0
87.91656514154492,1390,21,0,0
87.92496721593973,503,512,0,0
87.96813335600575,258,617,0,0
87.98852647056185,129,205,0,0
88.00844747235988,18,341,0,0
88.01862764886803,768,261,0,0
88.01911240930569,535,150,0,0
88.0306082693177,788,145,0,0
88.03082192475462,7743,449,1,0
88.06878034649672,1571,230,0,0
88.07300415277662,326,224,0,0
88.07731881398286,1118,77,0,0
88.0889564539197,840,268,0,0
88.12008723113898,7423,769,1,0
88.12111649093883,819,5830,0,1
88.12166292036329,600,357,0,0
88.12380273779999,1591,227,0,0
88.1241067757378,8,26,0,0
88.12671626114177,7720,472,1,0
88.56139982174679,279,228,0,0
88.56358059698064,1272,720,0,0
88.62997830965676,1623,220,0,0
88.63113965909974,819,12,0,0
88.66396144711388,520,266,0,0
88.67348134986959,414,116,0,0
88.68949156056838,1789,3480,0,1
88.74577539983552,1157,275,0,0
89.35083835399072,1043,562,0,0
89.37747438792123,425,416,0,0
89.40061456007112,1537,68,0,0
89.4031902484332,1146,387,0,0
89.4611374089133,365,697,0,0
89.4721683880246,1235,415,0,0
89.56745281094955,1182,135,0,0
89.58398714974525,759,769,0,0
90.17071651489007,1694,61,0,0
90.17105850250788,1881,194,0,0
90.18102922988734,609,290,0,0
90.28622420520706,475,564,0,0
90.29517254363256,763,323,0,0
90.29887318490101,1335,2700,0,1
90.30947569788478,583,270,0,1
90.31061794190141,479,11,0,0
90.33350930773936,667,401,0,0
92.71094070446117,900,184,0,0
92.88914226191042,326,2690,0,1
92.89110596897315,119,890,0,1
92.89425208943311,1318,768,0,0
92.90228379287663,1002,274,0,0
93.03679997619962,1339,40,0,0
93.04028989419915,50,506,0,0
93.04482745418963,1567,247,0,0
93.15071219222561,187,67,0,0
93.25242542388362,260,321,0,0
93.2609693696759,7860,242,1,0
93.26289899418612,17,358,0,0
93.26371230870018,10,214,0,0
93.26817107451508,263,338,0,0
93.26837949336009,2056,12,0,0
93.34922112066337,16,500,0,0
93.354339259471,1374,324,0,0
93.40158864205884,784,228,0,0
94.15869370596432,733,184,0,0
94.34714577006706,607,626,0,0
94.34895080976082,322,245,0,0
94.45160338506896,1206,571,0,0
94.63443513185932,2560,783,1,0
94.63849089643952,144,3120,0,1
94.64117208023653,898,589,0,0
94.65566222089788,809,130,0,0
94.65639567193165,36,39,0,0
94.99822861837777,105,28,0,0
94.9983755371628,1390,173,0,0
95.00034791024285,18,205,0,0
95.01087257924578,11,155,0,0
95.02233046351819,878,231,0,0
95.04748656836972,1322,767,0,0
95.07854124446088,1456,401,0,0
95.09031211909756,310,306,0,0
95.26563422653186,1758,249,0,0
95.26588432512136,1371,116,0,0
95.28392309331954,14,2860,0,1
95.28824494281683,582,23,0,0
95.31176560152004,940,428,0,0
95.33982635521217,1757,286,0,0
95.34273938733537,39,213,0,0
95.34774697485126,270,286,0,0
95.4358076180981,617,292,0,0
95.47207666937605,1388,19,0,0
95.47670573660437,597,188,0,0
96.5437355338725,1199,711,0,0
98.37215566278853,7721,471,1,0
98.37312409896325,339,417,0,0
98.40612194141373,1484,41,0,0
101.13280493752511,279,42,0,0
101.2193486399597,991,157,0,0
101.24742625228144,16,389,0,0
101.2593286348,1645,418,0,0
101.26544191622234,809,769,0,0
101.27723865187035,10,3820,0,1
101.28323645605862,1346,353,0,0
101.36328785983679,794,123,0,0
101.37142586393409,433,469,0,0
101.37889328151807,601,80,0,0
101.38052320143808,448,163,0,0
101.39686412337093,1126,108,0,0
101.39988216728682,1682,288,0,0
101.41245265624896,73,214,0,0
101.5574163559056,876,257,0,0
101.59492989952896,731,62,0,0
101.64444624606004,355,19,0,0
101.68122918264757,10,248,0,0
101.70154101760147,1352,509,0,0
101.71552896134038,1194,98,0,0
101.72527869362492,694,377,0,0
101.80763757303797,803,128,0,0
101.80970100921418,364,3210,0,1
102.07326532763939,400,352,0,0
102.09258276897192,1658,305,0,0
102.09661956565522,1216,304,0,0
102.10340351953687,1142,168,0,0
102.10806284858211,1277,150,0,1
102.13292297711892,8,43,0,0
102.13721675156106,1388,66,0,0
102.31438762543563,94,197,0,0
102.31816705947433,250,119,0,0
102.3183586889468,854,274,0,0
102.32254096359604,905,544,0,0
102.32286587910978,184,216,0,0
102.33952761051621,508,116,0,0
102.4896075699833,1423,185,0,0
102.55552295398948,1105,747,0,0
102.5567661347796,1509,518,0,0
102.5606949648726,1170,136,0,0
103.19347276228432,785,298,0,0
103.22759246725968,7889,303,1,0
103.24578642676549,5142,3050,1,1
103.39494013615217,905,477,0,0
105.83148069694579,921,186,0,0
106.0727705241859,691,757,0,0
106.09661810474155,210,229,1,0
106.13329799334534,2580,14,1,0
106.1952903960575,775,47,0,0
106.20058906298294,825,313,0,0
106.20276055242951,1553,355,0,0
106.22280095622358,1329,302,0,0
106.22551497315384,1061,540,0,0
106.2414724489339,351,330,0,0
106.26334206629394,290,148,1,0
108.21205987678334,572,312,0,0
108.21534943169077,1354,494,0,0
108.229493203813,258,617,0,0
108.24248406960702,340,339,0,0
108.28575466548028,806,611,0,0
108.43214856366714,1938,50,0,0
108.43891439576977,966,342,0,0
108.44240525602821,216,118,0,0
108.44308328248268,30,292,0,0
108.44591375386743,1560,215,0,0
108.49867273031985,18,630,0,1
108.51844234885948,735,80,0,0
108.52081020335416,1400,322,0,0
108.52937206206303,13,262,0,0
108.54858911683291,1166,420,0,0
108.59800194755361,116,479,0,0
108.60350918734729,271,664,0,0
108.61444422549951,4950,50,1,0
108.61491942659376,1009,157,0,0
108.61672356051385,917,235,0,0
109.07537180977762,1565,768,0,0
109.0755986682134,10,595,0,0
109.08478068756307,1087,133,0,0
109.11275393814324,1353,708,0,0
109.12128875388773,33,767,0,0
109.12487296074998,1231,105,0,0
109.1408426929583,1368,215,0,0
109.15870908583874,424,90,0,0
109.17402078900112,201,17,0,0
109.17444286411582,1033,390,0,0
109.18788030628956,7,184,0,0
109.1911432405742,48,331,0,0
109.19717706177782,282,289,0,0
109.22558878317075,1487,55,0,0
109.29058374518385,916,313,0,0
109.39904650937757,772,190,0,0
109.40573257862138,1704,277,0,0
109.52026498543398,255,188,0,0
109.70899307954197,910,4,0,0
109.88422811060973,899,183,0,0
110.17495611465284,341,90,0,0
110.18843989148411,1163,221,0,0
110.20117787589719,88,137,0,0
110.29514583064676,40,4540,0,1
110.29631911109591,1807,610,0,0
110.32375111487647,1042,378,0,0
110.32999582218345,1262,143,0,0
110.33862607808074,62,21,0,0
110.33918030745922,1763,31,0,0
110.34222002211212,1159,79,0,0
110.35954006534966,151,22,0,0
110.46621205476262,458,338,0,0
110.59691216149565,330,613,0,0
110.61227880737297,513,209,0,0
110.62463646033237,314,407,0,0
110.62806280460958,1199,29,0,0
110.6684117497806,1731,345,0,0
110.67940956082931,98,158,0,0
110.74002934654455,1027,446,0,0
111.33960722199056,749,181,0,0
111.35652055665012,180,507,1,0
111.35742371562432,291,639,0,0
111.36064942011264,815,217,0,0
111.36162625013206,903,110,0,0
111.36327271894234,128,49,0,0
111.60879647422385,1442,238,0,0
111.63719029108643,626,127,0,0
111.63805315645442,77,547,0,0
111.7047472629413,932,680,0,0
111.92918582556814,495,173,0,0
111.93797133003427,8104,88,1,0
111.94263998297322,1270,189,0,0
111.95182980741927,1072,502,0,0
111.98371256276818,121,87,0,0
112.04860898916381,913,356,0,0
112.24056878137304,1428,769,0,0
112.44450528124818,1146,147,0,0
112.63769253686644,1665,35,0,0
112.9126716443518,610,2220,1,1
112.98040832453985,216,112,0,0
112.98125286642177,283,46,0,0
112.99513945882619,1141,784,0,0
113.02894731760414,454,178,0,0
113.03733362017375,825,188,0,0
113.14898417730392,245,206,0,0
113.15776371993421,1326,96,0,0
113.16059678219762,888,407,0,0
113.48482584738734,152,69,0,0
113.55319083920347,1969,61,0,0
113.58116719805615,7877,315,1,0
113.69632120708388,1138,90,0,0
113.84741801404702,1477,244,0,0
113.8831099179053,727,237,0,0
113.88324224603905,1436,286,0,0
113.88791464836966,1929,247,0,0
113.89515517540933,612,549,0,0
113.89767565820362,1805,409,0,0
113.92452408229786,64,492,0,0
114.12035595996677,122,13,0,0
114.12719769314404,576,80,0,0
114.12906255488926,1839,71,0,0
115.1710882487874,20,316,0,0
115.17840361463267,290,231,0,0
115.17993614837897,841,196,0,0
115.20896257731759,1842,483,0,0
115.25123848737431,609,253,0,0
115.25564353944036,567,203,0,0
115.34332929007059,1600,250,0,0
115.35013807297157,770,767,0,0
115.35298702275026,1058,449,0,0
115.37877823943758,290,301,0,0
115.46307894315011,134,123,0,0
115.46815812033022,1025,763,0,0
115.5031145832452,1786,42,0,0
115.51808190058013,621,262,0,0
120.64222996016392,313,120,0,0
120.64660420062619,1791,387,0,0
120.93409632302755,827,593,0,0
120.95034740812156,989,66,0,0
120.96435120153612,820,769,0,0
121.04076646666094,378,56,0,0
121.14862639133281,1689,270,0,0
121.37606572561779,1766,9,0,0
121.41088446496059,2018,386,0,0
121.41631511847314,497,399,0,0
121.42247193625414,1423,671,0,0
121.472478718453,406,412,0,0
121.53014381048511,1480,126,1,0
121.82572812954535,328,288,0,0
121.86739528457501,1101,219,0,0
122.01777879824559,1807,170,0,0
122.39257946450697,225,204,0,0
122.41766906274712,1520,569,0,0
122.4185937820492,7803,389,1,0
122.42030003222919,500,212,0,0
122.4213174283312,37,275,0,0
122.85661637138482,669,513,0,0
122.85992997091138,1424,207,0,0
123.07191918347944,847,321,0,0
123.13014425718053,1022,326,0,0
123.68760412352209,1233,395,0,0
123.82176503311663,1231,102,0,0
123.83646891799064,225,204,0,0
123.84856390847904,1383,222,0,0
123.86995955993383,1987,512,0,0
123.89557958211485,7812,380,1,0
123.90182198331571,1117,169,0,0
123.91872675048648,107,228,0,0
124.36973804499475,684,482,0,0
124.3703376858586,1818,285,0,0
124.40059774120823,1169,752,0,0
124.40353932060378,210,426,0,0
124.42976991419988,1854,622,0,0
124.52656186218553,451,106,0,0
124.5426427568015,646,900,0,1
124.62731823940236,25,244,0,0
124.628068881323,433,5,0,0
124.79321497258816,585,13,0,0
124.79861602471634,493,74,0,0
124.86127258556,726,58,0,0
124.88726353685662,44,260,0,0
124.88736599795301,1768,3450,0,1
124.89134377851296,1323,334,0,0
124.91939042287738,1870,439,1,0
125.32314387376005,765,174,0,0
125.35519681117717,506,650,0,1
125.38540895684558,1577,81,0,0
125.38647877007274,29,44,0,0
125.70229031266798,1331,5,0,0
126.37210845676155,196,483,0,0
126.39121445528734,8,24,0,0
126.40284155042349,983,499,0,0
126.40354959574552,259,768,0,0
126.50913227930198,1872,62,0,0
130.5225999797997,1063,238,0,0
130.5983227119532,1398,38,0,0
130.824260411319,517,306,0,0
130.87761856745595,1459,301,0,0
130.88013494525282,1729,701,0,0
131.1415730390505,934,4240,0,1
131.14310064605172,1044,3240,0,1
131.15494110566172,744,422,0,0
131.18645900912995,1135,267,0,0
131.29195485536835,1101,671,0,0
131.33341877278932,1560,250,0,0
131.3725343687097,1424,172,0,0
131.37646923193034,963,456,0,0
131.3778382714734,1151,24,0,0
131.39824395762568,678,232,0,0
131.402603916845,356,45,0,0
131.4039234539569,528,392,0,0
131.40535815904624,689,326,0,0
131.41212879696715,1356,2610,0,1
131.41257263061138,963,676,0,0
131.4137914892183,1302,98,0,0
131.41447711617116,1199,195,0,0
131.44045826385678,1250,341,0,0
131.4812639206004,995,77,0,0
132.48064301926286,936,267,0,0
132.48154586159976,1544,177,0,0
132.48618096422723,183,246,0,0
132.5981335048539,1351,162,0,0
132.60983018026425,670,364,0,0
132.61921277530004,838,242,0,0
133.16991358419662,641,254,0,0
133.17908452557415,1532,135,0,0
133.18087139027406,119,59,0,0
133.18216698824048,1710,415,0,0
133.2174796257533,7,170,0,0
133.2507057175664,272,34,0,0
133.25186691009375,684,254,0,0
133.2543813743035,510,32,0,0
133.3069583097554,1067,500,0,0
133.36420591452594,1602,440,0,0
133.36919078834632,1833,329,0,0
133.43182331023203,1198,144,0,0
133.4884545874169,824,267,0,0
133.48896460440744,1330,38,1,0
133.4986316695058,10,357,0,0
133.54002432413535,1450,154,0,0
133.54575997282078,1676,46,0,0
133.546010293747,227,32,0,0
133.55625563218405,1111,182,0,0
133.6374656472914,1932,507,0,0
134.06313523519145,18,92,0,0
134.06336089807388,157,31,0,0
137.42268458676153,322,94,0,0
137.42457837578476,819,270,0,0
137.54691714581244,666,11,0,0
137.75990782381567,42,236,0,0
137.88878848366218,885,343,0,0
137.91312770795878,1030,649,0,0
137.91489600495265,36,425,0,0
137.97807487018926,394,334,0,0
137.98239111559317,1471,207,0,0
137.98250730453216,368,222,0,0
143.1526187625062,866,43,0,0
143.22698903526953,33,202,0,0
143.91170665233824,350,379,0,0
143.9146208852801,158,137,0,0
144.25425126413947,1235,195,0,0
144.68805429048854,1649,328,0,0
145.0922710661361,856,565,0,0
145.10956644921814,3210,405,1,0
145.11119538705884,1301,219,0,0
145.12385259239377,168,35,0,0
145.1240729098105,19,259,0,0
145.12467270170865,1032,231,0,0
145.14636006644486,1872,61,0,0
145.14884452643193,518,10,0,0
145.1618316522818,1112,380,0,0
145.176341865417,1063,206,0,0
146.034086439083,1440,566,0,0
146.27588509945696,2430,200,1,0
146.29238092068812,267,146,0,0
146.49486298812914,1584,340,0,0
146.4986570074693,435,450,0,1
146.50785567104737,613,341,0,0
146.61927500632677,1182,440,0,0
146.62078111773562,534,191,0,0
146.63110944976856,530,231,0,0
146.6323949662109,8075,117,1,0
146.65521861153292,1235,151,0,0
147.12764586285252,80,303,1,0
147.1316553305159,95,85,0,0
147.1600048831591,318,94,0,0
147.1630036719032,157,147,0,0
147.16481444589192,711,169,0,0
147.16633816361306,218,212,0,0
147.49741696617895,255,289,0,0
149.53134297684207,1660,100,0,0
149.5787580259031,1223,384,0,0
149.58306513234803,123,292,0,0
149.65695942003762,186,52,0,0
149.66620555114858,3930,319,1,0
149.75583186457627,202,63,0,0
149.7881245108524,86,80,0,0
149.81969619223898,459,362,0,0
149.88048492024765,1226,2060,0,1
149.88614741738058,1138,247,0,0
149.8941849055064,16,175,0,0
149.89476206367846,672,26,0,0
149.9022187667986,1488,401,0,0
149.90326813353948,586,1650,0,1
149.91677894022388,2007,3140,0,1
149.91943698381377,672,767,0,0
149.9415313156821,263,257,0,0
149.98620259933352,1398,25,0,0
149.9872566147918,515,583,0,0
149.99080429550568,1164,169,0,0
149.99353956086523,905,237,0,0
150.07384514091692,8,33,0,0
150.62146223714583,25,130,0,0
150.72054202754808,451,308,0,0
150.72951318230332,754,220,0,0
151.06745205790435,496,15,0,0
151.06832545652742,25,429,0,0
151.43029800018374,302,176,0,0
151.43515501418392,1079,211,0,0
151.43522442350078,97,454,0,0
155.056065924371,337,53,0,0
155.47971201174516,935,469,0,0
155.48200323260988,1511,111,0,0
155.5073048811583,448,767,0,0
155.51905488249008,233,476,0,0
155.54119284432568,723,328,0,0
155.5421217755112,290,461,0,0
155.54673932565757,996,289,0,0
155.59274546372956,260,28,0,0
155.6209150979857,5,78,0,0
155.819522352349,1051,295,0,0
155.8406874348783,488,60,0,0
157.82156577260182,7950,242,1,0
157.82587771788502,1540,323,0,0
157.8561889106457,106,30,0,0
157.85657962304808,1106,56,0,0
157.8580515700285,467,377,0,0
158.11526447869036,3690,337,1,0
158.1180025307036,18,237,0,0
158.1701566207275,65,467,0,0
158.18610425574923,17,426,0,0
158.18833816782612,360,403,0,0
158.19733033343255,412,24,0,0
158.20378230006858,670,133,0,0
158.210590450733,1506,95,0,0
158.29204691365976,313,324,0,0
158.35856948889491,7668,524,1,0
158.36425545393726,55,195,0,0
158.36719615100395,131,199,0,0
158.39893453904577,625,349,0,0
158.41370783812226,8,212,0,0
158.55480054689488,54,206,0,0
162.2082950974676,661,201,0,0
162.30568291511037,1354,671,0,0
162.32251676470804,7892,300,1,1
162.33530805273983,5350,2320,1,1
162.33856068312252,119,48,0,0
162.341503910391,65,511,0,0
162.34392937048878,650,114,0,0
162.35211337774783,326,170,0,1
162.35979296165485,1718,6440,0,1
162.43965604190873,1453,106,0,0
162.44778029850707,1653,110,0,0
162.45993787828814,175,224,0,0
162.46151610866914,1163,347,0,0
162.94547671756894,733,302,0,0
162.9952174954707,10,281,0,0
163.64108772265317,1082,156,0,0
163.72990878784654,7870,322,1,0
164.08491105019456,195,309,0,0
164.095888873861,696,126,0,0
164.1716188353317,6,249,0,0
168.2110735792046,1305,650,0,0
168.21263529226627,1113,120,0,0
168.4023251040616,1026,131,0,0
168.94079990213368,456,283,0,0
168.9826924272929,6990,413,1,0
169.0660614766678,27,65,0,0
169.29931389178313,44,775,0,0
169.30403603102678,467,59,0,0
169.34561837754794,1308,319,0,0
169.3486735693914,797,417,0,0
169.35320192184153,504,533,0,0
169.35830440220468,7,200,0,0
169.37177239158862,43,36,0,0
169.3961192673402,1190,365,0,0
169.44167418558322,898,72,0,0
169.4426652605289,437,332,0,0
170.48206962554684,8,201,0,0
170.67453382738407,93,163,0,0
170.75437008818298,314,366,0,0
170.76303941788294,100,88,0,0
170.77807228469604,2530,14,1,0
170.83350583988374,275,279,0,0
170.87542454839948,372,89,0,0
170.8760019180256,550,346,0,0
170.95838752812756,1284,153,0,0
178.06902683438173,713,69,0,0
178.06943596220646,1313,179,0,0
178.2081212849706,1004,235,0,0
178.24659041909095,1147,339,0,0
178.26094432105359,1807,170,0,0
178.56187614437022,584,308,0,0
178.5634692090495,570,3050,0,1
178.58867420543163,625,307,0,0
178.9525314342945,811,715,0,0
178.96457650093618,955,196,0,0
178.97222359865265,1222,260,0,0
178.9950702990286,7,436,0,0
179.00230827468934,22,91,0,0
179.4355040310397,1595,339,0,0
179.43830273576236,130,280,1,1
179.54679889776432,986,174,0,0
179.5481753160215,1884,267,0,0
179.6195538417415,1718,153,0,0
179.63409892940945,1182,12,0,0
179.63418807613328,67,106,0,0
179.65201243418517,1439,138,0,0
179.6540247471231,1619,769,0,0
179.66126234403643,1085,37,0,0
180.08790886717554,941,27,0,0
180.0897231496966,1610,253,0,0
180.09176315295883,1725,436,0,0
180.4406047603561,288,216,0,0
180.46350726091651,566,85,0,0
180.89287514650925,40,371,0,0
180.92797043907956,22,23,0,0
180.93091136042548,1090,35,0,0
180.94665627635018,310,291,1,0
181.1727860647377,1745,501,0,0
181.29772969880497,30,357,0,0
181.31580732989488,1266,480,0,0
181.33575554358262,820,770,0,0
181.35007259706862,511,71,0,0
181.35556583525897,660,129,0,0
182.31333975403206,1078,353,0,0
182.33165325597284,23,620,0,0
182.33341628615113,1676,391,0,0
182.3401830107666,1124,215,0,0
182.42054103715097,1136,15,0,0
182.48803047586875,144,765,0,0
182.5016411478441,831,395,0,0
182.50620578188787,15,93,0,0
182.5251598104946,777,8,0,0
182.52573761318098,4,248,0,0
182.5269786731502,1646,313,0,0
182.62026293839332,1805,378,0,0
182.6269979172384,406,119,0,0
182.66600799926508,703,512,0,0
182.88698029269912,1037,100,0,0
182.95560668879355,1495,9,0,0
182.9744325508362,472,35,0,0
184.4092831167238,1465,18,0,0
184.48050854200108,321,428,0,0
184.48921383795292,1531,3010,0,1
184.57052194354418,629,44,0,0
184.61226550597914,706,282,0,0
184.61537009179509,10,244,0,0
184.63633568481887,1638,4660,0,1
184.64918902684855,138,272,0,0
184.64950558369972,479,354,0,0
184.66216434215875,10,287,0,0
184.6722462404359,744,270,0,0
184.67957329489926,18,505,0,0
184.6801863249401,825,615,0,0
184.68888831917624,1210,15,0,0
184.70551898079376,949,267,0,0
184.7277712355282,831,252,0,0
184.7295186426727,7938,254,1,0
184.7957600381353,536,9,0,0
184.79724221156116,1300,116,0,0
184.80863259940628,226,108,0,0
185.07269084322888,1203,525,0,0
185.07703719862707,338,134,0,0
185.0833517006881,16,246,0,0
185.2473011940546,799,542,0,0
185.25549538325362,312,222,0,0
185.26529496286688,1144,110,0,0
185.29372850838843,1451,313,0,0
185.4497026869377,896,446,0,0
185.44989736665164,207,181,0,0
185.45318612454466,119,160,0,0
185.45546350390106,1236,549,0,0
185.4574061000436,1336,268,0,0
185.46052439170597,1612,137,0,0
185.4637455971166,1671,422,0,0
185.49723685214553,484,288,0,0
185.5001481438503,1068,242,0,0
185.5233450940788,1298,201,0,0
185.56443216139655,463,279,0,0
185.5684741867727,1723,14,0,0
185.5920590380115,439,145,0,0
186.1089802608777,568,174,0,0
186.14389678497048,136,215,0,0
186.14878532360325,1077,474,0,0
186.1645821812365,28,35,0,0
186.16734698094132,1378,400,0,0
186.19875693004496,1201,32,0,0
186.30415565484205,1893,31,0,0
186.3075325735503,1167,175,0,0
186.3192956391398,561,11,0,0
186.49476150729532,662,31,0,0
186.50128807274476,162,197,0,0
186.52778575493002,375,54,0,0
186.5300126107811,1505,331,0,0
186.53339736300003,55,26,0,0
186.53973132456034,797,3290,0,1
187.94150314978805,726,178,0,0
187.9494657210915,827,256,0,0
187.95571793037286,1797,36,0,0
187.9615680680849,22,24,0,0
187.9745252153767,1596,3480,0,1
188.0415265470655,302,101,0,0
188.06788616281364,29,534,0,0
189.17386009000973,239,197,0,0
189.20153264567656,1962,130,0,0
189.52778153594434,97,234,0,0
189.55916479157435,685,480,0,1
189.61974784789643,524,262,0,0
189.62075351628027,1336,417,0,0
189.63474898147052,468,224,0,0
189.6504693428803,888,392,0,0
189.6615692666938,854,114,0,0
189.66181270177086,1436,767,0,0
189.76682749017507,765,577,0,0
189.7751465695701,5420,119,1,0
189.7826601312672,1387,520,0,1
189.7934921813132,184,491,0,0
189.80492735344802,1186,182,0,0
189.84566078217682,1040,593,0,0
189.84708096804383,314,325,0,0
189.84988418632872,312,7,0,0
189.88215356817616,1817,193,0,0
189.9062971330824,1298,289,0,0
189.9147926843026,1593,768,0,0
189.9205187429399,374,595,0,0
189.92391951625746,1600,266,0,0
189.93997646871404,652,3600,0,1
190.13136722925591,1193,537,0,0
190.13354162488812,1952,228,0,0
190.51328221110268,1736,298,0,0
190.61087613040038,501,326,0,0
190.6181692018708,1441,350,0,0
190.70457044029894,1539,423,0,0
190.70553223469634,21,395,0,0
190.70609759184168,1368,288,0,0
190.70746550692837,1632,513,0,0
190.71541699689118,1543,285,0,0
190.72482943785064,253,36,0,0
190.73126968826872,97,336,0,0
190.75328410708835,1028,209,0,0
190.75353632658377,1092,77,0,0
190.80213280516685,304,273,0,0
190.80318855483515,272,377,0,0
190.80800073889708,4240,144,1,0
190.81590301890043,76,49,0,0
190.81768982725276,152,226,0,0
190.81885265287124,172,356,0,0
190.82126521408625,1557,732,0,0
190.8388846917253,531,25,0,0
190.8976068193217,7746,446,1,0
190.95338164494308,1649,684,0,0
190.9558507856098,411,412,0,0
190.9595558400858,756,385,0,0
190.96241819856806,1733,59,0,0
191.00678435262077,626,137,0,0
191.00709102106458,245,2870,0,1
191.22185309437836,19,531,0,0
191.22869620575517,522,188,0,0
191.2324614115918,1494,41,0,0
191.26804056365995,793,166,0,0
191.41036231780674,23,338,0,0
191.44616485535784,2420,211,1,0
191.59433202679827,57,236,0,0
191.61793965507215,792,349,0,0
191.82899691481614,1351,192,0,0
192.04670875092887,1688,133,0,0
192.06149791388373,30,498,0,0
192.38244107340034,1543,30,0,0
192.40752731772574,748,119,0,0
192.42899693314035,140,164,0,0
192.43185431255884,195,89,0,0
192.44198219488698,3910,371,1,0
192.5274395730068,1798,278,0,0
192.5287463430007,36,360,0,0
192.5949079458371,13,170,0,0
192.63114507138718,1350,126,0,0
192.66258174280244,729,302,0,0
192.66280042579237,144,118,0,0
192.67747867011042,751,229,0,0
192.74346002984169,784,293,0,0
192.74738336596843,618,91,0,0
192.76900005499843,22,192,0,0
192.7691552156434,336,638,0,0
192.83826099266167,1128,666,0,0
192.84305797307348,1207,478,0,0
192.9461442372075,768,377,0,0
192.94659684908947,805,258,0,0
193.0186487737613,1809,34,0,0
193.02988309718185,377,251,0,0
193.12062868508153,1100,327,0,0
193.12346195837543,587,202,0,0
193.12869995032395,583,211,0,0
194.72869361410784,493,466,0,0
194.73212494416427,546,94,0,0
194.73652139612744,76,28,0,0
194.74689939616027,1453,767,0,0
194.749233749258,1846,372,0,0
194.94438322967451,398,332,0,0
195.5128136345592,678,297,0,0
195.51722701142336,865,223,0,0
195.51779867072042,365,257,0,0
195.70586728473754,443,140,0,0
195.8714768964524,621,39,0,0
195.96480960709545,792,258,0,0
196.14714998121758,2360,173,1,0
196.15033290985073,156,760,0,1
196.16321527638712,564,300,0,0
196.16434800910736,576,20,0,0
196.1654061638679,693,320,0,0
196.2937938999069,1738,434,0,0
196.2985007820975,1333,401,0,0
198.02179924869284,66,766,0,0
198.04272985445655,1007,657,0,0
198.04774269449274,22,408,0,0
198.13674147485582,776,719,0,0
198.79881523748344,854,16,0,0
198.84652395685745,8,181,0,0
198.84810575444956,532,347,0,0
198.88600222044394,237,178,0,0
199.16860671673697,1066,211,0,0
199.17533533868666,843,174,0,0
199.1791757072561,462,4790,0,1
199.316968090239,1025,134,0,0
199.34084203625446,12,59,0,0
199.3428313068827,771,324,0,0
199.35127448722363,807,209,0,0
199.35525546426325,226,177,0,0
199.38789060316117,356,4860,0,1
199.410361506456,889,2680,0,1
199.59050367142842,332,206,0,0
199.6651067923991,1820,298,0,0
199.66589798351322,1191,263,0,0
199.70662262378528,7934,258,1,0
199.81511901348682,43,767,0,0
199.86002678175805,1105,102,0,0
200.00162188187952,769,111,0,0
200.0076335259869,1569,263,0,0
200.01032796117278,1234,183,0,0
200.12625862756846,181,192,0,0
200.12840101946915,1638,244,0,0
200.12864123401664,666,404,0,0
200.2688948249326,37,271,0,0
200.273134482091,1196,591,0,0
200.2829182028404,1141,37,0,0
200.28401994594043,500,437,0,0
200.28529348168678,819,379,0,0
200.28707893898962,15,309,0,0
200.2958508313089,613,45,0,0
200.33367129829506,327,31,0,0
200.33385347645444,7717,475,1,0
200.4150764885879,1027,153,0,0
200.41677347831535,908,190,0,0
200.4189122437065,21,32,0,0
200.4889169893452,978,340,0,0
200.50445958549528,140,2040,1,1
200.50529484291542,164,247,0,0
201.22730386365117,1474,117,0,0
201.23053104480547,1188,357,0,0
201.2601224561615,1252,148,0,0
201.28703608901228,139,161,0,0
201.59057402028324,1285,47,0,0
201.59782774134828,1090,495,0,0
201.73333586981505,965,581,0,0
201.73742803090272,773,588,0,0
201.90765113870495,760,30,0,0
201.91157424200694,580,202,0,0
201.92031882184375,54,101,0,0
202.72045773515893,7,349,0,0
202.75447251171104,589,265,0,0
202.77694676158646,1606,117,0,0
204.37565432424373,227,284,0,0
204.41282668915605,56,57,0,0
204.41635414766668,1238,117,0,0
204.49477644212553,1135,266,0,0
204.49647450892027,522,233,0,0
204.66881727777695,4,145,0,0
204.8701195817561,1065,20,0,0
204.8758565672744,1316,24,0,0
204.88099654404374,7,30,0,0
204.90668035278108,1864,3640,0,1
204.92524320817162,294,454,0,0
204.9277967389609,1643,303,0,0
204.98400299066938,1036,181,0,0
204.9843069385207,881,468,0,0
204.9918992291527,565,352,0,0
204.99994358194465,691,328,0,0
205.01039064775614,228,26,0,0
205.04374872933445,878,83,0,0
205.04529648729329,820,371,0,0
205.10384656544986,369,288,0,0
205.11643205123028,18,312,0,0
205.12134768177287,881,585,0,0
205.1225202541982,792,386,0,0
205.12421347703167,342,3350,0,1
205.16130920457775,905,477,0,0
205.16393439658597,463,23,0,0
205.18445131130437,15,85,0,0
205.33538161539616,1071,311,0,0
205.4777100759703,234,154,0,0
205.8866818657276,1735,302,0,0
205.8966586977909,1221,236,0,0
205.8987183849666,4480,278,1,0
206.03763908670047,2502,506,0,0
206.07115632757618,988,37,0,0
206.24200078871468,1622,541,0,0
206.2604489443615,1541,404,0,0
206.45763432552016,487,410,0,0
206.55569898959268,771,770,0,0
206.63131696805604,373,7680,0,1
206.68071437906193,137,195,0,0
206.72068922015274,143,236,0,0
206.74944744685476,335,10,0,0
206.77779851587755,533,250,0,0
206.90854254683362,875,30,0,0
206.91502366408358,994,2450,0,1
207.4957168456891,630,473,0,0
207.5103072951437,679,54,0,0
207.63979897729922,20,3440,0,1
207.65486391267473,894,118,0,0
207.66588180214853,569,570,0,0
208.71671140579775,1783,266,0,0
208.72643118291649,78,313,0,0
208.72783391066545,1882,98,0,0
208.73216010366502,738,125,0,0
208.74172783724026,268,338,0,0
210.08549997167182,1774,399,0,0
210.1127857089829,1581,300,0,0
210.22979800904855,218,248,0,0
210.23223229226122,1273,3260,0,1
210.26875991778445,1245,127,0,0
210.33787748692774,891,95,0,0
211.00043420697983,689,267,0,0
211.00491729169417,1003,436,0,0
211.0652473937349,346,315,0,0
211.09829734445898,1246,278,0,0
211.1006356413438,1309,373,0,0
211.11799166771334,1071,274,0,0
211.12864531646605,399,220,0,0
211.12881772669436,1732,220,0,0
211.1885690003624,406,292,0,0
211.2417307474457,1539,263,0,0
211.2492313448438,1613,355,0,0
211.25047211014694,49,231,0,0
211.5986153461165,7829,363,1,0
211.62933340851203,334,309,0,0
211.76719563758917,436,439,0,0
212.07012384913415,1222,768,0,0
212.0764902779683,161,277,0,0
212.1680655540725,1299,634,0,0
212.17920568771544,776,443,0,0
212.1951285343867,1703,339,0,0
212.21033348427162,927,426,0,0
212.2283306519359,74,308,0,0
212.39579536448105,681,1100,0,1
212.41891095537866,1387,365,0,0
212.43217937520126,258,506,0,0
212.4425583052618,1733,361,0,0
212.47827008349424,447,700,0,1
212.48128362549633,586,535,0,0
212.4878867001511,563,548,0,0
212.50413992101633,590,338,0,0
212.50995907934387,465,163,0,0
212.52419687297814,835,81,0,0
212.529515943279,1091,136,0,0
213.5225528363498,1611,732,0,0
213.78004099667717,1621,402,0,0
213.82441956176467,783,766,0,0
213.84062934919484,1782,187,0,0
215.283486535719,406,112,0,0
215.31791067613653,566,330,0,0
215.33307827111372,1642,112,0,0
215.36616409840167,291,81,0,0
215.39943684599274,661,167,0,0
215.70236257946283,773,773,0,0
215.71973567669215,1162,7030,0,1
216.92144698070115,1886,724,0,0
216.9245389547523,616,536,0,0
216.9968482504629,7845,347,1,0
216.9992814296389,52,758,0,0
217.6826635466662,10,435,0,0
217.69197943514158,6800,237,1,0
217.70804171592462,1329,406,0,0
217.8226277661449,503,332,0,0
218.04481793385486,1005,286,0,0
218.0467704103909,974,15,0,0
218.05580024701916,476,613,0,0
218.0569087447609,828,99,0,0
218.08065589566118,688,375,0,0
218.09538915072744,7879,313,1,0
218.1043690100174,8,99,0,0
218.10895923748768,1792,319,0,0
218.11729903828393,1036,284,0,0
218.12135448798165,1334,12,0,0
218.1733301693133,884,293,0,0
218.54751592716158,305,222,0,0
218.54789554282175,896,254,0,0
218.56220495086833,146,112,0,0
218.57002357588675,23,482,0,0
218.61833120184076,1348,155,0,0
218.6210206021187,1798,333,0,0
218.63448407892005,535,232,0,0
218.63674024713333,12,146,0,0
218.7094334544242,1670,769,0,0
218.73144135527252,635,119,0,0
218.74450591405324,807,429,0,0
218.78234066874379,1403,1400,0,1
218.7933625846872,1317,410,0,0
218.7941692957548,10,283,0,0
218.8535704155705,1065,289,0,0
218.88568764406415,991,256,0,0
218.89894686268323,1218,274,0,0
219.0283201750863,1042,768,0,0
219.23472581492285,1521,111,0,0
219.2367563249171,650,52,0,0
219.24054001639473,95,830,0,1
219.63892644085325,285,339,0,0
219.94706698517345,247,247,0,0
219.95118786215895,627,392,0,0
219.95288922934336,880,605,0,0
219.95793079737442,94,1800,0,1
219.9645941279422,1497,48,0,0
219.96535348786657,1069,37,0,0
219.98455879711065,3262,4930,1,1
219.98595323925525,465,182,0,0
219.9875565536099,24,143,0,0
220.10029439131335,715,248,0,0
220.10489631177245,1640,238,0,0
220.12053753422845,1075,611,0,0
220.18403785578644,1696,705,0,0
220.2758092282897,1109,419,0,0
220.28500562734914,435,387,0,0
220.30471486053833,537,178,0,0
220.3081775316182,532,263,0,0
220.9026126961464,1069,280,0,0
220.96881742504902,1817,448,0,0
220.97080392187522,565,232,0,0
220.9889956719033,13,88,0,0
221.0641809643874,381,496,0,0
221.11125276890525,1656,120,0,0
221.8113312849424,19,177,0,0
222.0920885539876,1376,37,0,0
222.0982249606873,23,254,0,0
222.1133218883567,649,121,0,0
222.1147125358657,164,139,0,0
222.14443069341266,33,510,0,0
222.16883828897832,1006,198,0,0
226.1919783389984,337,165,0,0
226.2139115608492,1071,623,0,0
226.2141858280389,1080,443,0,0
226.21889107981957,621,344,0,0
226.2414820591401,795,386,0,0
226.24294554574345,176,478,0,0
226.246130496699,1107,623,0,0
226.25481535115952,1693,453,0,0
226.29056267924113,240,211,0,0
226.3035265748909,349,441,0,0
226.3065742751218,1566,59,0,0
226.39377518170264,1994,94,0,0
226.39990752754727,7688,504,1,0
226.40655498585085,7794,398,1,0
226.40769786320178,1457,176,0,0
226.41144435834818,1661,33,0,0
226.4778907478889,37,147,0,0
226.47860077078698,887,248,0,0
226.49425130214772,772,86,0,0
226.57006676786074,848,755,0,0
226.57855461204687,943,3500,0,1
226.6077039819022,1574,365,0,0
226.609637351209,497,282,0,0
226.85763222178983,96,34,0,0
227.02082838469536,929,109,0,0
227.04972863987447,420,79,0,0
227.05026803577877,227,78,0,0
227.05249564203902,1340,110,0,0
227.17975896923133,88,236,0,0
227.7348290841741,1651,391,0,0
227.76748686503083,265,349,0,0
227.9861407676735,330,27,0,0
227.99149201057304,955,236,0,0
228.00384722191671,1061,355,0,0
228.02193340110009,6480,128,1,0
228.06399123908807,426,198,0,0
228.06483933044018,1488,195,0,0
228.18325321022795,3152,5040,1,1
228.43740852285222,361,30,0,0
228.43922224643615,1295,488,0,0
228.44042206808035,7975,217,1,0
228.4768003697046,7,174,0,0
228.48167589789932,1430,262,0,0
228.4818333227447,858,205,0,0
228.57275689519864,1151,72,0,0
228.59738876419664,492,7700,0,1
228.6043444419071,381,290,0,0
229.84047448317037,1339,83,0,0
229.86429770380138,345,277,0,0
229.86829649509087,705,6930,0,1
229.89038717691386,794,610,0,0
229.89264119338605,299,445,0,0
229.89657433582974,11,150,0,0
229.93565304759892,705,95,0,0
229.9416093854995,1535,60,0,0
229.94893153630352,962,447,0,0
230.45706390407764,593,450,0,1
230.55776430940483,476,501,0,0
230.64764686664734,1331,88,0,0
230.69960746268566,509,30,0,0
230.7471324386149,1032,399,0,0
231.079427082279,1162,155,0,0
231.0967799935079,1452,124,0,0
231.83473326751275,888,442,0,0
231.83742463365027,30,309,0,0
231.84825958216257,520,343,0,0
231.84940487405876,536,267,0,0
231.85847790353577,973,774,0,0
231.90937150075882,1481,563,0,0
232.23813743019943,1088,34,0,0
232.24292583429664,1800,306,0,0
232.26116299310883,1009,30,0,0
232.2699601752482,10,304,0,0
232.2740793480909,1661,335,0,0
232.2757514698783,19,301,0,0
232.29612373838344,1517,196,0,0
232.29668854168773,307,59,0,0
232.31919806684812,1061,427,0,0
232.33801498053197,199,85,0,0
232.342857095783,1554,767,0,0
232.34524650254554,213,510,0,0
232.3463787875233,1353,405,0,0
233.10804550425823,1466,251,0,0
233.1092778360373,750,594,0,0
233.51605152236556,1579,251,0,0
233.575981795869,539,63,0,0
233.58469474497323,1084,195,0,0
233.58647846051363,14,364,0,0
233.73163884806448,416,361,0,0
234.3053664094559,1817,527,0,0
234.30815295714112,435,385,0,0
234.3180809849274,18,143,0,0
234.46591642858863,467,573,0,0
234.50123535497434,90,12,0,0
235.48636590526144,114,70,0,0
235.49213527797522,610,311,0,0
235.54551519957087,5,74,0,0
235.54699365264145,882,250,0,0
236.74048204431,372,232,0,0
236.7446698237793,1439,175,0,0
236.74488786267747,660,62,0,0
236.75891963508437,1165,432,0,0
236.77257306841713,537,203,0,0
237.60470856461066,149,165,0,0
237.61387192501402,510,451,0,0
237.63146604527515,1609,261,0,0
237.6905955481378,1013,103,0,0
238.12128772350917,573,163,0,0
238.1371888988868,309,93,0,0
238.28147642899594,586,408,0,0
238.3323336152223,815,23,0,0
238.34231160444085,450,196,0,0
238.3633839415412,1331,143,0,0
238.38249371715102,863,733,0,0
238.3853824067895,924,62,0,0
238.58980998404977,120,726,0,0
238.59093929961315,16,409,0,0
238.77870409731773,155,384,0,0
238.90042015263853,2021,281,0,0
238.9154007183568,570,35,0,0
238.9193045695975,686,671,0,0
238.93077763428587,157,9,0,0
238.97722880062148,1513,251,0,0
239.05698457437182,709,1320,0,1
239.089015125994,1136,3710,0,1
239.22026788611205,968,452,0,0
239.22618579474124,6,65,0,0
239.2550327674528,25,168,0,0
239.25581638095403,1223,214,0,0
239.33892143975845,112,231,0,0
239.3634344685189,1574,383,0,0
239.3712938185053,673,25,0,0
239.55547815702408,1030,278,0,0
239.6274233453632,1114,300,0,0
239.6274879198282,590,288,0,0
239.64703095088063,269,381,0,0
239.64801390214845,969,199,0,0
239.80036260747525,1317,437,0,0
242.42055205995982,668,76,0,0
242.42694877917953,290,256,0,0
242.4478960960141,920,275,0,0
242.45881816162156,1424,161,0,0
242.4952148751498,1036,686,0,0
242.5607083351059,972,162,0,0
242.7975140724867,75,34,0,0
242.80001837332583,1154,303,0,0
243.2182861669879,46,99,0,0
243.2210867414085,384,298,0,0
243.25249370557862,7858,334,1,0
243.43558877767555,1622,602,0,0
243.51072101574553,1242,570,0,0
243.51348231793563,114,30,0,0
243.51791500085017,406,270,0,0
243.5250727133952,508,109,0,0
243.5413620988433,1790,220,0,0
243.72024989194006,773,289,0,0
243.72161226678094,624,315,0,0
243.767502635704,1491,443,0,0
243.8286200673689,756,536,0,0
243.88373549679028,740,329,0,0
243.9295896110336,7,308,0,0
244.30555177142915,1388,50,0,0
244.3534208112512,22,223,0,0
244.4535809955666,32,621,0,0
244.5092790528603,1247,376,0,0
245.16064910937735,1060,68,0,0
245.1610529410173,1637,156,0,0
245.39546240041443,649,24,0,0
245.4061682545779,747,36,0,0
245.4164607861029,1731,215,0,0
245.4190565965321,814,472,0,0
245.41948635210048,925,170,0,0
245.42789333420345,1444,29,0,0
245.43245763638404,341,172,0,0
245.48094000593105,8,430,0,0
245.48188964557602,1866,343,0,0
245.79799596710393,1660,168,0,0
245.82908079791332,1359,352,0,0
245.84007146949935,21,70,0,0
245.84443816070032,660,117,0,0
245.84817573996912,519,309,0,0
245.85005838539504,1525,405,0,0
245.85613307448085,410,325,0,0
245.87439746129823,803,509,0,0
245.88705338471104,8,315,0,0
245.88811934546706,1406,221,0,0
245.8987229689037,1511,107,0,0
245.90174668456868,38,288,0,0
245.92659069336014,254,201,0,0
246.678154423003,684,17,0,0
246.7411394887507,67,311,0,0
246.75078615491825,7933,259,1,0
246.75148598753705,895,5090,0,1
246.75255144435164,260,314,0,0
246.7531698600525,1560,98,0,0
246.83024564710553,303,397,0,0
246.8341524273128,951,697,0,0
246.85460385669913,1672,8,0,0
246.85980471616253,1250,479,0,0
246.88145991035506,285,614,0,0
247.17919571158666,14,627,0,0
247.1837814924259,450,1650,0,1
247.1929057960372,390,179,0,0
247.19650302722764,1457,771,0,0
247.30025488502991,759,180,0,0
247.30257453866338,1526,275,0,0
247.30444631102586,328,258,0,0
247.305571022266,473,125,0,0
247.30664988259178,86,261,0,0
247.35292669093025,6400,532,1,0
250.4280562080745,1279,769,0,0
250.43052098085667,729,766,0,0
250.5515395387738,1589,309,0,0
250.58135617027168,517,16,0,0
250.5833475089713,1585,20,0,0
250.59372307019376,1474,396,0,0
250.6050481408136,152,4650,0,1
250.6095814332162,1247,620,0,0
251.4671198730801,971,282,0,0
251.46751863573823,794,475,0,0
251.5061832628839,6,168,0,0
251.54120262877723,1291,399,0,0
251.54686373807496,483,214,0,0
251.57119733510302,9,188,0,0
251.67557985169512,192,274,0,0
251.70007126378894,1866,368,0,0
251.7416464250355,7996,196,1,0
251.81379129100716,65,258,0,0
251.8141012672184,285,233,0,0
252.1611997353013,1405,768,0,0
253.88013474676518,1600,366,0,0
254.0084438684818,844,432,0,0
254.14547135317406,598,333,0,0
254.1465507024139,1011,95,0,0
254.16078985680272,227,103,0,0
254.16434631312194,1167,351,0,0
254.16992226887265,615,56,0,0
254.29474893155103,1544,366,0,0
254.2983637841645,344,376,0,0
254.31227436376614,597,329,0,0
254.31267116920998,800,1020,0,1
254.32581546986788,1584,642,0,0
254.34741962748,7639,553,1,0
254.3518269697246,676,264,0,0
254.356103229142,17,267,0,0
255.14111446463272,454,161,0,0
255.14271984976665,1246,393,0,0
255.14492681455505,1099,103,0,0
255.14850491231718,1289,465,0,0
255.34694561008044,1663,203,0,0
256.55399862870274,24,238,0,0
256.58906364553195,1738,89,0,0
256.5933619310504,21,253,0,0
256.6010324750321,1615,318,0,0
256.7528192733243,1538,426,0,0
256.755736742444,1882,417,0,0
257.0856222056053,1140,133,0,0
257.3923647035985,448,365,0,0
257.4131296913812,122,32,0,0
257.478830563329,13,264,0,0
257.5596602376136,22,709,0,0
257.9636027172791,25,520,0,0
257.96580600080864,477,358,0,0
258.1573775874736,213,408,0,0
258.16589741634533,1459,252,0,0
258.16978322181836,239,63,0,0
258.1919411889595,933,65,0,0
258.20369483725074,1028,49,0,0
258.20619877927993,940,106,0,0
258.2069382588693,702,1470,0,1
258.2096801899952,38,184,0,0
258.53917701225413,730,303,0,0
259.453323898262,634,27,0,0
259.51955069399907,1623,187,0,0
259.71293959417176,1496,555,0,0
259.71935810624956,6,194,0,0
259.7348226346073,682,466,0,0
259.7665881640797,1223,384,0,0
259.76866381144566,626,121,0,0
259.771155508247,1381,175,0,0
259.79307128707563,300,590,1,0
259.8025803411446,48,505,0,0
259.8047309235665,738,239,0,0
259.8438228717505,84,472,0,0
259.85448068921903,458,176,0,0
259.993631756808,318,2240,0,1
260.0114904437776,155,39,0,0
260.0213875195818,1777,37,0,0
260.04468158506415,902,75,0,0
260.0574744213673,386,116,0,0
260.0622178497562,1055,580,0,0
260.0702942001531,769,235,0,0
260.1510710443243,1753,212,0,0
260.21682275522596,48,53,0,0
260.4531713654752,7,113,0,0
260.45378207390945,11,383,0,0
260.46200290163546,476,248,0,0
260.4698779676568,35,6740,0,1
260.4953198641417,429,318,0,0
260.5026247085282,1888,292,0,0
260.50909024663827,280,245,0,0
260.59547421483836,371,319,0,0
260.6212394804081,1138,390,0,0
260.62299037037906,36,145,0,0
260.8832982025984,1355,468,0,0
261.01576822304656,1335,379,0,0
261.02149374069774,929,258,0,0
261.11663979162995,527,442,0,0
261.1207873747278,159,637,0,0
261.29223007119197,2285,67,0,0
261.30390203579134,1733,388,0,0
261.30752454692106,77,31,0,0
261.31608063826184,871,1230,0,1
261.3199814767129,832,345,0,0
261.3464811282605,224,95,0,0
261.3720931726784,1388,61,0,0
261.39147737050246,1316,406,0,0
261.39740498210745,1600,311,1,0
261.39741690480474,1108,99,0,0
261.4191432043882,553,332,0,0
261.41954992999837,850,39,1,0
261.44895681885,358,580,0,0
261.6221555617267,368,322,0,0
261.65336197213793,16,95,0,0
261.6616430991238,1010,384,0,0
261.67423554437283,422,398,0,0
261.6880639797204,1166,265,0,0
261.6940796573908,314,108,0,0
261.6996937123711,1163,69,0,0
261.70253728243995,1228,383,0,0
261.8967932581513,53,768,0,0
261.9142852945087,43,141,0,0
262.03645303834423,376,518,0,0
262.0473965875972,1546,348,0,0
262.0682431228303,516,469,0,0
262.081076982506,1550,161,0,0
262.12661394544716,116,264,0,0
262.22088022738654,22,7,0,0
262.2500245899788,16,342,0,0
262.2547135927347,562,730,0,0
262.258505786208,237,231,0,0
262.75680131595584,1583,768,0,0
262.76710783804464,27,201,0,0
262.7771887926183,545,84,0,0
263.1151283564401,1588,570,0,0
263.2740759531818,1310,273,0,0
263.3265609909612,1009,398,0,0
263.3346787910108,1485,79,0,0
265.3313714943943,150,166,0,0
265.3709703347411,47,233,0,0
265.4248537758527,1103,127,0,0
265.43766907874254,5730,422,1,0
265.4387354242321,774,72,0,0
265.43998565497475,35,24,0,0
265.480709290198,23,125,0,0
265.52021760372037,1856,300,0,0
265.531383404561,8047,145,1,0
265.53311576461664,1652,572,0,0
265.5341253467676,15,134,0,0
265.5434919538823,1917,339,0,0
265.54447273731506,234,303,0,0
265.6534002816511,321,92,0,0
265.8343432377721,7887,305,1,0
271.0058562896649,415,134,0,0
271.1103876538283,7988,204,1,0
271.1159008970072,448,412,0,0
271.1190575815662,268,83,0,0
271.11907570401365,1236,107,0,0
271.12456650410724,18,381,0,0
271.1372322921536,1111,45,0,0
271.26225142301837,1297,19,0,0
271.323568143149,15,205,0,0
271.3820988628322,1514,440,0,0
271.4097621860665,456,187,0,0
271.4774341735,696,27,0,0
271.803810881865,408,190,0,0
271.80595579376813,1289,279,0,0
271.81318588380253,896,203,0,0
271.8143086428922,240,32,0,0
272.27382423695377,608,125,0,0
272.51525687553055,1327,259,0,0
272.59649791936477,299,209,0,0
272.5981396474858,744,767,0,0
272.6236412645754,1475,170,0,0
272.63492738329774,1239,3020,0,1
272.6561380956908,970,30,0,0
272.6685247050561,123,591,0,0
272.7195722732646,1484,275,0,0
272.7277643916578,250,283,0,0
272.8274472042267,1576,237,0,0
272.8566902552894,544,289,0,0
272.8667314882744,37,182,0,0
272.88115912413866,1366,760,0,0
272.88863497123356,767,320,0,0
272.980527557372,1506,104,0,0
272.9910123227638,1485,23,0,0
273.0235576256175,832,78,0,0
273.03178974154923,1415,277,0,0
273.03271530601677,9,350,0,0
273.1432203392112,1777,233,0,0
273.1453944053977,838,340,0,0
273.21558218353505,17,188,0,0
273.2573931144389,1324,361,0,0
273.2580506774905,1300,116,0,0
273.26077846031654,350,368,0,0
273.26723214333157,270,186,0,0
273.2707274327235,570,145,0,0
273.2724241761572,1207,2350,0,1
273.35170875298223,1270,164,0,0
273.3628855669968,159,100,0,0
273.4019117749178,545,44,0,0
273.40953984862495,1490,455,0,0
273.44277172049306,1856,464,0,0
273.44678878116514,839,125,0,0
273.46390144405,21,255,0,0
273.5216757328274,1099,239,0,0
273.5414226599049,925,163,0,0
273.5486555000528,860,293,0,0
273.5507089458585,1585,79,0,0
273.5759410758593,597,613,0,0
273.61191316258066,544,295,0,0
273.622676367429,414,221,0,0
273.6265500731386,1017,547,0,0
273.6799611590454,905,239,0,0
276.26194456038314,220,303,0,0
276.27179906133193,143,246,0,0
276.30718558810145,952,570,0,0
276.3455694928327,1618,162,0,0
276.34567594309016,20,289,0,0
276.36879314355247,59,167,0,0
276.3731852759714,1328,719,0,0
276.66097446401403,1183,63,0,0
276.6718322303608,970,646,0,0
276.67564280745626,1871,305,0,0
276.6872991864851,246,247,0,0
276.7124772815896,1317,164,0,0
276.7183660160803,151,256,0,0
276.73460681778806,619,169,0,0
276.7358094739697,387,346,0,0
276.74730945475613,1356,256,0,0
276.83244103058803,7766,426,1,0
277.75873978334084,1167,368,0,0
277.8328743562051,878,28,0,0
277.8639591880513,599,404,0,0
278.0565146014873,1488,376,0,0
278.1950422007403,1353,119,0,0
278.6980157896853,13,101,0,0
278.8553172299423,630,767,0,0
278.8695724776018,30,486,0,0
278.8998300803588,168,207,0,0
278.9256507357566,470,2160,0,1
278.95867130459567,1592,246,0,0
278.98560813301594,811,132,0,0
278.98938160173407,854,601,0,0
278.9896502319468,115,149,0,0
278.99435932360103,773,252,0,0
278.9946730554261,1124,216,0,0
279.0153448558514,718,769,0,0
279.0335540207783,516,193,0,0
279.03418638057474,11,239,0,0
279.1056500065543,475,70,0,0
279.20781288915646,775,186,0,0
279.2296706454274,197,70,0,0
279.7365053186695,93,309,0,0
280.4986857742612,773,557,0,0
280.50030324598504,1346,16,0,0
280.64379284416793,583,424,0,0
280.68737065155426,3820,320,1,0
280.72902858425726,540,590,0,0
280.8459786778995,1167,78,0,0
280.8502610910312,1506,320,0,0
280.8557795982481,543,768,0,0
280.8592335120875,1097,158,0,0
280.8632205457511,702,198,0,0
280.87803834025783,912,194,0,0
280.8790276022483,496,335,0,0
280.88125625555443,355,393,0,0
280.9385338105473,339,183,0,0
280.9541909471823,343,162,0,0
280.99300420327825,1417,89,0,0
280.9934166415585,1439,716,0,0
280.9971793752021,305,143,0,0
281.0031211445139,532,7660,0,1
281.02237905456263,1333,31,0,0
281.02796516878414,770,97,0,0
281.14462724419883,1778,207,0,0
281.1606867353852,797,60,0,0
281.1793560375525,50,38,0,0
281.19789600129366,1107,402,0,0
281.2722489370169,4990,228,1,0
281.27927488980356,104,318,0,0
281.44958821379936,1002,55,0,0
281.4948729245193,862,5490,0,1
281.5194281855906,47,4140,0,1
281.53904378687554,1818,299,0,0
281.59012721767886,1686,577,0,0
281.7276287875516,284,594,0,0
281.8471994314711,1213,119,0,0
281.88546584476904,4,465,0,0
281.9896635147784,171,320,0,0
282.0125276292985,1012,262,0,0
282.23345470151014,264,534,0,0
282.2505642935462,17,2110,0,1
282.2508486785559,454,177,0,0
282.51292018512095,536,375,0,0
282.5353088418481,82,361,0,0
282.5370433005344,1541,293,0,0
282.5491820751645,1440,277,0,0
282.55226286223103,686,169,0,0
283.75610201757627,1541,290,0,0
283.80492602530825,1524,71,0,0
283.80570906641066,471,268,0,0
283.85950411079864,300,86,0,0
283.86763257783036,35,187,0,0
284.7017873224378,285,281,0,0
284.70398512726905,1461,357,0,0
284.70418678029574,123,85,0,0
284.72477235591543,1297,338,0,0
284.7337685135739,845,3790,0,1
284.7416119792613,1223,304,0,0
284.7418611477216,14,217,0,0
284.784232435628,1475,126,0,0
285.29685639521193,433,121,0,0
285.2972528291346,1954,324,0,0
285.48503819379573,343,315,0,0
285.49082406267706,1565,420,0,0
287.4708452068056,799,230,0,0
287.5140032197713,540,73,0,0
287.52639661286696,1094,498,0,0
287.6910126624742,1547,139,0,0
287.7426843065178,890,249,0,0
287.7482018917491,1671,628,0,0
287.822887405304,731,54,0,0
287.82938518489885,651,487,0,0
287.8298897170685,2016,295,0,0
288.87935561482743,305,218,0,0
288.8883238244227,349,65,0,0
288.8936616813989,15,311,0,0
288.92918880270855,303,297,0,0
288.9299861926508,928,168,0,0
288.9311902475727,1018,477,0,0
288.93783321561745,612,426,0,0
288.94421475049813,191,24,0,0
288.9650496783787,1603,255,0,0
289.1354188507462,22,107,0,0
289.142411072213,575,193,0,0
289.19076024940165,7916,276,1,0
289.2508561879031,233,192,0,0
289.25292030276296,1315,576,0,0
289.28141630212804,347,300,0,1
289.28415509564127,585,126,0,0
289.43566481052454,659,95,0,0
289.4805017353405,237,72,0,0
289.49915200280344,1080,295,0,0
289.5003899480562,711,128,0,0
289.5231460261577,5430,600,1,0
289.52703753605715,332,316,0,0
289.60109027585645,1184,329,0,0
289.6153038758702,1822,509,0,0
289.61885819362243,18,198,0,0
289.7337381876673,902,767,0,0
289.81013358071004,443,22,0,0
289.81564189202925,675,99,0,0
290.0000051286716,29,179,0,0
290.0099401190552,408,366,0,0
290.01966365205374,1191,767,0,0
290.0427780186545,1799,224,0,0
290.04678318356025,10,83,0,0
290.0542433106857,105,464,0,0
290.06733390133485,6720,109,1,0
290.4524012604618,789,499,0,0
290.8145850331469,7861,331,1,0
290.8253372489791,427,512,0,0
291.27735784241685,1052,51,0,0
291.2939060659822,408,338,0,0
291.332535464803,1598,170,0,0
291.43817238423327,460,131,0,0
291.47053318737477,455,176,0,0
293.73075145636864,673,284,0,0
293.76010886350093,841,221,0,0
293.76175375391995,176,108,0,0
294.00737586166446,406,401,0,0
294.01529058921966,559,273,0,0
294.0251091602522,1338,339,0,0
294.0251546397566,1896,181,0,0
294.1587511390341,60,305,1,0
294.25148656453155,1219,488,0,0
294.34068747130686,1743,638,0,0
294.46838495416716,266,507,0,0
294.9994330880113,537,335,0,0
295.0158916949798,1794,328,0,0
295.1335853676582,302,322,0,0
295.1376615980368,8179,13,1,0
295.1465544685618,1505,429,0,0
295.29591642039094,188,22,0,0
295.3353690190038,721,48,0,0
295.3366226220892,377,438,0,0
295.3737929578557,300,621,0,0
295.38630922758983,1521,274,0,0
295.38981888937786,1830,2190,0,1
295.4328286189436,765,324,0,0
295.4408638910476,350,259,1,0
295.441644151799,1355,254,0,0
295.4435994480189,14,189,0,0
296.06451333966714,106,62,0,0
296.0653853050331,461,47,0,0
296.09356091284974,201,273,0,0
296.15468854979395,2670,237,1,0
296.2194836736272,826,17,0,0
296.2210393477033,670,328,0,0
296.2305249577634,1525,35,0,0
296.2544409103543,1315,69,0,0
296.3438543300527,1703,132,0,0
296.3488218991042,892,326,0,0
296.35058293682465,53,390,0,1
296.4846044531644,1540,360,0,0
296.64914541550877,584,206,0,0
296.6869714409911,44,171,0,0
296.6923117202381,1644,258,0,0
296.73301772298794,1351,411,0,0
296.7554718328542,1803,94,0,0
296.8518336090818,7693,499,1,0
296.8533174387015,459,759,0,0
296.87608584309595,245,774,0,0
296.8892135438771,704,21,0,0
296.8911746032608,14,2320,0,1
296.9189499482765,382,980,0,1
296.9382998614092,1615,181,0,0
296.94624162149694,2003,287,0,0
296.9860831484139,316,2980,0,1
296.9871399619017,5,293,0,0
297.00334899478275,639,18,0,0
297.0461123089754,120,52,0,0
297.07795755070754,616,302,0,0
297.2333117741903,407,114,0,0
297.23494511437326,1510,711,0,0
297.2358294588693,738,671,0,0
297.26493672221545,786,162,0,0
297.309779265393,789,39,0,0
298.56178213639953,599,41,0,0
298.6237166262336,358,139,0,0
298.6268589282693,1193,13,0,0
298.717319286871,232,185,0,0
298.72064469350624,704,498,0,0
298.7215689001122,13,59,0,0
302.0526561057386,466,372,0,0
302.0872785800314,1368,95,0,0
302.16267452716716,827,529,0,0
302.2183730019495,313,265,0,0
302.8949226311388,1674,110,0,0
302.92677352006467,943,222,0,0
303.13285019826384,1120,659,0,0
303.13516259505474,309,157,0,0
303.13627723371104,874,422,0,0
303.44920308916187,377,316,0,0
303.7938676633145,1550,4040,0,1
303.8439818376561,824,203,0,0
303.87234199545776,356,238,0,0
303.8975007378896,508,12,0,0
303.90205712223167,3730,505,1,0
304.2936129317866,704,381,0,0
304.36101083366975,1172,32,0,0
304.4106441916422,781,64,0,0
304.4489308999118,1622,397,0,0
304.5956731872933,1452,412,0,0
304.64521727124725,1357,414,0,0
304.72534097983345,568,284,0,0
304.727082904285,590,291,0,0
304.77712768682477,838,237,0,0
306.2097406180701,37,25,0,0
306.21613747169226,523,574,0,0
306.23008349669504,1026,131,0,0
306.33750277610073,512,24,0,0
306.459922878227,774,10,0,0
306.52283296056635,1850,658,0,0
306.5235430614227,807,201,0,0
306.57276368961726,491,189,0,0
306.57445499936716,341,51,0,0
306.5779225498149,1474,350,0,0
306.63192124218574,1186,188,0,0
306.64190744090155,363,628,0,0
306.7330202213305,439,233,0,0
316.523145831919,59,35,0,0
316.60853441115125,192,101,0,0
316.6851313845706,627,8,0,0
316.6881397512514,9,357,0,0
316.6931271960369,129,120,0,1
316.69527732642376,817,21,0,0
316.70149664648204,1264,120,0,0
316.70352931230855,867,238,0,0
316.70835267927185,5270,15,1,0
316.7202392420975,1311,163,0,0
316.7226785260216,777,272,0,0
316.72373470542084,521,264,0,0
316.72491992162566,728,100,0,0
316.76965216112416,561,640,0,0
316.78998719735716,13,278,0,0
316.93042053557093,175,20,0,0
317.07614690705987,144,540,0,0
317.0852769866732,967,197,0,0
317.1541965039309,1515,768,0,0
317.15520838512344,971,17,0,0
318.89044547195624,870,404,0,0
319.08753554677384,782,131,0,0
319.09927300714287,1817,604,0,0
319.101035013949,1235,102,0,0
319.13962332518315,326,459,0,0
319.14005189792397,448,424,0,0
319.14384903501707,477,284,0,0
319.22451908483083,200,70,0,0
319.24550287532895,841,429,0,0
319.25226219873207,236,91,0,0
319.3730857728825,1127,42,0,0
319.3753462688337,137,198,0,0
319.4072350254374,591,338,0,0
319.41390143391493,1783,77,0,0
319.41721528619934,1036,407,0,0
319.4628032522065,425,253,0,0
319.46528036426776,163,279,0,0
320.27514341154006,41,31,0,0
320.28074706376117,1383,215,0,0
321.24609850648545,748,393,0,0
321.24812217240805,262,358,0,0
321.30875006706873,690,22,0,0
321.3103884354795,2067,111,0,0
321.31162287574705,564,560,0,0
321.3364580991644,1423,275,0,0
321.40642133619843,21,450,0,0
321.40783237525375,1682,443,0,0
321.60053465248666,1350,207,0,0
321.6041953519102,1002,87,0,0
321.627655370569,577,228,0,0
321.66622287153467,911,12,0,0
321.72549953063026,610,53,0,0
321.7259947412361,770,696,0,0
322.1854205619651,1187,166,0,0
322.2409236390264,1127,248,0,0
322.2486270660412,779,37,0,0
322.25095398359366,529,479,0,0
322.25156337726344,326,253,0,0
322.2527486890207,457,207,0,0
322.3064119823209,776,104,0,0
322.3155341338352,1302,98,0,0
322.3174114071487,188,81,0,0
322.3237015408547,114,64,0,0
322.73572378536136,881,8,0,0
322.7450376345977,502,507,0,0
322.75064429790933,25,520,0,0
323.01947031528914,3970,244,1,0
323.06492135258196,879,37,0,0
323.0846370258466,563,223,0,0
323.0899880526671,690,246,0,0
323.0907970421963,379,229,0,0
323.09253336095384,1141,767,0,0
323.0994361742567,1544,337,0,0
323.11106632418125,591,614,0,0
323.14786039917084,1398,751,0,0
323.2022613544034,884,300,0,0
323.2304436898039,877,221,0,0
323.25848473309526,527,282,0,0
323.26089034156905,609,349,0,0
323.26113286483576,1318,294,0,0
323.2674996878808,105,413,0,0
323.27017630522454,6450,363,1,0
323.2750682912116,537,224,0,0
323.28548847118543,194,401,0,0
323.28698873070766,3980,317,1,0
323.2889465503271,885,205,0,0
323.3037109392806,656,479,0,0
323.32645703021876,1101,461,0,0
323.33131614220633,469,127,0,0
323.3801987857623,566,272,0,0
323.39183291360024,337,118,0,0
323.39417965114166,1063,44,0,0
323.4137558325758,1662,768,0,0
324.19249754540357,21,283,0,0
324.19717614979174,1545,390,0,0
324.38306181009364,1345,274,0,0
324.66689992099367,58,623,0,0
325.028007335311,1341,172,0,0
325.0314892983612,21,650,0,0
326.04746033570666,2008,228,0,0
326.07023277894285,18,249,0,0
326.08109482223244,1337,381,0,0
326.0924782253582,715,174,0,0
326.1525775940967,540,133,0,0
326.1725650990051,452,242,0,0
326.18523284271305,656,501,0,0
326.4203373413443,1867,157,0,0
326.4245890754145,7836,356,1,0
326.42682927374,118,25,0,0
326.51498126138915,468,210,0,1
326.5886845205366,942,404,0,0
326.7495884265145,1302,6890,0,1
326.75170215351244,1734,587,0,0
326.90860631406065,25,380,0,0
326.95592450972754,359,170,0,0
327.5687027625102,444,581,0,0
327.57018904337747,782,95,0,0
327.5981087551771,6910,381,1,0
327.608466322755,745,130,0,0
327.609217074997,37,382,0,0
327.6135363016938,759,209,0,0
327.7854479308219,1300,18,0,0
327.7925113617646,502,249,0,0
327.7967645002141,91,8,0,0
327.89921431247774,8,10,0,0
328.0296141763767,1605,265,0,0
328.15946939985696,1697,59,0,0
328.16318843962847,1411,138,0,0
328.1792565205486,121,232,0,0
328.3210214894764,891,208,0,0
328.32588025306904,1276,352,0,0
328.3299119602988,283,488,0,0
328.4244796822646,750,520,0,0
328.835050999631,516,664,0,0
328.83685264937697,7,316,0,0
328.8369526794336,484,157,0,0
328.8379449289883,550,671,0,0
328.8403269454017,8163,29,1,0
328.85402835696704,672,767,0,0
328.91586837361467,1094,609,0,0
328.92933009067644,4,40,0,0
328.9337768394927,1050,375,0,0
328.9582993533962,767,167,0,0
328.96093494784037,269,314,0,0
328.9773633483405,860,376,0,0
328.9823647356436,621,378,0,0
332.8235591106558,658,291,0,0
332.9159867571727,7420,264,1,0
332.9193835218353,15,499,0,0
332.92184062686476,1448,256,0,0
332.9293525824713,718,670,0,1
332.93002498509225,13,331,0,0
332.9342114778623,347,298,0,0
332.9383337233009,576,312,0,0
333.0440441610755,510,193,0,0
333.0517320915332,708,23,0,0
333.05544479643964,1583,219,0,0
333.05668084615587,194,50,0,0
333.0583961241447,146,100,0,0
333.07419818172957,1701,294,0,0
333.0859333955767,1003,312,0,0
333.26033409358416,53,235,0,0
333.2654614542526,184,771,0,0
333.4155493105855,1380,291,0,0
333.4457270601307,1673,39,0,0
333.46360523850643,123,45,0,0
333.46393029500666,15,699,0,0
333.46529745540715,975,220,0,0
333.5447937148451,403,594,0,0
333.8402414591929,1769,224,0,0
333.8675104412754,788,262,0,0
333.95043297872,42,340,0,0
333.9584167267137,1499,320,0,0
333.96700287640124,1762,474,0,0
333.97179477648956,12,204,0,0
334.0985489790214,1605,378,0,0
334.13436685252117,86,294,0,0
334.14566358616173,1869,309,0,0
334.1550200715662,12,374,0,0
334.2099392944755,188,122,0,0
334.24437463394867,916,402,0,0
334.24779165224567,588,42,0,0
334.80605121102803,1156,418,0,0
334.8362230830111,31,2940,0,1
334.8546499629897,1094,332,0,0
335.20099088246855,1628,254,0,0
335.34088505883295,1832,234,0,0
335.35601867553913,1503,192,0,0
335.4087295942805,896,167,0,0
335.4108527331775,1224,157,0,0
335.41586138314807,580,99,0,0
335.4160577421534,22,789,0,0
335.6232373952186,42,287,0,0
335.62364235373116,1106,280,0,0
335.69412755144964,642,289,0,0
335.6975539114657,692,316,0,0
335.70010089395976,578,62,0,0
335.7123174307395,6750,452,1,0
335.743060870118,136,208,0,0
335.80443971419913,717,453,0,0
336.42841803685263,621,112,0,0
336.46538706089575,964,232,0,0
336.57052182391595,1789,329,0,0
336.5759732336321,1057,517,0,0
336.6511840370833,1427,465,0,0
336.6757016012264,1293,20,0,0
336.68284710881943,821,322,0,0
336.69774014341596,1558,757,0,0
336.713678714944,1560,405,0,0
336.7401243406131,1019,354,0,0
336.7803954618029,412,223,0,0
336.78691674728924,391,128,0,0
336.79101805291924,177,2050,0,1
336.8714808901356,3061,84,0,0
336.8720872693262,937,165,0,0
336.87732788484465,1514,331,0,0
337.27998583820954,877,627,0,0
337.2800661737528,7967,225,1,0
337.2845782084987,218,19,0,0
337.35597772067905,1518,112,0,0
337.3566428391181,600,709,0,0
340.61551516155015,945,767,0,0
340.6156170420318,305,355,0,0
340.93486597755935,1398,13,0,0
341.34134608437796,37,17,0,0
341.45413939003294,1771,228,0,0
341.4657240419818,452,147,0,0
341.5025870539894,969,199,0,0
341.50558627465875,142,119,0,0
341.59664472181004,776,577,0,0
341.5985662531368,1530,253,0,0
341.60900061506436,1463,420,0,0
341.74133749838745,464,388,0,0
341.74328052418167,1076,627,0,0
341.75198915990933,1301,767,0,0
341.77705189059674,892,345,0,0
341.7782846752777,987,260,0,1
341.96351448198504,229,56,0,0
341.9991877081369,9,365,0,0
342.00005852142476,588,619,0,0
342.01648531851566,1275,293,0,0
342.02031270394843,1051,424,0,0
342.02515668214886,1388,124,0,0
342.04619492462854,4740,248,1,0
342.05055927964685,153,110,0,0
342.17475708490434,1543,242,0,0
342.17916558807144,1213,346,0,0
342.3077096780855,460,150,0,0
342.32424226415424,785,236,0,0
342.42416423958497,232,264,0,0
342.43027580497983,823,70,0,0
342.43684429754654,2210,18,1,0
342.4386445405958,424,345,0,0
342.49597372981657,1750,198,0,0
342.6137094867672,488,157,0,0
343.864122747125,143,2300,0,1
344.10251258185036,1284,373,0,0
344.1322502228525,288,3520,0,1
344.14408344741753,437,444,0,0
344.1833455314713,1304,119,0,0
344.2004164584088,18,164,0,0
344.5373228955282,7835,357,1,0
344.65651543999525,1491,177,0,0
344.65990035904804,20,294,0,0
344.66446158387595,904,190,0,0
344.9424045863464,685,417,0,0
344.97581984120404,10,182,0,0
344.98717115973216,770,432,0,0
345.18071897373045,497,499,0,0
345.1890306725944,509,404,0,0
345.1993426001202,205,370,0,1
345.20651692867443,14,77,0,0
345.2068737597615,375,223,0,0
345.30850655175874,1641,473,0,0
345.3101140568469,1370,115,0,0
345.31590020504586,1661,172,0,0
345.3199761739771,1669,152,0,0
345.39720968646145,901,155,0,0
345.41294152659464,1067,182,0,0
345.43155127142563,519,381,0,0
345.4321787364614,265,177,0,0
345.44732839755994,330,30,1,0
345.44827033733327,11,67,0,0
345.4816266236472,310,456,0,0
345.5192000947439,55,338,0,0
345.53662773197885,1707,347,0,0
346.610621669356,848,412,0,0
346.6624693440505,4,236,0,0
346.72188160441465,499,258,0,0
346.7458677156555,974,249,0,0
346.75813991030003,4030,72,1,0
346.88268761088466,1026,511,0,0
347.0460141234547,1428,92,0,0
347.04735126149006,61,45,0,0
347.19603648360624,1194,302,0,0
347.2464620673624,110,343,0,0
347.36971670053225,322,306,0,0
347.41555911854266,1467,92,0,0
347.4170573910947,1201,303,0,0
347.4187854855954,671,288,0,0
348.11248113357004,1379,198,0,0
348.14237639525413,175,167,0,0
348.1434364719606,395,103,0,0
348.1796385404814,505,641,0,0
348.1883846156877,1717,104,0,0
348.18883665973544,879,401,0,0
348.18902163668014,106,209,0,0
348.18975326611485,9,22,0,0
348.2208293135558,1514,773,0,0
348.2372199106455,1554,768,0,0
348.2481829973686,1848,455,0,0
348.2800703214318,928,244,0,0
348.3401164521471,1388,187,0,0
348.34038568931555,681,27,0,0
348.35026605866045,636,271,0,0
348.3537113999159,7220,769,1,0
348.35524322869617,525,455,0,0
348.3612835046723,1573,195,0,0
348.37539666985776,795,10,0,0
348.38598909721253,69,455,0,0
348.3869727499351,1007,243,0,0
348.3938385544912,633,253,0,0
349.4107426012434,1287,264,0,0
349.41293225311915,1663,760,0,0
349.41355021179055,800,767,0,0
349.44484136452235,1954,306,0,0
349.50434923496016,344,294,0,0
349.5499963525088,258,37,0,0
349.5519184502953,1087,282,0,0
349.6847447302812,1923,251,0,0
349.68849635078664,675,288,0,0
349.69036104923464,1373,367,0,0
349.6957046365647,1787,35,0,0
349.7102235365073,43,32,0,0
349.7854900339387,1006,4,0,0
349.84832526433934,6660,375,1,0
349.86557598148585,1194,98,0,0
349.9821659654958,1587,239,0,0
350.00340480176396,821,115,0,0
350.11169558712925,1388,2460,0,1
350.112784429045,1470,304,0,0
350.11355896149115,802,518,0,0
350.19869863721675,838,12,0,0
350.1998179191696,1306,485,0,0
350.2096910188762,193,650,0,0
350.2245209387686,269,273,0,0
350.2313211289329,264,224,0,0
350.2386065359652,143,222,0,0
350.5310014543665,805,315,0,0
350.5311160494063,1539,349,0,0
350.6368154823283,279,135,0,0
352.41473107903244,143,230,0,0
352.4336473297617,595,232,0,0
352.4510200759539,242,353,0,0
352.5281579081117,630,52,0,0
353.22779470554286,768,767,0,0
353.2294712827865,426,449,0,0
353.25097510992106,668,490,0,0
353.2634089178526,10,239,0,0
353.3186449121907,686,176,0,0
353.34345438755395,1773,513,0,0
353.4109564728004,284,188,0,0
353.41872116560756,30,85,0,0
353.438623888867,1715,451,0,0
353.4433455822254,631,645,0,0
353.4481247730618,114,656,0,0
353.4617207315296,449,179,0,0
353.4753039140516,1473,244,0,0
353.47703350472227,1118,246,0,0
353.8939846332092,814,474,0,0
353.90775727407004,433,472,0,0
353.9088909333852,1287,79,0,0
354.0722452304671,1258,78,0,0
354.07628539985024,1021,4030,0,1
354.12615516587925,1569,58,0,0
354.14359607080746,51,182,0,0
354.1733834477887,1686,421,0,0
354.19878713757885,1812,285,0,0
354.20449883758675,1272,523,0,0
354.2240834628444,1060,313,1,0
355.27670219187786,10,363,0,0
355.27690768156486,123,318,0,0
355.29749687755685,1276,406,0,0
355.3405663824528,12,768,0,0
355.34276605657874,608,377,0,0
355.3439303986341,274,258,0,0
356.69774847339534,483,32,0,0
356.7063319994405,1599,2220,0,1
357.8601625291877,1368,334,0,0
357.91285006308,321,428,0,0
357.933862917783,2861,101,0,0
357.9806119372963,1155,25,0,0
358.04486716910264,1411,133,0,0
358.23584602220853,839,90,0,0
358.27898745915996,852,340,0,0
358.30308412570605,1131,357,0,0
358.32875680316056,342,278,0,0
358.5982865878574,1133,428,0,0
358.6907477550968,374,319,0,0
358.6931799866043,7953,239,1,0
358.69824114133,18,490,0,0
358.73320622333836,7516,676,1,0
358.73839765551224,1967,53,0,0
358.7468960581396,312,101,0,0
358.74956321509666,137,141,0,0
358.7602559714875,1391,145,0,0
358.80235848906113,1610,190,0,0
358.9344078093318,798,768,0,0
358.952788747436,1088,298,0,0
360.09709325866226,1303,152,0,0
360.1125806384287,1238,257,0,0
370.83078129240545,23,560,0,0
370.96455591147406,7,413,0,0
371.0132860218588,1670,20,0,0
371.01993713992186,868,92,0,0
371.0200006767366,918,360,0,0
371.03323202699335,1738,80,0,0
371.05900403255725,1129,8,0,0
371.9026717086488,1728,1710,0,1
371.9038143621113,1769,153,0,0
372.7199862543877,4670,414,1,0
372.73090371553116,1126,303,0,0
372.8076853913404,507,3370,0,1
372.807797662241,58,402,0,0
372.8316268932676,1039,10,0,0
372.8407006661422,850,1610,0,1
372.91134875647157,110,130,0,0
372.9330051956953,949,202,0,0
372.93484263517547,278,289,0,0
373.0547629564684,1658,235,0,0
373.1271559656919,1251,74,0,0
373.1866805048705,7,96,0,0
373.32241259029445,751,220,0,0
373.4855816991992,782,770,0,0
373.5028561559258,1767,378,0,0
373.5040504285447,894,88,0,0
373.5051812312216,5,108,0,0
373.7735480379148,1428,2010,0,1
373.8482679888119,3043,675,0,0
373.87039747539,1227,114,0,0
373.8779626524191,879,112,0,0
373.8971829416972,1776,304,0,0
373.91614501189594,862,400,0,0
373.92534622050454,1036,768,0,0
373.92980467600063,3330,84,1,0
375.29832579887295,149,35,0,0
375.3268277383032,862,317,0,0
375.33219996803814,914,289,0,0
375.333534697988,431,178,0,0
375.3377615813137,567,461,0,0
375.4138811381124,146,1000,0,1
375.4961193201161,178,457,0,0
375.50777909842947,1281,9,0,0
375.52778992881446,1922,168,0,0
375.5375935058053,540,109,0,0
375.53956182437264,216,169,0,0
375.7833317218965,383,310,0,0
375.8213521227045,646,197,0,0
378.375726893273,1403,191,0,0
378.37970382931354,7953,239,1,0
378.39340916909157,119,213,0,0
378.4989177932706,307,89,0,0
378.5099703613165,1561,265,0,0
378.51109500043725,570,221,0,0
378.51380003046927,393,309,0,0
378.5358729697148,1371,352,0,0
378.5717316948455,1463,158,0,0
378.5866657114618,1170,130,0,0
378.7209316573853,1068,275,0,0
378.8523496914982,665,406,0,0
378.8867618706283,1325,373,0,0
378.90580366122987,416,242,0,0
378.9166851993984,1725,118,0,0
378.9710057446675,508,83,0,0
379.0845399415956,29,533,0,0
379.10490991425564,566,769,0,0
379.1492925686044,522,233,0,0
379.1587256791051,349,298,0,0
379.15979792251665,1922,599,0,0
379.1622353509457,1673,364,0,0
379.2456967525911,655,662,0,0
379.2898143302285,1688,276,0,0
379.72391636191264,702,43,0,0
379.744103569507,1594,369,0,0
379.84584145280803,94,459,0,0
380.10023592935755,1721,276,0,0
380.23209748983555,474,208,0,0
380.2374403352758,1581,196,0,0
380.249915259943,1667,259,0,0
380.27330734542403,1002,574,0,0
380.2758194349263,1270,361,0,0
380.32241145524387,963,226,0,0
380.462297658434,244,377,0,0
380.46919504406696,1142,221,0,0
381.4017804091426,732,310,0,0
381.4118689918601,698,92,0,0
381.42389337248005,1102,433,0,0
381.4350976381373,25,98,0,0
381.4394743606198,449,238,0,0
381.4810938510466,817,4,0,0
381.4998759459945,289,69,0,0
382.0003701267465,6,3400,0,1
382.0611629727469,6,610,0,1
382.11405386938577,102,410,0,0
382.12563962716706,1781,296,0,0
382.12670613204153,1401,118,0,0
382.1417933133166,1350,427,0,0
382.14508785932225,1343,498,0,0
382.2661784312927,186,1330,0,1
382.28315724788115,6580,157,1,0
382.7880459254787,109,306,0,0
382.8665753100234,79,619,0,0
382.96253461256606,36,767,0,0
382.9911563521196,89,401,0,0
383.0185468710004,1050,30,0,0
383.0851930684735,1685,414,0,0
383.1994203192785,721,446,0,0
383.2037770055279,7786,406,1,0
383.25207613866655,1449,2560,0,1
386.66398332097435,1158,282,0,0
386.6790648719125,1173,153,0,0
386.6898888668941,1596,107,0,0
386.69440615750443,174,123,0,0
386.69540189044386,23,309,0,0
386.88993942277426,955,149,0,0
386.9103240916996,500,1640,0,1
386.9431792073288,146,350,0,0
387.66553716205925,7740,72,1,0
390.39328272384535,1847,343,0,0
390.3963346118592,1561,374,0,0
390.5450403260428,727,231,0,0
390.6078772668102,7,315,0,0
390.648003767819,15,261,0,0
390.695129053688,608,559,0,0
390.7124129731402,727,268,0,0
391.1474445124993,713,767,0,0
391.20938344957676,260,239,0,0
391.24550580072037,1087,560,0,0
391.46508229625675,424,63,0,0
391.5740455082955,845,794,0,0
391.6195785738611,1072,229,0,0
391.6544602767712,7593,599,1,0
392.2622080988375,1386,401,0,0
392.3124805595816,360,105,0,0
392.32764276421113,1216,14,0,0
392.33091068896647,1534,319,0,0
392.3400304559278,792,769,0,0
392.34225388492274,7,177,0,0
392.36475956840536,7820,221,1,0
392.39510135515206,1030,278,0,0
392.39540165427474,1357,188,0,0
392.4142247553949,757,209,0,0
392.4806894722201,1338,16,0,0
392.50600524967143,1430,3730,0,1
392.5086936783345,7628,564,1,0
392.73814774779737,1120,539,0,0
392.7426536009435,99,6,0,0
392.74420841468617,1534,304,0,0
392.7462970385148,1249,324,0,0
392.76391422684185,91,9,0,0
392.8934066060535,1113,331,0,0
393.0799767906821,130,32,0,0
393.1075537932587,1887,230,0,0
393.10921916077393,1379,383,0,0
393.11409106731674,1550,204,0,0
393.11709916701045,1801,5,0,0
393.1297761744221,736,145,0,0
393.1302972321456,28,252,0,0
393.1529063307005,169,298,0,0
393.21866168204485,7796,396,1,0
393.232092056378,307,117,0,0
393.2774977501749,1307,230,0,0
393.28026528763917,645,620,0,0
393.2812509252144,1286,224,0,0
393.28630815923356,8,38,0,0
393.4692136478196,7,347,0,0
393.61104824155655,369,56,0,0
393.61829771311267,4,178,0,0
393.81905696002013,1473,87,0,0
393.8284943709616,1133,25,0,0
394.2002341281935,7891,301,1,0
394.2476790568993,1542,354,0,0
394.25499706509373,1051,662,0,0
394.3436506759614,520,390,0,0
394.3474876608923,1009,477,0,0
394.35026738701987,1171,190,0,0
394.35125916225127,374,114,0,0
394.3815250625691,520,155,0,0
394.39774975274435,485,241,0,0
394.4132154692669,1324,184,0,0
394.42116527900845,196,3330,0,1
394.74126149212896,591,453,0,0
394.74899560159986,795,271,0,0
394.75324181396286,437,145,0,0
394.97136868787277,167,287,0,0
395.2810116170941,1055,41,0,0
395.31654845424856,1673,416,0,0
395.317104333967,632,80,0,0
395.32254243691875,586,214,0,0
395.3840191563233,306,255,0,0
395.4027149633743,160,83,0,0
395.8065487664048,433,376,0,0
395.80772113154984,795,23,0,0
395.8777995030825,501,258,0,0
395.88294841667283,768,22,0,0
396.1373553526058,524,422,0,0
396.15288294091874,478,308,0,0
396.294644127602,15,35,0,0
396.2995862461062,1183,767,0,0
396.3006628963934,1289,219,0,0
396.3026212146773,636,130,0,1
396.3079838427888,281,272,0,0
396.3103076920576,680,237,0,0
396.50940126467066,453,236,0,0
396.7720120863704,893,5330,0,1
396.80316616640664,1523,414,0,0
396.80544682005126,1753,29,0,0
396.8196876153223,501,27,0,0
396.824263963946,104,318,0,0
397.15489437945456,441,203,0,0
397.1888393020635,511,135,0,0
397.23686447639767,22,171,0,0
397.2449776249284,2052,224,0,0
397.2453007257212,1194,348,0,0
397.24916040294386,647,110,0,0
397.25109439811627,823,223,0,0
397.2889342135026,1056,171,0,0
397.31082208805327,1557,329,0,0
397.3144534132958,78,140,0,0
397.32274826016965,380,106,0,0
397.736723333563,13,453,0,0
397.73937229099243,360,230,1,0
397.7422498542681,1774,149,0,0
397.75367901086645,139,85,0,0
397.7581364677601,1746,413,0,0
397.7657914564039,1750,691,0,0
397.81802629437533,1871,219,0,0
398.394713807581,1708,216,0,0
398.39522749745373,85,183,0,0
398.41262564184905,1380,606,0,0
398.43222955710746,7521,671,1,0
398.44748578861896,686,494,0,0
398.45989737408377,1184,341,0,0
398.46903235724614,994,1010,0,1
398.6034884760119,1560,1610,0,1
398.61060612165323,636,168,0,0
398.62459440945355,1235,133,0,0
398.64263501221507,2790,224,1,0
398.6650077559381,1459,193,0,0
398.6778292720369,1854,139,0,0
398.8109616678919,373,260,0,0
398.8286958623184,400,95,0,0
398.8542544667669,557,261,0,0
398.87053460662867,19,305,0,0
398.87296196461045,347,392,0,0
398.87639319114083,627,296,0,0
398.87860284973283,1536,417,0,0
398.9051294872725,1164,340,0,0
398.9094607774876,5990,157,1,0
398.911620708922,581,283,0,0
398.9406720327961,499,268,0,0
398.99224077411316,325,346,0,0
398.9927740234822,534,390,0,0
399.5224142238125,394,364,0,0
399.5416623656244,7870,322,1,0
399.5562842240539,1144,165,0,0
399.7086680702718,7798,394,1,0
399.72941663413155,1545,26,0,0
399.73480980952786,777,142,0,0
401.18870414420564,8140,52,1,0
401.1908086079281,962,370,0,0
401.20565282713295,744,93,0,0
401.30387596122586,3780,138,1,0
401.30600051394765,560,289,0,0
401.3207144681629,120,354,0,0
401.35980897932996,1819,93,0,0
403.5596644082424,828,151,0,0
403.56269045751196,729,369,0,0
403.5790945197529,1522,300,0,0
403.64646901380115,34,341,0,0
403.6676889890602,355,79,0,0
403.66931667231074,1747,91,0,0
403.71013414312023,1666,683,0,0
403.73250931955187,7932,260,1,0
403.7765060213305,1021,307,0,0
403.9499378323336,861,74,0,0
404.0868370481007,180,479,1,0
404.1276246031183,1228,237,0,0
404.16120775877715,609,495,0,0
404.1632132897051,450,419,0,0
404.1770071365247,12,534,0,0
404.2050433062696,384,362,0,0
404.2131348680062,22,108,0,0
404.2350695646628,673,30,0,0
404.2385328318633,982,644,0,0
404.6267267710533,226,158,0,0
405.96215951694677,1020,4,0,0
405.97043882945155,837,364,0,0
406.01062686315476,882,83,0,0
406.02192382350233,262,265,0,0
406.2474811531995,247,203,0,0
406.29055198626224,127,100,0,0
406.31161501422446,490,17,1,0
406.32315163339524,602,21,0,0
406.34637379242776,336,270,0,0
406.34881406847745,529,365,0,0
406.41849434084907,474,770,0,0
406.42282128885597,42,390,0,0
406.4754160237059,475,666,0,0
406.498801672506,1075,150,0,0
406.66001661335343,290,228,0,0
406.67745836066,6,278,0,0
406.8170881042742,1064,5430,0,1
406.81994046448267,7765,427,1,0
406.8809934249447,35,71,0,0
406.89252004573734,1835,329,0,0
406.9191300717854,337,170,0,0
406.93995917745224,1190,358,0,0
407.05734128642115,52,152,0,0
407.0576590737984,1227,767,0,0
407.0920920853379,104,281,0,0
407.0930004176152,161,232,0,0
407.29464082056,330,293,0,0
407.29498983774033,306,305,0,0
407.2974135217259,1512,274,0,0
407.2980480292897,1294,181,0,0
407.7768678917294,3100,351,1,0
407.7782379526588,423,416,0,0
407.80089976578034,375,16,0,0
407.80707944862405,258,30,0,0
407.80757273146764,436,387,0,0
407.8167642050372,7583,609,1,0
407.8846836764964,905,188,0,0
407.8971660261659,1401,118,0,0
408.0156777919886,200,660,0,0
408.0244273459649,1657,74,0,0
408.04272127357024,1256,200,0,0
408.0510795710064,430,369,1,0
408.08695271277355,658,333,0,0
408.89181875656504,45,19,0,0
408.9290568940704,8,304,0,0
408.9556788100775,675,232,0,0
408.9609172458526,1828,17,0,0
408.96489967311095,1832,108,0,0
409.30220578489565,1373,91,0,0
409.3041568498505,681,179,0,0
409.3070622425564,1650,272,0,0
409.32191150121093,622,719,0,0
409.32960389017694,53,109,0,0
410.23215955195843,101,399,0,0
410.232318431082,28,342,0,0
410.269491201331,59,493,0,0
410.34455010328173,1150,66,0,0
410.34646922010785,1494,459,0,0
410.35144060277617,274,183,0,0
410.3943063120398,825,672,0,0
410.8639049924807,1694,299,0,0
410.8667678650421,586,297,0,0
410.8675346167397,1137,16,0,0
410.9937249587879,797,293,0,0
411.3737886228808,980,459,0,0
411.3830216695347,824,408,0,0
411.3832371852835,721,2830,0,1
411.71240944408044,581,548,0,0
411.7245407755113,1645,448,0,0
411.89536734234673,583,257,0,0
411.9119091094821,814,72,0,0
411.9204218094814,1800,318,0,0
411.9277302278453,1053,238,0,0
412.27142098603036,800,540,1,1
412.58932669128035,285,137,0,0
412.58957755461313,1451,273,0,0
412.59235169879344,29,136,0,0
413.2231649832198,1214,348,0,0
413.2318210925319,455,203,0,0
413.23300865807687,1692,409,0,0
413.2512152502002,292,178,0,0
413.2657438435672,729,4030,0,1
413.2805962542535,1905,355,0,0
413.28751148609695,200,39,0,0
413.29721703980573,8,8,0,0
413.3044672955792,1065,413,0,0
413.33965390342894,21,375,0,0
413.3432054122157,2030,191,1,0
413.35331580275135,77,254,0,0
413.36684302972566,472,768,0,0
413.6125977757252,959,207,0,0
413.65067721658914,271,9,0,0
413.66516711431643,1238,505,0,0
413.71789941583114,360,61,0,0
413.7585530743412,414,311,0,0
413.9174923112893,132,546,0,0
413.9671860370705,1338,291,0,0
414.619596331238,1544,16,0,0
414.88522154677344,594,310,0,0
414.90184558011737,428,34,0,0
414.9097216810404,307,15,0,0
415.0151428821883,254,380,0,0
415.06585223277034,209,116,0,0
415.0807873354473,332,448,0,0
415.08172811089014,497,468,0,0
415.08219024718255,635,310,0,1
415.118401479649,705,43,0,0
415.2027145407839,9,17,0,0
415.29270676082666,377,209,0,0
415.29408183645427,1400,293,0,0
415.43775484497917,466,435,0,0
415.4439547726582,1662,45,0,0
415.4831947203627,950,516,0,0
415.5247172020424,969,358,0,0
415.5283422930274,1920,365,0,0
415.53387237235546,195,110,0,0
415.53415794660134,85,39,0,0
415.5370425031157,737,568,0,0
415.53753305125576,231,432,0,0
415.58080767997143,1490,457,0,0
415.60121076447473,391,31,0,0
415.71348634579255,442,18,0,0
415.7503024999608,1332,14,0,0
415.75537247969913,1618,274,0,0
415.79143501019604,1722,768,0,0
415.799699781256,514,661,0,0
415.86070598987965,844,346,0,0
415.89461220010236,26,134,0,0
415.8971107382042,16,265,0,0
415.9152349809036,185,149,0,0
415.9353913505907,1675,185,0,0
415.94514294064226,18,393,0,0
416.0532006478516,552,413,0,0
416.60819284799203,1441,636,0,0
416.61684133879726,453,768,0,0
416.62578956472527,447,250,0,0
416.62599080129536,380,400,0,0
416.63993430122446,158,18,0,0
416.64747629714617,1394,336,0,0
416.64771572430743,963,454,0,0
416.6798473123313,1484,154,0,0
416.7386906529069,577,290,0,0
416.7428470091363,7765,427,1,0
416.7514115249547,7,26,0,0
416.7540229201416,2010,54,1,0
416.8369479138307,1651,197,0,0
416.8378155040925,731,213,0,0
416.84745944350175,310,377,0,0
417.74082566030563,695,334,0,0
417.7608315782392,1290,360,0,0
417.80683500836506,1376,359,0,0
417.8202926083964,206,51,0,0
417.8220154939369,356,32,0,0
417.83891880771074,50,300,0,0
417.8796013722457,295,371,0,0
417.8819353382745,1220,86,0,0
417.91766853334644,189,13,0,0
418.1352715365663,1289,4780,0,1
418.288546132974,487,161,0,0
418.28930750109754,2080,379,1,0
418.2918733594945,7995,197,1,0
418.2925890507689,757,208,0,0
418.44631364786795,794,193,0,0
418.5074747230048,364,1340,0,1
418.58111067464046,6700,36,1,0
418.5842254332219,492,317,0,0
418.5859752661946,16,77,0,0
418.60702036553045,496,262,0,0
418.62910361918813,701,668,0,0
418.6323721658377,371,635,0,0
418.65635177927294,8079,113,1,0
418.72184773262677,283,211,0,0
418.7503186697132,15,174,0,0
418.7525757976599,102,39,0,0
418.7528396219238,7,265,0,0
418.76359162816584,101,96,0,0
418.78865887483505,4040,197,1,0
418.79938502454377,1479,404,0,0
418.80704609703093,396,308,0,0
418.81157265520466,1631,370,0,0
418.8870723249293,49,35,0,0
418.90332248732034,6,49,0,0
418.9264100349653,1111,163,0,0
418.92899524050915,1439,85,0,0
418.93421269121325,1647,359,0,0
418.9592520276997,201,772,0,0
418.9616677940984,17,315,0,0
418.9631217009412,304,386,0,0
418.9724639802055,1095,130,0,0
419.1717605076898,832,64,0,0
419.1981972769186,1113,189,0,0
419.5325014494998,747,650,0,0
419.5463725413409,31,261,0,0
419.5560783208788,776,74,0,0
419.55719278924437,1877,767,0,0
419.56289243010366,1183,213,0,0
419.88126418252676,7821,371,1,0
419.91600630321244,15,362,0,0
419.9941926049741,3990,150,1,0
420.0681173726287,13,464,0,0
420.0858208552502,6,96,0,0
420.09780087552787,147,1130,0,1
420.12070276472394,658,317,0,0
420.1897959731358,712,254,0,0
420.23488255512876,476,448,0,0
420.2831519002204,1213,378,0,0
420.3077124284135,434,378,0,0
420.3115813833219,552,435,0,0
420.32227515426246,769,392,0,0
420.3250206073102,1475,379,0,0
420.45960184165716,1568,298,0,0
420.45987132853605,7694,498,1,0
420.4715425303902,189,7,0,0
422.6087927313128,1015,172,0,0
422.6179064712496,77,375,0,0
422.61977151220873,1147,234,0,0
422.63717973099983,345,58,0,0
422.8750213502298,427,220,0,0
422.88811269651393,573,14,0,0
422.9496442347268,990,193,0,0
422.9716820143538,1216,517,0,0
422.98024206523877,1433,366,0,0
432.81254027762947,323,243,0,0
432.83334444942557,256,52,0,0
432.83950728369166,1749,636,0,0
432.8462798873382,1079,301,0,0
432.88490880875105,753,144,0,0
432.9258152304147,273,732,0,0
433.01032570485916,1719,119,0,0
433.03425588248155,182,4740,0,1
433.035285941313,97,205,0,0
433.0875702433818,775,767,0,0
433.0972974384752,1218,13,0,0
433.10747974878274,1778,679,0,0
433.10840937876753,1266,768,0,0
433.1141398787102,333,443,0,0
433.11835709738875,202,248,0,0
433.1351326826699,1044,544,0,0
433.1361187941834,1703,207,0,0
433.15608747014136,1402,313,0,0
433.1792265796906,603,206,0,0
433.1811484840629,913,135,0,0
433.1863219327616,1766,376,0,0
433.18956897704527,345,236,0,0
433.3004082591636,1368,716,0,0
433.30052316118065,717,309,0,0
433.309604326408,924,136,0,0
433.3102560066616,970,188,0,0
433.3178663558964,537,282,0,0
433.416000359783,1513,6,0,0
433.4211125590658,1866,31,0,0
433.444911223814,619,111,0,0
433.44824232400777,1102,305,0,0
434.32113924371373,1658,532,0,0
434.43322283196557,20,212,0,0
434.6051782131445,856,155,0,0
434.6064450072565,53,25,0,0
434.6084401079399,1146,278,0,0
434.7648323703209,1703,150,0,0
434.7770651095013,15,305,0,0
434.7878377340904,356,79,0,0
434.8230156635879,1505,768,0,0
434.8244816058566,1011,225,0,0
434.90913675801704,123,21,0,0
434.9278550304795,1745,437,0,0
434.9749107560376,65,74,0,0
434.9796298849149,866,220,0,0
435.029995665216,7040,166,1,0
435.03440220168426,363,433,0,0
435.1561088287042,604,266,0,0
435.3289105180534,616,3020,0,1
435.44070067273594,1562,388,0,0
435.4913932548345,233,172,0,0
435.55549584476506,1839,96,0,0
435.55557638466775,761,220,0,0
435.6514106857696,1327,417,0,0
435.66184158558946,1211,45,0,0
435.6836597367341,106,640,0,1
435.6938909172812,476,226,0,0
435.6950078410051,7,232,0,0
435.70115251398573,1763,393,0,0
435.76850379359587,880,367,0,0
436.07573219261917,753,602,0,0
436.08092361509335,1621,239,0,0
436.0838827864706,1850,110,0,0
436.41298778076776,1316,160,0,0
436.41607636765923,915,9,0,0
437.55760572124535,1426,710,0,0
437.5775740916917,546,364,0,0
437.5806574957137,311,249,0,0
437.70987892934943,188,48,0,0
438.2434274375172,12,382,0,0
438.2444510694974,1238,389,0,0
438.6522508971897,835,469,0,0
438.66252926914143,45,310,0,0
439.0151917251877,658,306,0,0
439.0236227926743,1938,270,0,1
439.0243926623287,4,122,0,0
439.0736366105765,527,4200,0,1
439.18876045479874,1263,305,0,0
440.3824186393006,6,56,0,0
440.94924199799624,568,453,0,0
441.0217238618885,437,277,0,0
441.03294094238794,577,331,0,0
441.0393106208862,997,13,0,0
441.0493158349887,439,460,0,0
441.0527404457018,711,340,0,1
441.0631606662007,319,190,0,0
441.06327189092406,444,54,0,0
441.08907741009386,34,358,0,0
441.1061075048659,1093,56,0,0
444.16130964426384,266,134,0,0
444.24360661011855,1263,222,0,0
444.25051275644677,33,16,0,0
444.30634329693964,650,290,0,0
444.3078980551221,1736,264,0,0
444.3133038334594,262,523,0,0
444.31373453618096,586,465,0,0
444.6327920256049,776,322,0,0
444.691909833607,15,165,0,0
444.6936287321508,1374,272,0,0
444.70961735019927,1581,129,0,0
444.83020642074337,15,342,0,0
444.8787794984875,229,139,0,0
444.91754017854305,11,160,0,0
444.9207853490381,1420,359,0,0
444.9258301694255,6,44,0,0
444.9476573706841,23,207,0,0
445.0613346196666,1817,59,0,0
445.06477340560394,353,298,0,0
445.06668904640964,33,402,0,0
445.24453399569427,14,270,0,0
445.24734130812004,768,353,0,0
445.4029237345181,1159,305,0,0
445.4322640340711,21,329,0,0
445.53736767352837,359,309,0,0
446.1282474928869,34,231,0,0
446.1997819564551,708,390,0,0
446.2849746817541,1904,345,0,0
446.2878529304243,1504,476,0,0
446.2923457519024,10,195,0,0
446.3577603407765,237,157,0,0
446.74590337211515,854,261,0,0
447.0379917450552,660,126,0,0
448.8939996003729,27,387,0,0
448.92760322052254,1197,7,0,0
448.9546730491897,19,197,0,0
449.08967050972745,436,308,0,0
449.1084108731778,869,489,0,0
449.1243362765845,1090,74,0,0
449.1265576428789,8161,31,1,0
449.2575701174764,1312,678,0,0
449.2596846985431,879,424,0,0
449.30995288706373,807,189,0,0
449.311008903524,1294,221,0,0
449.47267377284004,1127,356,0,0
449.47497913229927,875,240,0,0
449.5724756455903,1456,187,0,0
449.5732270444382,169,212,0,0
449.5807144337048,8,244,0,0
449.7711936456658,1936,138,0,0
449.7747980662031,526,224,0,0
449.79543813513374,1415,438,0,0
449.8023690392306,313,485,0,0
449.8025470327148,324,442,0,0
449.8359608804255,3851,138,0,0
449.8787964686459,238,1330,0,1
449.88076503939874,11,445,0,0
449.93760416114736,1170,68,0,0
449.9412788264352,431,34,0,0
449.9437043769519,5800,510,1,0
449.96199812488743,936,770,0,0
449.96661640502083,1795,299,0,0
451.7348201346815,16,98,0,0
451.7356250718914,1440,298,0,0
451.8146475450916,324,320,0,0
451.94505539843396,341,283,0,0
451.94539988851136,406,96,0,0
451.94596421856136,553,124,0,0
452.0015336938443,976,225,0,0
452.0084220241727,583,769,0,0
452.0472825106854,821,170,0,0
452.22350483363687,364,266,0,0
452.23207730313953,608,20,0,0
452.23422612748533,1420,739,0,0
452.23430296749586,35,443,0,0
452.2614712894414,400,317,0,0
452.2642881443434,36,487,0,0
452.29805983308125,621,350,0,0
452.3267368789257,904,16,0,0
452.32786880046496,1830,327,0,0
452.89500757606095,617,397,0,0
453.0524986604122,447,406,0,0
453.1509335213902,645,290,0,0
453.15262213260803,190,219,0,0
453.16061054220927,984,208,0,0
453.16665410202654,1682,768,0,0
453.1745262526055,270,204,0,0
453.17643154747844,80,96,0,0
453.21947225154304,592,168,0,0
453.24801261400313,894,569,0,0
453.285484712932,2484,74,0,0
453.2920444643037,392,257,0,0
453.5306683897351,535,559,0,0
453.55693596212427,273,41,0,0
453.5570115251694,242,222,0,0
453.56202748416763,459,413,0,0
453.57812795291665,1002,243,0,0
453.70252818183496,403,644,0,0
453.71241709634705,1445,767,0,0
453.7233598899289,720,63,0,0
453.7281531929262,1055,112,0,0
453.7964565502581,231,496,0,0
453.8038284677756,1651,142,0,0
453.8092260535572,526,198,0,0
453.8133160349145,770,270,0,0
453.86824359388845,13,159,0,0
453.87445820368754,24,339,0,0
453.8750901551873,9,362,0,0
453.93777788757507,1318,734,0,0
453.94221578144055,13,350,0,0
453.9790658587289,467,218,0,0
454.01717379520977,250,5820,1,1
454.21752386976556,747,7,0,0
454.3632768243876,98,170,0,1
454.36899010305723,17,322,0,0
454.3819269952319,766,321,0,0
454.3832932047223,843,565,0,0
454.9000216950139,305,118,0,0
454.943667478878,954,109,0,0
455.23711232475625,835,175,0,0
455.2466462821901,653,211,0,0
455.246945843374,988,331,0,0
455.63311579943405,1787,734,0,0
455.65485435582184,1085,238,0,0
455.67840663192356,679,220,0,0
455.69856820739295,43,99,0,0
455.76407805689394,698,267,0,0
455.8164891792335,560,137,0,0
455.8172387752637,512,1460,0,1
455.9758790424919,1076,134,0,0
455.9821438306552,180,45,0,0
455.98923433282573,626,254,0,0
456.56041738762303,454,290,0,0
456.6741635675493,1153,242,0,0
456.6833385561596,75,1840,0,1
456.6837790177543,144,21,0,0
456.7087103865012,841,724,0,0
456.7617036023311,1543,770,0,0
456.77706382525287,1706,255,0,0
456.77855680527813,1532,596,0,0
456.7822684545583,140,315,1,0
456.7837342675716,1197,148,0,0
456.81149563307486,5,39,0,0
456.90441073232046,1520,381,0,0
457.04469210557573,713,771,0,0
457.0488641095052,1723,645,0,0
457.07773699177505,553,173,0,0
457.1323893216314,1765,302,0,0
457.1388812134242,1662,231,0,0
457.1522890249734,443,579,0,0
458.4144555932278,1707,318,0,0
458.44165236510844,879,276,0,0
458.5471586059917,1397,307,0,0
458.5547209688363,7726,466,1,0
458.57433739218357,964,4780,0,1
458.5749225898722,822,83,0,0
458.59208484706187,7,2340,0,1
458.78794642808856,1117,352,0,0
459.98863372030854,987,161,0,0
460.1862118923695,1660,591,0,0
460.25748821248817,1801,5,0,0
460.2775492786054,10,65,0,0
460.28298457472937,1465,19,0,0
460.2960806057938,283,684,0,0
460.3575490730511,3280,465,1,0
460.3613021138601,646,498,0,0
460.4779432822643,311,134,0,0
460.48046419292353,640,29,0,0
460.48097813970554,935,222,0,0
460.48336184044064,1179,48,0,0
460.48400722494625,1225,489,0,0
460.485166947429,1305,276,0,0
460.65883037083785,132,522,0,0
460.6709224242084,437,421,0,0
460.6988611233678,213,13,0,0
460.8817866989451,448,740,0,0
461.1056544817516,726,430,0,0
461.1122320225321,376,17,0,0
461.36946483070227,1047,345,0,0
461.40840583443253,190,627,0,0
461.426570993339,1346,358,0,0
461.47025797255804,5510,219,1,0
461.4713004489407,1309,87,0,0
461.47504630414153,21,283,0,0
461.48958141799494,728,180,0,0
461.55066649032676,1067,226,0,0
461.5592409686915,13,200,0,0
461.57322917743784,449,402,0,0
461.69865586767855,305,132,0,0
462.0024212107673,127,151,0,0
462.08611111511925,23,281,0,0
462.31419110479794,1044,456,0,0
462.3222287212684,45,767,0,0
462.3320052266716,452,601,0,0
462.36611416734576,1432,261,0,0
462.37599609620213,1725,280,0,0
462.38254038685204,284,125,0,0
462.8738826338944,249,32,0,0
462.8859498264238,626,214,0,0
462.88856367582474,470,364,0,0
462.9363934034231,595,350,0,0
463.645809319832,1652,2760,0,1
463.6670192727005,1177,129,0,0
463.87880989677603,1299,191,0,0
463.88632681992857,7986,206,1,0
463.89308142198377,64,717,0,0
463.8976227076222,8147,45,1,0
463.9111678954757,625,249,0,0
464.6213676440392,324,277,0,0
464.62315701099953,213,304,0,0
465.100068024411,437,24,0,0
465.1024691967472,407,94,0,0
465.1137740190984,710,231,0,0
465.2097823664575,4,290,0,0
465.273431379871,3620,207,1,0
465.30515027547585,1172,175,0,0
465.3058166657206,725,298,0,0
465.3430543217716,141,237,0,0
465.3453895808843,9,314,0,0
468.41919158364743,408,140,0,0
468.4309667785198,200,123,0,0
468.45728580167076,388,314,0,0
468.45910691762975,4,61,0,0
468.46603159892373,327,30,0,0
468.46739607146344,417,768,0,0
468.59589463518705,1872,1610,0,1
468.60658034582957,1438,500,0,0
468.66217982740136,1056,27,0,0
468.66676889926265,1523,428,0,0
468.67339202428474,1464,652,0,0
468.91066554045483,497,116,0,0
468.9132498689462,265,284,0,0
468.91374149555276,878,252,0,0
468.95440506444396,765,464,0,0
468.95624583789987,1291,191,0,0
468.96373846488854,769,231,0,0
469.0754610658984,6120,347,1,0
469.0789712181351,1093,32,0,0
469.18353031238684,1577,357,0,0
469.18815034321057,472,247,0,0
469.5438938130787,214,277,0,0
469.79935187546477,1509,289,0,0
469.8063809948813,1461,464,0,0
469.8181609096335,1049,261,0,0
469.821578655384,811,220,0,0
469.84849829786225,323,358,0,0
470.0281811283158,1725,586,0,0
470.0291804671555,880,237,0,0
470.1422213047492,37,90,0,0
470.14349889914257,721,367,0,0
470.14673190091156,1716,355,0,0
470.1472372250166,815,579,0,0
471.3625337416593,16,215,0,0
471.38282632907504,1756,193,0,0
471.4122664260703,1034,2350,0,1
471.4169339146131,791,204,0,0
471.5693761275125,781,288,0,0
471.56964500451494,1254,632,0,0
471.58867817210165,585,185,0,0
473.07833603453025,1523,56,0,0
473.08674034086084,709,38,0,0
473.10541462404507,51,196,0,0
473.1746365903976,543,13,0,0
473.17819726816055,1930,386,0,0
473.19708556629234,354,232,0,0
473.32041297047437,681,617,0,0
473.3470322387067,789,286,0,0
473.3849275115539,369,117,0,0
473.3938983885221,253,2960,0,1
473.427820069823,1398,216,0,0
473.44799384649684,513,488,0,0
473.7792798453436,306,307,0,0
473.8561133863696,336,160,0,0
473.8671972311027,256,479,0,0
473.8673324618555,5,52,0,0
473.9428448382829,2023,263,0,0
474.02457177245935,1705,297,0,0
474.0274553631993,657,47,0,0
474.0277869437251,482,233,0,0
474.0296259735186,472,446,0,0
474.1446602085204,458,192,0,0
474.14680552969764,1547,168,0,0
474.1540035207238,5,339,0,0
474.1820437538748,336,638,0,0
474.3908878917398,773,440,0,0
474.40828906934854,767,275,0,0
474.42305138368897,1552,62,0,0
474.42907178206934,297,14,0,0
474.899742075708,6,247,0,0
475.0518747504064,1970,190,0,0
475.06679330106346,654,5650,0,1
475.0678981339436,965,427,0,0
475.07161274222847,371,606,0,0
475.1291145011197,226,206,0,0
475.1333771762003,241,110,0,0
475.24086721318935,1334,359,0,0
475.2780471516639,598,69,0,0
475.31044704215,1495,467,0,0
475.3771161577251,395,254,0,0
475.4260284115236,170,106,1,0
475.4292909226347,1096,194,0,0
475.43869545931307,368,371,0,0
477.38265939130685,1574,265,0,0
477.38427084891305,722,64,0,0
477.39125583037907,1946,197,0,0
477.5433117040293,238,58,0,0
477.55643424181153,980,162,0,0
477.5599901416187,1886,476,0,0
477.56126968680184,573,275,0,0
477.61398511177805,649,263,0,0
477.75273003897405,1491,620,0,0
478.04940566923796,1250,355,0,0
478.0694998303066,1330,48,0,0
478.21538618209564,1301,22,0,0
478.21767256303565,626,240,0,0
478.24292430136416,914,6,0,0
478.24757993626594,818,108,0,0
478.2731271926242,977,281,0,0
478.3541134613728,61,66,0,0
478.50739932969924,350,29,0,0
478.509891215633,756,73,0,0
478.737545152836,1244,442,0,0
478.74453235205397,1955,400,0,0
478.7468519333255,1222,265,0,0
478.759680106905,143,113,0,0
478.7606483682927,1216,159,0,0
478.7788590558816,1573,544,0,0
478.8110685267937,977,211,0,0
478.82315530434903,7900,292,1,0
478.87588515069507,932,333,0,0
478.8855017446933,154,529,0,0
478.90369324221103,1477,301,0,0
478.90470483278915,1749,446,0,0
478.9243571762875,301,61,0,0
478.92764682059,1675,3590,0,1
478.93498649918024,1727,767,0,0
478.9499482071538,627,361,0,0
478.9763863434258,1064,365,0,0
478.97705634246546,650,660,0,0
478.97784770415683,1118,657,0,0
478.9877118066254,19,395,0,0
479.03431290614395,11,412,0,0
479.07140245001733,271,216,0,0
479.17900164099507,1344,356,0,0
479.4224744303076,685,197,0,0
479.4711763726991,877,88,0,0
479.488518310505,14,153,0,0
479.4908114839792,521,234,0,0
479.4935317146966,1301,207,0,0
479.50062048096487,460,53,0,0
479.53143005453,1509,457,0,0
479.55948944423574,1035,98,0,0
479.5776879551041,650,631,0,0
479.5909832066191,376,562,0,0
479.65466156532085,3740,363,1,0
479.6820334702735,218,45,0,0
479.71477177733885,21,717,0,0
479.7482108981577,183,126,0,0
479.75426215713554,1280,316,0,0
479.75655817719843,19,74,0,0
479.804746072013,387,424,0,0
479.8462715429559,227,135,0,0
479.85789238410183,486,454,0,0
479.8657491133429,1890,4390,0,1
481.5850969943902,737,233,0,0
481.589049833848,818,767,0,0
481.6007285033383,26,407,0,0
481.63141648234597,108,27,0,0
481.63321038070455,475,304,0,0
481.6560232356799,51,28,0,0
482.3134612600891,7956,236,1,0
482.4302759293327,566,414,0,0
482.4941716844878,249,68,0,0
482.55318175502026,848,4240,0,1
482.57575534620884,4190,546,1,0
482.6984425647063,1320,769,0,0
482.7116546072204,57,501,0,0
482.71940109201086,14,192,0,0
482.741531168423,1174,649,0,0
482.8519461101681,694,31,0,0
482.8868885957217,484,394,0,0
482.95643054467587,8045,147,1,0
482.9567454805694,365,261,0,0
483.1529126203039,478,244,0,0
485.0999334565478,1532,327,0,0
485.36044843530357,1366,456,0,0
485.37000867105996,1158,198,0,0
485.3733154205964,7721,471,1,0
485.40474598234067,24,123,0,0
485.4072525153659,1856,274,0,0
485.48428254507684,610,463,0,0
485.4905918867582,950,569,0,0
485.6138375488408,502,7690,0,1
485.8889347484262,904,184,0,0
485.8892446031977,1521,18,0,0
485.92165269958684,434,192,0,0
485.9261177916917,29,585,0,0
485.9271938367945,307,77,0,0
485.9324435131461,883,689,0,0
485.9440897661655,116,652,0,0
486.0867158975673,816,21,0,0
486.0875766380152,1410,212,0,0
486.2351724345139,88,196,0,0
487.25662204306536,729,642,0,0
487.31622674069615,1334,277,0,0
487.3699977659419,1021,457,0,0
487.3875645003713,568,434,0,0
487.38928527023654,592,132,0,0
487.44187426711153,671,261,0,0
487.4807708820331,626,286,0,0
487.55871858116575,12,53,0,0
490.63209779437557,322,163,0,0
490.7094534845651,1013,562,0,0
490.75173185497994,587,765,0,0
491.1619605927695,925,234,0,0
491.163184955073,1090,495,0,0
491.1650206939213,839,2460,0,1
491.1735408892949,109,137,0,0
491.17841040127036,707,94,0,0
491.2507027994767,511,348,0,0
491.2602664530273,773,191,0,0
491.84591504683135,6360,78,1,0
492.2234816927037,1291,285,0,0
492.3076648064966,1235,368,0,0
492.3160031843222,593,3410,0,1
492.3779795665157,713,31,0,0
492.46935447768664,1808,258,0,0
492.47149213168973,18,295,0,0
492.50774112906606,1572,67,0,0
492.58181625775086,404,25,0,0
492.60963693891637,1539,303,0,0
493.02746604982286,1060,263,0,0
493.2320908912397,485,212,0,0
493.2355523409983,683,459,0,0
493.2586982242629,2310,244,1,0
493.262091515244,497,153,0,0
493.3196018204749,1364,41,0,0
493.3227871503332,1318,734,0,0
493.4371612671165,179,20,0,0
493.4763795284378,328,211,0,0
493.60215790350657,1361,213,0,0
493.6156578135866,1538,291,0,0
493.6166382728962,1543,110,0,0
494.2334245799464,250,150,0,0
494.2462024559902,7634,558,1,0
494.5294248354104,1052,148,0,0
494.57208292511774,443,118,0,0
494.6415377742826,340,253,0,0
495.34242744558986,316,127,0,0
495.3780622517765,709,415,0,0
495.674938349731,789,90,0,0
495.6758653523838,1321,216,0,0
495.77889868542553,1291,337,0,0
495.7900223869247,702,43,0,0
495.8038230623689,457,250,0,0
495.8221850930812,1454,38,0,0
495.85827114769523,850,384,0,0
496.3545674906996,524,250,0,0
496.3550103186447,1126,74,0,0
496.37471650500765,417,353,0,0
496.3790219396673,594,129,0,0
496.5647865372613,1623,327,0,0
496.57252860459363,403,271,0,0
496.61751645020456,21,42,0,0
496.6256650386044,315,210,0,0
496.6943114983363,262,269,0,0
496.83165140349865,1331,197,0,0
496.83980168359864,360,99,0,0
496.8597073273063,395,313,0,0
496.8607608419748,1543,296,0,0
496.89399744709357,806,22,0,0
496.994019243645,627,278,0,0
496.9999612224133,863,35,0,0
497.16958411366824,304,225,0,0
497.16986954082074,245,294,0,0
497.17031447957675,34,24,0,0
497.17143788819976,429,17,0,0
497.17828113771685,887,285,0,0
497.1970104416681,234,407,0,0
497.21242208308234,1167,198,0,0
497.22820090037305,1436,40,0,0
497.3049087696023,1207,304,0,0
497.31192771214324,1154,47,0,0
497.3133692365286,286,346,0,0
497.3148689560133,763,1930,0,1
498.54907393556357,242,343,0,0
498.54923736396887,1131,21,0,0
498.5619195086892,8,263,0,0
498.89509392147437,626,178,0,0
498.94253950787544,582,1340,0,1
498.9459735562432,15,369,0,0
498.96409732403185,1483,176,0,0
499.0656613957331,743,346,0,0
499.26783966431145,704,185,0,0
499.2708263664694,1259,179,0,0
499.353406455498,14,249,0,0
499.3833063040175,303,344,0,0
499.54760102368965,1190,16,0,0
499.83870573743684,857,195,0,0
499.8477872552175,520,157,0,0
499.8487809420799,413,46,0,0
499.8886071543664,59,327,0,0
500.51884364636066,494,262,0,0
500.5899386083428,1023,156,0,0
500.6185320654538,139,315,0,0
502.8157413503974,205,181,0,0
502.8179955624616,636,278,0,0
502.9278144612459,1299,418,0,0
502.93358045165996,1509,508,0,0
502.9535083549396,1354,493,0,0
502.9750963952739,427,272,0,0
503.34830052359285,847,141,0,0
503.35107600620836,1770,490,0,0
503.3572644078689,1123,162,0,0
503.35801039137675,487,566,0,0
503.40582114502297,1497,272,0,0
503.4130377790193,594,103,0,0
503.4550006978684,575,411,0,0
503.45710992309273,1520,299,0,0
503.46590405805875,925,327,0,0
503.6100332939283,828,286,0,0
503.62276650761095,781,491,0,0
503.68582927331653,8050,142,1,0
503.73773895790674,611,124,0,0
503.7466430137756,1429,419,0,0
503.7474402218136,228,564,0,0
503.87693652655383,12,73,0,0
503.90232428236374,1543,621,0,0
504.0312726970264,73,571,0,0
504.0315949157777,357,406,0,0
504.0322543544056,16,450,0,0
504.032502782283,497,558,0,0
504.0356269781776,1148,769,0,0
504.1806296346058,1822,295,0,0
504.23660077626676,805,385,0,0
504.2534540401847,1156,351,0,0
504.2769148848947,1877,767,0,0
504.35954950180883,1520,2330,0,1
504.36941014605605,1750,188,1,0
504.40925487639345,1665,356,0,0
504.4331281936792,367,576,0,0
504.43335555085764,702,149,0,0
504.44171334568426,1345,312,0,0
504.71495725201146,1316,190,0,0
504.72313266341655,1271,347,0,0
504.73668655253215,48,38,0,0
504.74204738863176,1099,768,0,0
504.7488928642988,1152,126,0,0
504.9197583541676,1605,421,0,0
504.93031420509703,752,71,0,0
504.9326514061673,968,407,0,0
504.9326872037677,1334,243,0,0
504.9384271242445,915,365,0,0
504.9387803028601,1805,154,0,0
504.9392504795455,474,280,0,0
505.02776870000247,651,186,0,0
505.1022243309278,350,435,0,0
505.10261434476155,961,160,0,0
505.2016828121742,569,158,0,0
505.24690415713195,655,206,0,0
505.2506690325991,1597,767,0,0
505.3290525833608,90,389,0,0
505.3297499576091,626,2440,0,1
505.33137249749575,270,320,0,0
505.3323860636737,93,288,0,0
505.334339997743,1919,306,0,0
505.4389490269772,4,241,0,0
505.4402020937894,1290,257,0,0
505.44200654406217,522,7670,0,1
505.44469631427665,1690,444,0,0
505.47137272590464,572,337,0,0
505.480520071316,1280,340,0,0
505.5817638429743,19,11,0,0
505.58611364915777,1031,693,0,0
505.5874825345962,6320,59,1,0
505.59406603054134,1181,767,0,0
505.61341352762173,1564,383,0,0
505.61619960922246,1646,589,0,0
505.64741261235764,330,294,0,0
506.32297820577986,324,107,0,0
506.328542672127,1788,289,0,0
506.3479457734545,1772,25,0,0
506.61287421054095,1365,105,0,0
506.6177158061758,891,357,0,0
506.6209595728518,976,273,0,0
506.6229368262242,413,409,0,0
506.6619313255398,1836,332,0,0
506.71106145433424,872,43,0,0
506.7240814572139,973,315,0,0
506.7431115428141,78,111,0,0
506.96608403364183,1120,32,0,0
507.0647904342357,809,308,0,0
507.06584421955876,17,324,0,0
507.0828551998422,540,341,0,0
507.10420820505385,7761,431,1,0
507.1770841462467,299,719,0,0
507.1881065864053,1523,613,0,0
507.1928371816918,802,304,0,0
507.19970477681306,490,86,0,0
507.2001940452695,1369,295,0,0
507.2164513806783,853,280,0,0
507.2216313481854,710,231,0,0
507.2649905956027,1843,339,0,0
507.2671771991065,7810,382,1,0
507.2742852411208,792,628,0,0
507.27668261526617,372,7820,0,1
507.27869196289396,1122,186,0,0
507.34723618250433,5,288,0,0
507.3538982496057,1039,318,0,0
507.39488146662654,871,2500,0,1
507.3966761067594,1586,280,0,0
507.417083089269,17,458,0,0
507.41765555018833,780,82,0,0
507.42409330283715,1162,460,0,0
507.430215110075,1019,271,0,0
507.4837721386423,947,411,0,0
507.5076748966431,905,235,0,0
507.5194126334085,770,397,0,0
507.60822034484534,750,280,1,0
507.6325773511397,99,228,0,0
507.6812290583598,804,319,0,0
507.75800684933847,1403,104,0,0
507.7725201085142,2358,531,0,0
507.7817297552816,1404,212,0,0
507.8135479652162,1645,789,0,0
507.82073604243595,1890,636,0,0
507.856595882215,18,481,0,0
508.0077571508427,7923,269,1,0
508.0987779726955,1345,212,0,0
508.106478376714,503,413,0,0
508.10774449208105,890,186,0,0
508.12249031969037,767,644,0,0
508.13531116299885,28,43,0,0
508.2852758976753,1037,420,0,0
508.29294172976455,217,221,0,0
508.3037832387301,1279,377,0,0
508.3752225799828,1563,105,0,0
508.381562252042,979,328,0,0
508.3935245717161,8089,103,1,0
508.8970723322798,706,765,0,0
509.21882538212196,343,596,0,0
509.27657977510256,119,196,0,0
509.30465908269633,1905,737,0,0
509.3070326728888,333,276,0,0
509.3571030960403,1754,323,0,0
509.3755418453366,878,340,0,0
509.4010527642963,1771,173,0,0
509.40688578257374,1170,8,0,0
509.4229163289922,1684,1960,0,1
509.43428241163656,573,179,0,0
509.4651030749067,842,269,0,0
509.74902567118374,13,85,0,0
509.7828114029065,632,117,0,0
509.7834110548365,537,324,0,0
509.7857774342731,2861,73,0,0
509.7864726968126,754,159,0,0
509.7898406153251,17,19,0,0
509.83991428341636,724,302,0,0
509.87643459524026,826,100,0,0
509.8813966351704,733,26,0,0
509.9093162334789,7601,591,1,0
509.9129362401845,291,44,0,0
509.9138988117755,734,212,0,0
509.914889277557,30,492,0,0
509.9178409206694,408,736,0,0
510.1970843967691,757,520,0,0
510.1982121272938,1438,166,0,0
510.39411519472003,327,590,0,1
510.62593100114987,367,312,0,0
510.63731157922194,768,127,0,0
510.6521460244484,80,23,0,0
510.65695658464693,1055,10,0,0
510.6725161269724,955,53,0,0
510.7333010268591,212,178,0,0
510.7499292373206,1623,290,0,0
510.8693413130818,1113,287,0,0
511.04356132685837,1133,220,0,0
511.07592976940265,13,292,0,0
511.10725012616,298,526,0,0
511.1216641961667,1771,320,0,0
511.154184478058,479,225,0,0
511.1559461028272,46,114,0,0
511.19252526279826,1364,95,0,0
511.2170484917481,669,88,0,0
511.2199600971227,272,337,0,0
512.4136601384423,579,174,0,0
512.4159985492813,27,56,0,0
512.4188701984666,21,208,0,0
512.4472184179955,281,144,0,0
512.4475586688262,1352,346,0,0
512.4509076413815,571,255,0,0
512.4516825693019,1505,320,0,0
512.4540427843962,103,43,0,0
512.4665043970118,48,328,0,0
512.4972194691269,106,302,0,0
512.6441912182256,229,254,0,0
512.7252941221446,1222,709,0,0
512.8979005991274,475,134,0,0
512.950396177758,689,687,0,0
512.9567618264317,1755,767,0,0
513.106978111403,1171,610,0,0
513.1130932610638,975,36,0,0
513.1178471031262,1186,112,0,0
513.4609835847215,509,18,0,0
513.5390922154659,1351,193,0,0
513.5641796879858,817,372,0,0
513.636865460995,591,645,0,0
513.7304393121074,589,230,0,0
513.7315036086409,343,1080,0,1
513.7449134499067,958,256,0,0
513.7464480143606,72,347,0,0
513.7670862993434,601,319,0,0
513.7713185182115,759,196,0,0
514.0151854628749,474,321,0,0
514.0607253606466,983,229,0,0
514.0639181032575,608,777,0,0
514.079490719495,1495,109,0,0
514.0809270916827,893,510,0,0
514.0984450218208,1075,149,0,0
514.1466328137187,10,392,0,0
514.1739540813479,292,245,0,0
514.1742957108889,600,228,0,0
514.1825553185494,1811,398,0,0
514.2271505319108,1110,327,0,0
514.2568806982407,1191,152,0,0
514.4204038714558,13,360,0,0
514.421639565388,543,250,0,0
514.4675474842996,498,476,0,0
514.4719362768067,7600,137,1,0
514.4957333098594,374,19,0,0
514.5319723624667,1472,27,0,0
514.5955430552415,415,3050,0,1
514.600626444266,1439,254,0,0
514.6239288863428,948,99,0,0
514.6254872421714,1523,220,0,0
514.626446964638,906,4620,0,1
514.6752871785565,1156,445,0,0
514.689722074032,752,25,0,0
514.6903546527994,89,232,0,0
514.6932952591956,616,215,0,0
514.7100007004053,342,459,0,0
515.0701380012316,1671,172,0,0
515.1999638445168,597,34,0,0
515.2792368992548,461,192,0,0
515.2796898035599,214,90,0,0
515.2929193868074,6,235,0,0
515.3346235088864,7893,299,1,0
515.3699264063982,1451,614,0,0
515.4068260817028,886,444,0,0
515.4169030441285,434,735,0,0
515.9564417731198,1487,615,0,0
516.2637562521263,1572,392,0,0
516.2770698585946,7683,509,1,0
516.2793345071492,1389,348,0,0
517.2539807202743,994,356,0,0
517.2592998521421,440,95,0,0
517.4349964280933,306,372,0,0
518.1651872905265,1379,1960,0,1
518.1676219974402,518,324,0,0
518.196321265344,692,292,0,0
518.2043334075669,1116,296,0,0
518.2492758516955,1102,433,0,0
518.2797389804008,133,19,0,0
519.0649610895354,1098,186,0,0
519.1172032686349,1580,306,0,0
519.1329780793371,1247,249,0,0
519.2854608118481,463,181,0,0
519.2947799247802,1821,643,0,0
519.3025119013391,552,104,0,0
520.7132489404997,17,112,0,0
520.7163572807208,7991,201,1,0
520.722395234311,1743,696,0,0
520.7399201668461,552,131,0,0
520.7418592478164,4280,158,1,0
520.7420957040827,358,250,0,0
520.8745906211773,13,228,0,0
520.8779317672393,365,368,0,0
520.8833690347941,485,402,0,0
520.8909893283715,881,468,0,0
520.8932430214535,604,631,0,0
520.8951158645009,580,510,0,0
520.9172448821496,965,334,0,0
522.8573592297871,18,140,0,0
522.9273247687231,1331,182,0,0
522.9987705137479,1251,236,0,0
522.999560675025,390,533,0,0
523.0148465093026,43,444,0,0
523.0163512499271,137,291,0,0
523.0914976209812,786,769,0,0
523.1016636431077,26,227,0,0
523.1189767939975,24,314,0,0
523.1324142948348,916,450,0,0
523.1374070870077,779,196,0,0
523.1381722320345,790,196,0,0
523.189295116229,210,29,1,0
523.1903042049028,681,136,0,0
523.1918164867825,1279,85,0,0
523.2006600339445,652,70,0,0
523.2045669878632,23,312,0,0
523.2316340929403,1281,167,0,0
523.3526358450904,331,354,0,0
523.3790160487513,545,117,0,0
523.4028017781625,657,451,0,0
523.4196039727144,1492,457,0,0
523.5088089549192,740,2640,0,1
523.5092087527595,1937,250,0,0
523.54262820695,448,16,0,0
523.5451105522802,1061,209,0,0
523.5464726543263,515,70,0,0
523.5626646275867,12,18,0,0
523.5700555790013,1328,193,0,0
523.6215458504249,541,40,0,0
523.7664906841572,485,319,0,0
523.7666438150036,1635,335,0,0
523.7805200443589,539,668,0,0
524.5860886428983,800,26,0,0
524.6770119137921,1471,259,0,0
524.9663603378227,11,125,0,0
524.9860175029204,1036,402,0,0
524.9869262251893,1105,9,0,0
524.988616635496,1610,147,0,0
525.0551904181126,977,420,0,0
525.1643326537471,6,83,0,0
525.1680458078946,711,174,0,0
525.1774236277035,1187,619,0,0
525.2044830301026,1491,391,0,0
525.2049671855609,303,268,0,0
525.2129314959498,1220,705,0,0
525.6209865146388,1006,323,0,0
526.89032091384,10,353,0,0
526.9032384572096,1084,1850,0,1
527.5285265904207,73,357,0,0
527.534139521315,493,250,0,0
527.5373123771737,245,1540,0,1
527.5374948296559,1582,400,0,0
527.6462538008742,1743,450,0,0
527.6538463101233,851,481,0,0
529.3822803284564,22,16,0,0
529.4134268989786,491,73,0,0
529.4368289184197,546,297,0,0
529.4372621867273,53,530,0,0
529.7598733082054,727,71,0,0
529.7676467788167,59,409,0,0
529.7792870383543,1527,291,0,0
529.7794817708766,708,181,0,0
529.8819564577828,1718,50,0,0
529.9980863658936,892,607,0,0
530.0028724207217,38,320,0,1
530.0222410275741,741,107,0,0
530.0575166358049,564,364,0,0
530.1679385005172,348,272,0,0
530.187778565899,800,258,0,0
530.6927145416252,214,33,0,0
530.7026322094669,843,766,0,0
530.7074230980338,8020,172,1,0
530.7137583311941,438,112,0,0
530.7138590391035,809,211,0,0
530.7170692577661,42,140,0,0
530.837895969179,1093,200,0,0
530.865295050547,146,363,0,0
530.8684336034156,1667,334,0,0
530.9009334757599,65,204,0,0
530.9012185182853,1346,64,0,0
530.9103601872558,341,530,0,0
530.9565474978899,1507,116,0,0
531.0218523020608,65,26,0,0
531.0252874469227,371,348,0,0
531.1257001262367,770,95,0,0
531.806415304564,39,649,0,0
531.8133076745586,334,228,0,0
531.8845631566062,483,210,0,0
531.8852816656737,1863,264,0,0
531.8856016723693,10,211,0,0
531.9407731369237,379,224,0,0
531.9584416848933,830,378,0,0
531.9826273443986,45,176,0,0
531.9876818457145,1594,170,0,0
531.9967001729669,952,269,0,0
532.0788928889607,1082,769,0,0
532.5837390895931,661,310,0,0
532.5942737915889,1727,293,0,0
532.5948721229905,337,40,0,0
532.8029315233773,375,560,0,0
532.8572222966994,1323,371,0,0
532.9208694356952,279,300,0,0
532.9442923209284,500,307,0,0
534.6424457614635,146,42,0,0
534.6613811261964,872,80,0,0
534.7069291035616,76,270,0,0
534.7073285480725,1568,185,0,0
534.7124406068095,621,350,0,0
534.7165612442441,1876,170,0,0
534.7319022102612,1087,3640,0,1
534.7645876348793,346,270,0,0
534.7682231925465,16,629,0,0
535.2882587206237,455,12,0,0
535.290191015847,1295,349,0,0
535.2968036671286,724,774,0,0
535.323042799965,1241,550,0,0
535.3243755840713,869,360,0,0
535.3753974381091,568,319,0,0
535.4331843371122,374,368,0,0
535.4422563954026,1277,271,0,0
536.1852007182448,214,210,0,0
536.2043841278489,282,45,0,0
536.2329712839221,7992,200,1,0
536.2353555108039,293,272,0,0
536.2359265154504,165,212,0,0
536.2405334078536,1084,311,0,0
536.2490925127586,1856,67,0,0
536.2556398600489,1271,295,0,0
536.3314989902472,1388,597,0,0
536.3316363287134,74,263,0,0
536.3333203163646,1601,254,0,0
536.3337416376617,847,397,0,0
536.5725297559865,317,128,0,0
536.5777877583918,1493,583,0,0
536.5836018048851,590,86,0,0
536.5853981780527,7,216,0,0
536.6839780896682,1107,81,0,0
536.6911261450916,190,627,0,0
536.716540214696,583,188,0,0
536.716818076639,16,175,0,0
536.8867756000486,1546,262,0,0
536.9227153926408,1189,265,0,0
536.9719449603579,1217,427,0,0
537.1657736550748,35,101,0,0
537.176859221271,7671,521,1,0
537.188540887813,19,203,0,0
537.2572665644643,691,180,0,0
537.2956392111432,1643,327,0,0
537.3056432844231,307,80,0,0
537.3234877908833,922,80,0,0
537.3294408661427,103,160,0,0
537.3978481246323,1186,183,0,0
537.5039185350706,768,374,0,0
537.5204425053699,1872,66,0,0
538.2249586656708,122,320,0,1
538.2257098882882,263,122,0,0
538.2359643822338,7869,323,1,0
538.7402597806006,583,257,0,0
538.7472955654981,574,296,0,0
538.7479590539357,805,149,0,0
539.0161824230244,508,467,0,0
539.065057557625,801,302,0,0
539.0665540876346,1160,370,0,0
539.1439804729262,281,107,0,0
539.1460907354298,395,382,0,0
539.1472075103383,121,205,0,0
539.1592919437728,415,552,0,0
539.1655461299703,1089,357,0,0
539.1673622406431,1186,223,0,0
539.1752425277956,484,76,0,0
539.1774322171221,1405,431,0,0
539.1959294619904,784,242,0,0
539.2115921872697,282,46,0,0
539.2846498974793,788,520,0,0
539.2912434566877,8115,77,1,0
539.2923800031696,579,564,0,0
539.2935449691303,627,368,0,0
539.3035692690765,1819,494,0,0
539.6605723774,28,397,0,0
539.7505376845445,1588,200,0,0
539.7550757576527,531,164,0,0
539.8636085965686,1113,271,0,0
539.8652130088075,1190,28,0,0
539.9904420393694,1905,277,0,0
539.9980608177965,1585,696,0,0
540.0747533032725,351,269,0,0
540.1319762501402,456,180,0,0
540.1413950055834,197,168,0,0
540.1730818949969,1205,95,0,0
540.1750148933445,1139,70,0,0
540.1891814005235,1062,454,0,0
540.3333816064186,506,334,0,0
601.1771619181156,1512,248,0,0
601.2444650814699,1036,342,0,0
601.2640708394107,19,213,0,0
601.2662277994913,1462,145,0,0
601.4037640409782,346,413,0,0
601.4043571754895,69,458,0,0
601.4076440779465,1504,178,0,0
601.4413691689708,1336,767,0,0
601.4428348779616,61,70,0,0
601.8040525045418,55,195,0,0
601.9513519223082,1532,64,0,0
601.9566134829993,531,334,0,0
601.9620135910903,9,202,0,0
601.963181111104,377,111,0,0
601.9641719734525,1403,192,0,0
602.0041492461215,238,1630,0,1
602.0616287093153,1298,501,0,0
602.0949241999124,832,674,0,0
602.1229663277741,955,259,0,0
602.1283130788709,952,198,0,0
602.1622130174993,831,766,0,0
602.1630713907244,2670,55,0,0
602.1797996384333,593,553,0,0
602.4965325071554,1600,191,0,0
602.7305071323395,1239,151,0,0
602.7370013498453,597,319,0,0
602.7454174806005,475,281,0,0
603.0067632649011,19,285,0,0
603.6015653446016,432,475,0,0
603.6023821102091,1861,129,0,0
603.6093752468747,1483,334,0,0
603.6357134034548,1143,329,0,0
603.8256718490862,1201,362,0,0
603.8287339159291,1327,2590,0,1
603.8885078697497,118,70,0,1
603.8975183230159,665,244,0,0
605.8373583866588,255,42,0,0
605.8764080690796,772,487,0,0
605.8889775314672,643,303,0,0
605.8973854746705,444,240,0,0
606.0345924135722,1869,309,0,0
606.0990273939099,61,140,0,0
606.1009012267625,7608,584,1,0
606.1263852009622,31,472,0,0
606.1275059540461,7900,292,1,0
606.1311190211097,163,30,0,0
606.132343975309,163,15,0,0
606.1334945596432,949,667,0,0
606.1376462525611,284,70,0,0
606.1399501701942,1320,78,0,0
606.1875483009765,1860,530,0,1
606.2692305879544,1560,447,0,0
606.279437728075,1458,290,0,0
606.2811804407387,1470,191,0,0
606.3641131139809,18,414,0,0
606.3643962636204,1535,380,0,0
606.3647373825288,548,64,0,0
606.4358263701084,1813,229,0,0
606.4974355881546,284,123,0,0
606.6142084735219,1308,745,0,0
606.6249044415381,1454,495,0,0
606.626214374003,264,36,0,0
606.6321459746288,454,140,0,0
606.6836610424805,194,139,0,0
606.6871996423587,373,335,0,0
606.6912266428903,5,210,0,0
606.6922288568345,1561,315,0,0
606.6938223463582,45,232,0,0
606.7835429508027,1703,411,0,0
606.8246468148469,411,337,0,0
606.8262475501346,698,343,0,0
606.8281321107997,229,234,0,0
606.8334669696654,1661,452,0,0
606.8830743472008,7782,410,1,0
606.8846528264406,16,286,0,0
606.896412785701,1374,128,0,0
606.8966348579747,16,225,0,0
606.8979557626946,473,348,0,0
606.9363732913638,233,314,0,0
607.0365484103103,212,312,0,0
607.0381659673424,1232,5460,0,1
607.0416559516784,687,247,0,0
607.1236120168267,1098,554,0,0
607.1311499151664,700,489,0,0
607.1367140386959,1548,113,0,0
607.1835285499841,282,411,0,0
607.2080024288637,1161,41,0,0
607.362053923877,867,234,0,0
607.443447138492,1053,147,0,0
607.4486431599378,551,198,0,0
607.461655803568,56,4,0,0
607.4763054721421,1114,1420,0,1
607.4773904536713,638,255,0,0
607.479730804544,467,78,0,0
607.5961448907317,957,154,0,0
607.5968276118284,15,219,0,0
607.7187594065728,714,338,0,0
607.7481088281385,520,388,0,0
607.760630770238,16,169,0,0
607.8094148368278,840,198,0,0
607.8525004693817,152,47,0,0
608.0401084056385,740,264,0,0
608.047523164349,527,534,0,0
608.0579968333636,1626,436,0,0
608.0681116361283,546,642,0,0
608.7934424888414,413,125,0,0
608.9040933242125,542,579,0,0
608.9066879110906,10,75,0,0
608.9151829784589,3180,108,1,0
608.9192086797486,84,27,0,0
608.9362710390375,831,212,0,0
608.961789412626,15,187,0,0
610.6183620955588,7989,203,1,0
610.6187883664205,771,173,0,0
610.74976436572,403,100,0,0
610.7897101641651,695,351,0,0
610.7937773126213,829,265,0,0
610.8061075955693,386,569,0,0
610.812267717427,847,260,0,0
610.830695306607,49,295,0,0
610.9563977974747,1183,258,0,0
610.957190573318,30,91,0,0
611.1898275318598,1251,74,0,0
611.1977172769907,353,303,0,0
611.5381393633702,575,487,0,0
611.57633680605,568,436,0,0
611.7748734149947,631,433,0,0
611.8269521658987,1289,272,0,0
611.9746759908053,44,154,0,0
611.9934365173156,1987,88,0,0
611.9965992188286,263,352,0,0
612.0612074320713,1775,765,0,0
612.1310471195378,1354,254,0,0
613.2615496581111,1100,63,0,0
613.2618516660326,507,39,0,0
613.2731666190242,1220,685,0,0
613.4145553231167,1522,298,0,0
613.4159185427203,24,146,0,0
613.4265856765498,672,361,0,0
614.6026017634069,1463,128,0,0
614.8911895125651,136,2460,0,1
614.8940806326178,5000,248,1,0
615.188608923382,17,109,0,0
615.3699459883163,313,282,0,0
615.4502139172937,554,325,0,0
615.4865080850799,1838,2080,0,1
615.5137826940578,7,91,0,0
615.5167438475727,1782,200,0,0
615.5227589239298,1489,330,0,0
615.5963719999968,1015,408,0,0
615.6188569812273,774,769,0,0
616.3093798843248,652,6360,0,1
616.3180770989255,7467,725,1,0
616.3182154492416,510,153,0,0
616.3269130836195,1125,187,0,0
616.3565540260294,851,284,0,0
616.3931526492615,16,366,0,0
616.412641058139,1614,3720,0,1
616.4159176065822,1384,10,0,0
616.7561384998132,368,95,0,0
616.7606435638967,1840,114,0,0
616.8314738911209,349,319,0,0
616.8410695352644,77,336,0,0
616.8426205297201,11,34,0,0
617.1323081337891,1178,27,0,0
617.1324203455313,867,506,0,0
617.1355276876055,308,179,0,0
617.1762184347696,618,238,0,0
617.1846026053682,1082,96,0,0
617.2615986817707,1357,116,0,0
617.2756412070472,7,2410,0,1
617.2825704438279,41,774,0,0
618.5820163994238,103,629,0,0
618.5930833021868,1859,184,0,0
618.605620681348,13,414,0,0
618.607590904133,640,381,0,0
618.6114463085391,1862,427,0,0
618.674666041732,520,2860,0,1
618.7279713454308,19,6750,0,1
618.7452948133684,674,150,0,0
618.7495484861666,1632,328,0,0
618.8178067724176,8115,77,1,0
618.8183790356011,1612,44,0,0
618.8271203306703,991,56,0,0
618.8375799042423,1774,89,0,0
618.8407716254808,300,299,0,0
618.8643480709153,1114,400,0,0
618.8689177957835,127,269,0,0
618.8724054555222,1624,347,0,0
619.5138633237245,363,35,0,0
619.5907321588197,1774,1920,0,1
619.7832951745986,201,231,0,0
619.8026813479817,8118,74,1,0
619.9233285156072,794,300,0,0
620.0069895131884,10,105,0,0
620.2058784666727,7994,198,1,0
622.213390638851,1239,617,0,0
622.2245772484125,610,88,0,0
622.2541728813989,1402,558,0,0
622.2700917033343,502,110,0,0
622.2701073013676,576,198,0,0
622.2711893723271,1359,34,0,0
622.2895707873008,7914,278,1,0
622.3525029428425,520,286,0,0
622.3581103141843,1002,233,0,0
622.5302339240104,14,3420,0,1
622.7620916174142,1042,1210,0,1
622.7698798478002,587,407,0,0
623.0773949146563,1355,232,0,0
623.6701663327294,716,362,0,0
623.7153546291504,172,116,0,0
623.7178639619444,1040,2430,0,1
624.0551889245263,26,4810,0,1
624.0680923770194,9,24,0,0
624.0765138227802,1905,211,0,0
624.0991552214523,376,230,0,0
624.1052806473275,8,94,0,0
624.2587826010333,493,627,0,0
624.3439228859708,7834,358,1,0
624.5500893432719,810,418,0,0
624.6076920478831,448,154,0,0
624.6113742861172,712,230,0,0
624.6244870579125,19,464,0,0
624.7284060414814,1466,121,0,0
624.736402262621,1383,33,0,0
630.939463640699,1009,1570,0,1
630.9505781100274,342,587,0,0
630.9561630491869,7,115,0,0
631.1357496849042,190,19,1,0
631.216255364978,7360,581,1,0
631.2333198741763,974,236,0,0
631.2447056388087,1342,3530,0,1
631.2870509827588,11,14,0,0
631.3830096898483,479,170,0,0
631.465963191507,478,567,0,0
631.4758334644755,635,287,0,0
631.5186394822682,1008,239,0,0
631.6162276162979,1181,232,0,0
631.6995562860963,43,36,0,0
631.6995939211048,322,212,0,0
631.7026353433859,1468,460,0,0
631.7064586717457,197,319,0,0
631.7178425889867,772,268,0,0
631.7436593815676,27,503,0,0
631.8576049714164,1724,751,0,0
631.9196724900091,7934,258,1,0
631.93367094479,5,168,0,0
631.9525704712328,1020,128,0,0
632.561128431787,7968,224,1,0
632.5664264060366,547,218,0,0
632.5996025363165,80,111,0,0
633.0127689835018,1555,2910,0,1
633.0488115506247,729,419,0,0
633.0491145030996,1354,87,0,0
633.08730961439,10,10,0,0
633.0956252852508,1443,679,0,0
633.110016959625,852,46,0,0
633.2576721033021,8117,75,1,0
633.3038231995894,1827,411,0,0
633.3144647825579,1002,350,0,0
633.421898201451,1000,494,0,0
633.4649932762941,2425,657,0,0
633.4872609103597,53,293,0,0
633.5202068554844,452,242,0,0
633.550143454344,1595,5950,0,1
633.5592939121972,1260,212,0,0
633.5664980257243,850,228,0,0
633.5854740256837,296,299,0,0
633.5881501344154,1622,263,0,0
633.5896052495342,393,480,0,0
633.8329974671416,602,343,0,0
633.8441700971229,457,344,0,0
633.8613690385006,477,301,0,0
633.8751427831305,7,178,0,0
633.8940522686572,1546,222,0,0
633.9129354973879,26,99,0,0
633.9334904535,1691,363,0,0
633.9370977576442,292,70,0,0
634.0534821687643,13,196,0,0
634.058002850257,393,85,0,0
634.2009768255895,36,5,0,0
634.2013655919993,1538,476,0,0
634.2035249310262,30,48,0,0
634.334774399591,919,301,0,0
634.3481917977549,817,200,0,0
634.3529070871539,859,447,0,0
634.3911209944189,21,206,0,0
634.393350547178,1125,342,0,0
634.4143941426382,4380,293,1,0
634.4146090703042,44,24,0,0
634.4219109393138,475,200,0,1
634.4268302188151,1512,800,0,0
634.479925309159,1596,237,0,0
634.583925719678,1577,357,0,0
634.5871923433747,274,134,0,0
635.0378350184652,1712,243,0,0
635.0433572700739,1172,178,0,0
635.0436527970289,716,162,0,0
635.0438074510427,669,428,0,0
635.4356162610194,444,109,0,0
635.4507629065713,1896,373,0,0
635.4557070087544,692,214,0,0
635.4597502870473,1032,197,0,0
635.4617810657148,847,141,0,0
635.7314836470383,1765,289,0,0
635.7467413755212,401,112,0,0
636.3943383558096,761,76,0,0
636.4064582335186,767,272,0,0
636.4066222591225,1368,297,0,0
636.5043045362288,720,385,0,0
636.5129450433247,2330,520,0,0
636.5241762576965,764,134,0,0
636.9388114152571,557,144,0,0
636.9494669170018,595,98,0,0
637.1338173984097,1308,165,0,0
637.1516828523177,7536,656,1,0
637.1556932473344,1549,262,0,0
637.2054667022985,868,844,0,0
637.2108942498226,782,121,0,0
637.4213850956899,191,161,0,0
637.5444393420538,505,266,0,0
637.564896238709,343,367,0,0
637.6260044558346,40,178,0,0
637.6818202396943,2818,551,0,0
637.6922182848865,1619,340,0,0
637.8003278423331,957,77,0,0
637.8117810414001,342,311,0,0
637.8736651613369,5,218,0,0
637.8763622185986,565,570,0,0
637.8984916601855,506,274,0,0
637.939964431488,1322,270,0,0
637.943692704476,321,154,0,0
637.9515716845096,313,89,0,0
637.9578103311627,260,72,0,0
638.035611169094,21,302,0,0
638.0399136245302,658,364,0,0
638.0835687554311,730,629,0,0
638.4674765222295,263,203,0,0
638.5046324346698,51,303,0,0
638.505357906536,76,371,0,0
638.5288080763204,17,362,0,0
638.6751655179387,7852,340,1,0
638.6854715225984,677,398,0,0
638.8535307190735,546,262,0,0
638.9164982079295,300,203,0,0
638.9589887977099,29,440,0,0
638.969848697783,11,2240,0,1
638.9764260781993,15,145,0,0
638.9874141286949,1624,274,0,0
639.0082310303868,130,144,0,0
639.060514034367,62,184,0,0
639.103134342297,990,360,0,0
639.1132106093685,286,304,0,0
639.1341907071558,14,178,0,0
639.174199345589,16,229,0,0
639.1749145049833,1162,536,0,0
639.1788845903272,338,369,0,0
639.1826204868651,1678,651,0,0
639.1949104065749,869,273,0,0
639.2055673104728,74,42,0,0
639.2166152749767,311,790,0,1
639.2198476907005,180,173,0,0
639.2910032224228,1078,222,0,0
639.3233237657322,1389,101,0,0
639.3240180657888,4,256,0,0
639.3430835059455,855,153,0,0
639.3450360611414,862,473,0,0
639.9044498881533,1291,24,0,0
639.9119245825136,690,67,0,0
639.9203870807676,216,72,0,0
639.942396171724,21,239,0,0
639.9548757908542,810,2110,0,1
639.9714496892666,619,310,0,0
640.3828868851705,278,58,0,0
640.412182966007,1423,48,0,0
640.5112393154894,1339,550,0,0
640.6890223142539,313,401,0,0
640.6916791423481,1351,422,0,0
641.2390675007022,1841,236,0,0
641.3130266459451,90,160,0,0
641.4397071461618,1196,426,0,0
641.4430303354083,1205,15,0,0
641.5388675718847,1543,1820,0,1
641.5816050379334,120,129,0,0
641.5879918666935,365,120,0,0
643.3860691631114,1086,446,0,0
643.4441948634797,291,431,0,0
643.4557890392551,1724,263,0,0
643.4833811714253,12,3700,0,1
643.598998842488,1160,455,0,0
643.7785731091744,845,265,0,0
643.838532691245,345,449,0,0
644.0523450864831,27,294,0,0
644.4070132026778,74,759,0,0
644.4085998380052,658,278,0,0
644.4156994012443,100,132,1,0
644.4185642851411,1422,96,0,0
644.4413547472404,239,201,0,0
644.7778322638916,378,180,0,0
644.8471396647183,1123,419,0,0
644.8494584832523,202,109,0,0
644.8598949980677,2038,61,0,0
645.0068021717444,716,431,0,0
645.0132895603551,19,377,0,0
645.028767896063,1705,250,0,0
645.063295193669,630,111,0,0
645.0637867654707,78,173,0,0
645.15308960778,169,260,0,0
645.1903332867265,627,325,0,0
645.2488846142425,1274,243,0,0
645.2515371957642,810,104,0,0
645.2555797057898,1374,793,0,0
645.2612724123846,1549,3640,0,1
645.2922722559911,7809,383,1,0
645.3138907071,470,154,0,0
645.3381423718425,989,89,0,0
646.0142052733593,439,518,0,0
646.2698569153418,1739,381,0,0
646.2743154011731,620,103,0,0
646.279398126256,15,217,0,0
646.8601404114293,999,118,0,0
646.870103720967,1848,120,0,0
647.166154157634,378,648,0,0
647.6256344859806,9,18,0,0
647.6319825775323,1343,16,0,0
647.6429384889738,1034,303,0,0
647.665103492005,1430,470,0,0
647.668441350758,1775,348,0,0
647.6710981589184,1075,502,0,0
647.6795169541105,1239,231,0,0
647.7828799923387,1232,4410,0,1
647.7905480721197,1043,211,0,0
647.8029792470276,1420,271,0,0
647.8103858439265,2930,412,1,0
647.8116111337752,11,222,0,0
648.1772345467826,1882,655,0,0
648.1774080397831,76,220,0,0
648.1824849649554,74,437,0,0
648.2398998356501,1961,690,0,0
648.2410514523195,972,328,0,0
648.3040015789392,26,14,0,0
648.533870003415,1772,123,0,0
648.5372347476741,824,262,0,0
648.5657338947233,1159,36,0,0
648.5677710298856,1894,328,0,0
648.6195139117069,115,3720,0,1
648.6419096094886,735,380,0,0
648.6707873900076,170,632,1,0
648.9591562985285,1691,638,0,0
649.0072991838898,676,107,0,0
649.2842086036326,1481,747,0,0
649.350896005143,328,91,0,0
649.352599037104,842,469,0,0
649.384240443159,973,16,0,0
649.4341703448684,798,428,0,0
649.4352115618642,1205,381,0,0
649.7052664543268,153,3650,0,1
649.726757515401,1608,435,0,0
649.765920075537,3659,59,0,0
649.7690422372248,68,133,0,0
649.7907284740703,633,304,0,0
649.8248936565502,1286,69,0,0
649.8346602788818,34,49,0,0
649.8566976005674,186,56,0,0
649.8569680213576,529,354,0,0
650.1427607437491,663,294,0,0
650.1447801183762,973,559,0,0
650.1450186079946,733,260,0,0
650.1477646226681,1771,321,0,0
650.151293659907,372,390,0,0
650.2068856698677,69,399,0,0
650.2098985046703,30,342,0,0
650.2429753472746,164,283,0,0
650.2457239898374,371,280,0,0
651.7926573276819,266,211,0,0
651.8483814316655,707,214,0,0
652.7847668645541,3702,4490,1,1
652.7872271659501,968,504,0,0
652.8577925507208,337,291,0,0
652.860555898615,17,33,0,0
652.9200271782137,377,464,0,0
652.9925745414155,750,29,0,0
652.993344697648,353,193,0,0
652.9952683398544,385,387,0,0
652.9970798358595,1309,293,0,0
652.9980020115399,769,766,0,0
653.0023239079363,312,483,0,0
653.0050550414257,1205,95,0,0
653.0060898252045,142,162,0,0
653.0287250583568,573,116,0,0
653.0841208875015,576,48,0,0
653.085461773462,58,24,0,0
653.0915604978437,202,265,0,0
653.1104260248215,315,285,0,0
653.1220986046397,7763,429,1,0
653.1266658754979,272,272,0,0
653.2203798173174,1264,225,0,0
653.321171304808,1386,30,0,0
653.3932685662409,396,24,0,0
653.4054681479183,1022,67,0,0
654.3883154720953,617,470,0,0
654.9891124984557,1323,229,0,0
654.9973847526163,853,366,0,0
655.0119116488934,670,219,0,0
655.2107957575216,232,374,0,0
655.2145266916037,352,33,0,0
655.2554743164775,533,767,0,0
655.2757036624162,389,292,0,0
655.2802208721014,957,139,0,0
655.2918196819842,382,346,0,0
655.2926145177926,1197,484,0,0
655.2988310534248,1151,147,0,0
655.2991713998143,1740,218,0,0
657.0585185464097,688,144,0,0
657.4322571158765,295,393,0,0
657.6468884583442,915,386,0,0
657.6805086705618,469,434,0,0
657.8158330776889,330,74,0,0
658.0496101700012,1812,615,0,0
658.1895570394486,732,666,0,0
658.3046173750362,98,7,0,0
658.307573132331,787,88,0,0
658.3507246548504,941,239,0,0
658.3570067504974,1630,578,0,0
658.3587314664975,1041,421,0,0
658.3605955323649,684,690,0,0
658.4035644089656,1549,515,0,0
658.5535282907972,917,166,0,0
658.5547114023236,545,156,0,0
659.1530820993084,1886,476,0,0
659.4972390945883,554,715,0,0
659.5057465181538,808,681,0,0
659.5129556552207,1591,67,0,0
659.5286742434445,642,365,0,0
659.6580813216103,597,607,0,0
659.6665274314889,192,255,0,0
659.6685141971799,1241,551,0,0
659.7045877469235,580,431,0,0
659.7048792627827,800,389,0,0
659.7288936474664,312,709,0,0
659.9128051508475,1574,515,0,0
659.9461505454132,202,108,0,0
660.0322829085416,834,188,0,0
660.0808136888995,221,5,0,0
660.1583017080854,14,331,0,0
660.1824509800946,752,25,0,0
660.1858879692323,424,248,0,0
660.197408899389,65,467,0,0
660.212994206479,522,485,0,0
660.4367543985362,16,515,0,0
660.9031984074147,478,473,0,0
660.9450477496619,567,633,0,0
660.9490519563662,560,59,0,0
660.9532452565286,361,192,0,0
660.9656470888989,427,172,0,0
661.2558113708573,1829,124,0,0
661.2910449549368,1633,207,0,0
661.3071992517719,1673,257,0,0
661.3111064762237,538,174,0,0
661.4164904189585,1885,316,0,0
661.4486784692187,14,217,0,0
661.4649806138987,746,239,0,0
661.4871718999473,19,771,0,0
662.013478660895,749,426,0,0
662.0265719122351,1321,452,0,0
662.5549276840247,684,211,0,0
662.7713912511161,1836,227,0,0
662.7914273335944,244,176,0,0
662.8971268079115,194,530,0,1
662.9112143981185,6,248,0,0
662.9146565586932,316,29,0,0
662.9252162966152,601,197,0,0
662.9281562107817,571,21,0,0
662.9783428934322,1493,384,0,0
662.9969270290416,353,221,0,0
663.0531043160362,1591,205,0,0
663.1473799262599,5,483,0,0
663.1474150936041,1365,474,0,0
663.1810595858204,1686,577,0,0
663.1815509831432,469,319,0,0
663.2067326093216,710,433,0,0
663.2098533605953,1337,300,0,0
663.2320808051887,1071,111,0,0
663.5090088521819,1511,297,0,0
663.5096017429328,1098,25,0,0
663.5360229269521,7890,302,1,0
663.5514481012726,326,154,0,0
663.5518581071603,1206,359,0,0
663.6178026821221,889,623,0,0
663.6371256706553,304,398,0,0
663.6436489388144,424,96,0,0
663.6479090336533,1683,173,0,0
674.7841180701862,508,288,0,0
674.7923261215399,939,216,0,0
674.7928188516155,1024,194,0,0
674.7956228755436,1703,226,0,0
674.8042907628302,695,729,0,0
674.8126557736218,1464,346,0,0
674.8280677685806,753,25,0,0
674.8302908336157,550,429,0,0
674.8835906837594,345,236,0,0
674.8904478994039,12,91,0,0
674.891634867048,7809,383,1,0
674.895166215639,1649,523,0,0
674.9035267218902,166,715,0,0
675.0020309935853,870,281,0,0
675.049586656334,370,316,0,0
675.0587647493871,3690,325,1,0
675.0775344925406,1541,260,0,0
675.1052821310482,1723,740,0,0
676.16982729639,591,489,0,0
676.1750740236959,1376,320,0,1
676.2209981320852,1188,383,0,0
676.2981355215285,1704,430,0,0
676.3008180062251,384,465,0,0
676.3271635053064,1781,440,0,0
676.352184574832,1154,320,0,0
676.3592361163942,859,234,0,0
676.4153855871311,16,322,0,0
676.5565375953786,7960,232,1,0
676.7295405290846,1274,39,0,0
676.7418359111049,452,185,0,0
676.7682159207696,5,118,0,0
678.7548028123571,1003,639,0,0
678.756787726866,146,267,0,0
678.7849108290003,1109,397,0,0
678.8919077647158,696,289,0,0
678.9162714586143,468,79,0,0
678.983278227841,7812,380,1,0
679.0087665664538,977,38,0,0
679.0902308781042,1803,283,0,0
679.3248535194292,1139,272,0,0
679.3364422557348,19,433,0,0
679.3632278871466,275,118,0,0
679.379385738138,1814,211,0,0
679.3874351270528,58,24,0,0
679.4047850101699,1154,88,0,0
679.4066617948017,1057,82,0,0
679.4866507911554,1425,375,0,0
680.0299996994705,2960,333,1,0
680.5755936640078,1372,58,0,0
680.8070891750982,1120,37,1,0
680.8097129187154,865,325,0,0
681.1867689374724,1731,94,0,0
681.1910836514937,6790,759,1,0
681.2073115711461,7,211,0,0
681.9316031086021,786,348,0,0
681.933718063655,1002,527,0,0
682.0307902555509,37,308,0,0
682.0624609506972,644,105,0,0
682.0757729603724,1394,510,0,0
682.0789021383885,349,354,0,0
682.1209101185685,1438,392,0,0
682.1280469437536,367,347,0,0
682.2740115347779,537,312,0,0
682.482822922356,161,125,0,0
682.4839665873662,1408,232,0,0
682.4905353556811,1542,332,0,0
682.5000677325936,363,18,0,0
682.501765694414,987,185,0,0
682.503694777379,463,546,0,0
682.5252407881571,61,35,0,0
682.5371432018032,1246,99,0,0
682.5378062908475,13,407,0,0
682.5439572102991,247,294,0,0
682.5948978997369,867,252,0,0
682.5965145445475,4,155,0,0
682.5993597897258,1826,212,0,0
683.0312626829636,1698,317,0,0
683.2827228981723,299,68,0,0
683.283428141402,1941,222,0,0
683.2846384889809,663,234,0,0
683.3230116243743,411,197,0,0
683.3246766705621,1349,103,0,0
683.3355605423985,172,110,0,0
683.3428781621357,530,139,0,0
683.3981998054477,1473,114,0,0
683.3983146000993,388,589,0,0
683.3985350339667,560,2840,0,1
683.4000884681133,16,15,0,0
683.5371744309762,133,475,0,0
683.5504269625828,1819,134,0,0
683.551019353734,1285,737,0,0
683.5993869969898,1063,42,0,0
683.6736945268077,400,223,0,0
683.6847301343383,490,12,0,0
683.6940462779917,940,73,0,0
683.737345141389,353,760,0,0
683.9400573193545,1225,214,0,0
683.9645340756367,138,234,0,0
684.0169413619503,1854,622,0,0
684.0333267962908,725,27,0,0
684.0417440308529,1049,717,0,0
684.0446332763015,114,195,0,0
684.0747614343596,480,145,0,0
684.0846606963349,585,427,0,0
684.0957455675872,1475,593,0,0
684.2115944406526,587,262,0,0
684.2594819460395,405,146,0,0
684.3623091461185,2354,723,0,0
684.3630813962017,17,82,0,0
684.4182070457076,429,338,0,0
684.4237532694893,374,255,0,0
684.4273368565626,133,247,0,0
684.430619180343,637,358,0,0
684.6341147643415,93,348,0,0
684.7286128932232,362,744,0,0
684.7329147751263,966,342,0,0
684.7347694431437,1210,264,0,0
684.7533165099577,321,237,0,0
684.7605138284271,454,116,0,0
685.2591996603314,300,201,0,0
685.2601703878421,649,148,0,0
685.2606348588699,619,455,0,0
685.2714542673378,937,11,0,0
685.2898906715448,1356,431,0,0
685.3134162403084,1730,160,0,0
685.3948424997243,1541,57,0,0
686.5356864099756,255,216,0,0
686.5447854312885,1363,293,0,0
686.5508600174311,1534,531,0,0
686.5513949452187,8163,29,1,0
686.5807558349434,1601,172,0,0
686.6802072496375,79,501,0,0
686.6909258147946,1702,122,0,0
686.8822716272335,321,331,0,0
686.9014432662265,1110,278,0,0
687.2748090154303,1461,11,0,0
687.3099412628817,785,244,0,0
687.3121195327857,205,366,0,0
687.3171686395164,1096,343,0,0
687.3180083987174,1012,110,0,0
687.3185675846084,432,701,0,0
687.3493419509124,701,367,0,0
687.4520662002689,1726,768,0,0
688.3511497123698,787,505,0,0
688.3673091561869,85,534,0,0
688.378545279997,16,302,0,0
688.3805088776907,1635,603,0,0
688.5105014536019,457,146,0,0
688.5498007124813,721,233,0,0
688.5552888605065,1744,274,0,0
688.6268043465071,1330,469,0,0
688.6822581352477,1658,360,0,0
688.6826868123327,52,41,0,0
688.7623844571071,1969,297,0,0
688.7860748871402,714,335,0,0
688.7943222998067,311,77,0,0
688.8021580119851,351,501,0,0
689.397810166978,294,126,0,0
689.7872766046004,53,315,0,0
690.4828497093368,306,379,0,0
690.4846636829234,298,111,0,0
690.4895374282902,27,113,0,0
690.5999056172491,671,618,0,0
690.6015151069882,6,240,0,0
690.6057886643806,1288,236,0,0
690.6062775327301,1213,349,0,0
691.3406643876195,10,116,0,0
691.4918068369266,196,209,0,0
691.5369517936524,1026,541,0,0
691.5649263435927,786,756,0,0
691.5727612547997,112,79,0,0
691.5809037540172,1126,108,0,0
691.642723613161,403,401,0,0
691.6470697867651,396,145,0,0
691.8571821752943,1280,179,0,0
691.8639197098644,1422,246,0,0
691.8670649280855,672,670,0,0
692.109050075714,2434,109,0,0
692.1225798792902,1012,345,0,0
692.1773202957434,1583,29,0,0
692.1851896596905,514,196,0,0
692.185390077096,1018,9,0,0
692.2392969383354,207,283,0,0
692.2405177128537,1679,1050,0,1
692.39768519867,253,129,0,0
692.3984967694887,8,669,0,0
692.3989298278259,694,261,0,0
692.4323156121164,1836,126,0,0
692.4745566925128,8,323,0,0
692.4968932708077,16,234,0,0
692.498486390486,44,292,0,0
692.6051751980775,82,56,0,0
692.6061393323996,106,678,0,0
692.6132694415446,1378,207,0,0
692.6170001449692,146,152,0,0
692.6254783674208,1364,769,0,0
692.7248049208681,201,648,0,0
692.7298818098257,65,44,0,0
692.7856739684536,1072,4470,0,1
692.8579971560196,705,256,0,0
692.8585862161378,262,284,0,0
692.8603363476111,37,207,0,0
692.8687188604438,953,224,0,0
692.8742401378166,1555,43,0,0
692.9076280962389,14,260,0,0
692.9080070012786,22,23,0,0
692.9842583106472,500,257,0,0
693.0642561353504,678,315,0,0
693.0771451203923,1691,293,0,0
693.0782802365145,790,767,0,0
693.0965275760803,1303,261,0,0
693.1026863084563,10,183,0,0
693.1587299949122,69,431,0,0
693.1739408781954,275,198,0,0
693.251365597367,158,131,0,0
693.2589508650784,925,334,0,0
693.582089443541,1823,27,0,0
693.5822691071108,486,245,0,0
693.5846334531449,533,147,0,0
693.6327909628111,1530,92,0,0
693.6336699547061,169,31,0,0
693.7122969742767,1406,210,0,1
693.7138801186395,902,32,0,0
693.7356221640952,518,634,0,0
693.738518191635,36,316,0,0
693.745984806475,491,79,0,0
693.7715722024747,1161,452,0,0
693.7862067288095,67,236,0,0
693.7946233842408,1644,728,0,0
695.1328283666834,1414,340,0,0
695.1511810501172,387,424,0,0
695.1537743521742,418,262,0,0
695.2691339658469,834,190,0,1
695.3622806601101,272,162,0,0
695.5705225990524,44,278,0,0
696.2143102702519,816,152,0,0
696.2170673711767,1631,481,0,0
696.3672565779733,154,260,0,0
696.5435326022654,1019,97,0,0
696.5615904587581,677,348,0,0
696.5910547621752,55,544,0,0
696.5910992423203,1592,586,0,0
696.5968248762778,374,325,0,0
697.241520800642,671,266,0,0
697.242026993512,14,108,0,0
697.2482079033867,1012,622,0,0
697.2803036726765,224,212,0,0
697.3373565781196,1333,138,0,0
697.8088649883699,1192,19,0,0
697.8093960937437,875,543,0,0
697.8290521401854,395,366,0,0
697.9297572190442,29,141,0,0
697.9310613735236,476,470,0,0
697.9477290909742,324,32,0,0
698.7301903024309,796,282,0,0
698.9812937801328,12,7670,0,1
699.034376363669,9,238,0,0
699.034473144246,1227,48,0,0
699.0483772399801,878,101,0,0
699.0874604666698,1173,243,0,0
699.0971971716748,745,253,0,0
699.1130282338747,808,343,0,0
707.7145947777677,22,316,0,0
707.7263455060469,325,155,0,0
707.7289405204448,1785,522,0,0
707.7582698155169,60,65,0,0
707.7678673425366,444,102,0,0
707.7775792815214,30,370,0,1
707.7927392044002,382,31,0,0
707.8775934220838,314,318,0,0
707.9066098878142,693,190,0,0
707.9082421485385,1912,362,0,0
707.9220804827632,14,291,0,0
707.968687375502,728,387,0,0
707.9757682779618,135,267,0,0
708.1553696610918,1469,294,0,0
708.2407493793066,1027,540,0,0
708.2432369721021,288,136,0,0
708.2774443112183,756,385,0,0
709.2311946144014,326,113,0,0
709.6399912605924,520,171,0,0
709.6561152515235,458,287,0,0
709.7647591692305,468,402,0,0
709.7694477308602,793,759,0,0
709.7704444339986,1948,301,0,0
709.8251240713191,1482,159,0,0
709.8546694339607,8065,127,1,0
709.9051280688055,1635,279,0,0
709.9223030529653,119,9,0,0
709.956935677029,546,182,0,0
709.9634046867359,9,302,0,0
710.0099008277698,787,67,0,0
710.1053900640031,1825,276,0,0
710.1214452583471,1067,50,0,0
710.2133859653414,288,51,0,0
710.2139085162972,1836,239,0,0
710.217653454756,632,167,0,0
710.5420218475892,1887,440,0,0
711.1536952141054,903,145,0,0
711.1834814167729,97,48,0,0
711.1981563750169,516,248,0,0
711.199585299535,1497,218,0,0
711.2369230241013,681,170,0,0
711.3225267954457,1930,324,0,0
711.3234585126912,768,292,0,0
711.378641189782,752,128,0,0
711.4267846614035,62,31,0,0
711.4703639481513,46,117,0,0
711.4722562590217,62,279,0,0
711.5255883977239,1146,325,0,0
711.526490497874,10,357,0,0
711.8807550273054,366,120,0,0
711.9044016235418,1556,60,0,0
711.9061620369718,1141,278,0,0
712.1720897910619,471,48,0,0
712.3535203817852,786,303,0,0
712.3584338957487,7825,367,1,0
713.8403046586128,20,261,0,0
713.8427265943869,1443,554,0,0
713.8765005911825,428,51,0,0
714.0685451732472,1750,161,0,0
714.0687375130443,199,102,0,0
714.2024615468229,53,114,0,0
714.2183154537107,1866,368,0,0
714.2358023658475,1114,330,0,0
714.2378964756826,8,2100,0,1
714.2729158176795,10,282,0,0
714.2748764825684,277,10,0,0
714.2774775751614,2260,177,1,0
714.2848472814392,1459,450,0,0
714.286397180126,968,27,0,0
714.7055833135298,95,322,0,0
714.70684874794,883,116,0,0
714.7108368337658,716,280,0,0
714.720421148032,751,229,0,0
714.738595176043,987,451,0,0
714.8266108612207,451,209,0,0
714.9193191948765,1440,162,0,0
714.9291658789874,1096,386,0,0
714.9375362235054,263,33,0,0
714.956890521298,340,189,0,0
715.0502930623197,55,254,0,0
715.1231005607809,7687,505,1,0
715.1295250615804,1888,131,0,0
715.1298186570401,19,34,0,0
716.4413597430354,433,632,0,0
716.562351632599,353,463,0,0
716.5929052085628,1040,375,0,0
716.6285547843328,6,460,0,0
716.634912482882,508,1360,0,1
716.6373494066819,744,353,0,0
716.6466296863906,609,501,0,0
716.6581939441481,1909,3140,0,1
716.6633612679193,7798,394,1,0
716.6643400457596,218,792,0,0
716.6739972333203,74,401,0,0
716.7311638400698,76,123,0,0
716.7378702552653,382,25,0,0
716.7567256161597,1847,250,0,0
716.7570125191675,8033,159,1,0
716.7689251884151,1253,50,0,0
716.7830641677496,1697,132,0,0
716.7846179213717,1208,267,0,0
716.7851855899625,650,325,0,0
716.8263060803384,7,18,0,0
716.8298795878627,1436,249,0,0
716.8778019736817,60,9,0,0
716.8855888300678,1490,760,0,0
716.9483456406336,12,3020,0,1
716.9575094405585,1748,375,0,0
716.9583960194349,1847,459,0,0
716.9735751184731,31,307,0,0
716.9829339804746,333,374,0,0
717.0501287487992,16,43,0,0
717.0574565207723,43,184,0,0
717.0656776760752,881,3530,0,1
717.1664243370336,1641,297,0,0
717.3523735980393,390,446,0,0
717.4347863605492,1800,99,0,0
717.5785876489922,1406,277,0,0
717.6233454130975,758,63,0,0
717.7075761722513,63,178,0,0
717.8120944589983,2380,20,0,0
717.8525568142135,515,163,0,0
717.8730218514792,1578,297,0,0
717.8970004861404,1333,38,0,0
720.1110035414661,1103,443,0,0
720.1295486918212,180,174,1,0
720.1407859618116,665,768,0,0
720.1494947521373,1712,302,0,0
720.1663753175548,1419,170,0,0
720.1957834023355,895,230,0,0
720.1976621223599,597,329,0,0
720.1980057199274,354,112,0,0
720.2305744531021,7775,417,1,0
720.2313011440175,28,2620,0,1
720.2615751560961,999,265,0,0
720.2854802725361,612,284,0,0
720.4665107964616,1358,677,0,0
720.9759169891848,769,262,0,0
721.0135618475476,29,266,0,0
721.0195212088332,1557,378,0,0
721.0212428429271,1528,156,0,0
721.0249464930032,748,141,0,0
721.0444932051171,1471,1620,0,1
721.0447808982736,1260,173,0,0
721.065756139167,21,190,0,0
721.0833709259944,571,260,0,0
721.1488505711478,391,498,0,0
721.1580912755372,533,450,0,0
721.1802215831699,375,288,0,0
721.18436114043,159,637,0,0
721.1914945718951,502,68,0,0
721.1920147331375,1489,564,0,0
721.2151216481417,1716,302,0,0
721.614669788748,1480,64,0,0
721.6396509762868,124,92,0,0
721.6771578263491,1911,3600,0,1
721.679691300172,1672,120,0,0
721.9955961277683,14,291,0,0
721.9994877533212,274,257,0,0
722.0891814258647,1184,2030,0,1
722.1115469992116,862,550,0,0
722.1141971859815,1224,43,0,0
722.2549795588333,794,571,0,0
722.2735879193373,663,35,0,0
722.2993859024676,10,450,0,0
722.3439591208405,1040,98,0,0
722.3612441125936,991,22,0,0
722.3697047502648,7999,193,1,0
722.4155466320605,11,105,0,0
722.42357786245,1719,415,0,0
722.4441421347077,798,216,0,0
722.4488889965347,19,503,0,0
722.4498053639754,342,255,0,0
722.454500396899,997,247,0,0
722.4612034867149,1654,138,0,0
722.4797905740206,5,262,0,0
722.6725908585239,438,2520,0,1
722.6732058861841,6440,767,1,0
722.6965429113449,24,278,0,0
722.6967592306537,1670,401,0,0
722.6989872778581,652,2540,0,1
722.705532393241,406,151,0,0
722.7057316240771,1343,282,0,0
722.7061709175999,13,187,0,0
722.7307264576104,847,309,0,0
722.7518074277718,273,20,0,0
722.7661793289009,1150,38,0,0
722.769795456593,200,52,0,0
724.1113615259543,285,269,0,0
724.1244320458195,226,25,0,0
724.1276496290455,7425,767,1,0
724.6454807929606,708,732,0,0
724.7071306804738,509,378,0,0
724.7157238788917,761,171,0,0
724.9117442154223,1551,104,0,0
724.9364289946841,370,307,0,0
725.0017377676048,72,54,0,0
725.0305978956708,1886,184,0,0
725.0329050193118,816,388,0,0
725.1587765179156,1330,44,0,0
725.1836491611217,288,233,0,0
725.1860457981289,1006,427,0,0
725.1899693935189,1296,212,0,0
725.3119118990747,674,678,0,0
725.3205320843629,1209,71,0,0
725.3403326816093,36,27,0,0
725.4071464104416,276,190,0,0
725.4304710847136,677,715,0,0
725.4313229214018,397,408,0,0
725.4958877608731,9,213,0,0
725.6137613283531,687,240,0,0
725.7158802481945,1366,67,0,0
726.1737004114917,284,176,0,0
726.2110906960471,314,52,0,0
726.2964545232322,1216,98,0,0
726.7297628413945,1238,145,0,0
726.7398513450577,445,308,0,0
727.3213459296661,4192,4000,1,1
727.9008338547383,893,236,0,0
727.9872376547341,5,118,0,0
728.7021982923192,1493,295,0,0
728.80135789881,215,284,0,0
728.8044580358076,445,9,0,0
728.9799566519278,1165,126,0,0
729.0146188339565,238,2300,0,1
729.0558754726488,1987,276,0,0
729.0804585665883,1573,664,0,0
729.354166024152,414,134,0,0
729.408632305949,538,273,0,0
729.4131196056348,482,358,0,0
729.4607980856455,115,74,0,0
729.5383842030558,1761,364,0,0
729.5426120112826,1039,245,0,0
729.5501829582975,1592,198,0,0
729.5585703836105,699,127,0,0
729.5639262045229,1081,150,0,1
729.6001761261693,493,250,0,0
729.7383266539725,7782,410,1,0
730.532729219179,576,186,0,0
730.7295366526909,1191,152,0,0
730.8688913998504,1270,57,1,0
731.0464411120562,643,75,0,0
731.3071545796747,908,765,0,0
731.3156491834103,1450,237,0,0
731.3878940194637,1893,380,0,0
731.4222688080325,1437,752,0,0
731.4362003920727,860,369,0,0
731.4434645319649,859,404,0,0
731.4500331040362,1068,624,0,0
731.4605909762973,13,277,0,0
731.4621179858829,99,292,0,0
731.5133455104736,415,314,0,0
731.5306174369456,10,323,0,0
731.5529244488188,1195,305,0,0
731.588449305387,956,235,0,0
731.6653639523425,18,441,0,0
731.6708892721198,1327,401,0,0
731.6854787630648,1420,42,0,0
731.6862019027348,103,114,0,0
731.686414817292,3820,138,1,0
731.6867870877849,1245,657,0,0
732.0769225067312,1678,1900,0,1
732.0773902181153,8034,158,1,0
732.1237876566805,567,312,0,0
732.4700831011239,812,458,0,0
732.4773064132212,38,210,0,0
732.9471733335754,270,384,1,0
733.6730673030246,972,139,0,0
733.7925927391668,257,20,0,0
735.8683108753204,1084,439,0,0
735.9310081373453,1472,470,0,0
735.935211567155,932,122,0,0
735.9866847212547,1687,509,0,0
735.9941586385936,983,380,0,0
735.9954991280488,1857,3010,0,1
735.9969155934843,1738,177,0,0
737.8508971394167,923,636,0,0
737.857072423608,1474,269,0,0
737.8744675618153,181,331,0,0
737.8793171856189,7995,197,1,0
737.9034412423108,349,620,0,1
737.9148253079944,202,179,0,0
737.9229147211614,357,18,0,0
737.9245459702979,1083,130,0,0
737.925637606847,695,369,0,0
737.9298032136048,1207,4140,0,1
737.962970318157,1034,21,0,0
739.1394864835964,1957,383,0,0
739.2916811910161,15,316,0,0
740.0024346732633,1280,318,0,0
740.0514242618614,3343,3520,0,1
740.0670380564721,453,258,0,0
740.0683525780229,1004,767,0,0
740.0870636341233,1837,285,0,0
740.0873193752617,1280,312,0,0
740.0975548804327,368,262,0,0
740.5822929464942,872,638,0,0
740.6183936151816,773,767,0,0
740.7972151791845,13,119,0,0
740.805943504533,809,219,0,0
740.8071399055251,109,2160,0,1
740.8143439371672,1058,49,0,0
740.8228462838057,718,574,0,0
741.0325598975594,994,524,0,0
742.0113492092983,1213,350,0,0
742.0156352677901,356,189,0,0
742.0248340496931,837,245,0,0
742.0389459625643,805,198,0,0
742.0483494049101,479,33,0,0
742.0499204620207,176,190,0,0
742.0727106038258,1399,325,0,0
742.1117776701267,243,216,0,0
742.1527751257447,7916,276,1,0
742.1544733859288,762,767,0,0
742.1695855088415,947,98,0,0
742.1701705935312,114,39,0,0
742.288248367837,794,528,0,0
742.2907220332357,263,368,0,0
742.3017096909233,716,232,0,0
742.3094651840363,267,234,0,0
742.3153981069155,1061,586,0,0
742.3176912143223,299,231,0,0
742.3182474764603,101,77,0,0
742.9292964002898,1773,83,0,0
742.9611580930265,496,362,0,0
742.9936748481316,962,3820,0,1
744.2667937193332,7,184,0,0
744.2824466120013,1429,369,0,0
744.3402781831879,278,314,0,0
744.3602584064969,1789,769,0,0
744.5662530432107,17,65,0,0
744.6185754859489,1710,646,0,0
744.6545623931689,1384,440,0,0
744.6660830211866,641,222,0,0
744.6996845870592,1153,497,0,0
744.8966582978785,1336,119,0,0
744.8969601782374,553,177,0,0
744.9118116105441,1043,51,0,0
744.9201498707065,1725,223,0,0
744.9307010413596,732,494,0,0
744.9310708306372,1754,343,0,0
745.0141636741432,1057,354,0,0
745.0177121282289,267,237,0,0
745.0299408088227,67,139,0,0
745.0369706997387,232,25,0,0
745.0376531784782,770,397,0,0
745.0455439488674,1606,377,0,0
745.0460280072908,660,347,0,0
745.048952447705,770,7110,0,1
745.0592094955286,1596,139,0,0
745.0783005783499,1324,224,0,0
745.099825638233,334,311,0,0
745.1144608273212,1884,1710,0,1
746.5005039292062,1088,220,0,0
746.5465509150436,130,280,0,0
746.5482255319287,433,483,0,0
746.5538920106276,9,310,0,0
746.5590689971312,1638,314,0,0
746.5725908008983,378,156,0,0
746.5783589879079,19,190,0,0
746.5818437627976,1364,149,0,0
747.1037196391637,901,739,0,0
747.1247779840674,1267,48,0,0
747.1346047236574,1492,100,0,0
747.1462503417882,454,87,0,0
747.1587526011444,37,94,0,0
747.4714875416513,1122,198,0,0
747.521721352103,1006,4,0,0
747.7041770812735,1178,3520,0,1
747.7042148663165,1463,320,0,0
747.7413007343838,626,3660,0,1
747.9020183228943,654,138,0,0
748.9026612320517,1896,87,0,0
748.9231672117841,275,288,0,0
748.9237912355969,1190,338,0,0
748.9866131720412,282,236,0,0
748.9924513497674,709,497,0,0
748.9929887847534,732,254,0,0
748.9986040645914,3339,461,0,0
749.1586378378203,20,259,0,0
749.3729270179963,1688,459,0,0
749.4549478251054,608,145,0,0
749.4573301583227,1487,265,0,0
752.434171730512,1184,335,0,0
752.4360423056728,245,481,0,0
752.4526531455608,165,198,0,0
752.453732237312,170,646,1,0
752.7243874726397,1396,669,0,0
752.7718000804698,46,649,0,0
752.8866802067062,165,430,0,1
752.9099865898769,1252,377,0,0
752.926970826147,296,61,0,0
752.9545799126165,423,440,0,1
752.9550261834709,928,120,0,0
753.09741882229,30,385,0,0
753.2186550551044,1629,307,0,0
753.2275608466942,1350,202,0,0
753.2466118146713,1169,66,0,0
753.2822023388379,553,664,0,0
753.7342024244005,415,246,0,0
753.7806285555702,763,100,0,0
753.8019505246015,737,21,0,0
753.8090304659837,1493,295,0,0
753.8100000855121,137,22,0,0
753.8159552547561,374,157,0,0
753.8386090826078,1826,379,0,0
753.850477072079,1673,512,0,0
753.8733540779265,614,271,0,0
753.9607522519292,1134,567,0,0
754.0078016003147,158,293,0,0
754.0419826916082,796,145,0,0
754.115264205909,133,140,0,0
754.1439117601959,1645,60,0,0
754.1624752191144,65,195,0,0
754.2130244002226,462,324,0,0
754.213648501298,772,227,0,0
754.4559459711561,7576,616,1,0
754.4574480450921,679,343,0,0
754.5630705879848,976,117,0,0
754.5834064603544,710,215,0,0
754.7653026093142,179,448,0,0
754.7865991610118,1250,571,0,0
754.7896041656471,874,19,0,0
754.9596860461437,7572,620,1,0
754.988458290966,541,532,0,0
755.0136843850785,8032,160,1,1
755.037107245391,1443,181,0,0
755.184730845197,736,574,0,0
755.2870621050192,1771,40,0,0
755.3186847286486,37,760,0,0
755.3195826583747,694,22,0,0
755.3284875456015,444,495,0,0
755.3531871530005,794,525,0,0
756.0780559001125,1246,393,0,0
756.1212502128465,512,264,0,0
756.1379157361581,490,22,1,0
756.3571130060734,15,270,0,0
756.3731639499621,387,104,0,0
756.3921373540043,889,291,0,0
756.4196239448579,319,219,0,0
756.420628131189,775,256,0,0
756.5569878430576,1029,229,0,0
756.604086677666,263,236,0,0
756.6155127047339,17,332,0,0
756.6175610507166,1866,12,0,0
756.6484085155269,38,768,0,0
756.9794339264442,612,257,0,0
756.9850187291385,1051,434,0,0
756.9874285313966,21,37,0,0
757.0341095487801,537,195,0,0
757.0349368651823,937,487,0,0
757.0351741612237,1437,739,0,0
757.0434646820505,1050,127,1,0
757.0485406110633,204,36,0,0
757.0601423410038,466,518,0,0
757.066846522434,1068,138,0,0
757.1061210155466,728,305,0,0
757.1191127407286,21,210,0,0
757.1252151065912,1118,207,0,0
757.133311958538,366,45,0,0
757.2048519002378,74,64,0,0
757.3425090474807,52,198,0,0
757.4660289412061,523,257,0,0
757.5476975771843,24,112,0,0
757.5477252484724,1506,338,0,0
757.5504575194095,1588,60,0,0
757.5612639279997,619,142,0,0
757.591873788613,727,126,0,0
757.5926724135195,733,375,0,0
757.941604521041,673,507,0,0
757.978852420704,1595,21,0,0
757.9847163576276,1659,341,0,0
758.012893967578,313,2330,0,1
758.023058620576,1369,320,0,0
758.02750711626,397,133,0,0
758.083455965626,60,22,0,0
758.0916643684478,1356,343,0,0
758.0928731302572,1080,214,0,0
758.0985881665769,929,300,0,0
758.1147774755459,1692,1660,0,1
758.1171273113292,12,109,0,0
758.3709777188504,429,49,0,0
758.373285061835,1382,443,0,0
759.0585544146932,1489,564,0,0
759.1806294075975,552,472,0,0
759.1837350662373,8,52,0,0
759.2102347400357,1004,151,0,0
759.427565134943,1184,122,0,0
759.4415222648496,144,99,0,0
759.4434052698145,50,101,0,0
759.4690182086189,1855,85,0,0
760.5657764604618,1673,40,0,1
760.5668177303161,713,148,0,0
760.6290420436133,592,131,0,0
760.6499876449467,20,389,0,0
760.6662268821477,592,295,0,0
760.6756608431326,37,565,0,0
760.6865303609827,12,452,0,0
760.8507317031235,1571,8,0,0
760.9187507695033,1224,543,0,0
760.9215582381369,1088,654,0,0
761.3880522552788,1805,211,0,0
761.3895957538645,331,202,0,0
761.4674381317202,896,43,0,0
761.4973246519039,1496,329,0,0
761.7249031313163,972,213,0,0
761.7671415846339,724,363,0,0
761.9385363667715,601,768,0,0
761.9582977485236,36,383,0,0
762.1035817482234,1789,343,0,0
762.144953167252,390,224,0,0
763.6736572300056,64,52,0,0
763.6788290915438,94,35,0,0
763.9055203066779,1865,322,0,0
763.9582283823609,1320,333,0,0
763.9878691832138,18,183,0,0
763.9945803180472,1117,150,0,0
764.0455765406203,959,447,0,0
764.046670844511,209,299,0,0
764.0480217115662,51,536,0,0
764.1347010322212,7940,252,1,0
764.1356323971191,1534,215,0,0
764.50547116413,607,194,0,0
764.5175428040365,1471,240,0,0
764.5519939845259,719,676,0,0
764.5763122496311,1589,323,0,0
764.6248248071865,1274,165,0,0
764.6368063420758,1208,19,0,0
764.6468500852394,417,282,0,0
764.6631359412709,783,253,0,0
764.8340710376469,988,232,0,0
765.0363469741808,1117,195,0,0
765.3043737743993,914,47,0,0
765.3479387470908,729,334,0,0
765.3619895169214,326,344,0,0
765.3627190234745,7598,594,1,0
765.438676090373,1592,238,0,0
765.5514767297765,768,3250,0,1
765.5608536365899,538,393,0,0
765.6663695246773,1506,1360,0,1
765.9430527711362,809,710,0,0
765.9684349253887,1490,169,0,0
766.1424035595231,1219,340,0,0
766.1812982498265,11,189,0,0
766.1819525571251,231,432,0,0
766.1901231563439,5,101,0,0
766.1993834887189,704,65,0,0
766.2600129408411,8106,86,1,0
766.263753770361,695,321,0,0
766.2724986039667,1525,121,0,0
766.2755680694771,478,282,0,0
766.2950409467275,491,358,0,0
766.3192263673914,8034,158,1,0
766.4669897931732,125,258,0,0
766.570590132177,609,237,0,0
766.5998313689612,454,257,0,0
766.6339190843145,1273,658,0,0
766.6600783922937,703,1720,0,1
766.6864407096105,437,18,0,0
767.1505543382077,1671,210,0,0
767.1507001273155,354,550,0,0
767.165514370049,6400,419,1,0
767.2048590508386,725,298,0,0
767.4065308947689,881,618,0,0
767.4088901967162,537,148,0,0
767.4510165339096,1306,444,0,0
767.5690344426665,1202,193,0,0
767.5776730228932,251,193,0,0
767.578135760923,463,166,0,0
767.5883868436881,1579,259,0,0
767.5902936565097,881,251,0,0
767.6676917706701,1075,24,0,0
767.6715312874353,34,205,0,0
768.4126801935611,385,386,0,0
768.4406209019398,867,318,0,0
768.4448260772353,488,511,0,0
768.4525006375162,416,172,0,0
768.4548703410126,443,422,0,0
768.5007575366631,1327,220,0,0
768.916259068656,164,264,0,0
768.9299414056585,882,171,0,0
769.0638052826587,64,549,0,0
769.06700285986,10,246,0,0
769.1059904166061,518,89,0,0
771.2169603015835,299,860,0,1
771.2182263024881,822,139,0,0
771.4657981229727,1456,4500,0,1
771.6859748601604,1352,68,0,0
771.6864650628077,1156,308,0,0
771.6876601909606,1441,43,0,0
771.690648428032,472,199,0,0
771.8367633167155,22,9,0,0
771.8456901862307,41,567,0,0
771.8607476835665,1620,65,0,0
771.947360162748,1042,259,0,0
771.9739962892047,1549,162,0,0
772.0070372688565,24,130,0,0
772.018099891795,215,234,0,0
772.2172760451629,1063,4060,0,1
772.2217126329159,1246,414,0,0
772.8209033496788,214,205,0,0
772.8315921859672,2664,59,0,0
772.8358526950396,1640,103,0,0
772.9123956279155,111,85,0,0
772.9641379502002,797,158,0,0
772.964537813955,22,252,0,0
772.9971947053148,458,338,0,0
772.9986042212903,1163,347,0,0
773.0025943432496,8158,34,1,0
773.1036628938703,942,539,0,0
773.1073951207964,1541,252,0,0
773.1499923277142,59,212,0,0
773.1597801807112,1646,844,0,0
774.1579611929542,159,180,0,1
774.1751981446497,862,354,0,0
774.1771885062915,694,130,0,1
774.1794776295895,757,395,0,0
774.1828818525621,806,377,0,0
774.2097280280373,1453,359,0,0
774.2303891644,606,310,0,0
774.374660832724,1140,603,0,0
774.4036371633925,8010,182,1,0
774.4304361508298,1503,412,0,0
774.4699990915832,1058,391,0,0
774.4859594276419,463,189,0,0
774.5230305141936,981,479,0,0
774.6218798541726,243,542,0,0
774.720697519119,1474,23,0,0
774.7276254881306,10,86,0,0
774.7282255417372,1493,254,0,0
774.7323125959351,619,272,0,0
774.7684374549605,62,145,0,0
774.7685790673055,150,132,1,0
774.7765068652066,1533,664,0,0
774.8268572869835,371,185,0,0
774.8334901349433,596,169,0,0
774.8356773447983,1399,144,0,0
775.5181326458758,726,178,0,0
775.8441009261185,1166,212,0,0
775.8562786551776,1768,4140,0,1
776.1436104312652,13,768,0,0
776.4172102479013,915,566,0,0
776.4193357992166,1248,283,0,0
780.75020946958,6,87,0,0
780.753330043967,987,293,0,0
780.76533030877,1568,239,0,0
780.7675988911561,275,337,0,0
780.791274380233,114,350,0,0
780.7927344602172,1552,549,0,0
780.8126780342153,405,12,0,0
780.9887812947758,967,211,0,0
781.0197260583598,481,77,0,0
781.0316145543168,2069,266,0,0
781.4750622595038,125,236,0,0
781.4784145954924,539,39,0,0
781.6178825110219,1007,233,0,0
781.6288656144652,119,196,0,0
781.6597833017439,351,285,0,0
781.6811449527808,1510,470,0,0
781.7070310929511,1318,191,0,0
781.7250281275535,441,425,0,0
781.729213254664,179,271,0,0
781.7356205934366,1889,410,0,0
781.7838531531347,1452,82,0,0
781.7999063801219,1258,350,0,0
781.8018502274568,5,72,0,0
781.8066982852996,1772,339,0,0
781.8116626824448,1164,179,0,0
781.8294085440979,838,376,0,0
781.8576639612726,579,16,0,0
781.8813512093088,542,139,0,0
781.8866847242671,853,323,0,0
781.9070810366261,212,291,0,0
781.9083540937495,5160,212,1,0
781.908415513815,572,541,0,0
781.9259747428035,1534,700,0,0
781.9266912837719,1325,105,0,0
781.9296322861406,337,320,0,0
781.9313807688189,274,445,0,0
781.9997851580729,1487,62,0,0
782.0015124486305,1673,23,0,0
782.0351288205883,555,187,0,0
782.0423963193551,1335,656,0,0
782.0440226403933,1857,184,0,0
782.0448472532627,1208,150,0,0
782.093126958824,992,591,0,0
782.1345414651016,446,19,0,0
782.2242826157326,564,56,0,0
782.9663711726279,748,674,0,0
782.9991099943989,74,399,0,0
783.03240034911,253,314,0,0
783.0471893598562,927,148,0,0
783.0705264379345,744,46,0,0
783.0798859980105,1116,155,0,0
783.0830329984124,631,186,0,0
784.0956525598682,199,209,0,0
784.0961052554402,519,464,0,0
784.1271940087889,1111,352,0,0
784.1724635889007,198,200,0,0
784.1976443854101,1691,3750,0,1
784.2003637726607,265,9,0,0
784.2130247120302,1047,278,0,0
784.2203919728586,230,27,0,0
784.2225482016589,4880,511,1,0
784.2393621462465,1959,451,0,0
784.2475079664767,800,558,0,0
784.2535948498625,1471,232,0,0
784.3254121014978,798,158,0,0
784.3276100003364,84,315,0,0
784.3715966186469,369,71,0,0
784.3769642823166,162,94,0,0
784.4196353829952,1689,319,0,0
784.4404673338111,805,599,0,0
784.469766221655,12,258,0,0
784.4723169596352,1341,323,0,0
784.476150075486,992,177,0,0
784.4794050857639,1455,400,0,0
784.5048566368004,1648,451,0,0
784.5847370670563,1670,323,0,0
784.7396164669175,1188,336,0,0
784.7462042407561,410,150,0,0
784.7674026843912,6130,406,1,0
784.7681090271259,677,399,0,0
784.7683218980777,812,750,0,0
784.771482364088,1540,364,1,0
784.7761907926214,9,602,0,0
784.7769907098102,1174,200,0,0
784.7775002336515,1468,447,0,0
784.8288911339598,89,364,0,0
784.8324492669872,7688,504,1,0
784.833065883126,1660,28,0,0
786.6458934347215,629,4460,0,1
786.6706910319385,1307,94,0,0
786.6800012199643,600,91,0,0
786.7477367007903,406,313,0,0
786.7515786592464,73,766,0,0
787.166163699819,1271,379,0,0
787.1669724707452,173,156,0,0
787.1682555582878,406,209,0,0
787.1814567670431,76,87,0,0
787.1852235054423,731,13,0,0
787.4733864880385,1421,88,0,0
787.474092522048,279,54,0,0
787.4781030053484,6,16,0,0
787.505748430509,744,767,0,0
787.5584469280382,755,320,0,0
787.6848559954104,1603,4660,0,1
787.7187722938601,1836,266,0,0
789.1011156836639,1587,305,0,0
789.1077386940642,25,177,0,0
789.1318817505036,315,180,0,0
789.2255676753912,485,212,0,0
789.2345991134198,472,119,0,0
789.2440384844632,1577,767,0,0
789.2507380618005,803,283,0,0
789.2554130479755,857,560,0,0
789.2571880274974,3343,352,0,0
789.2627547318235,319,127,0,0
789.2635206248466,1061,103,0,0
789.2992689004994,1685,303,0,0
789.2999693653734,1080,522,0,0
790.3237997208951,1850,718,0,0
790.8178814628235,1511,77,0,0
790.9686301932411,857,132,0,0
790.9795501576727,243,128,0,0
790.9847069067838,543,95,0,0
791.1750386746498,13,158,0,0
791.1988110094046,1287,331,0,0
791.2492974817008,1317,609,0,0
791.2532364839026,797,237,0,0
791.3914965993007,328,239,0,0
791.3948495475772,1661,415,0,0
791.415245166905,1360,469,0,0
791.4157689503448,40,295,0,0
791.4202275295874,96,76,0,0
791.4648279849115,1443,409,0,0
791.4715205772588,1151,3100,0,1
791.4782560677046,821,376,0,0
791.5571747510714,7836,356,1,0
791.5713298547098,294,240,0,0
791.7655910700246,17,434,0,0
791.765723653116,7,499,0,0
791.8164139703183,7960,232,1,0
791.8612449458568,14,25,0,0
791.8619978106234,1304,91,0,0
791.8632259918833,208,139,0,0
791.9569694685881,1535,105,0,0
791.9589137496492,1569,359,0,0
791.9634970292616,1567,220,0,0
792.017093256133,1960,360,0,0
792.0254917665363,1901,427,0,0
792.0675507347013,1429,419,0,0
792.070436293194,280,237,0,0
792.0998084484419,285,204,0,0
792.2401249026843,437,285,0,0
792.2711694025917,1216,496,0,0
792.2713747102912,1470,421,0,0
792.3307932566221,1074,104,0,0
792.3490215878592,653,441,0,0
792.3516935745364,1192,323,0,0
792.6118229634016,21,210,0,0
792.6123265248593,8012,180,1,0
793.2903692949772,1713,224,0,0
793.2949694146956,598,616,0,0
793.6677346742108,1608,14,0,0
793.6825741687489,1296,6000,0,1
793.6837201010793,181,2100,0,1
793.70330586414,1333,425,0,0
793.734685720811,322,136,0,0
793.7823492524716,234,76,0,0
793.9163753234722,1171,14,0,0
793.9190889074018,9,407,0,0
793.9622649705416,1278,239,0,0
794.0325092498455,1746,303,0,0
794.0419346585735,782,458,0,0
794.0444431857698,1455,299,0,0
794.0468541858528,7878,314,1,0
794.1188654444886,1045,322,0,0
794.1983303448256,943,388,0,0
794.2014346007888,1632,380,0,0
794.2025592068541,1646,3160,0,1
794.3932163471865,1499,190,0,0
794.3939497240534,1611,360,0,0
794.4161588204961,27,354,0,0
794.419409114434,302,409,0,0
794.4198994609112,264,277,0,0
794.4405863274171,10,331,0,0
794.4516467945047,209,1150,0,1
794.7353248619884,974,262,0,0
796.2229552844583,797,225,0,0
796.2340580310363,1244,263,0,0
796.358416551335,222,243,0,0
796.48768624891,15,166,0,0
796.4933816139054,811,183,0,0
796.4962557773846,1247,258,0,0
796.8945523644318,1186,275,0,0
796.9023522741264,1725,32,0,0
796.9176848417421,19,132,0,0
796.9267244920926,170,121,0,0
796.9391013578229,660,182,0,0
796.943949696312,29,58,0,0
797.0155442219765,570,263,0,0
797.2120515631477,12,506,0,0
797.2197270895216,954,401,0,0
797.2207613523634,214,127,0,0
797.2386032033793,585,47,0,0
797.2394385664359,1195,238,0,0
797.2439555264398,941,310,0,0
797.4307859813293,1489,590,0,0
799.0676718330656,1819,151,0,0
799.1017688777243,49,112,0,0
799.1037047949666,11,280,0,0
799.1798986790079,85,237,0,0
799.1800831125624,1148,170,0,1
799.1841307359784,7490,71,1,0
799.5186294627371,4,204,0,0
799.5897032070643,351,235,0,0
799.5907371328013,11,56,0,0
799.5913259268237,1365,275,0,0
799.6798032547981,623,25,0,0
799.6944761297149,376,403,0,0
799.699426230867,1646,100,0,0
799.7360776877312,602,469,0,0
799.7412226161215,469,236,0,0
799.7415747165604,764,767,0,0
799.8222043452303,849,385,0,0
799.8266460727757,256,479,0,0
799.8288370721518,114,25,0,0
799.8299723295648,772,156,0,0
799.8565002045749,390,355,0,0
799.8597512488135,1683,292,0,0
799.9156222497318,149,180,0,1
799.925097961467,584,363,0,0
800.0636879938418,206,255,0,0
800.0711656600511,1777,94,0,0
800.0755577268146,139,35,0,0
800.0758780508806,5,194,0,0
800.0776903589975,69,35,0,0
800.1453394522059,825,45,0,0
807.198956880608,350,20,0,0
807.2002937866399,83,115,0,0
807.2023408605171,1706,216,0,0
807.2339615171733,532,320,0,0
807.2756962140801,403,273,0,0
807.2798930713494,307,293,0,0
807.2987784618492,655,192,0,0
807.2994373230919,789,4270,0,1
807.3083657763635,8184,8,1,0
807.4053442770249,450,145,0,0
807.8227780601655,1826,268,0,0
807.8343535934966,331,226,0,0
807.8440003245126,136,190,0,0
807.8837664902526,836,207,0,0
808.0300593047203,155,226,0,0
808.0726821354727,8108,84,1,0
808.0763116319624,674,767,0,0
808.1091873903994,8,122,0,0
808.2201438042706,1925,463,0,0
808.2240602826205,1588,335,0,0
808.225193762895,1648,200,0,0
808.2697673465283,1361,188,0,0
808.3033102479733,416,410,0,0
808.4141028802093,503,668,0,0
808.4334250985801,1449,563,0,0
808.4379199917774,2627,224,0,0
808.444713286962,8,139,0,0
808.4468070000239,677,600,0,0
808.4492730342783,981,767,0,0
808.4545859030845,651,5180,0,1
808.4607910880792,852,76,0,0
808.6098911961608,1179,770,0,0
808.6113068306371,570,42,0,0
808.6260928779343,245,261,0,0
808.6311324021942,17,93,0,0
808.9454257540922,1443,210,0,0
808.9728702825772,1273,281,0,0
808.9806263198215,369,208,0,0
809.0631127377056,745,494,0,0
809.0817504381633,463,435,0,0
809.0880866913957,1069,735,0,0
809.4343398426405,501,768,0,0
809.501574610396,244,365,0,0
810.0118496646585,1012,245,0,0
810.1753271766238,48,99,0,0
810.2518941699408,408,124,0,0
810.2732169223486,1465,79,0,0
810.275114314318,1323,222,0,0
810.3424043184239,1814,285,0,0
810.3613800922355,22,39,0,0
810.4243790953477,2790,4260,1,1
810.4405653594674,918,263,0,0
810.4447418891093,1508,645,0,0
810.4469696922251,571,312,0,0
810.5131962882732,879,397,0,0
810.7284461277447,1807,241,0,0
810.7377555648949,1381,128,0,0
810.7785048735996,1184,54,0,0
811.0370686034737,477,15,0,0
811.0402137064304,851,352,0,0
811.0486195591607,1188,767,0,0
811.0504069830668,443,678,0,0
811.2228173292226,1279,2460,0,1
811.2507057655782,363,337,0,0
811.2573234409163,1712,429,0,0
811.2579405025286,927,436,0,0
811.2695412124799,361,90,0,0
811.3900378464988,11,388,0,0
811.3992640992387,5,23,0,0
811.4064128474291,75,416,0,0
811.4657924693687,678,260,0,0
811.4672279903947,925,300,0,0
811.4856826951273,226,123,0,0
811.540307060708,8,65,0,0
811.5438470925606,585,339,0,0
811.5470553625562,9,133,0,0
811.5743239699439,8094,98,1,0
811.5880096120255,5980,18,1,0
811.5984502676204,809,341,0,0
811.6236343977594,1537,220,0,0
811.6496027987662,1447,606,0,0
811.6522598898146,602,253,0,0
811.6567061525767,1731,94,0,0
811.6974636142996,1417,89,0,0
811.8524942835954,359,170,0,0
812.0986493807658,1336,66,0,0
812.1017654828081,416,228,0,0
812.2488148251466,247,53,0,0
812.3243595119783,98,23,0,0
812.340154592961,553,244,0,0
812.3843835776099,5,146,0,0
812.471533287548,35,657,0,0
813.0551257373412,1762,403,0,0
813.0571978129142,2007,456,0,0
813.1126507622771,687,368,0,0
813.1254124355445,1338,66,0,0
813.1365869846956,562,311,0,0
813.300598315009,910,645,0,0
813.3860830786433,60,154,0,0
813.3883361012837,1422,150,0,0
813.3979604648079,364,389,0,0
813.4244739292986,498,217,0,0
813.4254999333466,984,343,0,0
813.5191814283947,888,284,0,0
813.5337550603891,1322,134,0,0
813.5570949657542,813,695,0,0
813.5899967424094,7690,250,1,0
814.1976934825718,273,220,0,0
814.2158948732305,414,3690,0,1
814.2242398462922,4,316,0,0
814.755551423479,1569,286,0,0
814.7618260640595,1805,404,0,0
814.7678200254387,1310,216,0,0
814.7689070477157,172,88,0,0
814.9131781093531,1547,555,0,0
814.9422578198247,137,536,0,0
814.9854103574735,1125,335,0,0
815.0089988064442,840,101,0,0
815.0219944615252,255,170,0,0
815.0255849256417,230,161,0,0
815.0292090369239,878,232,0,0
815.0691874208544,32,614,0,0
815.0909177392358,21,303,0,0
815.5206583456566,360,358,0,0
815.5244402820243,1410,340,0,0
815.5309329642212,702,7490,0,1
815.5331928312332,7926,266,1,0
815.7937343506949,27,24,0,0
815.7952203791702,901,35,0,0
815.8736837389816,7780,412,1,0
816.1671276383302,18,21,0,0
816.180050917532,682,1780,0,1
816.2516355585424,315,461,0,0
816.2518892730678,1308,131,0,0
816.2598343498033,387,101,0,0
816.2604764898887,1515,415,0,0
816.2844707865628,24,61,0,0
816.3018609217348,494,567,0,0
816.305594576408,1741,252,0,0
816.416314368722,710,231,0,0
816.4508491239454,1058,194,0,0
816.4569249685698,818,303,0,0
816.4631307994139,596,169,0,0
816.4640655601565,663,520,0,0
816.4759234291793,1489,352,0,0
817.6066279416913,233,392,0,0
817.6108278866853,1124,494,0,0
817.6501822281236,1357,586,0,0
817.6559730911297,435,67,0,0
817.739898584318,660,171,0,0
817.7807978430549,752,97,0,0
817.7916073151231,533,3030,0,1
817.7921120683659,1607,157,0,0
817.7983206184317,389,168,0,0
817.9822308692386,605,147,0,0
817.9928207448191,155,23,0,0
818.0523114412116,9,186,0,0
818.0589487929458,110,596,1,0
818.0593775793346,718,116,0,0
818.0992485759608,1278,768,0,0
818.1315672268917,393,18,0,0
818.1370387598122,913,223,0,0
818.145292862642,15,201,0,0
818.1757544597607,184,103,0,0
818.1810783457155,1094,254,0,0
818.2151259057979,1746,56,0,0
818.2266182000985,331,54,0,0
818.226780878859,722,443,0,0
818.2397101121603,1020,76,0,0
818.2449935774781,9,176,0,0
818.2482822932152,52,42,0,0
818.2864023746585,1675,306,0,0
818.292954099719,3490,4010,1,1
818.3429855500698,1025,201,0,0
818.4924968312381,779,2130,0,1
818.5153528441424,514,156,0,0
818.5161604628624,35,270,0,0
818.5202187114376,820,86,0,0
818.624988379929,1135,129,0,0
818.6353310043738,525,767,0,0
818.6388308167941,1151,64,0,0
818.6532703662007,419,489,0,0
818.6999557057055,9,398,0,0
818.728775296456,301,23,0,0
818.7906891671184,792,510,0,0
818.7940732126561,646,20,0,0
818.8041166079598,581,262,0,0
818.8146235940694,303,267,0,0
818.8311893969609,410,133,0,0
818.8314641149376,26,222,0,0
818.8423100126171,1165,2980,0,1
818.8435305752937,1491,194,0,0
819.1138648354985,602,212,0,0
819.4894014326705,1549,390,0,0
819.9701131065345,617,427,0,0
820.0560601471191,12,122,0,0
820.0626998410718,1441,350,0,0
820.1783185537025,247,287,0,0
820.1899906361963,1599,659,0,0
820.24815097712,1734,357,0,0
820.2510680495812,1411,760,0,0
820.2565084223565,1058,175,0,0
820.3000894105126,137,299,0,0
820.8782810458029,1017,396,0,0
820.8948369759013,875,464,0,0
822.39335160005,600,510,0,0
826.4382535555055,275,105,0,0
826.439634039656,83,67,0,0
826.4561360666725,1185,65,0,0
826.4587889092084,413,54,0,0
826.4720271415794,758,311,0,0
826.478090476904,1856,47,0,0
826.4933655217642,1491,768,0,0
826.6108300432608,782,208,0,0
826.7225548889951,76,188,0,0
826.7517397858978,20,561,0,0
826.7692996452087,7,231,0,0
826.7913817565191,666,41,0,0
826.8138427305735,1522,272,0,0
826.8681956704517,1275,311,0,0
826.8858626828792,1359,257,0,0
826.9331276727569,14,48,0,0
826.9344412649036,756,134,0,0
827.018391986451,714,267,0,0
827.5725606791951,1200,261,0,0
827.5977263930301,1121,387,0,0
827.5987964506057,7953,239,1,0
827.8521070523446,2456,111,0,0
827.8612434326722,533,227,0,0
827.8612909179785,1406,291,0,0
827.8726767573025,660,206,0,0
827.9307741236055,446,386,0,0
827.9682667992075,104,190,0,1
828.1723933475128,291,323,0,0
828.2323284658655,1223,187,0,0
828.2547923690728,1036,188,0,0
828.2551448326715,1776,165,0,0
828.2570836381118,597,617,0,0
828.2821349371214,557,631,0,0
828.3492195821905,92,90,0,0
828.3515225740724,674,690,0,1
828.3567600420146,365,345,0,0
828.4013045282377,20,597,0,0
828.4017063350134,1400,545,0,0
828.4020799509533,400,270,0,0
828.4132341754537,1545,656,0,0
828.4421973517417,303,345,0,0
828.4490135849526,920,112,0,0
828.4492014640784,1460,2710,0,1
828.4676167963402,638,268,0,0
828.4688860795745,845,769,0,0
828.5330616056176,3290,649,1,0
828.5474697675622,327,346,0,0
828.5771646696348,206,70,0,0
828.6397910659722,968,311,0,0
828.6459987589678,772,767,0,0
828.7365006057115,1527,194,0,0
828.9427676667023,596,507,0,0
828.9813721742864,367,370,0,0
829.2261856649158,569,769,0,0
829.2312791839099,767,139,0,0
829.3392396320346,80,340,0,0
829.3692466110457,1251,654,0,0
829.3717447248255,1505,201,0,0
829.3868303375936,1753,383,0,0
829.3930003946933,799,34,0,0
829.398904517191,323,343,0,0
829.4198301709307,18,767,0,0
829.5640867160062,228,840,0,1
829.5734877704596,759,195,0,0
829.5960571583527,1665,57,0,0
829.5970209793022,849,258,0,0
829.6188053213428,1189,198,0,0
829.791975504813,989,176,0,0
829.8796683229814,332,118,0,0
829.9248150214945,1378,363,0,0
829.9310325458741,15,291,0,0
829.9335921361607,1499,94,0,0
829.9482407768771,1181,53,0,0
829.9494873096852,29,72,0,0
829.9510194613408,661,84,0,0
830.0650429787617,1456,125,0,0
830.0679108051401,570,190,0,0
830.6860942099806,967,51,0,0
830.6871353493682,1611,545,0,0
830.7284815926536,1525,42,0,0
830.7302144384385,1074,587,0,0
830.7551383115789,1797,21,0,0
830.7573862110179,298,218,0,0
830.7765090633545,12,90,0,0
830.7894535172785,12,197,0,0
830.7966662256121,3860,71,1,0
830.8452800493886,1197,156,0,0
831.1956330695222,759,3660,0,1
831.2011009741091,1556,566,0,0
831.3027913417809,1885,2320,0,1
831.3236447924327,487,563,0,0
831.3402606757113,8,298,0,0
832.6982117121738,1503,179,0,0
832.6984510584339,673,603,0,0
832.7030293084815,85,115,0,0
832.7035176844665,1363,151,0,0
832.7129941267308,1365,430,0,0
832.7241935493173,7919,273,1,0
866.2210076384505,1238,118,0,0
866.2560299010852,1211,154,0,0
866.8740565474517,1774,186,0,0
867.1049629939806,1670,295,0,0
867.1123308463947,22,2450,0,1
867.1578887266314,739,395,0,0
867.6391539418796,9,152,0,0
867.6640052038845,1580,253,1,0
867.6906730135597,1383,100,0,0
867.738412013208,651,298,0,0
867.7393069595779,1214,269,0,0
867.7428327673384,215,351,0,0
867.7771721641495,406,54,0,0
867.8291227032777,653,430,0,0
867.8319766395476,1235,151,0,0
867.8412597791139,1264,372,0,0
867.8550679198892,1626,274,0,0
867.8681122693913,7923,269,1,0
867.9376732278135,97,374,0,0
867.9594029534946,1470,62,0,0
867.9838464774786,180,257,1,0
867.9849116224364,16,91,0,0
867.9870908689026,567,391,0,0
868.020341489999,7,124,0,0
868.0210865427248,1548,198,0,0
868.051052001383,1146,44,0,0
868.0557860334699,1748,164,0,0
868.0592919469348,243,522,0,0
868.1226202566795,373,100,0,0
868.1272001680343,1667,4040,0,1
868.1303938606047,996,180,0,0
868.1349797902878,380,200,0,0
868.1545856413969,96,34,0,0
872.2248069918573,993,211,0,0
872.2250678245791,642,25,0,0
872.2418545744223,547,274,0,0
872.2526517562858,142,324,0,0
872.3678756481703,242,195,0,0
872.3762232029693,973,566,0,0
872.3763522127603,226,2410,0,1
872.6177891078835,1356,403,0,0
872.6197824977154,1248,285,0,0
872.6351783888128,1743,345,0,0
872.6363241406295,11,154,0,0
872.6382925003858,887,22,0,0
872.644748576032,1284,400,0,0
872.7396557615235,1866,510,0,0
872.8317973511726,970,32,0,0
872.8370618201775,389,144,0,0
872.8838159655853,7993,199,1,0
872.8920416849663,79,296,0,0
872.9135617291317,958,682,0,0
872.9369640977264,527,41,0,0
872.9959143006575,665,534,0,0
873.0009766569918,1670,352,0,0
873.0141871117855,1328,123,0,0
873.0406447051525,803,171,0,0
873.0611650284849,27,350,0,0
873.0646815992767,821,271,0,0
873.5889222254024,1340,71,0,0
873.5957724841661,1714,578,0,0
873.6728335885489,788,25,0,0
873.6984757311122,717,89,0,0
873.8920995114378,595,458,0,0
873.8923223198267,1308,446,0,0
874.8978899697412,632,44,0,0
874.9090668267121,30,90,0,0
874.9105433789921,1568,15,0,0
874.932589275168,1344,250,0,0
876.4452086084269,705,286,0,0
876.4917764407815,1209,586,0,0
876.4932511453977,206,554,0,0
876.500040967383,1499,144,0,0
876.7419638269686,953,209,0,0
876.7430096697451,943,632,0,0
876.7549026875668,484,356,0,0
876.7643800397884,43,285,0,0
878.0259364068223,2790,232,1,0
878.0354569992551,566,12,0,0
878.2667592248933,24,518,0,0
878.2711814658912,770,212,0,0
878.2746241508746,600,766,0,0
878.3996141149179,1083,348,0,0
878.4581566262491,1262,315,0,0
878.4587044992938,1602,440,0,0
878.5192512332794,1356,46,0,0
878.5801616519354,6,248,0,0
878.5851750323935,742,515,0,0
878.6114600224511,1380,151,1,0
878.640423545216,1411,178,0,0
878.6468800064328,9,2530,0,1
878.6521852139458,5,378,0,0
878.6566541249913,773,347,0,0
878.6665339049032,1649,286,0,0
878.6677420367823,1822,399,0,0
878.6833037244228,1473,141,0,0
878.6841728072212,610,637,0,0
878.7038096071977,954,28,0,0
878.7181099431166,442,235,0,0
878.720271942327,807,321,0,0
878.8122113093823,323,429,0,0
879.6036487935544,5,72,0,0
879.8385353576108,1665,449,0,0
879.8396561806843,4290,20,1,0
880.0515198562938,1114,258,0,0
880.0775948342908,66,107,0,0
880.0928030452768,19,219,0,0
880.0979787102538,192,178,0,0
880.1146337946616,1010,165,0,0
880.3805639667402,8,197,0,0
880.4302913721414,1334,343,0,0
880.437707297359,1194,182,0,0
880.4421698131314,30,112,0,0
880.449553113745,606,335,0,0
880.5035869338892,14,850,0,1
881.1891369170224,1052,94,0,0
881.1912029675772,1647,43,0,0
881.2079955402626,923,539,0,0
881.2158452155425,413,148,0,0
881.2196277858428,574,503,0,0
881.2567599098193,1383,389,0,0
881.3070831271156,98,152,0,0
881.3080953420674,1280,211,0,0
881.3102543787363,932,333,0,0
881.4905138202819,625,134,0,0
881.5221353278948,700,707,0,0
881.5695651034753,307,396,0,0
881.5757992947133,1302,515,0,0
881.5837250393399,597,224,0,0
881.6255743424105,927,50,0,0
881.6318622801177,270,286,0,0
881.6337286839959,328,100,0,0
881.6505865362052,1615,340,0,0
881.751949545999,1070,200,0,0
881.754134353214,477,176,0,0
881.8910801122825,16,460,0,0
881.9587945206513,219,10,0,0
881.9618410162186,983,43,0,0
881.9789390331074,397,91,0,0
881.9944499104903,1769,502,0,0
882.0535964381662,666,3600,0,1
882.1167056114734,105,127,0,0
882.1179815592179,538,49,0,0
882.1191481039849,1158,233,0,0
882.2486506116005,561,640,0,0
882.2697376604547,7510,663,1,0
882.3082515624762,321,321,0,0
882.340906838996,664,143,0,0
882.6909671938854,1513,557,0,0
882.6925115362334,730,236,0,0
882.8383113613314,1797,126,0,0
882.8416436094485,864,34,0,0
882.9128428368857,1132,281,0,0
883.152556786536,1486,279,0,0
883.1536479609008,1843,300,0,0
883.1910726951821,340,37,1,0
883.2008087923605,244,197,0,0
883.2102940748424,1336,34,0,0
883.2286347611795,1537,380,0,0
883.2307379664215,718,231,0,0
883.2332421780308,1803,74,0,0
883.2951641058843,1459,252,0,0
883.3849004219037,1587,577,0,0
883.3903829209413,486,131,0,0
883.3913301237919,1617,627,0,0
885.0368965153211,317,46,0,0
885.185156479221,604,353,0,0
885.2194834604933,540,341,0,0
885.2216823998912,1271,365,0,0
885.2270107396848,1453,11,0,0
885.2542392251997,1005,231,0,0
885.2567650647944,29,457,0,0
885.6571175980343,8,314,0,0
885.6792034178088,864,89,0,0
885.715834322555,1516,95,0,0
885.7180413392579,462,391,0,0
885.7208482066651,266,233,0,0
885.7244002588068,1036,246,0,0
885.7534885838297,913,739,0,0
885.7634687606537,1694,444,0,0
885.7729975681009,7,91,0,0
885.8043992897548,596,336,0,0
885.8306900463217,113,810,0,1
886.1454343887045,317,393,0,0
886.156866315055,13,323,0,0
886.1591525676208,40,244,0,0
886.175624608242,21,329,0,0
886.4776074007482,1328,446,0,0
886.4832676833423,94,51,0,0
886.5018294443934,299,264,0,0
886.5101621102154,547,260,0,0
886.547607961768,1303,386,0,0
886.5755814659708,680,429,1,0
886.5789963424216,1362,361,0,0
886.58975745583,743,24,0,0
886.6974587360011,580,223,1,0
886.8432152117538,1810,768,0,0
886.9469818126962,1007,1170,0,1
887.039181224921,1483,1900,0,1
887.0479436901022,835,175,0,0
887.0561907772093,1905,95,0,0
887.1612692280718,243,11,0,0
887.1629506979685,1653,111,0,0
887.1780170549847,257,285,0,0
887.1784547902485,7970,222,1,0
887.1864610188823,16,472,0,0
887.1906726371867,207,20,0,0
887.192251751486,85,29,0,0
887.2450242470914,1763,360,0,0
887.249001614392,6120,260,1,0
887.2572051501022,683,58,0,0
887.2673843848694,1539,462,0,0
887.2713585115607,802,481,0,0
887.5479567584388,255,442,0,0
887.5543566183594,1424,274,0,0
887.5792396257195,956,448,0,0
887.5805370936798,1346,367,0,0
887.587205580623,34,310,0,0
887.5961566173152,575,254,0,0
887.6054050239395,304,105,0,0
887.6107685055397,1301,228,0,0
887.6331745018537,1681,336,0,0
887.9946569588205,7941,251,1,0
888.0076893925108,534,110,0,0
888.0205550927124,675,405,0,0
888.0284116303715,42,400,0,0
890.4939629128561,1117,423,0,0
890.8963933673074,1551,2830,0,1
890.9469240669875,843,309,0,0
891.0144218286446,11,58,0,0
891.0186183877063,1002,513,0,0
891.0311564045099,346,179,0,0
891.0567550433631,1210,311,0,0
891.0781650722201,22,446,0,0
891.0813162992783,1701,115,0,0
891.0849808350672,1785,179,0,0
891.1315840684107,1460,210,0,0
891.1628669933292,1939,242,0,0
891.1631376777102,150,136,0,0
891.1834488632626,1216,369,0,0
891.3889327452089,893,506,0,0
891.3937109036443,12,1470,0,1
891.4208707190406,465,124,0,0
891.4218472983915,213,212,0,0
891.5087025400896,431,371,0,0
891.5106057124547,1178,187,0,0
891.5120609550328,5890,20,1,0
891.5211684569556,730,491,0,0
893.2946942520679,21,329,0,0
893.2998122434541,205,76,0,0
893.3012385651328,288,271,0,0
893.3432089975641,16,239,0,0
893.3698091281176,1523,245,0,0
893.8084147962497,1105,382,0,0
893.8098247562347,413,33,0,0
893.8105695328275,1455,215,0,0
893.8197147867014,781,17,0,0
893.8553827042199,1080,110,0,0
893.8895878954918,1665,767,0,0
894.0320974601794,611,124,0,0
894.033004471472,113,256,0,0
894.0363719863035,1170,194,0,0
894.0494903088787,446,304,0,0
894.1376117117711,63,196,0,0
894.180804717828,33,173,0,0
894.1882355952924,127,116,0,0
894.1905297196805,1613,245,0,0
894.2863985521107,1230,28,0,0
894.3957632581593,772,62,0,0
897.8703085183338,670,316,0,0
897.8822995676239,17,286,0,0
898.2925505928306,8,2800,0,1
898.2941367132466,1911,209,0,0
898.2999914969033,1045,141,0,0
898.3044986966669,1177,174,0,0
898.311348955433,23,2750,0,1
898.3144011164043,1240,452,0,0
898.3202600606282,627,149,0,0
898.3355388234974,16,244,0,0
898.3425761620304,752,182,0,0
898.4045833428062,392,334,0,0
898.4190156822162,1269,37,0,0
898.4359687598775,263,33,0,0
898.7414222401192,38,78,0,0
898.7729579678715,1451,207,0,0
898.7959894974485,423,90,0,0
898.8123706550089,1583,630,0,0
898.8316000890611,321,237,0,0
898.883925387567,823,298,0,0
898.8874587413628,1813,197,0,0
899.0478579598725,15,426,0,0
899.4178817604062,9,271,0,0
899.5810324348494,1364,311,0,0
899.5875245499549,1503,92,0,0
899.5882750816047,1007,86,0,0
899.5955034822931,1595,286,0,0
899.6185026155126,1814,377,0,0
899.7047111663496,1452,205,0,0
899.7166144660104,1488,81,0,0
899.7260057649328,753,602,0,0
900.0610806416845,235,38,0,0
900.0656615220546,1929,273,0,0
900.202985762607,1134,125,0,0
900.3032352479339,125,111,0,0
900.3044924089389,50,48,0,0
900.333856954564,1030,406,1,0
900.3395702695376,1467,266,0,0
900.342224638145,866,610,0,1
900.3426781525077,1395,38,0,0
900.3434684238324,1416,510,0,0
900.3818170945051,955,275,0,0
900.3897710236591,294,325,0,0
900.4188398285252,1578,368,0,0
900.4209611087869,844,35,0,0
900.4300446770926,1354,146,0,0
900.4400428702162,1622,225,0,0
900.4408680207738,531,89,0,0
900.4415234441648,16,165,0,0
900.4818610693176,873,208,0,0
900.5045846256314,1637,208,0,0
900.5073210632831,433,360,0,0
900.5212778911939,262,110,0,0
900.5836243553651,1259,248,0,0
901.199206891316,1247,325,0,0
901.2021970395355,742,19,0,0
901.2591944669385,1615,670,0,0
902.339567447215,1863,25,0,0
902.3589460302006,1340,308,0,0
902.6606821751606,279,332,0,0
902.6607894416015,849,34,0,0
902.9519101372605,597,256,0,0
902.968592742788,16,336,0,0
902.969023187691,417,315,0,0
903.0474672589824,1650,376,0,0
903.1805944777323,674,1220,0,1
903.3624359227383,139,713,0,0
903.5410878203095,919,559,0,0
903.5571426620495,30,212,0,0
903.561071311695,329,335,0,0
903.5679660672607,827,297,0,0
903.5838660909724,1616,433,0,0
903.6215902171544,24,204,0,0
903.6282162252338,575,7,0,0
903.6469401278374,138,19,0,0
903.7419256384087,743,767,0,0
903.774135763324,354,18,0,0
905.3040047177993,21,319,0,0
906.4746915016744,1154,594,0,0
906.4764828823161,1240,300,0,0
906.4820733401527,1307,148,0,0
906.4833786237032,976,152,0,0
906.4851117676137,183,128,0,0
906.534796435488,635,59,0,0
906.5372251233737,465,1230,0,1
906.5394061329746,1155,5090,0,1
906.5494271831238,2447,201,0,0
906.6313523958218,494,262,0,0
906.6398276964807,1092,220,0,0
906.6482692479516,89,354,0,0
906.7515440853898,253,324,0,0
906.794528614387,464,166,0,0
906.8362104506011,660,134,0,0
906.945704928817,67,611,0,0
906.9480372007803,781,766,0,0
906.9740202500757,550,122,0,0
906.9789212355971,534,418,0,0
907.1067835802588,1041,619,0,0
907.1912975629233,15,109,0,0
907.193485103563,1537,310,0,0
907.4292358004968,917,542,0,0
907.4309494864508,97,202,0,0
907.6005536012152,951,432,0,0
907.6260198243363,1388,394,0,0
907.6290886456796,42,74,0,0
907.6309771169134,1354,316,0,0
907.6403315591606,1748,433,0,0
907.6565625893465,382,221,0,0
907.660771808676,566,29,0,0
907.712251530874,871,453,0,0
907.7133347755927,1384,250,0,1
907.7301069911305,153,362,0,0
907.747145619831,717,183,0,0
907.7475742138124,11,73,0,0
907.7788424864466,1433,29,0,0
907.7802594800578,13,312,0,0
907.780384360827,844,438,0,0
907.7854666853182,1818,209,0,0
907.7963086987721,6,379,0,0
907.8971139689779,527,231,0,0
907.9036426672812,494,240,0,0
908.2127237053958,1799,151,0,0
908.5014291807865,112,92,0,0
908.6476394374475,12,268,0,0
908.8778836881685,203,120,0,1
908.9117720898832,694,434,0,0
908.91744743756,1651,125,0,0
908.9783803799454,1488,767,0,0
909.0927383765395,87,275,0,0
909.1199440315942,1440,73,0,0
909.1304300277005,9,134,0,0
909.1312035430852,15,477,0,0
909.1955909373321,93,186,0,0
909.2295763200042,395,362,0,0
909.2308825737819,140,329,1,0
909.2515549407201,1355,269,0,0
909.3221442680672,14,27,0,0
909.335843478377,1202,310,0,0
909.4154827153218,347,24,0,0
909.4906794272395,736,5290,0,1
909.4916031133041,744,369,0,0
909.5009816009762,1336,381,0,0
909.5451583493456,766,166,0,0
909.648733744476,609,233,0,0
909.9229571108015,955,404,0,0
909.9233433090039,1912,137,0,0
909.9382471842216,7480,401,1,0
910.0079689911524,560,417,0,0
910.1981330786163,920,181,0,0
910.672680261563,1629,27,0,0
910.6753646620311,7422,770,1,0
910.6835040238134,1772,611,0,0
910.6856255230749,704,1920,0,1
910.771007649017,532,7660,0,1
910.7722518772077,1150,486,0,0
910.9480738213907,492,131,0,0
911.0559706374227,231,260,0,0
911.1004248349354,921,282,0,0
911.1006581283457,805,767,0,0
911.1051136001007,1626,478,0,0
911.1796512511212,875,69,0,0
911.1806851477577,685,197,0,0
911.1912588698135,1122,1410,0,1
911.2050729512661,133,30,0,0
911.3035327044323,512,7680,0,1
911.3331975450229,125,153,0,0
911.3623895697301,18,433,0,0
911.3695018294258,146,225,0,0
911.3866529257396,394,412,0,0
911.3996679660305,420,767,0,0
911.4711674764442,530,163,0,0
911.4830705038115,838,211,0,0
911.6137855557423,1406,282,0,0
911.6143777355416,407,404,0,0
911.7961113743376,7885,307,1,0
911.8082263837285,1869,108,0,0
911.965773447159,53,656,0,0
911.9857708800288,868,243,0,0
912.0775127297095,281,289,0,0
912.4019477547212,1427,17,0,0
912.4076170993144,541,309,0,0
912.4274613674762,292,297,0,0
912.439568622883,41,349,0,0
912.4651314304188,750,205,0,0
912.4658217020526,344,341,0,0
912.4778946041463,1248,4,0,0
912.4882413437958,485,644,0,0
912.4918213299075,1869,348,0,0
912.5033445228581,873,18,0,0
912.5041475237707,1556,407,0,0
912.772251540339,10,219,0,0
912.8131773970857,1146,2130,0,1
913.5132783452362,66,264,0,0
913.5162858441222,1816,657,0,0
913.5179710250708,416,320,0,0
913.5474976903243,1769,373,0,0
913.5481235327298,1699,418,0,0
913.5745321569219,1009,161,0,0
913.5787427774617,1321,586,0,0
913.5874635632923,1042,72,0,0
913.6153472239967,1326,155,0,0
913.6338202351318,991,170,0,0
914.3020637169428,430,616,1,0
914.3608551171737,126,21,0,0
914.362168039731,376,365,0,0
914.4790735103534,1296,198,0,0
914.4802682282667,644,689,0,0
914.5002508191901,1014,168,0,0
914.5016828494421,103,478,0,0
914.5049608251373,850,26,0,0
914.7306958450328,1197,426,0,0
914.7362908864576,871,92,0,0
914.7409989351052,1222,666,0,0
914.7465333908493,26,259,0,0
914.7555933757101,295,335,0,0
915.0454548475534,1620,134,0,0
915.0470878711225,1725,250,0,0
915.0485447206262,434,417,0,0
915.1012313764919,1477,205,0,0
915.1019478809698,909,9,0,0
915.110073579421,170,16,0,0
915.2665756764058,563,341,0,0
915.2833354784386,191,199,0,0
915.2898080369974,609,298,0,0
915.2939112387792,7778,414,1,0
915.2966373142733,891,312,0,0
915.3018215174627,405,99,0,0
915.323604405244,694,247,0,0
915.5177419951517,7943,249,1,0
915.6297685490616,21,17,0,0
915.6351962335547,641,37,0,0
915.6391022566588,20,194,0,0
915.7044943317676,7502,690,1,0
915.704951965646,1874,94,0,0
915.7118893507463,519,346,0,0
915.7205678556946,1277,277,0,0
915.7224026830809,37,26,0,0
915.7247050439629,632,357,0,0
915.7573485088076,25,426,0,0
915.7579726732648,1126,133,0,0
915.7606602629953,1194,356,0,0
915.7651983624306,1328,189,0,0
915.7843486104799,778,188,0,0
915.7854326629135,1013,145,0,0
915.9242941603817,1446,271,0,0
915.9331153203283,391,107,0,0
915.9427963810125,1073,112,0,0
915.9506934570657,449,60,0,0
915.9549602103889,68,286,0,0
915.9572820234332,1083,640,0,0
916.1122932465887,1377,260,0,0
916.1362538754121,1419,87,0,0
916.1491498868754,1688,364,0,0
916.263208125136,26,192,0,0
916.2671292571067,2990,399,1,0
916.3223565397537,698,495,0,0
916.3389872528377,873,200,0,0
916.3417345272975,1371,116,0,0
916.4127760100731,445,311,0,0
916.4136061922154,1073,16,0,0
916.4707513102572,29,301,0,0
916.4735121195049,95,88,0,0
916.5088467539035,1497,31,0,0
916.7486107900178,7190,701,1,0
916.796799552849,1813,115,0,0
916.8015910024147,893,196,0,0
916.8164086674898,1216,543,0,0
916.823994828207,1164,475,0,0
916.825544293894,1758,149,0,0
916.8273070386751,724,65,0,0
916.8442861517641,394,28,0,0
916.8891198754127,340,344,0,0
916.8896003922772,885,91,0,0
916.9030478549739,598,217,0,0
916.945021005622,945,263,0,0
916.96418678003,558,510,0,0
916.9663277345699,8072,120,1,0
917.0844631612933,1494,351,0,0
917.0858661978027,513,158,0,0
917.1408015066751,1270,379,1,0
917.4987053532685,60,22,0,0
917.4989811612664,7422,770,1,0
917.5243275063033,28,317,0,0
917.5525952456767,1449,279,0,0
917.5763698813603,285,301,0,0
917.5797318513664,1186,223,0,0
917.5879596331748,1390,44,0,0
917.588932472529,99,31,0,0
917.60858663663,808,410,0,0
917.6521156433886,7,299,0,0
917.6562039659187,825,202,0,0
917.6586531986554,1763,69,0,0
917.6646108344039,34,774,0,0
917.6794372995173,1609,305,0,0
917.6964056602172,10,307,0,0
917.7086689734111,987,97,0,0
917.7258648382436,1375,600,0,0
917.7270089970973,1557,767,0,0
917.7270794262753,774,18,0,0
917.7774259737757,1317,648,0,0
918.0218086252668,1406,599,0,0
918.0227355281079,725,276,0,0
918.0267828006781,1323,291,0,0
918.0537272990316,991,484,0,0
918.1507827719039,1663,27,0,0
918.2040826740933,815,300,0,0
918.3873578268856,416,228,0,0
918.4007702986374,1869,75,0,0
918.4343601199106,816,346,0,0
918.4677630292778,956,40,0,0
918.4741453761701,562,560,0,1
918.6314470590654,1545,290,0,0
918.6819950813784,7851,341,1,0
918.7833609740045,1403,418,0,0
918.7902818193811,1542,378,0,0
918.9024146869457,826,367,0,0
918.9042970350201,721,379,0,0
918.9364273926901,1856,416,0,0
918.9365158344106,441,39,0,0
918.9385681212685,19,249,0,0
919.0014028653451,113,529,0,0
919.0075351174025,1738,425,0,0
919.0283577831499,1810,686,0,0
919.0289753727413,1735,2040,0,1
919.3360797697235,302,65,0,0
919.3836757846371,77,23,0,0
919.3977444464293,1707,45,0,0
919.4311504038016,551,469,0,0
919.4592713287021,1456,244,0,0
919.6957118779427,476,251,0,0
919.7182178414486,1104,28,0,0
919.71904696101,20,123,0,0
919.728011319626,83,386,0,0
919.9104608632566,1227,3930,0,1
919.9555250915254,17,388,0,0
919.962014330872,1884,324,0,0
920.010810670709,1785,365,0,0
920.0293790162846,23,526,0,0
920.0781045693554,1644,23,0,0
920.0787674963437,1674,468,0,0
920.0813188912247,32,80,0,0
920.135756383562,1135,767,0,0
920.1453156400078,1120,141,1,0
920.1747273105889,1268,406,0,0
920.8569100366329,1456,197,0,0
920.8649447793886,84,69,0,0
920.8886554422766,1455,215,0,0
920.8936271143419,184,114,0,0
920.8979817208672,944,460,0,0
920.9107539978079,1204,359,0,0
920.9116168434175,975,204,0,0
920.911858205744,329,3090,0,1
921.125232142379,1263,705,0,0
921.1373059080158,16,400,0,0
921.2703276384935,1324,40,0,0
921.2891034802153,1766,254,0,0
921.3088881119809,418,337,0,0
921.3637316075578,205,325,0,0
921.4239251265628,1760,752,0,0
921.425332486469,667,718,0,0
921.582140275202,1423,301,0,0
921.584358617964,380,200,0,0
921.6063677742236,175,200,0,0
923.7908006131235,700,327,0,0
923.8081087768975,7670,229,1,0
924.1927500407444,64,48,0,0
924.2002549453133,77,316,0,0
924.2493982466656,649,91,0,0
924.2657605210316,706,328,0,0
924.2992499559879,257,3390,0,1
924.3020358488952,841,191,0,0
924.3044986580279,351,4300,0,1
924.3330267070376,1317,344,0,0
924.3337258254479,1336,393,0,0
924.3365735974604,1822,286,0,0
924.3884727214216,896,468,0,0
924.392926292907,1403,339,0,0
924.3955381185515,1125,335,0,0
924.3972398506397,698,462,0,0
924.4169924077013,55,89,0,0
924.4242723284664,328,3540,0,1
924.4441317598504,1802,255,0,0
924.4543973763156,391,404,0,0
925.0048767470604,155,221,0,0
925.0111981925904,43,45,0,0
925.0115223675745,761,357,0,0
925.0301289735796,1374,319,0,0
925.0450237812144,268,13,0,0
925.065142516252,813,308,0,0
925.0657886151542,576,458,0,0
925.2008834674593,214,344,0,0
925.214834160494,8,3110,0,1
925.2284755824234,931,20,0,0
925.2291520013421,427,272,0,0
925.2664913765609,1441,606,0,0
925.2795469473981,32,237,0,0
925.4862941058633,33,7,0,0
925.492890636266,655,308,0,0
925.4942247216703,1318,257,0,0
925.5132817592398,259,74,0,0
925.5157830200176,767,244,0,0
925.5491122228732,1025,140,0,0
925.5509111772244,1067,313,0,0
925.5624485502881,332,279,0,0
925.5719882580311,735,217,0,0
925.5858684097321,741,612,0,0
925.5913184374832,1222,279,0,0
925.5943779660785,844,301,0,0
925.607592458407,23,45,0,0
925.6123936870529,352,295,0,0
925.6323608744917,1657,234,0,0
925.6411000884713,175,167,0,0
925.6412879993122,338,4040,0,1
925.6544409304671,187,200,0,0
925.8752487279154,1797,126,0,0
925.9019946019138,1091,218,0,0
925.9494900408204,1124,219,0,0
925.9854368019419,817,767,0,0
925.9914016019987,1767,378,0,0
925.9925154307589,974,637,0,0
926.0639176801154,94,235,0,0
926.1787292835869,67,511,0,0
926.2232584844456,621,424,0,0
926.2570487403714,809,2140,0,1
926.2889521042374,1788,574,0,0
926.3030115396947,651,237,0,0
926.3282518596887,1404,29,0,0
926.3434426218704,373,219,0,0
926.3713566537872,14,2130,0,1
926.3737390204465,579,108,0,0
926.3781293107749,922,152,0,0
926.4227357825538,1111,107,0,0
926.4304479371323,392,168,0,0
926.4305862635556,231,767,0,0
926.4494955284824,451,415,0,0
926.4496749238967,522,534,0,0
927.0459968517988,1729,278,0,0
927.1056504011055,53,96,0,0
927.1600971211412,1714,655,0,0
927.1642315976435,8015,177,1,0
927.1659238306081,1613,330,0,1
927.17582350137,1478,49,0,0
927.19131780808,925,19,0,0
927.1946986391612,1853,270,0,0
927.2149495044337,710,180,0,0
927.2710368401636,1054,238,0,0
927.3184481904792,7,443,0,0
927.320472793927,289,199,0,0
927.3207056852173,1003,66,0,0
927.3357749265411,441,425,0,0
927.3399942040877,8099,93,1,0
927.3753757361079,938,472,0,0
927.7270990816058,23,217,0,0
928.0782014035699,8040,152,1,0
928.1042613206196,1147,305,0,0
928.2307186772103,1584,298,0,0
928.584049245054,780,81,0,0
928.6005154587024,291,339,0,0
928.6259463883035,24,31,0,0
928.7033892406776,406,26,0,0
928.7175029925045,1823,44,0,0
928.7233133028379,413,252,0,0
928.7269099002137,19,156,0,0
928.7422650319571,789,330,0,0
928.7468819919752,1586,100,0,0
928.8169299048423,1660,28,0,0
928.8249666845043,737,534,0,0
929.0760601926677,1460,745,0,0
929.2309190514632,1655,355,0,0
929.2323438951978,730,221,1,0
929.353189449528,1249,113,0,0
929.3602719775979,189,489,0,0
929.5710352586901,8083,109,1,0
929.6119719916526,1100,298,0,0
929.6260556210545,419,31,0,0
929.6816694948301,1532,227,0,0
929.6869828615565,896,93,0,0
929.7159095458316,1303,172,0,0
929.748139479419,649,558,0,0
929.759820145652,1619,435,0,0
929.7922502532795,33,271,0,0
929.7945528265352,736,298,0,0
929.8395597598065,358,489,0,0
929.8411020349062,1250,24,0,0
929.8921927978656,459,759,0,0
929.9305544999872,305,450,0,0
929.9908828520772,1779,30,0,0
929.9962873085392,431,228,0,0
935.0973527407679,36,357,0,0
935.1075494932834,15,228,0,0
935.128562416395,1485,336,0,0
935.1323090032804,358,286,0,0
935.3731767347275,1170,125,0,0
935.3796349260128,965,135,0,0
935.4847423796164,275,526,0,0
935.4873728811692,704,555,0,0
935.5160954277503,905,237,0,0
935.5239663688727,432,88,0,0
935.6178144030713,13,289,0,0
935.6270126798461,771,13,0,0
935.6301168654304,1154,261,0,0
935.6680053211925,1673,99,0,0
935.669669880481,1006,442,0,0
935.6722813319632,8146,46,1,0
935.7416156364066,1068,115,0,0
935.7420772746301,62,96,0,0
935.8104723939381,623,626,0,0
935.8180401525753,7,71,0,0
935.820894156109,804,349,0,0
935.8467179890741,943,216,0,0
935.9006881557373,1051,290,0,0
935.9060676307145,314,34,0,0
935.9177577430133,1227,739,0,0
935.9923500749027,524,599,0,0
936.0606371182013,200,282,0,0
936.0755316539255,1169,263,0,0
936.0793517308971,973,340,0,0
936.0820942427328,812,168,0,0
936.0874276840547,719,750,0,0
936.147212221284,863,644,0,0
936.1965697109878,303,344,0,0
936.2260329706291,1638,279,0,0
936.4572349914788,1242,153,0,0
936.4666632954089,1726,71,0,0
936.4747831330125,1592,552,0,0
936.4828357449701,1690,272,0,0
937.10296160718,214,116,0,0
937.1033039590194,350,326,0,0
937.132343050081,1524,254,0,0
937.1713684787507,10,162,0,0
937.1902809142861,761,177,0,0
938.5792444836444,597,2680,0,1
938.7335221568945,483,191,0,0
938.8060701559775,1376,287,0,0
938.8091762731435,7809,383,1,0
938.8526216488538,334,237,0,0
938.8610439085802,1919,126,0,0
938.8795504559943,673,338,0,0
938.9044535398142,79,607,0,0
938.9113335803779,1802,347,0,0
938.9677417772454,770,769,0,0
939.3384697881003,1241,128,0,0
939.4595394899054,258,259,0,0
939.4853912962191,8,171,0,0
939.4858422685354,1053,192,0,0
939.6195883314326,1483,281,0,0
939.7512342345782,812,511,0,0
939.7632581815732,1227,328,0,0
939.770307783067,1331,457,0,0
939.8303061945285,276,230,0,0
939.8340916286367,782,152,0,0
939.9120812779862,1627,118,0,0
939.914363685188,65,96,0,0
939.9174479360347,1134,134,0,0
939.9354649692973,769,301,0,0
939.936593689931,1433,334,0,0
939.9541762476872,30,164,0,0
940.0018983807048,1474,767,0,0
940.0033760684458,1121,163,0,0
940.1036771536624,1601,219,0,0
940.1097968440632,1247,767,0,0
940.1591972405328,1320,769,0,0
940.1855296514108,831,328,0,0
940.1930112125184,1770,213,0,0
940.1996125504128,522,7670,0,1
940.2003274924879,581,364,0,0
940.205105078984,557,364,0,0
940.2092618404566,939,181,0,0
940.596845867464,1190,80,0,0
940.7167283627587,481,465,0,0
940.7180811015012,494,235,0,0
940.7978992475972,1358,196,0,0
940.8248365694587,335,110,0,0
940.8335338789783,427,137,0,0
940.8758350781618,265,250,0,0
940.9543228948746,840,767,0,0
940.9604339431318,1217,170,0,0
940.9710647362191,911,212,0,0
940.9953688630499,169,250,0,0
940.9981788695297,163,391,0,0
941.0233832132244,1088,21,0,0
941.0387102358342,270,233,0,0
941.043698062516,1122,61,0,0
941.0473853943699,1039,246,0,0
941.0790532788194,261,145,0,0
941.1713018875683,754,722,0,0
941.2045341850871,205,76,0,0
941.2081359308945,422,308,0,0
941.2809259860745,1057,536,0,0
941.3055474294154,516,254,0,0
941.3598488773856,1615,112,0,0
941.518226327363,868,373,0,0
941.5215286273485,41,94,0,0
941.5353216558735,633,303,0,0
941.5411770785632,1124,549,0,0
941.5446663266024,2116,390,0,0
942.3085602488563,895,504,0,0
942.4125566877542,1210,2570,0,1
942.4132142406216,951,238,0,0
942.4530668928256,146,19,0,0
942.4594101261712,1656,46,0,0
942.6132494044423,24,303,0,0
942.6342527844605,1372,82,0,0
942.6472168815648,1276,423,0,0
942.6706779362283,781,459,0,0
942.7075221347017,8,21,0,0
942.7265382545177,1158,347,0,0
942.7384617024584,1712,384,0,0
942.7523529718093,274,22,0,0
942.7991323828958,672,99,0,0
942.801312584091,1555,291,0,0
942.8192390739471,326,339,0,0
942.8336178670636,1602,366,0,0
942.8408729668317,7970,222,1,0
942.9121747836921,1598,218,0,0
942.9137886749455,768,89,0,0
942.9228824305874,1527,87,0,0
942.9265441566095,1152,277,0,0
942.9764156055194,98,5,0,0
942.9839263553362,1243,373,0,0
943.003656947295,654,576,0,0
943.0406287460547,876,382,0,0
943.0415397271923,1353,263,0,0
943.0834679211787,1285,71,0,0
943.087921386798,7800,392,1,0
943.0991189901805,588,4590,0,1
943.1137218066624,688,73,0,0
943.1953539840056,715,224,0,0
943.2669188309346,987,416,0,0
943.7549213366914,1494,77,0,0
943.7800086850684,1469,156,0,0
943.7874097842208,76,599,0,0
943.7944594773091,113,381,0,0
943.855594443769,15,393,0,0
944.2155588044021,919,108,0,0
944.2496517001777,426,501,0,0
944.2557968190188,1450,39,0,0
944.2859142894845,975,512,0,0
944.315002436619,7,201,0,0
944.334176268592,10,128,0,0
944.3386809718207,9,273,0,0
944.3388384555549,13,164,0,0
944.3454588606198,786,161,0,0
944.4743860585264,9,283,0,0
944.5012207631336,1643,280,0,0
944.5015124029823,300,63,0,0
944.519725564302,1791,220,0,0
944.5202983070105,1525,225,0,0
945.2621332035145,7760,432,1,0
945.2878863487008,522,7670,0,1
945.2897929128239,1071,111,0,0
945.3698755825137,34,385,0,0
945.3740609650803,745,132,0,0
945.4255632115104,1039,468,0,0
945.444352392267,1258,448,0,0
945.446344304944,1729,216,0,0
945.5088262039395,940,491,0,0
945.510305159667,13,704,0,0
945.730935207958,750,125,0,0
945.7511389192657,558,281,0,0
945.7537799820258,1309,56,0,0
945.7543906824808,1277,242,0,0
946.1236053178159,793,269,0,0
946.3949835049398,172,296,0,0
946.3967081569435,547,274,0,0
946.7873797073534,1552,185,0,0
946.8120354304834,1147,159,0,0
946.8239718945005,1410,524,0,0
946.83931156577,886,73,0,0
946.850239548102,1071,377,0,0
947.1115365810709,1511,449,0,0
947.1354227703047,1777,69,0,0
947.1360006304794,976,189,0,0
948.035912428901,1066,480,0,0
948.1295942421541,1713,534,0,0
948.1319556932876,124,392,0,0
948.141229442859,615,159,0,0
948.1445612872639,889,326,0,0
948.1642470247,1200,195,0,0
948.2019303012642,20,253,0,0
948.2300833705883,808,223,0,0
948.2359857539169,699,770,0,0
948.2400335211468,514,437,0,0
948.3278128060135,486,476,0,0
948.3427680356596,472,370,0,0
949.550395399442,1032,2000,0,1
949.5543912956781,824,272,0,0
949.6330810283409,174,42,0,0
949.6528512175922,7793,399,1,0
949.6572148354854,940,95,0,0
949.8870529291443,1412,511,0,0
949.9097813430616,1367,22,0,0
949.9131800021108,1286,6470,0,1
949.9231241281827,1711,270,0,0
950.0438224341333,32,37,0,0
950.0456533266743,1082,672,0,0
950.2827137929432,1284,178,0,0
950.3476023252699,1271,417,0,0
950.3583276950827,1629,970,0,1
950.5859736213705,826,370,0,0
951.0598329433416,482,495,0,0
951.1150920337449,848,433,0,0
951.1399136964005,936,286,0,0
951.709886643433,17,294,0,0
952.0053119245578,1113,375,0,0
952.0084993467387,1331,310,0,0
952.0207557331346,46,39,0,0
952.0328190813643,839,27,0,0
952.0411852600042,137,50,0,0
952.0422802213665,1215,253,0,0
952.1399358111909,319,94,0,0
952.1610430782008,350,322,0,0
952.1827542515292,297,769,0,0
952.4350756084302,1323,371,0,0
952.4413353908295,1466,317,0,0
952.4575543039192,544,316,0,0
952.4877039168829,6760,288,1,0
952.4957265506113,476,254,0,0
952.5103803734654,1474,153,0,0
952.5863131058403,1098,215,0,0
952.6040679279644,1501,36,0,0
952.8231898851396,93,101,0,0
952.8276016111507,1353,239,0,0
952.8539504510748,1678,128,0,0
952.8551901524469,1332,482,0,0
952.8696438276182,1229,241,0,0
952.8744710711912,323,141,0,0
953.1073400653866,697,222,0,0
953.1803717736694,516,594,0,0
953.2273196917138,593,303,0,0
953.8052831212765,335,16,0,0
954.0771623836,578,351,0,0
954.1467832774687,1104,482,0,0
954.1517145528007,971,20,0,0
954.152904508301,1541,26,0,0
954.1699678924526,283,594,0,0
954.179211567347,679,433,0,0
954.1845540151174,491,130,0,0
954.195000729245,1441,315,0,0
954.1958029499914,1625,228,0,0
954.4944128340866,1681,250,0,0
954.4965204517607,1164,227,0,0
954.5016117038358,1427,300,0,0
954.5543962021246,965,502,0,0
954.5552364194797,11,419,0,0
954.6576088064114,1496,393,0,0
954.7633086644785,670,104,0,0
954.7733189141044,240,193,0,0
954.7756830755395,938,75,0,0
954.7830677085441,771,553,0,0
954.7836178221602,1876,370,0,0
955.0311978094948,337,145,0,0
955.0511868331553,1459,15,0,0
955.0556830037581,714,579,0,0
955.0589363137861,89,330,0,0
955.112237624364,719,538,0,0
955.420614627936,1172,237,0,0
955.4222423334082,1548,768,0,0
955.4283354863513,4210,588,1,0
955.4289861781197,954,430,0,0
955.4936968553498,1714,1300,0,1
955.5179532255744,923,70,0,0
956.8088178183161,1542,370,0,0
956.8231329849403,1501,159,0,0
956.8310496318087,548,767,0,0
956.8357687157657,1241,3820,0,1
956.9263776380275,1563,767,0,0
956.9272061201816,1361,340,0,0
957.0018582093186,1540,344,0,0
957.0306453224144,1096,353,0,0
957.0375774420789,1359,45,0,0
957.0408455922834,1751,23,0,0
957.1737543082698,309,49,0,0
957.7865711940258,1550,285,0,0
957.7943272953399,64,213,0,0
957.843515514067,40,106,0,0
958.3334428235053,735,257,0,0
958.339015568708,446,383,0,0
958.3502105861196,8,89,0,0
958.3519969729758,1305,294,0,0
958.3656323800363,1204,175,0,0
958.3810924645604,11,296,0,0
958.3892533040895,1739,30,0,0
958.3936933024492,499,255,0,0
958.3945882552744,1485,211,0,0
958.3959937656405,58,251,0,0
958.3988185501332,8,130,0,0
958.4597724400454,476,225,0,0
958.4666356812747,279,296,0,0
958.4702155968506,1480,597,0,0
958.5329811830587,7685,507,1,0
958.5855342983931,1880,140,0,0
958.589837487354,1549,3060,0,1
958.5953231651915,865,126,0,0
958.6586625093148,1394,1780,0,1
958.6947797973337,927,252,0,0
958.6984623984931,981,322,0,0
958.7269732089658,20,401,0,0
958.7440363893134,162,339,0,0
958.8942584722739,239,52,0,0
958.8977202114185,590,63,0,0
958.9945879336868,1921,691,0,0
959.0356695371269,633,61,0,0
959.0383130402313,1056,143,0,0
959.1726906813414,44,105,0,0
959.2746740429409,8010,182,1,0
959.2761361855698,608,104,0,0
960.0646862426072,15,244,0,0
960.0667148843305,846,769,0,0
960.0698435389671,397,402,0,0
960.0795971986709,1743,763,0,0
960.1580426584136,559,467,0,0
960.2129153796592,1046,33,0,0
960.227975761522,1447,477,0,0
960.473071610294,689,81,0,0
960.5121732295329,1649,521,0,0
960.7717566803781,267,294,0,0
964.713480312963,1458,227,0,0
964.7396009624457,591,555,0,0
964.7397318579566,556,44,0,0
964.7473211095408,762,119,0,0
964.7496203389785,1418,400,0,0
964.7711477743665,7882,310,1,0
964.7929062335473,1682,235,0,0
964.7946237934156,327,59,0,0
964.7965990942683,1727,218,0,0
964.8074740845901,440,187,0,0
964.8198468848955,1873,80,0,0
964.8199681341603,1228,265,0,0
964.9370735340884,3730,314,1,0
964.9562259368005,1260,363,0,0
964.9739274405723,1314,401,0,0
965.0058743322819,1426,103,0,0
965.0083864769516,1562,604,0,0
965.0247476586887,241,267,0,0
965.1582016884116,878,252,0,0
965.3021973481881,77,31,0,0
965.3461932251314,402,1590,0,1
965.3567192906607,1936,262,0,0
965.3604109659681,1602,666,0,0
965.5917756750905,5250,103,1,0
965.6415165767233,17,311,0,0
965.6494750578064,642,163,0,0
965.649744657685,544,357,0,0
965.6530889446934,652,1670,0,1
965.6535174733534,52,357,0,0
965.8559619399362,975,781,0,0
965.8819671029011,1814,183,0,0
965.8862129269568,1315,593,0,0
965.8967483731521,674,96,0,0
968.7165839938141,1338,472,0,0
968.9089104924545,1055,48,0,0
968.9102275799733,666,322,0,0
968.9242104119531,8010,182,1,0
968.9258478959493,50,66,1,0
968.9264727738667,404,118,0,0
968.9518190887113,651,364,0,0
970.9686025816575,1387,762,0,0
971.3498124392904,1274,1900,0,1
971.3694649454832,474,220,0,1
971.3781093216944,1598,323,0,0
971.4048709280062,680,588,0,0
971.5416034489365,89,18,0,0
971.542634483426,1320,322,0,0
971.5430972026808,71,9,0,0
972.2644544889414,506,341,0,0
972.2957142056273,501,292,0,0
972.7178609537632,1799,251,0,0
972.7466339555566,797,205,0,0
973.0752739776943,262,256,0,0
973.080700235861,1377,310,0,0
973.1287129370563,1227,242,0,0
973.5108633296488,1327,81,0,0
973.6454902286953,900,3340,0,1
973.6527820484745,1756,216,0,0
973.7579185572041,1490,334,0,0
973.7627858276227,1676,768,0,0
973.7638702561408,681,12,0,0
973.8145369425375,185,373,0,0
974.1001423726722,1028,401,0,0
974.1966972883289,612,280,0,0
974.1982010132901,770,354,0,0
974.2986943937944,15,24,0,0
974.3677839361117,543,695,0,0
974.3750519954485,591,555,0,0
974.3751840370467,1107,767,0,0
974.5097165833731,160,650,0,1
974.6140259426165,473,309,0,0
974.6623178715513,100,349,0,0
974.6629030555528,1433,506,0,0
974.6638463082813,643,224,0,0
974.7979665953638,1295,73,0,0
974.886587323402,26,336,0,0
974.9346737232125,1208,149,0,0
974.9457335198556,280,4,0,0
974.985158360521,947,332,0,0
974.9913154324952,244,147,0,0
975.0010205164002,824,439,0,0
975.0042460902184,1288,236,0,0
975.0343613917618,1228,246,0,0
975.0422227544258,185,287,0,0
975.1618642900395,1656,256,0,0
975.2373553995775,970,25,0,0
975.2409445848269,130,32,0,0
975.9369842379112,127,100,0,0
975.9389196998686,1582,327,0,0
975.983108024759,828,259,0,0
976.1389270887968,394,525,0,0
976.370132947322,383,767,0,0
976.3703558603252,1062,470,0,0
976.5028389107596,1408,618,0,0
976.7077841670381,1695,322,0,0
977.0249219069711,1661,760,0,0
977.0251360971944,712,102,0,0
977.0298194526753,1234,161,0,0
977.044638098299,777,469,0,0
977.0520539391723,1312,86,0,0
977.3137845925821,491,23,0,0
977.3184425601306,55,224,0,0
977.527874685071,376,264,0,0
977.5831946145488,1569,198,0,0
977.5841847578778,936,11,0,0
977.586675636663,1874,131,0,0
977.5937468368271,57,452,0,0
977.6156377010454,1546,313,0,0
977.7468656095974,634,272,0,0
977.759395593891,1020,440,0,0
977.870388034283,24,17,0,0
977.8711642769362,1096,256,0,0
977.8712049042878,418,341,0,0
977.8804025021011,1615,551,0,0
977.9255372588434,602,390,0,1
977.9343001637061,863,327,0,0
977.9366959975231,1779,295,0,0
977.9786884939524,271,211,0,0
978.8402476569248,22,249,0,0
978.8549211308994,1384,233,0,0
978.8591453502748,966,105,0,0
978.8624720309261,8152,40,1,0
979.7829470712413,4650,124,1,0
979.799593971794,826,68,0,0
979.8609810329011,1350,412,0,0
980.0680114305277,198,679,0,0
980.2235989864258,288,85,0,0
980.2264536256985,324,574,0,0
980.3485624867147,1179,142,0,0
980.4461281579557,1829,300,0,0
980.4941344179255,129,3260,0,1
980.6300564514642,270,10,0,0
980.6359291014365,1841,267,0,0
980.6514810835807,248,351,0,0
980.6577993166991,1713,156,0,0
980.7400256078889,20,183,0,0
980.7449130959585,935,730,0,1
980.7845403751656,6960,23,1,0
980.7865638304729,150,29,0,0
980.800701676622,351,46,0,0
980.8094530157679,679,316,0,0
980.8238124350672,1613,354,0,0
980.8473514369849,3710,371,1,0
980.8598437685068,123,321,0,0
980.8714777300914,1198,185,0,0
980.8717649033995,1099,405,0,0
981.0363483090506,1326,74,0,0
981.0415361962126,558,254,0,0
981.0525964738381,1615,103,0,0
981.0560457969224,1593,332,0,0
981.1891679216507,180,32,0,0
981.1921251043301,1090,631,0,0
981.2416016682963,1124,213,0,0
981.4320663572483,1438,310,0,0
981.9169252179308,848,111,0,0
982.1111995796452,543,567,0,0
982.1735007277259,287,26,0,0
982.1751472092094,705,214,0,0
982.4136562446068,1630,307,0,0
982.6081242350172,1595,25,0,0
982.704770809491,20,276,0,0
982.7949323528553,746,218,0,0
982.81607780066,476,298,0,0
982.8225683391156,196,26,0,0
982.9801383185505,8088,104,1,0
983.2117012686663,1725,464,0,0
983.2139918968559,1454,355,0,0
983.3271932697688,10,276,0,0
983.3570574787556,1499,158,0,0
983.4644586351427,1208,261,0,0
983.496154229274,1476,241,0,0
983.6646929094703,574,83,0,0
983.8067576004615,783,50,0,0
983.9147590512376,1590,224,0,0
983.9159386307578,1084,1770,0,1
984.0112617074285,222,119,0,0
984.0316730047032,412,73,0,0
984.0336351354349,812,309,0,0
984.1094221981746,7,144,0,0
984.1106387483031,1144,141,0,0
984.220984656631,174,139,0,0
984.7628692108566,889,265,0,0
984.7697129953785,1383,370,0,0
984.8859253590158,744,96,0,0
984.9317180346334,2500,116,0,0
984.9998536099725,829,497,0,0
985.0011260443911,1176,267,0,0
985.0640290227051,522,493,0,0
985.0885006668293,1140,151,0,0
985.170124827786,1362,175,0,0
985.1892504354046,857,37,0,0
985.355189992855,953,14,0,0
985.3876875284298,182,300,0,0
985.4604122417456,87,62,0,0
985.7464037299585,74,82,0,0
985.7735750002016,1137,406,0,0
985.9096783779913,1161,328,0,0
985.9394632066842,483,131,0,0
985.9929377860788,1009,259,0,0
985.9996368886284,880,910,0,1
986.0880764820768,768,292,0,0
986.304261677913,370,363,0,0
986.3204912329576,1083,146,0,0
986.4123845452605,1447,101,0,0
986.4570113808605,563,517,0,0
986.4591624602688,1693,246,0,0
986.4976307528682,688,508,0,0
986.7574183453024,1128,569,0,0
986.7647665193899,222,103,0,0
986.7653356711842,26,56,0,0
986.7941040808785,159,21,0,0
986.7995061981537,597,610,0,0
987.6126292361641,5750,308,1,0
987.6303853975301,375,31,0,0
987.6494661288542,1307,305,0,0
987.6550456537863,363,344,0,0
987.6865975836353,227,101,0,0
987.6929470947191,634,328,0,0
987.6962112184599,1053,486,0,0
987.7132873910014,46,356,0,0
987.7172051473741,23,299,0,0
987.9759654686239,1471,231,0,0
987.9779134695533,94,482,0,0
987.9946491123115,1087,728,0,0
987.9996425302331,88,353,0,0
988.0009249248193,1827,767,0,0
988.5087956077366,260,32,1,0
988.5091066082967,906,733,0,0
988.8459081072837,256,129,0,0
988.8471169047637,1033,399,0,0
988.8702239274617,1108,197,0,0
990.5172861339825,745,291,0,0
990.5175829728615,748,158,0,0
990.518892095922,1184,303,0,0
990.773059235245,182,310,0,0
990.8002525047681,163,15,0,0
990.8068815160576,509,227,0,0
990.8250653934834,322,232,0,0
990.827983368076,1349,481,0,0
990.8525998688067,1794,264,0,0
991.2155201960005,110,27,0,0
991.2246646259167,23,304,0,0
991.2501060250606,269,212,0,0
991.4551260462883,684,498,0,0
992.4095547840537,1345,365,0,0
992.415669245797,606,4670,0,1
992.4505895475813,85,39,0,0
992.4570150121582,709,767,0,0
992.462489378831,253,117,0,0
992.4713280804735,1486,68,0,0
992.4769332602494,1130,767,0,0
992.4775843710016,1724,493,0,0
992.477976085801,1118,1790,0,1
992.4826009993341,14,102,0,0
992.5076928683549,1032,449,0,0
992.7170528729788,64,10,0,0
992.7239031736261,19,199,0,0
992.7378568377862,522,221,0,0
992.8085566603285,702,386,0,0
992.891162878917,579,151,0,0
992.9066337245313,7817,375,1,0
992.9240822706112,45,285,0,0
993.6840325164003,331,553,0,0
993.694089426216,797,91,0,0
993.7015059572936,165,253,0,0
993.7023067887889,477,216,0,0
993.7475482624728,226,129,0,0
993.7591025660798,412,204,0,0
994.5746747983311,1542,198,0,0
994.5847255850638,10,69,0,0
994.6797282776063,505,528,0,0
994.8001556163591,995,67,0,0
995.2882012323568,578,1700,0,1
995.2896894830446,805,448,0,0
995.7047638242676,1580,765,0,0
995.7246402187784,7991,201,1,0
995.7404269579779,871,346,0,0
995.7509756378988,721,70,0,0
995.7599140333054,267,15,0,0
995.7697873103718,59,248,0,0
995.769988482148,2120,132,1,0
995.8225512334989,883,310,0,0
995.844435691506,441,245,0,0
995.8474480204768,1201,3430,0,1
995.864536917649,301,14,0,0
997.6009833069,1426,192,0,0
997.6417152393258,1032,102,0,0
997.6507811698835,480,174,0,0
998.199651080175,1590,450,0,0
998.2037334407314,1171,31,0,0
998.2180603961324,45,117,0,0
998.2246225182862,592,31,0,0
998.2368028132056,603,123,0,0
998.3175814304412,208,60,0,0
998.3777077197904,1168,192,0,0
998.3823427412132,1025,720,0,1
998.3973591192932,500,702,0,0
998.4201827861449,587,119,0,0
998.4288798755088,979,768,0,0
998.4468631503128,42,504,0,0
998.4515864752029,19,140,0,0
998.4561820686918,1892,276,0,0
998.4772206178228,25,203,0,0
998.4797928555388,25,1530,0,1
998.5233732026859,5570,314,1,0
998.5365792937862,1445,1670,0,1
998.5397717704429,1100,444,0,0
998.5456010818677,292,157,0,0
998.5531763059487,686,390,0,0
998.5672567885255,798,206,0,0
998.5912635163003,3251,542,0,0
998.6040650839158,168,330,0,0
998.6076073647646,1670,704,0,0
998.9198140008017,21,208,0,0
999.0316522367091,1780,771,0,0
999.0554741694926,6,87,0,0
999.1777671444571,376,344,0,0
999.2140326832805,1191,276,0,0
999.2256368920041,282,150,0,0
999.2482867372752,639,207,0,0
