arrived_at,num_prefill_tokens,num_decode_tokens,prefill_inflated,decode_inflated
0.0,684,56,0,0
0.00010877455904734212,524,334,0,0
0.0417483043688458,529,19,0,0
0.047545144975718934,1216,313,0,0
0.05484280443128653,356,206,0,0
0.06656703785155282,1299,155,0,0
0.06688458784929141,14,105,0,0
0.07823197491729794,384,299,0,0
0.081429656704878,1529,252,0,0
13.970413723439584,247,248,0,0
13.998758010206709,1388,441,0,0
14.00767172135529,836,228,0,0
14.017952514612388,860,382,0,0
14.022695940170243,825,592,0,0
14.024882984816848,568,432,0,0
14.033141545360063,1510,16,0,0
14.08045255524113,1414,54,0,0
14.091650665590869,424,446,0,0
14.214182352399233,918,23,0,0
14.226282867237403,1565,121,0,0
14.245224672321235,157,187,0,0
14.642446133098426,737,377,0,0
14.696127357615017,611,309,0,0
14.70269657553405,995,33,0,0
14.715214659414219,960,152,0,0
14.7684063675425,4340,350,1,0
15.633664885211092,961,545,0,0
15.64418839312644,4780,48,1,0
15.655274967942505,121,382,0,0
15.789226691220426,1099,394,0,0
15.79229133816113,785,17,0,0
15.80235983871715,1632,205,0,0
15.907777500730491,1174,379,0,0
15.965379212807639,270,149,0,0
15.987048277755532,435,176,0,0
16.055976173437422,14,260,0,0
16.0560392458154,722,629,0,0
16.19517719670799,29,140,0,0
16.19782455623624,408,199,0,0
16.198465773184264,1261,193,0,0
16.22983237773115,1102,197,0,0
16.30308704985608,1188,234,0,0
16.31050065872115,1064,43,0,0
16.31259667928674,1274,58,0,0
16.331609279443384,493,256,0,0
16.347847335748973,1399,504,0,0
16.64792718111852,1674,604,0,0
16.728379784519436,1157,103,0,0
16.75496841106745,750,595,0,0
16.921655555514327,696,231,0,0
16.93361840723912,1553,289,0,0
16.93645060530285,478,376,0,0
16.99448111378064,382,168,0,0
17.0523354898423,1076,562,0,0
17.06407775143988,832,282,0,0
17.067848355069163,1698,119,0,0
17.096384173033172,1586,141,0,0
17.096507251116837,707,346,0,0
17.168251076873528,988,226,0,0
17.216462152523537,1080,251,0,0
17.21714269704844,27,102,0,0
17.23754319435073,1065,126,0,0
17.240167071183784,751,140,0,0
17.322214243003494,1052,340,0,0
17.322522913079265,1500,211,0,0
17.325420456212406,505,109,0,0
17.400010887639002,1284,338,0,0
17.58231101043989,1534,18,0,0
17.582551962207045,1178,564,0,0
17.58921631316967,545,497,0,0
17.623991094286616,1370,246,0,0
17.629326793739153,1396,457,0,0
18.063799323944952,1194,348,0,0
18.065465279549077,395,195,0,0
18.102133708967393,461,767,0,0
18.104350456888245,10,330,0,0
18.404649306657472,10,101,0,0
18.42192930729602,5190,208,1,0
18.430500022045216,289,289,0,0
18.43108072399961,1716,355,0,0
18.952473344716125,1449,763,0,0
19.033794764175173,790,177,0,0
19.115243998419313,751,103,0,0
19.29091532319572,872,53,0,0
19.32719673050386,568,48,0,0
19.332221396771235,965,395,0,0
19.335862802529356,779,2010,0,1
19.339504508698866,1802,222,0,0
19.61900301296201,95,29,0,0
19.619975488707716,104,100,0,0
19.625450055976415,944,180,0,0
19.63494124996228,48,47,0,0
19.663219425059307,367,60,0,0
19.720247918933264,263,256,0,0
19.72173179590809,1630,84,0,0
19.72229892141674,1217,506,0,0
19.74018501995585,342,244,0,0
19.94456479571595,400,202,0,0
20.026585226901886,838,507,0,0
20.05436071269961,769,313,0,0
20.063929830050792,123,95,0,0
20.09636747566676,1270,351,0,0
20.10745900936003,6,122,0,0
20.199964261187983,12,446,0,0
20.203648108166174,1060,68,0,0
20.22725012465003,582,292,0,0
20.241708762140995,11,53,0,0
20.2952028444908,1437,253,0,0
20.323482122362023,1518,55,0,0
23.283413995009276,17,353,0,0
23.64487775034637,1139,362,0,0
24.004957880152432,899,534,0,0
24.00526327327168,1432,714,0,0
24.014399239981266,757,487,0,0
24.01974140511533,775,194,0,0
24.072109391523696,1712,347,0,0
24.072298544211204,1219,126,0,0
24.26131793687038,1167,175,0,0
24.4137652243206,1559,287,0,0
24.415099929652,1683,526,0,0
24.41764906749495,388,259,0,0
24.42128370083606,1119,338,0,0
24.440960575258366,370,706,0,0
24.505987043310817,664,334,0,0
25.59021599436169,43,375,0,0
25.602373678371325,1508,361,0,0
25.686125454354293,715,412,0,0
25.71074862457548,627,74,0,0
26.320288778133786,538,5790,0,1
26.39990102856217,1288,758,0,0
26.678550094019922,1448,246,0,0
26.680640800168142,14,165,0,0
26.692925699792912,1265,540,0,0
26.696469881895446,1309,209,0,0
27.062511510560853,1043,38,0,0
27.129742350241532,654,339,0,0
27.139544124409948,382,149,0,0
27.146844432010283,1042,116,0,0
27.19441346655882,905,488,0,0
27.19884994624319,727,307,0,0
27.201655706408726,1624,238,0,0
27.24890327730346,420,245,0,0
29.736609384215413,526,769,0,0
29.747639012698674,7,1870,0,1
29.753575518413918,571,27,0,0
29.755309705196638,277,210,0,0
29.756559313747953,715,286,0,0
29.80812305453573,11,84,0,0
29.907057585105363,1688,335,0,0
29.925436456300666,315,73,0,0
29.96052954597774,968,523,0,0
29.983282282240577,377,107,0,0
30.007093622544044,805,186,0,0
30.007946221629993,1117,438,0,0
30.01516449451973,1448,246,0,0
30.03771620404751,1499,146,0,0
30.041484107364123,750,594,0,0
30.048442808028184,546,192,0,0
30.05194928526683,551,2990,0,1
30.061210719394296,968,27,0,0
30.160602439065908,339,213,0,0
30.16860443943955,391,226,0,0
30.18186919948392,1240,332,0,0
30.27373133970157,770,265,0,0
30.339253780184148,1845,105,0,0
30.87478938487315,538,95,0,0
30.875065174231835,99,9,0,0
30.97520526842199,1431,40,0,0
30.98208296698569,16,268,0,0
31.00570632327906,553,177,0,0
31.10208558279685,12,233,0,0
31.25957504821938,255,197,0,0
31.40382587530355,1635,130,0,0
31.428433728819282,1487,615,0,0
31.879754181135237,1120,47,0,0
31.890000349360474,7,3000,0,1
31.903611487416843,613,14,0,0
31.992871592478327,684,232,0,0
31.998861688500906,2939,215,0,0
33.358079637514145,1919,268,0,0
33.496634364621535,1748,114,0,0
34.89631994324249,943,557,0,0
34.91343012796688,1469,413,0,0
34.92181706313491,764,741,0,0
34.94701969083196,266,198,0,0
35.02543390888664,28,1830,0,1
35.031007262092864,4782,3410,1,1
35.06956881542284,14,68,0,0
35.087017141209685,755,320,0,0
35.543803492801025,664,290,0,0
35.54859789310631,1312,16,0,0
35.69482717325779,1798,10,0,0
35.69980565606464,362,124,0,0
35.70244778200154,1064,274,0,0
35.70680682877575,764,183,0,0
35.70847625591093,1364,557,0,0
35.73265691200511,1374,105,0,0
35.87459257119149,20,131,0,0
35.8996578109342,1353,150,0,0
35.9625550634658,7,21,0,0
36.434659700472665,115,149,0,0
36.465626175011764,471,122,0,0
36.492286512679215,1608,276,0,0
36.50269612168584,1398,529,0,0
36.50341963790785,256,44,0,0
36.585881022826705,1520,553,0,0
36.586418930342774,885,38,0,0
36.6529856755218,196,432,0,0
36.670520898276976,1292,644,0,0
36.842335355943,813,586,0,0
36.85809278180435,41,263,0,0
36.86157076276789,230,252,0,0
36.89848778648276,111,30,0,0
36.90437262903941,5050,182,1,0
36.91693792354285,2066,130,0,0
36.93655879425905,326,80,0,0
36.95034616259414,433,353,0,0
36.9627158350667,563,227,0,0
36.96613010019968,1027,307,0,0
36.978491574072,1278,297,0,0
36.978742191183734,679,136,0,0
36.99191543867698,15,16,0,0
36.99355879433875,357,51,0,0
37.16314809559184,582,530,0,0
37.391915492445335,15,272,0,0
37.39228000317088,11,315,0,0
37.41639142924671,1334,229,0,0
37.430406376403106,371,290,0,0
37.432630629112545,916,105,0,0
37.484886829094016,758,200,0,0
37.49205372884357,1962,357,0,0
37.49257978572477,183,318,0,0
37.503165431955985,670,404,1,0
37.516580063557804,1750,458,0,0
37.538905223587555,1475,380,0,0
37.54044307500838,1600,314,0,0
37.60226228220777,1037,409,0,0
37.68081472280487,1174,249,0,0
37.682639025273,181,458,0,0
37.68747044865576,1431,472,0,0
37.70283676142366,1438,36,0,0
37.70865502349755,18,217,0,0
38.29879601567259,328,238,0,0
38.32617009322235,747,122,0,0
38.32856103702795,82,417,0,0
38.332291880735724,502,262,0,0
38.34837727612979,471,242,0,0
40.12845067001716,517,495,0,0
40.141083811216305,9,34,0,0
40.16436871156802,333,1800,0,1
40.214816707126246,16,444,0,0
40.2314698737493,1856,174,0,0
41.95852673689717,361,563,0,0
41.96475939163944,1589,746,0,0
42.044697965158704,941,256,0,0
42.06956960510555,426,287,0,0
42.13207450830602,1146,130,0,0
42.13378977116874,54,127,0,0
42.753391964625735,520,316,0,0
42.76754313374737,16,29,0,0
42.786863867028515,7942,250,1,0
42.789645114992,24,80,0,0
42.79383830474583,1013,325,0,0
42.84961360506475,668,199,0,0
42.97939507437321,801,177,0,0
43.0607939646496,1504,405,0,0
43.26330467136489,6,124,0,0
43.33863102706158,113,58,0,0
43.35773270010578,1708,49,0,0
43.453882196790126,915,611,0,0
43.51303114090293,708,509,0,0
43.52778790743245,579,735,0,0
43.604879767254914,136,61,0,0
43.84097778482752,8164,28,1,0
43.86982446476884,1733,91,0,0
43.87867468252186,888,292,0,0
43.95463985697316,196,200,0,0
44.762424695497636,458,645,0,0
44.77426759123677,7866,326,1,0
44.78927033368403,1519,161,0,0
44.80300684289764,155,99,0,0
45.01128762321411,767,330,0,0
45.011745321875765,771,415,0,0
45.04925290015234,5000,470,1,1
45.245108977442705,1862,327,0,0
45.24865591977195,1365,327,0,0
45.60319092085672,1115,9,0,0
45.65583060440512,992,90,0,1
45.661848757539424,1285,630,0,0
45.68899210255483,1102,93,0,0
45.68983060986123,1529,312,0,0
45.695652996109864,153,467,0,0
46.39256551609635,336,542,0,0
46.39558547783493,7897,295,1,0
47.117564239340005,1239,334,0,0
47.132892605083185,1087,432,0,0
47.264810276470556,272,144,0,0
47.284510821537594,768,767,0,0
47.28471472454975,148,120,0,0
47.290455243619256,1079,62,0,0
47.31683401181581,1469,209,0,0
47.318639719963656,1297,462,0,0
47.31985871989222,1642,84,0,0
47.35739184825088,448,314,0,0
47.362315361047955,995,337,0,0
47.362922618655375,7981,211,1,0
47.36751602518089,1569,772,0,0
47.46843595265844,992,212,0,0
47.47543210350165,209,108,0,0
47.59245825200907,444,4070,0,1
47.97521428006351,352,219,0,0
47.99447144237053,155,141,0,0
47.99635560891474,1733,84,0,0
47.99769166501729,1298,272,0,0
48.01481332880864,181,1700,0,1
48.1199187242108,556,5370,0,1
48.15082264045188,460,9,0,0
48.20473537102764,129,113,0,0
48.21217014884875,394,651,0,0
48.245077556096405,704,263,0,0
48.252107893691175,300,727,1,0
48.261516571657864,932,337,0,0
48.26287776165057,1731,262,0,0
48.26365533777071,703,4050,0,1
48.27053754125647,32,23,0,0
48.27250679286689,427,276,0,0
48.27515891683986,6920,700,1,0
48.34421694813367,98,175,0,0
48.358782953518684,996,124,0,0
54.48972708026756,322,224,0,0
54.604796593574385,356,217,0,0
54.609882519121385,407,43,0,0
54.69541249782758,303,297,0,0
54.732247923428446,191,262,0,0
54.73682696677223,938,205,0,0
54.900528064913594,1005,147,0,0
54.90435550058979,371,180,0,0
54.90439529971899,1269,92,0,0
54.99271664168012,11,308,0,0
54.99796719791874,590,39,1,0
55.35042370946764,22,465,0,0
55.35534469019272,240,769,1,0
55.35704386676568,1354,254,0,0
55.75636885424594,704,608,0,0
55.75846868260618,1093,73,0,0
55.78557155301564,7557,635,1,0
56.11333975262285,746,259,0,0
56.13602799753913,1735,730,0,0
56.15138670274701,701,614,0,0
56.17353363820586,429,254,0,0
56.2701704325876,638,380,0,0
56.273764296559854,955,100,0,0
56.33496350509677,11,109,0,0
56.39218920476138,756,366,0,0
58.30872834849372,244,530,0,0
58.317933849111114,507,282,0,0
58.320829449680396,120,304,0,0
58.39941802246556,872,374,0,0
58.4075722601964,1053,212,0,0
58.439743876778095,168,330,0,0
58.46326750338232,1503,289,0,0
58.64999310741028,788,766,0,0
58.6548440706342,735,693,0,0
58.66984771607142,1962,308,0,0
58.66995726619992,896,213,0,0
58.67299959862364,495,143,0,0
59.062759098341864,210,43,0,0
59.067376538296564,1374,109,0,0
59.0718131840174,1233,32,0,0
59.07339257275061,720,129,0,0
59.13093490199902,13,252,0,0
59.156695151458706,1891,315,0,0
59.158375697120185,948,297,0,0
59.226938695474225,301,96,0,0
59.25729681520403,1032,226,0,0
59.338822573033696,449,133,0,0
59.34382485019784,620,451,0,0
59.92722293459382,1044,767,0,0
59.968182586008396,344,211,0,0
59.982465631794156,6860,54,1,0
59.988858504277076,118,21,0,0
59.999916983841395,470,124,0,0
60.100444978957576,1374,350,0,1
60.11098225294027,745,34,0,0
60.26687059670067,6240,472,1,0
60.324509895366305,60,316,0,0
60.59113474319584,671,354,0,0
60.68306780427187,1834,387,0,0
60.69897821608239,734,113,0,0
60.69937441945757,687,57,0,0
60.73216015141442,667,325,0,0
60.819604652971954,420,170,0,0
60.84459867859458,131,152,0,0
60.89950978837253,932,222,0,0
60.90653574979218,306,123,0,0
60.91496659555331,755,44,0,0
60.91770691409749,874,467,0,0
61.192674456778114,434,72,0,0
61.217444643597254,1552,296,0,0
61.22418343161443,325,30,0,0
61.22544095880311,1264,75,0,0
61.238720674108535,651,325,0,0
61.56187003771567,813,309,0,0
61.607323797979305,1378,476,0,0
61.611560601559695,324,442,0,0
61.92633059070344,1451,329,0,0
62.24048121227716,214,207,0,0
62.36878548849208,274,16,0,0
62.45618467675215,367,335,0,0
62.63821182070751,860,382,0,0
62.691695168601335,224,175,0,0
62.7767123944914,1129,89,0,0
62.78050404565287,1697,312,0,0
63.14262123240283,1054,378,0,0
63.17127292839935,1485,244,0,0
64.20536166894787,130,21,1,0
64.2056653905776,1545,186,0,0
64.27963615906367,393,408,0,0
64.4081164274777,102,103,0,0
64.41720471988478,1157,594,0,0
64.46180503272653,679,366,0,0
64.54240554901897,177,2050,0,1
64.59966629245096,1365,73,0,0
64.60579837085068,5,227,0,0
64.61938351153292,635,119,0,0
64.75789194178225,85,767,0,0
64.99006718074058,14,487,0,0
65.01206197818638,1168,297,0,0
65.03311232880634,1744,470,0,0
65.06005860103238,426,166,0,0
65.20382398288191,1736,72,0,0
65.20601589729358,1818,310,0,0
65.20728045268422,144,92,0,0
65.2304185892731,937,260,0,0
65.2323920618541,781,650,0,0
65.23796896320734,716,710,0,0
65.25941293852685,148,40,0,0
65.30677692302946,21,172,0,0
65.30889110632127,1203,176,0,0
65.39855455051699,1178,217,0,0
65.39907421235735,1289,391,0,0
65.45278878612369,286,636,0,0
65.45355782693221,6620,465,1,0
65.45496700340803,355,381,0,0
65.52015635377063,3637,377,0,0
65.52816184581245,18,259,0,0
65.53183751667243,660,113,0,0
65.53925098759217,6,3600,0,1
65.58498843803129,4880,3140,1,1
65.60118434681583,7961,231,1,0
65.61819920048015,12,559,0,0
65.76696973157277,323,344,0,0
65.77127599715374,563,99,0,0
65.77829755354267,10,202,0,0
65.78464461726962,176,3560,0,1
65.97156758221462,429,113,0,0
66.10262867538863,833,767,0,0
66.33937882575101,233,356,0,0
66.35624569071636,1780,354,0,0
66.36943289721238,1053,392,0,0
66.46875799145143,128,39,0,0
66.47695712840165,239,436,0,0
66.57198640085156,923,476,0,0
66.64880430666568,17,11,0,0
66.65326907010613,275,25,0,0
66.6685478192788,600,54,0,0
66.68276356598642,14,7,0,0
67.26073995518239,47,235,0,0
70.45304633178958,536,13,0,0
70.46782223600259,1179,372,0,0
70.48638173282738,1305,191,0,0
70.4865699202938,843,769,0,0
70.5141175599688,1478,266,0,0
70.53191022532592,324,276,0,0
70.5340212314605,625,355,0,0
70.62085891971965,1695,353,0,0
70.62164660602033,1286,217,0,0
70.63338830304778,700,273,0,0
70.65720926108264,651,508,0,0
70.65869342615427,1368,767,0,0
70.7588098495603,142,129,0,0
70.90781423781483,207,8,0,0
70.90894174656393,886,149,0,0
70.91002197773041,445,80,0,0
70.97020385264923,1846,133,0,0
70.98718083167975,8037,155,1,0
70.9887808994408,741,136,0,0
70.99877903661138,1119,223,0,0
71.01333235298613,1869,37,0,0
71.02688760928613,1278,101,0,0
71.12131484599807,1242,218,0,0
71.1602247476023,617,719,0,0
71.78150350813567,749,241,0,0
72.06340938421783,1504,96,0,0
72.13350076307788,144,123,0,0
72.28905757388343,632,3420,0,1
72.54386080382537,186,68,0,0
72.6179183122248,643,373,0,0
72.61947314453465,244,607,0,0
72.72012691187051,423,240,0,0
72.74097781853568,206,366,0,0
73.20063192563177,1804,23,0,0
73.22238599052362,230,349,0,0
73.27405391434033,583,310,0,0
73.308941535461,1912,440,0,1
73.82970881828037,1530,334,0,0
73.85542748075706,1027,235,0,0
73.86595268153559,1664,416,0,0
73.89943561492468,1024,396,0,0
73.90692761446542,14,320,0,0
73.93187903441421,279,293,0,0
73.94965608259572,398,7,0,0
73.98072156739754,60,96,0,0
74.82579230086644,537,485,0,0
74.83380855395876,963,315,0,0
74.85323817332878,120,731,0,0
74.86534620205204,897,166,0,0
74.93462059576048,1201,210,0,0
74.9363190235475,1276,99,0,0
74.94083396982677,1394,402,0,0
74.95750834390218,868,310,0,0
75.01130159198725,947,226,0,0
75.02775100572424,1315,292,0,0
75.03438548189726,1671,266,0,0
75.03757285612231,1262,228,0,0
75.08779005259282,1259,284,0,0
75.41065994880194,1117,63,0,0
75.44507875967787,162,237,0,0
75.47136701592427,499,309,0,0
75.51520927936707,958,234,0,0
75.51794815210218,476,573,0,0
75.52762273848239,688,215,0,0
75.53818195852594,201,305,0,0
75.5707500546832,861,228,0,0
75.58767520799803,1633,207,0,0
75.5892593646018,736,176,0,0
75.76054120147123,1406,622,0,0
76.29308713149558,994,260,0,0
76.30374670096545,357,20,0,0
76.34381293906276,155,35,0,0
76.37460249139406,451,453,0,0
76.46127870480879,629,85,0,0
76.4622141675727,6,41,0,0
76.91656593038252,1034,686,0,0
76.92364503615252,1137,328,0,0
77.1498190199797,1237,307,0,0
77.17102311973206,19,68,0,0
77.17930227539489,865,107,0,0
77.19292782749312,1305,32,0,0
77.30147644389798,408,572,0,0
77.3046865371917,236,65,0,0
77.31320721958143,560,6410,1,1
77.32008634696875,421,520,0,0
77.32067023588134,449,484,0,0
77.56382616055078,602,189,0,0
77.62125978499483,522,63,0,0
77.63855140887398,768,155,0,0
77.82351845329337,395,175,0,0
77.82618288969918,647,414,0,0
77.84176233801358,936,67,0,0
78.41063574818406,1157,103,0,0
78.53865556690558,106,678,0,0
78.53886611344595,475,12,0,0
78.53888913532283,1804,480,0,0
78.54115293468226,1739,769,0,0
78.6918721908794,423,285,0,0
78.69888655932961,191,298,0,0
78.71056055912072,1540,767,0,0
78.77147042376976,17,302,0,0
78.7745427888532,786,423,0,0
78.80216466435395,772,237,0,0
78.89013931481703,273,129,0,0
78.93605830214933,1455,312,0,0
78.97589319314335,102,255,0,0
78.98130595801163,735,2170,0,1
79.03177835279018,968,339,0,0
79.03945046614498,248,271,0,0
79.28481528500313,443,479,0,0
82.36590228513064,1110,336,1,0
82.37001071321389,1484,289,0,0
82.3702438448817,1083,291,0,0
82.37794963851452,1435,293,0,0
82.4162915070785,997,362,0,0
82.5636863382322,131,45,0,0
82.71984667597192,4,163,0,0
82.72360867143846,89,14,0,0
82.72730145887756,337,423,0,0
82.95487059695547,938,152,0,0
82.95690068031004,771,95,0,0
83.11660353986765,729,494,0,0
83.12806598904821,1619,428,0,0
83.21163388573217,755,445,0,0
83.28571655974466,632,430,0,0
83.37101508970262,1034,252,0,0
83.46411801947018,483,13,0,0
83.46661247454414,347,325,0,0
83.49932946326243,67,482,0,0
83.51788590664816,1191,347,0,0
83.55132308200768,464,106,0,0
83.76390959955863,1018,264,0,0
83.7744018378785,791,745,0,0
83.77874634107562,1899,286,0,0
83.782952800517,878,217,0,0
83.79264397382387,1344,319,0,0
83.87393806705755,1291,163,0,0
83.87747486225958,67,562,0,0
84.0608195734447,1600,364,0,0
84.0930772223186,1254,605,0,0
84.10455749814335,444,3860,0,1
84.1058155322917,904,101,0,0
84.13526626022555,211,204,0,0
84.20720327221346,1375,200,0,0
84.20773126148475,1380,633,0,0
84.40346815962019,1398,123,0,0
84.89050817568918,873,289,0,0
84.92601968508463,38,151,0,0
84.97427056456404,873,26,0,0
87.22777599434578,602,212,0,0
87.43978603139907,18,486,0,0
87.44278221054999,1619,556,0,0
87.46023608902526,692,161,0,0
87.47341990642863,240,306,0,0
87.48676433104991,962,367,0,0
87.48692383551273,1314,346,0,0
87.56893553711626,363,351,0,0
87.57398549561061,1531,185,0,0
87.59901750014212,134,366,0,0
87.61276110439915,119,192,0,0
87.71579345397554,138,140,0,0
87.72577996093574,1041,344,0,0
87.72945658933682,12,139,0,0
87.78179325650797,508,331,0,0
88.0814458039082,1887,262,0,0
88.09096424316421,824,77,0,0
88.3703932651865,843,766,0,0
88.40087777130586,1789,83,0,0
88.40709542917753,1631,583,0,0
88.78823584746212,1009,4320,0,1
88.79174578972258,721,633,0,0
88.92887843301898,36,609,0,0
88.93554083664908,585,311,0,0
88.97994306026946,1693,537,0,0
88.98147197116337,32,421,0,0
88.98485126585273,305,226,0,0
89.13671093419907,1853,518,0,0
89.16299823497319,669,244,0,0
89.18247920886425,7,229,0,0
89.18996671493609,350,196,0,0
89.23403822775478,1186,382,0,0
89.23514153659717,1076,282,0,0
89.23706279765192,1400,405,0,0
89.25022397686553,907,255,0,0
89.25362572751524,462,171,0,0
89.25807021571569,873,202,0,0
89.27371043479023,545,18,0,0
89.28741610449858,367,213,0,0
89.29897943418774,1284,220,0,0
89.80339652984776,758,394,0,0
89.93971636570606,229,506,0,0
90.15081411552787,468,418,0,0
90.1678705625327,772,285,0,0
90.17444693754005,270,237,0,0
90.1754321025821,1561,296,0,0
90.18442628031067,16,389,0,0
90.18470457942993,1832,308,0,0
90.19031917536711,507,767,0,0
90.27352606307133,1818,331,0,0
90.73568680046088,668,722,0,0
90.86015697083494,2041,385,0,0
90.86337784039844,570,767,0,0
90.91170961985421,1083,71,0,0
90.91543259905548,15,270,0,0
91.00901102254315,20,305,0,0
91.02345286749525,280,346,0,0
91.12386193202609,620,22,0,0
94.22226897998135,1055,729,0,0
94.33646322077878,248,237,0,0
96.25199805457139,27,726,0,0
96.27773009396334,281,205,0,0
96.28706179033223,1402,335,0,0
96.54695245884547,720,555,0,0
97.11463671038328,1144,173,0,0
97.12058333084954,386,354,0,0
97.14161682632427,1053,413,0,0
97.1426409048417,448,441,0,0
97.15473552215158,220,41,1,0
97.26138171167136,1019,97,0,0
97.27656328761425,1577,479,0,0
97.28234333536068,6,18,0,0
97.28342486076284,1316,3100,0,1
97.3211135963221,1739,404,0,0
97.41005107052318,1487,118,0,0
97.46954377100164,20,345,0,0
97.49961243770751,177,245,0,0
97.5010240345271,1685,228,0,0
98.11286325723337,1056,279,0,0
98.12897872480055,1403,329,0,0
98.14248641757668,17,297,0,0
98.22064261524588,763,184,0,0
98.22088108323099,1801,1460,0,1
98.23674294796224,1703,65,0,0
98.25046869002558,973,328,0,0
98.28846232033841,1508,420,0,0
98.55544184104606,569,143,0,0
98.6018396629483,1878,218,0,0
98.60230205389385,33,149,0,0
98.61146070356885,1623,138,0,0
98.63867971434132,24,238,0,0
98.66289990806962,153,86,0,0
98.66429133036056,1642,154,0,0
98.66493881201329,1667,496,0,0
98.71904096691442,1803,304,0,0
98.75491172568007,600,597,0,0
98.77220383213115,1398,318,0,0
98.77277618950184,284,230,0,0
99.39978023495067,1444,127,0,0
99.39983484074754,293,132,0,0
99.40854646009984,1519,246,0,0
100.59077333239985,126,398,0,0
100.60394410952472,1059,263,0,0
100.6326468524007,937,142,0,0
100.63435354847189,1510,610,0,0
100.90753392877258,524,553,0,0
100.90889409434526,116,133,0,0
100.93890889469286,1952,346,0,0
100.96254235579477,8134,58,1,0
100.96474884608128,738,499,0,0
101.07110687793758,133,285,0,0
101.07216970907922,814,282,0,0
101.07676891283789,1771,150,0,0
101.09380694195563,1802,107,0,0
101.10171479929402,1718,744,0,0
101.1477067137189,1028,769,0,0
101.2622510472475,655,440,0,0
101.27227828063256,1035,325,0,0
101.27838824122021,1185,65,0,0
101.28480488881559,1073,208,0,0
101.29349047045854,319,329,0,0
101.3846079855306,1160,255,0,0
101.3962856996039,453,80,0,0
101.43706323496056,945,56,0,0
101.4521007293226,307,18,0,0
101.45543389300454,32,275,0,0
101.55695753912886,565,85,0,0
101.55922071649991,62,646,0,0
101.57749048778768,938,75,0,0
101.9306429855335,5,483,0,0
101.93267015034908,1178,39,0,0
101.9488291187878,766,188,0,0
101.94958739319931,1437,394,0,0
101.95610182319705,277,214,0,0
101.95700997197758,775,133,0,0
101.96576543543607,1556,546,0,0
101.97191423786789,1425,159,0,0
101.99540942238653,1695,180,0,1
102.42440820152065,930,325,0,0
102.45618769719404,290,581,0,0
102.52349045165695,457,227,0,0
102.53979506963873,22,95,0,0
102.55086026940809,889,253,0,0
102.55426405632086,7997,195,1,0
102.55475626063136,7914,278,1,0
102.57545541805433,711,191,0,0
103.044688347645,1458,726,0,0
103.0914681718005,1032,12,0,0
103.0976701874326,175,206,0,0
103.5863290120033,623,769,0,0
103.5939248863784,4,296,0,0
103.59915887083451,446,55,0,0
103.600754811873,7842,350,1,0
103.60338946198479,254,284,0,0
103.61441403309819,708,199,0,0
104.5976937107529,6240,493,1,0
104.60964094528768,777,434,0,0
104.61193385047814,125,22,0,0
104.61731022894227,1154,120,0,0
104.62886535019186,48,307,0,0
104.62945357175738,310,520,0,0
104.65269901517188,560,439,0,0
104.72597179812318,562,397,0,0
104.76024887233763,1132,233,0,0
104.82024725222445,9,268,0,0
104.82161581096547,1522,318,0,0
104.82221972009096,825,138,0,0
105.05825975943901,108,151,0,0
105.21927756153939,1198,769,0,0
105.22010644421724,368,33,0,0
105.2473717644819,735,38,0,0
105.26636167852507,840,179,0,0
105.32001937156247,708,3620,0,1
105.34740517298043,628,653,0,0
105.35401520467809,1630,391,0,0
105.3806805697424,349,280,0,0
105.40538409661428,1263,137,0,0
105.4217564967147,382,769,0,0
105.42220047261236,1616,207,0,0
105.42224563233026,1408,289,0,0
105.42596098896294,1767,1260,0,1
105.42664711718385,792,369,0,0
105.45655064151136,469,83,0,0
105.53211960729935,308,591,0,0
105.56266100624993,1473,369,0,0
105.5712785187218,1066,288,0,0
105.59205484019681,321,63,0,0
105.77838764528602,1569,52,0,0
105.78258828233129,295,340,0,0
105.8967301054801,320,294,0,0
105.97102817136961,370,528,0,0
106.00148227668639,1277,256,0,0
106.33069778400812,1030,3450,0,1
106.33499176851785,18,291,0,0
106.45384201923079,19,69,0,0
106.45665698214542,1716,355,0,0
106.46054846042273,1235,52,0,0
106.46271564758555,1529,102,0,0
106.50672998598942,836,183,0,0
106.50948475111274,889,517,0,0
106.52951356749078,8017,175,1,0
106.53137143333834,711,334,0,0
106.68359761164271,750,13,0,0
107.39355097391405,14,307,0,0
107.42191170678623,1073,766,0,0
107.90470234087728,1262,3090,0,1
107.96008018192973,1073,232,0,0
109.3423361776542,1086,245,0,0
109.36436343792069,307,104,0,0
109.36514380180498,401,469,0,0
109.72081984306656,878,198,0,0
109.73483469996195,8129,63,1,0
109.73710784016644,870,368,0,0
109.74196435243225,543,45,0,0
109.74266216050245,445,97,0,0
109.75556501610264,1313,303,0,0
109.75768270372272,1272,239,0,0
110.10883266446108,1085,323,0,0
110.17699119038159,724,189,0,0
110.17764302801227,1566,640,0,0
110.17852473773354,1060,292,0,0
110.18433078901177,524,9,0,0
110.18471474406476,1274,141,0,0
110.19920158392254,2342,259,0,0
110.21574446658818,836,127,0,0
110.21959125872816,765,296,0,0
110.22564008046007,7530,324,1,0
110.27457826426928,345,341,0,0
110.58446953733925,668,656,0,0
110.94378426900177,723,388,0,0
110.96311062808486,404,39,0,0
111.063048674571,1244,283,0,0
111.0671698625746,502,59,0,0
111.10830076923236,1235,2580,0,1
111.11094798459258,1015,229,0,0
111.18858148123927,1480,80,0,0
111.19009744269196,602,639,0,0
111.19271616391407,907,170,0,0
111.21046221414194,599,277,0,0
111.26543458015382,1649,463,0,0
111.26645122025062,735,517,0,0
111.2726204567582,1211,211,0,0
111.2962655202394,886,305,0,0
111.32479519806094,1639,131,0,0
111.32816634769448,1768,147,0,0
111.3500692110321,19,649,0,0
111.36064299982964,1118,93,0,0
111.65966303372574,138,7,0,0
111.7146254049089,752,246,0,0
111.71590259387725,270,50,0,0
111.71612344598977,183,1870,0,1
111.73815808815728,1071,36,0,0
111.9300670978805,934,335,0,0
111.95560930761884,374,340,0,0
112.06092730582087,100,134,0,0
112.0677722166925,1227,56,0,0
112.06895162294224,549,550,0,1
112.14959524532297,1410,189,0,0
112.17158852214645,294,163,0,0
112.24241395183651,1558,182,0,0
112.24355246181908,1655,767,0,0
112.26949694884756,28,21,0,0
112.2746616656891,1284,770,0,1
112.36522323513356,245,2410,0,1
112.37087222988914,1643,241,0,0
112.37622739991623,28,245,0,0
112.38181981653285,1392,424,0,0
112.6077636254789,155,141,0,0
112.62688067630057,17,531,0,0
112.63082729009655,1037,182,0,0
112.63316152437999,1601,1800,0,1
112.63539734286849,1140,648,0,0
112.97173223116427,780,717,0,0
112.97221092370332,31,216,0,0
112.97550503755434,3020,187,1,0
113.04013208030877,883,3740,0,1
113.23066856220724,643,286,0,0
113.24408254216638,1175,269,0,0
113.3309066537217,413,318,0,0
113.41334797975959,1123,612,0,0
113.54304828077623,1507,196,0,0
113.56284828834556,154,607,0,0
114.05697326803883,1287,69,0,0
114.08477513022702,1130,767,0,0
114.4838912612691,207,32,0,0
114.48596069585636,909,239,0,0
114.6091938802991,8044,148,1,0
114.61072007637999,422,19,0,0
114.61166342960902,1908,292,0,0
114.66328039531054,1658,138,0,0
114.66692542056963,1524,344,0,0
114.71377020738471,7590,423,1,0
114.71602788808816,162,304,0,0
115.19594011897892,366,60,0,0
115.2157004861401,1911,73,0,0
115.21772292625197,1668,144,0,0
115.24549887414919,21,346,0,0
115.36004895697566,269,316,0,0
115.3642657720612,1834,176,0,0
115.41976402893029,20,240,0,0
116.6071953296574,254,278,0,0
116.7197933131388,791,402,0,0
116.73931152904994,999,272,0,0
116.74569556860669,470,242,0,0
116.80920118396739,307,35,0,0
116.81016586368601,363,410,0,0
116.81021181817297,882,432,0,0
116.81550308784865,7943,249,1,0
116.8178100228784,942,115,0,0
117.47800266842036,35,27,0,0
117.50470164804172,1437,190,0,0
117.5075197006043,1368,699,0,0
117.50949839401504,3050,106,1,0
117.56459759204718,358,416,0,0
117.56845667745608,475,88,0,0
117.57480537866601,280,335,0,0
117.59178667926572,1397,760,0,0
117.61616217027493,622,48,0,0
117.64103916120608,612,277,0,0
117.66687328927804,352,39,0,0
117.94512200281866,1055,114,0,0
118.56542629135912,1660,223,0,0
118.56618436365903,21,758,0,0
122.15442957359006,987,514,0,0
122.18130233315871,1865,940,0,1
122.43158046406214,1483,232,0,0
122.43632227343596,877,152,0,0
122.47626622376505,1242,596,0,0
122.50833443046791,77,8,0,0
122.53451752008213,522,7670,0,1
122.64944263298152,282,647,0,0
122.72346172150995,1718,421,0,0
122.72626284885385,161,242,0,0
122.74280658967916,756,543,0,0
122.83280371852011,1163,221,0,0
122.91562491556863,1544,406,0,0
122.92633208727145,1620,544,0,0
122.9382928511955,397,346,0,0
122.95370922729045,22,171,0,0
122.95601328887385,10,12,0,0
122.95761071278055,31,256,0,0
123.44161640676302,1703,170,0,0
123.45113449877547,1542,769,0,0
123.47652104484307,122,392,0,0
123.48122035956463,5,95,0,0
123.76223566910794,826,66,0,0
124.46016691271744,1511,66,0,0
124.47368031522575,1053,182,0,0
124.53237457809708,1961,234,0,0
124.53700913684592,897,357,0,0
125.25291421689904,1184,515,0,0
125.38655242156229,861,649,0,0
125.39046272473637,598,306,0,0
125.64493684292133,847,740,0,1
125.6880298959995,1871,596,0,0
125.73598495008828,1543,289,0,0
125.77881953486906,33,404,0,0
125.78431711126085,446,19,0,0
125.791450497484,825,505,0,0
125.86407265340218,1382,3000,0,1
125.88298583924944,194,3330,0,1
125.88611645708119,1275,517,0,0
127.09753883783321,714,732,0,0
127.11122824123888,193,148,0,0
127.11802221141744,70,370,0,1
127.1231695964739,609,311,0,0
127.20574642897097,1590,660,0,0
127.35153881320045,8182,10,1,0
127.38544652127254,546,257,0,0
127.50333068252914,31,416,0,0
127.50436377901718,1468,712,0,0
127.51420502026801,1569,255,0,0
127.52227464867426,629,269,0,0
127.54314241357017,837,4700,0,1
127.59793168910542,893,373,0,0
127.59828021556237,1710,515,0,0
138.27045106860635,890,240,0,0
138.2740749315008,1598,373,0,0
138.31492988222752,1656,290,0,0
138.42207504757755,105,173,0,0
138.5341689321556,37,298,0,0
138.56714925855522,820,713,0,0
138.56720951020606,45,220,0,0
138.56951205701301,720,169,0,0
138.66161819625117,959,379,0,0
138.66480286219522,1379,243,0,0
138.66722838770474,338,131,0,0
138.66740798137204,544,333,0,0
138.89464417736093,1037,285,0,0
138.94956581092023,860,415,0,0
138.95286904880376,1298,50,0,0
138.96791303135566,733,260,0,0
138.98388432632314,691,353,0,0
138.98596880144962,1760,116,0,0
138.9971548076734,2850,353,1,0
139.0292064040911,1759,18,0,0
139.08720238766347,436,219,0,0
139.32805405711574,1805,409,0,0
139.3482796474892,1290,375,0,0
139.35582815414574,1487,2800,0,1
139.3982957762439,238,194,0,0
139.40367172616357,1370,399,0,0
139.40521831000743,1715,312,0,0
139.59098417402723,29,99,0,0
139.5997734048632,15,400,0,0
139.62373924353696,4060,429,1,0
139.69266715900937,77,98,0,0
139.6947171759224,446,50,0,0
139.76241089804913,1225,417,0,0
139.808605727669,694,427,0,0
139.82402258997607,343,48,0,0
139.865308009532,46,471,0,0
139.86943563211884,787,99,0,0
139.8696631779982,662,31,0,0
139.88029668452953,448,378,0,0
139.88332383114485,1149,333,0,0
139.98968789863457,472,195,0,0
140.02145822909392,1128,38,0,0
140.02794411785675,775,769,0,0
140.0485184122081,1347,556,0,0
140.3285837713933,294,222,0,0
140.50967212376253,1118,384,0,0
140.54879301833526,298,319,0,0
140.59304521554154,789,2670,0,1
140.60376441177803,429,170,0,0
140.61816293679573,695,136,0,0
140.67887795129323,328,390,0,0
140.69358729561205,1387,520,0,0
140.72754520237572,5,196,0,0
140.72954892097405,809,330,0,0
140.73021138165268,1260,16,0,0
140.73083480450575,1271,4290,0,1
140.73860519691516,356,310,0,0
141.00405706673135,170,163,0,0
141.20280629562106,1217,104,0,0
141.20534078688934,872,343,0,0
141.206168770714,7,104,0,0
141.29714951191312,987,291,0,0
141.3441813047411,140,53,1,0
141.3453861085434,9,17,0,0
141.49985271515183,1748,60,0,0
141.52625221657794,221,219,0,0
141.78914755290378,946,327,0,0
141.8260691817386,1327,85,0,0
141.9365377023762,823,515,0,0
141.97193166378466,688,209,0,0
141.97469809707857,6750,452,1,0
141.9863686801359,1497,192,0,0
141.99116004141277,1735,777,0,0
142.0890023304878,8087,105,1,0
142.09153512477707,547,445,0,0
142.09239927093208,6350,104,1,0
142.16510887084192,376,259,0,0
142.34906821797006,561,2170,0,1
142.6835794742582,1377,257,0,0
142.84866294781318,679,38,0,0
142.84957128658573,978,767,0,0
142.85416794105353,1146,251,0,0
142.86035117858415,5,195,0,0
142.87803776692635,1205,319,0,0
142.87828657075693,359,30,0,0
142.89642052146348,958,25,0,0
142.92857186179936,990,190,0,0
142.93133061879624,1574,617,0,0
142.95471611337254,1197,767,0,0
143.15484027131606,990,565,0,0
143.17508580479696,38,502,0,0
143.32796256406522,1228,135,0,0
143.46825426399485,978,309,0,0
143.51019044398427,1589,767,0,0
143.54994474591638,1330,767,0,0
143.55871971800929,990,202,0,0
143.77962759423025,500,275,1,0
143.78682244839794,754,306,0,0
143.79139812065827,311,319,0,0
143.86715268664702,1641,12,0,0
143.87147306435773,634,280,0,0
143.91474822726423,223,262,0,0
144.0676969967147,1023,288,0,0
144.0894024662037,1913,352,0,0
144.11222811190245,263,336,0,0
144.22830986550701,1223,132,0,0
144.31185819805333,490,502,0,0
144.31270861107075,917,327,0,0
144.31405515946003,1347,479,0,0
144.5798489439676,8081,111,1,0
144.62034078983731,1074,76,0,0
144.6206297240473,775,6230,0,1
144.62188143457888,43,470,0,1
144.6414327189053,225,374,0,0
144.6440538755514,1053,645,0,0
144.69167599676194,422,93,0,0
144.71350447132957,281,429,0,0
144.7633340856424,1856,290,0,0
144.7651408999467,7766,426,1,0
144.82995485186882,296,314,0,0
145.77337323736876,12,199,0,0
145.77719657549915,7935,257,1,0
146.03714897141245,1422,496,0,0
146.1710481693212,299,379,0,0
146.23927463546593,829,302,0,0
146.25578014160197,892,333,0,0
146.25762372343453,550,402,0,0
146.26087976332036,1744,532,0,0
146.34781004515264,760,545,0,0
146.48157258377128,879,404,0,0
146.69950066990899,3042,5150,1,1
146.82851031347641,431,151,0,0
146.94361740200435,521,26,0,0
146.95154484203803,1032,211,0,0
146.9532336702678,481,606,0,0
146.9816900668275,475,95,0,0
147.03315919391144,1650,177,0,0
147.05563091407421,1757,3100,0,1
147.0565357829465,665,126,0,0
147.0632241069578,209,304,0,0
147.06421096795765,123,132,0,0
147.0895620959782,1472,577,0,0
147.09188112419506,1107,187,0,0
147.10545163881176,1613,384,0,0
147.1415908704672,1778,311,0,0
147.16654556252192,624,493,0,0
147.45951581939977,323,363,0,0
147.4615979755548,30,725,0,0
147.4618389001988,434,67,0,0
147.5876321558884,506,344,0,0
147.901791596782,239,40,0,0
148.23555182179055,794,370,0,0
148.26921996248663,454,486,0,0
148.32528060378584,1670,423,0,0
148.34967029883316,1665,769,0,0
148.3511029542484,10,775,0,0
148.35720201837276,4420,222,1,0
148.40884258870963,1730,383,0,0
148.41487595630764,613,602,0,0
149.28386822872002,1463,168,0,0
149.28474710731595,80,377,0,0
149.29279393705318,375,616,0,0
149.46939854618253,314,316,0,0
149.47508621676008,85,347,0,0
149.47707774500887,1161,41,0,0
149.47834327034687,457,242,0,0
149.4828271153852,517,4130,0,1
149.87620533932648,410,462,0,0
149.9197136501814,1162,157,0,0
149.97368787895383,7,298,0,0
149.9804910479183,454,42,0,0
150.08455355088495,1429,668,0,0
150.10837390052743,165,21,0,0
150.11142392010183,729,552,0,0
150.1192151140431,1517,108,0,0
150.14809145710845,615,298,0,0
150.34838681344343,131,107,0,0
150.36554169175636,1149,59,0,0
150.41794511140728,1229,357,0,0
151.5129946711448,594,270,0,0
151.51689920902936,11,103,0,0
151.51851286820738,543,1750,0,1
151.65644710761114,988,747,0,0
151.70283891068584,673,356,0,0
151.71870923230472,1309,277,0,0
151.75147072583826,532,421,0,0
151.7614684869033,91,196,0,0
151.81572344454466,33,329,0,0
151.82560232006477,222,191,0,0
151.92139436697005,1999,102,0,0
151.92325579728268,469,505,0,0
151.92703511448573,1024,303,0,0
151.95146783694943,675,770,0,0
151.95903486364583,715,194,0,0
152.0369052016668,1754,273,0,0
152.05471769472237,777,25,0,0
152.06127198914774,1690,298,1,0
152.0907835737966,218,62,0,0
152.0975361330245,138,7,0,0
152.09839786869668,537,216,0,0
152.10040141106285,662,642,0,0
152.1043156323309,1197,696,0,0
152.1119194115217,8048,144,1,0
152.1356097195717,397,598,0,0
152.2562519680832,843,245,0,0
152.31513417517544,19,268,0,0
153.00334056898689,862,501,0,0
153.25423500834233,76,517,0,0
153.26769485720115,798,103,0,0
153.80150081809816,96,170,0,0
154.01027451721387,1016,677,0,0
154.0182260893839,1477,160,0,0
154.0549612097757,535,559,0,0
154.2309847457478,309,22,0,0
154.2629965399172,1508,174,0,0
154.41376416988896,228,184,0,0
154.4573531607476,700,431,0,0
154.5381109104796,1058,617,0,0
154.5485802074454,37,115,0,0
154.59081972872926,689,458,0,0
154.60038499200624,75,158,0,0
154.6769444599423,917,256,0,0
154.6776206583298,274,239,0,0
154.71633947852808,1036,119,0,0
154.95799387960525,2530,192,1,0
155.02128523216706,31,645,0,0
155.04012800785975,1841,457,0,0
155.09840167730655,1223,276,0,0
155.1020561673497,1125,146,0,0
155.10581549229653,1337,3460,0,1
155.11548990947676,1414,386,0,0
155.13024435235826,1699,767,0,0
155.26714102452206,549,3030,0,1
155.27045733596512,443,52,0,0
155.41715980037293,502,398,0,0
155.41801295319718,612,354,0,0
155.4221202565901,943,378,0,0
155.44053288658554,1226,764,0,0
155.64126325942948,6,233,0,0
155.64707030129347,1726,124,0,0
155.64734260003976,186,112,0,0
155.69322708342094,1708,339,0,0
155.7119158476628,1084,174,0,0
155.71418999143646,1715,524,0,0
155.71664503747036,7580,550,1,0
155.72157069779757,56,202,0,0
155.74566804408263,10,233,0,0
155.82029159453177,352,527,0,0
155.821320646984,1631,130,0,0
157.74669595105934,808,768,0,0
157.76503910639335,1231,385,0,0
157.77442251992008,48,242,0,0
157.85037777844042,995,254,0,0
157.87495655742396,1653,266,0,0
159.98914577746424,165,43,0,0
160.16609186765618,13,226,0,0
160.17554453069073,780,135,0,0
160.18458652268654,83,48,0,0
160.19187813403514,1883,169,0,0
160.20184359026925,317,91,0,0
160.27761310107405,16,423,0,0
160.28303215182973,1599,190,0,0
160.77949294931673,278,291,0,0
160.7962219825809,311,134,0,0
160.81094614521706,253,296,0,0
160.9423550959009,17,627,0,0
160.94273099012534,973,3270,0,1
160.94575910859749,915,597,0,0
161.01094081345596,933,641,0,0
161.03106712196487,1235,377,0,0
161.05026232738123,1444,3260,0,1
161.09374568434237,1211,521,0,0
161.09965257824877,1213,614,0,0
161.1136130366405,1784,271,0,0
161.11490398394292,240,167,0,0
161.11536545428012,92,128,0,0
161.36160355903155,103,462,0,0
161.3646395296187,1717,707,0,0
161.3693205338592,430,64,0,0
161.68928043738887,1595,21,0,0
161.85230742940354,6550,300,1,0
161.85913809930886,1107,201,0,0
161.8659039792825,401,2530,0,1
161.88250412062771,1895,271,0,0
161.8853986438216,42,22,0,0
161.9438926615086,1399,259,0,0
161.96999570805073,688,523,0,0
161.9952951570627,721,301,0,0
162.08336016611892,1338,231,0,0
162.16550358078734,226,53,0,0
162.94208732639393,883,100,0,0
163.34720110352185,300,210,1,0
163.34783904276057,37,147,0,0
163.46530157516167,1391,767,0,0
163.4673830511787,142,169,0,0
163.46850365217819,1126,425,0,0
163.54932816811305,533,239,0,0
163.55411256477979,1499,194,0,0
163.56447234400136,1959,31,0,0
163.73011293796017,486,208,0,0
163.73528336976977,1504,195,0,0
163.7385350325921,1243,393,0,0
163.77599493187472,1309,360,0,0
164.00098393092173,9,286,0,0
164.0570896431154,159,225,0,0
164.05796107536196,230,254,0,0
164.0632602100016,310,467,0,0
164.0776345924593,633,338,0,0
165.00305087165913,1404,2890,0,1
165.1193740363193,8,71,0,0
165.22634915309658,711,147,0,0
165.44240488275412,401,87,0,0
165.4529068755985,984,732,0,0
165.50377030286552,893,402,0,0
165.55572836130347,1327,318,0,0
165.5584903884404,1285,495,0,0
165.5773355801541,1503,331,0,0
165.63756184871966,1353,134,0,0
165.6398105021256,1797,36,0,0
165.73792553576868,929,343,0,0
165.82680413509777,1294,353,0,0
165.98085262652197,916,348,0,0
165.98499022360178,1012,164,0,0
166.00913976492882,1999,413,0,0
166.36558045430144,640,310,0,1
166.46067336633857,1650,250,1,0
166.46469948631946,634,31,0,0
166.49525232943927,1519,145,0,0
166.82884155299473,1337,95,0,0
166.8455539869316,450,37,0,0
166.8872446972128,1370,272,0,0
170.1989278599116,2234,1056,0,0
170.21698747147366,17,143,0,0
170.23264803378714,279,337,0,0
170.23524576695362,738,33,0,0
170.24044095955617,1199,23,0,0
170.61850347873244,473,99,0,0
170.6331554227075,17,113,0,0
170.63495691585925,528,564,0,0
170.63795356894653,1663,213,0,0
170.65746548579145,600,216,0,0
170.74644681806788,1670,427,0,0
170.7507882085717,916,710,0,0
170.83075273991133,1239,441,0,0
170.83796816503101,143,222,0,0
170.876925053158,1287,138,0,0
170.93082210517764,459,126,0,0
170.99491852224654,281,378,0,0
171.00291805911908,689,18,0,0
171.01640704325092,778,309,0,0
171.06832415557233,7478,714,1,0
171.06973808286352,700,693,0,0
171.096182239298,368,371,0,0
171.1483486019015,62,379,0,0
171.29845558926877,271,275,0,0
171.31567550670135,1154,221,0,0
171.32846778248282,14,199,0,0
171.35294732085353,1313,612,0,0
171.35719480484514,168,107,0,0
171.3692749054687,311,116,0,0
171.4107388018354,1441,92,0,0
171.44279969629181,40,194,1,0
171.44505723177642,627,20,0,0
171.45452161015277,1499,321,0,0
171.4547859134923,329,197,0,0
171.54446678102823,1692,33,0,0
171.55068820619542,1704,234,0,0
171.57969465850886,534,2420,0,1
171.58168539008798,349,166,0,0
171.59678620788804,3281,368,0,0
171.64026387520306,723,268,0,0
171.7667985850694,1785,365,0,0
171.76796431011488,762,44,0,0
171.86336634639153,453,201,0,0
171.8760623501875,384,361,0,0
171.87979850089886,262,73,0,0
171.92537692930273,731,223,0,0
171.9351174157762,1099,82,0,0
171.944805006918,1436,35,0,0
171.94908943171814,533,353,0,0
171.97638627767273,23,83,0,0
171.9951616274299,1614,263,0,0
172.00747373470566,313,205,0,0
172.0100506779769,7556,636,1,0
172.01630207999332,7,26,0,0
172.05516100729068,8168,24,1,0
172.27909352154776,22,94,0,0
172.29554977538953,789,765,0,0
172.58854611990822,440,11,0,0
172.60552671710627,199,286,0,0
172.6074878168986,49,30,0,0
172.66876377836476,93,4710,0,1
172.67127968932866,1717,291,0,0
172.71002469731096,358,3200,0,1
172.85736248562372,1279,440,0,0
172.86673178000254,155,213,0,0
172.8812704189263,1916,334,0,0
175.2861916384439,765,165,0,0
175.31418143796108,305,337,0,0
175.34361255956443,612,69,0,0
175.42629893229687,660,263,0,0
175.44057081400794,1811,704,0,0
175.45513354403894,814,262,0,0
175.49235004482608,1255,185,0,0
175.4924960649591,636,350,0,0
175.78659959567804,1248,549,0,0
175.78866117885178,622,236,0,0
175.79067895730032,1065,356,0,0
175.8417506669283,1389,490,0,0
175.86011636122805,765,129,0,0
175.86154940365134,1833,160,0,0
175.88813139653615,18,5280,0,1
175.8899167267111,762,297,0,0
175.89424908157378,173,85,0,0
175.8951142237333,11,11,0,0
175.89845356464141,269,69,0,0
175.93696222603907,1819,516,0,0
175.9592301116031,969,1370,0,1
175.9915287342887,24,64,0,0
176.1012939189851,1039,160,0,1
176.11727874840125,642,31,0,0
176.12193939798686,1193,605,0,0
176.1318978405268,803,509,0,0
176.5995039715427,21,523,0,0
176.6181169945414,114,287,0,0
176.65105182856072,1391,350,0,0
176.66541581032703,1608,277,0,0
176.69381330731974,1110,321,0,0
176.7349881735235,1405,203,0,0
176.75207838889654,241,89,0,0
176.76485067891608,1886,259,0,0
176.76850638295625,11,244,0,0
176.77172078867576,1553,233,0,0
176.81092718415886,509,601,0,0
176.8884273147465,333,271,0,0
176.99825586214823,279,287,0,0
177.0176310802734,1325,519,0,0
177.02098396325493,31,346,0,0
177.08217213998665,256,132,0,0
177.1416229484659,850,202,0,0
177.14248982681133,657,400,0,0
177.22885274540258,1753,250,0,0
177.28449566232482,128,461,0,0
177.76847553576067,1526,299,0,0
177.77031182681498,1180,424,1,0
177.77166544380393,602,217,0,0
177.85532427520033,1408,2320,0,1
177.85580865527507,293,566,0,0
177.85986722668918,810,103,0,0
177.86184317923806,1111,592,0,0
177.86415793474916,1218,234,0,0
177.86454743428902,460,396,0,0
177.87542681117964,597,186,0,0
177.99780077095716,346,72,0,0
178.0400444517624,1234,92,0,0
178.08265738566317,963,186,0,0
178.09125540864372,720,6,0,0
178.405458822787,394,255,0,0
178.45580214507237,1354,6550,0,1
178.59886188085187,602,7590,0,1
178.5996626436708,4,176,0,0
178.63474866950665,1067,416,0,0
178.6365558727759,1041,47,0,0
178.6720197717157,17,26,0,0
178.6983220518084,23,760,0,0
178.70019757133485,478,399,0,0
178.725453555176,1033,620,0,0
178.9053927795735,1411,138,0,0
178.95381813386214,19,166,0,0
179.01183449578934,331,57,0,0
179.0150374021866,138,544,0,0
179.01966100726068,403,168,0,0
179.021614013229,571,564,0,0
179.04496015294427,834,159,0,0
179.23710253287953,36,340,0,0
179.27990254174878,636,167,0,0
179.2978240692438,579,323,0,0
179.2997582788022,176,37,0,0
179.3434134956174,84,357,0,0
179.35462968498416,790,329,0,0
179.3550352675928,1025,282,0,0
179.3556117992643,517,305,0,0
179.36479459810707,30,320,0,0
179.36783332751955,629,264,0,0
179.85320168033888,834,215,0,0
179.8725900663619,490,532,1,0
179.87487831054844,165,134,0,0
179.8817260903192,746,234,0,0
180.31394322617544,1514,172,0,0
180.31668601074085,596,207,0,0
180.4007824125186,542,533,0,0
180.44418788074088,1726,216,0,0
180.78230011567572,859,261,0,0
180.83458072893916,429,520,0,1
180.8427339734466,79,60,0,0
180.89467135251365,311,364,0,0
180.9154408333954,633,15,0,0
181.04209365128523,9,66,0,0
181.05820042823808,29,147,0,0
181.99557765812168,177,145,0,0
182.010502831289,207,335,0,0
182.05441743953813,721,181,0,0
182.05937423944593,1600,34,0,0
182.08295271124484,1368,260,0,0
182.10235411160812,1781,172,0,0
182.1281757091514,1136,168,0,0
182.23889299226786,1682,1220,0,1
182.24522032720353,617,85,0,0
182.24864092677163,720,1490,0,1
182.41648585907376,960,342,0,0
182.42694929463784,696,427,0,0
182.43183329612086,34,31,0,0
182.61601116831528,689,114,0,0
182.70318117265444,1640,184,0,0
182.70327715918168,944,139,0,0
182.71202780702382,498,474,0,0
182.80074570329344,654,446,0,0
182.8987210286889,834,88,0,0
182.90543218189194,644,770,0,0
183.32469973437952,407,24,0,0
183.3285589351257,785,260,0,0
183.3403674210202,460,316,0,0
183.36454349889235,1899,167,0,0
183.38310580444175,506,258,0,0
183.4765760299738,17,102,0,0
183.61993378427437,21,318,0,0
183.63716352119408,46,266,0,0
183.94168071788525,703,154,0,0
183.9465077160411,121,118,0,0
183.95886157847733,6,272,0,0
184.53868714990452,2664,1170,0,1
184.56168587568672,743,121,0,0
184.7203781345084,961,690,0,0
184.72843977786954,1001,1960,0,1
184.73966469164094,8,154,0,0
184.75509721198634,516,134,0,0
184.7819356963414,1551,288,0,0
184.79168053214244,7,499,0,0
184.81145654632053,259,3610,0,1
184.88403951368403,1680,269,0,0
185.09507924950955,4192,4000,1,1
185.11891667623252,1664,3570,0,1
185.1887703596857,1649,516,0,0
185.306805226395,1459,485,0,0
185.30906433493564,1099,260,0,0
185.30990616070738,272,336,0,0
185.79020210158774,959,398,0,0
186.0563155119738,1124,18,0,0
186.07793376854434,1090,5310,0,1
186.11672967750272,13,285,0,0
186.11969017287996,499,409,0,0
186.12092070060956,792,761,0,0
186.1570835318648,1500,21,0,0
186.1580856727988,1135,739,0,0
186.2767467800221,757,209,0,0
186.28172570386585,9,644,0,0
186.3160644646553,29,122,0,0
187.22055900622883,121,87,0,0
188.04394133660716,241,309,0,0
188.05513702170637,1058,194,0,0
188.21598120940712,822,294,0,0
188.21845044980194,1338,160,0,0
188.22443642501776,1554,267,0,0
188.26453853941223,124,62,0,0
188.56768250549655,7711,481,1,0
188.57379422213774,1624,770,0,0
188.63008858816468,435,331,0,0
188.65352014813573,1353,12,0,0
188.65506682115318,1943,322,0,0
188.66969794459774,1272,158,0,0
189.0477477989659,1488,235,0,0
189.06363109464417,1622,244,0,0
189.11548313918783,14,542,0,0
189.21483534325796,23,255,0,0
189.2192323134591,63,79,0,0
189.44049283085243,616,767,0,0
189.8208841949283,772,169,0,0
190.27962221905162,1875,35,0,0
190.53993292758213,1809,304,0,0
190.5474637546658,741,767,0,0
190.55337597886358,97,36,0,0
190.5573445091791,1194,202,0,0
190.56045503699306,564,64,0,0
190.56433802082924,938,75,0,0
190.700999144576,78,84,0,0
191.04990332659963,1116,505,0,0
191.05517368505141,1637,767,0,0
191.15020275205154,11,24,0,0
191.1517165083162,467,599,0,0
191.1615462224581,405,59,0,0
191.16412896525708,1344,191,0,0
191.164859660272,73,148,0,0
191.18574674862367,994,68,0,0
191.20763476565347,110,18,0,0
191.2159320361612,236,246,0,0
191.22250839198566,7713,479,1,0
191.22511820305832,1730,299,0,0
191.23940905256185,613,289,0,0
191.24501956174043,1376,447,0,0
191.2750280782186,561,420,0,0
191.27670061213402,1421,121,0,0
191.30584282922413,1366,3390,0,1
191.35716867614454,441,243,0,0
191.57805253136024,908,85,0,0
191.72847594256658,913,128,0,0
191.75547335652823,1746,249,0,0
191.7601896599186,1523,256,0,0
191.76066637178008,1005,279,0,0
191.77880848579437,1450,522,1,0
192.08812625290471,1441,155,0,0
192.59232698925683,7985,207,1,0
192.59244165093494,730,221,1,0
192.59648993232412,17,5,0,0
192.6055944861856,36,230,0,0
192.607885600445,1289,16,0,0
192.63447295453324,192,135,0,0
192.65425638549823,1248,181,0,0
192.6607732838113,983,458,0,0
192.67781121794104,1147,42,0,0
192.67857130252423,66,195,0,0
192.68119697667422,1247,95,0,0
192.6842504102852,1531,177,0,0
192.79404466999534,344,617,0,0
192.79475255342345,745,273,0,0
192.80669317509262,1432,228,0,0
192.89319289330987,432,238,0,0
192.9095880184579,10,42,0,0
193.0020232375939,1797,233,0,0
193.00697902202415,1870,539,0,0
193.05059056627124,439,509,0,0
193.16188904853456,355,220,0,0
194.74648871648682,11,307,0,0
194.82478512568926,204,79,0,0
195.1425820256284,2154,78,0,0
195.16134331091567,1724,213,0,0
195.18369842509853,7993,199,1,0
195.6068160053818,688,150,0,0
195.66588521813688,893,238,0,0
195.9800941712052,713,386,0,0
196.0563708374785,17,225,0,0
197.34130294974256,1039,149,0,0
199.5112507372343,15,338,0,0
199.51473781669586,1527,112,0,0
200.2792641573106,7904,288,1,0
200.32365498080713,11,252,0,0
200.372089244979,315,488,0,0
200.38693531494891,739,168,0,0
200.465772211226,208,298,0,0
200.46780512450766,1811,32,0,0
200.47219954329157,485,206,0,0
200.47628327719733,768,185,0,0
200.5099522714341,1267,265,0,0
200.62927179642327,51,51,0,0
200.71194068415124,750,351,0,0
200.75159261213886,1267,327,0,0
200.75740262756747,769,890,0,1
200.7579660575615,746,286,0,0
200.80068834356243,1597,413,0,0
200.82622456460882,1535,313,0,0
200.865240588707,858,513,0,0
201.19715703040416,44,681,0,0
201.2104379610429,1988,320,0,0
201.22320865499935,1891,534,0,0
201.22339491849215,471,135,0,0
201.28195312930086,1271,247,0,0
201.29931345075516,1751,576,0,0
201.30367945827143,7888,304,1,0
201.34508765869242,1332,3190,0,1
201.34745934906707,427,432,0,0
201.35393546577598,52,750,0,0
202.32342187167066,1202,208,0,0
202.4094814119553,1499,95,0,0
202.5312992236888,956,201,0,0
202.61676770293082,1385,326,0,0
202.68581014213413,566,104,0,0
202.71391881213245,957,148,0,0
204.55626403232077,279,438,0,0
204.57270030668195,1065,429,0,0
204.65553072555124,1447,25,0,0
204.66780601934812,493,1410,0,1
204.67720985678378,9,461,0,0
204.67735450251718,412,394,0,0
204.67775864572454,1743,77,0,0
205.09616439186124,120,257,1,0
205.46736594829758,858,263,0,0
205.47524239689432,202,163,0,0
205.49290588001114,1711,383,0,0
205.55700688346423,18,34,0,0
205.55957893763176,644,245,0,0
206.2058815268989,1600,770,0,0
206.20822303590916,968,468,0,0
206.21265557990318,48,71,0,0
206.2127299775739,43,254,0,0
206.59917154503606,5,215,0,0
206.6201294884872,2670,188,1,0
207.0991059894589,1529,514,0,0
207.10161709232847,1301,320,0,0
207.13823364694224,568,391,0,0
207.15983958304022,457,200,0,0
207.18753330062478,289,437,0,0
208.3665423925812,467,385,0,0
210.0940178624356,1452,161,0,0
210.38688479099423,538,25,0,0
210.39520306281634,1024,396,0,0
210.50589769916016,615,404,0,0
210.77914568520399,53,32,0,0
210.83571688240824,391,11,0,0
210.89354704612333,858,374,0,0
210.94207088905975,159,225,0,0
210.94512009439475,1294,271,0,0
210.9753069951032,1466,424,0,0
211.4319211164599,1770,11,0,0
211.43444143271103,98,216,0,0
211.45617776350576,320,401,0,0
211.55418130691484,987,555,0,0
211.5553845465076,17,216,0,0
211.56937319805132,488,311,0,0
211.5699912847725,29,110,0,0
211.57546379515279,475,271,0,0
211.57656539260938,273,184,0,0
211.57962237614305,1720,395,0,0
211.58650095858414,330,353,0,0
211.59701941798247,788,767,0,0
211.6091532646022,838,139,0,0
211.6093014246003,544,707,0,0
212.04588770936294,635,322,0,0
212.05637301494735,334,235,0,0
212.0583991770653,38,870,0,1
212.06355128028366,1379,241,0,0
212.09719549800155,445,4260,0,1
212.09963193232795,1212,157,0,0
212.10752334536147,351,24,0,0
212.1145742157212,222,205,0,0
212.16768245820646,250,240,0,0
212.17172014773726,350,5290,0,1
212.21641376744333,1487,222,0,0
212.2526838025987,920,152,0,0
212.26609358739998,306,373,0,0
212.48204634552155,1776,696,0,0
212.5008439881458,247,291,0,0
212.50255588710206,956,192,0,0
212.53529228110656,1722,10,0,0
212.55837837252045,1844,302,0,0
212.57501899095826,679,391,0,0
212.6037364444082,725,293,0,0
214.58592848561096,1496,24,0,0
214.614714518443,557,149,0,0
214.65979465708327,78,157,0,0
214.67081720120714,1390,366,0,0
214.91886596681726,839,276,0,0
214.93498065363946,1160,325,0,0
214.9386084869553,1506,377,0,0
214.9401729872751,648,337,0,0
214.9919546468721,308,148,0,0
215.07189845706503,346,378,0,0
215.07265103449018,611,322,0,0
215.07689468574847,334,461,0,0
215.1419752503792,80,111,0,0
215.28273920150366,1118,346,0,0
215.28402374081122,1322,626,0,0
215.291991701191,757,355,0,0
215.3872307464533,420,122,0,0
215.39342154270372,984,14,0,0
215.40073255315363,54,301,0,0
215.40683846416644,491,58,0,0
215.40815686561893,3857,160,0,0
215.4279171023741,72,295,0,0
215.46098961163742,280,152,0,0
215.46207906885087,999,249,0,0
215.48405226580468,1078,12,0,0
215.64889114227975,841,631,0,0
215.67611776359263,475,280,0,0
215.79565408734132,855,309,0,0
215.80164487317703,20,128,0,0
216.0795457625686,1340,413,0,0
216.08327640063874,1318,768,0,0
216.8635298994672,1189,310,0,0
216.87085014918566,789,765,0,0
216.875118789065,186,27,0,0
216.8781316499721,1183,141,0,0
216.88599932341873,1599,318,0,0
216.89269657858068,897,200,0,0
216.89722017402877,338,608,0,0
216.90651336743505,1264,350,0,0
216.97433834116998,1057,521,0,0
217.0791638916296,677,370,0,0
217.08830511287428,1128,35,0,0
217.3004236777184,1053,763,0,0
217.30286247314305,159,197,0,0
217.30515646491412,734,273,0,0
217.30702516204647,4,19,0,0
217.36677150774938,279,39,0,0
217.36757818616346,1057,536,0,0
217.36867584866698,1108,257,0,0
217.5998194885757,63,429,0,0
218.15020931250785,124,191,0,0
218.41292641238545,835,485,0,0
218.41383134277882,327,64,0,0
218.43211359507342,977,509,0,0
218.52629018745486,1261,22,0,0
218.5479250284192,1363,254,0,0
218.54862577998168,4530,92,1,0
218.55760945193398,70,766,1,0
218.5582055045011,1008,413,0,0
218.5597183161593,1078,166,0,0
219.8767770927871,988,296,0,0
219.94595799192103,188,22,0,0
219.94690231549518,699,6300,0,1
219.94778535605778,457,226,0,0
219.99200207788618,486,337,0,0
219.99724535215844,1061,399,0,0
220.05351894572343,1114,196,0,0
220.05837472991863,1007,427,0,0
220.07025027392035,776,123,0,0
220.09878518692256,1163,597,0,0
220.10102789397374,684,99,0,0
220.10140791229375,729,437,0,0
220.10303021571832,1488,825,0,0
220.10740198294917,17,625,0,0
220.11913838728796,329,105,0,0
220.1348041046944,670,212,0,0
220.1502050188836,826,4120,0,1
220.19944759900704,293,69,0,0
220.20240047833934,1631,33,0,0
220.48872472145476,494,314,0,0
221.45123739822859,1031,424,0,0
221.48772509436924,1259,57,0,0
221.513277585287,5,224,0,0
221.72587651842605,1169,74,0,0
221.78997098274053,196,176,0,0
221.81547230541767,279,39,0,0
221.82799150660102,1639,75,0,0
221.8319851131684,107,92,0,0
221.83367401464233,657,368,0,0
221.89987896677655,627,182,0,0
222.08804425032218,1675,229,0,0
222.0901562925409,1687,606,0,0
222.10529269696718,1653,489,0,0
222.13232692513057,44,340,0,0
222.13978946644255,1318,734,0,0
222.1436010637866,1392,4130,0,1
222.1515688022896,4,49,0,0
222.15190829753774,902,188,0,0
222.16736923637905,11,139,0,0
222.17706370927118,1017,446,0,0
223.38103615715337,627,274,0,0
223.4946033254419,253,161,0,0
223.50334568172684,176,109,0,0
223.5205108946603,856,270,0,0
224.06005556714356,899,251,0,0
224.49292765898215,38,189,0,0
224.5181487180985,19,59,0,0
224.5316307997501,541,56,0,0
224.53259951787174,1066,271,0,0
224.54165962729448,12,366,0,0
224.55409082148654,1368,131,0,0
224.55809145850083,13,246,0,0
225.1125691798048,473,76,0,0
225.11297852962934,526,260,0,0
225.12626296613374,131,534,0,0
225.16558953622987,8067,125,1,0
225.20732518207532,504,212,0,0
225.71562334422322,1518,589,0,0
225.71668577008532,710,240,0,0
225.72058859948464,370,325,0,0
225.7417388701992,336,224,0,0
225.7644347231735,1780,24,0,0
225.77248753519402,625,286,0,0
225.77626501111314,1015,122,0,0
225.92517897060176,11,233,0,0
225.92731178631104,931,2180,0,1
225.93282402548238,926,380,0,0
226.24138867854427,1359,352,0,0
226.79967783689708,955,420,0,0
226.8992067988122,256,555,0,0
226.9023220562397,1270,1870,0,1
226.90548300343823,905,767,0,0
226.9083648134522,135,119,0,0
226.91016500662198,1564,266,0,0
226.91773886120413,374,173,0,0
227.13865619526248,472,4,0,0
227.16579367221632,1548,334,0,0
227.16962691525978,1806,333,0,0
227.17329158099926,1327,208,0,0
227.17494434684454,556,497,0,0
227.36860150418897,40,314,0,0
227.36890628680138,1363,520,0,0
227.3987601378397,392,191,0,0
227.39972889237788,1517,307,0,0
227.40179843802915,325,35,0,0
227.402673925395,1261,307,0,0
227.52045509650847,20,23,0,0
227.5349992091391,19,289,0,0
231.6620024554866,331,165,0,0
231.66414694040506,716,362,0,0
231.6660551294027,1810,380,0,0
231.72147114237896,1547,233,0,0
231.77379408250528,632,540,0,0
231.78344783885603,433,94,0,0
231.78374519712122,88,221,0,0
232.08745195177025,143,61,0,0
232.1399907438989,1189,505,0,0
232.17732331202473,1737,120,0,0
232.18244381905487,843,434,0,0
232.24276943614,780,66,1,0
232.24821267034696,318,52,0,0
232.26635806848589,1196,285,0,0
232.27774230637957,527,28,0,0
232.48285125156943,1358,768,0,0
232.48930327572032,448,251,0,0
232.49756843898254,1834,694,0,0
232.64770425288236,324,485,0,0
232.67356111303442,858,339,0,0
232.689325459338,1717,224,0,0
232.69942843574938,652,597,0,0
232.80882221012607,103,341,0,0
232.8132613972654,77,281,0,0
232.85503839037213,1118,388,0,0
233.79884346819432,1186,131,0,0
233.83492986453356,124,44,0,0
233.8382973770695,1709,80,0,0
233.8397577556493,59,99,0,0
233.86142145551966,517,547,0,0
233.86280457576436,858,484,0,0
233.86346772957194,633,362,0,0
233.86698306029675,1589,301,0,0
233.868774616266,884,411,0,0
233.9609317936654,786,236,0,0
233.96180724811236,762,173,0,0
234.33955401997636,1687,315,0,0
234.34308819793284,1571,335,0,0
234.36321753318143,819,10,0,0
234.4240466346422,1492,454,0,0
234.4487975622686,179,218,0,0
234.5157073718957,153,14,0,0
234.517897852231,20,234,0,0
234.5180649283212,1230,180,0,0
234.52856484957445,37,132,0,0
234.52910660699962,18,410,0,0
234.5339996530644,705,256,0,0
234.63722975049694,1761,384,0,0
234.64771629029647,605,51,0,0
234.6524584463051,592,7600,0,1
234.65407649200472,370,325,0,0
234.66270877394606,2090,355,1,0
234.67363557575368,218,130,0,0
234.67428661127423,65,22,0,0
234.702066783953,130,174,0,0
234.70385580198356,385,412,0,0
234.7276558104308,1121,438,0,0
234.733875287081,648,88,0,0
234.84513047459876,799,424,0,0
234.93027478109855,163,259,0,0
234.94590200426956,1396,364,0,0
234.9582560335519,1516,94,0,0
234.99522657084046,314,734,0,0
235.24097214473002,1719,4740,0,1
235.3719049568622,773,49,0,0
235.39344780030513,731,342,0,0
235.42315478581904,5120,554,1,0
235.79710485372593,50,13,0,0
235.7977124887577,8172,20,1,0
235.84530372940867,527,526,0,0
235.84796656261398,1551,92,0,0
236.09282713978834,904,320,0,0
236.09891092696597,1503,749,0,0
236.11206356811925,901,299,0,0
236.1139440389496,823,254,0,0
236.13113720479424,672,471,0,0
236.21314475779752,210,297,0,0
236.6922538266808,289,184,0,0
236.69360628794854,395,399,0,0
236.7006559294588,26,338,0,0
279.5635932899612,1226,216,0,0
279.6776076080766,8,224,0,0
279.69475024827057,1447,546,0,0
279.74450052261506,8166,26,1,0
279.7445850270819,295,21,0,0
280.19039451094267,1461,1275,0,0
280.2146315365416,34,52,0,0
280.21563313613007,638,272,0,0
280.4000308710289,1808,930,0,1
280.4050777108471,152,301,0,0
280.40735832504623,1626,196,0,0
280.4583641880157,1218,123,0,0
280.4984199279149,264,120,0,0
280.5055798664953,1069,758,0,0
280.52108586434537,20,258,0,0
280.5223066161235,676,264,0,0
280.5233027323511,431,209,0,0
280.6322837558944,218,276,0,0
280.88377797251894,824,350,0,0
280.92653026108366,637,552,0,0
280.9646271099059,1033,581,0,0
280.97279864728847,21,326,0,0
280.98670667217124,1730,299,0,0
280.989474886504,659,160,0,0
281.5970003569146,8066,126,1,0
281.60279403215316,662,187,0,0
281.64381392176637,1347,246,0,0
281.6618646449942,6,47,0,0
281.6629613281969,148,26,0,0
282.53535367835127,1601,46,0,0
282.5438632567291,809,2390,0,1
282.5477415707784,205,109,0,0
282.57043737964347,654,15,0,0
282.57343032833376,668,354,0,0
282.5925766955426,824,69,0,0
282.5952206705542,891,333,0,0
282.6511183241476,464,582,0,0
282.6712877962718,177,310,0,0
282.67245694911026,1001,345,0,0
282.8162318177633,777,407,0,0
282.8428474316021,1084,18,0,0
282.8448352474905,62,298,0,0
282.88201100522787,1096,210,0,0
282.9249172110059,1507,208,0,0
283.6781041659457,15,95,0,0
283.6813336940453,606,382,0,0
283.7823320779892,1332,202,0,0
283.7974418310016,1678,128,0,0
283.86020801849605,246,50,0,0
283.8710305575469,789,320,0,0
283.88734187903503,790,574,0,0
283.93696094843983,7,16,0,0
283.9386507173336,891,415,0,0
283.93892207897784,10,182,0,0
283.9569608092961,286,14,0,0
283.9644938235105,765,225,0,0
283.986451007526,11,28,0,0
284.0534488620289,962,66,0,0
284.065462993845,262,261,0,0
284.26890659523957,203,3460,0,1
284.28610386640514,1200,23,0,0
284.30961327129944,217,289,0,0
284.4094006968486,242,30,0,0
284.4707170684047,664,562,0,0
284.486574816957,415,8,0,0
284.5110047257729,320,245,0,0
284.51517439555323,1810,108,1,0
284.5207353613243,485,37,0,0
284.54420007096485,1424,347,0,0
284.64223857614616,178,48,0,0
284.6502507699915,1260,176,0,0
284.75378774886843,408,234,0,0
285.69929830203773,12,89,0,0
287.1335570181262,1365,75,0,0
287.1540482517488,1215,185,0,0
287.3155766434169,388,322,0,0
287.38216728084774,7818,374,1,0
287.4772006521208,933,65,0,0
287.5829594715441,1892,92,0,0
287.6393914936935,1761,255,0,0
287.74332286070126,7110,406,1,0
287.77252424460136,7,115,0,0
287.78438411306047,294,249,0,0
287.81764455260605,225,24,0,0
287.8715376801699,1700,330,0,0
288.1051829510632,239,24,0,0
288.1475116955085,303,229,0,0
288.2367078618639,1223,183,0,0
288.5872720605767,1617,115,0,0
288.59037745174857,1128,358,0,0
288.60229625403866,8118,74,1,0
288.66183148038533,26,602,0,0
288.68307056975726,862,255,0,0
288.68571320114256,8,293,0,0
288.83204774149425,1459,244,0,0
288.84952418322877,814,267,0,0
288.85223139039283,1471,3060,0,1
289.74920530224585,719,494,0,0
289.7507398633821,650,347,0,0
289.7702338749155,1536,150,0,0
289.77544819112785,431,97,0,0
289.80035635559375,716,287,0,0
289.8622381788575,220,249,1,0
289.8661172039024,784,710,0,0
289.88229301287896,354,247,0,0
289.8976073636011,884,2500,0,1
289.90026871761097,165,75,0,0
290.10598637862023,683,174,0,0
290.1340139335032,51,312,0,0
290.14513175731764,871,300,0,0
290.1503428286561,751,269,0,0
290.1604653674138,8082,110,1,0
290.1867654849021,1113,513,0,0
290.1945941215636,1444,100,0,0
290.43608405240303,613,1670,0,1
290.4362043311645,11,770,0,0
290.436473362009,1235,506,0,0
290.4482617912242,1626,644,0,0
290.44875037370844,989,379,0,0
290.4659435581913,1077,64,0,0
290.47121037290833,16,350,0,0
290.5342933570764,7924,268,1,0
290.5794647821206,772,186,0,0
290.8507506878548,549,187,0,0
290.9754922768845,7560,480,1,0
291.2189494035158,1137,244,0,0
291.275991274796,580,323,0,0
291.4437639296457,621,25,0,0
291.4976877625254,218,371,0,0
291.50373342269575,1191,301,0,0
291.5053447315586,1756,418,0,0
291.5070909078044,1023,215,0,0
291.55906897458055,291,209,0,0
291.55923492592143,1454,224,0,0
291.58731788124675,131,247,0,0
291.59169179464965,297,495,0,0
291.677823353258,132,159,0,0
291.7072838668914,1463,766,0,0
291.7116766166708,493,604,0,0
291.7319814766437,39,331,0,0
291.7321887169735,433,34,0,0
291.7660871033873,1392,288,0,0
291.8163513926279,209,107,0,0
291.81684777786626,699,61,0,0
291.92717430831425,70,320,0,1
291.94275059972847,165,225,0,0
291.970720771335,446,246,0,0
291.9718713651023,97,454,0,0
292.0385045836907,410,435,0,0
292.10214558143946,26,990,0,1
292.1214400722693,1283,228,0,0
292.12420938070034,262,316,0,0
292.2160072637908,1558,510,0,0
292.45859515257064,1515,356,0,0
292.5032129840912,1835,332,0,0
292.6522968982173,1715,41,0,0
292.6585396794677,776,472,0,0
292.6861292952732,1684,371,0,0
292.7292825274654,11,701,0,0
292.7565665959998,1621,107,0,0
298.5582467117716,82,390,0,1
298.60604012976955,1483,602,0,0
298.6127759529709,7895,297,1,0
298.7220460644233,412,310,0,1
298.7244221355608,1827,193,0,0
298.76832281222624,128,211,0,0
298.8668582295311,525,265,0,0
298.87476608177525,1694,362,0,0
298.8859701779419,56,124,0,0
298.88923173868363,1082,12,0,0
298.917130173981,1265,348,0,0
298.92269514009547,24,198,0,0
299.61888974981724,1092,485,0,0
299.69813763994927,923,345,0,0
299.7120519357821,1484,4190,0,1
299.7133338426494,1589,323,0,0
301.00118152863865,8067,125,1,0
301.29945098866136,1187,20,0,0
301.356277947715,1459,463,0,0
301.38909897894564,1310,248,0,0
301.42034718342506,511,2960,0,1
301.42903390899585,434,61,0,0
302.38728717795277,1414,426,0,0
302.4207858145532,1001,429,0,0
302.42203315933375,14,232,0,0
302.42800148354473,710,2310,0,1
302.4281281913852,594,19,0,0
302.5112968781481,134,21,0,0
302.61391154958915,1032,74,0,0
303.38369931731216,17,599,0,0
304.86656195255546,1797,130,0,0
304.87120513458206,2007,370,0,0
304.9257778725177,1129,173,0,0
305.08866637899433,740,380,0,0
305.196977753433,768,127,0,0
305.2049581964736,942,115,0,0
305.3151857632387,356,222,0,0
305.37458412473524,1732,191,0,0
305.71050928289606,677,159,0,0
305.731239415389,136,46,0,0
305.7448207704114,315,182,0,0
305.75269185494057,586,290,0,0
305.7629211523483,808,188,0,0
305.767614194398,335,305,0,0
305.7785884374463,7,82,0,0
305.8377241868046,171,225,0,0
305.8918654095578,1142,136,0,0
306.1937065902667,9,362,0,0
306.3857257806341,1731,172,0,0
306.46072417364377,1411,161,0,0
306.46285231306734,45,24,0,0
306.52943554496375,234,214,0,0
306.74764604942993,274,274,0,0
306.74920287515397,1792,334,0,0
306.75145827833046,11,242,0,0
306.75456619686605,1300,379,0,0
306.75717439643694,1028,321,0,0
306.76882402714017,1307,95,0,0
306.7720066135834,1698,541,0,0
306.8167872889346,927,235,0,0
306.81860170734484,448,5020,0,1
306.8344632485972,933,3130,0,1
306.8419763004185,1086,263,0,0
306.8449008499995,422,4370,0,1
307.00606901119005,1540,264,0,0
307.0275326561895,923,602,0,0
307.0874720512274,1550,274,0,0
307.097867504295,1675,306,0,0
307.18056219225207,1597,767,0,0
307.2497672945965,1730,128,0,0
307.2646784313597,1284,307,0,0
307.2652594524528,506,716,0,0
307.369680631939,867,3320,0,1
307.4505062170553,599,279,0,0
307.4795548171593,233,325,0,0
307.512428710392,168,27,0,0
307.5383462885804,1920,120,0,0
307.56809807129116,977,267,0,0
307.57080886373353,238,204,0,0
307.58891571219453,576,333,0,0
307.6271738785714,790,233,0,0
307.6331234151152,44,450,0,0
307.63602972851953,1512,175,0,0
308.47120032490693,1341,536,0,0
308.53945447846826,273,10,0,0
308.55042658386924,736,3910,0,1
308.5579958752454,1351,231,0,0
308.55809844221693,243,281,0,0
308.55926924156796,44,21,0,0
308.57157704519886,283,1490,0,1
308.83833462324844,791,280,0,0
308.8386652386326,370,408,0,0
308.8436652952935,1648,16,0,0
309.7772597179971,1365,482,0,0
309.85474049308215,95,57,0,0
309.90126557372145,31,103,0,0
310.1228570275414,1046,530,0,0
310.13883127621466,1150,36,0,0
310.15307586082184,9,417,0,0
310.2379885090008,376,40,0,0
310.349595417207,442,171,0,0
310.35200228206133,1643,205,0,0
310.78430411303816,648,135,0,0
310.78492621419906,492,172,0,0
310.7899967005881,683,732,0,0
320.3392218187925,24,767,0,0
320.3465493640922,514,211,0,0
320.4223098497366,16,80,0,0
320.4250604365646,1649,138,0,0
320.4358137937363,158,115,0,0
320.44064997704095,1075,190,0,0
320.44985465997433,862,354,0,0
320.52582498892747,82,568,0,0
321.20217655584116,827,217,0,0
321.3196297896578,558,333,0,0
321.78066787253573,7422,770,1,0
321.78809703955983,920,446,1,0
322.17250214641706,683,298,0,0
322.2357795563175,629,219,0,0
322.55412326281623,951,697,0,0
322.56298466101805,319,38,0,0
322.5758177810418,522,189,0,0
322.89003840209824,658,409,0,0
322.9590834993125,7649,543,1,0
322.9842551472475,1128,290,0,0
322.98940706337413,20,146,0,0
323.00593623107324,1400,203,0,0
323.0590607483934,170,552,1,0
323.1440984142813,378,364,0,0
323.1506870055254,1324,224,0,0
323.1607590707471,1751,116,0,0
323.2075185720174,1082,524,0,0
323.20966952991,7240,191,1,0
323.3377072365179,697,94,0,0
323.3568655419033,913,88,0,0
323.37156518323053,654,16,0,0
323.3717178043806,1112,674,0,0
323.3724934468281,393,349,0,0
323.37483225448483,572,324,0,0
323.3805861059673,638,406,0,0
323.3826297780396,193,400,0,0
323.42107759007433,1086,260,0,0
323.44477652450723,226,322,0,0
323.4553704324971,1850,203,0,0
323.45567898531226,293,93,0,0
323.75114302758607,1619,139,0,0
323.7614752973784,1248,71,0,0
323.8202548182489,379,608,0,0
323.82496871146253,1234,152,0,0
323.8429076051589,7,21,0,0
323.9152656158854,642,496,0,0
323.9440365159,761,306,0,0
324.0669253020614,324,101,0,0
324.0794039787316,584,89,0,0
325.04195337153016,14,329,0,0
325.04235908362546,1743,188,0,0
325.0482897217832,641,102,0,0
325.17498155279367,665,25,0,0
325.1857739357658,7150,311,1,0
325.19311456901465,382,160,0,0
325.1936255353575,1946,13,0,0
325.38887985039855,760,90,0,0
325.3892781773388,8075,117,1,0
325.43812666194367,720,2020,0,1
325.4642143392452,7939,253,1,0
325.56574637395545,329,433,0,0
325.8917299556352,1716,252,0,0
325.89604053949546,682,392,0,0
325.89951396686814,1526,20,0,0
325.9087909996523,1157,123,0,0
325.9093524582802,39,343,0,0
325.9992900009302,430,151,1,0
326.00713021069384,450,119,0,0
326.03092387827724,187,60,0,0
326.03272516136155,229,230,0,1
326.05024892107684,5,143,0,0
326.05518489269133,1161,255,0,0
326.0698544623207,687,248,0,0
326.07176589669217,1010,295,0,0
326.2035658549083,1510,627,0,0
326.208174303141,1112,747,0,0
326.2082763213919,203,178,0,0
326.26939137231454,840,418,0,0
326.27860523946117,1089,341,0,0
326.28146356256264,1730,383,0,0
328.78934316036083,260,70,1,0
328.80437537599806,739,294,0,0
328.8055206046184,822,276,0,0
328.8103817521865,1022,314,0,0
328.8459015265859,1656,142,0,0
328.85645874249684,28,599,0,0
329.0550117092371,1415,338,0,0
329.1942458882735,634,734,0,0
329.1976500848102,1806,327,0,0
329.2155301506561,3570,133,1,0
329.2753289421179,14,62,0,0
329.2825879126618,145,49,0,0
329.2891423937843,873,232,0,0
329.3853994211651,1190,3110,0,1
329.42624400756074,580,354,0,0
329.42724717007957,101,578,0,0
329.43277897066406,650,280,0,0
329.44003293900164,815,368,0,0
329.4531256396932,1593,174,0,0
329.45707302256477,1648,327,0,0
329.7000560468996,475,387,0,0
329.7024411775295,862,768,0,0
329.7043325988362,704,200,0,0
329.7296290043083,511,230,0,0
329.7298121743846,82,59,0,0
329.73192421109894,214,201,0,0
329.7900509843501,1287,650,0,0
329.79122552713426,373,323,0,0
329.79429892215836,2004,219,0,0
329.94058902639716,650,11,0,0
329.98219562466574,1255,169,0,0
330.0009388901563,95,298,0,0
330.0282242472308,1506,274,0,0
330.03255754733595,1195,87,0,0
330.0637832299683,1661,172,0,0
330.075013613261,1850,658,0,0
332.5804989280131,1259,218,0,0
332.6302251379351,1105,346,0,0
332.6388531076059,1187,495,0,0
332.6541418383089,34,153,0,0
332.6730929182095,547,768,0,0
332.6741714992003,25,22,0,0
332.6774560207629,1348,352,0,0
333.0397627506416,225,103,0,0
333.0407945411758,796,186,0,0
333.04615498975113,607,27,0,0
333.1790720629498,550,190,0,0
333.53221067936886,311,448,0,0
333.5344325455478,848,770,0,0
333.85596305674335,477,88,0,0
333.86432587070993,739,768,0,0
334.3399977358173,1419,289,0,0
334.3872632162167,1455,338,0,0
334.397137892804,1122,350,0,0
334.4719844313112,398,661,0,0
334.52549663084835,82,56,0,0
334.52921917107386,1614,87,0,0
335.8146511089146,1602,167,0,0
335.82344561672335,276,231,0,0
335.9992621781012,192,523,0,0
336.0059033907429,420,309,0,0
336.00635722031933,1055,10,0,0
336.00821570260644,3980,343,1,0
336.0225714879339,787,470,0,0
336.0913531241089,102,5,0,0
336.6867300048083,414,358,0,0
336.70741077146664,536,177,0,0
336.71739982538304,1130,175,0,0
336.7189002103585,1270,147,0,0
336.7349174505046,34,28,0,0
336.7669366526274,1777,2350,0,1
336.76714622287915,1120,260,0,0
337.00592326191077,937,195,0,0
337.1767284906384,2800,336,1,0
338.8457423268119,1325,272,0,0
338.8485781871216,830,13,0,0
338.8675199732998,1320,497,0,0
338.885565297674,1161,414,0,0
338.8867942146884,22,34,0,0
338.8899774871819,888,3500,0,1
338.89240558276674,2470,159,1,0
338.94120918935374,1631,370,0,0
338.9824870392686,836,457,0,0
339.24118643843445,995,579,0,0
339.2489420864687,10,182,0,0
339.2499999527703,411,442,0,0
339.2917766116606,522,7670,0,1
339.32812967831535,1265,237,0,0
339.3938759541604,902,578,0,0
339.6037869072886,1426,20,0,0
339.6091502436134,569,157,0,0
339.6947441472311,1827,63,0,0
339.69706003006695,448,335,0,0
339.7207254350628,3780,247,1,0
339.789562250492,48,375,0,0
339.8032761813247,1216,221,0,0
339.8299990686516,727,47,0,0
339.8310605737181,290,159,0,0
339.8357583301508,32,197,0,0
339.85905922146105,122,23,0,0
339.8606107503877,854,601,0,0
339.86373048082817,218,182,0,0
342.1116192806911,196,100,0,0
342.1404139284265,343,165,0,0
342.1436976949881,621,66,0,0
342.1458523018206,1401,264,0,0
342.41430983309886,1510,333,0,0
342.41437110590294,1630,265,1,0
342.42235493192754,642,449,0,0
342.47587260438456,941,391,0,0
342.48073505954017,893,4300,0,1
342.5229608157809,1648,278,0,0
342.52475756981397,1371,178,0,0
342.5388833389292,1649,98,0,0
342.5545884983528,893,364,0,0
342.56932623777504,991,359,0,0
342.5884579205868,1369,194,0,0
342.6038258188721,331,392,0,0
342.737500866825,464,270,0,0
342.74584921534444,1726,71,0,0
342.75018563269174,109,299,0,0
342.7581790272375,530,70,0,0
342.76580223927675,534,102,0,0
342.7664643107277,505,317,0,0
342.76676819126976,1862,184,0,0
342.76769591341537,7210,414,1,0
342.79221230423826,1202,442,0,0
342.79585912024396,742,154,0,0
342.8019327589101,343,194,0,0
347.11002023981746,761,410,0,0
347.2415337389427,768,128,0,0
347.25061914779815,8045,147,1,0
347.2545257082088,1080,36,0,0
347.47165191182637,1197,199,0,0
347.4745440426612,1860,124,0,0
347.63879325950734,696,228,0,0
347.6836147529671,7932,260,1,0
347.9046636903477,152,206,0,0
347.9078998599898,1382,300,0,0
347.99220348524887,1146,767,0,0
347.99257009825385,1351,173,0,0
348.00230622724865,208,463,0,0
348.12181063757714,510,25,0,0
348.17720554921027,160,311,0,0
348.1775539369249,1812,294,0,0
348.2317005798172,932,190,0,0
348.26576908937324,19,306,0,0
348.277807997563,1462,246,0,0
348.28102430558386,1449,278,0,0
348.28880606736595,1620,176,1,0
348.29313451907797,935,109,0,0
348.38398019351945,1834,23,0,0
348.4186810783005,225,2390,0,1
348.53464024611236,298,382,0,0
348.5889111472383,845,84,0,0
348.5899601586449,1294,260,0,0
348.607873684364,1686,520,0,0
349.60318199456543,791,313,0,0
349.6046596205632,35,300,0,1
349.62857562985124,354,388,0,0
349.6314325113547,1799,722,0,0
349.6337301953713,215,95,0,0
349.65453456875997,1212,269,0,0
349.7402163831824,904,46,0,0
349.80356735013385,1264,19,0,0
349.8379194401647,887,139,0,0
349.92912316915766,440,464,0,0
349.9296448404842,513,462,0,0
349.9994671235507,1921,765,0,0
350.0299814275688,1734,324,0,0
350.0393860775887,15,213,0,0
350.05267888812267,378,372,0,0
350.05513858683815,1981,334,0,0
350.19476029978375,15,712,0,0
350.19776132184,703,167,0,0
350.1984680397425,499,378,0,0
350.21184825126153,746,343,0,0
350.216096344242,6120,628,1,0
350.2278741353746,20,19,0,0
350.5079656695356,192,156,0,0
350.5182643870442,110,359,0,0
350.53565706237566,776,135,0,0
351.80750087154655,1101,100,0,0
351.8083190630606,630,111,0,0
351.83676721055843,971,464,0,0
351.9783556367409,16,14,0,0
352.2629034804055,541,304,0,0
353.49608258283945,23,213,0,0
353.49974933749365,332,412,0,0
353.54640526961833,1020,412,0,0
353.55777999235823,115,408,0,0
353.56332872164563,1154,261,0,0
353.5665506142021,452,767,0,0
353.56728546187014,366,270,0,0
353.5943137549304,1913,69,0,0
353.6570215461142,8086,106,1,0
353.6586640201569,857,142,0,0
353.7225426737707,616,636,0,0
353.72711115013635,1691,92,0,0
353.72892348517394,380,195,0,0
353.7289949907546,1099,768,0,0
353.8565685546157,316,257,0,0
353.9152943068851,511,308,0,0
353.9227278088823,1863,101,0,0
353.929129998951,1268,274,0,0
353.93015040123424,1280,423,0,0
353.9696577323711,134,123,0,0
353.9819704481708,1049,212,0,0
354.0235298718789,656,726,0,0
354.0436175984704,574,149,0,0
354.04444725673767,151,214,0,0
354.0450627769621,40,213,0,0
354.07793487988545,1410,194,0,0
354.0784072923885,1801,391,0,0
354.1031185978939,430,27,0,0
354.1919596841431,602,7380,0,1
354.1930450139871,4870,259,1,0
354.2494083070983,210,439,0,0
354.2653757443817,915,188,0,0
354.3085900879158,905,366,0,0
354.3127380061782,1466,562,0,0
354.32726041225783,11,1640,0,1
354.3629159014485,12,124,0,0
354.9681862399334,467,228,0,0
355.03553967024465,1649,234,0,0
355.0776783148125,1780,618,0,0
355.078819393474,1328,532,0,0
355.10941207780314,1113,368,0,0
355.1133981895152,1551,508,0,0
355.1271444653678,677,430,0,0
355.1544539874436,998,2320,0,1
355.26714125917476,1616,197,0,0
355.3201986583549,1726,5550,0,1
355.3438054664826,79,16,0,0
355.35823329284034,1206,332,0,0
355.60794355371473,230,296,0,0
355.6106832527006,22,50,0,0
355.628401674249,875,277,0,0
355.89093102260864,925,192,0,0
355.9020638369772,723,114,0,0
355.9898005456999,1201,243,0,0
356.08916626802346,109,262,0,0
356.9806744163149,7,108,0,0
357.14217781040907,1494,78,0,0
357.1427730317982,342,78,0,0
357.1592909572052,1747,479,0,0
357.18900259280196,902,94,0,0
357.27582005505775,1100,3090,0,1
357.31144685655744,118,312,0,0
358.0373454818921,402,302,0,0
358.1861779945815,11,109,0,0
358.187664926675,7810,30,1,0
358.1921093226434,81,433,0,0
358.19235612178244,642,138,0,0
358.70542264237565,40,204,0,0
358.71743072072144,1118,151,0,0
358.7289028469382,675,581,0,0
358.7295242819347,405,111,0,0
358.7356257427248,860,377,0,0
358.77018039250737,1609,57,0,0
358.7765091655348,9,58,0,0
358.7828939725674,1503,102,0,0
358.78689019627035,21,218,0,0
359.54230678147434,1582,444,0,0
359.54679471339745,415,124,0,0
359.54751069984303,448,141,0,0
359.55217988358316,132,368,0,0
359.5586407815219,16,373,0,0
359.5693557648103,870,544,0,0
359.5771689887077,1699,183,0,0
359.5784890365901,822,339,0,0
359.5868765304543,119,11,0,0
359.6141780787088,283,51,0,0
359.6149048631307,334,154,0,0
360.2946449020861,1046,176,0,0
360.6811903341347,1044,92,0,0
360.68150126429066,1879,256,0,0
360.6873307878076,808,544,0,0
360.782301327812,6270,339,1,0
360.9690076497347,657,402,0,0
361.42823460326247,481,332,0,0
361.4285241272623,305,137,0,0
361.42981428438054,339,257,0,0
361.4341456390937,1380,59,0,0
361.4717244865515,62,194,0,0
361.4731175737713,985,634,0,0
361.5030093987842,1079,262,0,0
361.5343090773791,514,31,0,0
361.5884636831582,21,191,0,0
361.5893849382014,438,152,0,0
361.6083176258394,327,244,0,0
361.62312564004617,437,465,0,0
361.62864244570204,22,77,0,0
361.8120513116382,547,161,0,0
361.8192806480561,623,488,0,0
362.06994557414396,545,246,0,0
362.07391985133665,536,54,0,0
362.50277078410153,1767,287,0,0
362.8888744243952,343,379,0,0
362.8914436816919,374,716,0,0
362.91879533075263,9,495,0,0
362.9450908355936,70,273,0,0
362.9470148846763,1726,48,0,0
363.0166290821408,1383,268,0,0
363.06427730748953,1433,628,0,0
363.06671901531365,1290,91,0,0
363.0843705344232,1527,368,0,0
363.1732209653595,92,163,0,0
363.1838198268512,4570,207,1,0
363.1872683589771,8019,173,1,0
363.60232315050746,326,301,0,0
363.60435451482346,351,330,0,0
363.6344680989579,386,227,0,0
363.7831617382749,1413,142,0,0
363.8594647154362,1388,386,0,0
363.8598322681963,798,285,0,0
363.86780955718484,705,87,0,0
363.87974588153065,823,141,0,0
363.8899914925689,276,41,0,0
363.9467308135782,987,176,0,0
363.9949944743123,46,16,0,0
364.0162023018445,1757,767,0,0
364.0441442265153,1208,150,0,0
364.1725822402064,279,593,0,0
364.3811755081677,830,223,0,0
364.38153000671366,1914,3030,0,1
365.7920195665986,35,81,0,0
365.79750028123755,483,500,0,0
365.8803792375853,1666,473,0,0
365.8810028685187,307,339,0,0
365.88700994934317,1743,48,0,0
365.8883442143891,399,286,0,0
366.0448109550513,7589,603,1,0
366.1495253474512,537,400,0,0
366.1670627368039,522,7670,0,1
366.17936285327016,825,467,0,0
366.21751516476746,895,647,0,0
366.2200989818077,7,76,0,0
366.2251750974781,13,311,0,0
366.2288617444283,1537,2080,0,1
366.3209671845713,39,261,0,0
366.3393723937824,278,167,0,0
366.3406855820391,621,255,0,0
366.37588079174316,17,113,0,0
366.42675497121155,1567,433,0,0
366.7193795104231,220,303,0,0
366.72503535824876,1354,755,0,0
366.7648438395571,1361,161,0,0
367.96371713381245,808,70,0,0
367.9727563774586,1328,168,0,0
367.9811228777938,472,86,0,0
368.0303560256638,289,162,0,0
368.0366755250099,989,470,0,0
368.05420408673433,5620,350,1,0
368.060480220974,1042,274,0,0
368.06403148498555,1015,494,0,0
368.1676300407714,7,225,0,0
368.17574862176,451,353,0,0
368.17800623298854,2001,352,0,0
368.1876848748309,192,20,0,0
368.20066473438993,403,9,0,0
368.2324088907528,737,444,0,0
368.34760945262184,421,258,0,0
368.9739784078866,351,608,0,0
368.9754092959159,783,45,0,0
368.9858065523754,310,121,0,0
368.9862321364751,1225,447,0,0
369.01282806277305,136,111,0,0
369.06171050219695,1454,343,0,0
369.066190231818,19,515,0,0
369.06881494793726,489,303,0,0
369.071045883929,1108,349,0,0
369.0718421473257,884,71,0,0
369.1311363819781,635,150,0,0
369.9186247926688,487,305,0,0
369.9202515683311,1516,42,0,0
370.36581842042614,793,769,0,0
370.3786804662976,1186,223,0,0
370.37964211355524,117,193,0,0
370.42988452804013,7,317,0,0
370.5042160070634,1386,184,0,0
370.53956839199026,237,231,0,0
370.548913667451,1762,295,0,0
371.01424109861745,1566,2550,0,1
371.0231007888987,1354,193,0,0
371.08000866959014,12,239,0,0
371.13841752388265,490,440,0,0
371.1409596106216,398,365,0,0
371.1413253053959,1163,182,0,0
371.1417895618446,37,405,0,0
371.1486922744422,1788,16,0,0
371.18040003222103,400,413,1,0
371.1808159624956,1126,736,0,0
371.1843616596907,171,225,0,0
371.52588503882987,1325,184,0,0
371.52628392584734,1458,25,0,0
371.56504735177515,1446,371,0,0
371.5959488317977,775,316,0,0
371.6706387936119,51,468,0,0
371.67140124844263,526,4930,0,1
371.70118674110375,627,224,0,0
371.70207966758875,393,313,0,0
371.92597728288325,6240,64,1,0
371.92856455269424,57,260,0,0
371.9607856038105,294,236,0,0
371.9637250962247,661,526,0,0
371.9833995027439,22,446,0,0
371.9840598402699,42,150,0,0
372.01042407969265,869,42,0,0
372.0607461186141,714,103,0,0
372.0752247602816,10,279,0,0
372.46722799724665,948,315,0,0
372.4984976756655,896,468,0,0
372.57129177584727,1074,87,0,0
372.6125956377076,7,14,0,0
373.2777625898473,1656,294,0,0
373.2816687451016,1373,1410,0,1
373.29023900489386,1068,374,0,0
373.29976524255164,1028,220,0,0
373.3519296938276,981,77,0,0
373.37730512309366,1690,310,0,0
373.45880275905444,1376,767,0,0
373.4861711950871,208,288,0,0
373.49145132252255,62,540,0,0
373.5047417880648,1100,171,0,0
373.5415031958082,1649,328,0,0
373.54164905764185,72,54,0,0
373.7983289849148,1657,242,0,0
373.80316204763994,60,179,0,0
373.81062088429303,33,197,0,0
373.83681934805327,7425,767,1,0
373.84613160287995,764,242,0,0
373.84694225457304,691,767,0,0
373.85675373580466,1120,596,0,0
374.1204200809525,253,250,0,0
374.25330384901594,783,678,0,0
374.4494024953788,1258,105,0,0
374.4545907155411,203,349,0,0
374.46491029360516,415,269,0,0
374.6022939357894,4010,471,1,0
374.9351717615642,1765,405,0,0
374.95254278961664,1171,29,0,0
374.9548198174324,17,381,0,0
374.9551411114748,721,227,0,0
375.25382896757077,1198,169,0,0
375.25457422349893,1073,767,0,0
375.2947925759396,1199,209,0,0
375.39836899176225,229,171,0,0
388.4957246956687,1461,404,0,0
388.52086440361865,276,234,0,0
388.5344276562049,1815,768,0,0
388.57860687517757,312,292,0,0
388.6278720722222,522,237,0,0
388.89969512061566,22,217,0,0
388.97133521387553,1503,92,0,0
388.974998316959,689,91,0,0
388.97523111862296,43,27,0,0
389.00767291030166,1011,357,0,0
389.012085655117,1023,394,0,0
389.3330457672765,7571,621,1,0
389.33424345823573,64,541,0,0
389.3611936677899,1694,247,0,0
389.365169272185,1320,220,0,0
389.3681163539293,19,108,0,0
389.9207265667427,785,597,0,0
389.9461639884281,12,374,0,0
389.95854968925863,7964,228,1,0
390.04115807821745,1039,273,0,0
390.04473118434237,72,103,0,0
390.0531756105452,1398,321,0,0
390.0580166447346,11,169,0,0
391.13013001602246,683,396,0,0
391.16574342922274,963,279,0,0
391.231706217585,745,201,0,0
391.41178419116056,1049,232,0,0
391.42406522629307,1581,303,0,0
391.43715794401095,8,133,0,0
391.4377713962085,876,767,0,0
391.48615494882677,1223,374,0,0
391.51685210551756,1550,597,0,0
391.52452873717755,1330,291,0,0
391.740859829485,17,140,0,0
391.74130688118885,276,767,0,0
391.78402131664603,16,8176,0,1
391.7850595342205,899,239,0,0
391.7867429002856,529,283,0,0
391.7983250780441,1391,264,0,0
392.08025259744255,1613,478,0,0
392.0817797667507,53,368,0,0
392.08404118149144,943,370,0,0
392.08549850414414,54,100,0,0
393.2397241988709,33,82,0,0
393.2925091656893,134,373,0,0
393.3339183700925,1609,206,0,0
394.6222758989009,1673,512,0,0
394.65226587294825,23,429,0,0
394.6524950475926,857,382,0,0
394.65877120211724,56,25,0,0
394.66026802409334,1278,145,0,0
395.8522130853614,1173,1800,0,1
395.85316136223247,12,204,0,0
395.88670638451407,1203,304,0,0
395.89283893737337,1355,269,0,0
395.8999878926907,529,3730,0,1
395.91862123524317,1076,121,0,0
395.93211142201534,89,17,0,0
395.9364171565383,2520,278,1,0
395.93778668405776,772,369,0,0
395.9423901597048,229,33,0,0
395.9444258112434,718,321,0,0
395.94712694700155,15,461,0,0
395.9698328347154,1623,249,0,0
395.9827524211385,567,6790,0,1
396.03062648729696,14,53,0,0
396.0414290570588,420,219,1,0
397.0030892321767,134,767,0,0
397.00695908849644,1106,304,0,0
397.00917117740386,1770,494,0,0
397.1576841834974,344,405,0,0
397.1617542582551,1567,348,0,0
397.18459108505914,8161,31,1,0
397.3193456912207,1099,523,0,0
397.3337030067387,935,4690,0,1
397.3421169495678,1100,346,0,0
397.47375474805693,1883,69,0,0
397.508824039418,117,93,0,0
397.514640143994,822,328,0,0
397.5160947158378,1030,289,0,0
397.52407413884043,906,761,0,0
397.5246322564326,9,238,0,0
397.5274843270428,319,155,0,0
397.5292770090533,58,355,0,0
397.5614712598524,1071,768,0,0
397.64663897028754,69,303,0,0
397.6511384815143,818,473,0,0
397.65810314211427,813,417,0,0
397.65986384329074,1795,172,0,0
397.66084512965057,716,402,0,0
397.66789398952113,1473,347,0,0
397.723715250679,352,527,0,0
397.76952912047665,1549,159,0,0
397.8282723042836,25,418,0,0
397.83805733637143,43,36,0,0
397.83811644413856,387,57,0,0
397.95681645021205,1568,721,0,0
398.2262355996172,231,133,0,0
398.3414033353163,337,295,0,0
398.4547430299913,511,317,0,0
398.62473520889205,8045,147,1,0
403.21741439921533,935,268,0,0
403.25169826564854,1517,252,0,0
403.69873329182184,420,352,0,0
403.7939801579935,43,689,0,0
403.86673160867485,755,769,0,0
403.88028542015246,653,236,0,0
403.8890199472103,963,238,0,0
403.8907445780041,361,205,0,0
403.9512071874196,410,344,0,0
403.96055150683844,701,163,0,0
403.96202937932424,728,250,0,0
403.96572241203853,798,5590,0,1
403.96724155432497,1541,404,0,0
404.4643277305899,9,115,0,0
404.4750805343814,435,102,0,0
404.4974539333957,1117,13,0,0
404.49889661528454,110,390,0,1
404.50098718692016,1768,132,0,0
404.65913483110194,621,304,0,0
404.6701186165553,606,73,0,0
404.69851875487814,1032,329,0,0
405.51116129958154,90,489,0,0
406.8909472850765,447,397,0,0
406.9660845638932,1347,335,0,0
407.01552935095674,1726,42,0,0
407.0449028836331,1709,351,0,0
407.0548421863575,204,2100,0,1
408.2628324338142,90,112,0,0
408.26427331371985,1635,290,0,0
408.2792121344722,1332,14,0,0
408.2795428707011,1752,128,0,0
408.28084100693405,89,47,0,0
408.3224703176763,788,769,0,0
408.36901643310506,286,343,0,0
408.40531691406784,837,228,0,0
408.41450657692315,1396,20,0,0
408.4186514908814,407,217,0,0
408.42453275935475,1198,244,0,0
408.4326645247175,816,751,0,0
408.6078699960126,1679,288,0,0
408.98136845018,104,88,0,0
409.0265910279323,1431,263,0,0
409.03247862505935,637,34,0,0
409.0350516452193,718,610,0,0
409.0690036707045,233,149,0,0
409.08021874131725,495,140,0,0
409.08062564899234,1316,375,0,0
409.39216790417976,1250,209,0,0
409.40990549544125,58,203,0,0
409.41920471149746,88,335,0,0
409.4221599888178,1751,99,0,0
409.42509188686944,112,281,0,0
409.541961613422,1441,343,0,0
409.544498590843,7650,255,1,0
409.56651415604773,1319,400,0,0
409.6339844406929,280,239,0,0
410.4675510216153,649,19,0,0
410.53092149855,24,2040,0,1
410.54772797474726,728,1270,0,1
410.5549586232,11,375,0,0
410.6618268328635,512,29,0,0
410.8073978647136,84,26,0,0
410.81484286131285,1243,115,0,0
410.8760305464177,1447,299,0,0
410.8895679574677,1815,292,0,0
410.89018662316204,711,156,0,0
410.892412219448,501,293,0,0
410.9894544631945,774,314,0,0
411.35088518215247,387,175,0,0
411.4248510521246,1828,735,0,0
411.43670457236243,1099,164,0,0
411.44077577711204,15,191,0,0
411.4958326071416,941,92,0,0
411.5317332684028,12,191,0,0
411.5323585296722,439,299,0,0
411.60224445416753,674,593,0,0
411.6063940691967,7636,556,1,0
411.679327040448,14,48,0,0
411.73444408279056,43,210,0,0
411.81607413200663,751,83,0,0
411.98356573527224,357,293,0,0
412.0617063051458,351,100,0,0
412.0637455292891,277,240,0,0
412.0659206876415,19,202,0,0
412.2227167404702,606,249,0,0
412.2714447482557,1028,280,0,0
412.2721342461703,1170,168,0,0
412.2724130978966,491,368,0,0
412.388336049807,1070,264,0,0
414.23215847664994,356,269,0,0
414.33334881650245,5,186,0,0
414.34442036367955,1557,164,0,0
414.3760427390701,1567,337,0,0
414.37610579997704,1440,158,0,0
414.37838432528355,312,26,0,0
414.5276586967508,338,31,0,0
414.63642101373233,330,222,0,0
414.6366391232444,7776,416,1,0
414.84881473193013,333,18,0,0
414.90402726795776,900,713,0,0
415.0313413071433,309,231,0,0
415.04327018274654,413,56,0,0
415.06159134036494,12,209,0,0
415.0635241209572,8117,75,1,0
415.09890865560584,377,135,0,0
415.21596325602724,1136,275,0,0
415.21853447405306,333,290,0,0
415.25744338366565,334,141,0,0
415.26345892458255,1760,72,0,0
415.4222102357961,7070,274,1,0
415.561654792672,1072,6,0,0
415.5617890887042,183,114,0,0
415.6083656379675,1291,310,0,0
415.7582892385076,242,70,0,0
415.76395764823724,1006,190,0,0
415.77554740750804,1489,493,0,0
415.788798999581,1284,510,0,0
415.79047660668994,86,5,0,0
415.80473040417775,321,335,0,0
416.2654927881983,400,770,0,0
416.3144693360797,1078,209,0,0
416.7455763761197,1160,41,1,0
416.8885962692393,1204,211,0,0
417.1092348081883,984,366,0,0
417.13268027254765,616,56,0,0
417.22385157417386,869,42,0,0
418.4277206117924,7848,344,1,0
418.81623789383195,1936,467,0,0
418.8518643900475,986,248,0,0
418.85612478160664,504,505,0,0
418.85879691085984,405,369,0,0
418.8887717392193,1045,30,0,0
418.9340626406856,29,116,0,0
418.9344626324944,247,9,0,0
418.96317421739985,1485,484,0,0
419.00062838569437,466,14,0,0
419.03474113435965,203,208,0,0
419.04054855332987,116,214,0,0
421.22556655802236,319,316,0,0
421.33711197132146,1061,7,0,0
421.33816028644276,832,81,0,0
421.3422631004344,735,209,0,0
421.4379094261055,60,214,0,0
421.49029967557743,837,774,0,0
421.513790682677,1710,340,0,0
421.53063738063054,116,508,0,0
421.54211405404226,347,332,0,0
421.5491434253509,6,412,0,0
421.5512545217165,197,22,0,0
421.6097391082557,26,190,0,1
421.60979389116676,12,742,0,0
421.61363139341915,622,263,0,0
421.8412889872288,930,338,0,0
421.8446768520764,113,252,0,0
421.84611928235694,8,211,0,0
422.71860401644443,18,226,0,0
422.866189021856,480,326,0,0
422.87864087592914,981,67,0,0
422.8836630732564,7773,419,1,0
422.8940733351514,1428,769,0,0
422.9022327076112,1388,66,0,0
422.91236540504167,1402,107,0,0
422.91597232539453,614,110,0,0
422.96719338271583,615,129,0,0
422.972424334028,1312,317,0,0
422.9728096558965,675,361,0,0
422.9739379980944,420,27,0,0
422.9903826045724,1319,398,0,0
422.99235796228555,916,434,0,0
422.9924541185573,1693,451,0,0
423.3558059953736,541,438,0,0
423.4009651433368,278,361,0,0
423.40696777528564,825,603,0,0
423.4123844074011,28,167,0,0
423.45848274420615,355,1120,0,1
423.73172195024364,466,355,0,0
423.7360768945014,202,437,0,0
423.773096883696,7430,352,1,0
423.7774148965604,1468,155,0,0
423.80828546692254,325,376,0,0
423.80976942932017,781,768,0,0
423.8101229982971,329,23,0,0
423.8288147461005,687,421,0,0
423.842464632984,1268,89,0,0
423.912093306345,75,259,0,0
423.9159941746978,265,118,0,0
424.18333163805823,298,277,0,0
424.2022982353528,1609,272,0,0
424.5826107394836,455,308,0,0
424.59029246684315,1239,256,0,0
424.9441994698517,417,236,0,0
424.95781572805834,1778,356,0,0
424.9786831155459,444,44,0,0
425.09351271437254,23,395,0,0
425.09391168080566,76,253,0,0
425.09562320697864,1509,282,0,0
425.7916802468478,1107,58,0,0
425.79236680528277,825,615,0,0
425.7979153580109,205,62,0,0
425.84599920229266,1176,139,0,0
426.1682385821901,1353,224,0,0
426.17370859423227,1698,203,0,0
426.19417522524367,2942,712,0,0
426.195681836787,514,5270,0,1
426.202753481359,990,306,0,0
426.33391715632746,80,522,0,0
426.36485920199397,8015,177,1,0
426.3796176667831,511,67,0,0
426.4177244549252,753,767,0,0
426.4387813570506,547,276,0,0
426.46132663243174,9,97,0,0
426.4689864209177,34,46,0,0
426.47108813878924,1337,769,0,0
426.5357582500932,1266,303,0,0
426.5372312552427,479,148,0,0
426.6693326645853,1739,426,0,0
427.98038377373433,477,24,0,0
428.35069434461525,1105,245,0,0
430.3018002531983,1499,261,0,0
430.30367737076637,867,252,0,0
430.33054626403583,1031,130,0,0
430.333485149554,592,392,0,0
430.3370228765618,1347,103,0,0
430.33749343838855,800,298,0,0
430.3388267340318,17,411,0,0
430.4356162792169,328,1730,0,1
430.5058237099984,675,19,0,0
430.70613623362414,1806,333,0,0
430.87767368946623,1189,198,0,0
430.96240201854016,1647,148,0,0
430.965603847378,1225,23,0,0
430.9789667583153,9,283,0,0
431.0565221851731,1222,121,0,0
431.2820350726156,76,111,0,0
431.2899524654993,1371,331,0,0
431.296168374506,33,192,0,0
431.30318116467504,27,296,0,0
431.7698130907295,67,242,0,0
431.82579692307354,766,663,0,0
431.8348951523837,1822,268,0,0
431.8384910048047,1000,302,0,0
431.8817388618907,672,363,0,0
431.8822890646871,6270,732,1,0
431.89333506913056,40,268,0,0
431.89880092684945,683,394,0,0
431.9041154277166,305,336,0,0
431.93111390484614,10,320,0,0
431.9730564245462,804,437,0,0
441.4037422323147,640,226,0,0
441.42593850472815,1117,219,0,0
441.5016744219408,874,289,0,0
441.50511109356677,50,679,1,0
441.5057074032698,486,354,0,0
441.6967642054772,1875,12,0,0
442.73489495933507,752,731,0,0
442.73723130116224,382,168,0,0
442.7530142061063,545,97,0,0
442.9345975654332,768,181,0,0
442.95699337764705,8006,186,1,0
442.9571263421264,572,51,0,0
443.10547427692745,19,293,0,0
443.1192994798475,1510,768,0,0
443.2020353550665,1325,674,0,0
443.20458566130213,1486,1130,0,1
443.31906114089014,1098,263,0,0
443.4770002834074,503,432,0,0
443.48121110560464,825,30,0,0
443.5325705717294,7744,448,1,0
443.5376036362901,1261,125,0,0
443.5442035349424,975,142,0,0
443.54708096470597,1569,565,0,0
443.5547189685093,896,43,0,0
443.55933977163306,588,225,0,0
443.7670105240108,506,236,0,0
443.7787122954458,516,660,0,0
443.78054912712537,6620,114,1,0
444.0926050899197,1194,770,0,0
444.1496093414986,479,406,0,0
444.29261221228893,767,767,0,0
444.3090134052446,7,104,0,0
444.38770783422615,7850,314,1,0
444.4030694575791,1687,36,0,0
444.40571541166634,7817,375,1,0
444.429202311782,8157,35,1,0
444.4546428397175,979,128,0,0
444.47968791244324,6620,220,1,0
444.58664394674906,33,5040,0,1
444.58718417994805,1820,150,0,0
444.62217315004494,1244,237,0,0
444.62587834880736,1288,19,0,0
444.6366264203437,1529,297,0,0
444.6845955140795,304,372,0,0
444.7066064478085,41,195,0,0
444.71147160328,1149,430,0,0
444.8031931909659,725,421,0,0
444.82053448545537,1107,436,0,0
444.9536458501422,217,156,0,0
445.200361604923,681,34,0,0
445.2098381311126,4060,4,1,0
445.21191862484187,1452,257,0,0
445.2353430737234,1777,326,0,0
445.34102725683647,278,271,0,0
445.3793681285162,488,157,0,0
445.38118925022246,1006,377,0,0
445.38180915574486,112,77,0,0
445.38472424835874,595,219,0,0
445.3875907763435,741,190,0,0
445.45945984109545,8,209,0,0
445.48233609853287,179,19,0,0
445.6030862857829,479,484,0,0
445.6200550575494,1121,411,0,0
446.24205633689905,263,203,0,0
446.2628421446476,762,534,0,0
446.32600328446836,108,330,0,0
446.33482513764216,1039,454,0,0
446.3858421794474,421,213,0,0
446.57487761046104,745,148,0,0
446.67500637029053,16,211,0,0
446.9548497749793,309,261,0,0
446.9608298579418,550,277,0,0
447.01329438762644,1169,296,0,0
447.69095837885635,416,170,0,0
447.7257027564166,507,228,0,0
447.7405662733007,387,350,0,0
447.7535585202453,951,348,0,0
447.7606793773185,748,748,0,0
447.7886589597506,1016,429,0,0
448.14412466368765,784,343,0,0
448.19657681648084,668,216,0,0
448.2163672388985,82,5720,0,1
448.2204916327383,726,769,0,0
448.22253996737237,752,323,0,0
450.9064105754943,575,101,0,0
450.9143848518184,1500,535,0,0
450.93974820141426,145,2050,0,1
450.9474481328445,630,255,0,0
450.97648481428166,1165,164,0,0
450.985095754975,650,1080,0,1
451.01056086996965,70,226,0,0
451.4014633274045,884,293,0,0
451.40599596696484,1085,257,0,0
451.4654840586412,1060,10,0,0
451.48309982869125,219,224,0,0
451.57019512904566,458,393,0,0
451.57523044257795,9,49,0,0
451.62089584402656,7823,369,1,0
451.6236044520136,6740,623,1,0
451.624090929729,306,501,0,0
451.6254453962238,1444,303,0,0
451.62825843569186,182,37,0,0
451.6302233031022,523,762,0,0
451.640076083587,481,459,0,0
451.81739787271255,938,79,0,0
451.81926371049076,705,354,0,0
451.8655699439541,1137,88,0,0
451.8907868245381,236,322,0,0
451.89520079823444,887,529,0,0
451.8979766300854,437,235,0,0
451.9416437843067,1356,253,0,0
451.9900406627491,1816,429,0,0
451.99907631391017,737,103,0,0
452.0125263509856,1124,131,0,0
452.0303765039699,735,693,0,0
452.0316513295746,1170,460,1,0
452.05421611418086,1214,320,0,0
452.0878537138246,321,6,0,0
452.7192581162713,184,216,0,0
452.72063481478824,333,177,0,0
452.7237563869342,1050,299,0,0
452.7451817858175,109,86,0,0
452.7507082347997,3990,3600,1,1
452.758667939886,4120,332,1,0
452.77699698623684,372,3990,0,1
452.78696698818715,127,208,0,0
452.80382816491107,130,5120,0,1
452.84769021280596,918,307,0,0
452.84837806156304,418,272,0,0
452.9043998392178,6,88,0,0
452.90459413420376,1200,606,0,0
453.46481167923116,423,285,0,0
453.5820360278102,209,85,0,0
453.5873633831697,742,768,0,0
453.7287773045243,342,513,0,0
453.7423141955906,24,40,0,0
453.7860098039378,1434,439,0,0
453.86977994646384,50,665,0,0
453.90667892806385,1328,187,0,0
453.92510600754184,713,119,0,0
453.98931746831005,1109,689,0,0
454.0018818946906,933,53,0,0
454.01053138110467,72,92,0,0
454.0132795548641,1079,13,0,0
454.0137681454179,936,330,0,0
454.4616561989113,385,295,0,0
454.5507207207514,857,107,0,0
454.55183398489135,37,220,0,0
454.59304834364565,298,200,0,0
454.62132301939664,10,174,0,0
454.6215470360284,1347,393,0,0
454.62504665815266,658,920,0,1
454.64018297064536,712,368,0,0
455.22966834944276,518,613,0,0
455.3986370235283,934,322,0,0
455.63342786920197,806,500,0,0
455.66893593384816,1704,430,0,0
455.80872149577544,1658,208,0,0
455.81050803820153,1334,210,0,0
455.8755980966994,331,743,0,0
455.9573890089345,583,497,0,0
455.9588872324261,347,411,0,0
455.9903608237429,512,13,0,0
456.39454717898735,921,354,0,0
457.305850852834,412,414,0,0
457.6342866417682,1793,357,0,0
457.6389524872191,1433,29,0,0
457.65501658175,1085,75,0,0
457.6618641006241,727,255,0,0
457.8905336228514,3350,206,1,0
457.8941018856255,1257,76,0,0
457.89647775469194,131,395,0,0
457.8972325992613,192,16,0,0
457.9261541401499,524,124,0,0
457.97286847518245,615,2210,0,1
457.9787442600499,680,516,0,0
457.9830339256359,259,152,0,0
457.99650505582827,1419,400,0,0
458.2869036574534,1574,568,0,0
458.28822979810116,375,219,0,0
458.30632470268296,1942,316,0,0
458.33632677598433,155,720,0,1
458.37812932682004,12,86,0,0
458.62373889306565,1700,330,0,0
458.728242694417,1390,230,0,0
458.7626158369215,1010,354,0,0
459.1353171678718,451,423,0,0
459.3317633564687,780,352,0,0
459.36738490330174,11,616,0,0
459.39942865087886,188,283,0,0
459.40128946701054,674,767,0,0
459.427191290873,869,134,0,0
459.4313395592508,26,20,0,0
459.43337127689193,1437,62,0,0
459.4448406823672,397,264,0,0
459.44546653395554,948,132,0,0
459.44879660293645,643,341,0,0
459.4558282687644,1710,335,0,0
459.49424485713365,12,255,0,0
459.5045288314551,1542,220,0,0
459.5474485692675,587,125,0,0
460.0094753781969,635,238,0,0
460.10916146243704,1103,214,0,0
460.11106262537504,7832,360,1,0
460.11160515757825,619,328,0,0
460.1146256169296,345,154,0,0
460.1177974081222,1026,432,0,0
460.11814963222764,1347,114,0,0
460.1187396902272,834,3670,0,1
460.11932830794484,130,26,0,0
460.1247376751569,378,193,0,0
460.43614321567924,185,33,0,0
460.9770204502944,1408,2430,0,1
460.9792781536134,1121,1350,0,1
460.98615665134616,1111,176,0,0
460.98724788368634,1877,79,0,0
460.98788975453215,11,327,0,0
461.002173679962,27,170,0,0
461.0200614955717,1794,307,0,0
461.02458955028027,1660,247,0,0
461.08073083903423,971,41,0,0
461.0887941582558,1567,423,0,0
461.22680340442,760,1140,0,1
461.23247924623064,1573,331,0,0
461.31768546053496,846,153,0,0
461.32791200710636,287,241,0,0
461.34748900082275,1209,27,0,0
461.4004449132188,1686,577,0,0
461.40149068543894,1270,29,0,0
461.4049231553327,870,36,1,0
461.41803664119857,773,565,0,0
461.4266633564537,1730,359,0,0
461.4519087663207,1339,92,0,0
461.4548838695416,99,20,0,0
461.45593434628023,130,47,0,0
461.46804071305144,1292,820,0,1
461.49467813437707,968,239,0,0
461.4976618162024,1540,210,0,0
461.6681048903276,542,163,0,0
461.7283846953088,1277,220,0,0
461.81103891725223,1519,423,0,0
461.88399348851476,974,130,0,0
461.8867484644411,1307,166,0,0
462.9745231353069,41,247,0,0
462.97831961376477,1341,225,0,0
463.0124336748842,1596,124,0,0
463.08219095623815,704,131,0,0
463.1145942851869,1656,497,0,0
463.13920185411985,1674,578,0,0
463.1425883100621,105,532,0,0
463.15045306364993,114,77,0,0
463.1693151347105,140,397,0,0
463.4109392952632,23,42,0,0
463.41578022812064,628,201,0,0
463.488407361026,1539,762,0,0
463.5329607529129,333,19,0,0
463.5553345394158,1260,280,0,0
463.56168604285034,36,2330,0,1
463.57630809458425,513,289,0,0
463.57692611341696,950,311,0,0
463.60153190300065,301,258,0,0
463.6401126646767,1492,414,0,0
463.6473610709941,44,111,0,0
463.7063907627994,1015,259,0,0
463.745543911602,428,600,0,1
463.75045784879995,740,552,0,0
463.8636402766676,603,627,0,0
463.87099277648974,18,494,0,0
466.5236885130794,799,24,0,0
466.52644428373964,1506,768,0,0
466.53072308206464,520,170,0,0
466.5367701517693,1765,309,0,0
466.5714902029459,794,44,0,0
466.7911676741874,511,642,0,0
466.8170826287713,679,110,0,0
466.82676667806936,1389,52,0,0
467.7907428301273,1266,133,0,0
467.95615762528473,123,263,0,0
467.9684103313801,780,214,0,0
467.9854749693971,255,503,0,0
467.98647174955687,983,767,0,0
468.00936121683526,74,44,0,0
468.6677528489968,1372,344,0,0
468.6698066930524,8127,65,1,0
468.6710424365142,1499,436,0,0
468.69827485696146,3400,163,1,0
468.69844881501945,1538,314,0,0
469.031899927931,96,76,0,0
469.0328986218785,518,283,0,0
469.03770188776485,1123,397,0,0
469.0523842941316,596,71,0,0
469.2727737287532,713,632,0,0
469.31641726495826,619,253,0,0
469.31685969627546,1357,326,0,0
469.3175243269027,262,506,0,0
469.34636202965544,709,586,0,0
469.3466505002644,763,743,0,0
469.35705338756367,1350,20,0,0
469.3606085829265,1365,2420,0,1
469.45136740394287,1209,336,0,0
469.6534562509715,101,33,0,0
469.65357494651767,1015,386,0,0
469.69579954223417,787,267,0,0
469.7597178345125,577,316,0,0
469.7635329008546,715,304,0,0
469.7688249610843,1210,215,0,0
469.7704072030243,642,189,0,0
469.7790918247892,1719,263,0,0
469.8178851673178,1663,760,0,0
470.0674306596857,1421,280,0,0
470.3711129959258,299,317,0,0
470.3807345936751,97,75,0,0
470.3839491793794,4330,291,1,0
470.50850275765987,1734,389,0,0
470.5085701320583,1330,78,1,0
470.5095884680078,657,387,0,0
470.57000109681775,397,43,0,0
472.01023735255706,342,215,0,0
472.0137236394623,7783,409,1,0
472.0341893138816,1702,365,0,0
472.0359811400979,1302,379,0,0
472.0503896296422,230,313,1,0
472.0647328580445,156,768,0,0
472.0684272779806,1748,270,0,0
472.10522947125975,1789,368,0,0
472.1172233053764,1323,405,0,0
472.16379439675825,1622,431,0,0
472.1751319472198,743,352,0,0
472.17665951306435,1533,572,0,0
472.1993116582213,1747,777,0,0
472.29455982731184,22,141,0,0
472.2981223431283,576,419,0,0
472.55051950587324,25,358,0,0
472.5932075918624,967,391,0,0
472.60166506849487,1076,233,0,0
472.6203548407447,429,154,0,0
472.62789007417797,1062,261,0,0
472.6307737871575,671,266,0,0
472.7409471849217,929,366,0,0
472.8480218879771,1678,44,0,0
472.8551505206224,618,122,0,0
472.86736848803713,919,127,0,0
472.8789809564706,628,252,0,0
472.95020880641,190,111,0,0
473.2827362482988,1188,374,0,0
473.2874784305668,1802,68,0,0
473.32046425056063,201,302,0,0
473.33758927531517,921,33,0,0
473.39237311974546,1577,744,0,0
473.71457032771764,1497,59,0,0
473.71769703960155,140,154,0,0
473.71798919587064,5370,44,1,0
473.73087151701253,29,196,0,0
473.7316052037626,1320,337,0,0
474.24763688732554,374,369,0,0
474.25214282980033,715,412,0,0
474.2625132052477,1678,4600,0,1
474.2922528906435,1513,2570,0,1
474.32002063861177,662,31,0,0
474.32791456035,20,281,0,0
474.3462879715858,45,333,0,0
474.46897048574107,50,321,0,0
474.47892418074304,457,178,0,0
475.2330051736468,80,90,1,0
475.27082742394776,3290,356,1,0
475.27099462001866,539,250,0,0
475.38204301683743,1423,2480,0,1
475.3825971970883,1045,221,0,0
475.41934647099333,1550,162,0,0
477.1437555012847,1983,111,0,0
477.30665324873314,1671,301,0,0
477.3086040570566,1836,121,0,0
477.31230127119545,7960,232,1,0
477.3319624621871,11,489,0,0
477.67870474776174,963,254,0,0
477.683076758797,2750,404,1,0
477.85728853230034,167,275,0,0
477.89249683601656,1093,27,0,0
477.90803143623094,1149,2550,0,1
477.9216968381878,107,147,0,0
478.4735496884483,1884,252,0,0
478.4744824673143,1718,380,0,0
478.4764434188512,2256,318,0,0
478.5915811207336,915,416,0,0
478.7305606699432,236,62,0,0
478.7319681058764,8115,77,1,0
478.7349835556353,77,232,0,0
478.73687155530797,639,2960,0,1
478.79406662475316,1491,358,0,0
478.79916149519045,1748,210,0,0
479.12815184019763,1373,276,0,0
479.2169362248445,15,248,0,0
479.2492890077996,1731,358,0,0
479.2776846151724,270,142,0,0
479.3338971801451,1655,266,0,0
479.4368006948078,1846,178,0,0
479.45620942210303,1493,313,0,0
479.4878693993,1850,328,0,0
479.57942157082783,795,642,0,0
479.5958658219426,356,80,0,0
479.73563300441367,371,372,0,0
479.74995150951946,294,258,0,0
479.75399489449967,1414,255,0,0
479.7814415250022,1956,767,0,0
480.2988753726707,13,57,0,0
480.6760856613394,7853,339,1,0
480.67684793495215,1018,269,0,0
480.7114301343474,936,166,0,0
480.7183358733503,5130,35,1,0
480.72800994366924,632,361,0,0
480.73729194899136,1534,16,0,0
480.74892778247505,1482,159,0,0
480.75536068733953,99,255,0,0
480.7658798414158,1309,277,0,0
480.79441574871515,931,158,0,0
480.7960513085163,1604,75,0,0
480.79758764849515,714,256,0,0
480.7995158158121,129,18,0,0
480.80138773175844,850,440,0,1
480.86088443274883,1206,103,0,0
480.86285833465604,14,14,0,0
480.8782294247979,1475,346,0,0
480.8987074786915,1435,124,0,0
480.97416286413755,930,162,0,0
480.9932169845198,242,392,0,0
481.1421640933276,667,368,0,0
481.1581965059801,1179,11,0,0
481.18787877879373,11,103,0,0
481.2702993107518,12,106,0,0
481.2712720595377,510,53,0,0
481.3105478124036,6090,427,1,0
481.6815599592961,7070,414,1,0
481.70410626125744,1677,112,0,0
481.71519524366056,1255,297,0,0
482.52650586708756,75,19,0,0
482.54878509640207,1689,144,0,0
482.7617321145269,117,77,0,0
482.76188776111894,680,92,0,0
482.78415014855017,418,462,0,0
482.790753119993,243,1420,0,1
482.8296936656804,1320,176,0,0
483.0223843553582,8,196,0,0
483.0357923350156,708,23,0,0
483.04732696552543,1886,3060,0,1
483.04739098928843,1600,288,0,0
483.13477806020853,877,250,0,0
483.39330760147857,414,428,0,0
483.4177398966404,1614,204,0,0
483.42471563573076,483,464,0,0
483.4623274697274,329,253,0,0
483.60574946007216,478,345,0,0
483.6717795943635,5,358,0,0
484.8343112863433,1740,98,0,0
484.84023277730927,323,343,0,0
484.84142847150787,1389,404,0,0
484.8898158847538,551,2980,0,1
485.1198760283794,370,455,1,0
485.1271495690627,5,41,0,0
485.1454891731618,352,333,0,0
485.15050238466466,709,152,0,0
485.15196928372814,255,42,0,0
485.15612894746465,19,250,0,0
485.1564180419384,28,372,0,0
485.18752644440355,1181,335,0,0
485.2329959962791,885,181,0,0
485.3391113930653,967,289,0,0
485.3425449174531,364,361,0,0
485.3475512209533,867,150,0,0
485.34817352910926,25,2120,0,1
485.3491427413201,30,158,0,0
485.45510298006275,812,460,0,0
490.51562713150076,194,65,0,0
490.5177800173274,1019,400,0,0
490.5258536108397,1026,228,0,0
490.64056185017824,1455,5,0,0
490.6449816140897,1309,360,0,0
490.7021149771056,1051,337,0,0
490.71183488213273,591,54,0,0
490.7216037965253,656,3120,0,1
490.830555804386,1334,399,0,0
490.8412577605487,487,505,0,0
490.842666320982,183,208,0,0
490.9351591528761,2610,278,1,0
490.9538961454534,64,127,0,0
490.9597776742986,1262,189,0,0
490.96334312724355,518,478,0,0
491.0201986080133,1345,467,0,0
491.0244220934302,380,713,0,0
491.0471306064263,1715,364,0,0
491.1796282030019,623,196,0,0
491.19398857843413,1447,490,0,0
491.3520427479541,518,10,0,0
491.35317393293417,737,295,0,0
491.41350115616535,1034,290,0,0
491.46534007927147,191,186,0,0
492.22494001131616,1474,628,0,0
492.24360224377966,1038,341,0,0
492.35099914430305,1391,214,0,0
492.3640331868997,1258,429,0,0
492.36617750990814,1867,168,0,0
492.3692654610132,17,385,0,0
492.37362541623725,1399,171,0,0
492.458660831409,1614,64,0,0
492.4624358566741,9,176,0,0
492.4819450575866,1677,438,0,0
492.5906403415423,1474,425,0,0
492.80636004323253,394,97,0,0
492.92382326407517,1244,247,0,0
493.2802028958476,756,767,0,0
493.28206689436894,807,186,0,0
493.28884803722303,690,450,0,0
493.3228678500124,10,213,0,0
493.4905909137653,521,429,0,0
493.53992730267964,560,309,0,0
493.5438157464083,962,438,0,0
493.55615015771474,268,187,0,0
493.55681360558907,1636,188,0,0
493.64755197773013,253,66,0,0
493.6480582354697,152,16,0,0
493.67583998915404,847,265,0,0
493.83136487486513,435,269,0,0
493.9413667368779,748,341,0,0
493.94208453164214,1882,5880,0,1
493.9697739000097,278,768,0,0
493.97877639433887,1042,280,0,0
493.9887411620662,976,249,0,0
494.4708018659366,19,164,0,0
494.50285572467413,7942,250,1,0
494.5038841538253,1491,163,0,0
494.50596645495324,670,36,0,0
494.5806126181564,624,571,0,0
494.60889745256463,767,211,0,0
494.61075895121763,588,526,0,0
494.61138717943703,211,243,0,0
494.6173065032727,54,105,0,0
494.6247295661204,559,1190,0,1
494.71629736386143,39,38,0,0
494.72154293723355,421,763,0,0
494.78919530410013,1772,25,0,0
494.9891075577688,597,118,0,0
494.9898231635162,1508,263,0,0
494.99527921297164,1834,336,0,0
495.38703219189506,833,625,0,0
495.3942084677807,453,428,0,0
495.41115799756784,348,281,0,0
495.53134474126455,6,296,0,0
495.5351408074245,520,388,0,0
495.54268924442215,1215,474,0,0
495.5433192799839,709,144,0,0
495.5953633116721,339,136,0,0
495.60179416334665,896,222,0,0
495.60990589470225,516,668,0,0
495.61000415191273,906,767,0,0
495.727034917595,499,93,0,0
495.79430974019374,1876,132,0,0
495.7977165741491,1834,176,0,0
495.9917254206003,1588,335,0,0
495.9918481273698,241,54,0,0
496.0062366309828,782,577,0,0
496.00679996290444,106,62,0,0
499.8401288922441,30,292,0,0
499.8402157300215,759,358,0,0
499.84162670595026,928,162,0,0
499.8451618616477,1766,47,0,0
499.9257484381238,154,34,0,0
500.0103520515084,94,459,0,0
500.0450544150939,1662,312,0,0
500.054717446017,1645,236,0,0
501.2099516857287,1331,329,0,0
501.2136853865612,1841,249,0,0
501.24324514619,849,290,0,0
501.76921190743474,1614,649,0,0
501.77053771662435,1622,4860,0,1
501.77363665266495,423,226,0,0
501.91681496472404,1175,358,0,0
501.95586481255145,1596,1710,0,1
501.9569904455229,1452,218,0,0
501.9736770547637,982,770,0,0
502.7140784983364,1152,252,0,0
502.7233989845887,19,129,0,0
502.8018408064554,174,304,0,0
502.82192261494146,625,177,0,0
502.8258225374748,434,192,0,0
503.2210012394678,1855,199,0,0
503.32959517743467,18,455,0,0
503.5008621059666,657,186,0,0
503.512290918098,410,332,0,0
503.53125712190626,403,141,0,0
503.5554843977211,7828,364,1,0
503.59329342405556,1832,383,0,0
503.6009736255354,655,265,0,0
503.60656347856536,1354,254,0,0
503.8198266287501,1139,73,0,0
503.82150537583794,44,128,0,0
503.82778098116813,353,269,0,0
503.83491859760477,565,219,0,0
503.84034618422544,890,396,0,0
503.8416903582514,1391,574,0,0
503.84493874613287,741,181,0,0
503.92085710450044,557,53,0,0
503.92820295604673,1574,731,0,0
503.93163346396585,24,232,0,0
504.36327763369667,330,259,0,0
504.3643152218158,193,256,0,0
504.48560254087477,1719,295,0,0
504.51632546097244,761,412,0,0
504.51732289531566,618,116,0,0
504.52405699149585,1657,186,0,0
504.5309726990746,611,66,0,0
504.7335976526497,869,366,0,0
504.8287669324766,474,305,0,0
504.8373769624861,753,12,0,0
504.83879558737124,1564,3830,0,1
504.83929817543384,821,206,0,0
504.8499938491162,506,210,0,0
504.85089393460754,710,266,0,0
504.8614183057773,1162,7,0,0
504.8713620243102,690,151,0,0
504.9033521708415,1564,321,0,0
505.01533811341136,1596,48,0,0
505.034032297043,1026,99,0,0
505.0727396233926,165,512,0,0
505.0833767370365,9,194,0,0
505.204768548791,1521,68,0,0
505.2820687556012,2820,158,1,0
505.65161301155587,708,142,0,0
505.8909926196252,1786,302,0,0
505.89446891914116,1697,532,0,0
505.8952692718169,111,494,0,0
505.9499246932434,1202,304,0,0
506.099913806227,682,28,0,0
506.10381709092337,1169,297,0,0
506.40987696048467,1864,205,0,0
506.42816089814227,1781,65,0,0
506.44073818206107,1423,158,0,0
506.4714184882322,727,192,0,0
506.4723080441136,314,201,0,0
506.47285515658,1846,767,0,0
506.4802479313185,1142,398,0,0
506.4816411184921,12,160,0,0
506.4957762781711,1911,257,0,0
506.5102079315578,1791,94,0,0
506.51029150759337,23,24,0,0
506.51316122240024,1031,2400,0,1
506.55434805985277,600,67,0,0
506.55448220192795,550,94,0,0
506.56169116162135,613,211,0,0
506.5626268928097,1245,701,0,0
506.56290080440493,516,325,0,0
506.6945559972094,969,312,0,0
506.81629031778766,644,95,0,0
506.82227176843145,394,45,0,0
506.82737684675845,698,86,0,0
507.05261187357206,788,229,0,0
507.20659504049627,819,278,0,0
507.2201573132189,627,535,0,0
507.29902880486776,199,90,0,0
507.31604196366584,234,167,0,0
507.32340345953037,332,549,0,0
507.37093363624734,953,347,0,0
507.3767644274625,1420,118,0,0
507.4215763907005,6190,386,1,0
507.4299362931343,777,388,0,0
507.4354083554191,1273,52,0,0
507.4397741131483,1622,224,0,0
507.47380550804655,521,298,0,0
507.5631374287901,1727,191,0,0
507.5953485245566,673,111,0,0
507.59774291042095,699,72,0,0
507.6447762183479,1952,320,0,0
507.64703736430465,185,348,0,0
507.6484716687176,27,267,0,0
507.6576365567818,280,9,1,0
507.7269690586296,590,612,0,0
507.78153294941706,1051,149,0,0
507.82395917026207,1447,779,0,0
508.04232125568495,1060,200,0,0
508.1207299044012,1702,752,0,0
508.12756550900474,1715,94,0,0
508.1950054651588,1371,504,0,0
508.2032430559,335,172,0,0
508.2345581575316,1663,320,0,0
508.2810292607014,362,424,0,0
508.29349397721535,927,252,0,0
508.2942353650688,625,188,0,0
508.30513464939094,259,58,0,0
508.3130491410941,660,94,0,0
508.3249178974861,473,80,0,0
508.3313194819063,71,339,0,0
508.33289791140305,1763,276,0,0
508.3335067992348,1079,13,0,0
508.39010674648773,1736,516,0,0
508.46292171483634,820,280,0,0
508.49504157005094,468,178,0,0
508.5089951701871,1360,417,0,0
509.2668797736672,624,664,0,0
509.32481687226607,499,310,0,0
509.3408701447749,526,305,0,0
509.4217486951935,7,83,0,0
509.4352776517428,570,151,0,0
509.49849253406643,745,282,0,0
509.5259129692375,791,266,0,0
509.5718732753923,742,1180,0,1
509.58980231666743,1811,252,0,0
509.5962664926084,324,85,0,0
509.64012961003624,10,2860,0,1
509.7892371777589,59,148,0,0
509.791846483827,158,14,0,0
509.79746782845103,1162,300,0,0
509.7993195677547,1184,323,0,0
509.89169600098074,627,361,0,0
509.9021878553498,299,113,0,0
509.9974079875373,13,77,0,0
510.00079028292043,734,5420,0,1
510.0849770882608,213,374,0,0
510.0902220421621,908,112,0,0
510.09677718911416,1271,231,0,0
510.1446381334246,1402,319,0,0
510.1522363661137,1201,57,0,0
510.1572856286055,881,338,0,0
510.25444543873476,1073,190,0,0
510.2689651112904,349,497,0,0
510.46300127540877,879,297,0,0
512.97604619709,402,161,0,0
512.9814942527817,23,350,0,0
512.9899736536214,41,132,0,0
512.9907879912328,947,202,0,0
512.9923854079677,619,501,0,0
513.0471389609862,3360,556,1,0
513.0773471296807,2983,212,0,0
513.1062828020257,1138,81,0,0
513.1478619510888,445,767,0,0
513.1510051172802,313,249,0,0
513.1515978936975,255,239,0,0
513.2946513745726,1166,125,0,0
513.322006850215,814,147,0,0
513.4806024573569,968,42,0,0
513.4963988159,851,348,0,0
513.5718103973903,16,10,0,0
513.5777395807843,805,529,0,0
513.5944217405341,4,312,0,0
513.6066141603131,1525,664,0,0
513.6418661391151,1382,102,0,0
513.9107225711681,358,117,0,0
513.9713968467803,520,260,0,1
513.9714520745731,1486,232,0,0
513.9852100612271,1599,261,0,0
514.0024045787749,15,190,0,0
514.0856825455265,920,462,0,0
514.1080867029318,130,114,0,0
514.1123195293895,477,163,0,0
514.1159055730845,350,162,0,0
514.1246254953946,230,135,0,0
514.128808351869,1446,332,0,0
514.4126737616909,693,6130,0,1
514.4687630106423,10,840,0,1
514.4877685934681,322,386,0,0
514.6038667564592,502,68,0,0
515.8154375137673,355,389,0,0
515.8267662293543,734,82,0,0
515.8429154045739,348,166,0,0
515.8523905630058,430,249,0,0
515.8538999615176,344,391,0,0
515.8588302165123,1035,302,0,0
515.8615381023094,26,457,0,0
515.9059793344693,740,427,0,0
515.9479724600667,414,369,0,0
516.04485109545,944,510,0,0
516.0485838710496,19,540,0,0
516.1713444983351,1690,603,0,0
516.1738525380742,1394,267,0,0
516.185898320821,311,293,0,0
516.4075925055176,1815,199,0,0
516.606729301849,558,260,0,0
516.7563096078084,67,98,0,0
517.8832885252924,715,140,0,0
518.0215607889537,941,528,0,0
518.0322997780212,120,228,0,0
518.0437241742247,1470,353,0,0
518.047545716275,571,119,0,0
518.0757045205602,1359,228,0,0
518.0797034784965,787,367,0,0
518.084907213025,819,1800,0,1
518.0874555977551,3360,339,1,0
518.0880844867019,106,224,0,0
520.5077902465453,1434,147,0,0
520.6113813946499,110,426,0,0
520.6116759482362,1654,151,0,0
520.6547056509532,786,161,0,0
520.6606117287153,7250,259,1,0
520.6608709214511,920,102,0,0
520.6725978824454,413,188,0,0
520.6998254211406,502,7690,0,1
520.7559963972964,625,303,0,0
520.9152822253699,1716,380,0,0
520.9186264006859,679,92,0,0
520.9348623735899,302,423,0,0
521.0019220894111,983,339,0,0
521.0545458776821,457,39,0,0
521.0933669943039,7500,28,1,0
521.1152684123812,7598,594,1,0
521.3229439512943,148,136,0,0
521.3244381803455,764,399,0,0
521.3253788527323,889,292,0,0
521.8909729595895,18,603,0,0
521.9328583242311,935,248,0,0
522.0975975007923,955,346,0,0
522.1263094903128,682,432,0,0
522.1352362252012,867,231,0,0
522.1426842729352,1889,365,0,0
522.1671245026115,712,342,0,0
522.1744447724448,348,187,0,0
522.1906985361364,1270,395,0,0
522.2066237465514,7957,235,1,0
522.3019072118915,10,130,0,0
522.3927203371863,530,767,0,0
522.8402390249399,130,42,0,0
522.8449312362108,1274,364,0,0
522.8626493984428,362,202,0,0
522.9916475533681,9,283,0,0
523.0304943370527,461,98,0,0
523.0306515633665,1200,354,1,0
523.0708899008696,805,327,0,0
523.0903050640737,385,131,0,0
523.0980585399805,78,206,0,0
523.1068113560772,1050,197,0,0
523.1116393147017,1104,104,0,0
523.3123925996871,1034,449,0,0
523.3909490009091,15,583,0,0
523.4219544879252,1280,167,0,0
523.6081786855601,8,116,0,0
523.7386435273364,557,144,0,0
523.742722348799,1234,496,0,0
523.745333393511,686,377,0,0
523.7481849075764,489,769,0,0
523.8407506731511,1781,428,0,0
523.8612073677764,12,486,0,0
524.0938536485045,181,86,0,0
524.1540256667201,26,691,0,0
524.168537786048,952,189,0,0
524.1703563320152,391,88,0,0
524.1833299454013,144,11,0,0
525.9568498634605,438,285,0,0
525.9624981626049,603,299,0,0
525.9668498181728,196,72,0,0
525.9811560876352,1317,116,0,0
526.3011531249258,947,252,0,0
526.3215531050533,1997,769,0,0
526.3240672700705,1344,75,0,0
526.330724226125,800,770,0,0
526.3476443850248,354,268,0,0
526.3735450027694,176,129,0,0
526.5372465165335,340,302,0,0
529.5270822595221,1212,8,0,0
529.8506579948415,161,668,0,0
529.9283899365101,1060,384,0,0
529.9496381615453,850,4120,0,1
529.9542119251498,518,149,0,0
530.0233782519053,1393,339,0,0
530.2983485266768,486,1690,0,1
530.4106570238806,1175,258,0,0
530.4278981649959,1550,659,0,0
530.5104045287518,770,718,0,0
530.5247341114374,1023,27,0,0
530.5409025310548,405,95,0,0
530.554936303292,1328,418,0,0
530.5804311231065,1159,71,0,0
530.5991750258833,837,407,0,0
530.7590685599274,788,769,0,0
530.7809798706593,796,18,0,0
530.7989531320076,1916,72,0,0
530.9665612335383,130,98,0,0
531.0500986075696,59,86,0,0
531.2473541607283,725,765,0,0
531.2521672376403,942,412,0,0
531.532663949636,1007,84,0,0
531.5536753928071,1438,209,0,0
531.5563839372455,25,5050,0,1
531.5718798089417,1149,224,0,0
531.5737544422323,425,191,0,0
531.5767191206218,11,444,0,0
531.5859539954901,68,767,0,0
531.719148460837,78,36,0,0
531.7206411567088,1227,358,0,0
531.756336536652,22,190,0,0
531.7684955151793,519,30,0,0
532.1925128051556,793,434,0,0
532.2220579238581,122,442,0,0
532.2873520436848,109,20,0,0
532.6006202676905,1562,326,0,0
532.6029887818196,77,8,0,0
532.6132517282987,1496,307,0,0
532.6143397209083,1520,663,0,0
532.6181880289512,12,479,0,0
532.6551440076905,1827,102,0,0
532.6692885209463,1687,36,0,0
532.7122004111592,770,57,0,0
532.7210789568541,5,604,0,0
532.7261011220397,4030,337,1,0
532.7407289321784,1022,484,0,0
532.7441631710686,266,272,0,0
532.7463224132307,1259,535,0,0
532.7471704732865,3950,326,1,0
532.7615604012112,236,178,0,0
532.8041859322451,1854,399,0,0
532.8058465110822,132,2860,0,1
532.8129974967545,1015,309,0,0
532.8131981792477,1766,3260,0,1
532.8148897950118,1170,125,0,0
532.8341246720272,1772,130,0,0
532.8354628457859,356,43,0,0
532.8741807080445,451,79,0,0
532.8817142584147,9,8,0,0
532.9150934100314,409,43,0,0
532.9206643222994,712,289,0,0
532.921689660607,141,18,0,0
532.9372453342829,1105,488,0,0
533.0024082052088,1930,570,0,0
533.0082374133676,43,298,0,0
533.0420666996748,631,2790,0,1
533.0461157845673,1288,428,0,0
533.0542889282675,793,484,0,0
533.2330742912867,1064,282,0,0
533.2483640604743,917,300,0,0
533.2509566332085,176,226,0,0
533.2973023618773,368,35,0,0
533.3148814520787,286,312,0,0
533.3205958244158,965,352,0,0
533.3816024683706,1546,130,0,0
533.3816602167383,748,304,0,0
533.4303427402631,105,244,0,0
534.0674735065903,1094,239,0,0
534.0960580730986,59,160,0,1
534.0964720225828,1318,46,0,0
534.3200657952943,1191,174,0,0
536.4303661087826,7586,606,1,0
536.479822178851,546,192,0,0
536.4818983852688,1441,222,0,0
536.4863366774773,432,145,0,0
536.4991067723956,671,676,0,0
536.5229077525062,265,9,0,0
536.6836493897374,1267,286,0,0
536.7330033304703,242,156,0,0
536.7332151735845,92,66,0,0
536.7424560849445,11,149,0,0
536.7550384306935,369,312,0,0
537.3665967886855,508,320,0,0
537.3720445621835,1166,244,0,0
537.3731768113329,17,211,0,0
537.3824337216903,348,396,0,0
537.4106267046623,1039,197,0,0
537.4111026319073,1424,217,0,0
537.5484280010456,1829,317,0,0
537.5613231217766,75,158,0,0
537.6440078183512,1653,114,0,0
537.707433207841,1737,116,0,0
537.7547086463811,4440,298,1,0
538.0078296747145,24,334,0,0
538.4320258102206,7763,429,1,0
538.4396969257025,1211,559,0,0
538.4544235647409,15,342,0,0
538.5816236516312,463,107,0,0
538.6046930603029,1097,170,0,0
538.6100467921214,540,103,0,0
538.6306580354046,781,68,0,0
538.6339092606376,473,274,0,0
538.6403441907797,254,263,0,0
538.6403660102711,39,82,0,0
538.6626359585466,1338,345,0,0
539.2745407975702,1653,28,0,0
539.3453878439238,872,74,0,0
539.411680820348,1428,42,0,0
539.4364018784978,364,158,0,0
539.4403896170825,286,636,0,0
539.48609163628,9,3800,0,1
539.5056456795916,1067,766,0,0
539.519196008896,874,270,0,0
539.5474338098476,66,8,0,0
539.5532802170479,431,425,0,0
539.5760735664404,38,230,0,0
539.6386915806505,381,316,0,0
539.7615574787445,16,276,0,0
539.7849118988798,941,384,0,0
539.8714293897556,1143,369,0,0
539.896619806475,666,271,0,0
539.8968361197099,398,74,0,0
539.8972472871186,1481,313,0,0
539.9091879469371,1587,4550,0,1
539.9112080894555,156,30,0,0
539.9648128432998,1566,322,0,0
539.9661816729034,858,71,0,0
539.9741289084216,381,167,0,0
539.9802210434804,1531,768,0,0
539.9844077711257,1221,243,0,0
539.9900987810198,754,34,0,0
540.0069933503164,464,450,0,0
540.0282290120267,1250,479,0,0
540.0345729614951,761,164,0,0
540.0593747102215,236,226,0,0
540.1098926035344,678,142,0,0
540.1220573760771,7630,231,1,0
540.1267260201818,1590,215,0,0
540.1315013184017,1183,57,0,0
540.1385230656216,433,429,0,0
540.1448418556655,1739,96,0,0
540.1657605376479,1742,549,0,0
543.5464537749087,822,278,0,0
543.707028964512,1504,476,0,0
543.726380456796,44,181,0,0
543.7842006988299,77,292,0,0
543.8415138666935,160,181,0,0
544.0564788341292,117,1930,0,1
544.3513031328566,11,332,0,0
544.3541271892888,1566,125,0,0
545.7904426842022,68,87,0,0
545.7939594618333,535,382,0,0
545.8163924922146,1051,268,0,0
545.8201179353255,1284,286,0,0
545.8208014561633,1119,767,0,0
545.8213816995013,1700,564,0,0
546.7149149076236,1093,737,0,0
547.0603117780836,779,498,0,0
547.0631099643645,587,121,0,0
547.0652858256375,1505,55,0,0
547.415910749215,217,725,0,0
547.4188544828362,398,278,0,0
547.4661523216784,713,231,0,0
548.4975091914805,271,352,0,0
548.5834258591531,768,707,0,0
548.939419601228,960,771,0,0
548.9693346839301,784,735,0,0
548.9700366481734,794,12,0,0
548.973974285285,1474,207,0,0
548.9745634402248,659,432,0,0
549.0107130169346,1252,767,0,0
549.0121855152241,957,121,0,0
549.0365747535222,36,221,0,0
549.0437251168896,1306,691,0,0
549.048576562916,1280,157,0,0
549.1000259402666,1629,189,0,0
549.1074850873218,913,449,0,0
549.111168362638,1170,3810,0,1
549.2427653383495,402,21,0,0
549.2600282792326,1370,94,0,0
549.261057063219,874,110,0,0
549.4508119506606,441,32,0,0
549.4519702237496,1454,132,0,0
549.4809449466303,477,336,0,0
549.5325463800831,364,309,0,0
549.5434824741317,7,14,0,0
549.5470862855265,1500,2170,0,1
549.5567183672359,329,25,0,0
549.5658944084042,1690,443,0,0
549.5679781864598,1675,229,0,0
549.6651331834358,926,318,0,0
549.6706825870324,522,158,0,0
549.6750393205706,14,116,0,0
549.9436293602719,725,229,0,0
549.9478713969635,352,120,0,0
549.9487599710961,1746,559,0,0
549.964501686824,1347,190,0,0
549.982815486571,248,246,0,0
550.0019209936031,7647,545,1,0
551.0851773662797,570,625,0,0
551.0911657311503,1305,446,0,0
551.3453626431318,1274,306,0,0
551.4480341140576,1177,104,0,0
551.7651908189621,510,395,0,0
551.7802800812855,269,104,0,0
551.7900887997661,792,523,0,0
551.802480501236,248,243,0,0
551.8367385284043,12,254,0,0
551.9605309337728,427,334,0,0
552.4434079508276,653,109,0,0
552.4439849231516,1649,310,0,0
552.5987190611738,8,225,0,0
552.6382325179585,321,767,0,0
552.659103987968,1652,1090,0,1
552.6615753381393,1799,320,0,0
552.6991071833429,77,118,0,0
552.6996394504574,1200,318,0,0
552.9222855814595,281,368,0,0
552.925333196116,408,240,0,0
552.9404710875311,994,238,0,0
552.9542647688256,1519,230,0,0
553.0139564571521,1548,35,0,0
553.0153451913994,1136,3590,0,1
553.1142457467556,37,42,0,0
553.1575488715059,429,314,0,0
553.5661225858186,37,382,0,0
553.6009014983335,633,149,0,0
553.6157828920444,160,178,1,0
553.6162418487805,1539,738,0,0
553.6255077019107,986,248,0,0
554.1209613491686,1429,141,0,0
554.1287479692703,540,176,1,0
554.1359559833646,398,218,0,0
554.1504098027012,5,52,0,0
554.2533136079437,975,488,0,0
554.253902672989,800,770,0,0
554.9315197656088,859,249,0,0
554.9928588900095,1769,370,0,0
555.0720930926686,1312,662,0,0
555.0908752716107,834,182,0,0
556.0240120161723,47,7040,0,1
556.0321043678655,1697,776,0,0
556.1279188106726,543,629,0,0
556.1514803830167,1488,226,0,0
556.1530722874134,4,283,0,0
556.1677415251881,389,77,0,0
556.2466005611113,8184,8,1,0
556.2576825406775,904,391,0,0
556.2662928626479,842,6750,0,1
556.2848199342642,1454,94,0,0
556.2882797426709,13,536,0,0
556.2904319221644,161,232,0,0
556.31254102562,517,429,0,0
556.3155552193996,293,199,0,0
556.3747157656746,728,133,0,0
556.453189182439,158,25,0,0
556.6980145606864,850,299,0,0
556.8297049886364,1072,4420,0,1
556.840866761977,965,268,0,0
556.8846808576758,1635,562,0,0
556.8866830750768,612,278,0,0
556.931566144586,1478,774,0,0
556.9387888358584,141,28,0,0
557.2175540582443,566,101,0,0
557.2224137398413,1832,224,0,0
557.2494046723501,1186,112,0,0
557.2536502682965,1692,306,0,0
557.3193926846727,1712,306,0,0
557.3867299694527,6,75,0,0
557.3893933511887,352,3250,0,1
558.3058644594603,1766,300,0,0
558.3569214012654,123,16,0,0
558.3580824310739,497,421,0,0
558.3613033851371,1317,199,0,0
558.3618251451405,1008,418,0,0
558.3621910251923,1407,472,0,0
558.3765660683193,134,72,0,0
558.3768773090941,10,113,0,0
558.417175486999,17,61,0,0
558.4179302521226,537,379,0,0
558.4268379088953,221,177,0,0
558.9824692911749,792,767,0,0
558.991799915053,1703,339,0,0
559.0094092591503,473,94,0,0
559.2273027431328,702,471,0,0
559.2374005723017,891,557,0,0
559.2915565282195,1950,75,0,0
559.2953437799663,1182,202,0,0
559.3042388271562,156,11,0,0
559.3284660790359,1803,579,0,0
559.3475943515515,629,151,0,0
559.351715445494,727,362,0,0
559.38080172378,625,593,0,0
559.4421229671156,1184,455,0,0
559.507866323626,860,39,0,0
559.5279451192366,10,543,0,0
559.530819513486,1672,426,0,0
559.6025268706734,592,135,0,0
559.7024057771652,817,372,0,0
559.7050457683449,427,432,0,0
559.7052413934913,183,621,0,0
559.7178673583633,577,91,0,0
559.8546276224125,1647,618,0,0
559.9563729607863,932,262,0,0
559.958146431277,1511,767,0,0
560.2073472831614,1144,4060,0,1
560.2104381766583,1867,592,0,0
560.3224139549613,8075,117,1,0
560.3301904230655,239,399,0,0
560.4519213174948,1131,10,0,0
560.5003022540866,505,380,0,0
560.5116241400399,131,690,0,1
560.5839160681151,41,485,0,0
560.5887246226561,1102,365,0,0
560.5970452542891,751,587,0,0
560.6064520337229,696,461,0,0
560.6096929148138,1302,273,0,0
560.7194999449813,80,274,1,0
560.829919981485,1377,251,0,0
560.8474291054583,952,2490,0,1
560.8500017161936,50,464,0,0
560.8933305720439,17,217,0,0
560.9235559194004,7270,257,1,0
560.9837597470467,652,229,0,0
561.000593767194,786,270,0,0
561.0116269989787,1662,212,0,0
561.2797185033535,1157,166,0,0
561.2848541870765,1168,329,0,0
561.2965573781609,419,2880,0,1
561.2970588933034,1071,52,0,0
561.3051128228773,1267,124,0,0
561.3116358004003,1546,123,0,0
561.3202481554237,1837,226,0,0
561.373254251237,935,140,0,0
561.3782970844557,1260,78,0,0
561.4164718350484,51,190,0,0
561.4243404745524,497,295,0,0
561.4311881785387,470,315,0,0
561.431611300379,1231,102,0,0
561.4680887921666,784,141,0,0
561.5238463774717,1236,434,0,0
561.5261636833188,1122,162,0,0
561.5310945787031,486,480,0,0
561.531538658039,1223,402,0,0
561.539180499942,956,88,0,0
561.5409349254621,1008,765,0,0
561.5732151258037,1238,117,0,0
561.585121929369,8,107,0,0
561.6342318371923,1774,275,0,0
561.6370904890205,17,191,0,0
561.6376077025061,538,293,0,0
561.6501764720605,611,278,0,0
561.6547447819096,9,386,0,0
562.1927910005052,3100,347,1,0
562.2159464195809,765,379,0,0
562.4622706663931,1801,500,0,0
562.5034391042186,248,40,0,0
562.5111793118909,997,537,0,0
562.5119004901142,1633,34,0,0
562.5211048145324,306,181,0,0
562.5707127598987,1640,7,0,0
562.5878848089096,385,320,0,0
562.6159974329363,21,29,0,0
562.6428238581021,1244,114,0,0
562.6438883217772,1356,215,0,0
562.6707257148751,529,569,0,0
562.6737569512029,1353,327,0,0
562.6872946444274,157,402,0,0
562.9031228754566,476,665,0,0
562.903422475301,468,99,0,0
562.9122607764735,5,179,0,0
562.9414087926359,7964,228,1,0
563.064980074748,6,159,0,0
563.0819324475143,8066,126,1,0
563.0848295481832,12,203,0,0
563.1542515954064,256,205,0,0
563.2003652752613,984,293,0,0
563.2008263517565,8017,175,1,0
563.2178703525991,862,408,0,0
563.2183870288144,468,355,0,0
563.2184708614797,1073,297,0,0
563.2205845190354,358,427,0,0
563.2229759406323,262,68,0,0
563.2232026732426,522,7670,0,1
563.8349270680241,729,534,0,0
563.8360810273938,199,392,0,0
563.8686032708879,40,767,0,0
563.9340247720394,176,255,0,0
565.1131803521167,1640,193,0,0
565.1214039805292,1127,209,0,0
565.5147963397072,920,273,0,0
565.5165294153726,320,209,0,0
565.5320431845897,246,230,0,0
565.5396324625883,7570,622,1,0
565.5419660091965,1891,319,0,0
565.5751671663297,1074,259,0,0
566.3256540057973,9,22,0,0
567.4648667369263,964,479,0,0
567.5311371831021,1767,274,0,0
567.5329675180648,193,291,0,0
567.5364516865087,1838,173,0,0
567.5940469661381,817,161,0,0
567.648425772615,1558,347,0,0
567.7017133985372,16,545,0,0
567.7118318555397,1040,273,0,0
567.7147074551905,849,349,0,0
567.7577141456497,863,280,0,0
567.7743772222071,612,670,0,0
568.0659851118351,37,2880,0,1
568.0703860941917,795,51,0,0
568.165313189656,1135,242,0,0
568.4266668397948,911,2980,0,1
569.3296194072506,86,601,0,0
570.2038427846586,9,141,0,0
570.2061249585047,436,121,0,0
570.207819031707,439,442,0,0
570.2316316373657,518,619,0,0
570.2347753453797,373,36,0,0
570.2349310239254,652,308,0,0
570.572028322999,779,297,0,0
570.6203179712625,1015,517,0,0
570.7599026054803,1425,523,0,0
570.7859798681009,323,260,0,1
570.9721558667515,410,37,1,0
571.0028921955018,398,580,0,0
571.0270853268462,12,351,0,0
571.8626336992183,447,5210,0,1
571.8644429262258,1030,135,0,0
571.9177835739814,824,1980,0,1
571.9185556719976,847,206,0,0
572.279551339227,425,109,0,0
572.29108524266,1780,111,0,0
572.2927104163462,1355,1062,0,0
572.2931905298428,513,54,0,0
572.3048063923011,54,695,0,0
573.2285792050933,545,196,0,0
573.276973969344,209,295,0,0
573.2777667533998,640,240,0,0
573.2780683106173,989,94,0,0
578.4516529174401,12,141,0,0
578.4572938149098,851,369,0,0
578.4582221013412,17,129,0,0
578.4816481274654,971,273,0,0
578.5383029976375,1332,111,0,0
578.9592932813113,1002,577,0,0
578.9710998896506,115,215,0,0
578.9752924144863,1541,398,0,0
579.043819861065,7502,690,1,1
579.0473036506166,1082,768,0,0
579.0834661245118,1605,388,0,0
579.1085202250091,396,82,0,0
579.234544055133,682,97,0,0
579.2387925741614,931,317,0,0
579.2432579213192,9,371,0,0
579.2743761641342,7946,246,1,0
579.318886639163,526,653,0,0
579.3197967691142,135,11,0,0
579.323209983636,1455,400,0,0
579.3476699816288,355,80,0,0
579.3558069107739,677,25,0,0
581.0539852434866,681,164,0,0
581.1271061151893,462,36,0,0
581.3412260300075,598,4940,0,1
581.3560001135428,1832,308,0,0
581.3764638852261,5640,668,1,0
581.3984823296541,5,293,0,0
581.5454593781836,565,401,0,0
581.5544020646805,65,239,0,0
581.9666102169185,112,64,0,0
581.9705484823995,30,207,0,0
582.1003556545587,102,274,0,0
582.1300498139617,7686,506,1,0
582.1383983371009,1124,768,0,0
582.5625044851743,1271,239,0,0
582.6880127386607,428,221,0,0
582.7000782151744,146,254,0,0
582.7037849960875,239,221,0,0
582.7965831967053,1467,161,0,0
582.8000395611292,7,223,0,0
582.8525760204212,961,33,0,0
582.8554264672694,309,451,0,0
582.8770435060699,1547,111,0,0
582.8801093682083,749,272,0,0
582.8918989146682,901,206,0,0
583.3786394673425,280,34,0,0
583.9545141436289,972,350,0,0
583.9612236403387,1846,581,0,0
583.9713403686249,29,264,0,0
583.9719409188892,507,586,0,0
584.0037002089274,1666,193,0,0
584.1735691006287,1300,93,0,0
584.176725602471,1058,483,0,0
584.1795112468852,123,318,0,0
584.2152798678966,419,290,0,0
584.2208361901796,1127,359,0,0
584.2464824700389,1720,395,0,0
584.6444476425891,1697,362,0,0
584.689034553658,441,380,0,0
584.757781256302,301,60,0,0
585.5402972137779,1818,205,0,0
585.5692207878932,987,25,0,0
585.6407198902963,845,320,0,0
585.6609471091544,416,109,0,0
585.6648422074232,588,18,0,0
586.115415322985,472,96,0,0
586.1165026526858,256,390,0,0
586.1375584357648,2767,224,0,0
586.1392925528883,1257,124,0,0
586.1426937468816,21,195,0,0
586.1440301848756,1434,212,0,0
586.1546529330433,28,284,0,0
586.2001388455362,1425,111,0,0
586.4440782466252,471,770,0,0
586.4444829380848,8034,158,1,0
586.4726986463354,1312,264,0,0
586.4806960725243,874,424,0,0
586.4858194639583,800,558,0,0
586.4999796951869,567,257,0,0
586.526664379972,280,285,0,0
586.5411101682308,177,36,0,0
586.559077396437,1781,375,0,0
588.0076471458195,1498,111,0,0
588.0298815977296,1472,299,0,0
588.0654945932538,713,109,0,0
588.0673027634323,726,113,0,0
588.2281561953127,8034,158,1,0
588.2344806542974,1329,437,0,0
588.2493697551033,40,481,1,0
588.2531997965914,479,356,0,0
588.2681519917686,620,317,0,0
588.2709439110417,1377,344,0,0
588.272296798326,863,271,0,0
588.2733979923648,282,457,0,0
588.2817527129031,474,2080,0,1
588.300303342462,1682,246,0,0
588.3766348671468,739,294,0,0
588.8745746003751,1071,35,0,0
589.6221824895017,106,105,0,0
589.6272658325299,923,35,0,0
589.6316433118178,1079,563,0,0
589.7138723652043,1382,242,0,0
589.7170020085418,282,49,0,0
589.8906792345083,1831,389,0,0
590.0394280863734,1044,769,0,0
590.0421710084297,971,82,0,0
590.126519933236,721,271,0,0
590.4615214871918,1096,210,0,0
590.508729526266,1122,520,0,0
590.51951591969,381,401,0,0
590.5332944799261,287,261,0,0
590.5832647856975,238,117,0,0
590.5877056983636,15,297,0,0
590.6260000517568,1529,235,0,0
590.6382365640753,118,59,0,0
590.6427110405351,525,4470,0,1
590.6455090722199,588,212,0,0
590.7051855188854,575,3450,0,1
590.7084197943813,137,79,0,0
590.7390324017058,5,203,0,0
590.7395263011892,734,366,0,0
590.7528036048667,641,470,0,0
590.7772600230398,1084,668,0,0
590.8169590802084,473,69,0,0
590.9456775601309,592,215,0,0
591.0014560259846,1655,75,0,0
591.0614361289362,1197,260,0,1
591.072950924307,79,2820,0,1
591.0754568134558,982,521,0,0
591.0774093186137,1416,138,0,0
591.0817250768854,756,27,0,0
591.1138291130333,347,405,0,0
591.261161851386,372,181,0,0
591.3007676836258,596,320,0,0
591.3304757461133,1441,429,0,0
591.4198616901798,1775,48,0,0
591.4301935033742,474,512,0,0
591.4583425658369,558,194,0,0
591.4743071407464,23,638,0,0
591.5043309980662,421,162,0,0
591.5171725595936,874,588,0,0
591.5186947585554,32,240,0,0
591.5279694009434,1771,235,0,0
591.531910143953,551,242,0,0
592.143794222181,717,226,0,0
592.4808815983215,1261,767,0,0
592.4865948071055,309,232,0,0
592.4901684111561,25,104,0,0
592.5104904595509,774,426,0,0
592.511484691231,1646,85,0,0
592.7409510576977,209,115,0,0
592.7583353943966,1088,338,0,0
592.7658990540101,26,685,0,0
592.9191908821011,798,286,0,0
593.1621773197024,20,53,0,0
593.1878755577395,10,3630,0,1
593.3278045939269,368,166,0,0
593.3285049661724,1097,18,0,0
593.3326901194627,1215,322,0,0
593.3362280719897,1180,59,0,0
593.3369803127359,363,192,0,0
593.4409886942495,541,12,0,0
595.613534585203,273,255,0,0
595.6148962463818,1256,174,0,0
595.6209607806353,675,43,0,0
595.773659376167,639,115,0,0
595.7839460441602,1593,46,0,0
595.8019389988408,10,157,0,0
595.8056769088342,852,290,0,0
595.8409450135301,1271,144,0,0
595.8435986806402,1278,170,0,0
595.9249495985163,492,297,0,0
595.9761138766274,64,79,0,0
596.0143105944971,1004,407,0,0
596.0182951644431,8042,150,1,0
596.0301609851344,532,259,0,0
596.0760806421875,495,216,0,0
596.0791697669713,1137,88,0,0
596.0817695883904,1920,190,1,0
596.0819712929808,2570,610,1,0
596.0882051135465,415,493,0,0
596.1015362648359,1907,460,0,0
596.2192136911544,469,469,0,0
596.220866227973,398,476,0,0
596.2218867770345,1548,766,0,0
596.4160923384876,7800,392,1,0
596.5717255295947,162,418,0,0
596.5736013892218,1748,439,0,0
596.580267696538,290,84,0,0
596.5807498568686,1477,261,0,0
596.5963161112579,1319,198,0,0
596.8251789618705,440,176,0,0
596.9101085275342,621,243,0,0
596.912310111279,706,2190,0,1
596.9432779071863,14,62,0,0
596.947572114645,468,516,0,0
596.9809495000619,619,256,0,0
596.986992747311,238,56,0,0
597.0490141250173,1167,52,0,0
597.2658479423501,506,229,0,0
597.2998240030945,12,31,0,0
597.3364794997839,715,43,0,0
597.3756686030528,948,750,0,0
597.4774506127502,44,74,0,0
597.4853806413017,17,56,0,0
597.4983066760686,1817,767,0,0
597.5116834387163,1186,394,0,0
597.7574870048762,3120,279,1,0
597.7825030436665,139,85,0,0
597.8386162959636,296,281,0,0
597.8474513948771,1804,480,0,0
597.8487044593951,960,149,0,0
597.8586884990282,1183,89,0,0
597.9057521279827,614,634,0,0
597.9156655191273,103,121,0,0
597.921625501127,1253,176,0,0
597.930424706541,894,274,0,0
597.981738935778,247,320,0,0
598.0246018596213,1611,59,0,0
598.042990529475,45,303,0,0
598.0458373621619,536,1030,0,1
598.0506279265545,1324,610,0,0
620.8257805432513,1037,405,0,0
620.8388952254143,24,456,0,0
620.9010346169056,1616,242,0,0
620.9345694419145,267,307,0,0
620.9357691528357,1524,49,0,0
621.1846872051196,1548,766,0,0
621.2062077951249,219,360,0,0
621.2093435264508,404,363,0,0
621.291283316526,708,294,0,0
621.2972726376738,807,141,0,0
621.3314302740329,165,250,0,0
621.3327672709348,1031,478,0,0
621.3455429201753,96,76,0,0
621.413124871037,1204,141,0,0
621.4200681927432,19,235,0,0
621.4212015090212,622,344,0,0
621.4248122016456,433,121,0,0
621.4928891576421,733,111,0,0
621.4936795066391,1094,199,0,0
621.494845564933,481,606,0,0
621.5769865150528,280,288,0,0
621.5993044849557,216,338,0,0
621.6155563111821,631,3740,0,1
621.6229404005487,1492,100,0,0
621.6614809872679,877,202,0,0
621.7524378326535,399,263,0,0
621.7952808887665,462,39,0,0
621.7958457182085,11,588,0,0
621.8573078335158,6340,213,1,0
621.8579914819608,927,426,0,0
622.3808306653864,262,507,0,0
622.3882007861448,518,1610,0,1
622.4467751562346,7847,345,1,0
622.480818576444,602,151,0,0
622.4858600629699,39,364,0,0
622.6744917045373,614,122,0,0
622.702350567472,1852,386,0,0
623.8902111388941,697,234,0,0
623.9573951860166,1515,354,0,0
623.9931178357195,1150,316,0,0
626.6319591229653,607,295,0,0
626.9252224062775,1170,70,0,0
626.9448085450373,613,603,0,0
626.9487811915916,1094,401,0,0
627.8121963318505,222,29,0,0
628.0319233962296,220,90,0,0
628.2514515152893,601,197,0,0
628.2618481140513,4,216,0,0
628.2677873614986,384,262,0,0
628.2711801830752,810,769,0,0
628.4604192373106,1256,73,0,0
628.4749267721727,334,217,0,0
628.5476895971686,96,280,0,0
628.5479577106604,3430,16,1,0
628.6988227458353,958,439,0,0
628.7035406924144,1653,298,0,0
628.7036299412105,7792,400,1,0
628.7051479073752,630,261,0,0
628.7483022258263,609,254,0,0
629.1339585750318,62,406,0,0
629.1340383980565,1174,76,0,0
629.1352644834108,1624,2740,0,1
629.159099646248,1121,171,0,0
629.1599277186883,994,466,0,0
629.1675249226265,308,301,0,0
629.1698114443303,288,452,0,0
629.1909889752177,1692,405,0,0
629.1919084271866,1137,498,0,0
629.2006026964374,180,151,0,0
629.2037999110814,7440,752,1,0
629.2259574207498,444,344,0,0
629.2408428967199,736,487,0,0
629.3666882152024,855,59,0,0
629.3938646408556,669,626,0,0
629.9678332665798,1045,211,0,0
629.9685427519005,918,175,0,0
629.9788799202908,9,225,0,0
630.0598616810449,530,233,1,0
630.081341821483,215,348,0,0
630.081432572615,1308,431,0,0
630.114522086457,308,155,0,0
630.1210648675997,98,123,0,0
632.4932488822725,1380,55,0,0
632.5075054250499,1712,29,0,0
632.5760916087687,541,246,0,0
632.5787187623845,858,268,0,0
632.649230701991,235,152,0,0
632.6492979979004,306,210,0,0
632.6515995602058,10,105,0,0
632.6598563278386,569,165,0,0
632.6605752739325,1805,132,0,0
632.7868797481432,218,302,0,0
632.8051764256937,19,311,0,0
633.2944421681049,307,281,0,0
633.2954888555714,1397,768,0,0
633.2988542845503,512,350,0,0
633.3651031958934,1809,212,0,0
633.3715816104451,1229,112,0,0
633.4668268065013,1021,482,0,0
633.532558747995,975,214,0,0
633.5365636835437,1119,266,0,0
633.5596387054379,1769,552,0,0
633.6129333724302,1770,213,0,0
633.6425638987967,2330,195,1,0
633.6545698876644,42,330,0,0
633.6614166742962,1534,16,0,0
633.6729977679769,807,368,0,0
633.8045904345353,9,218,0,0
634.9624169838072,84,523,0,0
634.963479289176,537,335,0,0
634.9658927836025,408,543,0,0
634.9790915629881,1240,10,1,0
635.3211435397666,644,316,0,0
635.3244279168973,378,157,0,0
637.3151954329152,1256,153,0,0
639.1398747277724,1084,401,0,0
639.1400287943874,1402,285,0,0
639.2135686443079,427,564,0,0
639.2769662064518,3872,4320,1,1
639.285026934088,24,232,0,0
639.285477610925,3960,140,1,0
639.3185007168101,771,767,0,0
639.3271208811591,1330,2990,0,1
639.5334701842777,241,126,0,0
639.5942778006049,265,146,0,0
639.5971955915592,625,36,0,0
640.6085861204623,132,96,0,0
641.4029777074142,954,89,0,0
641.8066816348629,1092,770,0,1
641.8293811116669,1289,380,0,0
641.9612153611511,506,302,0,0
641.9863454508866,1634,259,0,0
641.9931243257623,1322,206,0,0
641.9935942130837,614,720,0,0
642.0294853656857,1077,428,0,0
642.029863058705,739,70,0,0
642.115809478879,12,279,0,0
642.1171275298486,37,420,0,0
642.1490283428836,1414,93,0,0
642.1606374530579,61,22,0,0
642.162687424627,1187,135,0,0
642.165244102139,833,767,0,0
642.1716545008064,256,319,0,0
642.5926999442893,490,585,0,0
642.6369689522273,172,19,0,0
642.6488365761093,1215,557,0,0
642.75693081071,1785,369,0,0
642.758843614161,1400,202,0,0
642.7597791557707,1495,357,0,0
642.7630611936423,400,59,1,0
642.9240214251307,1569,58,0,0
642.9348677328408,497,144,0,0
642.9593718569673,1281,435,0,0
642.9837398811558,1044,205,0,0
642.991891023574,363,12,0,0
643.227808546628,1272,110,0,0
643.3084344798929,248,1630,0,1
643.311740421417,1085,90,0,0
643.3140650292271,1360,290,0,0
643.331030602344,40,314,0,0
643.333904116445,1358,268,0,0
643.3519350515014,1116,206,0,0
643.432944899527,1264,89,0,0
643.453367506206,1757,409,0,0
643.4800265546274,1858,427,0,0
643.4866276819195,484,292,0,0
643.4901391661382,161,217,0,0
643.4923903567159,1609,405,0,0
643.7437047968922,1589,648,0,0
643.7474807527791,15,204,0,0
643.7687242695183,863,142,0,0
643.7911572254797,9,19,0,0
643.8354110574984,876,222,0,0
643.8445073417324,1474,202,0,0
643.845190255839,102,7830,0,1
645.1027088752967,1489,330,0,0
645.1047420815603,318,249,0,0
645.1656235009416,1393,293,0,0
645.1676194420519,339,96,0,0
645.2372140278684,96,426,0,0
645.2392484378101,1000,656,0,0
645.8066818330867,1358,2210,0,1
645.8528135409557,754,235,0,0
645.8535223024214,526,536,0,0
646.4118025873497,290,280,0,0
646.412180199981,6750,388,1,0
646.4211450851626,1750,21,0,0
646.5936870159009,289,51,0,0
646.6017466316307,794,345,0,0
646.8476590238286,719,314,0,0
646.8670786575361,7946,246,1,0
646.8723605337135,461,2320,0,1
647.1020604508144,103,34,0,0
647.121462612373,1316,135,0,0
647.1281506996861,282,68,0,0
647.2505093560763,994,216,0,0
647.2609571013736,1264,537,0,0
647.2620090459318,1238,716,0,0
647.2659507659239,8,302,0,0
650.0289502025264,438,99,0,0
651.9300888757359,1330,204,0,0
651.9308038750892,700,333,0,0
652.0201903479614,567,527,0,0
652.2413066300436,557,1920,0,1
652.2511484391365,445,496,0,0
652.3213558040438,280,25,0,0
652.3234958770928,1019,310,0,0
652.3322334401798,633,549,0,0
652.4807000951881,196,28,0,0
652.4958366985552,5450,680,1,0
652.5081804287228,1460,393,0,0
652.5183587270607,1363,214,0,0
652.5194297021304,1663,91,0,0
652.5215179378428,794,287,0,0
652.5271303551783,1559,180,0,0
652.5398896998223,1316,212,0,0
652.5426860673723,443,185,0,0
653.3493264532885,2167,176,0,0
653.3497732544108,130,246,0,0
653.3515676827972,758,296,0,0
653.355943798715,1547,769,0,0
653.404854583229,359,3890,0,1
653.4057022868436,153,76,0,0
653.4337422893625,1264,228,0,0
653.4366041576748,471,372,0,0
653.43983629359,323,16,0,0
653.4799289270647,538,579,0,0
653.5708529565302,812,280,0,0
653.7099786749064,375,198,0,0
653.7114588590174,1409,769,0,0
653.8511046992066,1214,59,0,0
653.9963951059648,128,273,0,0
654.0297606542064,13,11,0,0
654.0731642223345,1923,243,0,0
654.0917622382964,25,402,0,0
654.1044368300729,1538,521,0,0
654.2066088681606,1233,128,0,0
654.7543515011694,1714,40,0,0
654.7647578215169,13,399,0,0
654.801710720241,1764,276,0,0
654.9237405266532,40,204,0,0
654.9247520141838,1009,157,0,0
655.4494559318739,2129,138,0,0
655.4881228033566,1073,256,0,0
655.8512514535473,2008,1189,0,0
655.8614606323546,776,405,0,0
655.8644957172046,1442,271,0,0
655.8782090931695,610,48,0,0
655.9128373034167,8008,184,1,0
655.9155792972377,439,65,0,0
656.0379755510962,303,674,0,0
656.0707006053036,1574,330,0,0
656.0728063139986,263,28,0,0
656.1230029113093,5340,110,1,0
656.1368997000918,1357,178,0,0
656.1573453863865,111,177,0,0
656.165786357016,354,368,0,0
656.1701790902858,597,582,0,0
656.1717451046625,46,180,0,0
656.1963246232565,506,383,0,0
656.2176986784435,7877,315,1,0
656.2708580829313,750,347,0,0
656.275395933136,1098,155,0,0
656.3239292864333,934,586,0,0
656.4351955054044,1816,225,0,0
656.4369763737927,688,341,0,0
656.4664814859482,672,361,0,0
658.3324547417413,1172,73,0,0
658.3393096200726,60,501,0,0
658.3493968035372,531,538,0,0
658.3668314049422,1074,141,0,0
658.3732976955666,1109,310,0,0
658.4855169129645,294,405,0,0
658.5013413662639,661,292,0,0
658.5163626502259,1148,423,0,0
658.5200841251733,244,292,0,0
658.5768236042906,1922,225,0,0
658.5920466635262,1819,29,0,0
658.6000809144274,24,250,0,0
658.6097107468815,1407,476,0,0
659.0885914783256,716,60,0,0
659.1068998860961,1583,29,0,0
659.1388107733752,785,103,0,0
659.4304841856754,917,293,0,0
659.4453684752763,22,245,0,0
659.5767697244385,1240,347,0,0
659.5790858031776,104,18,0,0
659.6496957244044,1094,371,0,0
659.6499338609374,689,139,0,0
659.6747149341448,710,72,0,0
659.6822846503309,581,142,0,0
659.6865035479136,8,22,0,0
659.8530817632771,1272,158,0,0
659.9356614712157,452,501,0,0
660.0414737554462,887,200,0,0
660.4366215895136,890,331,0,0
660.4903735886767,512,426,0,0
660.5496802004938,1228,570,0,0
660.5658355302521,294,425,0,0
661.424712117872,498,323,0,0
661.5373797463582,3350,11,1,0
661.5410834820435,17,524,0,0
661.5441808814458,323,245,0,0
661.5481584718118,93,14,0,0
661.5521562541682,784,384,0,0
661.8044744765451,1304,172,0,0
661.8377390741523,1114,213,0,0
661.9951004129583,1376,262,0,0
661.9989046226248,415,188,0,0
662.0026460889326,1316,193,0,0
662.2185892548995,1161,302,0,0
662.2188871189131,328,489,0,0
662.2204376965343,96,187,0,0
662.2206766463221,1084,17,0,0
662.2251364400385,100,68,0,0
665.6176242849324,700,11,0,0
665.6213004829499,1814,531,0,0
665.7701053350477,562,273,0,0
666.267837903827,950,47,0,0
666.2723755258231,1708,545,0,0
666.2764935521743,607,198,0,0
666.3111009048291,1000,321,0,0
666.38018955006,1107,262,0,0
666.3809022757538,1362,383,0,0
666.3842610612055,6,102,0,0
666.8864944980472,578,338,0,0
666.8898615011047,623,289,0,0
666.9275171583748,1605,272,0,0
667.0712144321518,990,244,0,0
667.080129972915,685,683,0,0
667.0924361110237,901,206,0,0
667.098148216348,803,171,0,0
667.1027675491137,22,374,0,0
667.1078580407361,7825,367,1,0
667.1084912507308,1660,327,0,0
667.1148040736268,1153,1050,0,1
667.1260342081655,425,274,0,0
667.2011567499667,49,769,0,0
667.2086401519738,10,109,0,0
667.213224025757,569,369,0,0
668.0361435099428,1485,550,0,0
668.0532447229842,621,311,0,0
668.0642864381601,623,588,0,0
668.0703546015969,2123,259,0,0
668.0877503785892,1014,19,0,0
668.0907809615377,951,736,0,0
668.096990332589,1095,202,0,0
668.100088095778,280,196,0,0
668.1015785557425,770,396,1,0
668.1086545843475,1080,88,0,0
668.1097215930071,973,1310,0,1
668.6944950391579,1870,182,0,0
668.6961701214979,957,361,0,0
669.3206312652793,1409,242,0,0
669.3543288232232,42,18,0,0
669.4600748228862,1815,277,0,0
669.7989010583648,1058,90,0,0
669.7995245136808,573,441,0,0
670.2925656628389,919,96,0,0
670.3409130105586,513,155,0,0
670.347666171006,955,259,0,0
670.3515890716618,680,347,0,0
670.3889890295046,10,304,0,0
670.3896988504558,93,311,0,0
671.0762355936902,360,256,0,0
671.0895463978553,638,159,0,0
671.181109995845,1184,769,0,0
671.2053345396181,21,523,0,0
671.213470393079,1444,3650,0,1
671.2224438102994,1567,22,0,0
671.2258290038077,471,175,0,0
671.4756959556104,1693,513,0,0
671.4950357458645,10,769,0,0
671.5515349717328,1893,389,0,0
671.6035147743065,1438,322,0,0
671.6826629952303,1483,412,0,0
671.7329074160377,466,247,0,0
671.9967713080437,812,305,0,0
672.0023737040855,1213,232,0,0
672.0051266534067,1303,250,0,0
672.0213725606994,1289,39,0,0
672.0319645328924,1017,260,0,0
672.0552857747144,9,141,0,0
672.2763345791143,344,129,0,0
672.422999785255,1394,72,0,0
672.488622106927,2001,3520,0,1
672.4930067073764,1282,283,0,0
672.551819334548,113,17,0,0
672.5823067910045,550,504,0,0
672.6791824179862,1015,2870,0,1
672.7001445199187,1472,254,0,0
672.7097250112324,487,87,0,0
672.7372535821298,1585,95,0,0
672.7422224346287,160,90,0,0
672.745826689386,135,186,0,0
672.7797128078132,603,319,0,0
672.8011804804449,1259,234,0,0
672.958660623314,1473,114,0,0
672.9874620736344,9,407,0,0
672.9894759755352,1324,90,0,0
673.3207401729225,1806,289,0,0
673.8754862864486,1426,197,0,0
673.8778268251685,887,264,0,0
673.8841149672322,607,312,0,0
674.0340325647334,1286,288,0,0
674.064489629387,1383,356,0,0
674.065577790597,12,202,0,0
674.2664893985921,290,235,0,0
674.2912213524049,1325,519,0,0
674.3308734448673,1226,653,0,0
674.5444795063078,10,158,0,0
674.5498953233756,990,190,0,0
674.5546383876971,209,770,0,1
674.6301775087123,1204,108,0,0
674.7591882653761,1314,221,0,0
674.7843056568546,623,588,0,0
674.9865171462719,1086,119,0,0
675.0331236285148,1069,46,0,0
675.2092051801595,254,309,0,0
675.213114291008,12,234,0,0
675.2261729225407,849,65,0,0
675.390494769185,499,326,0,0
675.3940994765225,1619,506,0,0
675.3981158690509,53,26,0,0
675.4236935742545,774,211,0,0
675.4349462373157,5442,2750,1,1
675.4379160475,1413,26,0,0
675.4386552249798,17,218,0,0
675.7263456303654,633,331,0,0
675.7477726514761,53,180,0,0
676.0717013799859,448,36,0,0
676.0749835486727,891,884,0,0
676.0968782148393,119,769,0,0
676.1107786121852,874,588,0,0
676.1336785965117,603,767,0,0
676.1345061672305,467,681,0,0
676.3488354818654,1356,99,0,0
676.3595243479461,1936,467,0,0
676.3882627052634,1803,49,0,0
676.3908667476551,560,121,1,0
676.7829064288225,66,67,0,0
676.7838046616343,1300,95,0,0
677.575084906541,696,1080,0,1
677.5832951159804,393,293,0,0
677.5924086150151,888,161,0,0
677.5971131459003,984,235,0,0
677.888425811275,1534,114,0,0
677.8917166808416,116,303,0,0
677.894886529822,1884,147,0,0
677.8976176885545,1450,122,0,0
677.944760105985,1346,383,0,0
677.9968538710273,982,691,0,0
678.0011117494167,486,648,0,0
678.0507649895089,697,234,0,0
678.4291052741803,367,142,0,0
678.499718627299,1091,149,0,0
678.5378744023932,1114,435,0,0
678.5402418386657,1441,260,0,0
678.9293326109387,437,383,0,0
678.9976924919206,484,456,0,0
678.9987432502382,715,4120,0,1
679.0028042356225,1381,369,0,0
679.0028780075335,65,314,0,0
679.0510738796116,850,205,0,0
679.0525553928674,1268,47,0,0
679.0628033251828,1776,1030,0,1
679.3321091505909,724,356,0,0
679.3331210028824,1600,74,0,0
679.4270329241117,619,608,0,0
679.4362192603119,334,24,0,0
679.4381481867856,11,235,0,0
679.6521882632827,299,70,0,1
679.6896454876352,882,519,0,0
679.6938308869288,865,430,0,0
679.740477158028,731,7,0,0
679.7454920838258,846,202,0,0
679.7484279043481,1777,235,0,0
679.756140176553,92,6,0,0
679.8733724948597,190,60,0,0
679.8740529355501,1389,30,0,0
679.8752599273315,694,557,0,0
679.9683618789621,317,304,0,0
679.9693539035726,696,4790,0,1
679.9800337832748,2092,29,0,0
679.9886930228396,1193,6010,0,1
679.9899133483269,37,115,0,0
679.9935026310195,14,64,0,0
680.0058227044746,110,378,1,0
680.01924872054,521,137,0,0
680.0748843081423,1106,229,0,0
680.0993644970421,933,484,0,0
680.1970900849277,429,289,0,0
680.2210981413849,1402,68,0,0
680.2278407467985,1006,405,0,0
680.2837289190494,1550,264,0,0
680.3221528845407,665,312,0,0
680.4109098864586,249,228,0,0
680.422777275592,465,348,0,0
680.4351103598494,843,64,0,0
680.4478083658424,1810,131,0,0
680.448646072002,35,241,0,0
680.4882690130576,1399,486,0,0
680.4926054948281,7587,605,1,0
680.4961851491561,24,391,0,0
680.5039924202066,128,247,0,0
681.5183550266872,255,512,0,0
681.521726042237,853,62,0,0
681.8432879875813,7,122,0,0
681.8435402775126,1587,216,0,0
681.8527894919281,1560,229,0,0
682.5914146643831,1316,6480,0,1
682.6148109816085,1576,227,0,0
682.649840749921,189,36,0,0
682.6552302994195,239,158,0,0
682.6555677109055,1044,456,0,0
682.7018822643761,1577,368,0,0
682.808003778808,1114,186,0,0
682.9477245618808,1869,77,0,0
683.7198814421523,970,90,0,1
683.7345134788695,720,547,0,0
683.7834604028433,782,767,0,0
683.7837080192872,1124,181,0,0
683.7924888197274,1932,362,0,0
683.8156921862177,60,249,1,0
684.0346932830857,1153,256,0,0
684.7267459482867,1733,31,0,0
685.1629669586624,122,212,0,0
685.2068967675576,644,383,0,0
685.2204169012932,1126,78,0,0
685.2356656379017,8,116,0,0
685.2518003448271,777,15,0,0
685.2754153992963,7,299,0,0
685.461558942332,1264,360,0,0
685.4737148962378,943,161,0,0
685.4743679607562,245,200,0,0
685.4760197946758,1223,769,0,0
691.6350971966118,1503,739,0,0
691.8949744638604,6650,47,1,0
691.9016150756303,562,228,0,0
691.9121463153269,1180,235,0,0
691.9878279773455,1425,119,0,0
692.0205260286779,288,358,0,0
692.0544107662737,237,112,0,0
692.0547644761716,1447,129,0,0
692.0559091926254,1338,369,0,0
692.0799609752369,1553,290,0,0
692.1522919579655,1647,53,0,0
692.1861682646503,23,602,0,0
692.6028630284815,503,168,0,0
692.6229915993433,368,138,0,0
692.6532178436549,1195,319,0,0
692.6738439390994,1149,90,0,0
692.8009961815274,605,329,0,0
692.8064048581695,13,244,0,0
693.8698650133512,343,231,0,0
693.8720319977579,870,466,0,0
693.9587508880568,363,119,0,0
694.0359992914697,1261,243,0,0
694.4692091783833,111,701,0,0
694.4711479696485,17,62,0,0
694.4741392933826,691,380,0,0
694.4845042476038,1402,368,0,0
694.5616013408091,1346,358,0,0
694.6626659921958,672,425,0,0
694.6627718916664,1147,328,0,0
694.6725031770808,1684,196,0,0
694.7021587497886,7697,495,1,0
694.7383127153199,1090,278,0,0
694.7752047457201,1123,718,0,0
694.7887055387366,873,200,0,0
694.8111228168091,1153,66,0,0
694.8115460309742,1545,173,0,0
694.9132578336262,1183,241,0,0
694.9133993703283,1493,100,0,1
694.9256514318091,1396,183,0,0
694.9284404369969,494,71,0,0
694.961792919563,419,114,0,0
694.9641920792204,1432,121,0,0
695.0620122012639,492,7700,0,1
695.0956589610532,663,767,0,0
695.153733059473,1876,280,0,0
695.2986923474973,1616,140,0,0
695.4627331701962,423,188,0,0
695.4741453497821,816,570,0,0
695.5589636728006,1006,30,0,0
695.6026520708709,664,320,0,0
695.6792454699493,642,53,0,0
695.7018335081314,61,245,0,0
695.7019394419276,251,4230,0,1
695.7119007110225,75,452,0,0
695.7276267715814,750,236,0,0
695.7336718912536,1115,351,0,0
695.7376507726003,263,258,0,0
695.7594483041858,180,37,0,0
695.7635535842502,60,696,0,0
695.8227079210519,1454,310,0,0
696.0174164216131,375,85,0,0
696.0338952656125,1349,3280,0,1
696.1217450144187,941,620,0,0
696.1232781771423,922,248,0,0
696.1255006455192,13,121,0,0
696.1340936236713,671,260,0,0
696.136498403726,1208,502,0,0
696.1543039882833,395,186,0,0
696.1732689925601,375,1520,0,1
696.5558258447153,8,160,0,0
696.5615888970949,976,206,0,0
696.7615740036691,974,165,0,0
696.7637789666496,500,56,0,0
696.7741977091728,1400,601,0,0
696.8595580880112,645,34,0,0
696.8915103119169,1874,156,0,0
696.8916444267096,1537,247,0,0
696.9068297977981,1625,248,0,0
696.9486906765442,1409,352,0,0
696.9495374747567,879,140,0,0
696.9563636365818,778,273,0,0
696.9654692425319,1037,211,0,0
697.0023521640184,259,196,0,0
697.2080747046386,713,183,0,0
697.2092245223588,357,232,0,0
697.2120751664507,90,233,0,0
697.5856356624148,1138,18,0,0
697.7637767958305,1119,537,0,0
698.2651167175179,753,3240,0,1
698.2813594652349,1325,21,0,0
698.4112950578688,35,156,0,0
698.4114443131751,7523,669,1,0
698.4533945136579,944,249,0,0
698.455978009591,1540,115,0,0
698.4570489173532,1411,81,0,0
698.459066782349,7656,536,1,0
698.5828835242877,227,139,0,0
698.9075142422394,8027,165,1,0
698.9140535641498,306,278,0,0
698.9226111733125,7457,735,1,0
699.0998616950188,69,75,0,0
699.1044124278931,759,196,0,0
699.133063830699,1788,625,0,0
699.1919308944222,337,27,0,0
699.375712353413,475,225,0,0
699.3858132745146,769,607,0,0
699.385882661401,1186,416,0,0
699.3975929054841,799,19,0,0
699.4658731723097,652,214,0,0
699.4727848689594,1155,601,0,0
699.4783889673356,983,134,0,0
699.4810416038448,903,138,0,0
699.5218103868871,18,291,0,0
699.5458981386524,1299,130,0,0
699.5758796958773,279,262,0,0
699.5933869646768,1053,121,0,0
699.809562384104,5280,80,1,0
699.8431389393606,84,748,0,0
699.8584610328319,1651,391,0,0
699.8603928249757,694,384,0,0
699.8682212270843,1048,302,0,0
699.8856312622908,524,348,0,0
700.2088555789201,1474,477,0,0
700.2541362044844,1255,247,0,0
700.2633207825085,1214,317,0,0
700.3412035581653,1542,344,0,0
700.4025773295122,11,231,0,0
700.4098661898569,675,125,0,0
700.4541721346784,56,36,0,0
700.4562505671598,834,408,0,0
700.4780679537874,930,112,0,0
701.4288390030347,530,109,1,0
701.5517288446229,563,267,0,0
701.6135752815788,699,306,0,0
701.7145174969991,1691,277,0,0
701.7870077972677,427,1410,0,1
701.7888241791846,1190,313,0,0
701.796196598763,8120,72,1,0
701.8008785204822,458,357,0,0
701.8463573913042,1035,302,0,0
701.9568826277133,262,218,0,0
702.961665256837,1083,362,0,0
702.9753698543078,456,233,0,0
702.9773513266733,1476,164,0,0
703.0098644114379,1216,283,0,0
703.0270195196254,1398,534,0,0
703.0578608546682,1119,338,0,0
703.0770327259046,722,401,0,0
703.126672453347,263,46,0,0
703.1326254554416,776,214,0,0
703.1660974480405,167,29,0,0
703.294278112292,493,466,0,0
703.3207643971157,491,226,0,0
703.3755857572232,332,385,0,0
703.3809136563534,47,342,0,0
703.482853694734,1083,769,0,0
703.4981381461768,318,409,0,0
703.5032444095932,989,413,0,0
703.5153822502546,549,248,0,0
703.5241706354427,1240,23,0,0
703.5376152035992,1302,93,0,0
703.5439491408785,1982,329,0,0
704.0687306832564,298,105,0,0
704.1779471814355,526,260,0,0
704.2246110986184,1252,290,0,0
704.2704626626864,1726,768,0,0
704.2859101214156,888,318,0,0
704.3773572771968,674,3770,0,1
704.3890563746501,1185,136,0,0
704.4049626900637,880,298,0,0
704.4090100701827,1012,219,0,0
704.6041364131813,1173,337,0,0
704.7876859973468,320,173,0,0
704.9423376005814,230,87,0,0
705.103666367135,1531,209,0,0
705.1038434390024,150,84,0,0
705.1257536783583,187,223,0,0
705.2586684544461,526,553,0,0
705.3067401499706,35,530,0,0
705.307570125258,28,280,0,0
705.3397174126833,425,194,0,0
705.4074135684323,1107,419,0,0
705.4135598111095,909,325,0,0
705.4154119453976,364,281,0,0
705.4207953121266,531,389,0,0
705.4208476240293,788,336,0,0
705.4490899196932,326,251,0,0
705.4523135366271,207,108,0,0
705.4613076285224,37,197,0,0
705.4732071630816,391,231,0,0
705.4870575410085,443,520,0,1
705.8470836222978,117,5120,0,1
705.8501979144114,1805,3500,0,1
705.8604274065041,1806,194,0,0
705.8606764826427,1500,397,0,0
705.864910640096,1050,150,0,0
705.8652708633865,1028,150,0,0
705.9346228368654,1744,505,0,0
705.9494355368572,5670,500,1,0
705.9540971829238,1216,419,0,0
706.0397604172424,218,86,0,0
706.0418170981312,1637,40,0,0
706.0526609552942,1542,408,0,0
706.0557359318498,1674,604,0,0
706.0582052702589,14,84,0,0
706.0679396185473,1289,84,0,0
706.0726185399702,1167,233,0,0
706.0842876051743,89,61,0,0
706.0860634222531,771,774,0,0
706.0867884364862,162,425,0,0
706.3104374375754,1306,397,0,0
706.3431926302997,70,1170,0,1
706.3508254899949,505,202,0,0
706.3747977010842,272,265,0,0
706.3770200046794,863,271,0,0
706.4103947621559,1625,439,0,0
706.4113099142561,1263,222,0,0
706.4512266265997,261,8,0,0
706.4844014642447,1230,43,0,0
706.498692378602,783,31,0,0
706.5651532054544,114,463,0,0
706.5792519180565,693,269,0,0
707.0238685628527,91,35,0,0
707.0809754476976,378,232,0,0
707.0818042962985,1807,144,0,0
707.0841438494418,39,98,0,0
707.5087514159969,924,512,0,0
707.514463789516,319,21,0,0
707.5479849073012,2262,116,0,0
707.5537702967302,139,146,0,0
707.8838774123087,1211,416,0,0
708.0307339666604,1265,104,0,0
708.1144305077257,432,157,0,0
708.1221773438215,534,386,0,0
708.1318206422511,289,72,0,0
708.3975161116662,1309,397,0,0
708.4034996930716,7,234,0,0
708.4037637181758,471,215,0,0
708.7852728805262,732,563,0,0
708.9077015247752,301,63,0,0
708.9090831740934,801,140,0,0
708.9403887512631,159,27,0,0
709.0000025625349,969,268,0,0
709.02791354533,41,320,0,0
709.5049685127789,532,582,0,0
709.7194265713048,18,198,0,0
709.723401298542,14,120,0,0
709.7373961011264,934,277,0,0
709.8529132301235,8,47,0,0
709.9729789257636,1575,50,0,1
709.9825930827348,1534,16,0,0
710.1572520274473,606,82,0,0
710.1609307251916,590,114,0,0
710.2571672265644,35,156,0,0
710.2577507746826,239,399,0,0
710.3059179250909,1436,71,0,0
711.3727750128659,32,226,0,0
711.7442038557856,921,132,0,0
711.7479475444367,72,501,0,0
711.7480025970932,1367,185,0,0
711.7803806176358,585,183,0,0
711.9347698671831,1411,178,0,0
711.9578613886773,577,334,0,0
711.9876679495212,1098,391,0,0
711.9888803017041,821,3450,0,1
711.995198007687,520,352,0,0
711.9966511309171,1631,136,0,0
711.9980461893681,29,765,0,0
712.0040002568152,499,103,0,0
712.2918907116559,625,140,0,0
712.3279342906501,551,521,0,0
712.3316546818655,50,486,0,0
712.3440732014698,1252,523,0,0
712.3466952369483,1156,643,0,0
712.3521033716979,513,199,0,0
712.376343574045,1663,464,0,0
712.3771952048484,562,392,0,0
712.4064129070423,8089,103,1,0
712.4111331053215,597,23,0,0
712.5508132329345,1794,218,0,0
712.5533814170809,756,36,0,0
712.5780649528358,311,531,0,0
712.5810496547304,784,75,0,0
712.626007983553,790,255,0,0
712.6265184187585,1033,228,0,0
712.6321648099349,541,126,0,0
712.6350659812044,1099,148,0,0
712.6357607626763,234,195,0,0
712.6434866801945,1114,398,0,0
712.654458308565,28,360,0,1
712.6593844130239,401,72,0,0
712.661517879755,1116,211,0,0
712.665596904255,1522,600,0,0
712.6694157144755,1466,305,0,0
712.7959382766714,7702,490,1,0
712.8416665902887,7650,542,1,0
713.0619256018186,1805,205,0,0
713.1676602137171,421,3090,0,1
713.7666729861569,588,254,0,0
713.785870827168,273,20,0,0
713.817257126653,86,680,0,1
713.8393179129878,1187,619,0,0
713.848061236533,19,342,0,0
713.9178668560044,1251,430,0,0
713.9592003886665,222,180,0,0
714.01043794944,1024,288,0,0
714.0435829246378,381,3790,0,1
714.1984294565053,124,82,0,0
714.1997127838863,221,219,0,0
714.2624678008273,671,311,0,0
714.2813509502984,3640,413,1,0
714.2873269302468,1051,344,0,0
714.2980766086024,489,136,0,0
714.3527901657421,602,205,0,0
714.4560250827096,1281,167,0,0
714.4693852522711,1728,135,0,0
714.5536209199743,8000,192,1,0
714.5968329300362,665,408,0,0
714.7543472689846,575,8,0,0
714.9094552286643,1836,88,0,0
715.0049609046905,1580,72,0,0
715.0155997421939,8,306,0,0
715.0179860669352,537,195,0,0
715.3358683258031,1190,80,0,0
715.3401647002834,449,607,0,0
715.447161119065,528,191,0,0
715.4719171343535,1113,266,0,0
716.0035261593566,582,140,0,0
716.020783911643,452,9,0,0
716.0325867468534,482,254,0,0
716.0329718717073,1549,292,0,0
716.1046234587145,1744,301,0,0
716.1255584835149,1072,457,0,0
716.1321697870253,7890,302,1,0
716.142143607264,1101,112,0,0
716.4025928481452,557,45,0,0
716.4495642997807,23,263,0,0
716.5629283396811,340,327,1,0
716.5766192398171,1122,379,0,0
716.6170683400495,9,253,0,0
716.7564072653233,1120,438,0,0
716.76945012801,943,248,0,0
717.0472687912254,1369,304,0,0
717.0614103193725,7423,769,1,0
718.0334396400792,702,182,0,0
718.0412621620303,212,104,0,0
718.0509334485067,1658,466,0,0
718.0808992435433,860,448,0,0
718.0930207875008,469,102,0,0
718.1125619844845,701,282,0,0
718.1352696161592,1035,302,0,0
718.3945471825084,1479,123,0,0
718.4038559484562,710,484,0,0
718.6392088712511,1897,225,0,0
718.7710872683075,7796,396,1,0
718.8030373459459,12,297,0,0
718.8194442946493,1354,111,0,0
719.7918954361087,1709,114,0,0
719.7920696614245,8077,115,1,0
719.8018375336092,2830,157,1,0
719.8207488714669,592,300,0,0
719.8890173852682,1079,649,0,0
719.9152824547076,1724,468,0,0
720.0608569929224,679,309,0,0
720.1320911481331,623,25,0,0
720.3343106135961,1060,203,1,0
720.3418385501037,1545,86,0,0
720.4029840243694,500,57,0,0
721.0255953655576,1051,143,0,0
721.0325153061768,1271,106,0,0
721.0684606333821,286,173,0,0
721.0700274688104,1549,89,0,0
721.1233265667986,669,310,0,0
721.1286171603125,1084,54,0,0
721.209700418779,43,195,0,0
721.2122239209677,495,226,0,0
721.2377950646911,34,166,0,0
721.2409516456779,436,45,0,0
721.2627959744766,332,750,0,0
721.3150497566285,1805,359,0,0
723.356371281243,995,275,0,0
723.4088826720346,836,465,0,0
723.4673933316503,1161,405,0,0
724.310559329541,860,772,1,0
724.4975667041631,125,97,0,0
724.5004731703558,1042,355,0,0
724.5648013676598,680,214,0,0
724.5932789861313,1699,182,0,0
724.7055474049836,453,65,0,0
724.7679474866935,1025,77,0,0
724.7686363713499,732,563,0,0
724.7758429410909,7651,541,1,0
725.5148419385824,601,222,0,0
725.628523423042,2390,201,1,0
725.6323445263539,888,1490,0,1
725.6402247038125,1505,33,0,0
725.65194770778,872,53,0,0
725.6533344766771,9,505,0,0
725.6533622088127,1313,142,0,0
725.7045133393862,545,26,0,0
725.7067473362604,931,95,0,0
725.7111484564749,1459,617,0,0
725.7149185847691,1867,537,0,0
725.7225735555268,44,141,0,0
725.7294358529664,26,220,0,0
726.084524728223,1486,219,0,0
726.093322474198,1869,410,0,0
726.1468237703326,884,159,0,0
726.1623793112286,84,72,0,0
726.374547487957,1320,349,0,0
726.3952373827948,830,618,0,0
726.3955377292166,155,149,0,0
727.0054947282381,12,66,0,0
727.4658528111005,136,154,0,0
727.529350861671,681,647,0,0
727.5300400502886,644,60,0,0
727.759724376271,698,139,0,0
727.7926083419344,616,196,0,0
727.7957554901117,1356,336,0,0
727.8010563122739,630,344,0,0
727.9677981887194,344,107,0,0
727.9723118478005,1603,468,0,0
727.9838659498394,1688,288,0,0
727.9873997130738,814,568,0,0
728.033278698588,1458,706,0,0
728.0359938286928,445,10,0,0
728.0870716868642,223,172,0,0
728.0957848419049,516,1010,0,1
729.0796255646989,304,373,0,0
729.0861296106356,952,494,0,0
729.1058148050467,93,100,0,0
729.2206719126278,10,189,0,0
729.3153677439386,1374,59,0,0
729.3161505436794,6,430,0,0
729.3403693700326,1455,205,0,0
729.3784394030305,900,321,0,0
729.4457903538442,134,69,0,0
729.458137991014,961,452,0,0
729.8067591161794,674,377,0,0
730.0886169580748,813,454,0,0
730.0971100903384,777,40,0,0
730.0991646585951,303,181,0,0
730.1148448079982,28,4260,0,1
730.1730686848564,8,6,0,0
730.3407758339008,1531,21,0,0
730.3426560499415,17,245,0,0
730.3478915161819,907,325,0,0
730.3482819898138,784,384,0,0
730.351119089099,1171,490,0,0
730.539917155329,309,447,0,0
731.9568288318271,102,65,0,0
732.0520435598567,767,657,0,0
732.0687243267317,1075,338,0,0
732.0817564285904,928,345,0,0
733.2199190091757,1453,110,0,0
733.4819140099169,8041,151,1,0
733.5176835598044,1582,4530,0,1
733.5257681944155,638,576,0,0
733.5308421877064,1960,219,1,0
733.55431924945,133,9,0,0
734.4428400670683,695,219,0,0
734.4578208762392,887,338,0,0
734.4696735369295,415,124,0,0
734.5105226601503,1037,189,0,0
734.5243963835565,1247,560,0,0
734.6798311045632,103,109,0,0
734.682827733097,1197,634,0,0
734.7101882146502,550,117,0,0
734.7157738537842,1311,645,0,0
734.8358523854031,1784,89,0,0
734.8655737627396,52,341,0,0
734.8703284690295,780,199,1,0
734.8774772922718,55,231,0,0
734.8959892552538,23,277,0,0
735.2666973692367,1174,176,0,0
735.3253986257215,13,767,0,0
735.3602570682779,776,441,0,0
735.3628303237613,502,308,0,0
735.363715088142,112,355,0,0
735.3645223762843,915,481,0,0
735.3697320579558,1607,235,0,0
735.4086292048793,5660,23,1,0
735.4276943130617,995,271,0,0
735.5953971887811,916,399,0,0
735.5973190192321,767,466,0,0
735.608579582149,8098,94,1,0
735.6187572231723,23,2840,0,1
735.6210940749801,103,408,0,0
735.6213113594849,16,560,0,0
735.624609458351,1343,408,0,0
735.7313170240794,461,117,0,0
735.7318247453836,6,242,0,0
735.8244125783439,273,319,0,0
735.9221316660095,784,237,0,0
735.9344114558328,471,280,0,0
735.9637565677486,3950,88,1,0
735.9766184200041,812,460,0,0
735.993803099623,1243,223,0,0
736.2961701798602,1699,267,0,0
736.4641794631619,894,586,0,0
736.5889997793595,784,19,0,0
736.6176891501516,1578,243,0,0
736.6311204383818,267,185,0,0
736.6598676631959,473,296,0,0
736.6611803711892,1510,207,0,0
736.664140462902,575,765,0,0
736.6839787798375,460,135,0,0
736.6844529703167,884,223,0,0
736.701395932816,7997,195,1,0
736.7141629533392,1511,409,0,0
736.7257350252823,286,52,0,0
736.7383690196793,645,729,0,0
736.7426949691869,1093,87,0,0
737.7930922277961,827,504,0,0
737.793431348572,8004,188,1,0
737.7970940271307,122,184,0,0
737.7975390085593,527,331,0,0
737.8277113722257,824,514,0,0
737.9219420857262,655,636,0,0
738.4819552820392,7906,286,1,0
738.485495595407,1618,1880,0,1
738.542907253502,85,352,0,0
738.5454090359402,203,26,0,0
738.5583920650189,9,245,0,0
738.6140376626724,439,302,0,0
738.6148037388281,299,68,0,0
738.6253051228688,1088,21,0,0
738.6294658449659,1732,286,0,0
738.6606518945102,623,840,0,1
738.7359199106563,473,365,0,0
738.7366954349275,44,681,0,0
738.7483627654145,1646,304,0,0
738.7492804414015,1096,107,0,0
738.7494253592494,1441,429,0,0
738.7510235925818,1223,327,0,0
738.7549221411842,852,189,0,0
738.7562044492115,118,237,0,0
738.7577616194611,382,684,0,0
738.951874688152,646,181,0,0
738.9701957700998,626,373,0,0
739.1000010008685,1360,471,0,0
739.3634152340002,960,280,1,0
739.3846828726329,392,344,0,0
742.0988165628396,1026,663,0,0
742.1376010625719,734,298,0,0
742.1587908176976,355,373,0,0
742.1619580006719,397,43,0,0
742.1701138712955,288,256,0,0
742.2041782114754,7667,525,1,0
742.2238248979863,290,160,0,0
742.2505190953518,1092,303,0,0
742.2836414489634,1698,74,0,0
742.2847112511663,1490,247,0,0
742.2880456260337,199,82,0,0
742.295346498498,1743,15,0,0
742.3008181968474,32,663,0,0
742.3019083169504,438,377,0,0
742.3152357405089,470,38,0,0
742.3179471240584,49,11,0,0
742.433691596708,976,284,0,0
742.4367917367967,899,192,0,0
742.4616676299719,67,27,0,0
742.461953006988,1069,205,0,0
742.4730307724593,51,163,0,0
742.5852919227478,1606,161,0,0
742.6020400845523,268,386,0,0
742.6581734555167,575,87,0,0
742.6812486345244,518,260,0,0
742.6894983119082,305,184,0,0
742.7306280758817,1099,2110,0,1
742.7653132727094,1140,80,0,0
742.7985151069261,1680,165,0,0
742.8031853946843,1020,350,0,1
742.8088641525209,639,377,0,0
742.8089250227504,679,229,0,0
742.826981128803,454,169,0,0
742.828766542072,1442,100,0,0
742.832024721075,940,175,0,0
742.9081762948088,767,182,0,0
742.9295869364025,23,26,0,0
742.9616922283703,8,253,0,0
742.9651395232981,1279,433,0,0
743.0033976583794,1157,111,0,0
743.0188123600869,1625,1880,0,1
743.0406159396695,3540,130,0,0
743.0523928772532,562,268,0,0
743.4494399341262,1835,332,0,0
743.4510133586859,260,2330,0,1
743.4751507771965,129,180,0,0
743.5015431024109,167,2630,0,1
743.6002961498257,3800,23,1,0
743.6430865305681,35,422,0,0
743.6490175521155,6,34,0,0
743.670288397507,32,141,0,0
743.9984783372809,944,380,0,0
744.133837248304,429,195,0,0
744.141073481697,209,221,0,0
744.1645111977729,21,262,0,0
744.1770606915067,506,210,0,0
744.4076141999562,137,612,0,0
744.4146478204706,340,151,0,0
744.642939878595,1159,280,0,0
745.0895752083409,1005,479,0,0
745.1025362761819,1508,64,0,0
746.6154798766554,184,39,0,0
746.6262434306667,559,72,0,0
746.6378662749019,940,75,0,0
746.7143122655175,368,213,0,0
746.7205268167248,1271,749,0,0
746.7417547608609,906,443,0,0
746.743418651487,620,421,0,0
746.7511491809253,625,140,0,0
746.7717968345087,34,357,0,0
746.7729754973919,1099,349,0,0
746.8450526870223,94,56,0,0
746.9224950733893,89,360,0,1
746.9365351269342,11,629,0,0
747.0013496431043,282,388,0,0
747.0666739013526,7543,649,1,0
747.0702256305049,345,347,0,0
747.121811562868,1363,558,0,0
747.1485700833456,1396,228,0,0
747.1532658850371,1652,17,0,0
747.1902890564774,204,254,0,0
747.1923593833972,229,328,0,0
747.1924213940827,23,4420,0,1
747.2343737708638,1705,488,0,0
747.2627487339931,1659,396,0,0
747.9137221464129,841,218,0,0
747.9231949864205,1874,489,0,0
748.0278294917241,794,303,0,0
748.0309709322134,1347,16,0,0
748.0328702279512,384,166,0,0
748.0426767921899,172,162,0,0
748.0715332422501,1564,767,0,0
748.089209813318,1626,1280,0,1
748.2645624535666,210,40,0,0
748.4697203777807,794,257,0,0
748.47130729116,777,249,0,0
748.4785735262526,1862,233,0,0
749.2422896866482,435,227,0,0
749.5599799030683,453,389,0,0
749.5621108799802,585,285,0,0
749.5670544162158,1421,564,0,0
750.7601254560265,7893,299,1,0
750.7635446289447,931,12,0,0
751.0446326583236,24,71,0,0
751.0450729498297,884,15,0,0
751.060989968371,1831,509,0,0
751.0641137454029,1279,351,0,0
751.1123219656527,769,378,0,0
751.4279343201924,1355,278,0,0
751.4911968674897,1309,355,0,0
751.6822292038171,387,380,0,0
751.9462839368821,834,145,0,0
752.6479861704377,302,323,0,0
752.6964145547457,1157,223,0,0
752.6969258898451,581,27,0,0
752.6979856630568,41,20,0,0
752.8461849038905,1500,108,0,0
752.9308857173245,1303,277,0,0
753.1439382559404,1493,232,0,0
753.1561930425929,8142,50,1,0
753.1649490649648,1721,88,0,0
753.165478604228,375,427,0,0
753.1676936009648,1043,275,0,0
753.1828981124362,233,259,0,0
753.1879402338649,423,460,0,0
753.1886542009682,7320,44,1,0
753.5345046093379,1723,740,0,0
753.5536597090498,331,349,0,0
753.5844100557285,16,349,0,0
753.6069341761352,1475,1370,0,1
753.6239647707011,472,267,0,0
753.6260870037894,239,119,0,0
753.7257163844305,17,153,0,0
753.7313723832701,795,386,0,0
753.7336591409909,354,211,0,0
753.9482571184817,20,352,0,0
753.9698451556114,21,49,0,0
754.0295324483949,810,239,0,0
754.0299235804342,1211,269,0,0
754.6205344929392,720,293,0,0
754.6238200768729,1667,292,0,0
754.6255950119449,1454,89,0,0
754.633355534763,355,371,0,0
754.635865932355,190,37,0,0
754.6388216671891,1116,11,0,0
754.6856353016943,53,295,0,0
755.0130599536383,1231,166,0,0
755.0239805994789,661,724,0,0
755.042219242553,7,739,0,0
755.062861676185,1770,140,0,0
755.0892565333246,1889,365,0,0
755.0906967035795,640,23,0,0
755.6222115930635,196,200,0,0
755.6232326497832,1734,286,0,0
755.6280983363429,1551,334,0,0
756.7505855651209,1632,254,0,0
756.7648802333141,1529,225,0,0
756.7672819834248,267,390,0,0
756.7903108502868,125,326,0,0
758.8164247640302,1285,603,0,0
758.8377757470935,860,301,0,0
758.8397426450578,710,345,0,0
758.8695731026392,1483,481,0,0
758.9045597003094,13,403,0,0
758.9080647300406,415,481,0,0
758.9388525901961,1129,75,0,0
758.9390587192706,652,32,0,0
758.9870215495838,1612,323,0,0
759.0168620131159,2427,1630,0,1
759.0403162694428,45,15,0,0
759.0456565737858,50,555,0,0
759.3509844522232,635,350,0,0
759.4279498452566,1414,2570,0,1
759.7322837411441,986,767,0,0
759.7381745955063,419,329,0,0
759.8310629785111,1810,382,0,0
760.4976140322265,252,229,0,0
760.8523146594597,414,77,0,0
760.8553912946693,1414,44,0,0
760.8739841375201,552,243,0,0
760.8793302553729,327,123,0,0
760.8903187251988,7957,235,1,0
760.9097350921417,19,32,0,0
761.5908288625731,1288,139,0,0
762.0119569356593,1840,6,1,0
762.0266995626853,169,143,0,0
762.1439182848885,97,2020,0,1
762.1497549764665,317,181,0,0
762.1513016590427,1380,405,0,0
762.1517261618275,1222,154,0,0
762.1551283149593,1111,578,0,0
763.237564382016,30,376,0,0
763.2661014152621,1792,5,0,0
763.323225292682,1890,148,0,0
763.4847433999051,1984,142,0,0
763.4851041642337,431,69,0,0
763.4968226605142,1103,310,0,0
763.5167857043117,1743,195,0,0
763.7635294313042,440,172,0,0
763.8067891419,1082,208,0,0
763.8074142692276,760,388,0,0
763.8079882503455,224,118,0,0
763.842547150274,386,570,0,0
763.8706087449982,1162,535,0,0
763.871673617319,1106,84,0,0
763.8727695437043,1101,86,0,0
763.894396036055,999,269,0,0
763.895668886419,551,326,0,0
763.9331307790361,1344,170,0,0
763.9442245290021,216,383,0,0
763.9545338169986,1339,478,0,0
764.9025580667134,13,417,0,0
764.9059326570793,596,65,0,0
764.9077636555398,430,543,1,0
764.913963363937,656,726,0,0
764.9141018720579,143,201,0,0
764.9990672983948,1804,3060,0,1
765.0647120290864,1743,256,0,0
765.0856694006008,621,121,0,0
765.102121077712,1362,383,0,0
765.116902766125,34,340,0,0
765.1176509861496,769,179,0,0
765.1299405095089,368,108,0,0
765.145552796352,303,3920,0,1
765.2348547506656,954,426,0,0
765.2650616324711,695,13,0,0
765.3966067435828,1521,119,0,0
765.463049001159,458,386,0,0
765.463341597641,38,166,0,0
765.4669780950268,738,65,0,0
765.5274935975773,1475,608,0,0
765.5346780339266,380,166,1,0
765.5511211872451,1949,133,0,0
765.6451603761604,7,357,0,0
765.6474364701155,1578,2970,0,1
765.6720658207909,1411,88,0,0
766.1330346480512,659,432,0,0
766.1519231260736,324,262,0,0
766.1560398692463,228,535,0,0
766.1738135909803,381,58,0,0
766.1819971168951,1829,300,0,0
766.183400753366,847,73,0,0
766.2470686425632,1871,249,0,0
766.2652668591612,1080,135,0,0
766.2656693086118,8148,44,1,0
766.4640361640683,429,142,0,0
766.4666633420778,425,239,0,0
766.4868787902774,129,85,0,0
766.5308545382821,958,163,0,0
766.5444191593865,1144,211,0,0
766.5457895038805,296,560,0,0
766.5459442434721,301,171,0,0
766.5516072180621,1338,160,0,1
766.5792770290273,3540,109,1,0
766.5807715574201,54,332,0,0
766.588465700415,539,415,0,0
766.8201048356682,120,123,0,0
766.8224350565841,1740,686,0,0
824.7283963171083,677,487,0,0
824.7659498521809,271,327,0,0
824.7675133897221,22,201,0,0
824.8088174511897,7761,431,1,0
824.819783751859,789,659,0,0
825.0750474443639,1289,130,0,0
825.0764275076513,824,199,0,0
825.1479830482297,447,100,0,0
825.1498860843318,554,85,0,0
825.1852449512631,1429,642,0,0
825.5684467438412,1250,29,0,0
825.5923661496665,25,160,0,0
825.8695525112291,526,260,0,0
825.8792735494972,112,8080,0,1
825.9983903261715,706,83,0,0
826.0031679352616,1311,69,0,0
826.0138650050283,141,140,0,0
826.0324928853762,971,2650,0,1
826.0333739246396,1079,2090,0,1
826.0360922779388,611,400,0,0
826.0413809669551,892,49,0,0
826.6125401155186,1462,719,0,0
826.6366032528745,244,424,0,0
826.6382962520023,103,43,0,0
826.6397863633697,467,585,0,0
826.65403201386,258,94,0,0
826.6557465778815,662,157,0,0
826.6812948161256,915,611,0,0
826.6831394568209,55,203,0,0
826.68516607116,1703,108,0,0
826.7782209489416,394,364,0,0
826.7786089618104,641,222,0,0
828.5878233686112,344,190,0,0
828.5915388679161,1769,336,0,0
828.5923973865845,618,60,0,0
828.6510628436796,382,294,0,0
828.8102814603336,213,244,0,0
829.060539804327,8165,27,1,0
829.1126708165253,6,199,0,0
829.1169571414129,598,48,0,0
829.1296381329641,973,4530,0,1
829.1532854174835,1242,416,0,0
829.2582735416379,7935,257,1,0
829.3868513947084,426,26,0,0
829.4620135966265,983,68,0,0
829.56600811881,32,443,0,0
829.5661980089774,1035,231,0,0
829.5720762442385,1525,426,0,0
829.7660594176373,738,253,0,0
829.7730544507303,711,263,0,0
829.7885240958476,112,39,0,0
829.7926892322881,16,351,0,0
829.806493123226,886,3690,0,1
829.8111295412748,876,316,0,0
829.8114115867979,1205,319,0,0
829.8504146976057,901,320,0,1
829.8931270292566,7970,222,1,0
829.8960296077088,1604,474,0,0
829.8962945979362,33,203,0,0
829.9050225770375,652,211,0,0
829.9063340328414,344,167,0,0
830.0366241150289,1616,268,0,0
830.0464152725241,1041,126,0,0
830.0470289384895,1481,697,0,0
830.0508288466392,9,3480,0,1
830.7114754512784,470,385,0,0
830.7219114715203,522,481,0,0
830.7247381212452,1331,524,0,0
830.7333474996398,18,143,0,0
830.7347060275179,426,380,0,0
830.8213620900913,1269,251,0,0
830.822195736366,5890,262,1,0
830.8726446815826,5,348,0,0
830.9999887988915,1136,451,0,0
831.1028380605006,649,383,0,0
831.1150450012333,409,368,0,0
831.1217718688183,434,329,0,0
831.1390601610448,914,617,0,0
831.1662447355554,12,40,0,0
831.218108294628,333,4760,0,1
831.2344140683906,1219,113,0,0
831.2621524045145,1482,18,0,0
831.2686824708011,418,113,0,0
831.2718918269978,1128,499,0,0
831.4362501414391,1215,673,0,0
831.4767439617958,600,285,0,0
831.5506651593523,589,59,0,0
832.0695119392584,1283,156,0,0
832.0735036251558,256,115,0,0
832.0784399596233,331,460,0,1
832.0863439074859,211,766,0,0
832.1894474309227,311,20,0,0
832.1903850369697,1144,157,0,0
832.1947352330875,17,341,0,0
832.283409284856,683,216,0,0
832.2841145525215,777,769,0,0
832.3572308379263,1393,133,0,0
832.8130441915443,411,337,0,0
832.8542779692798,955,276,0,0
832.8574400767417,11,212,0,0
832.8645388627695,1301,197,0,0
832.8668818841443,1560,343,0,0
832.8821243719225,1168,194,0,0
833.0049993111357,278,424,0,0
833.146496151336,1091,152,0,0
833.1466783221432,1355,278,0,0
833.150363535166,32,329,0,0
833.1854100498562,704,45,0,0
833.1941661256582,1478,759,0,0
833.1942862900364,1903,147,0,0
833.2218388941056,792,7,0,0
833.2759368481521,515,204,0,0
833.2937312479805,1087,150,0,0
833.3092538464693,1180,255,0,0
833.4301949460216,673,150,0,0
833.4311776008573,1143,160,0,0
833.4409186082592,637,233,0,0
833.4817578676434,876,229,0,0
852.6846845642194,337,328,0,0
852.6887233947471,550,221,0,0
852.7779863471878,17,388,0,0
853.3969949569126,696,231,0,0
853.4837581739683,1833,440,0,0
853.5905342234131,7530,662,1,0
853.8271275123552,779,297,0,0
853.8276048538651,51,344,0,0
853.8791653585341,251,456,0,0
853.8864575620553,1932,310,0,0
854.3105907051352,902,118,0,0
854.3548911829424,1948,169,0,0
854.3862132774423,715,282,0,0
854.4131797127242,7971,221,1,0
854.4145907263501,25,432,0,0
854.5368931778904,1129,326,0,0
854.5375663458999,230,297,0,0
854.549893249651,1149,430,0,0
854.558841838856,301,9,0,0
854.6991705072953,1820,239,0,0
854.7180981594636,1769,221,0,0
854.7213500375824,1709,304,0,0
854.7961095253607,474,415,0,0
855.4466727520193,15,607,0,0
855.4489565926252,7819,373,1,0
855.7705814578103,370,132,0,0
855.7753508142473,59,707,0,0
855.78714182962,12,300,0,0
855.799600248542,767,229,0,0
855.8018109443688,34,153,0,0
856.3269113906304,1396,767,0,0
856.4214717077042,375,265,0,0
856.4874537497424,140,130,0,0
856.4886069007874,340,232,0,0
856.5626623927689,847,244,0,0
856.5656824577037,34,23,0,0
856.885919619999,962,341,0,0
856.8864145534075,1214,6490,0,1
856.9704734046377,631,420,0,1
856.9712307565418,330,141,0,0
856.9721360665429,845,462,0,0
857.0017892466396,201,142,0,0
857.1119922245736,49,70,0,0
857.3003485475753,792,304,0,0
857.3086209191612,110,18,0,0
857.3146954149196,716,365,0,0
857.4411669905437,1000,10,0,0
857.4428965964019,915,611,0,0
857.4447522630157,611,370,0,0
857.5007082380516,8059,133,1,0
857.549148106225,39,107,0,0
857.5716812124288,87,25,0,0
857.8185210688079,1683,303,0,0
857.8191607737897,1452,270,0,0
857.8692771260726,261,573,0,0
859.6372927846359,379,360,0,0
859.6454162761215,364,361,0,0
859.6468159815443,914,530,0,1
859.8969145232422,846,378,0,0
859.9577987946603,1538,596,0,0
860.196483673561,1049,615,0,0
860.280231680266,1133,13,0,0
860.287964875836,633,640,0,0
860.3006294636393,11,73,0,0
860.3023543013558,21,209,0,0
864.6821406198928,582,292,0,0
864.6850506233252,850,413,0,0
864.6947349671252,674,4750,0,1
864.6996083166298,314,202,0,0
864.749344202719,523,501,0,0
865.126136297417,63,369,0,0
865.1331328874847,572,142,0,0
865.1835764119087,51,8,0,0
865.2750899781811,1105,376,0,0
867.1336160235362,1633,460,0,0
867.1462412761648,7,653,0,0
867.1811862775896,854,296,0,0
867.7840523891,1869,309,0,0
867.7850831982737,870,2640,0,1
867.8046833382008,1213,258,0,0
867.8286841740697,1541,342,0,0
867.8306838673966,380,285,0,0
867.8438034364327,762,1500,0,1
867.874981023773,1764,306,0,0
868.0772357361935,177,19,0,0
868.2102268164859,111,274,0,0
868.2167212298085,623,33,0,0
868.2196276606801,756,409,0,0
868.3622419152327,492,7700,0,1
868.3631188280746,983,130,0,0
868.3696159469669,813,464,0,0
868.3715404575456,7,159,0,0
868.3722986173013,1591,154,0,0
868.4056354575793,30,7690,0,1
868.4066812009601,741,324,0,0
868.4119987532696,165,121,0,0
868.6605296585033,30,422,0,0
869.1291444751007,275,249,0,0
869.1303385718983,110,15,0,0
869.133175333418,1722,768,0,0
869.1363452090914,455,494,0,0
869.1375593724016,443,514,0,0
869.4183474573091,1393,3320,0,1
869.5336153974177,10,169,0,0
869.584805726226,384,3860,0,1
869.5873191245299,697,94,0,0
869.6748477714715,1230,518,0,0
869.7023625826299,260,185,0,0
869.7198594596177,104,128,0,0
869.7804804666935,149,246,0,0
870.0802136476588,421,19,0,0
870.0964570824501,219,360,0,0
870.1044736344803,629,242,0,0
870.1067474621061,1814,286,0,0
870.434335701068,160,134,0,0
870.4844846479567,1290,334,0,0
870.4846186813039,1784,239,0,0
870.5091121422378,6,313,0,0
870.6052508920486,1369,299,0,0
870.6059722511027,779,411,0,0
870.6068581384461,1062,87,0,0
870.7610669169054,1362,288,0,0
870.771247904328,1677,311,0,0
870.7721572922354,528,639,0,0
870.7916005041826,1765,479,0,0
870.829164795774,15,433,0,0
870.8317521597473,304,398,0,0
870.8352895148715,152,143,0,0
870.8546428871183,374,193,0,0
870.8704017670924,774,3600,0,1
871.5336103716535,510,266,0,0
871.8015549026892,178,24,0,0
871.8526940658755,665,445,0,0
871.8573033130398,1758,268,0,0
871.8624512779767,1476,107,0,0
871.8626395472468,1519,257,0,0
871.8779872902016,7984,208,1,0
871.8857776325476,242,54,0,0
871.8903747510373,1516,246,0,0
871.9685047313122,156,295,0,0
872.1975522430639,70,267,0,0
872.19796445536,1745,193,0,0
872.2385849021598,789,284,0,0
872.2826357178732,1629,47,0,0
872.2876381134965,69,42,0,0
872.2917513115839,36,428,0,0
872.8770033208646,136,186,0,0
872.9563361321344,14,225,0,0
874.303389878007,326,271,0,0
874.307098961388,1040,196,0,0
874.3091577741546,907,17,0,0
874.3194430146942,1280,179,0,0
874.4230865891664,1436,353,0,0
874.6819525209423,134,232,0,0
875.6452216935859,37,96,0,0
875.6500299451199,178,460,0,0
875.6509786754247,130,108,0,0
875.785860001724,248,223,0,0
875.8982310132693,1504,356,0,0
875.9559881318339,2760,285,1,0
876.2992636450884,704,319,0,0
876.3027380556424,356,142,0,0
876.3033969377922,892,273,0,0
877.4910749799668,842,14,0,0
877.5247035238652,1738,428,0,0
877.5345037477514,1274,309,0,0
877.6276731391023,252,256,0,0
879.3170497458367,402,212,0,0
879.3435857090275,642,169,0,0
879.976490233198,539,295,0,0
879.9985956422685,1639,156,0,0
880.9238885009574,1551,14,0,0
880.9511118072434,254,280,0,0
881.1662715100879,522,7670,0,1
881.1841126029728,852,152,0,0
881.24736534485,826,412,0,0
881.2766506384318,7425,767,1,0
881.2845040865342,101,24,0,0
881.3074745911367,304,398,0,0
881.3852837610588,577,669,0,0
881.3999025866223,189,272,0,0
881.4060447625355,925,600,0,0
881.4493947284136,1346,214,0,0
881.8044667830736,1192,390,0,0
881.8199060471652,631,243,0,0
881.8222707316493,415,281,0,0
881.8253148862042,1900,40,0,0
881.8445723603951,109,329,0,0
882.3691575644748,1247,338,0,0
882.3713430754246,385,353,0,0
882.5582787142461,14,791,0,0
882.5705857546682,949,371,0,0
882.575157899238,1096,115,0,0
882.5812680986448,1568,463,0,0
882.7723990605406,6510,93,1,0
882.7793663938745,1880,296,0,0
883.0706176050419,1420,66,0,0
884.2179357938592,1500,416,0,0
884.2210155584667,1242,384,0,0
884.2223027202623,902,239,0,0
884.2228002792319,1657,245,0,0
884.2761742002004,26,114,0,0
884.2790745804921,10,769,0,0
884.2839753734926,57,340,0,0
884.2875104840804,302,2140,0,1
884.5674993721052,443,466,0,0
884.636110577998,151,36,0,0
884.6966018930552,552,471,0,0
884.6971077614345,153,95,0,0
884.700196345716,1109,94,0,0
884.7156928859453,443,354,0,0
884.7292576085338,596,152,0,0
884.7617795550359,1305,510,0,0
885.2193289540901,1363,285,0,0
885.2885727534771,959,302,0,0
885.3766315762492,1130,61,0,0
885.3897434099639,1675,206,0,0
885.3971374417883,412,101,0,0
885.4036023937848,11,391,0,0
885.4173188519011,186,89,0,0
885.4179102276978,1784,411,0,0
885.4231177533387,19,294,0,0
885.4408286004528,8180,12,1,0
885.4471268863226,1019,367,0,0
885.4624196441372,1545,11,0,0
885.4628114859735,106,154,0,0
885.4682257422569,716,494,0,0
885.4853043580049,1544,312,0,0
885.66253518289,1530,360,0,0
885.6837655782514,1987,280,0,1
885.6943139028223,1720,26,0,0
885.6994522361161,756,322,0,0
885.7174643724238,1459,78,0,0
885.7232995852702,671,19,0,0
885.7962626701436,1872,2990,0,1
885.8017355046669,1106,84,0,0
885.8651306207473,345,358,0,0
885.8695178851663,1712,347,0,0
885.8703129122514,1311,630,0,0
885.8711659063599,925,211,0,0
885.9749178619682,1569,229,0,0
885.9799169655416,1776,346,0,0
885.9858819779461,1145,413,0,0
888.8393057507631,628,537,0,0
888.8407912670306,36,357,0,0
888.8555724690574,1103,272,0,0
888.8565683930104,905,543,0,0
888.8610205091554,592,586,0,0
888.9070476505494,945,252,0,0
888.9155909362793,770,347,0,0
889.6607500518724,485,40,0,0
889.663088884994,265,175,0,0
889.6669412899636,1128,279,0,0
889.6678534717238,7769,423,1,0
889.6842119472537,400,208,0,0
889.6874796884002,9,220,0,0
889.6992517272397,1295,739,0,0
889.7022661770887,54,10,0,0
889.7418437799248,558,303,0,0
889.7460580939359,168,184,0,0
889.7650104745056,672,236,0,0
889.7773892523863,859,276,0,0
889.7808885484138,1696,153,0,0
889.7970859726598,21,262,0,0
889.8129753039251,801,272,0,0
889.8591804595869,10,69,0,0
889.85947409075,1380,336,0,0
890.1893482396581,1446,5520,0,1
890.210425116049,30,74,0,0
890.2494858401969,1171,413,0,0
890.2977437252536,617,305,0,0
890.2987754244585,454,238,0,0
890.3723129524288,589,309,0,0
890.4025295726728,859,7310,0,1
890.4087187091078,1551,198,0,0
890.4965656876894,10,3900,0,1
890.5066145698479,7892,300,1,0
890.5088138129252,93,54,0,0
890.6090473809344,335,461,0,0
890.691741331558,284,173,0,0
890.725178897116,1722,150,0,0
890.738357514065,772,186,0,0
891.1724004353385,28,117,0,0
891.1778305649449,977,341,0,0
891.2051416733037,652,262,0,0
891.2173927865149,795,188,0,0
891.2293499386581,1629,429,0,0
891.2756788987367,757,236,0,0
891.2781519018795,1433,195,0,0
891.3273157351168,1810,216,0,0
891.3583805465001,1401,389,0,0
891.3674754353732,147,34,0,0
891.3716658546294,63,111,0,0
891.3727951967073,288,199,0,0
891.3941411858598,25,24,0,0
891.9361031815314,323,201,0,0
891.9411665100067,12,243,0,0
891.9439505316226,1320,769,0,0
891.9486003688783,1319,509,0,0
891.9793870858457,34,277,0,0
892.0284794396455,338,412,0,0
892.0651041933802,17,157,0,0
892.0813790907874,91,9,0,0
892.0829207423244,595,11,0,0
892.2243048960139,832,773,0,0
892.2335498110514,7694,498,1,0
892.2733531991362,798,604,0,0
892.2949999374548,1634,135,0,0
892.3133581404475,496,266,0,0
892.4058122217758,629,100,0,0
892.4302741400003,157,23,0,0
893.6326469452987,170,767,1,0
893.984421433849,32,132,0,0
894.0994394020776,394,305,0,0
894.1103852688658,1366,237,0,0
894.2065720539157,1408,46,0,0
894.2447867607026,173,651,0,0
894.3257219234193,1070,696,0,0
894.3483274176313,789,183,0,0
894.350834296466,923,557,0,0
894.3536509747817,432,34,0,0
894.3704910981779,5,2120,0,1
894.4790737270022,187,568,0,0
894.4958777068026,819,641,0,0
894.5017220058315,1392,245,0,0
894.5152441346704,806,264,0,0
894.5886379934029,121,630,0,1
894.5960309781747,1080,204,0,0
894.6028473644457,1418,57,0,0
894.6267728392708,1252,219,0,0
894.6986264185189,1734,130,0,0
894.7003391659227,760,70,0,0
894.7091171300591,203,39,0,0
894.7277950623546,1733,735,0,0
894.7358002126044,895,46,0,0
894.7889630766973,247,3270,0,1
894.893179606724,849,300,0,0
894.8974863340322,781,766,0,0
897.2226467445946,660,245,0,0
897.2643974435425,218,202,0,0
897.7186808465993,666,64,0,0
897.8054590201901,110,99,0,0
897.8059598560277,1773,353,0,0
897.807490562874,1392,226,0,0
897.8399518832231,1817,23,0,0
897.8943147825913,721,223,0,0
897.9590362586183,1341,126,0,0
897.9594092099096,4900,2870,1,1
897.9647384881051,526,287,0,0
898.014137620191,1724,293,0,0
898.2544390254544,841,172,0,0
898.3086350164361,566,3530,0,1
898.30982810947,777,770,0,0
898.3160892126951,593,447,0,0
898.32579657675,378,332,0,0
898.3338270378446,38,209,0,0
898.4826685247674,733,285,0,0
898.6774003369878,441,50,0,0
898.9220775093407,1376,211,0,0
898.9241550856885,21,24,0,0
898.9256555223732,854,543,0,0
898.9265605335762,1098,102,0,0
898.9376923013946,326,38,0,0
898.9601067992967,1170,511,0,0
898.9612863559735,1255,451,0,0
898.9924929478117,115,123,0,0
899.0224798698349,1210,55,1,0
899.0346689163961,682,311,0,0
899.0800560819677,6,52,0,0
899.0825779951124,1732,217,0,0
899.0847222667271,1043,37,0,0
899.4227670561099,1228,525,0,0
899.4314311793025,242,392,0,0
899.5603807305437,1290,217,0,0
899.5653101179224,19,240,0,0
899.5655057016958,1520,174,0,0
899.6189790764979,1329,182,0,0
899.6205166165291,1289,391,0,0
899.6236977814402,7911,281,1,0
899.7284908831867,912,148,0,0
899.7293457239956,4,3020,0,1
899.7399555295282,767,768,0,0
899.9180815101381,959,247,0,0
900.956815569782,322,767,0,0
900.9593698927242,630,414,0,0
900.9845797487258,480,360,0,0
900.9894258591225,944,569,0,0
901.201560428951,720,756,0,0
901.2084051041838,1126,303,0,0
901.4710640876032,64,492,0,0
901.4725680647574,1222,557,0,0
901.5598930382318,779,297,0,0
901.9169026544358,1376,300,0,0
901.9860397634343,723,31,0,0
902.0049302735894,533,250,0,0
902.0116998121567,1180,377,1,0
902.0129923050323,893,25,0,0
902.1356014273698,116,138,0,0
902.2544121403413,89,117,0,0
902.2907357796506,8,168,0,0
902.2921767438818,1280,492,0,0
902.2951365550599,1306,391,0,0
902.3086480587156,249,140,0,0
902.8550187004003,1522,3890,0,1
903.6118938309537,592,302,0,0
903.7366922425746,665,454,0,0
903.7377239946244,7861,331,1,0
903.7380065444079,1080,198,0,0
903.7562273935446,24,52,0,0
903.7987354093641,868,250,0,0
904.263489614035,575,254,0,0
904.266304859359,1172,311,0,0
904.4216093508102,1485,150,0,0
904.4299678855159,1403,149,0,0
904.4810220132174,84,533,0,0
904.4861765585415,462,324,0,0
904.4919926309659,1334,243,0,0
904.4966668792398,1452,398,0,0
904.5069296073495,1326,308,0,0
904.5090940995287,14,333,0,0
904.5119373285298,337,165,0,0
904.5382151113888,1147,231,0,0
904.5394492580922,1820,6,0,0
904.5466557399823,959,506,0,0
904.5512748450801,67,30,0,0
904.5604036509072,245,163,0,0
904.7320205545512,1094,401,0,0
904.7355807837913,639,547,0,0
905.1637626119186,5040,533,1,0
905.1641395332788,8,314,0,0
905.1666829745875,78,770,0,0
905.2334588316054,753,542,0,0
905.2335791655418,362,179,0,0
905.2435414242527,9,970,0,1
905.2831656939695,1297,422,0,0
905.284090532092,83,475,0,0
905.6119203234811,1873,60,0,0
906.3245808926858,408,173,0,0
906.344174213286,1442,90,0,0
906.3622741281683,1040,269,0,0
906.4520877598411,205,212,0,0
906.5806483198451,1726,182,0,0
906.5878660934324,6430,433,1,0
906.595734305538,1797,126,0,0
907.7111835992348,897,134,0,0
907.7406538488755,291,353,0,0
907.7536674347942,1441,350,0,0
907.7568173103566,3450,89,1,0
907.7568647246447,1649,521,0,0
907.7701360499482,20,24,0,0
907.7904067020612,491,58,0,0
907.8059340369906,349,128,0,0
907.8180778750566,1342,113,0,0
907.9109288731426,1289,21,0,0
907.9429927419147,1739,339,0,0
907.9695935151274,530,545,1,0
907.9818866956905,387,20,0,0
907.9908314270994,1397,420,0,0
908.013322358977,148,240,0,0
908.0177154283803,160,219,0,0
908.1984405284975,1840,261,0,0
908.2297967095963,514,50,0,0
908.2480006218739,330,401,0,0
909.3468004797195,599,333,0,0
909.4398199909614,1573,523,0,0
909.4415944401516,6630,176,1,0
909.4448090075969,3520,527,1,0
909.4601219659426,1452,769,0,0
909.4668020858991,1162,78,0,0
909.7241325483035,7597,595,1,0
909.8089697638633,752,313,0,0
909.9201587459323,237,318,0,0
910.080739742656,561,299,0,0
910.1968311076424,401,271,0,0
910.1973157196586,478,277,0,0
910.1984409880921,1080,471,0,0
910.2008186199632,8158,34,1,0
910.2529334461284,1642,765,0,0
910.2816524124029,1878,437,0,0
911.0336706868184,835,186,0,0
911.2810489472718,1742,767,0,0
911.5631264086965,1172,290,0,0
911.5679529083643,649,102,0,0
911.583930928033,1050,214,0,0
911.720576063702,883,350,0,0
911.7225763609515,1465,260,0,0
911.7272790500995,991,315,0,0
912.4410101046033,728,141,0,0
913.8013811347818,723,191,0,0
913.8019011423565,1560,270,0,0
913.8179668272495,1515,328,0,0
913.8195326621079,120,354,0,0
913.8198465888071,417,181,0,0
913.8230624192765,407,94,0,0
913.8757531860147,852,317,0,0
913.9398998679917,1495,150,0,0
913.9695811445075,122,75,0,0
914.2107637452872,1832,335,0,0
914.2139208497363,1209,284,0,0
914.2239778103643,1579,770,0,0
914.5820353815191,1695,144,0,0
914.6606643305508,435,288,0,0
914.6640510912706,1460,20,0,0
914.665441876765,786,763,0,0
914.6837718736352,1073,261,0,0
914.7085906897734,357,117,0,0
914.7405218761172,7,19,0,0
914.7525251806826,1412,105,0,0
914.7733693136171,1456,362,0,0
914.7780205405312,1353,92,0,0
914.7926713149599,1694,169,0,0
914.79707517897,1529,190,0,0
914.798342493714,1105,193,0,0
914.8192008932881,336,24,0,0
914.8224129927862,913,856,0,0
914.8256536015464,630,105,0,0
914.8773710254189,1605,293,0,0
914.910258827561,864,96,0,0
915.6601487418952,174,247,0,0
916.1877485346804,569,233,0,0
916.195651094536,377,175,0,0
916.2050946903951,1535,268,0,0
916.2094349494524,827,60,0,0
916.2104594471331,146,180,0,0
916.5998212719178,1677,348,0,0
916.6649983590912,1242,143,0,0
916.6702767288616,661,310,0,0
917.2991921642035,13,82,0,0
917.3665750033032,410,397,0,0
917.4471324842015,1266,410,0,0
917.4539270872115,925,19,0,0
917.454059797145,750,150,0,0
917.5178621918446,177,291,0,0
917.5215374764172,1026,541,0,0
917.52236276791,1522,323,0,0
917.5744421560823,225,410,0,0
917.6300529654912,6,252,0,0
917.6325201012747,1089,224,0,0
917.6480344218301,340,324,0,0
917.6933541396359,1121,213,0,0
917.7112682142024,130,324,0,0
917.7164961442328,250,204,0,0
918.0707372267976,7885,307,1,0
918.0801434595821,402,336,0,0
918.2612235579479,246,30,0,0
918.2757959189421,3263,132,0,0
918.284997336282,758,592,0,0
918.513102593328,19,1430,0,1
918.5177739347533,1770,179,1,0
918.5534743050606,705,645,0,0
918.6036340330153,374,143,0,0
918.7784158849125,1027,164,0,0
918.7938168311765,1076,175,0,0
918.7945515788588,485,140,0,0
918.7950801616355,510,1480,0,1
918.7955357294323,1033,240,0,0
918.7971600863916,1725,408,0,0
918.8099936692344,1359,160,0,1
918.8186907486934,568,434,0,0
918.8247037802779,1347,101,0,0
918.8378074795128,887,52,0,0
918.8414116115092,1579,423,0,0
918.8559959404058,7,329,0,0
918.8758459055327,388,318,0,0
920.169693886582,574,778,0,0
920.1793262124821,867,770,0,0
920.1893622420987,7745,447,1,0
920.1982399424533,686,267,0,0
920.2012983685713,851,309,0,0
920.2868395688233,1324,266,0,0
920.2880071161865,535,194,0,0
921.316702648395,41,125,0,0
921.3173437275652,1009,167,0,0
921.3317594565781,8,148,0,0
921.4600030359979,1891,332,0,0
921.509681719958,1350,512,0,0
921.5870603341118,935,73,0,0
921.5878256929484,1692,316,0,0
921.690739764756,922,698,0,0
921.7459310335017,911,427,0,0
922.1709496161301,1118,447,0,0
922.1877321547778,726,433,0,0
922.2088928600102,958,118,0,0
922.2095509834455,459,335,0,0
922.2635218143502,395,1910,0,1
922.2655248862201,788,259,0,0
922.3040331025234,864,668,0,0
922.9864682585335,1283,374,0,0
922.9893307241268,883,374,0,0
923.0186380594018,1577,445,0,0
923.0247068636435,308,624,0,0
923.0300280935505,324,131,0,0
923.0303887634586,1434,367,0,0
923.037876616708,863,796,0,0
923.0725917007215,50,13,0,0
923.3142220834701,48,18,0,0
923.7480089128046,354,232,0,0
923.7611796448402,7,219,0,0
923.8805157407896,11,107,0,0
923.8951362180121,1768,5220,0,1
923.897942413291,206,232,0,0
923.9047493443788,1481,697,0,0
924.0084872498088,1451,478,0,0
924.081192260979,1727,23,0,0
924.0817237743678,1730,438,0,0
924.1338972706992,1842,161,0,0
924.1429967466895,235,81,0,0
924.2058642704043,7,137,0,0
924.230656180906,1283,769,0,0
924.2319953754087,275,216,0,0
924.2330881522862,437,190,0,0
924.2479515106398,865,216,0,0
924.2658393144669,1449,586,0,0
924.288432713509,452,363,0,0
924.2900357760172,734,260,0,0
924.5921194662861,352,768,0,0
924.5922574700727,730,172,0,0
924.855627661498,824,550,0,0
924.8675277852429,566,535,0,0
924.873434378782,879,297,0,0
925.4266148990288,220,187,0,0
925.4403052914369,743,366,0,0
925.4598344019028,456,339,0,0
925.4657630769951,7858,334,1,0
925.5179889688793,707,214,0,0
925.5720019978787,131,92,0,0
925.9412378650911,335,281,0,0
926.1347748377916,1954,127,0,0
926.1530131279605,1221,121,0,0
926.1579755663546,189,87,0,0
926.1656001500685,535,252,0,0
926.1694254262167,841,265,0,0
926.176694902012,1317,37,0,0
926.1821787662084,551,726,0,0
926.2164666254604,1081,223,0,0
926.2395675864922,32,329,0,0
926.2435682425718,1461,197,0,0
926.2740248506078,174,35,0,0
926.2742156457257,1543,199,0,0
926.2884049414818,178,197,0,0
926.2885577499069,636,485,0,0
926.2962666993083,1619,74,0,0
926.3571565232437,337,195,0,0
926.3819741170284,11,260,0,0
926.3836928554582,713,1310,0,1
926.3945852300277,7816,376,1,0
926.4065793023015,677,67,0,0
926.4114476246368,1382,227,0,0
926.4324301584182,7935,257,1,0
926.436533850259,1269,465,0,0
926.4393422043916,6,205,0,0
926.4414453971477,1808,24,0,0
926.4800862376505,1640,2980,0,1
926.4824115288973,609,285,0,0
926.4831379264676,352,323,0,0
926.5613440134578,1032,102,0,0
926.5646460954957,1193,45,0,0
926.5654389077746,1321,355,0,0
926.6186199748453,766,181,0,0
926.6228047559332,27,726,0,0
926.6273386796031,358,767,0,0
926.629974395697,1103,1150,0,1
926.6840011334157,36,646,0,0
926.7417782042083,3820,108,1,0
926.8509729988747,631,122,0,0
926.8545806278948,878,15,0,0
928.6492515770244,1992,357,0,0
928.6534329006506,8,222,0,0
928.6548836436895,20,277,0,0
928.6622701661244,346,28,0,0
928.6626528117847,993,26,0,0
928.665591207096,1554,318,0,0
928.6717646554412,100,236,0,0
928.6926278395673,457,563,0,0
928.9184849310278,478,365,0,0
928.9571127415711,1179,770,0,0
928.9662737491235,1700,486,1,0
928.9843391426701,1141,323,0,0
928.9858254402686,161,265,0,0
929.3044132536581,353,229,0,0
929.3301238030115,529,2500,0,1
929.3729210501556,889,398,0,0
929.378572446404,749,297,0,0
929.3816780669973,19,26,0,0
929.383904645869,1103,115,0,0
929.3867902473938,1166,196,0,0
929.3919199214222,334,4360,0,1
929.4811386059205,9,92,0,0
929.4850751895116,45,32,0,0
929.5395721440585,1905,211,0,0
929.6298951240727,840,99,0,0
929.6655061116802,938,268,0,0
929.7602510726891,392,193,0,0
929.7604169129713,844,440,0,1
929.7896263317215,751,367,0,0
929.7965098090575,772,440,0,0
930.05846404293,553,361,0,0
930.0942177052848,625,1400,0,1
930.1032612420818,1024,307,0,0
930.1224284977812,11,267,0,0
930.1498403446636,1856,461,0,0
930.7654891550634,750,181,0,0
930.7735862502208,737,781,0,0
930.8057783927079,339,161,0,0
930.8117572220801,994,194,0,0
930.843312511155,1569,402,0,0
930.8814634794434,932,767,0,0
930.9085435229731,341,138,0,0
930.9221054832241,94,439,0,0
931.3279467440524,913,299,0,0
931.4947529476699,1233,35,0,0
931.5460294200414,1617,284,0,0
931.5519743569853,226,39,0,0
931.5996063256391,1278,297,0,0
931.6255187383073,917,397,0,0
931.7535476492284,534,1020,0,1
931.8150620455709,920,562,0,0
931.8204740808056,4230,230,1,0
931.8859601472395,706,191,0,0
932.7301082989545,441,346,0,0
932.7924648231162,1022,11,0,0
932.7947556761504,1071,539,0,0
932.8034072541503,4,42,0,0
932.9497249286519,770,191,0,0
933.209925867569,608,145,0,0
933.2109524213994,303,43,0,0
933.397231495432,1308,295,0,0
934.053443834263,153,523,0,0
934.4875335356611,1649,442,0,0
934.4891810540657,951,726,0,0
934.5132710232492,1427,290,0,0
934.8632299156776,11,264,0,0
934.9739405634174,1609,282,0,0
934.9851174952555,192,161,0,0
934.9885508801295,1317,162,0,0
935.0096334118927,355,435,0,0
935.0791487768992,883,392,0,0
935.0822991753046,453,308,0,0
935.0991374092689,1280,108,0,0
935.3996092309166,1576,486,0,0
935.7339489656365,973,76,0,0
935.7682305302022,1225,19,0,0
936.1348206110216,1231,68,0,0
936.1524386168188,16,573,0,0
936.15891623631,753,7070,0,1
936.1649412100852,975,203,0,0
936.1675808437509,662,190,0,0
936.1763547623796,1024,316,0,0
936.1874923863045,1846,4490,0,1
937.7787194037602,1505,52,0,0
937.9438306076274,4122,4070,1,1
940.0456640271743,256,294,0,0
940.0485957835097,105,21,0,0
940.1407963793994,1315,256,0,0
940.1495314346671,1385,312,0,0
940.1507465697312,584,363,0,0
940.22230357505,1565,1200,0,1
940.2279544293282,1517,768,0,0
940.3277687767143,523,437,0,0
944.3449249581171,11,311,0,0
944.3712184467987,521,499,0,0
944.3884297667971,96,127,0,0
944.3937256303301,1497,406,0,0
944.3947295304567,972,5020,0,1
944.4076092962083,72,202,0,0
944.4115199142907,580,61,0,0
944.4405975753931,437,120,0,0
944.4509341550657,514,156,0,0
944.4899768356235,105,464,0,0
944.5458685903624,1261,262,0,0
944.7728126882478,487,695,0,0
944.7749279082595,1401,566,0,0
944.7790267850864,2630,224,1,0
945.1459479543889,515,106,0,0
945.2715041829622,700,289,0,0
945.2763757012012,461,16,0,0
948.5892209259786,1830,302,0,0
948.5892899549387,738,365,0,0
948.5981329528908,1016,97,0,0
948.6083958187919,1545,26,0,0
948.6601102659913,898,197,0,0
948.6614039089827,381,324,0,0
948.6807085229221,629,166,0,0
948.7102443363887,301,135,0,0
948.9105747929093,836,94,0,0
948.9109810612755,211,92,0,0
948.9157227287997,39,472,0,0
948.9209765839497,547,294,0,0
949.0554679137231,4610,499,1,0
949.9594096485873,11,291,0,0
950.5261088597193,1153,3070,0,1
950.5304238713411,222,82,0,0
950.5584389509004,7798,394,1,0
950.571003161252,1368,640,0,0
950.5875870388223,11,575,0,0
950.5918144120084,679,250,0,0
950.6175131424029,833,370,0,0
950.6321787430144,473,342,0,0
950.6881411179662,1866,195,0,0
950.7008537902126,27,256,0,0
953.7193143923695,564,7,0,0
953.7199459930621,1414,530,0,0
953.7253734214032,988,525,0,0
953.7310431516775,1067,234,0,0
953.7566695177186,1405,767,0,0
953.8727586715875,1208,168,0,0
953.889057984775,13,184,0,0
961.9580007764507,829,154,0,0
961.997116566839,639,285,0,0
962.3451910911881,407,374,0,0
962.3617013108329,2850,339,1,0
962.3660172384829,1252,210,0,0
965.1821377878939,1009,209,0,0
965.1856228251414,356,439,0,0
965.1865316077832,2277,328,0,0
965.1909782586173,1426,256,0,0
965.2190346552464,785,12,0,0
965.5412096721591,25,600,0,0
965.5522130294632,132,731,0,0
965.563549839059,957,180,0,0
965.5965548385315,40,409,0,0
965.6907302391188,1196,569,0,0
965.6943682821799,2555,215,0,0
965.72936302957,769,108,0,0
965.7355470284273,510,511,0,0
965.7816288517106,1780,2850,0,1
965.8350055366201,570,274,0,0
965.9874753626826,1711,525,0,0
966.7429191492928,1316,4,0,0
966.7499161655938,78,179,0,0
966.7531719409811,1278,86,0,0
966.780384507841,784,238,0,0
966.8032948926569,1632,205,0,0
966.8261445787098,445,177,0,0
966.9377189750287,1475,766,0,0
966.9670371726485,168,740,0,0
967.0924626335649,1944,210,0,0
967.1171022594141,54,32,0,0
967.1348633648151,7,970,0,1
967.1389694986531,256,91,0,0
967.225701063415,575,5900,0,1
967.2500551308719,1533,249,0,0
967.5055550094817,588,471,0,0
967.5843891382605,51,413,0,0
967.5920662684999,731,229,0,0
967.6265962765124,18,194,0,0
967.6444055707213,95,325,0,0
967.6607036798518,19,384,0,0
967.6620822447393,16,35,0,0
967.6942953012693,7,449,0,0
967.7191421516033,445,29,0,0
967.7210206397878,9,270,0,0
967.7584155380991,725,30,0,0
967.8014651531441,791,332,0,0
967.8036358533932,1638,502,0,0
967.8058302473416,14,312,0,0
967.8397941018412,1905,549,0,0
967.9308750663023,1482,410,0,1
967.9670910210275,218,250,0,0
967.9676764671652,927,426,0,0
967.9699450469802,16,373,0,0
968.0272675709806,1476,517,0,0
968.0298907685419,1218,196,0,0
968.1881028728604,1771,329,0,0
968.3655842698597,1449,356,0,0
968.3693431054885,637,41,0,0
968.4008076414534,35,332,0,0
968.4791898703903,4,217,0,0
968.5286920708446,876,1730,0,1
968.5365272329509,1314,13,0,0
968.5493904057952,252,226,0,0
968.5656157367544,124,89,0,0
969.0149924974146,767,273,0,0
969.0850823094555,3520,348,1,0
969.2764044718322,42,725,0,0
969.3078901984662,735,380,0,0
969.364673899803,1658,238,0,0
969.4721952956193,1242,507,0,0
969.4858985675035,542,602,0,0
969.4904031011066,647,420,0,0
969.532400506847,166,820,0,1
969.5410013964074,10,113,0,0
969.5474500502111,832,3140,0,1
969.5516456721765,646,768,0,0
969.5528724664058,1120,179,0,0
969.5772511284908,1414,530,0,0
969.5802032727031,82,647,0,0
969.5842187038251,344,197,0,0
969.5943632287122,56,24,0,0
969.5960521122041,712,202,0,0
969.6487389549998,14,322,0,0
969.7534816606257,1279,150,0,0
969.7555291730175,1013,46,0,0
969.7646131610276,4,567,0,0
969.7764701939869,692,328,0,0
969.787883564389,927,426,0,0
969.8095204895914,1592,198,0,0
969.846166326543,1131,213,0,0
969.851421716548,699,425,0,0
969.9293063101558,790,41,0,0
969.9297275965894,1119,6,0,0
969.9321520039186,1409,563,0,0
970.0465868786423,990,120,0,0
970.054636681152,35,300,0,1
970.0912113200457,1280,320,0,0
970.2781178174464,1790,137,0,0
970.8139366758695,1928,23,0,0
970.8160674668792,1101,767,0,0
970.8202906248964,239,188,0,0
970.824631560784,7,75,0,0
970.829189547143,7912,280,1,0
970.8611259744437,12,159,0,0
970.8615392191009,1376,120,0,0
970.9035822548907,1292,213,0,0
970.9203062279423,1761,4280,0,1
971.2489771772695,725,229,0,0
971.2498729004026,1780,411,1,0
971.313450341662,416,138,0,0
971.3218446909684,86,24,0,0
971.3263790816426,8018,174,1,0
971.4244338228393,1326,375,0,0
971.5245622872101,882,102,0,0
971.52580407504,326,26,0,0
971.6177884034404,1848,455,0,0
971.628323655215,870,647,0,0
971.6367197372604,9,179,0,0
971.643671387577,1031,205,0,0
971.6590032492446,868,13,0,0
971.6645307798511,402,276,0,0
971.6862452852407,110,296,0,0
971.686395839597,911,267,0,0
971.7945580632543,1720,218,0,0
971.8259334740131,515,345,0,0
971.8318232274845,1240,361,0,0
971.8692758974117,563,125,0,0
971.8809584717363,107,686,0,0
971.9377231681066,1579,218,0,0
972.0776600871662,500,250,0,0
972.1217359211195,5,361,0,0
972.1217812228949,1123,612,0,0
972.3541173035215,148,596,0,0
972.3742479816245,1714,158,0,0
972.440584947798,882,315,0,0
972.4442930008441,696,229,0,0
972.4570087205913,184,152,0,0
972.4681652344515,250,278,0,0
972.5203429273471,1167,629,0,0
972.5921142621673,118,43,0,0
972.6271118080639,629,612,0,0
972.655855813759,217,113,0,0
972.7522373355711,741,471,0,0
972.9059406864685,232,229,0,0
972.9708704490157,1849,506,0,0
972.9796961886815,363,122,0,0
973.0675332102227,1872,223,0,0
973.0728038441766,159,306,0,0
973.100698243874,1701,260,0,0
973.4003126395015,535,317,0,0
973.4012843922868,20,729,0,0
973.4030823538825,7,160,0,1
973.4032911154976,918,609,0,0
974.0599580996219,812,215,0,0
974.0817062117221,526,493,0,0
974.1209498192878,450,646,0,0
974.146979431374,426,376,0,0
974.1588970788413,108,127,0,0
974.16168134531,134,143,0,0
974.1853854544379,554,767,0,0
974.1877482278496,946,352,0,0
974.2396959012984,1045,616,0,0
974.5686963602518,109,137,0,0
975.8570164469677,974,60,0,0
975.8595951706684,7,125,0,0
975.8664527327588,9,66,0,0
975.8690282446984,8,351,0,0
975.8695609583721,1008,385,0,0
975.8709964257094,965,517,0,0
975.8817394864731,43,752,0,0
975.979860332246,88,391,0,0
976.1362210919987,1026,177,0,0
976.1387107299261,79,220,0,0
976.1908804193954,643,236,0,0
976.200510575186,15,362,0,0
976.2235249801533,1808,225,0,0
976.3329104365657,1929,505,0,0
976.4342000159131,401,113,0,0
976.5288507743129,18,633,0,0
976.5567515752456,57,365,0,0
976.5831886859352,701,332,0,0
976.6091522493311,11,21,0,0
976.6595904947793,1648,419,0,0
976.6729340130462,736,722,0,0
976.711343051591,828,271,0,0
976.7324339517618,1628,28,0,0
976.9642142266152,1079,306,0,0
976.9666753097573,1342,255,0,0
976.9741678639606,1688,560,0,0
976.993321697296,868,89,0,0
977.0070319044929,10,372,0,0
977.0072400806214,1368,289,0,0
977.1391847542691,868,164,0,0
977.4287503968013,750,266,0,0
977.4293683622974,1690,759,0,0
977.4305111442611,517,3190,0,1
977.6388450234339,666,322,0,0
977.6397033281033,701,6960,0,1
977.6596497770846,281,223,0,0
977.6729269481181,215,349,0,0
977.6800736978291,323,298,0,0
977.7122432376785,195,203,0,0
977.7141800784796,333,1030,0,1
977.7148636110556,10,364,0,0
977.7198192503444,1389,644,0,0
977.7307620861557,763,512,0,0
977.7542263978966,629,336,0,0
977.83069499432,1358,333,0,0
978.1151810140332,1389,232,0,0
978.1586244664369,803,622,0,0
978.1725203638714,684,482,0,0
978.2119496515395,1935,507,0,0
978.2134452532869,414,13,0,0
978.2172602213418,1722,361,0,0
978.2207345953204,381,107,0,0
978.2214705761871,536,123,0,0
978.291274522963,201,206,0,0
978.2932538453539,1542,378,0,0
978.2942052500107,1881,516,0,0
978.2963685315708,464,105,0,0
978.5678248641948,550,12,0,0
978.7429282354207,7837,355,1,0
978.7679349800383,572,486,0,0
978.8222069464739,1499,12,0,0
978.8226216892504,1090,281,0,0
978.8251493552697,483,187,0,0
978.8514016879251,656,67,0,0
978.853301097259,959,165,0,0
978.8542096256926,1907,224,0,0
978.8576176160371,1621,14,0,0
978.9226233598685,1275,394,0,0
979.1766830815434,1311,10,0,0
979.1786061463167,817,487,0,0
979.382292021941,971,598,0,0
979.3835182720761,1367,321,0,0
979.4016352517059,707,246,0,0
979.4147294362853,1633,203,0,0
979.4217130983238,670,306,0,0
979.8205061803883,681,106,0,0
979.8890346579598,822,222,0,0
979.9051456789117,391,196,0,0
980.0203573030936,1469,298,0,0
980.0243077452484,4170,1180,1,1
980.0580470192335,4110,492,1,0
980.3061917659418,563,505,0,0
980.3401804610022,838,437,0,0
981.0166636675007,7539,653,1,0
981.0185282416678,1651,142,0,0
981.0199253437593,1736,224,0,0
981.0288505751098,102,132,0,0
981.0390428038423,1752,323,0,0
981.0446789304804,1413,441,0,0
981.296437594234,382,377,0,0
981.3279656075198,409,1390,0,1
981.330251060918,335,30,0,0
981.3344073925798,744,443,0,0
981.3711684943489,1323,3480,0,1
981.3725804152107,7422,770,1,0
981.4051140828982,566,12,0,0
981.4072189210581,1841,52,0,0
981.4212488608622,835,197,0,0
981.4463985366307,22,128,0,0
981.4472808563702,690,157,0,0
981.4535678285412,1120,140,0,0
981.46063430658,1911,408,0,0
981.4799262633419,705,118,0,0
981.5450834252847,1947,12,0,0
981.5581392980321,569,55,0,0
981.5591884401199,132,113,0,0
981.5659151797053,81,171,0,0
981.5685145559889,1627,269,0,0
981.5785547463088,12,268,0,0
981.6793279375864,920,169,0,0
981.7672019782462,468,217,0,0
981.9116537555236,814,380,0,0
981.9147129063845,7750,325,1,0
981.9152741882531,212,3090,0,1
981.9176513245527,1444,99,0,0
981.9322582566075,669,408,0,0
981.9370223678949,522,7670,0,1
981.9385010167075,931,113,0,0
981.9518423130379,312,258,0,0
982.119911171481,1152,18,0,0
982.1283091419587,768,317,0,0
982.1621071833072,454,256,0,0
983.0443008506978,81,283,0,0
983.0495419431636,640,135,0,0
983.125876009082,61,13,0,0
983.1267865737043,816,55,0,0
983.1298567937235,778,101,0,0
983.141354991886,1420,689,0,0
983.2776462871007,680,227,1,0
983.2992240038362,380,492,1,0
983.3055575374034,337,179,0,0
983.3637326861988,1244,276,0,0
983.6867856290646,365,255,0,0
983.9854079218769,1311,735,0,0
983.9885578156901,517,388,0,0
984.0468709816976,1335,243,0,0
984.052545641673,12,105,0,0
984.1209359048048,1932,328,0,0
984.2673804876542,691,89,0,0
984.2692953823185,128,240,0,1
985.4271038476359,102,77,0,0
985.4275136335546,774,353,0,0
985.4512173117316,1557,195,0,0
985.4517641902146,464,525,0,0
985.4580206817268,1600,492,0,0
985.8215086386805,1562,296,0,0
986.0474856264174,1021,357,0,0
986.7820747572596,1382,320,0,0
986.7912734769409,8040,152,1,0
986.793828803776,407,435,0,0
986.796388779032,383,241,0,0
992.2751470755125,648,544,0,0
992.4029341681511,9,161,0,0
992.4055808896152,9,277,0,0
992.4235375591259,156,154,0,0
992.4383069573768,175,257,0,0
992.553173475046,701,227,0,0
992.5585139011862,649,3830,0,1
992.559054607002,1658,768,0,0
992.5628501543525,312,212,0,0
992.6143332571561,845,179,0,0
992.6345025445146,772,141,0,0
992.6401399982793,1235,85,0,0
992.6415268561832,1469,43,0,0
992.8310438663658,145,43,0,0
992.8883998554735,417,157,0,0
992.8915211101748,55,89,0,0
992.8972845662978,354,292,0,0
993.5462337733122,1203,48,0,0
993.5559945607595,1595,3610,0,1
993.8016710280302,790,295,0,0
993.8145478052685,1668,171,0,0
993.8274244474354,481,430,0,0
993.8343920167371,550,254,1,0
993.8918809187406,989,767,0,0
993.9380654786358,548,253,0,0
993.9411928308007,45,89,0,0
994.4835908312215,355,330,0,0
994.4915855673784,20,107,0,0
994.497623591831,357,206,0,0
994.6803423098363,27,335,0,0
994.6843746688397,1789,368,0,0
994.6965549137744,250,264,0,0
994.7267998966139,816,479,0,0
994.8369777121408,173,614,0,0
994.8377151418011,1212,300,0,0
994.8404288487263,419,320,0,0
994.8405809075475,1671,327,0,0
994.8921028138154,704,445,0,0
994.9219761471443,5,395,0,0
994.9760453701945,334,290,0,0
995.0070844549477,72,399,0,0
995.0118717290529,1714,459,0,0
995.0662370679358,629,3200,0,1
995.0682969937026,1028,185,0,0
995.0709204774581,1523,384,0,0
995.0795033682294,1436,671,0,0
995.2009798952006,1480,176,0,0
995.202236279082,781,122,0,0
