arrived_at,num_prefill_tokens,num_decode_tokens,prefill_inflated,decode_inflated
0.0,419,304,0,0
0.006343022408758812,1251,288,0,0
0.014241935539777057,157,344,0,0
0.014378619687380263,1326,733,0,0
0.674396564579725,1418,359,0,0
0.8522898770606128,262,287,0,0
0.8617020757861643,224,168,0,0
0.9465164836054496,813,767,0,0
0.9781834351183174,609,332,0,0
0.9841442463564292,1799,161,0,0
1.11162777392252,1706,370,0,0
1.1213240234599955,1580,352,0,0
1.1306724163987891,837,638,0,0
1.1343732524270926,619,333,0,0
1.1791983591748367,1278,646,0,0
1.1939958282099514,61,30,0,0
1.2476967241941082,6,227,0,0
1.2530541353157045,395,55,0,0
1.2763088513735985,17,767,0,0
1.2793380683775235,300,58,0,0
1.3764420328458808,346,273,0,0
1.4027250352126364,1118,244,0,0
1.437677684733833,693,117,0,0
1.4786894951592768,247,733,0,0
1.4810796000639126,1465,378,0,0
1.5674991783547203,681,221,0,0
2.6710164697037904,1452,10,0,0
2.671697578825622,1529,333,0,0
2.672265387546571,710,101,0,0
2.673155141270452,953,694,0,0
2.7702579251722717,7927,265,1,0
2.793600608178471,1077,416,0,0
2.949550872804738,1271,362,0,0
3.026083259218239,554,69,0,0
3.0535780313744603,921,263,0,0
3.085424565229559,749,33,0,0
3.0982744039843038,1089,429,0,0
3.200765167334657,1439,328,0,0
3.2026492109661984,915,172,0,0
3.2104103926860192,1514,420,0,0
3.239743885558719,259,285,0,0
3.9020275599640017,748,170,0,0
3.90593907206955,3565,25,0,0
3.9080239938520656,1920,541,0,0
3.91387303570164,1467,433,0,0
4.0392589957653415,1039,273,0,0
4.050536852752989,408,346,0,0
4.305608964645008,473,309,0,0
4.306035437407574,1532,529,0,0
4.478449434099256,121,180,0,0
4.621412274377805,925,262,0,0
4.62246936546548,188,219,0,0
4.647002288959289,97,564,0,0
4.852280775632829,4,257,0,0
4.873794484271756,95,21,0,0
5.007048220613828,1177,258,0,0
7.092260798953936,795,188,0,0
7.123470118937323,819,644,0,0
7.133769539427406,288,39,0,0
7.137629851155544,770,868,0,0
7.203585429598466,8149,43,1,0
7.215760520384806,2137,117,0,0
7.228381487867791,215,130,0,0
7.243000643547526,774,209,0,0
7.309194758673325,1313,322,0,0
7.311333404920557,1203,300,0,0
7.312179688544306,254,90,0,0
7.312318463575745,1210,342,0,0
7.510700382693742,134,19,0,0
7.531614804877001,1483,594,0,0
7.901462425510411,609,16,0,0
7.919186780151381,629,47,0,0
7.9232767653373735,10,96,0,0
7.970209286777215,242,174,0,0
7.985691246118177,332,108,0,0
7.987160094873757,1814,575,0,0
7.990233294048687,824,20,0,0
8.608185361325576,791,426,0,0
8.644840493445514,1162,548,0,0
8.686337667444176,1215,93,0,0
8.696716296794024,505,414,0,0
8.701258504310138,1881,116,0,0
8.808615950928736,1565,120,0,0
8.82325363571617,548,29,0,0
8.827207273191304,366,284,0,0
8.84100626068902,77,372,0,0
8.843955774140348,34,447,0,0
8.870344686501731,769,134,0,0
9.043001781654715,800,258,0,0
9.046391279987978,214,31,0,0
9.360563173843149,476,2540,0,1
9.365310646295445,1586,100,0,0
9.389835243559903,7834,358,1,0
9.393222699595945,9,218,0,0
9.404792310671443,1585,315,0,0
9.424631536560922,1505,226,0,0
9.432196158462991,925,183,0,0
9.436620300931688,1102,222,0,0
9.441271289894276,35,767,0,0
9.444763491465181,21,518,0,0
9.445544391817293,21,264,0,0
9.456208812556742,1899,1020,0,1
9.496461174246297,664,158,0,0
9.607475150837903,130,2190,0,1
9.673303969466765,403,204,0,0
12.132341496327182,1004,69,0,0
12.166472819425382,184,39,0,0
12.173716898606752,1150,396,0,0
12.935850242582907,854,768,0,0
12.938072261203422,593,365,0,0
13.063259118249368,1178,159,0,0
13.065930411500833,1159,101,0,0
13.102568031217938,1771,139,0,0
13.10292009558961,20,331,0,0
13.211925741010603,150,321,1,0
13.225074889829092,588,212,0,0
13.227680037379914,217,725,0,0
13.745532476940399,1109,214,0,0
13.828925247858782,177,106,0,0
13.848701225091148,501,356,0,0
13.852764403313895,1137,269,0,0
13.869310117026698,787,625,0,0
13.882310706915964,821,367,0,0
13.959202968782224,1484,278,0,0
14.048235571093606,17,97,0,0
14.05298174831683,740,99,0,0
14.058995874927053,22,19,0,0
14.065221797294692,917,379,0,0
14.066436157995236,322,215,0,0
14.071963474810886,217,156,0,0
14.086963263716244,1471,6170,0,1
14.158825877022062,1035,156,0,0
14.411881985599642,310,351,0,0
14.415464842515389,1846,630,0,0
14.469780108133593,996,605,0,0
14.477198324207958,271,181,0,0
15.622276066716342,459,759,0,0
15.638645326445756,1263,1150,0,1
15.687905021358079,47,384,0,0
15.690679680622779,1369,202,0,0
15.694245783362145,1654,359,0,0
15.721256747430443,1294,306,0,0
15.729627496352506,1393,345,0,0
15.766204855394461,11,45,0,0
15.766998756815639,729,506,0,0
15.834819100124077,31,518,0,0
15.837804971262335,3440,73,1,0
16.403298612599094,985,2060,0,1
16.41343283217739,524,130,0,0
16.57539816739737,1228,309,0,0
16.576506532016374,1003,177,0,0
16.619059293279726,421,710,0,0
16.622114334107714,242,175,0,0
16.628928980117998,620,367,0,0
16.647883549348798,606,212,0,0
16.6574542108415,202,265,0,0
16.688065335956466,649,454,0,0
16.768557763808655,219,43,0,0
16.835138583045488,2845,198,0,0
16.850286897863786,24,236,0,0
16.85146746062193,630,331,0,0
16.85507692736713,139,215,0,0
16.867275754878364,1457,800,0,1
16.867534787910873,1339,767,0,0
16.94874276130708,761,40,0,0
16.95991660736109,392,79,0,0
16.970832433343755,7,97,0,0
17.091086253834508,753,97,0,0
17.15971237731106,592,319,0,0
17.18778666675473,1702,533,0,0
17.1902222471512,1099,197,0,0
17.223794348699677,1497,18,0,0
17.259855182336395,529,2320,0,1
17.26293018445706,1692,372,0,0
17.40832835006316,1695,109,0,0
17.45815881899356,423,96,0,0
17.458510020027013,535,315,0,0
17.481538947866092,25,522,0,0
17.482977239825825,1122,318,0,0
17.65809918397315,52,121,0,0
17.748740322129127,1512,248,0,0
17.75072542504248,1175,314,0,0
17.753799816123276,517,213,0,0
17.775921511714433,510,432,0,0
17.787113862978174,884,411,0,0
18.168288798761033,26,358,0,0
18.247712743419687,1532,154,0,0
18.257970126675254,20,135,0,0
18.315232521689126,12,233,0,0
18.31554235948592,1338,71,0,0
18.349077089990416,1379,368,0,0
18.451147857970863,1688,149,0,0
18.46376362314674,499,67,0,0
18.468123413080303,798,44,0,0
18.52407681105099,1212,35,0,0
19.431021724768872,1447,427,0,0
19.4582046798872,812,485,0,0
19.460123090298037,221,158,0,0
19.78533006806088,625,503,0,0
19.785751438595632,759,186,0,0
19.835117440618546,914,302,0,0
19.840752135280972,260,41,0,0
19.956805383321946,250,400,0,0
19.960105320801798,111,182,0,0
20.21492288896222,1114,358,0,0
20.247820447264495,58,13,0,0
20.24839118298972,1657,181,0,0
20.24873945418777,536,224,0,0
20.258328882105854,39,317,0,0
20.498481712806665,1338,16,0,0
20.5217458344213,61,140,0,0
20.542383001215068,1745,251,0,0
20.553640613992265,1369,304,0,0
20.632577813887078,533,565,0,0
20.67095663798987,1491,234,0,0
20.70256886592528,475,341,0,0
20.705086718475773,1118,277,0,0
20.899222705035754,1426,270,0,0
21.174839942908235,689,263,0,0
21.176176564483665,18,18,0,0
22.976717690247398,1572,337,0,0
23.053261667212155,652,175,0,0
23.060061107278976,1696,99,0,0
23.060461279787376,239,231,0,0
23.127585510651475,284,106,0,0
23.18261531882641,636,397,0,0
23.188097969095406,100,60,0,0
23.188600421542823,1888,328,0,0
23.35962474249987,1879,86,0,0
23.365188169872397,1325,270,0,0
23.372212375338837,1917,307,0,0
28.718418257826436,91,22,0,0
29.990991942691263,728,195,0,0
30.112541945202967,585,462,0,0
30.119799262271215,650,265,0,0
30.18593933494874,1696,230,0,0
30.186127565581852,723,246,0,0
30.208457266266798,475,766,0,0
30.21240529221829,1303,256,0,0
30.21378468304406,1291,15,0,0
30.214545961050906,1731,276,0,0
30.26612603603471,885,572,0,0
30.28769926195435,1328,522,0,0
30.312535395396985,42,282,0,0
30.409816460690337,12,53,0,0
30.4131388517457,194,145,0,0
30.414663377452122,428,89,0,0
30.415180291581976,768,279,0,0
30.4244102921549,1097,711,0,0
30.506940524224653,890,314,0,0
30.520323791393132,1264,624,0,0
30.58537069731044,864,518,0,0
30.58707089550828,13,174,0,0
30.594132057278788,302,46,0,0
30.59803206641471,1066,379,0,0
30.599518079330593,1463,81,0,0
31.34333827486868,33,371,0,0
31.442537857107077,875,444,0,0
31.44647026193361,245,162,0,0
31.45036964300953,977,139,0,0
31.466463836446177,1382,329,0,0
31.467472619243495,97,308,0,0
31.510615032961564,171,168,0,0
31.511970809943122,302,182,0,0
31.52057273746587,947,309,0,0
31.522896544979698,71,88,0,0
31.529807830643914,886,344,0,0
31.531067107833515,710,382,0,0
31.531843737396187,464,37,0,0
31.534456924275347,68,319,0,0
31.53908820082655,1426,128,0,0
31.549093085079367,1461,136,0,0
31.56980728647335,1807,418,0,0
31.952275090839674,1499,265,0,0
32.043868188845856,1738,201,0,0
32.05474957737085,5140,288,1,0
32.13181763739877,199,52,0,0
32.13636732116836,672,212,0,0
32.46332640320255,584,268,0,0
32.5174790138302,1830,3270,0,1
32.518677637059355,415,90,0,0
32.60042416239931,42,122,0,0
32.69272349988766,18,608,0,0
32.69280738238331,856,191,0,0
32.696849070073895,9,179,0,0
32.70384415129391,453,767,0,0
32.70422544998489,770,403,0,0
32.70636051537482,1307,306,0,0
32.70906831370946,299,103,0,0
32.75881997566417,1285,308,0,0
32.79173004316086,1509,769,0,0
36.23852443284853,289,258,0,0
36.24672606725008,325,268,0,0
36.42787404359507,494,348,0,0
36.44900090343654,906,165,0,0
36.48002312636698,1644,470,0,0
36.48179775756197,7,39,0,0
36.48219272683874,1703,357,0,0
36.486083297345864,730,490,0,0
36.56894636034038,417,5860,0,1
36.99666409625433,910,287,0,0
37.05705475039333,459,36,0,0
37.105936987352806,730,36,0,0
37.10930835519697,844,434,0,0
37.49747702031205,1448,98,0,0
37.762671886334225,619,307,0,0
37.76891317878279,555,212,0,0
37.785359649696126,1047,118,0,0
37.78782109429157,5,58,0,0
38.12725051353924,1037,330,0,0
38.16792335551906,265,580,0,0
38.182843658776264,313,348,0,0
38.22356092602838,400,94,0,0
38.26711907655849,1632,332,0,0
38.275042781179444,550,191,0,0
38.276549179957144,13,46,0,0
38.277933711049734,293,187,0,0
38.27849144079144,210,332,0,0
38.32388445855354,234,195,0,0
39.849168511170866,77,358,0,0
39.84977184396516,695,348,0,0
39.873565694730495,614,157,0,0
39.91461689783141,245,25,0,0
39.91713524022285,394,292,0,0
39.94429411473262,231,235,0,0
39.94630581136273,49,168,0,0
40.14537580633627,988,305,0,0
40.150873640057675,1437,413,0,0
40.172938207206215,4850,388,1,0
40.243842815493736,1270,70,0,0
40.25148140922811,1794,328,0,0
40.25198318125746,403,168,0,0
40.2582191936632,155,34,0,0
40.341219375096095,8052,140,1,0
40.35645729335667,1117,162,0,0
40.38502939076093,794,628,0,0
40.38710872682882,764,242,0,0
40.41113860740777,1377,239,0,0
40.48855404697206,1082,163,0,0
40.50796326869015,270,442,0,0
41.32761656304031,499,362,0,0
41.33952521393467,1650,112,0,0
41.341773463147675,1108,792,0,0
41.34248348024659,750,189,1,0
41.523188150178065,402,161,0,0
41.53922382266322,1457,94,0,0
41.67569259551886,1634,58,0,0
41.72076139033079,1209,270,0,0
42.18621891207705,848,770,0,0
42.41324546502105,1165,767,0,0
42.421725742188436,1376,246,0,0
42.4529321065596,1691,155,0,0
42.611090377077375,6,52,0,0
42.61261340737992,1033,560,0,0
42.94114868052773,1434,4390,0,1
43.14488751348847,1692,130,0,1
43.27374460661391,822,202,0,0
43.285817804398505,1290,279,0,0
43.318838494505016,808,365,0,0
43.32077014299191,823,218,0,0
43.34103241441293,283,219,0,0
43.34660630453097,191,46,0,0
43.36806178664485,945,248,0,0
43.3747717918911,869,375,0,0
43.40660338473548,17,1320,0,1
43.59745888738647,1466,80,0,0
43.59877363654125,1606,742,0,0
43.71362444972262,335,158,0,0
43.71396040646152,798,198,0,0
43.71419990344851,874,309,0,0
43.728412304623184,546,21,0,0
43.74670151011032,172,16,0,0
43.790449863081925,785,178,0,0
43.791118898497686,871,99,0,0
43.807125079702715,134,162,0,0
43.830365700704995,122,100,0,0
44.05249557380498,570,161,0,0
44.06715631255519,82,271,0,0
44.119135102779964,634,650,0,0
44.12168997230999,1891,329,0,0
44.13409054914944,810,397,0,0
44.14149278144412,685,551,0,0
44.215152862819764,1447,599,0,0
44.21765017169893,1302,353,0,0
44.2210516405188,412,247,0,0
44.27815303827949,1058,767,0,0
44.924751562391556,954,195,0,0
44.963545303403784,799,768,0,0
44.996659856134414,774,668,0,0
45.005689992523074,910,448,0,0
45.164817006955374,1009,30,0,0
45.217944054671875,1785,58,0,0
45.79574978019572,630,125,0,0
45.830712252946014,605,348,0,0
45.83341832571982,1708,72,0,0
45.839190040681736,187,16,0,0
45.841694425573685,236,168,0,0
45.84317319529488,1083,440,0,0
46.06911717960217,7,187,0,0
46.15981434232519,1534,245,0,0
46.161329566664605,1302,377,0,0
46.79751725307266,1110,46,0,0
46.82694605083836,215,284,0,0
46.82960802571257,1794,334,0,0
46.868675729724124,332,323,0,0
46.884388342443074,505,74,0,0
46.88823630095156,371,57,0,0
46.88860675853464,1537,399,0,0
46.90802653723385,498,264,0,0
46.9403839764312,156,33,0,0
46.940487775061634,794,354,0,0
46.995231728152405,1064,148,0,0
47.057292797453364,329,21,0,0
47.06434444330449,1527,194,0,0
47.08692520673684,11,288,0,0
47.09721894663783,307,514,0,0
47.10060155503371,8147,45,1,0
47.10938388985667,30,326,0,0
47.378746894028424,275,204,0,0
47.379738547142324,340,54,0,0
47.40873683590204,1388,63,0,0
47.43481472435799,1576,321,0,0
47.439197103019346,8,174,0,0
47.44667666212546,340,426,0,0
47.447773054851204,639,222,0,0
47.45105661379956,1549,176,0,0
47.4696490700109,1211,5230,0,1
47.504333263537326,1791,280,0,0
47.507325732102224,265,585,0,0
55.65540214641155,434,249,0,0
55.661169210681,230,563,0,0
55.68444729350654,1208,157,0,0
55.695825412177854,607,284,0,0
55.70393699233017,1740,5060,0,1
55.94740610920001,208,251,0,0
55.954331742484534,1390,301,0,0
56.214578406276786,6940,28,1,0
56.3916377272791,904,175,0,0
56.3938666579111,1861,116,0,0
56.537008958773285,986,270,0,0
56.54192299717112,1340,281,0,0
60.83934122902014,479,16,0,0
60.84768229917329,1891,480,0,0
60.85043064658552,714,268,0,0
60.85082547646852,416,436,0,0
60.8521844938631,27,199,0,0
60.857833922615114,32,482,0,0
60.86028565936868,1101,112,0,0
60.861831361816996,393,379,0,0
60.866322799280276,250,78,0,0
60.87826115958763,1188,190,0,0
61.205780467149374,141,288,0,0
61.2063787225534,516,4960,0,1
61.21236560167421,978,18,0,0
61.215043587750706,137,89,0,0
61.21591517149173,1289,103,0,0
61.217349330966016,1090,89,0,0
61.22029808458238,276,258,0,0
61.29601027103054,823,673,0,0
61.30825445574638,710,198,0,0
61.31440710051729,1342,626,0,0
61.37568600498198,1058,148,0,0
61.40732502734441,256,443,0,0
61.41886935922313,1177,104,0,0
61.457786077924574,260,683,0,0
61.46122841384564,626,587,0,0
61.52451130067413,485,198,0,0
61.570422182002346,1036,159,0,0
61.57833309903355,605,30,0,0
61.579907539458546,1768,723,0,0
61.957185034922205,1469,50,0,0
61.978970745684876,602,639,0,0
70.0447228310326,8076,116,1,0
70.04960717078096,820,770,0,0
70.14894617531169,9,150,0,0
70.15651784746967,4922,3270,1,1
70.18648759223287,213,329,0,0
70.28203616014447,72,72,0,0
70.2856843701416,86,9,0,0
70.3004554518204,1440,277,0,0
70.32535215631843,1896,499,0,0
70.34799428938219,562,180,0,0
70.40748108204387,1512,152,0,0
70.54780852891307,1751,46,0,0
70.64340242180657,252,221,0,0
70.67393753795892,329,768,0,0
70.68294547753514,150,748,1,0
70.68482964317904,363,65,0,0
70.68897444651073,781,424,0,0
70.6952443106379,476,178,0,0
70.76593263282128,1126,422,0,0
70.77465274324425,1294,130,0,0
70.77615681318046,1394,72,0,0
70.83930894233076,1681,518,0,0
70.84292849651175,476,68,0,0
70.84682934874517,652,451,0,0
70.85830594020524,1828,187,0,0
70.9047945787654,11,149,0,0
70.90493921770037,91,134,0,0
70.90685465180728,659,522,0,0
70.93249149635679,880,232,0,0
70.94120200563471,1200,505,0,0
70.94440396597304,892,26,0,0
70.9505140864458,1140,5090,0,1
71.23862925413236,8,175,0,0
71.24588211300092,794,606,0,0
71.32093418646257,810,228,0,0
71.40886852848634,1043,177,0,0
71.41620171560173,436,156,0,0
71.4600059458249,1120,659,0,0
71.46733888948712,41,340,0,0
71.47266178401932,294,158,0,0
71.47455990328689,665,52,0,0
71.57839092239855,246,318,0,0
71.58652883393007,1337,50,0,0
71.59250971232112,80,71,0,0
71.59440233290263,1706,207,0,0
72.26659310289801,42,23,0,0
72.34614928638041,8054,138,1,0
72.35998486326385,968,200,0,0
72.3644817418718,638,27,0,0
72.36532815497831,250,291,0,0
72.39767380681846,435,45,0,0
72.42980077737639,1343,76,0,0
72.43087979485665,1113,213,0,0
72.615067058895,5,208,0,0
72.70024691666426,767,657,0,0
72.70288144659462,1578,711,0,0
72.70881996204932,329,185,0,0
72.71649682508921,504,298,0,0
72.74138045563663,7,350,0,0
72.75486728231783,905,20,0,0
72.7555477153139,374,235,0,0
73.09968725416522,699,35,0,0
73.13365709504647,514,249,0,0
73.35827460589981,12,281,0,0
73.58023455411953,1764,257,0,0
73.59214065115839,83,3010,0,1
73.62789874088935,1507,83,0,0
73.70664111860964,1196,529,0,0
73.79074722011428,1456,236,0,0
73.80374807009221,1242,27,0,0
73.80898890759967,529,210,0,0
73.82835309592778,7,487,0,0
73.83198503514096,67,139,0,0
73.83792073120593,526,396,0,0
73.83823187303646,552,283,0,0
73.85956236509139,1776,578,0,0
73.8618765778687,511,153,0,0
73.8678133933852,412,99,0,0
73.88405297514844,1278,223,0,0
73.91785506057893,13,215,0,0
74.70719405271177,251,335,0,0
74.73435132822692,307,235,0,0
74.73541989934655,725,168,0,0
74.75885758562606,1153,328,0,0
74.76433920504523,1028,510,0,0
74.80444910623223,887,373,0,0
74.80902955374455,1297,316,0,0
74.81340513202093,648,305,0,0
74.81989553562768,923,767,0,0
74.82503900028806,1522,224,0,0
74.82550820800007,1885,291,0,0
74.83024949613112,7904,288,1,0
74.84779556746587,1276,515,0,0
75.04690005824774,8037,155,1,0
75.05693924612278,889,457,0,0
75.06551867673087,231,259,0,0
75.12306148056416,545,234,0,0
75.17613389506984,1612,232,0,0
75.6183960499715,1134,101,0,0
75.67654892732322,275,162,0,0
75.69390516020815,753,261,0,0
75.95621076145319,1581,2920,0,1
76.34066167175395,1169,264,0,0
76.34763501963704,172,68,0,0
76.37239260742662,190,119,1,0
76.37301859237374,1817,352,0,0
76.38172968574192,346,405,0,0
76.38481097820234,1679,62,0,0
76.39657101800054,555,298,0,0
76.40345765705236,9,74,0,0
76.41640321260618,1077,170,0,0
76.43108757575737,1310,156,0,0
76.47950154973068,840,139,0,0
76.50813939833364,1364,383,0,0
76.514005812766,288,38,0,0
76.51537542300663,1628,247,0,0
76.72864474514542,265,62,0,0
77.03583187313848,1052,109,0,0
77.04310337091229,146,160,0,0
77.09856441668063,836,115,0,0
77.09941710809801,1862,118,0,0
77.10021038918244,1053,239,0,0
77.11072833809081,1631,334,0,0
77.45320915988954,680,360,0,0
77.45543414288235,654,42,0,0
77.45883696006875,2110,125,1,0
77.90829466958758,5,27,0,0
77.90870366817907,564,234,0,0
77.9744166666982,545,294,0,0
78.02228624016004,298,2750,0,1
78.0342312153677,610,304,0,0
78.0605452438486,710,604,0,0
81.47692101704246,805,137,0,0
81.47881591664576,1193,267,0,0
81.48844677028873,877,184,0,0
81.49965451951722,328,489,0,0
81.50419707651434,672,769,0,0
81.50542962811032,13,373,0,0
81.94221974264863,353,5040,0,1
81.97024321357252,101,222,0,0
81.97077947579486,1409,566,0,0
81.97520435850385,44,210,0,0
82.01579971355383,625,471,0,0
82.05623458295132,1703,384,0,0
82.05724685566756,706,275,0,0
82.0722761089856,1204,241,0,0
82.10268137222725,296,225,0,0
82.14224839288292,1536,687,0,0
82.18197620293668,1243,250,0,0
82.18244707154611,671,354,0,0
82.90791573774001,508,380,0,0
82.9354414201772,74,148,0,0
83.60380459646692,1690,117,0,0
89.13993047595103,1261,316,0,0
89.15301902223263,835,13,0,0
89.15454911269657,1324,16,0,0
89.25615620370368,59,476,0,0
89.26872459634527,1328,233,0,0
89.27604036893266,1522,300,0,0
89.2783251711869,42,400,0,0
89.80596894998882,2077,130,0,0
89.81341365718747,15,84,0,0
89.81451186841522,837,366,0,0
89.82188401913469,1459,710,0,0
89.82366708553005,437,424,0,0
89.84841300461339,298,434,0,0
89.85621299978172,1794,307,0,0
89.85839012179038,308,180,0,0
89.91851264757459,1143,350,0,0
89.92349540996193,571,168,0,0
90.00023169919302,1128,176,0,0
90.22494362815452,972,278,0,0
90.23369269202487,230,12,1,0
90.23864485038216,1247,303,0,0
90.26552651362404,697,277,0,0
90.37283967921474,1154,295,0,0
90.39078386472772,355,307,0,0
90.41465724300934,147,170,0,0
90.43175710977422,7978,214,1,0
90.46538250196123,1359,386,0,0
90.52883796460651,14,139,0,0
90.53323410252911,804,406,0,0
90.5401083665491,951,767,0,0
90.55979677607837,955,295,0,0
90.56456220708093,1061,483,0,0
90.58825339493667,1347,106,0,0
90.64098159876204,477,260,0,0
90.65825915863931,619,81,0,0
90.66365567116178,435,4440,0,1
90.66746879061722,17,345,0,0
91.2664936708399,295,300,0,0
91.37106442749786,651,181,0,0
91.37298574138035,1270,209,0,0
91.37634190557941,77,124,0,0
92.14185144675155,553,109,0,0
92.51257167245129,19,512,0,0
92.5358891898337,1380,304,0,0
92.71871796464413,342,15,0,0
92.7196400565886,1886,608,0,0
92.73773217087742,496,266,0,0
92.81712996799989,16,348,0,0
92.81756729134193,1508,23,0,0
92.8213364951902,801,364,0,0
92.90769972075066,1727,1910,0,1
93.08118834414364,1169,635,0,0
93.08669654091754,4,144,0,0
93.11891279583887,842,396,0,0
93.56222637215508,13,277,0,0
93.57063271134311,1813,234,0,0
93.57188644265148,1599,92,0,0
93.58784566787355,753,326,0,0
93.59606539469752,1218,614,0,0
93.83952445804374,191,464,0,0
93.86438006547681,1584,365,0,0
93.86800799852219,957,171,0,0
96.06301693571872,1780,216,0,0
96.06965365829926,266,236,0,0
96.11607428282204,1034,65,0,0
96.18585204352568,1443,606,0,0
96.27246907224918,192,294,0,0
96.29796921509954,1578,368,0,0
96.35630407975044,691,254,0,0
96.37205735032775,1045,3210,0,1
96.3731133504562,681,235,0,0
96.38473919990801,1281,413,0,0
96.3968734026411,1540,288,0,0
96.40952029781276,185,217,0,0
96.43320988816333,29,45,0,0
96.43838285556446,1255,48,0,0
96.69289975435093,260,702,0,0
97.1070720491738,6,127,0,0
97.10729342997581,838,365,0,0
97.12567786353364,340,426,0,0
97.1300343383177,40,239,0,0
97.13013264773302,1461,184,0,0
97.17111428364349,471,379,0,0
97.17634868789241,1081,138,0,0
97.18485988893131,1798,211,0,0
97.18976214908078,1818,2000,0,1
97.3484379684737,298,215,0,0
97.56361227763156,1692,171,0,0
97.59500082273728,784,361,0,0
97.66717411105792,1700,330,0,0
97.6815851664976,22,114,0,0
97.7054682579539,251,3880,0,1
97.70956145773552,5,197,0,0
97.72889686256754,1518,274,0,0
97.73322661891659,1468,301,0,0
97.77127675793173,1777,278,0,0
97.86567426532494,982,3230,0,1
97.89928810164221,534,318,0,0
98.09198345466025,832,257,0,0
102.0100077863753,4780,148,1,0
102.01027484952948,1839,78,0,0
102.02882022203073,505,187,0,0
102.03460651116788,1128,584,0,0
102.04184535351486,81,25,0,0
102.04303839039561,750,325,0,0
102.06308224773704,14,323,0,0
102.07384731995255,9,523,0,0
102.07893748817119,396,210,0,0
102.08978794309066,864,360,0,0
102.09530235346377,1131,357,0,0
102.09546881490216,986,407,0,0
102.2511282000449,1673,2200,0,1
102.26096280150544,1002,769,0,0
102.26366368128438,874,106,0,0
102.29696764505685,722,3110,0,1
102.30176457199902,952,4940,0,1
102.30199793904303,1809,304,0,0
102.40833958612173,1681,471,0,0
102.40897051253852,269,164,0,0
102.42062904231999,611,162,0,0
102.44357552698602,889,141,0,0
102.71189782192958,1241,126,0,0
102.90689275995905,141,164,0,0
102.93202994957308,659,95,0,0
102.93594986121278,1078,769,0,0
102.94380413597744,1678,295,0,0
103.10270105007038,831,747,0,0
103.74544790747252,1557,357,0,0
103.79898793507994,492,172,0,0
103.80395665985462,16,219,0,0
103.94535718307432,273,250,0,0
103.95387680623949,285,280,0,0
103.96185852355816,533,420,0,0
103.9721871049469,1372,312,0,0
104.03092882606887,432,475,0,0
104.06222206294859,768,767,0,0
104.19364952730669,784,410,0,0
104.43485251196394,507,689,0,0
104.48521987641706,1029,218,0,0
104.48538992437915,640,464,0,0
104.48599624715183,1483,366,0,0
104.51077604940069,216,117,0,0
104.52663029406729,1246,277,0,0
105.88120721749945,903,483,0,0
105.89819380629315,414,251,0,0
105.91149205556367,651,487,0,0
106.0306712809081,321,188,0,0
106.18234310078988,63,36,0,0
106.19361183452978,33,354,0,0
106.24010272803376,1021,329,0,0
106.24197239236237,717,121,0,0
106.2447085338404,75,507,0,0
106.45722055325707,1490,681,0,0
106.45830230427195,1131,269,0,0
106.57244821075571,576,223,0,0
106.642457576247,604,53,0,0
106.72658753548507,1634,581,0,0
106.83858937298794,641,96,0,0
106.8943226999357,1641,314,0,0
106.89457175895292,525,168,0,0
106.89699254725231,1231,113,0,0
106.90241326901209,499,509,0,0
107.01486153119697,672,112,0,0
107.01675278822765,8141,51,1,0
107.02115920649715,931,376,0,0
107.02989324772437,13,269,0,0
107.28095922570324,1346,345,0,0
107.28197003034865,1425,137,0,0
107.28317324053965,379,182,0,0
107.34642826994774,2137,117,0,0
107.34668539222811,1779,480,0,0
107.38173653171896,1013,639,0,0
107.38901390812994,340,153,1,0
107.38978415009511,2240,54,1,0
107.397570011639,1762,258,0,0
107.40000168178275,174,103,0,0
107.42524147303891,8,553,0,0
107.46259758018337,1479,111,0,0
107.81712136159018,32,280,0,0
107.83471050370602,1745,144,0,0
107.85677476720102,100,52,1,0
107.86246203908283,1668,770,0,0
107.87967361227999,7815,377,1,0
108.0269126224895,686,377,0,0
108.0272960597912,328,82,0,0
108.09472740764457,1541,435,0,0
108.10091470504666,8154,38,1,0
108.12183317959237,937,11,0,0
108.15640164625911,201,645,0,0
108.25529485812744,359,250,0,0
108.28436346352196,1229,116,0,0
108.29259384139401,616,176,0,0
108.32625151083825,1515,149,0,0
108.34472983808742,44,312,0,0
108.3567171956784,445,426,0,0
108.3839153094085,1270,89,0,0
108.48746102720942,936,306,0,0
108.51125699983552,841,110,0,0
108.53588270361216,40,260,0,0
108.53725684824921,385,581,0,0
108.5512536630002,758,296,0,0
108.55169269509022,781,84,0,0
108.62785552512088,616,121,0,0
108.63061308127803,1676,607,0,0
108.8713285001785,587,123,0,0
116.05615397244924,29,315,0,0
116.06430426474941,608,540,0,0
116.32208583335553,1407,136,0,0
116.36253516689554,968,426,0,0
116.36845837179463,256,65,0,0
116.37181262672037,1230,394,0,0
116.42733220046618,562,485,0,0
116.72101373024186,46,148,0,0
116.75762159810796,1759,304,0,0
116.75849886508695,491,192,0,0
116.76074302926057,136,2830,0,1
116.77218060052009,112,248,0,0
117.04455696764366,424,237,0,0
117.076363856649,558,272,0,0
117.11108594993814,1161,342,0,0
117.31421871033196,1572,254,0,0
117.32620377601351,380,37,1,0
117.3413026511231,4,425,0,0
117.35384511547878,1557,160,0,0
117.3543603830741,1768,10,0,0
117.40024867046283,14,36,0,0
117.4412879582942,1128,380,0,1
117.56823082018803,1749,10,0,0
117.56990453546149,1205,438,0,0
117.57343392807707,482,215,0,0
117.69038916509895,1381,490,0,0
117.72482079098904,31,407,0,0
118.00710196336513,469,1950,0,1
118.0103136228697,21,411,0,0
118.03727642637898,94,14,0,0
118.04194501796105,241,326,0,0
118.07547228065515,5,356,0,0
118.08231210922683,311,16,0,0
118.13502112247838,484,478,0,0
118.29191658787937,639,297,0,0
118.36156035714977,660,129,0,0
118.36204531469467,445,346,0,0
118.4803968768168,90,262,0,0
118.52456205174495,775,275,0,0
118.5268028022775,48,46,0,0
118.52987170466264,1312,766,0,0
118.54821869794169,1090,204,0,0
118.60503998489327,287,146,0,0
118.61236613712941,1666,327,0,0
118.61306929694342,753,120,0,0
118.64475958972076,1474,106,0,0
118.67010175282215,669,26,0,0
121.05072578293792,1146,669,0,0
121.05209704774458,321,188,0,0
123.86044977274061,10,90,0,0
124.45171042317662,1589,93,0,0
124.4847960149023,917,542,0,0
124.98290579332208,802,112,0,0
125.00479454842932,1197,26,0,0
125.13234687260737,1167,722,0,0
125.13650606365506,359,628,0,0
125.15766893195737,454,1780,0,1
125.1600407615828,1680,264,0,0
125.16081328754842,499,68,0,0
125.17129394236322,821,362,0,0
125.17612499587202,7702,490,1,0
125.23286485029163,1897,209,0,0
125.46203393100865,10,583,0,0
125.47489939222284,22,140,0,1
125.49520133834248,134,158,0,0
125.52147826083504,7827,365,1,0
125.52210760050355,12,100,0,0
125.55301557991922,682,428,0,0
125.57147460261882,1527,346,0,0
125.58792264370693,1534,169,0,0
125.58992055508199,56,410,0,0
125.59026325234713,614,2970,0,1
125.6012022216463,1270,218,0,0
125.63516162388542,102,215,0,0
125.89882635238033,1020,191,0,0
126.07215755539828,1251,477,0,0
126.40361110582374,1134,302,0,0
126.44142794571249,7697,495,1,0
126.62364292894681,78,486,0,0
126.63559411382532,653,277,0,0
126.69901029396685,29,5220,0,1
126.81534615568238,632,421,0,0
130.72616436585935,22,255,0,0
130.75547976743712,344,386,0,0
130.75689559323064,1416,277,0,0
131.04070933577404,854,547,0,0
131.04441645171255,23,370,0,0
131.06039900747305,2820,149,1,0
131.0704174016088,391,107,0,0
131.07335425609097,463,74,0,0
131.33380073359533,7808,384,1,0
131.3932411517445,445,417,0,0
131.39854695615765,376,259,0,0
131.4192758727351,898,175,0,0
131.42686245363862,652,494,0,0
131.48862168567948,46,19,0,0
131.4970849764376,163,265,0,0
131.50098321720918,545,93,0,0
131.50595728144214,1195,156,0,0
131.51348916346862,1908,292,0,0
131.54567693630588,921,263,0,0
131.5485492045053,505,27,0,0
131.56364042103502,230,16,1,0
131.607457090533,1493,304,0,0
133.54156717519467,262,285,0,0
133.64158447894408,904,122,0,0
133.6416306834548,935,200,0,0
133.64812352483943,1161,250,0,0
133.6562815471589,332,167,0,0
133.690529367423,882,552,0,0
134.1069200998032,104,137,0,0
134.1865192081903,317,243,0,0
134.18669953802998,676,295,0,0
134.22004117967646,14,304,0,0
134.2424393351767,1482,298,0,0
134.28365489724416,932,402,0,0
134.55696037768286,14,405,0,0
134.5589967077974,6490,246,1,0
134.72285345429685,1033,462,0,0
134.72351387683904,1305,564,0,0
134.743489189256,1362,250,0,0
134.78211986804854,1564,682,0,0
136.5226007500992,15,328,0,0
136.52702982290342,5,181,0,0
136.5276393826821,352,289,0,0
136.59895412814777,806,745,0,0
136.60376265321534,4,9,0,0
137.0155485579444,1170,335,0,0
137.0199272011733,6,379,0,0
137.02304869425785,145,151,0,0
137.24047254834315,372,287,0,0
137.2618794637918,739,227,0,0
137.3954220014617,626,769,0,0
137.39645495493227,632,3420,0,1
137.8867610188057,453,104,0,0
137.89231792579756,785,2600,0,1
137.98523767326873,1444,99,0,0
137.9876557513616,1796,172,0,0
137.9884675313323,1452,141,0,0
137.99926384748764,522,234,0,0
138.02484297692428,1801,11,0,0
138.44732568035,393,411,0,0
138.48366672948288,346,308,0,0
138.55914793562783,702,3650,0,1
138.62655077054316,1821,294,0,0
147.70048672582377,1863,95,0,0
147.7040000604337,303,276,0,0
147.926108695798,889,54,0,0
147.93949645480836,545,249,0,0
147.96989552933843,1450,366,0,0
147.97594123048873,1513,222,0,0
148.1604445260363,1352,239,0,0
148.16191139375832,463,242,0,0
148.16319323335472,6230,175,1,0
148.17510108294925,41,601,0,0
148.17688136523802,3780,405,1,0
148.25053753936623,613,326,0,0
148.3645882280884,1934,244,0,0
148.36859049010505,37,420,0,0
148.4551233481,337,165,0,0
148.45992405523936,432,413,0,0
148.47644103259597,17,11,0,0
148.4947314114053,7977,215,1,0
149.2642453124364,1077,77,0,0
149.28227458936303,129,32,0,0
149.28518684810783,836,161,0,0
149.2880667553637,115,192,0,0
149.48697549881632,400,304,0,0
149.48761621220007,566,249,0,0
149.49466154143158,509,768,0,0
149.50309684770247,936,370,0,1
149.5032310812659,11,82,0,0
149.5102902825381,7765,427,1,0
149.64420000399215,449,133,0,0
149.67280258659602,1437,300,0,0
149.67578079638625,7,123,0,0
149.74754504557535,227,105,0,0
149.79824580020033,8073,119,1,0
150.83292986852896,426,329,0,0
150.83701836320853,1659,525,0,0
150.8453113643197,1392,409,0,0
150.86490125792483,1561,174,0,0
150.87857500584047,1251,548,0,0
150.900022447013,982,769,0,0
150.914578036311,59,244,0,0
150.91907355973922,6130,448,1,0
150.91980264099433,2380,2040,1,1
150.92567905171583,9,2520,0,1
150.92679278236633,165,150,0,0
150.92899358206222,102,518,0,0
150.93502184671402,557,141,0,0
150.9843454033864,911,26,0,0
151.08267791377114,1273,769,0,0
151.08491232648157,1601,324,0,0
151.11762094673475,499,440,0,0
151.2055695147294,203,311,0,0
151.221648030025,33,82,0,0
151.2223066607652,522,175,0,0
151.22254117582352,1454,222,0,0
151.30786778364433,219,120,0,0
151.41648625016254,533,193,0,0
151.44667626367513,1700,40,0,0
151.4487810834887,947,362,0,0
151.76474889218622,1135,176,0,0
151.96037284973892,7893,299,1,0
151.9760955590793,317,356,0,0
151.98711279591313,7694,498,1,0
151.9874554343221,87,302,0,0
152.06463749695897,4,152,0,0
152.06531780774577,1663,412,0,0
152.13221288141966,1693,173,0,0
152.2059155341214,1557,206,0,0
152.22658552723564,1876,259,0,0
152.63011201733224,75,104,0,0
152.63910376837703,87,332,0,0
152.69485137521661,1457,115,0,0
152.77924584449966,1381,371,0,0
152.80744617139388,529,211,0,0
152.8148706438581,831,368,0,0
153.01580131361956,1484,170,0,0
153.05576438986375,922,258,0,0
153.06743742190983,580,207,0,0
153.07975205539452,399,462,0,0
153.10202259346946,1655,767,0,0
154.74583598305915,571,99,0,0
154.76706625264202,118,354,0,0
154.77770643677252,1452,571,0,0
154.77974740068572,1243,158,0,0
154.78124446600492,429,314,0,0
154.78163024875604,734,768,0,0
154.8090561586886,828,37,0,0
154.82721127013508,14,213,0,0
154.82940238918823,1867,398,0,0
154.83027781408921,491,494,0,0
154.83918694078451,170,96,0,0
154.84517880172072,768,522,0,0
154.84635927119507,1691,2920,0,1
154.87757501769752,574,287,0,0
154.9002702412349,400,150,0,0
154.91567781280733,429,3870,0,1
154.9954310502192,207,107,0,0
155.00004748653365,1599,40,0,0
155.258414367855,53,353,0,0
155.2606502218244,564,256,0,0
155.30823281274846,7968,224,1,0
155.36880198236793,35,139,0,0
155.3788946178586,781,693,0,0
155.41318528206685,132,79,0,0
155.4144863188072,1436,249,0,0
155.4153252134308,1177,508,0,0
155.42666057614488,410,26,0,0
155.4305962427857,692,7500,0,1
155.4859351479896,647,9,0,0
155.50393341834553,64,256,0,0
155.56213183802973,1259,248,0,0
155.59419532488178,318,32,0,0
155.61966508922495,825,157,0,0
155.64007135925007,1831,323,0,0
155.64810586390567,7898,294,1,0
155.6547900536131,747,257,0,0
156.64645451691385,474,770,0,0
156.6469543053763,1580,23,0,0
156.65859884194936,407,2620,0,1
156.78453101934318,1621,233,0,0
156.82363982031987,1744,263,0,0
157.10657259838578,638,43,0,0
157.1572524595663,497,132,0,0
157.1586021880991,627,294,0,0
157.16732826454748,750,354,0,0
157.1683437547137,414,260,0,0
157.28917807613328,192,292,0,0
157.59100068583552,1519,3910,0,1
157.59795132058778,970,188,0,0
157.64766003697903,1582,76,0,0
157.65502356887032,13,496,0,0
157.65596443198783,588,84,0,0
157.66279288764528,24,379,0,0
157.66349594048052,8054,138,1,0
157.66883136082632,270,199,0,0
157.69419666869436,225,380,0,0
157.7651556350552,8183,9,1,0
157.98645657941202,782,56,0,0
157.99496224070754,8,25,0,0
158.02146932903798,7752,440,1,0
158.05984420654974,757,298,0,0
158.1100113876048,993,37,0,0
158.11006642764124,1647,369,0,0
158.11353850631426,1274,358,0,0
158.19436180283458,1780,111,0,0
158.1961106273373,1846,4490,0,1
158.2230017739448,1054,115,0,0
158.30975746028315,706,326,0,0
158.31012553840975,1799,251,0,0
158.32127088189588,590,17,0,0
158.3474591065695,1814,526,0,0
158.36408935052114,12,307,0,0
158.36485086557838,427,297,0,0
158.39730566758752,545,287,0,0
158.40257762337052,737,377,0,0
158.48634559607297,529,136,0,0
158.52449112956077,1572,703,0,0
158.52984854409934,1883,188,0,0
158.55266907909584,1797,319,0,0
158.55669239337084,1127,362,0,0
158.56062709686535,960,1670,0,1
158.56130248653537,1667,404,0,0
158.57114799495878,15,495,0,0
158.6501758494043,1676,558,0,0
158.66992794067548,1046,33,0,0
158.6848764502099,818,95,0,0
158.68927597166837,783,305,0,0
158.69467060181753,1075,279,0,0
158.7625743385123,7784,408,1,0
158.76334368370752,654,31,0,0
159.70608186427853,582,503,0,0
159.71943500762706,1634,19,0,0
160.88571573336515,981,22,0,0
161.04370679691505,12,250,0,1
161.0502155097457,986,220,0,0
161.1152141349539,338,493,0,0
161.14010874210052,289,378,0,0
161.17752060568552,520,286,0,0
161.24985981508445,728,609,0,0
161.2547863615774,231,170,0,0
161.25904387831298,998,228,0,0
161.26537181545623,1294,185,0,0
161.26631781396247,1608,313,0,0
161.2749070049992,1151,254,0,0
161.29781313632597,37,212,0,0
161.32161971664934,708,364,0,0
161.34278971032205,657,322,0,0
161.34929216758664,307,128,0,0
161.41837478040458,713,118,0,0
161.4186099599896,857,750,0,1
161.42501493871936,397,16,0,0
161.43232551644064,390,186,1,0
161.51670568004963,1061,227,0,0
161.56953955650755,1678,24,0,0
161.63861980334613,583,418,0,0
161.6528859564877,876,626,0,0
161.74497032818502,1093,513,0,0
161.7468151657654,657,351,0,0
161.76256266102183,110,333,1,0
161.7627613479828,408,234,0,0
162.17915031503918,1159,204,0,0
162.50462332713752,245,152,0,0
162.50868587341898,636,158,0,0
162.51114391434376,994,356,0,0
162.5113454002585,1078,456,0,0
162.5119697877845,1027,768,0,0
162.52900776363325,885,561,0,0
162.5387520985088,93,340,0,0
162.53944986494787,680,302,0,0
162.54436276004503,888,68,0,0
162.54789477220953,7,91,0,0
162.5820688581994,1244,2010,0,1
162.6374093667425,778,64,0,0
162.646046195409,166,164,0,0
162.66293210511404,655,44,0,0
162.67621635608822,361,379,0,0
162.67642221174663,505,570,0,0
162.6956733949695,1453,322,0,0
162.70749904311756,1197,299,0,0
162.76790030981599,19,461,0,0
162.76824288652114,9,477,0,0
162.8304906815617,598,213,0,0
162.83425418072574,6890,150,1,0
162.8573074247903,166,767,0,0
163.00985688711265,1483,644,0,0
163.01056420143655,462,51,0,0
163.01154720794634,390,144,0,0
163.11068893289945,975,256,0,0
163.11207458229455,1444,303,0,0
163.11406777436937,1035,2190,0,1
163.15940007065367,832,39,0,0
163.16845358297903,444,110,0,0
163.23299642699092,648,582,0,0
163.25781342841896,178,767,0,0
163.2707596391559,821,403,0,0
163.36858915121192,1306,603,0,0
164.45616586667427,1483,281,0,0
164.46736512236478,1281,308,0,0
164.7313370276893,280,346,0,0
164.86349097048583,729,636,0,0
164.88056191532,855,300,0,0
164.91475223963977,573,319,0,0
164.91685349215166,785,314,0,0
164.92084840626487,202,4210,0,1
164.94474381124718,140,125,0,0
164.95723102036828,492,526,0,0
165.14257154252763,1299,130,0,0
165.1435916483185,528,273,0,0
165.1512320808768,1269,585,0,0
165.15506946516246,1043,229,0,0
165.16521277791756,541,182,0,0
165.30641689067943,1674,225,0,0
165.30764868644948,1530,147,0,0
165.38310502879764,1810,30,0,0
165.38733951948436,309,25,0,0
165.3945522562256,798,69,0,0
165.4963477989121,7280,90,1,0
165.5041891686606,773,421,0,0
165.55676784082033,469,5730,0,1
165.57416955211087,309,258,0,0
165.5839757609959,146,58,0,0
165.59072328232946,8,157,0,0
165.59115820674322,884,523,0,0
165.5942817092785,6,288,0,0
165.61372986171608,1179,77,0,0
165.63464693622566,1682,281,0,0
165.6353543251702,1228,212,0,0
165.73943581572587,19,71,0,0
165.78361633412896,381,253,0,0
165.78465509895545,114,22,0,0
165.78640108206835,1467,309,0,0
165.8252984218143,7,236,0,0
165.82571600847254,334,196,0,0
165.82891469923945,1162,275,0,0
165.84164246552115,235,241,0,0
165.85265197271502,11,768,0,0
165.8653401988055,1091,149,0,0
165.89649898769184,1035,83,0,0
165.8993889597807,485,253,0,0
165.90478665711785,686,50,0,0
166.77722327352436,687,269,0,0
166.77809059811736,1520,174,0,0
166.7839405907233,1676,75,0,0
166.8019241391883,234,92,0,0
166.80587869412113,38,392,0,0
166.9725894686357,1542,383,0,0
166.98933978164274,7739,453,1,0
167.05546090805495,1625,63,0,0
167.05553839376398,145,46,0,0
167.21237679983366,326,262,0,0
167.35764592838785,68,87,0,0
167.3608595513066,282,3260,0,1
167.5606357567787,120,37,0,0
167.58557049516907,1109,164,0,0
167.67964407642128,352,21,0,0
168.23348021662218,409,368,0,0
168.25153392996026,8096,96,1,0
168.2534816641696,1523,243,0,0
168.2679787360606,1531,768,0,0
168.26913416152505,225,352,0,0
168.2721234125942,308,308,0,0
168.27535544965764,195,231,0,0
168.2789546369836,1743,504,0,0
168.43355912132336,456,774,0,0
168.51362697759845,889,743,0,0
168.5161272668787,201,520,0,0
168.66141978917182,1579,740,0,0
168.661944496244,164,3490,0,1
168.6660205697931,7935,257,1,0
168.6775373334644,1824,202,0,0
168.84239128628346,1306,389,0,0
168.90806039793836,1122,199,0,0
168.94625550499845,753,435,0,0
169.15550896377474,215,37,0,0
169.22041678134656,520,194,0,0
169.45942714832913,49,43,0,0
169.46264999493945,1850,301,0,0
169.4631793339082,1621,519,0,0
169.46995673550643,95,1600,0,1
169.5525330241075,1128,609,0,0
169.5789517030024,683,767,0,0
169.67219556213738,16,78,0,0
169.73748467533642,823,319,0,0
169.78175623117085,75,486,0,0
169.86299106576047,1191,617,0,0
169.86676119711015,1820,285,0,0
170.00777253452858,860,131,0,0
170.00988470477532,751,369,0,0
170.0224772774671,70,267,0,0
170.02340939228006,592,325,0,0
170.06700410521697,1606,207,0,0
170.06771311688632,1239,24,0,0
170.33208878557897,33,366,0,0
170.33316335883794,1393,332,0,0
170.3598134160884,716,698,0,0
170.37180233952463,1304,284,0,0
170.37454368979573,508,83,0,0
170.568130866899,1275,32,0,0
170.5748615836593,109,767,0,0
170.87385326319256,309,307,0,0
170.87588923183088,15,171,0,0
170.8790758962474,595,98,0,0
170.8793657363717,947,362,0,0
170.92744977319728,248,217,0,0
171.0271174132531,1390,16,0,0
171.05205620900693,19,314,0,0
171.06356475051322,265,350,0,0
171.06608203634966,971,469,0,0
172.82732326234589,416,615,0,0
172.89783649492665,14,302,0,0
172.89823339934745,86,333,0,0
172.90680064183857,23,245,0,0
172.90688651015432,15,23,0,0
173.28381144208078,1312,209,0,0
174.12152636729488,475,281,0,0
174.42031702682718,1319,64,0,0
174.43468076005115,782,499,0,0
174.43956903164042,295,235,0,0
174.44053185245025,1346,228,0,0
174.4870696006135,1548,615,0,0
174.49066971617938,1084,439,0,0
174.4982216221716,9,102,0,0
174.50267740070692,594,460,0,0
174.5113274034778,429,231,0,0
174.60843989676437,770,743,0,0
175.08324402649035,806,303,0,0
175.10503775605184,13,386,0,0
175.12180139247005,1247,327,0,0
175.1235334963437,59,25,0,0
175.1249068356915,576,334,0,0
175.12682284791381,279,351,0,0
175.2221749544841,970,265,0,0
175.2487759110404,3285,382,0,0
175.36182996685378,705,233,0,0
175.39981893465762,820,3920,1,1
175.4070731728829,1435,61,0,0
175.408416358907,860,163,0,0
175.41618944789082,398,138,0,0
175.4171156507779,1596,182,0,0
176.323403693576,784,692,0,0
176.3514438699326,2390,316,1,0
176.35925737972843,1517,555,0,0
177.25624359372313,1142,312,0,0
177.2638090321219,1052,163,0,0
177.3139201801861,1593,281,0,0
177.32570791476667,786,552,0,0
177.35933719423736,155,31,0,0
177.3671591272454,1348,71,0,0
177.4114039018386,1879,240,0,0
177.7006347065375,810,104,0,0
177.70193036801805,1188,272,0,0
177.70211808958493,1643,18,0,0
177.95187346797323,885,38,0,0
177.97493690988503,7678,514,1,0
178.07057905898589,657,767,0,0
178.0797676082388,1481,170,0,0
178.44996784751402,579,253,0,0
179.0984213687209,676,365,0,0
179.09997822490644,1295,111,0,0
179.16384032816447,573,405,0,0
179.16864044583124,817,752,0,0
179.1692759488871,1595,316,0,0
179.17816415800354,717,108,0,0
179.22947281704745,1817,46,0,0
179.23049672393265,1369,546,0,0
179.23170366217732,597,118,0,0
179.42604465039523,439,135,0,0
179.44316349469693,543,243,0,0
179.47917626791855,1480,92,0,0
179.48075896601927,59,167,0,0
179.48498510240444,332,21,0,0
179.50511814289854,33,330,0,0
179.5279951483684,1317,381,0,0
179.5488734744297,651,450,0,0
179.9339689322365,489,473,0,0
179.95546443180092,63,4710,0,1
179.95615556646985,521,212,0,0
179.95874647717002,227,564,0,0
179.97214846132306,1839,206,0,0
180.17000696085225,17,19,0,0
180.17371806432095,728,184,0,0
180.18042569257065,14,627,0,0
180.19436079700458,448,740,0,0
180.19786325746588,31,104,0,0
180.20061011956125,1251,126,0,0
180.20958479685245,1361,61,0,0
180.3166988651434,7827,365,1,0
180.35472872297882,79,217,0,0
180.36270017334496,1578,561,0,0
180.39475502995654,1631,33,0,0
180.3958132268267,777,566,0,0
180.50203654613713,178,225,0,0
180.56501758586109,766,97,0,0
180.59074442271194,917,143,0,0
180.59126406930412,365,327,0,0
181.44772433977275,14,176,0,0
181.44776223632059,1349,287,0,0
181.44962334952123,370,139,0,0
181.45180344615096,716,683,0,0
181.50887386745745,209,107,0,0
181.5095497520339,647,294,0,0
181.5320655355976,871,476,0,0
181.54233498560276,825,33,0,0
181.5500959242487,149,35,0,0
181.62898393943743,341,1340,0,1
181.87817422471917,1898,221,0,0
181.9094304884507,1233,247,0,0
181.91746780740877,182,504,0,0
181.9176074581278,868,145,0,0
182.1923174628822,428,760,0,0
182.19996337499876,1336,281,0,0
182.2002950761668,1356,265,0,0
182.21973914953207,1103,336,0,0
182.48401714243832,1960,372,0,0
182.49463051618065,326,26,0,0
182.49596014486787,1021,122,0,0
183.85543360115398,1874,151,0,0
183.904714987017,437,332,0,0
183.93342582742068,287,65,0,0
184.04548246404738,612,731,0,0
184.04566046582048,125,10,0,0
184.0581673840419,1466,684,0,0
184.0685115511854,1143,458,0,0
185.49093649215106,59,2200,0,1
185.495573233453,1711,258,0,0
185.50032830258925,76,616,0,0
185.50120195790382,1198,16,0,0
185.5039681865519,1559,220,0,0
185.513626350874,16,215,0,0
185.5385959218618,1386,595,0,0
185.54842722101947,519,94,0,0
186.40250577670517,94,143,0,0
186.44245231286948,839,317,0,0
186.49623673523598,606,56,0,0
186.73227371518277,673,253,0,0
186.7856675594274,390,39,0,0
186.79081029882502,567,58,0,0
186.791456978556,670,312,0,0
186.8221169739134,1178,210,0,1
186.82487787384335,935,211,0,0
187.03935220226333,7,329,0,0
187.04248792782352,1284,14,0,0
187.04265047520693,354,292,0,0
187.05882706831434,9,193,0,0
187.18969068816713,1522,470,0,0
187.1994628244042,124,16,0,0
187.22099777683073,613,237,0,0
187.24133822724582,1277,271,0,0
187.73061586630007,1171,305,0,0
187.75801480996216,119,34,0,0
187.77167894422251,546,2050,0,1
187.77593142746426,863,384,0,0
187.7764611804551,148,514,0,0
188.03441961989557,1234,629,0,0
188.18676163228022,482,76,0,0
188.18889866713522,1595,408,0,0
188.23979943816838,1346,110,0,0
188.26848702490364,334,358,0,0
188.2753042712965,57,391,0,0
188.28312190126329,112,1410,0,1
188.35127622029214,380,324,0,0
188.35255224032815,365,17,0,0
188.35767077716628,47,12,0,0
188.37026745339236,9,396,0,0
188.38478374232625,1008,208,0,0
188.3943905448388,413,1390,0,1
188.41732039376566,388,545,0,0
188.46060428729191,84,551,0,0
188.46300431267647,914,616,0,0
188.48050936070916,1472,96,0,0
188.48555447650034,7938,254,1,0
188.80026235341748,449,36,0,0
188.80111048316556,1131,177,0,0
188.81026064243628,1338,493,0,0
188.87122294114127,95,160,0,0
188.8794978939088,10,148,0,0
188.88700879922652,269,74,0,0
188.8919636836549,15,322,0,0
188.91993648046878,1191,700,0,1
188.92133408425417,772,560,0,0
188.9339371215607,981,493,0,0
188.9460665901234,7935,257,1,0
188.94683239558012,1921,92,0,0
188.9729418968555,1039,468,0,0
188.97878419009007,1622,286,0,0
189.0070248627434,1178,81,0,0
189.0938208933254,1489,657,0,0
189.12433021470665,8,164,0,0
189.12571787045684,1608,22,0,0
189.15510853117647,972,453,0,0
189.15570642356622,1130,588,0,0
189.15896144847267,155,213,0,0
189.61575760566285,4840,257,1,0
189.63141400370176,618,164,0,0
189.9974657481841,36,49,0,0
190.0082643492746,1803,283,0,0
190.02420392371533,1613,266,0,0
190.02583550780383,3028,506,0,0
190.13209921554324,1251,193,0,0
190.1426368817462,776,261,0,0
190.19885523715297,917,455,0,0
190.23729979419412,67,562,0,0
190.28449254998512,401,87,0,0
190.31560530629125,1520,587,0,0
190.33053752293574,417,156,0,0
190.34671897695958,848,168,0,0
190.35072308707865,968,5070,0,1
190.3509433052917,1422,414,0,0
190.3951968429223,1045,271,0,0
191.51647036552114,73,1580,0,1
191.664793605213,117,155,0,0
193.56571535132255,1047,72,0,0
193.61078710076976,79,186,0,0
193.61320930467338,702,164,0,0
193.6155288809829,415,23,0,0
193.69341039695038,860,251,0,0
193.72797114116904,55,43,0,0
193.74041062365507,1527,220,0,0
193.81884664254926,824,294,0,0
193.82182559200075,348,105,0,0
193.87256822772827,870,123,0,0
193.88255908566651,657,767,0,0
193.90692821146365,1781,350,0,0
194.10358040317928,1429,328,0,0
194.11704914969326,973,230,0,0
194.40706922252,1539,487,0,0
194.6713222380815,980,9,0,0
194.67519397057848,812,335,0,0
196.67102397384528,1246,119,0,0
196.67249726545558,678,47,0,0
196.68732943918877,1478,89,0,0
196.76823963349304,563,54,0,0
196.7684195641504,334,145,0,0
196.91638706578428,772,146,0,0
197.0999107088802,9,113,0,0
197.114515072379,1038,326,0,0
197.14640512564412,203,133,0,0
197.17486459878523,506,272,0,0
197.186925078924,879,424,0,0
197.3485243685427,400,215,0,0
197.35719098169633,445,316,0,0
197.37406197396652,725,333,0,0
197.41275808756023,3571,357,0,0
197.5161018224751,1658,134,0,0
197.6885328485129,75,112,0,0
197.68945458714973,527,121,0,0
197.68975437154197,15,199,0,0
197.70370337831352,369,315,0,0
197.72021364756847,1814,344,0,0
197.72226642099346,176,108,0,0
197.7564617997516,424,3810,0,1
197.82238606834645,1498,289,0,0
197.862310338557,1395,142,0,0
198.38403413005307,9,130,0,0
198.38628369388803,296,373,0,0
198.40553196852304,1168,193,0,0
199.32398191826982,433,233,0,0
199.39674731369075,385,140,0,0
199.39864928498773,1533,463,0,0
199.4262684815028,1639,337,0,0
199.62666908814427,1395,188,0,0
200.8788152259774,270,234,0,0
200.94901190637376,379,190,0,0
201.14429453361427,417,174,0,0
201.14621369058202,183,404,0,0
201.1572339562373,51,61,0,0
201.3629880652561,236,76,0,0
201.36558616671914,1598,91,0,0
201.38163061573547,343,421,0,0
201.38204126777023,1826,560,0,0
201.74739360342394,1805,122,0,0
201.761283673842,284,328,0,0
201.81841955284744,492,7700,0,1
201.81927659396024,519,293,0,0
201.82053586515136,91,744,0,0
202.53973562622593,613,11,0,0
202.54875070252038,101,311,0,0
202.55473752529176,282,507,0,0
202.60570627467098,579,176,0,0
202.66129096300597,476,363,0,0
202.6616279341824,2016,288,0,0
202.66412064332002,1621,205,0,0
202.68412145112055,1029,72,0,0
202.70235962096893,916,402,0,0
202.73917283330977,1874,338,0,0
202.74672290075148,407,576,0,0
202.75694168051055,5790,305,1,0
202.78485361916432,1394,344,0,0
202.789311294107,7940,252,1,0
202.79262600235606,1053,359,0,0
202.79855072792614,1252,288,0,0
202.8167957454109,1028,130,0,0
202.83008157188323,1747,413,0,0
202.8368989746944,140,36,0,0
202.84770059738497,968,298,0,0
202.86394066533003,7971,221,1,0
202.89828008937826,24,427,0,0
202.93562923597023,528,516,0,0
202.9369475327054,4480,267,1,0
203.0655250159774,198,176,0,0
203.06622290423368,409,213,0,0
203.12019716576594,839,89,0,0
203.12445985749397,519,330,0,0
203.18202929382906,632,261,0,0
203.33396882163953,524,155,0,0
203.33436299673258,1575,472,0,0
203.39424343753666,548,298,0,0
203.42501096230913,584,327,0,0
203.43192277348044,289,2450,0,1
203.47031144854498,67,210,0,0
203.47679208259433,1470,353,0,0
203.49917986134054,1421,564,0,0
203.50128560045675,212,284,0,0
203.58703920566597,134,588,0,0
203.64483938605792,1384,560,0,1
203.72355064691868,853,545,0,0
203.72823051997605,8037,155,1,0
204.44669590385132,85,632,0,0
205.39390465198392,1100,341,0,0
205.408605774795,251,13,0,0
205.41616519701233,1548,770,0,0
205.42386002783297,1062,310,0,0
205.49395286688608,462,161,0,0
205.63347770909337,1636,17,0,0
205.6373626369066,2329,198,0,0
205.63765580695775,51,82,0,0
205.68146109622458,1762,263,0,0
205.69757699999553,385,313,0,0
205.72230617251358,383,402,0,0
205.77190650935526,438,170,0,0
205.77376184937492,904,736,0,0
205.79362010690042,1097,325,0,0
205.80316400585824,327,309,0,0
205.84025925692643,1708,265,0,0
206.04327566298952,682,243,0,0
206.0606146996339,953,557,0,0
206.0636764711819,1314,73,0,0
206.27576182157773,823,13,0,0
206.34741442829323,275,482,0,0
206.35876012055388,1473,699,0,0
206.35920964605276,1597,27,0,0
206.3621142392929,42,3300,0,1
206.38472148777134,889,2590,0,1
206.43562821073462,1192,323,0,0
206.441433336694,297,141,0,0
206.48182634266533,739,350,0,0
206.4864840967714,4,96,0,0
206.49360190970668,558,583,0,0
206.5422792383936,87,52,0,0
206.55191112203812,8159,33,1,0
206.5738934889505,1536,442,0,0
206.6703854102243,4,27,0,0
206.83114635088086,1351,115,0,0
206.83618325098604,2520,205,1,0
206.8460828568127,714,81,0,0
206.8472250116535,1735,574,0,0
206.84841218169376,790,401,0,0
206.8782366609868,446,340,0,0
206.8839670866867,29,123,0,0
206.8843586881597,1774,308,0,0
206.93157549951113,741,344,0,0
206.93458147791608,7,66,0,0
206.94324009289917,38,399,0,0
206.9807598124239,359,180,0,0
207.0168024034538,105,214,0,0
207.03124202358148,673,179,0,0
207.03153782855745,1398,151,0,0
207.08194986297684,1226,197,0,0
207.08684966974337,180,7,0,0
207.08778998997633,12,403,0,0
207.08798211033047,217,725,0,0
207.31718420584943,352,297,0,0
207.33870168189867,518,278,0,0
207.35897223246096,771,53,0,0
207.41400482743427,957,412,0,0
207.42785419836142,1583,308,0,0
207.42868993678374,965,82,0,0
207.4921372756721,85,54,0,0
207.61318932615848,931,12,0,0
207.659040528143,1224,276,0,0
208.0145597504159,1345,256,0,0
208.7589519010239,244,189,0,0
208.76224488153997,1499,287,0,0
208.7689444421648,431,5370,0,1
208.86558313648374,944,292,0,0
208.88887401793897,501,482,0,0
208.91385448517067,38,514,0,0
209.0204839995159,7260,324,1,0
209.0927763181171,447,279,0,0
209.09954455128306,837,441,0,0
209.12062797106432,482,520,0,0
209.12457524344848,1155,432,0,0
209.1356972827603,1007,3090,0,1
209.1374727022471,1229,451,0,0
209.13779454323586,244,222,0,0
209.14388624006676,7763,429,1,0
209.14893464677476,405,338,0,0
209.24791472316434,862,501,0,0
209.6346511207457,1522,474,0,0
209.65209451209248,1748,60,0,0
209.69481516859014,960,453,0,0
209.699474617333,1671,6200,0,1
209.70208241672893,500,655,0,0
209.71151713543665,308,43,0,0
209.72095440865036,411,74,0,0
209.75122151294224,387,389,0,0
209.77225062516592,638,659,0,0
210.23609884379354,392,197,0,0
210.24701387259063,595,255,0,0
210.24763426604585,1176,139,0,0
210.26912190090317,1705,534,0,0
210.27363791629938,407,283,0,0
210.2991026599538,1321,247,0,0
210.45988392218788,16,171,0,0
210.46457599142764,8039,153,1,0
210.47916194055284,1489,625,0,0
210.5269577174165,528,52,0,0
210.5295227306045,1292,13,0,0
210.55574447180797,1632,427,0,0
210.60647787945936,4,103,0,0
210.69318223571042,186,140,0,0
210.84657750066555,876,385,0,0
210.8984772639888,1369,166,0,0
210.93598676334722,667,342,0,0
210.9370502772509,292,152,0,0
210.93713132237684,1060,424,0,0
210.9396329805708,1044,683,0,0
211.23584949002026,378,94,0,0
211.25765629815064,533,419,0,0
211.25784731746106,1056,143,0,0
211.26529857783453,68,273,0,0
211.30097977391253,12,401,0,0
211.30140875722887,583,65,0,0
211.3560185947846,1314,520,0,0
211.35777689013506,1750,23,1,0
211.49742428380472,1453,674,0,0
211.5159563337212,478,176,0,0
220.02332848262495,1806,244,0,0
220.02455161567616,1119,320,0,0
220.05540581054726,1642,290,0,0
220.05632705888593,1559,521,0,0
220.2311863120113,821,430,0,0
220.25382029975228,58,14,0,0
220.36517255950795,876,197,0,0
220.38690240286763,29,272,0,0
220.38860863923443,1272,37,0,0
220.39343508367784,114,287,0,0
220.39493524829675,946,767,0,0
220.39713466339558,748,288,0,0
220.42088817154027,380,611,0,0
220.571882570927,1330,2040,0,1
220.67077048518394,1973,356,0,0
220.7205026866836,418,395,0,0
220.72627925850404,1421,422,0,0
220.7756498856245,772,440,0,0
220.77888374970016,669,660,0,0
220.80579254306468,1260,3630,0,1
220.90077136192025,188,394,0,0
220.91306150991724,4040,157,1,0
220.9200500897477,1372,310,0,0
220.9275770208801,306,40,0,0
220.98828639362776,295,19,0,0
220.99790160915308,279,424,0,0
220.99894785360044,1215,769,0,0
221.00675735252761,248,237,0,0
221.00889291624785,7010,200,1,0
221.36457671736343,1689,206,0,0
221.3828659624004,324,20,0,0
221.3838130525583,1112,211,0,0
221.41412112495365,566,44,0,0
221.48903763372672,1111,165,0,0
221.5270639779881,382,282,0,0
221.53576860853667,697,172,0,0
221.55979602515097,956,299,0,0
221.59093014823347,1679,1490,0,1
221.7228605573791,6290,187,1,0
221.75974656493872,403,687,0,0
223.4004606603819,377,347,0,0
223.41210503331723,530,250,0,0
223.7883324835264,491,217,0,0
223.80686646456127,1411,192,0,0
223.80746482799944,418,591,0,0
223.80919081309284,11,110,0,0
223.80966819621344,430,289,0,0
223.81025100469463,1521,54,0,0
224.0065722770687,1610,23,0,0
224.0113947472439,20,349,0,0
224.07085538453376,734,33,0,0
224.07388936430792,754,328,0,0
224.0913630786283,634,504,0,0
224.09356036458456,1407,174,0,0
224.19402880074387,4,445,0,0
224.2048320953781,811,670,0,0
224.2121135988047,8174,18,1,0
224.22505801763265,692,768,0,0
225.59054587544372,30,736,0,0
225.634266362868,645,246,0,0
225.72893817913916,31,5380,0,1
225.73044850422158,767,149,0,0
225.7353644721221,654,96,0,0
225.7676174345292,1794,668,0,0
225.76806085051868,302,107,0,0
226.02430817515648,4172,4020,1,1
226.05503084036584,672,317,0,0
226.07232720986937,4730,101,1,0
226.08439792728367,1658,406,0,0
226.09562445397958,349,477,0,0
226.10217536862592,8043,149,1,0
226.38857249741747,219,222,0,0
226.45895414700075,645,10,0,0
226.6718561458358,1307,93,0,0
226.68163687819262,1340,434,0,0
226.68474304433957,625,634,0,0
226.95198070377762,1676,409,0,0
226.95356705981797,404,196,0,0
226.95888574002055,680,372,0,0
227.03266447108405,283,441,0,0
227.18775908982383,1124,10,0,0
227.18906319980002,52,386,0,0
227.19942835201624,8,112,0,0
227.2183150859609,1450,237,0,0
227.23202477920552,324,170,0,0
227.23525403614516,96,104,0,0
227.30386443146875,516,528,0,0
227.3101461050105,1926,250,0,1
227.32121711649796,1518,77,0,0
227.3214197891772,121,49,0,0
227.3357726285892,5670,313,1,0
227.33614736573227,296,385,0,0
227.40897732715268,640,303,0,0
227.45659301785125,275,435,0,0
227.46307863288376,241,207,0,0
227.4877068979332,88,194,0,0
227.5098620769955,122,13,0,0
227.52316793274056,815,232,0,0
227.55983114943962,20,97,0,0
227.57378284656434,858,91,0,0
227.58069545143988,2719,272,0,0
227.5843699102162,1466,286,0,0
228.0840795451633,972,127,0,0
228.11031060575797,580,289,0,0
228.12744130901103,7930,262,1,0
228.20247190420065,7,228,0,0
228.21070368622415,1004,258,0,0
228.21903984433496,175,197,0,0
228.2860551350103,461,457,0,0
228.42387026527774,1023,261,0,0
228.4916207767427,1854,432,0,0
228.49255725581108,1887,440,0,0
228.51255196268343,1890,592,0,0
228.52957431997845,480,415,0,0
228.57352825666015,301,258,0,0
228.57659963653538,939,4490,0,1
228.5788152755375,814,224,0,0
228.59294118801967,724,80,0,0
228.59598865762527,989,222,0,0
228.5981350525595,7930,262,1,0
228.61363664495804,281,392,0,0
228.72535708577553,82,47,0,0
228.7486294313145,582,561,0,0
228.9114122661231,677,373,0,0
228.91387555313673,868,48,0,0
228.9860823394195,1564,769,0,0
229.00343478431677,1811,1570,0,1
229.0065461251373,576,159,0,0
229.01427912286522,349,355,0,0
229.01751347922269,312,122,0,0
229.02906143449107,14,323,0,0
229.03309297089856,4970,144,1,0
229.24735305587276,814,215,0,0
229.25605572913827,8077,115,1,0
229.25711673507092,3308,234,0,0
229.2691393529743,113,184,0,0
229.30712304440124,530,390,0,0
229.3165629886515,623,2600,0,1
229.41364032660582,2220,288,1,0
229.41656368658812,106,359,0,0
229.41982856283911,309,258,0,0
229.85884231579763,1275,148,0,0
229.87669108322496,1069,342,0,0
229.92831181976598,1438,202,0,0
229.9754192572706,1184,303,0,0
230.03074624469102,292,231,0,0
230.05002658516366,1180,476,0,0
230.0621838287116,7814,378,1,0
230.21260985568304,1411,219,0,0
230.2193372739205,940,190,0,0
230.24160976857445,311,78,0,0
230.31017208380655,7558,634,1,0
230.31830596556102,106,89,0,0
230.31916899955144,856,19,0,0
230.36309540245108,749,477,0,0
230.51232953276906,1648,252,0,0
230.5417007999339,489,136,0,0
230.54235592024307,892,387,0,0
230.60519769496847,1313,612,0,0
231.46189462145423,1484,197,0,0
231.46274495704287,1244,245,0,0
231.46283100862647,1014,311,0,0
231.4738515112666,565,219,0,0
231.494612115746,181,286,0,0
231.57770669287532,1012,165,0,0
231.66712023453778,205,116,0,0
231.68865161934278,8081,111,1,0
231.74060896595316,274,584,0,0
231.77531600835178,3210,129,1,0
231.79823975413967,569,347,0,0
231.81432239451203,1147,630,0,1
231.82764606799137,5480,760,1,1
231.89911630714113,123,215,0,0
231.93898286979154,1707,128,0,0
231.94677955660194,191,273,0,0
232.10037386670678,12,560,0,1
232.10471433941694,605,54,0,0
232.11617698303175,119,616,0,0
232.13964788631785,109,125,0,0
232.14008377949227,944,630,0,1
232.1486969006063,622,213,0,0
232.24476843612598,360,405,0,0
232.33342730846607,1908,275,0,0
232.33517447281199,1188,724,0,0
232.33873936591277,707,272,0,0
232.34094060766608,575,9,0,0
232.35232101255997,744,623,0,0
232.36823895038864,1825,66,0,0
232.36904019109676,1747,133,0,0
232.40261304917198,692,246,0,0
232.42336429004763,525,4500,0,1
232.43900712918708,1606,247,0,0
232.4438612305315,8011,181,1,0
232.45646587324075,1770,295,0,0
232.4570257957366,309,258,0,0
232.48537961070568,1124,304,0,0
232.51263704050425,1417,247,0,0
232.52732134840585,879,404,0,0
232.52912616944047,1226,498,0,0
232.74575099748287,453,248,0,0
232.90950629105348,60,125,0,0
232.90997352469194,1750,372,0,0
232.95044509504612,7946,246,1,0
232.97475903052018,616,341,0,0
232.97487973197883,669,254,0,0
233.02444059884564,905,20,0,0
233.08865968563214,1465,271,0,0
233.16230095099786,768,766,0,0
233.18704214804362,1361,340,0,0
233.19211343738417,8,15,0,0
233.19877593091093,7425,767,1,0
233.24783754104914,126,769,0,0
233.4253230931939,1040,64,0,0
233.4323035152165,12,265,0,0
233.44283110153003,7900,292,1,0
233.51332346548767,695,129,0,0
233.51359687810464,102,6290,0,1
233.5569459686943,663,542,0,0
233.56852242635193,448,291,0,0
233.568775652263,723,137,0,0
233.65026834962828,561,241,0,0
233.65332978728023,1388,248,0,0
233.73831778690104,1210,52,0,0
234.0038257473403,1361,563,0,0
234.00543794062241,228,172,0,0
234.00720466895018,680,115,0,0
234.02502769564938,1335,230,0,0
234.0256321641007,3316,27,0,0
234.10121032575756,1506,273,0,0
234.12751992009095,1492,45,0,0
234.2512344801412,114,359,0,0
234.25175269775542,258,271,0,0
234.27895061158995,959,491,0,0
234.32428973987297,2004,650,0,0
234.324845522323,1188,176,0,0
234.42969686104607,385,318,0,0
234.43095914217173,951,217,0,0
234.45729711421203,472,401,0,0
234.45872536741427,450,260,0,0
234.54484493664066,3178,462,0,0
235.05996619906378,17,26,0,0
235.08099821568362,655,169,0,0
235.10094267051332,1312,315,0,0
235.337970870487,597,250,0,0
235.3458776940061,535,332,0,0
235.36679816792744,1047,41,0,0
235.46090346285075,787,187,0,0
235.5046081018162,1482,290,0,0
235.91897290049548,126,264,0,0
236.11983299604958,28,123,0,0
236.95422287084787,786,552,0,0
236.97340870621477,556,182,0,0
237.1518043462949,237,42,0,0
237.1559246328496,515,618,0,0
237.2757604753944,361,356,0,0
237.9104802146763,572,253,0,0
239.9578321494592,1302,318,0,0
239.95966412230976,1777,92,0,0
239.97481460378754,108,118,0,0
240.06042543565744,618,171,0,0
240.06427995616266,1252,236,0,0
240.12693604506066,395,689,0,0
240.18872328852854,348,443,0,0
240.1970832391671,4,149,0,0
240.20466543311204,1004,621,0,0
240.20823971193602,768,767,0,0
240.24759008767327,106,302,0,0
240.50543200903854,19,768,0,0
240.54373715554684,1097,462,0,0
245.4497820699567,1256,278,0,0
245.45098504948007,1006,341,0,0
245.457986905947,1162,157,0,0
245.53901185244433,204,212,0,0
245.54134438592428,451,238,0,0
245.5843378116512,472,267,0,0
245.6914428363931,645,143,0,0
245.72233101307566,1668,239,0,0
245.73635818099555,61,85,0,0
245.8734964414132,59,427,0,0
245.9228050464667,356,275,0,0
246.01274825320934,4142,4050,1,1
246.07620945210184,1620,178,0,0
246.08205722247962,295,90,0,0
246.08457918170302,850,510,0,0
246.09492798096176,506,264,0,0
246.1257567336123,387,409,0,0
246.1407209006112,725,270,0,0
246.27930819582596,145,23,0,0
246.31504037914772,1220,197,0,0
246.45984968668668,684,217,0,0
246.48705453836394,1309,360,0,0
246.49231969228305,1356,327,0,0
246.6049026685256,698,568,0,0
246.6620107434043,724,488,0,0
246.6661261302552,1130,247,0,0
246.6756966504575,4,63,0,0
251.7878597075937,1537,767,0,0
251.7878874887611,623,331,0,0
251.98216763932646,1256,111,0,0
252.0057817980819,91,244,0,0
252.02410778631443,678,267,0,0
252.03573278925026,644,197,0,0
252.04332919263973,1248,588,0,0
254.21078359568952,170,35,1,0
254.21939250735403,1475,456,0,0
254.23064662587197,31,342,0,0
254.32942728130212,537,117,0,0
254.37261958113916,1096,146,0,0
254.38683201723086,82,109,0,0
254.3983091299479,256,362,0,0
254.3997650635265,1012,576,0,0
254.56854329664108,1542,50,0,0
254.571020090672,291,3230,0,1
254.57118618110397,1270,417,0,0
254.72763778993675,1285,149,0,0
254.81433330029947,1052,344,0,0
254.85283034003788,1648,299,0,0
254.85982964313595,1001,357,0,0
255.06478837341967,1606,117,0,0
255.067077191971,54,105,0,0
255.0673326002889,573,179,0,0
255.09391670238674,1842,20,0,0
255.18874182970467,781,769,0,0
255.25441106064866,1377,239,0,0
256.4260654783881,519,47,0,0
256.52570848088516,1261,52,0,0
256.5378910713469,384,211,0,0
256.55092367003954,24,122,0,0
256.66247663325726,12,112,0,0
256.67932760470245,182,94,0,0
256.69390626154035,610,43,0,0
256.69448144020356,303,279,0,0
256.70472969154923,224,222,0,0
256.7061754365944,2266,266,0,0
256.736305416202,1233,769,0,0
256.76097625892544,388,128,0,0
256.8386449369734,255,5120,0,1
257.49692297030265,1420,443,0,0
257.5101292362002,1097,51,0,0
257.84190739988725,1514,278,0,0
257.8439006472277,633,102,0,0
257.86965399827756,432,158,0,0
257.99524397743176,1515,426,0,0
258.91563758339885,1925,463,0,0
258.9177396751194,330,241,0,0
258.9290403921474,993,302,0,0
258.9539766133232,1725,667,0,0
258.96937093680305,455,42,0,0
258.9721837201645,365,257,0,0
258.9729099361787,205,718,0,0
258.97454443134893,1550,674,0,0
258.99051971468737,7669,523,1,0
258.9918146789012,754,1480,0,1
259.6362220291044,435,160,0,1
259.85341985923503,508,154,0,0
259.85384009728335,488,36,0,0
259.86085281279816,1298,104,0,0
260.12399035923204,300,767,0,0
260.46113614169747,899,258,0,0
260.63490085018134,73,299,0,0
260.63598007224226,2200,290,1,0
260.6449796692709,368,97,0,0
260.88476629294865,6,160,0,0
260.9077424897364,239,408,0,0
260.9152682204646,1272,609,0,0
260.96638804830064,529,354,0,0
261.09977672691144,1235,240,0,0
261.1244270028083,74,316,0,0
261.1549122169462,1248,235,0,0
261.3141115974274,1774,149,0,0
261.3201777938127,780,443,0,0
261.3231902600871,5,72,0,0
261.40911364651043,1232,658,0,0
261.4108172913406,702,305,0,0
261.46103613067686,929,1900,0,1
261.46537142644416,16,354,0,0
261.5648834872035,715,286,0,0
261.56661294027526,1635,356,0,0
261.74599144206206,4,9,0,0
261.77879148639386,281,23,0,0
261.78890465679854,21,307,0,0
261.7922229849964,143,113,0,0
261.8058213167254,46,77,0,0
261.80874248571854,11,176,0,0
261.8104296143946,1682,193,0,0
261.9687245139674,759,126,0,0
262.02951616007306,1360,108,1,0
262.24576699863087,1941,163,0,0
262.2470034455144,510,435,0,0
262.2473796142711,615,734,0,0
262.2481555962369,134,204,0,0
262.3156660259266,1766,314,0,0
262.40773545068913,517,258,0,0
262.4081865966746,1122,152,0,0
262.54982586655626,1013,342,0,0
262.5574725357242,1792,576,0,0
262.5591436095474,1432,273,0,0
262.5747236713704,1519,133,0,0
262.63151566867816,574,321,0,0
262.64336275001557,384,99,0,0
262.6561514568377,725,3500,0,1
262.6595206066081,960,250,0,0
262.66057836671115,23,411,0,0
262.66910843743443,345,148,0,0
262.66980835266776,669,1880,0,1
262.7298782901503,273,118,0,0
262.7331495224773,6,90,0,0
262.9814951065738,403,410,0,0
262.9822459085967,204,146,0,0
263.28236167824525,1409,266,0,0
263.2854355081151,1800,368,0,0
263.2884557443165,480,208,0,0
263.320834320997,1068,383,0,0
263.42993026373824,396,353,0,0
263.44648642282567,221,345,0,0
263.45526230025865,7,121,0,0
264.43060116545337,664,318,0,0
264.48031680252456,7610,582,1,0
264.4819345141223,638,162,0,0
264.49253700782083,1557,90,0,0
265.02524037856324,817,200,0,0
265.0600198724437,416,324,0,0
265.1539069286116,154,140,0,0
266.2086403335125,474,635,0,0
266.2141035183055,191,46,0,0
266.25214136179693,7010,114,1,0
266.2568652710067,8,277,0,0
266.2746247446547,1137,339,0,0
266.32736286102954,833,470,0,0
266.3286048489261,812,92,0,0
266.3526640628286,596,152,0,0
266.3765522100345,7150,224,1,0
266.52498537018596,1122,589,0,0
266.53045610998606,7730,462,1,0
266.53185671430924,549,302,0,0
266.5714381522551,734,205,0,0
266.5733227681496,1435,566,0,0
266.59915868012115,218,245,0,0
266.6550285758097,1808,457,0,0
266.658112531429,186,133,0,0
266.67210174255735,732,181,0,0
266.67433215608656,18,529,0,0
266.67439232817276,834,408,0,0
266.6753522470709,1809,76,0,0
266.67562135618186,208,37,0,0
266.6938822957779,1097,42,0,0
266.69594781927634,1814,286,0,0
266.70913396658335,851,481,0,0
266.72505869970377,5,367,0,0
266.8729006184812,1624,152,0,0
266.88163936534437,433,374,0,0
266.88946807437003,915,54,0,0
266.93770137331757,8141,51,1,0
267.3840888754761,304,532,0,0
267.3991101316029,1079,563,0,0
267.4338667297028,1005,476,0,0
267.4457919667171,537,91,0,0
267.4500959115897,580,99,0,0
267.45089139394645,1253,230,0,1
267.46583284476367,7160,200,1,0
267.4760827455678,691,277,0,0
267.48675002754425,772,740,0,0
268.4245548028551,2763,269,0,0
268.4335105100895,327,431,0,0
268.4676407404041,6160,220,1,0
268.4763905673279,1635,774,0,0
268.6641950102012,1265,767,0,0
268.67405662834585,407,370,0,0
269.41007539522695,957,2440,0,1
269.4205074087557,804,320,0,0
269.5044090624305,606,230,0,0
269.64080989185527,13,237,0,0
269.65182213447696,1110,98,0,0
269.75018175891563,1386,256,0,0
269.77033027520184,221,208,0,0
269.77420371402894,806,265,0,0
269.7788190390377,1640,213,0,0
269.813413262693,10,301,0,0
270.4504842686652,1812,133,0,0
270.4571184558166,1516,406,0,0
270.5100660338694,23,337,0,0
270.513591915097,1125,187,0,0
270.5432890311732,1560,387,0,0
270.54458775523057,449,234,0,0
270.5482440893074,380,157,1,0
270.56574881877333,1314,427,0,0
270.5697067252427,1364,236,0,0
270.58002677046875,215,23,0,0
270.7143401823455,1898,84,0,0
270.7281620235983,307,36,0,0
270.73237519056204,673,114,0,0
270.73387170036057,1685,333,0,0
270.7399893869487,1253,217,0,0
270.9188986931885,485,293,0,0
270.9340366222862,1840,467,0,0
270.9473292327251,1732,614,0,0
271.02302142721055,1058,156,0,0
271.1185089639696,360,543,0,0
271.251833398038,117,490,0,0
271.26052155307934,1221,3680,0,1
271.26336530552226,1264,365,0,0
271.2639944253539,766,353,0,0
271.2685034965789,313,163,0,0
271.2769579976056,632,410,0,0
271.3537019022853,160,62,0,0
271.3874739431175,258,217,0,0
271.3931931974203,398,326,0,0
271.49769776796455,6940,27,1,0
271.49912908243334,341,189,0,0
271.5012907271229,1593,397,0,0
271.502973295067,740,197,0,0
271.50496494229435,1021,79,0,0
271.51561467496987,637,448,0,0
271.5188680259268,207,232,0,0
271.52272582962974,327,305,0,0
271.780544650634,424,472,0,0
271.7814845420922,1014,100,0,0
271.78372042644804,493,31,0,0
271.79467322363695,1718,111,0,0
271.83758023251875,190,116,0,0
271.88433172205794,988,403,0,0
271.894710468449,370,482,0,0
271.903172955415,1512,279,0,0
271.9135234586742,349,34,0,0
271.99169651182467,875,2270,0,1
271.99448682650234,98,51,0,0
271.99464630831596,397,85,0,0
272.0201999802791,1271,113,0,0
272.02189845956275,1994,120,0,0
272.03756956630957,1163,152,0,0
272.3221228708084,1733,237,0,0
272.34359581839925,538,211,0,0
273.0395990096532,1198,250,0,0
273.04033062462844,427,279,0,0
273.06879734063904,34,62,0,0
273.1073414331601,266,194,0,0
273.2003220357147,75,413,0,0
273.20443099294397,1644,567,0,0
273.22882872425504,636,769,0,0
273.2514325685907,840,704,0,0
273.2726634771779,769,767,0,0
273.2738017906136,267,158,0,0
273.27436497645266,1442,656,0,0
273.3268940269056,93,54,0,0
273.3626068661707,338,231,0,0
273.3818613943172,260,119,0,0
273.4459513692665,1961,111,0,0
273.6017651684098,5,1020,0,1
273.6035215528789,83,49,0,0
273.68961315084454,903,157,0,0
274.0463410599097,911,5510,0,1
274.186655994679,311,221,0,0
274.2461097873575,89,52,0,0
274.32114311677464,499,297,0,0
274.32216943124064,15,362,0,0
274.3290230156667,1957,135,0,0
274.4731373024971,609,57,0,0
274.8340890091125,573,17,0,0
274.8811001091715,128,13,0,0
274.88865554459215,140,204,0,0
274.90296441714406,1045,2410,0,1
275.0073258291323,1328,719,0,0
276.08857573981857,50,219,0,0
276.18155660968483,460,400,0,0
276.1883287102749,727,18,0,0
276.2556611387698,745,345,0,0
276.30186385824857,447,328,0,0
278.664357050287,7812,380,1,0
278.72860255383995,278,102,0,0
278.7496075870629,103,408,0,0
278.766435629244,80,100,0,0
278.7681117565072,1156,761,0,0
278.7704967994516,780,367,0,0
278.77805638566053,477,168,0,0
278.781939668312,466,425,0,0
278.81079202180547,1271,4,0,0
278.83485160805793,1453,767,0,0
278.96441640450774,43,2780,0,1
279.3742337967594,1821,236,0,0
279.40116766754176,66,385,0,0
279.4145481342437,290,252,0,0
279.4150291426716,1583,307,0,0
279.4574048157257,415,7,0,0
279.5316809747593,1602,165,0,0
279.5359249830489,1523,245,0,0
279.5449727117323,1373,112,0,0
279.5498605520922,1834,262,0,0
279.71453919319526,301,178,0,0
279.7829865068045,1161,97,0,0
280.00861230355025,771,339,0,0
280.0103851745919,1019,69,0,0
284.0519961592935,340,269,0,0
284.0555641963241,6710,517,1,0
284.05810354442684,1779,528,0,0
284.0868195981629,735,193,0,0
284.0932871977877,1444,344,0,0
284.834897125875,1095,33,0,0
284.8434539058408,139,550,0,0
284.8484000686647,281,441,0,0
284.98533065680965,8086,106,1,0
285.2089720744707,1045,211,0,0
285.21259099023143,630,192,0,0
285.2200204258733,954,306,0,0
285.2294078869419,883,142,0,0
285.2433527929565,671,11,0,0
285.83212000971304,1683,379,0,0
286.06956171990373,1054,517,0,0
286.23122621534844,971,113,0,0
286.47587192049764,20,245,0,0
286.49563183012197,14,239,0,0
286.6047695127428,293,73,0,0
286.62119430839726,16,28,0,0
286.6254072004378,821,300,0,0
287.155144426425,476,63,0,0
287.15570599802965,63,606,0,0
287.17466216625945,1238,124,0,0
287.18058740990074,709,97,0,0
287.1812595248499,232,148,0,0
287.18996096867176,598,37,0,0
287.21128010681,559,278,0,0
287.25789646351154,87,162,0,0
287.26144458987096,921,354,0,0
287.3447297180729,859,381,0,0
287.37877303664146,281,144,0,0
287.47177369549604,847,282,0,0
287.47216274869635,19,301,0,0
287.47955571630763,458,275,0,0
287.4848687617333,47,337,0,0
287.5423474666004,1173,217,0,0
287.5464805189543,1181,219,0,0
287.55298237722786,404,175,0,0
287.5548174110113,630,33,1,0
287.55646863323744,1514,451,0,0
287.5592379082493,764,223,0,0
287.6824005509798,4840,70,1,0
287.6845327825312,1116,91,0,0
287.68466933040605,49,6320,0,1
287.7163678616004,141,456,0,0
287.72350924593877,20,462,0,0
287.7767363104941,1174,316,0,0
287.8280033307071,562,275,0,0
287.83738983213067,960,404,0,0
287.84495175337884,1419,555,0,0
287.8507454719127,9,124,0,0
287.867927035732,1895,58,0,0
287.8716162768596,1105,256,0,0
287.8974102548597,428,327,0,0
288.1741924458914,23,381,0,0
288.17879737395464,1722,90,0,0
288.1837727085342,319,307,0,0
288.1886671643211,334,224,0,0
288.24810356562256,7897,295,1,0
288.31302005585707,41,306,0,0
288.6207964323938,589,193,0,0
288.6937888286306,966,280,0,0
288.71650116631054,641,474,0,0
288.76031713816474,756,289,0,0
288.7616138269248,1655,769,0,0
288.816193009343,1280,312,0,0
288.84129277369334,7,96,0,0
289.96852631390766,1549,126,0,0
290.24670169042656,1056,270,0,0
290.25013639837306,1291,282,0,0
290.2558946692674,824,767,0,0
290.3592203919658,15,182,0,0
290.35950800637187,270,273,0,0
290.3623647384675,1579,468,0,0
290.39981872644154,647,769,0,0
290.4646289366238,67,226,0,0
290.4905620242486,1564,69,0,0
290.6739568756681,1640,1250,0,1
290.6843954981927,1242,114,0,0
290.7061372321568,240,167,0,0
290.71835093268163,1124,406,0,0
290.7203755632986,833,425,0,0
290.74006613454094,1723,336,0,0
290.74604404795684,1729,290,0,0
290.76716287137447,584,301,0,0
290.7672600102526,1085,121,0,0
290.78964755488244,355,365,0,0
290.7957408735938,1564,420,0,0
290.8010164144902,907,676,0,0
290.820739366458,872,623,0,0
290.82776817829347,153,48,0,0
290.9425327428337,284,138,0,0
291.1602264930954,1511,379,0,0
291.2654452190684,1622,277,0,0
291.38931295064054,406,317,0,0
291.42663431743017,722,333,0,0
291.4458795879209,1732,440,0,0
291.44727727991534,654,412,0,0
291.4559340859383,7711,481,1,0
291.65870370137765,870,279,0,0
291.7420799019993,22,568,0,0
291.7488881004844,1854,221,0,0
291.7713624471786,117,128,0,0
291.92085278299027,50,753,0,0
291.9339869295707,776,301,0,0
292.3953724469145,357,3100,0,1
292.39937136109336,170,96,0,0
292.48706063853695,1126,349,0,0
292.5597306162807,609,80,0,0
292.5853695102338,1926,341,0,0
292.61854673437114,951,65,0,0
292.6718499534043,1120,79,1,0
292.6720461756968,1432,403,0,0
292.71858222854223,217,279,0,0
292.89736448942926,773,593,0,0
292.93780269614626,1445,659,0,0
293.11470856749077,782,374,0,0
293.1164333869775,650,351,0,0
293.1323723420234,420,356,0,0
293.16767821490384,1627,124,0,0
293.17849097357504,23,398,0,0
293.3741452376203,1317,327,0,0
293.4223232643369,1197,7,0,0
293.428903591512,1126,116,0,0
293.5218641974462,356,383,0,0
293.61525084231056,584,496,0,0
293.62289340767813,1383,206,0,0
293.68666734143596,1387,23,0,0
293.7254668647596,12,763,0,0
293.762481463302,1158,336,0,0
293.7639813754391,1166,410,0,0
293.99636664829416,1649,286,0,0
294.06274376870476,14,182,0,0
294.0800487654666,522,7670,0,1
294.1165609758471,1206,216,0,0
294.1521197428911,1515,354,0,0
294.1620359509081,642,708,0,0
294.16770740802923,477,56,0,0
294.18982413186586,4180,427,1,0
294.1953646378727,1079,38,0,0
294.2022675639395,1049,386,0,0
294.20404625617533,1256,249,0,0
294.21450030275776,1958,280,0,0
294.34972256324005,792,668,0,0
294.37750897265386,1270,287,0,0
294.39743838543535,1542,254,0,0
294.40707973309213,217,238,0,0
294.4148218551451,40,50,0,0
294.4157337440103,318,380,0,0
294.9087137629021,337,668,0,0
294.91295214530555,10,17,0,0
294.9138566581391,1670,570,0,0
294.9540757640783,1367,262,0,0
294.9840680693662,7832,360,1,0
294.99047906869356,11,34,0,0
294.9914288209412,1700,52,0,0
294.99257471232414,707,356,0,0
295.40668580416093,1485,430,0,0
295.4209552186311,1733,353,0,0
295.4258398920801,916,513,0,0
296.16763772561853,997,50,0,0
296.17370869798197,756,302,0,0
296.17655038700036,622,292,0,0
296.2300823707412,1693,566,0,0
296.26763767431066,299,305,0,0
296.6781226584839,1619,312,0,0
296.6789243199643,519,482,0,0
296.71101906083544,100,14,0,0
296.71162669149146,960,152,0,0
296.7569274519775,541,235,0,0
296.76179691255487,1059,291,0,0
296.76895278616297,7200,283,1,0
296.77308904826134,1298,564,0,0
296.8695440949828,1517,307,0,0
297.3324220469948,1811,462,0,0
297.3475927440813,1225,214,0,0
297.3583629913028,1753,238,0,0
297.36494633462667,1302,322,0,0
297.41615783158693,1432,280,0,0
297.4184467537354,3570,350,1,0
318.97697170323073,1704,445,0,0
318.98825931265475,335,109,0,0
319.54108948891485,421,436,0,0
319.56527558099026,490,43,0,0
319.56642924514995,105,28,0,0
319.5672165442089,58,768,0,0
319.5749198862581,661,230,0,0
319.5791728801664,327,314,0,0
319.5900539896201,417,542,0,0
319.59183199444016,1348,270,0,0
321.54402209316385,1307,491,0,0
322.80242987009785,1053,295,0,0
322.8029036275879,3265,533,0,0
322.8492976474205,947,253,0,0
323.0438580790608,773,768,0,0
323.05285171348874,330,32,0,0
323.06402085999594,218,96,0,0
323.22013634733406,21,185,0,0
323.2718744062386,1808,240,0,1
323.27341075732613,784,767,0,0
323.4769703627694,16,8176,0,1
323.48352288580946,7,352,0,0
324.20563793613286,638,392,0,0
324.20817816607206,1834,181,0,0
324.2083529830816,964,229,0,0
324.2295062766989,1548,510,0,0
324.4268327392913,356,205,0,0
324.47539982868926,24,133,0,0
324.49895217544605,12,31,0,0
324.50164895642115,1208,198,0,0
324.6096930496256,109,137,0,0
324.6101058011517,1484,154,0,0
324.69371453076053,19,769,0,0
324.69520517551075,691,767,0,0
324.70025131327134,223,330,0,0
324.7014344318113,705,256,0,0
324.70408810566545,755,312,0,0
325.03494950360226,171,202,0,0
325.0364957580532,1669,155,0,0
325.06065477453143,442,222,0,0
325.06392241817963,17,420,0,0
325.19338945912165,32,304,0,0
325.19444361174396,350,222,0,0
325.2108044683418,1781,122,0,0
325.31113904385876,7878,314,1,0
326.8596334034556,648,42,0,0
326.8611143458889,181,76,0,0
326.8638570268627,1025,106,0,0
326.8783257472843,132,260,0,0
327.1959491803445,379,285,0,0
327.19797727102934,420,45,0,0
327.2816290001223,513,491,0,0
327.28611296843746,1118,32,0,0
327.2880659096805,1036,295,0,0
327.2887011350526,13,333,0,0
327.3093431599919,154,565,0,0
327.42406658449295,670,576,0,0
327.43682017383696,620,416,0,0
327.4370350369999,1509,1280,0,1
327.44206254630484,1298,10,0,0
327.5526502950955,15,287,0,0
327.6437248526141,25,165,0,0
327.6709138411185,1037,301,0,0
327.9802547235385,436,333,0,0
327.9814437191159,1058,175,0,0
327.9827191176259,14,139,0,0
329.9326184651885,847,136,0,0
329.99296677643866,959,327,0,0
330.00324024079225,1182,441,0,0
330.0089972661843,16,282,0,0
330.00908048569346,1047,41,0,0
330.0938005142148,580,557,0,0
330.09403309533445,193,609,0,0
330.09431782080026,19,4510,0,1
330.1082587753254,1342,452,0,0
330.4370959771276,1872,1610,0,1
330.4439974477179,22,376,0,0
330.47697117960405,1828,735,0,0
330.48334451199486,1053,221,0,0
330.5178772480658,711,94,0,0
330.51839907415535,154,97,0,0
331.6298746001438,246,20,0,0
331.6320464602913,563,262,0,0
331.68029600469936,18,297,0,0
331.6805366453977,1313,270,0,0
332.25369383776336,343,293,0,0
332.291198300778,471,217,0,0
333.2079294438006,746,413,0,0
333.21200396989025,128,173,0,0
333.34089360291586,1917,126,0,0
333.3518022409753,436,510,0,0
333.3660957956662,843,254,0,0
333.58748424226474,525,94,0,0
333.589979028238,1424,769,0,0
333.66105540418687,1431,439,0,0
334.49421903679684,426,201,0,0
335.0562444955555,435,85,0,0
335.19554600831566,729,150,0,0
335.2269391047249,1897,369,0,0
335.229175553352,8041,151,1,0
335.53052064103815,356,84,0,0
335.5345686206427,462,161,0,0
335.7234694838503,973,210,0,0
335.7317723266143,459,471,0,0
335.74850327537416,317,40,0,0
335.7648004791349,830,138,0,0
335.82135841000616,1469,185,0,0
335.8280727613748,112,10,0,0
335.85179126583773,1171,15,0,0
335.85748233979194,366,396,0,0
335.9059375298199,570,338,0,0
335.93532616733904,630,433,0,0
335.9748109612511,1999,372,0,0
335.9777562417701,340,344,0,0
336.0097495394854,372,232,0,0
336.0277375546676,1810,380,0,0
336.08188636882994,893,237,0,0
336.1001909934027,1686,251,0,0
336.10246801168455,979,689,0,0
336.174677900269,602,490,0,0
336.17885858032605,517,258,0,0
336.20815198788074,1529,141,0,0
336.20839340035735,770,767,0,0
336.2539877129397,944,767,0,0
336.31695572331967,367,341,0,0
336.3194712031011,1195,154,0,0
336.3730954110738,1398,434,0,0
336.3807514581526,282,274,0,0
336.6520840424994,8145,47,1,0
336.71511037313434,936,402,0,0
336.71639994988686,1391,172,0,0
336.7271822045976,1465,317,0,0
336.72763139878555,575,150,0,0
336.7361221032965,1104,525,0,0
336.78551309721985,378,9,0,0
336.87371684394475,352,339,0,0
336.88684385450676,1368,209,0,0
336.89689569027786,956,299,0,0
336.9196265440131,1080,184,0,0
336.9244363194428,3390,161,1,0
336.95634442174844,6,252,0,0
337.1168376486879,1064,152,0,0
337.1413596767293,52,398,0,0
337.23681282139137,91,8,0,0
337.2402251937237,1068,190,0,0
337.2463850268185,1167,416,0,0
337.2797895620636,143,5,0,0
338.3074281827081,599,24,0,0
338.44002266092906,1737,209,0,0
338.98814769475183,427,410,0,0
339.00711734840013,450,296,0,0
339.2211784213006,1470,769,0,0
339.2217441275895,1456,769,0,0
339.2718651962478,108,204,0,0
339.2721168722756,301,392,0,0
339.4851977594709,1533,480,0,0
339.5318899915195,262,85,0,0
339.7202808691634,982,691,0,0
339.76049263199087,1621,389,0,0
339.76698411492333,609,196,0,0
339.7709437912799,259,75,0,0
339.79734842221325,300,264,1,0
340.17302535953013,673,472,0,0
340.23744180563574,1203,295,0,0
340.24347679151816,882,486,0,0
340.24919986298,785,218,0,0
340.2535262841268,487,563,0,0
340.265314955264,810,478,0,0
340.2803985118608,479,53,0,0
340.2872252926349,1316,310,0,0
340.3056897244596,246,228,0,0
340.30643449614473,637,677,0,0
340.7379934542451,9,272,0,0
340.768051216562,10,767,0,0
341.1704282438679,100,88,0,0
341.20335170607103,1172,409,0,0
341.2156951106369,1341,232,0,0
341.23760212164876,1274,165,0,0
341.26647165418643,1444,337,0,0
341.2713162724422,1103,127,0,0
341.2799098650537,1759,370,0,0
342.16744864237467,1800,357,0,0
342.2917615896247,806,265,0,0
342.2982884735316,328,116,0,0
342.3520709274614,37,324,0,0
342.3555168334019,312,18,0,0
342.6760669708922,203,197,0,0
342.6785065204373,1652,590,0,0
342.79338084492525,44,208,0,0
342.8132964117424,1107,1660,0,1
342.8335741446478,635,338,0,0
342.8372436846071,646,135,0,0
342.8484706173123,1888,328,0,0
342.85252599935274,955,216,0,0
342.8558379163292,685,49,0,0
342.90393976610557,411,3150,0,1
345.9462984513232,353,439,0,0
345.95577998165874,29,44,0,0
346.0985540310025,8135,57,1,0
346.1170051507168,1230,320,0,0
346.121480844275,187,227,0,0
346.40577377117063,1410,133,0,0
346.4740874316113,15,207,0,0
346.66330393372607,7,389,0,0
346.6872187959499,25,220,0,0
346.712667250935,800,251,0,0
346.71630816324216,912,49,0,0
346.7273818926458,7,104,0,0
347.29324257354784,1376,78,0,0
347.29343386629733,91,282,0,0
347.33515132077855,664,329,0,0
347.7053055012237,294,288,0,0
347.8012608913165,920,482,0,0
347.9144655787305,221,173,0,0
347.9257053992932,416,564,0,0
348.113390482462,902,520,0,0
348.31189409408455,684,482,0,0
348.32976359486435,87,296,0,0
348.8965886752269,1113,513,0,0
348.9038529498577,770,711,0,0
348.9039834629879,16,166,0,0
348.92291560729245,1222,741,0,0
348.9383210127197,232,130,0,0
348.94180616548493,1336,229,0,0
348.9494692593613,1117,532,0,0
348.9559971706839,22,2980,0,1
348.9564822842857,156,119,0,0
349.18773508581216,8080,112,1,0
349.20726532371725,694,269,0,0
353.528214086059,24,274,0,0
353.54695970447113,246,402,0,0
353.5898776940234,346,281,0,0
353.5907999747796,1125,253,0,0
353.7403813633904,370,200,0,0
353.7425306218162,176,91,0,0
353.7995619004375,47,462,0,0
353.9235881810671,592,274,0,0
354.01319971107586,1179,605,0,0
354.0167993758374,306,2860,0,1
354.0206241155263,184,352,0,0
354.108885178159,1396,98,0,0
354.3171785660572,1070,249,0,0
354.6704641880465,939,287,0,0
354.68860444927236,968,523,0,0
354.70412538311626,7,290,0,0
355.41236120326795,1222,236,0,0
355.41817983262433,464,324,0,0
355.50664518601087,6,217,0,0
355.5168483172073,1294,40,0,0
355.51793785237726,79,517,0,0
355.51995556001225,33,281,0,0
355.56731348552995,834,255,0,0
355.5969801610679,443,393,0,0
355.64822900893813,1515,354,0,0
355.6576071393084,937,245,0,0
355.66452705421545,630,419,0,0
355.698127829814,473,141,0,0
355.7112319283566,1295,613,0,0
355.7119817669197,27,503,0,0
355.71986670267836,659,205,0,0
356.2903609566645,578,232,0,0
356.2944220078529,783,422,0,0
356.3513091740741,20,348,0,0
356.36726816815155,1898,316,0,0
356.44889958578545,1129,541,0,0
356.45215491033497,31,11,0,0
356.45358911783796,1016,368,0,0
356.49936369942515,101,266,0,0
356.50390398527844,362,337,0,0
356.52116191705716,431,23,0,0
356.53101425977144,1181,410,0,0
356.6591463662679,1467,5320,0,1
356.69009104795856,828,263,0,0
356.71460043102985,1710,375,0,0
356.717213465672,21,609,0,0
356.7180046220302,54,126,0,0
356.7214341931265,13,365,0,0
356.81959745806137,691,535,0,0
356.8933147076456,985,362,0,0
356.95252970890687,880,268,0,0
356.96072729962754,1583,767,0,0
356.9630733199943,531,311,0,0
357.14631289910324,468,211,0,0
357.1727014224158,1592,479,0,0
357.2260711749226,1038,360,0,0
357.2288360319417,673,265,0,0
357.2334611678558,420,10,0,0
357.29985086674134,307,235,0,0
357.37980892747544,25,22,0,0
357.38227588353476,487,1660,0,1
357.41468188223064,1289,111,0,0
357.4164284231735,1507,769,0,0
357.6250706092047,1331,756,0,0
357.6935963901378,1107,465,0,0
359.412218905479,22,11,0,0
359.784487767489,5,29,0,0
359.78933420425454,242,333,0,0
359.81623557222986,930,60,0,0
359.8232326951779,436,120,0,0
359.8472713748244,167,57,0,0
359.93390673564056,144,442,0,0
359.9517878345973,582,7610,0,1
359.97221306343147,27,395,0,0
359.97345895148453,1402,28,0,0
360.03097617561025,563,57,0,0
360.04853294741446,1782,345,0,0
360.11154427139064,883,77,0,0
360.2561870717779,1939,304,0,0
360.2754578625534,16,451,0,0
360.3484613733991,764,153,0,0
360.3538654400128,28,259,0,0
360.4732373803144,86,61,0,0
360.49050902833005,1500,211,0,0
360.4960418097958,1679,615,0,0
360.50742852860583,1357,184,0,0
360.5084898103193,1611,138,0,0
360.5134222138804,740,19,0,0
360.52107451726243,443,173,0,0
360.540044218035,522,332,0,0
360.55517207352375,594,766,0,0
360.5601494899315,1104,525,0,0
360.5725751218751,440,95,0,0
360.5728278949613,1406,2670,0,1
360.594319685943,428,458,0,0
360.6487354506697,985,484,0,0
360.7348350131381,1220,223,0,0
360.8877443059237,322,288,0,0
360.89958023190616,7032,1160,1,1
360.91465163314257,1826,38,0,0
360.92151160923663,159,2210,0,1
360.92830132642604,139,550,0,1
360.95099220344014,537,254,0,0
361.20804468757666,654,128,0,0
361.20865546897676,1126,119,0,0
361.2152310489756,400,215,0,0
361.2457801945502,1533,401,0,0
361.24819614410933,110,359,0,0
361.28821373888127,980,416,0,0
361.28935693064125,433,30,0,0
361.2981130982767,147,113,0,0
361.298764768296,17,86,0,0
361.3287621878183,1850,752,0,0
361.3323987840837,658,14,0,0
361.3949267443798,142,94,0,0
361.40454407454644,1514,356,0,0
361.4070972194276,1857,241,0,0
361.41453649079136,788,127,0,0
361.4364593951151,40,61,0,0
361.4530814733697,1582,141,0,0
361.46328660657866,396,368,0,0
361.47174115982284,627,200,0,0
361.48900310071906,446,140,0,0
361.57928475372864,11,180,0,0
361.58470912265756,583,290,0,0
361.62496742543055,1472,369,0,0
361.62618243113633,685,669,0,0
361.73141710225144,1512,215,0,0
361.76604818072667,1693,157,0,0
361.77445876018663,773,321,0,0
361.78324953177673,1088,379,0,0
361.7838345957585,1163,239,0,0
361.8041102119484,521,22,0,0
361.8145051689981,1036,686,0,0
361.81556842261125,736,270,0,0
361.82261102214795,427,272,0,0
361.8755686076843,399,263,0,0
361.89954637573913,881,160,0,0
361.9285928567779,9,17,0,0
361.9342389687171,1423,182,0,0
362.0251785484458,821,632,0,0
362.0413795565491,890,430,0,1
362.13283288622625,877,83,0,0
363.5039645648733,674,636,0,0
363.5042886792284,1650,177,0,0
363.5106092459972,1228,1710,0,1
363.5279729146541,73,767,0,0
363.5319715413418,677,113,0,0
363.66484239994514,1123,550,0,0
363.67348028548275,597,690,0,0
364.1475829379698,1717,350,0,0
364.2252569267339,1382,86,0,0
364.2654675764808,18,238,0,0
364.28223045541426,10,115,0,0
364.3754177618644,1257,194,0,0
364.42186206866063,14,3640,0,1
364.745147938937,51,754,0,0
364.78576546661947,209,162,0,0
364.9227350725479,873,26,0,0
364.9627183671498,349,67,0,0
364.9974026540948,1979,265,0,0
364.9982248130429,1474,346,0,0
365.0165414416387,1104,114,0,0
365.05572787672986,192,757,0,0
365.0575278983134,1287,306,0,0
365.0586903195576,142,99,0,0
365.0685864954082,6750,253,1,0
365.1009638870213,1866,12,0,0
365.10158870573156,1221,51,0,0
365.1351585386347,987,370,0,0
365.2558061441166,14,290,0,0
365.2668567930796,566,3200,0,1
365.2959713009958,703,533,0,0
365.3414104487848,852,456,0,0
365.3463007879417,7892,300,1,0
365.4081374360027,1646,33,0,0
365.4523072365933,275,542,0,0
365.4538664992317,1547,237,0,0
365.5043011800018,448,119,0,0
365.60666207944655,305,107,0,0
365.60880444951516,633,663,0,0
365.7097845275912,66,91,0,0
365.72048307815425,229,115,0,0
365.7217538171642,1013,600,0,0
365.72407247354033,1032,120,0,0
365.72720757597483,1777,389,0,0
365.77983060729076,401,221,0,0
365.78679498505534,908,255,0,0
365.7950957727643,1654,16,0,0
365.79657078699125,811,282,0,0
365.8154149190519,1867,592,0,0
365.8169470174849,951,347,0,0
365.82171687844647,1447,203,0,0
365.882384942643,1892,218,0,0
365.94968578650855,1571,230,0,0
365.9559797375773,886,378,0,0
365.9722692317801,7,252,0,0
366.02399305233547,1190,491,0,0
366.04165630753425,24,339,0,0
366.23798534419524,754,311,0,0
366.49504026339025,511,179,0,0
366.51022860328226,669,299,0,0
366.5118023471026,447,179,0,0
366.5251321859165,1032,331,0,0
366.7866806653663,189,72,0,0
366.95579204993714,469,1450,0,1
367.1452769108373,485,323,0,0
367.3114654630058,167,149,0,0
367.3180122379143,1664,68,0,0
367.349386814901,850,31,0,0
367.50598282747234,147,17,0,0
367.5368281844147,614,346,0,0
367.641360839067,1591,470,0,0
367.64383338360926,803,297,0,0
367.6454606525727,1180,552,0,0
368.6419063151384,349,83,0,0
368.7263860970855,943,557,0,0
368.78826694434696,873,269,0,0
369.1271696533519,753,10,0,0
370.6711539769707,1171,288,0,0
376.3508860804282,166,25,0,0
376.3510414237139,1334,391,0,0
376.39122815695237,88,368,0,0
376.53681162056876,1777,305,0,0
376.5372217682498,630,493,0,0
376.5377511785854,978,228,0,0
376.5508381947676,402,339,0,0
377.3562445989141,1205,49,0,0
377.4781393888307,19,278,0,0
378.8560743772224,381,389,0,0
378.889218261765,8062,130,1,0
379.04854661598034,10,367,0,0
379.43980227898334,7422,770,1,0
379.4866089526854,11,16,0,0
379.50459675053986,1601,305,0,0
379.52845007421024,1685,10,0,0
379.52846173624664,711,322,0,0
379.56377470543316,29,755,0,0
379.5642211360616,696,479,0,0
379.5678082706043,1108,1670,0,1
379.6433133600628,56,7700,0,1
379.68400911125707,665,312,0,0
379.68434426004285,643,397,0,0
379.7367278424766,1124,508,0,0
379.81879220350754,1163,186,0,0
379.84589342991484,233,229,0,0
379.9178754547174,1899,286,0,0
379.9745161841476,1718,288,0,0
379.9751135452479,53,35,0,0
379.9869723225731,1556,283,0,0
379.99689924317585,832,278,0,0
379.99847065016235,1570,140,1,0
380.01470343831437,21,290,0,0
380.01818842209724,510,279,0,0
380.0332689817251,1048,430,0,0
380.0364186119549,1078,298,0,0
380.18113153880506,1559,100,0,0
381.68271844898055,25,96,0,0
381.6883538487574,351,186,0,0
381.7075625608761,644,676,0,0
381.72725301461776,1513,296,0,0
381.77037708932966,1522,159,0,0
381.7828829335006,1633,442,0,0
381.7830862203863,798,2920,0,1
381.8187917270602,739,243,0,0
381.8323560174148,642,470,0,0
381.8343959080505,1470,224,0,0
381.8461057809436,1154,2440,0,1
381.8524208938581,95,57,0,0
381.8803748178755,924,19,0,0
381.8895510680255,601,514,0,0
381.8994414116931,1534,244,0,0
381.92088987926496,27,262,0,0
381.94917547587806,561,352,0,0
381.9670179677115,916,517,0,0
382.147780371802,1803,301,0,0
382.17588208807484,1476,288,0,0
382.1795784426355,5750,1760,1,1
382.7304641993122,134,59,0,0
382.7524108602639,406,349,0,0
383.1501723348126,8031,161,1,0
383.1522208389504,822,372,0,0
383.20560478437926,448,459,0,0
383.7495721009864,1830,282,0,0
383.9704303709427,1681,202,0,0
383.991202818461,829,42,0,0
383.9965442342007,785,3710,0,1
384.0016916896068,486,365,0,0
384.0136026869177,15,253,0,0
384.0160665055846,7492,700,1,1
384.01993014976114,816,590,0,0
384.022276626278,125,630,0,0
384.02459904835337,180,277,0,0
384.0523419765284,135,212,0,0
384.052840973913,1144,317,0,0
384.0767534830921,177,2840,0,1
384.14512756093546,1335,454,0,0
384.1477290046435,1552,326,0,0
384.15050061848183,21,108,0,0
384.16850214201855,1134,302,0,0
384.18430003485895,1345,250,0,0
384.2998551332274,1407,34,0,0
384.3001728119773,731,118,0,0
384.3151567318506,245,218,0,0
384.6017430571533,392,1360,0,1
384.6221656461286,9,262,0,0
385.22021192679824,640,50,0,0
386.5903060340603,1388,374,0,0
386.5960796885419,963,318,0,0
386.9454332232358,495,2850,0,1
386.9945176573306,21,363,0,0
387.0114248752591,1255,139,0,0
387.02133767342355,17,278,0,0
387.0325199956865,1364,265,0,0
387.0353233036454,893,299,0,0
387.0477245850491,14,407,0,0
387.16216789007944,13,1340,0,1
387.3801938047445,38,223,0,0
387.3883231583299,352,209,0,0
387.4389506197228,10,331,0,0
387.4845543008005,182,166,0,0
387.48470880470086,490,10,0,0
387.557846149938,971,87,0,0
387.55932420241516,1142,238,0,0
387.5610814255982,435,660,0,0
387.6553083863831,841,769,0,0
388.15947578669125,7661,531,1,0
388.16136173075984,275,46,0,0
388.1643231958624,1156,285,0,0
388.1669183504925,1649,521,0,0
388.17294180232915,1007,247,0,0
388.18097866670433,30,166,0,0
388.18425661439215,1253,65,0,0
388.18491548376466,1333,612,0,0
388.78468521748925,29,925,0,0
388.79099731469665,219,269,0,0
388.7947268970692,1332,241,0,0
388.8988968850657,8027,165,1,0
388.90712633215406,36,590,0,0
389.0577997675691,99,68,0,0
389.1404302428602,54,199,0,0
389.26430223331903,50,32,0,0
389.27200359198815,451,218,0,0
389.33338149886146,1772,314,0,0
389.3341474589248,142,223,0,0
389.3352409071192,335,222,0,0
389.3549209762522,314,407,0,0
389.36422929533194,1272,92,0,0
389.61917807329246,312,97,0,0
389.6291735452728,1285,63,0,0
389.62967196440127,431,587,0,0
389.6492351263593,1747,172,0,0
389.6588216280408,337,157,0,0
389.6841657558184,5630,287,1,0
389.6858430178316,1196,285,0,0
389.6895042876101,1187,117,0,0
389.70917184706394,386,144,0,0
389.7858643698955,253,207,0,0
389.82555691254913,768,421,0,0
389.90429681277476,296,182,0,0
389.9052459351638,225,188,0,0
389.9166340957311,753,599,0,0
389.9437882713016,846,219,0,0
390.0651473518795,1725,315,0,0
390.0950792986351,963,294,0,0
390.10597000930807,508,419,0,0
390.1198766490644,1611,32,0,0
390.13468037147396,1794,395,0,0
390.13569542503325,520,43,0,0
390.15452751780913,142,311,0,0
390.2439321427074,432,238,0,0
390.3179781832756,511,564,0,0
390.31840677962026,1353,399,0,0
390.33624455079,938,86,0,0
390.3371248941488,381,261,0,0
390.4969069929259,548,226,0,0
390.54963030398045,566,228,0,0
390.6236366936647,426,182,0,0
390.6283574405148,540,45,0,0
390.62873009182823,506,328,0,0
390.6309482205067,655,210,0,0
390.6397973244655,1778,638,0,0
390.64068881808737,725,765,0,0
390.64308131286134,1494,459,0,0
391.2432292502441,942,180,0,0
391.2445115587878,1032,230,0,0
391.29828353832744,628,205,0,0
391.2987142132248,850,394,0,0
391.3284523436144,8003,189,1,0
391.42447187702334,59,159,0,0
391.4684227704249,296,103,0,0
391.66901503205816,35,506,0,0
392.3242093575259,1512,95,0,0
392.3253496555839,1769,405,0,0
392.35605096527803,1291,322,0,0
392.4073925620458,1448,273,0,0
392.4499906489242,1392,242,0,0
392.89032436499224,347,201,0,0
392.9223539828785,320,2400,0,1
393.12768543861904,1973,241,0,0
393.31583751860904,43,375,0,0
393.3409402645095,602,225,0,0
393.3970410810773,920,248,0,0
393.40111355364166,926,258,0,0
393.43654662524574,1262,361,0,0
393.46428584316357,362,453,0,0
393.4784119240138,1324,142,0,0
393.4859870367244,7,285,0,0
393.6192766252311,632,21,0,0
393.6347283753158,1109,526,0,0
395.47494786511885,1733,141,0,0
395.74060186949856,758,200,0,0
395.82960270071385,135,146,0,0
395.83571543661174,635,252,0,0
395.9557211619063,11,159,0,0
395.98179107562595,963,422,0,0
396.00528913709275,4050,111,1,0
396.0075011394928,353,38,0,0
396.0708311326002,755,440,0,0
396.10352283762677,851,235,0,0
396.1114203952747,811,235,0,0
396.1166366737661,630,318,0,0
396.1282518839971,1646,762,0,0
396.1296813379953,300,361,0,0
396.13637554962276,1717,767,0,0
396.4546325556551,327,279,0,0
396.46015794049873,76,400,0,0
398.5130764684175,909,304,0,0
398.51446950792644,334,349,0,0
398.69344209372576,105,26,0,0
398.8706884931386,557,491,0,0
399.07754403871553,762,17,0,0
399.1412300839115,1599,4,0,0
399.14204920181464,7619,573,1,0
399.3423909419245,761,119,0,0
399.51398795269887,323,167,0,0
399.53596330863996,152,301,0,0
399.53614433899,1536,384,0,0
399.7086630825969,1069,758,0,0
399.71183015218344,1405,131,0,0
399.7234383426958,1320,767,0,0
399.9635540827888,1690,356,0,0
400.24929969513016,443,223,0,0
400.2925964877597,11,42,0,0
400.2991881164154,1052,2770,0,1
400.9062317371144,599,409,0,0
401.10743967361253,196,77,0,0
401.1221443092768,1296,493,0,0
401.1250534803862,1778,477,0,0
401.16029449124807,466,226,0,0
401.1616152963161,1090,162,0,0
401.84312909559844,1518,212,0,0
401.89745402472397,7,132,0,0
401.9070700007347,276,255,0,0
401.95143159219333,1865,1600,0,1
401.9521198579469,1313,142,0,0
401.9690937608445,312,328,0,0
401.97446772142723,770,62,0,0
401.9752791734905,343,230,0,0
401.9806779284729,1849,83,0,0
402.0191450400984,488,311,0,0
402.02023124115556,35,710,0,0
402.0330685849183,656,185,0,0
402.0340919724067,403,156,0,0
402.0623605735482,969,33,0,0
402.0629127454258,1040,709,0,0
402.1415969513693,448,216,0,0
402.2126322809841,236,356,0,0
402.31190597867777,2239,80,0,0
403.0127718080753,684,302,0,0
403.0390995214784,155,139,0,0
403.06269429777166,507,246,0,0
403.125053388794,24,345,0,0
403.1323238402437,541,534,0,0
403.13273388938495,1246,473,0,0
403.13431209901415,1412,364,0,0
403.1358974419835,228,121,0,0
403.1629584969898,1203,93,0,0
403.16804517842957,5790,147,1,0
403.17632715658743,1116,374,0,0
403.2328874478698,30,68,0,0
403.25951946934157,1430,256,0,0
404.2690061129664,24,107,0,0
404.2855007395738,2357,153,0,0
404.28825500987773,1805,404,0,0
404.52027990451353,985,191,0,0
404.5282221889601,448,291,0,0
404.54404433810856,550,671,0,0
404.6785070477841,18,97,0,0
404.7047992668025,469,195,0,0
404.7793006265031,922,59,0,0
404.7846121501578,46,164,0,0
404.7948558036772,1422,26,0,0
404.86218985689374,1979,877,0,0
404.86859947438836,254,769,0,0
404.87714682906187,1375,391,0,0
404.89468697868864,21,208,0,0
405.36195469646407,1635,769,0,0
405.73306036594596,382,450,0,0
405.7639776114398,220,17,0,0
405.7864487222551,683,171,0,0
405.7913094631048,1108,157,0,0
406.07249763039255,1374,272,0,0
406.11819501657897,1002,242,0,0
406.2519011590644,54,56,0,0
406.2531085526045,906,202,0,0
406.35550644745973,4702,3490,1,1
406.38343742553667,656,436,0,0
406.4775625867317,679,769,0,0
406.64355859205506,514,319,0,0
406.6649274533799,242,30,0,0
406.67500170743904,1559,174,0,0
406.75930694390627,37,316,0,0
406.7611884888337,664,185,0,0
407.1329807049981,1406,599,0,0
407.17562291059807,1723,740,0,0
407.1779304795204,247,333,0,0
407.46369655290806,90,205,0,0
407.61347653380733,1679,25,0,0
408.08643958178504,1904,42,0,0
408.2504155653334,6,307,0,0
408.3100732785829,955,9,0,0
408.33068979554884,1350,298,0,0
408.33337181712636,10,3060,0,1
408.43531409796515,347,65,0,0
408.50944334378505,1149,510,0,0
408.5191788222969,207,16,0,0
408.59382320350886,350,246,1,0
408.5976365855281,742,333,0,0
408.7883659982429,114,572,0,0
408.81938123274335,1210,399,0,0
408.8567229464627,658,329,0,0
408.86202549290897,1235,349,0,0
409.014019738317,1005,251,0,0
409.0455583129684,1602,131,0,0
409.0527499078812,1872,270,0,0
409.1019571022679,1639,478,0,0
409.11685797269,1856,21,0,0
409.2987145126365,1650,87,0,0
409.29978605589855,597,329,0,0
409.3020295254404,7,39,0,0
410.5874342520803,774,313,0,0
410.5956967367358,729,3450,0,1
410.65556385988924,39,211,0,0
410.66544661761117,679,190,0,0
410.6993424001809,796,178,0,0
414.8986506917144,188,21,0,0
414.89907047289114,455,176,0,0
414.96450278091453,7792,400,1,0
414.98902814372354,55,456,0,0
415.0124331866984,1834,18,0,0
415.01692755959624,7532,660,1,0
415.0201665848048,1078,198,0,0
415.35379199121854,532,329,0,0
415.4137816306574,1587,125,0,0
415.41574466676343,103,122,0,0
415.43754204231556,1753,89,0,0
415.43902791774417,983,349,0,0
422.25115733007317,5,243,0,0
422.2970125504377,61,465,0,0
422.2975916731343,50,617,0,0
422.4346857566128,128,112,0,0
422.5097030600555,708,50,0,0
422.54960814530284,838,152,0,0
422.5801273569263,6,84,0,0
422.58716280237843,1433,68,0,0
422.6016443302331,557,260,0,0
422.60201202822617,972,715,0,0
422.8916315209954,526,608,0,0
424.07230793229076,440,238,0,0
424.12989086988756,14,310,0,1
424.2022890678577,149,325,0,0
424.20365264284993,9,225,0,0
424.21256698700216,9,23,0,0
424.213788171113,5090,417,1,0
424.2153036380447,1542,2950,0,1
424.276857548898,1641,400,0,0
424.63506709072874,49,206,0,0
424.65329015915756,1302,117,0,0
427.6669095210615,1748,9,0,0
427.77550051771703,1028,540,0,0
427.77572439179664,409,512,0,0
427.7849111863224,396,396,0,0
428.06780634980396,1141,412,0,0
428.09610055168645,74,386,0,0
428.2617385604239,875,769,0,0
428.26243810514217,1798,503,0,0
428.5286441977229,287,146,0,0
428.5305473915728,730,80,0,0
428.57119051601205,86,425,0,0
430.01277576679917,1717,524,0,0
430.0364786017347,729,100,0,0
430.0492611689231,434,798,0,0
430.1435562838174,1764,524,0,0
430.14738360232803,163,147,0,0
430.1503894882507,1181,555,0,0
430.2946922089596,932,233,0,0
430.2957038397913,133,135,0,0
430.2973698125038,477,497,0,0
430.98746479012306,22,162,0,0
430.9890981195278,72,210,0,0
431.0380918377633,401,286,0,0
431.2236169997716,759,655,0,0
431.24144568375823,420,245,0,0
431.2438173414438,1557,732,0,0
431.34826428139894,1388,441,0,0
431.35132048412885,705,256,0,0
432.7475547804532,1196,347,0,0
434.45730967387783,1851,161,0,0
434.4598372499839,1595,265,0,0
434.52371788403536,821,750,0,0
434.52853995293793,1732,311,0,0
434.5709865028303,541,64,0,0
434.5828816922026,1283,285,0,0
434.5856377792162,591,270,0,0
434.64119866147286,12,200,0,0
434.6419127717126,1563,357,0,0
434.6786053315717,110,701,1,0
434.692949256228,467,150,0,0
434.6970127329599,573,281,0,0
434.8169123138861,579,107,0,0
434.8380878361308,1453,667,0,0
434.84777406412957,13,187,0,0
434.8616976805497,127,257,0,0
434.8740488954535,727,330,0,0
435.0000140857108,577,585,0,0
435.01079937062707,10,246,0,0
435.0108565035556,276,338,0,0
435.01089398891577,196,81,0,0
435.013204534438,1461,464,0,0
435.014736602536,1831,327,0,0
435.02577746734806,8,167,0,0
435.02702969664836,1126,294,0,0
435.0308090306646,840,206,0,0
435.3017938012861,758,729,0,0
435.30309718419267,1485,24,0,0
435.4080782695693,1337,235,0,0
435.42303846043404,970,25,0,0
435.68507761899747,7423,769,1,0
435.80165993896,8,127,0,0
435.8235178794386,7476,716,1,0
435.994116740792,404,246,0,0
436.0248633355635,462,184,0,0
436.02692623377106,1264,362,0,0
436.08063594606887,1776,121,0,0
436.13545382417647,1083,767,0,0
436.15136700394197,528,95,0,0
436.1853392105143,464,174,0,0
436.1938394672265,28,2940,0,1
436.2330912932737,693,457,0,0
436.24489720267616,13,134,0,0
436.2458249734154,528,268,0,0
436.25785482497355,1516,402,0,0
436.7629730707418,1125,770,0,0
436.87153051949787,1188,276,0,0
437.2939033270854,704,87,0,0
437.3146610901181,450,156,0,0
437.32381237853394,901,174,0,0
437.32625497016846,568,28,0,0
437.354315140648,94,766,0,0
437.5151236662081,1756,320,0,0
437.6218397839222,1526,579,0,0
437.7134412569473,372,399,0,0
437.7208942222735,1041,230,0,0
437.74657815229557,30,19,0,0
437.7509492216502,1688,265,0,0
437.8595709419864,405,204,0,0
437.9283346064615,522,7670,0,1
437.9340780810173,1290,306,0,0
437.96063831999487,63,199,0,0
437.9608565958332,1667,204,0,0
438.0452313018238,719,275,0,0
438.0491960098271,519,482,0,0
438.0589644532132,1743,763,0,0
438.12761314920544,441,288,0,0
438.2068003291607,1240,332,0,0
438.21208596266365,983,42,0,0
438.7078654817857,311,78,0,0
439.87851802901304,422,424,0,0
440.25068506719316,1092,253,0,0
440.5329645873128,501,315,0,0
440.5557590786539,1089,1550,0,1
440.88756634868815,134,95,0,0
440.8910579590132,1466,262,0,0
440.89324481751765,1424,172,0,0
440.9213605102388,7,427,0,0
440.9552971688183,1198,297,0,0
440.9588863030877,1765,479,0,0
441.6805613171221,1257,283,0,0
441.68163840670525,1267,336,0,0
441.68195746476476,1459,735,0,0
441.6909502886479,1870,305,0,0
442.23074236298856,1271,27,0,0
442.3210051349095,1373,646,0,0
442.3613134075408,105,89,0,0
442.3877466171783,652,10,0,0
442.44961767627564,692,302,0,0
442.4876378088208,1487,281,0,0
442.5120148373967,763,329,0,0
442.52755778661424,599,41,0,0
442.5283521718301,1621,276,0,0
442.66693892772196,1133,261,0,0
442.6752965334806,59,269,0,0
442.71738742219014,7977,215,1,0
442.77030874566543,360,267,0,0
442.92776151594114,1634,33,0,0
442.9317990564578,35,771,0,0
443.0344552575256,143,820,0,1
443.14285147881503,1548,455,0,0
443.15864138639506,23,20,0,0
443.1763546415764,586,369,0,0
443.2027818881679,1797,307,0,0
443.2052948675378,33,256,0,0
443.21313151455325,7899,293,1,0
443.21513123466883,339,383,0,0
443.4260421593483,7458,734,1,0
443.4301022190325,186,92,0,0
443.43236583629937,1514,443,0,0
443.4587961812133,786,435,0,0
443.5156937394718,1590,495,0,0
443.5249126109338,248,95,0,0
443.52777586768246,342,273,0,0
443.57243653052154,2402,133,0,0
443.67831027501177,831,252,0,0
443.6790316251791,1600,189,0,0
443.797034476686,23,114,0,0
443.7975814092223,577,629,0,0
443.8692557480419,2490,290,1,0
443.8771705649652,25,156,0,0
443.88868074085747,177,262,0,0
443.9692908720445,763,101,0,0
444.3132226900024,1353,7,0,0
445.5645758096077,1196,325,0,0
445.8616129152963,123,247,0,0
445.93734392680324,371,454,0,0
445.93865510338867,8164,28,1,0
445.94713716867545,20,521,0,0
445.9720320981871,1756,161,0,0
445.9777829666365,256,180,0,0
446.03925959638303,119,91,0,0
446.0509684733515,1133,252,0,0
446.73955170270574,968,289,0,0
446.75274033804584,1508,9,0,0
446.75424416924994,1462,719,0,0
446.7610606849899,1436,283,0,0
446.76556766008724,1650,340,0,0
446.8440564994316,876,626,0,0
447.15737422294745,520,43,0,0
447.30396177935967,471,242,0,0
447.4517274471351,114,92,0,0
447.45654917524695,1032,399,0,0
447.4586378488699,754,427,0,0
447.4624747232891,795,266,0,0
447.4829891697967,73,195,0,0
447.4926414777316,802,444,0,0
447.52684922668624,364,537,0,0
447.677396137177,1159,63,0,0
447.7003108539862,10,396,0,0
448.29190180734287,111,204,0,0
448.29605865432563,1006,377,0,0
448.3660198263305,1278,294,0,0
448.3835079689756,37,11,0,0
448.53176632953904,1796,342,0,0
448.5502342865985,1072,301,0,0
448.55704584157513,1615,166,0,0
448.5724027096074,770,168,0,0
448.5757879525825,5,413,0,0
448.5779718171389,1197,128,0,0
448.67560588281975,661,239,0,0
448.68146264859115,599,503,0,0
448.9034408796664,516,145,0,0
451.8961539533955,1923,240,0,0
451.9053443756828,1112,607,0,0
452.0169465123545,1930,318,0,0
452.0335047868966,13,10,0,0
452.033942435612,382,462,0,0
452.0499420967071,1598,12,0,0
452.4219398810798,487,169,0,0
452.42362818254594,1143,329,0,0
452.43739790162925,25,4910,0,1
452.4508189160484,1315,412,0,0
452.45186484205806,446,249,0,0
452.48760052699333,1528,296,0,0
452.50170752897435,1008,263,0,0
452.5619580927783,1797,316,0,0
452.5828627380345,190,22,1,0
452.5839663159331,275,258,0,0
452.6084306164854,1280,581,0,0
452.67407287703116,275,272,0,0
452.685382507449,1501,162,0,0
452.7427335950704,1700,491,0,0
452.798185618019,4,218,0,0
452.79843324429305,778,769,0,0
452.8627800321673,1050,23,0,0
452.86309593636855,972,313,0,0
452.86446044454397,18,12,0,0
452.87817327785774,969,209,0,0
452.880674579634,1404,732,0,0
452.8841759355412,370,551,0,0
453.0462580690034,1169,757,0,0
453.0482929014702,463,1820,0,1
453.23478184078084,1645,395,0,0
453.9081562218561,15,235,0,0
454.19569321352276,580,217,0,0
454.197575554612,1847,418,0,0
454.1983663009855,1749,140,0,0
454.21767406247045,640,425,0,0
455.4093978738719,346,5400,0,1
455.4204654596441,469,102,0,0
455.4259542131107,686,42,0,0
455.43918525348846,507,148,0,0
455.5155932708179,508,136,0,0
455.7001581869644,1178,228,0,0
455.71694267299563,764,761,0,0
455.7299176404509,306,275,0,0
455.7767196535354,116,214,0,0
455.7947954537386,870,346,0,0
455.8022008231596,1272,387,0,0
455.80268998169385,773,479,0,0
455.8241485585479,68,612,0,0
455.82917765930057,1200,96,0,0
455.8397075308737,510,598,0,0
455.84903779618554,1197,262,0,0
455.85190135035117,79,249,0,0
455.9031809446989,281,75,0,0
456.04666971422256,69,397,0,0
456.095335402556,897,392,0,0
456.0998995658411,320,13,0,0
456.12369506783637,1363,64,0,0
456.19218984402943,2283,121,0,0
456.2059329285981,667,418,0,0
456.2743267217369,1704,191,0,0
456.27532126013443,1022,353,0,0
456.28625932118223,1039,176,0,0
456.58689457390574,56,230,0,0
456.7117031356672,1214,12,0,0
456.7248781021676,9,348,0,0
456.7466322697437,15,279,0,0
458.02099044435994,608,103,0,0
458.1739803203981,263,197,0,0
458.1781960804261,1273,495,0,0
458.210307705922,968,110,0,0
458.2172458200048,1437,62,0,0
458.2225657312346,11,271,0,0
458.22411301717545,776,104,0,0
458.29698219112623,1833,268,0,0
459.7912518042999,691,169,0,0
459.8895057906108,1468,16,0,0
459.89079494197557,5,254,0,0
459.94186214189614,404,191,0,0
459.9428152816665,1314,427,0,0
459.97066052858884,789,90,0,0
460.1173714244464,21,32,0,0
460.46258451117217,1840,264,0,0
460.48548684047387,166,111,0,0
460.51976078275885,66,227,0,0
460.5382284317262,1472,305,0,0
460.55104524412656,1020,87,0,0
460.9623807425749,793,285,0,0
460.96506828983286,1010,398,0,0
460.9658151427099,4200,14,1,0
461.5676261209069,1457,555,0,0
463.250628485319,785,303,0,0
463.251373182964,798,27,0,0
463.3694309547488,1019,238,0,0
463.4603771768224,252,191,0,0
463.4681900325155,473,270,0,1
463.4708696941892,1321,227,0,0
463.4957240535257,11,151,0,0
463.5050246874977,1549,366,0,0
463.5982469272979,1153,371,0,0
463.6033626156518,17,702,0,0
463.79536728564244,159,56,0,0
463.8005008253847,130,73,0,0
464.2734315480402,154,248,0,0
464.380800273163,654,512,0,0
464.5576812170741,320,226,0,0
464.56607155663266,1513,548,0,0
464.57755011891567,25,311,0,0
464.592661739172,692,277,0,0
464.7868674459935,1010,146,0,0
464.79170640015724,270,202,0,0
464.79549322383457,209,183,0,0
464.8070616034927,861,449,0,0
464.8441033168624,266,193,0,0
464.8595847365648,75,324,0,0
464.8755598388994,942,175,0,0
464.8768713024945,181,1090,0,1
464.88213901464786,1866,368,0,0
464.88426307825944,1360,111,0,0
465.0315035611989,1493,476,0,0
465.04817043036843,353,285,0,0
465.1184986954719,7970,222,1,0
465.11980442270294,3150,180,1,0
465.13658899020834,1770,415,1,0
465.17478026054255,1247,770,0,0
465.17696870659955,200,188,1,0
465.18193039104597,581,245,0,0
465.188352384531,1746,561,0,0
465.21258062754765,625,259,0,0
465.2442543112576,1731,336,0,0
465.2453078342914,732,556,0,0
465.2802173811798,455,308,0,0
465.3075664366469,833,2550,0,1
465.33980798042273,791,96,0,0
465.3429587840507,95,103,0,0
465.35853776576437,1414,517,0,0
465.59027186947117,473,359,0,0
465.7686925165057,1501,310,0,0
465.7739565660397,863,275,0,0
466.2154380919659,679,116,0,0
466.2231670227013,1244,220,0,0
466.2261472460441,20,6,0,0
466.3952603922381,506,157,0,0
466.42962920561877,1078,289,0,0
468.17922578981336,991,226,0,0
468.19049720245175,2922,151,0,0
468.2139168661789,1218,79,0,0
468.29186402751105,288,638,0,0
468.32227032897595,816,2860,0,1
468.3303016396452,757,185,0,0
468.3483409624441,185,27,0,0
468.3655337731398,1626,524,0,0
468.3827997601395,27,435,0,0
468.39971898554523,1002,577,0,0
468.40054818590625,870,164,0,0
468.5075173027207,147,20,0,0
468.5127219817538,1589,242,0,0
468.523720859588,1239,211,0,0
468.5274241239211,954,501,0,0
468.5393085286058,80,23,0,0
468.6662353341711,879,1120,0,1
468.89263740150676,1580,346,1,0
468.92706590880823,267,573,0,0
468.95203336705123,1162,483,0,0
468.95839654964107,39,191,0,0
468.968702643756,583,550,0,0
468.9975224330947,628,2100,0,1
469.0107393328274,1644,221,0,0
469.01324197233697,1322,457,0,0
469.03371357451937,1513,130,0,0
469.03594525995254,1101,238,0,0
470.172521008362,7871,321,1,0
470.2058626760538,313,685,0,0
470.2116811737394,315,180,0,0
470.2575246773075,1260,307,0,0
470.2615780314579,1205,56,0,0
470.2724680247167,283,306,0,0
470.6741818751112,1909,33,0,0
470.9117494642702,448,4,0,0
470.9134411190956,394,334,0,0
470.9153751926874,335,10,0,0
470.92184634846024,597,281,0,0
472.56024989910185,385,330,0,0
472.5806978964793,1630,325,0,0
472.6109657117552,1295,495,0,0
472.6174873121276,1764,113,0,0
472.8744654203018,607,307,0,0
472.99874901567944,123,66,0,0
472.9993174357179,14,345,0,0
473.0026324010355,917,633,0,0
473.00309500612605,257,389,0,0
473.00486317391085,1591,174,0,0
473.0083947333966,28,26,0,0
473.0096387122549,523,118,0,0
473.0146726088803,1782,182,0,0
473.08656287651837,1500,16,0,0
473.25828495161613,1136,473,0,0
473.2808802493044,1236,106,0,0
473.3581161714732,955,394,0,0
473.3593116691484,658,768,0,0
473.70307174194835,50,665,0,0
475.4769076128863,806,32,0,0
475.49039223665716,1199,193,0,0
475.54698469780743,1074,357,0,0
475.5837507241967,530,510,0,0
475.58398537954554,90,2590,0,1
475.7222435691326,36,339,0,0
475.76913467386726,1057,517,0,0
475.7698382910573,883,198,0,0
475.7776072955768,1219,100,0,0
475.96046154075685,28,390,0,0
476.0172954070162,1996,1240,0,1
476.01843822849867,17,425,0,0
476.0241517360359,147,191,0,0
476.028676130676,842,330,0,0
476.053053502708,1712,480,0,0
476.0574237257595,1578,244,0,0
476.07717944064234,7776,416,1,0
476.08984017972585,860,327,0,0
476.0907623677433,8004,188,1,0
476.13123587048324,284,69,0,0
476.16122405897266,977,431,0,0
476.1657557540232,304,92,0,0
476.24459762997867,156,1090,0,1
477.9981356129868,1569,767,0,0
477.99888307993035,213,122,0,0
478.0265712561929,555,83,0,0
478.1220806054753,1745,193,0,0
478.14113057421054,1362,172,0,0
478.1467119123292,603,216,0,0
479.60714276154454,1244,364,0,0
479.6136621754008,224,221,0,0
479.62738723559113,1648,770,0,0
479.6321978804841,1772,25,0,0
479.8359604932738,1879,180,0,0
479.8362052510293,943,348,0,0
479.8391680239983,779,321,0,0
479.8463030872193,486,454,0,0
479.879825380843,1683,768,0,0
479.9154605814185,1137,326,0,0
480.04548193904395,93,470,0,0
480.0594163347122,1813,237,0,0
480.0635063135867,818,567,0,0
480.0792280044953,424,69,0,0
480.0823480445809,6460,155,1,0
480.0884535823765,31,24,0,0
480.09529433852106,1411,637,0,0
480.12825560406736,1012,232,0,0
480.2229533078156,94,556,0,0
480.2249205917341,1551,374,0,0
480.2303419419916,49,112,0,0
480.2473498194661,645,178,0,0
480.2657252656293,405,1180,0,1
480.2764613465129,853,753,0,0
480.33319955346343,1496,171,0,0
480.34476256383135,1679,25,0,0
480.3453067290889,1180,194,1,0
480.59388252064247,557,491,0,0
480.5953474085885,1436,257,0,0
481.06596407628126,1125,374,0,0
481.0961763683155,19,85,0,0
481.1304229658376,273,183,0,0
481.13137442692175,625,287,0,0
481.16216849585015,115,123,0,0
481.17403205270375,1157,325,0,0
481.1773757067753,6,240,0,0
481.2310289854671,957,394,0,0
481.3110815111382,374,273,0,0
481.5034996364821,12,188,0,0
481.50505864928544,1155,28,0,0
481.5087926656066,291,493,0,0
481.7955437653892,1396,404,0,0
481.8468672340381,212,613,0,0
481.9376581083825,597,50,0,0
481.9440296633083,14,208,0,0
481.98069807132583,1593,162,0,0
482.07302917587185,641,359,0,0
482.074630767642,781,279,0,0
482.07936018151133,1520,233,0,0
482.1094741056139,592,95,0,0
482.3932170681227,1524,744,0,0
482.4011428481904,181,49,0,0
482.4708536298179,1995,100,0,0
482.4743792786886,777,520,0,0
482.4761398124152,714,503,0,0
482.54092510213394,1605,73,0,0
482.54339058537477,1223,76,0,0
482.563661138005,927,30,0,0
482.56986941820577,27,176,0,0
482.62193367228457,435,231,0,0
482.6234774291676,336,335,0,0
482.62464878141054,1640,455,0,0
482.6257830336564,721,173,0,0
482.6383318132869,1579,705,0,0
482.87178416053433,1200,337,0,0
482.96623463881576,584,65,0,0
482.9934273431631,449,721,0,0
483.00745225434576,7,89,0,0
483.2108463068785,474,601,0,0
483.22594854441144,4680,102,1,0
483.36985940470396,1554,434,0,0
483.6370191808138,770,53,0,0
483.70702419756446,52,4430,0,1
483.74707587436154,683,394,0,0
483.78646121877483,6,183,0,0
483.80199196630247,223,36,0,0
483.83373807022815,8156,36,1,0
483.83695539318177,358,119,0,0
483.8404058198932,334,1220,0,1
484.238015282787,1652,244,0,0
484.2522606703964,1915,2950,0,1
484.2529044677638,731,510,0,1
484.5136806346094,242,109,0,0
484.77463972531433,122,193,0,0
484.8183840843598,287,104,0,0
484.8199707909522,45,8,0,0
485.6419764505081,1568,209,0,0
485.7943281145949,1258,292,0,0
485.99869795417226,294,210,0,0
486.00978519903873,1681,66,0,0
486.05080207518296,892,345,0,0
486.06129217183513,901,2600,0,1
486.0726014512033,273,336,0,0
486.0744085929628,466,335,0,0
486.07825505930424,436,496,0,0
486.0848491985104,634,284,0,0
486.10419579381835,213,33,0,0
486.2290668568977,326,214,0,0
486.28248796318803,1292,245,0,0
486.283003167968,766,162,0,0
486.4203193283311,332,149,0,0
486.42123619651665,313,313,0,0
486.4675333729451,626,178,0,0
486.47960084585907,25,326,0,0
486.49980218178916,7330,738,1,0
486.50670229922474,210,397,0,0
486.5089114221535,76,330,0,0
486.9402572772686,970,196,0,0
486.9403997938088,136,101,0,0
486.94345539180625,294,192,0,0
487.18008418969,631,108,0,0
487.1971290510473,25,373,0,0
487.2151551263077,908,60,0,0
487.21838129776467,1736,306,0,0
487.22025173246146,559,564,0,0
487.27625303926504,1280,344,0,0
487.2886568394988,1820,298,0,0
487.322465211638,1397,273,0,0
487.40119532820404,217,289,0,0
487.4017771474668,293,777,0,0
487.40400037191426,774,273,0,0
487.40858593129224,1627,275,0,0
487.43544205089313,463,616,0,0
487.5035597137896,570,221,0,0
487.5057742776053,541,320,0,0
487.51692809952783,284,121,0,0
487.5307260238311,53,767,0,0
487.5444807549078,1392,94,0,0
487.9202820555932,928,129,0,0
487.92422540672396,788,448,0,0
487.94778397091414,15,277,0,0
487.9479577343285,18,264,0,0
487.9615861118126,101,45,0,0
487.9831425501217,428,352,0,0
488.0521050408221,1690,32,0,0
488.058292219434,538,770,0,0
488.0639333715173,1739,334,0,0
488.06549183446185,3110,197,1,0
488.07180793202116,1692,369,0,0
489.9793047679841,222,273,0,0
489.9798766725171,18,253,0,0
489.980457998772,1351,343,0,0
490.0011560651694,406,416,0,0
490.0037815942019,547,503,0,0
490.20534389593087,1819,385,0,0
490.20620472198726,562,81,0,0
490.65797723663695,1050,189,0,0
490.66507795030384,821,5810,0,1
490.66571581629,482,616,0,0
490.66592420007134,1056,417,0,0
490.6687768182869,1011,334,0,0
490.67350140344007,350,92,0,0
490.70872623594903,1678,104,0,0
490.7100467456912,770,397,0,0
498.09662855651396,1062,740,0,0
498.1880380299772,1480,357,0,0
498.19995645858444,228,143,0,0
498.20567179091285,732,221,0,0
501.9108202202431,246,262,0,0
501.9146065683263,628,50,0,0
501.9931650577571,789,545,0,0
502.3259276373271,145,212,0,0
502.3286707750851,771,553,0,0
502.38482103904033,935,211,0,0
502.39135743735403,1004,355,0,0
502.6736608869118,1159,215,0,0
502.9960673604565,8024,168,1,0
503.0488881132584,7,315,0,0
503.07354633925115,586,141,0,0
503.0751178971739,1280,1950,0,1
505.4534624017175,383,114,0,0
505.82265758899393,811,132,0,0
505.8987635580925,19,147,0,0
506.2593399130335,69,300,0,1
506.2781489760577,9,206,0,0
506.28008953209394,10,410,0,0
506.3993284537689,16,251,0,0
506.4019699983923,1792,314,0,0
506.4082581764302,639,225,0,0
506.490061755216,990,172,0,0
506.49084763285776,867,3350,0,1
506.51009902856265,29,591,0,0
506.52017603177944,755,671,0,0
506.521955578343,496,140,0,0
506.52356402846624,1400,102,0,0
506.53529628408296,222,154,0,0
506.54535506806064,1686,357,0,0
506.57034873932,1466,3970,0,1
506.5712578833653,197,768,0,0
506.5927189992193,9,222,0,0
506.5941672935491,997,362,0,0
506.59775226175975,1756,27,0,0
506.7233857675194,1281,308,0,0
506.7280252301805,1515,54,0,0
506.73474803041154,1330,75,0,0
506.7382941443304,1498,437,0,0
506.75604114937687,1266,37,0,0
506.85227043663195,966,721,0,0
506.861255787204,18,688,0,0
506.9296379877222,355,318,0,0
506.9309666767349,429,231,0,0
506.97647037091036,32,164,0,0
506.990972708242,1017,547,0,0
507.0118796536848,588,224,0,0
507.0147171178036,91,747,0,0
507.0199774706498,659,649,0,0
507.05342474854297,1054,228,0,0
507.05512319871207,7586,606,1,0
507.1394111665072,136,287,0,0
507.1469116688113,1571,457,0,0
507.1915760247884,546,150,0,0
507.1934614794476,1581,189,0,0
507.19416264343755,39,343,0,0
507.25911509884423,398,504,0,0
507.3303100416901,458,198,0,0
507.3468759255803,5,71,0,0
507.4137093675675,1776,165,0,0
507.43130073696085,1590,224,0,0
507.49890315754004,7422,770,1,0
507.52309245251865,276,336,0,0
507.5257005570612,782,22,0,0
507.6903589221468,1343,445,0,0
507.6929935073548,1703,304,0,0
509.34847866677745,599,409,0,0
509.3619364766905,156,174,0,0
509.36476334558637,486,581,0,0
509.37655875542276,1605,3180,0,1
509.39718178352973,1126,231,0,0
509.4211074674052,1637,323,0,0
509.4769070406228,1781,394,0,0
509.4824495395252,317,320,0,0
509.4827480706404,1669,157,0,0
509.48608207343324,291,767,0,0
509.53006438954856,1086,204,0,0
509.70294089800194,53,179,0,0
509.7032863539031,788,200,0,0
509.7260912754697,812,223,0,0
509.899760353384,640,900,0,1
509.9008810711289,268,138,0,0
510.47034914016876,271,248,0,0
510.47435391064766,310,242,0,0
510.4891844187346,1823,3730,0,1
510.4961459879098,949,370,0,0
511.16430481696983,11,235,0,0
511.2778971733212,1596,253,0,0
511.3025726796642,833,417,0,0
511.3117809260891,150,43,0,0
511.31242302603647,318,1830,0,1
511.3228621457448,9,299,0,0
511.32842259375707,25,373,0,0
511.3430044758637,315,282,0,0
511.34340773091856,567,279,0,0
511.58073022811953,440,55,0,0
511.6971424633937,1035,98,0,0
512.1618699203503,1622,41,0,0
512.1676466749254,1617,52,0,0
512.185069526959,212,23,0,0
512.1866715712392,176,341,0,0
512.2976761945055,1681,348,0,0
512.3096998554802,168,207,0,0
512.8509134762515,6,176,0,0
512.9329653479757,422,200,0,0
513.0214079551085,1232,306,0,0
513.0782059432585,348,151,0,0
513.079181926683,647,9,0,0
513.1606587176299,1210,311,0,0
513.1614073767796,697,373,0,0
513.1960409450026,890,640,0,0
513.2580751686298,1143,418,0,0
513.2599301795776,523,293,0,0
513.2652547078961,6,227,0,0
513.2785698782271,1374,404,0,0
513.3109914479014,842,196,0,0
513.3450435025808,2037,491,0,0
513.3652465254844,1244,667,0,0
513.3685011173066,196,333,0,0
513.4014903822801,1324,730,0,0
516.1819109292726,397,326,0,0
516.1878136735422,644,506,0,0
516.6474353581319,332,361,0,0
516.6491375427314,7888,304,1,0
516.6542887765742,669,129,0,0
516.922446040783,337,356,0,0
517.0248168477475,1307,266,0,0
517.4954466594629,1208,428,0,0
517.5574859737969,1175,326,0,0
517.5629171176417,774,244,0,0
517.5843750108072,951,78,0,0
517.5919112895031,1761,344,0,0
517.7423853998683,1045,267,0,0
517.8055628002336,1641,328,0,0
518.0310150302694,8086,106,1,0
518.0356237278546,159,251,0,0
518.0466816734233,791,1370,0,1
518.0544314300763,290,281,0,0
518.0632068047005,360,331,0,0
518.0765209415816,6,167,0,0
518.3149050957614,953,347,0,0
518.3393709712636,818,235,0,0
518.5349844660042,761,296,0,0
518.5627492875961,1647,99,0,0
518.5632598409278,1416,397,0,0
518.5643872654273,64,388,0,0
518.5771511287959,1230,394,0,0
518.7646679545708,389,503,0,0
518.7832325259578,381,299,0,0
518.7841756124504,454,1800,0,1
518.8075594528214,2845,112,0,0
518.8185916347945,155,578,0,0
518.8775584975074,53,149,0,0
518.9739910375976,1260,154,0,0
519.0062053780155,781,35,0,0
519.0112035309716,1348,145,0,0
519.0134789073123,1286,322,0,0
519.0223858118449,691,407,0,0
519.0380846014364,312,42,0,0
519.0757433223469,30,698,0,0
519.0830252352096,8160,32,1,0
519.0881099634381,1103,315,0,0
519.1368928024818,1485,247,0,0
519.2307814924811,998,285,0,0
519.2626781259355,1519,292,0,0
519.264998840994,855,17,0,0
519.2747851285126,1084,196,0,0
520.6675114748924,721,45,0,0
520.669632146505,577,177,0,0
520.6784227038381,761,760,0,0
520.7921741129177,531,890,0,1
520.7948237151662,1812,4190,0,1
520.8045258748956,371,97,0,0
521.0430230446524,1113,402,0,0
521.1718466229024,30,327,0,0
521.1723439888298,1112,772,0,0
521.2332768085776,2019,75,0,0
521.2428658314944,1431,542,0,0
521.2439963879327,907,10,0,0
521.3972505172236,1760,140,0,0
521.4036406671407,1859,198,0,0
521.4203927753496,408,130,0,0
521.4236783313437,3130,245,1,0
521.5130675143363,1536,221,0,0
521.6254047467734,1118,406,0,0
521.7158059825374,1754,330,0,0
523.9809078920028,115,339,0,0
524.0462536365404,1826,356,0,0
524.0564689422397,1422,231,0,0
524.1139900208252,723,15,0,0
524.1539847518727,1758,655,0,0
524.2419827380276,120,53,0,0
524.242167172146,894,357,0,0
524.3614910176994,1814,192,0,0
525.6058699453129,1501,280,0,0
525.7359767191492,231,516,0,0
525.7426593822815,682,200,0,0
527.5010590574728,1015,162,0,0
527.6164097419861,54,344,0,0
529.1805330817427,84,6580,0,1
529.3715343091526,769,11,0,0
529.3864385323516,823,116,0,0
529.3874947417889,1843,257,0,0
529.42276762858,10,35,0,0
529.5076556494737,1242,239,0,0
529.521093762397,7,2770,0,1
529.5232240723407,393,758,0,0
529.6826460060817,953,248,0,0
529.6894032211526,962,295,0,0
530.1911327608888,550,85,0,0
530.2011936355944,593,770,0,0
530.2657939648147,18,186,0,0
530.2817847130849,1040,181,0,0
530.3499025383074,726,369,0,0
530.4399573548859,895,412,0,0
530.4403990615226,55,168,0,0
530.4480483731412,678,96,0,0
530.457636380401,11,105,0,0
530.4666533066904,1026,84,0,0
530.4918656799279,530,113,0,0
530.7743175467396,597,530,0,0
530.7781141308282,611,601,0,0
530.8635631821966,7711,481,1,0
530.8764787497561,831,158,0,0
530.8834861184923,1759,460,0,0
530.8849117490248,365,115,0,0
530.8908362975437,1072,8,0,0
530.8939174119381,792,499,0,0
530.9612508172435,7671,521,1,0
531.5314109487358,92,305,0,0
531.6111227498222,1350,82,0,0
531.7283955709188,1150,416,0,0
531.7336635788878,692,325,0,0
531.8410924605618,916,123,0,0
531.8460662440648,313,287,0,0
531.85028500873,8,870,0,1
531.8947025416777,936,89,0,0
531.9020125602485,313,11,0,0
531.9934676000614,1756,533,0,0
532.0285585120035,28,35,0,0
532.0438691015534,739,275,0,0
532.0521017101532,589,179,0,0
532.0904943435527,563,238,0,0
532.1345516522352,1188,335,0,0
532.1653376346737,706,2650,0,1
532.4117863029338,1630,252,0,0
532.4201610579532,489,27,0,0
532.4218514676918,1229,374,0,0
532.42375918223,1089,233,0,0
532.4275349227535,1789,722,0,0
532.431780325244,472,176,0,0
532.4516806870625,1136,3790,0,1
533.1416231376732,154,9,0,0
533.145127471952,940,83,0,0
533.1500209912397,1443,192,0,0
533.159116872839,23,215,0,0
533.1627986530848,1874,682,0,0
533.1685186459091,1496,768,0,0
533.2740670464694,1584,143,0,0
533.6040812053894,295,860,0,1
533.6104778456405,1350,417,0,0
533.633119271647,794,285,0,0
533.7933770911853,1704,251,0,0
533.8424493228774,177,140,0,0
533.8604481369194,1126,262,0,0
533.9130352606832,697,455,0,0
533.9341522270264,190,76,0,0
533.9409616376098,662,119,0,0
534.0116691796978,38,348,0,0
534.0190372262828,957,406,0,0
534.0286515484354,16,150,0,0
534.0750423498788,1558,349,0,0
534.0776627701158,1584,767,0,0
534.1802803030247,287,2260,0,1
534.1863585157014,220,98,1,0
534.1900440748723,1589,112,0,0
534.2637584244433,1739,280,0,0
534.3555952989377,7794,398,1,0
534.519531355134,1603,176,0,0
534.8650748114322,1526,138,0,0
534.8686123474038,1100,1820,0,1
534.8836099035459,1694,169,0,0
534.8865845519797,1718,427,0,0
534.8922509633084,504,642,0,0
535.024155584348,280,42,0,0
535.068522567608,493,31,0,0
535.1089536340775,950,387,0,0
535.1629559172428,642,127,0,0
535.1735520919365,1632,385,0,0
535.455171904372,1155,73,0,0
535.4585457065617,1916,146,0,0
535.5457977425621,1169,376,0,0
535.5532311144652,264,263,0,0
535.5571532893891,777,402,0,0
536.7536122022796,32,218,0,0
536.7648212104003,931,144,0,0
536.8536712474627,1118,125,0,0
536.8586094944519,248,11,0,0
536.8640325148825,1492,128,0,0
537.100328247805,457,245,0,0
537.1513015816574,14,2920,0,1
537.1772890129791,218,458,0,0
537.2334826499381,8005,187,1,0
537.3089093598103,75,184,0,0
537.4275726679306,427,107,0,0
537.4855434376507,1468,474,0,0
537.5713771063804,347,42,0,0
537.6125993796613,1348,155,0,0
537.6419289805921,287,30,0,0
537.838784827141,1349,210,0,0
537.8390966971112,841,181,0,0
537.9499921952983,17,394,0,0
537.973163246645,407,239,0,0
538.0045828405725,5360,451,1,0
538.0178620518778,1123,93,0,0
538.0233638400603,287,174,0,0
538.0937994916596,88,79,0,0
538.0958902288503,78,101,0,0
538.0989642432047,698,392,0,0
538.1019684713335,1790,163,0,0
538.6092865344154,13,323,0,0
538.6295627857512,36,372,0,0
538.6488701939348,1615,343,0,0
538.6501464983918,7,246,0,0
538.6730677315472,1003,95,0,0
538.774904527816,22,277,0,0
538.7772209612428,12,49,0,0
538.7991066605051,1391,449,0,0
538.8274833139221,529,551,0,0
538.8900620206464,383,129,0,0
539.0165168624653,150,339,1,0
539.8946247332308,873,200,0,0
539.9131415846483,1001,100,0,0
539.9327149014887,762,20,0,0
539.9380395168463,291,604,0,0
540.0578311091863,1549,399,0,0
540.0749529465315,291,639,0,0
540.1204991970454,1394,413,0,0
540.1915620372265,1469,300,0,0
540.2052434812214,1143,369,0,0
540.218069039727,36,493,0,0
540.2429392503925,13,43,0,0
540.2669805953926,421,172,0,0
540.2873343907213,1504,36,0,0
540.3009016990155,2810,117,0,0
540.3175660654246,47,297,0,0
540.5102748121927,1425,156,0,0
540.5159024193558,1606,323,0,0
540.5376464361353,881,31,0,0
540.5563488332031,358,28,0,0
540.7025021001085,1185,238,0,0
540.7092339351015,492,426,0,0
540.7209114550957,1522,2720,0,1
540.7278379807105,37,274,0,0
540.8158847963564,747,25,0,0
540.8800143760138,1606,75,0,0
540.9232136198523,1782,241,0,0
540.9478728580899,76,394,0,0
542.4035591562011,1321,467,0,0
542.43757011804,1308,4310,0,1
542.4380229621551,735,1930,0,1
542.439134729199,1829,544,0,0
542.4403920887493,55,720,0,1
542.4484166561052,1166,250,0,0
542.4493947482546,837,768,0,0
542.467994268269,617,114,0,0
542.4691312445424,401,491,0,0
542.4854417401191,571,20,0,0
542.4907468980083,388,247,0,0
542.5387414620013,7425,767,1,0
542.5617662690798,48,438,0,0
542.5645363902594,1517,435,0,0
543.1527875007152,704,1340,0,1
543.1548036006744,1088,124,0,0
543.1611926353473,653,126,0,0
543.1623816648117,959,398,0,0
543.2811618147756,307,2670,0,1
543.3925083959278,1009,44,0,0
543.4073645585447,1858,473,0,0
543.4075161857637,1609,143,0,0
543.4879238300769,869,11,0,0
544.0588526423355,1227,184,0,0
544.0620758025108,1369,12,0,0
544.1064693023826,472,180,0,0
544.2083817969434,23,136,0,0
544.2276372925553,690,404,0,0
544.2294458829974,1309,284,0,0
544.2414620063395,391,154,0,0
544.2465062113336,807,426,0,0
544.2981757939008,424,3820,0,1
544.2987567400014,678,123,0,0
544.34750316877,23,770,0,0
544.3677907420171,490,101,0,0
544.3686274792457,1413,298,0,0
544.3710940978414,1347,335,0,0
544.421853303191,1655,721,0,0
544.6364386515405,1778,467,0,0
544.7308286447931,1322,447,0,0
549.9172102790825,750,147,0,0
549.9425495110503,129,186,0,0
549.9442389136983,1490,189,0,0
549.962777168113,887,366,0,0
549.9670015375227,707,443,0,0
549.9671601386651,1343,445,0,0
550.1043536389803,81,25,0,0
550.1068896867371,745,282,0,0
550.1097138637084,1415,85,0,0
550.7112492905213,1219,291,0,0
550.7161546871848,318,449,0,0
550.7194367638348,475,215,0,0
550.8105448460558,1344,356,0,0
551.4605759487109,855,27,0,0
551.4610128196218,1400,249,0,0
551.4630378296744,746,156,0,0
551.4681055962766,1067,658,0,0
551.5491931557021,1418,382,0,0
551.5775934836994,780,505,0,0
551.7397375777696,573,538,0,0
551.7407158085775,1819,210,0,0
551.7544579306425,1793,247,0,0
552.0630438638011,1059,282,0,0
552.0635108606458,715,35,0,0
552.2087185885206,1123,770,0,0
552.2120610434193,14,216,0,0
552.2421112921371,1764,287,0,0
552.244268866333,750,77,0,0
552.3042836704009,1208,590,0,0
552.3850981506664,13,312,0,0
552.3979229960809,1037,104,0,0
552.8473880506276,1521,40,0,0
552.8497891505714,1023,275,0,0
552.9704390065467,1777,464,0,0
552.9722580822632,1196,310,0,0
553.0882887930286,1272,232,0,0
553.1799705737562,1308,639,0,0
553.1841784108415,36,23,0,0
553.5804170317027,385,31,0,0
553.5965403534988,1702,364,0,0
553.5977076077421,401,471,0,0
553.6070408313951,8073,119,1,0
553.7134366953809,620,9,0,0
553.7328601793033,7940,210,1,0
553.8424716963899,1845,126,0,0
554.1393275862539,564,668,0,0
554.2316503596302,336,577,0,0
554.2844423981611,836,310,0,0
554.3119617633639,463,616,0,0
554.3583128121185,371,77,0,0
554.6806079915889,1134,50,0,0
554.6862299477739,10,253,0,0
554.6987469191164,21,232,0,0
554.7871678345296,610,396,0,0
554.7897875706688,342,187,0,0
554.9223240165793,498,48,0,0
554.9417648912897,984,181,0,0
554.9907062149525,11,420,0,0
554.9962428702256,1692,30,0,0
555.0084489271561,984,165,0,0
555.2088893528214,8,3790,0,1
555.2110512790327,1265,54,0,0
555.3495844178989,1232,2110,0,1
555.519737032333,1050,567,0,0
555.5420937889493,1138,511,0,0
555.5424884277049,1641,400,0,0
555.5445716786516,1206,80,0,0
555.5848364268977,432,556,0,0
555.7359217245588,582,271,0,0
555.7370941522894,484,94,0,0
555.775438521444,406,184,0,0
555.8052000135139,416,166,0,0
555.8061400498078,431,412,0,0
555.8324761064677,13,224,0,0
555.836624209885,1196,49,0,0
555.8375717483118,271,236,0,0
556.4755420018699,1459,478,0,0
556.4796639580749,81,171,0,0
556.4807494050979,1460,254,0,0
556.4818604714432,1737,1920,0,1
557.3278878125802,942,143,0,0
557.4577420294487,336,769,0,0
557.5124056345124,531,17,0,0
557.515942185809,1014,203,0,0
557.5552706482069,1131,274,0,0
557.576573328035,1178,269,0,0
557.6556767465585,304,127,0,0
557.6567004917731,1758,322,0,0
557.7341853016588,1737,241,0,0
557.8633611945271,1718,285,0,0
557.8664647378695,1351,2370,0,1
557.8693141700505,283,3420,0,1
557.8837602011218,1645,103,0,0
557.8850293227465,740,2890,0,1
557.8953106176721,222,2340,0,1
557.9054613300929,577,395,0,0
558.183242256832,1355,378,0,0
558.1857149633616,1793,101,0,0
558.1953125214025,122,224,0,0
558.4441783256901,463,2700,0,1
558.4447756272407,857,132,0,0
558.5854227162948,1342,104,0,0
558.5926337823164,970,218,0,0
558.6502355607695,693,33,0,0
558.6679081329886,918,332,0,0
558.7319896512042,920,275,0,0
558.7320132009846,880,277,0,0
558.7363683254248,933,378,0,0
558.7366024342235,1005,1970,0,1
558.7465571302794,23,181,0,0
558.75141344643,20,317,0,0
558.7719220554385,317,417,0,0
559.2804478395285,544,223,0,0
559.3325101884601,15,50,0,0
559.3733371761772,502,83,0,0
559.4386480946526,23,639,0,0
559.4500023132045,1426,142,0,0
559.8256798005682,1077,364,0,0
559.8956200625072,862,408,0,0
559.9159569531312,470,115,0,0
560.1306158996149,1318,768,0,0
560.1396199935264,218,37,0,0
560.1463904177119,7938,254,1,0
560.1496561469542,72,341,0,0
560.1507733552326,188,690,0,0
560.152434763312,1171,46,0,0
560.3456450664729,446,272,0,0
560.3534685723861,269,209,0,0
560.3705466283097,1257,90,0,1
560.4485149505073,1361,45,0,0
560.4619672562288,668,593,0,0
560.4645478185304,1843,108,0,0
560.4679181642442,558,363,0,0
560.4752811464572,1537,19,0,0
560.6136241418105,1481,16,0,0
560.6198811742855,532,103,0,0
560.625596126912,707,92,0,0
560.6762926120257,6870,342,1,0
560.6950042652961,1322,190,0,0
560.7150852052765,1249,144,0,0
560.7430478210248,947,588,0,0
561.27098935472,122,23,0,0
561.2800664636741,1749,137,0,0
561.2871130279235,8071,121,1,0
561.9297716731134,684,51,0,0
561.9326924354239,153,102,0,0
561.9332548783191,7688,504,1,0
562.0317729175426,884,293,0,0
562.0385600730135,1065,269,0,0
562.0555931650334,8120,72,1,0
562.0766227974673,41,278,0,0
562.0783973146735,1088,353,0,0
562.1263682389002,1580,254,0,0
562.1279540223653,10,115,0,0
562.2219889229825,218,329,0,0
562.3927895432943,9,103,0,0
562.397214365405,27,643,0,0
562.552883179481,8,176,0,0
562.5780649580755,1555,22,0,0
563.2683798761389,31,13,0,0
563.2869742792808,1116,361,0,0
563.2874631689008,731,555,0,0
563.2879287102402,1443,335,0,0
563.3920387725584,615,96,0,0
563.3990594548512,1687,431,0,0
563.4370738636501,657,139,0,0
563.4389760474076,8000,192,1,0
563.4445092991,669,127,0,0
563.4447160130484,1435,106,0,0
563.4825050241586,51,17,0,0
563.566551358936,389,292,0,0
563.5702649685331,1083,469,0,0
563.6173555055738,1619,313,0,0
563.6213920275687,285,162,0,0
563.6568598190024,7816,376,1,0
563.6637225685363,276,352,0,0
563.6666584420348,1891,558,0,0
563.7092722661697,1001,87,0,0
563.7096712307639,356,217,0,0
564.348647414535,1021,154,0,0
564.3493484507073,654,525,0,0
564.3496637449996,418,215,0,0
564.3781816833323,334,119,0,0
564.3802354882849,1046,19,0,0
564.4356695350957,560,167,0,0
564.4366696903671,624,459,0,0
564.755738354703,840,99,0,0
564.9654893136327,481,368,0,0
564.967491907247,536,451,0,0
565.8397842982316,1579,313,0,0
565.8466852547471,1046,32,0,0
565.8633695072722,275,452,0,0
565.8678481609688,27,63,0,0
565.8965144156377,436,333,0,0
565.9326578225097,212,188,0,0
565.945549635862,482,335,0,0
565.9759589172581,1557,36,0,0
565.9975956475428,534,339,0,0
566.041036387265,1703,454,0,0
566.042245965869,1534,262,0,0
566.0493114014771,433,376,0,0
566.05094425674,1035,303,0,0
566.0658935171117,530,310,0,0
566.0804457620694,1375,269,0,0
566.0917096984791,1152,538,0,0
566.0959392396222,1151,631,0,0
566.7353556196832,1071,767,0,0
566.7377593372097,1570,437,0,0
566.7848923116404,29,296,0,0
566.7916451018035,181,242,0,0
567.1081874959774,39,5,0,0
567.2936956907903,1008,104,0,0
567.3328877058959,1872,1280,0,1
567.3976789541816,1369,21,0,0
567.4007531922313,817,212,0,0
567.4029015195431,1473,200,0,0
567.4812676536266,1980,266,0,0
567.4985874184645,1101,70,0,0
567.499345190853,1642,763,0,0
567.5112318341095,783,290,0,0
567.5124622644943,329,386,0,0
567.5134046393825,644,268,0,0
567.5281452903869,1142,106,0,0
567.5469056592367,1297,111,0,0
567.5556717835873,198,180,0,0
567.5617667446681,629,160,0,0
567.5637922784133,89,482,0,0
567.574733838613,1656,214,0,0
567.5874482518191,323,344,0,0
567.5938060696523,1002,254,0,0
569.4039201835614,1135,240,0,0
569.4131506028348,750,1450,0,1
569.4338213363066,10,63,0,0
569.437299373494,302,454,0,0
569.4488344813926,13,207,0,0
569.4670843256827,1511,112,0,0
569.517968012913,13,146,0,0
569.518007834521,1640,210,0,0
569.6532501273493,1258,29,0,0
569.7020489326103,726,125,0,0
569.7291559965588,8,639,0,0
569.731277329637,1213,202,0,0
569.7317593665933,1414,537,0,0
569.7334992903998,779,536,0,0
569.7992876460814,1149,230,0,0
569.8605650207872,837,399,0,0
569.8771513819383,378,309,0,0
569.9477644328839,1102,302,0,0
569.9504125897105,494,383,0,0
569.9523212256673,25,289,0,0
570.1597927815375,235,260,0,0
570.3150930944691,21,203,0,0
570.3963105932789,12,237,0,0
570.5502752035871,744,761,0,0
570.566318159591,324,277,0,0
570.5664960388299,7695,497,1,0
570.5767437446445,29,216,0,0
570.7328178714677,461,480,0,0
570.7434234452965,1218,123,0,0
570.8134691393337,1628,444,0,0
570.8733477705267,8,23,0,0
570.8762493250878,994,86,0,0
570.9252473936529,660,26,0,0
570.9461084960716,1146,439,0,0
570.9470968194008,1441,3690,0,1
571.0945835921233,75,91,0,0
571.0966694881182,632,327,0,0
571.1409455740788,780,190,0,0
571.1888877614043,159,46,0,0
571.1927472371269,8020,130,1,0
571.195547402566,739,157,0,0
571.237769755945,832,361,0,0
571.2658868625828,1840,2610,0,1
571.4624028535392,117,29,0,0
571.4874603156557,833,270,0,0
571.5366318265782,1008,13,0,0
571.5617005652264,2001,79,0,0
571.6774781552989,772,278,0,0
571.6799220791004,1571,3660,0,1
571.680343535381,224,223,0,0
571.7278052380332,1900,354,0,0
571.7396938706538,56,124,0,0
571.7447111487714,221,249,0,0
572.2367899239771,262,523,0,0
572.2378489148614,440,356,0,0
572.2479078471048,1628,367,0,0
572.3553491681772,1027,218,0,0
572.3672857842772,179,2040,0,1
572.3749070306479,1676,737,0,0
572.4080383485593,1359,34,0,0
572.4164204428662,607,276,0,0
572.4170137592336,1863,150,0,0
572.4182920087168,604,187,0,0
572.4861195248528,1412,777,0,0
572.5521423169373,142,2310,0,1
572.5538311444319,1153,171,0,0
572.5835382358676,1314,346,0,0
572.6460287351509,140,19,0,0
572.712505540037,1019,42,0,0
573.0238238260538,1753,392,0,0
573.147262948004,1365,254,0,0
573.1629021695528,14,503,0,0
573.1738524157457,1761,344,0,0
573.2422711594046,1230,290,0,0
573.2441120660303,404,308,0,0
573.2448185988196,1875,725,0,0
573.3331329688674,277,211,0,0
573.5004941593368,1219,477,0,0
573.5594535919943,2018,279,0,0
573.592749727737,1042,279,0,0
573.5935357359466,1469,292,0,0
573.5946270640812,758,495,0,0
573.5998836489338,639,396,0,0
574.0798823321303,415,120,0,0
574.0899948999981,1142,484,0,0
574.115354480759,226,9,0,0
574.1191109349172,404,258,0,0
574.3721983594584,474,306,0,0
574.3726366320702,345,81,0,0
574.8430003264303,1425,166,0,0
574.8614491700117,664,234,0,0
574.8615471019225,1390,242,0,0
574.883111834714,922,491,0,0
574.9409769102353,361,304,0,0
574.9983733442148,8182,10,1,0
575.04490498966,25,227,0,0
575.0550423864747,1074,628,0,0
575.065570163787,564,234,0,0
575.0886987761841,887,5290,0,1
575.0942461493312,980,287,0,0
575.6502730109339,227,49,0,0
575.6520318384892,629,233,0,0
575.6764389421461,961,185,0,0
575.6869109558721,1324,266,0,0
575.6879481389504,7688,504,1,0
575.9949154735006,1911,673,0,0
576.0262501539653,837,366,0,0
576.0310051577837,896,177,0,0
576.0343403592994,326,159,0,0
576.0452169736469,23,187,0,0
576.463305047618,1739,271,0,0
576.4919252974546,835,768,0,0
576.494946822684,451,34,0,0
576.5192642190542,78,770,0,0
576.5238796847739,1883,780,0,0
576.5769181991368,1098,351,0,0
576.6218969953298,1544,392,0,0
576.7054390041031,958,102,0,0
576.7415099267608,955,90,0,1
576.7650912292108,1198,438,0,0
576.7665867151969,284,238,0,0
576.7976213338354,28,142,0,0
576.972843239696,1595,742,0,0
576.9739610235408,7,92,0,0
577.0947854098939,864,26,0,0
577.1006794528021,366,346,0,0
577.106258931015,294,341,0,0
577.112076574241,198,64,0,0
577.1916023555427,1314,346,0,0
577.2128131883271,917,454,0,0
577.2413716840697,1298,64,0,0
577.2440912439106,11,376,0,0
577.6939360192271,798,769,0,0
577.6969343459681,797,335,0,0
577.9611283834042,541,95,0,0
578.196442136074,383,104,0,0
578.2805041990184,471,433,0,0
578.2821935013056,122,26,0,0
578.3046666845801,261,2440,0,1
578.3092063969846,244,338,0,0
578.7476752416336,48,238,0,0
578.7824934441933,435,570,0,0
578.8306185093813,558,175,0,0
578.8625340508942,1925,1360,0,1
578.8972979478352,39,163,0,0
579.059101794872,1761,301,0,0
580.4885344874764,1102,768,0,0
580.5838445587497,26,55,0,0
580.8318577512526,1864,137,0,0
580.9133536727494,943,178,0,0
580.9636822019668,1854,367,0,0
580.9658319673691,352,178,0,0
580.9757541784367,780,767,0,0
580.9822536471912,1139,513,0,0
581.0518142572187,452,92,0,0
581.0518798112685,410,144,0,0
581.0521703222151,444,36,0,0
581.060279820345,1097,333,0,0
581.1084948808149,288,68,0,0
581.1193516579442,1486,282,0,0
581.137650215889,354,413,0,0
581.2298471663681,90,100,0,0
581.6085172289047,1843,601,0,0
582.2272743332709,486,535,0,0
582.299428353078,390,172,1,0
582.497882039298,1430,668,0,0
582.5092747905319,365,361,0,0
582.5134677983008,14,360,0,0
582.5943037989929,650,52,0,0
583.1324769602331,1219,304,0,0
583.2051445006989,505,557,0,0
583.2057324037671,850,4110,0,1
583.4118812954885,1264,116,0,0
584.5230274337711,503,125,0,0
584.6345927446683,956,280,0,1
584.6502757770447,1217,574,0,0
584.6552985450462,425,120,0,0
584.6582483463673,667,572,0,0
585.1438741966318,1300,130,0,0
585.1594911391088,1619,618,0,0
585.176575055981,546,238,0,0
585.195800448039,350,398,0,0
585.2167808683354,1817,233,0,0
585.2733063453487,1537,94,0,0
585.2859711152342,773,364,0,0
585.3401075123633,1771,600,0,0
585.3497749607981,1570,395,0,0
585.35589071901,20,309,0,0
585.3567644758822,7,249,0,0
585.3918678596073,937,255,0,0
585.7459009523376,562,404,0,0
585.8385808014549,870,275,0,0
586.0777479132831,1194,224,0,0
586.0909366410136,122,369,0,0
586.097139518743,274,188,0,0
586.103221573048,112,23,0,0
586.106321111706,651,186,0,0
586.2393896952657,580,115,0,0
586.5589630351677,974,360,0,0
586.5658777979455,1678,218,0,0
586.6299643230493,1340,403,0,0
586.6316975330727,172,586,0,0
586.682051289357,1026,290,0,0
586.8087679352865,1601,324,0,0
586.814047225296,753,401,0,0
587.1214334917482,422,29,0,0
587.1327498871069,740,324,0,0
587.1775126700028,199,62,0,0
587.8655907993707,948,151,0,0
587.8668487669513,344,200,0,0
587.9339801679864,1545,470,0,0
587.9497895771484,1702,533,0,0
588.4335569762604,1550,434,0,0
588.4579962271555,117,216,0,0
588.4765501889513,954,205,0,0
588.5452317010863,325,372,0,0
589.3688548279326,70,47,0,0
589.3769117240271,1128,330,0,0
589.380905333903,769,131,0,0
589.3863781687689,621,236,0,0
589.5518868947003,1777,532,0,0
589.5526192404513,1786,271,0,0
589.5551463771695,843,3100,0,1
589.5619608426459,14,109,0,0
589.5658725558472,1133,322,0,0
589.5822334623689,1725,118,0,0
589.5878172232802,586,246,0,0
589.5882442487433,842,342,0,0
591.5772960544231,140,56,1,0
591.750712268766,309,189,0,0
591.7664955295648,391,395,0,0
591.7738608692796,733,303,0,0
591.7794732959705,1795,348,0,0
591.7800486256332,1298,104,0,0
591.7824289252565,1341,205,0,0
591.8139578881359,953,190,0,0
591.8514298883505,1815,267,0,0
592.2094122538597,485,597,0,0
592.2308663619742,623,3900,0,1
592.23723673204,1323,403,0,0
592.3727390891951,714,373,0,0
592.4435663591257,424,616,0,0
592.4452913838765,1123,162,0,0
592.4506063034634,1479,190,0,0
592.5752122581872,1375,369,0,0
592.5799840432678,854,768,0,0
592.6057358100594,1260,515,0,0
592.6087559837957,5,170,0,0
592.7797974113079,1516,82,0,0
594.076149801236,100,112,0,0
594.0765188794936,394,517,0,0
594.0792381309107,1513,500,0,0
594.1664072676439,1328,769,0,0
594.2047084964855,674,290,0,0
594.2235410158346,157,402,0,0
594.2251628245159,1342,678,0,0
594.2258105208651,7772,420,1,0
594.2355125250353,878,232,0,0
594.3885232901707,754,317,0,0
594.5468208969066,1008,192,0,0
597.100545256612,3632,447,0,0
597.1012452746501,341,76,0,0
597.1352667856793,881,279,0,0
597.1743177985394,1026,257,0,0
598.2503535756298,992,247,0,0
598.2562910354682,439,330,0,0
598.6237216215061,733,969,0,0
598.6247172193222,793,2070,0,1
598.8246019973541,685,392,0,0
598.8281919998007,1010,103,0,0
598.8310369116019,1342,298,0,0
598.8776565990854,1583,768,0,0
598.8865003768817,1415,263,0,0
598.9231148186665,343,252,0,0
598.9397350481589,7887,305,1,0
598.9438848003061,1556,248,0,0
599.0493050831705,1317,515,0,0
599.0615967012872,1253,271,0,0
599.0666969118321,987,514,0,0
599.0715561274741,1688,305,0,0
599.0719950343299,595,350,0,0
599.0733966861137,431,208,0,0
599.1112353526217,1940,189,1,0
599.1414893854942,282,50,0,0
599.15647753805,700,213,0,0
599.4349446469749,18,880,0,1
599.4546571282084,278,239,0,0
599.4749263989345,615,322,0,0
599.5334815246196,151,130,0,0
599.5734154130362,1520,6630,0,1
599.7840521278644,1664,365,0,0
599.7910257382566,3100,208,1,0
599.815717346015,11,43,0,0
599.8365488816772,19,250,0,0
599.8468650891559,520,3760,0,1
599.8645023596389,1994,254,0,0
599.9991836921652,12,463,0,0
600.4317210843553,989,277,0,0
600.4546287610335,372,31,0,0
600.4769081449406,1676,176,0,0
600.5134905002838,14,118,0,0
600.7238819474719,746,9,0,0
600.7993105081363,558,529,0,0
601.4042702661119,777,483,0,0
602.3636269094083,338,840,0,1
602.5912353264208,1665,111,0,0
602.598570257697,113,267,0,0
602.6097854447485,1261,355,0,0
602.6205002869534,1677,34,0,0
602.629643511647,1592,177,0,0
602.7999520818685,976,266,0,0
602.8064620962331,1661,365,0,0
602.8716220300138,421,421,0,0
602.8820161979345,924,55,0,0
602.8861989673277,275,264,0,0
603.1585154212149,1434,404,0,0
603.1598973628356,30,565,0,0
603.515702515825,7930,262,1,0
603.5171751349534,1246,462,0,0
603.5818193917589,645,644,0,0
603.6224228854144,262,338,0,0
603.6627037477668,1912,582,0,0
603.6825641555344,433,191,0,0
603.6887507370521,427,41,0,0
603.7027996936062,1772,339,0,0
604.0627078438636,320,83,0,0
604.2256998366956,663,294,0,0
606.3294641746953,436,368,0,0
606.5666645339943,1255,223,0,0
606.6505493104271,1648,685,0,0
606.6890139069736,854,18,0,0
606.7076291950862,106,351,0,0
607.0987134126228,386,133,0,0
607.1117303205496,1804,277,0,0
607.1259981682559,733,254,0,0
607.1330447901196,1538,596,0,0
607.2068228908604,1656,486,0,0
622.6144083134068,16,111,0,0
622.6275644152182,145,214,0,0
622.628383888514,547,153,0,0
622.6339911026636,843,277,0,0
622.7647606545264,902,572,0,0
622.7757640777877,9,191,0,0
622.7843430650552,40,770,0,0
622.875196328971,620,477,0,0
622.8939961366782,86,56,0,0
622.897855788306,434,369,0,0
622.9510267975501,957,154,0,0
622.953998469029,1288,60,0,0
622.9711623449375,879,488,0,0
623.8516986472413,794,767,0,0
623.8519413542305,546,249,0,0
624.3711678934334,957,164,0,0
624.3716870533126,313,71,0,0
624.4055330270356,1423,664,0,0
624.4058416197344,699,371,0,0
624.4175562709177,28,373,0,0
624.4222607423438,1417,2370,0,1
624.4281054906883,435,85,0,0
624.4318317154357,1826,413,0,0
624.8463079066972,45,103,0,0
624.9926459889359,149,208,0,0
624.9935693421685,510,221,0,0
624.9941685025555,1077,360,0,0
625.0088040038723,678,365,0,0
625.0100054075259,733,356,0,0
626.0067597209196,1121,261,0,0
626.3461801740042,42,253,0,0
626.4154304115333,6730,289,1,0
626.4160473946605,1300,86,0,0
626.4209102705782,179,172,0,0
626.5653825921507,166,74,0,0
626.5684373880541,8024,168,1,0
626.6540241299344,216,107,0,0
626.67605712517,1775,272,0,0
626.8078186008925,8162,30,1,0
626.8256855435606,825,33,0,0
626.843163430681,511,444,0,0
626.8446026534307,24,357,0,0
626.8596787804956,35,339,0,0
626.8631242385597,574,321,0,0
626.9451301554707,208,288,0,0
626.9462596776558,796,768,0,0
627.0558140657591,311,181,0,0
627.2032510542051,15,362,0,0
627.2745844090779,332,461,0,0
627.2755148503437,860,230,0,0
627.2770359072903,1189,700,0,0
627.3048131637297,370,315,0,0
627.328105495272,460,255,0,0
627.3368555825871,1229,347,0,0
627.3491303001146,864,774,0,0
627.3513320313391,5,189,0,0
627.3537678212524,7975,217,1,0
627.355924230064,755,312,0,0
627.3617773990107,999,207,0,0
627.3759321140061,764,703,0,0
627.385093472188,861,104,0,0
627.387943469877,1651,159,0,0
627.5383069104702,683,768,0,0
627.565305516791,569,326,0,0
627.5677580442116,629,67,0,0
631.4294372903074,1586,391,0,0
631.4295460848061,1466,186,0,0
631.492122422491,15,238,0,0
631.5275320899957,37,487,0,0
631.5332240076572,358,156,0,0
631.5355048349652,380,516,0,0
631.5507981066065,7916,276,1,0
631.7018333771417,692,700,0,0
631.8112549902296,785,155,0,0
631.8593132347736,4,441,0,0
631.8869352628453,8102,90,1,1
631.9069148874188,458,243,0,0
632.0248281756428,1166,121,0,0
632.0484550273343,944,548,0,0
632.0779106240888,444,300,0,0
632.3617382178743,415,168,0,0
632.3681739433316,1964,131,0,0
632.4041758336808,735,564,0,0
632.4203088445529,326,312,0,0
632.4237548843704,696,126,0,0
632.7549462547439,1519,64,0,0
632.7576975003708,47,730,0,0
632.7665774723454,251,227,0,0
632.7700018897581,1170,253,0,0
632.8147426643626,1817,524,0,0
632.8743020946164,1507,710,0,1
633.3663994188756,827,504,0,0
633.8685567206477,674,767,0,0
634.348107105107,1198,240,0,0
634.4024813594979,1228,65,0,0
634.5473468406802,784,511,0,0
634.5589373797476,626,153,0,0
634.5615961255656,810,767,0,0
634.78141630518,1098,222,0,0
634.7853544494037,1154,446,0,0
634.8595673310043,1532,3900,0,1
635.2489460265483,1000,149,0,0
635.2680357008977,1038,238,0,0
635.6009920562358,1442,612,0,0
635.6247629802393,375,291,0,0
635.6426783557869,32,515,0,0
635.7224085445113,1457,457,0,0
636.544235511105,7762,430,1,1
636.5460490056873,1021,2700,0,1
636.582775514001,1172,252,0,0
636.5878927445568,314,3180,0,1
636.624904875855,1200,505,0,0
636.6841557765844,1723,706,0,0
636.6854184658675,697,277,0,0
636.6879775975791,339,174,0,0
636.8155762600788,745,37,0,0
636.865429694254,182,250,0,1
636.871370281467,1658,61,0,0
636.8948860479491,847,282,0,0
637.0294462817202,793,489,0,0
637.1544083952231,139,420,0,1
637.1547398359749,772,469,0,0
637.1618042707149,1841,607,0,0
637.7316861273277,1760,140,0,0
637.7413742985304,960,176,0,0
637.7499429961742,1635,259,0,0
637.7767978094175,1127,324,0,0
637.8167601063407,1036,283,0,0
637.8492953978476,1650,212,0,0
637.8919605517383,1006,258,0,0
637.8962454547708,37,476,0,0
637.9428685761034,1168,111,0,0
638.0406719448832,1019,2230,0,1
638.0652705371944,568,370,0,0
638.0802445540008,326,103,0,0
638.0853315071697,338,229,0,0
638.1137844056061,1450,154,0,0
638.1155661842289,5740,343,1,0
638.1234940084832,1213,207,0,0
638.1369749072437,560,2520,0,1
638.1371747271847,55,320,0,0
638.1664260925112,405,356,0,0
638.1673029115595,1816,305,0,0
638.1704022322385,984,236,0,0
638.1734351423329,8,171,0,0
638.1813319149256,1631,50,0,0
638.1918515548083,1054,328,0,0
638.241259208951,288,324,0,0
638.2431151073529,30,47,0,0
638.2500059089673,1359,122,0,0
638.2836475065473,970,124,0,0
638.2885978306472,562,389,0,0
638.2922670656179,1970,319,0,0
638.3164541040305,937,134,0,0
638.3736005089206,914,14,0,0
638.4171006275459,726,123,0,0
638.418254593244,1027,251,0,0
638.437867859919,813,8,0,0
638.4518701365467,1699,36,0,0
638.8886886117489,598,386,0,0
638.9027946161123,878,106,0,0
638.9117416709091,5,209,0,0
639.1501304850368,1749,446,0,0
639.1538423650329,1294,120,0,1
639.340442747616,471,552,0,0
639.5268865595754,369,110,0,0
639.5401515336657,518,171,0,0
639.5677407528426,774,767,0,0
639.6245734875441,529,264,0,0
640.9253761788976,389,129,0,0
640.9530443534865,13,39,0,0
640.9614031265835,1024,344,0,0
641.0330166293646,960,411,0,0
641.0572677787518,1732,614,0,0
641.061469420603,791,426,0,0
641.0822822188155,8132,60,1,0
641.1255373591292,9,280,0,0
641.3374205371366,331,291,0,0
641.3993668982578,740,573,0,0
641.4581685582322,379,30,0,0
641.4649918084324,11,131,0,0
641.6141186438957,1475,68,0,0
641.6192888191637,1565,121,0,0
641.624036810093,348,65,0,0
641.6317883436435,961,521,0,0
641.6357737550317,265,269,0,0
641.6596339822976,528,57,0,0
641.7332037508633,2972,5220,1,1
641.7553861000764,32,292,0,0
641.7644161415874,25,10,0,0
641.7957945216875,817,289,0,0
641.8028983229274,876,3150,0,1
641.936685045288,11,323,0,0
642.2860840167156,13,630,0,0
642.2981991217631,1853,123,0,0
642.3089694570133,148,18,0,0
642.4498326180931,1814,201,0,0
644.1900087536843,731,369,0,0
644.2032912794834,703,368,0,0
644.4968645778085,746,269,0,0
644.5551674565701,722,309,0,0
644.5588921814059,1213,295,0,0
644.5797245690195,780,245,0,0
644.6226425776955,7984,208,1,0
644.6319872564223,9,280,0,0
645.5413690002482,29,99,0,0
645.541569306733,636,181,0,0
645.5486683231852,394,209,0,0
645.5553861710138,615,1050,0,1
645.559622641081,725,115,0,0
645.5645070532769,850,194,0,0
645.5847607516034,748,140,0,0
645.6345271192181,436,331,0,0
645.6563347038283,917,139,0,0
645.7228421010803,14,262,0,0
645.7363273799713,525,69,0,0
645.7387833112159,15,341,0,0
645.7435382679432,376,183,0,0
645.949426362169,1169,77,0,0
645.9553230013371,705,250,0,0
645.9632074335055,1503,299,0,0
646.0020022677784,662,2100,0,1
646.0586358131054,59,381,0,0
646.0749056290514,234,330,0,0
646.164851929136,474,306,0,0
646.4653840996101,31,160,0,1
646.9173571318571,5,181,0,0
646.9448004308622,445,10,0,0
646.9461187847849,815,381,0,0
646.9484436956259,943,498,0,0
646.950779927815,1769,270,0,0
646.9842934147754,1283,293,0,0
647.1860838958461,700,239,0,0
647.2327016530459,12,268,0,0
647.3415693967894,657,322,0,0
654.3956584815426,1468,170,0,0
654.3974258474741,719,151,0,0
654.6463066221089,520,277,0,0
654.6643223331469,115,213,0,0
654.6699575894108,55,50,0,0
654.6786826314212,1094,198,0,0
654.6889152166898,600,125,0,0
655.5602586580808,134,101,0,0
655.603314834773,507,2820,0,1
655.9046935565494,1594,705,0,0
655.9061391139377,1967,216,0,0
656.2944178214266,729,53,0,0
656.3426802692919,501,410,0,0
656.4694357733122,691,510,0,1
656.4726355057862,1053,337,0,0
656.5347384569274,1273,226,0,0
656.5607331406251,1334,101,0,0
656.5739817383588,1562,52,0,0
656.5953300698217,1689,64,0,0
656.6246561955663,1574,309,0,0
656.6645221250011,796,266,0,0
656.6685752544901,414,21,0,0
656.7614375453128,657,181,0,0
656.7631198530692,1529,42,0,0
656.7658991697325,1826,514,0,0
656.7665927198067,1503,170,0,0
656.7666774505973,970,574,1,0
657.3573814377569,841,208,0,0
657.9535141444685,329,5470,0,1
657.9605348328218,1364,247,0,0
657.9683192582173,1797,388,0,0
657.9712526808697,1854,117,0,0
657.9907073957921,15,189,0,0
658.0074972569224,787,205,0,0
658.0094805414659,1281,257,0,0
658.0249519928834,1370,328,0,0
658.0260795958552,786,367,0,0
658.0371272283967,658,15,0,0
658.209164420048,1186,275,0,0
658.279421639023,57,297,0,0
658.307513955052,8087,105,1,0
658.3178407738924,972,313,0,0
659.1783108298898,1789,546,0,0
659.1897292170177,872,261,0,0
659.1899721199269,360,221,0,0
659.1993015674659,8076,116,1,0
659.1994883240505,565,316,0,0
659.2157345219771,165,130,0,0
659.2271944790197,1125,11,0,0
659.5500920870888,1490,214,0,0
659.8275779595625,1780,268,0,0
659.8373702151054,1430,668,0,0
659.849511044623,1231,356,0,0
659.926357062404,23,291,0,0
659.9286369554312,1549,322,0,0
659.9324252109251,1350,481,0,0
660.2575557972539,393,52,0,0
660.2599789560768,245,362,0,0
660.2880073022706,1133,363,0,0
662.6776508343006,705,39,0,0
662.6863388819708,522,7670,0,1
663.549892682802,400,374,0,0
663.5512729714054,1060,46,0,0
663.5547062968893,1106,393,0,0
663.8548349396676,277,167,0,0
663.937053052389,283,217,0,0
663.9582557535317,2020,256,1,0
663.9751005964365,1540,678,0,0
664.1447379052383,1390,242,0,0
664.9685855546384,1031,349,0,0
664.9705800342856,448,141,0,0
664.9800200098961,7965,227,1,0
665.1159635613727,220,707,0,0
665.1273207507464,32,164,0,0
665.2651277707373,1562,23,0,0
665.2683455725576,1606,277,0,0
665.606747673539,1486,413,0,0
665.7017524084457,613,452,0,0
665.7385944640121,7140,267,1,0
665.7831866068758,11,235,0,0
666.3281926622277,778,30,0,0
666.3303827066037,1468,447,0,0
666.3716638706985,7,228,0,0
666.3758069920526,10,100,0,0
666.3797611392688,121,749,0,0
666.753409634818,9,130,0,0
666.80809548608,349,383,0,0
666.842642650597,1497,300,0,0
666.9347749944452,6,248,0,0
666.9427488349767,426,779,0,0
667.1970995576622,814,2210,0,1
667.2066901416274,1679,288,0,0
667.2858887727702,292,277,0,0
667.3125866911977,465,227,0,0
667.4545800495539,500,385,0,0
667.4583187071837,1794,244,0,0
667.5628478873031,384,334,0,0
667.6754635701694,898,316,0,0
667.7040301908733,200,530,1,0
667.7122253922388,1134,515,0,0
667.7149011799625,1018,180,0,0
667.7240429202691,1930,334,0,0
667.7668225718088,1117,595,0,0
667.7750230546975,206,232,0,0
667.7758058849342,1114,365,0,0
667.8493760011984,190,27,1,0
667.905987267129,1575,555,0,0
667.915426113338,381,423,0,0
667.9169716086293,490,59,0,0
667.9228760671441,451,1450,0,1
667.9300855386722,782,139,0,0
667.9353949751395,538,554,0,0
667.9620987831969,1909,267,0,0
667.9624658699283,827,27,0,0
667.9821861514362,721,176,0,0
667.9914117177336,1616,590,0,0
668.0901312198515,1630,2530,0,1
668.0931592079494,1351,192,0,0
668.1069273761549,7425,767,1,0
668.115759047768,30,125,0,0
668.1160780775707,154,219,0,0
669.7141725201463,1244,436,0,0
669.723901068997,621,183,0,0
669.7685175095934,624,426,0,0
669.7896471157567,3060,291,1,0
669.8022220319493,859,204,0,0
669.8174916316033,1350,113,0,0
669.8178554483642,1152,252,0,0
669.855311125368,103,170,0,0
669.8614105388543,1002,17,0,0
669.8724067938193,613,128,0,0
670.042559163007,786,250,0,0
670.062125962224,1212,141,0,0
670.9953069376761,1662,345,0,0
671.221009685124,9,217,0,0
671.2881590780413,239,36,0,0
671.3313563555812,664,320,0,0
671.3341234097581,84,315,0,0
673.0424173413912,1270,229,0,0
673.6867028447705,7416,776,1,0
673.702488037199,13,552,0,0
673.7274332990562,574,220,0,0
673.728508129713,1822,228,0,0
673.9699899072751,1492,58,0,0
674.008566205435,6,620,0,0
674.0474315259103,972,715,0,0
674.0594107305765,755,202,0,0
674.0759783764773,517,413,0,0
674.0877975801623,1579,426,0,0
674.0967478005803,1501,231,0,0
674.1052716168134,38,630,0,0
674.1123392026119,1026,415,0,0
674.8956778501953,462,295,0,0
677.1862698829024,221,173,0,0
677.1866633644187,1891,330,0,0
677.2040292619754,1291,360,0,0
677.2093725316589,1104,159,0,0
677.2146643725258,929,187,0,0
677.2932038876684,1521,252,0,0
677.2932288672189,252,118,0,0
677.3825733483055,816,607,0,0
677.3829428005743,551,229,0,0
677.4077716908288,201,162,0,0
677.4147672921365,18,181,0,0
677.4191606201932,1091,378,0,0
677.4341897033954,853,335,0,0
677.4361177470782,1923,282,0,0
678.0659860978731,8,40,0,0
678.0665290525664,340,38,0,0
678.0671728987973,457,396,0,0
678.0789972014039,674,29,0,0
678.0956950907606,1450,78,1,0
678.327999421191,530,164,0,0
678.3401031373616,944,106,0,0
678.3416628843366,1547,113,0,0
678.3468575259219,110,426,0,0
678.3502568731997,463,85,0,0
678.358040656684,1103,231,0,0
678.4030256757355,97,302,0,0
678.411676213675,374,273,0,0
678.4160776095106,15,255,0,0
678.4748894723331,28,294,0,0
678.4773463597699,1076,672,0,0
678.4918721488967,366,339,0,0
678.5240090460231,1193,580,0,0
678.5284193216067,1232,102,0,0
678.6694776706747,8,272,0,0
678.6800630770047,1634,81,0,0
679.2787545048043,1875,399,0,0
679.2889489450451,1135,151,0,0
679.2950639258044,881,213,0,0
679.2966583081427,18,67,0,0
679.3166488990696,9,146,0,0
679.3776025724706,70,1970,0,1
679.3783890023237,7985,207,1,0
679.3787713369657,1919,56,0,0
679.3800016328122,427,190,0,0
679.3956962166654,28,343,0,0
679.4109473918173,759,298,0,0
679.4133379887842,780,773,0,0
679.4198351357736,707,234,0,0
679.4338997278023,5730,285,1,0
679.4702100788716,759,245,0,0
679.4716269726259,1554,764,0,0
679.4720367091803,1870,112,0,0
679.478224560262,474,252,0,0
679.9963329120905,852,186,0,0
680.0019975902715,1189,209,0,0
680.0089742297738,308,311,0,0
680.0301220884187,220,322,1,0
680.0306506538852,1041,338,0,0
680.0933490001478,1083,291,0,0
680.0963482274254,778,340,0,0
680.0967511554005,944,21,0,0
680.1070778567896,230,324,0,0
680.1177463597478,1513,249,0,0
680.239038889676,384,284,0,0
680.2859178127774,1640,244,1,0
680.2925644246034,22,217,0,0
680.3907519220999,472,51,0,0
680.477744876772,661,310,0,0
681.11847272292,1014,19,0,0
681.1224182451476,10,265,0,0
681.1451472128805,667,273,0,0
681.1490801339628,152,104,0,0
681.1765663931732,1683,239,0,0
681.4572469383958,1479,502,0,0
681.5818050004701,415,154,0,0
681.5918649177229,98,175,0,0
681.5920239355758,651,23,0,0
681.5967410389311,60,65,1,0
681.6070017661687,50,378,0,0
681.6480293735875,1152,252,0,0
681.8608967011866,1493,592,0,0
682.031537008037,176,113,0,0
682.067735484095,1264,114,0,0
682.189287749875,797,767,0,0
682.1924841147955,1616,62,0,0
682.1963433808829,8008,184,1,0
682.4526883778902,1403,257,0,0
682.4874723039527,1920,469,0,0
682.6053428853526,48,371,0,0
682.7064955977156,775,769,0,0
682.7741785427258,7823,369,1,0
682.7867251104169,1670,340,0,0
682.8782633301571,547,660,0,0
682.8962339494457,1547,2650,0,1
682.998650065866,246,253,0,0
683.1331776034244,161,173,0,0
683.1470860617808,309,240,0,0
683.9809275452727,300,268,0,0
684.0029716600791,3510,258,1,0
684.32651551671,1702,376,0,0
684.3285859489075,1069,166,0,0
684.4348409371266,461,746,0,0
684.4365190909963,351,264,0,0
684.4393850926632,6,110,0,0
684.440306878709,1259,434,0,0
684.4507120818741,700,11,0,0
684.4712820235135,497,41,0,0
684.4781207712884,7,56,0,0
686.1727992970765,1397,330,0,0
686.294738969431,1292,852,0,0
686.297220015988,1401,707,0,0
686.3174096725654,998,10,0,0
686.32976324568,10,160,0,0
686.3643665947496,1264,609,0,0
686.3830165854127,1387,1900,0,1
686.3841295089816,1621,178,0,0
687.182083100874,212,253,0,0
687.386409363537,453,449,0,0
687.4532741143992,1254,350,0,0
687.6526054210062,292,3510,0,1
687.6950998755851,292,288,0,0
687.6999482348194,1002,242,0,0
687.7019604718723,511,11,0,0
687.7710213719582,1646,233,0,0
687.7745310396845,278,446,0,0
687.7838075060214,1702,304,0,0
687.7857590631947,1241,112,0,0
687.8564645677736,242,11,0,0
687.8654484463343,828,378,0,0
687.8954235699395,1734,1700,0,1
687.9042649170747,1569,359,0,0
687.90620885234,51,224,0,0
687.9605938344652,694,126,0,0
687.9765489705554,1645,706,0,0
687.9802877092287,56,36,0,0
688.0727206239934,357,232,0,0
688.2917066971629,609,405,0,0
688.9679637939751,605,767,0,0
689.0635899847598,874,424,0,0
689.0979555162379,368,166,0,0
689.2309147011778,1176,367,0,0
689.2350698514176,1360,411,0,0
689.2527414516127,1056,256,0,0
689.2764111519955,1068,701,0,0
689.2770938282398,7810,7,1,0
689.3355536318204,1745,346,0,0
689.4639483011434,1427,564,0,0
689.4768867340867,212,206,0,0
689.6804201278873,1252,489,0,0
689.6833509358104,8150,42,1,0
689.823249786992,1183,351,0,0
689.9833910355867,555,214,0,0
689.9904755423615,703,45,0,0
690.0119875483334,7943,249,1,0
690.0195122896491,1370,6000,0,1
690.0215229485369,1066,108,0,0
690.0227120840643,1019,287,0,0
690.0247425926791,173,193,0,0
690.0605925890119,920,144,0,0
690.0613233632095,546,192,0,0
690.0745277669472,886,257,0,0
692.476058506147,633,286,0,0
692.5461474708314,1141,339,0,0
692.5732120041316,76,371,0,0
692.5801270934525,358,327,0,0
692.5803068921037,14,205,0,0
692.6663696104648,1353,463,0,0
692.7860056008473,960,588,0,0
692.7987634231085,1255,179,0,0
692.802102853247,713,380,0,0
692.8184095794708,21,209,0,0
692.821937044366,1223,12,0,0
692.9329688610378,237,347,0,0
692.9466405315212,382,383,0,0
693.0197845275057,1300,1180,0,1
693.0225874885047,1502,31,0,0
693.0235400585215,399,367,0,0
693.0236804935586,204,268,0,0
693.0537432867499,357,411,0,0
693.05480726249,1666,225,0,0
693.2412370822615,1348,423,0,0
693.2586932650902,1432,219,0,0
693.2760600487101,1729,317,0,0
693.2764916370522,1555,722,0,0
693.3476113974615,723,31,0,0
693.4040472671873,1205,19,0,0
693.6868212268105,604,268,0,0
693.6951843413642,239,123,0,0
693.7241263375809,1728,101,0,0
693.7620431709141,711,460,0,0
693.8336483408522,1431,420,0,1
693.9388213758904,402,329,0,0
693.9693928415812,1047,278,0,0
694.0158105780185,11,95,0,0
694.0953436591126,57,7,0,0
694.4147714569764,476,297,0,0
694.545122420083,609,405,0,0
694.5825927014423,1105,304,0,0
694.5966190841447,629,491,0,0
694.6049043620152,12,160,0,0
694.6959472831902,336,139,0,0
694.6992756521169,1118,217,0,0
694.7019053499624,1675,427,0,0
694.7207110033036,622,381,0,0
694.7278409483118,1610,415,0,0
694.7396579132602,1713,191,0,0
694.7799703390674,919,149,0,0
694.7955593326774,1125,486,0,0
694.8309829286702,1325,294,0,0
694.8691404342946,1014,253,0,0
694.8876770264726,1857,94,0,0
694.8918096028134,1712,3320,0,1
694.9588752402767,1495,345,0,0
694.9813016020493,1774,26,0,0
694.9881823845847,759,329,0,0
694.9914397066246,1018,333,0,0
695.0136390306409,629,602,0,0
695.8803809304171,1611,271,0,0
695.9021316538326,8006,186,1,0
696.0035362336678,1616,254,0,0
696.0123499342595,1299,268,0,0
696.0168963170979,392,43,0,0
696.2018007417252,435,387,0,0
696.2418032594028,1281,208,0,0
696.244206301089,97,128,0,0
696.4500911938522,930,334,0,0
696.4664962714329,7,630,0,1
696.6444991509807,1856,331,0,0
696.8623185446484,1454,53,0,0
696.8794146031639,1275,109,0,0
696.8835507252452,8,75,0,0
697.1569977647475,378,279,0,0
698.5326307161256,78,286,0,0
698.5682212892837,21,460,0,0
698.569241472971,1950,192,0,0
698.5784497709809,167,382,0,0
698.6431659229606,375,130,0,0
698.6437457794982,786,769,0,0
698.6486177054936,1122,127,0,0
698.6523403190664,9,173,0,0
698.6603635008103,6,5,0,0
699.8585861919198,80,395,0,0
699.8886571903656,28,140,0,0
700.4628890892129,1557,304,0,0
700.4971527123785,1803,273,0,0
700.5210097205684,150,800,0,1
700.5376777738101,856,720,0,0
700.561466585558,129,286,0,0
700.9167453077393,1605,315,0,0
701.0785046839013,573,4,0,0
701.1730406379913,1342,162,0,0
701.3269916866548,3240,38,1,0
701.3293167026691,213,325,0,0
701.3350890206274,639,319,0,0
701.3363766942341,478,216,0,0
701.3419603296633,1025,400,0,0
701.513059962107,619,305,0,0
701.5162942568091,803,78,0,0
701.5196428678214,1382,107,0,0
701.5260270800391,940,231,1,0
701.5275386720466,636,205,0,0
701.5505402872471,517,241,0,0
701.6211234511716,3850,250,1,0
701.8662997697672,475,280,0,0
701.8958962257867,1494,208,0,0
701.960540846085,1291,769,0,0
702.1274954679027,7719,473,1,0
702.1345163672398,766,263,0,0
702.1414189752313,1142,2840,0,1
702.1845479596176,616,767,0,0
702.2105910635782,1752,202,0,0
702.2249398123824,1403,146,0,0
702.2447633361874,294,191,0,0
702.2517377891825,77,655,0,0
702.2544854649615,36,201,0,0
702.2852535137538,14,27,0,0
702.2926817579826,758,592,0,0
702.2968065434154,1143,3530,0,1
702.3829648614766,535,160,0,0
702.4110665856504,140,304,1,0
702.6046285279725,1082,310,0,0
702.6110316584783,1077,117,0,0
702.8069876268619,1726,184,0,0
703.7618075252396,16,519,0,0
703.7704710092718,1403,104,0,0
703.7777576914154,1848,122,0,0
703.7820099997729,644,225,0,0
703.7868007296829,1657,616,0,0
703.7997139720827,435,258,0,0
703.8340427570284,951,673,0,0
703.8416178793245,1019,294,0,0
703.8931527654216,502,110,0,0
703.895829347243,627,265,0,0
703.9064097642683,1025,462,0,0
704.0233926339738,888,318,0,0
704.2472629763323,768,307,0,0
704.7782254617515,1859,264,0,0
705.1645220889434,663,165,0,0
705.3466858794545,1817,160,0,0
705.3475255840671,45,108,0,0
705.352710646434,83,112,0,0
705.3595232289532,806,150,0,0
705.3765931381379,917,310,0,0
705.4176650975802,917,96,0,0
705.7344962194807,2600,220,1,0
705.74175136209,1480,64,0,0
705.7418648694539,479,290,0,0
705.7432655223336,718,104,0,0
705.7802123787151,1104,261,0,0
705.8438504758553,1332,150,0,0
705.8461701841358,7899,293,1,0
705.9584072211302,909,670,0,0
705.9882259884822,21,374,0,0
706.2674759750005,178,288,0,0
706.2676055083994,658,398,0,0
706.2925614432687,1200,203,0,0
706.3067098523588,1067,239,0,0
706.3292401608227,365,32,0,0
706.338133917795,1756,3310,0,1
706.3426400365979,1299,31,0,0
706.3522879023568,1619,133,0,0
706.3538112745173,290,183,0,0
706.3540119988668,881,1560,0,1
706.4166990273599,1046,544,0,0
706.4231828647886,11,318,0,0
706.4259202347,619,86,0,0
706.6468236615492,519,482,0,0
706.6582918145261,141,142,0,0
706.6720289756506,205,181,0,0
706.7350159876634,6162,2030,1,1
706.7442331352044,927,426,0,0
706.7708603256119,525,386,0,0
706.7746015244729,53,238,0,0
706.9296174987456,753,334,0,0
706.9509842268271,251,47,0,0
707.4396846199579,945,161,0,0
707.5071310905877,2090,91,1,0
707.7236895186652,907,93,0,0
707.732215804872,7424,768,1,0
707.7387400954806,326,734,0,0
707.8476871474951,845,581,0,0
707.9522212247373,1226,477,0,0
707.964499408898,93,170,0,0
708.0310214902507,581,372,0,0
708.0440718863829,9,316,0,0
708.0955823700455,725,281,0,0
708.1002994318702,221,179,0,0
708.1874627735053,879,50,0,0
708.1959132900978,762,194,0,0
708.2482813909984,512,47,0,0
708.2586349451957,1759,278,0,0
708.2799869307808,1833,2880,0,1
708.3034783632883,479,165,0,0
708.3328920933036,656,297,0,0
708.5621393955723,560,275,0,0
709.1473375581185,298,211,0,0
709.2002198109353,981,303,0,0
709.2022255090959,504,274,0,0
709.2214301400666,677,6200,0,1
709.2241465239059,5360,273,1,0
709.4910063889979,498,375,0,0
709.511648890933,1064,21,0,0
709.5247891553315,267,46,0,0
709.5655070862952,764,153,0,0
709.5740350010244,8182,10,1,0
709.6420448328738,14,287,0,0
709.6792680658236,963,3330,0,1
709.6809801289296,1414,737,0,0
709.7583450078477,929,288,0,0
709.7656503481846,686,361,0,0
709.859525005903,19,334,0,0
709.8598974832432,12,297,0,0
710.3861040249025,2380,269,1,0
710.3951335648208,364,316,0,0
710.4060530858624,1005,94,0,0
710.595545573161,85,9,0,0
710.6003259149214,481,391,0,0
710.7248761154374,1199,310,0,0
710.725734093459,576,170,0,0
711.0336670502099,1520,112,0,0
711.420045899378,1051,767,0,0
711.5034979664928,1034,590,0,0
711.5046931971849,1350,196,0,0
711.5543485944611,1290,80,0,0
711.5895622336445,594,3050,0,1
711.5986403116973,1399,311,0,0
711.6025638733397,741,101,0,0
711.6117084571205,1644,413,0,0
711.6175108224262,1660,264,0,0
711.6383738621169,1014,394,0,0
711.7636016163531,843,623,0,0
711.7801378365539,1634,344,0,0
711.8434368914376,1263,155,0,0
711.8673848940388,664,487,0,0
711.8752506053191,457,489,0,0
711.907419892196,1891,534,0,0
711.9232498470997,37,137,0,0
711.9807825273233,552,30,0,0
712.6552975244856,11,66,0,0
712.6560062294227,339,311,0,0
712.6923433976566,1632,352,0,0
712.6928975959252,1086,346,0,0
712.7065802529874,614,138,0,0
712.7079079578295,142,514,0,0
712.75525548694,13,3180,0,1
713.2688641276427,31,842,0,0
713.2740853192136,850,2480,0,1
713.3072471485358,7,300,0,0
713.3103862586361,763,323,0,0
713.3368970557297,1146,251,0,0
713.5926372974893,453,721,0,0
713.5953808773847,285,139,0,0
713.60146915005,561,348,0,0
713.6024701101941,36,317,0,0
713.6340048585943,752,29,0,0
713.6788213610276,601,194,0,0
713.686106988033,20,524,0,0
713.7461161446918,621,311,0,0
713.7468681265726,206,699,0,0
713.7807299018955,673,30,0,0
713.7927033000897,136,82,0,0
713.7936240540491,457,126,0,0
713.7944579577758,1214,24,0,0
713.7972020983553,1746,767,0,0
713.851546515103,727,215,0,0
713.971617092819,1036,659,0,0
714.0027101115111,1839,191,0,0
714.1702243905246,741,241,0,0
714.1868822249572,1430,281,0,0
714.1903549466633,311,150,0,0
714.3753773437911,1692,3920,0,1
714.4125323932717,110,39,0,0
714.414172327315,750,38,0,0
714.4209463830922,342,146,0,0
714.4961952782602,832,413,0,0
714.6008721568526,1255,139,0,0
714.6323179897843,772,324,0,0
714.634809288619,62,29,0,0
714.6546234263038,91,372,0,0
715.0646152257888,1098,602,0,0
715.1341764368082,650,562,0,0
715.3244455250248,734,673,0,0
715.3269913041883,598,111,0,0
715.3350472317128,1839,453,0,0
715.3709261378773,432,309,0,0
715.4033625663367,290,479,0,0
715.4165913517094,1807,47,0,0
715.4172928291762,1755,274,0,0
715.4508547208054,1173,414,0,0
715.4772852680559,839,433,0,0
715.4827957622824,1247,342,0,0
715.589790591676,579,213,0,0
717.644257614459,793,16,0,0
717.6693392345122,728,100,0,0
717.6859621776673,1167,768,0,0
717.8130673921412,1118,502,0,0
719.0390834993811,295,111,0,0
719.0676659879289,666,657,0,0
719.0845639144851,1119,130,0,0
719.0958660109726,145,53,0,0
720.3041517924303,1831,5,0,0
720.4274450638085,585,367,0,0
720.552694181221,1120,98,0,0
720.5799131345531,23,704,0,0
720.5898221430813,1467,309,0,0
720.5980032740232,1215,353,0,0
720.806964507824,1715,9,0,0
721.5133634234909,6480,42,1,0
721.518790824263,7541,651,1,0
721.7560669450364,606,82,0,0
721.756901457807,317,307,0,0
721.7572074107954,1414,340,0,0
721.7712222084252,427,437,0,0
721.8209570467491,36,56,0,0
721.9503881334955,12,3370,0,1
721.9598689444724,10,303,0,0
721.9647462591171,1750,170,0,0
722.1953767877844,121,223,0,0
722.1954880362923,73,767,0,0
722.2689720104031,75,318,0,0
722.3030877265982,1841,273,0,0
722.3051558531788,890,343,0,0
722.3117199792639,19,26,0,0
722.8076735544612,42,25,0,0
722.8077548515892,772,439,0,0
722.8152208441423,63,27,0,0
722.8163303248161,1318,116,0,0
722.8323995834797,962,533,0,0
722.8565967329567,76,23,0,0
722.880780082528,659,339,0,0
722.9324645691007,1080,1360,0,1
723.0146963689974,230,488,0,0
723.0561798619722,1619,306,0,0
723.0576683127513,575,355,0,0
723.0614006517907,1330,408,0,0
723.1813797288253,40,248,0,0
723.1896137573275,194,29,0,0
723.2719101410285,1020,1210,0,1
723.4217569369396,1662,330,0,0
723.4218212627452,1333,236,0,0
724.3991739997999,453,219,0,0
724.4783056324885,655,177,0,0
724.5493727311365,807,492,0,0
724.6912871795106,91,254,0,0
724.7906701644002,976,218,0,0
724.9500961904927,759,358,0,0
724.9556434054098,1594,546,0,0
724.9744984486053,90,81,0,0
724.9831581949885,1312,331,0,0
724.9966647576201,1214,496,0,0
725.0295673784153,331,316,0,0
725.0567143737204,376,378,0,0
725.0688959980749,749,352,0,0
725.0751666647091,917,542,0,0
725.078924733447,3980,172,1,0
725.0914576956661,1165,157,0,0
725.094881706774,581,70,0,0
725.0992926094557,103,33,0,0
725.1780014064499,1137,331,0,0
725.2850306094018,896,203,0,0
725.2925810136247,38,239,0,0
725.2972355141535,2730,124,1,0
725.2975505322171,1862,196,0,0
725.3073213536775,408,638,0,0
725.3317179529299,383,232,0,0
725.3408944316974,1212,219,0,0
725.3494317403131,1109,364,0,0
725.4639869810759,704,196,0,0
725.5297094317302,1163,247,0,0
725.5363952931089,806,318,0,0
726.107280876517,1328,491,0,0
726.3619372568714,777,285,0,0
727.9194895469124,443,23,0,0
727.9449528678882,867,176,0,0
727.9525397023181,953,432,0,0
727.9701035679362,1031,226,0,0
727.9883699653487,777,432,0,0
727.9920205467685,1648,33,0,0
728.1133998142311,1869,339,0,0
728.1188336826366,296,288,0,0
728.1191346585039,111,397,0,0
728.1887911700475,1460,297,0,0
728.2055280358068,54,352,0,0
728.255369226229,440,50,0,0
728.2623311399041,165,216,0,0
728.2626788784324,395,599,0,0
728.8815549553473,887,220,0,0
728.9566944223782,798,41,0,0
728.9748862052282,1400,154,1,0
729.0134600941492,417,282,0,0
729.3577177815816,1676,304,0,0
729.4056230968965,1199,156,0,0
729.4213415913048,1545,666,0,0
729.4432303184758,385,173,0,0
729.444828113388,1132,18,0,0
729.4837824385681,772,344,0,0
729.5020782894544,19,357,0,0
729.5734223328217,5,276,0,0
729.5796766261907,20,207,0,0
729.5866722109458,342,280,0,0
729.5873265090273,1846,443,0,0
729.5982741070593,645,10,0,0
729.6110891003005,1467,132,0,0
729.6195775527481,1069,162,0,0
729.8188352682544,535,194,0,0
729.9243381827332,17,324,0,0
729.9488693245128,93,58,0,0
729.9521623126533,345,286,0,0
729.982756782321,737,164,0,0
762.4853096718247,489,473,0,0
762.497240573604,1303,460,0,0
762.5116301773309,13,256,0,0
762.5993660288754,491,68,0,0
762.6028306249377,47,312,0,0
762.6582190298603,1292,390,0,0
762.6595929552007,1077,101,0,0
762.6804062868199,457,486,0,0
762.7099227267229,593,333,0,0
762.7422063323678,460,402,0,0
762.8895240058056,1010,551,0,0
762.9109556440123,179,102,0,0
762.9264632283835,15,302,0,0
763.0362145569494,698,73,0,0
763.0524887915985,129,241,0,0
763.1385722731272,693,267,0,0
763.1462702284601,927,30,0,0
763.1762462741206,539,85,0,0
763.1865700475595,400,187,0,0
763.2097012469885,303,93,0,0
763.2188239899368,1582,144,0,0
763.2377396572386,1261,355,0,0
763.2378618265662,512,243,0,0
763.4605074392674,791,173,0,0
763.4629171879611,1220,621,0,0
763.4912810208965,790,2150,0,1
763.4943074874724,1826,275,0,0
764.554956195792,1112,345,0,0
764.7039234517986,1172,240,0,0
765.4262043715723,1385,290,0,0
765.4339207108959,734,158,0,0
765.4607915273734,1084,63,0,0
765.6116402734996,393,395,0,0
765.6215268754753,12,76,0,0
767.3844458987387,560,287,0,0
767.4996283438395,456,299,0,0
767.5802987905905,622,72,0,0
767.5991907225942,998,166,0,0
767.8980109880199,1247,547,0,0
767.9195626826917,963,557,0,0
767.9209662683733,1460,385,0,0
767.9421168909745,597,272,0,0
767.9448619182621,1354,316,0,0
767.9668771391894,1126,74,0,0
768.0191492047902,858,200,0,0
768.0329389724318,5640,369,1,0
768.0459916609962,246,533,0,0
768.0467422701489,534,3640,0,1
768.0520068165162,80,423,0,0
768.5127540932976,900,429,0,0
768.5151152475929,559,768,0,0
768.5155099074312,84,95,0,0
768.5290992801288,1491,268,0,0
768.8324232002523,1718,501,0,0
768.9480401090653,102,10,0,0
768.9701229099862,1153,348,0,0
768.9949844841128,1530,310,0,0
769.0049853493745,1310,199,0,0
769.0485474634709,214,218,0,0
769.0799876939695,648,224,0,0
769.0967971599857,268,143,0,0
769.0973905239564,552,444,0,0
769.1045658489135,518,260,0,0
769.1094868348086,1359,654,0,0
769.111877822974,204,86,0,0
769.137572438171,1411,138,0,0
769.1633483434169,340,455,0,0
769.1678971416685,26,11,0,0
769.2344081263856,1596,766,0,0
769.2470179058138,14,4510,0,1
769.2526977203236,1446,99,0,0
769.3300816409765,1657,182,0,0
769.3881215498745,1432,740,0,0
771.0038783647794,1664,77,0,0
771.1122415184401,3855,2440,0,1
771.1524529749825,501,258,0,0
771.1772892779314,1113,3680,0,1
771.1823835648422,804,113,0,0
771.1830803664163,231,68,0,0
771.194496750896,1558,266,0,0
771.2001194372019,1035,290,0,0
771.223151196267,180,213,0,0
771.3114757479111,358,261,0,0
771.3264595896813,915,23,0,0
771.3974355560696,1375,195,0,0
773.7158490499567,728,217,0,0
773.7307903371915,18,249,0,0
773.7404835623593,1557,378,0,0
774.0124977237416,127,185,0,0
774.212256624438,1586,460,0,1
774.7482025896819,1926,539,0,0
774.7521490146196,660,113,0,0
774.753057593981,698,25,0,0
775.1698750024259,996,419,0,0
775.4518350324331,1539,102,0,0
775.4763507213975,260,236,0,0
775.4765284847982,1703,60,0,0
776.5323313487833,861,280,0,0
776.9980301198824,70,165,0,0
777.207705580203,1071,280,0,0
777.2082912544851,579,88,0,0
777.2357173165213,1686,88,0,0
777.2396640999619,775,3790,0,1
777.2635152835907,1065,78,0,0
777.5880646335578,672,74,0,0
777.6012999141818,887,52,0,0
777.6035033410596,1953,99,0,0
777.605005875072,912,21,0,0
777.6428126992388,17,82,0,0
777.6453949969211,102,25,0,0
777.6527656633211,1206,293,0,0
777.6574517623525,8,22,0,0
777.6600639359468,1772,138,0,0
777.663130453548,948,266,0,0
777.6641000254727,15,233,0,0
777.9196197719326,296,301,0,0
777.956414673965,1346,586,0,0
777.9639471232994,550,378,0,0
778.9494788413876,462,57,0,0
778.9697428150719,718,299,0,0
779.0718316507326,1099,304,0,0
779.0979193800632,949,22,0,0
779.104094596457,542,395,0,0
779.1070727407772,1472,365,0,0
779.1135217849684,15,109,0,0
779.3499299997019,9,115,0,0
779.3531239618345,1293,324,0,0
779.3693993176151,87,769,0,0
779.3748883564963,1110,40,0,0
779.4020453562946,729,500,0,0
779.4224347772653,1611,131,0,0
779.4256010205158,79,84,0,0
779.4588834243987,913,446,0,0
779.4636879467395,406,96,0,0
779.536762594544,808,236,0,0
779.5726358630201,366,318,0,0
779.5916672017805,60,111,0,0
779.6241018157735,24,439,0,0
779.6774568142741,1397,78,0,0
779.8455650710374,8186,6,1,0
780.0288232749398,1762,86,0,0
780.201143673756,1687,364,0,0
780.2679067418412,523,216,0,0
780.286826208028,1390,173,0,0
780.3446294390208,391,132,0,0
780.3558210147891,1403,434,0,0
780.3643796239251,1369,225,0,0
780.3955170227862,95,32,0,0
780.4522426431789,1475,199,0,0
780.4555804564833,1329,44,0,0
780.5327479432453,1506,123,0,0
780.5598843862381,1366,56,0,0
780.5764192139404,650,136,0,0
780.593301817404,375,767,0,0
780.6176897245119,7812,380,1,0
780.9717346863147,11,132,0,0
780.9730024936788,1188,301,0,0
781.0563010522584,30,90,0,0
781.0575513215383,845,767,0,0
781.1238433639147,478,230,0,0
781.1320799531984,1231,207,0,0
781.1331775261823,229,196,0,0
781.330700251182,229,328,0,0
781.3315080671789,148,333,0,0
781.3357450852312,6450,417,1,0
781.3380085434566,877,324,0,0
781.3497339416443,99,87,0,0
781.3510708161526,474,22,0,0
781.3923516649455,1030,322,0,0
781.5882792429527,997,119,0,0
781.8974780129346,652,67,0,0
782.101491440806,1113,207,0,0
782.106645064592,39,649,0,0
782.1170342651181,211,210,0,0
782.1511470828805,100,276,1,0
782.1695675495082,716,280,0,0
782.1768953479669,766,114,0,0
782.1770571734853,1028,331,0,0
782.1826599417676,1474,516,0,0
782.225335420492,458,72,0,0
782.2399565186817,1514,304,0,0
784.1757962389647,866,321,0,0
784.1758164087053,18,365,0,0
784.1764359953115,729,104,0,0
784.177476096515,905,23,0,0
784.2764273047289,352,330,0,1
784.5708451378794,322,41,0,0
784.5729134362942,252,246,0,0
784.5908746100496,446,714,0,0
784.6478351108234,1101,193,0,0
784.6798021573233,1370,511,0,0
784.7061925626447,140,123,0,0
784.7099302572344,1758,767,0,0
784.7121685820664,488,772,0,0
784.713058865619,471,215,0,0
784.7142862438302,1054,178,0,0
784.7767551182993,1499,200,0,0
784.7865511869752,1638,481,0,0
784.7938195547254,1184,325,0,0
784.7956664612068,721,496,0,0
784.8150025261453,1600,540,0,0
784.9468213374064,613,45,0,0
784.9483829335583,815,68,0,0
785.264146489026,251,307,0,0
785.3101383171957,474,13,0,0
785.310214741684,1044,58,0,0
785.3352657716166,1488,769,0,0
785.3651356599946,998,721,0,0
785.6439579141876,825,591,0,0
785.6561852329559,69,18,0,0
785.6563094696874,1790,82,0,0
785.6567983639967,1146,678,0,0
785.6575217882554,1049,277,0,0
785.7011591445986,1540,203,0,0
785.7031178242148,1003,404,0,0
785.7042402801916,1344,408,0,0
785.7355965716592,359,537,0,0
785.8177473115979,947,313,0,0
785.8184345365738,270,302,1,0
785.8353372227601,603,196,0,0
785.9849266585791,1056,6,0,0
786.0505113103588,302,300,0,0
786.354468863662,1822,157,0,0
786.6193686443703,38,301,0,0
786.7092248957937,758,474,0,0
786.714947789629,1254,119,0,0
788.1545498891087,791,169,0,0
788.2387375908211,66,67,0,0
788.2581180811427,288,1100,0,1
788.2672047002039,1775,224,0,0
788.3284482520288,789,182,0,0
788.3350343724343,1237,37,0,0
788.3516792663219,1349,72,0,0
788.5610976742871,25,210,0,0
788.6136143619765,4,260,0,0
788.6153489655492,733,202,0,0
788.6452699340454,1565,20,0,0
788.6539833584408,666,258,0,0
788.6573304880504,385,371,0,0
788.6597919468904,370,153,0,0
788.6627735894443,955,9,0,0
788.6888970178874,771,54,0,0
788.9213314792275,1502,153,0,0
788.9336723800359,1246,203,0,0
789.2722643072478,562,514,0,0
789.2755923865415,1467,390,0,0
789.2875159136273,778,4870,0,1
789.7215414992781,929,172,0,0
789.748368458132,530,390,0,0
789.7831621589478,505,321,0,0
789.8209883756625,599,235,0,0
789.8271952294141,481,332,0,0
792.0305703718795,737,196,0,0
792.0508927912099,1536,189,0,0
792.1725086924847,824,168,0,0
792.2287562523438,917,477,0,0
792.3824146754761,839,258,0,0
792.8311066741337,156,202,0,0
792.8312693777973,354,18,0,0
792.8322250405703,766,272,0,0
792.8324630559239,7890,302,1,0
792.8357059744592,1165,130,0,0
792.8479694321757,883,240,0,0
792.8803415929397,7625,567,1,0
792.8863622151116,59,582,0,0
792.9441082823079,1504,287,0,0
793.0228859708761,369,531,0,0
793.0456155339366,1743,638,0,0
793.0473885049856,790,160,0,0
793.0528298306228,895,597,0,0
793.065212977253,5,101,0,0
793.1487600803563,2780,100,1,0
793.1621375864918,771,773,0,0
793.1989598333487,710,313,0,0
793.1995476227024,1557,90,0,0
793.1996003904538,2027,211,0,0
793.2225308898543,398,116,0,0
793.2450797559101,923,243,0,0
793.2474745541831,1346,539,0,0
793.2546533645938,843,322,0,0
793.3100286370912,1349,202,0,0
793.3691371106247,1231,350,0,0
793.6040462449043,1425,229,0,0
793.6856383192611,8020,172,1,0
793.6957516076162,79,41,0,0
793.7486948440411,1656,460,0,0
795.0413501531343,282,200,0,0
795.6107073475076,365,217,0,0
795.6138839894605,1218,22,0,0
795.6510253568724,1657,191,0,0
796.0325287969551,271,178,0,0
796.0571960205393,490,172,1,0
796.1209323540788,599,767,0,0
796.3768704076261,18,171,0,0
796.4090687165866,426,166,0,0
796.4553414789956,1367,127,0,0
796.4637391105458,1150,66,0,0
796.4661990520264,1632,37,0,0
796.4728973221884,1150,296,1,0
796.5455375645475,1559,323,0,0
796.5578870471055,1198,56,0,0
796.5814334539142,1432,461,0,0
797.9182042927537,1213,7,0,0
797.9219158618596,8045,147,1,0
798.04885261681,230,252,0,0
798.05509206362,1335,758,0,0
798.1175609835316,220,90,0,0
798.2253258839401,77,388,0,0
798.4881443495586,277,347,0,0
798.491995796425,1344,54,0,0
798.5010780193902,1195,149,0,0
798.5262490095902,19,588,0,0
798.541971767924,110,25,0,0
798.5420361128872,1732,401,0,0
798.5851100849643,355,234,0,0
798.5866818937229,1027,383,0,0
798.6047714444508,1010,293,1,0
798.6060420239269,474,419,0,0
798.6370268944189,645,385,0,0
798.6535548749815,942,93,0,0
802.4503067017323,1714,484,0,0
802.5251263907971,117,230,0,0
802.5338155686649,373,769,0,0
802.6286996641461,599,113,0,0
802.6294221639643,960,219,0,0
802.7645353064403,1702,136,0,0
802.9521848836547,405,109,0,0
802.9596411968449,529,768,0,0
802.9708907016384,1662,273,0,0
802.9713754691818,173,51,0,0
803.0118668274364,153,90,0,0
803.1166933821022,1103,130,0,0
803.1180619982399,1074,414,0,0
803.1930149194943,1639,302,0,0
803.1951905361744,6650,29,1,0
803.6390272696133,1460,18,0,0
803.6392504459285,605,30,0,0
803.6509392352825,1613,66,0,0
803.7891747300704,6680,382,1,0
803.7907943842472,204,272,0,0
803.7953536333312,590,220,0,0
803.8168653149626,413,13,0,0
803.8316328257147,15,470,0,0
803.835727209644,1291,66,0,0
803.8399150574149,2197,548,0,0
803.8481554176348,26,377,0,0
803.8576797725173,7840,352,1,0
803.8644949935737,1342,287,0,0
803.9788392294442,929,377,0,0
804.005775723646,1502,201,0,0
804.0532524889935,764,729,0,0
804.1108513634655,210,426,0,0
804.1121354297597,302,329,0,0
804.1139856896094,590,326,0,0
805.0867614789847,195,131,0,0
805.0870056192192,1157,42,0,0
805.0912108321209,1246,134,0,0
805.1563112501484,716,501,0,0
805.1679656494385,454,293,0,0
805.1770897225935,454,110,0,0
805.7165900585153,309,308,0,0
805.71846333915,1233,168,0,0
805.8951803602472,7799,393,1,0
805.8959932695489,14,264,0,0
805.8965991489133,364,206,0,0
805.9055434910762,279,425,0,0
805.935279308627,792,561,0,0
808.1805995691955,1078,724,0,0
808.2208893973948,506,334,0,0
808.2502843892485,94,235,0,0
808.3305315486972,1579,331,0,0
808.3487489932558,1037,448,0,0
808.3533463119843,1216,481,0,0
808.3597400646911,660,224,0,0
808.4217806049888,18,390,0,1
808.4293271682844,255,334,0,0
808.4301036254242,325,707,0,0
808.434535018433,1376,241,0,0
808.4350505274713,805,111,0,0
808.7531868746333,938,767,0,0
808.7537080824593,20,57,0,0
808.8167668849435,821,269,0,0
808.8267515008423,632,245,0,0
809.0735212143256,270,273,0,0
809.80660950427,1133,531,0,0
809.8152827359916,1098,125,0,0
809.8855003360011,1878,197,0,0
809.9142368888316,1401,247,0,0
809.9149846303839,1674,305,0,0
810.3225999846095,972,350,0,0
810.4176618145282,1451,78,0,0
810.480922102253,466,425,0,0
810.576134134567,178,35,0,0
810.6129213279524,2069,266,0,0
810.6172877254743,512,767,0,0
810.65298949683,1569,771,0,0
810.6546417394618,1045,674,0,0
812.4346026314718,684,335,0,0
812.4361217016341,664,384,0,0
812.6031516364059,1469,185,0,0
812.6082571925286,65,1043,0,0
812.6321122739567,829,265,0,0
812.6897655216917,1356,611,0,0
812.6923294760359,1732,217,0,0
812.7152719716705,451,136,0,0
812.7153311783251,821,146,0,0
812.7401682072674,1035,318,0,0
813.0078065418182,282,364,0,0
813.0186778439062,1578,190,0,0
813.0221655339379,971,211,0,0
813.025561404485,1584,126,0,0
813.0256545467995,555,116,0,0
813.026629164299,1235,247,0,0
813.0639402268753,1551,361,0,0
813.7852927158004,136,208,0,0
813.8677475854364,1511,439,0,0
813.8848979615192,318,56,0,0
813.9007767360558,308,484,0,0
813.9486094375783,96,76,0,0
814.615539835963,758,254,0,0
814.628299198884,1166,6390,0,1
814.6476117537346,398,377,0,0
814.6888856375327,7427,765,1,0
814.7492078989567,1824,228,0,0
814.7798530322259,1782,142,0,0
814.7809093645723,1712,2640,0,1
814.7814329297058,32,2500,0,1
814.7977726249596,571,260,0,0
814.8957685594792,869,243,0,0
815.8807552091567,992,162,0,0
815.9213554060232,3020,10,1,0
815.9229718763502,1871,255,0,0
815.9307799037254,1280,144,0,0
815.931476093647,981,136,0,0
815.9432557040496,730,359,0,0
816.1193003142373,1751,660,0,0
816.1432168693882,1524,226,0,0
817.6344066225729,32,71,0,0
817.6452124580168,825,209,0,0
817.6663113404724,845,555,0,0
817.7012067483493,220,357,0,0
817.745276773227,1521,202,0,0
817.7700680480998,1069,278,0,0
817.8031405146651,102,94,0,0
817.915668000034,926,180,0,0
817.9215219950632,1619,335,0,0
817.9402034355634,6,191,0,0
817.9817357196401,1346,720,0,0
817.9904704220836,194,50,0,0
817.9925893268105,692,700,0,0
818.0300909883325,1294,261,0,0
818.0677887514219,324,38,0,0
818.0716488428782,633,92,0,0
818.0741002788523,14,395,0,0
818.0743056692816,1481,563,0,0
818.0755769165161,531,201,0,0
818.1035466479149,1382,313,0,0
818.1037076633285,407,196,0,0
818.1134676410256,128,230,0,0
818.1343534178882,996,619,0,0
818.1400657387223,411,351,0,0
818.1438079149488,305,767,0,0
818.2663777367774,17,204,0,0
818.3089873475201,1567,343,0,0
818.310844217087,124,176,0,0
818.4418794693055,967,321,0,0
819.0269031565504,14,137,0,0
819.0297336288312,1167,174,0,0
819.0317642969725,1070,1810,1,1
819.0368744300966,1732,212,0,0
819.0724915384311,1595,191,0,0
819.0880502116685,671,6530,0,1
819.09671868293,330,101,1,0
819.0984286446183,1080,23,0,0
819.1777341707813,1311,16,0,0
819.1942020616128,1742,632,0,0
819.2156807771087,1473,316,0,0
819.2323739404806,477,663,0,0
819.2649705044365,94,240,0,0
819.265701421568,1107,413,0,0
819.271726476077,1152,367,0,0
819.2915965598095,151,93,0,0
819.3255928171127,1076,470,0,0
819.3726279270643,919,35,0,0
819.4967094636544,1708,267,0,0
819.5128376967427,1751,195,0,0
819.6046995620615,25,527,0,0
819.6744263296785,1487,512,0,0
819.7105882814383,10,157,0,0
819.7233849792729,18,790,0,1
819.7328513074178,784,261,0,0
819.7516914904746,338,2330,0,1
819.8392965339816,899,45,0,0
819.8430966801395,1346,116,0,0
819.8465411953807,44,260,0,0
819.8937274423681,1063,107,0,0
819.9232238394528,924,1950,0,1
820.0609270221025,839,10,0,0
820.285383406246,1870,252,0,0
820.3329154705241,1566,50,0,0
820.3337280802632,1259,3660,0,1
820.4828410357294,327,66,0,0
820.5285902168101,141,65,0,0
820.6176803431478,1102,280,0,1
820.6733442584825,1813,520,0,0
820.6927248003165,261,1620,0,1
820.7400062704611,576,14,0,0
820.741594765763,1810,400,0,0
820.7435963681321,13,58,0,0
820.7626164247378,1196,296,0,0
821.1399802374676,17,552,0,0
821.172553363908,7,195,0,0
821.4175617040155,1202,438,0,0
821.4362845146873,1288,260,0,0
821.4630744645374,9,344,0,0
821.5983514669139,494,615,0,0
821.7195664546331,1760,346,0,0
821.7426081374152,34,168,0,0
821.7539398314931,1592,365,0,0
821.8742764356055,12,398,0,0
821.9114373246744,294,268,0,0
821.9202649405858,8,120,0,0
821.9336293774198,418,427,0,0
821.9366960542527,128,2110,0,1
821.9638127714608,100,20,0,0
822.0699856910371,81,166,0,0
822.0702016070078,42,450,0,0
822.0796170956654,654,226,0,0
822.0811563444973,288,269,0,0
822.0892608720079,777,767,0,0
822.0962734979605,2690,46,1,0
822.098107757833,137,167,0,0
822.1219574749829,1524,406,0,0
822.123306233152,956,459,0,0
822.1262520413865,873,317,0,0
822.1273083296866,1658,38,0,0
822.1311812322102,1836,244,0,0
822.1794239173402,968,261,0,0
822.1875728137014,1533,34,0,0
822.4156160369749,194,183,0,0
822.4268377680987,1274,32,0,0
822.431830014778,795,173,0,0
822.6095670615153,1765,769,0,0
822.6471354715246,1483,613,0,0
822.7380735263215,2530,176,1,0
822.7847008755402,836,186,0,0
823.1134818805713,719,273,0,0
823.2260731151971,10,334,0,0
823.450124975356,38,16,0,0
823.4534080394313,597,93,0,0
823.515679774057,1250,268,0,0
823.6234868429448,477,347,0,0
823.6435702378556,467,59,0,0
823.8600730347074,1597,324,0,0
823.8848726957365,886,212,0,0
823.897501188728,1315,146,0,0
823.9514790010406,1283,298,0,0
823.953167577506,98,617,0,0
823.9541078888413,438,407,0,0
823.9667988723513,1040,169,0,0
823.9670072642566,4250,23,1,0
824.1178183013933,29,58,0,0
824.1239521429281,19,214,0,0
824.5465940287818,255,119,0,0
824.5729451171928,14,390,0,0
824.5778695480813,1371,504,0,0
824.5841711459167,33,263,0,0
824.6453922515161,1515,234,0,0
824.7719903528276,620,224,0,0
824.7853912544653,531,373,0,0
824.7868255202357,21,405,0,0
824.8153894229523,1421,160,0,0
824.8748806600202,963,184,0,0
824.955549860761,1353,536,0,0
824.957125642838,1116,173,0,0
824.9634144772783,299,394,0,0
825.0374630112327,439,461,0,0
825.793257640884,460,170,0,0
825.8129117741319,454,156,0,0
825.8148314582228,15,340,0,0
825.8741846644679,381,253,0,0
825.8742221738315,16,111,0,0
825.8987830092004,195,343,0,0
825.9058899571202,10,192,0,0
826.4805884500735,9,140,0,0
826.4881253269017,1474,26,0,0
826.4898134162136,353,75,0,0
829.5665641065154,8,36,0,0
829.6065192303812,992,551,0,0
829.626933548745,640,669,0,0
829.6324004922308,422,88,0,0
829.6354574062555,546,51,0,0
829.6360590492371,114,44,0,0
829.6979837381285,1174,289,0,0
829.7014745879425,288,461,0,0
829.7907243873601,1552,144,0,0
829.8363167019477,1298,90,0,0
829.9539699114005,1323,425,0,0
829.9638865010623,675,49,0,0
829.9878332371106,1627,303,0,0
829.9935992651301,1727,17,0,0
830.0044333714912,316,566,0,0
830.007514538211,4,216,0,0
830.0077025871209,1681,331,0,0
830.0358020116885,249,286,0,0
830.0373088725826,1199,175,0,0
831.8701057974166,766,733,0,0
831.8883500106938,65,393,0,0
831.8890416993052,1612,404,0,0
831.9005775683548,211,298,0,0
831.9618035033544,558,35,0,0
832.0063216928595,1648,180,0,0
832.0103951189557,1695,115,0,0
832.0425030525314,482,185,0,0
832.0694509219153,45,24,0,0
832.0774376262538,808,523,0,0
832.0892352114538,40,615,0,0
832.1199048592676,1540,581,0,0
832.1388723767158,521,304,0,0
832.192009484364,934,276,0,0
832.3176069835129,831,767,0,0
832.5698502387357,217,238,0,0
832.5720188196643,30,278,0,0
832.5805497502579,1578,202,0,0
832.6164380633314,260,231,0,0
832.6502616407705,496,335,0,0
832.6555258668084,686,288,0,0
832.6705856473552,417,68,0,0
832.6870316957713,1116,616,0,0
832.7136628327119,507,143,0,0
832.7774840365886,1425,18,0,0
832.7847401474496,1351,428,0,0
832.7852775894465,408,282,0,0
832.7945166389252,1676,138,0,0
832.8062728422159,7360,28,1,0
832.8188008884568,572,105,0,0
832.9389867467584,32,391,0,0
832.9414974420783,508,162,0,0
832.9968061826071,13,233,0,0
833.5641169949592,436,612,0,0
833.5659999039103,40,344,0,0
833.579076170026,7987,205,1,0
833.5968660789213,268,213,0,0
833.668662447862,232,361,0,0
833.7276027714965,151,258,0,0
833.7339334886811,1586,100,0,0
837.8594919914694,1612,404,0,0
837.8715229334547,25,196,0,0
837.9005778440782,1658,81,0,0
837.9565715497168,404,270,0,0
837.9911968066891,776,2420,0,1
838.0113898288911,76,12,0,0
838.0179064570788,1443,335,0,0
838.0273453082574,326,93,0,0
838.0399724762524,1652,544,0,0
838.309665431052,1318,315,0,0
838.3107555956727,646,2610,0,1
838.3183583901806,506,413,0,0
838.3268855238039,659,612,0,0
838.3305992742561,1505,177,0,0
838.4329654646201,1449,458,0,0
838.4440018828243,25,323,0,0
838.4498317476754,1368,334,0,0
838.455581363489,309,276,0,0
838.5628699474964,1070,69,0,0
838.6123871850015,783,136,0,0
838.6187991081035,1012,265,0,0
838.6563170315582,374,35,0,0
838.6789126797445,926,139,0,0
839.0185919003621,781,279,0,0
839.0207713402477,1787,224,0,0
839.0211780252843,1228,770,0,0
839.0287352724333,955,306,0,0
839.0332358161263,31,515,0,0
839.0364973797521,1246,681,0,0
839.052296390147,1102,366,0,0
839.0841252760505,1115,380,0,0
839.1119459391876,638,113,0,0
839.1371217532813,586,183,0,0
839.1411739519402,2210,232,1,0
839.6549051632678,1306,487,0,0
839.662713026135,297,135,0,0
839.6650209454066,1558,164,0,0
839.6829818635962,8133,59,1,0
839.7290865751706,1189,238,0,0
839.729621137345,2420,1430,1,1
839.8041421671168,982,96,0,0
839.8400277830243,8,11,0,0
839.8629317435527,1197,249,0,0
839.8783612995159,105,594,0,0
840.4095420913055,231,133,0,0
841.2393839042393,859,294,0,0
841.2410466027764,841,172,0,0
841.2490115975199,1377,39,0,0
841.2542541551207,22,271,0,0
841.2673526028974,998,540,0,0
841.2698251485863,495,280,0,1
841.2713421466727,663,169,0,0
841.2788344159984,589,147,0,0
841.2870026090582,110,707,1,0
841.3882518365552,79,78,0,0
841.4828113242461,1181,2770,0,1
841.5448904583648,973,774,0,0
841.5910934769621,1562,29,0,0
842.0161184894956,1458,282,0,0
842.0198162099049,36,145,0,0
842.0296679859371,934,364,0,0
842.0989331687676,1771,290,0,0
842.1020914793763,566,44,0,0
842.1714035328166,1137,217,0,0
842.1750803692203,480,91,0,0
842.1840426653259,1497,192,0,0
842.1888346269545,79,53,0,0
842.2652996004869,4720,161,1,0
842.2695381412459,527,288,0,0
842.2921036498464,624,647,0,0
842.3680603635561,1192,311,0,0
842.4263431184575,832,3460,0,1
842.4454087049684,7646,546,1,0
842.4474270971198,1744,17,0,0
842.5031182440342,398,116,0,0
842.5062993378465,1456,16,0,0
842.589659726357,45,316,0,0
842.5998823730245,603,287,0,0
842.7311376999851,9,193,0,0
842.7460613147326,1764,553,0,0
842.7652327406088,1226,148,0,0
842.767442227126,152,174,0,0
842.7897247772479,168,254,0,0
842.9610502355033,1760,5430,0,1
842.9843258417874,861,368,0,0
843.0208399070866,1120,383,0,0
843.0238182696652,14,340,0,0
843.3664035856891,432,20,0,0
843.3681663348938,819,218,0,0
843.7291662695935,393,204,0,0
843.7371123458366,663,105,0,0
843.7372756323298,349,266,0,0
843.7636913443423,1358,498,0,0
843.7768280554848,1055,300,0,0
843.779689037385,1854,104,0,0
843.7809334812548,1504,231,0,0
843.8118518577389,771,271,0,0
843.8290242543457,891,67,0,0
843.8410991825572,1397,188,0,0
844.0915373356082,1465,132,0,0
844.1091773275441,1877,206,0,0
844.1169319433991,1240,3320,0,1
844.117719803452,8,78,0,0
844.1257665930797,96,113,0,0
844.1786139297222,1694,413,0,0
844.2279792157971,2283,121,0,0
844.2810232533838,1112,419,0,0
844.2917197839661,12,403,0,0
844.337786110834,380,222,0,0
844.338124943191,856,36,0,0
844.3471438848385,19,170,0,0
846.1888378051655,922,248,0,0
846.257965176385,1787,101,0,0
846.282861982921,1499,200,0,0
846.3499362640632,1547,308,0,0
846.9369862026459,1737,102,0,0
846.9546652939371,1699,28,0,0
847.0011906533282,981,771,0,0
847.1111128418071,1583,82,0,0
847.1306001973055,225,289,0,0
847.2200780268465,221,180,0,1
847.2247347997995,270,40,0,0
849.3418498554269,629,210,0,0
849.353162633253,1368,29,0,0
849.3834568498978,984,78,0,0
849.9770498451375,1743,308,0,0
851.9255987932403,584,210,0,0
852.0657978396835,1512,83,0,0
852.1171633410208,6240,64,1,0
852.2644631235493,1388,2810,0,1
852.2646572083898,984,613,0,0
852.2848604185446,7210,311,1,0
852.5804136878197,1137,43,0,0
852.5946094178897,57,48,0,0
853.158210380626,1121,113,0,0
853.4837730293758,805,366,0,0
853.502137091287,131,534,0,0
853.5596643442179,8,259,0,0
853.6516570320405,720,115,0,0
853.9535623304894,1510,3610,0,1
853.9674795670463,285,1050,0,1
853.9681901092696,1914,226,0,0
853.9956437756232,291,209,0,0
859.1985379063235,1576,275,0,0
859.2024077618024,276,605,0,0
859.2405978710661,6930,608,1,0
859.2521974186848,1303,189,0,0
859.3006883030573,912,513,0,0
861.0875470193034,9,310,0,0
861.4331175655662,944,135,0,0
861.4342517871657,1148,100,0,0
861.4520011770738,1774,96,0,0
861.4755635177693,1834,253,0,0
861.4952701711837,1220,124,1,0
861.5060394428945,181,210,0,0
861.5085627710714,315,10,0,0
861.5098842110204,1092,334,0,0
861.523158398031,6,252,0,0
861.5699584832834,445,729,0,0
861.5813864889009,581,467,0,0
861.595061999434,456,53,0,0
862.3232999581304,1256,41,0,0
862.335264025166,698,495,0,0
862.4035859979998,4,152,0,0
862.4781541481059,9,123,0,0
862.4838019188917,310,97,0,0
862.927227249147,97,458,0,0
862.928671063391,280,68,0,0
862.93430503646,1297,135,0,0
862.9604129556645,1295,148,0,0
863.1612175577648,1209,552,0,0
863.4943263474454,360,747,0,0
863.497588734707,225,29,0,0
863.5105896671146,884,261,0,0
863.5117624672429,1439,151,0,0
863.5135406745882,892,307,0,0
864.0151691835306,1782,545,0,0
864.0669777690835,77,70,0,0
864.1346174632812,591,180,0,0
864.137482938892,434,37,0,0
864.1640170997298,1725,569,0,0
864.16426735785,7838,354,1,0
864.1921404476423,74,398,0,0
864.2312400530475,975,348,0,0
864.8864358034648,735,129,0,0
864.9104176241063,652,6360,0,1
864.9441436122443,392,265,0,0
865.0362522106075,162,357,0,0
867.4452863507298,115,77,0,0
867.7097987822034,828,273,0,0
867.8766111497505,9,84,0,0
867.8839856735123,1532,395,0,0
867.9085683574115,8176,16,1,0
867.9217450381803,562,310,0,0
867.9244257243093,7,81,0,0
868.01308940258,1032,552,0,0
868.0214304175693,445,213,0,0
868.0714890085253,772,495,0,0
868.0750969815653,360,91,0,0
868.1098377018775,1300,252,0,0
868.1103476733064,1677,166,0,0
868.1280357622973,13,41,0,0
868.4868155512474,668,480,0,1
868.4959965893938,1300,428,0,0
868.5004481582768,830,338,0,0
868.532696446898,518,292,0,0
868.5392470733766,1400,327,0,0
868.5516843830725,1818,577,0,0
868.6022533205759,600,334,0,0
868.6112649626302,1451,226,0,0
868.617491396515,200,191,0,0
868.6178476710519,755,445,0,0
868.6188067359693,128,180,0,1
868.6221258047815,782,272,0,0
868.6604262946664,7684,508,1,0
868.7106262031888,1674,305,0,0
868.7460939819025,963,477,0,0
868.754287906641,7727,465,1,0
868.7795564575666,1893,107,0,0
868.8029031394127,1061,561,0,0
869.2584571179419,394,122,0,0
869.2757831068003,152,188,0,0
869.2800063227465,1371,254,0,0
869.2902582601232,1791,2500,0,1
869.3497850071158,281,241,0,0
869.4273264598711,1085,537,0,0
869.4315500432749,1812,165,0,0
869.510888107794,1814,286,0,0
869.5176255130785,1545,381,0,0
870.2641751204372,7766,426,1,0
870.2816303941229,36,4080,0,1
870.2904186838018,1799,369,0,0
870.2907646800066,1586,531,0,0
870.6754038569376,303,113,0,0
870.6793716348493,638,461,0,0
870.706940221679,407,226,0,0
870.7161783922903,630,574,0,0
870.7164312711409,1661,122,0,0
870.7363855129897,230,156,0,0
870.7452202742504,7828,364,1,0
870.7574713697876,754,200,0,0
870.7631733175948,365,23,0,0
870.7721620825566,898,990,0,1
870.9529966040435,412,144,0,0
870.9850178564973,396,271,0,0
871.0892019563383,1120,738,0,0
871.0966245164178,74,764,0,0
871.1070540567333,370,269,0,0
871.1107515369392,154,348,0,0
871.1477874120218,1455,105,0,0
871.1583297444747,1005,583,0,0
871.166262447976,1645,395,0,0
871.1763500760775,805,303,0,0
871.1804452923956,407,27,0,0
871.294672293159,1075,397,0,0
871.2971385219945,316,635,0,0
871.5933735057059,1110,444,0,0
871.622824397557,356,238,0,0
871.8797184422823,1286,303,0,0
873.2402513395778,350,59,0,0
873.2908273085741,10,498,0,0
873.357954766863,483,189,0,0
873.3858021395573,1663,306,0,0
873.4662138067905,66,668,0,0
873.6712064881172,194,484,0,0
873.6950130999566,1689,104,0,0
873.7275558681132,345,81,0,0
873.7385815518351,904,58,0,0
873.741595334484,153,5,0,0
873.9841755244631,827,275,0,0
874.1194805893676,954,306,0,0
874.4981285337508,10,281,0,0
874.5005051574295,145,171,0,0
874.5478955851956,34,343,0,0
874.6173294416566,122,42,0,0
874.9403067420559,121,8,0,0
874.9893563443776,75,89,0,0
875.0004662041109,7850,342,1,0
875.0368049315671,392,47,0,0
875.3803332474687,29,338,0,0
875.394508654871,339,290,0,0
875.4273803476634,1035,310,0,0
875.4544047903578,1550,241,0,0
875.5013449977644,1250,316,0,0
875.5750263513323,182,233,0,0
875.5792018670228,166,115,0,0
877.0938070377111,67,416,0,0
877.0975674619345,1116,263,0,0
877.1013879606933,432,279,0,0
877.1260840389684,612,731,0,0
877.33346608869,987,167,0,0
877.6053254598374,688,508,0,0
879.0163019201159,514,156,0,0
879.0558829148198,155,202,0,0
879.0628691419491,229,29,0,0
879.0657064985807,1179,364,0,0
879.075410393969,1598,187,0,0
879.1203553411417,1153,157,0,0
879.1404645229812,378,528,0,0
879.1407081959591,18,29,0,0
879.1581474779141,13,336,0,0
879.2035279157333,1905,14,0,0
879.207157885988,141,48,0,0
879.2110773338193,913,231,0,0
879.2133663477651,3840,334,1,0
879.3731340333089,1515,331,0,0
879.9648808367933,67,470,0,0
880.1178518031073,18,11,0,0
880.1239639236837,7625,567,1,0
880.1315619812578,1049,277,0,0
880.8712533226427,7,629,0,0
882.2445943060063,1083,130,0,0
882.4714013730426,1399,744,0,0
882.4893021263161,1564,28,0,0
882.4901765714375,419,260,0,0
882.5679425551922,51,200,0,0
882.9724762850807,1295,268,0,0
882.9925587112224,466,458,0,0
882.9964990185723,436,259,0,0
883.0286485385901,1033,552,0,0
883.0611120967939,1632,362,0,0
883.0707658374363,1813,275,0,0
883.0821790808536,872,497,0,0
883.082535903832,4,209,0,0
883.097345366333,2018,261,0,0
883.0978537004456,921,592,0,0
883.1022048611459,2110,259,1,0
883.1060254559238,1343,527,0,0
883.1202029018309,1402,41,0,0
883.2492529584671,1413,395,0,0
883.2523393790144,528,348,0,0
883.2798070627755,8,447,0,0
883.2811365098996,1083,440,0,0
883.2978260450981,374,368,0,0
883.3090691408156,182,87,0,0
883.3166140373467,1216,769,0,0
883.321203278134,1240,252,0,0
883.3243238662267,1040,375,0,0
883.3248428053721,1848,236,0,0
883.3258799609229,390,352,0,0
883.3264077078043,619,361,0,0
883.3723553188196,1624,334,0,0
883.3751332921273,50,344,0,0
883.4939564052534,360,85,0,0
883.5618868305033,1491,85,0,0
883.5739010041486,261,14,0,0
883.7754029451323,962,175,0,0
883.7850679790326,1522,767,0,0
883.785504600519,1267,4130,0,1
883.7910625734302,430,324,0,0
883.8092908588957,16,469,0,0
883.8236673378358,1843,151,0,0
883.8251021016163,240,104,1,0
883.8974343131258,745,119,0,0
883.9023556085349,403,451,0,0
884.0636996473648,6,242,0,0
884.0923395552038,368,348,0,0
884.4427360404974,352,523,0,0
884.5705699645316,389,190,0,0
884.5799927764482,934,120,0,0
884.8597966873864,472,253,0,0
884.8718087125261,7888,304,1,0
884.9083601105913,1742,181,0,0
885.1253151912965,790,97,0,0
885.1571865652153,106,758,0,0
885.3274243248335,597,329,0,0
885.4704033077261,1230,296,0,0
885.5425465061218,8141,51,1,0
885.550692503878,9,765,0,0
885.5515657399754,1633,141,0,0
885.5557282542845,817,643,0,0
885.5600271163544,1047,13,0,0
885.8575916135368,1228,279,0,0
885.8819876392441,924,171,0,0
885.9180991776203,8,36,0,0
885.9301369461058,1183,58,0,0
885.9310703931297,604,119,0,0
885.9369669923537,450,36,1,0
885.9877766995457,4632,3560,1,1
886.2071222809356,1150,49,0,0
886.8791661957298,699,310,0,0
887.0415210913877,586,405,0,0
887.3485178770999,1144,204,0,0
887.3579828949278,154,14,0,0
887.5064280970785,634,108,0,0
887.6044367668708,694,753,0,0
887.6063319158999,292,148,0,0
887.6307139993036,1432,138,0,0
887.6503724643258,6570,400,1,0
888.036214289957,1655,297,0,0
888.0611860220777,273,170,0,0
888.0624160343666,38,311,0,0
888.0845314669075,162,319,0,0
889.9899042345136,316,3400,0,1
889.9913025231407,111,194,0,0
890.0085166236897,1379,234,0,0
890.0532348399088,568,298,0,0
890.074127819871,546,329,0,0
890.1236267390287,914,628,0,0
890.1262268652285,672,44,0,0
890.1344712734742,276,133,0,0
890.1442345726472,11,262,0,0
890.1764697841779,691,422,0,0
890.1801650281217,1209,147,0,0
890.1811406743007,889,298,0,0
890.2974318567796,980,392,0,0
890.5799667683946,117,290,0,0
890.6643345648561,1238,248,0,0
890.6953106361854,924,492,0,0
890.8168601329864,921,4750,0,1
890.8303796724291,1203,241,0,0
890.8792043329435,317,105,0,0
890.8814744196125,490,161,0,0
890.8826541013414,1493,150,0,0
890.8906856745596,700,315,0,0
890.9136374823488,12,50,0,0
890.9553250775643,65,19,0,0
891.0179421122115,679,237,0,0
891.0196926236774,1691,279,0,0
891.0806045949516,13,99,0,0
891.2706111842003,945,248,0,0
891.2813464151425,1320,774,0,0
891.286707527262,11,311,0,0
891.2906600925062,1274,84,0,0
891.3336720119862,1244,406,0,0
891.3355774793137,854,604,0,0
891.5215650722209,872,4160,0,1
891.5600173249682,784,714,0,0
891.567996943721,750,334,0,0
891.6227592063668,22,444,0,0
891.7430081737863,1950,75,0,0
891.7537154352036,400,296,0,0
891.7557556025561,1193,82,0,0
891.7641724383558,1828,154,0,0
891.7679879113532,349,83,0,0
891.8270259210184,1309,258,0,0
891.8839564343036,7683,509,1,0
892.2725146081336,988,135,0,0
892.2961077596572,127,36,0,0
892.3567749987801,1233,261,0,0
892.3573817119518,158,272,0,0
892.358424553384,872,123,0,0
892.3596636527944,766,228,0,0
892.3597043787888,7454,738,1,0
892.3879760508408,7889,303,1,0
892.3881693701361,426,379,0,0
893.2475474826524,8115,77,1,0
893.2482633373145,21,426,0,0
893.2611204830407,610,100,0,1
893.2737668569689,1371,186,0,0
893.4920733184249,1643,312,0,0
893.4965214083111,901,665,0,0
893.5247632583647,333,51,0,0
893.5331342355811,1730,304,0,0
893.5639099831672,1571,162,0,0
893.5752503125939,373,46,0,0
893.5760461901133,421,459,0,0
893.5810732940157,502,7690,0,1
893.5859350324787,7,114,0,0
893.6456261962636,1600,540,0,0
893.6464086686688,1592,172,0,0
894.4655091079853,80,218,0,0
894.4679814766337,982,409,0,0
894.4961279662247,1015,360,0,0
894.5285122390175,1174,205,0,0
894.5560125268651,472,253,0,0
894.5574012722333,587,45,0,0
894.6056889826352,545,287,0,0
894.6064504722083,1716,767,0,0
894.6160106427501,1631,370,0,0
894.6242346537629,15,451,0,0
894.6261588575712,443,210,0,0
894.7592372937496,1610,260,0,0
894.7595258053062,578,593,0,0
894.8923255055099,6,432,0,0
894.8986035618207,218,37,0,0
894.899576597924,1596,311,0,0
894.9313556299081,844,231,0,0
894.9607205759742,1001,6230,0,1
894.962571690771,500,477,0,0
894.9759730181486,110,206,1,0
895.5006985010975,832,232,0,0
895.5152922123154,631,186,0,0
895.5264478101352,824,399,0,0
898.3909169345288,1245,127,0,0
898.4130381021151,1148,27,0,0
898.4383024475,7687,505,1,0
898.4638188802633,1142,124,0,0
898.4699980295549,725,606,0,0
898.4717634073243,2784,1910,0,1
898.528567827415,714,45,0,0
898.5930981913027,241,546,0,0
898.6036249856945,1226,76,0,0
898.6054155565574,1287,453,0,0
898.6137394728005,333,319,0,0
898.6542396856125,292,160,0,0
898.7850736943305,760,768,0,0
898.7871261244097,260,154,0,0
898.7956276558731,190,59,0,0
898.8269078429174,16,217,0,0
898.8682978643101,454,663,0,0
898.8896232686963,1428,260,0,0
898.8996986665966,1713,291,0,0
899.0172874975074,432,2870,0,1
899.0729683902678,68,2900,0,1
899.0744514114693,1723,429,0,0
908.2928491222713,442,293,0,0
908.457735059281,38,216,0,0
908.4605779077788,1105,299,0,0
908.4700964294009,605,716,0,0
908.4708033651955,938,307,0,0
908.4735618751953,365,290,0,0
908.475854343752,740,335,0,0
908.4837451955048,8049,143,1,0
908.6306466393187,1800,305,0,0
908.6556906895005,1048,503,0,0
908.6668074243804,1285,343,0,0
908.6880081979912,622,83,0,0
908.6949768880908,965,208,0,0
908.7250643324282,1429,249,0,0
908.8152678261026,1970,173,1,0
909.6410109037078,568,46,0,0
909.6590800648013,561,365,0,0
909.6613753193107,501,94,0,0
909.7482213946496,1740,103,0,0
909.7506691029596,1351,418,0,0
909.7530708513199,1236,1600,0,1
909.776388389679,275,1840,0,1
910.000166679841,1462,230,0,0
910.0024073143301,7780,309,1,0
910.3422735640622,11,267,0,0
910.3531105769015,623,1870,0,1
910.4655344699514,623,21,0,0
910.4757073492406,1561,444,0,0
910.4822969813349,23,279,0,0
910.5353752109711,932,769,0,0
910.5390097915454,1508,242,0,0
910.546777064403,1329,296,0,0
910.7062140327843,1306,505,0,0
910.7311166998363,1656,142,0,0
910.7670538868307,787,138,0,0
910.7675641405033,4170,160,1,0
910.7758952969457,636,167,0,0
910.7828887451342,1115,119,0,0
910.7917267897994,1324,154,0,0
912.9683826090625,1228,433,0,0
912.971750144108,2485,30,0,0
912.9742877459141,1879,602,0,0
912.9832253448002,1593,768,0,0
912.9904158173736,926,74,0,0
912.9905821235103,749,2890,0,1
912.9945799776137,721,230,0,0
913.0858979076195,578,112,0,0
913.1343708176812,574,281,0,0
913.1827486479452,1455,327,0,0
913.2009133275764,24,380,0,0
913.2156030005416,1104,245,0,0
913.2181746385568,667,232,0,0
913.2451228147239,7946,246,1,0
913.5991324727103,784,215,0,0
913.6078655838303,1651,142,0,0
913.6881233139316,446,466,0,0
914.0425787726158,769,679,0,0
914.0450655387882,7983,209,1,0
914.0786364839024,520,187,1,0
914.089014035602,10,618,0,0
914.0995684663303,1892,501,0,0
914.103935400834,1448,7,0,0
914.1282084366733,442,73,0,0
914.131555624991,732,212,0,0
914.1330448690344,1444,225,0,0
914.4203573352092,273,167,0,0
914.4371007069311,1674,483,0,0
914.4384395536426,81,28,0,0
914.4606484207694,312,375,0,0
914.6740540953565,246,262,0,0
914.8145568586939,1466,104,0,0
914.8646312150935,1335,283,0,0
914.8701961875406,898,770,0,0
915.3766187324562,233,314,0,0
915.4386195682772,1129,102,0,0
915.4650579902624,344,597,0,0
915.5126824913877,7,144,0,0
915.5266623043996,283,179,0,0
915.6385698638343,1088,298,0,0
915.6423103986451,1414,294,0,0
915.6655240138526,318,33,0,0
915.6805038629632,228,4140,0,1
915.6825647974974,509,370,0,0
915.7358190767196,268,143,0,0
915.7420099595532,98,387,0,0
915.7536170918694,886,324,0,0
916.2638604698734,666,181,0,0
916.2986043216941,1460,154,0,0
916.397938009988,906,377,0,0
916.4038105136443,1023,215,0,0
916.5156320348264,8,208,0,0
916.5179170132315,772,767,0,0
916.5233116859629,744,143,0,0
916.5341202758214,367,393,0,0
916.6986383280552,1357,262,0,0
916.7051564003882,1229,336,0,0
916.7278129031931,1400,338,0,0
916.7853081414108,49,514,0,0
916.785857063819,1721,617,0,0
917.7045966294107,132,644,0,0
917.8427636313289,452,218,0,0
917.8463195693413,6160,281,1,0
917.8523969407281,1698,339,0,0
918.0667263108539,789,69,0,0
918.2199650152168,742,297,0,0
918.2614590648366,1912,247,0,0
918.2642804090092,27,294,0,0
918.4645025631243,888,382,0,0
918.8037880416949,553,405,0,0
918.8048707881044,7946,246,1,0
918.8248246611296,1219,585,0,0
919.2174622101473,764,214,0,0
919.2196648062724,634,55,0,0
919.2349688994394,130,130,0,0
919.3692856366117,1372,135,0,0
919.3712632378833,53,750,0,1
919.3983006680198,1099,82,0,0
919.3986393926483,503,168,0,0
919.518255490009,88,18,0,0
919.9281511823717,1800,117,0,0
919.9558565919649,1516,143,0,0
919.9789002346223,1297,754,0,0
920.0045687083248,445,378,0,0
920.0497736556723,391,311,0,0
920.0574074092741,2370,138,1,0
920.0937855755197,341,14,0,0
920.1759672465951,70,348,0,0
920.2071153127577,268,180,0,0
920.2704645476406,762,336,0,0
920.2901532939229,1795,297,0,0
920.375962516113,145,126,0,0
920.3798812002178,72,767,0,0
920.3910624897579,472,49,0,0
920.4127803635773,822,468,0,0
921.5332481044732,1364,4080,0,1
922.1549467276775,6,48,0,0
922.1602967623488,1491,298,0,0
922.180447032061,7699,493,1,0
922.1917702817651,125,639,0,0
922.1951398652316,8,215,0,0
922.2007722350065,12,21,0,0
922.3052991852782,588,28,0,0
922.3061569829849,157,401,0,0
922.490096522535,1485,240,0,0
922.4959994008136,699,768,0,0
922.5222768844599,1475,737,0,0
922.5421951452962,62,88,0,0
922.5494749320507,6110,37,1,0
922.6037355064528,8,95,0,0
922.6114966733,1286,112,0,0
922.6357339435135,532,454,0,0
923.5603300639411,1697,173,0,0
923.5673533866835,577,101,0,0
923.8262276333004,284,291,0,0
923.8279785760138,841,172,0,0
925.5145503385114,398,749,0,0
925.5147403672423,886,248,0,0
925.5287856984647,1340,123,1,0
925.5292019103024,1546,18,0,0
925.5436369042511,270,328,0,0
925.5563453813922,5510,353,1,0
925.5573117536633,322,2660,0,1
925.5796901008326,1005,219,0,0
925.7254065694931,1620,301,0,0
925.7619707246395,1502,316,0,0
925.769331246902,1692,540,0,0
925.93751139739,705,30,0,0
926.3592540004945,21,386,0,0
926.3625911970292,514,290,0,0
926.4052926861388,63,767,0,0
926.4070460992934,1659,118,0,0
926.4116828273825,1447,183,0,0
926.4707713009651,1134,416,0,0
926.5374089316374,16,105,0,0
926.6578529614561,268,302,0,0
926.666178049727,841,527,0,0
926.79731753223,26,298,0,0
927.6945011873871,226,184,0,0
927.7520812891461,71,434,0,0
927.873820230424,15,209,0,0
927.8947343664332,351,2350,0,1
928.0061693136174,32,603,0,0
928.7934784796469,117,150,0,0
928.8258655637436,7680,180,1,0
928.8300774165814,671,16,0,0
928.8440335048252,1731,294,0,0
928.8946717893289,96,176,0,0
928.9030601477223,965,722,0,0
929.8655690159534,665,113,0,0
929.8661523573478,551,266,0,0
929.8934180681157,368,349,0,0
929.9279658089665,516,276,0,0
930.054223766177,1475,506,0,0
930.2009219152826,1688,206,0,0
930.2148846365034,977,183,0,0
930.2525409247529,1705,153,0,0
930.2569587956036,3490,346,1,0
930.260980575875,1085,81,0,0
930.2866760833284,135,197,0,0
930.3035154007408,1540,95,1,0
930.3490007626059,603,136,0,0
930.3565302817428,964,199,0,0
930.3577450369971,1363,269,0,0
930.4647896509458,702,331,0,0
930.6294502405755,1833,306,0,0
930.6525244163583,29,231,0,0
930.7710519713893,1061,5610,0,1
930.7755795385293,1384,183,0,0
930.9499644400876,515,204,0,0
930.9534010122757,850,214,0,0
931.0215358637514,652,243,0,0
931.0501396302382,13,613,0,0
931.2828503645547,2075,313,0,0
931.3706872008399,42,441,0,0
931.4920824682732,994,356,0,0
931.5213306369865,1745,331,0,0
931.988888668029,1078,1070,0,1
932.9692689500688,1783,203,0,0
932.9759963944554,517,387,0,0
933.0102358109306,1509,76,0,0
933.0711716951636,1102,297,0,0
933.1155396246243,14,584,0,0
933.1199970630935,1308,87,0,0
933.1317238519807,834,408,0,0
933.137813986975,226,129,0,0
933.1414397420835,5,181,0,0
933.1524560403708,1867,20,0,0
933.1961809482791,294,288,0,0
933.2028238928822,15,115,0,0
933.2043123372316,99,420,0,0
933.2126565141624,779,265,0,0
933.2205607699552,5610,62,1,0
933.2461955032096,75,241,0,0
933.4940553183319,18,200,0,0
933.6838645257359,242,1045,0,0
933.6839333606871,851,5300,0,1
952.1346471403102,837,228,0,0
952.7249333606567,974,311,0,0
952.7271210534606,1424,316,0,0
952.7690844883122,1096,183,0,0
952.7721725886674,629,223,0,0
954.5991675819265,18,343,0,0
954.6017742994194,819,109,0,0
954.7640446168293,7759,433,1,0
954.7846420997922,1871,475,0,0
954.8725374094228,887,227,0,0
954.899407155178,189,13,0,0
954.9007687538318,1267,327,0,0
954.9013429683182,1479,616,0,0
954.9203748996239,55,20,0,0
954.9360816914068,845,290,0,0
954.9428619349152,12,31,0,0
955.197449773302,1651,390,0,0
955.216166165898,573,275,0,0
955.222367202142,1866,293,0,0
956.3702326836997,709,33,0,0
956.3988654628331,433,195,0,0
956.4094983818247,594,301,0,0
956.4152570255143,1521,291,0,0
956.4211135136151,1186,382,0,0
956.424045888603,347,309,0,0
956.4272818251811,440,502,0,0
956.4303907779848,308,9,0,0
956.4320235237511,536,102,0,0
956.4332992124185,607,224,0,0
956.467638198597,6,82,0,0
956.4680934150323,1401,118,0,0
956.4892958895692,1072,447,0,0
956.6497707210923,7859,333,1,0
956.6555292125844,56,63,0,0
956.6726688376729,1521,158,0,0
956.9035748501656,607,587,0,0
956.9722862756895,956,171,0,0
956.9746109407191,1709,212,0,0
956.9902035864307,1338,161,0,0
957.0015388540237,11,288,0,0
957.1904123359061,816,2990,0,1
958.1756364835222,1234,66,0,0
958.1810945587528,1056,340,0,0
958.2607862290814,6970,248,1,0
958.366004749104,861,362,0,0
958.4375653302003,12,444,0,0
958.4378954477957,334,391,0,0
958.4397635403473,7991,201,1,0
958.442380540751,74,40,0,0
958.4452958223413,286,420,0,0
958.4463884148298,8011,181,1,0
958.5162071617972,623,769,0,0
958.5473392826962,1499,196,0,0
958.558642866834,431,10,0,0
958.5587406047092,692,113,0,0
958.6544514100757,683,462,0,0
958.6549006313867,381,290,0,0
958.7128209743411,734,741,0,0
958.7202026018791,1669,4940,0,1
958.7920318116816,767,449,0,0
958.7985081785608,777,258,0,0
958.8249211503421,1109,35,0,0
958.8287395951758,350,767,1,0
958.9032807836019,300,165,0,0
958.9697042079456,2065,98,0,0
958.9886908717411,1734,197,0,0
959.4575644401364,607,487,0,0
959.4625344864063,864,352,0,0
959.4625605466216,19,369,0,0
961.9449252406077,293,262,0,0
964.4774703730961,443,52,0,0
964.5467041906336,606,703,0,0
964.5502849990816,411,65,0,0
964.5613735503813,477,24,0,0
964.5615072195383,522,248,0,0
964.5626532733953,480,346,0,0
964.5671835758825,1805,293,0,0
964.5817044216245,1385,374,0,0
964.5868631825032,534,599,0,0
964.6609850929204,8,171,0,0
964.7064887345934,13,774,0,0
964.730247136792,1619,740,0,0
964.7330520893426,20,3130,0,1
964.749681275746,1364,4350,0,1
964.8723356653155,1601,173,0,0
964.8868975146657,284,123,0,0
965.0867870716528,173,223,0,0
965.0963189134247,202,437,0,0
965.1616416889669,1722,54,0,0
965.1634133581733,10,90,0,0
965.1649856009586,6,120,0,0
965.1727143375387,833,74,0,0
965.7437960377215,182,250,0,1
965.7457071875897,361,356,0,0
965.7581940675012,1652,347,0,0
965.80013020465,1105,193,0,0
965.9085683031893,566,165,0,0
965.9650825080195,1319,489,0,0
965.9845577880675,744,227,0,0
966.0005451455319,1104,272,0,0
966.1084176722912,395,370,0,0
966.7396404385063,137,91,0,0
967.0603250855132,364,361,0,0
967.0643114808656,632,147,0,0
967.0656185481109,1295,386,0,0
967.0778129834727,1580,698,0,0
967.2425067734188,1575,267,0,0
967.5534510820754,1085,267,0,0
967.566873658155,345,435,0,0
967.5690097249324,35,309,0,0
967.5717729210862,1130,336,0,0
967.6231436536242,13,44,0,0
967.6331321831525,1027,153,0,0
969.9508280706968,1113,3570,0,1
969.9562278529502,1742,219,0,0
969.9563826252305,1241,331,0,0
972.785806617228,390,673,1,0
973.0460631365271,499,310,0,0
973.0474510415164,6550,125,1,0
973.049144403012,469,346,0,0
973.0501701278392,468,410,0,0
973.152742658922,505,240,0,0
973.1641761011156,8,30,0,0
973.2152661430401,835,126,0,0
973.2163032142125,180,48,0,0
973.2232880434503,490,502,0,0
973.5164502725961,1114,120,0,0
973.5177552403029,4950,299,1,0
973.5201857241026,1868,329,0,0
973.7909063498704,24,275,0,0
973.8026689361462,812,342,0,0
973.8157051539924,616,359,0,0
973.8175243136598,1895,453,0,0
973.8247089537232,1459,15,0,0
973.8253236087309,458,397,0,0
974.5438234256602,1173,209,0,0
974.56586894415,608,522,0,0
974.6005450489347,386,312,0,0
974.6048744746475,693,320,0,0
974.6071802952567,401,168,0,0
974.616511132385,1886,1080,0,1
974.6179962443993,4480,675,1,0
974.6251531471867,26,770,0,1
974.6276062981931,723,127,0,0
974.6701111958894,364,381,0,0
974.6737081770117,333,697,0,0
974.7520382617568,954,532,0,0
974.951423345599,463,271,0,0
974.9573630263478,588,682,0,0
974.9651905733539,1060,134,0,0
974.9847446293096,109,12,0,0
974.9862356574437,492,307,0,0
975.0293917610363,1467,309,0,0
975.1429040735471,1249,256,0,0
975.1432443592231,249,155,0,0
975.2026023887439,1041,142,0,0
975.2141060787663,1465,176,0,0
975.2186663485219,408,96,0,0
975.2259620818935,213,309,0,0
975.2302415325748,1026,320,0,0
975.2833696309428,750,257,0,0
975.2884901130726,360,134,0,0
975.6630339493305,1327,305,0,0
975.6849081735625,771,312,0,0
975.8380862715102,1667,274,0,0
975.8408897574537,1406,205,0,0
975.8505736591861,764,147,0,0
976.107288879051,142,195,0,0
976.1167080605088,515,329,0,0
976.1205069779074,1551,154,0,0
976.7209368016933,189,264,0,0
976.7218202508138,1551,26,0,0
976.8252713826066,1118,113,0,0
976.8340901141981,1672,470,0,0
977.3329795689057,1213,614,0,0
977.3704088129015,1449,19,0,0
977.3789970160393,1477,159,0,0
978.2019597075226,1422,266,0,0
978.2075424891083,991,234,0,0
984.4405130518139,467,283,0,0
984.5078119957336,1263,705,0,0
984.5310850023889,582,268,0,0
984.5501097669118,436,411,0,0
984.5926253248284,2330,495,1,0
984.6052932115709,1001,264,0,0
984.6645626946449,779,416,0,0
984.686095866941,771,195,0,0
984.6922920877861,144,627,0,0
984.8015516431697,1496,255,0,0
984.8176541605275,1577,368,0,0
984.8183592384758,24,169,0,0
984.838857968594,668,172,0,0
984.8395078038075,630,28,0,0
984.8460514138225,18,215,0,0
984.8489551639718,12,120,0,0
984.8607720049156,1344,170,0,0
984.8971197038649,1434,14,0,0
984.9954844261898,355,470,0,0
985.0034745879162,1213,470,0,0
985.025633808581,562,268,0,0
985.0330103079302,1424,469,0,0
985.068936748893,338,608,0,0
985.2051094864761,44,297,0,0
985.5775380999661,7,205,0,0
985.5803063862876,468,154,0,0
985.6836124326882,367,643,0,0
985.695047243642,41,663,0,0
985.7129884470452,927,227,0,0
985.7131914534167,1566,156,0,0
985.8659566972135,322,412,0,0
985.8681182859428,600,125,0,0
985.8731252418712,1622,286,0,0
985.8854050209893,317,377,0,0
987.0101758103534,3130,401,1,0
987.0115380312801,600,306,0,0
987.0136719389851,1066,319,0,0
987.0144255598666,1392,80,0,0
987.0227065537689,756,333,0,0
987.0285577093172,1212,519,0,0
987.1006393178586,1082,302,0,0
987.1280998619075,1463,4140,0,1
987.133509478211,1661,286,0,0
987.1671183391385,1854,275,0,0
987.186354503386,520,422,0,0
987.2302453575329,503,210,0,0
987.2598705357162,1653,619,0,0
987.3125046830964,376,3950,0,1
987.3474938331855,1758,342,0,0
987.4358723119876,732,77,0,0
987.4365365574423,1350,77,0,0
987.469492400351,655,487,0,0
987.499081722286,106,170,0,0
987.508877902712,1491,455,0,0
987.5698097676855,2028,146,0,0
987.5747118092324,584,184,0,0
987.5749499204782,715,113,0,0
987.5771060248869,7780,100,1,0
987.6134969146142,1553,557,0,0
987.6949403235163,1273,495,0,0
987.7164964649269,838,242,0,0
987.7191238390079,1446,425,0,0
987.7480000110706,343,21,0,0
987.795113333737,1373,35,0,0
987.8200389161967,501,502,0,0
987.8334793487954,38,705,0,0
987.8559076197768,773,114,0,0
987.8601314221671,958,360,0,0
987.894930309283,1289,282,0,0
987.9054082189184,626,46,0,0
987.9581530144036,973,328,0,0
987.9686234642958,641,12,0,0
987.9687630482579,1407,173,0,0
987.9790220803931,1409,194,0,0
988.0527981558232,543,535,0,0
988.0709947558272,1796,324,0,0
988.3150643445389,5740,284,1,0
988.3182128670677,1737,333,0,0
988.5488959134308,345,151,0,0
988.5839285150413,761,109,0,0
988.9516963325729,1678,128,0,0
989.1127977235577,1589,781,0,0
989.1136415626465,1831,27,0,0
989.1171137348676,115,56,0,0
989.1853069981959,493,219,0,0
989.3368854803537,296,266,0,0
989.4750277475295,702,444,0,0
989.4779889466864,1331,219,0,0
989.527006425426,140,28,0,0
989.5345464353363,717,460,0,0
990.0110804848777,1127,160,0,0
990.1887189521099,14,67,0,0
990.1950153547559,1715,141,0,0
991.2871547541872,455,26,0,0
991.3021627590551,728,248,0,0
991.3222417179543,1724,204,0,0
991.3596888523093,401,533,0,0
991.360081115495,1755,81,0,0
991.5667190192241,60,370,0,0
991.6387340630614,224,38,0,0
991.653311763419,17,185,0,0
992.1190820432822,55,194,0,0
992.1213541450486,1244,351,0,0
992.5320774863658,152,98,0,0
992.5430329939225,566,110,0,0
992.9069881026919,418,94,0,0
992.9088508943734,707,716,0,0
992.9110299999833,498,154,0,0
993.0878914143259,328,205,0,0
993.0895883412531,1424,117,0,0
993.1113739461538,1443,169,0,0
993.1193268600448,345,265,0,0
993.1652437413034,1636,152,0,0
993.487504116966,626,970,0,1
993.4980939851544,1877,352,0,0
993.9443305215465,8,3250,0,1
994.0549491656518,415,8,0,0
994.1123336929255,1513,88,0,0
994.3692239417903,326,154,0,0
994.3815394780481,59,9,0,0
994.6405635409786,133,81,0,0
994.6535856118002,1467,309,0,0
994.6706202694679,1456,769,0,0
995.0903412151604,1883,91,0,0
995.1021666724558,576,558,0,0
995.1024586459522,24,303,0,0
995.1517847889168,604,266,0,0
995.1552684784036,831,222,0,0
995.1653968458243,60,453,0,0
995.4348500681796,691,374,0,0
995.435345925459,1434,426,0,0
995.5468803877693,1590,514,0,0
995.6697421250984,240,176,1,0
996.5173681287494,499,252,0,0
996.5196810951671,3120,12,1,0
996.5202721235942,1822,1130,0,1
996.5523870111651,948,204,0,0
996.6479352704578,894,322,0,0
996.652157571364,992,368,0,0
996.7184734711246,1765,165,0,0
996.7190072408458,1463,278,0,0
996.759237469147,551,365,0,0
996.7599294700386,678,573,0,0
996.7615579799487,561,260,0,0
996.7742522463556,576,241,0,0
996.7927790622502,8026,166,1,0
996.8620682895347,19,74,0,0
996.928284871181,1541,213,0,0
996.9430639670841,820,141,0,0
998.4686136740606,1329,58,0,0
998.4779304598333,994,424,0,0
998.4784025190652,444,67,0,0
998.7557110610753,1469,410,0,1
998.8613414796569,265,295,0,0
998.889994602886,1817,3440,0,1
998.9183610214573,7773,419,1,0
998.9221349293217,167,29,0,0
999.0394024365232,702,341,0,0
999.1806986371089,502,7690,0,1
999.5574781608364,651,124,0,0
999.5587074577121,1869,75,0,0
999.5694882356272,1063,25,0,0
999.5703635406428,467,251,0,0
999.5997996035076,34,390,0,0
999.6345004230654,1860,549,0,0
999.7070968613607,944,33,0,0
999.7542917659513,1065,289,0,0
999.812204509549,93,50,0,0
999.845923205158,353,236,0,0
999.8518859824135,8,294,0,0
999.858346180161,664,313,0,0
