arrived_at,num_prefill_tokens,num_decode_tokens,prefill_inflated,decode_inflated
0.0,265,248,0,0
0.001245536887719514,1748,1360,0,1
0.002431599202667492,737,357,0,0
0.011363399681032692,1524,411,0,0
0.011540274877298801,132,368,0,0
0.023907599286646927,1782,493,0,0
0.02656777932008564,1559,391,0,0
0.1343435237964281,913,293,0,0
0.2566520472911373,481,173,0,0
0.5488316575272734,1251,78,0,0
0.6325779988983339,109,108,0,0
0.6488068842504547,537,253,0,0
0.7495365383818111,7944,248,1,0
1.115969126863512,1184,470,0,0
1.1208516552203587,1124,111,0,0
1.1820153964332294,1656,247,0,0
1.1985839179842657,1572,269,0,0
1.5200479652327261,245,152,0,0
1.5234319780124337,387,158,0,0
1.5333045365084543,262,111,0,0
1.5705499736611905,1675,343,0,0
1.600787168764279,2400,89,1,0
1.601466909607438,677,431,0,0
1.6385500608819432,60,566,0,0
1.6527872409779192,7917,275,1,0
1.663958636722609,72,151,0,0
1.6771854877793773,666,275,0,0
1.7051460679898076,232,84,0,0
1.705623210979404,243,194,0,0
2.108159557394308,53,38,0,0
2.1113814498686443,1019,767,0,0
2.111585399247675,625,177,0,0
2.1269014794601535,831,354,0,0
2.4597918084920107,1010,111,0,0
2.4661876647196164,770,4010,0,1
2.867766353125578,1140,211,0,0
3.27392192188643,2960,282,1,0
3.2771355110249756,877,98,0,0
3.2772658796359155,950,579,0,0
3.278791630631287,447,283,0,0
3.4727641902022564,502,33,0,0
3.476287172629009,92,123,0,0
3.4771665837976133,1649,2480,0,1
3.4784095031268008,458,458,0,0
3.4964607100280816,1167,420,0,0
3.5135873525113612,572,200,0,0
3.6168155542379012,1422,466,0,0
3.7472606217284787,1756,42,0,0
3.750057081398119,1339,4260,0,1
3.7632454445452095,1652,279,0,0
3.765113658677922,707,505,0,0
3.7859486448786748,609,170,0,0
3.7877555881449583,391,174,0,0
3.78939174342403,294,164,0,0
5.050436875901146,627,216,0,0
5.069689166297617,472,81,0,0
5.135003367123973,169,298,0,0
8.025110977234345,390,12,0,0
8.111991155306848,1702,92,0,0
8.126352885661216,453,449,0,0
8.146479281141355,233,601,0,0
8.150550198316315,591,182,0,0
8.31157028839762,518,17,0,0
8.320891521131463,836,769,0,0
8.933878264354536,1678,429,0,0
8.942933428108622,14,412,0,0
8.951829469538138,253,238,0,0
8.959629264589969,774,359,0,0
9.022698936452302,591,362,0,0
9.048924231302028,303,47,0,0
9.32918404337473,845,2780,0,1
9.335150498759557,1664,233,0,0
9.367394388101713,306,102,0,0
10.23764021167048,13,450,0,0
10.248797454682856,1561,703,0,0
10.30115404644422,20,489,0,0
10.719628873941087,11,232,0,0
10.774213038716644,630,767,0,0
10.77928557995375,104,238,0,0
10.779577332938347,1860,472,0,0
12.94242186530148,67,23,0,0
12.985091213543573,88,120,0,0
13.20959891996872,1798,363,0,0
13.21655923794927,360,2940,0,1
13.90183114543811,838,143,0,0
13.952836518372298,1827,334,0,0
13.972770923605202,498,767,0,0
13.975742872336081,1157,39,0,0
14.013426348472455,1064,199,0,0
14.020245889650036,1158,359,0,0
14.031803150675977,331,210,0,0
14.032506311689025,789,296,0,0
14.03927119084246,967,309,0,0
14.064115043106035,504,343,0,0
14.06559385640103,6,45,0,0
14.086512593673978,914,279,0,0
14.154507990989957,292,143,0,0
14.164278146441575,1819,359,0,0
14.169491816004417,1650,153,0,0
14.174712371866534,946,305,0,0
14.293238908151713,277,695,0,0
14.294077393784608,1456,362,0,0
14.303971601155258,1271,379,0,0
14.311770963997523,129,339,0,0
14.33583807797449,1673,233,0,0
14.351538884537565,1024,76,0,0
14.35350850318729,1247,2580,0,1
15.420962054794149,1565,458,0,0
15.446702816592246,895,26,0,0
15.447934985066679,7818,374,1,0
15.450969299034691,322,360,0,1
15.472902949521616,250,389,0,0
15.534387881430114,168,146,0,0
15.535619762257328,607,24,0,0
15.610472748515742,1554,434,0,0
15.611630254981138,352,297,0,0
15.615314532995992,480,156,0,0
15.714704858856217,405,329,0,0
16.25647765434073,342,267,0,0
16.27171023373358,1446,271,0,0
16.281426243570923,497,309,0,0
16.509267821936916,1073,232,0,0
16.51138248287055,6,175,0,0
16.542841822917325,33,18,0,0
16.571612117097562,221,168,0,0
16.70745456988726,578,143,0,0
16.740240817032394,289,181,0,0
16.750832441981082,301,247,0,0
16.81251254671121,154,584,0,0
16.814408501456786,834,145,0,0
16.90633645172851,19,95,0,0
16.911036154375132,1399,420,0,0
16.91395772236892,1932,338,0,0
16.922607723729687,695,132,0,0
16.942391359930518,955,420,0,0
17.0171320068421,595,36,0,0
17.02892506316366,221,240,0,0
17.107519267565955,174,322,0,0
17.234370782742303,463,368,0,0
17.2489753549201,1138,247,0,0
17.25150925091542,1192,202,0,0
17.365071874781645,1184,614,0,0
17.39637596456871,1932,31,0,0
17.39663845653236,6480,582,1,0
17.39913841708927,11,394,0,0
17.423165355601533,773,261,0,0
17.424326076446093,193,346,0,0
17.428944308564553,371,197,0,0
17.4295311550466,12,240,0,0
17.46987260531057,1266,293,0,0
17.499122848036517,961,641,0,0
17.524787213225334,1465,27,0,0
17.85108172522578,1603,214,0,0
17.859995955587014,1438,56,0,0
17.87011573521308,352,239,0,0
18.895372971775473,1142,284,0,0
18.89671090534559,1625,26,0,0
18.97428069674769,845,265,0,0
18.97558108020758,292,7900,0,1
19.00452510649547,492,469,0,0
20.246449652379287,338,90,0,0
20.277498581169368,789,452,0,0
20.281352947873483,515,320,0,0
22.405837262897265,287,139,0,0
22.41191850828803,9,333,0,0
22.423865258095752,341,209,0,0
22.457033617081432,18,57,0,0
22.458264487853132,849,409,0,0
22.62611081243254,386,363,0,0
23.085777840931748,289,49,0,0
23.168078892761645,577,104,0,0
23.203016866561736,1196,310,0,0
23.216403502380896,1568,500,0,0
23.32270968258081,218,247,0,0
23.322742812970446,605,317,0,0
23.33680250151199,210,159,0,0
23.366919920796978,1275,26,0,0
23.36726012537954,857,282,0,0
23.40957704235576,550,472,0,0
23.423560042119288,1522,452,0,0
23.44039942420959,64,15,0,0
23.462500686541084,1263,346,0,0
23.51950496279967,933,458,0,0
23.56460023190148,1353,850,0,1
23.5668665313155,1708,768,0,0
23.581147507350423,4560,208,1,0
23.593684147997394,353,2210,0,1
23.613170165075267,265,301,0,0
23.61870283041355,1762,297,0,0
23.744234752194544,347,317,0,0
23.98940405206308,336,31,0,0
24.367917584244694,779,411,0,0
25.183707452848196,1523,374,0,0
25.541306925549634,1460,190,0,0
25.548499067194886,115,124,0,0
25.553779977627784,856,2700,0,1
25.561926363578788,1002,42,0,0
25.617058310462852,979,565,0,0
25.630976421849308,384,326,0,0
25.761955737054276,1511,182,0,0
26.251578506341595,961,78,0,0
26.25921035252011,1309,431,0,0
26.387240749472284,774,3140,0,1
26.39546397624363,181,559,0,0
26.39689710107211,2610,100,1,0
26.39832351733972,19,300,0,0
26.407854930220868,206,232,0,0
26.4082593306926,511,480,0,0
26.45724232708095,534,301,0,0
26.82750558753713,1132,167,0,0
26.829261042467916,377,4840,0,1
26.83850734803787,915,167,0,0
27.233935409678303,913,225,0,0
27.270072372819204,709,136,0,0
27.296759611735023,7425,767,1,0
27.307454696689017,490,21,0,0
27.44585771442782,420,43,0,0
27.480717605794382,729,147,0,0
27.48278125693898,821,12,0,0
27.482920527835645,9,211,0,0
27.483005067678995,4,307,0,0
27.550240148918007,966,86,0,0
27.56083833963677,1640,200,0,1
27.88756105002513,930,321,1,0
27.937601982713765,359,110,0,0
27.93901931760061,700,419,0,0
27.9712729324313,10,82,0,0
28.16697147957235,1022,308,0,0
28.169943787951986,829,334,0,0
28.17646700407826,839,1960,0,1
28.763350668412343,1520,301,0,0
28.76389951750193,1178,334,0,0
28.765938148354326,1219,102,0,0
28.913306020565656,1766,164,0,0
28.94017154190412,1842,84,0,0
28.942008058366167,1376,267,0,0
28.942990574450775,229,132,0,0
28.988583919626603,6,306,0,0
29.193252362932185,1538,668,0,0
29.287509003752955,1673,6400,0,1
29.328576744142755,883,210,0,0
29.687747791364295,484,456,0,0
29.721368353724813,4610,137,1,0
29.724782398597608,849,299,0,0
30.77485337237578,382,324,0,0
30.776382571351856,220,201,1,0
30.790170248347643,1686,368,0,0
30.805761619441235,977,537,0,0
31.121566587827864,433,360,0,0
31.125484056812464,700,527,0,0
31.13585919115262,433,574,0,0
31.136371944386443,475,126,0,0
31.17181480597788,1382,290,0,1
31.215770282884403,1513,4340,0,1
31.282071407432195,830,72,0,0
31.28489888384695,923,290,0,0
31.31384909413239,835,142,0,0
31.316927963886208,974,360,0,0
31.32384933948629,1373,616,0,0
31.339269756010133,4,51,0,0
31.578672006342373,1819,49,0,0
31.586152430117483,1138,429,0,0
31.611706537179685,12,275,0,0
31.61501996672182,898,400,0,0
31.620753221648723,130,172,1,0
31.62515705584921,923,307,0,0
31.638180561961075,973,10,0,0
31.720994258225844,200,199,0,0
31.722948978087114,100,68,0,0
31.79801138732545,7884,308,1,0
31.800662504084343,182,504,0,0
31.83536693206571,690,246,0,0
31.841244307614936,546,2260,0,1
31.85090793084054,336,454,0,0
31.85898083903959,978,340,0,0
32.017674378289826,880,198,0,0
32.0468048437781,542,233,0,0
32.1959360971154,237,77,0,0
32.20431780458989,1382,255,0,0
32.21508314274492,1504,543,0,0
32.65106022355866,1370,329,0,0
32.65169908317712,689,46,0,0
32.654673107063786,1864,478,0,0
32.66673309254645,6460,307,1,0
33.32413637798081,1580,106,0,0
33.32922014851582,797,483,0,0
33.41338138982025,557,319,0,0
33.820659392149146,1381,371,0,0
33.83136859208921,76,12,0,0
33.843503691964145,100,269,1,0
34.32901079967971,701,276,0,0
34.33468132522659,105,235,0,0
34.336767961377916,539,497,0,0
34.42667518684145,1887,228,0,0
34.432779990121276,1293,236,0,0
34.66258260927778,311,130,0,0
34.71298039548951,1773,374,0,0
34.713493658170464,1911,408,0,0
34.74344282952998,230,135,0,0
34.760981787301006,1647,93,0,0
34.76552753515363,876,300,0,0
34.92155248504505,1342,242,0,0
34.92204768279922,1889,250,0,0
34.92344256580259,1725,265,0,0
34.929776989691156,4970,209,1,0
35.0133132283615,3380,274,1,0
35.01409506610386,1594,383,0,0
35.01885673309809,187,92,0,0
35.02292249328815,47,44,0,0
35.023747681017255,774,15,0,0
35.031539914894495,1027,210,0,0
35.0332243504938,1596,318,0,0
35.04001045427284,371,531,0,0
35.06968319630318,1024,144,0,0
35.072363763974785,517,278,0,0
35.07526253520026,473,153,0,0
35.07755482202059,1122,172,0,0
35.0805777964858,219,134,0,0
35.08129188191638,406,76,0,0
35.08284467054537,318,336,0,0
35.1039017347941,8059,133,1,0
35.10674269853995,390,99,0,0
46.72875345306662,1102,494,0,0
46.731984564367885,451,405,0,0
46.77345159490293,125,97,0,0
46.774261005885506,4,40,0,0
46.78391832372464,13,257,0,0
46.78944912528872,1106,359,0,0
46.80359728281173,959,61,0,0
47.04390819029676,1083,395,0,0
47.05580542006632,8,155,0,0
47.05728602835261,2528,318,0,0
47.07860915724544,32,337,0,0
47.08103268058436,858,71,0,0
47.09432173668932,1747,145,0,0
47.51377886247854,667,271,0,0
47.629757306585404,1845,228,0,0
47.78226418820899,93,270,0,1
47.83344947290963,571,428,0,0
47.85038957323208,1504,222,0,0
47.85118969514119,7,4,0,0
47.85803484171439,9,232,0,0
47.86415427832206,1310,156,0,0
47.93391342996847,1780,31,0,0
48.06579109582368,1137,71,0,0
48.11277958840595,1655,157,0,0
48.11642577982609,24,310,0,0
48.84696621521839,8091,101,1,0
49.15571912739439,671,116,0,0
49.16739538050748,660,259,0,0
49.19416001508237,846,22,0,0
49.25909665633693,444,128,0,0
49.28130870612479,358,357,0,0
49.29612579368542,1375,343,0,0
49.34463200098092,608,36,0,0
49.36305619044953,287,267,0,0
49.390208849535796,1864,49,0,0
49.39092788251725,772,173,0,0
49.39165234425801,7,2650,0,1
49.97865285115304,35,280,0,1
49.97951193692123,7,226,0,0
50.02732552711595,424,267,0,0
50.06157277464002,601,27,0,0
50.08973185224577,2700,286,1,0
50.094238902085856,1616,207,0,0
50.23184670904958,1462,260,0,0
50.26825834994723,1552,176,0,0
50.2773606760805,243,350,0,0
50.2784422589182,1290,156,0,0
50.28984025010621,790,769,0,0
50.295286565586416,12,329,0,0
50.2967433274205,7956,236,1,0
50.33541445732899,21,412,0,0
50.393302365590245,1750,149,0,0
50.48924638661557,187,74,0,0
50.51237967873102,138,601,0,0
50.52358207864351,1432,130,0,0
50.703236296263,400,131,0,0
50.78967268504124,1024,281,0,0
52.66090113223446,1305,266,0,0
52.71813517478661,476,573,0,0
52.72101364448201,1975,413,0,0
52.85130571769739,315,286,0,0
54.86334835411937,603,1110,0,1
54.89618705216962,44,171,0,0
54.90939279020383,31,87,0,0
54.915178692016966,1819,290,0,0
55.7948099708248,3070,13,1,0
55.80807838543449,1883,230,0,0
55.81990477250258,1793,225,0,0
55.855652018824614,512,7680,0,1
55.856781044943446,200,237,0,0
55.8681031815716,1624,180,0,0
55.86964977379037,682,142,0,0
55.884440669825764,1252,288,0,0
55.93785401964453,1347,31,0,0
56.06449436852347,85,390,0,1
56.0730729464082,1759,386,0,0
56.17610043877194,1846,180,0,0
56.18517921691569,525,320,0,0
56.18590449577568,1822,192,0,0
56.2489976741462,1258,448,0,0
56.26226895168379,1722,117,0,0
56.28735570789641,807,10,0,0
56.28746158297883,26,30,0,0
56.31864672814131,1280,596,0,0
56.35226386451817,1310,199,0,0
56.385904296830105,307,116,0,0
56.55170427931521,579,312,0,0
56.56174061011358,303,354,0,0
58.10291535154331,684,278,0,0
58.192847830682034,530,748,0,0
58.255704978879024,250,389,0,0
58.255847236836246,372,78,0,0
58.25625651280566,1045,111,0,0
58.685387802328414,21,153,0,0
58.732181036143345,1582,141,0,0
58.87098679202387,1540,742,0,0
58.881075688916496,1214,262,0,0
58.89817046025776,1134,194,0,0
58.96920369105536,1548,48,0,0
58.97372282231656,1138,768,0,0
59.2883189828518,782,265,0,0
59.29073957817171,477,288,0,0
59.32577785788909,1685,386,0,0
59.33896229836322,840,767,0,0
59.385457097359854,1476,120,0,0
59.66561785082497,12,486,0,0
59.6680793496067,703,5030,0,1
59.726151585553055,1326,637,0,0
59.75618002712515,1269,231,0,0
59.88432356719426,721,99,0,0
59.9070326784735,769,350,0,0
59.915958219758686,779,160,0,0
59.98143658191159,1091,710,0,0
60.328411914756664,1344,22,0,0
60.45218528819918,1470,308,0,0
60.48527318949967,19,208,0,0
60.54213333879269,472,770,0,0
60.54324438475358,373,74,0,0
60.55148746716571,827,149,0,0
60.56618611298666,523,574,0,0
60.57450670340552,1330,296,0,0
60.58050619821559,7984,208,1,0
60.60266662760487,208,201,0,0
60.65702305127308,1838,42,0,0
61.837857558679,7949,243,1,0
61.843849003403115,19,105,0,0
61.84779760742518,424,620,0,1
62.026395096586974,3620,189,1,0
62.059576855372505,1512,231,0,0
62.06368637333154,257,135,0,0
62.58378010153853,1561,303,0,0
62.5997816775697,88,20,0,0
62.61240779064871,168,1480,0,1
62.61949075985166,202,275,0,0
62.62331547042567,456,53,0,0
62.652783906766146,684,278,0,0
62.656322124982246,1359,125,0,0
65.9053900494198,450,410,0,0
65.95178387573108,1299,146,0,0
65.96619739988043,224,10,0,0
65.97120384785009,366,4010,0,1
66.01019117528689,1820,245,0,0
66.18015624654107,1178,499,0,0
66.21750157551344,488,21,0,0
66.21983486096462,1491,217,0,0
66.23419719693237,1616,142,0,0
66.23494641744351,1761,265,0,0
66.63258790624585,22,275,0,0
66.7208123568509,299,278,0,0
66.75483274811643,1763,340,0,0
66.79511003616805,1118,349,0,0
66.80231749347344,200,717,0,0
66.81907676790951,1250,433,0,0
66.9724478883842,21,468,0,0
66.99299407579656,771,779,0,0
67.0658447755543,114,108,0,0
67.10070313723082,877,737,0,0
67.13641630453529,725,30,0,0
67.17892968935129,1529,315,0,0
67.35920136642802,341,189,0,0
67.3717903820481,338,469,0,0
67.4597447760758,985,116,0,0
67.46440486954009,379,183,0,0
67.47149812903966,1393,457,0,0
67.47692263353021,1078,226,0,0
67.60235216341306,801,711,0,0
67.61484305041446,401,679,0,0
67.8808486813967,7,220,0,1
67.88383528143741,216,141,0,0
67.93356114327788,513,290,0,0
67.93584657547468,1901,713,0,0
68.1537780070436,522,7670,0,1
68.15955766723935,797,210,0,0
68.21713523881759,821,2890,0,1
68.22298061554056,1236,236,0,0
68.22798671371118,180,173,0,0
68.2654529214001,261,145,0,0
68.2662008627288,584,180,0,0
68.26832953565247,1141,388,0,0
68.74234836438964,1406,3330,0,1
68.74681785530892,11,137,0,0
68.86467434992319,1525,121,0,0
68.86880403174145,20,243,0,0
68.86967143019629,153,387,0,0
68.87975177732208,312,563,0,0
69.00967603705936,326,484,0,0
69.03150869305505,803,321,0,0
69.04423289226196,1596,54,0,0
69.17100374058175,736,487,0,0
69.17601745784555,1624,24,0,0
69.27304825530814,28,679,0,0
69.31564240007484,730,273,0,0
69.31856101067203,991,157,0,0
69.46260485434331,7530,324,1,0
69.67602018745656,552,343,0,0
69.68986767456327,503,230,0,0
69.7184227744829,195,141,0,0
69.7312262993163,957,110,0,0
69.73359755594976,1783,47,0,0
69.84195231570519,1764,523,0,0
69.8449075293209,548,646,0,0
69.90826876986678,1901,270,0,0
69.91588159448024,1883,270,0,0
69.91869935109945,1570,148,1,0
69.9934761357016,542,28,0,0
70.02839350464241,1517,284,0,0
70.90408263702494,37,631,0,0
70.92305740380202,1339,426,0,0
70.9525070553595,78,362,0,0
70.98004051694448,1589,259,0,0
70.99330804356617,1195,5980,0,1
71.29762530909031,590,154,0,0
71.74075552178539,1840,184,1,0
71.82630719098351,379,264,0,0
71.82923770232391,1180,240,0,1
71.88361365714998,652,1920,0,1
71.90848069315177,18,391,0,0
71.9175039565673,362,3840,0,1
71.91850156271214,1712,612,0,0
72.04862152805515,672,499,0,0
72.29346216605268,1181,105,0,0
72.33491476463156,1016,447,0,0
72.39023429643464,973,141,0,0
73.1389346355439,436,140,0,0
74.20612726505708,669,68,0,0
74.24085258784358,1048,598,0,0
74.24092676295453,372,542,0,0
74.33349687478827,760,184,0,0
74.36369737355338,4,41,0,0
74.45125502534815,941,156,0,0
74.4591677849577,416,312,0,0
74.46216877339951,1162,347,0,0
74.52361989541592,922,370,0,0
74.53579594635286,1451,354,0,0
74.56293852843619,1090,581,1,0
74.613643922582,945,190,0,0
74.6406345489592,329,299,0,0
74.64187114755632,460,364,1,0
74.71057454057905,1288,56,0,0
74.7187541699069,1736,251,0,0
74.73292752827079,749,413,0,0
74.78310486084737,8162,30,1,0
74.78427809449009,1333,38,0,0
74.79677946355862,784,211,0,0
74.79732788015039,3057,185,0,0
74.80421139353143,1891,332,0,0
74.84515461609524,1180,23,0,0
74.86062676484417,7772,420,1,0
74.87219528169248,7705,487,1,0
74.93538995938661,24,409,0,0
74.9442249556655,261,294,0,0
74.94503050949007,1557,343,0,0
75.10652707809504,1625,188,0,0
75.13526336990256,1113,36,0,0
75.225589510591,1199,51,0,0
75.23378712363743,6,96,0,0
75.24150317298079,862,136,0,0
75.24563436884775,713,6270,0,1
75.24601902563718,445,181,0,0
75.2530080967201,41,349,0,0
75.25830508251765,455,167,0,0
75.66737254442955,29,3250,0,1
75.66775883632647,16,10,0,0
75.68591221855955,1370,407,0,0
75.6976870160986,17,247,0,0
75.71192484245663,1726,171,0,0
75.72409018283703,8086,106,1,0
75.74929957738547,817,54,0,0
75.83820347418119,1492,226,0,0
75.83879447581562,1590,660,0,1
75.92267412959852,901,206,0,0
75.93165691193482,1213,300,0,0
75.93383112050844,1302,448,0,0
75.93420827968377,1297,422,0,0
75.93460841909219,289,124,0,0
75.9476325726191,827,331,0,0
75.94922865615308,356,80,0,0
75.95080641395353,1167,320,0,0
75.9563557058273,1470,295,0,0
75.97181865298023,547,187,0,0
75.97762953451036,159,115,0,0
75.97917906325787,313,81,0,0
75.98345562309855,1546,262,0,0
75.99401551691149,783,495,0,0
75.99586191634822,581,20,0,0
76.08779489636467,1441,343,0,0
76.27947388308816,1441,140,0,0
76.48130563086448,1203,281,0,0
76.48940900415236,53,439,0,0
76.49724163064606,10,240,0,1
76.49973991164336,305,266,0,0
76.74391038621765,967,391,0,0
76.74999402769257,621,122,0,0
77.96422947669389,315,132,0,0
77.96450087231433,1574,365,0,0
77.98946647272062,1162,17,0,0
78.03301915656587,69,2620,0,1
78.0492437744761,1678,176,0,0
78.10095578677809,285,291,0,0
78.96880574214005,1230,43,0,0
78.98378362440741,117,235,0,0
79.0682135584893,7797,395,1,0
79.07493484452117,1080,30,0,0
79.07629095890387,1354,200,0,0
79.07829744691682,314,355,0,0
79.16676335951917,1633,207,0,0
79.19827222261766,1107,150,0,0
79.19922820071668,1873,60,0,0
79.23064980275407,2080,180,1,0
79.28689402558449,759,733,0,0
79.33176085711968,893,402,0,0
79.49395441668375,1532,19,0,0
79.4948970872541,5,106,0,0
79.4975268062657,1442,126,0,0
79.49957540846488,938,3130,0,1
79.52288438708906,258,90,0,0
79.76013601959502,1443,299,0,0
79.76746787533702,742,50,0,0
79.80263532755588,710,717,0,0
79.90325216147596,1664,42,0,0
79.91040571900483,1833,254,0,0
80.00002906778577,423,16,0,0
80.01427968689478,7992,200,1,0
80.62745848367977,1054,758,0,0
80.92395502000032,10,182,0,0
80.93144752545714,1246,296,0,0
80.9377717250967,772,86,0,0
81.67015310787492,7440,623,1,0
81.67344746044175,4710,393,1,0
81.8620498089006,1577,275,0,0
81.87033531609755,918,180,0,0
81.87221477491826,1187,408,0,0
82.46578353861271,8,308,0,0
82.51107014648461,1584,36,0,0
82.51348809724078,204,147,0,0
82.52536178156352,735,463,0,0
82.52978754593835,491,680,0,1
82.53256308997206,1524,23,0,0
82.5480366136401,1242,343,0,0
82.7171711750858,51,767,0,0
82.71830840945479,394,156,0,0
82.76963667009326,253,140,0,0
82.77068231771678,16,14,0,0
82.78712494434085,115,372,0,0
82.78817971816893,5430,253,1,0
82.78947866904369,1453,186,0,0
82.79416851069556,1653,157,0,0
82.92668593944016,277,234,0,0
83.02220029972011,14,217,0,0
83.03583547549627,159,143,0,0
83.04530578982384,1690,465,0,0
83.06777670565432,224,30,0,0
88.01595453032216,87,107,0,0
88.05156826208783,76,239,0,0
88.06527150454113,988,120,0,0
88.0720427406111,1075,2790,0,1
88.08157914720228,11,4850,0,1
88.14278415843788,963,91,0,0
88.1991068841366,1347,335,0,0
88.19925729142358,1524,150,0,0
89.37767734254828,1403,93,0,0
89.4206227237053,7780,412,1,0
89.43528573291022,1146,580,0,0
93.18838961150504,389,381,0,0
93.189196455037,962,27,0,0
93.1906523236682,738,270,0,0
93.35673675949393,1436,286,0,0
93.37453645507013,282,194,0,0
93.47876672260892,1001,394,0,0
93.6854528986102,1036,188,0,0
94.37335798665312,242,392,0,0
94.44081856391595,283,50,0,0
94.44581025176923,895,333,0,0
94.44643451353116,825,206,0,0
94.46982374778075,1359,386,0,0
94.47035225724166,109,12,0,0
94.49043726008713,723,72,0,0
94.49404107248594,743,93,0,0
94.53226975893705,649,100,0,0
94.60380229144705,44,84,0,0
94.6201711705361,7984,208,1,0
94.62129860934483,1829,300,0,0
94.64517568289855,1300,190,0,0
94.64934209923321,1603,493,0,0
94.68239182054553,693,119,0,0
94.68948686905328,770,202,0,0
96.58842130299087,794,560,0,0
96.5943297920013,1511,76,0,0
96.5947024787331,777,401,0,0
96.59753887967499,1042,489,0,0
96.6184115252786,2490,98,1,0
101.25782930941615,824,388,0,0
101.55201989499177,1632,362,0,0
101.55740278926037,1464,251,0,0
101.57530868882672,868,675,0,0
101.57688818509222,308,222,0,0
101.57782744545646,113,11,0,0
101.6943058703984,1206,20,0,0
101.73474842103218,67,767,0,0
101.73863095319889,16,192,0,0
101.74279744416845,975,201,0,0
101.78429242563428,2239,608,0,0
101.85312119573706,988,181,0,0
101.85662427351063,1570,51,0,0
101.85718708169084,427,368,0,0
101.96440750485398,478,264,0,0
101.96842025465689,206,276,0,0
101.96886475739487,907,153,0,0
101.98087487325645,1317,300,0,0
102.00781545356341,664,276,0,0
102.12965114284059,5900,532,1,0
102.13698844944783,1770,140,0,0
102.16777655388216,506,145,0,0
102.16914998338015,1184,203,0,0
102.21412565901431,825,504,0,0
102.21491702631522,30,269,0,0
102.27463346473422,538,389,0,0
102.29939011994877,290,269,0,0
102.30021352864658,9,133,0,0
102.30517818935945,847,141,0,0
102.80066816995082,7,270,0,0
102.8027577258374,3210,215,1,0
102.80339586717055,250,3010,0,1
102.81323410562871,17,129,0,0
102.83779515593737,19,126,0,0
102.9291057773483,272,308,0,0
102.94222021061539,754,614,0,0
102.94912616059331,825,386,0,0
102.96013032669954,1492,304,0,0
103.04338466130994,889,4990,0,1
103.05566913185352,317,304,0,0
103.10974910229612,1021,457,0,0
103.11023244100451,1191,207,0,0
103.11877698825471,1567,487,0,0
103.1335405911501,681,251,0,0
103.27474122052534,1165,24,0,0
103.31933124515646,779,220,0,0
103.34653782052524,923,544,0,0
103.50248229159656,498,278,0,0
103.5274920525071,1132,18,0,0
113.52135052517914,1442,277,0,0
113.52419758811833,29,388,0,0
113.54708702361302,898,5,0,0
114.27648465943108,570,3170,0,1
114.36305473198755,526,102,0,0
114.39686331926991,1783,486,0,0
114.53478144822094,444,466,0,0
114.54186478290227,345,295,0,0
114.56485385544619,911,92,0,0
114.59084558611238,809,4160,0,1
115.50157522919875,141,42,0,0
115.5369976229623,19,475,0,0
116.73896137587008,632,327,0,0
116.75638613396079,1720,89,1,0
116.78780832915191,413,469,0,0
116.78840457012802,1406,768,0,0
116.85352792697739,860,615,0,0
116.85386989056792,1850,301,0,0
116.92510384815638,1927,335,0,0
117.05768400517431,1325,398,0,0
117.09901563773016,840,167,0,0
117.10122934522181,5,768,0,0
117.11152862179085,1301,86,0,0
117.11161566110654,882,302,0,0
117.11587056294428,586,89,0,0
117.14488974413905,213,198,0,0
117.16304679718283,767,163,0,0
117.1715757135882,843,411,0,0
117.42034251903377,395,241,0,0
117.45639464151894,252,302,0,0
117.47409920827766,1461,340,0,0
117.500055181912,1309,760,0,0
117.50212105556601,16,343,0,0
117.51437341028655,1666,292,0,0
117.51471132920469,974,203,0,0
117.51477822778371,239,163,0,0
117.52326298248741,1308,526,0,0
117.6338067533393,1645,75,0,0
117.63566474947991,963,186,0,0
117.67295813116101,1130,107,0,0
117.67346138295038,1186,157,0,0
117.68957362857232,1621,133,0,0
117.70719823563512,1094,256,0,0
117.7239833118746,1014,90,0,0
117.72491432620168,1129,112,0,0
117.77661496304509,1260,341,0,0
117.84583795560077,1607,270,0,0
117.8967948994752,1167,4570,0,1
119.57536666693842,1643,38,0,0
119.58384437263055,550,52,0,0
119.60941558905475,373,245,0,0
119.81152969612307,1703,35,0,0
119.81270550188141,1751,440,0,0
119.81549377956246,63,533,0,0
119.97633760737294,1369,71,0,0
119.98513558520438,927,30,0,0
119.98865649379596,275,78,0,0
120.03635382665156,7,248,0,0
120.03750959623413,324,183,0,0
120.06129751823039,366,318,0,0
120.06350429256018,1016,273,0,0
120.06830296159244,623,374,0,0
120.06838768436229,668,209,0,0
120.09568301942738,1333,705,0,0
120.12495000883776,785,676,0,0
120.13739485559395,375,365,0,0
120.14206570949241,284,293,0,0
120.17055539652236,1011,386,0,0
120.5181268620225,1145,463,0,0
120.62287123411485,1411,760,0,0
120.62717578050413,1668,2390,0,1
120.65659878017378,537,497,0,0
120.66749965407486,270,119,0,0
120.72121910111228,324,20,0,0
120.72483449228497,11,1780,0,1
121.0889442253878,32,402,0,0
121.0927338560868,100,171,1,0
121.09518459183403,706,429,0,0
121.13210655716114,251,36,0,0
121.63236894652415,517,149,0,0
121.63299666779643,1122,7070,0,1
121.65388594277323,991,449,0,0
121.71973424705953,214,450,0,1
125.94235454228973,422,242,0,0
125.94326409559841,1738,277,0,0
126.12359586482091,666,767,0,0
126.12789177855414,104,72,0,0
126.13752163638712,1022,28,0,0
126.26513402180676,910,141,0,0
126.28602142691422,1052,103,0,0
126.28723095953218,406,604,0,0
126.2992532474932,2050,6060,1,1
126.30781172246405,953,41,0,0
126.33444391329601,259,306,0,0
126.33723184882501,1144,406,0,0
126.3417968027583,1114,1070,0,1
126.35106188621546,606,386,0,0
126.37018096951873,1511,330,0,0
126.3830644321787,1197,237,0,0
126.42598715156771,1421,258,0,0
126.49131431996805,142,2190,0,1
126.52604755019642,1252,297,0,0
126.53081326212644,35,219,0,0
126.53160486718582,7940,252,1,0
126.53458039218414,620,764,0,0
126.53903892601632,163,193,0,0
126.54933909354783,1349,314,0,0
126.65661254193571,810,580,0,0
126.67104675529522,532,28,0,0
126.67350160984334,28,263,0,0
126.67467493773168,775,6460,0,1
126.68749263826011,735,322,0,0
126.69715494161944,1859,461,0,0
126.69904737956992,198,89,0,0
126.69963632032805,1135,391,0,0
126.70753313636345,1013,126,0,0
126.74180023481496,1158,96,0,0
126.76562546638415,592,72,0,0
126.76647279681721,7,92,0,0
126.77295856925771,1629,110,0,0
126.78348003287249,942,27,0,0
126.78570995058354,1677,660,0,0
126.79871372930957,1799,295,0,0
126.80298734087604,526,2700,0,1
126.90129842554335,9,33,0,0
126.90547487086874,1903,147,0,0
127.30479841688509,1799,251,0,0
127.42442046370309,1173,126,0,0
127.45910426028588,1627,493,0,0
127.48674002743338,806,410,0,0
127.76670120819998,772,302,0,0
127.77494821340748,23,181,0,0
127.81489447205695,667,380,0,0
127.82549385899532,456,552,0,0
128.20395379996646,7859,333,1,0
128.21358800021937,1066,200,0,0
128.22421747452105,742,373,0,0
128.2243067380653,1160,153,0,0
128.2530555393495,50,153,0,0
128.26158228183317,133,483,0,0
128.31607803221354,353,151,0,0
128.31700566213146,1787,357,0,0
128.3200630033507,70,7,0,0
128.55952447984902,287,11,0,0
128.56327869886715,8181,11,1,0
128.58918436557957,1601,164,0,0
128.69822450798495,514,20,0,0
128.71873423909886,17,432,0,0
128.73853728847484,1445,950,0,1
128.93648786319326,14,233,0,0
128.94254463546238,284,26,0,0
128.99818231374834,1720,287,0,0
129.00848629013805,1173,348,0,0
129.01033652584658,455,296,0,0
129.02975685354255,957,225,0,0
129.28429962080088,12,27,0,0
129.29698084021732,851,27,0,0
129.3014043788312,26,28,0,0
129.31323534841187,40,2310,0,1
129.32002020360932,1070,79,0,0
129.36974860307495,1182,237,0,0
129.37215302363626,978,28,0,0
129.48084043906638,10,255,0,0
129.52191921165723,1832,771,0,0
129.73072523095587,120,722,0,0
129.73791651065486,160,56,0,0
129.85651342866402,217,194,0,0
129.8589603947539,846,457,0,0
129.91931197786042,184,216,0,0
129.93079134316974,573,163,0,0
129.93270901803857,103,408,0,0
130.02052068846686,1629,299,0,0
130.35269232831774,944,636,0,0
131.00176399424205,1375,99,0,0
131.04661618239905,757,236,0,0
131.05782910733777,1322,17,0,0
131.40711593616845,1352,99,0,0
131.4098252561326,498,256,0,0
131.43385446780934,311,282,0,0
131.4347886062833,1447,490,0,0
131.45888824267445,1795,341,0,0
131.48917489799214,853,33,0,0
131.49719351613106,737,377,0,0
131.6445083860266,559,66,0,0
131.65851150791624,1348,196,0,0
131.70537980499842,1425,317,0,0
131.75860978696446,1054,378,0,0
131.7727459615734,907,402,0,0
131.77285244848136,1302,382,0,0
131.7807210610558,191,399,0,0
131.8056078700327,352,388,0,0
131.8079504966622,1006,212,0,0
131.82779064622386,26,769,0,0
131.82868744724735,568,170,0,0
131.89112160372562,1182,33,0,0
131.95303185085444,271,309,0,0
131.9929821699683,755,47,0,0
131.99970787185268,1614,225,0,0
132.0314405757356,1455,620,0,1
132.03285345677054,1574,197,0,0
132.03652046826218,426,472,0,0
132.07758900877883,1442,49,0,0
132.08209831298717,1668,211,0,0
132.09268374614382,11,280,0,0
132.10936858430304,1770,624,0,0
132.2556377478874,6,562,0,0
132.26012055240648,1130,340,0,0
132.2657278522327,808,525,0,0
132.26994516589113,316,210,0,0
132.27056815345128,138,138,0,0
132.2955161648328,564,186,0,0
132.29578512109893,4,302,0,0
132.29910444315183,949,2550,0,1
132.5260701247867,1747,323,0,0
132.5431909671599,1061,355,0,0
132.54337048055518,26,254,0,0
132.54561101303858,1917,307,0,0
133.0143369974374,34,84,0,0
133.02375118751246,1534,354,0,0
133.7012481814506,1491,668,0,0
133.70666879283428,85,377,0,0
133.7067924427984,779,571,0,0
133.73474927289786,196,120,0,0
133.74498125166568,984,221,0,0
133.77370592205,1536,170,0,0
133.77569094250248,608,65,0,0
133.77758986549776,659,228,0,0
133.7825541705575,1732,163,0,0
133.78447636769943,692,113,0,0
133.87451982787883,1017,259,0,0
134.02672793709186,833,93,0,0
134.03723721438118,7816,376,1,0
134.14459705896218,7200,510,1,0
134.1486177269456,794,12,0,0
134.1573042293826,1826,57,0,0
134.1578745652026,586,104,0,0
134.358474861836,1430,421,0,0
134.36402791733067,529,274,0,0
134.56734680551926,16,196,0,0
134.7689745340649,524,21,0,0
134.81650097964092,13,62,0,0
134.84336071630068,24,363,0,0
134.8455145290469,1071,219,0,0
134.94213969682906,7901,291,1,0
135.00172228214538,853,173,0,0
135.1621136510142,494,767,0,0
135.19768602071113,792,531,0,0
135.1992170211912,1469,241,0,0
135.2010579598707,1305,191,0,0
135.3181247959558,13,279,0,0
135.79985325270985,1596,237,0,0
135.810649059567,11,32,0,0
135.82632273819047,768,488,0,0
135.86071292500947,961,223,0,0
135.88812691698757,1744,335,0,0
135.92089231312326,1146,632,0,0
135.93159253882231,3951,76,0,0
135.95786794497872,705,204,0,0
135.96354332000791,17,156,0,0
135.977695913076,1055,239,0,0
136.04519262886058,1763,474,0,0
136.06467170240236,10,73,0,0
136.06961329605673,21,221,0,0
136.10077049333017,1109,267,0,0
136.10267418775632,284,97,0,0
136.1073143700991,73,328,0,0
136.10942415256253,24,213,0,0
136.13962943229475,1469,101,0,0
136.20153284621355,840,182,0,0
136.20972378924463,309,270,0,0
136.21257344168706,681,410,0,0
136.2562402167709,152,232,0,0
136.2843314390397,454,492,0,0
136.2850632647041,419,77,0,0
136.40289407103015,22,19,0,0
136.5101986633965,1122,195,0,0
136.52021957387257,1850,246,0,0
136.5347328362664,584,190,0,0
136.54825844780285,581,23,0,0
136.55459836012363,666,11,0,0
136.59364063783232,518,2080,0,1
136.59746553516504,1445,534,0,0
136.60626202363352,1570,242,1,0
136.62767120050506,1449,19,0,0
136.62821713646048,1598,323,0,0
136.63387749497306,1262,332,0,0
136.63515946550578,77,56,0,0
136.64131336902716,258,173,0,0
136.6467916240927,385,176,0,0
136.6569063390251,658,405,0,0
136.67634849293555,394,111,0,0
136.67821841066734,200,97,0,0
136.703750119119,507,511,0,0
136.70420906223185,21,333,0,0
136.79435578623668,1222,768,0,0
136.8061592843445,1364,168,0,0
136.8727263177544,657,181,0,0
136.87302545337974,542,127,0,0
137.08651535976782,1237,225,0,0
137.0940631151496,77,22,0,0
137.12043997537202,67,574,0,0
137.13727801774044,1581,767,0,0
137.14908246452558,229,201,0,0
137.15441864746325,954,175,0,0
137.1546663503463,1690,603,0,0
137.31951356265205,309,242,0,0
137.8960315392247,481,93,0,0
137.90017325216584,1264,421,0,0
138.10757939560196,932,337,0,0
138.20168884297448,671,261,0,0
138.23107481045363,212,189,0,0
138.24227043825545,1845,226,0,0
138.29097496197622,742,335,0,0
138.29507141796364,1548,21,0,0
138.30277236341595,348,16,0,0
138.30795903765684,100,88,0,0
138.31137133791984,1120,468,0,0
138.31642850509863,527,78,0,0
138.36730969370177,992,63,0,0
138.42605749839248,1926,279,0,0
138.42911266465777,208,271,0,0
138.4424838203486,523,280,0,0
138.45298754471315,402,286,0,0
138.45346491252977,13,374,0,0
138.6004344904425,1231,179,0,0
138.60217760049287,429,289,0,0
138.75499645072406,712,543,0,0
138.75514578791083,478,376,0,0
138.75849256933282,8019,173,1,0
138.8323554577088,1348,362,0,0
138.87119533351125,1311,49,0,0
138.91579354536438,1235,191,0,0
138.9307737928247,87,25,0,0
139.93934859248634,1396,131,0,0
139.95820374544218,13,333,0,0
139.99090356230494,849,357,0,0
139.9948094076166,106,225,0,0
139.99819900060373,6600,406,1,0
140.2625884772286,859,149,0,0
140.53098065437834,1641,522,0,0
140.5314352810738,1836,152,0,0
140.53706569133905,355,392,0,0
140.74964334774683,546,143,0,0
140.7704024556658,1070,638,0,0
140.8939967049849,346,187,0,0
140.89446543835447,1632,362,0,0
140.92006159226278,440,32,1,0
140.93837658344063,682,103,0,0
140.95871365668572,365,128,0,0
140.96355592305696,263,236,0,0
140.98013129313006,722,598,0,0
141.61748156763028,15,217,0,0
141.61954336318013,1020,187,0,0
141.63524722544673,853,445,0,0
141.64496812184254,8174,18,1,0
141.65550240955181,131,72,0,0
142.34212581370647,296,191,0,0
142.78117613780506,807,180,0,0
142.78981604398462,720,212,0,0
142.84280124235352,677,25,0,0
142.84629768134786,350,364,0,0
142.8811573627564,774,230,0,0
142.8897650269216,217,155,0,0
143.24929183878766,1247,101,0,0
143.29507303904174,145,70,0,0
143.29725441422985,861,570,0,0
143.29774321054958,1516,254,0,0
143.29965419412576,328,326,0,0
144.60420157051593,992,155,0,0
144.6067591661513,503,81,0,0
144.60780065982303,1704,517,0,0
144.61245226118245,1049,537,0,0
144.6192268200466,327,14,0,0
144.68286333965213,1064,287,0,0
144.68681018325194,254,31,0,0
145.218724576966,19,394,0,0
145.23742640791764,761,350,0,0
145.27142583294395,371,364,0,0
145.59928004816712,942,322,0,0
145.6258726277326,61,755,0,0
145.66142249605966,1642,503,0,0
145.72930621970733,479,769,0,0
145.7335599930718,13,43,0,0
145.73982970319943,1035,302,0,0
145.81312057662842,13,520,0,0
145.81694407815723,2520,25,0,0
145.82277412705906,761,229,0,0
145.9453336768531,263,143,0,0
146.00716837647926,23,339,0,0
146.04413779404754,1074,594,0,0
146.0459961671526,20,433,0,0
147.0466613360337,12,275,0,0
147.0603023329643,110,18,0,0
147.0700453291781,784,44,0,0
147.0828762954143,7,256,0,0
147.08624635941806,15,72,0,0
147.09683492169717,685,248,0,0
148.1369959334368,561,312,0,0
148.1378656862616,888,444,0,0
149.80730554091772,228,258,0,0
149.80995704373254,687,769,0,0
149.8126051713964,376,29,0,0
150.09561531597987,1056,516,0,0
150.9534570804198,1320,528,0,0
150.96145054721478,784,137,0,0
151.05633905716337,1382,357,0,0
151.0600029837223,438,170,0,0
151.06847568540462,578,290,0,0
151.0722516388242,126,599,0,0
151.09452861766147,1530,331,0,0
151.09909003734847,1682,271,0,0
151.12093231436853,1355,313,0,0
151.1291652294692,1033,336,0,0
151.14550869530896,1853,140,0,0
151.16409907904713,1369,770,0,0
151.16820042355613,779,435,0,0
151.17548195273713,43,773,0,0
151.17701901293844,1023,2750,0,1
151.21995366530774,1537,59,0,0
151.28852069493323,1553,40,0,0
151.2958461893143,19,95,0,0
151.3043810576123,1584,439,0,0
151.309356486123,253,361,0,0
151.31533455285873,447,584,0,0
151.33533108286073,1064,439,0,0
151.33582686798493,68,160,0,0
151.33661778559411,331,372,0,0
151.3534511950028,55,80,0,0
151.44018315487102,160,58,0,0
151.44378527569324,1632,385,0,0
151.5160722217234,38,162,0,0
151.61316749524133,1560,686,0,0
151.63123430106714,605,380,0,0
152.90386167611055,740,196,0,0
152.91531812414124,7849,343,1,0
152.93434188375102,746,544,0,0
152.9358309443016,1665,79,0,0
152.93768131936585,76,284,0,0
152.95553904815696,959,286,0,0
153.00160304610515,322,334,0,0
153.01100996885327,405,203,0,0
153.023778814769,586,770,0,0
153.04123250320325,1029,156,0,0
153.1049388264901,75,597,0,0
153.10539924746908,7422,770,1,0
153.17280088070825,193,101,0,0
153.17532581057387,1800,368,0,0
153.21146567670024,348,109,0,0
153.27632605031928,757,279,0,0
153.27712853233487,1471,707,0,0
153.40057012841635,369,49,0,0
153.41537304142125,406,96,0,0
153.4197808319811,1422,121,0,0
153.87814580092322,583,585,0,0
153.87914851867194,530,70,0,0
153.87976024527433,669,472,0,0
153.89807114353965,117,460,0,0
153.92785429569204,522,154,0,0
153.93585489021834,1490,180,0,0
153.97514146974893,435,2740,0,1
153.97525143653684,691,337,0,0
154.06711817125455,513,29,0,0
154.08496202699183,118,438,0,0
154.0864091297489,73,71,0,0
154.08755595456932,593,34,0,0
154.12009024676536,34,767,0,0
154.14878379743365,848,198,0,0
154.1522810571993,1656,134,0,0
154.16871217762588,491,735,0,0
154.18299663405028,1632,265,0,0
154.29975155425467,1745,199,0,0
154.30186157869718,1723,297,0,0
154.40683970809636,1397,222,0,0
154.42406466140255,204,407,0,0
154.43970981665328,1681,419,0,0
154.4813483004134,23,21,0,0
154.48682604945796,17,204,0,0
154.48765530192668,304,311,0,0
154.48820274518252,1413,210,0,0
154.60020580445774,1033,174,0,0
154.6006551108765,272,138,0,0
154.71847556733948,570,107,0,0
154.72202764124287,377,346,0,0
154.8558285404769,746,23,0,0
154.85815426593882,1026,23,0,0
154.88561400520499,23,25,0,0
154.90727576660902,520,767,0,0
154.9790782614509,1449,228,0,0
154.98591323349945,1141,767,0,0
155.023318216173,1385,312,0,0
155.38364131545686,2066,126,0,0
155.38464420192773,1336,268,0,0
155.50718294846064,758,296,0,0
155.5090474414978,237,23,0,0
155.61924928558435,594,321,0,0
155.6266078238008,889,243,0,0
155.9141338787627,1067,119,0,0
155.92373711244767,115,368,0,0
155.92961033979947,367,312,0,0
156.06062201288034,250,620,1,0
156.07060007497873,423,103,0,0
156.08150096691847,1035,368,0,0
156.1935378488433,1036,445,0,0
156.48599940275238,1573,24,0,0
156.5809317691497,394,89,0,0
156.58130888048495,1187,393,0,0
156.6153745002656,1428,201,0,0
156.64691032468866,712,220,0,0
156.7475398843842,1349,221,0,0
156.89677135530275,785,5080,0,1
157.03848930123314,20,296,0,0
157.08780014313993,1207,478,0,0
158.18313670405323,1218,2780,0,1
158.19740239060636,9,7,0,0
158.20252933741736,1007,29,0,0
158.20411497603624,6,98,0,0
158.21340267869977,14,301,0,0
158.30949392627446,30,98,0,0
158.33110714797303,522,7670,0,1
158.6731615519711,454,296,0,0
158.69364652776696,560,439,0,0
158.70078945699223,860,2890,0,1
159.14230361017098,66,461,0,0
159.15651315606254,50,338,0,0
159.36717202886751,743,216,0,0
159.36741354972224,1796,297,0,0
159.3689806834984,554,290,0,0
159.37649853029123,1089,19,0,0
159.37918090064443,304,233,0,0
159.4142456770152,12,199,0,0
159.43934047582061,853,113,0,0
159.47282429871356,570,92,0,0
159.47646840079926,757,3220,0,1
159.48025193828735,702,375,0,0
159.48599323794704,437,285,0,0
159.8977347609985,1590,231,0,0
159.90934212252944,2375,48,0,0
160.0361436282312,1132,220,0,0
160.04002515496248,430,22,0,0
160.04117754667672,1280,412,0,0
160.0661088591746,731,202,0,0
160.19678782204346,1389,298,0,0
160.1974542712142,327,142,0,0
160.2037460766467,407,178,0,0
160.267132496247,325,325,0,0
160.27767548424504,1294,454,0,0
160.28742034362668,216,395,0,0
160.3695081583427,4960,107,1,0
160.3937773929596,1438,57,0,0
160.41889819492803,1910,374,0,0
160.4253058849987,518,456,0,0
160.4554765298903,17,311,0,0
160.46180573068074,1462,426,0,0
160.75801525644894,6,1680,0,1
160.7580515529541,205,367,0,0
160.7798539338573,104,300,0,1
160.85474730850666,3950,461,1,0
160.85735751307035,130,4380,1,1
160.91460893958785,1540,203,0,0
160.9187937098174,476,458,0,0
160.98903303107065,300,580,0,1
161.4643111478328,5780,170,1,0
161.47515718975754,621,459,0,0
162.96153263684496,803,43,0,0
162.97809122609732,726,140,0,0
162.9782279831166,582,404,0,0
162.98585545291277,113,234,0,0
163.0080563825072,463,263,0,0
163.03483766207188,234,18,0,0
163.0512817314347,386,205,0,0
163.08769034157586,1306,90,0,0
163.09921099367736,948,401,0,0
163.34081209984421,410,402,0,0
163.3729577247861,6,507,0,0
163.3856824426956,1330,29,0,0
164.04288017722914,84,129,0,0
164.04417740372008,801,767,0,0
164.04456220640225,1504,476,0,0
164.04877022168512,1523,2550,0,1
164.04887062946622,20,238,0,0
164.09419305582432,641,152,0,0
164.10320214616996,1333,511,0,0
165.221305587124,30,377,0,0
165.2238541413006,11,5980,0,1
165.22537535177656,1728,544,0,0
165.28964855629826,618,110,0,0
165.34846592971675,417,13,0,0
165.41115847027652,557,775,0,0
165.4163193385865,451,316,0,0
165.42142839536805,1421,225,0,0
165.4706775703889,586,171,0,0
165.48275909507743,1765,190,0,0
165.5350010501932,509,289,0,0
165.69194775265765,1337,384,0,0
165.70132798380286,1516,464,0,0
165.75334226503324,1693,153,0,0
165.7536984304742,946,377,0,0
166.15886578918764,1116,619,0,0
166.51572089538556,8060,132,1,0
166.53995346035933,21,523,0,0
166.55124744251958,49,314,0,0
166.5751324005453,2027,92,0,0
166.60538192996202,1294,260,0,0
166.62159204912584,163,23,0,0
166.62675779087246,66,71,0,0
166.66067462099525,1129,414,0,0
166.8771083034381,28,298,0,0
166.87752319624326,1180,370,0,0
166.88446683988545,1058,391,0,0
166.88818993452279,115,18,0,0
166.89014334262623,1266,242,0,0
166.90815107574306,15,103,0,0
166.90838245862622,23,449,0,0
166.9163524554871,52,386,0,0
167.01644713841637,705,145,0,0
167.12643379880433,371,164,0,0
167.19741843906127,1010,357,0,0
167.23358252496757,507,407,0,0
167.32968309444763,1587,455,0,0
167.35515326507098,1001,438,0,0
167.40531804860325,725,215,0,0
167.48751552551576,1256,159,0,0
167.8692138407255,1671,31,0,0
168.02436169193166,8013,179,1,0
168.1418006794985,1712,420,0,0
168.14281436134067,190,154,0,0
168.17716562069418,1376,333,0,0
168.2050462523397,932,527,0,0
168.21186061394934,706,153,0,0
168.2143676044713,286,349,0,0
168.28687990422893,733,494,0,0
168.30990180980731,531,294,0,0
168.3205209605119,689,117,0,0
168.32268021923645,17,2740,0,1
168.32695014499836,1433,105,0,0
168.33362427130967,408,130,0,0
168.3684190543871,815,115,0,0
168.8643720705915,453,721,0,0
168.89193408731217,310,231,0,0
168.89227843573855,1260,78,0,0
168.93522210060766,1215,112,0,0
168.9808325696834,406,203,0,0
168.98318384056503,1364,218,0,0
168.98444615968359,8161,31,1,0
169.0023533756246,32,113,0,0
169.07989376427602,1730,770,0,0
169.11928765530413,1206,221,0,0
169.50341382037237,1227,184,0,0
169.51634961085367,998,123,0,0
169.5334747689925,1557,378,0,0
169.5363922612096,1471,201,0,0
169.6518032878669,473,120,0,0
169.67656909762704,1662,132,0,0
169.72587377411017,1752,106,0,0
169.72604762092828,21,169,0,0
169.72650143588896,1342,154,0,0
169.75924408688113,1161,257,0,0
169.81198204813293,872,224,0,0
169.81865515461845,1221,274,0,0
169.8269930236528,1735,618,0,0
169.89203792101165,759,239,0,0
169.8950332304856,386,54,0,0
169.9106735565136,1045,4220,0,1
169.91291492215737,33,16,0,0
169.91753840554554,1188,68,0,0
169.99534998976083,845,49,0,0
169.99581130802875,534,368,0,0
169.99917569413194,331,420,0,0
169.99927890475914,969,238,0,0
170.0276487732096,1628,37,0,0
170.04996245045487,1530,335,0,0
174.83011057871093,148,3470,0,1
174.8369426356552,1426,4020,0,1
174.86081876312664,629,151,0,0
174.99536894288858,15,309,0,0
175.05493243117206,1602,763,0,0
175.0636337574393,19,128,0,0
175.24621239875717,1080,242,0,0
175.24627903683367,522,21,0,0
175.28658337082334,1703,339,0,0
175.2900578648867,3110,100,1,0
175.293287318658,942,186,0,0
175.29516076031263,116,1220,0,1
175.32475109712334,1358,628,0,0
175.3266588642664,1588,132,0,0
175.34686269953235,81,286,0,0
175.8212524054184,824,265,0,0
175.82475010720657,863,218,0,0
175.8427742431489,289,330,0,0
175.84717227916494,417,174,0,0
175.84821256471906,445,436,0,0
175.89447479395125,6,257,0,0
176.06226338062663,658,288,0,0
176.066043486119,8088,104,1,0
176.08200561894552,555,257,0,0
176.09279878163358,1064,228,0,0
176.09604291237653,942,214,0,0
176.17061236303488,1454,601,0,0
176.17087070410867,558,481,0,0
176.45214934174413,1670,5710,0,1
176.45693242940288,1600,300,0,0
176.93689048042776,400,84,0,0
176.97521544971227,221,345,0,0
176.98717267659313,2841,1380,0,1
176.98765477158233,954,782,0,0
176.98864274250627,283,211,0,0
177.04194886619425,647,317,0,0
177.04509232505245,1619,543,0,0
177.12597010660986,1382,320,0,0
177.1270091182178,1339,103,0,0
177.24354298422116,1343,337,0,0
177.2564999080605,1111,265,0,0
177.28636753928836,961,185,0,0
177.28864033284972,1566,533,0,0
177.29430024683165,1045,398,0,0
177.33072577553256,1034,157,0,0
177.34895072644895,896,78,0,0
177.35085775494662,1358,176,0,0
177.37066357494112,92,271,0,0
177.3713353197648,1491,204,0,0
178.11127326878702,1832,308,0,0
178.1515989247033,157,23,0,0
178.15635303746095,607,508,0,0
178.16338536728728,840,281,0,0
178.1650420705181,195,148,0,0
178.18030005123117,1195,439,0,0
178.18035243159957,372,193,0,0
178.19251839841888,321,224,0,0
178.56891139225593,230,31,1,0
178.5690995114379,127,36,0,0
178.58679093145793,430,532,0,0
178.59095984953802,601,682,0,0
178.59993313611562,413,120,0,0
178.60114853257824,841,344,0,0
178.69230985907328,3530,38,1,0
178.69326824160925,19,286,0,0
178.78347206538126,7425,767,1,0
178.8946190914454,1557,357,0,0
178.91482271701625,604,574,0,0
178.95804017048715,971,464,0,0
178.95830273414919,1539,29,0,0
178.96187093725771,3720,179,1,0
178.96196069145395,850,130,0,0
179.00906299083644,897,13,0,0
179.145044467851,259,361,0,0
179.14570798820563,801,98,0,0
179.16617229367876,904,96,0,0
179.17464390407216,135,19,0,0
179.1749416817273,437,238,0,0
179.18165755925716,1416,8,0,0
179.19788727376528,582,323,0,0
179.30037655701034,728,24,0,0
179.3116058041475,1140,25,0,0
179.3638722605053,715,710,0,0
180.06431549035386,955,599,0,0
180.2101549184432,773,120,0,0
180.21326163518364,1431,42,0,0
180.25765701982792,269,128,0,0
180.73101280172529,7,177,0,0
184.71611514205688,424,415,0,0
184.7959224549421,575,439,0,0
184.97851545959665,587,111,0,0
185.08581491852522,1030,482,0,0
186.2050820758005,1028,3550,0,1
186.32487482528305,465,298,0,0
186.4869399848772,204,314,0,0
186.48984311730416,244,377,0,0
186.49919473440505,432,169,0,0
186.50001892002817,805,227,0,0
186.50305225252797,1656,463,0,0
186.53723460648573,271,9,0,0
186.71070405612303,59,11,0,0
186.86833524776213,1136,171,0,0
186.9170224997346,736,192,0,0
188.40267132898137,496,555,0,0
188.40411714265392,6510,193,1,0
188.42210898657362,1288,226,0,0
188.80327232079398,408,318,0,0
188.84444965270643,1398,424,0,0
188.87164761926965,835,252,0,0
189.01013630019648,1835,332,0,0
189.01463447721417,505,321,0,0
189.01931679480052,799,411,0,0
189.02839426285655,8,217,0,0
189.84890654305985,1338,297,0,0
189.85035548679235,4,14,0,0
189.85600594862015,16,37,0,0
191.76561577915524,1114,358,0,0
191.80885125768347,1217,366,0,0
191.82024191367825,379,470,0,0
191.82068889496318,1886,272,0,0
191.84730176793965,7,35,0,0
191.865093299058,1749,446,0,0
191.99655496642782,462,346,0,0
191.99999762990757,853,258,0,0
192.00477518456927,17,195,0,0
192.1098977983185,1588,669,0,0
192.112559034284,324,100,0,0
192.58531426720106,11,414,0,0
192.59850797084803,27,128,0,0
192.64270584738932,1103,340,0,0
192.64843870466288,13,56,0,0
193.22664236061956,694,261,0,0
193.23249409470742,333,305,0,0
193.50927545229754,1567,67,0,0
193.51602666058395,296,366,0,0
193.55894681163488,195,207,0,0
193.56228863180965,387,558,0,0
193.65410491160767,29,15,0,0
194.11811103528507,1479,341,0,0
194.12497435334984,522,481,0,0
194.92853904677946,41,391,0,0
194.9524655603246,629,637,0,0
194.9568797639461,1711,269,0,0
194.99075557955035,799,675,0,0
194.99871890258868,588,220,0,0
195.03042515235938,170,38,0,0
195.03762288173206,303,396,0,0
195.03843133273998,220,173,0,0
195.28219013080704,1445,361,0,0
195.3137854761718,160,177,0,0
195.3235220481226,870,534,0,0
195.39013558979036,1530,211,0,0
195.3913502175359,509,366,0,0
195.4034010529109,7657,535,1,0
195.4836728941178,1849,161,0,0
195.8048291106913,516,5280,0,1
195.83346671661891,1787,215,0,0
195.94552999314342,569,31,0,0
195.9461021079949,1800,48,1,0
195.96496610381092,568,558,0,0
196.0781324347327,958,122,0,0
196.36637271026248,130,80,0,0
196.36818058418905,1325,467,0,0
196.85669909289754,8,94,0,0
199.84100403960085,990,342,0,0
199.87080229243946,315,160,0,0
199.87142212246326,610,21,1,0
199.94983246592201,953,260,0,0
200.02504792761485,960,639,0,0
200.0331597194857,755,388,0,0
200.35979955644865,19,311,0,0
201.10721785168025,1022,28,0,0
201.1097541358411,1036,342,0,0
201.11205518078168,1092,215,0,0
201.14408290423353,788,697,0,0
201.3583911443013,1506,242,0,0
201.3598520053431,149,35,0,0
201.36351558023165,1526,149,0,0
201.3735975378198,7963,229,1,0
201.37687719371038,32,446,0,0
201.38734898225994,1008,471,0,0
201.5144104014487,7876,316,1,0
201.51719058436183,1484,330,0,0
201.59018982742455,1166,123,0,0
201.60704322296044,902,39,0,0
201.61669740932177,758,313,0,0
201.61768537593386,2532,5660,1,1
201.6446486732595,919,79,0,0
201.69456919833183,354,31,0,0
201.69786628371145,1083,291,0,0
201.8069689831057,192,2550,0,1
201.93774502712998,478,364,0,0
201.9614102629637,89,178,0,0
201.96430141638513,335,366,0,0
201.9783513568516,7885,307,1,0
202.0967674554843,7775,417,1,0
202.20947537131903,6,270,0,0
202.2244063890487,48,374,0,0
202.2359386882313,1210,356,0,0
202.3182673743554,122,44,0,0
202.38868978083508,1820,138,0,0
202.5339236205307,15,28,0,0
202.5359099212653,1245,315,0,0
202.55032923076718,294,136,0,0
202.66276881994705,800,363,0,0
202.6669935128482,788,145,0,0
202.69088082460613,1313,133,0,0
202.69512534772048,3580,1030,1,1
202.8288538322846,457,207,0,0
203.10579617509444,15,274,0,0
203.11241047654246,535,214,0,0
205.44452629847407,2010,254,0,0
205.550403908224,743,362,0,0
205.56095621767813,264,274,0,0
205.61813027352125,425,353,0,0
205.62596952430073,338,172,0,0
205.7895248929745,48,767,0,0
205.8042752913595,259,328,0,0
205.80773485172534,353,524,0,0
205.81966400260276,272,137,0,0
205.82120116705886,1029,243,0,0
205.82139243929635,810,405,0,0
205.82247340032382,1663,203,0,0
205.8786453540891,497,144,0,0
205.88450733045858,810,306,0,0
205.9240454636467,683,187,0,0
205.9310018406586,8155,37,1,0
205.94707544139703,995,640,0,0
205.98009903228416,1867,59,0,0
206.08081133692215,1467,257,0,0
206.08330139801447,372,67,0,0
206.08652601294642,196,21,0,0
206.10658951951586,1531,186,0,0
206.54797302072632,1777,252,0,0
206.57958596802604,10,26,0,0
206.59205037743388,220,201,0,0
206.60519069842329,3860,1000,1,1
206.61626290394202,72,25,0,0
206.6215054301562,1905,233,0,0
206.72995995187014,1077,203,0,0
207.53782111638697,787,273,0,0
207.56999455609528,1045,278,0,0
207.57099908573392,53,297,0,0
207.57147078020333,2860,60,1,0
208.50918013692657,485,407,0,0
208.50973370561047,298,571,0,0
210.6699215785781,110,557,0,0
210.718566591634,695,24,0,0
210.73276326327277,1321,302,0,0
210.8369320808814,498,411,0,0
210.85685888884,303,24,0,0
211.40315828902817,39,1790,0,1
211.41018948816532,293,367,0,0
211.4456642938915,77,315,0,0
211.45206328194453,1261,220,0,0
211.50606549215817,566,627,0,0
211.60355738196915,465,428,0,0
211.60489300995394,1066,650,0,0
211.60558843838817,20,474,0,0
211.74655890697684,638,265,0,0
211.8376023059105,1445,783,0,0
211.88602208548707,227,89,0,0
211.8904928406088,1214,258,0,0
211.89228562279843,643,766,0,0
211.89468108580317,15,230,0,0
211.913945108628,864,197,0,0
211.91650368181362,241,126,0,0
211.91901821453317,1637,292,0,0
211.958300530164,955,301,0,0
212.5182362159163,503,210,0,0
213.4637771149392,1630,526,0,0
213.4954345755824,6,180,0,0
213.6925438753055,449,201,0,0
213.7445511518835,976,284,0,0
213.78598699509809,560,176,0,0
213.802533096488,982,407,0,0
213.80813736425063,1618,266,0,0
213.81486001880532,1283,285,0,0
213.84679884169594,763,329,0,0
214.2182602222372,392,28,0,0
214.2195473714921,147,153,0,0
214.22586219714464,1090,15,0,0
214.22773302483506,1683,318,0,0
214.30389161319744,1267,59,0,0
217.11239225797542,207,256,0,0
217.1642982984044,989,308,0,0
217.1656733249029,7,154,0,0
217.21668119697324,1266,429,0,0
218.31076656237224,171,186,0,0
218.31464418433515,1062,34,0,0
218.31482847062188,90,8,0,0
218.31515057294862,8,39,0,0
218.36227239941283,1479,73,0,0
218.36265412008416,1361,374,0,0
218.78519666639883,1422,97,0,0
218.78533350908685,40,240,0,0
218.79820851699722,50,145,0,0
218.79947490734924,1383,769,0,0
218.9020458179135,824,358,0,0
218.93931643510538,700,214,0,0
219.00330679166473,45,301,0,0
219.08262749062104,307,25,0,0
219.08606245532363,316,314,0,0
219.1078266013485,9,185,0,0
219.11056348631587,382,576,0,0
219.11888981892434,799,291,0,0
219.14453845031383,632,593,0,0
219.15214544796467,7,280,0,0
219.1531455864652,421,157,0,0
219.15431362085917,24,391,0,0
219.15589494239603,771,196,0,0
219.1577155524829,186,5,0,0
219.15934199744243,3962,4230,1,1
219.44248442861357,563,407,0,0
219.53681517094572,541,27,0,0
219.5689409275837,2619,300,0,0
219.86648910053174,13,403,0,0
219.91679177501095,1037,105,0,0
219.92329154042474,195,482,0,0
220.10731245526358,1135,246,0,0
220.1568159873163,737,323,0,0
220.15705953520327,696,23,0,0
221.91837655960404,1674,297,0,0
221.93184134648163,1207,277,0,0
221.9323389776697,1588,443,0,0
222.1938778402099,1256,57,0,0
222.21656163448407,1719,234,0,0
222.24064763848278,1535,768,0,0
222.56714612770517,505,321,0,0
222.67156733227475,496,335,0,0
222.70665085472476,952,4230,0,1
222.734974934601,756,338,0,0
222.75698022525364,1383,407,0,0
222.76949006018046,159,225,0,0
222.7705692621984,965,435,0,0
222.93243068525027,535,287,0,0
222.9504942226934,1337,173,0,0
222.96478160076958,355,301,0,0
223.04812583464107,655,221,0,0
223.05251349790962,1647,187,0,0
223.0601988217612,243,28,0,0
223.1315940694952,655,443,0,0
223.14284148616596,11,34,0,0
223.1447154180127,1175,3910,0,1
223.14677416599542,917,170,0,0
229.975426326369,546,336,0,0
229.9811290198967,836,258,0,0
231.627206886353,21,3740,0,1
231.63116748162017,1235,290,0,1
231.66822685155574,1130,334,0,0
231.67509302294724,91,7,0,0
231.67666545501643,281,4020,0,1
231.6855425585534,1813,223,0,0
232.92283639787036,502,7690,0,1
232.9263710683729,19,396,0,0
232.92849216200037,959,217,0,0
232.96695109300336,7835,357,1,0
232.9690710037419,865,99,0,0
232.97223757782103,7888,304,1,0
232.97309694056278,1679,175,0,0
233.0954876534435,1512,194,0,0
233.16289531217254,1288,441,0,0
233.1630192558126,1367,154,0,0
233.22976200637189,381,275,0,0
233.2398005241238,1532,144,0,0
233.2535734817807,617,189,0,0
233.25710864265827,932,204,0,0
233.2826167313325,394,321,0,0
233.34166718223526,68,207,0,0
233.3447557070899,1892,280,0,0
233.36049890788107,1750,398,0,0
233.37506355138913,262,283,0,0
233.37814125233007,732,333,0,0
233.38340088886522,546,531,0,0
233.39619041151562,961,66,0,0
233.4846570871748,1228,45,0,0
233.48876054658007,626,623,0,0
233.5052930769291,500,94,0,0
233.63234917796095,1293,401,0,0
233.907110589006,70,247,0,0
233.9079588224682,475,443,0,0
233.9332513448197,530,768,0,0
233.9433720664881,319,153,0,0
233.94876837984148,1078,240,0,0
233.95255833792345,983,343,0,0
234.469395779858,239,379,0,0
234.59737571520924,1052,247,0,0
234.60711600419378,1732,209,0,0
234.62759983510531,1185,65,0,0
234.64179860731298,921,327,0,0
234.65299881479928,182,47,0,0
234.7417254975665,413,384,0,0
234.7482249908231,596,285,0,0
234.82216487979827,21,387,0,0
234.8230981628705,1077,206,0,0
234.85183333057418,1248,351,0,0
234.86541527983377,1084,311,0,0
234.8708344459803,1556,135,0,0
234.91178017975398,30,10,0,0
234.93482774811093,1023,195,0,0
234.94397841151198,669,408,0,0
235.2063751544918,1656,120,0,0
235.22020975553806,444,418,0,0
235.23236848499997,1322,10,0,0
235.2384046659865,1847,155,0,0
235.40421242540143,861,154,0,0
235.52699970643866,59,880,0,1
235.52715444136837,1494,360,0,0
235.53000268724486,1818,767,0,0
235.56695564448333,350,116,0,0
235.6909249170865,698,31,0,0
235.74200132369785,32,434,0,0
235.75699907463908,1184,455,0,0
236.1121311902428,565,1250,0,1
236.1187187791171,122,184,0,0
236.14183287085834,148,603,0,0
236.1610376130451,1072,47,0,0
236.18567259315228,478,308,0,0
236.18858174442423,777,469,0,0
236.19973078499876,171,157,0,0
236.27916003196478,27,38,0,0
236.4273670854219,1083,71,0,0
236.52952274042147,261,100,0,0
236.5806731140337,625,257,0,0
236.59212054435787,25,47,0,0
236.66438279090335,241,22,0,0
236.6827836817375,618,329,0,0
236.7088661609773,14,165,0,0
236.75733487685324,276,366,0,0
236.761114200007,390,391,0,0
236.82274421157933,774,304,0,0
237.00976061765317,603,24,0,0
237.0105327107494,631,505,0,0
237.02089736294351,697,494,0,0
237.0302329649493,1235,378,0,0
237.50591132256207,1585,52,0,0
237.53000483631473,7623,569,1,0
237.5956602954902,13,564,0,0
237.68106824168294,317,155,0,0
237.68507987040624,1113,181,0,0
237.686429433824,1331,74,0,0
237.869031628783,1368,716,0,0
238.12051847323283,7984,208,1,0
238.23129424167146,421,377,0,0
238.33015479062516,707,280,0,0
238.33469550577766,183,331,0,0
238.3391361729446,10,287,0,0
238.35831510678088,219,201,0,0
238.42918401474356,55,194,0,0
238.43893148775751,963,275,0,0
238.44915317829975,1599,82,0,0
238.4991304253406,992,336,0,0
238.9598524904104,799,581,0,0
238.96064636761227,790,41,0,0
238.97250698883988,1557,21,0,0
238.9734394018411,151,48,0,0
238.97393271014727,92,324,0,0
239.1504612181981,808,767,0,0
239.15286485472146,38,250,0,0
239.19126443815995,507,258,0,0
239.3667377329441,1032,133,0,0
239.44133309666086,6580,288,1,0
239.44388164223722,451,781,0,0
239.48309766629657,262,194,0,0
239.49899859254174,1463,128,0,0
239.50345079610395,1302,117,0,0
239.51304319519494,256,156,0,0
239.51933294117518,1180,834,0,0
239.66012619392228,720,84,0,0
239.6777654839178,889,767,0,0
239.6857540029514,1729,364,0,0
239.7266643527235,824,131,0,0
239.76761260278525,1231,265,0,0
239.82880927690078,20,154,0,0
239.9639469750114,585,360,0,0
239.9679970707615,294,362,0,0
239.97409501135365,592,254,0,0
240.14943845049294,330,375,0,0
240.15401795526057,582,220,0,0
240.22928589404145,1306,292,0,0
240.22950363389242,1114,392,0,0
240.24686008003636,798,582,0,0
240.25009595724538,240,136,0,0
240.26190141072456,761,570,0,0
240.30243798063074,45,520,0,1
240.30278380793882,406,270,0,0
240.30361984375529,544,214,0,0
240.32032780466707,632,265,0,0
240.32199510413048,1665,111,0,0
240.34988632888425,984,166,0,0
240.3703066136765,1043,275,0,0
240.3724797347691,966,210,0,0
240.48443453256277,1498,110,0,1
240.55862220805847,1029,70,0,0
240.60066556759605,686,278,0,0
240.6062515823973,1361,161,0,0
240.61215286030068,1133,767,0,0
240.61318614667434,87,408,0,0
240.61346629635673,792,510,0,0
240.62177222420573,213,391,0,0
240.6958039316211,299,232,0,0
240.70629084160305,1771,251,0,0
240.76242084510574,1676,191,0,0
240.76810008145992,1288,227,0,0
240.77510282513322,1780,290,0,0
240.7824508051857,1333,596,0,0
240.9813570531186,1031,42,0,0
240.98311257239018,1737,244,0,0
240.9875150113049,1675,306,0,0
241.0680013093959,2520,224,1,0
241.19294620991104,933,182,0,0
241.25356287727374,846,378,0,0
244.64954297920409,1794,182,0,0
244.66350212094014,7450,742,1,0
244.68209441261544,444,255,0,0
244.68783132779794,1699,637,0,0
244.69741047694643,2044,331,0,0
245.31645185505414,372,408,0,0
245.46819347500022,1578,1470,0,1
245.47754567578974,1369,253,0,0
245.7353105214675,806,103,0,0
245.73816642014327,1257,370,0,0
246.46362882743804,1046,144,0,0
246.47225816961003,596,298,0,0
246.56709469771383,256,553,0,0
246.568440308119,169,132,0,0
246.59449605223148,551,702,0,0
246.6026364186179,1597,165,0,0
246.61435524868324,1639,306,0,0
246.6293172706461,877,346,0,0
246.62994836940433,1492,45,0,0
246.6306238674456,1187,20,0,0
246.92464647208942,1268,405,0,0
246.92640164594386,1912,500,0,0
246.9266104753012,307,63,0,0
246.97105492934335,1105,488,0,0
246.98938068562512,1245,607,0,0
247.01462944846367,29,2750,0,1
247.02198486257933,522,4470,0,1
247.09312801476338,7,129,0,0
247.2078019214863,1315,21,0,0
247.21960523100816,8187,5,1,0
247.2610835267281,292,45,0,0
247.26145182930773,113,171,0,0
247.27218780155818,545,770,0,0
247.27512871151288,955,216,0,0
247.27695753990326,198,299,0,0
247.3993899156045,166,82,0,0
247.39963314975958,512,7680,1,1
247.42882424936417,1326,155,0,0
247.42994024065956,1038,295,0,0
247.59408816688733,449,217,0,0
247.61753982055833,1288,434,0,0
247.72731667664772,1289,264,0,0
247.7378215793528,849,3840,0,1
247.73880267943724,802,120,0,0
250.01301355858922,516,332,0,0
250.02573722149114,33,26,0,0
250.0275959191654,877,318,0,0
250.19213584667315,290,1870,0,1
251.43567569251567,326,206,0,0
251.45487668365976,1266,378,0,0
251.46200067122862,1526,335,0,0
251.53238501170733,254,36,0,0
251.6434103815442,53,239,0,0
251.77421043336116,1620,59,0,0
251.78461905649996,201,1510,0,1
251.8031954594875,730,389,0,0
251.85178198326977,1786,319,0,0
252.92562444379934,813,74,0,0
253.18466848804465,1676,283,0,0
253.19079041952457,1474,2070,0,1
253.23831428307534,8,1670,0,1
253.34741248831256,817,39,0,0
253.35334491471187,12,3030,0,1
253.35339971152837,1320,3190,0,1
253.3783037853391,151,142,0,0
253.38498780272508,38,209,0,0
253.4175938588136,294,180,0,0
253.46013359854402,1096,208,0,0
253.48703339373273,259,331,0,0
253.50821726624946,1765,768,0,0
253.69080631542533,382,134,0,0
253.69914400854435,163,204,0,0
253.70013859673284,522,477,0,0
253.70034476049491,304,790,0,1
253.76162633817526,744,77,0,0
253.7629614982098,1084,152,0,0
253.7778933901573,405,190,0,0
253.8014668005538,1809,272,0,0
253.90846682966466,379,134,0,0
254.0322229001679,1581,133,0,0
254.0561015406109,1883,56,0,0
254.08010162890622,785,602,0,0
254.7004750364487,1072,554,0,0
254.70076442172487,728,124,0,0
254.71451239710606,86,559,0,0
254.7186750583777,400,187,0,0
254.73447072228706,7897,295,1,0
255.52239918057705,1042,950,0,1
255.53026820080925,1160,259,0,0
255.53200385884938,1334,343,0,0
255.53314594853845,7,2050,0,1
255.5534258946416,1055,454,0,0
255.5585400175088,774,422,0,0
255.5611431505567,392,12,0,0
255.78868601528757,1450,244,1,0
257.2952317621835,333,329,0,0
257.3030082650326,60,22,0,0
257.3066240361753,547,768,0,0
257.3817333239636,1777,380,0,0
257.39200116988627,20,57,0,0
257.5105468851794,852,374,0,0
257.71722881338735,1310,260,0,0
257.77535179501456,1251,434,0,0
257.80546677630366,1092,672,0,0
257.80912180910593,44,388,0,0
257.9723869448222,1332,493,0,0
258.23047391101085,926,323,0,0
258.23184270886196,1340,218,0,0
258.23886339813777,124,277,0,0
258.30472974405046,379,470,0,0
258.3441754946496,1029,245,0,0
258.6004750388377,612,7580,0,1
258.6035726390891,840,452,0,0
258.61772885983487,5840,141,1,0
258.6396418930963,1214,378,0,0
258.662923421788,4310,263,1,0
258.87640887424135,1570,1560,0,1
258.99695423869434,914,617,0,0
259.4553001387765,1418,216,0,0
259.4763556088179,1301,317,0,0
259.48451104081767,1478,2300,0,1
259.6113424614644,1304,764,0,0
259.6660044360642,1495,316,0,0
259.6683922423467,1134,765,0,0
259.6705648439956,202,65,0,0
259.7055966756563,1293,267,0,0
259.8709027303973,1459,281,0,0
259.8739578878016,1335,2630,0,1
260.70075165882844,1660,178,1,0
260.7753144041142,1525,267,0,0
260.79897622154533,1874,48,0,0
261.0496072782608,497,279,0,0
261.0759164503209,240,115,0,0
261.07712566291804,318,94,0,0
261.0855652185911,770,2640,0,1
261.2086565976572,8,104,0,0
261.33818924130986,895,169,0,0
261.34669225140703,1486,210,0,0
261.36221838591126,705,433,0,0
261.38087228434244,1274,419,0,0
261.3812914181239,897,28,0,0
261.38572057744796,374,340,0,0
261.39103025397026,109,112,0,0
261.48882422477357,215,203,0,0
261.49017330502215,694,359,0,0
261.5808113329967,845,84,0,0
261.5932584587854,633,141,0,0
261.60573978986105,60,344,0,0
261.60615259856354,400,185,0,0
262.0323119881416,202,329,0,0
263.89418402433677,887,350,0,0
263.8949479863511,852,199,0,0
263.90207880519375,1243,585,0,0
263.9022553095028,1415,292,0,0
263.9202546725214,805,518,0,0
263.9427541437647,1553,244,0,0
263.96875107086834,1486,767,0,0
263.96969196684864,644,208,0,0
265.1711277820041,584,504,0,0
265.28956063692056,105,589,0,0
265.2901549326216,70,184,1,0
265.2936600666777,1653,444,0,0
265.3032274284671,15,606,0,0
265.3182288296577,1128,142,0,0
265.8937475695493,1465,735,0,0
265.895633729604,1698,266,0,0
265.90125612289097,674,390,0,1
265.9108809999542,757,236,0,0
265.92080756158754,1262,190,0,0
265.9357276078264,63,23,0,0
265.9712195025421,262,285,0,0
266.7242767994429,9,80,0,0
267.0411867743624,1336,2680,0,1
267.08538901400493,81,87,0,0
267.08632538173646,944,368,0,0
267.0888856621759,242,303,0,0
267.0914731265976,7849,343,1,0
267.10458383965135,128,106,0,0
267.1062672590688,7,113,0,0
267.1111155577399,969,194,0,0
267.2083996513957,1772,108,0,0
267.457732419751,811,735,0,0
267.4702062005966,808,317,0,0
267.8552898442134,930,229,0,0
267.85534436079865,1369,649,0,0
267.8726208192189,1171,220,0,0
267.8779794325482,1738,197,0,0
267.9633454329501,646,214,0,0
267.97692196287824,115,174,0,0
268.00613840909926,330,15,0,0
268.0574292067604,184,146,0,0
268.06988928627715,1470,16,0,0
268.13209047898226,7836,356,1,0
268.1392191904571,1217,366,0,0
268.140661047867,22,190,0,0
268.14532329196845,1236,161,0,0
268.17112683399284,1743,395,0,0
268.17765388112235,103,91,0,0
268.18162325678543,1060,172,0,0
268.18214851563476,135,124,0,0
268.1848721209478,118,205,0,0
268.2485905882844,1756,272,0,0
268.2884381019905,107,44,0,0
268.37459045430484,1023,386,0,0
268.3821934374082,17,174,0,0
268.3936546644411,7,775,0,0
268.4706205027787,7720,304,1,0
268.4724693220018,1500,277,0,0
277.13707105687683,166,109,0,0
277.1391398772632,25,250,0,0
277.19638920919255,26,226,0,0
277.68311526350226,1685,386,0,0
277.687359138726,746,357,0,0
277.6874541859089,1143,329,0,0
277.6882177699407,222,221,0,0
277.6883992929794,102,5180,0,1
277.68855451804876,334,373,0,0
278.47328439991867,621,570,0,0
278.5924172845495,361,31,0,0
278.6900344109327,1404,459,0,0
278.6925529776329,1213,537,0,0
278.71192562547066,945,393,0,0
278.7185059589484,1634,259,0,0
278.7283050243924,185,98,0,0
278.7385083030806,418,211,0,0
278.89880341472923,951,409,0,0
278.933678480461,1611,765,0,0
278.9591138088657,1436,182,0,0
278.9707763775759,140,409,0,0
278.97139619806404,1804,339,0,0
279.0161215578667,15,30,0,0
279.037326822921,1287,56,0,0
279.8113669829944,1180,260,0,0
279.81176052776254,266,10,0,0
279.8140248375075,1011,247,0,0
279.83363068926667,40,78,0,0
279.8775143817126,1671,439,0,0
279.92865293915514,587,45,0,0
279.9437648908538,1870,79,0,0
279.94905686651987,284,302,0,0
279.9709541311461,745,86,0,0
280.7342134728836,20,105,0,0
280.86411889032166,1505,187,0,0
280.86549024769937,650,164,0,0
280.8716638191617,79,348,0,0
280.8721776878465,723,261,0,0
280.8738246796486,563,3030,0,1
280.99059721635126,1724,297,0,0
281.2629614942394,5,192,0,0
281.26751456480895,1527,769,0,0
281.34650695805954,1470,496,0,0
281.3480309380602,894,603,0,0
281.49655897040344,66,285,0,0
281.50472314880693,869,289,0,0
281.51746476102477,753,97,0,0
281.5209318865147,1248,18,0,0
281.52651460127976,1477,319,0,0
282.41918511691836,1094,198,0,0
282.46285127020775,7320,601,1,0
282.53207971168666,1561,650,0,0
282.5412659288031,678,378,0,0
282.5511516741906,689,553,0,0
282.56013843678767,1195,166,0,0
282.5629485109507,1244,445,0,0
282.6415956046212,288,90,0,0
282.6438158542802,6980,586,1,0
282.71778010729173,802,765,0,0
283.09197724130155,256,443,0,0
283.1926945592931,10,723,0,0
283.1948010193816,1455,327,0,0
283.72948676423266,1146,259,0,0
283.7326203008078,386,72,0,0
283.7438025093316,1359,104,0,0
283.7501550634179,974,140,0,0
283.7529596972024,1363,616,0,0
283.7551016921825,768,475,0,0
283.7621326473541,201,390,0,0
283.77914241857627,830,654,0,0
283.8043083482997,631,191,0,0
283.805237637774,1141,322,0,0
284.2381818888585,8103,89,1,0
284.2689994655917,458,192,0,0
284.29332254852716,556,33,0,0
284.31763593713686,337,280,0,0
284.4137515129205,1429,175,0,0
284.46625980790907,910,562,1,0
284.4992136744657,1722,96,0,0
284.50274101437407,7961,231,1,0
284.58066463888656,308,337,0,0
284.59928378396734,883,153,0,0
284.6179168633419,1103,193,0,0
284.62762100468444,1031,151,0,0
284.6696349791969,93,80,0,0
284.7175927245481,944,460,0,0
284.755501868472,40,211,0,0
285.34614864457654,1497,362,0,0
285.4597120336387,724,302,0,0
285.48346655710026,1332,241,0,0
285.5354819029137,545,36,0,0
285.53614639475717,1735,385,0,0
285.6509535154355,355,178,0,0
285.6585354267927,639,81,0,0
285.66254479638377,1740,35,0,0
285.72941304917873,21,90,0,0
285.73169368618005,991,108,0,0
285.80922376979913,1358,221,0,0
285.81413459008684,298,280,0,0
285.81519996273556,577,357,0,0
285.82783243500626,17,473,0,0
285.9305411235399,1423,111,0,0
285.9363789414794,809,1160,0,1
286.00519850449825,1800,222,0,0
286.0210192122108,970,354,0,0
286.0408333458255,704,275,0,0
286.1817621627226,1032,204,0,0
286.2025639557568,1664,312,0,0
292.0312844212068,396,216,0,0
292.0412661847377,768,229,0,0
292.0443354270631,645,383,0,0
292.04466562799144,1669,51,0,0
292.0461488059894,617,183,0,0
292.06216974478934,1064,21,0,0
292.0626259329028,1927,302,0,0
292.0635247221577,426,2630,0,1
292.1062740010497,869,187,0,0
292.11600725143785,228,112,0,0
292.11847393098634,575,8,0,0
292.11897581516473,1455,418,0,0
292.12217138104296,1470,258,0,0
292.13309349792434,1536,353,0,0
292.1422983647186,237,456,0,0
292.1527647471881,1041,219,0,0
292.16143353125295,237,230,0,0
292.16836626987896,1531,179,0,0
292.2015663921288,7969,223,1,0
292.31746822272044,783,334,0,0
292.38105861203996,196,627,0,0
292.3866140074065,1623,167,0,0
292.48352928821964,1437,18,0,0
292.53140907861507,1729,401,0,0
292.5789215789777,395,65,0,0
292.64596080812083,1441,647,0,0
292.7108688098357,630,419,0,0
292.7127523645129,1300,138,0,0
292.7302565826285,1485,240,0,0
292.7384020898716,1810,784,0,0
292.7404965250215,539,13,0,0
299.8986680639804,750,411,0,0
299.9084043689323,918,771,0,0
299.9119852456538,387,752,0,0
299.96383026108646,940,354,0,0
299.9745068157001,238,204,0,0
299.9807439424842,1603,50,0,0
300.0107731009017,1553,424,0,0
300.0817678548493,311,77,0,0
300.12343503430355,1459,52,0,0
300.21242062248,19,205,0,0
300.21575934715173,815,391,0,0
300.21851554620633,462,451,0,0
300.5316248221389,985,301,0,0
300.53372572262725,749,39,0,0
300.5896855003902,18,127,0,0
300.59750854274006,673,92,0,0
300.59859753213254,1394,273,0,0
300.65865070426594,1124,707,0,0
300.75150298140585,709,538,0,0
300.75166398426364,766,459,0,0
300.75484284445196,875,69,0,0
300.7761589184269,532,95,0,0
300.77644063077014,181,197,0,0
300.8225716114161,1681,148,0,0
300.82277755467845,1567,299,0,0
301.13175249016126,7420,772,1,0
301.1336308530537,21,339,0,0
301.15473006572194,409,370,0,0
301.1556630501078,1613,356,0,0
301.39096838624783,1188,517,0,0
301.397231913475,629,390,0,0
301.39975608753366,199,442,0,0
301.4208320905993,420,10,0,0
301.4300699471929,521,472,0,0
301.4301166016933,511,469,0,0
301.4348764699839,27,244,0,0
301.46026347527163,602,419,0,0
301.46274159726477,8022,170,1,0
301.4870936349112,324,107,0,0
301.4967116658322,1727,17,0,0
301.5795500703907,226,489,0,0
301.58530787671907,1380,298,0,0
301.94982506432524,1661,158,0,0
301.9548748901217,1642,4,0,0
301.9697095150077,5070,423,1,0
301.97641169228933,1493,452,0,0
301.9780493033215,303,691,0,0
301.9911709017728,319,290,0,0
301.99572689738204,1584,378,0,0
302.0886313949952,310,146,0,0
302.1032894198287,5,310,0,0
302.2169965078035,1147,268,0,0
302.3262667055754,502,433,0,0
302.33382798578805,330,510,1,0
302.34677909366746,1331,299,0,0
306.6019564416205,302,444,0,0
306.73924963431233,548,246,0,0
306.7723008055256,989,354,0,0
307.4199027565553,307,25,0,0
307.42455885162684,222,68,0,0
307.4253555946669,51,387,0,0
307.57089441423415,1252,610,0,0
307.579754405113,1123,35,0,0
307.580456569313,780,375,0,0
307.58455642202296,1642,770,0,0
307.6069621544315,676,264,0,0
307.6092287786064,808,710,0,0
307.63150557733775,1239,463,0,0
307.707181069189,385,258,0,0
307.7601206447634,330,236,0,0
307.9437541048437,1536,345,0,0
307.9447114726779,359,335,0,0
309.8641649981026,1666,36,0,0
309.86440541078935,3350,114,1,0
309.86834420743327,292,434,0,0
309.8699010120098,3980,593,1,0
309.93267201625804,803,107,0,0
309.9633550254512,808,490,0,0
310.26362520133574,205,461,0,0
310.40997223222007,1966,239,0,0
310.507762915585,787,505,0,0
310.5253875071996,1191,325,0,0
310.5693784793708,1956,628,0,0
310.58012241336473,150,384,0,0
310.7632663671997,1022,398,0,0
310.8450698493686,67,44,0,0
311.12904474166953,1284,145,0,0
311.1579248801183,702,272,0,0
311.1730551474788,328,352,0,0
311.2428598334332,630,641,0,0
311.2509350523866,393,348,0,0
311.26367567433454,612,102,0,0
311.26697042066786,7753,439,1,0
311.32763207022,901,14,0,0
311.3604765727708,10,311,0,0
311.36573267578666,32,218,0,0
312.5738094351637,1062,379,0,0
312.63686048370766,815,368,0,0
312.6493249227388,11,22,0,0
312.6524478437745,1782,176,0,0
312.6559788443294,157,145,0,0
312.67050529414905,4730,767,1,0
312.6711739116975,415,188,0,0
312.6742007095682,1568,122,0,0
312.70291575442434,60,494,0,0
312.8085124879103,155,72,0,0
312.81021137949233,1181,269,0,0
313.004688278562,726,140,0,0
313.0979760285934,1870,145,0,0
313.1001374306752,501,185,0,0
313.10111024681305,4,314,0,0
313.160245535602,1326,353,0,0
313.2263476868827,1382,156,0,0
313.2373487801663,1614,649,0,0
313.3193716997221,202,214,0,0
324.0817856357859,22,331,0,0
324.0991487067506,22,245,0,0
324.42182397964,18,297,0,0
324.42852064203635,276,53,0,0
324.42961399200385,59,278,0,0
324.4318997031811,94,26,0,0
324.4326390993786,6,110,0,0
324.5842466700778,185,352,0,0
324.61439746478214,1400,22,0,0
324.6598864519903,969,12,0,0
324.7204128591049,403,67,0,0
324.72493619286996,1175,146,0,0
324.74816734910246,6190,501,1,0
324.75526343500513,1415,138,0,0
324.7639362323586,798,287,0,0
324.7659345980939,702,23,0,0
324.7666815835828,1612,355,0,0
324.7846045612933,1003,492,0,0
324.78811620795176,1479,548,0,0
324.79232217637417,189,45,0,0
324.91936168254875,82,159,0,0
324.94408823102026,1648,226,0,0
324.96136670334585,58,768,0,0
324.9730414965888,924,21,0,0
324.9878821968218,811,360,0,0
325.13173327173416,1189,664,0,0
325.140700289914,1556,1320,0,1
325.7026100755382,799,1570,0,1
326.0217545138143,763,247,0,0
326.02313916321344,1265,425,0,0
326.0321489289943,18,474,0,0
326.150677554714,771,284,0,0
326.154505955986,10,651,0,0
326.155196185704,856,270,0,0
326.18704929467225,1186,27,0,0
326.48821990110287,721,446,0,0
326.4888696150772,1085,280,0,0
326.6380079182546,291,33,0,0
326.6391859314634,572,304,0,0
326.6421592749733,1239,700,0,1
326.6822864461903,1184,173,0,0
326.6905057324806,189,146,0,0
326.69607585658844,893,308,0,0
326.70359509400936,861,46,0,0
326.7039851094744,358,282,0,0
327.004422415661,78,300,0,0
327.01099114722865,260,453,0,0
327.0128790355292,974,156,0,0
327.01443197733164,73,18,0,0
327.0612234586611,1464,333,0,0
327.0894192294684,44,392,0,0
327.08986532571885,5530,26,1,0
327.0955642033982,1740,322,0,0
327.09638962061524,569,201,0,0
327.1302511139602,1121,233,0,0
327.13438633832544,1332,150,0,0
327.18620467483345,408,140,0,0
327.24374472370886,143,36,0,0
327.38653717600994,831,368,0,0
327.3938474190896,308,289,0,0
327.3999783252381,29,335,0,0
327.422159939996,7537,655,1,0
327.5304446302667,74,383,0,0
327.53799628313624,682,288,0,0
327.54449545772644,328,313,0,0
327.6633002671827,1175,487,0,0
327.6637311265166,1770,429,0,0
327.99103247153147,1609,334,0,0
328.00427901409677,858,224,0,0
328.0380320356366,958,305,0,0
328.19576073593305,530,164,0,0
328.1989484673406,506,272,0,0
328.22788745650803,1836,372,0,0
328.4222688091419,280,25,0,0
328.4553198715997,402,197,0,0
328.5385818501478,1874,682,0,0
328.5431797834055,203,149,0,0
328.6236652503071,1657,250,0,1
328.65105213111576,1975,109,0,0
328.65908985881407,953,2540,0,1
328.66039781380664,292,104,0,0
328.70396779462834,36,154,0,0
328.70613817965375,1115,175,0,0
328.741422088503,518,352,0,0
329.08644754665323,640,114,0,0
329.0953383039268,1051,290,0,0
329.1335164818496,774,314,0,0
329.13549393598,1538,668,0,0
329.2216555409583,778,592,0,0
329.2219313781745,1682,565,0,0
329.24015716090884,24,74,0,0
329.24185075636086,846,267,0,0
329.2442755476963,1054,423,0,0
329.2467565843451,553,85,0,0
329.6947272821218,1361,61,0,0
329.6975515552845,709,497,0,0
330.0042094561208,906,120,0,0
330.01878426719725,634,535,0,0
330.0231869174861,16,244,0,0
330.0388170318125,463,66,0,0
330.0511803846057,1459,252,0,0
330.06478356584313,543,580,0,1
330.19961803536285,456,107,0,0
330.20019459127724,8,290,0,0
330.23175770681337,32,323,0,0
330.2480112198648,497,684,0,0
330.2867169246311,168,155,0,0
330.2905718866181,213,218,0,0
330.93515349998745,9,95,0,0
330.97232709373964,1182,21,0,0
330.9750371075802,469,427,0,0
330.9822498197534,1485,484,0,0
330.9927924416399,1663,2910,0,1
330.9993837302885,2050,288,1,0
331.115492280883,556,308,0,0
331.11742386520837,287,203,0,0
333.97854319554995,19,437,0,0
333.9855085332566,400,316,0,0
333.99811023626296,4451,170,0,0
334.0106412747689,884,344,0,0
334.06814171648756,944,100,0,0
334.0683861984224,1513,294,0,0
334.0844452626198,23,431,0,0
334.16381585985687,1551,283,0,0
334.17231455276874,58,390,0,0
334.2143891489189,679,1450,0,1
334.83342353440656,742,351,0,0
334.83552394373686,457,246,0,0
334.8388281527339,1234,390,0,0
334.85566615862086,269,104,0,0
334.88137969083965,20,574,0,0
334.89682626662176,952,223,0,0
334.8998225696296,1086,234,0,0
334.9040079208447,387,175,0,0
334.91035530416127,1036,769,0,0
334.95373605603635,10,196,0,0
337.88689704869336,1536,431,0,0
337.90865831429596,1065,668,0,0
337.9094869647701,228,219,0,0
338.45744591068257,1557,97,0,0
338.4654826824477,1195,2350,0,1
338.5541307822366,412,383,0,0
338.59792680322727,871,170,0,0
338.6133223639767,1282,425,0,0
338.63661096809136,677,89,0,0
338.63685418848917,144,755,0,0
338.78283054206173,174,180,0,0
338.7829495972464,6,419,0,0
339.1331771385446,1186,251,0,0
339.14750836985985,20,195,0,0
339.1478618162073,140,83,0,0
339.18450939486195,480,627,0,0
339.8399739694874,231,142,0,0
340.42785291828216,309,153,0,0
340.4857771231184,1405,305,0,0
340.55077614575407,713,627,0,0
340.5853513441464,458,213,0,0
340.7083647414294,1896,309,0,0
340.72106384320983,850,236,0,0
340.8052609247322,265,252,0,0
340.80704071664377,457,246,0,0
340.8548046825732,155,85,0,0
340.8561803840195,299,18,0,0
340.8581811709688,1286,239,0,0
341.1987213830707,1668,276,0,0
341.23210627134364,307,204,0,0
342.35754973973184,742,333,0,0
342.36014099187287,429,121,0,0
342.3605963895394,1560,633,0,0
342.3629508268068,892,356,0,0
342.4901352813522,933,123,0,0
342.5747718429956,2260,269,1,0
342.5758405700029,1485,41,0,0
342.58199064679604,35,29,0,0
342.60652483324924,636,325,0,0
342.61397180100823,848,380,0,0
342.61420862314947,1862,550,0,0
346.47547179452704,586,6970,0,1
347.8683989781428,827,223,0,0
347.9703975733554,7866,326,1,0
347.97267309547556,544,245,0,0
347.97317740375036,50,154,0,0
348.06513890007506,5750,527,1,0
348.1253810631816,5,18,0,0
348.3149088222155,158,20,0,0
348.58039139599526,1099,240,0,0
348.5911670428016,1175,346,0,0
348.60103295243687,1405,17,0,0
348.6266722498216,838,211,0,0
348.6373352525402,59,25,0,0
348.6389885953393,322,328,0,0
348.6573804178653,21,331,0,0
348.91755604600513,32,395,0,0
348.9388685020177,702,170,0,0
348.9756330144088,356,99,0,0
349.94036904299264,587,1230,0,1
349.94588401446134,159,1670,0,1
349.9648313369293,1675,284,0,0
349.9763195613316,1357,339,0,0
349.9937195784574,565,397,0,0
350.0338480878109,1644,3390,0,1
350.0361545527061,15,272,0,0
350.05018776748574,956,30,0,0
352.0029043562835,436,111,0,0
352.0050270578436,465,350,0,0
352.0398344890817,607,435,0,0
352.39080459835384,495,82,0,0
353.7693360709304,506,480,0,0
353.87622780447305,113,335,0,0
353.8787229632545,150,339,1,0
353.88936569938664,1088,260,0,0
354.1787378534488,764,422,0,0
354.4501526109181,114,137,0,0
354.4562701471343,1656,294,0,0
354.47365106205734,1661,409,0,0
354.82407127080586,530,557,0,0
354.8263806304795,739,222,0,0
355.2597115477795,1925,252,0,0
355.26012113279944,882,159,0,0
355.2621191833405,497,291,0,0
355.3241437195174,28,449,0,0
355.3756906486418,1239,291,0,0
355.37778775071274,102,629,0,0
356.1998446925355,1791,160,0,0
356.2034498116458,942,237,0,0
356.24528875608075,396,205,0,0
357.1305607721707,421,416,0,0
357.18810392585806,598,330,0,0
357.4147717330634,1253,193,0,0
357.4165386245123,566,194,0,0
357.4227928827294,387,20,0,0
357.42414073490977,1061,183,0,0
357.4553168379293,897,431,0,0
357.472565973889,502,178,0,0
357.47684545101026,87,286,0,0
357.54813620969367,607,25,0,0
357.55538550779977,1431,232,0,0
357.7989973582317,1371,246,0,0
357.84975043953347,1491,75,0,0
357.856212414521,1177,280,0,0
357.94646933881063,5,206,0,0
357.975797331755,1057,749,0,0
358.461587634276,950,757,0,0
358.46395459349304,359,357,0,0
358.63513793804213,1008,273,0,0
358.649622126165,100,283,1,0
358.65309852624165,588,269,0,0
358.79552411629726,301,370,0,0
358.79788283750065,31,235,0,0
358.8091590457738,14,126,0,0
358.8372799599857,757,723,0,0
358.93109261174095,1383,425,0,0
358.9586307213149,327,31,0,0
358.96185503556217,43,40,0,0
359.0077857811027,20,281,0,0
359.00852265924794,654,363,0,0
359.0091758365536,1474,339,0,0
359.01120243130003,470,33,0,0
359.07499484681506,1224,152,0,0
359.0782795792234,1225,296,0,0
359.11187945475274,1712,558,0,0
359.12452792134604,333,192,0,0
359.13031758505866,1123,524,0,0
359.143625384012,522,7670,0,1
359.87843152723224,1265,147,0,0
360.02413964271807,416,447,0,0
360.04244946776265,678,356,0,0
360.05580245358584,1505,214,0,0
360.05606511203945,775,125,0,0
360.2990866262204,1301,485,0,0
360.3268725573268,544,353,0,0
360.41317313938237,2320,614,1,0
360.7685299098054,715,180,0,0
360.7764125556692,51,186,0,0
361.468948676122,1186,1660,0,1
361.4695840687905,394,358,0,0
361.4766066626587,1238,300,0,0
361.4797876788346,1070,35,0,0
361.4837275788331,120,439,1,0
361.7674626441459,993,300,0,0
361.84531414552475,1859,556,0,0
361.9450447242917,22,117,0,0
361.94997434767566,338,266,0,0
361.9901713223677,1908,131,0,0
361.9908022252289,1641,335,0,0
362.0627884002138,1892,512,0,0
362.06364361321073,234,341,0,0
362.06842886821676,1502,543,0,0
362.07022561929153,1043,354,0,0
362.11280700268736,1272,12,0,0
362.11459981308064,1756,303,0,0
362.16177368428237,20,99,0,0
362.2140340881752,18,281,0,0
362.2148162704546,1267,408,0,0
362.50478416257107,471,770,0,0
362.5684446871003,620,546,0,0
362.5734813658172,530,182,0,0
362.57936300074516,171,126,0,0
362.59215402332245,1447,546,0,0
362.6235273535796,779,571,0,0
362.64933568434174,522,546,0,0
362.65298918336117,354,2320,0,1
362.73292753631915,1578,148,0,0
362.73979847385584,808,699,0,0
362.75073858524064,1676,162,0,0
362.7546366343823,1486,104,0,0
362.8516827268517,375,227,0,0
362.9432146826974,547,435,0,0
363.14952481820603,646,284,0,0
363.15372352543994,228,133,0,0
363.171650700358,1555,211,0,0
363.23052942790343,1789,433,0,0
363.23272075303714,180,261,1,0
363.23429063129595,1594,457,0,0
363.28195201914775,7,340,0,0
363.28455100609915,738,3650,0,1
363.2949589484247,307,60,0,0
363.29780109701,317,40,0,0
363.55205253278683,29,335,0,0
363.6258916669614,2861,610,0,1
363.65836409670914,943,274,0,0
363.7948123903749,20,62,0,0
363.8184211748746,9,236,0,0
363.82484869439793,646,499,0,0
365.3337320965985,667,325,0,0
365.33956851845653,55,41,0,0
390.388801935093,160,185,0,0
390.3946696963245,982,334,0,0
390.48760611863776,1651,106,0,0
390.48818753542946,46,86,0,0
390.53520859531284,1267,396,0,0
390.54531669460994,1355,95,0,0
390.5531221134944,628,341,0,0
390.5654873553813,1591,132,0,0
390.57392961824746,24,766,0,0
390.63431880729104,1493,310,0,0
391.4120769465221,80,333,0,0
391.4174498532895,1278,193,0,0
391.41790186134176,1803,74,0,0
391.4216947450319,444,159,0,0
391.4343794556454,9,394,0,0
391.4370717635068,179,725,0,0
391.47424310223045,1653,448,0,0
391.4796659094771,758,148,0,0
391.6287875965721,762,1160,0,1
391.656071273127,1502,366,0,0
391.7037563968029,15,85,0,0
391.71160855526205,12,177,0,0
391.7348448933968,862,15,0,0
391.73900762452433,18,119,0,0
391.81040999875177,1280,676,0,0
391.82896561204666,9,348,0,0
391.83146173104484,540,278,0,0
392.07370629889607,1308,369,0,0
392.0818699555246,275,221,0,0
392.15191997071713,460,477,0,0
392.17269241824357,1144,238,0,0
392.48521735691196,1741,559,0,0
392.4957091952437,761,371,0,0
392.5079176591952,275,221,0,0
392.5395547025627,951,217,0,0
392.5416390464986,1598,277,0,0
392.5586637593803,1274,323,0,0
392.6135700409766,1194,182,0,0
392.62274752996757,1711,205,0,0
392.6358191810206,1182,394,0,0
392.6448089076556,822,482,0,0
392.7026546296225,12,85,0,0
392.741558558777,11,232,0,0
392.86007415654404,1541,359,0,0
392.8679562377085,281,138,0,0
393.1162700374376,1140,213,0,0
393.1272432753586,1670,9,1,0
393.16952188119615,84,357,0,0
393.17209809952027,592,5080,0,1
393.1728267080272,1117,532,0,0
393.236152136099,1616,168,0,0
393.2378371989319,492,137,0,0
393.4860715885037,62,960,0,1
393.486953592935,21,221,0,0
393.4880727944697,424,195,0,0
393.48907226197764,386,308,0,0
393.5133635172818,506,193,0,0
393.5158068573585,509,452,0,0
393.51880057423637,1812,253,0,0
393.5780395815082,64,474,0,0
393.57982788821073,809,308,0,0
393.6090984775419,899,392,0,0
394.1038960035382,254,510,0,0
394.1060548579607,844,272,0,0
394.1064221470929,837,418,0,0
394.3591993775134,872,266,0,0
394.4150405340729,551,431,0,0
394.4154844652115,1385,192,0,0
394.4373029281524,548,15,0,0
394.4375548605209,646,181,0,0
394.51762011259626,6,343,0,0
394.654474188477,230,253,0,0
394.6559649616059,728,75,0,0
394.79551481446254,345,277,0,0
394.8292130071803,8013,179,1,0
394.92387611312427,1273,402,0,0
395.026540062411,849,77,0,0
395.03316445571204,16,64,0,0
395.1110960869681,1879,6020,0,1
395.1338609878796,1637,321,0,0
395.19787226700834,270,455,1,0
395.20093187922447,829,3860,0,1
395.2011617160342,469,83,0,0
400.56677169203874,768,767,0,0
400.5718121228911,1264,209,0,0
400.57789512693336,100,355,1,0
400.5783286597782,558,226,0,0
400.9262444151229,714,225,0,0
400.9274315963149,346,163,0,0
400.9280228233568,1534,385,0,0
400.93215624496634,430,412,0,0
400.962448032188,114,1111,0,0
400.9789394851319,748,243,0,0
400.9791949458396,422,264,0,0
401.19005146372075,1495,194,0,0
401.6064980525886,267,322,0,0
401.6771850111315,1486,235,0,0
401.6931658712436,1010,31,0,0
401.72309228086925,225,2160,0,1
403.67966368237876,1336,782,0,0
403.68312077247884,263,366,0,0
403.7404379671976,988,181,0,0
403.76245005975676,1750,3410,0,1
403.7693605525367,491,7020,0,1
403.78498372706827,8,210,0,0
403.797534523345,789,24,0,0
404.9958852790413,1247,122,0,0
405.10761655863183,1775,243,0,0
405.1104195389164,1098,126,0,0
405.11253063443735,868,107,0,0
405.12407981391584,56,235,0,0
405.32486150882056,437,152,0,0
405.3571679759379,722,520,0,0
405.44168598265634,894,603,0,0
405.684324992738,781,768,0,0
405.6950791614056,1295,38,0,0
405.82005392499656,5050,473,1,0
405.86581614463387,1120,315,0,0
406.1352500217137,1641,339,0,0
406.18145937549536,820,201,0,0
407.3942816136733,546,203,0,0
407.409713516461,1828,155,0,0
407.43956302023435,781,259,0,0
407.44428218593146,365,23,0,0
407.51096671987534,122,279,0,0
407.54820553630725,1310,141,0,0
407.5484430526416,391,241,0,0
407.5489376104179,8172,20,1,0
407.5505808777398,759,526,0,0
407.554827566576,7663,529,1,0
408.09849959950213,1192,201,0,0
408.11352717330806,323,171,0,0
408.12818215712326,621,40,0,0
408.1731535682896,1634,310,0,0
408.2074953264081,380,262,0,0
408.40291586319415,552,4,0,0
408.41627123194974,526,14,0,0
408.42107780428876,1622,262,0,0
408.4683340339677,1358,313,0,0
408.6293580586012,884,682,0,0
408.6526963913584,924,132,0,0
408.65724129803795,448,584,0,0
408.6874339869454,999,286,0,0
408.6984517759687,282,87,0,0
408.7021767677254,768,766,0,0
408.89393277626647,592,322,0,0
408.89826414315974,1573,5770,0,1
408.9047641429043,1456,291,0,0
408.9068831240455,849,194,0,0
408.91797070240244,1592,586,0,0
409.0001847151908,1280,124,0,0
409.0019859755944,1001,766,0,0
409.04176064693013,740,338,0,0
409.0540162158242,1864,268,0,0
409.05755892469574,605,569,0,0
412.6408278307676,1655,279,0,0
412.6655612842233,474,411,0,0
412.70159841908145,62,345,0,0
412.70230339788975,29,217,0,0
415.8700185160668,1455,253,0,0
415.9028860892809,582,468,0,0
415.9344027242682,563,639,0,0
416.1427003670245,1182,447,0,0
416.1585086499662,1257,184,0,0
416.1808737123698,587,150,0,0
416.1824572550457,9,150,0,0
416.1887493573534,1829,414,0,0
416.1950832177364,1415,495,0,0
416.3164868724358,1676,737,0,0
416.755827700254,5470,60,1,0
416.75767625428153,23,83,0,0
416.8889435126844,201,241,0,0
416.9695659391452,158,305,0,0
416.9934420707425,300,2970,0,1
417.0112355917767,468,261,0,0
417.04621955476915,888,407,0,0
417.05987029492576,608,248,0,0
418.07848517615275,959,212,0,0
418.07971507366807,5840,767,1,0
418.1078354794498,420,471,0,0
418.306709880431,1764,531,0,0
418.3776138166011,635,162,0,0
418.4091067233305,1554,496,0,0
418.6407270149172,342,411,0,0
418.70917327302897,409,91,0,0
419.03480862990097,1286,259,0,0
419.195815468085,1859,102,0,0
419.2272742464748,850,212,0,0
419.26572009292335,640,410,0,1
419.328188489569,850,61,0,0
419.3296719114738,184,164,0,0
419.3439328804732,1163,290,0,0
419.45974449095183,28,207,0,0
419.47058527475394,20,769,0,0
419.50299027584964,1245,477,0,0
419.52620734169165,1084,227,0,0
419.56190888655374,561,352,0,0
419.56425001575354,1500,217,0,0
419.59006013752656,8010,182,1,0
419.7029209390067,168,187,0,0
419.70339572825867,989,392,0,0
419.70359443124914,277,101,0,0
419.71525704595155,582,665,0,0
419.7353037708754,584,207,0,0
419.77122760523974,271,73,0,0
419.89039316587593,1149,38,0,0
419.8934244260269,162,294,0,0
419.93135550459675,1054,452,0,0
420.0123786729508,1210,15,0,0
420.0709737200407,919,49,0,0
420.074275991354,506,218,0,0
420.07898556720124,1324,232,0,0
420.09361500274645,1008,22,0,0
420.1355170935705,12,181,0,0
420.1550800325348,109,12,0,0
420.15718321953415,3734,137,0,0
420.32565776175153,1717,307,0,0
420.6226435630272,323,131,0,0
421.91912112125175,820,229,0,0
421.92720636573006,717,601,0,0
421.94226968195153,51,121,0,0
421.9987199861805,204,70,0,0
422.00010294634507,13,329,0,0
422.0028026022679,1366,402,0,0
422.0046512309596,8114,78,1,0
422.15222172550057,105,515,0,0
422.19623052434474,786,769,0,0
422.20162905395614,575,336,0,0
422.2026981648715,471,292,0,0
422.2099455128407,1653,489,0,0
422.40018328521194,1729,633,0,0
422.42037862787504,635,51,0,0
422.58131365135756,666,159,0,0
422.5985640418272,1450,618,0,0
422.96518133298855,1375,419,0,0
422.9722216004056,1364,705,0,0
422.9849305874693,582,220,0,0
423.00612900628795,1581,57,0,0
423.01067325025804,1482,767,0,0
423.02151829559966,570,153,0,0
423.03234734614824,1778,356,0,0
423.0361882102051,289,162,0,0
423.32390872044226,186,17,0,0
423.3630436166941,1763,5320,0,1
423.3656405824,1463,1550,0,1
423.3686524549335,266,429,0,0
423.3875293336911,1854,221,0,0
423.3904245244831,2066,393,0,0
423.64941992979146,796,185,0,0
423.78118691641833,530,250,0,0
423.7906777856125,24,144,0,0
423.9289876991425,797,381,0,0
423.93312048141,844,331,0,0
423.9499497484496,23,2060,0,1
423.97312728456296,1525,201,0,0
423.97348568260816,1195,319,0,0
424.0266246423439,1028,510,0,0
424.1029620778938,1667,3340,0,1
424.1079381646762,1797,2350,0,1
424.4964360370112,159,410,0,0
424.52338751896195,961,481,0,0
424.53054936886826,812,460,0,0
425.14804710964904,1704,222,0,0
425.2914667360213,306,282,0,0
425.3035653179849,300,127,0,0
426.31450245601667,917,556,0,0
427.2193883220963,1840,387,0,0
427.23240896113657,1749,511,0,0
427.33012800133633,1400,499,0,0
428.6481679637021,1572,2790,0,1
428.6482603650032,2650,269,1,0
429.13257221112843,7684,508,1,0
429.1387551977708,26,436,0,0
429.1399107725199,453,201,0,0
429.6024699447171,1580,232,0,0
429.60721738370586,80,190,0,0
429.6076573736408,5765,449,0,0
429.6959570403439,1465,157,0,0
429.69677723581486,19,208,0,0
429.723888807691,15,24,0,0
429.73381136015075,244,60,0,0
429.7701330339689,3000,583,1,0
429.78369908452197,946,131,0,0
429.7853879439418,477,220,0,0
429.79604731873843,691,426,0,0
429.81555686903533,18,255,0,0
429.85307849833464,116,264,0,0
429.8850331926416,39,443,0,0
429.8901597209482,680,237,0,0
429.8950117611871,594,214,0,0
429.9111143638801,780,767,0,0
429.9246116506174,74,589,0,0
437.09562350278895,18,211,0,0
437.1731726321485,589,193,0,0
437.2244750796947,42,243,0,0
437.3621839751097,10,4080,0,1
437.411075222853,1511,693,0,0
437.92652785102155,786,600,0,0
437.93545371991684,103,38,0,0
437.9645632002207,297,179,0,0
437.96675793601463,169,25,0,0
438.00179518070996,1522,104,0,0
438.0098675545586,1012,48,0,0
438.0100822708609,491,272,0,0
438.0135444283892,1264,336,0,0
438.2438148116992,961,499,0,0
438.2882978389861,1281,244,0,0
438.3477108700875,483,189,0,0
438.3564612188565,167,486,0,0
439.09339031334224,1578,271,0,0
439.15643161218514,1000,736,1,0
439.1583769819145,1086,163,0,0
439.16353302890434,434,193,0,0
439.3539818857179,1077,325,0,0
439.35801447823997,503,176,0,0
439.5365188563317,435,153,0,0
440.04193696405235,919,287,0,0
440.0428490061957,34,774,0,0
440.05019086707523,1436,237,0,0
440.07560814562646,287,16,0,0
440.09526933652796,746,361,0,0
440.1173839125928,1182,296,0,0
440.2495257611611,477,511,0,0
440.44110059403135,326,24,0,0
440.50538579788,118,205,0,0
440.5168773628609,1615,769,0,0
440.5578650300128,631,108,0,0
440.6020393923329,297,330,0,0
440.618490455314,1799,65,0,0
440.62413201513885,826,340,0,0
440.62784955703466,505,207,0,0
440.7058540472183,316,5,0,0
440.7300485475836,15,180,0,0
440.73578718808454,630,261,0,0
440.74633469184175,516,134,0,0
441.1397390849801,1284,314,0,0
441.1429020669599,1726,157,0,0
441.1595408558672,8100,92,1,0
441.3238082558845,396,74,0,0
441.3457500479031,33,386,0,0
441.3463077940085,445,259,0,0
441.40243155162733,34,116,0,0
441.40593188143595,967,10,0,0
441.4343030624226,1383,425,0,0
441.44789034401305,497,60,0,0
442.04856573385825,805,86,0,0
442.07616363367066,1011,70,0,0
442.0800531147304,312,483,0,0
442.1052273119948,391,88,0,0
442.12336953325286,301,61,0,0
442.13562168293186,1653,333,0,0
442.72169986438877,153,202,0,0
442.80352059922086,182,504,0,0
442.829915623296,20,99,0,0
442.8306353363873,7,166,0,0
442.83448281197246,193,280,0,0
444.34515534450304,939,201,0,0
444.52376649612177,172,484,0,0
444.63556865933276,1219,605,0,0
444.6964732253668,582,197,0,0
444.69753611381435,753,237,0,0
444.7220937298469,2570,299,1,0
444.8740818573117,1407,767,0,0
444.92317386548433,1331,329,0,0
444.93069306727665,12,490,0,0
444.98767214221044,1855,396,0,0
445.11030321920646,548,171,0,0
445.1124060947156,7881,311,1,0
445.1143452598457,973,224,0,0
445.11838449484765,1193,580,0,0
445.11895522661075,1117,280,0,0
445.1203511620507,500,395,0,0
445.1220168645276,1823,1330,0,1
445.1228738195118,848,246,0,0
445.127296449636,567,331,0,0
445.1281119742779,110,205,1,0
445.12977302541833,1578,246,0,0
445.1935613620346,1392,230,0,0
445.20703159853815,7584,608,1,0
445.2196124241304,1362,124,0,0
445.22770241189914,1049,415,0,0
445.23777132425147,1133,164,0,0
445.25694906802346,831,289,0,0
445.5244075661454,917,186,0,0
445.52958776216735,1234,2980,0,1
445.5341784002186,1067,254,0,0
445.5429101137089,682,142,0,0
445.61490140957466,328,127,0,0
445.62830347416457,900,238,0,0
445.85503430542445,80,230,1,0
445.9167175926131,1191,123,0,0
445.9340581011429,83,143,0,0
446.036948434823,1062,218,0,0
446.1929556634742,482,41,0,0
446.1951608912603,172,169,0,0
446.3620581960334,979,434,0,0
446.40952927954226,145,40,0,0
446.41077921290906,1611,52,0,0
446.41374724901453,562,522,0,0
446.4155675240047,776,301,0,0
446.5067861362028,188,243,0,0
446.61082439053945,1262,315,0,0
447.08203587693987,631,76,0,0
447.09448762413257,1138,304,0,0
454.7820894054053,79,126,0,0
454.8605581559327,1723,607,0,0
454.87293392953757,1442,122,0,0
454.8844562692948,435,341,0,0
454.89918576853313,842,469,0,0
454.90202338082673,91,4,0,0
454.98924586133035,7838,354,1,0
454.996565511323,1040,25,1,0
455.0233694942282,910,110,0,0
455.31040633961254,29,609,0,0
455.37161006962975,898,297,0,0
455.4270233325922,23,154,0,0
455.43385095275016,969,312,0,0
455.71417334230904,1736,980,0,1
455.7230924906763,709,442,0,0
455.7427239377434,938,785,0,0
456.66422082631345,1075,292,0,0
456.6646175004886,886,96,0,0
456.7520755475751,1598,347,0,0
456.76726883541636,917,271,0,0
456.76806021418224,1251,362,0,0
456.7821617358494,1445,49,0,0
456.8768928962769,815,475,0,0
456.8862171572301,582,731,0,0
457.0359222638752,287,222,0,0
457.0446518674078,374,595,0,0
457.10410734326797,502,20,0,0
457.10896243756673,522,7670,0,1
457.1091036638586,1833,247,0,0
457.1199362201078,1621,302,0,0
457.1200804196471,360,526,0,0
457.1454203309493,51,546,0,0
457.2259968676716,1175,211,0,0
458.2974775504404,101,7,0,0
458.34631406120764,1066,123,0,0
458.3506757737293,1117,311,0,0
458.8105224638996,881,207,0,0
458.822932687872,1682,47,0,0
459.089855975726,1544,746,0,0
459.1045161949793,1660,256,0,0
459.10535954569576,1038,96,0,0
459.10897369966125,1415,126,0,0
459.1125052462687,12,233,0,0
459.14664176044533,1120,319,0,0
459.2011765758818,1305,21,0,0
459.20522608485874,708,537,0,0
459.21200343017836,1342,113,0,0
459.2129802448755,954,259,0,0
459.2312333654847,837,288,0,0
459.24050433490675,1818,263,0,0
459.24092370133457,366,348,0,0
459.29679568792494,517,758,0,0
459.4035429619054,1522,131,0,0
459.4150851053724,156,408,0,0
459.610343510578,1048,246,0,0
460.6162531129896,311,360,0,0
462.32734830942286,869,768,0,0
462.3844719644988,81,287,0,0
462.410681862471,376,349,0,0
462.50586219571437,201,420,0,0
462.9229560979011,37,214,0,0
462.97130680514874,870,512,0,0
463.0605109268704,14,1360,0,1
463.06307673973214,1076,562,0,0
463.1561301092441,1651,94,0,0
463.2277669062647,1525,459,0,0
463.24525926411957,492,332,0,0
463.2582083313222,102,173,0,0
463.2689773287015,99,670,0,0
463.3118700819721,337,170,0,0
463.3265846486814,619,307,0,0
463.3667817102372,1904,179,0,0
463.456331158572,608,140,0,0
463.4673897921908,940,134,0,0
463.5184827572788,18,208,0,0
463.5243241577312,1658,30,0,0
463.5308558760454,323,3090,0,1
463.54058577239505,951,478,0,0
463.5450738713508,7870,322,1,0
463.554788020124,632,385,0,0
463.5928099176833,471,436,0,0
463.6134894036215,717,288,0,0
463.6167592353111,841,112,0,0
463.6573484969632,1868,128,0,0
463.6827462018109,344,443,0,0
463.79392706296875,1559,364,0,0
463.80482767073113,1113,458,0,0
463.83332045403426,236,321,0,0
463.83838730288056,197,252,0,0
463.84268938748227,1161,567,0,0
463.91139348030964,908,6,0,0
463.96650270162405,1318,235,0,0
463.9928824486945,1218,248,0,0
463.994927736685,223,240,0,0
464.8342592943045,1104,525,0,0
464.8490420970602,43,80,0,0
464.86283167909977,850,238,1,0
465.068862841816,420,163,0,0
465.069367911604,1954,245,0,0
465.1644141474982,281,766,0,0
465.1763650671702,1203,87,0,0
465.18252079656173,1585,79,0,0
465.34015532003883,994,195,0,0
465.34128829405546,943,396,0,0
465.3435644895377,385,258,0,0
465.5984162143523,915,78,0,0
465.598525029643,251,388,0,0
465.6064979894462,324,442,0,0
465.6097782418512,328,476,0,0
465.62163070578504,988,302,0,0
465.62932580156496,807,369,0,0
465.63558068464766,997,48,0,0
465.7022735147063,1412,213,0,0
465.72170060286714,1402,88,0,0
465.7355381959361,815,729,0,0
465.73644417253115,877,29,0,0
465.79069727114626,1449,298,0,0
465.90821013574975,1649,270,0,0
465.91378084649295,279,154,0,0
465.9711208779668,35,45,0,0
465.98312944642464,379,257,0,0
465.9956753795349,278,191,0,0
466.39956707662975,1157,317,0,0
466.5208571439719,189,136,0,0
466.59664458968666,1344,104,0,0
466.6047402736442,1861,354,0,0
466.6139251896302,191,242,0,0
466.61512470245805,1631,770,0,0
466.62183549493676,839,266,0,0
466.64149367319794,47,342,0,0
466.64458613126266,379,5950,0,1
466.9664569978949,942,240,0,0
467.0409972386256,66,474,0,0
467.09433256826685,12,259,0,0
467.1014976109269,904,289,0,0
467.90917200196424,633,16,0,0
467.9227801453751,1364,440,0,0
467.92907785223576,1140,288,0,0
468.0062982279789,375,574,0,0
468.0686895008783,739,768,0,0
468.112478994397,1556,420,0,0
468.13668084881317,365,157,0,0
468.16415290098115,6,15,0,0
468.17029931947417,1788,411,0,0
468.1851524115633,31,312,0,0
468.4342756210703,160,237,1,0
468.4534637124329,339,328,0,0
468.48340743356704,1181,593,0,0
468.7099353644466,1096,379,0,0
468.72514468635916,395,90,0,0
468.80015221352437,639,16,0,0
468.80442857449833,999,493,0,0
469.0144839606786,7826,366,1,0
469.1853968229476,254,183,0,0
469.30962724002734,1644,1560,0,1
469.4568320372613,1532,407,0,0
469.4695048648381,236,79,0,0
469.5747786517559,149,24,0,0
469.5764437714009,1809,304,0,0
469.5775600510647,1783,315,0,0
469.5835016888046,31,518,0,0
469.58507952579856,1155,241,0,0
469.603023736807,1303,189,0,0
469.98175571851976,526,608,0,0
469.98533416756413,29,264,0,0
469.9934635960297,927,122,0,0
469.99557351940314,840,213,0,0
470.07524820476857,1574,216,0,0
470.1658772389833,1777,241,0,0
470.2197932380192,123,60,0,0
470.2353771798439,25,188,0,0
470.27568189232585,711,582,0,0
470.5867035076702,1169,296,0,0
470.9562487550865,47,221,0,0
471.2147636699184,1387,33,0,0
471.2448919371536,229,115,0,0
471.25920423639474,1143,389,0,0
471.2605608858995,582,310,0,0
471.28993696931883,555,404,0,0
471.29508624224917,615,90,0,0
471.29806018277947,1283,285,0,0
471.36876356865025,469,341,0,0
471.3963028521166,313,315,0,0
471.4175604947863,888,356,0,0
471.52213861958734,609,116,0,0
471.53154637236344,1613,127,0,0
471.53202926393095,835,288,0,0
471.5848705961013,1879,87,0,0
471.68324577598435,669,26,0,0
471.68380306555866,136,390,0,0
471.81581415386916,249,160,0,0
471.8170386611078,2055,2290,0,1
471.82345400025207,344,41,0,0
471.8906054024056,8035,157,1,0
471.91617093841427,653,104,0,0
472.42530199367644,2560,60,1,0
472.53768707144417,1997,33,0,0
472.5445616713691,362,5550,0,1
472.5514216069685,745,357,0,0
472.6172077248953,1643,20,0,0
472.6180930928952,5600,85,1,0
472.82978335697436,1489,327,0,0
472.84928993349695,24,184,0,0
472.91583041384115,440,4980,0,1
472.93014709804936,8142,50,1,0
472.935176207948,137,45,0,0
473.1001711926407,1217,531,0,0
473.1211176025062,225,380,0,0
473.48576177948945,542,94,0,0
473.7845782978978,1660,11,0,0
476.61892984363425,20,55,0,0
476.6305820284699,1481,216,0,0
476.7092192866887,2090,234,0,0
476.8753927734116,1703,304,0,0
477.0511939334597,42,293,0,0
477.0918441917399,1128,264,0,0
477.09267595411126,416,246,0,0
477.22993054095764,338,310,0,0
477.2501711811949,1820,298,0,0
477.2509632187496,1137,305,0,0
477.3275110892532,609,768,0,0
477.3309941766658,1286,464,0,0
477.33202869966107,955,9,0,0
477.352096246661,1692,392,0,0
477.40221218081217,1157,74,0,0
477.4143464962518,1168,315,0,0
477.4307053980811,4910,770,1,0
477.4451668144822,1206,379,0,0
477.46061009926217,1202,353,0,0
477.4969813373316,780,30,0,0
477.5388749472858,545,199,0,0
477.75455971250915,1117,142,0,0
477.7548412483213,645,97,0,0
477.7746379842043,1588,26,0,0
477.7785826857743,789,17,0,0
477.7915109593064,12,118,0,0
477.82019055176744,1006,274,0,0
477.89918278627243,395,181,0,0
478.19571755824643,264,107,0,0
478.2067911966582,679,190,0,0
478.20945568864806,488,404,0,0
478.2184132392603,6,88,0,0
478.2967800184019,7764,428,1,0
478.4016988855645,964,767,0,0
478.5564604344097,703,3270,0,1
478.5772898265697,1316,224,0,0
478.6328881393243,1044,382,0,0
478.7645324126065,1694,167,0,0
478.94957005568,5000,359,1,0
478.95645845340147,19,1180,0,1
478.96025929355363,17,171,0,0
478.96108836161704,629,224,0,0
478.96273897066317,11,311,0,0
478.9809144249797,366,298,0,0
478.99127298863937,772,435,0,0
479.01941060322207,254,2010,0,1
479.080975012339,740,309,0,0
479.08278016686535,454,142,0,0
479.12143788262404,1607,304,0,0
479.1682286760166,1632,106,0,0
479.2649442239173,978,230,0,0
479.2651122818892,29,368,0,0
479.381348008684,1704,440,0,0
479.39158909335015,427,399,0,0
479.3917666754808,114,640,0,1
479.3938932187145,436,336,0,0
479.5410041344336,1284,221,0,0
479.5706196255783,539,280,0,0
479.59775132818794,485,379,0,0
479.7006142071512,16,238,0,0
479.96959129910437,476,223,0,0
479.983427741067,1113,106,0,0
479.9839571709438,530,350,0,0
479.9992654814844,1494,455,0,0
480.2005181565286,2860,355,1,0
480.2037987880701,1240,191,1,0
480.2142938354596,154,63,0,0
480.2165641771774,937,262,0,0
480.2452422757453,36,114,0,0
480.24575288737805,123,786,0,0
480.32476049614155,1966,80,0,0
480.39032528262896,423,478,0,0
480.898992583937,751,341,0,0
480.9352606310534,16,121,0,0
480.94228017835167,100,7,0,0
480.9569263169857,1777,91,0,0
481.002430089654,290,268,0,0
481.02534361904696,14,156,0,0
482.2188592456275,1502,153,0,0
483.17918360934345,446,110,0,0
483.1862562278405,974,36,0,0
483.2088413062083,8,156,0,0
483.20983366309287,1331,376,0,0
483.23593223152085,218,102,0,0
483.36606056208234,102,378,0,0
483.372364128964,348,239,0,0
483.3726193328573,408,92,0,0
483.48338255312177,38,773,0,0
483.48540875105795,1504,343,0,0
483.6973735296007,239,316,0,0
483.6977044474234,843,309,0,0
483.75772136705433,837,441,0,0
484.1872141155887,1721,143,0,0
484.22463566587066,7,192,0,0
484.234347956472,8063,129,1,0
484.2568207811931,1653,308,0,0
484.25736930027045,1733,665,0,0
484.260753219937,1669,333,0,0
484.37179383091154,5900,63,1,0
484.53716751790864,1417,324,0,0
484.53953731327425,1908,256,0,0
484.54268236115024,1219,134,0,0
484.66421999702686,3680,380,1,0
484.66507949651435,707,346,0,0
484.86770169259887,8075,117,1,0
484.8941461172889,348,518,0,0
484.9410173077035,1059,5650,0,1
484.95995507854116,78,389,0,0
485.00392929808123,210,502,0,0
485.00508125336495,1783,240,0,0
485.00979889060585,1510,135,0,0
485.3545301738524,5,86,0,0
485.4070647413755,599,501,0,0
485.4080807944876,418,90,0,0
485.54221167568875,428,17,0,0
485.5720929650037,632,608,0,0
486.1887240841031,568,396,0,0
486.20862549640816,765,367,0,0
486.2315303806091,1393,244,0,0
486.232285543193,1266,262,0,0
486.43295870143,1089,96,0,0
486.4394041160656,1784,297,0,0
486.44328199480447,424,438,0,0
486.4594516408333,949,352,0,0
486.460945749461,1679,363,0,0
486.47840469010356,1371,116,0,0
486.5162184291889,544,289,0,0
486.53188641959565,745,200,0,0
486.5946428604935,726,615,0,0
486.80035603538835,214,293,0,0
486.83718079588874,1367,336,0,0
486.839287833374,596,463,0,0
486.9176592991632,784,141,0,0
487.1884526224419,1204,179,0,0
487.34063748252186,1314,283,0,0
487.35104918516964,27,402,0,0
487.4010709435833,1178,297,0,0
488.0412450691722,307,148,0,0
488.05704733261194,245,25,0,0
488.06794165875766,1193,449,0,0
488.0695462333166,1669,122,0,0
488.08271944143326,301,300,0,0
488.3176971717926,1890,170,1,0
488.3222345745198,982,300,0,0
488.3225134498473,410,230,0,0
488.3247309865518,17,189,0,0
488.36848515824005,471,49,0,0
488.36970254019525,328,114,0,0
488.37644967037,1537,483,0,0
488.6814484190102,14,737,0,0
488.7002932800634,254,2280,0,1
489.6926383799231,253,314,0,0
489.7353095310573,21,196,0,0
489.8199525915385,703,386,0,0
489.8216761410752,274,34,0,0
489.8441737980716,649,332,0,0
489.8457022828105,762,4540,0,1
489.84632497761396,626,148,0,0
490.5070031111744,13,301,0,0
490.511181338992,1003,512,0,0
490.51271585956783,1275,26,0,0
490.57504411164274,705,254,0,0
490.5766273819116,4730,252,1,0
490.5941024602982,382,185,0,0
490.5972028860184,95,13,0,0
490.7036813348102,378,390,0,0
490.705556858717,1625,22,0,0
490.73093869550627,56,2320,0,1
490.7340447142005,220,371,0,0
490.807261235315,661,115,0,0
490.80813709022306,386,17,0,0
490.8084095988876,762,1140,0,1
490.8918108665019,402,294,0,0
490.892441232539,1104,474,0,0
490.9853720201144,948,269,0,0
490.9922688052462,1239,767,0,0
490.997704189196,1058,175,0,0
491.504942625577,687,421,0,0
491.51020902989427,778,197,0,0
491.52741032653256,1004,71,0,0
491.5437061851186,200,101,0,0
491.57890942092,7638,554,1,0
491.5896164613841,48,402,0,0
491.85391030055985,1735,752,0,0
491.89310822894055,866,109,0,0
491.92595588260224,1486,421,0,0
491.93166324703117,1452,47,0,0
492.88040267663115,10,723,0,0
492.8856820631435,66,57,0,0
492.9160658419234,343,431,0,0
492.93723756407616,1109,2080,0,1
492.94598958156075,1395,252,0,0
493.0043646382569,1482,6,0,0
493.02785000924257,1905,352,0,0
493.13199996818804,950,105,0,0
493.17426217530107,586,26,0,0
493.1804870635211,952,494,0,0
493.1984319687749,1346,198,0,0
493.20454986677623,365,227,0,0
493.37652992293084,945,187,0,0
493.38930559497544,5,439,0,0
493.42846516314484,309,294,0,0
493.43143206091776,631,221,0,0
493.60686485762375,583,424,0,0
493.6289124300448,22,243,0,0
493.9049043137561,543,2270,0,1
493.9059195765399,1742,150,0,0
493.9098906106124,27,170,0,0
493.9174465801798,965,181,0,0
493.9185501782261,423,116,0,0
493.9544637454472,1302,203,0,0
493.9593981513118,1530,207,0,0
493.995298319598,106,264,0,0
494.0016849947577,681,140,0,0
494.0060176797791,815,252,0,0
494.0133636664931,823,768,0,0
494.0138257989664,800,221,1,0
494.02252274924797,1863,125,0,0
494.0848668288165,667,210,0,0
494.085743041988,1834,410,0,0
494.0859445042389,102,26,0,0
494.08790921920377,669,408,0,0
494.11132164665975,1318,674,0,0
494.11980786075424,563,548,0,0
494.15752917916774,1235,191,0,0
494.15877500416036,1213,313,0,0
494.15921039322853,494,541,0,0
494.1690098522863,773,229,0,0
494.2203226847103,7654,538,1,0
494.25873745619197,1339,2980,0,1
494.2625925595143,305,93,0,0
494.3376686010839,1779,83,0,0
494.3397527918865,97,308,0,0
494.35628105807547,1353,356,0,0
494.51015506749087,11,18,0,0
494.5147132618814,436,45,0,0
494.5189535355145,879,162,0,0
499.9164029951167,1742,5220,0,1
499.91735775251414,506,366,0,0
500.4687632003103,1468,460,0,0
500.4713671513073,1278,85,0,0
500.472169407153,389,4,0,0
500.47930424959316,1460,599,0,0
500.5194253867853,1053,242,0,0
500.58799971496444,1186,112,0,0
500.5897724822493,1294,133,0,0
500.5908299611504,1837,222,0,0
500.61582104439776,11,66,0,0
500.61785423488925,617,366,0,0
501.2634524988245,283,208,0,0
501.2857929486159,89,54,0,0
501.3985948064862,761,228,0,0
501.40233145425583,110,1530,0,1
501.4178711652796,1206,315,0,0
501.6537888800434,383,491,0,0
505.47842594532153,288,30,0,0
505.824705241641,14,32,0,0
505.89252787880264,6,96,0,0
505.9334579059289,138,473,0,0
505.93833686956947,841,162,0,0
505.94011138161136,414,245,0,0
506.33616168100804,766,386,0,0
506.5094995215918,788,769,0,0
506.529043794011,303,297,0,0
507.36813933546887,1739,103,0,0
507.378423048073,802,348,0,0
507.3836653289076,101,247,0,0
507.3947303244509,42,74,0,0
507.58502155609904,8,131,0,0
507.6094703108653,7380,369,1,0
507.61580814136744,1676,338,0,0
507.9053631768473,356,267,0,0
507.971403127793,1085,768,0,0
508.001731311952,508,108,0,0
508.0025854685708,631,287,0,0
508.0228806702475,1201,31,0,0
508.02623418930494,8,94,0,0
508.03301232440646,1457,351,0,0
508.073249107968,282,338,0,0
508.07488776650877,909,392,0,0
508.21633318414126,1555,722,0,0
508.25403478735194,576,312,0,0
508.25406821981306,5530,109,1,0
508.50877991932543,862,161,0,0
508.5165049555594,1832,1230,0,1
508.61516143473904,1454,276,0,0
508.6173531362877,7,127,0,0
509.73497707722316,169,140,0,0
510.536236528435,707,328,0,0
510.5615264945361,1052,452,0,0
510.5632310883437,666,236,0,0
510.5646051052496,162,229,0,0
510.56509695402315,909,442,0,0
510.56842974900087,1713,513,0,0
510.5793860676176,1101,24,0,0
510.58920341045456,1749,24,0,0
510.6479403890561,240,468,1,0
510.6722856688067,1492,262,0,0
511.96953630202796,106,428,0,0
511.97277514532453,770,769,0,0
511.97516420444833,1281,196,0,0
512.0123478005049,248,2460,0,1
514.8213910810201,380,662,1,0
514.8342475975019,570,173,1,0
514.8444807246641,11,571,0,0
514.8791957582271,275,273,0,0
514.9000756290308,1790,640,0,0
514.952344249125,1854,494,0,0
514.9532300972807,1889,47,0,0
514.9593824820421,8188,4,1,0
514.9654997793888,553,534,0,0
514.9853637671662,39,242,0,0
515.1086284262833,424,96,0,0
515.1090602300546,144,63,0,0
515.125520608146,1038,811,0,0
515.1848265906337,374,577,0,0
515.1936025999732,1401,336,0,0
515.2202440898998,1599,22,0,0
515.2284879580567,436,88,0,0
515.2288546217799,92,87,0,0
515.2405992972539,786,267,0,0
515.2514821310136,1111,286,0,0
515.2963600250895,979,609,0,0
515.3383175528779,3250,209,1,0
515.343701032056,983,204,0,0
515.4500253341025,407,360,0,0
515.4857754524631,7946,246,1,0
515.4973764984483,85,7,0,0
515.4975575103107,1372,258,0,0
517.6796682879932,1353,224,0,0
517.7256794345193,239,745,0,0
517.7271472808745,20,396,0,0
517.7547512055746,38,195,0,0
517.7597696756754,457,263,0,0
517.7705890583698,210,350,0,0
517.7894904892166,59,3260,0,1
518.1207069591409,698,377,0,0
518.202688641159,1101,373,0,0
518.2321845943252,1657,242,0,0
518.2444778397926,57,40,0,0
518.3129754673191,259,683,0,0
518.9083155445863,1040,175,0,0
518.9189711422998,568,299,0,0
519.0369388180627,826,265,0,0
519.0402554310965,488,181,0,0
519.1713920042736,962,66,0,0
519.7673079910634,153,105,0,0
519.808904020884,525,189,0,0
519.8121262218193,710,317,0,0
519.8151193818736,870,636,1,0
519.8170831071908,1207,243,0,0
519.8365376691519,299,305,0,0
519.8475347565634,240,219,0,0
519.9088476280431,1645,3640,0,1
519.9110522190133,691,160,0,0
519.9801378036747,198,109,0,0
519.9886495821655,1768,141,0,0
519.98928727351,1199,61,0,0
520.0477210763314,42,410,0,1
520.0583040960937,1196,766,0,0
520.1807262969343,893,364,0,0
520.189848656252,777,454,0,0
520.2370679083997,274,173,0,0
520.2431750413616,1022,411,0,0
520.4062738758728,12,300,0,0
520.4967927025906,1158,282,0,0
520.6789719586591,860,8,0,0
520.7506154610478,28,91,0,0
520.7887925750532,679,38,0,0
520.825581215743,287,300,0,0
521.1197657929232,1570,114,0,0
521.121984268548,409,323,0,0
521.1401452166573,295,245,0,0
521.147143218246,1299,130,0,0
521.154193296194,60,371,0,0
521.154881524494,461,295,0,0
521.1590027396121,7905,287,1,0
521.4087073930913,672,425,0,0
521.4110718140282,15,324,0,0
521.4230898482789,1156,257,0,0
521.4662553518431,2378,448,0,0
521.4668174909864,2861,522,0,0
521.4720481589611,54,29,0,0
521.6099671260226,1199,112,0,0
521.6664005975715,1343,129,0,0
521.668133802022,17,61,0,0
522.108840916206,1337,573,0,0
522.1088643641745,313,120,0,0
522.1395388892446,253,239,0,0
522.4253170936836,1784,216,0,0
522.4294304728932,8020,172,1,0
522.4532154495837,1553,167,0,0
522.4678239543935,394,376,0,0
522.6692360486074,1825,156,0,0
522.7646325218134,1494,105,0,0
522.7688140571212,107,283,0,0
523.1190060974066,209,108,0,0
523.1356899224226,1696,305,0,0
523.1490786585254,1001,521,0,0
523.1504745086369,47,547,0,0
523.1543951278395,475,421,0,0
523.2124776537563,90,258,0,0
524.2286084867691,188,196,0,0
524.2317596870387,854,457,0,0
524.2362970869061,153,14,0,0
524.2370902689075,1589,746,0,0
524.2721741671988,550,231,0,0
530.0743841266026,19,184,0,0
530.1202083878903,7,170,0,0
530.1225076709599,311,48,0,0
530.1314157650236,944,90,0,0
530.1485023620181,7845,347,1,0
530.1515116610223,477,284,0,0
530.1596843035502,380,68,0,0
530.1625407619358,137,84,0,0
530.1825007863157,5962,2230,1,1
530.2412375949865,1777,224,0,0
530.2644102668771,70,296,1,0
530.4074827301997,481,362,0,0
530.4075820683876,17,163,0,0
530.4161258001275,273,299,0,0
530.420817102734,854,209,0,0
530.4922101542024,338,562,0,0
530.5487301789744,261,108,0,0
530.5506668176986,1332,94,0,0
530.6232280737822,170,219,1,0
530.6337688279517,84,25,0,0
530.6419742530186,425,168,0,0
530.6701662486163,891,5300,0,1
530.6937392926914,615,243,0,0
530.6941983502209,212,329,0,0
530.6942619540109,130,169,0,0
530.941801047334,783,84,0,0
530.9524662851267,998,94,0,0
530.9569913644127,545,80,0,0
530.9879320056034,1618,146,0,0
532.0234858846384,1274,300,0,0
532.0236660285125,863,50,0,0
532.0386158973661,298,216,0,0
532.1862324607912,1331,524,0,0
532.2460696655179,762,383,0,0
532.2515533864508,1489,283,0,0
532.331165857348,768,391,0,0
532.4751387652005,476,3360,0,1
532.487852255511,45,32,0,0
532.7813963750992,73,766,0,0
532.7864317360129,1434,142,0,0
532.7877796936449,870,176,0,0
533.0475249890977,1453,767,0,0
533.0699232428549,10,372,0,0
533.1047871751055,170,152,0,0
533.1075982998715,1742,379,0,0
533.1127021355159,20,176,0,0
533.1238671380589,1431,40,0,0
533.1766032582062,1222,188,0,0
534.0124758570306,254,21,0,0
534.5251362686133,1547,401,0,0
534.9575396327824,740,412,1,0
534.984631437644,132,91,0,0
535.0031783570168,1207,5060,0,1
535.0127366820553,20,71,0,0
535.0289742353484,1870,205,1,0
535.0331799167016,954,43,0,0
535.1388150148539,1173,566,0,0
536.1509152979446,1199,353,0,0
536.7001247985668,618,236,0,0
536.7013831483779,866,387,0,0
536.7210113315886,928,326,0,0
536.8500680266766,700,227,0,0
536.8828299884995,771,771,0,0
536.8887826100431,1434,336,0,0
536.8890755194036,785,252,0,0
536.8891761958879,9,63,0,0
536.929564677265,1307,503,0,0
536.9324274383571,385,635,0,0
536.9561218818495,373,26,0,0
537.088173079106,683,626,0,0
537.0964401256871,402,1910,0,1
537.1778107246536,1756,556,0,0
537.1803026877709,595,584,0,0
537.1814366531779,959,127,0,0
537.2274029121592,1449,116,0,0
537.2283195561677,1717,56,0,0
540.9094528974626,308,624,0,0
540.9399724911963,336,452,0,0
540.9718579861559,584,104,0,0
541.0730232590017,871,250,0,0
541.0925534274687,458,573,0,0
541.0972334987268,267,345,0,0
541.2020786894913,1693,562,0,0
541.2211243489347,1131,487,0,0
541.2253571152479,1318,210,0,0
541.2307559901897,864,356,0,0
541.3398722244613,859,149,0,0
541.3822447091975,98,187,0,0
541.3872548913565,169,89,0,0
541.4801836826952,714,294,0,0
541.6463657417878,40,187,0,0
541.6489304560981,918,420,0,0
541.6732364152845,39,775,0,0
541.7921270850726,1756,672,0,0
542.2546267907596,1403,427,0,0
542.3102951066318,713,390,0,0
542.3116592835347,1150,125,0,0
542.3189380932317,1653,349,0,0
542.3226332388646,877,125,0,0
542.3639577718164,693,267,0,0
542.3672474471153,770,323,0,0
542.4118820069972,448,314,0,0
542.4715425538352,1782,107,0,0
542.5305287917026,866,713,0,0
542.5472302471995,361,235,0,0
542.5480426898781,1368,159,0,0
555.5875789901135,590,213,0,0
555.8699854800072,1546,536,0,0
555.8922937172065,561,4,0,0
555.9480374896796,4730,216,1,0
555.9696425824993,1586,470,0,0
555.9802279725583,1717,572,0,0
555.9810047680354,405,161,0,0
556.055106508137,9,230,0,0
556.2154067684106,1689,588,0,0
556.2266653903354,1067,506,0,0
556.2306333897337,1423,204,0,0
556.4470406978537,337,318,0,0
556.4791784502897,287,11,0,0
556.4804669095672,4,213,0,0
556.4924583245315,595,9,0,0
556.5216911352531,147,376,0,0
556.6906958995907,345,757,0,0
556.7928137843446,1128,226,0,0
556.8092328475599,1059,308,0,0
559.9920131274265,960,224,0,0
559.9948923044955,1200,373,0,0
559.9982036174334,7787,405,1,0
560.0000671953179,680,80,0,0
560.3909324221304,958,352,0,0
561.3276123093801,758,12,0,0
561.5994563593238,1559,235,0,0
561.6544059583292,728,456,0,0
561.7998559942632,12,234,0,0
561.8101459401034,1279,23,0,0
561.8261106919202,510,120,0,0
562.4574485345114,570,313,0,0
562.4737220578296,1305,614,0,0
562.4761058767193,821,418,0,0
562.4806634177845,362,769,0,0
562.4856789373173,1206,417,0,0
562.4983248006774,652,211,0,0
563.1808370548077,1803,134,0,0
563.3551545446456,875,230,0,0
564.0403495095381,1807,255,0,0
564.0570080473844,109,30,0,0
564.0593913754929,7,525,0,0
564.1065402110564,188,767,0,0
564.2576468482757,791,535,0,0
564.2677828718702,323,244,0,0
564.2684374268919,556,349,0,0
564.3031250217367,1588,305,0,0
564.4061719379347,1374,733,0,0
564.4132969033002,411,224,0,0
564.4141581648751,883,369,0,0
564.4631436741362,1899,218,0,0
564.7588058503658,1042,234,0,0
564.7616560448896,701,490,0,0
564.8140992644218,1139,453,0,0
564.8725747252377,28,679,0,0
564.8845524110237,186,282,0,0
564.9659804569744,42,287,0,0
564.968740141404,650,28,0,0
565.0292582385,1084,401,0,0
565.03198093796,1182,234,0,0
565.0378313552918,1524,504,0,0
565.5226857582325,1024,60,0,0
565.5498839398209,1690,449,0,0
565.5508341695937,1526,249,0,0
565.8639771040125,1468,275,0,0
565.9048997158013,819,425,0,0
565.9053764205804,707,2240,0,1
566.1421184905743,5,8,0,0
566.187520598228,808,1650,0,1
566.2137269657934,432,156,0,0
566.231005000515,624,239,0,0
566.3833020372178,1532,128,0,0
566.3895425542748,326,249,0,0
566.4183495178647,827,118,0,0
566.6860611376928,1533,702,0,0
566.6868490888276,1163,767,0,0
566.6886015443235,1076,188,0,0
566.7136173311251,541,197,0,0
566.7162444071103,894,155,0,0
566.723862428721,945,297,0,0
566.7565750171344,1558,402,0,0
566.7582810888148,1280,329,0,0
566.7748653106869,590,335,0,0
566.7918429430584,952,325,0,0
566.8925001874011,632,52,0,0
566.8935356213435,498,285,0,0
566.9047618587404,291,466,0,0
566.9061392175396,1692,14,0,0
566.9070240266011,4,42,0,0
566.9229762772977,684,132,0,0
566.9955685998523,284,145,0,0
567.0303587338187,7400,324,1,0
567.1136271701714,1346,336,0,0
567.131202959752,1310,314,0,0
567.1320235682581,1085,396,0,0
567.6905640477628,12,59,0,0
567.7040571923073,555,284,0,0
568.4427161977814,221,1400,0,1
568.4491478217133,1622,397,0,0
568.4504475016126,1067,63,0,0
568.4509092350504,1045,232,0,0
568.9164815389469,724,249,0,0
568.9205496257802,1468,164,0,0
569.030320061415,1882,52,0,0
569.0370879571559,212,97,0,0
569.0862868270036,1142,140,0,0
569.2963746270858,701,47,0,0
569.3007223071888,602,3700,0,1
569.4342652743303,1438,146,0,0
569.4675248080334,1456,216,0,0
569.4830581535239,12,221,0,0
569.4872392258605,1028,132,0,0
569.4905665663388,937,135,0,0
569.4922812061623,223,229,0,0
569.4939474533267,1059,708,0,0
569.5172605029449,1195,462,0,0
569.5383582538094,1103,697,0,0
569.800124316504,1729,281,0,0
569.8310136926389,1851,222,0,0
569.8320536307011,15,592,0,0
569.8550466374935,628,365,0,0
569.8619371690821,312,139,0,0
569.991179632011,1836,372,0,0
570.000078687027,159,442,0,0
570.0337810893361,195,175,0,0
570.0400082936325,1036,83,0,0
570.430380402048,341,324,0,0
570.4312961537664,316,123,0,0
570.4693242934503,513,477,0,0
570.5125071341301,805,12,0,0
570.5128651934588,277,29,0,0
570.5228093452029,731,340,0,0
570.5230674771493,1427,211,0,0
570.6054146611968,956,73,0,0
570.6107270076623,366,529,0,0
570.618152998403,435,213,0,0
570.646122410615,426,317,0,0
570.6840380662661,285,280,0,0
570.690728246434,39,90,0,0
570.6957441342155,11,540,0,0
570.6998966331834,220,19,1,0
570.7177006219479,838,12,0,0
570.728766832741,1212,10,0,0
570.7357938382215,926,53,0,0
570.8079258875956,570,542,0,0
570.8136510514936,496,140,0,0
570.8895586039116,151,190,0,0
570.8899104533598,167,111,0,0
570.9106385056194,1845,373,0,0
571.189291128586,1451,6380,0,1
571.1992405145614,15,280,0,0
571.4115328931407,12,12,0,0
571.4501554293074,695,4600,0,1
571.4518894315236,63,50,0,0
571.5250979051415,1704,384,0,0
571.5269090911899,1755,552,0,0
571.5352331773062,1143,126,0,0
571.5759817174643,575,3700,0,1
571.6550677842778,1179,41,0,0
571.7291787527492,1718,644,0,0
571.7401796801544,17,674,0,0
571.741902711494,286,201,0,0
571.768413048955,1374,718,0,0
571.7694188710301,1419,278,0,0
571.7841454063216,1232,245,0,0
571.8816431323539,775,523,0,0
571.9736399614924,866,91,0,0
571.9816791866074,7150,714,1,0
572.0497135901888,1407,783,0,0
587.5823040414286,1564,556,0,0
587.6064550417285,1780,70,0,0
587.7050640465574,29,348,0,0
587.7184030973357,7170,226,1,0
587.7515249988282,1347,31,0,0
587.7537207121593,8068,124,1,0
587.810574911883,20,729,0,0
587.846952914133,5,243,0,0
587.862620582364,359,423,0,0
587.8674343170946,927,196,0,0
587.8788373980802,4940,325,1,0
587.8792504008366,68,219,0,0
588.075632312227,8011,181,1,0
588.2590159897865,4970,442,1,0
588.2855362016873,137,84,0,0
588.2857705689805,147,39,0,0
588.3447461364015,507,643,0,0
588.3885833600575,183,331,0,0
588.4826943775786,1584,378,0,0
588.5063604855424,1634,196,0,0
588.5106677229951,1667,292,0,0
588.7023515368884,1713,329,0,0
588.711491202512,1262,137,0,0
588.7130977518433,821,421,0,0
588.7231973488916,1430,43,0,0
588.7350499945014,1017,395,0,0
588.7361076075192,1440,499,0,0
588.7503936844985,695,444,0,0
588.7536861184269,982,770,0,0
588.7591182705462,314,5930,0,1
588.7611177744859,1283,285,0,0
588.7666962128311,1709,183,0,0
588.7749154744333,11,455,0,0
588.8070589964983,6,92,0,0
588.960900830003,1477,480,0,0
588.9987212721045,8058,134,1,0
590.0332822965163,529,302,0,0
590.7362163682833,609,376,0,0
590.8862200573581,1601,157,0,0
590.8947025981713,375,256,0,0
590.9033739862716,8,171,0,0
590.9056927962774,808,80,0,0
591.3271542895861,237,630,0,1
591.3291677640894,634,333,0,0
591.6855999591887,282,350,0,0
591.7108570845176,7340,184,1,0
591.7188815665021,1364,542,0,0
591.7504845150107,935,384,0,0
591.7550204736311,613,192,0,0
591.7806435960794,27,137,0,0
591.7969047310393,567,245,0,0
591.8105234321595,1302,203,0,0
591.9508161133531,1886,724,0,0
592.1525596486035,1465,212,0,0
592.1557603464753,1086,119,0,0
592.2230062935231,1424,76,0,0
592.2458352334808,1138,198,0,0
592.2490184511215,1609,289,0,0
592.2496312327207,1599,92,0,0
592.3266261691181,106,753,0,0
592.3356990873718,31,550,0,0
592.3507298751194,273,2200,0,1
592.7489194629658,7,300,0,0
592.7890998038092,32,179,0,0
592.7976303658836,1460,450,0,0
593.0118216424808,502,7690,0,1
593.0154010353925,821,430,0,0
593.6322886501872,644,223,0,0
593.6564095732303,516,4080,0,1
593.6570743550301,837,140,0,0
593.6932113080424,681,506,0,0
593.791143193672,1687,181,0,0
593.8300604649581,772,146,0,0
593.837999219138,1036,163,0,0
593.8765958805162,764,741,0,0
594.0163634225856,37,327,0,0
594.0936228944241,302,279,0,0
594.1146699215055,1727,378,0,0
594.2486557228412,237,1730,0,1
594.2517654681019,400,770,0,0
594.3183818821858,480,649,0,0
594.3278517755031,956,117,0,0
594.5558029736172,1165,4040,0,1
594.6258626752633,812,301,0,0
594.794953464292,1488,426,0,0
594.8038956081696,616,111,0,0
594.8063260046418,806,150,0,0
594.8562163781447,583,254,0,0
594.8613842210367,233,149,0,0
594.8636146462381,4,106,0,0
594.8711133053412,14,363,0,0
594.8801413833552,918,23,0,0
594.929317096615,500,752,0,0
595.193362921537,1395,290,0,0
595.2602903277256,524,3160,0,1
595.4099173409072,1558,720,0,0
595.4324411651696,1189,129,0,0
595.4580748685171,1697,173,0,0
595.4847742376403,266,9,0,0
595.4981589652349,472,101,0,0
595.5024570826664,1315,48,0,0
595.523607463649,1426,767,0,0
595.5667360696037,5,144,0,0
595.5669540352383,1066,485,0,0
595.5729242378623,4255,30,0,0
595.7083811037737,851,214,0,0
595.7126303907003,115,113,0,0
596.0384862791526,503,668,0,0
596.0434945946762,1109,653,0,0
596.053373543138,1628,210,0,0
596.0614943520184,477,241,0,0
596.1669752938335,1636,712,0,0
596.1838159669786,604,358,0,0
596.2314060172415,267,238,0,0
596.2324980950517,1593,71,0,0
596.4233571564567,10,82,0,0
596.4591497804497,16,130,0,0
596.4718674893849,1550,172,0,0
596.4761883193756,16,767,0,0
596.4773009199617,267,268,0,0
596.5474513975663,140,397,0,0
596.9826888354856,296,231,0,0
597.0029536102813,686,10,0,0
597.0076800169096,396,295,0,0
597.0189653843418,7,294,0,0
597.0254067961479,354,268,0,0
597.0583052418755,645,565,0,0
597.1109294334002,7831,361,1,0
597.1167689655555,1330,328,0,0
597.1633679280632,1811,176,0,0
597.2284618894251,474,676,0,0
597.3347780393804,535,239,0,0
597.3435182607643,14,661,0,0
597.369009142286,1142,568,0,0
597.4187481442308,374,260,0,0
597.4206718689999,248,402,0,0
597.4288442929198,1835,286,0,0
597.4849193349784,41,226,0,0
597.4917320745249,7957,235,1,0
597.4962909411022,1462,668,0,0
597.4982176013337,787,138,0,0
597.5328897946767,966,225,0,0
597.5451365410684,233,129,0,0
597.5799137666995,1563,62,0,0
597.5829711405198,47,214,0,0
597.6333988493093,1306,323,0,0
597.661765859184,369,172,0,0
597.6857607443503,409,395,0,0
597.6943962435249,108,372,0,0
597.7052147012627,594,310,0,0
597.7315586546218,1475,768,0,0
597.8933186583795,1971,397,0,0
597.8994893380064,366,320,0,0
597.9041337949991,814,763,0,0
598.1993251267369,547,29,0,0
598.2170536715589,334,775,0,0
598.741038133613,1286,647,0,0
598.8283278549651,363,83,0,0
599.4606442328675,1423,770,0,0
599.4615879261839,1109,673,0,0
599.4796381753051,323,127,0,0
599.4829413096169,848,553,0,0
599.5937889836947,1577,262,0,0
599.5945743720628,377,679,0,0
599.6007305930224,715,88,0,0
599.6015387210871,892,185,0,0
599.6187772380935,814,72,0,0
599.6198306696242,1485,104,0,0
599.6296902375186,25,450,0,0
599.6396021514981,820,282,0,0
599.705113635208,472,107,0,0
599.7540358644211,574,321,0,0
599.766400918587,1604,4430,0,1
599.7830537214178,560,144,0,0
599.7870975860392,492,426,0,0
600.319821033726,56,227,0,0
600.4004160358991,5760,170,1,0
600.4511320943659,1599,290,0,0
600.4534879254485,1629,314,0,0
600.5096954356248,1871,322,0,0
600.8491499745207,929,94,0,0
601.0221205371419,11,4330,0,1
601.1078858200472,621,373,0,0
601.2158933833208,714,391,0,0
602.8138435750742,345,547,0,0
602.8427947558727,1704,638,0,0
602.9809772000216,483,274,0,0
602.9905975167017,1385,117,0,0
603.3124540963346,17,3590,0,1
603.3448698945036,1800,247,1,0
603.3454100739403,684,336,0,0
603.3466716774413,206,314,0,0
603.3617325345124,2246,188,0,0
603.3824087295259,7630,562,1,0
603.3827068932069,1824,482,0,0
603.4456682365485,1353,435,0,0
603.4465343228544,450,759,0,0
603.4739498518053,1347,268,0,0
603.476365496302,1975,364,0,0
603.5827211254382,706,166,0,0
603.6565035874423,725,141,0,0
603.7385126604087,379,360,0,0
603.7468356652553,1260,351,0,0
603.9179741303717,1328,169,0,0
603.9290735332842,7928,264,1,0
603.9415382876092,339,123,0,0
603.9424584530832,10,156,0,0
603.9715569701294,575,504,0,0
604.0515452354246,3790,216,0,0
604.0879961809587,750,325,0,0
604.1448123810034,792,30,0,0
604.212734543856,87,431,0,0
604.2180028351896,547,2890,0,1
605.1457472041566,454,394,0,0
605.3461082553978,1473,200,0,0
605.4058162503749,1224,384,0,0
605.4332971634761,113,242,0,0
605.4759855430901,896,181,0,0
605.4772325586857,812,327,0,0
605.4790338409093,1574,736,0,0
605.4829621905728,720,516,0,0
605.4856146193079,7999,193,1,0
605.4895947458134,1171,228,0,0
605.4907461138584,376,238,0,0
605.5467693561106,1411,31,0,0
605.7763691658595,916,444,0,0
605.8779481517603,1564,421,0,0
605.9026236553565,1637,226,0,0
605.9088783752869,461,200,0,0
605.9144303013218,428,331,0,0
606.1023085950408,946,117,0,0
606.1254915584988,1613,770,0,0
606.1361241374645,84,60,0,0
606.1789508842146,748,53,0,0
606.243155668608,2924,5,0,0
606.2705484212996,847,745,0,0
606.3639839529689,12,286,0,0
606.3643409933674,575,370,0,0
606.4794890020971,1326,12,0,0
606.4799125698099,7,108,0,0
606.4833613549857,827,308,0,0
606.4964159123659,76,2510,0,1
606.4964620954051,318,48,0,0
607.2584027449907,8001,191,1,0
607.2597124142975,27,441,0,0
607.268378760491,1824,233,0,0
607.277378724987,314,258,0,0
607.2891769512008,1010,101,0,0
607.3086144700089,515,200,0,0
607.7018955564281,174,125,0,0
607.7087683866439,947,380,0,1
607.97060607081,12,253,0,0
607.9714586151242,8074,118,1,0
607.9796608024894,1018,323,0,0
608.1118831912836,1640,148,0,0
608.1137553883547,1301,732,0,0
608.1472934670734,1011,172,0,0
608.1550364804446,540,292,0,0
608.2466218691935,1898,124,0,0
608.3021085924004,791,768,0,0
608.3083122485333,1515,768,0,0
608.3572466297272,393,398,0,0
608.3675171241449,956,114,0,0
608.3684095580091,122,485,0,0
608.3694030120489,1783,254,0,0
608.4206883268714,971,139,0,0
608.4288217367717,323,54,0,0
608.4404667372257,310,63,0,0
608.5606767756922,546,107,0,0
608.5833121057831,1177,359,0,0
609.9060641637695,23,26,0,0
609.9069685676019,828,455,0,0
610.0554803061832,554,260,0,0
610.0569017699312,594,128,0,0
610.0579126586889,702,6070,0,1
610.3457981202907,58,74,0,0
610.3494941065701,717,506,0,0
610.3590573315231,329,3210,0,1
610.3713642268227,871,211,0,0
610.3935739835377,28,220,0,0
610.3956314906447,200,141,0,0
610.4214163273775,1665,132,0,0
610.6829814847047,41,132,0,0
610.6847656277271,1522,85,0,0
610.6858343017008,739,119,0,0
610.6877475976889,625,257,0,0
610.7799672373941,1243,596,0,0
610.7811001505586,7883,309,1,0
610.781786445447,501,272,0,0
611.0145264196279,265,119,0,0
611.0244439557401,6720,472,1,0
611.0260186569972,809,620,0,0
611.0330835325211,1765,699,0,0
611.035195042336,76,145,0,0
611.0651303503033,278,335,0,0
611.0653526153196,1312,115,0,0
611.0998228823938,7704,488,1,0
611.1609745477583,42,410,0,0
611.183374151646,450,644,0,0
611.5371365905503,585,327,0,0
611.5386495301487,1165,381,0,0
611.5411110172956,477,177,0,0
611.5416626022637,950,24,1,0
612.2507320622652,625,2470,0,1
612.376772117839,683,299,0,0
612.429948368843,1203,55,0,0
612.434609721656,113,144,0,0
612.6360956011746,892,234,0,0
612.6548891942767,1977,332,0,0
612.6674886752332,623,286,0,0
612.6743179124593,1534,168,0,0
612.6766661557912,1663,538,0,0
612.6793719050546,1336,314,0,0
612.6819312216189,37,389,0,0
612.7259175413052,18,418,0,0
612.7598494770424,738,71,0,0
612.7748760044002,1758,107,0,0
612.7781763025163,1418,4000,0,1
612.8333827303372,1604,12,0,0
612.9046195468778,1391,2670,0,1
612.9102183089517,178,67,0,0
612.9148792442589,541,503,0,0
613.0357445604525,565,28,0,0
613.0608554692832,630,24,0,0
613.0638971529163,632,200,0,0
613.0850226879252,74,232,0,0
613.1127103830053,101,258,0,0
613.1713647543381,720,172,0,0
613.1901360498396,420,113,0,0
613.2004219627183,1035,26,0,0
613.2525327349418,1138,40,0,0
613.307756121155,15,360,0,0
613.3148225341964,14,476,0,0
613.3229977630648,492,326,0,0
613.3272078909085,629,218,0,0
613.3297760325693,1569,443,0,0
613.3360851246618,1168,329,0,0
613.3485868119044,1262,333,0,0
614.4677331547122,1521,769,0,0
614.8113592210773,213,235,0,0
614.8254010526811,1351,418,0,0
614.8359249472446,154,750,0,0
614.8370147841259,887,168,0,0
614.8415701178584,483,277,0,0
614.8936854748935,667,89,0,0
614.9186569433762,8131,61,1,0
614.91983537503,470,415,0,0
614.9654342526475,1029,62,0,0
614.9962606301796,772,141,0,0
615.0098669190287,540,629,1,0
615.1149379410995,659,75,0,0
615.3331341523875,1493,304,0,0
615.3387036124838,1686,213,0,0
615.3498603192598,1120,54,1,0
615.353962447278,608,309,0,0
615.3713360023623,1546,84,0,0
615.3802582591645,1047,40,0,0
615.4249458178448,1810,259,0,0
615.4367773294454,815,769,0,0
615.4637383211506,1372,223,0,0
615.5176860719987,1238,84,0,0
615.5221257166933,1039,506,0,0
615.6993589279876,1625,86,0,0
615.733602580674,378,231,0,0
615.7585009125504,880,143,0,0
615.7727634754771,1858,473,0,0
615.7984212007359,1634,106,0,0
615.8024901376115,198,204,0,0
615.8100817651795,7899,293,1,0
615.9969579164482,347,165,0,0
616.0012471144447,1352,606,0,0
617.1410373616442,1213,232,0,0
617.2125659127913,1452,82,0,0
617.2559798574762,1323,348,0,0
617.3588614189657,17,767,0,0
617.3662371722511,21,938,0,0
617.3668721594996,131,110,0,0
617.3717263201107,7915,277,1,0
617.3999897048641,349,373,0,0
617.5414600618583,42,41,0,0
617.5435092134785,1826,276,0,0
617.5469747528808,201,24,0,0
617.582339226036,416,584,0,0
618.0869519355824,2262,26,0,0
618.3025973117418,109,181,0,0
618.316648606513,1222,236,0,0
618.4670599397372,1883,322,0,0
618.5122824096226,1240,63,0,0
618.5931366122309,1713,599,0,0
618.5983758401459,1419,395,0,0
618.6056967491586,1705,234,0,0
618.6071700988429,1739,191,0,0
618.6212610162289,1709,703,0,0
618.6450764559522,489,192,0,0
618.6786861433092,1989,323,0,0
618.68170272394,1072,229,0,0
620.4973136974581,243,230,0,0
620.5040925808809,15,226,0,0
620.5132609954046,490,151,0,0
620.5394725464388,364,216,0,0
620.5402886519746,788,335,0,0
620.5407968583573,114,92,0,0
620.8063280271374,747,328,0,0
620.8198806843511,171,88,0,0
620.8200650727244,1141,285,0,0
620.9009743266399,1170,217,0,0
620.9147163172205,16,39,0,0
620.9258990906911,465,15,0,0
620.9507312000287,1820,190,0,0
620.9612662441837,419,580,0,0
620.964727344485,193,85,0,0
622.7993066177537,23,279,0,0
622.8250449803517,1085,90,0,0
622.8365363858194,86,649,0,0
622.8449239692372,1104,363,0,0
622.8820153216327,23,149,0,0
622.8901529755155,344,29,0,0
622.8995328728579,958,352,0,0
623.0068127870642,4,26,0,0
623.0074290356134,1503,330,0,0
623.0148157857141,412,165,0,0
623.1455990718829,1122,217,0,0
623.1982310351024,621,350,0,0
623.2021561820837,329,23,0,0
623.2232657328215,1170,209,0,0
623.2411323207797,1737,11,0,0
623.2744180864934,755,190,0,0
623.3239466120127,444,55,0,0
623.3325765181005,1707,281,0,0
623.3379351775473,686,301,0,0
623.3696830266218,193,291,0,0
624.3284669564696,78,37,0,0
624.3324399215278,1623,194,0,0
624.5767798959905,743,160,0,0
624.5774829909212,1776,301,0,0
624.6394335366659,400,323,0,0
624.6433599397968,1114,231,0,0
624.6586352517159,1039,350,0,1
624.6836468235642,713,390,0,0
624.6877878727302,1762,161,0,0
624.7066438486466,1452,302,0,0
624.7285260018596,1816,134,0,0
624.7645904783213,446,55,0,0
624.8079192853654,1138,18,0,0
624.8810885968902,984,323,0,0
624.8885055914906,1320,511,0,0
624.9071696144446,582,323,0,0
625.039049062418,280,300,1,0
625.0433430102678,1892,218,0,0
625.1673812399204,427,4050,0,1
625.1728622963066,1712,116,0,0
625.1754540189004,289,402,0,0
625.1977123192164,1221,51,0,0
625.2244056376232,7,970,0,1
625.2741874755699,8181,11,1,0
625.4967678267245,1604,399,0,0
625.5161609656112,1429,175,0,0
625.5169869236736,849,437,0,0
625.6896950704538,836,3930,0,1
625.6952552325465,6,360,0,0
625.6974002005248,30,166,0,0
625.703150231429,790,297,0,0
625.8114521733215,535,239,0,0
625.8136279193321,1675,496,0,0
625.8585413435835,3550,290,1,0
625.8643728312995,1397,74,0,0
625.8816942591228,358,104,0,0
625.8865827089854,535,175,0,0
625.8885493165304,779,591,0,0
625.8908415374776,1045,3660,0,1
625.8980813318436,1734,135,0,0
625.9262098659535,529,267,0,0
625.9396712670622,381,138,0,0
626.1261905597805,1052,344,0,0
626.2792594897745,57,85,0,0
626.2982656412812,1259,298,0,0
626.3635586099153,373,212,0,0
626.4192342078642,1557,767,0,0
626.4250584737412,532,447,0,0
626.4869282445306,625,305,0,0
627.2359918472521,1848,91,0,0
627.2714119249874,910,54,0,0
627.2717169089614,737,302,0,0
627.3969814850436,815,221,0,0
627.4085729630647,704,291,0,0
627.4178155355451,951,730,0,0
627.4205974098882,616,261,0,0
627.4635714854205,909,534,0,0
627.473990870287,1025,105,0,0
628.5304425064519,1560,216,0,0
628.5317244495876,518,324,0,0
628.5389759178373,748,266,0,0
629.0978034282778,1177,324,0,0
629.1052051212589,1046,361,0,0
629.1417064463144,368,461,0,0
629.1578929978998,1039,129,0,0
629.2317970232419,1665,165,0,0
629.2947574745413,261,173,0,0
629.4248200391715,479,106,0,0
629.4382242202423,1241,244,0,0
629.5494111546815,661,38,0,0
629.5738381809015,1399,278,0,0
629.6400624811814,1337,573,0,0
629.6461869432561,603,486,0,0
629.646360382255,354,50,0,1
629.6471490817772,214,166,0,0
629.710635224442,12,105,0,0
629.720466668879,403,363,0,0
629.7233454022005,1063,18,0,0
629.7782811798661,7982,210,1,0
629.8504372642392,1209,405,0,0
629.8718584783394,1781,716,0,0
629.8723855452117,1302,53,0,0
629.967510560083,1555,194,0,0
629.9724396916617,574,257,0,0
629.9779683137754,1556,298,0,0
629.9861844130434,214,213,0,0
630.0055806105945,384,14,0,0
630.0064313242059,450,767,0,0
630.0193419993468,817,470,0,0
630.02049127702,39,326,0,0
630.0226117074492,426,431,0,0
630.0234199872544,7468,724,1,0
630.0381598545513,947,101,0,0
630.0458200989344,107,104,0,0
630.1174248467589,574,305,0,0
630.1205060224843,7383,809,1,0
630.1618033567303,1499,418,0,0
630.1759763689433,645,97,0,0
630.2843610789981,7790,130,1,0
630.286594791057,185,296,0,0
630.288334962637,364,342,0,0
630.3090411525318,372,170,0,0
630.351369565541,402,276,0,0
630.4095951753619,448,47,0,0
630.6231239461979,1242,472,0,0
630.6932143041224,216,507,0,0
630.7617716685518,1871,1459,0,0
632.1744183283004,511,642,0,0
632.1903052693266,69,171,0,0
632.4523882261526,1331,102,0,0
632.4645818680713,1753,40,0,0
632.5285394317445,793,240,0,0
632.5513860069649,471,57,0,0
632.5687085369977,399,310,0,0
632.8979198351283,1215,320,0,0
633.3085916225858,519,240,0,0
633.3275505820905,1190,316,0,0
633.3409817339638,594,224,0,0
633.3518377016329,694,767,0,0
633.3526208872343,75,78,0,0
633.5765249797843,441,214,0,0
633.5985901846614,158,189,0,0
633.7241097355081,324,1230,0,1
633.9190170663495,873,142,0,0
633.9295942455888,1116,495,0,0
633.9955775576359,657,3640,0,1
633.9997434835343,970,416,0,0
634.0005689192795,561,248,0,0
634.0053596995833,795,304,0,0
634.0148883829324,209,104,0,0
634.0350047661864,1994,405,0,0
634.0445913880606,1473,12,0,0
634.047492124529,973,730,0,0
634.0506037035173,1288,159,0,0
634.075747647857,2910,302,1,0
634.0770110432721,1636,280,0,0
634.0970109746806,30,315,0,0
634.1103234607497,23,45,0,0
634.1363068654372,8030,162,1,0
634.1364838483311,86,273,0,0
634.3634307240409,850,1700,0,1
634.3636494530965,357,409,0,0
634.394311513404,1490,213,0,0
634.4003647252796,1021,19,0,0
634.4114416973449,1271,233,0,0
634.4187367653675,1213,349,0,0
634.4313855120043,651,128,0,0
634.4365885976321,172,115,0,0
634.651605243917,1630,384,0,0
634.8078703307941,1447,546,0,0
635.0065282767443,52,153,0,0
635.0461382221232,1885,234,0,0
635.054333530432,1635,719,0,0
637.6639941125159,915,54,0,0
637.6913113350246,1387,365,0,0
637.6921156618547,36,375,0,0
638.3232986995897,375,267,0,0
639.3470545699498,790,771,0,0
639.3485024213675,362,219,0,0
639.3809421020667,1203,3360,0,1
639.3901461952454,228,122,0,0
639.616906199441,1663,500,0,0
639.6173915066105,491,412,0,0
639.6273522661821,95,285,0,0
639.6473834627786,2652,72,0,0
639.6822973715841,9,106,0,0
639.6846815553453,705,469,0,0
639.8398335865197,319,356,0,0
639.8412506726648,740,87,0,0
639.9055012222608,123,52,0,0
644.6093763766687,506,516,0,0
644.6095787895422,1708,334,0,0
644.6548150766059,1589,77,0,0
644.8137222799689,657,489,0,0
644.8144447426724,970,305,0,0
644.8491685483058,667,12,0,0
644.8634367417419,287,187,0,0
644.8708066602866,602,308,0,0
644.8720269256065,1161,897,0,0
644.8776805817828,180,113,1,0
644.887021890266,1450,767,0,0
644.8875674113442,6460,498,1,0
644.8878527952984,1286,267,0,0
644.8895385589085,538,574,0,0
644.8917759164029,131,56,0,0
644.8989822655161,1385,302,0,0
644.9164785120633,975,97,0,0
644.953185819778,787,369,0,0
644.9591308118207,14,5,0,0
645.0354108798115,1348,20,0,0
645.0699786374918,1361,161,0,0
645.077321065353,146,47,0,0
645.1508481053075,1675,54,0,0
645.1715786055345,847,497,0,0
645.2028835605779,977,384,0,0
645.7464954850313,9,179,0,0
645.7476227874047,1700,188,0,0
645.7538467875413,241,58,0,0
645.7629275993681,1803,337,0,0
645.8187564916773,2580,153,1,0
645.8200179905195,1644,127,0,0
645.8223448181155,379,16,0,0
645.8229643404391,611,323,0,0
645.823108514354,56,232,0,0
645.8250948359163,1641,68,0,0
645.8259129599168,27,524,0,0
645.8378130112317,1299,130,0,0
645.9436443152185,560,361,0,0
645.9673784922559,11,254,0,0
645.9686433401932,524,570,0,0
646.1114385380879,15,2100,0,1
646.4111785452652,41,596,0,0
646.4473853846509,1598,91,0,0
646.4807230030194,4180,249,1,0
646.4866513680488,7829,363,1,0
646.602661970453,1241,590,0,0
646.8858903789305,1471,300,0,0
646.8892664923327,311,161,0,0
647.0511692515952,833,25,0,0
647.0556773930983,70,255,1,0
647.062227338809,781,250,0,0
650.6664182084054,516,2510,0,1
650.7799008688472,8188,4,1,0
651.4454858911628,23,33,0,0
651.4464395800403,590,148,0,0
651.8026074250307,739,768,0,0
653.7473307020831,381,174,0,0
653.756042477663,1078,168,0,0
653.8354660391307,1238,58,0,0
653.8452633754266,1113,213,0,0
653.865696240545,150,21,0,0
653.868341138802,362,183,0,0
654.0145832454158,1640,210,0,0
654.0335837068394,1954,311,0,0
654.0361417696369,1546,345,0,0
654.0508919617113,481,636,0,0
654.052660954681,378,528,0,0
654.0667019550142,745,417,0,0
654.0790607201945,1618,405,0,0
654.081144288793,348,53,0,0
654.0853995361111,1246,290,0,0
659.0852646591786,1347,317,0,0
659.2126533414227,547,612,0,0
659.2284750526751,426,44,0,0
659.2287696284347,498,154,0,0
659.2415578996661,138,367,0,0
659.241807952079,389,614,0,0
659.5047519848989,78,486,0,0
659.5288939076218,635,10,0,0
660.5709886581243,675,114,0,0
660.6483242439709,1767,367,0,0
660.6795585803804,708,239,0,0
660.7006019800998,343,213,0,0
660.7033893774493,571,578,0,0
660.7280950165135,847,206,0,0
660.7283547029252,746,237,0,0
660.736936322863,573,4370,0,1
662.7580338282254,10,324,0,0
662.7608086701533,537,112,0,0
662.8190319672548,2513,686,0,0
662.9417162227853,255,170,0,0
662.9431609817827,347,267,0,0
663.0982093109719,581,547,0,0
663.102879651576,1191,137,0,0
663.1194750183116,1053,21,0,0
663.1199964997123,233,672,0,0
663.1208162410994,1811,462,0,0
663.1304710817358,938,307,0,0
663.1355322083426,961,452,0,0
663.1381329723682,146,178,0,0
663.3376767333056,1562,373,0,0
663.35156467452,1223,237,0,0
663.35278664947,6,310,0,1
663.354296698872,1048,307,0,0
663.3562192215534,972,331,0,0
663.4535088319718,861,511,0,0
663.4702999667577,299,74,0,0
663.5093871889663,1923,119,0,0
663.5159621963154,194,107,0,0
663.5290885561251,893,237,0,0
663.544688493694,1692,108,0,0
663.6340116231534,1570,581,0,0
663.6564080640862,523,1180,0,1
663.6761399124399,1232,234,0,0
663.8170134767537,1784,472,0,0
663.8301432019626,1284,318,0,0
663.9366085695265,576,80,0,0
663.9495695338088,861,589,0,0
664.0122868344305,801,769,0,0
664.0155144310172,12,132,0,0
664.0416910044339,1518,576,0,0
664.0965650820464,47,42,0,0
664.1013934452651,1648,236,0,0
664.1230381507658,548,311,0,0
664.1493738318344,1713,237,0,0
664.1527012532157,1695,215,0,0
664.1579618259029,1725,129,0,0
664.1606711597055,772,168,0,0
664.3080759424763,167,340,0,0
664.3329590442847,478,567,0,0
664.4013471758924,920,1290,0,1
664.4054668505174,400,14,0,0
664.4133299283125,532,251,0,0
664.4289436231285,1590,332,0,0
664.5074399460786,1809,259,0,0
664.509236313986,950,115,0,0
664.5117461398547,978,181,0,0
664.6336106454962,1454,601,0,0
664.6369367672563,1147,306,0,0
664.6532566433208,642,5020,0,1
664.6615021816832,54,289,0,0
664.9544973319925,177,153,0,0
664.972241632516,495,428,0,0
664.9750734403951,739,1270,0,1
665.1615361680491,683,729,0,0
665.169472707102,1091,220,0,0
665.1970149380263,251,520,0,1
665.2007238725826,35,71,0,0
665.201982635217,311,48,0,0
665.2362985536357,18,390,0,0
665.2486172040426,1238,186,0,0
665.503752278647,471,316,0,0
665.5158909287395,1691,358,0,0
665.5197545827411,17,157,0,0
665.8045234555357,2361,12,0,0
665.8362394254848,546,518,0,0
665.8421244442055,610,415,0,0
665.9412453287243,395,36,0,0
665.9502121534852,671,645,0,0
666.293493607891,8055,137,1,0
666.4478496166828,508,165,0,0
666.4663961588492,4030,371,1,0
666.4830297889162,30,393,0,0
666.4926722121595,1424,147,0,0
666.5049939936438,790,258,0,0
666.5088030694094,723,246,0,0
666.5509940078489,3290,198,1,0
666.5512396475292,1436,768,0,0
666.6505992870124,1186,303,0,0
666.6565422946278,1403,477,0,0
666.6866043841035,12,262,0,0
666.710652413951,544,1790,0,1
666.7388688926702,1414,147,0,0
672.84847979588,1016,381,0,0
672.8488368351162,1499,295,0,0
672.8506292685781,954,176,0,0
672.863679111128,918,332,0,0
672.9346554112749,1852,121,0,0
672.9359944634066,870,349,0,0
673.3419342223718,7780,412,1,0
673.3428813273719,88,2790,0,1
673.3514971851782,1355,688,0,0
673.3664447063375,13,730,0,0
673.3755746824808,4050,25,1,0
673.4086138490776,129,92,0,0
673.5535442137187,1184,246,0,0
673.5655529113775,33,147,0,0
673.6382259538582,209,108,0,0
673.7998136821847,1531,540,0,0
673.806709425326,1561,98,0,0
673.8302112828421,315,24,0,0
673.8307420171749,1737,244,0,0
673.838934170769,386,412,0,0
673.8670527535828,1747,471,0,0
674.2599886819179,532,128,0,0
674.2601828445156,417,108,0,0
674.285651634634,1645,250,0,0
674.2929047838866,466,215,0,0
674.2943134320498,238,286,0,0
674.2969996956897,30,41,0,0
674.3142579501879,930,309,0,0
674.4252654709985,29,204,0,0
674.4320291665169,435,176,0,0
674.5330340456248,1460,768,0,0
674.5358480120397,40,2660,0,1
674.5409086019088,676,150,0,1
674.5657022441407,175,73,0,0
674.6154720895902,462,373,0,0
674.6796021247175,1366,53,0,0
674.6823070958527,167,562,0,0
674.7251832826145,51,1690,0,1
674.739783044264,397,227,0,0
674.9002368238315,1177,257,0,0
674.9112824897028,1013,352,0,0
674.9826378964568,391,116,0,0
675.0600237569097,708,36,0,0
675.0837852146947,184,213,0,0
675.0843990831312,1507,160,0,0
675.0847954731728,1544,376,0,0
675.090204019254,1750,570,0,0
675.1041082765033,18,127,0,0
675.1237621843871,1230,73,0,0
675.1287035093933,1199,319,0,0
675.1295454966046,270,26,0,0
675.1638922429481,340,1640,0,1
675.1649161489945,1323,260,0,0
675.1917188153603,92,418,0,0
675.8334343339333,651,70,0,0
675.8500082084029,1219,605,0,0
676.2403197354029,36,219,0,0
676.2479214130327,6,422,0,0
676.2592241941325,624,767,0,0
676.3862427971588,721,202,0,0
676.4063958244477,1588,243,0,0
676.4732704164524,1932,767,0,0
676.4755008919634,1857,211,0,0
676.4826923679001,7,147,0,0
676.5098708143298,100,215,0,0
676.5148463891063,45,132,0,0
676.5675718531069,1020,529,0,0
677.5865362773332,1210,506,0,0
677.5958416585626,952,333,0,0
677.6087917148427,1195,364,0,0
677.71224773201,978,375,0,0
677.7160351401423,1242,1320,0,1
677.7623144994516,1059,283,0,0
677.7759096535756,450,227,0,0
677.8078782381549,77,108,0,0
678.1151824841905,38,188,0,0
678.1165342900937,2920,102,1,0
678.1610131499261,353,112,0,0
678.194143317988,923,199,0,0
678.2188566313471,13,270,0,0
678.2446970471748,563,54,0,0
678.7839592237837,731,581,0,0
679.3735885832971,89,367,0,0
679.4451411591772,8085,107,1,0
679.4683327433349,800,125,0,0
679.472891010583,1164,397,0,0
679.4862782538063,1172,184,0,0
679.4936091453022,106,130,0,0
679.5711895814264,1360,448,0,0
679.5759387454897,1366,73,0,0
679.655960393186,595,283,0,0
679.6724986832785,871,448,0,0
679.6735610842052,712,286,0,0
679.7335577407893,1132,12,0,0
679.7725504422004,308,2840,0,1
679.8611633035658,271,276,0,0
679.864376533838,7,315,0,0
679.947325006398,1433,764,0,0
679.9610964072218,84,374,0,0
679.9633674673742,791,134,0,0
680.1245581808281,1321,240,0,0
680.1755330801353,1771,173,0,0
680.1766399304039,516,58,0,0
682.2814165454613,1038,560,0,0
682.4378463046553,1336,325,0,0
682.4492487402979,1316,353,0,0
682.4523517236269,453,138,0,0
682.4593753690903,1052,392,0,0
682.4795124288228,1649,615,0,0
683.1749046575676,1246,243,0,0
683.1810389557514,789,24,0,0
683.1825561886068,1206,598,0,0
683.1860456488306,624,179,0,0
683.2016257519555,671,403,0,0
683.2021119200701,246,108,0,0
683.2076744832739,15,306,0,0
683.2157047923046,381,383,0,0
683.2633200486115,1504,358,0,0
683.2675670855573,412,389,0,0
683.26921102568,590,324,0,0
683.2826124617524,1298,178,0,0
683.2985967238291,1824,292,0,0
683.3868634451437,813,179,0,0
683.4940388911475,565,99,0,0
683.5196426234584,1518,274,0,0
683.5375068780754,19,268,0,0
683.5411805889537,572,200,0,0
684.0644076273929,485,764,0,0
684.1579394410377,668,12,0,0
684.161727417279,230,206,0,0
684.3941132881218,638,92,0,0
684.415905560024,446,249,0,0
684.4199685657102,7465,727,1,0
684.4236001948907,172,133,0,0
684.4359025796273,1666,292,0,0
684.6483354465286,455,218,0,0
684.6796904958005,694,454,0,0
684.6883234075124,1578,291,0,0
684.6940603122628,519,2670,0,1
684.6950707807381,669,408,0,0
684.7090438721168,806,366,0,0
684.7534557246197,1508,635,0,0
684.7753528235378,9,176,0,0
686.5245518294787,591,111,0,0
686.5389164315226,271,178,0,0
686.5441080098968,1096,256,0,0
686.5449740643467,232,80,0,0
686.7186910528231,1534,771,0,0
686.7213417464083,833,205,0,0
686.7264791681922,420,471,0,0
686.7455156490146,477,306,0,0
686.8071936309932,6,591,0,0
688.57952525714,5160,212,1,0
688.5847268433652,479,165,0,0
688.5951921758669,712,701,0,0
688.5998548681882,7921,271,1,0
688.6025474818927,4362,3830,1,1
688.7435962470248,216,75,0,0
688.7892986306639,8165,27,1,0
688.7947363121286,770,109,0,0
688.8103790753194,477,9,0,0
689.6293899140287,325,244,0,0
689.6536267295022,314,261,0,0
693.5832303251409,139,97,0,0
693.5890462215623,822,730,0,0
693.5896828260335,165,196,0,0
693.5943923238377,11,189,0,0
693.6041669367677,7875,317,1,0
693.6116270630679,101,93,0,0
693.6163343403966,1111,163,0,0
693.6331817165611,314,363,0,0
693.6387564211452,38,322,0,0
693.6398178590224,713,767,0,0
693.9759625830663,1540,453,0,0
693.9799716302905,1581,69,0,0
694.0107507858883,237,202,0,0
694.0124516225253,769,753,0,0
694.2801457383831,551,34,0,0
694.3382223065712,1399,314,0,0
694.3389547750847,1850,364,0,0
694.340877171399,386,247,0,0
694.356504053869,1046,315,0,0
694.3598958625985,169,144,0,0
694.3649939441619,130,316,1,0
694.3744463708263,1193,3370,0,1
694.4405072727627,484,643,0,0
694.496991123775,1165,97,0,0
694.5308981022018,37,280,0,0
694.5385295399549,779,410,0,0
694.5390689696721,453,288,0,0
694.5676804025233,1706,339,0,0
694.5818173979827,1104,686,0,0
694.6005910677643,881,444,0,0
695.8964437124761,511,381,0,0
695.9162360781355,1682,769,0,0
695.9383298252587,360,27,0,0
696.0744088921161,117,31,0,0
696.0946759988705,115,499,0,0
696.1139253156111,288,768,0,0
696.2970187889276,1392,358,0,0
696.4525431352641,1135,445,0,0
696.4560781634442,568,258,0,0
696.4769667223579,1564,381,0,0
696.4952417658355,946,560,0,1
696.5013165096772,382,233,0,0
696.5025616160018,1035,263,0,0
696.5031094684018,1855,241,0,0
696.5208068729287,4830,185,1,0
696.5474732466716,1764,135,0,0
696.9001679791088,470,477,0,0
696.9452787815864,901,140,0,0
696.9600100123654,1647,126,0,0
696.9842118641171,827,663,0,0
697.0021028003945,17,681,0,0
697.0030321232008,1354,474,0,0
697.0090752046029,1519,303,0,0
697.0330919166106,1333,236,0,0
697.0366720863616,1383,300,0,0
697.0395369224417,457,612,0,0
697.0425483886942,1006,195,0,0
697.0498994204808,527,641,0,0
697.0721130917871,985,734,0,0
697.1378320208762,389,292,0,0
697.141355318802,292,272,0,0
697.181242048076,855,326,0,0
697.1917798359597,462,72,0,0
697.285861871155,793,277,0,0
697.4164158493105,684,254,0,0
697.4314571760148,1407,276,0,0
697.4389129805752,7924,268,1,0
697.4584741658084,204,86,0,0
697.4857554299195,579,305,0,0
697.4877650040473,1495,44,0,0
697.4958741800434,834,382,0,0
697.6007492213544,638,677,0,0
697.9103540060104,1728,369,0,0
697.9229483274763,210,73,0,0
697.9538786905135,556,402,0,0
697.9919170198668,63,490,0,0
698.0073680804146,307,277,0,0
698.0456911258894,1541,768,0,0
698.1009643358674,157,288,0,0
698.1085959677373,712,360,0,0
698.1637533307312,174,578,0,0
698.2058578776041,1134,64,0,0
698.2089213051732,9,250,0,1
698.2400467282625,763,21,0,0
699.8720755403016,1016,239,0,0
699.878641266272,998,323,0,0
699.9097605446377,9,309,0,0
700.030615874296,51,546,0,0
700.090511140855,9,99,0,0
700.0922416889763,8,157,0,0
700.135733880292,251,129,0,0
700.156473629585,788,588,0,0
700.1634870836676,1763,614,0,0
702.1353839928519,354,342,0,0
702.1468954713921,141,497,0,0
702.2808092935139,585,28,0,0
702.3161058068857,15,557,0,0
702.3209226250132,136,107,0,0
702.3228123630944,1292,82,0,0
702.327829466999,638,660,0,0
702.3403902917737,683,745,0,0
702.349393575677,1804,458,0,0
702.6417377059889,34,473,0,0
702.7948596069592,40,37,0,0
702.7957955000985,1716,287,0,0
702.8309233152431,940,382,0,0
702.8336562731881,35,764,0,0
703.1662976685174,1523,497,0,0
703.2016794542417,465,346,0,0
703.2021678521284,583,516,0,0
703.6148958673614,1287,98,0,0
704.7063875579543,1348,125,0,0
705.0885243189359,796,265,0,0
705.0905653084158,905,17,0,0
705.0941577901378,1182,184,0,0
705.0974499870568,486,118,0,0
705.1465242462119,209,299,0,0
705.167062003571,1452,318,0,0
705.1722201776671,28,511,0,0
707.2185384746325,1168,131,0,0
707.2299777005146,27,772,0,0
707.2398626382978,1441,259,0,0
707.2423445736953,1406,768,0,0
707.2596586511598,1463,202,0,0
707.259797316516,797,512,0,0
707.2666106006781,659,193,0,0
707.3333179414691,808,188,0,0
707.3838126734363,887,46,0,0
707.4579605790867,1346,353,0,0
707.4689652860186,1605,770,0,0
707.6697406986731,1280,39,0,0
707.6800011472674,298,131,0,0
707.6902111885964,40,250,0,1
707.8607003291372,1520,333,0,0
708.0785796683342,1075,352,0,0
708.2794161475983,946,114,0,0
708.2837524849467,731,59,0,0
708.289228915546,943,566,0,0
708.3047559055884,1302,117,0,0
708.4101954046098,788,413,0,0
708.6476088302725,315,354,0,0
708.6508560896006,309,276,0,0
708.9539557237624,1366,73,0,0
708.960740553821,1176,311,0,0
708.9676473218137,51,539,0,0
709.0673048393796,88,3480,0,1
709.0712450289315,1493,13,0,0
709.9870611881053,1382,758,0,0
710.0002201015845,1281,129,0,0
710.0158627830816,1788,16,0,0
710.1407829468787,262,68,0,0
710.1672651581116,871,410,0,0
710.17495738712,1463,175,0,0
710.3389842060067,868,65,0,0
710.4084101741731,78,140,0,0
710.4107572187154,589,503,0,0
710.4138111998041,363,188,0,0
710.5372909947687,30,347,0,0
711.8885468787764,1347,31,0,0
711.8951427258219,437,4640,0,1
712.320497272343,175,3170,0,1
712.3220996677186,705,661,0,0
712.342688306131,1493,167,0,0
712.3730822024241,243,1820,0,1
712.3964073570577,1769,414,0,0
712.4091192067117,392,236,0,0
712.417225049516,1440,768,0,0
712.420282303647,1136,359,0,0
712.8978041433459,860,88,0,0
712.901150646267,1304,350,0,0
712.9114547128298,970,276,0,0
713.107813720505,240,3820,0,1
713.1134997286905,821,115,0,0
713.1158417162663,11,202,0,0
713.121561648939,7510,682,1,0
713.1443060281846,6632,1560,1,1
713.1587078028595,1502,351,0,0
713.1814294409883,1558,192,0,0
713.6196463128524,1461,501,0,0
713.6386668965926,1244,391,0,0
713.6627434602157,255,289,0,0
713.6843446736373,1765,159,0,0
713.7097104582083,230,221,0,0
713.7346045108486,739,310,0,0
713.7439693262752,408,366,0,0
713.7448393958684,250,8,0,0
713.7456861629536,642,432,0,0
714.25540958598,36,272,0,0
714.2569905265162,11,159,0,0
714.481269456368,427,306,0,0
714.4823964752806,382,448,0,0
714.5054059609055,649,19,0,0
714.5093481197829,487,161,0,0
714.5307299994738,1065,364,0,0
714.7358425798869,1402,364,0,0
714.7484272185853,195,217,0,0
717.1995891068675,1230,80,0,0
717.1999542582353,6480,128,1,0
717.2017240597838,512,272,0,0
717.2272209116999,1461,32,0,0
717.2285618191106,254,166,0,0
717.2947963490849,1602,219,0,0
717.3459240281171,1217,657,0,0
717.351367877062,1615,73,0,0
717.3549218781998,1711,598,0,0
717.4086389929561,10,553,0,0
717.4305547260375,543,60,0,0
717.617099221588,1041,2360,0,1
717.7790638742983,592,7600,0,1
717.79265620786,1799,17,0,0
717.7968283954,17,113,0,0
717.8322777821176,730,629,0,0
717.8462175087232,553,168,0,0
718.1712747913086,1649,90,0,0
718.1785272309206,596,136,0,0
718.3957925055895,454,170,0,0
718.4064269729366,946,190,0,0
718.4177599563866,1428,653,0,0
719.1565941969175,258,336,0,0
719.1592474318225,774,426,0,0
719.1658158688459,321,63,0,0
719.1672247011683,140,99,0,0
720.9565907049927,115,260,0,0
721.1837930577819,757,208,0,0
721.2081313421063,881,160,0,0
721.5166581917946,6,39,0,0
721.5223984633532,1485,530,0,0
721.8690021410229,242,768,0,0
721.8936653737093,649,19,0,0
721.897416135192,1847,343,0,0
722.0666260259443,1640,298,0,0
722.5347255065163,1624,347,0,0
722.5494675208943,10,273,0,0
722.7079837346519,1198,102,0,0
722.7153766405919,251,456,0,0
722.8817396206562,98,88,0,0
723.8239297764587,1743,400,0,0
723.9216197682706,1231,109,0,0
723.9404831238213,15,327,0,0
723.9466773121037,1057,312,0,0
724.0625108350299,182,31,0,0
725.2926527061979,431,2610,0,1
725.2929478509243,37,637,0,0
725.4289629219445,1052,243,0,0
725.8740382112118,811,141,0,0
725.8770160979099,1590,768,0,0
725.8784215198561,977,640,0,1
725.9093691413269,420,768,0,0
725.9137176930429,861,196,0,0
725.9137709685343,1618,405,0,0
725.9153090983416,829,175,0,0
725.932804361704,2570,424,1,0
725.9722723556015,576,393,0,0
725.9877685641297,314,300,0,0
725.9965527477498,1803,560,0,0
726.0687627447696,35,119,0,0
726.0736191985537,326,432,0,0
726.8953493151242,60,453,0,0
726.9121915275235,14,322,0,0
726.9143496409899,63,44,0,0
726.9162704063518,141,119,0,0
726.9190856641071,1567,220,0,0
726.9193568911746,380,611,0,0
726.9657017309096,1705,239,0,0
726.9968455617604,327,293,0,0
727.0357783202247,8132,60,1,0
727.059152538864,207,414,0,0
727.1788953673947,289,27,0,0
727.2006284885454,1768,300,0,0
727.2022571149611,751,362,0,0
727.2948363302863,22,227,0,0
727.2974500341236,1700,587,0,0
727.3485851273392,1627,525,0,0
727.5690489557714,1681,348,0,0
727.6394875679769,1154,556,0,0
727.6395721691766,322,334,0,0
727.6478074164345,1252,154,0,0
727.6757156023904,370,265,0,0
727.6890175149799,299,487,0,0
727.689277057829,762,474,0,0
727.6982521743595,11,218,0,0
727.7008008172892,572,143,0,0
727.7370780779704,616,121,0,0
727.9228779444875,1579,115,0,0
728.2272208745969,3164,35,0,0
728.2548834576239,1285,5640,0,1
728.2557886968749,1467,721,0,0
728.2580865771564,1043,769,0,0
728.2892140933345,1842,284,0,0
728.3037127126648,1339,55,0,0
728.8810778561974,1750,91,0,0
728.9003716123502,416,615,0,0
728.9286580318162,725,337,0,0
728.9379059897537,1132,46,0,0
729.8776613865483,7931,261,1,0
729.9017836969351,721,21,0,0
729.9538432937525,750,754,0,0
729.9969809246827,25,641,0,0
729.9975657167702,504,296,0,0
729.9981265299812,7982,210,1,0
730.0475462651735,581,222,0,0
730.0489417653682,653,224,0,0
730.0506409472118,1242,114,0,0
730.1203851401007,988,181,0,0
730.1255457280542,1477,312,0,0
730.1265954691428,263,354,0,0
730.1326237997545,1791,387,0,0
730.1381470932072,455,533,0,0
730.1435051221529,419,26,0,0
730.1687103108361,1262,432,0,0
730.2948534655266,1419,440,0,0
730.3117239404054,779,536,0,0
730.3345292763735,1900,278,0,0
730.3733152778334,524,334,0,0
730.3878743604137,1789,722,0,0
730.3890233850393,1511,189,0,0
730.6370979802175,527,386,0,0
730.6486397549556,975,140,0,0
730.7063151887508,855,37,0,0
730.7073895662423,16,263,0,0
730.7410756302278,396,65,0,0
730.7493834308492,645,644,0,0
730.7816438937407,7832,360,1,0
730.9948494873202,512,150,0,0
731.3148321550427,103,713,0,0
731.3159416261205,515,164,0,0
731.3714480915363,1518,112,0,0
731.393244601605,7560,166,1,0
731.3990879475124,1035,302,0,0
732.7228123814712,13,233,0,0
732.7370112630579,427,437,0,0
732.7382697201583,266,334,0,0
732.7386369555475,68,305,0,0
732.7398246271084,1616,83,0,0
732.7398933528664,472,3070,0,1
732.757100015959,1990,153,0,0
732.9353197414752,1498,540,0,0
732.9633776851955,267,307,0,0
732.965592908819,145,27,0,0
732.9666104082661,1183,215,0,0
733.1723843091195,289,328,0,0
733.1724458691676,1390,767,0,0
734.0169977960699,13,295,0,0
734.0206772009578,1184,265,0,0
734.0375404916674,147,121,0,0
734.0623194841567,12,375,0,0
734.162189025669,1942,275,0,0
734.2184891578945,47,312,0,0
734.2251445883222,1515,579,0,0
734.245147026811,1608,970,0,1
734.2480755451777,1466,562,0,0
734.2706392215018,1739,278,0,0
734.3290178140747,815,35,0,0
734.33093909682,7649,543,1,0
734.6101692427648,1100,334,0,0
734.6118165148872,1231,418,0,0
735.675685375202,669,129,0,0
735.8084081547371,1569,772,0,0
735.8102164372026,1076,116,0,0
735.8566387731895,96,111,0,0
735.9731656248933,8062,130,1,0
736.1111239393049,1540,438,0,0
736.1317881481913,479,427,0,0
736.1370485372041,1959,481,0,0
736.1578705738902,1468,235,0,0
736.1625094565316,8,107,0,0
736.1626669793081,549,591,0,0
737.0913751231292,411,294,0,0
737.1010868359605,2680,262,1,0
737.2633023019981,365,79,0,0
737.4764171656599,1329,529,0,0
737.5057666180976,332,332,0,0
737.516338825661,7880,312,1,0
737.5174305517068,7429,763,1,0
737.5186575553388,7498,694,1,0
737.519305465579,1299,145,0,0
737.5319403854619,108,23,0,0
737.5344860406196,144,296,0,0
737.5368516292604,621,10,0,0
737.5523890566828,866,408,0,0
737.5628377834782,771,418,0,0
737.5643357094449,734,423,0,0
737.5654303720272,372,1810,0,1
738.3766032582344,213,178,0,0
738.377259920432,1845,6,0,0
738.3823751452319,4370,556,1,0
738.4106931652389,631,187,0,0
738.4380489946154,333,440,0,1
738.6415977383698,791,77,0,0
738.6606541089117,733,13,0,0
738.6659215684493,1688,130,0,0
739.1278575584076,407,533,0,0
739.1530121147197,1766,99,0,0
739.1760025050783,1519,188,0,0
739.2374367340493,866,360,0,0
739.2595977231455,514,433,0,0
740.4702108043191,1132,180,0,0
740.4714987485584,1602,471,0,0
740.5018603064033,226,643,0,0
740.9824774688441,184,225,0,0
740.9834992515564,509,132,0,0
740.990380653952,30,581,0,0
741.0133318304053,1350,768,0,0
741.0263547703729,1113,147,0,0
741.0354422850892,721,4460,0,1
741.0366545827237,209,191,0,0
741.0479823911638,123,132,0,0
741.056572400309,881,216,0,0
741.0584183070689,1547,242,0,0
741.0745239230639,1847,304,0,0
741.0775310335707,675,358,0,0
741.0996619853302,360,448,0,0
741.1025314207586,20,225,0,0
741.1549023053695,8,273,0,0
741.1555181856961,766,119,0,0
741.1826074886544,1539,541,0,0
741.2237797213987,982,910,0,1
741.2283624518814,1042,216,0,0
741.2353426088123,1576,186,0,0
741.2821406863146,1083,395,0,0
741.6162098534103,478,429,0,0
741.6373744308904,991,197,0,0
741.6513045297279,397,298,0,0
741.7049805603482,1246,575,0,0
741.7054425350287,1805,62,0,0
741.7085032385929,31,157,0,0
741.7442541658712,899,342,0,0
742.5277470743274,806,646,0,0
742.5719533494447,208,161,0,0
742.7391557294525,3210,262,1,0
742.7436193376351,1725,163,0,0
742.7489022652536,1176,509,0,0
744.5669790098542,1183,366,0,0
744.5768940492177,57,258,0,0
744.5772546531948,253,56,0,0
744.583410901718,1349,230,0,0
744.6246614914079,570,78,0,0
744.6292028509242,254,204,0,0
744.6571391928821,258,280,0,0
744.7354665360274,7956,236,1,0
745.4152500065987,1399,325,0,0
747.8890393451852,1586,507,0,0
748.131717136431,562,202,0,0
748.3119568049855,1059,87,0,0
748.3389050071086,584,190,0,0
748.3508361048297,913,731,0,0
748.6532957784212,1155,1150,0,1
748.6889914786054,578,74,0,0
748.7488898864707,1207,362,0,0
748.7946922670997,1792,233,0,0
749.1645059801724,7978,214,1,0
749.168097600256,151,190,0,0
749.170753409526,444,212,0,0
749.1774375237765,479,47,0,0
749.1778562588781,1881,274,0,0
749.2188525133395,8065,127,1,0
749.2253161067104,1055,239,0,0
749.2994835859698,919,425,0,0
749.3807721725791,1044,277,0,0
749.3843723750057,180,336,1,0
749.4233152242966,10,490,0,0
749.4254400105235,119,629,0,0
749.4350211390858,424,450,0,0
749.4378862645867,545,597,0,0
749.4385818763861,1063,238,0,0
749.537833314141,1594,31,0,0
749.5511673285648,712,494,0,0
749.5621359624827,588,681,0,0
749.6153822465095,883,210,0,0
749.7021110861701,777,767,0,0
749.7080783947425,689,469,0,0
749.7968750714987,1781,37,0,0
749.8153121521975,1829,652,0,0
749.8220223858913,973,456,0,0
749.8360146516409,1752,584,0,0
749.8532852640371,8018,174,1,0
750.6856905169858,316,198,0,0
750.7087471862109,1041,53,0,0
751.0144049445952,787,120,0,0
751.1101476898949,401,185,0,0
751.1105207527036,887,566,0,0
751.1286752386095,569,55,0,0
751.1711919943659,1326,207,0,0
751.1772341001406,543,200,0,0
751.1837861297325,1352,6840,0,1
751.1929721775706,19,439,0,0
751.2809211136765,418,418,0,0
751.3229746987049,7090,769,1,0
751.3233627094935,99,553,0,0
751.3308675855287,1258,270,0,0
751.3311178124919,7884,308,1,0
751.3653650114651,667,424,0,0
751.4910282079979,628,238,0,0
751.4945129943859,383,493,0,0
752.0551400379886,201,488,0,0
752.0560606425038,1040,663,0,0
752.1005383006047,216,2900,0,1
752.1711347823259,7962,230,1,0
752.1742336216034,1050,373,0,0
752.1927184130261,426,82,0,0
752.2261415150509,102,670,0,0
752.5558109528122,681,27,0,0
752.5583649976197,934,56,0,0
752.5904773459637,1143,126,0,0
752.594824499818,1542,366,0,0
752.7915103698733,282,139,0,0
752.8292489443825,331,244,0,0
752.8392562654443,129,22,0,0
753.0195619456996,195,318,0,0
753.0562723869483,470,308,0,0
753.0605623813971,23,297,0,0
753.06249161105,492,7700,0,1
753.0643719458337,1862,652,0,0
753.086442259307,441,4360,0,1
753.0881674016965,1818,359,0,0
753.0897939988879,296,215,0,0
753.0919613104446,106,448,0,0
753.1349906208325,199,163,0,0
753.1377605433054,81,95,0,0
753.1998564760463,5,3390,0,1
753.272688451317,451,361,0,0
753.2735861441529,80,72,0,0
753.2972010819724,1769,552,0,0
753.3325464011572,442,296,0,0
753.3383615693695,230,24,1,0
753.4946073630621,1212,323,0,0
753.5076869079767,222,154,0,0
753.513461435241,1959,127,0,0
753.5150426057221,792,5300,0,1
753.5366333567875,1347,6490,0,1
753.5875577747196,36,414,0,0
753.5895579278102,350,253,0,0
753.5901948222022,757,534,0,0
753.5927931151999,1137,144,0,0
753.5970390109568,1511,347,0,0
753.617626082453,1211,594,0,0
753.6345065869294,18,372,0,0
753.635230857775,602,210,0,0
753.6365138223351,19,2020,0,1
753.6442938052411,200,101,0,0
753.6586633005933,5480,192,1,0
753.6782924662234,77,118,0,0
753.7108526749049,139,150,0,0
753.7123098737065,1429,642,0,0
753.8558687646723,685,1250,0,1
753.8590202646579,405,203,0,0
753.8593052428635,211,192,0,0
753.864899377106,9,270,0,0
753.8903492390414,1177,133,0,0
754.363998342342,5,262,0,0
754.7171641118592,597,773,0,0
755.3388405226797,391,128,0,0
755.3666557038529,1832,248,0,0
755.3681624467903,900,485,0,0
755.8647431997672,265,284,0,0
756.0591849977353,138,30,0,0
756.0895573086211,989,186,0,0
756.2597609553414,1137,250,0,0
756.2663061115555,332,83,0,0
756.2666814308641,779,770,0,0
756.273418265921,836,295,0,0
756.2877475002979,15,209,0,0
756.2931880140579,1109,452,0,0
756.3051532405455,868,100,0,1
756.3091172861492,360,130,0,0
756.4168354176818,284,188,0,0
756.5425540822283,697,250,0,0
756.5635599381008,33,246,0,0
757.0588904385351,132,237,0,0
757.069603433403,332,286,0,0
757.1529350477334,490,412,0,0
757.1869041154255,1403,535,0,0
757.2409688859772,13,1470,0,1
757.4171970714922,1018,4260,0,1
757.5025259736501,1383,260,0,0
757.5645983188995,1697,583,0,0
757.565948533327,1905,320,0,0
757.6727067882526,1462,544,0,0
757.7513852007069,1860,122,1,0
757.8278894496617,720,429,0,0
757.959878273671,1850,767,0,0
757.9619870274556,1419,87,0,0
757.9982702206345,684,35,0,0
758.0514537582449,157,402,0,0
758.0535061748249,1211,19,0,0
758.0583257624397,847,2270,0,1
758.3950213233048,1511,107,0,0
758.4112320493515,17,320,0,0
758.4161642389604,6,221,0,0
758.4527779542485,23,263,0,0
758.4616823229532,510,299,0,0
758.4705206927604,1396,291,0,0
758.4797391346009,768,367,0,0
758.4981181535153,609,270,0,0
758.5029151629785,214,364,0,0
758.544473467667,55,767,0,0
758.6162353182111,109,215,0,0
758.6295590391484,501,126,0,0
758.6391149830049,1282,54,0,0
758.6394724271039,1162,1470,0,1
758.8749390040933,1508,42,0,0
758.8949536744119,1754,260,0,1
758.9189335184062,88,694,0,0
758.9233915906444,301,246,0,0
759.609936136406,90,186,0,0
759.7696287358999,291,285,0,0
759.7906667457785,1840,467,0,0
759.8280615615467,1505,52,0,0
759.9617400671959,1592,323,0,0
759.97980968553,237,400,0,0
759.9827171859172,966,6270,0,1
759.9980986023378,344,579,0,0
760.0543789815919,488,259,0,0
760.0744605727444,14,182,0,0
760.095524115639,500,170,0,0
760.2893335199444,1891,357,0,0
760.3280893501724,872,763,0,0
760.3294590726906,368,163,0,0
760.348659831085,722,734,0,0
760.4864348692354,1561,398,0,0
760.4867081048903,389,330,0,0
760.5817049870617,64,430,0,0
760.5819223612492,838,343,0,0
761.0258500117291,1641,344,0,0
761.0506641738714,13,350,0,0
761.0597569785875,1265,235,0,0
761.0829328086012,1216,470,0,1
761.1165902022015,11,379,0,0
761.1201628210425,1466,182,0,0
761.1410097176856,696,44,0,0
761.1460780769029,705,128,0,0
761.2208818350404,1362,102,0,0
761.2499451168406,1158,600,0,0
761.6621502725534,1058,343,0,0
761.8171286382936,906,320,0,0
762.6704308209422,1017,174,0,0
762.67109060755,1554,360,0,0
763.0649784165281,514,288,0,0
763.0696317340872,693,234,0,0
763.0812937358991,242,139,0,0
763.1253385980026,1436,243,0,0
763.1281695757626,792,20,0,0
763.1465395949175,1342,111,0,0
763.1596291515689,354,707,0,0
763.1609565210447,566,249,0,0
763.2039460398864,831,766,0,0
763.2053230098014,477,397,0,0
763.2293939941425,797,122,0,0
763.2733801304303,1748,60,0,0
763.2964298909542,1770,144,1,0
763.2980365357467,628,131,0,0
763.2989716993993,159,655,0,0
763.3267021688129,220,2900,0,1
763.815073163005,129,207,0,0
763.9190018585305,837,496,0,0
763.9247104003479,1468,379,0,0
763.9800218972288,316,92,0,0
764.2307792555823,317,273,0,0
764.2823296769694,50,363,0,0
764.4043451637793,141,344,0,0
764.4616825417609,1696,79,0,0
764.4638311132866,427,68,0,0
764.502229394995,557,331,0,0
764.6492472755656,447,146,0,0
764.6856432496357,1321,77,0,0
764.6856804287297,833,400,0,0
764.6857306317648,1409,395,0,0
765.3087738110654,127,239,0,0
765.6505700921448,750,58,0,0
765.6919669422688,259,197,0,0
765.6959384671065,867,648,0,0
768.3618474318704,1807,170,0,0
768.3641012582909,606,335,0,0
768.3642967956305,1201,304,0,0
768.6313716960817,1617,378,0,0
768.6779899817664,1057,164,0,0
768.8238867843291,721,768,0,0
768.838851152762,24,770,0,0
768.8407243407765,252,187,0,0
768.843163112207,349,355,0,0
768.8434834085134,1222,458,0,0
768.8553361282278,242,314,0,0
768.8607900077615,6940,259,1,0
768.872006794048,548,69,0,0
768.9632444086324,1775,62,0,0
768.9938244736231,529,302,0,0
768.9954201374462,1102,414,0,0
769.0135587231083,578,351,0,0
769.0436345792269,1857,384,0,0
769.4473645368855,750,283,1,0
769.4535739289673,460,316,0,0
769.5511513757298,179,154,0,0
769.5553497753868,106,448,0,0
769.6229874345474,297,170,0,0
769.654049037879,701,631,0,0
769.6604806065445,39,60,0,0
769.6617877201418,310,275,0,0
769.6694022497427,1225,57,0,0
769.6825055756854,13,322,0,0
769.6940373942588,680,485,0,0
769.7055821642859,1156,58,0,0
769.7094847004402,882,383,0,0
769.8289562961672,10,167,0,0
769.8319826745804,30,20,0,0
769.8530006853808,1216,178,0,0
770.4274171931474,102,103,0,0
770.4335329152268,690,518,0,0
770.4368662866542,1352,358,0,0
770.4377414502408,1213,34,0,0
771.790964708716,500,91,0,0
771.803001406576,964,247,0,0
771.8056562146024,1520,30,0,0
771.8110889618658,10,74,0,0
771.8255828115608,34,62,0,0
771.984325289016,7910,200,1,1
772.0209426089801,1158,194,0,0
772.0213311541513,44,406,0,0
772.0414711905124,941,143,0,0
772.0415778344943,38,411,0,0
772.0425609077957,1594,336,0,0
772.0463876759684,1042,259,0,0
772.0552819473606,392,4150,0,1
772.4939116334131,42,41,0,0
772.518194029918,1516,771,0,0
772.5473879991875,1333,233,0,0
772.5508330512401,619,1070,0,1
772.6284510179539,831,255,0,0
772.6317527036631,1103,263,0,0
772.6341961511997,955,201,0,0
773.370473412089,1555,722,0,0
773.3775971712821,1017,474,0,0
773.3780022385967,454,189,0,0
773.5067550904121,44,458,0,0
773.5082581771469,1844,513,0,0
773.5432560453297,7803,389,1,0
774.0468159429981,344,98,0,0
774.0797925718063,836,283,0,0
774.0953285510814,53,248,0,0
774.1267581337158,840,504,0,0
774.1330260717718,705,293,0,0
774.1433871443417,1507,495,0,0
774.4292011140528,526,260,0,0
774.4310986309887,562,186,0,0
774.4489658446333,106,228,0,0
774.4624965620709,774,130,0,0
774.4654074059134,522,128,0,0
774.4702273505849,772,403,0,0
774.4705286678843,12,67,0,0
774.4811781168423,27,577,0,0
774.5223184956009,1520,67,0,0
774.5257550378556,12,465,0,0
774.5848184135389,932,278,0,0
774.5948892489971,571,564,0,0
774.6150460819972,566,361,0,0
774.6168101462853,147,315,0,0
774.6186466564284,1083,238,0,0
774.6229604472346,7957,235,1,0
774.6335480029721,1372,794,0,0
774.6372098179837,1180,308,0,0
774.7866906974531,1197,7,0,0
774.8770732063965,65,9,0,0
774.8825573974841,1040,550,1,0
774.8886661248854,214,15,0,0
774.908971235758,131,2280,0,1
774.9307028935692,831,227,0,0
775.0677835814895,1298,2560,0,1
775.3294057498886,4470,224,1,0
775.4233496421558,16,356,0,0
775.4411280556349,11,206,0,0
775.4577645499743,1230,732,0,0
775.5251683743624,620,414,0,0
775.5303211500134,18,117,0,0
775.7167154985301,828,2190,0,1
775.7490187289679,19,411,0,0
775.7499014505646,85,767,0,0
776.0372968719097,8131,61,1,0
776.1116599236253,807,429,0,0
776.3358568800517,1090,209,0,0
776.3453513323254,7936,256,1,0
776.3479234653778,1890,159,0,0
776.3486099294694,480,639,0,0
777.8636884490503,897,284,0,0
777.9337703108498,1033,415,0,0
777.9353940221828,1293,355,0,0
777.9389759189743,1690,297,0,0
777.9421420071924,49,6,0,0
777.957966992566,1815,110,0,0
777.9700997785841,7586,606,1,0
777.9754128904816,83,1080,0,1
777.9836551629318,264,49,0,0
777.988770433424,40,21,0,0
778.052295741394,382,581,0,0
778.0573928740178,253,219,0,0
778.0599188933054,698,270,0,0
778.1406444461519,1226,295,0,0
778.1542169785213,7823,369,1,0
778.1725225682482,164,96,0,0
778.1787006483172,1271,162,0,0
778.2454616906189,22,16,0,0
778.2464319946333,680,203,0,0
778.2552524871456,200,168,1,0
778.3396173701806,522,223,0,0
778.3743840652436,2012,195,0,0
778.3764735734517,1549,83,0,0
778.3965201852527,953,68,0,0
778.4606433032094,630,360,0,0
778.7830691285676,558,256,0,0
778.7877647836447,527,2500,0,1
778.7905808215487,86,527,0,0
778.8067791073552,15,4380,0,1
778.8146102343446,5,165,0,0
778.8356512421957,88,249,0,0
778.8370884262022,500,126,0,0
778.8390763914019,2000,309,1,0
778.8414831048747,276,530,0,1
778.9236858685956,912,335,0,0
778.955092621121,1298,659,0,0
778.968082210016,427,41,0,0
779.0454278265197,525,33,0,0
779.4757253466615,16,81,0,0
779.4775212807324,5880,714,1,0
779.6324874478219,133,19,0,0
779.6354450921611,316,198,0,0
779.6521902978052,631,76,0,0
779.7290321339165,770,487,0,0
779.7306767179049,742,84,0,0
779.9408126906542,630,171,0,0
780.036612003036,1567,432,0,0
780.050348779272,378,193,0,0
780.2699235266521,382,439,0,0
780.2736059579748,10,362,0,0
780.3333778857511,491,409,0,0
780.335349999438,266,306,0,0
780.3423012285682,1712,259,0,0
780.3447708413386,1517,768,0,0
780.3493008871621,7449,743,1,0
780.4657534624586,863,65,0,0
780.4662981187895,19,363,0,0
780.4731579719033,230,768,0,0
780.6693525488262,922,153,0,0
780.7482073392823,1206,153,0,0
780.7571455986802,6480,48,1,0
780.7769875961912,509,382,0,0
780.8125398450393,768,69,0,0
780.8148802894426,13,21,0,0
780.8236385484906,3150,777,1,0
780.8916921959985,1274,54,0,0
781.3758229150546,691,434,0,0
781.392910577085,356,281,0,0
781.6480769473422,904,60,0,0
781.7436505518947,399,370,0,0
781.7448237395829,10,40,0,0
781.8078316294159,690,146,0,0
781.8090703066641,386,205,0,0
781.8123007335782,375,89,0,0
781.8621416050581,102,132,0,0
781.8855726727493,1702,533,0,0
781.920874884744,345,105,0,0
782.048421872412,303,248,0,0
782.0580879211338,473,274,0,0
782.0607692737439,11,383,0,0
782.0803270908685,1868,1630,0,1
782.0895031987972,1868,2080,0,1
782.0907948859909,7924,268,1,0
782.1470312872783,677,700,0,0
782.1700503591994,679,272,0,0
782.1866212603202,805,637,0,0
782.2015363591627,8,50,0,0
782.2469302328558,1732,614,0,0
782.2478140642618,1087,217,0,0
782.3511128558865,777,310,0,0
782.3597508270153,1110,369,0,0
782.3642810403732,43,99,0,0
782.3643396141532,1296,183,0,0
782.379457362203,7792,400,1,0
782.4786991063294,2030,298,1,0
782.4795227041612,1508,730,0,0
782.4832680780692,7549,643,1,0
782.4914177934501,373,79,0,0
782.4963972588664,1367,51,0,0
786.5828869836715,814,562,0,0
786.6038420431607,105,946,0,0
786.6312853078795,813,320,0,0
786.6346429149075,1555,98,0,0
786.636190438211,1337,235,0,0
786.6582106939206,291,281,0,0
786.68403428341,1279,246,0,0
786.6844321759779,20,177,0,0
786.7085658490332,382,382,0,0
786.9236306356535,483,274,0,0
786.9247641326332,841,341,0,0
786.9303523875553,925,3270,0,1
787.5873473794119,367,339,0,0
787.6093257690619,1131,246,0,0
787.8057160111218,831,769,0,0
787.8107701255548,1243,770,0,0
787.8451113830914,327,131,0,0
787.8499433183382,753,16,0,0
787.8626823981645,954,585,0,0
788.1573367463791,372,279,0,0
788.4187022218928,13,447,0,0
788.4225738736003,22,29,0,0
788.9402157659683,3661,108,0,0
788.9832610552083,1427,290,0,0
789.0096266643627,1779,116,0,0
789.0388006774939,583,305,0,0
789.0561507051514,1409,171,0,0
789.0671275319502,1051,662,0,0
789.0701408301052,154,317,0,0
789.0709143372025,1725,28,0,0
789.0727696449125,63,481,0,0
789.0833219892337,230,86,0,0
789.0995490622979,13,2220,0,1
789.1029769255827,423,360,0,0
789.1055291393778,1344,435,0,0
789.1078742243934,1828,294,0,0
789.1115465094819,473,220,0,1
789.1812260873328,19,771,0,0
790.2190629175344,1364,629,0,0
790.3309889374015,279,31,0,0
790.3930451150698,804,398,0,0
790.411825277368,418,384,0,0
790.4165908034291,931,168,0,0
790.4322139619912,868,277,0,0
790.4675496517685,1767,378,0,0
790.4681602621014,1220,661,0,0
790.4788500151765,821,766,0,0
790.5235533458865,189,72,0,0
793.628644518175,56,25,0,0
793.6323772603608,640,55,0,0
794.0054484870623,1138,392,0,0
794.1493373272615,7760,432,1,0
794.3753861378116,5670,64,1,0
794.4757463830078,1801,304,0,0
795.2184946256635,11,421,0,0
795.2208004232983,405,146,0,0
795.2324955860281,1472,427,0,0
795.2807032392396,8188,4,1,0
795.3087978096854,1264,159,0,0
795.315399057444,1418,670,0,1
795.3167673163437,74,370,0,0
795.3294236189772,1832,314,0,0
795.4246723967254,463,444,0,0
795.5157475171375,56,139,0,0
795.5165220154443,540,408,0,0
795.6598548234211,2396,141,0,0
795.8193861120373,1105,565,0,0
795.8194211162597,24,109,0,0
795.8196478192993,691,98,0,0
795.8224380490232,856,330,0,0
795.8331459482633,1009,482,0,0
796.3468179749975,8049,143,1,0
796.3574039010315,1245,158,0,0
796.3677587252848,1070,3830,0,1
796.371111918369,550,52,0,0
796.5539506519318,42,350,0,0
797.3853876040239,854,273,0,0
797.4053924405962,414,274,0,0
797.4350667898641,172,162,0,0
797.45944678206,534,318,0,0
797.4646051847626,1611,260,0,0
797.4700084365435,195,9,0,0
797.4991519170328,203,244,0,0
797.5068591942155,1685,320,0,0
797.5954752510506,1983,269,0,0
797.660026148417,772,278,0,0
797.6606817486605,29,136,0,0
797.731698301001,355,328,0,0
797.8055913620506,642,5940,0,1
798.0141630910902,95,228,0,0
798.0233063825144,1042,71,0,0
798.0344119571007,105,362,0,0
798.0387835964469,278,264,0,0
798.1864141684982,365,290,0,1
798.2184776592195,1083,14,0,0
798.2956061505787,854,75,0,0
798.3130895434037,578,960,0,1
798.4071870421501,383,263,0,0
798.4825213635694,899,268,0,0
798.701591226279,57,305,0,0
798.8841072277766,30,3760,0,1
798.8862166758701,1497,307,0,0
798.9197930214297,786,287,0,0
798.9363434618044,1561,179,0,0
798.9396063112478,276,107,0,0
798.9429485223551,408,33,0,0
799.0633514695055,1540,311,0,0
799.087930843078,1649,688,0,0
799.1991448726151,1265,5090,0,1
799.2033405215724,1808,232,0,0
799.4905181361643,792,111,0,0
799.4935775364019,384,239,0,0
799.5469335604251,402,191,0,0
799.5514539874505,1977,399,0,0
799.6015202933316,1149,77,0,0
799.6109933336534,59,124,0,0
799.630999732994,811,260,0,0
799.6421116599496,4800,91,1,0
799.656947574689,1703,769,0,0
799.6569601112378,120,731,0,0
799.6666336841481,645,565,0,0
799.6758601329815,1361,287,0,0
800.0471130144488,22,191,0,0
800.4531308871059,543,325,0,0
800.4630896425377,1373,307,0,0
800.4651275909705,1010,33,0,0
800.494578661611,3920,687,1,0
800.5992722277937,325,66,0,0
800.8624441452511,904,101,0,0
800.9160497257485,267,132,0,0
800.9359345450163,1809,220,0,0
801.4037992865885,810,439,0,0
801.4038957382795,25,210,0,0
801.4603921602763,988,446,0,0
801.4620400974513,1633,629,0,0
801.473480581813,102,357,0,0
801.476357075577,1096,286,0,0
801.4960455239531,1028,73,0,0
801.5083922706315,883,730,0,0
801.5086821405479,876,1050,0,0
803.6048372643728,548,226,0,0
803.6203868531978,1672,426,0,0
803.6217344461543,1510,257,0,0
803.8694095736251,196,236,0,0
803.876297819536,953,280,0,0
803.8796463511964,653,6,0,0
803.9800222147659,1851,11,0,0
805.9492715700815,1489,67,0,0
805.9704217570451,1551,198,0,0
805.9983944934049,176,185,0,0
806.0565579013395,292,249,0,0
806.1519195013682,1549,205,0,0
806.1717136392487,1514,268,0,0
806.3344754635857,1317,68,0,0
806.3996433053057,1356,299,0,0
806.400394868087,621,631,0,0
806.4377791041609,1396,31,0,0
806.6598642558434,253,66,0,0
806.6824198083215,113,25,0,0
806.7108306315349,768,699,0,0
806.7133776385107,841,445,0,0
806.8714780998768,4200,414,1,0
806.8833343661059,6490,353,1,0
806.9011037313893,4100,148,1,0
807.0573268581802,1009,112,0,0
807.0915223762537,1165,374,0,0
807.093219231849,1104,36,0,0
807.112325294962,1252,395,0,0
807.1432881582405,902,276,0,0
807.1436332178176,250,448,0,0
807.1568695120251,1330,408,0,0
807.1580588776759,34,486,0,0
807.2472188170556,586,34,0,0
807.2474653129226,505,344,0,0
807.264625429216,48,287,0,0
807.2956728877429,1787,144,0,0
807.3234435249966,177,657,0,0
810.1604599026898,826,329,0,0
810.1977063441791,607,221,0,0
810.2219261315022,1629,27,0,0
810.2298592896094,7906,286,1,0
810.4887312563435,1477,375,0,0
810.4897078834364,146,95,0,0
810.5104379698289,925,38,0,0
810.5741164254159,23,315,0,0
810.5906668358068,67,236,0,0
810.5948508120555,811,735,0,0
810.5971681853556,1022,233,0,0
810.6101299256327,1604,153,0,0
810.6403889683854,20,421,0,0
810.6443479524415,475,611,0,0
810.6635827484737,10,76,0,0
810.6750076190125,1796,52,0,0
810.6878677945462,504,533,0,0
811.0136747997151,732,104,0,0
811.0247228494684,259,298,0,0
811.0341318451594,1549,368,0,0
811.0366477279421,16,187,0,0
811.0917230229004,7538,654,1,0
811.2018270758527,1709,93,0,0
811.2358483594209,1310,133,0,0
811.2417163945729,174,543,0,0
811.2634356538348,27,208,0,0
811.7957399329333,791,1860,0,1
811.9090858149916,1545,767,0,0
812.0168842652212,468,497,0,0
812.0689970389795,1448,124,0,0
812.0950414233168,855,54,0,0
813.103733437797,181,203,0,0
813.1370086017683,798,284,0,0
813.1450122742921,1360,236,0,0
813.1466036797502,1721,14,0,0
813.1489024474735,636,275,0,0
813.1496910396887,1434,617,0,0
813.1735827051173,15,465,0,0
813.2167434080546,7425,767,1,0
813.4389674048095,1358,654,0,0
813.4975707683269,1891,37,0,0
813.5001566361304,1259,366,0,0
814.1992787685606,454,238,0,0
814.2268821254078,6590,150,1,0
814.2612716458773,49,30,0,0
814.2808814108354,1803,53,0,0
814.2948695393225,1671,174,0,0
814.3064089140427,641,145,0,0
814.3196502084799,213,219,0,0
814.4554610125272,399,37,0,0
814.4596407186793,108,95,0,0
814.4731414978571,1483,331,0,0
814.4895376590683,1181,421,0,0
814.4903464270276,8104,88,1,0
814.4956887711176,1334,33,0,0
814.4962376989466,1387,552,0,0
814.529722958902,1863,200,0,0
814.5979667443283,803,197,0,0
814.6005489877075,397,302,0,0
815.2323423909271,7610,582,1,0
815.281119368109,386,451,0,0
815.2921510683019,425,171,0,0
815.2961650418202,664,505,0,0
815.6767267248539,336,167,0,0
815.6920072907379,7737,455,1,0
815.702806762325,1765,363,0,0
815.7061162568771,1484,86,0,0
815.733146090869,439,344,0,0
815.7385664939994,34,31,0,0
815.752559595943,391,247,0,0
815.7568851304889,1849,95,0,0
815.784646220089,7,228,0,0
815.8183376511156,441,288,0,0
815.8950510066587,1104,214,0,0
815.8989687341214,1496,213,0,0
817.8553801177712,1095,317,0,0
817.8554230580024,474,280,0,0
817.92073511276,1721,338,0,0
817.9582109314167,8,195,0,0
818.0533558844071,1969,309,0,0
818.0561536607075,21,3830,0,1
818.062504021648,1715,327,0,0
818.0629861649995,34,749,0,0
818.3814431350539,982,238,0,0
818.3885066681768,7,147,0,0
818.3891266612085,10,112,0,0
818.3891981445388,632,261,0,0
818.3988414795949,33,200,0,0
818.4004676953891,864,19,0,0
818.4015279857306,520,336,0,0
818.4223256558411,254,204,0,0
818.4271784225735,1215,108,0,0
818.4981596815073,25,6150,0,1
818.514784660398,1792,233,0,0
818.5187109999977,48,590,0,0
818.5343780674962,976,264,0,0
818.5745453294805,624,589,0,0
818.6904526248353,7878,314,1,0
818.7154068428073,1363,255,0,0
818.7423271714939,975,585,0,0
818.7465239111732,1324,582,0,0
818.7798133305001,91,92,0,0
818.7805855747245,1167,486,0,0
818.7938218135542,625,3030,0,1
818.8220481131445,228,238,0,0
818.8246710553943,875,345,0,0
818.8266878504979,797,113,0,0
819.1222812494675,1797,126,0,0
819.1307250365307,16,229,0,0
819.1453369663806,106,171,0,0
819.1501233836809,410,660,0,1
819.160725340974,837,5,0,0
819.1623862464813,1361,544,0,0
819.1644973392647,650,131,0,0
819.1670038653551,780,278,0,0
819.1876455627361,1165,534,0,0
819.2003561420853,1002,513,0,0
819.8161769342886,107,138,0,0
819.8355856787406,4,608,0,0
819.8364748990864,1143,36,0,0
819.9158651542291,914,19,0,0
819.933919527728,8,283,0,0
820.2266533170226,371,101,0,0
820.2638808069366,37,11,0,0
820.3446683679015,1092,485,0,0
820.3882079273642,680,683,0,0
820.5276212251407,708,93,0,0
820.5351837719616,771,402,0,0
820.5744962034906,223,140,0,0
820.6365406499076,615,193,0,0
820.6371477216921,482,163,0,0
820.667762144697,597,329,0,0
820.6771481083898,609,547,0,0
820.6773885990895,321,314,0,0
820.6778551855009,113,14,0,0
821.0242902078652,304,273,0,0
821.0305205177799,795,23,0,0
821.031958504066,751,369,0,0
821.1216123443359,8,307,0,0
821.2217339289436,885,175,0,0
821.2283539357048,1223,756,0,0
821.2311764357789,546,20,0,0
821.233101882682,24,174,0,0
821.2414853753295,23,232,0,0
821.2432594132013,521,126,0,0
821.4728257874833,954,585,0,0
821.5234287693852,1746,37,0,0
821.7995224107146,744,241,0,0
821.808845499109,428,453,0,0
822.6757986585932,1709,310,0,0
822.678490131844,1402,298,0,0
822.6788792985478,11,334,0,0
822.7063211059806,7861,331,1,0
822.7582434077316,487,393,0,0
822.7624003900933,781,295,0,0
822.7685664689102,532,7660,0,1
822.8176100261584,418,238,0,0
822.8229288161715,781,110,0,0
822.8266606375917,756,216,0,0
822.8766703867814,50,486,0,0
822.8781431973239,695,460,0,0
822.8805467165118,1176,770,0,0
822.8954688854313,1496,24,0,0
822.9230667579847,87,468,0,0
823.2004938544524,1225,450,0,0
823.2011942649808,331,143,0,0
823.2127877630883,318,15,0,0
823.2246767259794,1774,209,0,0
823.232742002651,508,226,0,0
823.2630075622959,192,215,0,0
823.2796178308486,1869,160,0,0
823.2809275662146,1488,231,0,0
823.3532431722954,876,130,0,0
823.3568268810267,1344,15,0,0
823.5359007044235,575,252,0,0
823.5377102078772,1856,162,0,0
823.593888198064,636,268,0,0
823.6002162278464,889,379,0,0
823.6057046963383,1494,460,0,0
823.8011939628449,614,283,0,0
823.837196971466,277,253,0,0
823.8455561300982,324,88,0,0
824.0586564177177,615,3220,0,1
824.0635299433766,1679,288,0,0
824.0778922583078,875,113,0,0
824.1306067121616,1440,189,0,0
824.1484318825873,781,284,0,0
824.1572979335092,1170,9,0,0
824.1839181102916,1021,246,0,0
824.1914802195118,634,516,0,0
824.1982943564317,1415,2920,0,1
824.1985343209365,1646,588,0,0
824.9235019188559,552,410,0,0
824.9341359363385,286,319,0,0
824.9419531414379,630,286,0,0
825.6643436626429,514,97,0,0
825.6864601861381,1200,712,0,0
825.6978220114439,403,338,0,0
825.9435877297389,1129,98,0,0
826.0919629962024,7,262,0,0
826.0951453462906,422,193,0,0
826.137862389843,916,298,0,0
826.3022019585064,1194,230,0,0
826.4251805424417,862,3870,0,1
826.4939084389471,349,387,0,0
826.4943337476989,795,773,0,0
826.4979919608002,409,195,0,0
826.509392828368,759,255,0,0
826.5420373041883,249,68,0,0
826.5487399103439,1660,352,0,0
826.5519741362168,1128,9,0,0
826.5697105228453,455,140,0,0
832.3521202649079,248,239,0,0
832.3688875640051,437,16,0,0
832.4348503963361,25,470,0,0
832.5181862897234,1182,163,0,0
832.6029509644275,632,137,0,0
832.6185162218944,1400,55,0,0
833.5537806633328,1396,109,0,0
833.5546470403617,351,92,0,0
833.5571545395464,1062,87,0,0
833.5835600508792,1684,415,0,0
833.6305139947729,1378,377,0,0
833.7550263066075,1453,472,0,0
833.7991228874195,23,277,0,0
833.8018968680361,336,238,0,0
833.8100251563172,7,70,0,0
833.8217317979007,110,135,0,0
833.8412783192166,119,616,0,0
833.9127589045943,809,635,0,0
833.9151668250198,437,773,0,0
833.9187276139758,1218,2080,0,1
833.9363742350776,1110,141,0,0
833.9394213212211,203,218,0,0
834.0949792044361,404,413,0,0
834.0975891406719,655,475,0,0
834.1027047686645,472,195,0,0
834.1272533861431,2897,89,0,0
834.1276155454458,9,120,0,0
836.203894765721,109,28,0,0
836.2051527026017,667,165,0,0
836.2168915377647,1567,22,0,0
836.2223631322595,1039,454,0,0
836.2239487356916,236,250,0,0
836.2249498608404,805,338,0,0
836.231601357721,941,353,0,0
836.383784655869,4860,311,1,0
836.5388538665502,1291,70,0,0
836.5415397210254,274,124,0,0
836.5633409447413,1013,19,0,0
836.5634684633059,533,757,0,0
836.571964882336,998,499,0,0
836.5773411702796,1051,1690,0,1
836.5821506034168,222,118,0,0
836.7526271556329,166,57,0,0
836.7737535214708,25,174,0,0
836.7912150484864,2482,382,0,0
836.8186624658382,490,771,1,0
836.8378528902209,1038,63,0,0
836.9024870569199,1039,106,0,0
836.9177453881243,1103,494,0,0
836.9435987510491,303,204,0,0
836.9473028676816,391,104,0,0
836.9599066462812,1580,680,0,0
836.9793466655275,247,502,0,0
836.9830754995338,1123,296,0,0
837.9370229618834,1598,362,0,0
838.0045602256533,9,71,0,0
838.0209004948796,906,192,0,0
838.0251914473723,8,156,0,0
838.090114043001,828,94,0,0
838.1087739237284,1540,79,0,0
838.1144468915988,806,372,0,0
838.117399217459,961,97,0,0
838.1300401863408,11,414,0,0
839.0633160628375,1382,68,0,0
839.0647483002158,780,165,0,0
839.0904516783763,1063,446,0,0
839.2219407711486,470,314,0,0
839.26692043963,23,24,0,0
839.3410575960633,1569,250,0,0
839.6423144444593,25,582,0,0
839.6709525214777,1021,242,0,0
839.6834392226809,14,288,0,0
839.7060581450795,1442,505,0,0
840.15012828705,1462,275,0,0
840.2161529591431,347,201,0,0
840.2409343872246,677,416,0,0
840.2420378112853,1009,1630,0,1
840.2949266617655,1231,536,0,0
840.3176434367875,47,305,0,0
840.3475229193031,1629,343,0,0
840.3604080747868,211,766,0,0
840.4038643943359,1779,768,0,0
840.4445949322069,346,392,0,0
840.4578979572304,992,1350,0,1
840.4993384650131,155,270,0,0
840.5030851159229,130,1080,0,1
840.5075169878439,1879,125,0,0
840.5276632488446,1911,255,0,0
840.5419469178114,208,147,0,0
840.5508311398025,1030,278,0,0
840.8862922365405,664,104,0,0
840.9304675005706,899,378,0,0
840.9826566415818,836,80,0,0
840.9876881615662,1195,329,0,0
840.9907985098417,1149,343,0,0
846.7316834927848,671,218,0,0
846.7367766100093,4,25,0,0
846.7381724891968,8,41,0,0
846.7453567585085,782,15,0,0
846.8271301968224,1296,693,0,0
847.418447871584,1731,186,0,0
847.6684047238722,789,4770,0,1
847.7027597546379,12,352,0,0
847.7030067742678,1505,172,0,0
847.7060120240961,851,309,0,0
847.715875312093,7869,323,1,0
847.7295798290173,1756,348,0,0
847.7369035742951,1162,326,0,0
848.170860926521,896,980,0,1
848.2470815319928,1080,45,0,0
848.2937547752229,13,294,0,0
848.3751585317012,980,392,0,0
848.4129176171376,1270,505,0,0
848.4144401787576,387,39,0,0
848.4158625908792,903,156,0,0
848.4890412617222,750,2450,0,1
848.521416283726,1133,143,0,0
848.5560636933205,97,106,0,0
848.7237074284093,1604,260,0,0
848.7280192061615,583,5210,0,1
848.7314504827953,1112,1220,0,1
848.7633441569086,994,306,0,0
848.840926480932,6,377,0,0
848.8684020447927,927,66,0,0
848.8721544741846,1103,23,0,0
848.8750171912338,5,780,0,1
849.264704237313,810,501,0,0
849.4169785106053,170,265,0,0
849.4285829637936,471,357,0,0
849.4859177495255,1259,531,0,0
849.486733133092,3720,232,1,0
849.49367954424,296,15,0,0
849.4991735359464,153,220,0,0
849.5081043477026,513,550,0,0
849.608259968013,8,357,0,0
849.6165860890653,796,768,0,0
849.8657326689773,318,97,0,0
849.8659595342152,449,149,0,0
849.866163344771,979,188,0,0
850.0493525939097,1462,769,0,0
850.1377086432266,1697,301,0,0
850.145012705624,705,335,0,0
856.9833742335536,469,171,0,0
856.9896997678545,34,316,0,0
857.0272789415097,1918,1190,0,1
857.0289581509836,220,125,0,0
857.0310930283551,358,20,0,0
857.0515704503848,1043,148,0,0
857.0605127772872,114,350,0,0
857.2566127046964,1504,766,0,0
857.270620321418,1279,53,0,0
857.30363102064,1153,229,0,0
857.3263703315217,765,767,0,0
857.649251444053,1796,429,0,0
857.827431801808,78,588,0,0
858.1943242613604,713,178,0,0
858.2066928816134,1602,160,0,0
858.2080175832211,1312,162,0,0
858.3677605440657,1583,259,0,0
858.3683506464315,1367,116,0,0
858.3843666801101,1729,209,0,0
858.3874062021207,18,390,0,0
858.393514146714,6360,545,1,0
858.4036050557762,692,397,0,0
858.414906247489,128,62,0,0
858.4381371079119,989,673,0,0
858.5309790173675,623,103,0,0
858.5625221831524,3890,349,1,0
858.579096266374,35,270,0,0
858.5975721326544,710,382,0,0
858.5993052327279,182,40,0,0
858.606739556494,806,426,0,0
858.8737791246629,1343,185,0,0
858.9997611590891,488,157,0,0
859.0005641345891,278,360,0,0
859.0020853698381,1019,541,0,0
859.0094448925738,1105,232,0,0
859.0271501342155,1756,393,0,0
859.0320085963514,1430,36,1,0
859.0455361506064,25,162,0,0
859.0565650669248,350,211,0,0
859.0577579810756,14,111,0,0
859.0791364389748,1189,162,0,0
859.0868911592665,7851,341,1,0
859.0888344890484,122,81,0,0
859.158233090672,318,168,0,0
859.1707860333466,15,323,0,0
859.1875783094962,638,31,0,0
859.193243233076,361,91,0,0
859.2761510326422,95,308,0,0
859.2817131949088,549,293,0,0
859.2876708249448,1713,442,0,0
859.3143078091917,1751,111,0,0
859.3201113888367,442,412,0,0
859.3257795870935,1063,154,0,0
859.3593922241749,481,230,0,0
859.3939482280887,1090,419,0,0
859.416615221912,1312,58,0,0
859.5929033907394,467,209,0,0
859.5939984360602,1022,102,0,0
859.5975098644121,855,767,0,0
859.5994260973729,404,217,0,0
859.5997827508735,840,293,0,0
859.6050298627864,1122,233,0,0
859.6105905696135,18,144,0,0
859.6124605122728,1265,348,0,0
859.8202458097923,452,280,0,0
859.8240380187398,1159,254,0,0
859.8704287366974,516,58,0,0
859.8744742122927,1845,272,0,0
859.8784912853814,698,99,0,0
859.9068246152201,851,530,0,0
859.9653737766897,1445,373,0,0
860.2329816592758,1066,180,0,0
860.279589017646,1306,177,0,0
860.2821603856169,650,286,0,0
860.3042420372841,29,266,0,0
860.5064625386368,1660,352,0,0
860.5122683266286,1826,379,0,0
860.635183631478,352,4330,0,1
860.6855776934744,1671,422,0,0
860.7035027470007,258,29,0,0
860.8299856065664,391,201,0,0
860.8362773900376,721,9,0,0
860.936426214384,586,413,0,0
860.9836638456798,1713,340,0,0
861.0214743970305,552,261,0,0
861.0891328731318,1262,585,0,0
861.1058653227597,34,402,0,0
861.5201294203647,986,324,0,0
864.779431647843,585,102,0,0
865.2024978195924,7423,769,1,0
865.2052505252439,400,239,0,0
865.2073192786914,860,5,1,0
865.2335022106807,733,131,0,0
865.236681886468,1718,758,0,0
865.2648513095525,92,120,0,1
865.3009644674718,47,513,0,0
865.3107701462976,381,456,0,0
865.316837557979,1447,960,0,1
865.3264559504306,1497,62,0,0
865.3308055278433,710,50,0,0
865.3342687103437,9,332,0,0
865.4595549501437,325,220,0,0
865.4623729578758,8008,184,1,0
865.4677415999248,1695,98,0,0
865.488477064531,96,272,0,0
865.6098514986696,1932,338,0,0
865.7048241898555,444,234,0,0
865.9818715184371,620,550,0,0
865.989574238645,745,201,0,0
866.0506405542835,129,260,0,0
866.1375013614643,418,255,0,0
866.1571678875607,828,372,0,0
866.5373572642961,1479,175,0,0
866.5401128421348,379,47,0,0
866.5971070295446,16,105,0,0
866.6078921549968,1244,259,0,0
866.6178286930586,377,107,0,0
866.6227892846553,4260,425,1,0
866.8176345512709,580,271,0,0
866.8285380916755,8039,153,1,0
866.844657497785,2860,1100,0,1
866.8537488815456,4560,157,1,0
866.9522250814734,1722,36,0,0
866.9527342032609,1381,136,0,0
866.9636410442553,7999,193,1,0
867.0115581168661,212,200,0,0
867.0273277508861,93,486,0,0
867.0321714911605,7983,209,1,0
867.0351192066502,1146,769,0,0
867.1170282227843,7,109,0,0
867.1179416755983,1183,324,0,0
867.1306180582478,1623,105,0,0
867.1315689348894,10,190,0,0
867.1382422620012,832,7360,0,1
867.1790551829381,14,19,0,0
867.2040509012799,1495,640,0,0
867.2066080258398,989,305,0,0
867.220765894858,1046,1910,0,1
867.255069429571,1111,343,0,0
867.2756713802609,736,145,0,0
867.3122105571745,1037,369,0,0
867.3227540933525,583,19,0,0
867.3889715388719,72,767,0,0
867.3974772833263,386,478,0,0
867.4002496484965,165,181,0,0
867.4072430050031,305,106,0,0
867.4693404336842,8172,20,1,0
867.4711484304438,910,625,0,0
867.4738733666117,486,554,0,0
867.4866922736825,1515,575,0,0
867.5283069335196,1621,362,0,0
867.6039302791713,818,216,0,0
867.6047295817148,106,1200,0,1
867.6051147235673,29,168,0,0
867.6277492624263,1233,756,0,0
867.658240550421,13,484,0,0
867.6670929997003,1166,244,0,0
868.5947844985603,188,200,0,0
868.5947995482127,595,262,0,0
868.6109734609876,1478,319,0,0
869.6967666543643,402,415,0,0
869.7566451998949,1071,337,0,0
869.7951021423387,1745,1120,0,1
869.8141472253543,243,767,0,0
869.8369077546827,613,27,0,0
869.880221926332,7481,711,1,0
869.8988559030645,1064,270,0,0
869.9009111297036,401,63,0,0
869.9315138902558,1089,386,0,0
869.9476010972766,441,452,0,0
869.9758814884958,423,615,0,0
870.190934320469,956,209,0,0
870.1970764737272,827,458,0,0
870.198523313501,8,63,0,0
870.2030293147878,1410,2940,0,1
870.2981189674326,652,46,0,0
870.2991993247823,1629,27,0,0
870.327387837212,1687,373,0,0
870.4917586020364,22,19,0,0
870.5350095164388,1478,143,0,0
870.6485526043728,14,120,0,0
870.6581938680542,1197,426,0,0
870.7032236608346,9,1870,0,1
870.7507075031065,7835,357,1,0
870.7529538444728,51,36,0,0
870.7576715236306,901,278,0,0
870.7644632370859,404,341,0,0
870.769968099392,492,59,0,0
870.7834908531082,460,430,0,0
870.8203072666402,435,660,0,0
870.8853016225761,22,50,0,0
870.8981876754566,1646,318,0,0
870.9758889832447,438,372,0,0
870.9764401616301,55,319,0,0
871.4141243407962,1276,127,0,0
871.4240959303504,2370,242,1,0
871.6704658618031,28,123,0,0
871.7259878262525,1572,382,0,0
871.7337376916457,7522,670,1,0
871.823516996754,1421,3210,0,1
871.8534952787476,371,371,0,0
871.957851666415,617,387,0,0
873.4481521135531,41,285,0,0
873.451263149477,460,2210,0,1
873.4586108395894,140,467,0,0
873.4604604852386,1552,195,0,0
873.5326726097138,7422,770,1,0
873.5336387900005,231,181,0,0
873.5425618288942,378,91,0,0
873.5518704875922,1309,110,0,0
873.5522688909944,700,327,0,0
873.5853382017425,417,341,0,0
874.4656267428031,7,182,0,0
874.7473098960594,185,393,0,0
874.7489075776779,1224,63,0,0
874.7690832113875,14,222,0,0
874.7694902515345,748,328,0,0
874.773963143923,294,225,0,0
874.7804649364683,1527,450,0,0
874.7832247459635,1506,506,0,0
874.7917071295426,644,223,0,0
874.976183170561,483,189,0,0
874.9776152600397,1732,220,0,0
874.9803447738849,911,424,0,0
874.984019599806,1467,157,0,0
874.9903263818038,726,117,0,0
875.1677494316114,625,38,0,0
875.1687252286073,1109,369,0,0
875.2334118089761,953,164,0,0
875.3292333708947,400,385,0,0
875.5046889102725,566,301,0,0
875.5047175419201,1151,378,0,0
875.5083757328825,1099,618,0,0
875.5131492886496,11,105,0,0
875.529486027964,133,326,0,0
875.53492875132,8175,17,1,0
875.5524617152295,895,167,0,0
875.5595176431852,528,237,0,0
875.5646599305679,1642,45,0,0
875.9638839098661,1559,315,0,0
875.9708770830754,1370,88,0,0
876.025362203921,5330,175,1,0
876.0272736653146,1254,372,0,0
876.0444432850558,240,299,0,0
876.1138453957475,1293,145,0,0
876.1210361151399,342,63,0,0
876.1847625146335,1765,165,0,0
876.1891211304492,19,35,0,0
876.2143937715947,1466,549,0,0
876.2165900851326,1104,201,0,0
876.2168914521375,186,457,0,0
876.2206198051716,134,111,0,0
877.0890516853724,956,16,0,0
877.1033643170528,1784,280,0,0
877.1351848473886,22,366,0,0
877.3738761942177,1534,403,0,0
877.3911894431467,411,492,0,0
877.401940357148,1784,168,0,0
877.4055018243968,26,328,0,0
877.4437588026898,1029,106,0,0
877.4715691531504,684,99,0,0
877.4788404821448,1641,202,0,0
877.4823604381586,1521,16,0,0
877.5400029709496,1372,72,0,0
877.5449876996666,584,4,0,0
877.5452291873711,741,353,0,0
877.641924158016,866,372,0,0
877.6421534773342,1311,527,0,0
877.6492519694033,682,38,0,0
877.6977489370556,1448,278,0,0
877.6989552289284,952,89,0,0
877.7299723060326,71,219,0,0
877.7360938260058,1908,35,0,0
877.8848172933544,170,24,0,0
878.407982117953,332,206,0,0
878.951117480561,407,70,0,0
879.0565406271239,497,383,0,0
879.0729063914947,1864,373,0,0
879.081937329565,8,389,0,0
879.0867905463829,1529,64,0,0
879.0868467250708,2483,85,0,0
879.0872361326698,1130,285,0,0
879.0875216049899,6,18,0,0
879.111054895732,5,176,0,0
879.3209757957732,905,424,0,0
879.3228331792787,1558,137,0,0
879.3702253699144,985,191,0,0
879.3885701629633,1053,277,0,0
879.3959012235814,735,381,0,0
879.421786756365,1673,640,0,0
879.4425937721852,304,273,0,0
879.5699517644567,189,84,0,0
879.6485781768241,396,185,0,0
879.6775200382721,1111,269,0,0
879.6812356782336,599,337,0,0
879.8450551057987,836,283,0,0
879.8758150515122,1538,768,0,0
879.8764646818353,59,95,0,0
879.9155778927608,1103,260,0,0
879.9258490674266,259,128,0,0
880.4147748115868,302,237,0,0
881.3793886036563,1203,300,0,0
881.4006887603726,975,201,0,0
881.408398612286,1390,173,0,0
881.4696563025041,7755,437,1,0
881.5089743058809,1076,170,0,0
881.5133005432511,314,297,0,0
881.5310441742457,698,342,0,0
881.5541974878915,1243,103,0,0
881.5645709426643,692,475,0,0
881.6055218593926,1016,314,0,0
881.6098073641964,1440,157,0,0
881.689660535518,667,1300,0,1
882.1287915869304,1042,71,0,0
882.1829880585975,329,113,0,0
882.233270025666,7960,232,1,0
882.6332672457322,525,431,0,0
882.6346836225356,31,487,0,0
882.6626296963561,747,769,0,0
882.7180264492212,1551,167,0,0
882.740240079696,664,216,0,0
882.8876167412798,514,156,0,0
882.8989323213324,594,170,0,0
882.914435444507,165,60,0,0
882.965133266434,303,327,0,0
884.951067884941,714,392,0,0
884.9517909887637,1148,113,0,0
884.9593400984178,16,281,0,0
885.0116040736827,180,247,0,0
885.0169088240397,1006,767,0,0
885.035776401252,1631,144,0,0
885.0433064701131,494,620,0,0
885.0827502325011,847,506,0,0
885.185825757113,146,28,0,0
885.2196642324516,17,365,0,0
885.321613670185,995,43,0,0
885.346865718276,13,185,0,0
885.4334747186797,1808,567,0,0
885.4963328004645,42,191,0,0
885.5197792722306,1141,568,0,0
885.5472785797664,343,324,0,0
885.5479633630179,305,292,0,0
885.8483446515099,19,81,0,0
885.8724994902248,777,671,0,0
885.8756949295512,346,303,0,0
886.0136421488579,1492,54,0,0
886.3625545083797,88,228,0,0
886.3669812866677,17,251,0,0
887.021857438683,1074,414,0,0
887.0526691543974,1098,445,0,0
887.0896830367302,545,168,0,0
888.9920304169402,454,23,0,0
889.2290420604517,1363,214,0,0
889.2341609490888,1660,336,0,0
889.2476625113849,240,198,1,0
889.4001894945197,1730,199,0,0
889.4111356625657,105,30,0,0
889.5411046151063,873,434,0,0
889.5624728628653,184,216,0,0
889.6229103605965,356,196,0,0
889.7168713266087,12,143,0,0
889.7190825325507,7799,393,1,0
890.9213128745224,485,387,0,0
890.921893950972,353,413,0,0
891.1068695002335,1101,318,0,0
891.1731550883247,1121,125,0,0
891.7228988199868,1771,173,0,0
891.7504016499964,142,179,0,0
891.7665715566379,705,5,0,0
891.7728538578452,1412,107,0,0
891.9201572722694,486,418,0,0
891.957348698053,59,84,0,0
891.9581983634077,313,319,0,0
892.0898726203324,194,107,0,0
892.0967791294211,455,136,0,0
892.156062772294,16,184,0,0
892.1926009836303,1642,84,0,0
892.2840517746743,657,268,0,0
892.2886667242469,3300,335,1,0
892.2967273105951,1126,331,0,0
892.6195717120762,1156,92,0,0
892.6210249725646,771,285,0,0
892.6876290950211,6110,299,1,0
892.9381253953801,649,767,0,0
892.9397501024158,1091,173,0,0
893.0931743674125,5730,299,1,0
893.0939452674945,1312,438,0,0
893.1071242436168,109,28,0,0
893.1137556811741,1872,638,0,0
893.119467121913,2330,312,1,0
893.2645411734007,653,116,0,0
893.2649176394003,232,280,0,0
893.2698788175683,1060,317,0,0
893.2878875822631,1530,286,0,0
893.3170403698933,222,40,0,0
893.331591433472,1056,371,0,0
893.344912755124,17,333,0,0
893.3518946793433,425,333,0,0
893.3527515258054,1136,608,0,0
893.6802451708354,855,100,0,0
893.7178702629224,1277,128,0,0
893.7179735220103,11,79,0,0
893.7330517300729,299,287,0,0
893.7487591274845,1924,13,0,0
893.7647425329781,533,427,0,0
893.7835495306757,265,367,0,0
893.8049615261411,414,546,0,0
893.9970485961428,1372,273,0,0
894.0146228986104,1468,99,0,0
895.1825113006481,348,321,0,0
895.1863125219882,1850,752,0,0
895.1919980433807,146,334,0,0
895.205940685486,1797,170,0,0
895.2356887770848,923,602,0,0
895.2359517976045,336,148,0,0
895.2423742663138,396,300,0,0
895.2633496022437,1701,461,0,0
895.2829192454604,580,289,0,0
895.3383740036807,1237,231,0,0
895.7541123630464,12,505,0,0
895.8094573811386,1139,237,0,0
895.8262569672833,447,128,0,0
895.8298711968877,1753,60,0,0
897.1583325946551,1573,544,0,0
897.1612159631569,1065,316,0,0
897.1791030439013,12,203,0,0
897.1811645879828,704,129,0,0
897.217322344664,742,182,0,0
897.2218441934937,356,110,0,0
897.2243386434078,15,226,0,0
897.3047174806017,290,425,0,0
897.3485239513293,374,273,0,0
897.4496795927585,1483,204,0,0
897.4546521825736,359,342,0,0
897.4809478999352,788,335,0,0
897.4826225255168,120,379,0,0
897.4826892082394,588,800,0,1
897.4839125478983,640,674,0,0
897.4871893783255,1516,469,0,0
897.4878866115052,1390,21,0,0
897.4947789993648,830,120,0,1
897.4960260059917,1328,401,0,0
897.5063523539978,1523,252,0,0
897.6193125419207,1692,254,0,0
897.7579920968143,137,141,0,0
897.8363907521436,81,48,0,0
897.9524288663579,1871,309,0,0
898.1604339254557,1483,16,0,0
898.1627239181164,852,152,0,0
898.1859729734401,794,402,0,0
898.2277114084341,569,250,0,0
898.522053706681,1050,3360,0,1
899.6506894173286,12,219,0,0
899.6560659056419,1619,344,0,0
899.6640052790937,1069,145,0,0
899.7060141839954,921,132,0,0
899.7071047290377,811,203,0,0
899.7114011179284,973,141,0,0
899.7912216409619,341,51,0,0
899.9204275117274,1562,316,0,0
899.9309552943664,17,48,0,0
899.9336290790317,2862,26,0,0
899.9349436351873,77,713,0,0
900.0538173654752,836,229,0,0
900.5370462395892,426,383,0,0
900.5415099573186,1097,401,0,0
900.5674356684193,203,244,0,0
900.585047712051,59,48,0,0
900.6135867638025,5,267,0,0
900.6338414928753,28,39,0,0
900.6489327629038,283,99,0,0
900.6871482283424,1534,150,0,0
900.6936335686161,583,497,0,0
900.7237857027384,1339,40,0,0
900.7620459229206,878,638,0,0
901.4373500062442,1629,27,0,0
902.139956356255,50,144,1,0
902.1556318679371,363,330,0,0
902.1621013384342,680,173,1,0
902.2021339429199,1709,3440,0,1
902.2077881859747,804,277,0,0
902.2194401272026,961,605,0,0
902.2567507111032,62,324,0,0
902.3137968073336,575,370,0,0
902.3938885376526,1135,349,0,0
902.629186005644,1809,772,0,0
902.6331516103019,14,108,0,0
902.634497405713,1880,413,0,0
902.6531305499036,720,77,0,0
902.6993425238512,1330,374,0,0
902.878240156969,279,302,0,0
902.8863396277573,43,307,0,0
902.8896162009124,157,185,0,0
902.8921564918746,1548,174,0,0
902.9161799906493,767,240,0,0
902.9185890315533,1840,95,0,0
902.9259618547844,459,390,0,0
902.9308882209652,256,255,0,0
903.4054757443471,426,129,0,0
903.4744219326359,543,6350,0,1
903.4784831517106,1731,3720,0,1
903.7061266952531,560,259,0,0
903.7922524500405,367,725,0,0
903.7952200548518,3680,769,1,0
903.9446021865008,1680,274,0,0
903.9462387852544,1607,115,0,0
903.9588951652354,1841,211,0,0
904.069390750162,477,156,0,0
904.0903429508111,250,267,0,0
904.1079739125304,1106,526,0,0
904.1152904342795,1720,500,0,0
904.122344373306,46,45,0,0
904.1469700341509,658,51,0,0
904.1471241190353,671,481,0,0
904.2212293356424,452,133,0,0
905.2719238832266,1389,41,0,0
905.3681297817433,215,106,0,0
905.3693907280878,468,217,0,0
905.4352087709341,760,142,0,0
905.4381958646433,1270,536,0,0
905.4431196134763,122,452,0,0
905.4588885087508,371,406,0,0
905.5706521695653,546,768,0,0
905.6440046452446,867,318,0,0
905.6765605479616,918,4610,0,1
905.6814372919531,1820,618,0,0
905.7245336028429,1785,233,0,0
905.9810218397387,6,240,0,0
906.0596337100399,1832,201,0,0
906.0775246707515,1031,494,0,0
906.1275193575595,1263,415,0,0
906.1456828213147,980,205,0,0
906.1616906479618,1651,770,0,0
906.1648602953264,1123,101,0,0
906.165351552269,7,69,0,0
906.165521741234,905,175,0,0
906.3417372934236,708,200,0,0
906.4165070531741,401,323,0,0
906.539471355989,16,408,0,0
906.5406047875362,1472,272,0,0
906.7953432030992,264,309,0,0
906.7988254118549,1203,344,0,0
906.7997254313545,517,218,0,0
906.8411717381614,611,162,0,0
906.8474260632943,1730,320,0,1
906.9149875495532,1189,238,0,0
906.9217301996384,858,580,0,1
906.9469444473489,529,302,0,0
907.0783995241189,349,101,0,0
907.0938013389938,1425,238,0,0
907.1194269985817,1843,756,0,0
907.1204548025661,717,226,0,0
907.2362546789792,693,3660,0,1
907.2365266411371,279,21,0,0
907.2480158703689,392,265,0,0
907.3997999950607,15,214,0,0
907.4014866196162,468,10,0,0
907.4771875483544,190,116,0,0
907.6286556773808,20,288,0,0
907.6286753588165,798,27,0,0
907.6364516695405,760,768,0,0
907.6497963433403,829,302,0,0
907.654375606146,504,388,0,0
907.6557129409977,1225,236,0,0
907.6590884807267,555,404,0,0
907.6612914648476,1831,341,0,0
907.7199739711657,226,11,0,0
907.7207027471991,270,330,0,0
907.7286126843229,1812,64,0,0
907.7302040860296,283,342,0,0
907.7305276402086,319,281,0,0
907.8177505042777,771,553,0,0
908.8632535413478,158,162,0,0
908.9480963581291,1083,244,0,0
908.96832827612,1385,103,0,0
908.9709144889255,333,258,0,0
908.9951314695832,4,226,0,0
909.0299318927715,1302,600,0,0
909.0570972832526,354,292,0,0
909.0573606387358,656,320,0,0
909.1444843326101,642,366,0,0
909.1636903403001,1521,394,0,0
909.3427247295026,432,65,0,0
909.3658763395904,329,349,0,0
909.5049449568791,1774,497,0,0
909.505390799599,429,387,0,0
909.520514738523,70,431,0,0
909.6139945616085,1990,165,1,0
909.6791942458626,631,745,0,0
909.7040697685053,540,64,0,0
909.7043008895305,1139,73,0,0
909.7137752725149,1099,103,0,0
909.7267376750971,1276,515,0,0
909.7282518294924,396,311,0,0
909.7430056709868,1568,212,0,0
909.744668307164,1438,23,0,0
909.9228715546684,782,644,0,0
909.9257280860222,587,270,0,0
910.4841398254691,1563,70,0,0
910.484714441773,1598,347,0,0
910.5005882060309,533,148,0,0
910.5023244968381,879,673,0,0
910.5190297181458,63,28,0,0
910.5732449592074,375,55,0,0
911.0739374379128,1316,3020,0,1
911.21633778175,1736,90,0,0
911.2206248464427,1760,245,0,0
911.232125455288,548,218,0,0
911.2454427068095,6,225,0,0
911.2892058158644,821,545,0,0
911.3386175382782,1616,576,0,0
911.6041034176544,213,254,0,0
912.4657274760053,220,351,1,0
912.4735099274116,1137,428,0,0
912.4777609441023,322,268,0,0
912.5687611679725,472,232,0,0
912.6003990070985,1766,40,0,0
912.7303517873232,1148,125,0,0
912.7470767143088,4140,434,1,0
912.7561536657222,1435,183,0,0
912.7568432485485,9,327,0,0
912.8096107694703,1581,181,0,0
912.8104449146601,14,768,0,0
912.8216547468681,788,411,0,0
912.8819883780728,1481,484,0,0
912.9031819942816,180,152,0,0
912.9401992975496,1136,143,0,0
912.9668889465119,1234,342,0,0
913.0244658224276,1213,288,0,0
913.0264105392129,34,554,0,0
913.0797453560762,236,132,0,0
913.0865892086787,1545,253,0,0
913.0868763388792,1560,769,0,0
913.1107933630337,1268,767,0,0
913.196294847691,299,162,0,0
913.7518967029368,1265,461,0,0
913.8049854898964,418,137,0,0
913.831885950942,240,299,0,0
913.8388377364239,3490,336,1,0
913.8408959908389,316,181,0,0
913.8497311152379,19,272,0,0
913.8546748475457,555,362,0,0
913.8715990547458,1535,224,0,0
913.9951174115104,22,16,0,0
914.0020105362861,1817,244,0,0
914.0649129059397,799,645,0,0
914.2936166927501,1910,5060,0,1
914.306875373,713,306,0,0
914.3190941208868,7698,494,1,0
914.4469548901222,380,355,0,0
914.4494874567444,240,197,0,0
914.4813013947564,518,165,0,0
915.0240972066974,1357,1650,0,1
915.0546755519149,436,212,0,0
915.05487674389,485,241,0,0
915.0680135675711,16,237,0,0
915.077319981784,201,488,0,0
915.1731693544434,70,99,0,0
915.3588368464394,756,3370,0,1
915.3606523869039,917,139,0,0
915.3632133508955,134,32,0,0
915.4279128224249,499,112,0,0
915.4380101021871,1444,50,0,0
915.4495708185399,519,244,0,0
915.4581038981537,187,194,0,0
915.4843944226908,1802,29,0,0
915.5759827566192,372,44,0,0
915.6870844767926,655,119,0,0
915.6929485706574,372,45,0,0
955.7956059755168,45,152,0,0
957.6294828741804,1397,290,0,0
957.6309741497682,1545,329,0,0
957.633652149187,51,468,0,0
957.6364004822609,1169,127,0,0
957.6433045718486,816,292,0,0
957.657182381298,1043,257,0,0
957.6635061398889,500,181,0,0
957.678134905776,15,100,0,0
957.6923908255224,1493,116,0,0
957.6927325657056,1720,188,0,0
957.6986674618975,328,274,0,0
957.7237498733755,746,98,0,0
957.7461105779487,2160,336,1,0
957.7537613000849,1543,244,0,0
957.7590239269227,1404,491,0,0
957.7615565801163,40,425,1,0
957.7668105192832,1089,708,0,0
957.7703518595927,318,227,0,0
958.050516610143,113,170,0,0
958.0507358412552,236,57,0,0
958.0859394262769,120,121,1,0
958.5231718414657,1684,570,0,0
958.662741145893,1216,446,0,0
958.6792856831158,1586,225,0,0
958.7178559597617,964,769,0,0
958.8743907071686,959,207,0,0
959.3431283616576,819,3320,0,1
959.3471217429351,1039,178,0,0
959.5486511714589,964,233,0,0
959.5816850867029,70,242,0,0
959.6006376553023,7820,372,1,0
959.816390651574,16,198,0,0
959.8358276070651,826,412,0,0
959.836350653942,1393,185,0,0
959.8731816639425,727,227,0,0
959.8786559251206,212,613,0,0
959.8835597587936,444,165,0,0
959.899250501605,301,194,0,0
959.9004049361416,8007,185,1,0
959.9062877340884,390,307,0,0
959.9103810758073,30,423,0,0
959.9209743483913,1652,3070,0,1
959.9579425933083,801,547,0,0
959.9647648083109,1936,105,0,0
959.975081052282,1507,383,0,0
960.5825049593027,1043,24,0,0
960.5842998779818,249,655,0,0
960.5845733497897,1723,144,0,0
960.588339463163,1741,304,0,0
960.59414943426,327,10,0,0
960.6009529912548,398,211,0,0
960.6645924450797,12,300,0,0
960.6844295680803,1566,214,0,0
960.6849851718433,1520,212,0,0
960.7760335977548,1512,282,0,0
960.9004286667005,1259,298,0,0
960.9283105278682,1488,121,0,0
961.1565722051984,1366,37,0,0
961.1611617964189,1182,304,0,0
961.1627508894164,1547,143,0,0
961.167672452182,1482,767,0,0
961.3672669171269,250,690,0,0
961.3789484218184,79,58,0,0
961.4346669899921,1479,25,0,0
961.4392506712186,964,742,0,0
961.6946999729174,1559,310,0,0
961.6967081010138,1471,211,0,0
961.7177786021555,402,177,0,0
961.7292881554384,1152,756,0,0
961.7416749078259,1050,517,0,0
961.7758139945253,1562,249,0,0
961.8144421250306,161,37,0,0
961.8182520533932,1174,200,0,0
961.824304213021,859,4320,0,1
961.9119199273968,642,746,0,0
961.9437618425882,23,213,0,0
961.972302539285,171,136,0,0
961.9821254507823,8,100,0,0
961.9871007331133,2003,310,0,1
961.9907393610542,365,255,0,0
961.9985559342234,1643,110,0,0
962.1039664159142,826,418,0,0
962.1322341170196,306,301,0,0
962.1622201634345,1437,248,0,0
962.1625614590096,1660,132,0,0
962.3937788507806,1103,397,0,0
962.3960351306079,1001,476,0,0
962.4219436144452,8017,175,1,0
962.4744584438714,1176,269,0,0
962.4770898036567,208,351,0,0
962.5815445456914,27,345,0,0
962.5923061559827,5,1770,0,1
962.6483751576095,340,286,0,0
962.648524169262,756,338,0,0
965.3500491471311,894,297,0,0
965.3618920332013,1739,56,0,0
965.4019228284167,68,48,0,0
965.4208277078183,64,95,0,0
965.4408107829448,390,159,0,0
965.4416380757986,771,329,0,0
965.44271203329,7942,250,1,0
965.4744740511095,250,234,0,0
965.4762391876409,30,285,0,0
965.5215344984343,1135,331,0,0
966.5315341832464,1240,112,0,0
966.541003663607,603,191,0,0
966.5444018546556,7,241,0,0
966.5448125530586,1248,505,0,0
966.5461115234832,18,297,0,0
966.5629907621567,413,260,0,0
966.5637053548252,1436,402,0,0
966.5703044417594,1286,42,0,0
967.0424813684081,14,92,0,0
967.0555582877754,487,563,0,0
967.0659389558552,724,253,0,0
967.0696872656546,592,304,0,0
967.0985489444328,1653,511,0,0
967.1273370332801,1061,294,0,0
967.2592339159473,3140,67,1,0
967.2971369087238,131,278,0,0
967.3256752030006,949,273,0,0
967.3281586842954,529,479,0,0
967.3335563200493,1247,171,0,0
967.3456413912936,3550,393,1,0
967.3606757166322,1967,395,0,0
967.3678324017433,54,15,0,0
967.4174286254048,289,199,0,0
967.418632750767,529,160,0,0
967.4198208058272,31,170,0,0
967.4250323336539,163,438,0,0
967.4387993076783,1175,302,0,0
967.4529816287384,24,299,0,0
967.4653004489521,1586,142,0,0
967.5443445488206,7692,500,1,0
967.5490839577164,1042,220,0,0
967.5524855209895,23,29,0,0
967.5819777249559,1808,140,0,0
967.5875398249049,520,494,0,0
967.5887737110742,1725,715,0,0
967.5931285331898,267,163,0,0
967.744016459602,1488,5260,0,1
967.7540140971253,1077,241,0,0
967.7769442236173,332,251,0,0
967.8479257895477,1661,183,0,0
967.8481166952173,1858,333,0,0
967.8580751935415,1487,222,0,0
967.8743814229122,1161,492,0,0
967.8753644556778,21,113,0,0
967.875628668561,22,409,0,0
967.8774315536532,644,329,0,0
967.9016593197016,15,326,0,0
968.4070814529986,80,161,1,0
968.4084344226911,667,223,0,0
969.5757640744772,1715,170,0,0
969.7970211533454,1037,409,0,0
969.801561963361,1317,478,0,0
969.8701480669216,185,25,0,0
969.9942626841528,397,440,0,0
970.4779925425171,1934,354,0,0
970.4826790289519,348,145,0,0
970.4835753432401,425,132,0,0
970.5305184143407,1545,767,0,0
970.5441652098287,1206,292,0,0
970.5476992324712,1287,561,0,0
970.5625004833993,37,141,0,0
970.5728269147066,750,325,0,0
971.0897164556054,1215,389,0,0
971.0983903046172,839,419,0,0
971.1316436773812,8183,9,1,0
971.1756324096262,771,770,0,0
971.3630873711895,90,455,1,0
971.369259627141,1094,213,0,0
971.4069029344448,782,696,0,0
971.7572946368361,4,24,0,0
971.7601382933082,235,318,0,0
971.772206978163,1801,767,0,0
971.7745451586429,518,274,0,0
971.7967350908175,1167,415,0,0
971.8000349411449,1678,166,0,0
971.8007904657059,1090,89,0,0
971.8050001208361,1516,464,0,0
971.8467517286572,249,243,0,0
971.8873361068853,429,127,0,0
971.8953871500318,964,318,0,0
972.0859685376379,8124,68,1,0
973.9060269229022,162,461,0,0
973.921066991783,46,47,0,0
973.9235801411464,750,331,0,0
973.9603167641785,21,288,0,0
974.0378733774525,853,184,0,0
974.0485131011224,534,126,0,0
974.0543195050831,565,437,0,0
974.0695021668004,826,95,0,0
974.0736128416158,399,405,0,0
974.081817145961,300,98,1,0
974.21559841862,36,208,0,0
974.3190463989295,1522,239,0,0
974.3218977808356,404,136,0,0
974.3342206663363,8016,176,1,0
974.3357785181483,970,354,0,0
974.3409077190039,1091,267,0,0
974.778538940327,1275,82,0,0
974.7812432123663,101,57,0,0
974.872455252943,39,90,0,0
975.0580353456035,243,308,0,0
975.060834205896,477,33,0,0
975.1165534330173,1112,602,0,0
975.2142573929683,7863,329,1,0
975.2521882754666,391,302,0,0
975.2531181460605,621,170,0,0
975.27605812666,1651,345,0,0
975.4749432779596,140,393,0,0
975.605805596676,14,67,0,0
975.609528107579,241,289,0,0
975.6602617128702,1871,265,0,0
975.7220547313333,733,126,0,0
975.7244236794495,498,439,0,0
975.7283581230613,1779,164,0,0
975.7440797157318,1202,615,0,0
975.7650972466108,6010,157,1,0
975.8096336694528,1490,120,1,0
975.8867815008051,214,271,0,0
976.0628369478036,397,551,0,0
976.0875088616054,658,48,0,0
982.3083167871575,376,118,0,0
982.3106225009428,1329,141,0,0
982.5202351420182,1676,4740,0,1
982.9176364194482,484,643,0,0
983.1330070239578,502,509,0,0
983.1334097088792,754,159,0,0
983.1640183605966,1091,506,0,0
983.2119089649702,1459,297,0,0
983.214064900296,553,367,0,0
983.2157983409342,697,554,0,0
983.2494551140363,153,174,0,0
983.2806407266482,27,173,0,0
983.2848575127741,1524,261,0,0
983.3501579079609,5010,293,1,0
983.3560375862857,176,90,0,0
983.3617137200529,394,702,0,0
983.3738084189223,60,8,0,0
983.5080091007051,478,304,0,0
983.5086595017553,1722,760,0,0
983.5163516010232,1002,2090,0,1
983.5538909605016,489,261,0,0
985.7219215482644,903,203,0,0
985.7455946631115,1406,570,0,0
985.7753119767284,1511,117,0,0
985.9205310375294,1768,180,0,1
985.9244891127546,45,33,0,0
985.9358890699616,979,399,0,0
985.9580833269383,1329,431,0,0
986.0178140997837,720,316,0,0
986.1830743416047,695,81,0,0
986.1853169849168,44,388,0,0
986.1859795793919,953,188,0,0
986.2004975692053,1188,318,0,0
986.2638724845636,1488,44,0,0
986.268067217162,1771,561,0,0
986.2930588675954,863,364,0,0
986.3141315664366,1957,170,0,0
986.3239022250538,293,226,0,0
986.4886415770586,1377,324,0,0
986.4945779333705,1167,85,0,0
986.5121014903574,1238,292,0,0
986.5123731506947,925,23,0,0
986.5191075736835,1514,268,0,0
986.7367609417772,1518,74,0,0
986.7749393373117,1749,621,0,0
986.7816814186023,379,227,0,0
986.7928622336512,7861,331,1,0
986.7994886187028,1487,50,0,0
986.8577480909203,606,2950,0,1
986.86001395539,160,323,0,0
986.9516057728384,877,229,0,0
986.9766073182805,230,138,0,0
986.9889009300726,242,201,0,0
987.7282713607616,1538,69,0,0
987.7387494249053,627,202,0,0
987.7750985642726,14,218,0,0
987.778219937364,93,772,0,0
987.8468275120213,29,170,0,0
987.8488054783206,742,97,0,0
987.8933886607505,1064,103,0,0
987.984353835046,390,421,0,0
988.3199321728584,19,62,0,0
988.3212723166216,812,301,0,0
988.3384353550257,269,126,0,0
988.3385241617665,644,7,0,0
988.3426301815497,46,471,0,0
988.4660831110698,4740,57,1,0
988.4688393419599,968,507,0,0
988.4703054512416,259,314,0,0
988.4719954403197,293,297,0,0
988.5614677308446,374,334,0,0
988.5679369896305,290,681,0,0
988.6355418834783,366,159,0,0
988.6366900217829,260,248,0,0
988.6370229926982,1350,164,0,0
988.6467134487654,10,103,0,0
988.657699220098,138,236,0,0
988.7150789322009,927,579,0,0
989.0574875762588,290,335,0,0
989.1124203063504,1101,235,0,0
989.1408579643693,1689,535,0,0
989.149428152532,518,604,0,0
989.1497597545676,133,232,0,0
990.0620708711436,571,551,0,0
990.097642018287,14,262,0,0
990.1474716110049,1791,131,0,0
990.1573352135082,1493,150,0,0
990.1885627075443,119,616,0,0
990.1977957375179,162,664,0,0
990.6183768505568,1313,250,0,0
990.6236465237668,344,284,0,0
990.6293412086957,16,679,0,0
990.629614656354,179,442,0,0
990.717563680609,13,37,0,0
990.8177827394469,1545,245,0,0
990.8224755344257,1010,95,0,0
990.8274990667727,67,303,0,0
990.8558117146471,748,53,0,0
990.8806145342019,292,277,0,0
990.8922370259426,300,31,0,0
990.8939965746799,843,623,0,0
990.8951891884965,312,114,0,0
990.9106915699872,131,658,0,0
990.9133194241754,543,120,0,0
991.0836777833641,54,143,0,0
991.085863379428,307,228,0,0
991.1020752896112,8140,52,1,0
991.2107225674932,1816,345,0,0
991.2197923214245,774,252,0,0
992.8370494799206,464,211,0,0
992.9652780810545,821,594,0,0
992.96569625724,924,512,0,0
992.9676935165355,154,376,0,0
992.9697851782583,26,572,0,0
992.9758310233036,292,127,0,0
992.9846078900373,139,143,0,0
992.9872023914837,1216,299,0,0
993.0128801171767,774,639,0,0
993.0150841240201,763,763,0,0
993.0159063089803,18,318,0,0
993.0187819659707,1347,57,0,0
993.384412699972,1833,252,0,0
993.3860040025879,460,464,0,0
993.3869998237213,1373,264,0,0
993.3882576886643,168,143,0,0
993.4652570560868,667,165,0,0
997.647037512765,1778,311,0,0
998.0292355873361,1734,426,0,0
998.0343635381569,12,203,0,0
999.1050107437413,1184,111,0,0
999.112572604543,631,130,0,0
999.622905860193,1915,177,0,0
999.7942381542567,1625,336,0,0
