arrived_at,num_prefill_tokens,num_decode_tokens,prefill_inflated,decode_inflated
0.0,235,180,0,0
0.029328275141938073,359,330,0,0
0.029985428020530495,156,760,0,0
0.0970101820011069,545,325,0,0
0.2746500529279563,873,380,0,0
0.28194827124658456,364,29,0,0
0.32463225446299027,7812,380,1,0
0.3544384834061888,8155,37,1,0
0.362638598151657,122,23,0,0
0.3658542899967332,680,343,0,0
0.36616395859336087,1073,53,0,0
0.6691537843131976,1440,566,0,0
0.6855588108506384,1159,338,0,0
3.48592950995862,657,126,0,0
3.580117130556597,1708,319,0,0
3.6115675812145556,1391,208,0,0
3.616412789050545,859,252,0,0
3.9087157106581,825,22,0,0
3.9152710116199163,570,1410,0,1
4.332131048687754,1449,358,0,0
4.340265674128348,139,178,0,0
4.366439505724559,517,641,0,0
4.367298074451211,1725,119,0,0
6.324589795772508,978,583,0,0
6.339541130866162,54,397,0,0
6.347894166989194,499,112,0,0
6.439230396421928,2924,5,0,0
6.442265084323467,385,465,0,0
6.526034402587633,796,212,0,0
6.527768299539805,861,239,0,0
6.581464154055295,161,668,0,0
6.58369995556257,1166,768,0,0
6.584157773376861,1137,736,0,0
6.589660903753803,1720,20,0,0
6.590626531791989,133,2960,0,1
6.645192408512135,1016,765,0,0
6.66403640722322,12,214,0,0
6.714022521419214,1220,517,0,0
6.735682319283048,384,339,0,0
6.744574161041328,1125,753,0,0
6.763663135927614,767,71,0,0
6.911754649678374,883,153,0,0
6.924265428559632,170,12,0,0
6.928195893979758,1259,678,0,0
6.930789499499871,351,165,0,0
6.94237089504779,651,141,0,0
6.946399312739405,1917,290,0,0
7.722371601415168,8014,178,1,0
7.724080285277278,506,269,0,0
7.7261546461469885,318,224,0,0
7.735941770041792,75,507,0,0
7.802154964181743,1375,441,0,0
7.8127105600113405,815,300,0,0
7.81536713051997,361,199,0,0
7.818960360387036,4540,334,1,0
7.827906912618923,7961,231,1,0
7.954322867714867,1667,302,0,0
7.95687489572313,261,21,0,0
7.971907129002245,74,77,0,0
7.97720203048945,642,746,0,0
8.011741140700698,833,378,0,0
8.051670977908831,653,430,0,0
8.052634038626637,1042,594,0,0
10.188392081990486,259,227,0,0
10.214757653616926,322,413,0,0
10.221273179467865,1399,269,0,0
10.224292015343082,1262,418,0,0
10.235030476219713,1137,307,0,0
10.254260748482977,280,289,0,0
10.313593950886734,16,371,0,0
10.331842661164773,106,69,0,0
10.379343629085085,815,177,0,0
10.380064676665036,784,261,0,0
10.384071841998518,968,365,0,0
10.386482107697363,429,207,0,0
10.411560982593473,561,27,0,0
10.456659546511428,758,99,0,0
10.457620989227113,355,279,0,0
10.470517991928784,568,575,0,0
10.547515549959394,1292,406,0,0
10.660021737339221,561,327,0,0
10.661960537607685,1150,416,0,0
10.717589176999674,1189,162,0,0
10.753091947029644,663,176,0,0
10.760637825980035,247,320,0,0
11.675616068744993,619,252,0,0
11.677542011776328,1078,420,0,0
11.68790359300454,867,150,0,0
11.732714291060068,1453,231,0,0
11.76205813909859,861,570,0,0
11.774869942494687,852,255,0,0
12.058205203021867,1719,180,0,0
12.38311320001239,1094,254,0,0
12.495079558879217,42,54,0,0
12.628852424942435,71,207,0,0
12.645019699371865,1673,640,0,0
12.646776090400483,609,559,0,0
14.081050796726531,1744,585,0,0
14.083709420042837,34,343,0,0
15.642086577102104,875,328,0,0
15.656080740558753,86,463,0,0
15.684768682583744,341,56,0,0
15.697634138456323,1461,133,0,0
15.820253403140033,1800,99,0,0
15.826785289981292,21,410,0,0
16.54679121981663,8,70,0,0
16.599401368970693,384,59,0,0
16.624988868430336,1552,477,0,0
16.630759078276125,372,151,0,0
16.66238444030034,1215,276,0,0
16.68031234664151,1260,746,0,0
17.486903394186797,1531,303,0,0
17.604244280611475,885,263,0,0
17.60504110823732,859,472,0,0
17.98919643581775,271,7410,0,1
17.989353122916857,98,880,0,1
18.382633864324,380,767,0,0
18.38304902133328,190,90,0,0
18.40112145698791,55,194,0,0
18.492733113532626,1538,125,0,0
18.51050100544367,1250,166,0,0
18.512508163129848,1275,293,0,0
18.725103835081818,520,150,0,0
18.725617442697523,1059,291,0,0
18.726590287819498,130,46,1,0
19.01392832383984,27,236,0,0
19.017127714700592,1699,103,0,0
19.046679846986404,27,124,0,0
19.137836150760897,1509,71,0,0
19.152419598556538,210,221,0,0
19.18378949265157,1015,208,0,0
19.206758045166154,626,373,0,0
19.234449986473678,986,230,0,0
19.428274319954543,6,163,0,0
19.545170778945938,32,3160,0,1
19.57963124726001,321,129,0,0
19.692676662767674,643,920,0,1
19.698782980094865,1971,206,0,0
19.70269556338892,3130,389,1,0
19.70512936406111,944,218,0,0
19.791713813771867,1845,156,0,0
20.256844411692175,660,602,0,0
20.278232899447445,509,19,0,0
20.278577844246957,1171,617,0,0
20.28510159032408,1502,244,0,0
20.331111242749586,8110,82,1,0
20.363795524272334,780,214,0,0
20.38556004916269,558,281,0,0
20.5159432763918,1452,210,0,0
20.631079209502698,850,246,0,0
20.63231449351727,1624,344,0,0
20.675359237055567,7996,196,1,0
20.67946989117134,1285,196,0,0
20.708216385147022,810,30,1,0
20.92538886058363,11,66,0,0
21.628561149091922,123,711,0,0
21.70173570301537,685,125,0,0
21.708299786421417,650,767,0,0
21.717237985368207,330,5390,0,1
21.769642733097047,1012,529,0,0
21.772144425362693,1224,568,0,0
21.7879053327818,14,127,0,0
21.848409804517225,915,239,0,0
21.96168841443194,916,769,0,0
21.97164989982542,797,204,0,0
22.009454698035018,7821,371,1,0
22.284764991822616,10,17,0,0
22.31799174463927,1253,26,0,0
22.31857455307472,285,223,0,0
22.346276502712367,1737,769,0,0
22.376112347472414,1679,333,0,0
22.383880216507013,7786,406,1,0
22.403544730382347,261,129,0,0
22.404486724455047,1153,191,0,0
22.622605504560383,1382,29,0,0
22.66453418131099,522,63,0,0
22.670619034202996,366,268,0,0
22.699525874401957,21,326,0,0
22.72304451809092,1409,243,0,0
22.726251835340097,1320,42,0,0
22.726338864319516,473,767,0,0
22.72639955094389,1340,668,0,0
23.75553678065334,686,8,0,0
23.757460818485317,1145,463,0,0
23.767475220771907,565,633,0,0
23.824070398728853,1295,550,0,0
23.83282257980289,1517,198,0,0
24.02845664017082,242,148,0,0
24.031162752401258,462,271,0,0
24.086787142364734,8105,87,1,0
24.08706480727683,1152,36,0,0
24.162436480066493,1086,678,0,0
24.233833929480618,1793,547,0,0
24.271425278320134,10,109,0,0
24.304382529048326,140,324,1,0
24.335241711834133,238,264,0,0
24.43684435464948,1315,266,0,0
24.560531773929117,635,225,0,0
24.5632611889895,102,293,0,0
24.712843714846223,674,371,0,0
24.71555579500426,397,156,0,0
24.740636044527733,661,200,0,0
24.75152162895433,1452,2100,0,1
24.798702550164805,1707,526,0,0
24.8079926555907,273,181,0,0
24.84854559024638,12,293,0,0
24.855470656016834,1869,282,0,0
24.858122777236876,877,97,0,0
25.01081422479939,871,434,0,0
25.067524167971655,310,71,0,0
25.117962255997128,1637,601,0,0
25.24018897164389,1839,322,0,0
25.24235605889539,379,2850,0,1
25.35471600699263,1269,395,0,0
25.356896836727753,1384,214,0,0
25.395539004708958,494,235,0,0
25.408159178861503,345,291,0,0
25.439237403870997,41,211,0,0
25.512029394762973,419,249,0,0
25.530861179659365,736,537,0,0
25.533723418357507,373,79,0,0
25.649564304780576,632,59,0,0
25.839581697920927,841,308,0,0
25.910618503107248,65,355,0,0
26.054113108755665,540,46,0,0
26.054643929335153,292,386,0,0
26.075488323906843,1652,341,0,0
26.0898511610968,9,113,0,0
26.09021336801234,85,35,0,0
26.11264139334556,790,104,0,0
26.130805900926553,1100,3790,0,1
26.131692903918914,372,399,0,0
26.135056160084662,830,429,0,0
26.156447962546626,1420,455,0,0
26.216580653103474,1409,322,0,0
26.290871296202425,857,203,0,0
26.292849317439167,1618,32,0,0
26.294943086567052,1478,179,0,0
26.301508934501395,360,150,0,1
26.31783890885792,376,181,0,0
26.32355185024825,305,290,0,0
26.335844504608584,1770,117,0,0
26.41045745569926,495,164,0,0
26.481392906405002,458,103,0,0
26.505178310940824,1830,490,1,1
26.507019341866147,1168,111,0,0
26.513777979776997,14,194,0,0
26.569502556536438,359,281,0,0
26.672350272569243,244,206,0,0
26.823366000803098,1084,383,0,0
26.82552702575732,1140,86,0,0
26.832656764011706,210,146,0,0
26.834261204637816,1205,43,0,0
26.834311491164257,1618,359,0,0
26.836343240336525,1251,654,0,0
26.836865795522495,1143,259,0,0
27.129935611160345,1041,406,0,0
27.17651707251008,1539,164,0,0
27.181521188166112,1319,100,0,0
27.202175012217026,1232,181,0,0
27.243612974712967,1315,743,0,0
27.843167611319867,1867,474,0,0
27.928769771909607,326,269,0,0
28.312088947696456,1478,278,0,0
28.36003619627983,496,66,0,0
28.605990617829747,1164,358,0,0
28.932473192484085,381,206,0,0
29.049834540472855,570,495,0,0
29.069287329925316,1321,360,0,0
29.232340303382973,976,113,0,0
29.240654767372053,1768,281,0,0
29.558568528367946,639,229,0,0
29.569137745923108,1106,89,0,0
29.573826587245485,655,130,0,0
30.366736440974464,1590,644,0,0
30.374781770569058,141,167,0,0
30.40015156377507,8175,17,1,0
30.402333077562783,31,9,0,0
30.4068511450981,566,195,0,0
30.416139708160774,449,42,0,0
30.418673596329203,392,415,0,0
30.629094665207983,14,257,0,0
30.633396155745285,139,305,0,0
30.63488222739014,531,599,0,0
30.80509074372027,243,291,0,0
30.880513149374547,362,456,0,0
30.880688091856914,429,83,0,0
30.886557450982465,1594,405,0,0
31.020705999875315,1679,580,0,1
31.024647310036414,18,329,0,0
31.035157983178173,1143,171,0,0
31.046510370098133,9,307,0,0
31.046711041024516,1491,19,0,0
31.04982318664934,1375,270,0,0
31.135448546921296,645,267,0,0
31.469875682226924,1139,228,0,0
31.485752649828687,66,40,0,0
31.50073801991481,908,191,0,0
31.55714494623423,1288,434,0,0
31.583221420853203,980,231,0,0
31.635029543500963,787,442,0,0
31.63828689306252,14,131,0,0
31.65791236164237,16,137,0,0
31.709423224239675,135,154,0,0
31.771315817449388,396,216,0,0
31.772149408542425,19,262,0,0
31.86922435890719,658,2420,0,1
31.892901318052076,627,297,0,0
31.918563266658047,9,552,0,0
31.919108631646285,14,354,0,0
31.939437043377826,411,518,0,0
31.940233484075442,676,89,0,0
31.940354309706276,188,3940,0,1
31.9631353811157,1103,31,0,0
31.981845853422236,1023,275,0,0
32.00306586983317,1536,767,0,0
32.03002793678459,425,770,0,0
32.04903378345151,154,271,0,0
32.22115153587336,181,170,0,0
32.31787932381226,524,187,0,0
32.81410280245295,1635,405,0,0
35.83432944800535,176,41,0,0
35.92538867032042,1049,225,0,0
36.02198386930442,303,251,0,0
36.89629226602336,1556,341,0,0
36.89972014001108,1147,328,0,0
36.90999311410442,245,755,0,0
36.942881079645474,578,249,0,0
36.94375820851754,719,167,0,0
37.0801570886523,409,323,0,0
37.544959512162386,792,154,0,0
37.54655025153018,1103,315,0,0
37.55041567034544,1357,269,0,0
37.66951575795498,783,766,0,0
37.96214986723779,1279,269,0,0
37.962857026600524,367,238,0,0
38.01996110521401,860,377,0,0
38.0326212520515,96,83,0,0
38.033091862826986,1939,59,0,0
38.04115827485768,397,784,0,0
38.04714214875221,866,275,0,0
38.0700838446957,230,92,0,0
38.08998282312509,1081,144,0,0
38.10060071677839,28,19,0,0
38.11463418509842,754,306,0,0
38.128007012895935,1114,133,0,0
38.178983196340816,2556,770,0,0
38.304765812720476,1254,681,0,0
38.42899589218591,838,686,0,0
38.43204837523473,7953,239,1,0
38.43576105314172,336,221,0,0
38.44048714437936,266,328,0,0
38.75111393509726,1306,351,0,0
38.79809381848331,1034,246,0,0
38.80198623591993,350,384,0,0
38.80376703965864,1686,577,0,0
38.806174687681796,283,179,0,0
38.82527409347469,119,91,0,0
38.82725677755615,1423,770,0,0
38.845016627744485,520,759,0,0
39.11215406742393,4880,511,1,0
39.1229553806367,839,272,0,0
39.22260619360878,696,289,0,0
39.2234662541166,922,457,0,0
39.260239896851616,249,250,0,0
39.29253413968602,1255,199,0,0
39.29538055703724,268,339,0,0
39.5797567776537,45,389,0,0
39.59755280019251,1307,745,0,0
39.602100510891425,92,769,0,0
39.61212101186369,1023,105,0,0
39.73329212656931,1656,169,0,0
39.73444837092684,1518,278,0,0
39.75873846831452,1166,456,0,0
39.76137387808652,1064,1970,0,1
39.78975839309874,536,117,0,0
39.796019960355714,942,335,0,0
39.81158307043986,927,4260,0,1
39.89412214149398,1277,259,0,0
39.91375029494054,530,103,0,0
39.96812722672946,1528,435,0,0
40.04110983153052,758,100,0,0
40.0818246770787,705,311,0,0
40.110183503180274,1623,287,0,0
40.12982780044772,1052,243,0,0
40.194397769457815,3080,9,1,0
40.395082951818345,451,413,0,0
41.11290467973101,1294,185,0,0
41.722811627815965,180,256,1,0
41.72528791311756,486,306,0,0
41.75775962950144,476,576,0,0
41.80576013783357,651,603,0,0
42.011021575155816,1099,291,0,0
42.16244776970226,646,165,0,0
42.16347734654583,1069,5110,0,1
42.194791103385704,801,168,0,0
42.19538061678369,20,774,0,0
42.20236395269805,564,5,0,0
42.20518970218641,1433,293,0,0
42.21049184481109,983,244,0,0
42.63712305295784,1653,461,0,0
42.643212450609305,1114,392,0,0
42.64984328235538,522,7670,0,1
42.672903220305045,1441,260,0,0
42.82648937239975,1816,509,0,0
42.82708829738941,518,218,0,0
43.29237951538395,1438,258,0,0
43.296285839035725,1270,337,0,0
43.298750193364356,1765,24,0,0
43.3219798026821,153,105,0,0
43.391072306140096,156,24,0,0
47.4290134992237,653,468,0,0
47.537035197980096,788,252,0,0
47.54250865893141,480,301,0,0
47.554367281240744,775,330,0,1
47.55700191756782,1141,14,0,0
47.62329644654519,36,101,0,0
47.71678189192456,1848,221,0,0
47.72592074378668,1679,481,0,0
47.89746762485058,219,159,0,0
47.89807413959964,110,123,0,0
47.90488731597003,1517,144,0,0
47.907676350845115,1361,488,0,0
47.91311578448646,70,378,0,0
47.91378579565776,2160,336,1,0
48.03316970252239,1415,627,0,0
48.03579035678251,949,202,0,0
48.04931060308989,392,735,0,0
48.2373708169133,1839,71,0,0
48.67781383374286,283,89,0,0
48.865288139713044,7809,383,1,0
48.865490319100296,826,61,0,0
48.87507360987662,144,11,0,0
48.883783717261494,200,223,1,0
48.8882536869973,208,920,0,1
48.89190678082472,1140,442,0,0
48.89771467682916,41,291,0,0
48.954706709500094,762,534,0,0
48.96167223218856,1648,89,0,0
48.96285844567548,186,7,0,0
48.96360261977257,403,96,0,0
48.98705289207723,929,354,0,0
48.9876109145413,709,696,0,0
49.059333373754264,24,290,0,0
49.065857728385005,6630,767,1,0
49.072268005734884,860,192,0,0
49.10022706019933,1742,48,0,0
49.10882375057896,8161,31,1,0
49.182241523019364,232,163,0,0
49.18359180784835,94,82,0,0
49.184058704212156,1449,28,0,0
50.095484885376315,79,173,0,0
50.12053436188927,728,329,0,0
50.120635364890326,66,550,0,0
50.65891052727171,1683,289,0,0
50.65995720017774,659,75,0,0
51.762597347917286,1781,596,0,0
52.447632544686584,70,110,1,0
52.55270195282782,425,3850,0,1
52.57080726091492,269,65,0,0
52.573935395983504,461,112,0,0
52.696371734111516,720,429,0,0
52.70446216215079,716,267,0,0
52.86444463018017,524,273,0,0
52.874754560101564,11,238,0,0
52.875517533913126,16,146,0,0
52.87993820765214,1002,287,0,0
52.9004190192503,1202,603,0,0
52.90716744157041,286,14,0,0
52.93119916265916,742,790,0,1
52.93403775429534,775,75,0,0
53.40038791301238,52,623,0,0
53.40674086900234,572,2280,0,1
53.458704629888096,625,587,0,0
53.45933781543579,602,330,0,0
53.55617808439737,843,297,0,0
53.96694242075925,82,235,0,0
54.02870272498071,301,308,0,0
54.03999640847741,418,328,0,0
54.04285755713833,96,76,0,0
54.10544762486144,1066,351,0,0
54.16489009088463,558,303,0,0
54.16624340315087,5730,4,1,0
54.185443119352385,514,255,0,0
54.24073444882923,1552,176,0,0
54.24461844491494,1338,139,0,0
54.30769438369242,469,168,0,0
54.31851920916649,10,98,0,0
54.66343989270977,1082,267,0,0
54.66489053920916,713,105,0,0
54.71824274966674,11,262,0,0
54.74190936742729,1561,444,0,0
54.742339458834564,8173,19,1,0
54.745212496153336,2152,37,0,0
54.74854669521164,1092,213,0,0
54.8692973143268,431,100,0,0
54.87834404752023,1871,575,0,0
54.89661922945703,87,129,0,0
54.92166123406909,1791,280,0,0
58.23220521243941,580,242,0,0
58.243686206204565,1259,149,0,0
59.146709026373514,1351,555,0,0
59.15943180577604,536,161,0,0
59.160209809722375,1022,24,0,0
59.16379521007296,1206,380,0,0
59.16531321681421,917,235,0,0
59.17406216831547,656,197,0,0
59.17503735649956,860,777,0,0
59.17796860437586,1600,161,0,0
60.03128950714973,934,279,0,0
60.06100514872713,507,590,0,0
60.096952418634935,1258,418,0,0
60.803363814231055,1603,220,0,0
60.80403073162324,1426,402,0,0
60.861176722140655,1738,480,0,1
60.868295980627,80,506,0,0
60.88548429808869,69,343,0,0
60.89014122755499,322,464,0,0
60.91340331554708,1489,584,0,0
61.13182641287496,855,174,0,0
61.337148258489194,305,47,0,0
61.36729334010855,865,256,0,0
61.46269122007328,290,425,0,0
61.46436480959279,731,285,0,0
61.464416725810814,271,260,0,0
61.61271403720631,958,163,0,0
62.69494509878059,1025,537,0,0
62.74179451604254,1736,291,0,0
62.747123169473575,393,301,0,0
62.767324413200576,740,137,0,0
62.97976518631513,258,40,0,0
62.98152625528473,17,346,0,0
63.002746017902425,949,38,0,0
63.06550038463018,255,3340,0,1
63.06783229983333,1834,276,0,0
64.28458290321905,6,281,0,0
64.37838792831535,331,311,0,0
64.89137880315182,367,127,0,0
64.89348367379219,112,372,0,0
64.92176968450757,1745,239,0,0
65.31720242133994,1666,276,0,0
65.36234186121204,1249,246,0,0
65.59202313357082,1892,356,0,0
65.59247031049959,9,580,0,1
65.6077843003841,526,182,0,0
65.6081177215189,1305,357,0,0
65.61480324486064,4,10,0,0
65.64741269749875,20,622,0,0
65.66195050586884,27,319,0,0
65.66340670821957,1816,147,0,0
65.69645196788983,13,196,0,0
65.76393841877528,613,27,0,0
65.77890157142436,1080,373,0,0
65.87139573630269,1983,523,0,0
66.0506144209953,478,376,0,0
66.2692125943196,1721,1400,0,1
66.2784325467704,622,171,0,0
66.32943965028853,698,392,0,0
66.33449886926171,210,224,1,0
66.3497358729592,808,364,0,0
66.50491213926337,544,4750,0,1
66.51953408610449,1587,320,0,0
66.52684067334042,462,241,0,0
66.53233756496341,922,397,0,0
66.58328805049081,1597,315,0,0
67.04076299142383,784,715,0,0
67.15601142076873,986,498,0,0
67.1675490369348,585,13,0,0
67.25743527597473,786,70,0,0
67.37863533044994,7763,429,1,0
67.71825235593892,854,267,0,0
67.7229277635702,505,2320,0,1
67.78756158369079,967,212,0,0
67.79566475311913,306,64,0,0
67.80175641538706,669,309,0,0
68.02442857465694,1356,392,0,0
68.07837498677488,585,325,0,0
68.09941740080228,1189,596,0,0
68.37408775544462,1304,372,0,0
68.39932652890893,1349,177,0,0
68.40241161065401,871,21,0,0
68.51382351895576,994,188,0,0
68.51665749258113,949,112,0,0
68.51983476805096,764,197,0,0
68.52768750560179,8,516,0,0
68.54088104594442,25,376,0,0
68.64994611064569,306,325,0,0
68.65883182573513,1294,649,0,0
68.65930717549914,696,366,0,0
68.66511078291758,22,103,0,0
68.6989435221899,572,448,0,0
68.71312940291428,635,248,0,0
68.72730025441518,895,235,0,0
68.7288771452178,145,95,0,0
68.73716759518365,7988,204,1,0
68.79463920892888,1053,552,0,0
68.85413924780825,875,769,0,0
68.85754867112094,894,309,0,0
68.86178511244344,254,440,0,1
68.86438216036193,8,344,0,0
68.98133122650955,411,310,0,1
68.98537117597775,32,71,0,0
68.99584659143278,609,212,0,0
68.99932629241778,278,381,0,0
69.0022537120189,574,2600,0,1
69.01617113744945,403,222,0,0
69.12484673397833,397,408,0,0
69.13056780350227,338,7700,0,1
69.31830228667803,715,55,0,0
69.33445611788692,1674,85,0,0
69.41108970245529,542,170,0,0
71.97913772589038,94,181,0,0
73.66578948226267,958,205,0,0
73.69798730335773,14,491,0,0
73.719165449842,451,152,0,0
73.73255172278698,449,294,0,0
73.80759409082732,891,884,0,0
73.80802341738763,2040,56,1,0
73.81245042758633,1256,1380,0,1
73.82623153718197,22,146,0,0
73.83015677424329,1495,348,0,0
73.83263310967148,119,730,0,1
74.07437008386104,463,233,0,0
74.07534645806254,367,327,0,0
74.08297565505808,689,1630,0,1
74.088632890226,591,500,0,0
74.09570984816365,16,245,0,0
74.09793624578333,310,1520,0,1
74.1808529212694,236,164,0,0
74.19517745130568,1623,290,0,0
74.7833317985478,308,355,0,0
74.78450974924277,875,230,0,0
74.80756590555501,1648,278,0,0
74.80896018930612,602,95,0,0
74.83752811623302,1146,356,0,0
75.02369011765357,581,206,0,0
75.0255296791315,27,401,0,0
75.15613664131473,531,89,0,0
75.1596657771681,557,114,0,0
75.16149153980143,7,330,0,0
75.19615244072301,397,467,0,0
75.27641034199044,1732,488,0,0
75.29995774495474,16,49,0,0
75.33361362691625,536,205,0,0
75.35048929570976,33,10,0,0
75.3570162552655,1122,340,0,0
75.35726101501429,22,252,0,0
75.36589306461597,1657,191,0,0
75.37030950960109,834,19,0,0
75.42456259632478,362,345,0,0
75.42800954827354,1875,725,0,0
76.44081281886452,236,41,0,0
76.50316976447388,7,93,0,0
76.51093671148816,684,20,0,0
76.57808185008699,28,521,0,0
76.58908656690195,473,285,0,0
76.82670670963297,937,314,0,0
76.83448130249421,859,413,0,0
77.15530352080036,348,313,0,0
77.15745320653009,2740,391,1,0
77.17994256662215,877,231,0,0
77.19591204812654,152,764,0,0
77.19893147264766,16,99,0,0
77.20848986572365,1878,244,0,0
77.22715885237001,572,569,0,0
77.22884789335284,2580,534,1,0
77.23215801978824,180,25,0,0
77.28058467594681,1415,606,0,0
77.28451219498236,526,386,0,0
77.71835698664599,1954,307,0,0
78.15009029235331,581,265,0,0
78.15720765063996,1179,5940,0,1
78.19445274528285,1705,182,0,0
78.24739995629886,484,617,0,0
78.32445895945972,18,163,0,0
78.3307181423127,730,221,1,0
78.41151769383292,4,104,0,0
78.41780784515109,1012,217,0,0
78.43278394420919,1551,220,0,0
78.65298232278889,936,179,0,0
78.6684026689943,1700,189,0,0
78.67104860348202,103,230,0,0
78.67682656619368,164,96,0,0
78.71138856536103,501,77,0,0
78.71534418759587,1043,24,0,0
78.71794180392351,1504,510,0,0
78.74246267555677,1174,332,0,0
78.74520615147966,1398,25,0,0
79.95639627543119,337,165,0,0
79.96115244112593,589,75,0,0
80.03328104842228,1047,278,0,0
80.03425307832686,1232,273,0,0
80.04353854747588,1610,312,0,0
80.13733283145542,529,250,0,0
80.19044101799922,945,161,0,0
80.25604372946161,996,255,0,0
80.26178929437718,7911,281,1,0
80.28846408801465,1664,91,0,0
80.30064402502263,8051,141,1,0
80.30172404898171,497,279,0,0
80.48008589089287,7470,722,1,0
80.4847454156224,578,4380,0,1
80.49609780338776,927,235,0,0
80.59695641439654,552,4,0,0
80.66462522944784,477,580,0,0
83.93051006993345,1762,2550,0,1
83.94621341673508,529,220,0,0
84.27134962599632,396,292,0,0
84.28605708636398,399,462,0,0
84.30545693147455,1694,201,0,0
84.46349202187568,1474,212,0,0
84.53270396422151,585,317,0,0
84.53941649123364,319,768,0,0
84.554901592938,1079,560,0,0
84.58123434302858,61,171,0,0
85.12071800242954,25,379,0,0
85.12471880983124,333,741,0,0
85.15375643228128,1366,169,0,0
85.21590492418748,48,66,0,0
85.24020851544023,369,322,0,0
85.2468953765788,1081,132,0,0
85.3448516590758,605,317,0,0
85.3477311541197,582,292,0,0
86.23943219192246,335,694,0,0
86.23952888299311,958,600,0,1
86.23990557888803,32,401,0,0
86.26539356967915,504,144,0,0
86.33211944956605,946,187,0,0
86.3787883038878,296,348,0,0
86.38448111315817,6780,196,1,0
86.39823954055898,889,767,0,0
86.41758954387389,1189,107,0,0
86.42074753339982,612,200,0,0
86.42944937537972,10,485,0,0
86.43222370944599,1695,216,0,0
86.62170706711669,748,33,0,0
86.66457427371917,1784,160,0,0
86.672369809008,47,153,0,0
86.681144979869,1216,159,0,0
86.68860931903751,1043,359,0,0
86.69849756104044,1805,22,0,0
86.73039313347753,1763,230,0,1
86.739486282144,272,177,0,0
86.74620077243917,317,305,0,0
86.7860974490248,1379,456,0,0
86.79945580095465,780,194,0,0
86.81806386184373,117,175,0,0
86.83968825121387,700,9,0,0
86.85254535574022,371,327,0,0
86.85451995349993,1926,130,0,0
86.86587341303196,10,205,0,0
87.07199973666717,1281,285,0,0
87.07536539277271,1443,950,0,1
87.07894515321492,4840,266,1,0
87.08692618954642,5070,246,1,0
87.09552890566539,220,16,1,0
87.39131632593855,23,514,0,0
87.40144470856113,330,222,0,0
87.58897049303351,732,421,0,0
87.68007660921262,130,769,0,0
87.75920541908118,909,441,0,0
87.82528981234404,589,220,0,0
87.86292805499225,12,314,0,0
87.91594856181433,531,240,0,0
88.12739922094245,7842,350,1,0
88.12771407080115,256,292,0,0
88.1657880941857,103,243,0,0
88.35701641314256,335,37,0,0
88.36201470662225,721,325,0,0
88.37891802274882,833,172,0,0
88.48171784240041,1075,446,0,0
88.48226506706742,282,493,0,0
88.5154520603463,1486,391,0,0
88.51750492076492,8,124,0,0
88.54655795161065,1104,329,0,0
88.58504968383687,1284,768,0,0
88.61470009626095,846,4570,0,1
88.61709842686547,381,383,0,0
88.63554296831143,1253,1250,0,1
88.64065670128991,386,102,0,0
88.67414379909692,1190,399,1,0
88.68271477044841,906,2150,0,1
88.68607264106761,269,506,0,0
88.80476507292036,326,213,0,0
88.80634656125815,5690,127,1,0
88.81293111844501,1076,269,0,0
88.97237636598108,777,313,0,0
89.00988562031407,782,769,0,0
89.11349212295531,3294,23,0,0
89.11595348366957,29,368,0,0
89.1415455354914,28,220,0,0
89.14464883454055,1648,342,0,0
89.14517148999516,1856,195,0,0
89.20313960751358,1511,379,0,0
89.20543085063439,687,128,0,0
89.2279391084551,1479,290,0,0
89.23061019374875,1813,16,0,0
89.28470913313788,972,214,0,0
89.34121019712751,1458,301,0,0
89.34355512353632,1803,19,0,0
89.34588111238045,1331,2230,0,1
89.34596836237952,371,197,0,0
89.35289334262703,6,322,0,0
89.36392951582292,3650,144,1,0
89.36797171885179,1818,567,0,0
89.43947509312838,626,135,0,0
89.45440741178119,844,491,0,0
89.47215288704457,730,177,0,0
89.47718256778349,1531,708,0,0
89.47804105960472,406,206,0,0
89.49782969068036,160,519,0,0
89.5936669982144,1679,426,0,0
89.79401970839797,1101,461,0,0
89.81912015870472,2800,303,1,0
89.82053347530541,1376,25,0,0
89.829536411855,1259,4320,0,1
89.85351724792889,263,214,0,0
89.85544888811498,1225,313,0,0
89.86375042688736,36,2430,0,1
89.86857737361339,533,572,0,0
89.87204545223234,1209,126,0,0
89.87429752532152,3452,745,0,0
89.90707684995125,24,135,0,0
89.95908275647801,643,171,0,0
90.16562903318159,287,413,0,0
90.17599249418248,142,30,0,0
90.1960067877268,206,211,0,0
90.19655876662748,1486,104,0,0
90.22757658294402,8,99,0,0
90.5004269362109,979,243,0,0
90.50412821664574,1493,76,0,0
90.55183551935176,1359,34,0,0
90.55804019165546,1211,523,0,0
90.60806220214774,550,117,0,0
90.68370474311,1066,267,0,0
90.68467604914218,46,108,0,0
90.68759245742892,5972,2220,1,1
90.69155557515549,1173,223,0,0
90.70328235346722,1886,2590,0,1
90.94663424603286,48,2480,0,1
90.96583864992903,6,493,0,0
90.98896475212722,1403,34,0,0
91.0148734324813,1468,337,0,0
91.01967548008957,157,153,0,0
91.17438910131527,272,185,0,0
91.2241819927269,1252,403,0,0
91.3096685656248,1604,399,0,0
91.33942111727293,1270,618,0,0
91.3405574307297,1845,105,0,0
91.39254973677134,17,257,0,0
91.39757554006586,1799,324,0,0
91.40043567191431,1095,2130,0,1
95.31510573557226,750,303,0,0
95.42766863730121,1138,700,0,1
95.43541930498,1041,250,0,0
95.52957781982943,17,26,0,0
95.69367891613766,1871,265,0,0
95.72184492086605,1666,292,0,0
95.72988471615037,1399,692,0,0
95.85875349503056,520,331,0,0
95.94101309266199,1046,77,0,0
96.01231188192882,1554,769,0,0
96.01293747044859,90,573,0,0
96.05623764843715,864,26,0,0
97.17674080698092,1543,513,0,0
97.1787598136558,555,587,0,0
97.18664679207141,1126,78,0,0
97.19029108768368,1404,938,0,0
97.19673695199535,6220,115,1,0
97.20989189783904,484,283,0,0
98.2483208989145,7902,290,1,0
98.25799825536994,202,289,0,0
98.7070351161793,7983,209,1,0
98.70967217741146,731,185,0,0
98.77363086332043,40,111,0,0
98.78972939949882,173,273,0,0
98.79741053481462,4,24,0,0
98.82905535227435,975,470,0,0
99.09680101920426,36,19,0,0
99.13690441945147,1626,91,0,0
99.20567687440075,413,58,0,0
99.22719347029505,11,206,0,0
99.27565617808327,6,240,0,1
99.31754601400404,7,26,0,0
99.4149479128721,1148,332,0,0
99.42939917657618,1568,82,0,0
99.43501285245162,8,291,0,0
99.44227675264824,1202,233,0,0
99.44926630769397,233,120,0,0
99.50491241938914,1507,124,0,0
99.50864830331697,824,203,0,0
99.5894964982078,1519,739,0,0
99.6203469485637,1469,3120,0,1
99.86202879118244,550,746,0,0
99.89100619869942,1495,285,0,0
100.05710474551094,412,99,0,0
100.10290349594368,501,768,0,0
100.13062608101505,7488,704,1,0
100.14100408632407,21,494,0,0
100.19030287996084,1301,84,0,0
100.2132701452143,25,3310,0,1
100.2186679673637,8090,102,1,0
100.22570687621457,1897,209,0,0
100.22608960866295,821,122,0,0
100.42258874456745,866,713,0,0
100.61116249708402,78,103,0,0
100.6184004956754,838,191,0,0
100.61986627237596,994,85,0,0
100.69297735452697,35,46,0,0
100.87015956308055,519,114,0,0
100.88784303557173,720,38,0,0
100.89276196940254,576,767,0,0
101.13419788374023,860,93,0,0
101.24563797311754,16,348,0,0
101.39356854930332,648,284,0,0
102.23750001357303,1750,75,0,0
102.25494936049458,1305,252,0,0
102.2810886855479,485,194,0,0
103.35851083635275,230,185,0,0
103.46085418021863,345,330,0,0
106.18675545309875,68,14,0,0
106.18685452058946,1340,133,0,0
106.18770341878981,782,224,0,0
106.24703039164518,9,186,0,0
106.29321903403935,926,343,0,0
106.29500798729015,1183,504,0,0
106.29769063085247,1035,302,0,0
106.30066279254659,985,634,0,0
106.36153263504961,966,2730,0,1
106.3624899659663,1867,368,0,0
106.3746563720247,1538,81,0,0
106.378121540836,1587,232,0,0
106.37815952160972,1480,274,0,0
106.40579524486448,1223,214,0,0
107.0532203636581,1620,343,0,0
107.06364553510328,1336,245,0,0
107.13556618106422,81,235,0,0
107.15264088940297,817,210,0,0
107.16315747955366,903,3120,0,1
107.16370085337465,274,22,0,0
107.17442750491173,572,541,0,0
107.17469186304291,44,283,0,0
107.17903568807507,1020,187,0,0
107.19902706520537,1665,686,0,0
107.22028710380164,1046,93,0,0
107.2232580919867,1636,264,0,0
107.2342424543445,7090,572,1,0
107.23611397704822,1225,135,0,0
107.30673614434494,384,449,0,0
107.30825421442111,1704,404,0,0
111.28978205309124,1212,450,0,0
111.3755432610262,17,17,0,0
111.38957451707665,751,600,0,0
112.00853444097638,180,116,1,0
112.01118705465785,1319,88,0,0
112.2175204256745,1872,128,0,0
112.22234077087553,320,762,0,0
112.24152843230979,1064,276,0,0
112.24727891171253,803,119,0,0
112.25100603378499,277,568,0,0
112.25639658842108,652,656,0,0
112.28167668628534,3030,186,1,0
112.29105516266969,1504,327,0,0
112.99200968464528,1223,127,0,0
113.01244830098932,1108,77,0,0
113.01252798796251,968,206,0,0
113.01626808298188,4,60,0,0
113.02549669659125,52,485,0,0
113.05523918510154,266,110,0,0
113.10830207009589,29,703,0,0
113.10943762940211,196,359,0,0
113.13247019765413,1139,276,0,0
113.13518286915003,1207,247,0,0
113.1528381054662,204,311,0,0
113.16120536183799,1766,20,0,0
113.3407699532999,1069,230,0,0
113.452580689608,1074,197,0,0
113.77015200895337,983,190,0,0
113.77318686237142,651,180,0,0
113.77830916697887,10,149,0,0
113.79381721734934,382,347,0,0
113.79843060659258,1142,565,0,0
113.80243293607677,4670,304,1,0
113.84205012463883,1606,653,0,0
115.02726608499097,699,554,0,0
115.05484870306375,65,81,0,0
115.38768861662648,9,263,0,0
115.3885040770678,1545,329,0,0
116.2051044099141,527,89,0,0
117.38971428646803,7700,492,1,0
117.41041814696516,375,283,0,0
117.41570421806216,65,44,0,0
117.46566478873159,1244,269,0,0
117.46617798405961,901,295,0,0
117.49266852464687,330,240,0,0
117.49309699754387,766,435,0,0
117.84639671402714,80,64,0,0
117.85991157813521,2031,244,0,0
117.86317025647075,1430,316,0,0
117.86338667263811,67,484,0,0
118.13227236330984,1102,768,0,0
118.1504415825052,136,81,0,0
118.1554969302127,1217,577,0,0
118.32145526248702,1280,423,0,0
118.32248363594688,9,232,0,0
118.46002016035948,1735,64,0,0
118.6788702935494,1370,47,0,0
118.68821332492232,1780,304,0,0
118.8679782499861,230,458,0,0
119.35829125619489,900,424,0,0
119.36207535395351,1662,238,0,0
119.36626403327176,472,152,0,0
119.45578561182019,1409,2660,0,1
119.53550789573501,325,35,0,0
119.53919439140446,940,288,0,0
119.53922772682866,614,411,0,0
119.54002206714156,15,213,0,0
119.74658948566821,1156,393,0,0
119.75307080285334,9,99,0,0
119.75574208389538,564,767,0,0
119.79288814130351,1095,161,0,0
119.79340381831943,266,33,0,0
121.31572764498334,495,3270,0,1
121.31608840578616,1987,201,0,0
121.32792846563765,7877,315,1,0
121.36548333311325,95,359,0,0
121.4257289409606,670,195,0,0
121.42762118527212,1450,467,0,0
121.43643668581674,1718,204,0,0
121.57564001860291,336,475,0,0
121.59852235285142,340,67,0,0
121.66712030705445,507,2820,0,1
121.69123075160273,1215,271,0,0
121.71743202209649,310,149,0,0
121.72058105326137,1887,766,0,0
121.72223706532854,18,336,0,0
121.73243085044578,201,2440,0,1
121.7343001377117,208,472,0,0
122.04515897378258,620,168,0,0
122.11985842428155,58,93,0,0
122.33059807603976,222,249,0,0
122.33149101249653,492,426,0,0
122.33278354952031,1003,492,0,0
122.39798921848225,204,16,0,0
122.42239866433461,1592,328,0,0
122.45027136959597,781,4370,0,1
122.57329313235859,1109,17,0,0
122.57563210543529,45,231,0,0
122.5770118286499,1707,264,0,0
122.58016006464476,674,508,0,0
123.72205993778823,9,110,0,0
123.73759519360232,1334,138,0,0
123.74118779531833,1281,435,0,0
124.05220968936067,40,442,0,0
124.15442191075583,1933,189,0,0
124.2523043290733,12,501,0,0
124.31172481319626,1127,401,0,0
124.32279851886042,18,18,0,0
124.91021581594147,1270,52,0,0
125.00122103547608,248,7690,0,1
125.00280777891084,595,275,0,0
125.00458174201164,20,3100,0,1
125.009256581739,635,308,0,0
125.10422151604762,6,307,0,0
125.10921510071717,88,83,0,0
125.11926876241166,676,303,0,0
125.12609013677464,4660,450,1,0
125.14595803153746,306,501,0,0
125.34868235728865,1595,286,0,0
125.35594657934581,1249,181,0,0
125.37384290563806,767,200,0,0
125.91405497443564,419,163,0,0
125.91487000247699,228,675,0,0
125.94839220130653,1846,666,0,0
125.97466422170022,195,166,0,0
125.99013674130009,1958,154,0,0
126.12635898482944,12,116,0,0
127.54592362800493,848,427,0,0
127.56434662739575,32,531,0,0
127.58100443122979,226,204,0,0
127.64653536001777,1621,378,0,0
127.64828047955768,1270,202,1,0
127.6572522787961,85,104,0,0
127.69118668638812,96,377,0,0
127.71947231859447,356,500,0,1
127.72369595141153,1176,103,0,0
127.88720569985922,1415,83,0,0
127.88909461407395,7871,321,1,0
127.89363062293329,181,194,0,0
127.89607551273333,19,55,0,0
127.93562157700678,1130,551,0,0
128.02779610883863,1934,331,0,0
128.0427002914763,615,276,0,0
128.22720117028578,1552,1660,0,1
128.23525752225623,896,399,0,0
128.2573916775569,1364,228,0,0
128.285828600401,325,197,0,0
128.30301958955562,626,343,0,0
128.3292375454724,1208,150,0,0
128.33165112683412,21,42,0,0
128.3319358980807,1745,352,0,0
128.338102483312,1046,471,0,0
128.34675002341217,1427,564,0,0
128.35816156927706,1292,334,0,0
128.3604513458179,1120,33,0,0
128.36195840845107,1611,364,0,0
129.37254544813769,407,374,0,0
129.45422948163002,1285,98,0,0
129.48992175738354,617,124,0,0
129.51546607772278,919,425,0,0
129.52061779805484,582,292,0,0
129.53453604558317,553,62,0,0
129.71289444751764,935,332,0,0
129.84858067234774,168,1430,0,1
129.85450527585672,953,652,0,0
129.86146283273294,323,62,0,0
129.86790562609798,7943,249,1,0
129.87240037061443,541,199,0,0
129.98649712671173,364,197,0,0
130.05307565455195,1837,172,0,0
130.08762726590692,681,123,0,0
130.09317884189048,816,483,0,0
130.31850007901676,114,1290,0,1
130.3378020083801,633,290,0,0
130.33792644577917,17,1720,0,1
130.56730116288168,7696,496,1,0
130.59626788353216,286,420,0,0
130.60188350533028,613,501,0,0
130.851086992601,570,219,0,0
130.85125649320105,583,257,0,0
130.85616681645485,1593,278,0,0
130.9270166247127,773,191,0,0
130.93135769170084,6,16,0,0
131.98966353427517,12,237,0,0
132.94045559562187,43,445,0,0
132.97273559625282,1580,106,0,0
133.00146438058738,1994,254,0,0
133.57757458969914,768,262,0,0
133.64249156490854,49,287,0,0
133.64480518009452,1046,179,0,0
133.65606808662372,297,59,0,0
133.65932199100453,687,338,0,0
133.72286769519837,352,361,0,0
133.74966132073806,1155,209,0,0
134.061458835909,1466,306,0,0
134.09326866921015,681,30,0,0
134.0973780678728,1487,512,0,0
134.09941274972073,309,311,0,0
134.4878540649693,276,156,0,0
134.73128643210543,450,401,0,0
134.73485593696387,1680,277,0,0
134.73584795135585,335,305,0,0
134.73666667423592,23,12,0,0
134.87468326714324,983,365,0,0
134.88369553925793,852,353,0,0
135.59361775711065,647,284,0,0
135.60197761977162,1005,226,0,0
135.61261211863152,1741,382,0,0
135.62427672456747,41,238,0,0
135.69045419301546,393,162,0,0
136.32284977082813,43,420,0,0
136.32579940430597,1645,41,0,0
136.4204165267272,1148,769,0,0
136.74395409006857,792,510,0,0
136.7585524850678,140,54,1,0
136.76770133027262,1013,639,0,0
136.94680775243742,370,706,0,0
136.95282094277815,1777,299,0,0
136.96435517903535,5630,211,1,0
136.96739686838657,864,197,0,0
136.97458702367777,10,139,0,0
137.0095902794825,8035,157,1,0
137.0522074911451,1683,187,0,0
137.0652306649645,270,197,0,0
137.08944836132724,538,79,0,0
137.09093848959617,354,84,0,0
138.36175759153153,1499,57,0,0
138.3640402254148,13,261,0,0
138.41950473539353,664,234,0,0
138.42351434960906,485,290,0,0
138.4429614324119,1824,259,0,0
138.44329636546308,948,716,0,0
138.44804503990665,698,176,0,0
138.44964104016375,402,204,0,0
138.48543030793007,1028,519,0,0
138.50800268277914,333,123,0,0
138.5109120124597,1446,16,0,0
138.5134654520331,1903,673,0,0
138.55500109511334,1348,291,0,0
138.56178637394206,448,290,0,0
138.6202489132402,597,713,0,0
138.6522658357558,1033,200,0,0
138.65930760739943,712,103,0,0
138.66967072367393,403,3700,0,1
138.67011211564176,949,250,0,0
138.68729743867706,1112,345,0,0
138.69852830554936,22,189,0,0
138.71557972742698,586,315,0,0
139.05077338353817,409,163,0,0
139.0745593553779,530,513,0,0
139.09314135422878,511,768,0,0
139.11101211959505,337,368,0,0
139.11873418884215,691,89,0,0
139.42708997348686,1437,251,0,0
139.44407159782364,387,156,0,0
139.67416281483523,291,562,0,0
139.74916284666182,210,43,0,0
139.7533464321414,10,337,0,0
139.7816786473081,610,548,0,0
139.95328036952813,1402,327,0,0
139.96223542105636,1563,551,0,0
139.98417261284925,144,312,0,0
139.99615727751163,698,3990,0,1
140.00871993947723,80,150,0,0
140.09686976127398,10,314,0,0
140.1005221877441,8074,118,1,0
140.1103129809427,1685,594,0,0
140.135944001547,999,155,0,0
140.13604281325962,695,576,0,0
140.14590506825928,1876,275,0,0
140.16825922938258,715,558,0,0
140.2079805852946,1658,61,0,0
140.21299836386413,67,457,0,0
140.21576992104113,859,274,0,0
140.31935025680974,60,8,0,0
140.32394486103973,434,42,0,0
140.367797296312,92,514,0,0
140.38914686916152,452,364,0,0
140.3932135576934,950,132,1,0
140.40023662766978,101,361,0,0
140.40399509823115,82,13,0,0
140.5344472055709,11,34,0,0
140.5608722153171,1428,148,0,0
140.56145672534055,1486,366,0,0
141.2910511814358,1333,285,0,0
141.58496751923107,1011,263,0,0
141.81561717428417,506,383,0,0
141.8185816386398,1949,12,0,0
141.82534765022717,1319,489,0,0
141.8310737207644,1422,438,0,0
142.17240260607784,623,55,0,0
142.1942921283955,1589,424,0,0
142.22723847909998,412,287,0,0
142.23878882450254,674,432,0,0
142.23995913893654,1077,348,0,0
142.35047350477078,126,251,0,0
143.9807775455334,1330,504,0,0
143.99164198904174,872,201,0,0
143.99479670380435,1167,94,0,0
143.99971688062632,735,23,0,0
144.00502687231182,6510,74,1,0
144.00601849471482,544,235,0,0
144.01267315723356,1116,80,0,0
144.02220568668324,1021,258,0,0
144.02312407549218,7902,290,1,0
144.06658020393667,1187,307,0,0
144.07419518920344,1120,362,0,0
144.07605683633537,135,1050,0,1
144.09602274596025,1031,110,0,0
144.54506217362027,998,980,0,1
144.85008946351903,108,17,0,0
145.03061242726986,907,25,0,0
145.21048060728336,14,617,0,0
145.34589355632062,1018,38,0,0
145.42930270762207,457,48,0,0
145.54154809935173,67,485,0,0
146.65044574485236,1743,369,0,0
146.65961416779348,948,290,0,0
146.76213616902226,327,188,0,0
146.7634383629158,1725,173,0,0
146.83815104240279,800,708,0,0
147.1606218860128,133,232,0,0
147.17074656470572,699,398,0,0
147.7885651372211,8059,133,1,0
147.791622140909,394,177,0,0
148.2406345095634,1605,285,0,0
148.25296666333995,248,285,0,0
148.2960066471079,878,767,0,0
148.30546933224574,536,267,0,0
148.37734146767025,1005,609,0,0
148.39195724671194,258,30,0,0
148.58246014848675,1216,277,0,0
148.6034960392908,523,130,0,0
148.63711636256005,1189,700,0,0
148.64933537952663,1485,106,0,0
148.69673116431326,841,527,0,0
148.7046785640915,62,4040,0,1
148.7171855979419,817,172,0,0
148.7184632156392,620,421,0,0
148.7263760486245,24,530,0,0
148.73546071614416,1594,369,0,0
148.75028393262448,944,510,0,0
148.77227388405421,626,36,0,0
148.7731871677837,1661,188,0,0
148.87079118129012,235,2210,0,1
150.58217970487834,932,204,0,0
150.60338436986822,7,91,0,0
150.6037850808768,73,108,0,0
150.7003632654469,1627,302,0,0
150.7204795370334,499,348,0,0
150.73369602970584,1269,55,0,0
150.7610055961041,1416,397,0,0
150.78171356734688,1027,285,0,0
150.79493794394978,7711,481,1,0
150.8567767746245,506,425,0,0
150.89077227853423,1322,767,0,0
150.9016683574228,455,43,0,0
150.98573744594052,1266,443,0,0
151.24214091932595,355,298,0,0
151.51524577801325,1667,347,0,0
151.51816094659807,71,327,0,0
151.54200035060316,1412,185,0,0
151.6152215869205,397,65,0,0
151.6447544185272,1850,334,0,0
151.66163311775935,591,55,0,0
151.878845119695,802,172,0,0
151.92171433298293,1173,501,0,0
151.9765803404116,16,77,0,0
151.97766926973048,702,82,0,0
151.97893910228228,115,280,0,0
151.98696854855834,879,241,0,0
152.01811019875475,654,42,0,0
152.15492012445816,383,180,0,1
152.15950520864766,1114,264,0,0
152.67133808122537,7580,566,1,0
152.70257187559378,851,309,0,0
152.71113124452302,1650,354,0,0
152.81854191979377,1078,27,0,0
153.20131843308815,1493,476,0,0
153.2265318700498,965,427,0,0
153.25060488587778,1509,734,0,0
153.2889504290982,1268,303,0,0
153.3920821794637,1022,354,0,0
153.4061565654917,1133,122,0,0
153.42650511429207,1155,529,0,0
153.45694630557037,1415,51,0,0
153.47324590880635,539,488,0,0
153.5175620396627,156,2030,0,1
153.52290030690773,9,286,0,0
153.52333242169937,19,406,0,0
153.5307829966037,411,74,0,0
153.54069614942165,1232,222,0,0
154.425904985042,270,187,0,0
154.59630815005616,1538,426,0,0
154.6407647830883,1541,492,0,0
154.64847830554638,509,222,0,0
154.65043147269324,638,92,0,0
154.6558045299522,558,751,0,0
154.7090108790396,3087,86,0,0
154.72389363655324,785,351,0,0
154.7263865107086,7926,266,1,0
154.75464516695837,300,94,0,0
154.7596814236444,1089,73,0,0
154.80611016768705,507,586,0,0
155.63683093811005,196,342,0,0
155.7462763989774,7810,382,1,0
155.74641302429362,825,321,0,0
155.92373821771517,7767,425,1,0
155.9304009041623,19,716,0,0
155.96335262041302,1205,960,0,1
156.0007254708977,711,52,0,0
156.03144466524114,120,125,0,0
156.03199479152929,14,315,0,0
156.26686668576716,351,318,0,0
156.2697341991131,367,257,0,0
156.27288078243714,17,33,0,0
156.30359736318113,7594,598,1,0
156.38204794351964,702,191,0,0
156.38818903771795,3180,227,1,0
156.38899959864355,1305,191,0,0
156.43361725056815,767,768,0,0
156.4444127341547,925,38,0,0
156.5491873093527,871,441,0,0
156.7738717330507,1394,633,0,0
156.7755095343369,1948,198,0,0
156.77704770200694,868,13,0,0
156.79094201909038,5,23,0,0
156.79440249685098,540,6470,0,1
157.35798648187995,1569,250,0,0
157.3824137318053,10,335,0,0
157.40749450384746,281,317,0,0
157.4399214060198,1240,240,0,0
157.8281359786266,318,52,0,0
157.87558258253998,1581,160,0,0
157.98086548921398,108,265,0,0
157.9860842395975,8,305,0,0
158.0782141575918,7893,299,1,0
158.08775957346478,1642,354,0,0
158.0945958760613,30,260,0,0
158.10110300507424,454,337,0,0
158.3205877157849,16,300,0,0
158.33117014035432,434,388,0,0
158.37609769481938,1224,384,0,0
158.40075597147975,1440,276,0,0
158.4564066204375,218,212,0,0
158.46264433280564,467,524,0,0
158.4640453212524,1565,420,0,0
158.4743549241638,646,148,0,0
158.49842529608344,652,240,0,0
158.50198330757405,832,84,0,0
158.52021438349422,1526,360,0,0
158.59381265968844,1035,115,0,0
158.59416436253414,1209,195,0,0
158.97667285652665,606,277,0,0
159.1193933089663,10,617,0,0
159.15539780267187,4,218,0,0
159.36326293994583,194,185,0,0
159.36361979335493,94,431,0,0
159.3918012849702,491,89,0,0
159.4356999118622,861,212,0,0
159.48962511385812,887,90,0,0
159.53934394948354,1730,417,0,0
160.32788307051064,393,35,0,0
160.41002006403443,660,157,0,0
160.41600335589376,276,204,0,0
160.41712707827335,1490,6,0,0
160.42007682234788,1052,452,0,0
160.42959685662584,1518,33,0,0
160.46047954106834,363,173,0,0
160.48003905807215,902,385,0,0
160.51307648162637,777,422,0,0
160.51940295655498,654,890,0,1
160.5283139063783,1515,150,0,0
160.57132323299152,1367,33,0,0
160.58357270096474,344,96,0,0
160.58867953234184,726,688,0,0
160.5963803394175,1093,737,0,0
160.64502273039304,1060,388,0,0
160.65169639214767,1648,2550,0,1
160.66186417040564,1423,547,0,0
161.37819520939902,878,464,0,0
161.3929432183301,468,282,0,0
161.42089157912747,303,17,0,0
161.59470626702708,355,521,0,0
162.19444442953852,1212,767,0,0
162.2688377532844,809,130,0,0
162.27026170358835,8042,150,1,0
164.5036702864094,596,65,0,0
164.50671323747116,136,563,0,0
164.5085205608726,12,299,0,0
164.5121408958563,351,341,0,0
164.85319979110048,413,305,0,0
164.8699630538736,1662,132,0,0
164.87036907722606,505,545,0,0
165.6528870452426,1398,411,0,0
165.65368538315767,597,139,0,0
166.43170078614966,558,314,0,0
166.43181433940802,404,257,0,0
166.44588538532972,31,4160,0,1
166.4651089654208,1124,402,0,0
166.470635755921,1565,12,0,0
166.48637314845772,1508,48,0,0
166.64252541364039,381,262,0,0
166.6696279465966,497,110,0,0
166.7469637909331,1518,124,0,0
166.77033761286012,15,284,0,0
166.79734322458808,31,343,0,0
166.80312212517092,1000,261,0,0
166.81939760724237,7886,306,1,0
166.93191333666758,1006,767,0,0
167.10137480888318,213,65,0,0
167.1031713407529,823,413,0,0
167.1084621400353,548,557,0,0
167.13466406328857,7448,744,1,0
167.14892554845818,1412,610,0,0
167.15255923947564,780,35,0,0
167.15285950382125,200,177,1,0
167.18516828249673,1541,167,0,0
167.18971794898934,595,651,0,0
168.32201886680554,235,324,0,0
168.5171138737061,646,89,0,0
168.56118724568375,1540,802,0,0
168.56253416672735,1779,392,0,0
168.56686653210048,1534,344,0,0
168.7410104352009,1596,303,0,0
168.74486675404643,51,181,0,0
168.75622864685596,1890,317,0,0
168.8009965016573,387,243,0,0
168.86442222897466,1829,227,0,0
168.8735759763584,490,34,0,0
168.92562005007903,359,291,0,0
168.9262765555595,382,145,0,0
168.94474105198367,186,86,0,0
168.95932492241448,308,345,0,0
169.5003591407442,1465,473,0,0
169.54389080383172,311,380,0,1
169.5440990200583,294,138,0,0
169.95450960065494,462,213,0,0
174.315076891556,347,405,0,0
174.3732776173141,1243,770,0,0
174.44918834650136,513,62,0,0
174.91059544390706,1623,62,0,0
174.9289669467946,1899,310,0,0
174.9459902647731,1100,526,0,0
174.9767124405543,901,287,0,0
174.97673622974798,1392,237,0,0
174.98269686392388,1181,335,0,0
175.0537598424652,1464,541,0,0
175.1157087341922,1529,174,0,0
175.11655375026507,21,217,0,0
175.12762481333672,975,232,0,0
175.1334997449397,318,523,0,0
175.13771320854173,1485,163,0,0
175.25556153184598,820,201,0,0
175.2585774453683,969,230,0,0
175.26995443751414,317,330,0,0
175.33446371909255,974,303,0,0
175.33720127691976,1547,620,0,0
175.35380099416594,218,165,0,0
175.3561322753272,77,292,0,0
175.37230183632002,568,15,0,0
175.38571022982552,693,33,0,0
175.44559257729563,10,230,0,0
175.45218938377067,8,64,0,0
175.46148391887297,697,328,0,0
175.4621330172427,748,362,0,0
175.4666735789034,1684,384,0,0
175.46868665443247,544,38,0,0
175.46986968183603,7840,215,1,0
175.47762943052908,569,318,0,0
175.49347902420578,575,101,0,0
175.50759723615909,1179,225,0,0
175.6576874640539,549,29,0,0
175.66306061357335,1102,683,0,0
175.66674539741908,380,115,0,0
175.6669626371583,1041,194,0,0
175.82585115053982,1459,224,0,0
175.89428002912595,1689,311,0,0
175.9547520685514,582,268,0,0
175.95833345373154,18,174,0,0
175.96326062629507,960,148,0,0
175.96859089954873,165,192,0,0
175.96981052894864,2210,215,1,0
176.00549904164433,98,250,0,0
176.01924856274738,9,78,0,0
176.2167129384215,27,550,0,0
176.24132939131792,646,46,0,0
176.25252098815562,313,235,0,0
176.31697681064784,711,590,0,0
176.38848866972376,480,363,1,0
176.39040257415942,1710,333,0,0
176.3910621833082,1005,3040,0,1
176.392677679486,573,320,0,0
176.50182704716724,323,216,0,0
176.5632694151227,1706,401,0,0
176.82080966871294,1876,168,0,0
176.84065006700544,1371,341,0,0
176.87807236663335,1731,266,0,0
176.88595481778447,566,85,0,0
177.79709237067857,632,282,0,0
177.86750967022022,1688,24,0,0
178.26580458876748,480,488,0,0
178.31303660815414,314,224,0,0
178.31686114440083,974,270,0,0
178.44803445403198,1354,494,0,0
178.4488687050521,803,297,0,0
178.53857585724978,1538,519,0,0
178.55249481497623,800,320,0,0
178.59216392213352,1313,595,0,0
178.59375952424327,7994,198,1,0
178.61435328319544,927,6,0,0
178.61933212055442,1190,244,0,0
178.62252804728402,248,184,0,0
178.91951943339012,990,212,0,0
178.96956107240828,8,117,0,0
178.97793527837183,1932,85,0,0
178.9826325162268,389,176,0,0
178.9909088299872,593,112,0,0
179.0155479812153,1421,321,0,0
179.0496050375542,63,4,0,0
179.07080702817856,809,666,0,0
179.071365096499,627,95,0,0
179.08961614036883,11,190,0,0
179.11810278452938,1009,295,0,0
179.1963428648552,1209,2840,0,1
179.21290901862352,1328,422,0,0
179.22570843363098,447,495,0,0
179.2458276060044,1585,767,0,0
179.25182764365738,822,216,0,0
180.36687492047804,1294,109,0,0
180.3706989203093,1149,426,0,0
180.37321318401325,95,103,0,0
180.40355107760382,1484,189,0,0
180.43297378383974,482,158,0,0
180.49588284878897,1144,398,0,0
180.50811102606505,416,768,0,0
180.51373813267324,1280,179,0,0
180.5167414145688,1142,247,0,0
180.53423372531427,642,463,0,0
180.56382917576803,23,1630,0,1
180.57960858383998,518,29,0,0
180.58110608004864,625,346,0,0
180.58237241485477,39,608,0,0
180.73903658330158,1413,231,0,0
180.75730282565263,174,187,0,0
180.76944805041097,1101,767,0,0
181.39048145207283,875,146,0,0
181.49923326353962,1834,276,0,0
181.5004591965915,1978,175,0,0
181.50989241095616,364,3540,0,1
181.62811667384014,970,463,0,0
181.6890437401996,1369,253,0,0
181.72128073414083,196,81,0,0
182.1397255467507,835,429,0,0
182.14095656500658,1041,1990,0,1
182.23331394965746,246,228,0,0
182.2397357621988,1571,409,0,0
182.44573717957513,329,27,0,0
182.46222706708664,972,715,0,0
182.46297139173447,33,444,0,0
182.49365119826717,1694,96,0,0
182.4937737237826,63,148,0,0
182.66438266227877,600,39,0,0
182.70112576660705,1137,373,0,0
182.90503484662764,815,150,0,0
182.9401378118456,1589,288,0,0
182.9684919713184,41,497,0,0
183.3285090376398,27,143,0,0
183.4274530647455,537,38,0,0
183.428540786558,236,265,0,0
183.435519444956,30,354,0,0
183.82684989390833,1092,147,0,0
183.82867247710087,413,390,0,0
183.8302116562705,779,422,0,0
183.8337871321751,579,120,0,0
183.834727449788,1469,153,0,0
183.85837842892425,1649,1380,0,1
183.87020673075762,669,514,0,0
184.0018736693008,636,281,0,0
184.0117563371413,581,295,0,0
184.44461510006641,1104,590,0,0
184.45437603083803,1572,230,0,0
184.56153297923603,793,88,0,0
184.74737005495484,904,122,0,0
184.78474172006725,1136,763,0,0
184.7965346145257,1534,640,0,0
184.7977241804125,68,33,0,0
184.79964050863666,1554,275,0,0
184.85112022244925,792,147,0,0
184.85892381722627,1941,305,0,0
184.91581988331302,37,567,0,0
184.9200461183587,1362,455,0,0
184.93711140936537,11,201,0,0
184.95645575170178,1115,290,0,0
185.02964868950679,213,416,0,0
185.03795137294202,555,264,0,0
185.10897965152154,525,320,0,0
185.10959872961044,1064,148,0,0
185.11087974846546,20,231,0,0
185.13132162791567,182,210,0,0
185.14358378084174,1745,273,0,0
185.18680380105937,1381,132,0,0
185.1874596130203,22,182,0,0
185.21715883868126,16,388,0,0
185.21771925019715,15,246,0,0
185.45208918858123,1417,166,0,0
185.45601717024826,796,238,0,0
185.46279847320864,80,328,0,0
185.51560781148598,1643,315,0,0
185.5513892478471,592,233,0,0
185.5571457647409,1138,449,0,0
185.56909872609836,321,135,0,0
186.0871881434658,1408,23,0,0
186.08984884910907,622,292,0,0
186.4771321990322,783,223,0,0
186.48324001647404,1169,546,0,0
186.48486614608552,864,119,0,0
186.7224039260276,736,372,0,0
186.78894442288296,400,135,1,0
186.81204976640188,247,370,0,0
186.96282493917883,1468,3790,0,1
186.97735575468536,82,180,0,0
186.9855748994013,1335,320,0,0
187.0484367252418,808,72,0,0
187.08620768766963,674,102,0,0
187.0919103608296,969,456,0,0
187.36597401911814,10,361,0,0
187.4195769954147,1626,589,0,0
188.01263185447914,1385,2940,0,1
211.44474048611875,7820,12,1,0
211.44667304129587,975,488,0,0
211.52077433741897,1455,160,0,0
211.5728754251349,336,72,0,0
211.5752356088248,321,440,0,0
211.64406794566779,231,255,0,0
211.64421509682776,24,481,0,0
211.64627532794282,963,6440,0,1
211.75310978755206,480,198,1,0
211.7544354987054,522,7670,0,1
211.75987023274303,8,413,0,0
211.77677007697173,1289,434,0,0
211.77823447693396,924,4970,0,1
211.78312177421387,286,60,0,0
211.82058650060816,1675,316,0,0
211.84259997898246,449,341,0,0
211.85391313752268,434,314,0,0
212.1044505882662,1359,5180,0,1
212.11669804646442,569,433,0,0
212.2016808526808,953,23,0,0
212.2237060882458,1151,46,0,0
212.22492271310523,1485,204,0,0
212.227816984653,1824,144,0,0
212.2821449327324,316,423,0,0
212.2832345318494,610,753,0,0
212.31136414540916,1680,110,0,0
212.3807139291288,1010,317,0,0
212.38280473341254,3330,348,1,0
212.38330446639046,108,269,0,0
212.55234668230432,15,177,0,0
213.13948063890555,225,160,0,0
213.1695327917808,893,607,0,0
213.74757345490525,911,256,0,0
213.80927785864074,1538,421,0,0
213.81564454050687,466,725,0,0
213.84175667322904,19,228,0,0
213.9163234957359,18,282,0,0
213.91635458038763,984,215,0,0
213.948881404848,332,49,0,0
214.17985827187178,143,217,0,0
214.26064297182296,997,197,0,0
214.27020926002072,549,105,0,0
214.28045045904634,296,75,0,0
214.2808892669835,754,34,0,0
214.379111588174,525,125,0,0
214.3793385344779,3060,205,1,0
214.4672350421051,7991,201,1,0
214.50782533638684,1022,769,0,0
214.51608979299914,171,157,0,0
214.5679985582577,1854,399,0,0
214.69556982611283,527,231,0,0
214.70225364899545,1369,295,0,0
214.70349160929712,1541,285,0,0
214.81893453409666,678,231,0,0
214.83437526583256,812,73,0,0
214.86577235660934,1822,278,0,0
214.86785676702323,169,34,0,0
215.18111584438643,282,218,0,0
215.29154572991973,740,164,0,0
215.29279669574757,9,238,0,0
215.29324998294703,1516,487,0,0
215.32361234487223,315,10,0,0
215.3362004057785,426,198,0,0
215.34117085568886,7928,264,1,0
215.34537759377235,1144,50,0,0
215.36011532804446,1562,102,0,0
215.38410965737953,1279,223,0,0
215.4100500026528,676,217,0,0
215.9594396565109,241,107,0,0
216.38243348399874,27,285,0,0
216.38262246297367,599,1410,0,1
216.49215647060726,365,325,0,0
216.78623721888013,1593,383,0,0
216.7869594752854,777,393,0,0
216.79211757887487,801,88,0,0
216.79959568519376,1569,319,0,0
216.8852545924076,449,536,0,0
216.92684080417558,313,485,0,0
216.9611194113139,1845,262,0,0
216.98921766902586,269,279,0,0
217.11426007291163,134,326,0,0
217.150794627548,906,237,0,0
217.1535366499621,20,260,0,0
217.15627301465977,752,7440,0,1
217.16135852132723,1087,217,0,0
217.88856796738906,479,239,0,0
217.9295994049744,630,5190,0,1
218.01339573365647,245,287,0,0
218.61899345661368,684,99,0,0
218.66216881165602,1114,196,0,0
218.66252964394326,1879,207,0,0
218.69923238086562,297,289,0,0
218.7051319397553,1824,32,0,0
218.71172800655916,5692,2500,1,1
218.71638474861547,442,761,0,0
218.73081557742827,686,541,0,0
218.73249089152316,1505,429,0,0
218.8687976509826,1690,444,0,0
218.9399273483288,1351,118,0,0
218.9869781323195,752,7440,0,1
219.02837935359688,1064,365,0,0
219.03068852160564,414,330,0,0
219.14221573093164,218,2570,0,1
219.14491674792967,1264,236,0,0
219.1456384036199,80,292,0,0
219.15546397728787,1827,63,0,0
219.1808234022378,49,113,0,0
219.20908717449328,24,18,0,0
219.38042263310214,661,595,0,0
219.38948024814255,408,345,0,0
219.62282611379905,120,505,0,0
220.09232363557854,76,6090,0,1
220.13369234955752,598,393,0,0
220.1362543584976,933,182,0,0
220.44193706698306,1195,19,0,0
220.46350790764194,1634,33,0,0
220.49242010699996,786,3900,0,1
220.49357562132016,322,34,0,0
220.49410356033792,590,399,0,0
220.99321410843288,56,125,0,0
221.0965337534112,1660,189,0,0
221.10096910317984,740,164,0,0
221.10948662698726,465,310,0,0
221.1113306274499,1167,94,0,0
221.1315061469912,390,681,0,0
221.13183848326554,381,62,0,0
221.2362322858057,64,117,0,0
221.28307216766115,932,20,0,0
221.4769649425115,27,104,0,0
221.50112088318636,255,405,0,0
221.57292948710568,1067,47,0,0
221.6221198235908,23,180,0,0
221.6794264736726,922,349,0,0
221.68561717420963,679,144,0,0
221.87052322632388,1384,56,0,0
221.8719638765788,8172,20,1,0
221.87870374264577,1646,27,0,0
221.89577109661974,548,336,0,0
223.90005533321153,35,163,0,0
223.9027873673416,1563,40,0,0
223.93783558903735,1750,448,0,0
223.9833354765373,5430,351,1,0
223.9840343565715,1899,320,0,0
226.5559665827007,920,769,0,0
226.716215395067,392,178,0,0
226.75274536765966,71,336,0,0
226.7655436600958,1462,767,0,0
226.85859631479428,1747,287,0,0
226.85879094472614,13,196,0,0
227.3716972552184,384,314,0,0
227.38167213193051,67,3020,0,1
227.53093115744488,83,104,0,0
227.53336156317872,34,473,0,0
227.53879976705852,711,178,0,0
227.53895778602953,366,12,0,0
227.54930853818706,1952,273,0,0
227.5653063960508,1376,467,0,0
227.56978968589192,110,105,0,0
228.00154083808175,104,140,0,0
228.0149497256246,315,116,0,0
228.02901760638449,1146,741,0,0
228.03162930790003,1559,432,0,0
228.08882747132452,350,101,0,0
228.0954345018477,41,527,0,0
228.10932282208526,1312,388,0,0
228.1115965685544,1122,127,0,0
228.29445559496423,398,22,0,0
228.58159226330267,7873,319,1,0
228.59148322885423,821,63,0,0
228.6320994366227,76,228,0,0
228.63730164495706,9,229,0,0
228.7668563321439,24,330,0,0
228.88645219932116,710,772,0,0
228.89098332617564,706,371,0,0
228.95495311804964,152,15,0,0
228.95544983247555,504,110,0,0
228.970139908006,1258,288,0,0
228.9724631230535,893,263,0,0
229.00038662054294,1581,20,0,0
229.0298269830638,198,299,0,0
229.03108638378112,463,238,0,0
229.0329469874756,496,594,0,0
229.03956670708513,496,291,0,0
229.0489744030664,348,143,0,0
229.0595633157508,1342,388,0,0
229.08224160364063,763,258,0,0
229.08954605160338,1672,356,0,0
230.0513300947791,562,147,0,0
230.09494600086558,33,390,0,0
230.10011137933537,950,199,0,0
230.32051668751208,318,347,0,0
230.39050565897412,1674,468,0,0
230.5865738766143,1372,274,0,0
230.78315108441902,247,281,0,0
230.78542362470984,7,192,0,0
230.7947599571266,10,9,0,0
230.81054347568195,297,24,0,0
230.81150711057418,936,97,0,0
230.87376880406336,776,74,0,0
230.87827577961139,11,35,0,0
230.95574052731598,1465,341,0,0
231.04670450999623,1095,22,0,0
231.05562598624766,657,33,0,0
231.05608029846948,723,224,0,0
231.13401516720756,231,166,0,0
231.13827121749793,255,331,0,0
231.20598768948216,385,624,0,0
231.2063942129593,568,73,0,0
231.57124124623786,1235,190,0,0
231.60150954913934,7822,370,1,0
231.6954163947707,900,211,0,0
231.72309942144412,6,1190,0,1
232.06853320391608,802,21,0,0
232.62568264210407,709,188,0,0
232.63071828752538,8112,80,1,0
232.6410553552586,1155,262,0,0
232.70665459290737,507,244,0,0
232.82924765891661,34,719,0,0
232.82957363236238,1026,415,0,0
232.86619515920773,108,333,0,0
232.86756591376846,61,2650,0,1
233.1342124965388,496,335,0,0
233.18583612840604,1368,118,0,0
233.1894457114408,985,309,0,0
233.19354319750403,686,18,0,0
233.84205049434817,1868,277,0,0
234.85403415558764,1970,319,0,0
234.8757382368069,721,99,0,0
234.8863666292843,898,349,0,0
234.9763775039898,1323,405,0,0
234.97991103490622,1151,426,0,0
235.00039873728514,1700,257,0,0
235.0565667159443,824,35,0,0
235.11530132630705,569,127,0,0
235.1908503274515,1520,143,0,0
235.20836986006242,1162,237,0,0
235.22310678568678,1082,159,0,0
235.22493909101667,1401,447,0,0
235.22544632616123,491,246,0,0
235.28166962976482,12,1940,0,1
235.29744930659908,29,132,0,0
235.76242135707656,770,365,0,0
235.83379215817308,1579,705,0,0
235.83465926528297,1142,484,0,0
235.97373074345612,1016,619,0,0
235.97803057258722,249,149,0,0
235.99008484685737,863,192,0,0
235.99564488817694,277,237,0,0
235.99603856768155,185,213,0,0
236.43657792737469,644,105,0,0
236.45123306741797,7919,273,1,0
236.49361416050527,147,39,0,0
236.5018252930976,749,130,0,0
236.50448696379888,412,176,0,0
236.5099379321419,20,395,0,0
237.12235071010002,1051,225,0,0
237.12836703540256,139,246,0,0
237.130239764049,970,315,0,0
238.21703167752895,309,271,0,0
238.22646327884192,389,371,0,0
238.2306672783878,1048,289,0,0
238.40761411192358,495,266,0,0
238.41135669047813,89,629,0,0
238.45274972171336,278,57,0,0
238.47082947716447,529,296,0,0
238.47412757512473,1642,452,0,0
238.47554436439378,7190,595,1,0
238.73104979239045,997,29,0,0
238.85134325625754,7,238,0,0
239.84359865140706,9,26,0,0
239.86869932626297,18,192,0,0
239.88535899233844,1147,145,0,0
239.92145214754515,59,48,0,0
239.98572647223583,1590,416,0,0
240.23393358651123,769,395,0,0
240.2343687095269,195,219,0,0
240.39302608395036,432,290,0,0
240.40393303896224,24,342,0,0
240.44191218364688,884,443,0,0
240.44661989315065,459,77,0,0
240.47027695812687,219,232,0,0
241.20127672775712,591,347,0,0
241.20165959616543,1655,59,0,0
241.25333837382246,364,371,0,0
241.27608954703953,708,732,0,0
241.28776797897376,1411,347,0,0
241.3084635885528,535,321,0,0
241.3606411421171,343,197,0,0
241.36983008163986,27,86,0,0
241.38916828693903,517,392,0,0
241.40435265476145,592,7600,0,1
241.4371002627555,1245,320,0,0
241.44780739298452,667,312,0,0
241.46460429508136,766,97,0,0
241.5737125677429,204,120,0,0
241.6238903356297,1382,87,0,0
241.94130845151125,1123,421,0,0
241.95121901765754,155,202,0,0
241.95167094831243,197,216,0,0
241.9695247668096,8149,43,1,0
241.97277688332883,5132,3060,1,1
241.97552875662618,1230,311,0,0
242.00809102572836,1542,234,0,0
242.01824590105605,154,140,0,0
242.05799742174295,1242,105,0,0
242.61188734230123,788,651,0,0
243.28922128791865,1693,31,0,0
243.33598087749922,1630,353,0,0
243.4170007511672,113,34,0,0
243.5486422016582,1096,3860,0,1
243.80053449444057,609,219,0,0
243.80197461189826,1539,745,0,0
243.80269406529433,270,508,0,0
244.15744265248318,726,353,0,0
244.16141389287586,198,348,0,0
244.16179805517908,378,353,0,0
244.17877544696287,215,203,0,0
244.18145985438935,1279,516,0,0
244.39362272738109,1823,133,0,0
244.6276989311662,116,138,0,0
244.66920776307285,1179,269,0,0
244.68164273958013,625,262,0,0
244.70556936189766,1553,749,0,0
244.71210126501344,8,3510,0,1
244.73288420533262,564,26,0,0
244.76107330734118,1713,69,0,0
244.76771802319487,532,616,0,0
244.77613294025298,1342,678,0,0
244.7843149808961,393,244,0,0
245.31080887787581,1164,335,0,0
245.3302262978787,35,306,0,0
245.3327473262723,406,3300,0,1
245.52728592324445,740,270,0,0
245.53951635392391,1353,340,0,0
245.5459830162642,283,279,0,0
245.54605940224945,1185,769,0,0
245.5489700617013,12,549,0,0
245.5500227307917,10,34,0,0
245.56308337804202,1427,187,0,0
245.5707951548596,403,437,0,0
245.59376796221517,1653,444,0,0
245.6207133383351,1021,583,0,0
245.62292618749112,1187,770,0,0
245.62311258230224,18,722,0,0
245.66319159995487,1305,313,0,0
245.67044328005403,696,474,0,0
245.67347723656565,886,41,0,0
245.674954407271,1039,80,0,1
245.6770370242433,1216,769,0,0
248.98891462904837,885,389,0,0
248.995592672142,8,94,0,0
249.04328587506888,18,237,0,0
249.04735185200974,1403,39,0,0
249.04817035592214,23,136,0,0
249.17370763368635,1656,50,0,0
249.4168394140489,73,44,0,0
249.8850581756476,1705,312,0,0
249.90829205814748,210,466,0,0
249.91881274472544,528,220,0,0
250.09550553594735,32,105,0,0
250.14006727939702,378,451,0,0
250.38071119396255,1107,22,0,0
250.4968770707308,973,351,0,0
252.22378627484284,384,296,0,0
252.24604577783106,198,179,0,0
252.29238607708697,864,273,0,0
252.29358710636552,53,75,0,0
252.45638252415907,473,739,0,0
252.4641536215207,637,152,0,0
252.67381088971996,1619,510,0,0
252.67599684866497,1520,663,0,0
252.72308735380597,924,34,0,0
252.7263902652215,90,120,0,0
252.72924896394392,228,429,0,0
252.73610032251185,1774,37,0,0
264.437159460787,1250,242,0,0
264.45621145640064,971,464,0,0
264.4573983951154,1325,533,0,0
264.59861318278683,935,332,0,0
264.6250845590471,502,107,0,0
264.6282198381098,1665,147,0,0
264.85477237314126,857,563,0,0
264.8569072737832,1818,200,0,0
264.8593756454822,1871,238,0,0
264.8600601717668,633,241,0,0
264.87798220819195,861,290,0,0
264.88379423568165,1160,325,0,0
264.9256906273255,1066,108,0,0
265.70998217012016,860,93,0,0
265.71121590969625,1644,156,0,0
265.7222305659304,556,257,0,0
265.73914673833815,675,237,0,0
265.8576530165166,13,484,0,0
265.8697788410797,946,187,0,0
265.87423968286004,1245,769,0,0
265.9546686089339,954,375,0,0
265.9607658960604,1482,302,0,0
265.9761340225847,70,765,0,0
266.05531312850684,7,235,0,0
266.0790517411804,1108,285,0,0
266.3731014397415,11,27,0,0
266.52215573858774,58,2870,0,1
266.5257558477299,346,191,0,0
266.56521401639463,283,428,0,0
266.59138500388207,781,298,0,0
266.59516180569943,297,396,0,0
266.6126884606292,17,496,0,0
266.6888340759416,332,430,0,0
266.7426073604001,178,291,0,0
266.8245545296554,605,63,0,0
266.82860468077206,40,550,0,0
266.8393570083507,1400,255,0,0
266.9102123960431,331,226,0,0
266.91253185225224,1021,370,0,0
266.9171363001237,738,252,0,0
267.13884746579924,1567,225,0,0
267.14316269131,827,331,0,0
267.1525749334424,692,78,0,0
267.82459549626117,1250,465,0,0
267.83374061693985,66,184,0,0
267.8528134701791,1738,755,0,0
267.85413034220704,40,188,0,0
267.8645231608291,773,705,0,0
267.87080006524735,1167,206,0,0
267.87218633267014,307,184,0,0
267.87260113533085,326,286,0,0
267.8788271509986,570,389,0,0
267.88512415712773,623,345,0,0
267.9153812060505,194,65,0,0
268.2321706262599,698,405,0,0
268.2587886476831,189,131,0,0
268.3079265757276,625,204,0,0
268.31189281537405,518,281,0,0
268.3229186991043,1622,133,0,0
268.40608195479484,611,162,0,0
268.78105612568663,8,118,0,0
268.78224294824304,1698,16,0,0
268.8073548421778,1946,84,0,0
268.93503458237416,1466,187,0,0
268.94353806658347,608,470,0,0
269.2470240502531,20,344,0,0
269.25267823584585,1007,240,0,0
269.26703007993405,229,330,0,0
269.30915381212094,923,477,0,0
269.31092497237364,833,107,0,0
269.3172281045362,643,477,0,0
269.341422571972,1242,248,0,0
269.3603920357768,1694,376,0,0
269.6186120194247,39,177,0,0
269.62828844484136,155,31,0,0
269.6445310821262,689,18,0,0
269.6487117133443,301,4550,0,1
269.65372620179085,37,212,0,0
269.75244359994923,718,97,0,0
269.8929951405003,298,2310,0,1
269.92884856846536,1496,41,0,0
269.9698921384144,1362,456,0,0
269.9760923180736,813,764,0,0
270.0037564571076,1522,172,0,0
270.7263346134748,930,142,0,0
271.26763953782176,1283,374,0,0
271.26782440869374,7,1020,0,1
271.3161319513025,1530,310,0,0
271.64531168973053,70,30,1,0
271.648316111535,25,629,0,0
271.7367239476291,199,310,0,0
272.015544958013,563,294,0,0
272.01700276953534,740,41,0,0
272.0388019744022,1000,2620,0,1
272.07185534026,770,614,0,0
272.08434860677795,565,345,0,0
272.08483882069066,1365,327,0,0
272.12376151955215,7955,237,1,0
272.2924060435506,70,32,0,0
272.29521003018596,341,165,0,0
272.29677785211953,1844,252,0,0
272.39667448507663,242,222,0,0
272.39938905682925,675,34,0,0
272.41304858849355,340,708,0,0
272.4532544386554,1034,455,0,0
272.4577701041485,250,283,0,0
272.4853958425744,864,291,0,0
272.5249194893379,68,305,0,0
272.53457474571326,53,469,0,0
272.5347703921871,960,212,0,0
272.5373392474587,81,340,0,0
272.56242209544376,235,369,0,0
272.5631851939046,301,48,0,0
272.5638510496841,1348,765,0,0
272.5830598156788,37,285,0,0
272.61053124429174,477,162,0,0
272.6118670119318,367,669,0,0
272.68281962867803,1092,494,0,0
272.70973365753605,605,1770,0,1
272.7106982145948,355,87,0,0
272.7733161005727,11,251,0,0
272.77391424453515,583,714,0,0
272.7851702943768,8093,99,1,0
272.8573902355856,79,60,0,0
272.8801738069447,165,361,0,0
272.88349279878355,1221,520,0,0
272.8871826148059,1296,408,0,0
273.54207333396266,4170,287,1,0
273.5448557621544,5,108,0,0
273.7152072084395,683,450,0,0
273.7310253815286,913,66,0,0
273.74086209293847,930,162,0,0
273.75328942060395,814,433,0,0
274.49033479485877,1276,307,0,0
274.49303693083056,22,257,0,0
274.5325842883406,1627,525,0,0
274.55405777855356,575,1570,0,1
274.617110901673,854,547,0,0
274.6179730899818,756,100,0,0
274.66078676251936,694,126,0,0
274.6970598171659,2090,103,1,0
274.7077293863651,12,6280,0,1
274.7884430842535,1180,281,0,0
274.7888443567251,1974,274,0,0
274.7897002853501,1089,353,0,0
274.7962304558726,613,735,0,0
275.20393261590095,1392,224,0,0
275.219265147363,317,303,0,0
275.23510865170914,669,169,0,0
275.4298180272039,4,103,0,0
275.4565530703113,1563,79,0,0
275.46339851475824,437,31,0,0
276.30980597749954,1131,357,0,0
276.3903802177202,1689,307,0,0
276.4348226362581,930,288,0,0
276.44288950021047,933,105,0,0
276.49932042365396,1359,88,0,0
276.50046470777454,8156,36,1,0
276.521395350297,700,578,0,0
276.56506421444965,899,161,0,0
276.74594270256597,130,107,1,0
277.0298922297976,10,767,0,0
277.07993348736477,293,613,0,0
277.2739944435,1830,302,0,0
277.28118793468315,1105,264,0,0
277.2951432678539,536,455,0,0
277.3319798887729,435,427,0,0
277.56965714359677,60,631,0,0
277.64903025479197,936,155,0,0
277.65025191887884,161,306,0,0
277.65053331058544,419,235,0,0
277.6818536824024,6150,11,1,0
277.6836025528724,1162,104,0,0
277.68584995013555,6,6200,0,1
277.73618383034585,666,188,0,0
277.7596194214021,1160,257,1,0
278.020964694992,1468,379,0,0
278.02480447904753,780,770,0,0
278.0287987945425,14,14,0,0
278.0917482717805,14,196,0,0
278.56985767259454,2050,302,1,0
278.9544857467144,15,1350,0,1
278.95566058533467,644,316,0,0
278.96135741384666,193,150,0,0
279.0379260790463,1449,416,0,0
279.14909605758487,1706,80,0,0
279.15755184375126,1835,279,0,0
279.1602780762521,10,399,0,0
279.164543434314,735,269,0,0
279.7383502623931,1804,480,0,0
279.7948521142362,1057,122,0,0
279.7949719423595,302,295,0,0
279.79513378057874,29,262,0,0
279.8494483766925,333,151,0,0
279.8519675204082,1121,387,0,0
279.8892230106184,929,299,0,0
279.8972390765349,1861,367,0,0
279.90032729026325,1205,480,0,0
279.9337470112099,478,211,0,0
279.9354999681331,289,232,0,0
280.0140479100522,1003,129,0,0
280.0165906869652,1800,306,0,0
280.0188235212035,1188,265,0,0
280.0208962121317,350,353,0,0
280.04631381729445,1156,23,0,0
280.3277419992915,1681,348,0,0
280.34826912013995,246,228,0,0
280.4521348424114,874,645,0,0
280.45565050136776,19,15,0,0
280.7544138495422,8053,139,1,0
280.7579228027281,460,257,0,0
280.75982800648035,85,294,0,0
280.8463272837709,1052,60,0,0
280.94100841480156,5,171,0,0
281.3882010015191,771,724,0,0
291.9885885118543,787,206,0,0
291.9983285127434,774,501,0,0
292.20368711549685,473,216,0,0
292.2068216079294,181,559,0,0
292.2481522415564,398,34,0,0
292.2491467133505,1031,589,0,0
293.61023910008726,1766,555,0,0
293.66498510676666,1395,103,0,0
293.69708367133535,483,288,0,0
293.70278144678986,341,400,0,0
293.7356358949907,191,161,0,0
293.7513282186615,826,15,0,0
293.9159989002316,1498,328,0,0
293.928925783908,456,201,0,0
293.9312664940968,5220,546,1,0
294.00209829803777,1301,74,0,0
294.0313482566706,1561,600,0,0
294.047626100056,1323,224,0,0
294.2604644279493,177,373,0,0
294.2632492665278,1794,643,0,0
294.2710279452651,422,357,0,0
294.31363077545905,598,80,0,0
294.34739897953574,11,208,0,0
294.3521928473397,274,187,0,0
294.35400356960616,1242,1530,0,1
294.472840575716,972,56,0,0
294.6096101030337,102,103,0,0
296.18635950986385,1446,328,0,0
296.2001733037795,1778,99,0,0
296.24172449294866,483,554,0,0
296.25744581417206,941,29,0,0
296.30761817691155,1216,221,0,0
296.4052877567638,20,234,0,0
296.5555016453765,1385,153,0,0
296.8622572644372,1822,237,0,0
296.9388300187008,541,91,0,0
296.97021188008165,371,14,0,0
297.120074080889,1552,195,0,0
297.12689932911474,376,264,0,0
297.19962466610195,1388,341,0,0
297.22316860885724,593,76,0,0
297.749848130944,486,554,0,0
297.9504769022093,93,230,0,0
298.1861672772584,13,2790,0,1
298.2138521901541,11,86,0,0
298.21791142230734,612,92,0,0
298.2244523997488,1127,690,0,0
298.2344105503361,824,439,0,0
298.2716244163828,578,211,0,0
298.29169622893,1851,767,0,0
298.31634955850257,11,266,0,0
298.43146284323046,1426,347,0,0
298.56514240463804,799,466,0,0
298.6343431195888,1436,274,0,0
298.65757198752374,1296,389,0,0
298.85794646647435,1125,3970,0,1
298.8650148270285,1524,285,0,0
298.8959594931627,442,493,0,0
298.9042887134926,442,89,0,0
298.953088381869,72,30,0,0
298.9539409667535,664,694,0,0
298.9851416741881,59,402,0,0
298.98734941083325,15,150,0,0
298.98827310034204,298,571,0,0
298.9956855827118,194,185,0,0
299.02978705257294,237,3500,0,1
299.0413357608032,1291,56,0,0
299.1965612224259,465,346,0,0
299.37971705235094,12,31,0,0
299.38217125765175,1865,160,0,0
299.38277867615966,1394,413,0,0
299.3847493533179,186,880,0,1
299.5745810454662,15,261,0,0
299.5791266351127,658,288,0,0
299.6009943054335,1465,291,0,0
299.8614007275747,183,31,0,0
299.8653389484984,375,199,0,0
299.8728069768917,815,277,0,0
299.8976848766004,697,370,0,0
299.9182013673616,12,388,0,0
299.9588947930202,1773,162,0,0
299.9673753439318,1045,13,0,0
299.9718973971189,1800,399,0,0
299.97772354141,1016,46,0,0
299.9798115392205,94,48,0,0
300.0643608243222,346,227,0,0
300.08857949847294,651,319,0,0
300.0964896016074,304,30,0,0
302.4264545647285,278,19,0,0
302.42926243698713,838,102,0,0
302.43179190072493,8183,9,1,0
302.43382270283354,633,463,0,0
302.43735697820927,345,2810,0,1
302.47894861370565,962,382,0,0
302.50199442323833,28,275,0,0
302.5033525358718,1576,486,0,0
302.54979629554197,180,467,1,0
303.8461651665415,1511,226,0,0
303.94752097775483,835,454,0,0
304.0381805247745,1576,328,0,0
304.0769428495642,7416,776,1,0
304.08049362012025,7968,224,1,0
305.7799638966032,8024,168,1,0
305.8354127445889,16,179,0,0
307.0495707696727,861,247,0,0
307.1600945176588,7470,722,1,0
307.4662397249541,654,16,0,0
307.50558981035454,554,163,0,0
307.53810483889663,196,218,0,0
307.53867773195856,1031,73,0,0
307.8446131373992,20,374,0,0
308.05661713479066,1160,345,0,0
308.0664101217246,956,381,0,0
308.0929426213333,834,254,0,0
308.12259742920867,574,447,0,0
308.14130970701916,910,168,0,0
308.1585819976734,780,774,0,0
308.2609074517523,1468,382,0,0
308.2744262866034,1146,426,0,0
308.3317312273965,1356,341,0,0
308.4557481665032,461,173,0,0
308.45999588102154,911,109,0,0
308.5259088288519,1796,429,0,0
308.5627737225081,1656,156,0,0
308.64270298401675,150,184,0,0
308.663296489667,860,615,0,0
308.66860517232396,456,33,0,0
308.8064856576167,275,214,0,0
308.8074795468228,48,35,0,0
308.80791190592043,13,449,0,0
309.0988471951063,1085,429,0,0
309.1342235565249,1079,402,0,0
309.13530597091176,972,112,0,0
309.13643774509353,1097,2320,0,1
309.14433936194854,774,3000,0,1
309.14483927736893,467,281,0,0
309.29223877196915,921,692,0,0
309.29255697353517,1542,192,0,0
309.29409708056056,1397,420,0,0
309.29897621297965,1248,734,0,0
309.31158621050633,1071,469,0,0
309.31181114956183,626,41,0,0
309.3120789358789,360,95,0,0
309.3635688706407,1065,265,0,0
309.5639790606293,787,83,0,0
309.5723434311727,773,769,0,0
309.57495811160436,618,314,0,0
309.7899186316887,1020,4120,0,1
311.1232333632313,1074,434,0,0
311.1714215173385,274,445,0,0
311.1723668367026,987,198,0,0
311.179739065128,564,54,0,0
311.2069907522314,1326,469,0,0
311.2081401615179,1222,17,0,0
311.25389476270385,224,251,0,0
311.27377869409287,7120,123,1,0
311.3800358458714,20,474,0,0
311.42426874049283,803,100,0,0
311.96652282678104,1143,287,0,0
312.42066853318534,323,356,0,0
312.4250896226289,1540,131,0,0
312.9126766646554,7874,318,1,0
312.9721676839451,1097,176,0,0
312.9874618727061,6062,2130,1,1
312.98933476555675,888,324,0,0
312.9908358580031,300,67,0,0
313.0132473546994,464,4660,0,1
313.2421036802843,983,241,0,0
313.24643050957167,304,288,0,0
313.24898237580726,392,79,0,0
313.2493412757491,1301,254,0,0
313.5594832035253,4,216,0,0
313.5606181892029,502,9,0,0
313.5668218895793,1338,368,0,0
313.5796434050736,5580,393,1,0
313.6022028404058,111,460,0,0
313.63019873847566,639,81,0,0
313.7481949935906,1398,161,0,0
313.7530204065566,511,115,0,0
313.7738519823652,855,63,0,0
313.83745242136933,731,51,0,0
313.8623685162693,3810,315,1,0
313.8700282599641,825,339,0,0
313.91448040395426,883,49,0,0
313.9505396797108,31,36,0,0
313.9557612826232,1050,168,0,0
313.9675474163639,23,45,0,0
313.98091686865,1218,378,0,0
313.99746410688306,637,30,0,0
314.8233666588162,1106,329,0,0
314.8242097200835,845,188,0,0
315.1971520438259,352,15,0,0
315.2201329120835,766,323,0,0
315.32630779792004,1556,229,0,0
315.34519028514813,424,382,0,0
315.34611431318706,986,131,0,0
315.3946195521157,239,745,0,0
315.41197451785285,753,107,0,0
316.6103659307693,21,179,0,0
316.61057836462555,424,105,0,0
318.1163704037905,1239,103,0,0
318.11710597223316,940,428,0,0
318.1185029588914,740,19,0,0
318.1265243173083,39,273,0,0
318.1770238282349,291,2310,0,1
318.40712395565544,1502,171,0,0
318.6587590567464,206,185,0,0
318.7166401708166,1408,380,0,0
318.74967931629254,247,172,0,0
318.7515297469606,1770,206,1,0
318.9318593632823,423,103,0,0
318.9532993622007,1254,172,0,0
318.9539404974312,104,101,0,0
318.95456256514984,1741,180,0,0
319.4424611548371,1551,268,0,0
319.4440681087646,1430,224,0,0
319.4576682296733,402,526,0,0
319.4586982727867,1245,98,0,0
319.51799817131956,508,538,0,0
319.5209748673506,144,83,0,0
319.5492625313241,432,423,0,0
319.5744309536828,992,118,0,0
319.6865801000515,903,66,0,0
319.6938244528318,1359,3520,0,1
319.69528737026843,183,104,0,0
319.8806089416524,139,570,0,0
319.88154813182075,1500,416,0,0
319.90565927575733,636,78,0,0
319.9276046624429,321,337,0,0
319.93886515796555,1597,311,0,0
319.94865259907556,1628,55,0,0
320.2206620909868,1788,137,0,0
320.2221726053088,25,458,0,0
320.24367902744694,1239,540,0,0
320.24639206128825,919,572,0,0
334.3848827242866,18,308,0,0
334.420101051162,10,418,0,0
334.4652947396307,876,650,0,0
334.466136854505,510,243,0,0
334.4670793301983,518,172,0,0
334.46813889330514,1433,13,0,0
334.47346554597544,482,603,0,0
334.88291452285074,837,320,0,0
334.9886773394207,1298,5570,0,1
335.00483318196405,303,223,0,0
335.01282044657813,960,222,0,0
335.0210026010993,427,1080,0,1
335.1013258623381,136,43,0,0
335.11793369251046,275,174,0,0
335.23324635996767,515,296,0,0
335.27202332302085,623,55,0,0
335.28193476269365,102,585,0,0
335.3108966428087,360,377,0,0
335.3226131933771,10,583,0,0
335.32586309856924,798,397,0,0
335.32726412719273,224,241,0,0
335.34919922880334,1276,3320,0,1
335.64757694786965,1447,109,0,0
335.6579758905079,1869,410,0,0
336.1118182701127,561,84,0,0
336.1159937564659,27,190,0,0
336.123954998783,65,770,0,0
336.38544193713193,1804,340,0,0
336.4010403233586,84,617,0,0
336.41303917456946,242,122,0,0
336.4545556113613,1601,334,0,0
336.4745348381552,1740,322,0,0
336.4900224251577,258,308,0,0
336.53516529075,17,28,0,0
336.699499560208,291,728,0,0
336.7013023056153,165,323,0,0
336.8848658897646,1129,251,0,0
336.8854672849986,832,254,0,0
336.9123323926777,997,263,0,0
336.9219672229279,104,355,0,0
336.9894368780636,481,182,0,0
337.5110109646994,1602,167,0,0
337.6393297902213,1110,159,0,0
337.6702931194006,7724,468,1,0
337.6919292014689,364,339,0,0
337.78640540426994,360,116,0,0
337.78849125145797,68,286,0,0
337.789764275857,906,271,0,0
337.7955087162986,1590,113,0,0
337.796187004938,769,321,0,0
337.9418259620188,1044,365,0,0
339.2854162185797,3847,178,0,0
339.310834794757,114,46,0,0
339.3131856159581,1416,510,0,0
339.3180387183026,1970,236,0,0
339.3184927547329,277,216,0,0
339.3239483057424,9,270,0,0
339.84743363326714,1624,388,0,0
340.0109529128931,71,496,0,0
340.0905737887663,6210,236,1,0
340.2031554972514,296,132,0,0
340.205072757981,1507,276,0,0
340.2107926799751,398,118,0,0
340.3437281933032,11,33,0,0
340.40275936010755,706,455,0,0
340.513086394724,1517,468,0,0
340.5233486038891,99,37,0,0
340.52531779459014,117,175,0,0
340.7547071558199,811,18,0,0
340.7687646230567,883,5080,0,1
340.77045446046736,240,299,0,0
341.3506639364164,546,379,0,0
341.35483633525234,1473,385,0,0
341.3649785359014,880,354,0,0
341.95127842618535,190,26,0,0
342.016940662919,1155,67,0,0
342.0242498335981,21,131,0,0
342.0410973727935,800,507,0,0
342.0445894422832,1693,451,0,0
342.053288047413,1304,237,0,0
342.25096474635825,1088,487,0,0
342.2510281373882,557,319,0,0
342.2547643337837,585,289,0,0
342.3238565777871,250,33,0,0
342.3241235698174,1684,102,0,0
342.333076751268,1067,4180,0,1
343.256331904237,42,41,0,0
344.2040975637374,7634,558,1,0
344.2094707571612,777,767,0,0
344.2219530601985,952,273,0,0
344.2796486415871,1244,192,0,0
344.2801983049085,1774,450,0,1
344.28125303854364,205,140,0,0
344.28200872167764,5,263,0,0
344.30906877520556,1301,85,0,0
344.3100854357938,459,426,0,0
344.46392230009616,358,291,0,0
344.46795381891025,1710,14,0,0
344.47067313948486,1182,256,0,0
344.51374098959855,317,430,0,0
344.5145641111056,1714,420,0,0
344.5225359828428,1405,91,0,0
344.53603710504757,895,430,0,0
344.54614240332074,1569,392,0,0
344.90480888647863,1446,91,0,0
345.0006896460065,1317,23,0,0
345.32203481033406,958,88,0,0
345.332412423935,677,589,0,0
345.3330354000647,283,630,0,0
345.3386087608622,7755,437,1,0
345.43128115722993,1668,302,0,0
345.62960873278945,1964,468,0,0
345.6370441885896,7,166,0,0
345.6385520368615,1027,17,0,0
345.6440350978012,708,212,0,0
345.6444798737558,772,1730,0,1
345.6557070221203,329,118,0,0
345.6570578356974,722,114,0,0
345.6575406720144,496,275,0,0
345.6578201520024,593,553,0,0
345.8362176316336,599,312,0,0
345.8394708853358,347,362,0,0
345.87838047683323,1524,102,0,0
345.9308388977116,1208,31,0,0
345.96889660581076,272,253,0,0
345.9816204768405,675,361,0,0
345.9817341398893,302,515,0,0
345.9827533598837,86,470,0,0
345.98342519885864,776,441,0,0
346.063129856956,15,4,0,0
346.12785791219994,291,358,0,0
346.1549884178832,614,390,0,0
346.1614866301905,1430,330,0,1
346.2865385715802,585,508,0,0
346.32492738451134,1202,400,0,0
346.40610792706286,946,211,0,0
346.4134084980406,641,105,0,0
346.4206211099564,1158,442,0,0
346.42509922942105,183,139,0,0
346.4298886704193,532,44,0,0
346.43078507464367,46,160,0,0
346.43330801006397,15,191,0,0
346.43527466986967,517,59,0,0
346.690398621421,294,768,0,0
346.8076176547192,1453,146,0,0
346.8947384380323,653,214,0,0
346.8965505666796,39,332,0,0
346.90410533739345,6110,460,1,0
346.9809978813418,1743,213,0,0
346.99205854777586,1636,565,0,0
346.9943517857689,1222,314,0,0
347.02655119440425,27,75,0,0
347.1183862609763,1601,334,0,0
347.4156121386044,413,334,0,0
347.47126020642844,282,192,0,0
347.47617794294183,445,457,0,0
347.5330671159526,1607,304,0,0
347.56989697109435,23,21,0,0
347.5700562029991,393,252,0,0
347.75496795941285,25,18,0,0
347.8202630725669,32,429,0,0
347.84766099140273,219,205,0,0
348.45885933478723,823,768,0,0
348.509392325326,812,301,0,0
348.6804902834763,1074,557,0,0
348.76053582516636,880,69,0,0
348.7630284143374,45,270,0,0
348.77565097565065,469,55,0,0
348.79486479700597,30,466,0,0
348.80885284886546,748,72,0,0
349.1131583846628,501,482,0,0
349.1137341179509,11,255,0,0
349.13358519696015,235,281,0,0
349.13433487399885,280,25,0,0
349.60820688794234,11,456,0,0
349.6951875829632,1753,137,0,0
349.81841574353246,217,233,0,0
349.81898477033076,598,407,0,0
349.8406303154708,312,313,0,0
349.869317768319,383,160,0,0
349.86999026155115,273,161,0,0
350.17909929106423,46,142,0,0
352.17933471580267,312,1900,0,1
352.18416268291776,1181,2190,0,1
352.2213434933565,217,312,0,0
352.2220960574216,536,54,0,0
352.22793796679775,659,509,0,0
352.29681682465406,509,257,0,0
352.31471660302685,224,316,0,0
352.44073329731594,1124,198,0,0
352.4463536849866,1539,768,0,0
352.5085014595467,1299,285,0,0
352.5085983836501,794,1080,0,1
352.5092638540876,736,22,0,0
352.5145954422109,236,116,0,0
352.51945147036133,19,236,0,0
352.8457689379612,10,13,0,0
352.97764386323956,1445,293,0,0
352.98608645983785,486,403,0,0
352.9884888394885,12,21,0,0
352.99041298301006,1911,209,0,0
352.9960013592112,207,414,0,0
353.0033073206862,274,220,0,1
353.02984028927983,869,131,0,0
353.0340202432588,1528,62,0,0
353.03513616676383,395,152,0,0
353.04571711431083,1040,266,0,0
353.0972840355765,986,62,0,0
353.1088783700495,1328,719,0,0
353.14039279451475,794,772,0,0
353.14293763504776,647,860,0,1
353.2430999572104,501,246,0,0
353.274633051737,268,59,0,0
353.91262318742844,2725,106,0,0
353.9275569388009,1876,255,0,0
354.13978977261127,912,270,0,0
354.1446520700887,1057,112,0,0
354.2050821063515,590,367,0,0
354.2097770706599,1175,211,0,0
354.2106843770472,770,397,0,0
354.2166431847421,1306,214,0,0
354.2196194571432,7718,474,1,0
354.2397322537569,1080,230,0,0
354.2639026192454,8156,36,1,0
354.2707709330209,57,253,0,0
354.27112513815194,1187,294,0,0
354.33106871676256,1004,228,0,0
354.4054369819786,996,161,0,0
354.40642252057904,1493,310,0,0
354.41195486033934,126,295,0,0
354.58762621725344,367,576,0,0
354.6009055956601,11,248,0,0
354.6073570390254,1290,350,1,0
355.02353139675074,33,380,0,0
355.03857743237756,1493,29,0,0
355.1071914841138,532,307,0,0
355.1473833361423,1744,63,0,0
355.16129535952257,1678,313,0,0
355.1675401444248,497,363,0,0
355.1711267079356,1377,316,0,0
355.20781643862995,1789,202,0,0
355.2240077224994,1291,758,0,0
355.24183245693763,1433,160,0,0
355.24236060084183,203,420,0,0
355.2469047079835,1850,469,0,0
355.2481316540396,1274,306,0,0
355.2941626993821,795,151,0,0
355.29605079573935,347,133,0,0
355.29750305129267,18,404,0,0
355.2995932526394,1384,1070,0,1
355.36725301854585,1456,56,0,0
355.4131159063042,7,75,0,0
355.4362869337698,1213,253,0,0
355.4585959836464,878,48,0,0
355.46317357235864,1715,573,0,0
355.46616143501967,309,137,0,0
355.47428238334544,662,194,0,0
355.4855761735476,349,149,0,0
355.4927875665694,663,327,0,0
356.07382791186683,368,151,0,0
356.1634377098307,1486,224,0,0
356.36345698717196,1111,182,0,0
356.39027473795414,1548,21,0,0
356.40316476893327,26,195,0,0
356.4038649601049,591,214,0,0
356.4065745782201,48,220,0,0
356.46900665139526,4730,124,1,0
356.5389667685568,123,58,0,0
356.59031943912936,1167,3040,0,1
356.61284291026413,370,164,0,0
358.4380189258224,298,139,0,0
358.4606464766717,495,161,0,0
358.50049029568873,1393,295,0,0
363.98712022771434,414,120,0,0
363.99030592074826,7961,231,1,0
363.9923083237559,1153,200,0,0
364.0222403126709,4580,225,1,0
364.1235565092033,1064,138,0,0
364.12390120036173,1310,410,0,0
364.20362430246126,869,134,0,0
364.29188915309584,560,7,0,0
364.6528980113792,41,157,0,0
365.2051112280588,1790,209,1,0
365.20601535527146,4540,360,1,0
365.2079825954078,1769,195,0,0
365.20871744113174,988,175,0,0
365.25597992165405,60,263,1,0
365.2561173027422,1163,192,0,0
365.326469309329,1606,412,0,0
365.37194523460516,1323,186,0,0
365.3753279411037,1092,277,0,0
365.38177621272314,306,166,0,0
365.38358697985063,976,378,0,0
365.3852603902634,721,544,0,0
365.39690196300654,1489,491,0,0
365.4786575988542,132,33,0,0
365.72874944504014,1051,344,0,0
365.96835054814625,305,750,0,0
365.9698288132294,180,541,0,0
365.9700364694772,1327,11,0,0
365.9990677670361,1884,275,0,0
366.0399021840646,1402,3710,0,1
366.0426480252192,622,507,0,0
366.18750062805685,688,279,0,0
367.30826042211027,405,3570,0,1
367.3103936851444,614,1220,0,1
367.3156471523604,498,171,0,0
367.3242122259349,25,67,0,0
367.3254026171545,1676,1270,0,1
367.40242641230003,46,316,0,0
367.4076785060546,1463,174,0,0
368.25823797090436,1628,322,0,0
369.0315015166155,7666,526,1,0
369.03380005013656,256,1760,0,1
369.03613407884535,804,157,0,0
369.05246437688163,1281,295,0,0
370.6616201965881,673,34,0,0
370.67689095257765,1459,385,0,0
370.9290800970768,1032,35,0,0
370.98975573700426,292,256,0,0
371.01569114415605,1405,153,0,0
371.1907974663506,634,2780,0,1
371.4278150822817,762,69,0,0
371.4347636136399,1382,236,0,0
371.4804926429934,1738,571,0,0
371.490225688813,1951,293,0,0
371.49239028385745,17,283,0,0
371.72062605814415,649,303,0,0
371.7218043985619,1219,41,0,0
371.7347727671387,1352,126,0,0
372.18767131780606,1258,431,0,0
372.9827256706134,145,116,0,0
372.9904326380455,399,424,0,0
373.0291678045738,1562,123,0,0
373.0344439282723,2357,153,0,0
373.0357124971692,1157,347,0,0
373.041664306703,157,132,0,0
373.0486040861519,209,230,0,0
373.37640596184076,49,1120,0,1
373.4327618835171,24,232,0,0
373.4398725231705,7,180,0,0
373.4815962526635,593,270,0,0
373.54099076375803,717,322,0,0
373.8037345298654,854,65,0,0
373.81684339818867,862,194,0,0
373.88802505516094,14,200,0,0
374.71815108763036,1467,504,0,0
374.93004549051255,926,314,0,0
375.0057507155501,1621,233,0,0
375.00851244147896,223,330,0,0
375.11419725793075,101,24,0,0
375.11660897138216,330,270,0,0
375.11756955936596,762,197,0,0
375.14603480177675,714,391,0,0
375.1823593298959,150,237,0,0
375.2165584071033,884,332,0,0
375.2280133125897,271,308,0,0
375.2293772303342,91,241,0,0
375.24957235330595,1727,313,0,0
375.43891211900143,541,542,0,0
375.7278458728402,457,146,0,0
376.6617262149575,182,2110,0,1
376.669149880206,447,162,0,0
376.6798252969647,1137,178,0,0
376.6803764309695,1906,308,0,0
376.9025305676068,48,363,0,0
376.9236560420897,627,35,0,0
377.2521111078709,671,16,0,0
377.2666776873015,87,108,0,0
377.2782354663775,651,538,0,0
377.4534655715768,192,241,0,0
377.48429726846126,990,223,0,0
377.48546214263547,1664,433,0,0
377.8150059035395,563,269,0,0
380.2260561555694,991,484,0,0
380.23710789083395,140,29,0,0
380.2380068031374,1404,459,0,0
380.32441546220315,248,50,0,0
380.33127684421873,44,31,0,0
380.3906228170797,6,53,0,0
380.3978795308664,1237,82,0,0
380.4079307925432,7802,390,1,0
380.41203453200376,1288,363,0,0
380.41882115002784,430,189,0,0
380.42043916274315,1115,130,0,0
380.4335537592268,1085,323,0,0
380.4344932177881,1250,242,0,0
380.47134978798135,58,295,0,0
380.7886464519745,1353,409,0,0
380.80033876179084,1724,490,0,0
380.8039633234848,24,468,0,0
380.80427851653553,320,302,0,0
380.829786182182,827,442,0,0
380.95428163143737,745,109,0,0
380.95581360002467,7817,375,1,0
381.1929803152796,932,394,0,0
381.1972150062285,194,334,0,0
381.3059694866364,1543,220,0,0
381.3074044344147,201,429,0,0
381.3288146714825,930,76,0,0
381.52078835243844,17,254,0,0
381.5314641686091,1866,652,0,0
381.5396601384546,1045,258,0,0
381.5433576349927,201,248,0,0
381.5764405130499,1895,150,0,0
381.577112427878,895,289,0,0
381.58058204752524,88,605,0,0
381.582355263067,164,225,0,0
381.58826130409295,454,236,0,0
381.6831857577451,1690,290,0,0
381.6846233452997,497,222,0,0
381.68560958366766,32,425,0,0
381.7034022915093,1579,48,0,0
381.70974669162104,171,14,0,0
381.71140278266915,636,228,0,0
381.7239489745421,630,16,0,0
381.724018257738,360,344,0,0
381.73302059613934,702,147,0,0
381.7931709881471,610,269,0,0
381.82455294595877,1529,241,0,0
381.8720490150236,385,340,0,0
381.88365069528146,657,451,0,0
381.8938239151388,836,284,0,0
381.9194199969391,762,366,0,0
381.9209351585778,214,214,0,0
381.94002710015695,1561,351,0,0
381.9421424393725,821,300,0,0
381.96949950799893,12,86,0,0
381.9792251750356,1743,303,0,0
382.0029811599246,1453,237,0,0
382.0057904473187,929,169,0,0
382.00760614199214,659,164,0,0
382.11353075026494,523,213,0,0
382.36812463958057,1010,27,0,0
382.3718267467273,948,344,0,0
382.37596498343987,647,215,0,0
382.40663644585254,1061,145,0,0
382.4456647556595,1695,459,0,0
382.81725394959534,7989,203,1,0
382.8292938220988,562,1720,0,1
382.9556991679829,1392,24,0,0
382.95928889632717,366,62,0,0
382.95971514323617,193,2420,0,1
382.988287992709,876,317,0,0
382.98994847577944,1032,503,0,0
383.06088965178,307,101,0,0
383.370754085008,600,217,0,0
383.3714444939027,742,146,0,0
383.38533365094344,136,287,0,0
383.5116842795779,1549,327,0,0
383.51493698220366,1232,1230,0,1
383.7034591831294,1706,295,0,0
383.7180703798263,1712,475,0,0
383.7413955944438,1267,522,0,0
383.74367485314843,1327,136,0,0
383.7472889304374,707,5070,0,1
383.7869941732783,7,92,0,0
383.869593283614,9,70,0,1
383.958481060368,1176,210,0,0
383.98167288116116,541,29,0,0
383.98391860514397,731,3590,0,1
384.04051872154133,906,453,0,0
398.52798610886987,501,757,0,0
398.54597837183053,70,191,0,0
398.58538309432674,3360,158,1,0
398.7017402067302,17,420,0,0
398.70451191933466,377,219,0,0
398.7064815383935,1643,227,0,0
398.74552541056823,1668,5130,0,1
398.74617754483,1176,43,0,0
398.8061475493135,52,236,0,0
399.7206071230578,96,282,0,0
399.81135061832043,1514,331,0,0
399.8204254648025,793,166,0,0
399.8319167608276,763,64,0,0
399.8483502645014,1831,116,0,0
399.85411336802173,195,58,0,0
399.8590148928827,537,172,0,0
399.92230866813924,186,52,0,0
399.96401595392877,1842,161,0,0
399.9740455809271,18,356,0,0
400.15978120013665,747,247,0,0
400.16217729347414,1320,349,0,0
400.1740182824117,977,30,0,0
400.1795117449966,408,284,0,0
400.1927599931975,802,109,0,0
400.1994846854176,1547,264,0,0
400.2233699331046,1202,238,0,0
400.24573123462767,1601,559,0,0
400.2476572215938,301,287,0,0
400.28857604812134,382,24,0,0
400.3016480725899,1253,504,0,0
400.30564093077277,1617,378,0,0
400.35588777459844,259,285,0,0
400.399047749945,252,295,0,0
400.60541741826626,97,543,0,0
400.60550962692304,1560,6200,0,1
400.6210194886785,70,30,0,0
400.63156345309864,1973,152,0,0
400.6333092795966,52,340,0,1
400.6339327583968,337,23,0,0
400.6341344239608,2283,1210,0,1
400.71936485176906,1331,346,0,0
400.7233709444514,417,388,0,0
400.9120127559087,17,291,0,0
400.92593450693494,741,764,0,0
401.0787984849277,574,358,0,0
401.0908171015224,42,41,0,0
401.14189992057993,741,101,0,0
401.15150763965926,1749,190,0,0
401.15432250016096,469,437,0,0
401.1634182439753,429,23,0,0
401.17625898849775,1110,172,0,0
401.2042056728396,527,476,0,0
401.51669217155796,1270,307,0,0
401.56302785337857,562,348,0,0
401.70182891421223,52,333,0,0
401.7466144362597,3860,205,1,0
401.7517426274214,427,6150,0,1
401.9655449285289,457,393,0,0
401.9767506843484,1510,297,0,0
402.7307553523161,643,100,0,0
402.74395982438284,280,11,0,0
403.42576194273556,1285,202,0,0
403.4286905049239,1600,540,0,0
403.49165514216077,16,25,0,0
403.50704141178375,1675,306,0,0
403.5148864278118,773,654,0,0
403.52409426697517,296,124,0,0
403.53531195480184,14,160,0,0
403.56643292989475,934,157,0,0
403.57575691545264,897,507,0,0
403.5799627975774,5110,109,1,0
403.5810823934212,1233,40,0,0
403.5818271154461,3090,49,1,0
403.60561032024526,1176,155,0,0
403.63705763991186,15,121,0,0
403.66372019097486,790,279,0,0
403.66548610900696,571,2840,0,1
403.773920272004,58,287,0,0
403.79321287389257,1388,144,0,0
404.94449558788017,134,59,0,0
404.9972797955132,579,470,0,0
405.0090978115623,1222,200,0,0
405.054727746231,28,202,0,0
405.05641381036156,411,366,0,0
405.0586664158791,692,299,0,0
405.0704983531417,743,41,0,0
405.08082601849713,1785,381,0,0
405.08715541820663,206,176,0,0
405.09963342372833,1017,12,0,0
405.20573478641677,540,373,0,0
405.32103329275435,1069,91,0,0
405.8277752101509,29,105,0,0
405.83183720619303,1150,223,0,0
405.8456246951329,200,336,1,0
405.86183235496225,90,339,0,0
405.93605721219967,823,329,0,0
406.57122145619513,170,773,0,0
406.57910032157673,43,376,0,0
406.5905514115251,429,85,0,0
406.5921113753032,1280,1080,0,1
406.609369014132,713,153,0,0
406.613527260794,1613,383,0,0
406.61425436863374,1630,761,0,0
406.6547468909731,1407,173,0,0
406.660493173336,649,121,0,0
406.7485190613645,24,326,0,0
406.7579125470206,533,23,0,0
406.7618468781441,1588,200,0,0
406.76576628216844,11,313,0,0
406.7711574417437,879,582,0,0
406.77514018839724,1419,341,0,0
406.7754772721555,349,166,0,0
406.78499863883127,18,54,0,0
406.83553169491444,663,96,0,0
409.782112144371,7989,203,1,0
410.1209209190511,1114,447,0,0
410.2923762611117,510,450,1,0
410.3156907878909,1136,560,0,0
410.31776492822866,1766,196,0,0
410.36491786537636,1089,56,0,0
410.3684528125115,1457,529,0,0
410.37071462113806,7700,492,1,0
410.4192262752456,1036,188,0,0
410.43358224229917,1816,345,0,0
410.4342881689066,487,415,0,0
410.4363283202625,1704,309,0,0
410.4368487271123,1313,203,0,0
410.4630835842121,1032,399,0,0
410.4647300014674,8176,16,1,0
410.4679595749963,435,157,0,0
410.4680779305873,458,132,0,0
410.56187669355677,71,577,0,0
410.5624092813795,91,900,0,1
410.56821691601886,4992,3200,1,1
410.64656358139143,374,434,0,0
410.7575709195137,1827,583,0,0
410.9788138529524,47,1580,0,1
411.1616974311455,580,5570,0,1
411.17687629447425,576,96,0,0
411.17775115131315,7560,632,1,0
411.2710586999308,8042,150,1,0
413.1602322354349,123,300,0,0
413.16118433535047,1397,768,0,0
413.1666504262429,1637,601,0,0
413.2239926090728,166,218,0,0
413.24475832894876,672,296,0,0
413.606467826423,36,493,0,0
413.61673570641545,1539,192,0,0
413.62169558594786,560,249,0,0
413.6414808063392,571,410,0,0
413.64263083149814,1422,266,0,0
413.64527729239853,28,294,0,0
413.8091138413325,796,182,0,0
413.8143716310482,999,4260,0,1
414.8523313511555,771,767,0,0
414.95377797999413,40,45,0,0
414.95484988165566,1946,641,0,0
415.0972902733768,781,769,0,0
415.1247119764544,800,195,0,0
415.1287682844537,569,83,0,0
419.0563056311149,440,315,0,0
419.1614131397598,1367,3660,0,1
419.1628068743097,26,341,0,0
419.1939065680679,23,436,0,0
419.2161389093401,1093,733,0,0
419.3565463251535,997,230,0,0
419.3627453567462,138,20,0,0
419.3639399146621,912,21,0,0
419.4154314193767,1801,528,0,0
419.62880574930017,591,229,0,0
419.6300549905841,916,766,0,0
419.6608236616443,777,132,0,0
419.71330954633686,1539,118,0,0
419.7997721718636,1515,95,0,0
419.8009390558147,775,325,0,0
419.80308212525546,8,207,0,0
419.85155881922435,500,301,1,0
419.8667332172994,1329,496,0,0
419.9391409406715,1832,224,0,0
419.955770676329,617,96,0,0
420.0819796597191,1129,541,0,0
420.08376280798564,663,84,0,0
420.0856326020892,1602,409,0,0
420.0867113308314,801,361,0,0
420.0975166473137,864,382,0,0
420.2675173247526,210,135,1,0
420.3115371875075,1115,381,0,0
420.3714902057552,256,479,0,0
420.37551650210787,592,50,0,0
420.5635128432108,7740,335,1,0
420.7208277653499,864,406,0,0
420.7529312009649,825,762,0,0
420.9009721009126,1008,1100,0,1
420.90194870409226,1630,322,0,0
420.90218058710616,1425,375,0,0
420.90303795137794,1950,75,0,0
420.90345819561264,17,930,0,1
420.90857794842304,831,259,0,0
421.2223671113942,255,14,0,0
421.2242498189798,914,47,0,0
421.2682390505343,1406,267,0,0
421.2686647526077,579,242,0,0
421.26876483833956,466,412,0,0
421.3187219166519,10,13,0,0
421.33028779146963,693,603,0,0
421.3320589160972,1382,387,0,0
421.61852474651886,1552,144,0,0
421.62121433386307,1335,119,0,0
421.6407054675733,618,182,0,0
421.6591238879092,1245,320,0,0
421.72328514258174,6,175,0,0
421.73902843918927,1199,113,0,0
421.8036114481626,1438,432,0,0
421.8530286219214,1708,334,0,0
421.883734875908,622,238,0,0
421.9134413775526,1074,308,0,0
422.25185912111976,887,166,0,0
422.66893917785717,807,367,0,0
422.6692768411287,1314,354,0,0
422.67276825923557,333,68,0,0
422.69004184934977,929,96,0,0
422.6969927465649,663,337,0,0
422.70296607986893,1189,190,0,0
422.90005470525705,407,109,0,0
423.64772456439647,1011,160,0,0
423.81927350393534,1213,767,0,0
423.83064515975354,1062,764,0,0
423.83364375779166,1491,204,0,0
423.83386844436114,74,1600,0,1
423.8339506008672,763,270,0,0
423.97248427290754,858,289,0,0
423.9794804312536,632,238,0,0
423.98014678880264,77,479,0,0
423.9811947101055,1486,467,0,0
423.983408055314,1192,67,0,0
424.43618308200917,536,284,0,0
424.44678933504326,7,301,0,0
424.46298509705827,27,260,0,0
424.55683826203517,1429,159,0,0
424.5578048173845,34,160,0,1
424.6210741866879,990,77,1,0
424.92188156891825,919,222,0,0
424.93442281114733,360,470,0,0
424.94159468885124,7986,206,1,0
425.19311881369543,543,451,0,0
425.2089077405391,752,352,0,0
425.24930261033035,1546,322,0,0
425.2570731743413,1528,332,0,0
425.26015484556103,1017,274,0,0
425.2844134835795,198,456,0,0
426.85120564529257,502,7690,0,1
426.85750264984546,1348,249,0,0
426.8582064857796,457,221,0,0
426.86333106751675,1084,520,0,0
426.87605086977277,1031,316,0,0
426.93456821074153,1930,3180,0,1
426.9396083152991,421,104,0,0
426.9524270797541,7737,455,1,0
427.1821013232582,681,704,0,0
427.31508553938556,1695,304,0,0
427.31517742061556,20,401,0,0
427.3252028867638,392,196,0,0
427.32575866224084,834,160,0,0
427.3264375162728,7950,242,1,0
427.49652443368404,800,738,0,0
427.4967569094441,651,275,0,0
427.5004765633349,1484,2340,0,1
428.2278546913919,1801,391,0,0
428.2281682888168,688,494,0,0
428.2412713269532,966,746,0,0
428.2417574334938,85,534,0,0
428.2435060148561,1309,483,0,0
428.2667834811882,217,58,0,0
428.2687883519147,23,24,0,0
428.3072023140868,1377,123,0,0
428.3073562876298,1100,388,0,0
428.3083014600757,34,329,0,0
428.34578080736526,153,198,0,0
428.3842550880734,1262,273,0,0
428.7576795781607,1233,14,0,0
428.7697394765994,1068,244,0,0
428.77030077258667,7818,374,1,0
428.77533677677184,1563,340,0,0
428.77807990750796,47,375,0,0
428.7857995289294,5080,770,1,0
429.10897666719603,1278,193,0,0
429.15817478361066,472,521,0,0
429.1652357456896,54,118,0,0
429.1768066444616,1831,135,0,0
429.2197137329964,1096,382,0,0
429.3043923231429,203,214,0,0
429.31252662069187,765,671,0,0
429.3235146476056,333,106,0,0
429.6318373592654,1840,261,0,0
429.94785634817737,1280,767,0,0
429.9506658587859,400,353,0,0
429.967110138184,65,206,0,0
429.97603529612724,44,294,0,0
430.0208288482692,1807,80,0,0
430.0220488580965,43,25,0,0
430.03373410595304,1019,210,0,1
430.04181267978504,662,223,0,0
430.1327813028623,6870,338,1,0
430.1415773379114,1109,348,0,0
430.21116377247773,536,27,0,0
430.22745613193547,350,222,0,0
430.31068592006557,1138,176,0,0
430.33051915771074,1875,261,0,0
430.3443563677381,1587,328,0,0
430.4186287914853,472,410,0,0
430.61371758187323,4330,369,1,0
430.62301451109533,382,769,0,0
430.62328825352984,1309,56,0,0
430.64872892060947,278,3110,0,1
430.6782739677038,1145,339,0,0
430.684327558583,1522,191,0,0
430.6855332789568,10,37,0,0
430.6872855628841,453,92,0,0
430.70477690307507,1049,339,0,0
430.77153346877026,10,128,0,0
430.9141914614619,590,280,0,0
430.927986224995,216,199,0,0
431.0552435947051,887,1090,0,1
431.15621267815675,1461,772,0,0
431.2226001383685,620,269,0,0
431.2846287212447,1953,99,0,0
431.2998985225235,452,351,0,0
431.36428210582636,1692,94,0,0
431.40502566645745,923,4320,0,1
431.43311185575925,190,767,1,0
433.3128983743586,493,305,0,0
433.32669066218807,1028,563,0,0
433.62196224664694,319,309,0,0
433.62235864828506,1789,286,0,0
433.8980736052998,18,22,0,0
433.98914288771624,8,114,0,0
433.99797313296347,493,234,0,0
434.0111390959552,10,185,0,0
434.28645467803386,1245,127,0,0
434.3485519004999,951,397,0,0
434.3652124512221,1445,287,0,0
434.37720199922853,4612,3580,1,1
434.3974668616225,642,246,0,0
434.4512483278087,371,290,0,0
435.045595606984,238,2040,0,1
435.04914910724426,271,122,0,0
435.069671340707,610,153,1,0
435.1680306426538,6,61,0,0
435.24192476516254,631,27,0,0
435.2469043199173,1168,329,0,0
435.2959139589864,351,300,0,0
435.29611328405514,1712,29,0,0
435.35025552921076,200,3390,1,1
435.36534187634794,672,648,0,0
435.3677764175601,1281,21,0,0
435.3776603515391,649,338,0,0
435.3791989678629,4580,482,1,0
435.4288044520374,590,228,0,0
435.44530264495285,964,534,0,0
435.45811810321646,1214,3670,0,1
435.65823038600246,184,146,0,0
435.6602515131098,523,574,0,0
435.6675279265894,831,480,0,1
435.72815450676836,324,173,0,0
435.8532003158112,740,344,0,0
436.20895967874276,459,413,0,0
436.20974889391584,1140,330,0,0
436.2517052007115,692,700,0,0
436.27707610567,1657,450,0,0
436.36195338700793,1184,141,0,0
436.3739126873058,474,1230,0,1
436.3751469303526,863,347,0,0
436.3978603762826,18,184,0,0
436.39884050463706,1247,202,0,0
436.39925767214856,560,289,0,0
436.40980176761786,1571,769,0,0
436.51401644788496,7989,203,1,0
438.1319613608341,1320,92,0,0
438.13739361863566,1757,474,0,0
438.14920558246587,321,767,0,0
438.1729390279055,1788,342,0,0
438.2315739851267,1586,482,0,0
438.6496188470707,347,147,0,0
438.75516013580847,1316,359,0,0
438.7803049722498,1453,13,0,0
438.82015232495723,693,119,0,0
438.840028063264,1134,293,0,0
438.84677130047606,1832,2870,0,1
438.8638491464469,1328,413,0,0
438.8645678839858,5680,179,1,0
442.335111309374,1439,215,0,0
442.43916881576206,155,489,0,0
442.52006679793607,1157,125,0,0
442.69590376593305,295,287,0,0
442.7052753677254,442,527,0,0
442.7293311983725,7591,601,1,0
442.7968881605528,1345,508,0,0
443.40488258335483,186,288,0,0
443.57724132606313,334,288,0,0
443.5790517529646,278,365,0,0
443.5894147681981,29,166,0,0
443.60181800144375,279,298,0,0
443.6157039080742,1362,190,0,0
443.8698601049328,549,26,0,0
443.8856755911332,1076,576,0,0
443.8892404061648,1843,300,0,0
443.90663565366964,1594,200,0,0
443.98407094597417,1789,80,0,0
443.99491673524784,6,194,0,0
444.021015794961,838,202,0,0
444.03643223560624,391,295,0,0
444.40603811531923,1919,213,0,0
444.45030039139743,1169,493,0,0
444.6963116395669,152,119,0,0
444.70101695492656,631,168,0,0
444.7038165608513,22,111,0,0
444.7259203968015,462,199,0,0
444.73389644873345,984,238,0,0
444.7482928810027,787,116,0,0
444.75542732643675,598,218,0,0
444.783881963871,1870,771,0,0
444.802914744332,7925,267,1,0
444.80427186588463,220,204,0,0
444.8337999690352,1715,567,0,0
444.8360139272145,71,518,0,0
444.8839747232938,1541,24,0,0
445.2895703866554,1619,155,0,0
445.48036156389537,19,159,0,0
445.48746835718606,807,1560,0,1
445.4878643075706,911,1870,0,1
446.7960803770255,896,324,0,0
446.8472254377116,123,179,0,0
446.85100619567623,818,346,0,0
446.85151693140136,309,232,0,0
446.8661479804257,1595,280,0,0
446.9509170134787,259,152,0,0
446.98289289881853,1761,501,0,0
447.0495057423935,778,431,0,0
447.4812245920576,552,137,0,0
447.4831621774028,70,93,0,0
447.48871122261784,1759,143,0,0
447.506280211572,841,308,0,0
447.552115334322,1402,541,0,0
447.56624571805884,1214,258,0,0
447.5967160767055,1152,252,0,0
447.63370716369707,30,34,0,0
447.7117847670924,330,400,0,0
447.7138075825521,967,110,0,0
447.7163701926833,838,766,0,0
447.72016915632076,1694,314,0,0
447.7236275965924,692,302,0,0
448.67886234953716,7888,304,1,0
448.68792976329223,290,27,0,0
448.7409360883832,456,136,0,0
448.74977689596915,635,331,0,0
448.7619094798488,1125,368,0,0
448.8034262035482,1369,527,0,0
449.0786204242323,1848,25,0,0
449.1309425204746,105,589,0,0
449.13499488983376,728,180,0,0
449.1355326131522,626,427,0,0
449.1569571039555,1295,248,0,0
449.1605347080129,1557,70,0,0
449.16600195931716,661,19,0,0
449.1770299655097,667,390,0,0
449.182406416296,441,196,0,0
449.19085876973946,303,49,0,0
449.1959853495544,807,260,0,0
449.20676286830076,797,341,0,0
449.2369394230717,895,194,0,0
449.23733997286547,1659,118,0,0
449.2378320206988,1603,468,0,0
449.46665414712476,1738,571,0,0
449.6542889534254,315,11,0,0
449.66719957879354,647,34,0,0
449.9730073168485,1846,767,0,0
450.14370346629846,51,119,0,0
450.2034727318313,20,378,0,0
450.43769133094463,876,289,0,0
450.43919345177505,1106,159,0,0
450.44780168952553,296,75,0,0
450.4483778676083,506,152,0,0
450.4575920781215,1089,279,0,0
450.47100262285994,514,391,0,0
450.54368941212357,195,56,0,0
450.5829927799515,435,195,0,0
450.59247978398076,1285,343,0,0
450.6953929600366,554,184,0,0
450.69826616202823,1088,353,0,0
450.70048514862805,1567,163,0,0
450.7370022456354,7423,769,1,0
450.79310557925004,9,58,0,0
450.79794461746764,1872,175,0,0
450.8114309877118,802,161,0,0
450.89941881604983,1141,385,0,0
450.9571420537864,536,54,0,0
450.95785549560975,7885,307,1,0
450.9650292122094,10,156,0,0
450.96624067023754,932,344,0,0
450.9731418429172,1047,453,0,0
450.98366711483624,1389,1370,0,1
451.0099989026219,7834,358,1,0
452.30184656858,511,559,0,0
452.302382915373,1696,769,0,0
452.3027223599887,1137,294,0,0
452.30370098040805,1605,758,0,0
452.34479021500016,1788,358,0,0
452.3585612315989,85,397,0,0
452.37718697403983,626,568,0,0
452.5651914133586,400,372,0,0
452.57966946210814,16,215,0,0
452.58050500044925,245,159,0,0
452.58400116937486,320,26,0,0
452.5887650535591,165,142,0,0
452.6020301605498,302,172,0,0
452.605053000407,73,113,0,0
452.60606675708976,917,401,0,0
452.6068577569882,47,68,0,0
452.6085289365259,1653,202,0,0
452.642612019984,563,150,0,0
452.64441121177083,1018,296,0,0
452.6452927405304,3850,166,1,0
453.0649964361166,1195,275,0,0
453.07537947975874,590,298,0,0
453.0812063356497,1574,324,0,0
453.16344638313694,31,355,0,0
454.4254981700734,388,208,0,0
454.4263771349785,891,359,0,0
454.62829003990396,80,178,0,0
454.64541218282136,7895,297,1,0
454.64839234198763,596,346,0,0
454.674893426798,334,196,0,0
454.6771036741653,872,265,0,0
454.6778815136564,21,117,0,0
454.69137064306045,1072,160,0,0
454.9651219874744,1331,236,0,0
454.9685599650499,1479,247,0,0
454.9694121865161,813,522,0,0
454.9710562831459,7710,482,1,0
455.1549996849629,496,335,0,0
455.1738251797279,18,337,0,0
455.6709046535807,9,111,0,0
455.67753214546656,948,412,0,0
455.68904202370396,267,246,0,0
455.68989390268496,78,267,0,0
455.7839096566685,867,176,0,0
455.8421335271781,533,367,0,0
456.28655660025515,9,327,0,0
456.33054681421,620,2770,0,1
456.3361043004038,163,182,0,0
456.33697457910654,785,762,0,0
456.35334138098466,670,580,0,0
456.36104302415777,5550,412,1,0
456.3614820409134,433,144,0,0
456.36245898655454,4,241,0,0
456.3676084828322,595,350,0,0
456.37491485414347,153,310,0,0
456.38625383748484,355,164,0,0
457.3059318303876,433,333,0,0
457.3062035039256,128,308,0,0
457.319835940395,1659,329,0,0
457.3217723124278,420,170,0,0
457.47205500825646,1122,164,0,0
457.81095306073325,899,200,0,0
457.81542702799317,1071,273,0,0
457.85329155095377,1181,51,0,0
458.0434911616712,15,130,0,0
458.0487325122519,37,100,0,0
458.1856191000657,1399,286,0,0
458.1993514712904,857,57,0,0
458.2074058141746,401,259,0,0
458.2101776751088,903,181,0,0
458.213954301139,839,31,0,0
458.2195488125629,1006,373,0,0
458.29925022827484,773,771,0,0
458.30022605462216,147,223,0,0
458.30379543135683,268,4670,0,1
458.3655059915516,894,191,0,0
458.3663137121568,372,3360,0,1
458.8737252169012,1280,39,0,0
458.9753899600764,388,318,0,0
459.01315064641346,1512,770,0,0
459.0139494394178,1047,250,0,0
459.0161412417203,782,770,0,0
459.110975918651,18,494,0,0
459.1970482486691,1429,6420,0,1
459.2299486370095,7699,493,1,0
459.25748875493485,1869,214,0,0
459.2606793053091,182,205,0,0
459.2621292425677,570,18,0,0
459.26289231925387,1017,536,0,0
459.28481993929734,822,480,0,0
460.16792199513156,695,47,0,0
460.2342728996535,1786,295,0,0
460.53225924758567,941,205,0,0
461.05665628413385,1140,477,0,0
461.06937807814387,347,612,0,0
461.0744071387565,13,215,0,0
461.12005535344093,7823,369,1,0
461.12774129475235,568,4950,0,1
461.130775950697,6680,108,1,0
461.16391499598905,16,214,0,0
461.1697114246888,1869,258,0,0
461.191836593505,1342,388,0,0
461.19627126214203,281,103,0,0
461.197504022282,902,263,0,0
461.19844008853386,731,648,0,0
461.20844971200006,872,235,0,0
461.24945730670595,836,273,0,0
461.3368097704514,1389,516,0,0
461.4456742208959,23,151,0,0
461.48162586061414,750,632,0,0
461.48407484329795,673,747,0,0
461.5772007898794,358,163,0,0
461.6135858085667,828,418,0,0
461.62432845497875,46,256,0,0
461.63059027198204,1382,200,0,0
461.6709622088693,326,2250,0,1
461.86773369103315,265,119,0,0
462.0659617810922,605,359,0,0
462.20751104520787,1091,129,0,0
462.20862292968474,1542,118,0,0
462.2605494500581,205,242,0,0
462.2676372826679,970,43,0,0
462.3094232076054,1696,634,0,0
462.31295588314356,629,3340,0,1
462.53850652442185,25,19,0,0
462.54717288999797,572,307,0,0
462.54825298327415,785,322,0,0
462.58060342236445,14,153,0,0
462.60669774820343,651,299,0,0
462.6452833410696,1786,174,0,0
462.69199723293366,919,221,0,0
463.3457063788071,970,243,0,0
463.3906925493223,563,517,0,0
463.3940454897781,782,256,0,0
463.5332537111194,183,16,0,0
463.5377622872158,999,309,0,0
463.55140671490295,783,266,0,0
463.5725028780179,1493,32,0,0
463.5731494057714,784,767,0,0
463.77204387112994,461,723,0,0
463.77484809180567,40,21,0,0
463.78736570188767,768,114,0,0
463.9782051584727,1381,151,0,0
464.29434801544886,1587,307,0,0
464.29759558291926,769,407,0,0
464.3573766663155,1632,767,0,0
464.36443756912394,1182,511,0,0
464.3711392929889,7790,339,1,0
464.3795998327513,1658,198,0,0
464.4941121629625,332,448,0,0
464.8052780323031,518,616,0,0
464.80538945784537,24,123,0,0
464.8172885490567,632,19,0,0
464.9152397284889,1286,154,0,0
464.92328208001896,138,405,0,0
464.9335312996772,3180,227,1,0
465.0484933265987,45,31,0,0
465.9878907851456,294,223,0,0
465.99147858959304,106,86,0,0
466.0166607556443,703,341,0,0
466.0294037684518,739,302,0,0
466.0314249790205,1823,313,0,0
466.03706295162624,1166,319,0,0
466.0592319383331,68,87,0,0
466.0747072775578,23,219,0,0
466.1232010956642,445,432,0,0
466.16343688051234,1669,170,0,0
466.1657491457458,1510,768,0,0
466.1754484634682,1338,269,0,0
466.17620603229693,1384,51,0,0
466.1963124283018,406,26,0,0
466.20809971785695,1612,229,0,0
466.8911844286652,1034,267,0,0
466.9401313628892,880,110,0,0
467.06252027582235,307,520,0,1
467.0677959837141,1022,290,0,0
467.0847094991276,25,12,0,0
467.0890430716644,621,344,0,0
468.75530091632925,677,399,0,0
468.78884496949934,1508,345,0,0
468.86137782823147,410,254,0,0
468.86629137808876,713,627,0,0
468.87512992745957,1633,509,0,0
468.8848931426673,1068,32,0,0
468.88700147664923,6960,231,1,0
468.89009674593103,7,315,0,0
469.04210498456376,798,191,0,0
469.2600075954047,1449,247,0,0
469.27009860478785,491,2570,0,1
469.27034146642995,891,884,0,0
469.297317669795,1720,31,0,0
469.34132268062075,82,17,0,0
469.5445939806498,650,303,1,0
469.5495230507623,1649,41,0,0
469.56249952688773,983,153,0,0
469.57979246430307,846,455,0,0
469.58835445069536,786,768,0,0
469.5922936381089,959,591,0,0
469.6037232830688,238,344,0,0
469.6132091833902,7876,316,1,0
469.6153387044947,1708,431,0,0
469.61622564122314,541,229,0,0
469.63456484342385,1708,431,0,0
469.7215094030591,1361,125,0,0
469.7216352296636,1940,306,0,0
469.7218123330682,316,86,0,0
469.7252721631501,1033,224,0,0
469.726251070656,15,319,0,0
469.72908558469305,1073,723,0,0
469.85502785120576,93,234,0,0
469.85788019085123,280,287,0,0
469.9206840040912,1217,577,0,0
469.9234259263604,942,392,0,0
470.0876879926682,23,199,0,0
470.13030936887105,522,96,0,0
470.26586600636375,1056,363,0,0
470.26755799476064,27,154,0,0
470.4359721542946,384,386,0,0
470.4568405733904,1645,164,0,0
470.4632017888246,361,32,0,0
470.4704322786478,626,123,0,0
470.50026786171003,506,365,0,0
470.51234896708456,192,294,0,0
470.53318522154666,1502,258,0,0
470.55177727997534,178,81,0,0
470.5529528950408,740,3200,0,1
470.5876224851648,182,294,0,0
470.61405796311726,1112,698,0,0
470.66798024024223,572,659,0,0
470.7086136300558,816,423,0,0
470.75453140444915,590,433,0,0
470.75848310356577,1282,285,0,0
470.7915677902511,835,458,0,0
470.794445239296,1182,350,0,0
470.7991272803055,74,291,0,0
470.8374363531083,1749,116,0,0
470.9284992115139,13,315,0,0
470.96961239945284,3550,470,1,0
471.9093918738653,559,327,0,0
472.0382979542732,738,465,0,0
472.17679402664567,7424,768,1,0
472.19661273312926,886,232,0,0
472.19907788964724,44,41,0,0
472.2647033036132,1344,768,0,0
472.26593002579125,529,76,0,0
472.3460405500462,1569,193,0,0
472.34899120105774,751,130,0,0
472.42962787978877,354,61,0,0
472.47724712348355,234,416,0,0
472.5092271389742,4780,113,1,0
472.60312324236907,508,320,0,0
472.69134868863557,1122,366,0,0
472.69475125930705,790,295,0,0
472.82386476521566,1639,315,0,0
472.8704788824527,1080,280,0,0
472.89093685612846,1426,355,0,0
472.95876205169975,1495,629,0,0
472.9717932073397,253,289,0,0
473.19956742095513,1190,589,0,0
473.3565005646632,664,227,0,0
473.3868260341411,355,189,0,0
473.3885411943682,1351,234,0,0
473.40531161633515,18,172,0,0
473.4253443583136,19,288,0,0
473.46880332477735,2720,356,1,0
473.5561263616591,1648,35,0,0
473.58825426508815,1928,293,0,0
474.3127565928784,1177,459,0,0
474.4888172954782,1495,520,0,0
474.48983909626605,778,216,0,0
474.5008494307408,964,742,0,0
474.87456484204006,733,152,0,0
474.9483545005667,1085,289,0,0
475.0020004282821,106,771,0,0
475.00653414721506,1094,609,0,0
475.01345982774774,42,140,0,0
475.05601564710366,601,605,0,0
475.09035037568646,514,55,0,0
475.09060464490125,24,335,0,0
475.202030430773,14,4,0,0
475.3654653684287,1285,98,0,0
475.4044916762341,24,484,0,0
475.4057340065571,705,24,0,0
475.44797940669184,1470,2800,0,1
475.4768060507359,247,171,0,0
475.4798025555838,1380,606,0,0
475.51411860613666,1014,558,0,0
475.5141519931532,726,345,0,0
475.5867348342228,2357,153,0,0
475.63406654057945,524,520,0,0
475.6384365379674,1415,438,0,0
475.661699084162,883,27,0,0
475.6858988297233,867,11,0,0
475.69583950315126,1729,155,0,0
476.1177061103585,541,563,0,0
476.5822441323267,1103,640,0,0
476.5871437166013,1929,273,0,0
476.65932267462625,173,2040,0,1
476.97210734098724,1799,721,0,0
477.96913513841855,354,438,0,0
478.05974589422374,409,251,0,0
478.1950126722843,700,208,0,0
478.84841051138795,8,33,0,0
481.0304543802476,252,114,0,0
481.1115294617899,947,506,0,0
481.11402396181734,3060,3020,1,1
481.1246063473581,1255,371,0,0
481.26066590671576,1033,620,0,0
481.3065321387556,537,367,0,0
481.3077173686316,7841,351,1,0
481.31777676551786,826,274,0,0
481.68883100639454,1047,124,0,0
481.7115933249011,1715,491,0,0
481.7144019900237,227,403,0,0
481.9388354319284,671,676,0,0
481.94952841433,398,7710,0,1
481.9514691145041,287,99,0,0
481.9595568460639,7932,260,1,0
482.02783293926313,1592,172,0,0
482.03518995573177,709,589,0,0
482.0405081318777,623,588,0,0
482.06278986484074,6730,283,1,0
482.2425096746749,1664,113,0,0
482.2644252597601,686,204,0,0
482.35617821833654,512,175,0,0
482.36399421555836,368,108,0,0
482.3658015057783,12,41,0,0
482.4754151089369,1132,306,0,0
482.49652105910434,271,455,0,0
482.5009176846348,1518,278,0,0
482.50342942764934,1467,161,0,0
482.7916784145469,501,180,0,0
482.7970241507368,91,565,0,0
482.80482662757856,835,88,0,0
482.9103814578936,24,6690,0,1
482.91269247817917,1401,316,0,0
483.176764280374,1004,84,0,0
483.1793951134458,1502,5340,0,1
483.2358885492546,1046,208,0,0
483.26387709472885,175,224,0,0
483.26673924476233,433,2470,0,1
483.29639977779925,914,167,0,0
483.30231834375854,659,470,0,0
483.34126264424646,1355,768,0,0
483.38637005039635,1703,590,0,0
483.3886386798426,1059,291,0,0
483.4266259926707,727,717,0,0
483.49295008368694,658,306,0,0
483.5719721122417,686,17,0,0
483.59725272492034,940,303,0,0
483.60144847090527,7924,268,1,0
483.6053781929689,1070,425,0,0
483.859101984793,1069,65,0,0
483.96183870153016,1856,337,0,0
483.9650867894219,660,99,0,0
483.986869406134,511,214,0,0
483.9888427810298,641,222,0,0
484.0521275239134,560,439,0,0
484.05395108745313,1243,172,0,0
484.05562568630666,682,14,0,0
485.0935349940274,473,272,0,0
485.0945553939369,653,394,0,0
485.094990173371,99,19,0,0
485.1044742343881,1170,455,0,0
485.1130178745748,345,565,0,0
485.1218141766413,1784,127,0,0
485.3182999442478,1836,112,0,0
485.4993718546765,177,141,0,0
485.55670245106717,19,177,0,0
485.5660272785867,8,70,0,0
485.5664403520811,81,134,0,0
485.64359026948796,733,283,0,0
485.67269114424687,153,67,0,0
485.69354341779814,1100,276,0,0
485.695033021188,290,268,0,0
485.70891605157,11,234,0,0
485.9520041921909,96,239,0,0
487.2701865430732,31,461,0,0
487.27944448746564,8081,111,1,0
487.3232974963683,99,350,0,0
487.39134464861974,15,210,0,0
487.3976494941879,9,343,0,0
487.5731349445367,9,220,0,0
487.93694632699874,876,300,0,0
487.9393542169673,96,97,0,0
489.7097490951258,1018,293,0,0
489.7733634167908,1326,35,0,0
490.5203691867176,175,36,0,0
491.34829209403,244,372,0,0
491.43671960881017,1064,377,0,0
491.4481174369147,632,68,0,0
491.47061538173034,575,527,0,0
491.51263371970725,1491,217,0,0
491.7566092838218,1292,68,0,0
491.76249778007576,295,261,0,0
491.802176423512,1659,196,0,0
492.05060948437955,322,347,0,0
492.05175853468796,24,669,0,0
492.1946784150545,1488,339,0,0
492.20951781454886,743,95,0,0
492.21298498708353,1363,23,0,0
492.2296151977754,628,516,0,0
492.23075492073644,484,471,0,0
492.6713722360012,499,178,0,0
492.6752172217284,892,112,0,0
492.6770384812611,1447,1010,0,1
492.6859766633768,784,291,0,0
492.70378279726947,441,389,0,0
492.7085853666207,1214,675,0,0
493.09495157064964,981,34,0,0
493.27383699760264,151,303,0,0
493.27690460832895,1284,279,0,0
493.27717238976624,724,496,0,0
493.7717958977434,773,768,0,0
493.7793879825806,405,243,0,0
493.78206623952474,1255,601,0,0
494.4831188657915,8,173,0,0
494.504189537373,8005,187,1,0
494.5065998023507,876,613,0,0
494.5096242927547,1434,653,0,0
495.3325664427017,756,61,0,0
495.60779521474655,75,78,0,0
495.62787849315276,1341,237,0,0
495.72588952418835,146,101,0,0
495.7402401234189,106,606,0,0
495.7532746392467,1772,354,0,0
495.8307223183788,1265,300,0,0
495.85873086985407,1385,273,0,0
495.93628637302186,2067,111,0,0
496.0441426418442,1149,74,0,0
496.23968242092855,88,96,0,0
496.24064612045413,1466,204,0,0
496.24143007048184,502,238,0,0
496.2543285786166,1099,229,0,0
496.2548621625552,570,82,0,0
496.2731956087677,79,167,0,0
496.30157732129453,1683,305,0,0
496.3288520535579,634,385,0,0
496.59268697147166,67,27,0,0
496.59416001688487,332,163,0,0
496.59498781199164,1344,59,0,0
496.64157827341205,1436,274,0,0
496.64720210402044,1179,1970,0,1
496.6669031882996,1269,55,0,0
496.8336100514187,23,32,0,0
496.90711512266574,7462,730,1,0
496.918471667785,19,464,0,0
497.79050241514113,364,625,0,0
497.7924395434351,73,141,0,0
497.80895955629205,334,38,0,0
497.8106421766204,1877,5330,0,1
497.8340853102199,8073,119,1,0
497.8644699635408,1350,58,0,0
497.8671075304775,1633,138,0,0
498.1761285567025,669,636,0,0
498.27930322202786,725,77,0,0
498.346912399549,951,369,0,0
498.50399282450024,6760,571,1,0
499.229412866253,1089,581,0,0
499.2402838059215,993,195,0,0
499.2415396404642,1016,376,0,0
499.2472546691975,1251,412,0,0
499.2485376751712,520,236,0,0
499.38155638950883,18,84,0,0
499.38473952629,834,7,0,0
499.43508000950186,783,16,0,0
499.43771050003386,704,436,0,0
499.46738641773715,1202,261,0,0
499.46816018841656,804,410,0,0
499.5045430419584,36,35,0,0
499.5207692803755,662,488,0,0
499.5262608013714,15,3920,0,1
499.6710339225098,21,298,0,0
499.68575032424815,1865,32,0,0
499.694322320654,79,60,0,0
499.7687010185195,1368,297,0,0
499.8328118174153,1333,3370,0,1
499.8480175179253,1720,389,0,0
501.78197296768434,687,560,0,0
501.93615076355377,764,483,0,0
502.0462084457006,518,616,0,0
502.0815539088375,758,23,0,0
502.0861708468436,1002,115,0,0
502.3808998191791,651,113,0,0
502.38636719382544,858,237,0,0
502.45408630544557,1746,232,0,0
502.4802725971233,1270,147,0,0
502.50004301026576,1725,428,0,0
502.50225611789426,23,43,0,0
502.706287306296,27,53,0,0
503.60539302141797,392,310,0,0
503.62621456625794,521,307,0,0
503.6313385696236,5,242,0,0
503.64444996993,22,549,0,0
503.6955618369109,1630,32,0,0
503.7197438239213,655,239,0,0
504.3531379239365,1770,299,0,0
504.3747826262991,12,130,0,0
504.39035650352423,220,19,0,0
504.58606609739047,340,262,1,0
504.5865266472198,377,430,0,0
504.58931073642,656,227,0,0
504.59107691552396,1394,69,0,0
504.60631283708585,214,300,0,0
504.6090240987585,816,629,0,0
504.623109719115,380,115,0,0
504.6260863184482,779,289,0,0
505.7424846158494,1706,641,0,0
505.75709399089163,11,316,0,0
505.7617277927225,7847,345,1,0
505.7740992561315,168,330,0,0
505.90383806774827,9,290,0,0
506.04910987705557,826,397,0,0
506.0522858276422,29,235,0,0
506.1050630494599,25,388,0,0
506.1079556401023,203,420,0,0
506.1558395126034,1424,595,0,0
507.3159430010246,459,354,0,0
507.3336170841084,236,86,0,0
507.5115969397731,743,760,0,0
507.56805016424585,26,21,0,0
507.5917969915635,3075,150,0,0
507.59738953421436,1615,291,0,0
507.6032036829124,3180,235,1,0
507.64285202832326,1222,236,0,0
507.6565336529005,649,383,0,0
507.675420560655,419,150,0,0
507.72381021170014,698,170,0,1
507.7239056430907,353,256,0,0
508.1785784522687,993,422,0,0
508.17988746588594,539,1630,0,1
508.1863331581557,1653,482,0,0
508.1893878270604,502,49,0,0
508.2119751480437,787,41,0,0
508.23712927887397,1323,446,0,0
508.3450080100342,1640,96,0,0
508.3522173465718,78,22,0,0
508.3530346775729,791,281,0,0
508.36971204903585,1639,179,0,0
508.4325643650454,1790,433,0,0
508.433200934996,304,88,0,0
508.468831863597,486,549,0,0
508.6317735737456,297,257,0,0
515.040238062771,457,32,0,0
515.0572070296045,414,344,0,0
515.0664992580968,345,265,0,0
515.0758216878806,899,73,0,0
515.0869860549564,64,295,0,0
515.3038356969644,1459,223,0,0
515.3336330480048,565,312,0,0
515.3551612387242,1907,24,0,0
515.3587907057268,1011,208,0,0
515.3882391532095,1075,90,0,0
515.4140353275866,1366,351,0,0
515.4822275892392,3310,413,1,0
515.5060100847516,1890,100,1,0
515.9088445656754,6440,250,1,0
515.9101754827324,1507,300,0,0
520.8456584979978,1297,6,0,0
521.0190206367243,263,163,0,0
521.0804781183431,1632,205,0,0
521.1193066959137,388,315,0,0
521.12879987535,1650,202,0,0
521.1302701983259,1724,220,0,0
521.2288444651515,1579,305,0,0
521.2428768141272,1069,325,0,0
521.6991638714965,1366,760,0,0
521.9470394340187,104,345,0,0
521.9533952279938,110,25,0,0
521.9540725478766,8052,140,1,0
522.0856006662339,7,17,0,0
522.0901664325892,528,505,0,0
522.1460873045664,1125,767,0,0
522.156393759191,1011,268,0,0
522.930356616117,296,426,0,0
523.4717659101993,1569,208,0,0
523.6652495728947,355,135,0,0
523.668392204428,533,212,0,0
524.0920592583534,1606,334,0,0
524.1042765442791,964,199,0,0
524.1174478750562,231,516,0,0
524.1812971391605,307,303,0,0
524.1929436659885,1350,1240,1,1
524.1933911734665,9,438,0,0
524.2091916176283,513,205,0,0
524.261806067625,639,2460,0,1
524.2658546994664,494,123,0,0
524.2668996858984,1548,510,0,0
524.273677386436,277,55,0,0
524.2760518017931,1432,204,0,0
524.3771278242264,1028,260,0,0
524.3896292799251,292,213,0,0
524.3932700081969,1473,246,0,0
524.3942962882984,1772,343,0,0
524.8024683077376,1950,541,0,0
527.1782826258187,655,641,0,0
527.3891831565171,2861,101,0,0
529.7313596965154,47,574,0,0
529.7340406894075,7542,650,1,0
529.7373326207803,40,117,0,0
529.8389908050262,20,331,0,0
529.8482999927038,780,264,1,0
529.8530821051877,501,85,0,0
529.8536466136206,427,303,0,0
529.873708502595,482,411,0,0
530.1365098578707,271,368,0,0
530.1365416565428,1414,180,0,0
530.1587662923985,1536,2800,0,1
530.1878199306731,599,170,0,0
530.2939022861995,535,315,0,0
530.5838424338483,1410,11,0,0
530.5865182630173,950,420,0,0
532.2588471871845,740,22,0,0
532.2716659580992,1080,31,0,0
532.3348132831876,13,92,0,0
532.7854808800136,769,767,0,0
532.989964052984,65,34,0,0
533.0114062825583,1049,303,0,0
533.1216839043686,890,202,0,0
533.1284693068544,1833,21,0,0
533.1368575395071,378,315,0,0
533.1783087174565,1190,289,0,0
533.1796118335296,1754,392,0,0
533.1850209638635,514,489,0,0
533.2324526129871,559,206,0,0
533.3654013516481,1194,1250,0,1
535.3199444099995,602,495,0,0
535.3203767362515,407,261,0,0
535.3544192788845,1771,111,0,0
535.359832897297,1006,596,0,0
535.3607593678969,781,359,0,0
535.5675412904047,727,103,0,0
535.5744148592372,36,35,0,0
535.7602619986158,1690,412,0,0
535.7646139806521,1045,87,0,0
535.7707240971665,121,82,0,0
535.7747231844791,986,767,0,0
535.8807479132696,6530,145,1,0
535.9112074180917,404,277,0,0
535.9149809784071,158,129,0,0
535.9292286002764,1616,273,0,0
535.9301308032775,326,373,0,0
535.9474492510833,840,331,0,0
535.9537643473865,1134,228,0,0
536.2073516914834,33,224,0,0
536.2151481615704,1199,353,0,0
536.452849584299,42,504,0,0
536.4543481903985,1269,512,0,0
536.4575965013527,15,76,0,0
536.4715241019438,1372,458,0,0
536.5434979361908,820,713,0,0
536.6836902568934,511,322,0,0
536.688174745507,545,371,0,0
536.8367065404294,13,308,0,0
536.8585983415156,10,270,0,0
537.5961367001303,645,383,0,0
538.0134534693148,1657,57,0,0
538.0714477641304,1033,437,0,0
538.2118966989208,757,302,0,0
538.226571527346,862,71,0,0
538.2275614806243,1653,308,0,0
538.2613690457667,938,771,0,0
538.2629432554854,1118,628,0,0
538.2733584022214,1919,306,0,0
538.274795928165,1159,570,0,0
538.361710392734,464,118,0,0
538.3662803166653,29,336,0,0
538.3706763963881,575,370,0,0
538.3711835592387,7,204,0,0
538.372461379685,1989,29,0,0
538.4044671752666,77,321,0,0
538.4391646122856,175,160,0,1
538.4642872342611,505,232,0,0
538.4930335572521,510,59,0,0
538.6019982830256,1622,404,0,0
538.6231041881053,99,19,0,0
538.6253621094642,1134,348,0,0
538.6615821581556,1028,540,0,0
538.6727233318155,1722,581,0,0
539.0934737795641,891,194,0,0
539.0938779610366,1343,148,0,0
539.1056953615164,988,48,0,0
539.1171190700967,211,501,0,0
540.5114005678129,1033,456,0,0
540.5193961176127,867,330,0,0
540.5198439987213,274,363,0,0
540.5412933044205,997,320,0,0
540.5421939673441,178,102,0,0
540.7156232879729,648,294,0,0
540.7610795848321,1311,735,0,0
540.7780600913238,1539,323,0,0
540.7969388384174,439,343,0,0
540.8102422405389,170,373,1,0
540.8321396216073,769,767,0,0
540.8334710842204,1044,191,0,0
540.8343050422799,13,164,0,0
540.8532270103318,733,275,0,0
540.9216983244463,297,335,0,0
542.3140057125248,1388,300,0,0
542.3709319953034,322,249,0,0
542.3845233541076,1693,135,0,0
542.3987976651264,1947,2590,0,1
542.4726005900416,1708,431,0,0
542.5448519000582,179,464,0,0
542.5731070754154,959,289,0,0
542.9616591549585,1068,273,0,0
542.993092241101,1048,4450,0,1
542.9942228406885,965,641,0,0
543.0044788083377,599,16,0,0
543.0107355065579,1524,261,0,0
543.018096210213,10,506,0,0
545.0298558312038,205,23,0,0
545.0306016829039,213,186,0,0
545.0322124113044,35,767,0,0
545.1222402913143,21,370,0,0
545.1252593503643,1113,3310,0,1
545.2198938133405,918,768,0,0
545.4513681685843,824,537,0,0
545.4537854316458,384,449,0,0
545.476204012148,1348,167,0,0
545.4985485492434,43,170,0,0
545.4990289014901,679,131,0,0
545.5158625493862,8038,154,1,0
545.6274975829407,1616,225,0,0
545.6293350570821,1153,406,0,0
546.0089597542259,497,50,0,0
546.0116106548929,814,357,0,0
546.5364221382301,599,73,0,0
546.5418093221441,151,258,0,0
546.5509305701802,1740,769,0,0
546.5551663158216,870,466,0,0
546.7973709135641,411,341,0,0
546.8356497019815,1706,767,0,0
546.8464629892528,21,418,0,0
546.8976672785146,408,273,0,0
546.9001382605339,169,60,0,0
546.9100468084165,1234,349,0,0
547.1571946864233,1159,278,0,0
547.22052067421,99,476,0,0
547.2306413943087,336,270,0,0
547.2405900066104,675,76,0,0
547.3140680539891,588,42,0,0
547.3220205092387,1197,32,0,0
547.3269027176734,1009,232,0,0
547.3425083500086,789,12,0,0
547.5128605214944,1910,567,0,0
547.5269471474405,633,44,0,0
547.5324949858626,391,325,0,0
547.5473155488203,311,307,0,0
547.994263746934,352,637,0,0
549.3150530365298,1196,426,0,0
549.3285440003567,1041,163,0,0
549.4375073139779,52,187,0,0
549.4453762883661,4,9,0,0
549.9645158762111,79,132,0,0
549.9703739158329,1754,107,0,0
549.9992500325111,1623,46,0,0
550.0032720209267,716,13,0,0
550.0065118232322,690,764,1,0
550.5665589273212,24,290,0,0
550.6442522855169,699,79,0,0
551.1272076114678,3156,441,0,0
551.1381334422234,1492,29,0,0
551.159070467143,1197,324,0,0
551.1771532425246,1330,328,0,0
551.2977983193028,688,494,0,0
551.3797982233808,230,286,0,0
551.432378991409,553,534,0,0
551.5463793171683,1590,219,0,0
551.6608536798781,879,218,0,0
552.1382700857973,961,126,0,0
552.283076375869,1105,378,0,0
552.2838176380571,1644,156,0,0
552.2873692568695,10,113,0,0
552.3787775587335,176,41,0,0
552.4055137657779,7,156,0,0
552.4284766727526,226,255,0,0
552.4569971613158,1516,186,0,0
552.4730920000842,809,229,0,0
552.4751708727761,543,200,0,0
552.5685611548486,96,46,0,0
552.568679565622,1686,558,0,0
552.6077978144488,490,381,0,0
552.6136072671244,1412,769,0,0
552.6171105201203,96,97,0,0
552.6191021907957,1839,306,0,0
552.6582327917024,10,75,0,0
552.7984186499564,419,329,0,0
552.8527717883251,1571,104,0,0
552.8611674200077,22,267,0,0
552.86664591697,125,187,0,0
552.8686008177805,612,310,0,0
552.8853845159582,345,241,0,0
552.888190002233,376,264,0,0
552.9012199353556,1374,217,0,0
552.9068894567785,487,162,0,0
552.9089147057429,204,115,0,0
552.9406945639033,210,3140,1,1
552.9981674463099,1140,455,0,0
553.1902681356552,1113,147,0,0
553.191749145236,1774,173,0,0
553.1975962255619,1272,125,0,0
553.2025908053024,480,361,0,0
553.2072349416144,1656,273,0,0
553.2073746549758,1429,261,0,0
553.2112128796203,581,637,0,0
553.2259884142536,355,280,0,0
553.2583671497417,610,698,0,0
553.6945096733931,21,374,0,0
553.6952257234259,1656,214,0,0
553.7006070699645,330,259,0,0
553.7083425349408,45,120,0,0
553.7333192920514,1606,277,0,0
553.7360543410526,491,404,0,0
553.746839067437,1003,436,0,0
553.7477198056479,729,317,0,0
553.7495355622628,709,486,0,0
553.8038685358982,80,292,0,0
553.8132643684169,769,770,0,0
553.8160132656392,688,144,0,0
553.8196563584492,1639,495,0,0
553.8494534505613,950,47,0,0
553.8500918890633,11,197,0,0
565.1353019105671,35,550,0,0
565.1543598193181,37,107,0,0
565.1591785531588,1078,226,0,0
565.1602854284035,34,429,0,0
565.5353399997022,181,165,0,0
565.5633362116448,1300,128,0,0
565.5654905421238,1442,221,0,0
565.5691633966621,1114,171,0,0
565.5711733009473,1515,234,0,0
565.5743652614534,1735,189,0,0
565.5760052127441,332,121,0,0
565.7113621335154,7816,376,1,0
565.8699242652569,651,126,0,0
565.9206262057819,51,361,0,0
565.921129170253,1721,571,0,0
565.9246165475546,997,13,0,0
566.1319054077006,1686,88,0,0
566.1361241453927,4,314,0,0
566.288658879246,388,34,0,0
566.3121900585834,555,220,0,0
566.3146367326983,745,325,0,0
566.410384435385,1275,229,0,0
566.4458168953431,1652,371,0,0
566.4934566907051,1546,166,0,0
566.6018876096904,277,36,0,0
566.758846596565,488,157,0,0
566.7605125143558,562,327,0,0
566.7691920909116,213,330,0,0
566.7728634731918,1043,610,0,0
566.7731816864986,126,114,0,0
566.7884779413841,1376,324,0,0
567.0109115007424,1346,325,0,0
567.0186537116253,1674,418,0,0
567.8037261612548,750,180,0,0
567.8359148242384,1150,50,0,0
567.8964520664404,1155,67,0,0
567.9419640327258,395,122,0,0
567.9488600300951,497,413,0,0
568.1162340090789,1328,418,0,0
568.1557099091649,9,334,0,0
568.1568308362163,123,45,0,0
568.1720231862153,1823,149,0,0
568.21067837977,999,93,0,0
568.2533734005455,576,215,0,0
568.3975132203859,433,341,0,0
568.4053508973001,996,116,0,0
568.5913171370449,1740,170,0,0
568.6340157073201,1308,319,0,0
568.8634067665477,1556,343,0,0
568.8667075539331,1242,281,0,0
568.8788458471901,1052,565,0,0
568.8790535204507,1895,150,0,0
568.9250626049945,888,151,0,0
569.058032773436,7630,351,1,0
569.0583861029787,1410,478,0,0
569.0936951382932,1557,536,0,0
569.1594064457239,1124,660,0,0
569.2015136669277,175,175,0,0
569.2305470243648,665,18,0,0
569.23514298587,1606,379,0,0
569.2387498727231,1390,15,1,0
569.2441738618003,1695,4050,0,1
569.3171800579191,1623,235,0,0
569.4006584690853,1561,225,0,0
569.4226638273242,1627,122,0,0
569.5970006200438,1141,358,0,0
569.7564694315814,8,6890,0,1
569.8003147978756,1297,167,0,0
569.8765382615034,836,327,0,0
569.8769276311044,374,3680,0,1
569.9616928718665,802,384,0,0
570.0302979684116,1051,149,0,0
570.0848903730159,157,189,0,0
570.1942598956435,1712,109,0,0
570.204776190331,910,532,0,0
570.4975813025553,1764,261,0,0
570.6535585853554,8,68,0,0
570.6654023579194,675,767,0,0
570.8557696246467,1090,366,0,0
570.878808517463,646,46,0,0
570.8837056072084,1017,553,0,0
570.9073071921924,927,452,0,0
570.9275474684965,1157,227,0,0
570.9276642822331,7953,239,1,0
570.933199108936,1779,569,0,0
570.9342190126123,465,4610,0,1
571.1025093053505,7863,329,1,0
571.1078206453371,12,464,0,0
571.1423915352125,1411,338,0,0
571.7082925787565,7725,467,1,0
571.7177203604335,308,70,0,0
571.7652914108158,35,506,0,0
571.7797726168768,1517,319,0,0
571.783025150857,1612,229,0,0
571.7930949665952,598,472,0,0
571.8226673444321,390,391,0,0
571.9147652522079,1081,375,0,0
571.9309603629507,1870,328,0,0
571.9639791303823,947,1940,0,1
571.9662492170352,726,525,0,0
571.9683102990396,214,157,0,0
572.5969115680809,728,456,0,0
572.6117086359371,469,267,0,0
572.6421821203446,88,160,0,1
572.6457076057942,578,2320,0,1
572.646132635619,1047,202,0,0
572.6485872904673,345,283,0,0
572.7410484692126,1216,517,0,0
572.74478222875,916,139,0,0
572.810090640338,855,37,0,0
572.8213630681794,379,297,0,0
572.861942588531,886,452,0,0
572.8639333693716,745,417,0,0
572.8918579104314,1678,287,0,0
572.8969020447489,1766,319,0,0
572.9652520985196,698,358,0,0
572.9665187707135,264,215,0,0
573.0356772352255,293,147,0,0
573.0616983849511,1096,313,0,0
573.0620480877968,588,478,0,0
573.1533925453052,336,139,0,0
573.1599252367748,758,409,0,0
573.1853973572175,182,54,0,0
573.1867393410719,1041,338,0,0
573.1892358811807,1042,1580,0,1
573.9256612847288,344,120,0,0
573.9313538924188,228,122,0,0
573.9697424752948,192,25,0,0
574.5531668448757,451,166,0,0
574.5570760067646,1325,259,0,0
574.558356070809,667,139,0,0
574.7656272479487,323,509,0,0
574.7723934477252,1268,766,0,0
574.9032218313067,389,262,0,0
574.9039871138176,1596,188,0,0
574.905446924684,548,146,0,0
575.0586452082591,806,2390,0,1
575.0654775189831,1898,403,0,0
575.9099287534892,1227,433,0,0
575.9135332562698,860,129,0,0
575.9384554523245,687,769,0,0
575.9403102902293,104,2290,0,1
575.945642849037,740,427,0,0
575.9537008439568,1387,767,0,0
575.9616826943014,364,586,0,0
575.9632015690545,601,527,0,0
576.053951716897,281,378,0,0
576.0931387342505,585,344,0,0
576.1272643094537,488,365,0,0
576.2200966703612,182,332,0,0
576.2882629929786,603,299,0,0
576.5631005650538,1671,324,0,0
576.5718877311157,250,204,0,0
576.7050719073853,1036,110,0,0
576.7072480222882,1306,127,0,0
576.7954635916368,1475,193,0,0
576.8160293756308,1518,206,0,0
576.827873774076,332,370,0,0
576.8576680262639,452,147,0,0
576.9452112557362,461,209,0,0
577.1313491290389,1589,203,0,0
577.1313876201186,211,224,0,0
577.1368550984782,1359,601,0,0
577.1506085746427,1258,458,0,0
577.1520758162038,698,92,0,0
577.1668290644467,1763,355,0,0
583.7016335621347,414,120,0,0
583.7742641462468,2508,2010,0,1
583.779783899412,265,355,0,0
583.7960400572457,10,479,0,0
583.8204638963896,544,152,0,0
583.8761740503126,1744,262,0,0
583.8805804554398,363,200,0,0
583.9624881113413,1084,174,0,0
583.9637841582742,309,258,0,0
588.7091316330624,481,296,0,0
589.0811582319667,496,555,0,0
589.123556720117,708,149,0,0
589.2362739825928,105,127,0,0
589.2664888409126,1914,217,0,0
589.3003063989462,1418,437,0,0
589.305831796107,1148,111,0,0
589.3216036331984,811,303,0,0
589.3236265358771,1787,100,0,0
589.3330990276514,497,309,0,0
589.6804295889941,1825,179,0,0
589.6821508880759,480,764,0,0
592.0381414710508,1245,437,0,0
592.0424336381149,1545,93,0,0
592.0825878283748,924,341,0,0
592.0858970449037,312,393,0,0
592.0978939626466,770,766,0,0
592.1469205785351,270,434,0,0
592.1479481163076,1012,2850,0,1
592.1554511705908,8012,180,1,0
592.1583700146257,279,328,0,0
592.1658878509432,1383,768,0,0
592.1771122731618,1170,341,0,0
592.1821813711517,247,4740,0,1
592.1843273968392,27,21,0,0
592.1874503908435,1785,767,0,0
592.1876416756576,1880,329,0,0
592.3236977318666,1334,124,0,0
592.3473460042802,1343,330,0,0
592.7762603748324,971,327,0,0
592.9320929950444,940,62,0,0
592.9360771677381,997,230,0,0
592.9361480674946,1164,105,0,0
593.0824858614149,119,91,0,0
593.1527294011628,599,279,0,0
593.1732781827775,1775,222,0,0
593.1745491162386,628,305,0,0
593.2330490482211,1513,662,0,0
593.2401179408197,2940,129,1,0
593.2440936745818,1749,273,0,0
593.2448170215943,7,271,0,0
593.2569091931605,1090,505,0,0
593.3149789352917,6,40,0,0
593.5178925756285,3360,72,1,0
593.5202870421233,455,296,0,0
593.5733327549495,7,352,0,0
593.5804751058805,1548,766,0,0
593.5828245619507,712,250,0,0
593.6182799027382,1452,394,0,0
593.8094015948894,22,275,0,0
593.810054577579,4750,12,1,0
594.573076545597,1251,462,0,0
594.5769719832945,699,212,0,0
594.5826242385176,984,343,0,0
594.6766676488928,23,436,0,0
597.583402497963,1054,89,0,0
597.632455601343,5,39,0,0
597.6963809475886,467,599,0,0
597.7068615320838,740,3050,0,1
597.7128687870086,1613,17,0,0
598.2916919044684,312,9,0,0
598.7129931814784,67,473,0,0
598.7270632915638,758,592,0,0
598.7358427386694,244,258,0,0
598.7406524090446,1380,143,0,0
598.7467266632377,17,465,0,0
598.8219128518397,1070,6960,0,1
598.8273954560154,1733,665,0,0
598.8398544113007,1304,768,0,0
598.8431608427002,802,112,0,0
599.005414144903,1354,198,0,0
599.0546460174464,724,347,0,0
599.4565376319833,473,739,0,0
599.4615965325431,1256,2970,0,1
599.4651221761129,13,2300,0,1
599.486727306367,89,148,0,0
600.2020889805186,779,27,0,0
600.2177561961423,1583,491,0,0
600.2765928145379,466,205,0,0
600.2774348202004,63,769,0,0
600.280673635198,15,193,0,0
600.2853729212352,690,211,0,0
600.4678787615052,540,446,0,0
600.4691330254682,1032,601,0,0
600.4698666122821,1477,272,0,0
600.4963122530967,984,189,0,0
600.4986582884063,5710,139,1,0
600.5118553954873,1140,477,0,0
600.5386825396617,969,338,0,0
600.5442616281337,1473,108,0,0
600.6299444709256,136,304,0,0
600.7266016375174,1014,343,0,0
600.8098156852245,750,693,0,0
601.1120919401332,1104,76,0,0
601.1316831060852,1543,232,0,0
601.1743708074148,104,160,0,0
601.2489400784361,409,266,0,0
601.2887214479514,736,698,0,0
601.3287408526676,1448,302,0,0
601.3322229217932,22,4,0,0
601.6218017720236,1400,426,0,0
601.6268174746199,172,88,0,0
601.6311961475768,1526,579,0,0
601.6333330145973,28,2800,0,1
601.6647774012621,470,94,0,0
601.6698284566997,389,7690,0,1
601.6759813976925,1043,610,0,0
601.7441940267186,1457,427,0,0
601.7452764713876,2640,780,1,1
601.896129688096,33,28,0,0
601.9457100024747,6590,405,1,0
601.9462586590507,19,183,0,0
602.2731002703094,1856,670,0,1
602.2828383921576,1265,677,0,0
602.336158883947,820,768,0,0
602.374445508033,1261,627,0,0
602.3746131357517,881,213,0,0
602.5558425152158,951,3550,0,1
602.5583537577922,132,23,0,0
602.5748281488728,522,7670,0,1
602.583540937029,296,126,0,0
603.5688091576043,662,31,0,0
603.9853877420895,8,790,0,1
604.0266646163062,98,29,0,0
604.0691409165216,54,161,0,0
604.0798224365316,451,300,0,0
604.088384343112,8055,137,1,0
604.090115218469,394,111,0,0
604.093012839921,1656,134,0,0
604.1013808565302,1130,512,0,0
604.1016671449579,5320,9,1,0
604.1553244927859,1024,433,0,0
604.1556986366468,609,48,0,0
604.340515836684,1051,209,0,0
604.5954321259193,522,7670,0,1
604.6124065670496,1178,159,0,0
604.7844906428659,182,200,0,0
605.0465669781162,973,456,0,0
605.0517950352499,6,390,0,0
605.0883715397521,238,56,0,0
605.1457976037789,646,221,0,0
605.1550047486437,4,314,0,0
605.1559017972025,431,61,0,0
605.1773815437222,6,446,0,0
605.2245707990966,271,47,0,0
605.2547522600421,456,76,0,0
605.4044885537913,732,226,0,0
605.4653187075452,1637,4240,0,1
605.4670382020804,925,211,0,0
605.4718943253134,1860,168,0,0
605.5353211558881,803,480,0,0
605.8046774988792,7866,326,1,0
606.305241049849,607,770,0,0
606.3139149687078,535,213,0,0
609.4258437293796,1863,105,0,0
609.4271104882331,10,151,0,0
609.4354144641765,744,249,0,0
609.4359673510018,32,61,0,0
609.4381438466502,1372,182,0,0
610.6880329321037,1081,751,0,0
610.7617532346768,741,172,0,0
610.7728154330244,1395,43,0,0
610.7968805960336,15,761,0,0
610.798514800897,2581,214,0,0
610.934688196399,1379,517,0,0
611.0031360130486,1785,481,0,0
611.0042446470906,1143,2210,0,1
611.0118474664815,715,286,0,0
613.95992430547,593,2150,0,1
613.9602089240797,1657,308,0,0
613.9990221967433,28,526,0,0
614.0010098393121,1153,340,0,0
614.0415265312728,280,251,0,0
614.0466064264157,515,3290,0,1
614.0662738913718,1702,236,0,0
614.0723768995823,1163,166,0,0
614.0738277405594,1639,305,0,0
614.0823344758295,87,183,0,0
614.0847743932666,1333,361,0,0
614.1008688222759,1620,624,0,0
614.1585479717353,1363,17,0,0
614.1609696816236,8018,174,1,0
614.3170544343315,799,278,0,0
614.3225275158335,3420,513,1,0
614.3365300024622,3780,117,1,0
614.3477425300591,1335,194,0,0
614.3488568876459,1637,245,0,0
614.3491358920858,485,337,0,0
614.3987361091322,1799,108,0,0
614.4312416888531,774,130,0,0
614.515617442335,1749,109,0,0
614.8071540657418,705,328,0,0
614.8310776303829,424,135,0,0
614.8314854138987,554,106,0,0
614.8334914852381,644,770,0,0
614.8421981660218,1013,359,0,0
614.842644417839,265,295,0,0
614.8623417820829,255,428,0,0
614.8714157045221,130,630,1,0
614.8748814535236,826,603,0,0
614.9213486472048,338,207,0,0
614.9221842894442,1155,395,0,0
614.9445308592734,23,52,0,0
614.9993732633343,486,175,0,0
615.0002254792033,2240,175,1,0
615.0088562258619,1366,346,0,0
615.0396933052101,1212,116,0,0
615.1442084598331,373,136,0,0
615.2413804617822,721,26,0,0
615.2421673066824,142,223,0,0
615.2949172000543,1749,4460,0,1
615.3557284754526,220,320,1,0
615.3591589334447,10,447,0,0
615.4182395738966,214,201,0,0
615.427504616809,529,477,0,0
615.452585440215,790,273,0,0
615.505127413644,1307,345,0,0
615.5201043951162,864,652,0,0
615.6243578772834,1085,81,0,0
616.1384033051302,1416,333,0,0
616.3405902631254,288,352,0,0
616.3419625657278,151,312,0,0
616.3493667391972,1273,16,0,0
616.357617094415,1681,244,0,0
616.4199347693659,64,405,0,0
616.6339653326858,741,250,0,0
616.6385094317561,31,244,0,0
616.6805452334016,98,38,0,0
616.6807706638444,299,201,0,0
616.6899351435658,353,109,0,0
616.821841249285,23,125,0,0
616.8603431872798,1289,746,0,0
616.8787095290903,811,429,0,0
616.9346546612829,22,351,0,0
616.9560591109716,10,199,0,0
617.0178299218007,688,137,0,0
617.051673789163,49,513,0,0
617.1932259920031,1658,393,0,0
617.5142336368605,871,340,0,0
617.5276902322697,1380,280,0,0
617.542677572016,1118,663,0,0
618.622682207743,157,355,0,0
618.7899233735167,1536,280,0,0
618.801675337299,39,141,0,0
618.8281475907945,1456,236,0,0
618.8502345465183,708,376,0,0
618.9061004842325,1256,394,0,0
618.9062178305243,104,487,0,0
618.9204874825665,74,767,0,0
618.9526786860389,34,93,0,0
618.9766539091038,1366,456,0,0
619.0091571643793,365,763,0,0
619.0182166912498,3770,481,1,0
619.0562726608782,1323,9,0,0
619.0668261960636,391,2390,0,1
619.0861789095876,110,285,0,0
619.0864824505575,1058,188,0,0
619.1241323179007,469,190,0,0
619.1295388642984,1270,204,0,0
619.4412112835655,1021,570,0,0
619.5091321273973,599,303,0,0
619.5204190597899,24,356,0,0
619.5226356582226,5850,317,1,0
619.6364697719315,305,22,0,0
619.6549084141304,1490,213,0,0
619.6605100208316,195,1480,0,1
619.6645541138726,1743,84,0,0
619.66538902914,1107,448,0,0
619.6654695562526,370,481,0,0
619.6676917806036,969,467,0,0
619.7054528549795,336,403,0,0
619.7061724806397,987,162,0,0
620.9509244100386,461,216,0,0
620.9611457834848,1473,134,0,0
620.9644359746308,229,526,0,0
622.0604105708435,469,129,0,0
622.2313420502688,863,347,0,0
622.2587044003687,13,56,0,0
622.2712331143838,392,181,0,0
622.276446261618,1208,362,0,0
622.2792903073312,1299,285,0,0
622.2932974039975,213,368,0,0
622.3116352797334,1183,35,0,0
622.4199646141293,9,4190,0,1
622.4304308975404,568,554,0,0
622.4398787459004,950,47,0,0
622.4535216346382,806,579,0,0
623.4617173844658,35,28,0,0
623.4829340555613,1720,310,0,1
623.560502414811,1201,390,0,0
623.5730259561501,1754,446,0,0
623.5813162668367,696,381,0,0
623.5818539322343,22,699,0,0
623.6078729705695,942,180,0,0
623.6271852385155,2380,124,1,0
623.6431566117792,7240,770,1,0
623.6454273738666,1020,145,0,0
623.6561726860344,798,129,0,0
623.6570686098307,591,487,0,0
623.7109368833558,334,671,0,0
623.7263478077064,647,422,0,0
623.8057262242239,1526,274,0,0
623.9218557638176,818,365,0,0
623.9689093969109,971,113,0,0
623.9693245491228,1704,286,0,0
623.9771974076937,170,560,0,0
623.9793386040989,100,518,0,0
623.9834711016609,446,2490,0,1
623.9983701966357,1372,92,0,0
624.2477546983818,786,770,0,0
624.3517556406179,1165,5720,0,1
624.3552585858246,1302,361,0,0
624.3633482372752,7911,281,1,0
624.3713904197584,1823,276,0,0
624.4086523682948,6,1810,0,1
624.4155494617889,172,16,0,0
624.4291253463007,48,352,0,0
624.4347510706847,5430,78,1,0
624.9017722746728,736,325,0,0
624.9252104913877,324,11,0,0
625.0275083026524,175,345,0,0
625.0719746641089,1205,394,0,0
625.0723687234987,581,262,0,0
625.1055738513302,609,200,0,0
625.1075576673506,953,252,0,0
625.1128516457421,254,280,0,0
625.1185894821278,948,698,0,0
625.1264643635451,346,315,0,0
625.2188281279538,1227,270,0,0
625.2237347489943,1515,767,0,0
625.2408887187136,580,61,0,0
625.2790434764155,34,362,0,0
625.2806630560137,803,509,0,0
625.4006841816774,540,275,0,0
625.4054254602294,529,459,0,0
625.5138270776995,696,457,0,0
626.1144154357183,850,413,0,0
626.1176193482361,1029,390,0,0
627.109745223963,1029,481,0,0
627.2090548801425,36,767,0,0
627.6173742564389,8047,145,1,0
627.8456297274599,36,239,0,0
627.8457144603177,1480,680,0,1
627.8458610939418,498,399,0,0
627.8525239423471,360,375,0,0
627.9019587294173,377,563,0,0
627.9036370633584,1240,252,0,0
627.942081175463,565,401,0,0
627.9551599965198,374,595,0,0
627.9829785657473,710,133,0,0
628.0203765700518,1572,342,0,0
628.0275932187991,1483,176,0,0
628.4229972828621,1341,770,0,0
628.6417449616958,607,150,0,0
628.6701351210304,342,113,0,0
628.7282612465089,116,636,0,0
628.7293883134561,464,2420,0,1
628.7296240559843,8156,36,1,0
628.74808803845,273,137,0,0
628.7500320015255,502,7690,0,1
628.7728216963111,1825,507,0,0
628.7738982027525,34,218,0,0
628.7764706418382,638,364,0,0
628.8748673162572,1493,295,0,0
628.8755230954101,500,212,0,0
628.9634847337666,9,3000,0,1
628.9744054643456,819,768,0,0
628.9749909979009,693,275,0,0
628.9761134815994,361,205,0,0
628.9762276909498,1322,219,0,0
628.9778194018561,9,264,0,0
629.0383677110003,7888,304,1,0
629.0386729329508,1545,2490,0,1
629.0520232817495,491,23,0,0
629.4525163591103,8,98,0,0
629.4549549753873,1675,11,0,0
629.7440505723359,1678,390,0,0
629.7446818798186,965,2830,0,1
629.8246416553429,1034,590,0,0
629.8354033371617,1268,609,0,0
629.851001870093,1081,675,0,0
629.8927565240596,910,66,1,0
629.8967146276603,1704,5390,0,1
629.9019108962125,1562,410,0,0
629.9173799354676,892,209,0,0
630.7118134616424,9,212,0,0
636.0588657291446,133,25,0,0
636.06795425565,4,386,0,0
636.0938206653608,1957,8,0,0
636.0962632099955,517,641,0,0
638.2140667592495,921,273,0,0
638.2264630545077,676,535,0,0
638.3894022762838,394,360,0,0
638.3939043564058,1753,350,0,0
638.40158488278,347,440,0,0
638.4110320845301,1516,631,0,0
638.4144700741911,976,251,0,0
638.4655719991221,14,497,0,0
638.5404727997236,76,270,0,0
638.8058352123813,80,498,0,0
638.8100146152692,1083,345,0,0
638.811248256812,27,317,0,0
638.8810370406687,1379,95,0,0
638.9009793699681,1141,4,0,0
638.909633352888,1736,319,0,0
638.9901930045804,13,681,0,0
639.3295900664864,177,415,0,0
639.5242291046993,7942,250,1,0
639.5280831475449,385,173,0,0
639.547537469013,98,495,0,0
639.548543158163,973,453,0,0
639.5528082466669,280,237,0,0
639.5564071990167,38,1710,0,1
639.5565763028213,354,165,0,0
639.5610339881767,1394,515,0,0
639.5987160554752,755,430,0,0
639.5993775092405,1825,3490,0,1
639.7296596139671,557,6330,0,1
639.7406362183692,9,191,0,0
639.741080480822,800,175,0,0
639.757483802235,273,5,0,0
639.7984222721059,992,236,0,0
639.8616518245017,31,264,0,0
639.9132550032061,1036,686,0,0
640.0274504243504,34,104,0,0
640.0607691897694,91,93,0,0
640.0783479518848,230,518,1,0
640.0883538607889,457,425,0,0
640.0895826913712,1329,270,0,0
640.5654111696784,1809,234,0,0
640.6408629517823,607,253,0,0
640.6624185146826,613,24,0,0
640.7096567852395,92,448,0,0
640.7449385538445,701,374,0,0
640.7473640967697,1690,390,0,0
640.7482916085162,699,306,0,0
640.9607754807134,1318,20,0,0
641.010289469567,2034,201,0,0
641.0406983047806,388,387,0,0
641.2761475026423,1225,19,0,0
641.3405636787196,1097,272,0,0
641.3683759974483,1672,288,0,0
641.3992200676789,117,216,0,0
641.4319468723156,1518,241,0,0
641.6079557144589,1770,308,0,0
641.8416203477761,7684,508,1,0
641.8519343745417,1203,473,0,0
641.8585814698787,12,260,0,0
641.885548983039,787,61,0,0
641.8943269424087,235,152,0,0
641.9618469604395,792,261,0,0
641.9634616870377,7865,327,1,0
641.9906314922088,46,134,0,0
642.0036765584348,167,109,0,0
642.0163662311362,194,723,0,0
642.0182881025758,633,3900,0,1
642.143946404061,8,130,0,0
642.1671659498412,889,201,0,0
642.3057634463335,370,359,0,0
642.3281340258236,553,32,0,0
642.3360423692442,553,367,0,0
642.3936085764336,999,265,0,0
642.5274872385685,596,16,0,0
642.5332141563954,775,596,0,0
642.5436037870827,374,333,0,0
642.5474470894694,661,310,0,0
642.5916850973279,24,279,0,0
642.5925816988404,185,489,0,0
642.6899520751127,365,697,0,0
642.7158576196591,529,373,0,0
642.7391520512139,898,160,0,0
642.9390731799299,650,223,0,0
644.017121955249,1395,290,0,0
644.0571153405706,660,23,0,0
644.0607332621756,1785,3810,0,1
644.0687831112743,944,182,0,0
644.1026096017627,543,504,0,0
644.27921652198,1135,602,0,0
644.2848801594516,42,220,0,0
644.3092327301134,3720,45,1,0
644.626659688663,8160,32,1,0
644.6343941801866,239,399,0,0
645.1053137561578,735,326,0,0
645.1114834380907,1205,93,0,0
645.1207484272089,212,80,0,0
645.1212317354223,11,414,0,0
645.1363568051972,4,1850,0,1
645.1413182079206,7760,432,1,0
645.346172179032,1805,34,0,0
645.367697732328,1238,420,0,0
645.3712783453914,503,223,0,0
645.3717590305652,660,157,0,0
645.3729202582898,14,446,0,0
645.9589518468579,643,240,0,0
647.7657921359125,897,84,0,0
648.0237478573191,946,406,0,0
648.0247673419487,980,416,0,0
648.1314861299787,1346,253,0,0
648.1529503884329,1396,494,0,0
648.220807097993,1861,218,0,0
648.2240928939569,285,301,0,0
648.2414752292441,5,124,0,0
648.2785813813049,304,360,0,0
648.2812340175755,836,769,0,0
648.3615737986066,7445,747,1,0
648.3636772248069,756,291,0,0
648.4103091638249,1058,60,0,0
648.4725295083806,550,369,1,0
648.4802259144691,248,300,0,0
648.4809781436772,350,389,0,0
648.4842532050131,508,706,0,0
648.5206879428846,1592,304,0,0
648.5725432894728,1125,228,0,0
648.5917069789402,17,22,0,0
648.6336142188795,1563,770,0,0
648.6346208398229,1603,262,0,0
648.7786270081768,7,328,0,0
648.7793874573782,67,21,0,0
648.8360381514036,1228,317,0,0
648.8454076542123,1354,494,0,0
648.8489327575626,765,727,0,0
648.8730549244664,7979,213,1,0
648.8763772458718,201,181,0,0
648.8858112860828,1519,102,0,0
648.890653403337,982,774,0,0
649.1562608062079,748,411,0,0
649.1920795254467,1786,42,0,0
649.2231688278514,200,673,0,0
649.3068507343743,574,151,0,0
649.3892592459115,1260,251,0,0
649.4076342039527,7870,322,1,0
649.4096941330948,207,123,0,0
649.4221009103604,1816,134,0,0
649.6245948079828,718,477,0,0
649.6485520290839,1546,215,0,0
649.668712488285,1596,767,0,0
649.6760132830461,722,616,0,0
649.6857241340919,7,96,0,0
649.6861309907293,1133,230,0,0
649.6889359715065,525,236,0,0
649.6898795631564,1102,414,0,0
649.694619446668,647,155,0,0
649.696359687279,323,344,0,0
649.7169991260486,8024,168,1,0
649.9205781245909,2610,149,1,0
649.9401196813164,1624,769,0,0
649.9542756543374,1538,9,0,0
649.9547467850092,538,345,0,0
650.1002410177043,686,395,0,0
650.1027062806432,2480,57,1,0
650.1047912022375,1022,184,0,0
650.1117828301265,987,295,0,0
650.1219105742522,1061,222,0,0
650.1368613086267,1652,326,0,0
650.1451263098356,7690,484,1,0
650.1550979185288,2057,509,0,0
650.2345959007902,1759,521,0,0
650.2373786744349,1670,389,0,0
650.2574710173841,1673,39,0,0
650.2826767050907,175,160,0,0
650.3103977188559,316,79,0,0
650.3177500278549,1292,179,0,0
650.3179864103824,114,769,0,0
650.345786473258,1585,148,0,0
650.375731497985,1091,220,0,0
650.3767220627489,220,217,1,0
650.5294771775616,1552,477,0,0
650.5297697533592,423,47,0,0
650.9388073556559,1466,527,0,0
650.9497976231445,1295,258,0,0
650.9896575055611,1154,271,0,0
651.0152032021325,1341,272,0,0
651.0184736657231,784,273,0,0
651.0312987470742,1166,277,0,0
652.1295673841698,1365,767,0,0
652.1440551215867,1447,368,0,0
652.1794904301254,1430,630,0,0
652.353436123953,851,104,0,0
652.8466515423293,30,210,0,0
652.9419402402115,1653,230,0,0
653.1346433447178,1413,138,0,0
653.1581902812967,783,213,0,0
653.2616552749032,1086,358,0,0
653.3605157580682,344,28,0,0
653.4670182505143,21,411,0,0
653.4740117896516,1800,54,0,0
653.4741252689072,1356,276,0,0
653.5214790180356,7959,233,1,0
653.5267792503518,477,19,0,0
660.1268921014423,848,111,0,0
660.1678441582875,182,143,0,0
660.1969740244598,323,363,0,0
660.2018337138122,1549,124,0,0
660.3519023945048,1414,19,0,0
660.4106942779268,833,205,0,0
660.4335261237973,718,564,0,0
660.5304182496288,1140,56,0,0
660.5938924423256,1600,1610,0,1
660.6240675546226,648,582,0,0
660.629556180494,1364,51,0,0
660.6311282668858,204,189,0,0
660.6329272121594,829,210,0,0
660.6704228418973,1404,232,0,0
660.6722354513854,18,249,0,0
660.9617667004555,445,151,0,0
660.97582409327,6,344,0,0
661.2730791983245,7957,235,1,0
661.2964856682322,1115,381,0,0
661.3093091779207,1457,407,0,0
661.3246300040422,1319,569,0,0
661.324915614987,67,171,0,0
661.33183466072,157,6360,0,1
661.3846152815227,428,278,0,0
661.3868974810978,1177,206,0,0
661.3980485462052,620,254,0,0
661.3984337242721,573,260,0,0
661.4140388936509,289,2020,0,1
661.4152407218903,1676,304,0,0
661.4245546721288,876,436,0,0
661.4394011839713,1476,251,0,0
661.616127905596,735,12,0,0
661.6620403266354,144,165,0,0
661.6726134177848,1784,426,0,0
661.7264997548365,242,679,0,0
661.7332689267348,1061,179,0,0
661.7613143648939,254,133,0,0
661.7659077613071,146,17,0,0
661.7734639069598,957,148,0,0
661.8669623852952,350,30,1,0
661.8962690593522,798,688,0,0
662.0287818243226,17,4100,0,1
662.0766465402309,1763,141,0,0
662.0863477718576,99,31,0,0
662.0865263181606,169,138,0,0
662.086860814606,334,397,0,0
662.087834289054,7423,769,1,0
662.133217987893,449,166,0,0
662.2560660386079,143,182,0,0
662.2831531462264,169,297,0,0
662.3085895789582,552,417,0,0
662.3421929789861,1120,409,0,0
662.3432190520679,191,53,0,0
662.3541212217958,526,403,0,0
662.4442665847524,165,93,0,0
662.4627624149971,297,339,0,0
662.4664067663377,2027,92,0,0
662.4671879177331,833,625,0,0
662.5313773731498,994,159,0,0
662.6910842262295,1823,241,0,0
662.6934001593021,896,3840,0,1
662.7021827843182,620,32,0,0
662.7064896755189,788,162,0,0
662.7535506175537,523,376,0,0
662.770985789038,1190,210,0,0
662.8059292311308,7764,428,1,0
662.8111646186687,775,342,0,0
662.8700719205004,930,187,0,0
662.872373571184,1499,418,0,0
662.8803418893625,78,189,0,0
662.8832893606017,1030,401,0,0
662.8846493021085,1493,111,0,0
662.9067452733303,286,217,0,0
663.1883281907319,553,17,0,0
663.2115265206114,372,411,0,0
663.251397140275,1153,229,0,0
663.2519800970388,450,269,0,0
663.4087532842963,14,118,0,0
663.4101942150971,6,236,0,0
663.4766891260624,1433,62,0,0
663.4907224658848,397,107,0,0
663.5304476233534,199,52,0,0
663.540098981133,693,351,0,0
663.6136737741236,633,237,0,0
663.6194730796618,1287,125,0,0
663.7805163357116,1363,3000,0,1
663.8087781878836,10,223,0,0
663.8204590926159,1811,429,0,0
663.8971601509965,1440,324,0,0
663.9048445313017,46,179,0,0
663.9057047567434,776,142,0,0
663.9236015354185,1363,758,0,0
663.9267305871422,780,754,0,0
664.719679840212,848,135,0,0
664.8500993326443,524,533,0,0
664.8824320560709,7982,210,1,0
664.8856618579315,1405,189,0,0
664.8946145116646,1329,323,0,0
664.9279978279051,1383,182,0,0
664.9325746031476,755,98,0,0
664.933326896866,94,260,0,1
665.0056555867409,1072,250,0,0
676.330453932124,445,301,0,0
676.3864024507074,662,516,0,0
676.5655197410011,1424,316,0,0
676.5656957118435,1102,5580,0,1
676.5670168364843,426,479,0,0
676.5839169014818,8018,174,1,0
676.5847989748453,589,259,0,0
676.584875194002,1579,522,0,0
676.5962251286477,7947,245,1,0
676.6181146769252,1621,180,0,0
677.1505182012397,546,297,0,0
677.1670716703503,8184,8,1,0
677.1699515778005,23,270,0,0
677.1705593881325,728,429,0,0
677.2034114907365,790,173,0,0
677.2245688132706,1194,237,0,0
677.2298719832986,1015,47,0,0
677.2317036094217,579,77,0,0
677.2583794359019,1143,161,0,0
677.2666562220853,1178,681,0,0
677.3167930327596,5322,2870,1,1
677.471061457848,726,319,0,0
677.490445839086,844,151,0,0
677.4915184653325,640,93,0,0
677.6830266941705,1734,188,0,0
677.6856038461646,646,210,0,0
677.688878976985,1796,13,0,0
677.724692795881,227,66,0,0
677.7439663753812,1238,19,0,0
678.2685901457345,1694,476,0,0
678.3214591358405,20,223,0,0
678.3516220195701,102,783,0,0
678.4455521435619,216,161,0,0
678.5451157621906,339,60,0,0
678.5578141204444,830,138,0,0
679.6578704130999,1527,262,0,0
679.7606892622956,781,693,0,0
679.7814893166271,22,571,0,0
679.8109853892795,7550,378,1,0
679.8816380945848,2260,402,1,0
679.905940033793,2170,23,1,0
679.9416382076072,1402,766,0,0
679.9614880767542,1565,708,0,0
680.1200137661934,320,357,0,0
680.1227635490997,779,381,0,0
680.1404058483002,96,209,0,0
680.1457849943637,726,49,0,0
681.9011593907475,1831,270,0,1
685.1198527091627,682,2880,0,1
685.1698522327919,724,383,0,0
685.1887203820104,1545,751,0,0
685.2219331649122,126,174,0,0
685.224788519015,36,154,0,0
685.2538477560088,705,644,0,0
685.2731743612491,611,145,0,0
685.2955421811643,593,272,0,0
685.3239548298985,925,512,0,0
685.4560712238982,219,62,0,0
686.461959107096,918,193,0,0
686.4621978442858,833,71,0,0
709.3528084999999,1312,48,0,0
709.3614973411349,334,260,0,0
709.3909762739623,209,210,0,0
709.3923078528364,286,171,0,0
709.3954541627099,338,78,0,0
709.4069274867516,991,302,0,0
709.4396088074915,47,422,0,0
709.4399264336216,1081,17,0,0
709.4634772160075,91,609,0,0
709.4682999472482,263,129,0,0
709.5000315950763,970,454,0,0
709.655716416911,1068,367,0,0
709.7936581157087,1295,313,0,0
709.7941579670451,435,213,0,0
709.8267542359765,554,115,0,0
709.8839434500467,111,39,0,0
710.019954894556,457,397,0,0
710.0247251312657,662,276,0,0
710.0398187411488,1510,207,0,0
710.0560563778039,1026,280,0,0
710.0770111146376,1407,254,0,0
710.0838253149747,330,113,1,0
710.0916770752003,1642,765,0,0
711.7106787573307,23,366,0,0
711.7114767153258,238,116,0,0
711.8156157334229,696,231,0,0
711.9060116679718,492,570,0,0
712.0123100435641,1390,366,0,0
712.0143379590396,1424,356,0,0
712.0497616267044,804,247,0,0
712.0596313415558,1693,349,0,0
712.0902362702539,473,188,0,0
712.1422077194256,376,255,0,0
712.1449548034492,1304,172,0,0
712.1869295930552,1207,54,0,0
712.2019028832971,1414,320,0,0
712.2026566726012,1388,66,0,0
715.7105864759236,1901,326,0,0
715.7131543754653,55,137,0,0
715.9045056674663,1076,4860,0,1
715.9088027525154,1493,100,0,1
715.9261379885456,1927,110,0,0
715.9556745547477,1301,621,0,0
715.997147121595,1847,344,0,0
716.4979153922383,1136,512,0,0
716.5139588012727,809,330,0,0
717.0891977394843,1673,766,0,0
717.1129373683488,1518,112,0,0
717.1153562905117,876,255,0,0
717.1822681288526,8,1110,0,1
717.1870123362872,26,259,0,0
717.7101011875397,9,35,0,0
717.7930286035631,1570,636,1,0
717.9184377422789,1179,277,0,0
717.9199203409578,29,171,0,0
717.9680206337298,820,74,0,0
717.9680457460374,545,154,0,0
717.9729017374973,1048,10,0,0
717.9760197728648,1353,324,0,0
717.9777194933105,7,92,0,0
718.1575442086981,50,476,0,0
718.1596331615018,993,22,0,0
718.16021589371,430,532,0,0
718.764381663914,876,470,0,0
718.7746964545249,8063,129,1,0
718.8075054084773,538,180,0,0
718.8097642552094,1395,693,0,0
718.8861346880768,137,160,0,0
718.9083898216783,779,710,0,0
720.1813180510235,391,414,0,0
720.1902660120456,1074,12,0,0
720.2056232461955,1267,433,0,0
720.4582844996271,545,54,0,0
720.4898646194232,1000,494,0,0
720.4908538550721,1387,31,0,0
720.5049755335403,9,121,0,0
720.5208742843537,693,320,0,0
720.7993317029634,838,1810,0,1
720.800274934817,305,139,0,0
720.809117423805,1066,288,0,0
720.8124777724812,1835,268,0,0
720.8207912406206,729,602,0,0
720.8244517721483,1715,174,0,0
720.8268746091835,211,298,0,0
720.9865739037161,1139,130,0,0
721.006815480186,712,342,0,0
721.0930655375669,1700,78,0,0
721.0949758395059,443,195,0,0
721.1020855828651,1127,359,0,0
721.6860220486186,372,6120,0,1
721.698864687469,1091,10,0,0
721.7121319089077,130,464,0,0
721.7456053781345,728,127,0,0
721.7854553451484,1407,767,0,0
721.830205853168,19,93,0,0
721.8377690391754,206,29,0,0
721.83929619231,1310,111,0,0
721.8464512562165,547,87,0,0
721.8479687271868,1566,767,0,0
721.8881052654359,1216,189,0,0
721.8886397203069,1703,180,0,0
721.8919982251773,1263,305,0,0
722.5690116489989,574,421,0,0
722.5769179763657,8040,152,1,0
722.5925298400327,779,380,0,0
722.6016955012642,444,435,0,0
722.70891963325,261,319,0,0
722.9967123686467,197,117,0,0
723.0074085824382,37,421,0,0
723.0097658698735,555,57,0,0
723.0454936888746,1100,388,0,0
723.0800619576445,1332,197,0,0
723.1422057119803,12,308,0,0
723.170433603547,1067,506,0,0
723.1958100192192,983,600,0,0
723.2410859016389,6122,2070,1,1
723.242675802002,1659,396,0,0
723.2950634296742,800,175,0,0
723.2969919582829,344,258,0,0
723.3342902828111,34,760,0,1
723.3534736729548,8116,76,1,0
723.3580084559205,770,5650,0,1
723.3639487181562,237,278,0,0
723.364440248676,1032,515,0,0
723.446806626775,549,1870,0,1
723.4482310298881,13,84,0,0
723.4639548026099,1390,118,0,0
727.0152237637973,47,316,0,0
727.0371530124837,1082,277,0,0
727.0379238712554,1153,229,0,0
727.0441092044942,903,395,0,0
727.0471434235413,1725,27,0,0
728.2003537461441,13,156,0,0
729.1384050525536,1520,283,1,0
729.1441336304284,672,330,0,0
742.3923449897101,7925,267,1,0
742.3960632368329,531,17,0,0
742.4404087900276,85,294,0,0
742.4430279991411,262,104,0,0
742.4437094517945,181,361,0,0
742.5366011797579,14,177,0,0
742.5617754607125,1259,4020,0,1
743.170997747557,130,326,1,0
743.1836117447957,912,741,0,0
743.2149010395668,1116,27,0,0
743.2340105692241,454,23,0,0
743.2529586759056,203,200,0,0
743.2580786929178,319,506,0,0
743.2622260214938,1133,234,0,0
743.3090221857926,1824,228,0,0
743.3147704880303,1210,354,0,0
743.3417687557318,1981,634,0,0
743.4066851888599,261,2570,0,1
744.1138782234393,1774,345,0,0
744.1139313250527,1230,3300,0,1
744.1215421696506,100,244,1,0
744.1334761421108,1391,229,0,0
744.5089647078353,46,230,0,0
744.5146802864443,1234,262,0,0
744.5985213303836,620,367,0,0
744.8639429901673,32,240,0,0
744.8717459323492,393,18,0,0
745.1404932872138,140,360,0,0
745.2161993484432,1375,600,0,0
745.2171605591275,1364,435,0,0
745.2180621159227,752,561,0,0
745.2267691578478,7280,333,1,0
745.2269795420762,674,676,0,0
745.2285923804411,31,345,0,0
746.206424155239,27,554,0,0
746.2116048571532,1671,303,0,0
746.2725504300676,1114,449,0,0
746.4456315750173,593,191,0,0
746.4506179581133,1681,250,0,0
746.484720651077,1314,192,0,0
746.5557377803291,614,382,0,0
746.5749568651152,5710,225,1,0
746.5752680650894,1185,372,0,0
746.5772024977911,3078,140,0,0
746.8528826192035,1484,696,0,0
746.8545570229917,14,71,0,0
746.9857039569364,13,116,0,0
747.0037722841352,537,93,0,0
747.028213226677,770,570,0,1
747.0689089045011,65,81,0,0
747.0714414991651,98,219,0,0
747.0769673978693,6910,696,1,0
747.0816701680935,615,299,0,0
747.0845018412098,20,126,0,0
747.0845719506875,807,428,0,0
747.0948833899,1389,101,0,0
747.1942121147241,1374,666,0,0
747.1978985657904,717,50,0,0
747.2024544662796,881,310,0,1
747.2080438585591,11,275,0,0
747.2128719583204,1434,3190,0,1
747.2265893709097,1139,115,0,0
747.231153706253,215,528,0,0
747.3074802628903,1519,246,0,0
747.3505221690958,1371,293,0,0
747.7034165650404,227,211,0,0
747.707106550439,14,356,0,0
747.8419359948837,1297,38,0,0
747.8437295326186,268,371,0,0
747.9025856923615,220,152,0,0
747.9160285609497,103,1220,0,1
747.9619265764793,678,742,0,0
747.9645235389424,1302,347,0,0
747.9969572230253,843,57,0,0
748.0211817298425,131,264,0,0
748.0228571329335,11,85,0,0
748.0241497414404,1365,366,0,0
748.0994487546653,1380,286,0,0
749.7718197997402,1059,569,0,0
749.7762417628334,1447,226,0,0
749.9892358273485,682,215,0,0
749.9943757592317,454,663,0,0
750.0109447284722,7809,383,1,0
750.0775036440438,115,212,0,0
750.1324016727809,58,47,0,0
750.1383188703587,6,202,0,0
750.1816268090066,1035,98,0,0
750.1897893739177,745,572,0,0
751.0116759271997,385,165,0,0
751.0160991352077,2897,890,0,1
751.0275605210642,1429,175,0,0
751.0383338917128,1353,356,0,0
751.2819902061881,824,168,0,0
751.2839020413965,422,437,0,0
751.3419847898269,22,90,0,0
751.3751879961113,724,572,0,0
751.3887973949397,1584,332,0,0
751.4156824951697,1747,599,0,0
751.5131451915518,739,2940,0,1
751.540587666817,311,267,0,0
751.5511479610999,1054,413,0,0
751.5728132805742,127,520,0,0
751.5752021260755,746,349,0,0
751.74022220419,208,218,0,0
751.7415053437427,1807,5960,0,1
751.7423695433439,246,328,0,0
751.7449737905176,770,58,1,0
751.7467582754215,440,256,0,0
751.8452778384207,708,181,0,0
751.8703931813138,48,18,0,0
751.8733495248931,8080,112,1,0
751.8819956935554,753,215,0,0
751.9006103261792,359,396,0,0
751.9399894859752,893,29,0,0
751.9423564468326,1064,500,0,0
751.9596950338051,16,179,0,0
752.011300184929,873,200,0,0
752.0892810915645,865,360,0,0
752.0898032673529,1493,183,0,0
752.1789336074942,557,32,0,0
752.1797265252648,478,388,0,0
752.2776423914303,329,67,0,0
752.2777125822578,427,282,0,0
752.2828505785973,1347,62,0,0
752.2889687048272,910,96,0,0
752.3680281369823,189,272,0,0
752.4586727719334,509,523,0,0
752.4732210008547,1126,15,0,0
752.4736829605192,439,160,0,0
752.8304377134641,1752,323,0,0
752.8594202806194,60,252,0,0
752.9275115965091,16,464,0,0
752.9295729373647,1117,321,0,0
752.9299772547039,19,375,0,0
752.9612653693503,230,361,0,0
753.0258862925648,1790,548,0,0
753.0298070475563,5,9,0,0
753.140436286916,760,127,0,0
753.3263847254361,37,308,0,0
753.3346910281496,112,116,0,0
753.3411083060046,916,340,0,0
753.3894861955223,54,80,0,0
753.3897495990093,167,320,0,0
753.4651836195231,291,26,0,0
754.0293333494438,751,437,0,0
754.0384236425415,1169,256,0,0
754.0514471444639,12,130,0,0
757.7662396797826,804,320,0,1
757.8053056945214,152,3890,0,1
757.9071988361522,553,50,0,0
757.9087931393158,1154,116,0,0
757.9335421555304,1386,203,0,0
757.936969836004,7790,195,1,0
757.9412445119955,302,223,0,0
757.9420185163518,774,30,0,0
757.9430438651802,546,164,0,0
758.1396201674866,1159,133,0,0
758.2630708334653,1426,43,0,0
758.2917911562953,739,395,0,0
758.4287819360464,1290,501,0,0
758.4315230274958,296,386,0,0
758.4334654123065,841,289,0,0
758.4436252183225,28,245,0,0
758.4483000847183,315,265,0,0
759.0105383980216,740,31,0,0
759.0237524651393,732,405,0,0
759.0240459327276,1138,4280,0,1
759.2365363002681,24,33,0,0
759.2367658806551,979,396,0,0
759.2375330798558,578,205,0,0
759.3025220924778,503,768,0,0
759.6150281347739,1527,450,0,0
759.6153922891132,32,549,0,0
759.6227023825385,13,235,0,0
759.6388779696902,10,15,0,0
760.1553976010007,1203,140,0,0
760.1805490496653,980,311,0,0
760.1807757991324,1538,403,0,0
760.2315658300816,5130,768,1,0
760.2328623366142,1070,732,0,0
760.2367992128196,336,24,0,0
760.9480537511503,1102,243,0,0
760.9533309465708,10,261,0,0
761.0741066581116,1690,223,0,0
761.0837905104227,143,740,0,1
761.1171408302699,17,169,0,0
761.1217579896389,188,89,0,0
761.1266860745305,1439,541,0,0
761.1318252275876,1669,329,0,0
761.148353450249,797,113,0,0
761.7265388964122,222,208,0,0
761.7783225474535,21,180,0,0
761.7915601412374,539,214,0,0
761.8008298767985,1692,254,0,0
761.8126230049122,154,767,0,0
762.0267811386409,214,696,0,0
762.0288704402028,613,104,0,0
762.0661381767295,291,500,0,0
762.0922552943404,363,411,0,0
763.4355721178295,1190,16,0,0
763.4375501727319,574,124,0,0
763.4378297146959,7840,352,1,0
763.4493287029314,1120,767,0,0
763.4660754185062,1564,126,0,0
763.4695073411608,2592,329,0,0
763.8016237058495,33,67,0,0
763.8294511115799,1271,194,0,0
763.8320918051764,304,3780,0,1
764.0351764321447,84,219,0,0
764.9233021334135,1147,4150,0,1
764.9362634890117,11,190,0,0
765.035060866945,1348,3400,0,1
765.2113878429777,1437,75,0,0
765.2135796613721,52,126,0,0
765.2296304132726,517,406,0,0
765.238461177727,1733,212,0,0
765.40085398787,222,29,0,0
765.4099060924203,1892,330,0,1
765.4162201648461,709,38,0,0
765.418521215857,19,11,0,0
765.6093042884736,669,4080,0,1
765.6157776368264,39,224,0,0
765.658756734397,10,72,0,0
765.6605437081855,1637,377,0,0
765.7760747677049,77,515,0,0
765.7868776240445,1520,264,0,0
765.8229014414918,1435,131,0,0
765.8443308522469,1456,349,0,0
765.8778861640039,485,670,0,0
766.0539152678753,316,35,0,0
766.0816814541579,541,301,0,0
766.269458847566,1641,525,0,0
766.2957173918251,1297,4620,0,1
766.2997276040616,778,3590,0,1
766.3037758013282,1050,485,0,0
766.3152421293264,1044,256,0,0
766.3217103802875,856,19,0,0
766.3847714879896,1033,86,0,0
766.5135928979214,1698,175,0,0
766.5314476454881,1471,109,0,0
766.5369981757992,112,311,0,0
766.8161114893298,8,3890,0,1
766.8318903079833,1674,2510,0,1
766.8328937773342,1051,651,0,0
767.7042788285889,433,244,0,0
767.800326221909,1244,276,0,0
767.800638988144,15,506,0,0
767.8090073042157,45,52,0,0
767.8569766178781,231,142,0,0
767.8602482091516,1902,483,0,0
767.8689442098622,22,172,0,0
767.8689722200733,176,1260,0,1
767.8772170434744,336,167,0,0
767.8930540838111,1347,280,0,0
767.8946332382467,920,144,0,0
767.9016872951672,612,154,0,0
767.9029384931138,840,767,0,0
767.9099131477392,1845,2740,0,1
767.9489697440964,1537,23,0,0
767.9714902438426,7937,255,1,0
768.0309716654076,1879,277,0,0
768.2069851959636,8091,101,1,0
768.220595291661,1758,382,0,0
768.2233991542971,1761,70,0,0
768.2413769414914,1221,438,0,0
768.2475181959411,1613,105,0,0
777.0749189879149,1317,39,0,0
777.0750810807084,95,45,0,0
777.085230060924,1785,369,0,0
777.086430188203,681,211,0,0
777.3540019273503,17,419,0,0
777.4039285616745,488,768,0,0
777.4051860564247,590,308,0,0
777.4205201601238,1585,2850,0,1
777.4424512381039,420,1700,0,1
777.4534881517781,1110,172,0,0
777.4557783806782,299,46,0,0
777.4587944991947,327,279,0,0
777.4623972508451,165,272,0,0
777.5887573010014,98,461,0,0
777.589487572449,9,186,0,0
777.6098148332547,1208,306,0,0
777.6101580752166,809,160,0,0
777.619678550789,336,55,0,0
777.6227515314952,13,344,0,0
780.4049829240306,306,327,0,0
780.4064556599427,952,154,0,0
780.4548348552335,93,722,0,0
780.4585524608193,1706,447,0,0
780.4591641025761,506,2690,0,1
780.4678643894307,224,256,0,0
780.5163930907675,815,177,0,0
780.5166442269386,329,354,0,0
780.5727012668638,49,326,0,0
780.6003911203516,974,249,0,0
780.6825879046263,291,35,0,0
780.6838484547754,1233,408,0,0
781.3004406695313,1123,223,0,0
781.3942081488849,1096,382,0,0
781.7197115883042,1817,234,0,0
781.8139399179989,1044,5770,0,1
781.9228145062249,683,55,0,0
781.9255911485897,4690,181,1,0
782.0070948154186,884,309,0,0
782.0077680394753,1899,162,0,0
782.0411237688464,307,326,0,0
782.0468992778251,1125,16,0,0
782.07684066681,533,49,0,0
782.1703510864381,83,104,0,0
782.2072700035479,24,527,0,0
782.2319902605026,1532,110,0,0
782.2641701803827,7,387,0,0
782.295214537177,495,3870,0,1
782.2964130932606,28,378,0,0
782.3101879642072,538,26,0,0
782.4382314971658,349,406,0,0
782.4400432265116,838,184,0,0
782.4756446941343,444,135,0,0
782.4871606027338,12,374,0,0
782.4954261831268,1601,62,0,0
782.5166552899962,8,210,0,0
782.5285398217376,743,180,0,0
782.7479329002155,1430,196,0,0
782.8655502670599,1103,10,0,0
782.8681707532319,68,162,0,0
782.8727732180681,517,635,0,0
782.886198738106,236,198,0,0
782.893156793095,492,186,0,0
782.9209045415166,826,307,0,0
783.0182836254734,1056,89,0,0
783.0334820910216,385,243,0,0
783.0911151674421,665,173,0,0
785.5024757241706,129,207,0,0
785.5383044115363,566,322,0,0
785.6066964788658,532,458,0,0
785.63584157853,1098,217,0,0
785.6496269103443,883,300,0,0
785.652436215276,373,245,0,0
785.6664961078505,595,207,0,0
785.7489941348327,132,64,0,0
785.7830453840849,912,225,0,0
785.8387696604358,955,352,0,0
785.9387563290875,597,288,0,0
785.9449901300451,1689,530,0,0
785.9544080207469,7,420,0,0
785.9572387758775,1006,426,0,0
785.9606273314114,83,492,0,0
786.4947303621157,426,460,0,0
786.5159447701407,532,7660,0,1
786.5192689186265,1355,293,0,0
786.5883193414585,1197,328,0,0
786.5968890937709,1570,351,0,0
786.5981994295095,160,165,1,0
786.6075895671495,820,371,0,0
786.6858707298883,1053,384,0,0
786.7177857031757,735,12,0,0
786.7361805273326,1833,274,0,0
786.7517286011066,1251,301,0,0
786.7539382854759,1620,182,0,0
786.8079300752805,690,533,1,0
786.8093290104531,4470,76,1,0
786.8363818654842,21,166,0,0
788.9925098445793,45,256,0,0
788.9930129090874,1301,458,0,0
789.2381214524454,47,54,0,0
789.3496572852492,56,61,0,0
789.3572584659164,1349,560,0,1
789.4141320835727,700,349,0,0
789.4187809858828,137,88,0,0
789.4343650386559,44,235,0,0
789.5236186702483,2870,398,1,0
789.5285169842601,433,244,0,0
789.5623939014073,23,215,0,0
789.7381326915151,7,224,0,0
789.754703326844,1302,2890,0,1
789.7832986108007,38,107,0,0
789.783733251263,1878,244,0,0
789.7895873193373,320,249,0,0
789.7963001997563,269,110,0,0
790.1871964269047,90,170,0,0
790.194125477937,2088,4260,0,1
790.2146607410652,1233,298,0,0
790.2253885809482,1637,156,0,0
790.2704917241537,815,183,0,0
790.288367622426,836,767,0,0
790.303706974018,419,329,0,0
790.3163958351128,281,269,0,0
790.4504176478104,452,190,0,0
790.4545514556497,1549,250,0,0
790.4558115029176,293,131,0,0
790.4850820670083,282,12,0,0
790.5802157424196,1394,273,0,0
790.5819525126329,203,133,0,0
790.5886037715411,217,84,0,0
790.6003417258823,847,41,0,0
790.6398402715173,1383,315,0,0
790.6505241594487,1216,24,0,0
790.6547128839367,902,301,0,0
790.8306815368885,1349,322,0,0
790.8761262047232,15,385,0,0
790.8831860574323,675,125,0,0
790.9011544107756,2007,370,0,0
791.0317876320509,852,313,0,0
791.0382287019038,8042,150,1,0
793.06822368532,347,201,0,0
793.0825936317273,35,197,0,0
793.1614979775098,331,1270,0,1
793.1703097212303,1678,166,0,0
793.2715748392226,313,78,0,0
793.278352170028,214,199,0,0
793.3553472178547,727,139,0,0
793.4246165849618,242,353,0,0
793.4398463227951,222,81,0,0
793.4409549267975,762,673,0,0
793.4454980800333,1231,328,0,0
793.4639250783583,385,588,0,0
793.4931618368544,1132,354,0,0
793.4940873876728,233,195,0,0
793.6694569741051,890,93,0,0
793.7302689222427,8,230,0,0
793.8210331227745,7,135,0,0
793.8351198133804,19,354,0,0
793.8421277598532,6,115,0,0
793.942129625441,1092,389,0,0
793.9934251656455,441,245,0,0
793.9938592621296,457,471,0,0
795.4559311713091,139,25,0,0
795.4731320210589,47,243,0,0
795.4997921388054,547,420,0,0
795.5073274090278,1125,543,0,0
795.8399087006404,878,333,0,0
795.8611752510915,5740,252,1,0
795.9069539238444,605,362,0,0
795.9375494995428,750,770,0,0
795.9401422218024,11,365,0,0
795.9481712162593,1053,417,0,0
795.9525041544423,332,332,0,0
796.0308140197101,7380,767,1,0
796.2249388896286,520,26,0,0
796.2300857590535,5610,96,1,0
796.2359251547246,1007,600,0,0
796.3041912095073,69,247,0,0
796.3102392082475,973,76,0,0
796.3486860015698,281,223,0,0
796.3497629690005,16,767,0,0
796.4347549737472,701,256,0,0
796.4458996604078,210,82,0,0
796.5442069806111,364,515,0,0
796.5462383771263,722,9,0,0
796.5575015930925,555,217,0,0
796.5637019169338,1731,193,0,0
796.5782439878368,351,25,0,0
796.6489713436508,283,56,0,0
796.892792803262,262,495,0,0
797.0410459848898,967,266,0,0
797.0429419256056,1123,243,0,0
798.409945352226,1484,179,0,0
798.4120481135003,50,219,0,0
798.4167753054877,1787,357,0,0
798.4194931540328,1476,67,0,0
798.4698283959099,4061,9,0,0
798.4766269342541,1108,767,0,0
798.7773903929233,1116,253,0,0
798.8665093430072,125,282,0,0
798.9177914052497,208,216,0,0
799.1627724778936,347,354,0,0
799.9925302362046,1800,400,0,0
800.0113482886138,1818,769,0,0
800.0196016685979,1573,701,0,0
800.0257682331592,18,190,0,0
800.0403397087227,420,119,0,0
800.0473348914485,889,133,0,0
800.0554883721051,1331,457,0,0
800.0575214698723,549,111,0,0
800.0585703509695,1641,314,0,0
800.0634839584499,234,41,0,0
800.0678384552768,716,402,0,0
800.0962493650155,183,621,0,0
800.1602586103264,10,473,0,0
800.1996693002069,1195,31,0,0
800.2014161651891,445,263,0,0
801.0372852312104,257,21,0,0
801.1682951880726,902,68,0,0
801.2526601640864,997,19,0,0
801.5191109188985,1726,89,0,0
801.6552509128493,762,365,0,0
801.7110278289438,113,124,0,0
801.7600414141547,479,131,0,0
801.7855458547954,313,277,0,0
801.7960157798731,883,77,0,0
801.8015382222505,1608,212,0,0
801.8044205764744,702,267,0,0
801.8144525717555,1297,38,0,0
801.966951210185,1529,21,0,0
802.1996461577809,588,930,0,1
802.2041172255995,664,320,0,0
802.2871239615228,19,120,0,0
802.2919004470585,35,209,0,0
802.5636856585936,163,4680,0,1
802.5927898630899,418,99,0,0
802.5971838512131,782,770,0,0
802.610084947813,1745,437,0,0
802.6109526639837,134,123,0,0
802.627154362128,562,30,0,0
802.6285493097112,734,318,0,0
802.6437221747051,250,283,0,0
802.6439336700646,482,413,0,0
802.651466452901,81,428,0,0
802.7011983007668,621,44,0,0
802.7045997529568,1174,243,0,0
802.7433018454014,641,626,0,0
802.7486334414876,1158,277,0,0
802.7585958973975,1217,113,0,0
802.7932429434375,1439,541,0,0
802.7937559855727,385,173,0,0
802.8024944747307,1711,167,0,0
802.8297275778197,243,213,0,0
802.832642126607,885,457,0,0
802.8350677703894,822,253,0,0
802.8497240821531,562,283,0,0
802.8524980591867,7980,212,1,0
802.8529472796499,13,20,0,0
802.8871211628509,860,42,1,0
802.8990773402054,640,516,0,0
803.2190185607103,18,105,0,0
803.2351752383745,288,423,0,0
803.2364809251083,1390,173,0,0
804.2864883127412,1399,430,0,0
804.2867919763162,43,444,0,0
804.3326034615378,9,268,0,0
804.4253053752859,1126,349,0,0
804.4273366364577,631,6120,0,1
804.4282417210447,371,280,0,0
804.431990067352,1922,146,0,0
804.4331833529534,8155,37,1,0
804.4339129613861,1523,252,0,0
804.4356526907944,509,11,0,0
804.4670633900355,1296,212,0,0
804.467557552352,46,45,0,0
804.9857729274149,326,94,0,0
804.9916087929255,1415,830,0,1
804.99428996461,6,99,0,0
805.0049386876555,228,290,0,0
805.009916224848,9,378,0,0
805.0732193118528,18,766,0,0
806.1491015092251,922,751,0,0
806.1821870951206,995,533,0,0
806.1870901627773,576,180,0,0
806.2437840033263,814,330,0,0
806.2772719251413,410,167,0,0
806.2782039965666,729,484,0,0
806.2827946854865,1100,82,0,0
806.2921808725011,470,39,1,0
806.3112249309663,1591,421,0,0
806.5764722614786,1302,704,0,0
807.1343282075732,958,3940,0,1
807.139244496488,1417,278,0,0
807.2125778918347,782,115,0,0
807.2128707416334,472,252,0,0
807.2260549652821,197,66,0,0
807.3059063975968,4650,138,1,0
807.3062636043178,432,282,0,0
807.4488516028962,965,144,0,0
808.4362572094274,1086,677,0,0
808.4466684594078,642,31,0,0
808.4492869327942,154,294,0,0
808.4535392305952,258,308,0,0
808.4621803101704,773,767,0,0
808.4740213957879,994,148,0,0
808.5743102452096,235,180,0,0
808.5771861737579,705,204,0,0
808.5777840019261,1494,305,0,0
808.5780254935312,309,315,0,0
808.649448704748,912,263,0,0
809.4165200421735,627,426,0,0
809.4500041907478,1164,593,0,0
809.5796062238037,1271,206,0,0
809.595844290893,317,221,0,0
809.6513024689181,559,710,0,1
809.6564437183949,8188,4,1,0
809.6936631983309,13,397,0,0
809.7347419997496,1825,195,0,0
809.7424766046333,1575,256,0,0
809.7650299701872,1045,378,0,0
809.8292786954902,1082,255,0,0
809.8694596699128,528,430,0,0
809.8773769330996,55,729,0,0
809.8780905393088,1084,2720,0,1
809.8790286761573,1442,554,0,0
810.1296138233321,1397,770,0,0
810.1423732382581,1575,643,0,0
810.3907000926395,595,2850,0,1
810.4229321664652,583,544,0,0
811.4940224888493,1158,205,0,0
811.5071557220243,414,302,0,0
811.5652482338772,429,109,0,0
811.6050340613625,10,99,0,0
811.6687928997404,833,205,0,0
811.6708405550235,167,197,0,0
811.7298075332063,41,773,0,0
811.7465391253825,1685,17,0,0
812.0085012855245,503,326,0,0
812.0102458280767,25,35,0,0
812.0115988786085,8,76,0,0
812.0223090558999,1190,104,1,0
812.0246750454761,1094,260,0,0
812.0450735991889,23,432,0,0
812.0456432274357,793,439,0,0
812.1071687939137,1853,181,0,0
812.1078369811869,397,268,0,0
812.1659292513799,520,618,0,0
812.1703970722921,296,75,0,0
813.4233020938086,705,87,0,0
813.4514612836546,273,205,0,0
813.4572040233238,207,47,0,0
813.4731672907985,1548,5100,0,1
813.4780401297975,5350,150,1,0
813.7057654158858,1875,714,0,0
813.7178827378799,6190,26,1,0
813.7444902199219,4,14,0,0
813.8938456865035,1143,199,0,0
813.9037137440358,1293,378,0,0
813.9078960664307,1333,511,0,0
813.9136532803307,1619,242,0,0
813.9185721746089,170,28,0,0
813.990906972252,654,199,0,0
814.1762118300545,425,151,0,0
814.2371123437715,643,15,0,0
814.2803136385395,1210,372,0,0
814.2866593467361,970,32,0,0
814.2903912499443,1741,122,0,0
814.3142648477841,7380,253,1,0
814.5331926774605,1165,196,0,0
814.5879994150761,1040,402,0,0
814.6156834809394,1096,483,0,0
814.6267284317917,1751,576,0,0
814.634207326143,961,206,0,0
814.843188284356,675,201,0,0
814.8472027978873,1974,387,0,0
814.8622229282654,1705,272,0,0
814.8873143123353,72,130,0,0
815.644388308193,62,960,0,1
816.6132282022171,124,1330,0,1
816.6148643701001,26,572,0,0
816.6156145567749,13,360,0,0
816.6186382736739,318,31,0,0
816.6583692210598,1319,489,0,0
816.7192651057925,157,104,0,0
816.7235810714424,1455,100,0,1
816.7286183960135,1124,950,0,1
825.9259460803358,972,328,0,0
825.9624254072689,1320,1250,0,1
825.9640453073989,605,125,0,0
826.0066441436397,49,356,0,0
826.031950974382,42,350,0,0
826.0415813932043,459,148,0,0
826.0417355378212,1762,268,0,0
826.5440954872533,1002,465,0,0
826.5515652470865,1075,581,0,0
826.5662446617973,33,245,0,0
826.5752343690426,1755,81,0,0
826.5758182358156,440,138,0,0
826.5826861574905,679,223,0,0
826.6088153875454,560,225,0,0
826.6175514149901,102,151,0,0
826.6205400690538,332,14,0,0
826.8164404561064,83,91,0,0
826.8178851567935,398,146,0,0
826.8213945462621,926,68,0,0
826.8298443858504,1127,267,0,0
829.684340061352,875,218,0,0
829.685049975019,1113,106,0,0
829.734215998675,635,88,0,0
829.742957351786,1612,235,0,0
829.9143004373923,1360,22,0,0
829.91891192769,1191,239,0,0
829.9240162657845,1435,106,0,0
830.20002462694,1265,354,0,0
830.2396240249557,1253,280,0,0
830.2733252665286,1155,245,0,0
830.3520466011026,240,238,0,0
830.3567637346802,1191,229,0,0
830.7814991587918,527,228,0,0
830.7835734650611,199,78,0,0
830.7964750110114,1598,113,0,0
830.8102731542538,1458,345,0,0
830.8117320151564,1827,94,0,0
830.9853908735222,16,171,0,0
831.0265504380968,1647,237,0,0
831.0845409770045,1443,308,0,0
831.0864905615458,1110,196,0,0
831.1112593074213,38,25,0,0
831.1116498570841,354,292,0,0
831.1119712346691,1199,51,0,0
831.2064822091182,288,22,0,0
831.5386749533687,1115,116,0,0
831.5789438585209,1225,359,0,0
831.5886817595947,1242,304,0,0
831.7747919086273,783,50,0,0
831.7838646105755,838,446,0,0
831.8741074132228,955,259,0,0
832.0528143007799,1287,438,0,0
832.0737275038448,1211,101,0,0
832.9512936591534,1103,260,0,0
832.9572044363115,429,150,0,0
832.9595671088287,252,215,0,0
832.999270957206,1235,202,0,0
833.0093840238937,364,339,0,0
833.0099282555516,1160,100,0,0
833.0118004883219,1108,209,0,0
833.1609042678172,878,59,0,0
833.2331863471994,1805,469,0,0
833.273956787397,1407,34,0,0
833.2772572646476,920,658,0,0
833.4475524502199,227,224,0,0
833.448000285809,780,216,0,0
833.4527431499827,33,126,0,0
833.4985533908895,1368,326,0,0
833.5055433307684,624,14,0,0
833.5068170017367,1246,523,0,0
833.50711566571,1040,414,0,0
833.642723816534,357,190,0,1
833.6504218730413,1288,287,0,0
833.7732903505726,1094,416,0,0
834.1238133156587,1549,113,0,0
834.1304312523143,341,161,0,0
834.1420150724773,1674,225,0,0
834.151856611275,191,25,0,0
834.2781327340924,1188,190,0,0
834.3810163368861,517,27,0,0
834.3939279775806,771,339,0,0
834.396126149321,148,18,0,0
834.4350824544412,697,684,0,0
834.4681935697985,973,349,0,0
834.4695499488245,222,342,0,0
834.5350551890787,1533,250,0,0
834.5359509155517,1845,292,0,0
834.6631862532721,715,276,0,0
834.6645990836604,298,210,0,0
834.7684477977302,898,239,0,0
834.7889534602064,7952,240,1,0
834.8063330519111,1696,5410,0,1
834.8182194997505,1376,210,0,0
834.9102221389237,34,205,0,0
834.9125404670945,99,350,0,0
834.9484480684115,1745,439,0,0
834.9736899610185,129,129,0,0
834.9840083795077,9,249,0,0
835.3622340253877,340,61,0,0
835.500992552178,17,531,0,0
835.5029830873658,10,195,0,0
837.1217319252543,694,265,0,0
837.1378752052185,20,29,0,0
837.5694728590354,1088,19,0,0
837.575926936041,580,99,0,0
837.5853474777226,802,244,0,0
837.5878904238253,757,384,0,0
837.6064442957372,774,212,0,0
837.6492450361839,1604,277,0,0
837.6685855526836,260,22,1,0
837.8339039712241,572,488,0,0
837.8666405093084,12,771,0,0
838.1889810430205,43,62,0,0
838.2322543710956,1805,296,0,0
838.2568863242724,530,139,0,0
838.259797625656,376,364,0,0
838.2684117662857,1026,40,0,0
838.312023017478,371,97,0,0
838.3235010489524,43,24,0,0
838.3280373639179,1610,596,0,0
838.455390132044,1154,315,0,0
838.4602935692145,618,330,0,0
838.4728506398868,671,570,0,0
838.4798570085978,23,260,0,1
838.6380859287161,1503,116,0,0
838.652346482568,1805,189,0,0
840.0221926437417,410,91,0,0
840.4704915592375,1288,385,0,0
840.4909688697566,1132,88,0,0
840.5023452279916,346,350,0,0
840.5323953201856,154,133,0,0
840.5335426786877,1159,232,0,0
841.2890483675048,1406,282,0,0
841.3041088832204,1220,245,1,0
841.3059599462558,1870,292,0,0
841.3116415396046,310,306,0,0
841.3134583978143,879,279,0,0
841.3248349613766,1208,457,0,0
841.3361627227504,185,176,0,0
841.9523657114624,767,71,0,0
842.9754993745851,301,300,0,0
843.218709336016,685,616,0,0
843.2326152333764,721,769,0,0
843.2358358755178,568,265,0,0
843.2433172513273,699,85,0,0
843.2461148217174,502,221,0,0
843.2514361354832,151,93,0,0
843.3178644851802,183,31,0,0
843.3474741339427,8119,73,1,0
843.3510354170851,61,260,0,0
843.3892084267603,461,319,0,0
843.9729293907474,351,120,0,0
898.9247856308162,307,341,0,0
898.9879517265148,15,474,0,0
899.002488045526,1537,25,0,0
899.0068976875327,79,282,0,0
899.430013636604,1818,233,0,0
899.4801192436173,838,769,0,0
899.4978712528518,398,285,0,0
899.5079309832533,505,315,0,0
899.6032288483194,1061,7,0,0
899.6159371246666,364,137,0,0
899.9654203398719,1870,328,0,0
899.9802746703937,725,311,0,0
899.991902325075,8,111,0,0
900.0280325949582,1943,191,0,0
900.246680169294,4490,437,1,0
900.2475598803601,947,506,0,0
900.2994216647436,155,287,0,0
900.3065297388708,32,71,0,0
900.318184031283,1228,769,0,0
900.6635885768513,842,144,0,0
900.6659292211873,43,58,0,0
900.6688715555397,691,209,0,0
900.9420764715359,1277,264,0,0
901.0164145860801,8086,106,1,0
901.4208510152112,807,132,0,0
901.4421522730205,1303,591,0,0
901.4460183962063,1114,333,0,0
901.4492446646868,1276,91,0,0
901.5509775872285,2077,130,0,0
901.6404571617009,1132,373,0,0
901.6488318609995,311,354,0,0
901.6540668529362,236,222,0,0
901.6638009130987,1909,3990,0,1
901.7044160684532,1524,177,0,0
901.8575972002019,371,137,0,0
902.0442071661506,1692,166,0,0
902.045440017584,767,41,0,0
902.0468312890715,255,276,0,0
902.0943513982515,1393,185,0,0
902.0967733528047,785,602,0,0
902.1541198319227,18,485,0,0
902.1899272389644,1062,424,0,0
902.2020143268336,8166,26,1,0
902.3475570205562,1197,303,0,0
902.414910659016,65,240,0,0
902.4389957977172,7,334,0,0
902.4398267446023,283,72,0,0
902.4720523788345,1089,265,0,0
902.6398645356066,478,521,0,0
902.6410668321399,134,11,0,0
902.8062375405148,96,170,0,0
902.8522465561178,822,174,0,0
902.900540388749,1495,244,0,0
902.9016061748061,999,451,0,0
903.1008175553045,1197,227,0,0
903.1038144775814,1438,559,0,0
903.1050610172937,1227,357,0,0
903.1184492098307,288,95,0,0
903.1957398203405,56,61,0,0
903.223414613,7587,605,1,0
903.2408924708238,835,234,0,0
903.2449710482324,1557,310,0,0
903.276903302767,962,258,0,0
903.530485300861,304,92,0,0
903.6193597047018,19,1770,0,1
903.6561983744797,1538,766,0,0
903.9072087905141,350,385,0,0
903.9145574449408,889,767,0,0
903.9640624472073,417,123,0,0
903.9654219438327,1694,783,0,0
904.718708163669,589,265,0,0
904.9674521992295,1566,267,0,0
904.9969916124363,1608,83,0,0
905.0027705317317,4634,304,0,0
905.0718332761311,875,866,0,0
905.0734270925676,895,270,0,0
905.07370156037,547,718,0,0
905.1534431490422,930,219,0,0
905.1602776125461,769,163,0,0
905.1783343506634,51,70,0,0
905.2341971152033,29,210,0,0
905.3268602095892,1316,282,0,0
905.328705511277,1359,352,0,0
905.3346142759124,15,91,0,0
905.3409518217,238,502,0,0
905.4018000874602,539,528,0,0
905.4059917564227,1153,213,0,0
906.5016220992728,1898,717,0,0
906.5266929912187,10,229,0,0
906.5283941415506,29,233,0,0
906.6916125952309,1091,265,0,0
906.6943645720339,769,104,0,0
907.1084300459806,1845,278,0,0
907.1133354909679,4,218,0,0
907.1318429544802,7,34,0,0
907.1767798710482,230,347,0,0
907.1779839426156,1418,401,0,0
907.1786093251445,1035,219,0,0
907.1990748901169,5532,2660,1,1
907.2067644300471,634,322,0,0
907.2073535382209,199,18,0,0
907.2082885210976,829,301,0,0
907.3472087193868,1513,155,0,0
907.3580224538191,1394,86,0,0
907.3794994338454,1669,115,0,0
907.4976563219213,919,21,0,0
907.5001486256608,195,166,0,0
907.7186097819339,369,320,0,0
907.7541578019687,261,26,0,0
907.8173466330925,1144,3370,0,1
907.9280313616181,585,202,0,0
907.9303701421444,1753,242,0,0
907.9321919577626,1785,411,0,0
907.9549583494419,3760,97,1,0
909.1673370099448,791,215,0,0
909.1712702079107,1219,310,0,0
909.2026573417756,528,207,0,0
909.2055186542658,809,70,0,0
911.1326332407428,550,486,0,0
911.2455034046014,1350,308,0,0
911.2502634944532,266,365,0,0
911.2557990295846,846,362,0,0
911.2577867778556,1957,225,0,0
911.2666529860662,1512,236,0,0
911.2846497098105,420,489,0,0
911.2866369992222,695,345,0,0
911.3246130450966,1330,76,0,0
911.3320848985628,1126,78,0,0
911.3457048341229,1196,673,0,0
911.5057122934948,113,135,0,0
911.5349204537271,475,611,0,0
911.7431351241923,679,530,0,0
911.7453571231584,470,178,0,0
911.9817411149967,230,55,0,0
911.9839704481876,391,127,0,0
912.0697344150076,1206,287,0,0
912.0801246959894,286,3360,0,1
912.0849141189827,1325,524,0,0
912.2232514689632,1794,276,0,0
912.2937241479476,465,4130,0,1
912.3076838053247,263,258,0,0
912.5157745469071,566,234,0,0
912.517023078536,1117,756,0,0
912.5649075737701,1536,51,0,0
912.5664427652079,286,123,0,0
912.5778883381306,1007,427,0,0
912.5826897848359,1205,512,0,0
912.6169473318922,505,590,0,0
912.7166021688272,964,93,0,0
912.7363802649853,1650,324,0,0
913.4360670570273,1742,390,0,0
913.4377832939322,7682,510,1,1
914.2352719223054,518,284,0,0
914.2355664276491,1413,129,0,0
914.3324420503258,405,184,0,0
914.3347766055745,15,339,0,0
914.3650139045068,7,388,0,0
914.3963210745451,202,214,0,0
914.3994135699226,646,28,0,0
914.4728418726884,10,259,0,0
914.5703262513649,1648,104,0,0
914.6014763648907,33,510,0,0
914.6787307662036,307,120,0,0
914.6872648771916,780,168,0,0
914.8715229464206,109,329,0,0
914.9265222368722,1258,29,0,0
914.9292921999696,72,457,0,0
914.9329237389403,773,94,0,0
914.9601424849255,1630,307,0,0
914.9633291689948,140,360,0,0
914.964425450554,687,213,0,0
914.9755679442399,501,285,0,0
914.9894274025661,693,190,0,1
914.9976681021749,283,204,0,0
915.4649175654736,115,79,0,0
915.4682864079252,12,229,0,0
915.8738151126727,295,239,0,0
915.8751067176769,927,5800,0,1
916.177505136265,927,321,0,0
916.1849118676902,1805,491,0,0
916.1904328057277,523,429,0,0
916.3145234465507,507,87,0,0
916.3233015610563,14,398,0,0
916.3657972857351,43,338,0,0
916.418058055732,160,1139,0,0
916.4528911152843,234,238,0,0
916.4538132636198,176,240,0,0
916.4538921061927,968,311,0,0
916.4601135441964,210,22,0,0
916.4898213066862,28,168,0,0
916.6622993821335,11,239,0,0
916.6657907132699,564,4150,0,1
916.7176906540342,562,191,0,0
916.7182926436043,742,287,0,0
916.9000938230704,7847,345,1,0
916.9130100577657,454,236,0,0
917.5295091841385,407,204,0,0
917.5367966136693,748,112,0,0
917.5486705184294,8,194,0,0
917.9681038684298,797,3020,0,1
918.0165022966497,389,32,0,0
919.4997907793471,1672,156,0,0
919.533488576841,51,504,0,0
919.5392030127305,409,424,0,0
919.5434947778577,121,212,0,0
919.6192227030216,1517,234,0,0
919.7242519144494,857,464,0,0
919.7283575007893,1440,14,0,0
920.0174688096982,603,136,0,0
920.2150154701326,247,23,0,0
920.2323639583489,1348,423,0,0
920.2338430829972,1193,90,0,0
920.2346204597983,1403,769,0,0
920.2402455159438,1558,192,0,0
920.2478969695686,1628,384,0,0
920.2498224260909,1442,442,0,0
920.2889260071303,444,319,0,0
920.3814879855461,815,177,0,0
920.3847995236206,20,96,0,0
920.3863544906529,1503,196,0,0
920.3870367451367,1367,597,0,0
920.3882049874977,1395,335,0,0
920.3919666348111,677,620,0,0
920.4316167501514,103,27,0,0
920.4441788964971,1088,182,0,0
920.5503200914364,1073,299,0,0
920.5591410068068,7,78,0,0
920.566513135898,1291,245,0,0
920.765433285563,1424,147,0,0
920.8091313652277,1519,103,0,0
920.8385814429205,281,285,0,0
921.0041862605298,1599,225,0,0
921.0056821183261,386,247,0,0
921.0164561882641,192,10,0,0
924.7082326408308,13,245,0,0
924.7179067957627,872,283,0,0
924.7331783314633,595,262,0,0
924.741793130068,11,111,0,0
924.8281885060574,1748,375,0,0
924.828944898046,634,650,0,0
924.997206038593,754,243,0,0
925.2452577983423,1103,309,0,0
925.2538697484756,804,769,0,0
925.2938817493188,1462,104,0,0
925.3140740089295,270,2730,0,1
925.33459002584,1178,27,0,0
925.3857099637988,1085,81,0,0
925.3880838368304,1389,63,0,0
925.3910468831959,533,106,0,0
925.4800924142942,467,307,0,0
925.4811561332624,561,280,0,0
925.497825022254,1201,188,0,0
925.5468021142831,811,324,0,0
925.6128341130709,1085,142,0,0
925.6139205753904,297,21,0,0
925.656487846238,261,268,0,0
925.6594408248444,600,386,0,0
925.6701999657229,692,7500,0,1
925.670884945885,446,146,0,0
925.6741076313123,642,295,0,0
925.6784914609021,254,300,0,0
925.7066924315706,752,128,0,0
925.7672568004865,1666,253,0,0
925.8223613564489,457,192,0,0
925.8422622009186,1759,370,0,0
925.8467380299995,1120,383,0,0
925.849041582004,1647,359,0,0
925.8600848466441,327,90,0,0
925.8622442277461,25,638,0,0
925.8753840791462,252,260,0,0
925.8784556976516,6560,28,1,0
925.8849652738118,1389,149,0,0
925.8862298061031,20,138,0,0
925.888788640031,878,48,0,0
925.9097932401911,27,284,0,0
925.9710471244701,1670,631,0,0
925.9794178694347,155,564,0,0
925.9983326381664,857,2030,0,1
926.0393123917974,1725,123,0,0
926.0898303235108,1584,365,0,0
926.2596080964173,493,312,0,0
926.2960095002602,236,43,0,0
926.5193053687672,1187,210,0,0
926.9508252774144,1870,207,0,0
926.9865352152646,314,466,0,0
926.9911909498179,1158,600,0,0
927.0545925286903,513,252,0,0
927.3840007677672,22,329,0,0
927.3988566475141,1813,392,0,0
927.417901221703,1803,210,0,0
927.4212452578856,308,180,0,0
927.4374514626544,208,175,0,0
927.4721546177295,1218,26,0,0
927.570301494721,22,416,0,0
927.5744422788958,415,193,0,0
927.5988421818632,1269,46,0,0
927.60619643925,1250,513,0,0
927.6111590768353,1209,297,0,0
927.8661962243568,401,578,0,0
927.8671746518777,7881,311,1,0
928.1433056547701,7010,189,1,0
928.1496640630346,303,373,0,0
928.3000704124167,712,260,0,0
929.7691722904447,34,29,0,0
929.8168159608315,1252,384,0,0
929.8180066844035,52,153,0,0
929.8344208199537,676,646,0,0
931.5000589399632,191,251,0,0
931.5003987348528,662,12,0,0
931.5034332445833,1211,25,0,0
931.5080349829913,850,48,0,0
931.7050590906114,1368,265,0,0
931.7307353430188,360,448,0,0
931.7599124927746,422,165,0,0
931.7628868005935,465,182,0,0
931.7685901966023,557,397,0,0
931.8084377926122,7856,336,1,0
931.810547063344,479,142,0,0
931.8110388870904,3920,178,1,0
931.8196170279228,669,210,0,0
931.8655395992055,354,215,0,0
931.9234431505168,622,273,0,0
931.9430734403103,904,620,0,0
931.9733903020966,1147,268,0,0
931.9800973543851,1572,382,0,0
931.9804187016133,1545,405,0,0
932.1245690737517,1932,206,0,0
932.1890638907804,1021,240,0,0
932.9363522999109,1218,141,0,0
932.938962064565,1666,118,0,0
933.0475184457289,1856,174,0,0
933.085270878105,1817,2460,0,1
933.1422935857526,10,285,0,0
933.3832097902961,1267,276,0,0
933.3845612140021,13,312,0,0
933.3949314726708,707,22,0,0
933.4148513488311,1469,138,0,0
933.4178532921352,1779,324,0,0
933.4184657508789,1065,621,0,0
933.452389207809,1570,83,0,0
933.4536982074895,1453,101,0,0
934.3060414860107,872,51,0,0
934.7972706485047,1330,213,0,0
934.808434051531,1247,155,0,0
934.8111437405568,867,236,0,0
934.8180507230782,1037,159,0,0
934.8786761202947,499,282,0,0
934.8917805928102,1135,236,0,0
934.906696632516,372,322,0,0
934.952511079068,852,162,0,0
935.3385211468021,416,329,0,0
935.3557432449861,218,151,0,0
935.3649800080664,1466,380,0,0
935.7450362663205,668,226,0,0
935.7530300763627,54,62,0,0
935.7821475863318,883,154,0,0
936.4056095734115,511,145,0,0
936.4056919608078,633,237,0,0
936.4085249367549,755,286,0,0
936.4988010902894,1557,270,0,0
936.575200435756,1525,307,0,0
936.5815080765816,1170,381,0,0
936.5858191719171,139,450,0,0
936.621088032067,1172,49,0,0
936.6551201496871,1201,363,0,0
936.6836979266724,1860,455,0,0
936.9514568645419,931,144,0,0
937.0190077551108,1124,304,0,0
937.0197313712829,792,167,0,0
937.0299568789324,1210,6,0,0
937.0842801609866,52,198,0,0
937.0946263756823,773,289,0,0
937.1248471083657,9,45,0,0
937.1848818540558,1593,291,0,0
937.1997217337534,15,183,0,0
937.2039083072789,51,362,0,0
937.2303615764455,297,68,0,0
937.2949705792491,1354,316,0,0
938.3306608261714,704,294,0,0
938.362112265707,9,215,0,0
938.3644457456148,911,147,0,0
938.3679962459703,618,524,0,0
938.3749934671072,1031,204,0,0
938.3902824730618,784,119,0,0
938.3939550881323,1092,82,0,0
938.5314142403768,1398,434,0,0
938.5352179298327,1759,258,0,0
938.5366239254153,567,88,0,0
938.7094110176156,1692,372,0,0
938.7943573052742,1012,194,0,0
938.8005371383655,26,767,0,0
938.8010636279641,1754,79,0,0
938.8174474647789,7816,376,1,0
938.8278667985853,1236,548,0,0
938.8359758330835,453,721,0,0
938.8366456507011,510,191,0,0
938.8386044645615,7122,1070,1,1
938.8600316424,920,606,1,0
938.8625247091824,1527,3040,0,1
939.0927767710707,554,343,0,0
939.1019323900213,717,80,0,0
939.127211122805,1913,180,0,0
939.1286294821642,1881,274,0,0
939.9396658756194,1217,161,0,0
939.9650501162937,1008,104,0,0
939.9873702458233,1027,301,0,0
939.9897268954442,832,675,0,0
940.015606913342,534,355,0,0
940.0241867203544,461,209,0,0
940.0279956252938,659,160,0,0
940.079835051697,947,767,0,0
940.1263530702311,915,514,0,0
940.1378977825019,259,196,0,0
941.589510832548,1565,316,0,0
943.5587689896654,781,484,0,0
943.798357505271,305,297,0,0
944.0272469287289,38,404,0,0
944.0279892645146,1467,89,0,0
944.0790321131233,770,520,0,0
944.0935646052386,923,305,0,0
944.0973196503949,950,579,0,0
944.1390199035626,228,332,0,0
944.152581499288,663,246,0,0
944.3499139226201,185,298,0,0
944.4112258908492,19,293,0,0
944.9132165576793,463,242,0,0
944.9461547845395,397,182,0,0
945.0292657633472,929,82,0,0
945.045234148069,1356,3340,0,1
945.0582420331978,487,245,0,0
945.061812065941,1669,81,0,0
945.0702750412138,8,767,0,0
945.0781274943655,472,38,0,0
945.1602846381138,580,296,0,0
945.1648498832234,788,233,0,0
945.1873079870209,558,101,0,0
945.1889756550181,708,272,0,0
945.2131616746035,1011,263,0,0
945.2343462085743,5590,2560,1,1
945.2723160595166,337,80,0,0
945.3198332451151,9,254,0,0
945.38856668974,250,587,0,0
945.389834697581,275,67,0,0
945.4025037228851,1602,341,0,0
945.5725528744946,1867,537,0,0
945.5782971123367,1128,271,0,0
945.5820911028562,1241,735,0,0
945.6080585060984,1104,767,0,0
945.6473606618998,397,177,0,0
945.6646272730451,1501,20,0,0
945.6691372191051,1082,208,0,0
945.7512809265245,1157,103,0,0
945.7549151126378,455,84,0,0
946.7659993086352,831,708,0,0
946.9815634520967,137,135,0,0
947.0327960584686,322,273,0,0
947.0521303066691,1744,769,0,0
947.1745537557485,770,173,0,0
947.3022616748485,1149,527,0,0
947.3150435131358,759,205,0,0
947.3773886262678,430,532,0,0
947.9268712069637,26,57,0,0
947.9273243707901,690,281,0,0
947.9279174084228,1574,214,0,0
947.9289008730059,1095,27,0,0
947.9971684850934,1301,314,0,0
948.0024288322982,411,180,0,0
948.0378913563645,6742,1450,1,1
948.0385041163016,782,352,0,0
948.0609238243386,1585,558,0,0
948.1167349408697,880,345,0,0
948.116779493135,321,40,0,0
948.1325378605129,332,50,0,0
948.1517308032709,8084,108,1,0
948.2727547896609,1730,625,0,0
948.3629883294543,304,218,0,0
948.383872195211,674,319,0,0
948.4518106289025,239,63,0,0
948.4570910900054,1760,71,0,0
948.5374384457936,1121,314,0,0
948.5388942668335,776,405,0,0
948.5410782877457,1644,452,0,0
948.5415939011217,24,194,0,0
948.5441417594643,7,168,0,0
948.5624216579713,1131,605,0,0
948.6538221745566,865,508,0,0
949.39363947931,551,271,0,0
949.3972123312902,1165,635,0,0
949.4291223416299,1483,576,0,0
949.4644281590707,1496,769,0,0
949.7452235884466,14,338,0,0
949.7561323127194,8007,185,1,0
949.7972019854564,949,72,0,0
949.8424356480828,723,702,0,0
949.8578711177425,1841,537,0,0
949.9192200516172,1615,767,0,0
949.9769099937088,1663,760,0,0
950.0699541002076,559,93,0,0
950.1003705117097,230,7,1,0
950.1032001807722,7974,218,1,0
950.1067846005255,919,99,0,0
950.1082358900005,2362,130,0,0
950.4184988151751,897,360,0,0
950.4447382956934,1443,759,0,0
950.4510070879002,3830,256,1,0
950.4722695163341,1705,169,0,0
950.474308074616,269,1490,0,1
950.4915327986843,19,301,0,0
950.5278304931963,767,325,0,0
950.5313649431563,1805,255,0,0
950.531609474581,799,287,0,0
950.5331491918122,931,215,0,0
950.5865486697616,119,378,0,0
950.5918185353871,1455,1580,0,1
950.5985191363367,2188,236,0,0
951.4774561441008,1672,235,0,0
952.9958156649768,1118,147,0,0
952.9995903631635,542,225,0,0
953.0936243542408,587,12,0,0
953.2173941423761,7865,327,1,0
953.2979933320222,1716,143,0,0
953.3105533478792,1281,257,0,0
953.4011238980654,8,437,0,0
953.4813501638786,1159,307,0,0
953.4835465130469,416,191,0,0
953.4891168632589,1271,25,0,0
954.1364383154884,530,70,0,0
954.161965323179,1645,367,0,0
954.1691073209123,8,100,0,0
954.1847714147362,7425,767,1,0
954.18549067419,940,327,0,0
954.1908683341463,1274,590,0,0
954.1998047365224,490,268,0,0
955.172487379421,1010,201,0,0
955.6121760870143,1018,269,0,0
955.6229023165981,1130,61,0,0
955.6265876346531,7805,387,1,0
956.1495267810648,1726,157,0,0
956.2695027450901,1451,456,0,0
956.2802538978679,1403,434,0,0
956.3153638783587,1747,691,0,0
956.3410443061447,467,385,0,0
956.3425046851595,1545,769,0,0
956.5049909319796,668,48,0,0
956.5130035746706,1220,101,0,0
956.5145514007529,341,160,0,0
956.6157325707017,22,108,0,0
956.6588981008098,898,404,0,0
957.0331234826173,319,2180,0,1
957.0333068519808,1176,417,0,0
959.316658318089,559,2150,0,1
959.3193580046984,271,178,0,0
959.3239593998467,734,94,0,0
959.3274287324692,1551,767,0,0
959.3296380231552,1263,353,0,0
959.3420155488593,285,104,0,0
959.3863654000018,367,53,0,0
959.4180687594788,712,102,0,0
959.4233953023397,5600,27,1,0
959.4324536699645,727,332,0,0
959.444732602824,467,62,0,0
960.2508501284947,854,119,0,0
960.2577577253052,1269,98,0,0
960.3148115894948,1484,398,0,0
960.3540941962084,944,287,0,0
961.9583051340331,31,235,0,0
962.8846193594349,770,245,0,0
962.9077697603861,1362,383,0,0
963.3890831343418,33,271,0,0
963.4138154696013,42,703,0,0
963.453858192723,854,606,0,0
963.4808992968348,963,21,0,0
964.0326875298873,305,649,0,0
964.3025198894353,582,530,0,0
964.4026072279843,577,171,0,0
964.4178820350144,488,371,0,0
964.4458000359468,1302,115,0,0
964.4629220624549,987,377,0,0
964.5076002065317,515,57,0,0
964.5132861345784,1098,370,0,0
964.5457509738552,9,552,0,0
964.5464169846784,609,428,0,0
964.5562482360835,275,156,0,0
964.5607706840213,12,430,0,0
964.5872363469938,45,2910,0,1
964.6128066405977,938,75,0,0
964.6139568009743,50,363,0,0
964.6171519105225,983,115,0,0
964.7592515884676,892,452,0,0
964.7670473556647,1049,156,0,0
964.7918449124427,520,484,0,0
964.7949435207856,1984,769,0,0
964.7982755509672,1947,259,0,0
964.8472147337459,291,294,0,0
964.8697187735271,298,280,0,0
964.939846973278,695,194,0,0
964.9452941245927,1117,218,0,0
964.9514526152201,1716,706,0,0
964.9529739209412,1950,75,0,0
964.9667757900237,2679,191,0,0
964.9840817507308,609,85,0,0
965.0993807034514,474,428,0,0
965.1042680634539,981,303,0,0
965.1053239100634,880,382,0,0
965.1211815662342,887,74,0,0
965.1256638589326,1688,255,0,0
965.2250750379854,1730,383,0,0
965.2417929379595,800,98,1,0
965.2480083378819,278,76,0,0
965.2851129381853,1057,291,0,0
965.3643766200784,376,364,0,0
965.4024910748604,75,431,0,0
965.4205365105374,1555,57,0,0
965.4246192732255,5630,70,1,0
965.4283720477133,1611,335,0,0
965.429673377235,8,345,0,0
965.4652000606942,1434,665,0,0
965.578443019663,1286,29,0,0
965.7679738875623,584,604,0,0
965.8185839283208,1478,192,0,0
965.8192143992826,494,532,0,0
965.8342749577752,1542,254,0,0
965.9600238526315,1164,183,0,0
965.9667945238291,339,361,0,0
965.9690009165274,703,768,0,0
965.9789675141202,1475,214,0,0
966.0066823120609,915,11,0,0
966.0494109802229,547,151,0,0
966.0532544290824,1349,42,0,0
966.0534331217818,192,133,0,0
966.091151122676,242,767,0,0
966.1204364961281,1676,383,0,0
966.3228958317612,205,242,0,0
966.3238925013065,271,15,0,0
966.3355939757676,1481,313,0,0
966.3505839775158,696,769,0,0
966.4479085344825,355,16,0,0
966.5312208227667,1495,14,0,0
966.5338271596197,266,273,0,0
966.8264794828274,69,461,0,0
967.3921613386951,1823,229,0,0
967.4365474131679,251,191,0,0
967.4600598252421,1407,270,0,0
967.4957474385089,375,224,0,0
967.504881416753,1570,161,0,0
967.5255545934203,288,3820,0,1
967.5271240915589,422,596,0,0
967.5350934054269,842,173,0,0
967.8631090417573,279,167,0,0
967.8724925651941,1260,654,0,0
968.2351905999355,276,378,0,0
968.2432777294786,1565,2490,0,1
968.2728066736315,179,71,0,0
968.2741919401924,8188,4,1,0
973.9618537806965,79,79,0,0
973.9622086826429,165,198,0,0
974.0539326435736,777,302,0,0
974.0573553212541,1619,211,0,0
974.1408039030854,1052,434,0,0
974.1839327738863,711,769,0,0
974.1850431527072,11,83,0,0
974.190699997773,686,396,0,0
974.2075207257167,69,623,0,0
974.2723963743101,1128,653,0,0
974.5588323512341,760,770,0,0
974.6253578651695,130,63,0,0
974.6260234711556,647,255,0,0
974.7042292300029,11,38,0,0
974.7510331675829,557,53,0,0
975.1241110428598,1619,130,0,0
975.1414960820209,7270,93,1,0
975.224188257269,1371,554,0,0
975.3427383491803,848,275,0,0
975.348123097522,1636,260,0,0
975.3610428893571,686,767,0,0
975.3886626747525,52,259,0,0
975.389063286285,896,238,0,0
975.4326300346304,778,431,0,0
975.6205514580988,3220,86,1,0
975.6208653221212,9,315,0,0
975.6218376913301,368,790,0,1
975.6234483870429,833,54,0,0
975.6239121841538,1605,770,0,0
975.6332383963035,1244,263,0,0
975.6656084071532,548,108,0,0
975.6769935563677,331,354,0,0
975.6810514444747,773,473,0,0
975.689207130033,1097,387,0,0
975.6975526004278,933,354,0,0
975.6996227823039,766,262,0,0
975.7155571858672,569,186,0,0
975.7404981603167,1656,276,0,0
975.7460318043786,642,246,0,0
975.7695769396697,1618,359,0,0
975.9142278332148,279,766,0,0
975.935144178208,874,2950,0,1
975.9689007617095,2840,68,1,0
975.9855454830722,1289,512,0,0
975.9894435208809,1197,204,0,0
976.1049970054653,1509,424,0,0
976.1056503900526,6,37,0,0
976.6436688908578,805,208,0,0
976.6479183463067,956,180,0,0
976.7202497160646,474,385,0,0
976.7945483725576,404,393,0,0
976.832771268508,944,139,0,0
976.8372872832707,12,1770,0,1
976.8386468375799,319,118,0,0
976.9614290494432,299,16,0,0
977.0953152467467,968,523,0,0
977.3796122033589,300,301,0,0
977.3822684455838,689,244,0,0
977.4393121467275,346,33,0,0
977.4394242894451,857,5,0,0
977.4408501545876,161,100,0,0
977.4436566603248,809,769,0,0
977.4673363822315,1358,276,0,0
977.4717916506908,1107,213,0,0
977.5059407966154,81,169,0,0
977.7203933984654,1174,1070,0,1
977.720741420213,9,320,0,0
977.7919710342297,582,385,0,0
977.817368060267,337,332,0,0
977.8274520822623,1042,340,0,0
977.8520503225982,821,337,0,0
977.8965782443024,1325,270,0,1
978.0613342124756,601,127,0,0
978.1301257079501,268,202,0,0
978.1317904914624,314,355,0,0
978.1319956880359,725,723,0,0
978.1947390711173,531,336,0,0
978.5996376751657,374,400,0,0
978.6486838206783,1149,6380,0,1
978.6511033050249,983,126,0,0
978.6517805852937,601,148,0,0
978.6703979487946,19,405,0,0
978.7992470741902,273,205,0,0
978.8077947778804,537,18,0,0
978.8091780484557,2060,243,1,0
978.884515683304,892,345,0,0
978.9526338498126,1070,43,0,0
978.9701983590829,230,252,0,0
978.9949759265508,750,88,0,0
979.0019419850731,745,190,0,0
979.0652707444068,305,350,0,0
979.0666862440863,1252,288,0,0
979.1452981497342,39,434,0,0
979.2346737886221,160,374,0,0
979.2367472141308,881,475,0,0
979.2387666022872,1065,169,0,0
979.2421949417798,638,290,0,0
979.3370507624195,40,227,0,0
979.3375825377994,14,383,0,0
979.3393009784214,624,257,0,0
979.5339856170407,12,144,0,0
979.5555352536245,846,4570,0,1
979.5992640958912,684,320,0,0
979.6036246134952,1133,307,0,0
979.6132305887256,6,267,0,0
979.7667112203827,1167,185,0,0
979.7731529121513,815,300,0,0
979.8055980179736,834,172,0,0
979.8109280446947,1805,374,0,0
979.8144798903022,81,152,0,0
979.8148541687814,388,235,0,0
979.8166528624865,1962,302,0,0
979.8257624435195,464,66,0,0
980.0242942215011,782,268,0,0
980.0486400298541,615,22,0,0
980.0555802450376,8,262,0,0
980.0576670444871,785,152,0,0
980.1023159255772,137,104,0,0
980.3518036253575,1214,386,0,0
980.3687420717204,546,313,0,0
980.4123955218017,7737,455,1,0
980.461704771947,978,242,0,0
980.4850362656375,1711,393,0,0
980.4856193363867,234,270,0,0
980.5024378926797,471,49,0,0
980.507264061093,60,111,0,0
980.5221090804002,1042,417,0,0
980.5286171618483,1171,2620,0,1
980.529176463115,1934,235,0,0
980.5309741702232,182,320,0,0
981.3386176729101,685,214,0,0
981.7939556449559,1157,476,0,0
981.8055080107406,1357,254,0,0
981.8085128082159,1644,392,0,0
982.1965701463446,240,205,0,0
982.1978124488027,455,449,0,0
982.201207154186,670,460,0,0
982.2899515532504,409,424,0,0
982.3506788201976,8045,147,1,0
982.3719855371274,1766,556,0,0
982.373347268276,1530,310,0,0
982.463395981264,1016,105,0,0
982.4667307602335,1038,312,0,0
982.4896628450924,973,86,0,0
982.5550981359858,10,767,0,0
982.7831008930015,799,511,0,0
982.8159167980665,1484,281,0,0
982.8367282565238,11,346,0,0
982.8408110890432,988,70,0,1
982.9289488184996,447,241,0,0
983.2474693923707,167,246,0,0
983.2714336214717,7,21,0,0
983.2799815873065,1442,339,0,0
983.2897461668833,473,206,0,0
983.3432933750848,1590,182,0,0
983.3468155724704,308,292,0,0
983.3693272795291,613,771,0,0
983.3917870143936,19,70,0,0
983.4105337845227,1236,12,0,0
983.4113245423149,749,352,0,0
983.4156227263474,1365,499,0,0
983.4276372045108,233,138,0,0
983.4523027131835,534,324,0,0
983.4644267764922,1330,117,0,0
983.534552491453,31,141,0,0
983.5368021918727,552,398,0,0
983.5386064547857,7,433,0,0
983.5408580846035,1880,352,0,0
984.5224520235248,309,307,0,0
984.5565128275575,433,429,0,0
984.7254858593767,904,401,0,0
984.7353279919215,653,211,0,0
984.7455526757133,1014,140,0,0
984.7494938083572,659,299,0,0
984.7520377711784,1871,255,0,0
984.7528668953875,1248,273,0,0
984.7753661970686,1533,702,0,0
984.7966984893338,1533,236,0,0
984.8411455446894,32,482,0,0
984.9336708355065,330,3290,0,1
984.9468715831783,96,92,0,0
984.9587095981004,1760,271,0,0
984.9700330480406,1535,348,0,0
984.9745156023156,41,277,0,0
985.0270360979389,879,506,0,0
985.0439716238534,909,212,0,0
985.0884036450503,945,230,0,0
985.0928499766173,625,336,0,0
985.0968886192508,561,428,0,0
985.1139739802283,68,376,0,0
985.2341839575372,65,24,0,0
985.2366620679301,1205,88,0,0
985.2721118029563,283,289,0,0
985.2829094929199,8109,83,1,0
985.2838167663715,1380,176,1,0
985.2884005842064,676,649,0,0
985.3219315019006,1490,457,0,0
985.4273059099555,100,767,0,0
985.6248038207849,6730,698,1,0
985.6623348203167,1550,212,0,0
985.6793605224254,1236,510,0,0
985.7200209451864,65,74,0,0
986.1651533580416,14,162,0,0
986.1660517187594,230,351,1,0
986.2011122121623,802,467,0,0
986.2148476879431,1436,483,0,0
997.9915105811464,218,88,0,0
998.4939872538495,654,260,0,0
998.5560480002614,1732,321,0,0
998.5669892896884,1000,20,0,0
998.6105391169112,946,149,0,0
998.6232963059165,1510,164,0,0
998.6266812330093,473,409,0,0
998.6581619060212,950,66,0,0
998.8180954525986,594,257,0,0
998.8229041638903,1125,692,0,0
998.8415217259366,1541,200,0,0
998.8421215451516,1510,146,0,0
998.8520624582197,1037,91,0,0
998.8564821553588,595,458,0,0
998.886145664132,769,768,0,0
998.9528061666201,443,254,0,0
998.9558329008354,463,503,0,0
998.963036422415,1043,176,0,0
999.1733836455173,718,258,0,0
999.1960971630983,120,190,0,0
999.2358760002911,345,449,0,0
999.2409719224579,982,243,0,0
