arrived_at,num_prefill_tokens,num_decode_tokens,prefill_inflated,decode_inflated
0.0,7858,334,1,0
0.09332504858888448,12,363,0,0
0.1282683368107626,3850,243,1,0
0.12960014531371583,355,245,0,0
0.23993986769220577,1305,614,0,0
0.28400202940786445,7802,390,1,0
0.29016738483715976,719,329,0,0
0.3478576512827195,216,332,0,0
0.3852698586295665,1387,197,0,0
0.4177658666532489,1162,487,0,0
0.43686602720888434,1587,27,0,0
0.49072011070486266,362,304,0,0
0.4948569998221608,563,530,0,0
0.5078841071095659,217,121,0,0
0.514764072579859,1505,2610,0,1
0.5745365124932355,4650,23,1,0
0.5940732462017096,114,280,0,0
0.6041269264015159,1569,317,0,0
0.6079043241027668,1377,133,0,0
0.6186926841250973,481,190,0,0
0.6370336406296079,1088,211,0,0
0.6474319834352708,764,463,0,0
0.8875138287222526,1476,86,0,0
1.0226524247502788,620,195,0,0
1.022732125785883,1089,73,0,0
1.023144768056793,1308,93,0,0
1.035866453777315,160,389,0,0
1.0436224902143654,785,767,0,0
1.0712866651757804,1504,214,0,0
1.0991551401429895,930,229,0,0
2.3461973179651023,299,103,0,0
2.3481492325573368,1038,560,0,0
2.356628654193421,14,313,0,0
3.429823669054771,1760,1010,0,1
3.4955998808990887,1649,138,0,0
3.563563938666398,1760,346,0,0
3.5700188385550713,222,64,0,0
3.570686951471426,592,771,0,0
3.595910593914745,307,309,0,0
3.6183513872597035,267,131,0,0
3.6199012217580204,950,767,0,0
3.624502798132428,1598,362,0,0
3.6401261217124126,1768,306,0,0
3.6428535223611975,1061,590,0,0
3.6576784834878993,1496,1220,0,1
3.679520125098638,451,308,0,0
3.698895922537957,1011,33,0,0
3.7054511901486435,13,406,0,0
3.7646172699892664,34,385,0,0
3.871869802105471,875,175,0,0
3.906149348715822,895,595,0,0
3.9096620727115745,17,195,0,0
3.9876190285399242,958,163,0,0
3.9942382133474266,397,472,0,0
4.0989460009235215,1833,160,0,0
4.101061471800706,666,271,0,0
4.213430310662506,1176,135,0,0
4.230765272006746,1712,4290,0,1
4.232250182472137,314,300,0,0
4.241881820565587,1537,353,0,0
4.2619885954255405,180,529,0,0
4.293126782207434,991,414,0,0
4.295657431756522,406,416,0,0
4.297627574825795,1896,205,0,0
4.324524751483426,47,255,0,0
4.331619486944672,1623,129,0,0
4.360520119479592,1571,713,0,0
4.442945326732473,630,403,0,0
4.443612488672251,1487,316,0,0
4.473625424754875,1319,361,0,0
4.682586124233612,1248,256,0,0
4.692538373372134,1754,52,0,0
4.696103583849168,1712,332,0,0
4.7773380740213165,181,25,0,0
4.807294542910348,15,88,0,0
4.915563491903067,1245,533,0,0
4.924610379967886,12,253,0,0
4.925542042808258,1897,26,0,0
4.940022945549424,621,350,0,0
4.947420843894257,368,550,0,0
5.032493009425222,741,237,0,0
5.059071917060413,958,115,0,0
5.059763448815823,1696,350,0,0
5.061416340183232,253,313,0,0
5.167097890668191,1591,316,0,0
5.237370513760729,34,350,0,0
5.242385173279911,1374,793,0,0
5.260392066933007,1726,597,0,0
5.304383695940653,1891,331,0,0
5.350430618403789,179,196,0,0
5.454529023088473,436,626,0,0
5.484668128537044,16,605,0,0
5.499595485697434,1623,373,0,0
5.510348177558029,469,769,0,0
5.659406530462004,267,291,0,0
5.659606646819982,610,239,0,0
5.673281267480048,1217,22,0,0
5.6925571068659515,657,179,0,0
5.6936001623140156,1964,131,0,0
5.728709933907904,503,233,0,0
5.733615106275261,1680,65,0,0
5.83488020834126,421,274,0,0
5.848916806745894,4,63,0,0
5.917713710477036,149,315,0,0
6.124263081520757,1532,417,0,0
6.1630743808425485,58,429,0,0
6.166205560971811,483,611,0,0
6.167078591281302,378,270,0,0
6.768695268367984,1696,375,0,0
6.78313910614327,25,31,0,0
6.787691814791637,1387,534,0,0
6.811771449118445,87,105,0,0
6.8240767433792,971,41,0,0
6.923276621618657,1213,349,0,0
6.9425882732132145,8,314,0,0
6.961136077702513,175,248,0,0
6.965457967744838,834,92,0,0
7.011612190431616,1060,12,0,0
7.013894342331817,1519,230,0,0
7.082243629772964,17,157,0,0
7.462454980572278,465,161,0,0
7.463310095143359,5020,54,1,0
7.463440175069072,346,175,0,0
7.525407657389082,351,380,0,0
10.472716833557982,1443,554,0,0
10.475154405798767,776,405,0,0
10.476633545655341,817,207,0,0
10.53523679390925,371,471,0,0
10.53859500721507,686,182,0,0
10.54515376544334,543,375,0,0
10.554148301832027,1521,298,0,0
10.606440983479626,328,510,0,0
10.614463462955303,680,240,0,0
10.645920349858258,2258,371,0,0
10.658597304382088,1335,656,0,0
10.661929095561636,62,434,0,0
10.671447238335128,395,319,0,0
10.674144003393366,552,323,0,0
10.692425368305043,1711,613,0,0
10.694331583691547,1143,171,0,0
10.696359610936126,322,280,0,0
11.028904843639898,1716,467,0,0
11.045128716937773,1564,219,0,0
11.061329315786011,1707,526,0,0
11.11152480158218,638,113,0,0
11.119301549561918,1846,94,0,0
11.130726293492872,904,103,0,0
11.172957089964848,550,189,0,0
11.204700461815275,782,374,0,0
11.206476275629203,20,3290,0,1
11.302015553714243,1638,577,0,0
11.30755548652056,28,26,0,0
11.309738474034367,668,101,0,0
11.312718410912451,133,194,0,0
11.320981194854436,1440,63,1,0
11.788506168883995,1441,495,0,0
11.790225233729675,149,13,0,0
11.815078869326099,856,244,0,0
11.815329745333145,528,138,0,0
11.83331798859085,1727,239,0,0
11.942387466741364,3855,244,0,0
11.953627992446787,442,207,0,0
11.958753053361098,8174,18,1,0
11.987423715836742,328,26,0,0
12.06062081276576,1196,768,0,0
12.128665686846047,405,585,0,0
13.061101173861479,596,152,0,0
13.088518830346215,661,304,0,0
13.094036921852735,6390,231,1,0
13.108062657161497,1889,3230,0,1
13.123671774170496,323,281,0,0
13.146100152021216,1679,175,0,0
13.163093069391747,594,37,0,0
13.188646820907474,615,496,0,0
13.189285184117578,1321,767,0,0
13.284117493789559,453,185,0,0
13.289834090917138,838,500,0,0
13.291561348373968,596,65,0,0
13.356170403792536,1828,187,0,0
13.607685817108392,1388,195,0,0
13.65605720876252,933,191,0,0
13.680964756664522,210,379,0,0
13.683761376951333,1826,106,0,0
19.31444947781143,1757,564,0,0
19.419387456844355,1357,570,0,0
19.421235750597198,314,300,0,0
19.425030340816676,385,620,0,0
19.446503650536844,913,251,0,0
19.447308894485587,310,348,0,0
19.472591410051187,1069,227,0,0
19.47979593394296,660,36,1,0
19.68943628721566,7933,259,1,0
19.81305001260484,1646,304,0,0
19.81312969404302,362,443,0,0
19.832743965375645,621,386,0,0
19.833454254808142,1143,243,0,0
19.99947757423027,111,299,0,0
20.0247335804291,187,380,0,0
20.07877026516177,5270,277,1,0
20.080914114138636,599,326,0,0
20.77995744802755,652,202,0,0
21.80552248240626,1806,193,0,0
21.807667848419115,19,1560,0,1
21.845701924701796,233,182,0,0
21.85039574776119,1366,753,0,0
21.86760956492351,1433,58,0,0
21.869045158348044,7927,265,1,0
22.624366508172354,541,40,0,0
22.626963862176915,1036,455,0,0
22.636944875578816,871,148,0,0
22.686141160979453,1722,36,0,0
22.691082967227402,18,180,0,0
22.702264095695707,146,258,0,0
22.708109013694802,1100,298,0,0
22.721926442452535,7922,270,1,0
22.723662760815518,1083,363,0,0
22.73117757357434,1768,106,0,0
22.74310769493772,18,68,0,0
22.75236488219712,394,305,0,0
22.772575986437257,267,161,0,0
22.7826166963452,653,292,0,0
22.864008540661843,400,270,0,0
22.873462753138128,809,354,0,0
22.887192339130888,145,49,0,0
22.891966840706665,35,540,0,1
22.898262261923694,774,174,0,0
22.899701144288663,535,242,0,0
22.950629614338755,559,66,0,0
22.952466031031232,746,9,0,0
22.95652585437818,1026,98,0,0
22.993541532742285,4970,145,1,0
23.03390798257748,647,34,0,0
23.04201413033681,1751,180,0,0
23.04233213813861,1603,104,0,0
23.084173226548167,8,27,0,0
23.11449843037512,800,451,0,0
23.115568891836155,120,299,0,0
23.19979428219772,1166,189,0,0
23.204234274565938,21,3030,0,1
23.206131658434607,770,235,0,0
23.227984122353885,255,235,0,0
23.240612057003467,1020,267,0,0
23.26767323786484,1050,131,1,0
23.26840037233101,1080,313,0,0
23.945157520534007,501,237,0,0
23.950563658829356,22,2720,0,1
23.95139354530942,432,88,0,0
24.013604844084085,173,105,0,0
24.022479894342254,16,494,0,0
24.057035480829974,869,258,0,0
24.066184396783,1159,254,0,0
24.08219692673052,350,472,0,0
24.111697153367246,2510,293,1,0
24.11575051467923,418,209,0,0
24.185879167327275,1063,321,0,0
24.192929339655752,1438,360,0,1
24.1960985357893,1267,281,0,0
24.217148884000363,960,264,0,0
24.26109370661257,1389,140,0,0
24.272506027771897,1745,437,0,0
24.275720980597235,18,365,0,0
24.33804976768197,933,764,0,0
24.338583529632036,1141,234,0,0
24.340879427480473,785,361,0,0
24.36040837864253,7962,230,1,0
24.36159455318862,8160,32,1,0
24.380678371877824,262,45,0,0
24.396847860086243,1201,336,0,0
24.505737167308297,30,423,0,0
24.508632996681843,1356,14,0,0
24.513793526288403,1447,546,0,0
24.548929153214747,353,430,0,0
24.549061507241998,991,448,0,0
33.4413245470291,406,232,0,0
33.44578634045,1331,3290,0,1
33.44997835808146,490,82,0,0
33.55097702119432,15,492,0,0
33.56763998591899,771,749,0,0
33.568153742872234,347,10,0,0
33.6313791997421,8066,126,1,0
33.73122309575634,953,260,0,0
33.73856031346125,290,251,0,0
33.74883467418578,1328,36,0,0
33.796529430100634,1500,306,0,0
33.79946027797654,7993,199,1,0
33.842824268568926,368,3120,0,1
33.869706063236386,292,87,0,0
33.87438460759417,1182,4170,0,1
33.87549937804589,561,41,0,0
33.88699125687259,1788,79,0,0
33.89012430928796,61,140,0,0
34.02383423363134,1624,79,0,0
34.047905599489624,404,338,0,0
34.13413587185574,1260,14,0,0
34.15775592661546,21,114,0,0
34.188284237921565,103,324,0,0
34.192053406436166,744,298,0,0
34.260698325107995,1685,755,0,0
34.90119812380985,1481,24,0,0
34.91091123990988,903,71,0,0
34.91642531098806,1684,767,0,0
34.92958527056273,1941,317,0,0
34.936476790707204,306,224,0,0
34.94091341441558,1358,16,0,0
34.964702801166325,455,490,0,0
34.9747874786626,926,178,0,0
35.295517414013595,1661,34,0,0
35.31356939708778,439,595,0,0
35.34805963116372,1288,300,0,0
35.469193464432976,1836,348,0,0
35.47908164887275,972,385,0,0
35.79844367537635,21,353,0,0
35.80353462221884,1260,169,0,0
35.80711760937863,10,139,0,0
35.81579150681201,19,342,0,0
35.83013673669352,53,75,0,0
35.83123114718926,1938,458,0,0
35.848052728943046,39,767,0,0
35.84869540086034,331,317,0,0
36.14080499654302,472,246,0,0
36.156151050282794,314,368,0,0
36.16114854539352,1329,118,0,0
36.16408198605672,1231,303,0,0
36.17244644214517,523,319,0,0
36.18399653321279,793,253,0,0
36.18623061503805,112,79,0,0
36.189097603237194,1778,579,0,0
36.20150759888253,915,153,0,0
36.20787559451603,7862,330,1,0
36.3259456886034,1554,496,0,0
36.50161318917184,835,705,0,0
36.52024545250083,14,305,0,0
36.56677331853006,1094,137,0,0
36.56802248375877,406,156,0,0
36.632588465735736,16,248,0,0
36.64956250915301,724,223,0,0
36.69713187076301,798,688,0,0
37.14012954571996,25,49,0,0
37.14031800689632,120,16,0,0
37.1707273109671,1465,763,0,0
37.17273024702319,180,474,1,0
37.23171303317808,471,352,0,0
37.23301806233577,1142,331,0,0
37.23971769785252,1580,81,0,0
37.26678481955322,389,725,0,0
37.32833612311479,935,422,0,0
37.349292446585025,933,519,0,0
37.352988221973675,1252,263,0,0
37.3589524988654,439,116,0,0
37.464785039644866,1387,263,0,0
37.48263235375828,977,73,0,0
37.48325437779966,1634,116,0,0
37.58078609941396,17,312,0,0
37.6222718171833,1332,466,0,0
37.72578338253009,8,383,0,0
37.73498700658671,8114,78,1,0
37.829540457742524,748,411,0,0
37.83170178481498,4810,340,1,0
37.888123374448135,883,369,0,0
37.89489060305434,1087,591,0,0
37.96440651451727,1311,767,0,0
38.09925347256306,1116,3260,0,1
38.103394201956974,287,277,0,0
38.11968162633415,713,1350,0,1
38.13918839490133,500,376,0,0
38.33402901550333,22,39,0,0
38.40876550408553,4176,250,0,0
38.410340570076485,673,373,0,0
38.45540389764842,454,20,0,0
38.535484261387914,1612,1290,0,1
39.79749815254345,1885,315,0,0
39.798126007603614,322,404,0,0
39.80429877744859,369,418,0,0
40.064016311931645,1011,391,0,0
40.06521678014828,1750,219,0,0
40.06685552578019,616,182,0,0
40.11761085639751,6380,478,1,0
40.25594465295944,895,81,0,0
40.2606820663269,1064,132,0,0
40.31383145501166,6,49,0,0
40.33663150657026,2258,371,0,0
40.712917820365924,11,16,0,0
40.73090780833169,1566,322,0,0
40.86166562472592,474,121,0,0
40.86462985246584,1665,269,0,0
40.8770969697329,582,230,0,0
40.89196842097361,973,151,0,0
41.06807126288217,1146,85,0,0
41.1255881352636,11,281,0,0
41.12960036044644,541,273,0,0
41.20018325199553,544,152,0,0
41.28446074237333,19,2550,0,1
41.29889437112337,120,213,1,0
41.309672593248,130,108,0,0
41.32191916165364,904,547,0,0
41.322527434003455,8165,27,1,0
41.34884767531243,354,707,0,0
41.377694736337816,1579,109,0,0
41.3808904013603,1426,530,0,0
41.46054858357461,7,21,0,0
41.461706843004514,480,441,1,0
41.46769166511287,1718,746,0,0
41.47466723564063,1076,91,0,0
42.43556875111036,844,59,0,0
42.4363054943244,766,734,0,0
42.49190157842064,24,340,0,0
42.61066088530632,903,345,0,0
42.64907033006158,743,607,0,0
42.84087320414806,1504,412,0,0
42.843301954542675,1586,34,0,0
42.843490641688945,1584,168,0,0
42.927127811511454,1672,247,0,0
42.92877850571541,1665,307,0,0
42.93817233021593,80,300,1,0
42.93988005212189,1197,425,0,0
43.08792796726558,304,492,0,0
43.18974248743015,248,95,0,0
43.19401723449545,1123,468,0,0
43.303946371335996,1766,40,0,0
43.32694436033037,6,131,0,0
43.3405989348799,190,95,1,0
43.36083943558535,221,43,0,0
43.37286883420568,1302,203,0,0
43.43460455990747,1519,55,0,0
43.46817169276029,164,247,0,0
43.4771419824018,406,4,0,0
43.612153994106535,28,170,0,0
43.61746563617871,1507,116,0,0
43.6494971282014,757,39,0,0
43.69147585566215,1630,270,0,0
44.03887221642509,1291,335,0,0
44.04543864134218,7893,299,1,0
44.63478682401831,504,25,0,0
44.66045320908467,1973,67,0,0
44.67269552462269,160,353,0,0
44.67739714286609,631,655,0,0
44.73568764092663,380,322,0,0
44.75558770093704,1413,767,0,0
44.757572730339966,1109,17,0,0
44.75946367761252,448,344,0,0
44.765404299619306,400,187,0,0
44.77007281096263,314,301,0,0
44.92979836287829,1803,396,0,0
45.212369082550346,195,219,0,0
45.31488022568464,702,25,0,0
45.351794194515094,929,537,0,0
45.359456982182145,234,633,0,0
45.379579081512844,7733,459,1,0
45.48545483508346,8133,59,1,0
46.76568700842257,835,175,0,0
46.877704011060835,20,357,0,0
46.888002817098574,891,53,0,0
46.90747335429492,1411,122,0,0
46.9143474661888,1843,111,0,0
46.91812116299629,416,394,0,0
46.93060416967888,1512,617,0,0
46.957288636866515,13,183,0,0
47.66685599658465,886,335,0,0
47.68687970912652,570,120,0,0
47.95936057873485,804,283,0,0
48.5781904687284,933,762,0,0
48.59931569742289,966,124,0,0
49.04895694341246,301,295,0,0
49.124350594439086,219,90,0,0
49.13217917857831,360,116,0,0
49.16284694987075,803,228,0,0
49.181736481650425,1355,254,0,0
49.19307464358824,1323,446,0,0
49.205199890402724,1173,292,0,0
49.229277223568694,1155,432,0,0
49.27227784379273,1718,147,0,0
49.275352178455826,1695,170,0,0
49.293061248398025,199,253,0,0
49.293920358848084,1766,29,0,0
49.32432037856517,1661,583,0,0
49.38712641622937,624,91,0,0
49.412173613482274,673,365,0,0
49.44413596075495,1245,508,0,0
49.50285349933771,128,70,0,0
49.507624950903086,1018,269,0,0
49.51881197495433,1571,2300,0,1
49.56894582081457,1601,74,0,0
49.70278296620104,1346,2520,0,1
49.74253635384158,624,25,0,0
52.719237901137305,792,326,0,0
52.734269147330856,1017,547,0,0
52.86751195923405,770,770,0,0
53.0948203431404,709,538,0,0
53.10862923283804,494,555,0,0
53.11212595671167,1536,150,0,0
53.11382089512082,213,33,0,0
53.13878418293368,95,17,0,0
53.305024788076075,289,775,0,0
53.33609312067923,20,225,0,0
53.36159021274893,21,430,0,0
53.37004239356163,136,30,0,0
53.42546079663474,517,111,0,0
53.425712674783654,697,298,0,0
53.45443281887252,950,172,0,0
53.473521678084545,1505,450,0,0
53.474686038300504,3070,396,1,0
54.87443488840438,297,211,0,0
54.87556016154217,1000,17,0,0
54.877651514625406,759,71,0,0
54.879285669939414,737,374,0,0
55.045551494770066,15,91,0,0
55.04860619827684,109,97,0,0
55.11733477552798,517,293,0,0
55.17576729431937,1557,562,0,0
55.20609898553201,816,298,0,0
55.20741906830986,905,345,0,0
55.212724013829906,641,105,0,0
55.72511203840579,785,602,0,0
55.726477296457546,494,275,0,0
55.729896960584306,845,790,0,1
55.74294136436695,1656,214,0,0
55.83393889793617,1645,41,0,0
55.863787280104376,112,596,0,0
55.94338142846022,1069,156,0,0
55.94551599541046,594,286,0,0
56.064907189425625,168,740,0,0
56.12121931529951,396,21,0,0
56.12196289683714,389,614,0,0
56.51452104492902,7663,529,1,0
58.282598371148026,14,56,0,0
58.286477837259945,467,220,0,0
58.306647061530754,605,405,0,0
58.60186014860618,3340,314,1,0
58.60279288915417,1575,704,0,0
58.60313016020064,539,312,0,0
58.604478621297574,674,264,0,0
58.61028361590228,554,293,0,0
58.615958032945734,1832,383,0,0
58.676755407485324,275,100,0,0
58.70762973464668,1822,107,0,0
58.70912260059704,1533,163,0,0
58.76524933222341,185,163,0,0
59.53112124633274,7212,980,1,1
59.72886278477796,766,246,0,0
59.85984573369711,1605,387,0,0
59.878633541070705,88,207,0,0
60.00767258797343,807,737,0,0
60.010285816965784,1042,532,0,0
60.09132084713803,1718,383,0,0
60.106476224638136,617,27,0,0
60.279713753881296,522,7670,0,1
60.325540750393095,815,5190,0,1
60.327581041887406,1909,594,0,0
60.35089000956489,1456,737,0,0
60.55718253709879,926,420,0,0
60.55906839811343,1063,18,0,0
60.56496615743086,298,228,0,0
60.56884488146226,363,705,0,0
60.569751131870404,80,221,0,0
60.6931459118533,1591,336,0,0
60.94149785466782,1402,43,0,0
61.03088158448801,1430,142,0,0
61.06019346433317,1270,85,0,0
61.07645478771836,611,608,0,0
61.10558025219601,848,140,0,0
61.10975786683976,1529,2350,0,1
61.21758652398174,833,425,0,0
61.36362014943531,7961,231,1,0
61.48012574779581,407,128,0,0
61.486365595795135,1671,50,0,1
61.507473782111845,907,2690,0,1
61.520426305436395,3860,253,1,0
62.16591121646146,7,315,0,0
62.19175951200305,911,97,0,0
62.192177923650135,689,114,0,0
62.23221730726531,899,611,0,0
63.01072958065417,818,699,0,0
63.0817667811793,733,332,0,0
63.1865414128666,788,1410,0,1
63.205935627215226,772,336,0,0
63.20628559061084,18,331,0,0
63.206768627018654,5,299,0,0
63.208261879641306,1758,107,0,0
63.22226371172761,225,281,0,0
63.25580741793558,310,102,0,0
63.32744935120478,15,210,0,0
63.33658273429833,1742,389,0,0
63.458911323132455,113,198,0,0
63.46922380240456,1216,63,0,0
63.473633795958406,1084,298,0,0
63.572734415136516,385,68,0,0
63.57563224545875,477,124,0,0
63.57570914021429,704,438,0,0
63.577875262795956,773,289,0,0
63.59965916681748,12,20,0,0
63.5996972682553,1946,171,0,0
63.60853098780594,1760,284,0,0
63.61781850759642,581,5480,0,1
63.6188592562574,813,745,0,0
63.61978964323843,26,3230,0,1
63.62694548005912,18,622,0,0
63.63298697760437,1142,41,0,0
63.85722078202097,1148,167,0,0
63.89541095950818,1640,3510,0,1
63.896175210796436,781,77,0,0
63.899441156333786,246,70,0,0
63.973372384551574,1244,114,0,0
64.77352765456781,697,12,0,0
64.81261705126224,717,201,0,0
64.84620869533595,971,598,0,0
65.59193390954522,341,90,0,0
65.60917868750025,981,748,0,0
65.61890320566047,1522,2920,0,1
65.6199718113383,3580,113,1,0
65.62643950833429,747,498,0,0
67.03493550301636,20,766,0,0
67.03598611146734,1205,319,0,0
67.0544392722522,995,250,0,0
67.05551844783733,895,767,0,0
67.07884993327096,34,390,0,0
67.18535011221184,1203,284,0,0
67.1964346774195,8071,121,1,0
67.27418842879041,1525,176,0,0
67.35047827936556,147,124,0,0
67.39459778064774,1077,306,0,0
67.95315008034521,486,101,0,0
68.03882219303287,259,19,0,0
68.04862759177624,127,130,0,0
68.05325133760233,1735,618,0,0
68.05657889847,283,373,0,0
68.10331828172103,693,810,0,0
68.1127625557022,8052,140,1,0
72.34796469437552,293,690,0,1
73.06688281353398,640,303,0,0
73.07863223801941,1349,121,0,0
73.08797488626492,105,179,0,0
73.61814894485924,61,695,0,0
73.61856627932431,1855,247,0,0
73.62587998545445,218,9,0,0
73.7467077575379,1119,108,0,0
73.74961922465069,75,24,0,0
73.75657235739263,1526,45,0,0
73.76551266437126,677,372,0,0
73.83317091119484,570,602,0,0
73.85692859550583,576,580,0,0
73.89725583179091,1520,112,0,0
73.9566039081551,3970,102,1,0
73.97576206777703,970,32,0,0
74.14209387881034,12,340,0,0
74.14629324881955,603,249,0,0
74.14731407192417,649,168,0,0
74.14783046276787,1100,204,0,0
74.14853573789611,1450,206,0,0
74.1545361058881,116,652,0,0
74.29612759084304,1386,245,0,0
74.32169160775096,1873,142,0,0
74.3271423895043,18,97,0,0
74.32926604962572,41,57,0,0
74.33553169099049,1071,416,0,0
74.34358046262376,1046,108,0,0
74.34940834366564,1655,396,0,0
74.35043649628349,257,25,0,0
74.35740385788121,425,317,0,0
74.49538603495787,1000,181,0,0
74.495619116802,536,303,0,0
74.50677129589936,847,54,0,0
74.50703057648764,1505,393,0,0
74.53305271038455,1357,165,0,0
74.53709929603639,18,555,0,0
74.53737774427971,131,124,0,0
74.55944857011126,377,111,0,0
75.24324685263993,641,280,0,0
75.26568214621989,184,114,0,0
75.44995825536141,299,274,0,0
75.4655984386474,1220,326,0,0
75.46583959027146,25,443,0,0
75.51396542991951,1307,104,0,0
75.52178237360273,6160,439,1,0
75.52275154132225,1749,254,0,0
75.60945775988597,1117,85,0,0
75.64148437852049,1023,13,0,0
75.64779373051961,1116,495,0,0
75.75020442129343,22,220,0,0
75.753358537471,38,9,0,0
75.8187058905784,1833,281,0,0
75.82145679935128,1592,365,0,0
75.87395410156395,309,20,0,0
75.87595052314661,938,292,0,0
76.23063502405384,683,55,0,0
76.26064312145073,27,197,0,0
76.57754826279222,1801,352,0,0
76.58103149376463,502,7690,0,1
76.58799475207266,800,451,0,0
76.68474973710548,435,4120,0,1
76.6848244141872,1828,765,0,0
76.68696113120903,1553,210,0,0
76.82944177579311,238,264,0,0
76.87518624561608,1397,303,0,0
77.0029765844715,201,193,0,0
77.01268827611995,1419,333,0,0
77.06843680496966,434,445,0,0
77.07262036981966,1831,116,0,0
77.07378096333241,27,785,0,0
77.07438947591484,12,6380,0,1
77.08037553402092,879,880,0,1
77.08639482463143,176,363,0,0
77.09151965519261,1457,123,0,0
77.09153457959466,1054,195,0,0
77.09186600419618,11,271,0,0
77.09808486836184,1153,256,0,0
77.13012167706235,154,6,0,0
77.13579211871928,1545,50,0,0
77.13891594261112,781,374,0,0
77.13909427708809,1330,432,0,0
78.16758772278571,900,424,0,0
78.169582694156,34,395,0,0
78.69261620372082,444,391,0,0
79.10182441167974,996,238,0,0
79.13303353262998,962,341,0,0
79.13877453284314,15,680,0,0
79.1622811819255,416,71,0,0
79.16407934982034,268,344,0,0
79.19447539514167,525,259,0,0
79.21262695598949,1507,5640,0,1
79.26491610085296,1189,302,0,0
79.38566654318453,162,103,0,0
79.96306305918465,11,43,0,0
79.97136276930893,1965,237,0,0
80.1167832036408,1560,1900,1,1
80.12048757324582,474,100,0,0
80.12350294270611,1320,337,0,0
80.12874513290453,81,325,0,0
80.13127690868707,733,421,0,0
80.259449906281,322,360,0,0
80.3738079813793,903,286,0,0
80.60366920529006,575,192,0,0
80.62082355210188,781,693,0,0
80.65206093197685,7520,424,1,0
80.65773552167711,841,360,0,0
80.6595411881537,1520,106,0,0
80.70366010127607,302,116,0,0
80.73452434895788,253,321,0,0
80.73649591018176,335,42,0,0
80.79467448703875,7624,568,1,0
80.79522848048246,722,98,0,0
80.8078430857413,861,388,0,0
80.81295832709726,169,15,0,0
80.81921907609399,16,242,0,0
80.82128574223285,1480,462,0,0
80.94253403401984,657,311,0,0
80.99850027574008,145,291,0,0
81.19092264427728,1883,80,0,0
81.21434865456322,1330,374,0,0
81.21569412665632,1875,180,0,0
81.2241498981274,925,580,0,0
81.22581488401535,1449,358,0,0
81.26991412576413,1264,226,0,0
81.46830994387064,1393,214,0,0
81.5022648393924,741,167,0,0
81.50756538855471,1655,310,0,0
81.51594832289778,87,410,0,1
81.5423585747834,805,126,0,0
81.54333109683493,7460,234,1,0
81.56695021663289,530,188,1,0
81.59299579489799,525,97,0,0
81.59888055812816,711,53,0,0
81.60645501557272,333,412,0,0
81.6310008348273,12,383,0,0
81.63437542728558,509,768,0,0
81.63773537922606,1516,45,0,0
81.72023502397482,1297,413,0,0
81.74733664920055,955,159,0,0
82.24512722600382,161,243,0,0
82.24753065450612,1021,22,0,0
82.2480227515005,8,89,0,0
82.36136477758832,30,91,0,0
82.47824399783535,211,298,0,0
82.4821733933709,740,413,0,0
82.48308471283659,1198,177,0,0
82.49870344660002,10,23,0,0
82.49921877107924,127,269,0,0
82.50784599663535,80,522,0,0
82.5080627549851,7871,321,1,0
82.51862156655592,3070,104,1,0
82.51886574688282,88,63,0,0
82.52940569958417,1483,62,0,0
82.88078799077348,330,141,0,0
82.8906773742627,520,316,0,0
82.96919549394804,66,401,0,0
82.97385401845654,885,110,0,0
82.97667162048934,712,385,0,0
82.97750914521744,1309,387,0,0
83.11145949190144,917,273,0,0
83.12632275786399,200,199,0,0
83.55362380532615,690,49,1,0
83.55519716812374,844,331,0,0
83.56581640819245,500,11,0,0
83.5852154919226,666,173,0,0
83.86365355937254,771,113,0,0
84.4942849727686,19,2900,0,1
84.49878311980973,397,43,0,0
84.50048593765477,1349,262,0,0
84.50099517620998,808,141,0,0
84.73852628419546,1094,289,0,0
84.75227387777868,274,29,0,0
84.75674615815763,1758,240,0,0
84.77147742520856,27,252,0,0
84.77157521210572,712,200,0,0
84.77209184961502,570,3110,0,1
84.87777620075852,723,35,0,0
84.9136826658769,951,209,0,0
84.93563802463795,752,20,0,0
84.93783148075954,478,56,0,0
84.99047495875539,81,80,0,0
85.55992036148308,758,205,0,0
85.56132294483345,7884,308,1,0
85.57804161386655,297,194,0,0
85.58483863740696,1827,330,0,0
85.61822261018999,1818,313,0,0
85.63489913168054,225,473,0,0
85.64697987046314,704,18,0,0
85.64975645493452,770,347,0,0
85.66545678523006,1486,210,0,0
85.67019788884865,783,567,0,0
85.68228402593243,1066,480,0,0
85.69654925016701,20,291,0,0
85.75649519865925,490,17,0,0
85.76154938862426,600,31,0,0
85.7700319448964,875,294,0,0
85.90824357500536,1337,346,0,0
85.91871026535765,679,210,0,0
85.92830221163982,7,18,0,0
86.01953301108249,342,60,0,0
86.04746868838441,404,82,0,0
86.066908779892,6190,135,1,0
86.09206847286495,733,492,0,0
86.09342755782077,825,395,0,0
86.13425112560547,4090,45,1,0
86.36479661475312,779,330,0,0
86.41687162309081,680,353,1,0
86.41759813393955,1121,113,0,0
86.44648459048874,881,520,0,0
86.4491688433401,1803,36,0,0
86.45961436155768,247,474,0,0
86.48095624922281,7884,308,1,0
86.48247637216257,1145,415,0,0
86.72161971638774,10,426,0,0
86.73605288510733,106,740,0,0
86.81698939657731,240,403,1,0
86.87612374668832,1384,183,0,0
87.12070940811975,1593,170,0,0
87.30132825760607,1109,375,0,0
87.30220331296951,2820,274,1,0
87.32042247801226,640,308,0,0
87.32065658927968,1195,440,0,0
87.32751378310815,1016,381,0,0
87.39759800092975,1100,263,0,0
87.5021250169018,7850,342,1,0
87.72364308880145,1743,26,0,0
87.73156234240287,834,188,0,0
87.76353178157738,311,274,0,0
87.7840271620941,1584,134,0,0
87.99680016470556,594,119,0,0
88.40162409793426,1358,1270,0,1
88.40987057148922,1794,145,0,0
121.1423197009908,1579,387,0,0
121.15910948807802,1614,649,0,0
121.16723554166336,1028,739,0,0
121.22341394113246,1333,364,0,0
121.30067862874064,1620,544,0,0
121.35128516626148,571,377,0,0
121.35591953034788,575,169,0,0
121.6798258060675,5,160,0,0
121.69882696523706,904,324,0,0
122.06893412763401,9,150,0,1
122.34647715686788,912,275,0,0
122.34782047369508,1222,455,0,0
122.35024158343332,972,273,0,0
122.35256813226826,925,679,0,0
122.38098569555535,1613,386,0,0
122.4002274091115,735,113,0,0
122.42983416981832,1535,160,0,0
122.43324662026633,400,213,0,0
122.47398403659595,6,314,0,0
122.76201312544293,401,227,0,0
122.76321714167568,216,584,0,0
122.77498370357092,173,205,0,0
122.80362540556364,1758,486,0,0
122.81707233924908,1096,386,0,0
122.82883108601094,642,42,0,0
123.42910149031327,625,1340,0,1
123.65656441757244,358,245,0,0
123.75211369850463,392,3240,0,1
123.75592683901925,453,30,0,0
125.30291577462168,1582,275,0,0
125.33895678920321,929,470,0,1
125.34446863949407,851,1100,0,1
125.35338687126963,11,17,0,0
125.35996792596225,1737,219,0,0
126.57913788698795,1008,448,0,0
126.6055870948617,626,219,0,0
126.62550246145426,482,7710,0,1
126.62573930107796,517,111,0,0
126.70248311347585,4900,2620,1,1
126.70459981786192,160,163,1,0
126.70643462429695,932,741,0,0
126.76629217918222,39,553,0,0
126.76941905768685,535,552,0,0
126.86297150000347,517,429,0,0
127.02874765829102,1214,255,0,0
127.02923835080955,718,182,0,0
127.04263001166086,436,275,0,0
127.04338520334221,564,668,0,0
127.05891847516905,1611,290,0,0
127.16790761203174,26,62,0,0
127.16905696313677,685,607,0,0
127.81529756291407,7904,288,1,0
127.82472448814192,1861,334,0,0
127.82636944911336,732,666,0,0
127.84002597582159,6500,200,1,1
127.92534536325064,1808,140,0,0
127.92645828155287,1461,557,0,0
127.94399541135269,558,140,0,0
127.94511529776871,1449,156,0,0
128.13913206832407,250,23,0,0
128.1629061990231,1293,175,0,0
128.17035075147052,217,229,0,0
128.308429644055,4060,428,1,0
128.30975228405498,1711,1690,0,1
128.31767297681125,629,320,0,0
129.0154428769527,2368,76,0,0
129.02899738917887,134,101,0,0
129.2909003666429,1350,431,0,0
129.31654473932878,886,234,0,0
129.32082323870495,550,232,1,0
129.33141852821188,297,282,0,0
129.35163950138306,1661,172,0,0
129.35927512662724,87,483,0,0
129.36260671373344,1749,232,0,0
129.36623249179246,826,310,0,0
129.3671228925617,619,307,0,0
129.3886876158461,10,286,0,0
129.4266658780299,2200,465,1,0
129.50394718195798,135,267,0,0
129.50441376454776,660,326,0,0
129.59095211742184,692,766,0,0
129.60763928662485,877,425,0,0
129.60863094199092,1789,521,0,0
129.62963094294878,35,609,0,0
129.71769301066047,1676,286,0,0
129.76678489441417,918,432,0,0
129.84044834345409,661,249,0,0
129.95482775899274,1269,262,0,0
130.05845153153123,297,93,0,0
130.07453757709104,1030,234,0,0
130.07480588797432,66,372,0,0
130.07858840290356,75,36,0,0
130.11382356598648,23,355,0,0
130.12058413199549,577,19,0,0
130.18872769327743,494,181,0,0
130.27405448286981,8168,24,1,0
130.29311394124704,1704,24,0,0
131.03650814669928,682,65,0,0
131.03897214751157,1383,271,0,0
131.1505774903422,1906,629,0,0
131.15731493182926,1261,105,0,0
131.16095469868952,1405,22,0,0
131.2172427791665,1614,166,0,0
131.2223040860116,1679,684,0,0
131.31898637407113,310,357,1,0
131.32066884732205,976,108,0,0
131.33928482313155,396,355,0,0
131.34249713990738,1183,324,0,0
131.35334422229226,137,420,0,0
131.36159270752339,9,111,0,0
131.3634092110175,1596,418,0,0
131.42782840236737,1124,291,0,0
131.4292680021929,465,138,0,0
131.43171453813906,7855,337,1,0
131.53508865350307,2250,551,1,0
131.65688288095075,1768,175,0,0
131.72302083736002,2010,1290,0,1
131.7573822235829,1277,39,0,0
133.4154319476808,1188,501,0,0
133.4169816167951,1440,21,0,0
133.4209204159576,1014,75,0,0
133.42330803666553,981,140,0,0
133.5284982138673,1528,237,0,0
133.55952565939134,98,155,0,0
133.7204322676554,435,258,0,0
133.84247569252392,1337,394,0,0
133.85360522705025,673,30,0,0
133.8569993959218,1294,261,0,0
133.85940055681962,141,185,0,0
135.3164950834857,169,74,0,0
135.43758083108412,777,520,0,0
135.49485881223845,7901,291,1,0
135.50374227449169,350,336,0,0
135.51551818446367,63,400,0,0
135.5243174476303,912,59,0,0
135.53348144613412,568,148,0,0
135.53362455545218,1075,449,0,0
135.54911856432975,7572,620,1,0
135.55727318667147,552,466,0,0
135.58854649313295,1135,176,0,0
135.61518962455878,241,349,0,0
135.7117615667084,13,454,0,0
135.72883551307882,700,491,0,0
135.8151256965724,5,257,0,0
135.81523025243453,484,46,0,0
135.8171679454328,816,666,0,0
136.3703780429598,51,54,0,0
136.37190887968174,10,170,0,0
136.3819455229285,1837,247,0,0
136.45404590393028,626,123,0,0
136.45704830719322,630,313,1,0
136.5314591188182,1851,1170,0,1
136.53246749305404,387,77,0,0
136.5328495597423,1486,355,0,0
136.53407824862995,857,147,0,0
136.5347204312444,494,348,0,0
136.5516512153367,595,248,0,0
136.56094154086165,1007,117,0,0
136.59477355240372,957,300,0,0
136.5969837088833,1437,85,0,0
139.4335995100487,1130,1900,0,1
139.44809171045637,598,20,0,0
139.46409857206794,1308,399,0,0
139.50774722976573,1673,83,0,0
139.51852680057522,258,191,0,0
139.5234888095329,436,212,0,0
139.54431995708623,1318,229,0,0
139.65453213727213,639,379,0,0
139.72097685985383,1467,312,0,0
139.8364471150679,1053,500,0,0
139.84212904448972,422,437,0,0
139.84585844997991,32,348,0,0
140.8138142300066,1256,472,0,0
140.82471760886312,806,93,0,0
140.87051557810068,468,78,0,0
140.94758417824482,127,106,0,0
141.2494120706958,112,92,0,0
141.25059311115078,47,72,0,0
141.2573375197097,1193,458,0,0
141.26474333579077,4,143,0,0
141.27439075927532,1177,295,0,0
141.27453223629615,1495,497,0,0
141.28908324137254,1396,195,0,0
141.28913731037227,174,258,0,0
141.3211790384013,44,667,0,0
141.37293541733564,893,10,0,0
141.43135767482295,250,197,0,0
141.43294601400504,1871,328,0,0
141.5524019892083,866,57,0,0
141.55554454910072,486,188,0,0
141.55706529046165,1295,326,0,0
141.55955756138408,1146,495,0,0
141.56280795380988,96,286,0,0
141.58783284895352,501,57,0,0
141.68011711545591,1178,66,0,0
141.68038231842303,290,301,0,0
141.68639757005792,684,353,0,0
141.79425341441248,644,179,0,0
141.8209688669299,567,210,0,0
141.87019372973256,63,126,0,0
141.87108376901406,925,493,0,0
141.99142449285193,1643,29,0,0
141.99220716914243,368,2690,0,1
142.01859743399336,443,22,0,0
142.29321158913197,179,57,0,0
143.0671970106264,306,320,0,0
143.1173925094863,806,644,0,0
143.22247972847168,5,35,0,0
143.22784629857557,6,36,0,0
143.23473556075768,681,237,0,0
143.42184599522926,1329,387,0,0
143.4399487662819,343,236,0,0
143.45393711306994,1451,573,0,0
143.45501148480483,785,152,0,0
143.47939809487926,281,269,0,0
143.54506394942075,982,770,0,0
143.5487498441822,725,723,0,0
143.55529478667927,7611,581,1,0
143.98100780378286,656,207,0,0
144.00678227609242,373,259,0,0
144.01691393399253,1803,59,0,0
144.01877079360378,1776,429,0,0
144.0239970446082,1706,370,0,0
144.03494179315388,52,156,0,0
144.31391282861128,396,219,0,0
144.3192349014674,1704,539,0,0
144.9722000740506,1002,298,0,0
144.97501652235474,75,137,0,0
144.9838423170462,4,43,0,0
145.08135081710185,577,280,0,0
145.09251222825273,1378,262,0,0
145.09594143228483,21,437,0,0
145.10980362846098,524,270,0,0
145.15407230031687,9,290,0,0
145.15465585555125,1779,450,0,0
145.16563260738866,485,337,0,0
145.18013304761695,316,208,0,0
145.18818050942681,1078,240,0,0
145.2667170806061,1278,170,0,0
145.27250485551886,1485,354,0,0
145.2812092025643,696,231,0,0
145.30066485094662,6,253,0,0
145.37818597340467,1187,307,0,0
145.38978042906047,191,26,0,0
145.76445086431497,1805,210,0,0
145.76738794363317,1014,78,0,0
146.003872040767,1814,120,0,0
146.00711734518194,922,144,0,0
146.0201403747377,90,40,0,0
146.0575132293795,540,3160,0,1
147.156926560271,1509,21,0,0
147.26518318373508,1313,130,0,0
147.27319667523977,1281,696,0,0
147.51571820516256,292,767,0,0
147.52748689320296,880,54,0,0
147.53119292069408,15,203,0,0
147.57545913113486,22,204,0,0
147.59725660214826,1983,308,0,0
147.7187895003189,1579,513,0,0
147.72479920452358,482,7710,0,1
147.76349996513025,338,143,0,0
147.82769660841916,309,283,0,0
147.85916373428407,16,8176,0,1
147.87619217950893,79,11,0,0
147.88066319476852,405,36,0,0
147.99064949791074,1407,226,0,0
148.014392818654,786,612,0,0
148.06308216296298,1251,233,0,0
148.07202896162335,743,261,0,0
148.09054941371514,850,332,0,0
148.0928162752136,1043,360,0,0
148.11422723324927,8067,125,1,0
148.19759593046362,1520,233,0,0
148.21932908233165,952,73,0,0
148.31997794774992,293,21,0,0
148.35371758152334,715,233,0,0
148.62976302942693,138,161,0,0
148.6421018815599,1117,160,0,0
148.6427827350096,1401,336,0,0
148.68563800895078,6,246,0,0
148.69860585979697,448,1990,0,1
148.70117678412223,1736,98,0,0
148.7675559323391,433,249,0,0
148.79817155848406,1781,28,0,0
148.84214252051933,11,202,0,0
148.8514247369414,121,80,0,1
148.8781857632519,1313,219,0,0
148.90819575386774,10,82,0,0
149.53595860622988,1581,117,0,0
149.5405534406921,158,768,0,0
149.55822336246706,432,16,0,0
149.59558228911544,787,294,0,0
149.59615537390766,185,244,0,0
149.59688656204946,56,232,0,0
150.9695235810504,1677,153,0,0
150.97005014333826,796,154,0,0
151.02703072560166,693,437,0,0
151.0303389163767,7872,320,1,0
151.0342606431215,645,44,0,0
151.03460289868815,75,137,0,0
151.0375812655394,993,394,0,0
151.1242080874501,283,63,0,0
151.12533037221564,138,128,0,0
151.1846954429791,230,41,0,0
151.21846121938415,1061,209,0,0
152.24039998949982,1411,130,0,0
152.24738512989424,1065,324,0,0
152.4731920587029,747,419,0,0
152.57995278919856,634,333,0,0
152.5901235338096,1686,716,0,0
152.59077205557088,759,441,0,0
152.96011773923834,1583,219,0,0
152.96129604127094,336,322,0,0
152.9682968127424,22,257,0,0
153.07384898331034,1296,493,0,0
153.24198333899898,1861,367,0,0
153.24530996596036,1042,406,0,0
153.2622359318612,621,489,0,0
153.27299442362545,254,114,0,0
153.46470166226842,456,101,0,0
156.1677056100711,1141,2680,0,1
156.1681700507713,1610,199,0,0
156.28097927134618,475,156,0,0
156.28103866912213,1312,315,0,0
156.29959822879897,204,12,0,0
156.30156281808857,18,555,0,0
157.27078108740707,913,427,0,0
157.29594948931117,1186,119,0,0
157.3000837510069,26,227,0,0
157.3067311559808,801,321,0,0
157.312441394268,1711,584,0,0
157.3387389362897,944,96,0,0
157.3518906927086,993,364,0,0
157.41888605559888,792,347,0,0
157.81171506330367,1304,90,0,1
157.88509689293406,1482,429,0,0
157.88665091455204,513,305,0,0
157.88735225534708,613,400,0,0
157.89133516733543,760,388,0,0
158.03964192076205,970,30,0,0
158.04887466157984,796,509,0,0
158.05362258154605,584,141,0,0
158.0774161990843,204,11,0,0
158.07847994904,945,161,0,0
158.08032812061975,475,289,0,0
158.13040218058597,868,349,0,0
158.14024306191118,7422,770,1,0
158.14753215967087,362,160,0,0
158.18159211313943,1332,223,0,0
158.18719403569366,53,461,0,0
158.19176749631234,502,751,0,0
158.19896138544,1650,286,1,0
158.25918674005558,7872,320,1,0
158.27952476186837,2379,170,0,0
158.28117952369834,389,146,0,0
158.29102230603988,673,421,0,0
158.35699890456442,762,287,0,0
159.11778797462682,427,246,0,0
159.11962499385658,610,769,0,0
159.15513884688576,1142,269,0,0
159.16589368493916,505,389,0,0
159.2599497585379,24,303,0,0
159.30429308455658,10,75,0,0
159.64711327168237,1443,230,0,0
159.6981096217565,457,447,0,0
159.70417517425213,954,559,0,0
159.71032034114683,522,960,0,1
159.75092782893464,895,156,0,0
159.79068294891286,339,101,0,0
161.97427557644335,1091,265,0,0
162.48997170701335,1558,282,0,0
162.49169751537073,1212,187,0,0
162.52805142851372,992,124,0,0
162.52931112969574,4,176,0,0
162.52996916181658,1156,320,0,0
162.60980274527952,8,161,0,0
162.66420182977157,1392,226,0,0
162.66646262510713,910,310,0,0
163.14956362178046,346,2100,0,1
163.1521177536771,1351,80,0,0
163.15386387247676,231,141,0,0
163.22042286774564,346,3310,0,1
163.2484936525797,376,295,0,0
163.26158349126712,565,386,0,0
163.27736313270572,33,270,0,0
163.3055950693132,1796,342,0,0
163.31924442457492,905,188,0,0
163.33202392709663,1284,172,0,0
163.3324308786562,6,334,0,0
163.33366323680298,18,261,0,0
163.39490022560184,648,540,0,0
163.39931188313872,1939,621,0,0
163.45300252807917,739,309,0,0
163.6665331086491,1789,523,0,0
163.6754055554143,934,481,0,0
163.70718411454232,752,222,0,0
164.85521691924617,1156,462,0,0
164.92765437737492,1564,38,0,0
165.6457479754172,543,517,0,0
166.03322880141303,1700,404,0,0
166.1146448945198,1536,221,0,0
166.12907136483688,137,256,0,0
166.1324210460866,968,253,0,0
166.13437422113694,220,67,0,0
166.18210183454315,1531,141,0,0
166.22812841252215,2845,198,0,0
166.24085391236918,1337,658,0,0
166.33932717053477,1420,246,0,0
166.3447130360769,9,59,0,0
166.51092940961783,1477,375,0,0
166.53047728076965,1355,445,0,0
166.54725747216074,289,33,0,0
166.56529231616094,782,195,0,0
166.58010775356317,10,258,0,0
169.1960531386462,1002,254,0,0
169.19677192766605,7417,775,1,0
169.22249265932388,1777,263,0,0
169.43974610775453,422,440,0,0
169.51552943896456,1284,145,0,0
169.52539143232966,1855,95,0,0
170.11125931436115,1560,87,0,0
170.1133887703502,23,455,0,0
170.1147122442197,88,18,0,0
170.17091655084488,1840,291,0,0
170.17190059221105,1464,125,0,0
170.17205579119042,230,88,0,0
170.27754677986866,1221,83,0,0
170.36027434685474,1348,392,0,0
170.43833030521353,1025,112,0,0
170.44513702255603,115,606,0,0
170.47115387538628,20,324,0,0
170.4737713215663,1481,20,0,0
171.05291736035994,733,239,0,0
171.14070324859304,280,245,0,0
171.22033113818003,1048,113,0,0
171.22069640863643,963,391,0,0
171.3113872474285,789,166,0,0
171.6694815269693,1797,767,0,0
171.87496722380362,877,83,0,0
171.96242122285835,20,115,0,0
171.98043141666847,169,296,0,0
171.98953972102402,1747,451,0,0
172.0496472813665,248,314,0,0
172.08844614545126,893,77,0,0
172.1173970462501,19,282,0,0
172.12711915714218,13,271,0,0
172.64791875268716,500,11,0,0
172.64966447023625,1711,1320,0,1
172.66691059292964,530,220,0,0
172.6725653124672,1186,416,0,0
172.81472320436023,903,44,0,0
173.1301148774369,170,32,0,0
173.3473607879429,1982,654,0,0
173.4291108543386,1172,240,0,0
173.43020245848192,1145,185,0,0
174.58920805668888,718,448,0,0
174.63992420857963,7687,505,1,0
174.65444999971558,728,184,0,0
174.67328757293174,1060,193,0,0
174.6824381229717,510,254,0,0
174.7245619441291,1295,349,0,0
174.7581170109389,550,355,0,0
174.76689855424257,571,569,0,0
174.7670042774749,311,314,0,0
174.7838249659955,548,64,0,0
174.8306549729134,864,61,0,0
174.8823410244143,163,59,0,0
174.89561655130632,1494,351,0,0
174.94029457752896,1372,104,0,0
175.08139758023313,704,264,0,0
175.08844281658247,355,19,0,0
175.42724294752844,704,555,0,0
175.4276044579731,1110,354,0,0
175.42905328631684,1523,220,0,0
175.43200552086537,569,459,0,0
175.4321413875464,912,231,0,0
175.43458463240614,1514,304,0,0
175.65369952362983,778,305,0,0
175.8698360747265,534,277,0,0
175.89175979534434,1616,225,0,0
176.4556481008014,320,222,0,0
176.48477996889133,1293,384,0,0
176.49144735799928,1505,126,0,0
176.52070420983986,941,44,0,0
176.53442015501864,961,522,0,0
176.61304747169274,101,388,0,0
176.61394039996722,472,267,0,0
176.74711780943096,806,103,0,0
176.754315777662,137,269,0,0
176.85414872789292,1473,631,0,0
176.8549763255656,1082,2080,0,1
176.86277797320753,50,940,0,1
176.88387176351915,1124,607,0,0
176.99335347494247,7946,246,1,0
176.9949340521793,894,268,0,0
177.5015436942317,80,337,0,0
177.5489226997225,109,21,0,0
177.5552274377692,1885,306,0,0
177.76114096847562,1151,193,0,0
177.7833006458861,1340,84,0,0
177.96629333829682,529,428,0,0
179.84652049382473,399,520,0,0
179.9304442744781,6,169,0,0
179.93673762328834,351,236,0,0
179.94443929482247,992,392,0,0
180.0022955138904,107,82,0,0
180.0343893211938,517,73,0,0
180.03779959414126,7573,619,1,0
180.04254242045718,9,117,0,0
180.11087702661553,281,511,0,0
182.08178378674322,448,163,0,0
182.08187746562427,991,350,0,0
182.15863753186403,1136,260,0,0
182.17046894225453,770,19,0,0
182.25623142835272,1151,323,0,0
182.35857085639586,625,140,0,0
182.37862685775286,1888,163,0,0
182.38099215846387,115,37,0,0
182.38209594709414,14,41,0,0
182.38252101552095,300,37,0,0
182.5905221343993,7,306,0,0
182.6023854097931,1588,178,0,0
182.60850994166066,268,593,0,0
182.6188643611957,1843,151,0,0
182.6201028808282,1275,220,0,0
182.65328733165032,239,231,0,0
182.90549561075477,355,224,0,0
183.08137061155452,229,109,0,0
183.08215822655703,741,190,0,0
183.3580134088174,1764,332,0,0
183.36192669888226,439,379,0,0
183.3623200501434,574,362,0,0
183.36386332669576,1851,547,0,0
183.36647456364494,5830,454,1,0
183.38427025870982,928,25,0,0
183.386561059193,234,152,0,0
183.38744123055307,514,381,0,0
183.39807318660863,606,311,0,0
184.24419229861297,788,327,0,0
184.24862119527995,54,15,0,0
184.2942874350648,67,49,0,0
184.3154608402315,1391,312,0,0
187.98928236551882,911,12,0,0
187.9896874482084,190,219,0,0
188.15104384334103,375,55,0,0
188.15243492590474,1117,325,0,0
188.15795296052812,1216,491,0,0
188.17282508993344,787,310,0,0
198.7348961594315,1517,555,0,0
198.7388191004718,512,191,0,0
198.73923184932772,332,49,0,0
198.98090337183598,1108,385,0,0
198.98427157710634,592,131,0,0
198.995371648621,575,239,0,0
199.0125692275256,559,273,0,0
199.03447674473733,1582,691,0,0
199.04731686933042,1060,331,0,0
199.07814307403618,1765,100,0,0
199.11729977084346,1132,102,0,0
199.2168535403124,1454,137,0,0
199.22453174677707,54,424,0,0
199.22856830325568,1189,72,0,0
199.2307189136391,453,167,0,0
199.28976215375383,429,174,0,0
199.30621101036783,43,265,0,0
199.36076884916685,1706,270,0,0
199.41371337812728,603,145,0,0
199.93934788909382,352,323,0,0
199.96667453999754,1296,69,0,0
200.0479297459014,1345,333,0,0
200.04955826749566,397,302,0,0
200.05163802001607,712,197,0,0
200.06131139018595,37,15,0,0
200.06289454077742,133,293,0,0
200.13456213586042,58,126,0,0
200.13581664789749,662,732,0,0
200.15650598177615,1264,444,0,0
200.15663819504533,598,74,0,0
200.15861858309785,7983,209,1,0
200.16777799144705,1036,44,0,0
200.1785265631909,940,255,0,0
200.17902791900195,1308,369,0,0
200.2014532331488,335,405,0,0
200.328249337132,586,369,0,0
200.39422811012093,38,658,0,0
200.39906216739104,834,460,0,0
200.40463697932023,994,772,0,0
200.40631943038122,93,58,0,0
200.46990765130954,499,244,0,0
200.79242919428987,110,98,1,0
200.79873166231963,186,122,0,0
200.79933650682165,401,123,0,0
200.82625627097315,1402,285,0,0
200.90057708940046,1488,162,0,0
200.9006550621841,1398,318,0,0
200.92445217677624,232,50,0,1
202.2931652541983,550,240,0,0
202.38630932820726,405,184,0,0
202.44056838154424,2340,114,1,0
202.48089834944983,1600,319,0,0
202.63180325909974,1295,282,0,0
202.63455028202,1086,505,0,0
202.63787763355785,396,174,0,0
202.6786494421306,875,277,0,0
202.68323170782753,339,315,0,0
202.71350473424735,19,252,0,0
202.71389839227024,84,201,0,0
202.79606603516936,1648,200,0,0
202.8942453041444,7633,559,1,0
202.91393721751433,16,337,0,0
202.9390078750731,1198,667,0,0
203.40035670131797,1120,1890,0,1
203.40242486892797,603,270,0,1
203.40533017558306,6290,770,1,0
203.40735450738268,10,13,0,0
203.41507124677204,656,75,0,0
203.41745947655858,277,429,0,0
203.43689202107257,315,170,0,0
203.44180253519923,47,231,0,0
203.44279710402083,1570,510,0,1
203.44360971465093,793,254,0,0
203.6472115852399,900,1440,0,1
203.66293411377777,664,259,0,0
203.6743862537511,1231,614,0,0
203.69341577321043,1587,124,0,0
203.70871998432466,1588,284,0,0
203.79058552304014,228,26,0,0
203.84614034491966,17,184,0,0
203.85168834083234,500,209,0,0
203.8551640486403,288,171,0,0
203.85721727149175,530,5080,0,1
203.85869512346784,1111,317,0,0
204.15671003935952,401,475,0,0
204.1595957574941,66,580,0,0
204.15991390526088,1217,69,0,0
204.1632536131163,262,283,0,0
204.1669825712347,53,304,0,0
204.2018849674655,608,12,0,0
204.20495254166698,1159,289,0,0
204.25753372857983,1680,432,0,0
204.296781953084,1177,670,0,1
204.5241366397795,141,138,0,0
205.9000023461101,1829,3320,0,1
211.281169155457,31,277,0,0
211.5501180945821,1826,356,0,0
211.55189247555757,1724,300,0,0
211.5599326716495,1216,365,0,0
211.5895436310986,1482,248,0,0
212.71856587519505,611,162,0,0
212.78839791473402,1118,113,0,0
212.98865401878686,365,173,0,0
213.00139659055262,1618,256,0,0
213.0601542343095,1374,479,0,0
213.13604058006362,1664,140,0,0
213.14328502723137,8,69,0,0
213.2286988704083,5920,337,1,0
213.38231755317187,786,770,0,0
213.3954635960159,1126,108,0,0
213.53372488960468,1024,28,0,0
214.0209672596668,708,555,0,0
214.04157057776172,869,2580,0,1
214.05962691314562,1520,13,0,0
214.06934139423817,87,354,0,0
214.07457046372775,17,207,0,0
214.0992297745889,517,239,0,0
214.10714824893964,1073,326,0,0
214.116816920684,7922,270,1,0
214.12065844678628,8106,86,1,0
214.12149434874965,691,448,0,0
214.1242630104838,548,109,0,0
214.15910583146632,345,277,0,0
214.16079895574967,1332,223,0,0
214.1657366796263,1243,291,0,0
214.64736491104887,106,201,0,0
214.8190880954606,6010,81,1,0
214.82359684636447,1059,262,0,0
214.88391367290964,1850,136,0,0
214.88882861695674,757,327,0,0
215.35662381617675,901,665,0,0
215.36221653123144,22,16,0,0
215.38346501751593,1152,272,0,0
215.67132364733575,388,27,0,0
215.674769249695,1858,533,0,0
215.91993160694417,195,32,0,0
215.9234498072401,891,884,0,0
215.95250635192207,888,401,0,0
215.96249673434747,816,767,0,0
215.9776140706571,218,86,0,0
216.0024684224211,672,220,0,0
216.0180200215984,1217,2460,0,1
216.02037889808383,229,196,0,0
216.12248494054944,1543,404,0,0
216.1987283452745,725,252,0,0
216.43678895570073,184,107,0,0
216.7247279326518,445,123,0,0
216.72595535535268,551,294,0,0
216.96196550982782,364,53,0,0
217.20381645467276,1575,19,0,0
217.21004016267722,983,305,0,0
217.35373063239177,11,149,0,0
217.69385611010696,85,39,0,0
217.6999982994641,1830,307,0,0
217.7011432180838,1428,352,0,0
217.70993466410783,424,195,0,0
222.5190402035169,422,538,0,0
222.54798449977147,1799,251,0,0
222.54957561210895,132,33,0,0
222.56045595453185,1797,137,0,0
222.56292726318455,199,254,0,0
222.57104694580133,1310,260,0,0
222.59287378777435,5,212,0,0
222.59298127946278,127,68,0,0
222.6300826466892,8007,185,1,0
222.93565651143112,782,101,0,0
222.94781605873746,1551,388,0,0
222.9562095991594,293,94,0,0
223.11698898487964,1388,290,0,0
223.11842170526768,965,2780,0,1
223.11991512990392,994,473,0,0
223.12103339686757,263,1410,0,1
223.13420543612276,1281,505,0,0
223.17388777458396,937,242,0,0
223.18894271750133,786,330,0,0
223.24312774934376,818,217,0,0
223.33817238767034,647,152,0,0
223.38688913180113,200,39,0,0
223.3904697828652,1687,107,0,0
223.4010255977307,950,728,0,0
223.6200858132782,995,230,0,0
223.62231019516202,553,270,0,1
223.63318017503443,44,267,0,0
223.64101285430098,1011,372,0,0
223.65359998527202,383,448,0,0
223.65569909911255,202,92,0,0
223.65691342033165,8,503,0,0
226.6521551487171,615,352,0,0
226.77181515358168,23,638,0,0
226.77615404025573,923,432,0,0
226.7921914211876,731,767,0,0
226.86203577776772,529,220,0,0
226.8711108405717,244,2210,0,1
226.9330343181625,1051,180,0,0
226.93830564905434,1221,236,0,0
226.94711482552393,676,291,0,0
226.96234555018228,1432,331,0,0
226.96957281920965,937,161,0,0
226.96970643421312,1271,203,0,0
226.98853088176045,732,203,0,0
227.01898119526737,110,194,0,0
227.0657513460397,79,61,0,0
227.06822298688974,473,767,0,0
227.10414488158312,262,15,0,0
227.13192313413424,645,499,0,0
227.1324479102863,8,161,0,0
227.13266859541454,87,265,0,0
227.17946439412322,610,396,0,0
227.1821408181525,1722,760,0,0
227.31606380559083,1113,296,0,0
228.62058956518678,4440,263,1,0
228.626215563704,1194,195,0,0
228.63076072286353,243,209,0,0
228.64838821979035,365,18,0,0
228.71795906662066,48,302,0,0
228.71982032690633,1529,133,0,0
228.9376678937736,459,4,0,0
229.06868074425472,630,208,0,0
229.13637932495297,254,44,0,0
229.1425091750643,459,270,0,0
229.2552911410341,1216,283,0,0
229.35550214258097,270,252,1,0
229.35713594563936,542,170,0,1
230.53707829185132,640,127,0,0
230.54697099661533,1470,767,0,0
230.58473000979305,1425,165,0,0
230.59105520808836,1055,239,0,0
230.63001950649934,1801,6,0,0
230.8136668107866,987,91,0,0
230.81725667702554,223,93,0,0
230.8179150395984,126,264,0,0
230.8252516818949,15,156,0,0
230.8265758179761,1077,266,0,0
230.83053369115106,1463,695,0,0
230.84454530081922,32,80,0,0
230.86041699770803,83,240,0,0
231.09890289661251,5620,1560,1,1
231.10127376324527,287,383,0,0
231.13780870333713,7966,226,1,0
231.14434726591938,1673,5,0,0
231.42105624276718,581,187,0,0
234.25167115292155,866,360,0,0
234.28477772219313,1600,3570,0,1
234.7982696767235,128,455,0,0
234.8045187993589,970,323,0,0
234.80525521487536,855,208,0,0
234.80667720192818,606,264,0,0
234.80744415657,303,198,0,0
234.81011756337028,337,160,0,0
234.82127844385155,1540,9,0,0
235.00129685843442,8169,23,1,0
235.07445112726862,827,282,0,0
235.12007266575708,646,61,0,0
235.1278047628517,179,85,0,0
235.13206373400584,3250,272,1,0
235.15134977500105,769,73,0,0
235.175114105051,808,767,0,0
235.2052366736207,1487,55,0,0
235.2431744937378,18,159,0,0
235.2574368602268,1483,331,0,0
235.25782111082773,1198,769,0,0
235.25976050219614,741,104,0,0
235.26322173069698,729,127,0,0
235.80039336964262,1732,507,0,0
235.80807097207315,823,432,0,0
235.8776818270777,1073,119,0,0
236.21510208568048,1439,458,0,0
236.25025050193406,1299,469,0,0
236.2584762490653,1226,130,0,0
236.26851457380423,1838,295,0,0
236.27084970222236,725,83,0,0
236.30416211377332,1106,23,0,0
236.47641985583388,893,150,0,0
236.53282018988122,1174,304,0,0
236.61721336994154,7680,112,1,0
236.69302215328509,1264,512,0,0
237.6861887198134,41,61,0,0
237.69126828696008,430,351,0,0
237.71599539079958,1433,29,0,0
237.7899760970596,24,26,0,0
238.0086069906651,14,166,0,0
238.00874750684923,1272,30,0,0
238.01509569256106,791,134,0,0
238.02698768079307,1622,286,0,0
238.02929021795185,577,3100,0,1
238.1275014822058,1644,333,0,0
238.1554630584571,1926,257,0,0
238.16362884451283,1253,176,0,0
238.16431586667161,89,178,0,0
238.16559388105495,353,249,0,0
238.1681086547981,1355,584,0,0
238.2129206710419,607,175,0,0
238.21449578945166,733,273,0,0
238.21478344156563,730,101,0,0
238.21577133269636,7780,412,1,0
238.22129436919914,795,291,0,0
238.73384701628464,1369,172,0,0
241.42227846070176,900,277,0,0
241.42916862214992,798,146,0,0
241.5483407633133,172,169,0,0
241.8457991171767,1689,172,0,0
242.08135218836904,934,346,0,0
242.09563820073464,826,229,0,0
242.09697288352967,104,72,0,0
242.10376826741208,1579,383,0,0
242.10420383187133,1050,227,0,0
242.1332859542009,949,609,0,0
242.21872816450818,13,168,0,0
242.2191375374567,1334,478,0,0
242.23540576232435,9,237,0,0
242.26778649675242,446,357,0,0
242.48731762461586,1367,262,0,0
242.77163709190327,1837,166,0,0
242.8612411079525,1261,2590,0,1
242.86581051809225,1506,313,0,0
242.87444839596014,1453,674,0,0
243.07507342595036,8153,39,1,0
243.0804445605223,1473,256,0,0
243.09702720165149,1142,50,0,0
243.50633741287348,602,17,0,0
243.52964118720854,1485,195,0,0
243.53079586532598,1542,338,0,0
243.5407867463895,396,329,0,0
243.60559909745317,1571,230,0,0
243.61793100995607,967,300,0,0
243.80203051663912,718,258,0,0
244.03639355883712,334,218,0,0
244.04130327617375,984,278,0,0
244.0478931542633,60,105,0,0
244.06254020597592,110,369,0,0
244.0641714196612,17,256,0,0
244.1025879899747,688,124,0,0
244.11517163569215,899,47,0,0
244.20194149040933,1828,234,0,0
244.20737532683157,764,74,0,0
244.21048127457237,260,768,0,0
244.92272435298887,632,141,0,0
244.92583303858223,299,767,0,0
244.93142654746129,1419,13,0,0
244.93559638495026,380,322,0,0
244.9454083717125,106,230,0,0
244.9482969363428,998,554,0,0
244.96478900891248,1549,227,0,0
244.9691955918731,1797,109,0,0
244.9770345194168,697,94,0,0
245.0143156843514,641,100,0,0
245.08772228832964,1524,226,0,0
245.13363728317788,1207,90,0,0
245.13777738063476,442,6590,0,1
245.17770950260606,22,47,0,0
245.1918908349095,432,4,0,0
245.20647887000885,481,277,0,0
245.20705473261458,708,336,0,0
245.2761500309274,44,105,0,0
245.28979869270563,984,2820,0,1
245.83731220999354,673,549,0,0
245.90222574136985,1339,426,0,0
245.90416018069575,8021,171,1,0
245.9053202330306,1311,82,0,0
246.0856539574608,849,93,0,0
246.08879046452827,151,105,0,0
246.15973048041934,651,124,0,0
246.16961836760143,737,3020,0,1
247.3822179237574,930,393,0,0
247.40340177424807,225,254,0,0
247.77745520653139,775,184,0,0
248.03757612673004,1347,767,0,0
248.0447521099247,1897,239,0,0
248.05415247944987,25,1970,0,1
248.4090667827775,1533,365,0,0
248.4273687511136,723,35,0,0
248.43059556044764,1197,335,0,0
248.63501356998768,813,382,0,0
251.80837048203716,1355,111,0,0
251.82558672821546,6110,17,1,0
252.13345659008357,339,200,0,0
252.14709844195818,425,171,0,0
252.432859312536,92,26,0,0
252.44468074189808,1585,428,0,0
252.72060088452335,930,325,0,0
252.77791693201803,1750,198,0,0
252.7913691113903,441,586,0,0
252.82269968097572,633,275,0,0
252.82932846429057,1805,22,0,0
252.83139872173058,868,220,0,0
252.83378939376647,1067,604,0,0
252.8515260072923,1032,21,0,0
252.85393265283182,820,1200,0,1
252.9023462140173,893,423,0,0
252.9607484297724,1761,174,0,0
253.01270180759926,4530,282,1,0
253.0202323175137,1370,329,0,0
253.0430961341529,1483,181,0,0
253.06254850635787,812,141,0,0
253.35187634542396,708,18,0,0
253.35596873961248,1123,345,0,0
253.36550900391455,271,321,0,0
253.3784316627095,169,151,0,0
253.3939466528078,769,164,0,0
253.39856256942417,1086,361,0,0
253.40444333267388,10,304,0,0
253.5625210775054,52,388,0,0
253.5683006014988,1062,359,0,0
253.69827173804364,596,507,0,0
254.91586355953035,7763,429,1,0
255.18396093009682,61,206,0,0
255.18451913057407,309,2320,0,1
255.28224776243803,10,105,0,0
255.3364118279631,6530,185,1,0
255.39822416361244,1078,392,0,0
255.39902728514286,479,249,0,0
255.4939715769481,165,99,0,0
255.49632203639013,1245,320,0,0
255.77275444942512,1046,248,0,0
255.94967728393098,13,473,0,0
259.3446607023778,1016,571,0,0
259.35419010168005,1069,344,0,0
259.3551657024129,10,284,0,0
259.52273893693126,1439,311,0,0
259.64078870020967,1078,289,0,0
259.6503300180501,254,296,0,0
259.9622211292823,243,284,0,0
260.04353196936245,1111,543,0,0
260.04508832924546,195,343,0,0
260.0552137563059,345,330,0,0
260.0635904473552,678,139,0,0
260.08000101376723,1096,194,0,0
260.11000127082383,1507,272,0,0
260.1150790969135,1088,195,0,0
260.12883150994276,597,117,0,0
260.19522114051153,558,347,0,0
260.2128242879578,1931,516,0,0
260.2246986993789,24,273,0,0
260.23578073255726,538,4,0,0
260.2524552332035,585,466,0,0
260.2528968158295,1470,211,0,0
260.28097335116706,69,373,0,0
260.2835758207521,1028,331,0,0
260.3087563081598,12,254,0,0
260.30982774176664,1532,381,0,0
260.4386334457689,737,105,0,0
260.4713436119939,1126,264,0,0
260.472708366012,587,754,0,0
260.50543856428044,305,299,0,0
260.5098950002592,212,336,0,0
261.25768069078055,1727,306,0,0
261.3120970988508,7638,554,1,0
261.3162396486002,625,295,0,0
261.3482426816204,106,207,0,0
261.36737566229647,1519,310,0,0
261.5919273990877,544,92,0,0
261.6337389602658,1450,124,0,0
261.69102481657166,29,26,0,0
261.6932162634354,1013,654,0,0
261.79350140473116,1192,79,0,0
263.14987869634757,1382,241,0,0
263.2235517984054,2026,335,0,0
263.2425991217259,1841,607,0,0
263.2712247481495,1782,353,0,0
263.27429212104875,251,455,0,0
263.30424297035273,1599,256,0,0
263.30653818937327,1281,257,0,0
263.32910336903115,797,542,0,0
263.3386122609876,1086,226,0,0
263.34253629825605,350,39,0,0
263.4085716705885,10,78,0,0
263.4096231149957,41,253,0,0
263.428715420027,8032,160,1,0
263.43017749615876,635,434,0,0
264.235632607222,672,236,0,0
265.3121752364523,836,545,0,0
265.4248496418905,846,87,0,0
266.34665379003616,936,572,0,0
266.4145392390606,891,270,0,0
266.47584922941553,318,227,0,0
266.48469384109444,1264,281,0,0
266.48814613631293,1675,101,0,0
266.5148630392812,1286,69,0,0
266.5219497125765,11,109,0,0
266.5305599188019,1615,232,0,0
266.6193801269749,1630,21,0,0
266.635382071389,943,300,0,0
266.6362920037338,19,2480,0,1
266.6496648257541,259,79,0,0
266.65413987712276,1328,201,0,0
266.6655589953134,126,36,0,0
266.66784846011944,504,270,0,0
266.8945772042804,1392,184,0,0
267.81867956538747,1297,20,0,0
267.82090377285806,523,26,0,0
267.8960544190876,1207,247,0,0
267.9639456396723,877,261,0,0
267.9663388960573,996,164,0,0
267.9914536445448,448,245,0,0
268.3362999045876,87,305,0,0
268.4477977497506,31,12,0,0
268.9697217079521,1772,104,0,0
268.97168947534004,1467,158,0,0
268.9762756056125,643,378,0,0
269.01277401604864,7,194,0,0
269.05410249724105,560,120,1,0
269.0754252598888,3139,144,0,0
269.08477372112037,926,195,0,0
269.0936746187299,698,360,0,0
269.099663242795,1589,242,0,0
269.1493347049198,626,65,0,0
269.1494153431324,13,279,0,0
269.641930530745,926,189,0,0
269.6489084787151,113,99,0,0
269.6500537784215,205,76,0,0
269.7094172734576,7884,308,1,0
269.7106173781375,19,776,0,0
269.75370839343583,444,581,0,0
269.7626046467132,59,70,0,0
269.82722558687533,432,50,0,0
269.92317533006275,284,109,0,0
270.18625728276794,1189,356,0,0
270.193574685172,805,12,0,0
270.2045616327737,793,434,0,0
270.22371692950304,315,341,0,0
270.22487409140797,1107,529,0,0
270.28895241144676,1534,771,0,0
270.3142388674509,615,190,0,0
270.3155755719282,1179,109,0,0
270.535036541075,151,47,0,0
270.8342584675925,1563,46,0,0
270.83565543086127,165,585,0,0
270.8967188160058,789,65,0,0
271.13374937929143,1043,980,0,1
271.2378997483572,1720,178,0,0
271.2406258374225,58,229,0,0
271.2418100381515,367,339,0,0
271.25716612210806,996,203,0,0
271.26433006262135,75,283,0,0
271.2833267454365,1696,733,0,0
271.2990210097469,58,648,0,0
271.35432606136743,1676,176,0,0
271.3605956803437,975,512,0,0
271.3744996333149,442,404,0,0
278.6406316915802,1743,406,0,0
278.65542225561705,1653,349,0,0
278.7389684111519,7930,262,1,0
278.77302326906397,682,230,0,0
278.80256572545545,1854,117,0,0
278.8056446558059,241,870,0,1
278.860320825423,1938,340,0,0
278.87748918296273,1362,8,0,0
278.97502273024605,1202,646,0,0
280.12406022980645,255,497,0,0
280.1515161954876,1242,3320,0,1
280.238477146863,42,447,0,0
280.24092424499094,7923,269,1,0
280.2648516116385,1278,226,0,0
280.68626634360976,1021,346,0,0
280.703048155798,780,240,0,0
280.708337110225,12,637,0,0
280.73689864577204,1207,608,0,0
280.7499577174867,1701,108,0,0
280.76163123160813,303,353,0,0
280.7705922069606,562,332,0,0
281.774026809457,599,147,0,0
281.77733240244504,265,1690,0,1
281.7855936017536,86,147,0,0
281.79162133802765,580,138,0,0
282.0168407876674,324,310,0,0
282.0276338547269,141,497,0,0
282.28361509405715,1883,449,0,0
282.30990781873,1534,309,0,0
282.3278896393464,623,74,0,0
282.3289041709617,770,277,0,0
282.541313464217,879,2670,0,1
282.59687663533975,143,13,0,0
282.63920800902486,1130,161,0,0
282.6540951755493,12,173,0,0
282.6622769975993,1646,770,0,0
282.6637674457162,1763,71,0,0
282.7885674658604,647,284,0,0
282.82080372020175,340,618,0,0
282.82998317571327,871,165,0,0
282.83531927980397,1608,176,0,0
282.8590630347651,7894,298,1,0
282.87476096823946,920,769,0,0
283.3780034237081,1537,93,0,0
283.46652249522,263,352,0,0
283.4722392272681,14,456,0,0
283.47430284961086,627,202,0,0
283.486053843329,19,126,0,0
283.4890965912026,817,470,0,0
283.511037138387,961,185,0,0
283.55334468654934,783,173,0,0
283.620709536549,517,84,0,0
283.6641347199061,22,238,0,0
283.6770590661548,21,76,0,0
283.74000275908395,1092,484,0,0
283.7432066173108,91,410,0,0
283.75944218385854,53,147,0,0
283.85599451504544,511,27,0,0
283.88985547201804,943,370,0,0
283.89135477764995,780,768,0,0
283.893247880934,845,66,0,0
283.89400331009284,1547,392,0,0
284.5995483712766,1256,274,0,0
284.6004111760978,6250,392,1,0
284.6149495000379,110,103,0,0
285.3704223805954,1241,331,0,0
285.53600659775145,16,273,0,0
285.8038703157499,1922,146,0,0
285.81096217556484,1378,422,0,0
285.8953786630835,1017,238,0,0
294.40726410370166,4287,365,0,0
294.42518550896807,698,427,0,0
294.4692857603153,1520,90,0,1
294.4795602100542,857,188,0,0
294.4983711189948,713,325,0,0
294.53918014096996,263,32,0,0
294.84887997322585,675,338,0,0
294.85207598202857,1618,302,0,0
294.85318788815306,556,271,0,0
294.8735779014722,579,197,0,0
294.90279960708307,648,104,0,0
295.2289308655697,1276,423,0,0
295.3104132107393,408,164,0,0
295.31597899648654,491,212,0,0
295.3762690991739,1707,101,0,0
295.5572039340481,863,311,0,0
295.59161492690686,439,584,0,0
295.60145376020694,1361,61,0,0
295.6765861218506,1609,176,0,0
295.686129780241,913,271,0,0
295.68659316085143,1813,474,0,0
295.96425698698704,321,215,0,0
295.9657253427056,1366,53,0,0
295.9756301778944,12,104,0,0
295.9858997780823,835,160,0,0
295.9957696843368,44,7600,0,1
296.0066749444077,388,57,0,0
296.007754890047,1608,219,0,0
296.0627699535436,333,299,0,0
296.0830472467356,1268,276,0,0
296.1037846323053,1067,2390,0,1
296.2671303487055,1440,276,0,0
296.43960173563505,727,277,0,0
296.7176796222434,117,41,0,0
297.4908669710943,3181,17,0,0
297.5381144881623,208,18,0,0
297.5389947109067,1672,411,0,0
297.5681988770191,7796,396,1,0
297.5877782882955,1136,386,0,0
297.60968040984375,5112,3080,1,1
297.6154228264522,478,266,0,0
297.6186477326274,1358,111,0,0
297.71247963480573,1838,280,0,0
297.84524179321943,24,204,0,0
297.8472820530293,30,275,0,0
297.9034226012316,57,48,0,0
297.91703078204034,13,282,0,0
297.92581571734377,135,319,0,0
298.0007824050459,17,116,0,0
298.0179948369741,382,296,0,0
298.02428546693324,1599,292,0,0
298.04557411987577,629,35,0,0
298.0459248110767,732,226,0,0
298.0517331373413,685,62,0,0
298.0596010956133,11,80,0,0
298.060756100149,243,96,0,0
298.0876570048193,7,38,0,0
298.11990363160527,638,301,0,0
298.1255336777964,176,56,0,0
298.1388550313546,1638,466,0,0
298.21065154278807,647,163,0,0
298.3659278129542,550,504,0,0
298.369997817577,1955,771,0,0
298.4065962328103,108,416,0,0
298.55417830367685,110,672,0,0
298.5715987573173,8174,18,1,0
298.57554457849335,975,569,0,0
298.5795204307065,1265,461,0,0
298.5891718031563,110,103,0,0
298.5914963126881,700,294,0,0
299.61704843047573,22,232,0,0
299.6228938814343,834,37,0,0
299.6617665297047,1387,23,0,0
299.68804603381255,1014,147,0,0
299.7530759378377,121,11,0,0
299.76147917446383,1199,315,0,0
299.7628288867044,805,190,0,0
300.2421101144528,19,216,0,0
300.25756327662714,3580,3570,1,1
300.28036528334843,573,228,0,0
300.3073042205478,197,16,0,0
300.53232914576313,615,230,0,0
300.61634352838024,1129,319,0,0
300.8051987853647,658,760,0,0
300.8987508343715,473,202,0,0
300.923296754628,409,430,0,0
300.95336260072395,1270,70,0,0
300.95745577989084,715,185,0,0
300.9578305430456,359,142,0,0
300.96904625886845,1814,202,0,0
300.971163658196,1193,313,0,0
304.16868536951756,1263,301,0,0
304.5776773830864,502,271,0,0
304.76582438830604,226,479,0,0
304.77184078864906,1139,354,0,0
305.88336419837145,359,496,0,0
305.8839632459952,447,687,0,0
305.8855778226215,595,37,0,0
305.8893748035302,794,228,0,0
305.8920391167734,772,507,0,0
305.9156332011318,469,170,0,0
305.9423065933871,1647,99,0,0
306.7677702084253,1492,295,0,0
306.900820976701,1024,625,0,0
307.1088637029176,1413,153,0,0
307.15066422467714,9,111,0,0
307.16414863979736,710,389,1,0
307.16873555566,238,311,0,0
307.1696204738809,1311,510,0,0
307.1727994801955,1463,91,0,0
307.1812505886377,328,7,0,0
307.2644846769943,12,293,0,0
307.2651053940779,1637,321,0,0
307.2662829327874,349,143,0,0
307.29436080459993,166,82,0,0
307.2965820845794,1538,330,0,0
307.33198367292925,1138,273,0,0
307.33992835691015,7424,768,1,0
307.3439523772132,488,95,0,0
307.34521061596246,632,270,0,0
307.3602083126275,1561,241,0,0
307.3644221347554,1188,295,0,0
307.3697331484679,121,145,0,0
307.3747915237046,1528,190,0,1
307.4010557988211,298,203,0,0
307.42537610268033,3700,551,1,0
307.425962950267,80,111,0,0
307.43905326475834,633,117,0,0
307.4791108459026,1457,332,0,0
307.6233937255794,99,169,0,0
307.7098298911797,659,249,0,0
307.73726819175505,191,326,0,0
307.739104859976,1612,125,0,0
307.7429737695178,375,218,0,0
307.8553609600661,1588,54,0,0
307.8597914930001,8,265,0,0
308.0003159418632,7749,443,1,0
308.23093961555804,597,258,0,0
308.23309614520014,1474,153,0,0
308.2766536310815,915,54,0,0
308.2910749264809,7626,566,1,0
309.33241068532294,1080,268,0,0
309.4288529153125,2066,369,0,0
309.43535376874144,1182,490,0,0
309.4761043127081,1425,533,0,0
309.4789834329709,28,117,0,0
309.49231170121436,1634,126,0,0
309.51950120731345,237,258,0,0
309.5438284032631,1065,2710,0,1
309.5772228398565,309,513,0,0
309.58016449265665,9,51,0,0
309.58060770456797,310,530,0,0
309.58933995122555,202,343,0,0
309.592368664603,1640,136,0,0
309.59681679551846,366,382,0,0
310.89344735128986,349,440,0,0
311.07812802217114,261,618,0,0
311.09085787614777,5132,3060,1,1
311.09188419792406,1283,62,0,0
311.0932292876032,974,359,0,0
311.13038971476385,262,295,0,0
311.28355994071563,348,197,0,0
311.2936931937538,1122,329,0,0
311.3173358274619,1668,364,0,0
311.34737384176,418,234,0,0
311.4995804162793,391,589,0,0
311.5000001686055,1700,87,0,0
311.52464967379393,925,382,0,0
311.56525560471664,366,425,0,0
311.68592281802023,80,270,0,0
311.7257730507162,1176,152,0,0
311.72776967615107,1706,285,0,0
311.7334201822093,168,23,0,0
311.73427615821976,625,293,0,0
311.76083219806065,982,310,0,0
311.7873435317296,255,278,0,0
311.83756866165504,344,402,0,0
311.84016242093975,1322,618,0,0
311.8420072578786,1365,510,0,0
312.22348380451587,1748,433,0,0
312.24946093254766,1538,3300,0,1
312.84226213439143,460,120,0,0
312.8857177703868,412,449,0,0
312.8866876706334,7847,345,1,0
312.97703720141374,32,164,0,0
313.19042537507676,419,363,0,0
313.19775119722,5130,241,1,0
313.19813544601186,269,397,0,0
313.26639620133267,41,394,0,0
313.2800244822748,6290,537,1,0
313.3114631398442,1130,190,0,0
313.31154686870065,741,344,0,0
313.3565666682881,399,167,0,0
313.3566403368341,197,2630,0,1
313.3598240226539,33,366,0,0
313.4659529962254,278,236,0,0
313.46642248915146,1364,250,0,0
313.4668564707455,1244,259,0,0
313.47419614360246,1682,392,0,0
313.9601785467729,236,240,0,0
314.41693796019257,4800,218,1,0
314.4222836319115,642,101,0,0
314.5554897533625,693,70,0,0
314.6129265136764,295,148,0,0
314.6433378536289,62,76,0,0
314.679995745845,278,264,0,0
314.6842191209732,163,51,0,0
314.77360300311693,551,49,0,0
314.92392633846055,423,316,0,0
318.91842885017724,456,774,0,0
319.0309616218094,66,118,0,0
319.0310947307732,452,68,0,0
319.0327086227905,994,598,0,0
319.0676286880238,485,206,0,0
319.0881813506395,1748,602,0,0
319.08861480588916,1802,42,0,0
319.1021449348766,1492,502,0,0
319.1108806547579,1876,346,0,0
319.1270690532083,293,412,0,0
319.1410587508077,695,27,0,0
319.25370827511966,6,261,0,0
319.5879485118823,1644,430,0,0
319.65806287430706,171,157,0,0
319.66000204172684,293,142,0,0
319.66318082445474,1686,686,0,0
319.66793471027194,1735,266,0,0
319.68390870698914,21,209,0,0
319.6915260109332,775,3770,0,1
319.7004081478024,273,561,0,0
319.70323490028653,1828,84,0,0
319.8226606470737,1171,515,0,0
319.9208812123727,110,53,1,0
320.0416231352742,5,160,0,0
320.0568662619942,871,223,0,0
320.10132711709616,1770,690,0,0
320.10422170620296,2870,83,0,0
320.10658842991927,2910,412,1,0
320.1126240124261,1127,184,0,0
320.1703219226537,173,508,0,0
320.1836255163712,7853,339,1,0
320.1854511640302,1545,763,0,0
320.20705354378913,563,393,0,0
320.2488393884617,1488,25,0,0
320.27370558745025,4160,86,1,0
320.2784395949888,345,317,0,0
320.29886988350717,275,108,0,0
320.3065995247663,506,230,0,0
320.3159672567969,794,144,0,0
320.3309885131838,847,141,0,0
320.4120814167608,529,51,0,0
321.1039734702918,1212,336,0,0
321.50996835940686,979,18,0,0
321.57317053576776,135,15,0,0
321.5812528964238,1562,2280,0,1
321.5909594224768,1796,214,0,0
321.60153784611487,935,304,0,0
321.7818940650283,1429,480,0,0
321.7819655844332,206,233,0,0
321.8121841283681,281,207,0,0
321.8125196306231,227,196,0,0
321.8304252017177,1409,436,0,0
322.0855983188019,1383,215,0,0
322.0885165282879,332,471,0,0
322.0887042333697,1889,454,0,0
322.33025837436054,946,298,0,0
322.69694113230673,256,351,0,0
322.7458523305688,131,172,0,0
322.9680103316474,305,21,0,0
322.9716353983831,261,241,0,0
323.1599440239198,1649,291,0,0
323.70131277566355,577,35,0,0
323.7662363059474,154,740,0,1
323.7978939813619,340,298,0,0
324.03285718841227,530,113,0,0
324.206456068997,1736,224,0,0
324.2104918404776,109,185,0,0
324.48443086837847,219,255,0,0
324.56443606776315,1070,2250,0,1
324.5892211473254,31,357,0,0
324.8339840611822,1348,335,0,0
324.94884902961115,31,416,0,0
325.0290648926499,1142,601,0,0
325.03559978492694,8121,71,1,0
325.1311642931638,387,462,0,0
325.13312994405703,1000,135,0,0
325.14714250325295,1408,401,0,0
325.14775288524856,818,320,0,0
325.1483498295062,629,147,0,0
325.1921205216854,1340,530,0,0
325.20743561539877,465,350,0,0
325.228813587716,1757,204,0,0
325.28776727721447,1487,198,0,0
325.32410366414666,1604,112,0,0
325.3271687744459,1484,163,0,0
325.34806807775584,7,162,0,0
325.3638475811224,1775,155,0,0
325.37022594386394,749,233,0,0
325.3842918712981,774,334,0,0
325.3929805441842,1455,466,0,0
325.3979070726908,1402,2850,0,1
325.4071543681081,1511,550,0,0
325.4360247668043,7,116,0,0
326.5540317838814,354,438,0,0
326.55755328503375,146,113,0,0
326.6088018172178,568,220,0,0
326.6097724517651,428,470,0,0
327.04371055447467,312,325,0,0
327.0529742365483,42,416,0,0
327.07679609485353,1132,273,0,0
327.3090173546846,571,260,0,0
327.4391047562547,97,204,0,0
327.4400178958591,1583,490,0,0
327.4947931211334,747,352,0,0
327.5062440139738,1684,211,0,0
327.56849033013935,2126,124,0,0
327.59296456764304,374,338,0,0
327.67160852562887,300,260,0,0
327.703963362785,1383,338,0,0
327.7176052308123,1541,364,0,0
327.9075646063218,7760,261,1,0
327.9083872427818,1068,7010,0,1
327.9159764876919,1192,767,0,0
327.9186453552202,1057,276,0,0
327.93217805785434,630,211,0,0
327.93981476720893,300,269,0,0
327.9532349032373,142,92,0,0
327.96000134839636,1314,221,0,0
327.96705578161146,436,612,0,0
327.96772929260425,6,264,0,0
327.98446447543245,696,214,0,0
328.01789475547855,969,723,0,0
328.02336950551376,483,191,0,0
328.0282194978998,685,364,0,0
328.03319088710873,1701,355,0,0
328.55168779571767,489,333,0,0
328.57796988952674,272,239,0,0
328.61715635969836,645,290,0,0
328.62705147094096,346,88,0,0
328.6336904759546,325,256,0,0
328.6368038068449,18,27,0,0
329.0311021503268,1506,99,0,0
329.03170384317264,606,212,0,0
329.064581484132,954,114,0,0
329.08177907178384,8062,130,1,0
329.0926013592983,1320,70,0,0
329.0933880164242,1779,3550,0,1
329.094914247576,965,581,0,0
329.2234467363744,1674,560,0,0
329.22795263023687,1093,159,0,0
329.3326472697029,107,185,0,0
329.4015233980126,1520,196,0,0
329.4590138930628,946,329,0,0
329.54176482164536,324,260,0,0
329.5433685306808,325,305,0,0
329.55036029428834,1679,175,0,0
329.62046948107877,49,248,0,0
329.62191450763174,1509,318,0,0
330.1256507550293,79,767,0,0
330.13154263670907,1049,185,0,0
330.14740944793334,1710,643,0,0
330.14973184609624,832,714,0,0
330.1872366804934,650,20,0,0
330.1913955291154,769,413,0,0
330.2025055510034,341,71,0,0
330.2043559581353,66,372,0,0
330.400013463744,770,625,0,0
330.4007025413891,24,40,0,0
330.44518480767186,288,519,0,0
330.4741760144446,23,769,0,0
330.51748891559583,764,362,0,0
330.519832186127,12,9,0,0
330.66247359031723,510,538,0,0
330.78664047857114,442,18,0,0
330.8114695489643,1785,326,0,0
330.8451924025289,1521,102,0,0
330.8583649348492,17,233,0,0
330.9236623971923,1178,383,0,0
330.9271543250039,8,304,0,0
330.9818926881437,954,480,0,0
331.0225632751383,22,102,0,0
331.02363878559964,293,440,0,0
331.0237336555091,1726,234,0,0
331.03800698032154,1152,58,0,0
331.0510693056459,7865,327,1,0
331.2572914664404,1012,444,0,0
331.2775392608799,1763,46,0,0
331.2842068412278,895,767,0,0
331.2853960110065,1463,305,0,0
331.30052064634583,1419,277,0,0
331.3061341580464,362,168,0,0
331.3081227223157,1378,195,0,0
331.3223053652322,15,2700,0,1
331.47173516614,482,524,0,0
331.49345829193425,48,20,0,0
331.4956721283619,1068,367,0,0
331.53039498778355,512,13,0,0
331.5324021398966,12,12,0,0
331.53317126396365,9,6240,0,1
331.58166143082707,542,107,0,0
331.5876637765901,946,255,0,0
331.75499816462985,405,90,0,0
331.78861064275975,1061,17,0,0
331.79220732481735,46,346,0,0
331.8201865654869,290,183,0,0
332.06096622676057,976,117,0,0
332.07333809369214,874,106,0,0
332.0754991363476,1013,431,0,0
332.08030548073606,550,89,1,0
332.0838547092569,787,43,0,0
332.08555513121155,365,363,0,0
332.08691567284836,963,315,0,0
332.12891323438845,1092,72,0,0
332.2948760861047,621,344,0,0
332.30362636138625,85,203,0,0
332.39063581742766,1163,247,0,0
332.5016042842218,12,142,0,0
333.0252284801815,394,30,0,0
333.0376590167729,63,4,0,0
333.0466302173776,690,204,0,0
333.0885326748239,8,76,0,0
333.1104659718261,968,111,0,0
333.14347979636034,2014,262,0,0
333.3847624711152,315,357,0,0
333.3924094475859,126,2840,0,1
333.42023426829235,130,189,1,0
333.42276972461553,754,241,0,0
333.43588764073047,220,117,0,0
333.44058140017745,754,427,0,0
333.44454743714806,13,116,0,0
333.456175516905,993,22,0,0
333.4635626945787,1640,221,0,0
333.50150265327153,1391,51,0,0
333.5915669043955,39,233,0,0
333.59247912571766,704,403,0,0
333.7267110897129,5452,2740,1,1
333.726921254816,849,294,0,0
333.75652074573486,1679,506,0,0
333.83121776681185,491,58,0,0
333.8361285144955,179,145,0,0
333.8475403717166,137,612,0,0
333.85131880058515,1436,198,0,0
333.95934288045584,1166,254,0,0
333.9593745790507,1280,179,0,0
333.96196142767144,245,119,0,0
333.96233631378567,1177,488,0,0
333.9886383266155,696,457,0,0
334.23120809391554,184,282,0,0
334.4267953888604,767,346,0,0
334.49545453237255,96,259,0,0
334.52509987476446,17,112,0,0
334.52899890887653,1405,444,0,0
334.73537044032133,104,39,0,0
334.7981406451618,902,305,0,0
334.8014748717507,47,130,0,0
334.8028710279784,1304,5350,0,1
334.80800305355353,562,432,0,0
334.9650395547565,1361,199,0,0
335.1852476357615,1318,264,0,0
335.64213792088105,1440,158,0,0
335.6459646378027,1382,357,0,0
335.65475045958163,502,256,0,0
335.94140004455244,137,50,0,0
335.96942127822774,960,588,0,0
336.05262521398123,1372,420,0,0
336.0539104696556,1158,298,0,0
336.0625303244858,1085,264,0,0
336.0800141167181,1755,456,0,0
336.0889049423503,59,177,0,0
336.0967933233645,656,97,0,0
336.09748279630736,508,163,0,0
336.56857818559513,10,18,0,0
336.592886607117,296,25,0,0
336.59387294202,731,109,0,0
336.75057706540616,22,74,0,0
336.77143470408686,783,6010,0,1
336.8481803285426,366,358,0,0
336.8606653290891,1867,398,0,0
336.864510898054,189,27,0,0
336.86855861138736,342,193,0,0
336.9053371630487,208,180,0,1
336.9926271269737,16,291,0,0
337.04208391037554,43,132,0,0
337.10974191524156,951,224,0,0
337.3167347079702,8,1340,0,1
337.3499865098066,186,47,0,0
337.48990767003363,1299,307,0,0
337.6626505932154,13,278,0,0
337.6966417137886,678,379,0,0
337.712969090279,35,156,0,0
337.7209661120756,878,464,0,0
337.72269207890076,8049,143,1,0
337.7235446552132,2740,398,0,0
337.9896914828532,1796,482,0,0
338.0085087538665,1959,196,0,0
338.0149743563269,1572,296,0,0
338.4705012381109,990,312,0,0
338.60635187199483,96,7,0,0
338.62834998417674,1482,10,0,0
338.7746676358703,484,465,0,0
338.7880933068816,442,527,0,0
338.8285444980803,685,179,0,0
339.5838519323636,382,113,0,0
339.7488520548821,1909,9,0,0
339.76037312546975,764,604,0,0
339.8403648617521,847,129,0,0
340.0533748364605,89,511,0,0
340.0692757693704,772,150,0,0
340.0780362792317,310,160,0,1
340.9421595548504,1304,5540,0,1
340.9534534177656,1769,306,0,0
340.954920663168,760,369,0,0
340.9825010508685,303,397,0,0
343.01740081172323,1852,105,0,0
343.0920599684481,484,392,0,0
343.2376634332502,133,1000,0,1
343.2379476030494,759,258,0,0
343.2452302856371,1332,120,0,0
343.4940019542347,1708,243,0,0
343.5040504917015,33,402,0,0
343.82028424349636,1515,620,0,0
343.8796729964418,14,149,0,0
343.9306148574561,1219,718,0,0
344.5984580783742,1781,188,0,0
344.606957255279,604,270,0,0
344.6161130459099,195,123,0,0
344.64512255154307,1277,103,0,0
344.6815495844181,1821,194,0,0
344.68233941528536,1462,260,0,0
344.95805334291435,314,1950,0,1
344.9953354477732,66,134,0,0
345.0122860399087,192,730,0,0
345.0941900617671,1689,32,0,0
345.1049056921369,92,334,0,0
345.3699840778382,8,76,0,0
345.3969800826081,7,32,0,0
345.49733942411956,126,174,0,0
345.50136935925826,863,104,0,0
345.51496486699176,701,226,0,0
345.56476146133565,1833,281,0,0
345.5683273534093,177,54,0,0
345.5746274497714,730,1960,0,1
345.5958119251135,105,39,0,0
345.81305533053444,616,182,0,0
345.92045515281177,379,426,0,0
346.0632204891995,772,348,0,0
346.1061069231146,747,304,0,0
346.24785146989575,590,710,1,1
346.7557367707129,7669,523,1,0
346.7883309605373,613,308,0,0
346.8438811326683,241,153,0,0
346.91854560214273,360,346,0,0
346.918969104725,417,690,0,1
346.9379453234385,739,127,0,0
346.9912584369341,5,165,0,0
347.095470106856,122,22,0,0
347.1075892448144,548,65,0,0
347.2692294188598,726,265,0,0
347.27560869118685,1794,135,0,0
347.2917013374431,1104,207,0,0
347.953031414888,1643,421,0,0
347.9545613960463,1253,568,0,0
347.97393615960914,501,383,0,0
347.9907500757315,1357,586,0,0
348.00952406367156,351,341,0,0
348.0172310471241,622,766,0,0
348.0989868062506,473,81,0,0
348.10160174728986,641,182,0,0
348.1031785271444,443,130,0,0
348.1607045262155,1717,456,0,0
348.1627273836146,633,290,0,0
348.2089025426857,1634,623,0,0
348.23160243291574,1559,361,0,0
348.23710382721265,804,212,0,0
348.2479364987228,119,196,0,0
348.2655749460083,209,480,0,0
348.31808037688023,525,210,0,0
348.32410410082525,570,394,0,0
348.33804480480956,419,489,0,0
348.33925063254253,12,341,0,0
348.3513922947997,1436,43,0,0
348.3518444255861,1383,158,0,0
348.3708194740174,1875,178,0,0
348.37914605888506,1083,12,0,0
349.728305315226,1408,103,0,0
349.99532112631954,612,80,0,0
350.01042548038413,423,370,0,0
350.1454389184992,413,420,0,0
350.18105482985317,1587,551,0,0
350.1830843055274,1251,306,0,0
350.1832417786105,35,197,0,0
350.3659357037946,503,41,0,0
350.4091564282839,1617,769,0,0
350.4095534184528,297,170,0,0
350.47989285565217,936,182,0,0
350.6017436243968,7740,72,1,0
350.6067374295256,10,517,0,0
350.7013958565911,1003,479,0,0
350.7020213655269,823,334,0,0
350.7145607445105,1927,237,0,0
350.7353576997437,211,199,0,0
350.82774429214885,1723,307,0,0
350.87057202657286,1911,255,0,0
350.9006461996943,967,344,0,0
350.95911483989255,438,287,0,0
350.9643158728555,351,296,0,0
351.3332107783255,772,129,0,0
351.34291902491333,287,272,0,0
351.4365713260748,659,470,0,0
351.455554487011,1614,362,0,0
351.4672355711383,1037,769,0,0
351.5287869896771,845,520,0,0
351.5753395546393,1156,81,0,0
351.85487766564694,1270,520,0,1
352.01802944936406,1130,120,0,0
352.0241543440763,15,212,0,0
352.0760310260816,870,123,0,0
352.09939794490487,949,161,0,0
352.10327944170257,680,240,0,0
352.10538914583714,130,676,1,0
352.13705906801533,5,200,0,0
352.14358680937016,1565,120,0,0
352.1447750124699,1474,395,0,0
352.1604970120707,1071,506,0,0
352.1900346559831,1064,687,0,0
352.21317963644054,659,44,0,0
352.21488433834594,282,62,0,0
352.2208262996837,1201,228,0,0
352.51284816680203,1113,147,0,0
352.51690354821613,1831,767,0,0
352.52672638790233,32,357,0,0
354.418759394273,572,245,0,0
354.45655228721364,1058,391,0,0
354.46344378696074,34,329,0,0
354.46382849013395,1462,4270,0,1
354.49856082230804,6160,206,1,0
354.499723819863,467,216,0,0
354.51746707736186,1112,399,0,0
354.5207598202825,1135,758,0,0
354.52141448674627,380,611,0,0
355.02685386657373,614,326,0,0
355.04182494637456,648,3440,0,1
355.15794307478853,487,129,0,0
355.23879380015296,25,676,0,0
355.24306811603896,11,790,0,1
355.26503467217935,824,359,0,0
355.274028383085,792,706,0,0
355.40015352694616,541,559,0,0
355.4434805228011,1789,371,0,0
355.4524860686457,4,285,0,0
355.9564832098117,10,32,0,0
356.00801406145956,831,279,0,0
356.0539660668672,1202,552,0,0
356.0577765623697,1490,172,0,0
356.0989319891568,1637,601,0,0
356.0999053065862,1630,415,0,0
356.14577070133834,1759,143,0,0
356.14857371951575,146,307,0,0
356.1748166327628,767,138,0,0
356.18525369300613,13,65,0,0
356.21394155143446,536,3850,0,1
356.2510504018817,452,372,0,0
356.26720754219843,1143,329,0,0
356.28339647559136,346,6,0,0
356.2843188984695,1225,211,0,0
356.28472425771747,927,239,0,0
356.50970850458896,358,275,0,0
356.56658144395385,1708,81,0,0
356.5675180930522,498,278,0,0
357.3891233175533,1397,365,0,0
357.39344679813024,416,768,0,0
357.4435847070753,1262,190,0,0
357.48582244472,1707,228,0,0
357.5082426885452,556,368,0,0
357.56917673536975,399,437,0,0
357.57033278771604,16,257,0,0
357.5871192208971,262,71,0,0
357.59797549155434,1692,519,0,0
357.6194738956271,1546,322,0,0
357.6299019341929,1244,108,0,0
357.6348983745364,1482,716,0,0
357.6390792552932,21,471,0,0
357.74494835750073,1612,137,0,0
357.748258029378,736,2980,0,1
357.7855125339997,1265,135,0,0
357.8218415006618,1316,141,0,0
357.8366774505177,399,100,0,0
357.87875830060955,973,30,0,0
357.93211648625186,732,7,0,0
357.9383412877405,1248,13,0,0
357.9736872084807,595,61,0,0
358.78931543241373,351,252,0,0
358.7914346220004,1506,468,0,0
358.80129016844205,1060,230,1,0
358.80518244025575,1454,346,0,0
359.7612942859474,1933,370,0,0
359.76238548517784,1619,312,0,0
359.7806876535333,156,754,0,0
359.8964027216741,845,606,0,0
359.89958136099403,639,162,0,0
359.9133284584164,436,285,0,0
359.91767297519294,1136,769,0,0
359.91890911483137,739,474,0,0
359.93456378537627,1805,220,0,1
359.9829513280984,1723,607,0,0
359.9910850579175,878,180,0,0
360.0160903962086,476,36,0,0
360.08671987630595,1594,9,0,0
360.282624385991,1330,290,0,1
360.2841520358674,411,465,0,0
360.3454263426735,1595,544,0,0
360.35063512493815,1252,650,0,0
360.3510518507558,1496,254,0,0
360.35485903167205,4176,250,0,0
360.41974903166977,350,124,0,0
360.45304281904805,1679,105,0,0
360.4550559385926,247,596,0,0
360.9014745288379,30,246,0,0
360.9417909045053,1686,559,0,0
360.9575050805388,312,214,0,0
360.96360901594903,1088,14,0,0
361.00511463469087,15,58,0,0
361.01342361991766,610,637,0,0
361.1871695281522,466,248,0,0
361.2208887398491,823,223,0,0
361.2824556866911,1445,659,0,0
361.2922447828776,1636,92,0,0
361.2931892671132,1412,404,0,0
361.3448567994193,281,213,0,0
361.34726405252877,979,140,0,0
361.36185585734836,1421,458,0,0
361.37939638804727,13,56,0,0
361.3831952531465,7692,500,1,0
361.4894786062672,1704,194,0,0
361.4905234647641,9,228,0,0
361.8433481333948,1453,375,0,0
361.8489040806707,902,75,0,0
361.97206144016474,1828,138,0,0
362.20944932161404,377,18,0,0
362.2126846806258,1597,311,0,0
362.21684851801695,966,316,0,0
362.33422973852186,191,81,0,0
362.36039876692155,1156,564,0,0
362.3816607596263,1017,166,0,0
362.38213264932745,1711,277,0,0
362.38281772220336,170,290,0,0
362.435401370702,12,4710,0,1
362.74937890704734,550,442,1,0
362.75377764227454,784,314,0,0
362.7570025179572,1563,113,0,0
362.7843674151434,788,719,0,0
362.8298176093169,263,201,0,0
362.88508185577984,538,511,0,0
362.89259678694043,56,108,0,0
362.89297322613896,1885,305,0,0
363.22110430407855,726,318,0,0
363.2278253256511,1304,56,0,0
363.44742034203455,1042,1570,0,1
363.4477651320815,831,114,0,0
363.4855159914721,870,597,0,0
363.4921955046281,1541,470,0,0
363.49428214593695,1199,310,0,0
363.61855117695404,3580,307,1,0
363.85352801225594,7982,210,1,0
363.8591579153805,787,321,0,0
363.9244209468512,1907,367,0,0
363.9265545263417,1541,260,0,0
363.9318372747796,1730,78,0,0
363.94292257500814,7440,421,1,0
363.95197319753214,15,75,0,0
364.0161346710666,12,130,0,0
364.0177771347674,114,351,0,0
364.14124840856084,692,244,0,0
364.26429085280085,6,240,0,0
364.2760026740644,21,131,0,0
364.27772147898867,445,177,0,0
364.2778822063349,971,20,0,0
364.29380453805203,525,431,0,0
364.29815912263905,427,272,0,0
364.32027243022446,912,207,0,0
364.3224941062344,1633,328,0,0
364.34063453572435,1325,151,0,0
364.3566048946107,1630,374,0,0
364.3750568614386,1015,162,0,0
364.4068549901624,468,82,0,0
364.4390477150317,7342,850,1,1
364.5626016500995,1147,63,0,0
364.566422069406,375,199,0,0
364.6416793697644,220,376,1,0
364.6665041122836,743,600,0,0
364.6743985976246,309,308,0,0
364.6769108443899,1576,227,0,0
365.0019568215571,400,286,0,0
365.0310187317762,939,2640,0,1
365.0375271482211,273,20,0,0
365.05844163466566,1233,303,0,0
365.076731805902,1253,342,0,0
365.08316806605194,794,736,0,0
365.0843503642632,9,176,0,0
365.10890022949854,691,448,0,0
365.12203876889714,18,767,0,0
365.1324219563592,4,363,0,0
365.2597935266994,1538,539,0,0
365.2611461509449,660,59,0,0
365.2638952699468,704,178,0,0
365.2888514676137,1017,274,0,0
365.3833135874005,456,51,0,0
365.44420732031375,217,215,0,0
365.52080552539155,1910,134,0,0
365.5210401669186,394,195,0,0
365.5695588561298,36,410,0,0
365.6110450750313,816,33,0,0
365.68128381630123,235,212,0,0
365.68595706691883,1301,384,0,0
365.7358509949332,439,6,0,0
365.86807995132085,5710,307,1,0
366.30387986256136,1272,312,0,0
366.333997962924,1697,324,0,0
366.33531666035697,464,352,0,0
366.355690045427,374,309,0,0
366.4210836698799,1712,211,0,0
366.47156099382096,557,89,0,0
367.2769144174976,649,24,0,0
367.289236775782,483,142,0,0
367.2916878002382,871,430,0,0
367.29690328914614,34,690,0,0
367.36408317514423,582,530,0,0
367.36784841454596,394,2290,0,1
367.3701899599442,491,22,0,0
367.3737068751973,139,13,0,0
367.5739481973401,818,308,0,0
367.60334907030096,244,3930,0,1
367.61280511917585,696,64,0,0
367.71132671214247,872,33,0,0
367.78286014580215,221,163,0,0
367.78554210560316,1321,73,0,0
367.8806776164355,1308,396,0,0
367.91048869851835,1913,229,0,0
367.91080201683064,286,326,0,0
367.9125708141536,1381,105,0,0
367.94346944558544,401,164,0,0
367.9917188455327,1615,339,0,0
368.0021944053664,338,364,0,0
368.0047656192215,1086,15,0,0
368.0349775165296,1471,504,0,0
368.03547533336535,759,608,0,0
368.09113443163017,7,10,0,0
368.10489755845106,1435,335,0,0
368.12248636435606,396,212,0,0
368.12761401520015,1246,176,0,0
368.2234082060617,1937,250,0,0
368.2235944358304,701,201,0,0
368.226949333942,351,429,0,0
368.28549719228164,247,218,0,0
368.29014830492923,1058,384,0,0
368.62645404980896,918,356,0,0
368.6698510500006,1395,298,0,0
368.6740014737045,1175,209,0,0
368.84246501536387,1751,306,0,0
368.85824464770593,1156,265,0,0
368.91826155258525,9,2870,0,1
368.92390196392273,494,248,0,0
368.9297404287481,668,528,0,0
369.00778389178924,1615,551,0,0
369.0312632868935,1379,120,0,0
369.03559328690056,1010,317,0,0
369.03899791262404,1140,284,0,0
369.1090023451073,1300,190,0,0
369.73916476037687,149,190,0,0
369.7428864159326,1814,531,0,0
369.8177779916287,531,294,0,0
369.8178407362316,224,30,0,0
369.8191091868624,32,543,0,0
369.8939201987963,1812,21,0,0
370.34860674037054,1555,501,0,0
370.37094623838215,791,321,0,0
370.42902910098104,454,14,0,0
370.46207456612365,2270,403,1,0
370.60741374972594,144,110,0,0
370.6097462736806,514,156,0,0
370.6795026170498,1117,153,0,0
370.68793434784214,553,519,0,0
370.6981146218395,1148,27,0,0
370.71782672279795,945,77,0,0
370.7310937238399,1489,280,0,0
370.73546160681553,929,109,0,0
370.7474887354757,236,573,0,0
370.7505641109725,7914,278,1,0
371.12238638764916,307,277,0,0
371.201861917316,584,190,0,0
371.2106808212846,425,132,0,0
371.67280337047,1202,767,0,0
371.92618684612506,34,499,0,0
371.9785840620859,329,768,0,0
371.9855398217941,1120,350,0,0
372.01884010831395,1130,458,0,0
372.0808224160901,291,212,0,0
372.39265184423414,805,768,0,0
372.40668027702054,879,469,0,0
372.41322202550106,1193,2600,0,1
374.27113896253474,1609,170,0,0
374.5820064430351,1127,403,0,0
374.6191850082086,782,95,0,0
374.622438824248,1515,175,0,0
374.67494213444854,1723,108,0,0
374.8576124008835,409,497,0,0
374.94673561387964,1686,726,0,0
375.0489248128572,616,167,0,0
375.07076487463496,24,210,0,0
375.26065057591586,819,277,0,0
375.26673001605906,682,29,0,0
375.2751238164443,725,617,0,0
375.2825712055211,1105,603,0,0
375.28815668931964,1736,241,0,0
376.23199816831874,286,312,0,0
376.2326988381244,814,224,0,0
376.26454029614905,1744,2310,0,1
376.2673774911663,6,368,0,0
376.2690770224718,537,41,0,0
376.29331379277824,392,294,0,0
376.2942080446444,938,211,0,0
376.31074947989373,416,160,0,0
378.1642356785345,300,5,0,0
378.18006830799976,56,11,0,0
378.22883964664044,1007,61,0,0
378.2324998976377,1156,58,0,0
378.28358364197965,763,329,0,0
378.28460688856677,283,605,0,0
378.3131724210954,1894,240,0,0
378.32832985473715,1102,213,0,0
379.75912343049833,1190,251,0,0
379.77535431152774,807,280,0,0
379.784693682099,884,457,0,0
379.7909816245737,1689,552,0,0
379.7927435036073,680,234,0,0
379.879919999603,857,337,0,0
380.2155859385247,84,1900,0,1
380.2245960649688,517,251,0,0
380.30168280496906,1756,264,0,0
380.31097168176535,614,241,0,0
380.3526485795382,264,254,0,0
380.3992464143867,877,5,0,0
380.4003327440079,108,159,0,0
380.40435553575907,804,333,0,0
380.52413866438053,1605,758,0,0
380.52455936847883,694,127,0,0
380.543407971978,351,429,0,0
380.5527737105714,1052,452,0,0
380.5556973830872,33,270,0,0
380.5761495182345,115,606,0,0
380.6102965628903,1698,407,0,0
380.66436363280997,1754,383,0,0
380.66446172727507,23,26,0,0
381.18781856795056,611,173,0,0
381.19494876184444,690,22,0,0
381.34203277337394,144,229,0,0
381.35648946774296,118,265,0,0
381.36226624467673,762,69,0,0
381.3784413651007,1429,498,0,0
391.62754410466806,463,569,0,0
392.04459973488537,282,245,0,0
392.0537843463403,887,231,0,0
392.08263117049586,1816,579,0,0
392.25472624413396,1090,89,0,0
392.31309452004666,553,415,0,0
392.33474737586215,94,302,0,0
392.3473133024807,11,275,0,0
392.3494441456118,1428,148,0,0
392.4312899498971,31,119,0,0
392.59629489212904,1317,348,0,0
394.16871516233823,1004,507,0,0
394.1748411499581,923,19,0,0
394.2417224023317,17,493,0,0
394.25880195759356,1197,495,0,0
394.4830573073784,337,185,0,0
394.4980063949689,1251,120,0,0
394.50299393018753,403,160,0,0
394.5036150767037,1436,334,0,0
394.57954810351947,210,766,0,0
394.6046244187169,1312,111,0,0
394.7765804897508,738,767,0,0
394.7826313005538,16,109,0,0
398.02899405151885,790,376,0,0
398.03340998083047,314,246,0,0
398.08414546056156,856,775,0,0
398.1258409983264,341,424,0,0
398.2911138283404,370,582,0,0
398.3041810701471,1934,377,0,0
398.3070876212301,64,182,0,0
398.30960759367497,747,726,0,0
398.4021009589647,3540,396,1,0
398.4244721045902,454,161,0,0
398.4605337605489,463,279,0,0
398.46408544564906,932,401,0,0
398.4880181801404,115,49,0,0
398.51598532263296,1272,273,0,0
398.5779263828605,344,215,0,0
398.57889646382716,220,154,0,0
398.5827866517253,628,192,0,0
399.1560002827759,618,299,0,0
399.16422340208555,1551,310,0,0
399.1794798212046,1645,335,0,0
399.18761407099856,1349,193,0,0
399.1885183755753,20,571,0,0
399.1906172725495,524,121,0,0
399.2284910608344,1514,24,0,0
399.23319634295905,1387,28,0,0
400.2733484978881,466,312,0,0
400.2742501619232,490,767,0,0
400.27462105048977,335,329,0,0
400.2828603675908,1493,171,0,0
400.28446637566236,16,206,0,0
400.5699481710727,1563,290,0,0
400.5776419007277,1074,234,0,0
400.62832346407424,113,99,0,0
400.6293807984348,5040,329,1,0
400.6970244786089,1185,1540,0,1
400.76109717652673,16,356,0,0
400.97373775237725,24,334,0,0
401.00137144810776,795,135,0,0
401.05136674295426,1481,1260,0,1
401.0761906853007,347,188,0,0
401.18904424105943,359,1630,0,1
401.1968224673156,661,134,0,0
401.24955694067285,1567,208,0,0
401.2552378089998,774,67,0,0
401.3280561940344,3040,6,0,0
401.3382347240762,205,189,0,0
401.34306321309174,1189,190,0,0
401.34761947327064,391,242,0,0
401.6830355514957,8028,164,1,0
401.6838197882882,313,368,0,0
401.6847312125637,394,145,0,0
401.74795371316907,311,149,0,0
401.7503656526207,360,470,0,0
401.7573240629225,633,87,0,0
401.76391186010835,220,221,1,0
403.4522386625447,66,404,0,0
403.45683953687984,250,770,0,0
403.46101053364356,17,181,0,0
403.4691295264543,911,767,0,0
403.49725544459335,1538,163,0,0
403.5454660282769,945,769,0,0
403.54640104558547,447,275,0,0
403.58977727144793,1580,284,0,0
404.47447318313203,1112,524,0,0
404.4749721693811,8,107,0,0
404.5313562476354,7,202,0,0
404.61442228424124,411,442,0,0
404.63872235303023,1110,197,0,0
404.6507806678622,698,114,0,0
404.65094126677826,678,262,0,0
404.84759834899694,940,272,0,0
404.85692477408327,324,83,0,0
404.86873865383905,1521,880,0,1
405.07653855808417,46,10,0,0
405.0767039829022,1762,384,0,0
405.09227213613764,576,334,0,0
405.1510485477754,518,619,0,0
405.2263684118154,1518,383,0,0
405.286724086037,368,458,0,0
406.341885211846,1127,258,0,0
406.3733972098957,887,84,0,0
406.5105041528789,1212,519,0,0
406.5943686528833,341,108,0,0
406.5952950588755,355,366,0,0
406.59915396043107,1115,100,0,0
407.75660825129455,1054,299,0,0
407.76704018512834,1165,406,0,0
407.78278440308367,1412,2250,0,1
407.7840760338384,1396,62,0,0
407.7931401134365,7370,530,1,0
407.7944424992557,811,69,0,0
407.79977010189293,1187,58,0,0
407.8542727638428,800,507,0,0
407.85769018013315,1553,190,0,0
407.86295849003574,7,256,0,0
408.124654585799,1402,84,0,0
408.17081212009197,305,14,0,0
408.22138681671515,23,225,0,0
408.35306898843317,250,448,0,0
408.359052693057,36,6090,0,1
408.36730490087814,1653,271,0,0
408.36759842009894,1183,559,0,0
408.44572015647043,1307,381,0,0
408.45762612637526,60,623,0,0
408.47548882606173,864,61,0,0
408.4775254612188,11,232,0,0
408.5397685757461,1264,3580,0,1
408.60285092495343,1076,385,0,0
408.6287582742869,778,4740,0,1
408.6295090156344,105,143,0,0
408.63285090800156,1559,106,0,0
408.64967165833156,13,227,0,0
408.6530500622539,1151,188,0,0
408.6920589440204,282,139,0,0
408.8268536978449,1555,317,0,0
408.830832837349,1539,538,0,0
408.84337890438565,1067,296,0,0
408.84795831956086,1775,287,0,0
408.98978431135436,591,270,0,0
409.09819840590785,1244,597,0,0
412.7981029590666,635,15,0,0
412.8164063574348,31,54,0,0
412.81919294754397,723,89,0,0
412.8601325077528,15,296,0,0
412.87146947175864,1686,196,0,0
412.89792102388884,31,284,0,0
413.1151457708191,848,760,0,0
413.1253592558591,580,61,0,0
413.2020237275688,387,558,0,0
413.20228579792695,1383,315,0,0
413.35237985987555,532,270,0,0
413.37605371085823,500,308,1,0
413.38727513454114,1306,11,0,0
413.39394064090413,973,453,0,0
413.70238007240255,251,47,0,0
413.70897579561074,1046,471,0,0
413.93861086807095,934,157,0,0
413.94521408094687,153,7,0,0
413.965202275993,1141,232,0,0
414.0023496630517,3285,3670,0,1
415.0507673098478,647,771,0,0
415.08091193687335,77,203,0,0
415.1103490204109,1461,77,0,0
415.12641231406343,205,80,0,0
415.13647595119846,1387,194,0,0
415.1419512245978,365,1510,0,1
415.8279667685227,508,77,0,0
416.17690922099825,1093,168,0,0
416.18157980731945,1547,661,0,0
416.20708476676447,84,24,0,0
416.208843397334,820,329,0,0
416.33053744662175,56,465,0,0
416.4038057885723,372,296,0,0
416.4270498572668,496,346,0,0
416.4307454474547,914,187,0,0
416.5167017109064,334,397,0,0
416.58055644721907,676,189,0,0
416.5935496549608,1135,683,0,0
416.67482423912236,1887,247,0,0
416.6760893156561,1676,460,0,1
416.6817061097658,3710,108,1,0
416.68448013664806,1818,288,0,0
416.70782438008206,923,199,0,0
417.2299475348416,696,231,0,0
417.25041354998325,204,302,0,0
417.430878698155,110,75,0,0
417.4483014401042,1170,373,0,0
417.4565296558899,7639,553,1,0
417.5970462924945,564,223,0,0
417.6518362176877,1872,462,0,0
417.9677388952521,246,236,0,0
418.097372806847,405,266,0,0
418.1010074093054,8083,109,1,0
418.101120370733,486,167,0,0
418.1253655140554,62,42,0,0
418.12711576187314,957,135,0,0
418.1282134866241,316,350,0,0
418.12916402790603,1019,322,0,0
418.13425703578133,2860,272,1,0
418.1465589043647,754,245,0,0
418.1650927155498,246,210,0,0
419.2590710678183,734,423,0,0
419.2606923140956,496,509,0,0
419.2786181749298,1824,3760,0,1
419.2801379523542,939,345,0,0
419.28263648256535,348,313,0,0
419.30352193107655,1450,267,0,0
419.3457157576407,760,281,0,0
419.34711203486194,1408,252,0,0
419.5269806785788,879,297,0,0
419.52982010006696,488,116,0,0
419.65379378360836,1774,149,0,0
419.67021728755077,627,20,0,0
419.7818110249014,1760,144,0,0
419.83839186250253,366,265,0,0
419.84865955387716,58,233,0,0
419.8960238680115,1822,578,0,0
419.89726510634165,1149,469,0,0
419.89861572103274,3600,15,1,0
419.90753631667064,26,481,0,0
420.19048436790746,484,524,0,0
420.1945638991455,262,81,0,0
420.20005074688333,1452,108,0,0
420.7073766062992,8011,181,1,0
420.7271766056202,1068,418,0,0
420.7453567985759,1587,140,0,0
420.7475793111404,1938,50,0,0
420.7680663776883,327,478,0,0
420.8275122937766,1704,445,0,0
420.84373417631286,302,2050,0,1
420.92741148998545,1169,212,0,0
420.9624188986303,945,767,0,0
421.1105841576833,1941,292,0,0
421.2053112514259,82,638,0,0
421.21919770393873,85,543,0,0
421.3224061749861,722,366,0,0
421.9926585058552,1423,49,0,0
422.02594623781806,543,1750,0,1
422.0275244274809,144,767,0,0
422.0540838476886,789,237,0,0
422.0662471472552,7860,332,1,0
425.29261146087606,1064,690,0,1
425.37445773835606,883,508,0,0
425.3764321866404,605,185,0,0
425.3888065137029,1388,476,0,0
425.7238115887084,244,31,0,0
425.72557222536796,233,166,0,0
425.7322820250959,231,118,0,0
425.75023750332707,469,329,0,0
425.7635263831264,5410,299,1,0
425.76897640588874,19,238,0,0
425.7921285790761,1479,548,0,0
425.7931863053083,512,13,0,0
425.79876240299296,731,539,0,0
425.80411065607944,682,384,0,0
425.8137874554748,1464,766,0,0
425.8234863883748,6,248,0,0
425.84098409450087,1270,128,0,0
425.84973699685935,825,293,0,0
425.85733466187565,841,890,0,1
425.8933271577004,1065,367,0,0
425.9988749663202,344,249,0,0
426.1181952087438,40,392,0,0
426.11993268204395,1103,87,0,0
426.1484360249006,892,226,0,0
426.22579692336393,1306,95,0,0
426.2359776544681,1537,775,0,0
426.28012787440895,549,21,0,0
426.2912931599197,1077,217,0,0
426.3280879110716,388,397,0,0
426.3289112705032,7758,434,1,0
426.3724157301006,968,298,0,0
426.37900634703567,2730,406,1,0
426.3829759579577,1090,167,0,0
426.39246196875575,1589,325,0,0
426.51643925330853,1227,172,0,0
426.6301247868093,1402,541,0,0
426.658449997639,1581,768,0,0
426.7554073651546,1003,246,0,0
426.7630344498589,884,368,0,0
426.7644616107851,92,33,0,0
426.76487374135456,4150,443,1,0
426.7810101873281,360,61,0,0
426.7938152053054,1471,474,0,0
426.8122537871127,1531,93,0,0
426.8318781777388,843,434,0,0
427.0277899202713,303,1980,0,1
427.03050989204786,463,135,0,0
427.03415218660666,620,88,0,0
427.8249317374986,1782,176,0,0
427.9045428737091,490,239,0,0
427.91389693107436,1671,368,0,0
427.91418702098605,1450,620,0,0
427.9173027375619,379,179,0,0
427.9256019040516,236,72,0,0
427.93999558674716,8022,170,1,0
427.9648530866946,1638,384,0,0
427.97563420922006,1013,220,0,0
428.1437275014839,1376,19,0,0
428.145307593994,1133,703,0,0
428.1549062541731,1036,127,0,0
428.15925432027865,836,284,0,0
428.2386403969859,1026,101,0,0
428.26267386644463,355,20,0,0
428.3443133799949,105,35,0,0
428.363983754972,652,174,0,0
458.94495295409627,493,192,0,0
459.01617484160334,989,262,0,0
459.01991538971726,30,111,0,0
459.0365833410994,1026,293,0,0
459.04413879428967,31,316,0,0
459.12092172855336,866,208,0,0
459.2385970300464,829,2540,0,1
459.2749975287517,349,243,0,0
459.2868443553181,1048,295,0,0
459.29132008205534,227,382,0,0
459.7134574212444,460,282,0,0
459.8733118372103,14,25,0,0
459.8733608565094,526,260,0,0
459.89305308220383,466,41,0,0
459.8962709547494,1332,466,0,0
459.9044191126476,339,415,0,0
460.41614138291914,944,134,0,0
460.4179398235253,197,149,0,0
460.4201084651672,238,163,0,0
462.7797067078727,290,200,0,0
462.7864624526752,1764,382,0,0
462.79740978426014,297,282,0,0
462.9707288267723,1202,247,0,0
462.977102234651,1609,4,0,0
462.9961440265105,416,160,0,0
463.0251943680465,4,104,0,0
463.32327656954254,506,213,0,0
463.32398166794843,1842,467,0,0
463.3273575761966,560,28,0,0
463.34122043538304,899,407,0,0
463.45214385423344,1604,54,0,0
463.45712012405244,10,310,0,0
463.50252329551483,285,402,0,0
463.5089758533856,664,146,0,0
463.51716552638436,1829,342,0,0
463.7478366269499,1019,226,0,0
463.7590946393425,1479,274,0,0
470.50070739739215,673,698,0,0
470.5377252958179,1797,170,0,0
470.70921991945517,507,382,0,0
470.7888134296198,1242,384,0,0
470.78961664134306,8,514,0,0
470.79044559787775,577,171,0,0
470.83825410688104,1630,129,0,0
470.8402304747219,113,124,0,0
470.84626488047326,702,766,0,0
470.85547049908206,2140,102,1,0
470.8583538544547,1679,160,0,0
471.05071756596146,1365,102,0,0
471.1364262407644,801,272,0,0
471.16202155153735,13,41,0,0
471.2174607988674,473,265,0,0
471.22040312491254,85,121,0,0
471.32412342933407,1911,524,0,0
471.3274157148432,830,258,0,0
471.73685203267,539,195,0,0
471.74159705691346,46,443,0,0
471.7475461022021,596,230,0,0
471.93290212240765,1546,345,0,0
471.9990149795871,720,21,0,0
472.00168783413204,1850,16,0,0
472.0620550280613,998,81,0,0
472.0800773060897,1810,542,0,0
472.0987970654019,1683,216,0,0
472.16116189306985,16,199,0,0
472.22324719590597,294,576,0,0
472.3621808098512,1017,395,0,0
472.4097369437705,674,241,0,0
472.4445894262298,7899,293,1,0
472.45940481597773,1666,478,0,0
472.8214230808649,7886,306,1,0
472.8252416967731,223,221,0,0
473.6565717088371,1370,25,0,0
475.08658917236437,1813,300,0,0
476.4788621715113,674,277,0,0
476.4926810013689,451,415,0,0
477.7204794396958,437,23,0,0
477.90203329926334,1184,11,0,0
478.05810144287625,61,266,0,0
491.3417260448975,854,493,0,0
491.36894597492227,818,38,0,0
491.4266398172499,1084,119,0,0
491.42812433506606,1214,359,0,0
491.4283401203181,1800,501,0,0
491.46112432820166,571,75,0,0
491.50461501141956,7464,728,1,0
491.5802228394563,19,4510,0,1
491.61410345374566,602,587,0,0
491.6144464804881,151,102,0,0
491.65347556149396,7952,240,1,0
491.8276895753302,828,203,0,0
492.25600796378296,67,657,0,0
492.2587679564865,15,391,0,0
492.2618566523166,235,2620,0,1
492.2664335206779,106,678,0,0
492.27153492763966,531,196,0,0
492.27224965075936,1502,192,0,0
492.27689253985733,1756,206,0,0
492.71076235880025,851,369,0,0
492.71294596227176,733,228,0,0
492.7133764188974,556,343,0,0
492.7237959208312,8092,100,1,0
492.73036641805857,1096,244,0,0
492.80078421840136,1513,339,0,0
492.8048630082226,365,241,0,0
492.81740690262575,1350,207,0,0
492.82075818742646,1375,419,0,0
492.8233218350932,905,400,0,0
492.861022355531,638,86,0,0
492.88397222550776,955,414,0,0
492.900087043305,775,287,0,0
492.9506968696441,25,641,0,0
492.9541265539705,431,425,0,0
492.97276515615386,399,32,0,0
492.9997540057877,583,231,0,0
493.1909491916086,1670,236,0,0
493.1913533851603,1295,349,0,0
493.2001885746781,988,267,0,0
493.2441077436505,1033,223,0,0
493.24972322760385,1425,523,0,0
493.27115939244385,390,288,0,0
493.34172930439644,623,277,0,0
493.3883775193828,1693,338,0,0
493.38894056900494,279,298,0,0
493.390531697647,703,770,0,0
493.3905940558824,979,278,0,0
493.4565777648417,1106,349,0,0
493.4837920074997,1286,430,0,0
493.74854983298604,1292,1560,0,1
493.7683300106296,548,171,0,0
493.77013045333507,1452,336,0,0
493.92309006818044,1698,407,0,0
493.9243542502568,1278,768,0,0
493.9420672592462,1081,237,0,0
493.9538252216707,7826,366,1,0
494.0383943522364,44,522,0,0
494.1489719736214,1564,289,0,0
494.15658830634817,1206,347,0,0
494.16068603663,35,266,0,0
494.176813141438,1092,406,0,0
494.1824012240782,846,162,0,0
494.3024611044229,400,117,0,0
494.34051858095677,459,249,0,0
494.63336160120036,820,284,0,0
497.9926575837818,1815,78,0,0
497.99579751852406,521,298,0,0
498.0011311402152,1429,498,0,0
498.04779834594484,1411,292,0,0
498.08781654975337,10,48,0,0
498.096731695574,7490,314,1,0
498.0973009806465,13,220,0,0
501.0476142916548,1857,238,0,0
501.06876721075474,828,455,0,0
501.07047379727595,222,308,0,0
501.0706173276958,1122,183,0,0
501.3691255508308,220,19,1,0
501.4037784254485,899,285,0,0
501.4217683446524,320,131,0,0
501.4239798668292,1121,169,0,0
501.43846836528877,10,278,0,0
501.44662070605546,1345,527,0,0
501.4467379919171,1599,277,0,0
505.3282374541642,925,30,0,0
505.37140389019333,7941,251,1,0
505.380338938423,616,206,0,0
505.38288307179727,393,205,0,0
505.38814801281166,1146,310,0,0
507.73191799580894,349,243,0,0
507.7713076867193,1080,230,0,0
507.77251690260687,618,279,0,0
507.87934871463426,44,458,0,0
507.9277816740895,552,28,0,0
507.97910466252677,925,169,0,0
507.9927148519249,567,511,0,0
508.00532729474884,697,172,0,0
508.032650341182,948,497,0,0
508.04425827194524,7985,207,1,0
508.0452887852557,329,215,0,0
508.04764028864497,1255,672,0,0
508.06565218234823,284,489,0,0
508.06635435999067,18,25,0,0
508.07983099494976,466,227,0,0
508.0891375486627,22,275,0,0
508.1666800316933,948,1090,0,1
508.1911614200203,1245,98,0,0
508.2008450424032,1673,251,0,0
508.2105657987781,862,283,0,0
508.252764299053,1213,264,0,0
508.37000933602496,1527,51,0,0
508.3720355845207,702,82,0,0
508.3728369058949,200,141,0,0
508.37675809286156,1353,22,0,0
508.37692503554194,767,311,0,0
508.38054104676775,108,94,0,0
508.47528291543796,86,329,0,0
508.603033660015,237,231,0,0
508.99508720676306,1934,541,0,0
509.0152770344841,2402,5790,1,1
509.0394599179278,1703,65,0,0
509.04481276329216,1427,46,0,0
509.05096127705394,1695,214,0,0
509.08252285262563,1294,767,0,0
509.1934868737507,216,395,0,0
509.23540369574704,1061,7,0,0
509.2356977075878,1162,237,0,0
509.2835455015457,1237,187,0,0
509.30125242845463,1206,293,0,0
509.3065752058146,453,26,0,0
509.3299193508326,1589,220,0,0
509.4374728817762,1226,283,0,0
509.4607705989567,1072,1270,0,1
509.4648275191424,116,550,0,0
524.6367775649356,275,112,0,0
524.6416559967063,296,283,0,0
524.6861914980807,874,333,0,0
524.9079879561705,30,49,0,0
524.9110494467074,251,75,0,0
524.9638904697855,88,41,0,0
524.9670286498686,23,172,0,0
524.9772067042727,166,114,0,0
524.9809662526355,71,291,0,0
525.588050777836,8014,178,1,0
525.589131811701,1091,149,0,0
525.6383494078634,21,370,0,0
525.6570281937195,870,161,0,0
525.6573461666353,718,25,0,0
526.2314333874012,929,258,0,0
526.2369387604973,1107,723,0,0
526.247172377369,458,245,0,0
526.2740440856494,301,76,0,0
526.2768262101482,1593,383,0,0
526.2804539409759,1288,280,0,0
526.2965361865749,180,31,0,0
526.2994740296805,641,153,0,0
526.3205948978076,803,334,0,0
526.543772788861,1961,234,0,0
526.5460099922701,1251,532,0,0
526.5467195333209,1630,2980,0,1
526.5599722091002,320,511,0,0
526.5988524409502,840,151,0,0
526.6656775173933,641,474,0,0
526.6675736533671,869,516,0,0
526.6677232729804,1500,306,0,0
526.7694208481422,152,70,0,0
526.8420971132119,348,309,0,0
527.2062597126583,1883,161,0,0
527.2087308377976,1614,60,0,0
527.2624733408545,1565,260,0,0
527.3939859885278,13,407,0,0
527.3944117402056,14,2000,0,1
527.5393548401772,740,222,1,0
527.8471413791102,1220,316,0,0
527.9027137958252,1492,257,0,0
527.9538443424296,665,327,0,0
528.0307067771976,793,295,0,0
528.0409287507974,841,724,0,0
528.0418835922941,1668,483,0,0
528.0445680061501,974,12,0,0
528.056626569271,31,303,0,0
528.059754464939,1742,549,0,0
528.1954080805771,858,606,0,0
528.2029882122692,854,160,0,1
528.2167288579509,1120,166,0,0
528.2172192553169,75,88,0,0
528.2554435649674,689,201,0,0
528.2596253515478,1377,151,0,0
528.6176202509281,990,342,0,0
528.6181609618747,337,295,0,0
528.6512139725464,1727,546,0,0
528.6588411223803,1143,248,0,0
528.6671557936997,303,237,0,0
529.1933868423595,622,178,0,0
529.311561510173,1133,214,0,0
529.3146770009841,811,234,0,0
529.5983005246053,16,331,0,0
529.6029530806402,341,233,0,0
529.6881553636039,15,3840,0,1
529.6886830977271,396,121,0,0
529.6977006644237,13,62,0,0
529.7073297415977,407,393,0,0
529.7162315310117,620,171,1,0
529.7169405016537,1113,237,0,0
529.7173242921095,762,340,0,0
529.7339911223158,4400,110,1,0
529.7922602679575,1429,107,0,0
529.8107310897946,685,277,0,0
529.8194402410032,140,54,0,0
529.8202811715915,2140,624,0,0
529.830341242171,226,295,0,0
529.835994430869,768,219,0,0
529.840078749675,522,7670,0,1
529.8647495656614,1022,233,0,0
529.8891976363346,625,228,0,0
529.9278595147592,52,150,0,0
529.938204152736,880,430,0,0
529.9414603114044,1419,177,0,0
529.9530992800052,59,3000,0,1
529.962369221156,624,130,0,1
529.9630132726533,772,333,0,0
529.9715954768099,26,469,0,0
529.9722140728588,161,109,0,0
529.9725450826078,355,365,0,0
529.9758537192064,4530,401,1,0
529.980596864696,1678,243,0,0
530.049895987615,659,164,0,0
530.0591432422748,603,38,0,0
530.1087351277683,654,514,0,0
530.4175220263121,1223,183,0,0
530.439366342289,24,316,0,0
530.4761015318959,862,242,0,0
530.4804046914646,1418,463,0,0
530.5692440298637,5,303,0,0
530.5885380328035,608,497,0,0
530.6080990208626,1355,423,0,0
530.6098948832122,1471,255,0,0
530.6125309652107,224,423,0,0
530.6169899377774,880,110,0,0
530.6381027381929,1927,89,0,0
530.7901527506914,835,398,0,0
530.7909803548706,31,31,0,0
530.7992211938397,18,690,0,0
530.8084351364586,660,402,0,0
532.438812002186,1866,274,0,0
532.4502717184697,769,768,0,0
532.4561059050127,3500,23,1,0
532.531961214283,91,83,0,0
532.5338152457342,766,381,0,0
532.5841935260355,1304,419,0,0
532.5847908537423,1802,512,0,0
533.5609055382924,1798,391,0,0
533.5764581160678,1487,528,0,0
533.5836905359706,1573,1770,0,1
533.5849177814758,1613,546,0,0
533.5974893311237,1592,45,0,0
533.6175791097884,339,3280,0,1
533.6215242634722,1308,11,0,0
533.8064009434476,1280,133,0,0
533.8152236511705,127,65,0,0
533.8357740602403,7810,25,1,0
533.8658993126957,644,173,0,0
534.1253362502802,602,491,0,0
534.1332887999828,1163,347,0,0
534.152966054591,1900,390,0,0
534.18378459373,126,3350,0,1
534.2422680549229,892,7300,0,1
534.2427048138271,1762,458,0,0
534.4143297870099,650,92,0,0
534.4278147978087,418,80,0,0
534.4318792167086,932,433,0,0
534.4481154639317,1401,181,0,0
534.4484849089733,548,48,0,0
534.4522083376511,54,15,0,0
534.477418145209,165,32,0,0
534.7402643624757,1493,725,0,0
534.7549828229253,473,114,0,0
534.7933561761578,1485,114,0,0
534.8030128765582,1070,45,0,0
534.9006333300268,232,320,0,0
534.9084709233356,1525,405,0,0
534.952300191599,597,226,0,0
534.9612306670216,1581,163,0,0
534.963749754069,473,72,0,0
534.966144934928,312,35,0,0
534.9709548665645,306,123,0,0
535.1491760679304,174,666,0,0
545.5520438444682,55,442,0,0
545.5637683265056,1201,370,0,0
545.5677794074663,380,367,0,0
545.61874584158,1643,7,0,0
545.6655439649962,1222,85,0,0
545.6716414204195,7862,330,1,0
546.4956712680616,865,325,0,0
546.5977174519272,998,302,0,0
546.7149046698321,1190,351,0,0
546.7351430222941,850,29,0,0
546.7582821413729,1589,767,0,0
546.8836222652463,910,319,0,0
546.8847233425821,808,165,0,0
546.888292230843,1198,427,0,0
546.9097007348489,7665,527,1,0
546.9106582039074,733,299,0,0
547.3928129549078,1365,257,0,0
547.3979816774606,1018,243,0,0
547.4056045613634,1709,104,0,0
547.4400828795622,12,275,0,0
547.8089180844684,7839,353,1,0
547.8254699991954,750,27,0,0
547.8293503948679,929,395,0,0
547.8321362364024,403,71,0,0
547.8608697882734,202,104,0,0
547.8665257570248,1357,326,0,0
549.9513314993251,195,343,0,0
550.175226740894,1074,457,0,0
550.1752586409107,1124,401,0,0
550.1780689845317,808,544,0,0
550.2146432102695,1690,767,0,0
552.0638202997011,1123,2600,0,1
552.064138220688,1050,23,0,0
552.0715786687036,938,466,0,0
552.2725604546031,1080,220,0,0
552.2770683732676,16,165,0,0
552.2978828883585,35,370,0,0
552.3045146808582,533,203,0,0
552.373643490536,940,255,0,0
552.3756460077315,1208,157,0,0
552.3945392273273,435,245,0,0
552.3955219802023,193,256,0,0
552.5228861469901,695,74,0,0
552.5834326357998,43,200,0,0
552.6002093769652,1500,31,0,0
552.6196394573319,1413,277,0,0
552.6386995654402,163,22,0,0
552.6473203975538,1644,59,0,0
552.6720220953275,858,288,0,0
552.7096067989116,965,104,0,0
552.7253317477971,82,416,0,0
552.7308262867285,420,41,0,0
552.7388286478358,1274,308,0,0
552.7460411107462,301,143,0,0
552.7907958892007,1819,210,0,0
552.8153737068297,1127,543,0,0
553.7487579157736,776,301,0,0
553.7615187010065,1776,390,0,0
553.7825021373409,27,338,0,0
553.7876284433668,124,133,0,0
553.8097211809229,7936,256,1,0
553.8171361957579,515,154,0,0
553.8203729266592,760,626,0,0
553.8453002740694,1495,669,0,0
554.2803335537978,358,222,0,0
554.2835301592723,7753,439,1,0
554.2884345383562,6,110,0,0
554.3051032950989,630,91,0,0
554.3350555785668,194,176,0,0
554.5780166909964,714,361,0,0
554.5829495745311,410,4550,0,1
554.5965655996703,423,222,0,0
554.6002195938489,92,409,0,0
554.6033230223936,810,129,0,0
554.6102391704591,1285,326,0,0
554.6121450998052,278,102,0,0
554.655368535528,1691,375,0,0
554.7998584917917,1106,374,0,0
554.8061056664847,744,77,0,0
554.8103950197723,934,218,0,0
555.0562799500558,1022,618,0,0
555.067589851935,1654,197,0,0
555.4058018586109,882,106,0,0
555.4058547855885,120,52,0,0
555.4182479347363,4810,112,1,0
555.4204986672072,803,340,0,0
555.4264164541534,759,66,0,0
555.5126578892384,1617,118,0,0
555.662009383326,1476,120,0,0
555.674131778727,969,2980,0,1
555.7857041305544,1624,352,0,0
555.7875273194197,656,1640,0,1
555.8169948465303,1078,724,0,0
555.8295604046588,874,5880,0,1
555.8301305926198,1119,200,0,0
555.9341072552537,1303,460,0,0
555.9385696153073,1690,47,0,0
555.9792524788369,1250,646,0,0
555.9829592641696,1760,397,0,0
556.007297876432,1352,301,0,0
556.0658144831285,765,180,0,0
556.0828911534987,915,577,0,0
556.0895071138656,1302,229,0,0
556.147222170892,169,288,0,0
556.1735259037399,1394,125,0,0
556.1809697304914,304,362,0,0
556.1998202344737,41,236,0,0
556.2145089523435,11,771,0,0
556.2232717031269,1311,405,0,0
556.3285096350784,206,243,0,0
556.8900260673345,1537,767,0,0
556.8962834353704,720,524,0,0
556.9100190222796,844,233,0,0
556.9126783776475,130,730,0,1
556.9138955226597,936,286,0,0
557.0824175582642,187,143,0,0
557.0869803146236,7,234,0,0
557.1214227762406,692,290,0,0
557.1225860870916,22,201,0,0
557.1274584376177,48,238,0,0
557.1724744345489,118,438,0,0
557.2176210502275,1135,410,0,0
557.2455326369292,1834,2490,0,1
557.2850653908914,506,31,0,0
557.3120433234952,141,24,0,0
557.4418492966616,288,37,0,0
557.9635445524016,974,578,0,0
558.0174805792686,516,469,0,0
558.0314535303781,1606,220,0,0
558.0336917218334,1823,331,0,0
558.0402982233288,395,155,0,0
558.0494360818005,1231,114,0,0
558.3601473119868,325,72,0,0
558.3609377112114,1505,163,0,0
558.3644851695783,340,2930,0,1
558.3667052078845,20,454,0,0
558.4650936871841,1172,330,0,0
558.4694224186555,1597,363,0,0
558.4698645394899,1368,641,0,0
558.4701493323148,386,257,0,0
558.502111862111,133,766,0,0
558.5027690704162,1583,485,0,0
558.6574288993689,729,205,0,0
558.8006778745622,205,288,0,0
558.8024436628291,5,108,0,0
558.8110632310639,825,442,0,0
558.8287397696104,1417,213,0,0
558.8295915783316,1350,633,0,0
558.8310168283755,1261,2680,0,1
558.8357367724775,1912,500,0,0
558.8512446511514,161,108,0,0
558.8800617493582,715,180,0,0
558.8804504553084,1130,1900,0,1
558.9072262275615,870,406,0,0
558.9203697023062,2110,317,1,0
558.9300949606926,1043,185,0,0
558.9366605853132,680,19,0,0
559.0653887199126,8188,4,1,0
559.4399161627275,95,217,0,0
559.4465066705591,1665,651,0,0
559.4582035770699,805,126,0,0
559.4588909466354,652,138,0,0
559.4662319399815,191,360,0,0
559.5312039749114,373,223,0,0
559.544637129479,1374,333,0,0
559.5782491852332,1084,147,0,0
559.5915082141945,913,251,0,0
559.6117019895435,217,1940,0,1
559.6748611072695,426,462,0,0
559.7522288067745,1100,25,0,0
559.7525720117036,543,520,0,0
559.7635816599512,1556,389,0,0
559.7636324547474,1443,591,0,0
559.7812928085434,1834,181,0,0
559.7870894062055,6960,74,1,0
559.7923851936247,838,783,0,0
560.185582755876,2381,134,0,0
560.2213075635157,901,769,0,0
560.3895907750826,940,213,0,0
560.4512107397867,405,71,0,0
560.9649986961023,1365,147,0,0
560.975853991733,395,75,0,0
560.9865584476956,230,309,0,0
561.0013849241398,1557,770,0,0
563.3875835717139,401,378,0,0
563.3950585268445,736,487,0,0
563.4139399098623,26,99,0,0
563.6939610479006,1840,1420,0,1
563.8076599386784,926,118,0,0
563.8143262166362,24,325,0,0
564.4028794978956,14,87,0,0
564.4499574887373,112,265,0,0
564.7754688439487,296,301,0,0
564.836007282841,1628,404,0,0
564.9214749228902,232,621,0,0
564.9255619776839,8,18,0,0
565.2333430150842,989,231,0,0
565.2377841725893,908,190,0,0
565.258827954055,948,178,0,0
565.4175780675046,20,348,0,0
565.4267307517409,958,261,0,0
565.4496424853892,992,191,0,0
565.4679889185043,861,166,0,0
565.4926771898951,7979,213,1,0
565.5514391407833,1754,378,0,0
565.5523409343195,1923,184,0,0
565.5586661553234,1085,349,0,0
566.6816621201452,218,24,0,0
566.6820247068212,1316,213,0,0
566.6870728278816,477,513,0,0
566.7761740050046,1768,106,0,0
566.7766282153558,7,83,0,0
566.779847973895,566,344,0,0
566.783465298309,777,285,0,0
567.1981125095916,1879,411,0,0
567.2012879640891,860,451,0,0
567.2651650751369,1510,214,0,0
567.2702848272065,554,221,0,0
567.2887106830549,669,514,0,0
567.2905827996847,1916,41,0,0
567.2915344462049,906,125,0,0
567.2986048455025,344,3050,0,1
567.2997556951632,150,378,0,0
567.3124348098563,1154,148,0,0
567.3352952359762,903,195,0,0
567.376165843262,29,226,0,0
567.7588024452082,358,166,0,0
568.0666067930786,1675,196,0,0
568.0685895406805,1886,304,0,0
568.0726161256842,760,359,0,0
568.601751961271,644,195,0,0
568.617907181759,731,581,0,0
568.6262366822644,454,236,0,0
568.7796796432193,1882,227,0,0
568.7848440386506,493,343,0,0
568.9013898409994,791,336,0,0
568.9112372487735,129,980,0,1
569.1512025152228,143,6,0,0
569.1646697135188,19,330,0,0
569.2574845724262,1478,69,0,0
569.4072254806755,1065,362,0,0
569.8632963683627,1734,290,0,0
569.8669584321786,872,220,0,0
569.8753214344916,1567,767,0,0
569.8763802059353,2460,239,1,0
569.8769544135354,454,223,0,0
569.8836194916051,988,164,0,0
569.9084058353457,61,123,0,0
570.1292566296869,1242,348,0,0
570.1370947579338,962,541,0,0
570.9599939469161,12,301,0,0
570.985914523168,33,282,0,0
571.0907859202794,1722,325,0,0
571.101570554456,66,762,0,0
571.1030245723333,374,400,0,0
571.5302837158347,1259,14,0,0
571.5403407443814,174,412,0,0
571.7064580076326,5840,71,1,0
571.715029863373,230,177,1,0
571.7730583391383,1572,197,0,0
571.7860970648657,1401,123,0,0
571.7950572526854,1297,38,0,0
571.8083479495752,614,340,0,0
571.8783841738966,1159,36,0,0
571.879979941287,487,459,0,0
571.882527545952,1142,124,0,0
572.0101784140513,962,156,0,0
572.0142812937517,426,160,0,0
572.0399946351473,977,248,0,0
572.0411931152139,810,501,0,0
572.0527220499591,1636,188,0,0
572.2124587718225,1676,583,0,0
572.2334256704407,531,89,0,0
572.2602623330154,1645,236,0,0
572.2683055170239,402,592,0,0
572.2898004833895,1293,169,0,0
572.2902984242071,1992,357,0,0
572.2909662000408,431,218,0,0
572.3307437978186,375,431,0,0
572.3312543049408,28,438,0,0
572.569672327472,1190,263,0,0
572.6648389788235,282,574,0,0
572.6664067466328,1089,131,0,0
572.6666272601194,334,42,0,0
572.6667636072904,424,5020,0,1
572.6989067055648,4,481,0,0
572.7132223520856,1052,223,0,0
572.9693724434011,7795,397,1,0
573.0137315486718,536,273,0,0
573.4039401901189,1242,532,0,0
573.5035570474092,1802,391,0,0
573.5061542312583,1352,339,0,0
573.5180361194755,1810,384,0,0
573.5212064158382,436,354,0,0
573.5303367711347,59,132,0,0
573.536440949799,1107,230,0,0
573.5471905576188,258,14,0,0
573.806031990378,39,102,0,0
573.8116862338594,381,238,0,0
573.8132477245148,20,243,0,0
573.8180646568819,974,298,0,0
573.8246225875271,745,248,0,0
573.8299403311012,279,426,0,0
573.8421094300879,1525,348,0,0
573.8493333276506,1666,471,0,0
574.0082327036611,917,770,0,0
574.1147929859192,19,25,0,0
574.1185316506431,1765,283,0,0
574.2421434730105,2213,40,0,0
574.526877186457,7905,287,1,0
574.5443674177246,8,58,0,0
574.5475785839972,974,351,0,0
574.589227698948,620,140,0,0
574.604111966818,321,48,0,0
574.6384235785767,144,192,0,0
574.6405190999034,667,122,0,0
575.8052247547361,1658,238,0,0
575.8170870832948,675,454,0,0
575.86801138054,105,127,0,0
575.8733825332894,601,91,0,0
575.8975875053792,1553,215,0,0
575.8977684543613,113,292,0,0
575.8990869090675,554,191,0,0
575.8992139958154,1327,768,0,0
576.0286549207945,779,601,0,0
576.0297723366116,819,121,0,0
576.030570020511,1411,467,0,0
576.203185146886,43,124,0,0
576.2099759230908,137,133,0,0
576.2230105463988,8165,27,1,0
576.3794971487267,250,88,0,0
576.4283635494129,273,233,0,0
576.462694365818,11,169,0,0
576.5309225042429,1463,675,0,0
576.5312965977057,7928,264,1,0
576.776997044836,1343,385,0,0
577.0414111034409,1766,40,0,0
577.7909201015283,449,389,0,0
577.7912005850853,76,95,0,0
577.7945967866716,779,302,0,0
577.8006468061664,7723,469,1,0
578.3684440472467,8133,59,1,0
578.4265721914536,6,61,0,0
579.0803323292247,161,598,0,0
579.1268083550832,114,134,0,0
579.132040239855,46,69,0,0
579.1334443877907,567,91,0,0
579.1394831643997,1573,208,0,0
579.4507431903406,164,107,0,0
579.4541896818487,9,198,0,0
579.4547280031512,1553,749,0,0
579.4880723956868,59,767,0,0
579.7837409330788,272,140,0,0
582.2728009745978,938,205,0,0
582.5053809128095,768,117,0,0
582.638033637144,933,202,0,0
582.6385668423158,1123,325,0,0
582.6475084555972,992,97,0,0
582.6564370836326,1654,759,0,0
582.6814051986624,1169,511,0,0
582.6843528588314,1124,362,0,0
582.7771478980327,719,512,0,0
583.0101953711021,1308,526,0,0
583.0337718931675,1323,105,0,0
583.0443309263296,371,406,0,0
583.0719302675014,1471,70,0,1
583.1122694360325,448,3690,0,1
583.2044591753291,1779,569,0,0
583.2078073949095,808,175,0,0
583.5476017265509,71,276,0,0
583.5676861687306,1574,455,0,0
583.5808813752168,41,279,0,0
583.655429620874,1046,216,0,0
583.6600262377281,1224,113,0,0
583.767911876884,315,296,0,0
585.1393289496609,1406,332,0,0
585.1838517478795,12,441,0,0
585.2118826245857,8037,155,1,0
585.2190062496576,1633,19,0,0
585.5884121545829,854,108,0,0
585.7673252807211,1812,77,0,0
585.7682137924586,553,190,0,0
585.8977911383666,1737,344,0,0
585.9025914154261,8097,95,1,0
585.9043162075927,110,37,0,0
585.919999329508,1694,280,0,0
585.9247951637623,756,262,0,0
586.1100959993364,829,159,0,0
586.1115365482001,1614,39,0,0
586.1128968849259,1467,309,0,0
586.1155893843784,520,70,0,0
586.1291429542363,415,481,0,0
586.1877280483167,569,530,0,0
586.1897510458853,1284,473,0,0
586.1939465045665,532,212,0,0
586.1947181189573,5,21,0,0
586.2067250151032,80,395,0,0
586.2090229451485,1978,303,0,0
587.584625468818,802,21,0,0
588.4268048546629,1901,359,0,0
588.4295563045084,1085,493,0,0
588.4529554431318,1357,35,0,0
588.4940958848555,803,34,0,0
588.5000393067539,1483,45,0,0
588.508132768941,1582,475,0,0
588.5718558266799,1173,518,0,0
588.5821334331516,1948,257,0,0
588.5918087980998,2008,91,0,0
588.608435491427,8172,20,1,0
588.8177434889626,703,129,0,0
588.8282214540138,455,140,0,0
588.8665819851454,1241,5500,0,1
588.8950666850852,443,480,0,0
588.968931445713,319,140,0,0
588.9809111387548,587,645,0,0
588.9875161495255,889,140,0,1
588.9919767124753,860,222,0,0
589.0204270770612,1415,124,0,0
589.0438087749435,603,195,0,0
589.054388537367,771,767,0,0
589.0819850287802,459,471,0,0
591.0908373055529,880,398,0,0
591.1765764050854,1035,333,0,0
591.177027315998,396,466,0,0
591.4168332246985,856,416,0,0
591.4404609611292,1217,129,0,0
591.44278207593,1817,713,0,0
591.703693069391,1718,382,0,0
591.7188350248612,11,150,0,0
591.8546166627218,728,769,0,0
591.8598194115425,1402,373,0,0
592.0068652919572,352,273,0,0
592.0169652506236,560,25,0,0
592.1374182655712,1330,328,0,0
592.2288092716809,1872,191,0,0
592.2305820294264,159,48,0,0
592.2676348611403,632,464,0,0
592.3131238409139,1542,769,0,0
592.3288787869934,1046,1760,0,1
592.3293819870806,552,334,0,0
592.3605008163061,760,252,0,0
592.3698565370947,1567,767,0,0
592.5636708322564,669,23,0,0
592.565780518322,7808,384,1,0
592.6923170382503,130,92,1,0
592.7156198673616,648,246,0,0
595.5823096687405,178,35,0,0
595.5846711362524,111,160,0,0
595.704570901438,694,171,0,0
595.7106513344154,1166,48,0,0
595.7133070078879,803,360,0,0
595.8656977090826,1333,64,0,0
595.9249040223006,940,294,0,0
596.0692066263297,1338,474,0,0
596.0699153777168,14,768,0,0
596.0715280111222,655,11,0,0
596.129125932726,437,250,0,0
596.1323877368784,368,308,0,0
596.3817822471754,1236,519,0,0
596.8827277954247,376,528,0,0
596.8965654375097,1680,579,0,0
596.9157066172154,8,399,0,0
596.9346943916235,1480,486,0,0
596.9447378368178,812,73,0,0
596.9614669715938,596,229,0,0
596.9727889418632,1403,233,0,0
597.0152618009471,1580,489,0,0
597.0245230015634,1200,82,0,0
597.030885056687,747,276,0,0
597.0407873485846,260,221,0,0
597.0460906075549,1654,197,0,0
597.0614482875943,1770,230,0,1
597.1145006356766,307,288,0,0
598.2168304732234,1424,147,0,0
598.2175249179495,1724,2780,0,1
598.2186715398707,1085,187,0,0
598.2344095411015,1318,151,0,0
598.2536303996701,1007,306,0,0
598.2701253095762,246,163,0,0
599.033167288461,1627,297,0,0
599.0336355847711,181,1970,0,1
599.0468683626318,1027,474,0,0
599.048284196746,11,57,0,0
599.0581378346782,1479,148,0,0
599.1086551609668,1398,21,0,0
599.1096608772058,82,58,0,0
599.2494897766964,22,252,0,0
599.2528121840584,1752,316,0,0
599.2550301455403,437,324,0,0
599.2557012713061,10,177,0,0
599.2601533351759,1164,274,0,0
599.2642442686862,653,137,0,0
599.3588579349273,7949,243,1,0
599.359651585227,914,3090,0,1
599.3872841230384,190,195,0,0
599.4843557615186,24,290,0,0
599.4952576102232,640,589,0,0
599.5791655147182,1474,516,0,0
599.5836775656761,1658,61,0,0
599.6249922530308,1521,16,0,0
599.6342476963633,7953,239,1,0
600.9880026091594,50,555,0,0
600.9982298290589,1511,600,0,0
601.0081473209015,516,769,0,0
601.0486159854858,641,398,0,0
601.0548816468782,1100,388,0,0
601.0670738574962,1239,334,0,0
601.1025793623484,379,549,0,0
601.206467364129,205,116,0,0
601.2119475676792,507,552,0,0
601.2323220492914,1281,530,0,0
601.2451398806231,759,723,0,0
601.3179768838252,820,249,0,0
601.411277224838,400,385,0,0
601.4517562022143,350,319,0,0
601.4824929147683,1292,110,0,0
602.1325879493769,727,73,0,0
602.1357437819113,1294,520,0,0
602.6130330128616,40,34,0,0
602.6660286746913,348,306,0,0
602.6668704871144,7900,255,1,0
602.6902783415424,862,821,0,0
602.6913457840052,7920,272,1,0
602.7054682196967,140,314,0,0
602.7057805517841,396,176,0,0
602.7835168428908,619,111,0,0
602.7872460355437,210,526,0,0
603.2792460019824,4,36,0,0
603.2834980327816,124,54,0,0
603.3036892480084,2140,252,1,0
603.304887901253,467,107,0,0
603.3188959757126,1485,396,0,0
603.3386765360161,525,761,0,0
603.3886040271523,466,305,0,0
605.9298181535707,994,42,0,0
606.4201295372766,18,70,0,0
606.5073928551975,106,248,0,0
606.5169049996932,776,770,0,0
606.5272752570644,1466,44,0,0
606.5372004035573,653,116,0,0
606.5405422023474,411,162,0,0
606.611364476528,14,304,0,0
606.627966487502,440,470,0,1
606.6815373552697,601,470,0,0
606.6929473341548,1348,392,0,0
606.7325788505398,1053,552,0,0
607.3692473962527,647,86,0,0
607.4076150826374,794,768,0,0
607.5294587128855,697,94,0,0
607.5329827866258,570,276,0,0
607.5473522948652,276,276,0,0
607.556450606163,14,400,0,0
607.6097736537553,439,291,0,0
607.6453385615519,764,399,0,0
607.6504853015866,1150,396,0,0
607.6906957891347,568,497,0,0
607.7164560592475,1356,282,0,0
607.7173397046537,88,368,0,0
607.7365404835022,938,228,0,0
607.9573104498744,1668,201,0,0
607.9608052635898,1429,391,0,0
608.1455520137607,1584,306,0,0
608.2299956250035,34,302,0,0
608.2596788791894,873,319,0,0
608.31127180216,10,227,0,0
608.3155330321388,16,324,0,0
608.4033394892557,610,405,0,0
608.4045899615506,15,548,0,0
608.4068699379176,848,311,0,0
608.470356557958,754,6860,0,1
608.4727438021359,174,276,0,0
609.680114393762,104,97,0,0
609.7229873390896,1281,365,0,0
609.8571300395455,619,177,0,0
610.0100272351957,290,218,0,0
610.0200772882012,1711,300,0,0
610.0433509708819,554,165,0,0
610.1006606587405,869,768,0,0
610.1231728349558,1896,207,0,0
610.6445727973078,1829,348,0,0
610.8215428215539,435,227,0,0
610.8563434065777,1785,244,0,0
611.1400066273145,1245,498,0,0
611.1660297984596,876,432,0,0
611.2729419520625,160,246,1,0
611.3041891836584,7849,343,1,0
611.3173970987079,1347,71,0,0
611.3208386757823,204,152,0,0
611.3261681527017,8179,13,1,0
611.3508719851055,457,4470,0,1
611.4030818938833,185,48,0,0
611.4033916786223,357,395,0,0
611.4130149493982,22,416,0,0
611.4825108130174,449,77,0,0
611.4982110908911,232,117,0,0
611.5005716599206,1636,193,0,0
611.5033870247825,1878,633,0,0
612.1194449457973,886,264,0,0
612.1203180919895,428,340,0,0
612.1311433507896,921,212,0,0
612.2406913770259,1776,398,0,0
612.2410768845112,136,133,0,0
612.3212214475602,220,1870,0,1
612.3221488517612,818,31,0,0
612.4780318642386,1708,2650,0,1
616.7511464573399,940,678,0,0
616.7528382006574,915,167,0,0
616.7708701869856,204,183,0,0
616.8138915627125,1106,84,0,0
616.82048571401,385,660,0,1
616.8819897136616,1517,768,0,0
616.8869462063719,13,446,0,0
616.8935933642299,339,303,0,0
616.8976142569059,807,570,0,0
616.9161607230074,6450,119,1,0
616.9692078049013,5610,96,1,0
617.1128273512486,955,404,0,0
617.1293314997223,377,3460,0,1
617.1317349797507,302,469,0,0
617.139511381554,352,1640,0,1
617.1467947240017,1466,273,0,0
617.1561158553616,782,2780,0,1
617.221461937758,705,69,0,0
617.2368240725516,220,442,1,0
617.2612397497505,1084,216,0,0
617.283616143612,550,10,0,0
617.3004379578389,203,180,0,0
617.3082466638831,6880,409,1,0
617.3944554323551,8,278,0,0
617.4111696467426,589,179,0,0
617.4270842725524,683,619,0,0
617.4291941800599,307,768,0,0
617.4340324865333,374,627,0,0
617.4399754116896,1310,199,0,0
617.5011010126605,786,769,0,0
617.501686761417,304,329,0,0
617.5853976992453,858,268,0,0
617.6101260717392,250,302,0,0
617.6147686181507,7803,389,1,0
617.6182598266724,193,141,0,0
617.6711668312031,1912,291,0,0
617.7005108662636,609,761,0,0
617.7008735454908,901,665,0,0
617.7056663335103,1891,277,0,0
617.7087119988075,562,301,0,0
617.7251974259135,531,387,0,0
617.73052705162,1719,221,0,0
617.7781294185235,996,182,0,0
617.7848261060713,121,193,0,0
617.7957710710627,2850,323,1,0
618.0229299609939,5930,41,1,0
618.0346792289525,1498,328,0,0
618.0416936663202,551,288,0,0
618.062119651952,1466,451,0,0
618.0635322528941,8,66,0,0
618.0643084122505,8,389,0,0
618.0820378687616,81,460,0,0
618.0878046702907,1355,301,0,0
618.0888771028812,673,766,0,0
618.2069136828266,444,281,0,0
618.2795490160923,1289,505,0,0
618.308336590482,1526,124,0,0
618.3146536182968,372,356,0,0
618.3269333426534,1575,358,0,0
618.3327123719696,949,192,0,0
618.4341656900646,344,342,0,0
618.435191610388,719,26,0,0
618.4663900879843,120,90,0,0
618.485146976623,15,338,0,0
618.487030778649,19,204,0,0
618.5493142422242,872,689,0,0
618.55847417607,1129,75,0,0
619.3175929675037,1417,217,0,0
619.5065752107978,825,283,0,0
619.5227441758132,7724,468,1,0
619.5312601559887,202,592,0,0
619.5358800436887,229,86,0,0
619.5401534178588,432,33,0,0
619.5740944361804,233,222,0,0
619.5751226278073,811,47,0,0
619.7010955564142,97,260,0,0
619.7740891019789,1377,173,0,0
619.78790452661,1238,440,0,0
619.8687886770579,12,268,0,0
621.6563413303294,1613,359,0,0
621.6890316960265,1254,119,0,0
622.2511667013669,252,23,0,0
622.2612051432848,706,498,0,0
622.2665759269413,47,594,0,0
622.4003666947131,805,709,0,0
622.4007580832872,776,252,0,0
622.5237447280359,242,326,0,0
622.5417599022757,6,3000,0,1
622.5486649750911,151,36,0,0
622.5700928861922,1411,111,0,0
622.5926385071984,623,55,0,0
622.8114119594621,1233,585,0,0
622.9085816247581,486,2770,0,1
622.935550420815,1250,425,0,0
622.9471591899895,1494,56,0,0
622.9498877029113,325,776,0,0
622.9767589253175,12,326,0,0
622.976863542648,445,9,0,0
623.1014123039823,3300,329,1,0
623.1194174999107,65,189,0,0
623.1200674033062,7,12,0,0
623.1759158864534,1640,251,0,0
623.1789656087043,974,679,0,0
623.1860705022352,1057,91,0,0
623.1865774506684,369,560,0,1
623.1906124526749,816,263,0,0
623.2154359332158,149,316,0,0
623.2306757453583,498,154,0,0
623.2628363444109,498,4510,0,1
623.2670157186238,381,271,0,0
623.3224116654285,917,880,0,1
623.3233398820402,1378,101,0,0
623.3290732385914,223,241,0,0
623.3291624264907,1898,338,0,0
623.3387908279773,1756,64,0,0
623.3447362249971,2050,350,1,0
623.3567492811796,5,80,0,1
623.4120874983968,17,188,0,0
623.6552710836968,259,127,0,0
623.6569434103336,485,61,0,0
623.6678176780731,7612,580,1,0
623.6681673763289,215,389,0,0
624.3476079122044,11,513,0,0
624.5840441377708,1456,108,0,0
624.6286164766971,1750,171,0,0
624.8274068450789,829,386,0,0
624.9256883825807,537,28,0,0
624.9306570504856,376,90,0,0
625.0054598715011,132,280,0,0
625.1915538352227,3920,769,1,0
625.2809810169804,199,115,0,0
625.2960560405995,1134,443,0,0
625.304349362885,1365,75,0,0
627.3791977963541,1180,43,0,0
627.4102094922284,401,273,0,0
627.4640016751987,1775,609,0,0
627.4650935267737,264,46,0,0
627.535796594511,1042,73,0,0
627.5653669098206,3594,770,0,0
627.5685865767392,1461,209,0,0
627.8064965006412,451,34,0,0
627.8244442776538,751,388,0,0
627.8904172769873,856,1010,0,1
627.9357499565414,718,430,0,0
627.9402068695191,520,331,0,0
627.9723964950408,996,235,0,0
628.2599033677012,483,132,0,0
628.2618801673092,1683,173,0,0
628.2641489925585,539,746,0,0
628.2670627691264,1824,483,0,0
628.3463955125641,856,202,0,0
628.3535517766621,1241,365,0,0
628.3860341449398,1784,276,0,0
628.563089706621,192,395,0,0
628.5649875038764,1765,770,0,0
628.9082089685735,1093,18,0,0
628.9273007350146,1640,259,0,0
628.9399885003521,568,532,0,0
629.32379946615,10,86,0,0
629.3687291697829,1189,459,0,0
629.3700261995709,1089,279,0,0
629.3860185773258,943,260,0,0
629.389866301256,1607,288,0,0
629.4204916948673,3237,296,0,0
629.4275191581785,5720,154,1,0
629.436651057959,496,59,0,0
629.5590982875985,564,10,0,0
629.5597067185545,17,33,0,0
629.5912682947414,438,12,0,0
629.6025411345663,73,71,0,0
629.6368846819538,130,395,1,0
629.637041449989,1046,423,0,0
629.6397084549423,405,111,0,0
629.6476678126483,148,310,0,0
630.1378476137463,1322,404,0,0
630.1393064872123,1099,176,0,0
630.1412055901143,1068,513,0,0
630.1534687476413,513,768,0,0
630.1874220895118,40,250,0,0
630.1927002499317,576,771,0,0
630.2140596376387,854,457,0,0
630.2147422689487,3563,82,0,0
630.7424130817803,442,261,0,0
630.7515490433075,1863,223,0,0
630.7747789065448,896,203,0,0
634.7765300430565,742,245,0,0
634.7823742100926,1122,234,0,0
634.7838788982026,1408,2540,0,1
634.7863680389382,532,7660,0,1
635.295414266215,938,34,0,0
635.3077434900426,9,365,0,0
635.3115052487676,665,252,0,0
635.3282603890256,1106,296,0,0
635.3446271764134,518,204,0,0
635.4796379299179,1300,389,0,0
635.5558404336533,715,392,0,0
635.5942114076047,843,628,0,0
635.6416258919268,720,63,0,0
635.6452270310059,1062,15,0,0
635.6466817938193,699,188,0,0
635.6873549115429,7,487,0,0
635.7391289078263,84,232,0,0
635.7645880704704,1345,280,0,0
635.796727262826,1106,296,0,0
635.8607855077516,988,213,0,0
635.8626346484494,968,768,0,0
635.8718186650501,1048,256,0,0
635.8750206345194,1584,143,0,0
635.8754594763785,75,498,0,0
635.9279848836867,1266,465,0,0
635.9394698682494,1382,767,0,0
635.9803929477667,144,204,0,0
636.0444350022125,443,386,0,0
636.0474054419834,613,337,0,0
636.4164951019891,327,321,0,0
636.4497062109629,655,153,0,0
636.5859497275451,236,195,0,0
637.1219398753178,1645,405,0,0
637.1289209709909,1274,118,0,0
637.1341989493473,1632,362,0,0
637.1601075236929,685,683,0,0
637.3267244624096,1774,173,0,0
637.5042585727742,536,607,0,0
637.5046103762711,935,464,0,0
637.8241252880365,177,286,0,0
637.8315365862968,874,333,0,0
637.8797236669388,719,35,0,0
637.881001840774,1455,245,0,0
637.8840927880997,1528,77,0,0
637.9216363360482,515,78,0,0
637.9221450876554,1775,767,0,0
638.0129443631522,934,157,0,0
638.0190878043813,1781,292,0,0
638.0504793540924,32,466,0,0
638.0747498625882,468,236,0,0
638.0807073393515,967,2200,0,1
638.3302653804411,1431,100,0,0
640.2800647130347,33,192,0,0
640.3437761912777,1015,351,0,0
640.344359830739,256,783,0,0
640.3673867416919,715,286,0,0
640.378875544385,403,760,0,0
640.4903388684726,1510,233,0,0
640.5107402122255,5260,189,1,0
641.8227751568515,1271,460,0,1
641.8949583120466,369,322,0,0
641.9546787459728,110,672,0,0
641.963765754802,1152,92,0,0
641.9668123236851,494,71,0,0
641.9820403712303,561,279,0,0
642.0091207832851,1661,346,0,0
642.0561748689404,312,259,0,0
642.0831585266033,1399,706,0,0
642.0934677510014,1212,329,0,0
642.1133907720616,513,287,0,0
642.1205443605307,364,212,0,0
642.1230377298,1143,302,0,0
642.1262208056415,1407,476,0,0
642.1745815481985,487,321,0,0
642.2515997720319,203,422,0,0
642.2632999565483,435,60,0,0
642.277030795811,319,277,0,0
642.3308374698609,7829,363,1,0
642.3445744971358,432,365,0,0
652.0113030378951,23,632,0,0
652.0346385192298,1844,140,0,0
652.0410239369049,7888,304,1,0
652.041506446845,3710,52,1,0
652.0689786944968,557,122,0,0
652.2091513826805,388,376,0,0
652.2252735118084,843,12,0,0
652.441257359551,281,454,0,0
652.44676853294,352,186,0,0
652.4615095398435,1635,335,0,0
652.4739643690973,11,499,0,0
652.4779800105064,6,73,0,0
652.4789101433048,729,56,0,0
652.4815940380031,691,407,0,0
652.4819962632216,1241,259,0,0
652.5643507557343,719,499,0,0
652.5771576378356,7270,137,1,0
652.5918220669412,578,225,0,0
652.5975436098056,560,176,0,0
652.7186099072678,64,279,0,0
652.7219310296803,849,463,0,0
653.2463486273887,351,24,0,0
653.404390297916,1657,261,0,0
653.4088479588655,1711,1690,0,1
653.4209302495877,24,168,0,0
653.484435354114,681,360,0,1
653.7048891839355,1235,99,0,0
653.7085891501147,1210,212,0,0
653.7152407516677,844,528,0,0
656.4200457038861,1062,470,0,0
656.5335682161412,1061,108,0,0
656.6419705188222,70,165,0,0
657.5047009035991,73,444,0,0
657.5487175837529,1214,340,0,0
657.5559629109569,333,148,0,0
657.556531290727,190,198,0,0
657.6576668756297,25,454,0,0
657.6595372249058,14,120,0,0
657.7285556306076,280,259,0,0
657.7289031937627,1473,4670,0,1
657.7358908682332,887,323,0,0
657.7532987278632,522,7670,0,1
657.7547754268296,927,426,0,0
657.7608205356238,80,364,0,0
657.7642392569957,336,350,0,0
657.7876324485342,732,325,0,0
657.7890870639368,7,32,0,0
657.7997709749785,203,218,0,0
658.0815537977377,840,103,0,0
658.3787854457038,1584,365,0,0
659.1700669384372,11,770,0,0
659.2114657135147,140,397,0,0
659.219459305209,34,176,0,0
659.254278075042,1192,256,0,0
659.3289848087658,1438,362,0,0
659.3605695362673,1302,66,0,0
659.688683446818,407,128,0,0
659.6935273395209,1387,306,0,0
659.7054515146249,483,416,0,0
659.7063150690808,129,419,0,0
659.714090243287,1080,356,0,0
659.9295610647646,1363,149,0,0
659.9496019735442,1504,428,0,0
660.0301577822014,263,192,0,0
660.0725986401601,858,111,0,0
660.1967460243,157,83,0,0
660.2001404481879,1051,121,0,0
660.2527365058556,332,43,0,0
660.3230005258345,461,292,0,0
660.5057127527774,879,297,0,0
660.7991771074448,3920,220,1,0
660.8058554630289,7870,322,1,0
660.8068858692701,1564,43,0,0
660.8118832240322,1497,223,0,0
661.0665645084426,69,47,0,0
661.0690400110384,552,114,0,0
661.0701903940678,106,113,0,0
661.071501471045,621,26,0,0
661.0728407968321,513,121,0,0
661.1491084308627,559,35,0,0
661.1529965260183,574,128,0,0
661.1581711850223,17,382,0,0
661.3356566211552,750,356,0,0
661.4529490016807,1351,465,0,0
661.5581329521237,1763,393,0,0
661.5620375289496,834,232,0,0
661.5626355508107,109,361,0,0
661.5991210616004,1125,389,0,0
662.2031816353924,1424,28,0,0
662.2120336791428,531,188,0,0
662.2225106935462,343,358,0,0
662.2225379205761,1447,210,0,0
662.7994291520918,437,277,0,0
662.811543941627,629,486,0,0
662.8120985933612,39,24,0,0
662.8281298189734,44,31,0,0
662.8336134982296,116,550,0,0
662.8969677558075,1076,250,0,0
664.2355240669837,17,208,0,0
664.2391296921596,1464,86,0,0
664.2637610861666,1363,359,0,0
664.2721201259432,619,32,0,0
664.2768984624787,570,317,0,0
664.3221952840843,232,92,0,0
664.7207225533407,915,382,0,0
664.7642252341591,762,224,0,0
664.7719123791805,1081,539,0,0
664.8228048061243,848,502,0,0
664.851772288999,931,356,0,0
664.943897011113,15,65,0,0
664.9498844213039,1165,572,0,0
664.9736560075572,1741,138,0,0
665.4603618036479,2422,214,0,0
665.4791074289665,827,96,0,0
665.6064654937286,1663,412,0,0
665.6241382333077,504,154,0,0
665.6449230371052,1997,372,0,0
665.6490098313689,525,536,0,0
671.0393479258097,852,539,0,0
671.2374745120455,661,526,0,0
671.4288385576592,596,171,0,0
671.6116165767697,1031,291,0,0
671.6139633501431,1794,5,0,0
671.6179226922029,233,249,0,0
671.6304788214796,450,289,0,0
671.6311040285519,1208,362,0,0
671.6340654629869,430,87,0,0
671.7289486819601,18,475,0,0
671.7292009361582,464,460,0,0
671.7321813516992,754,311,0,0
671.7468338477526,1342,69,0,0
671.7616851244348,33,767,0,0
671.778464115705,1560,47,0,0
671.7823537374602,498,109,0,0
671.8929104591525,962,255,0,0
671.8930688227603,580,15,0,0
671.934270145794,904,190,0,0
671.9351375462549,651,603,0,0
671.939326692263,7918,274,1,0
671.954783799134,1641,473,0,0
672.402952738077,280,141,0,0
672.4058432849907,174,96,0,0
672.40683100369,1703,304,0,0
672.5329990472852,7871,321,1,0
672.5481622393835,365,173,0,0
672.5665537606886,68,59,0,0
672.6217101572854,448,133,0,0
672.7554046663358,359,330,0,0
672.7801006325577,697,7,0,0
672.7803626883466,1074,442,0,0
672.792245518371,1785,369,0,0
672.8109722008601,641,322,0,0
672.8127370906417,1842,17,0,0
672.8150460895379,1056,326,0,0
672.8794625475432,1560,616,0,0
672.9087989724048,390,66,1,0
672.9117269838905,843,291,0,0
672.9672124384501,1942,389,0,0
672.9907435577556,1293,20,0,0
672.9920927081635,1556,389,0,0
673.002461936149,322,311,0,0
673.0037536105616,1795,3480,0,1
673.0069347146961,206,104,0,0
673.0397827635325,11,9,0,0
673.0413269592245,1456,592,0,0
673.0428045595223,15,341,0,0
673.0810456531163,1476,243,0,0
673.0834276589604,1481,265,0,0
673.0938203492028,1109,127,0,0
673.1046639124927,340,82,1,0
673.1176602373237,766,18,0,0
673.1562113403058,1632,170,0,0
673.163759202771,1301,210,0,0
673.1675609849354,4320,423,1,0
673.1746821042957,12,227,0,0
673.3601140194181,413,632,0,0
673.4765748753894,953,723,0,0
673.4927426120355,22,34,0,0
673.7049443668517,424,400,0,0
673.7797072614712,1516,64,0,0
673.7818065864906,1929,3190,0,1
674.1555290060484,387,280,0,0
679.1063718027747,860,222,0,0
679.1437401378893,1542,216,0,0
679.1444415947731,252,220,0,0
679.5099155849061,705,226,0,0
679.571171964372,1514,169,0,0
679.5857316524839,20,289,0,0
679.5860378643104,6,37,0,0
679.6006943794398,446,349,0,0
679.6105771511714,168,730,0,0
679.6201539553039,410,395,0,0
679.6279057282827,5,204,0,0
679.751969344063,57,588,0,0
679.7597276171749,1065,375,0,0
679.8026005803247,1073,364,0,0
679.8029956168235,509,125,0,0
679.8054840744094,539,327,0,0
679.8232819134912,781,757,0,0
679.8263053712916,547,5020,0,1
679.8458170829283,1089,450,0,0
679.862188525538,1731,276,0,0
679.888631811726,1453,322,0,0
679.8979750625017,91,13,0,0
679.9631139070867,1145,767,0,0
679.964296358733,1352,396,0,0
679.972435148141,105,420,0,0
680.3589093781575,229,225,0,0
680.3667764651572,423,240,0,0
680.7601560809361,3690,13,1,0
680.7967461000632,571,344,0,0
680.808012237246,210,186,0,0
680.8297812837129,763,329,0,0
681.277887181464,685,4960,0,1
681.2875709386815,687,377,0,0
681.2895281345025,234,392,0,0
681.3391983412549,1433,150,0,1
681.4161153974194,718,236,0,0
681.5173705758286,119,18,0,0
681.5182285447199,1200,530,0,0
681.5587130435111,1894,448,0,0
681.5795758825202,1625,332,0,0
681.5906507347124,365,79,0,0
681.5976987433548,323,281,0,0
681.6440993996694,934,229,0,0
681.6599401958482,352,29,0,0
681.6764622021718,9,129,0,0
682.6719826665806,1791,433,0,0
682.692291512901,327,431,0,0
682.6940678246362,581,637,0,0
682.6969214116549,231,223,0,0
682.7008448078608,162,94,0,0
682.7015569823719,1191,768,0,0
682.8601313929129,709,950,0,1
683.6062699322839,33,610,0,0
683.6113523506708,42,505,0,0
683.722017560002,15,338,0,0
683.7260073192773,18,422,0,0
683.7305477881498,757,4870,0,1
683.7310846948342,1577,744,0,0
683.7469840104054,294,16,0,0
683.9584765194685,226,643,0,0
684.1831107743526,1627,775,0,0
684.2346652290211,1633,767,0,0
684.245132955607,306,237,0,0
684.4451859007702,8011,181,1,0
685.030154072343,351,469,0,0
685.0340207470718,1227,441,0,0
685.0646730928088,450,93,0,0
685.080883554115,1785,640,0,0
685.0858410628013,1131,40,0,0
685.0875483264131,1814,183,0,0
685.0909464147358,295,251,0,0
685.1134263738693,1240,522,0,0
685.1434684963148,1735,315,0,0
685.1673234200686,1205,313,0,0
685.401399150271,7888,304,1,0
685.4059356604248,382,393,0,0
685.407385351637,414,8,0,0
685.4090853529849,1473,347,0,0
685.4488794142335,3460,124,1,0
685.4550123245859,1671,308,0,0
685.4556781192381,7838,354,1,0
685.570471614796,1600,358,0,0
685.8674106101859,29,320,0,0
685.893320043901,1514,147,0,0
685.9586795413411,19,120,0,0
685.9597840981438,999,3720,0,1
685.9608510956142,7130,212,1,0
685.9858279426894,788,50,0,0
686.0132734694719,234,92,0,0
686.0255460858066,1288,159,0,0
686.0356689926333,1130,3330,0,1
686.0408023223162,1170,379,0,0
686.3640147404275,734,183,0,0
686.3672678775997,526,319,0,0
686.381091301963,199,145,0,0
686.5252800400453,1613,478,0,0
686.5276253298609,9,554,0,0
686.5517036274354,1352,422,0,0
686.566056302118,898,316,0,0
686.6281349666999,1063,31,0,0
686.6282706320327,990,202,0,0
686.6382419976215,648,459,0,0
686.6419925124787,9,42,0,0
686.8020568234386,924,141,0,0
686.818198640692,818,463,0,0
686.8240526280388,170,450,0,0
686.9302358383055,4,302,0,0
686.9951237801911,1891,39,0,0
687.1330130061178,565,282,0,0
687.2906075708257,1132,273,0,0
687.3747262023453,1274,330,0,0
687.3804715898074,178,613,0,0
687.4132427762453,460,212,0,0
687.4459043065235,1739,184,0,0
687.4830740064191,1310,325,0,0
687.5185747661303,413,355,0,0
687.540299057759,32,238,0,0
687.5481125441574,1720,219,1,0
687.5637462186133,1442,122,0,0
687.566280995161,925,38,0,0
687.569277233034,107,62,0,0
687.6460140939635,2590,21,1,0
687.6555396944699,566,206,0,0
687.6772431668224,21,342,0,0
687.6833906634778,1130,247,0,0
687.6840800597278,497,615,0,0
687.6921731731649,1426,219,0,0
688.148447706677,174,213,0,0
688.1631078056536,1798,371,0,0
688.1677211242385,1772,249,0,0
688.2398555804322,181,184,0,0
688.2467033700391,179,390,0,0
688.2519940189515,9,196,0,0
688.2527843625866,472,768,0,0
688.2533665048103,315,341,0,0
688.2947653769689,1106,311,0,0
688.3184952600066,1343,153,0,0
688.3379284950867,6,11,0,0
688.409825706031,1715,410,0,1
688.4170138200531,1786,527,0,0
688.4357159697789,1777,46,0,0
688.4388887662427,883,372,0,0
688.4421021215719,444,1060,0,1
688.4461253000852,775,767,0,0
688.5706321874876,883,462,0,0
688.6445591748736,848,179,0,0
688.6469580481502,671,767,0,0
688.6564588458884,1611,243,0,0
688.6793146971044,1240,347,0,0
688.6829010638546,758,499,0,0
688.7522639495286,114,76,0,0
688.7559931735085,1802,414,0,0
688.7651686294893,29,265,0,0
688.7743475001064,1602,160,0,0
688.7747939417557,1005,197,0,0
688.7753334707245,658,108,0,0
688.7785219374355,253,209,0,0
688.9701051762637,1724,421,0,0
689.0273089037725,316,485,0,0
689.071424817431,36,217,0,0
689.076543571581,109,355,0,0
689.0835585843187,432,158,0,0
689.1030981304672,1405,930,0,1
689.1337051250147,1364,301,0,0
689.1345574053645,873,142,0,0
689.1388619964827,564,297,0,0
689.1427000789522,919,35,0,0
689.3882555011025,926,413,0,0
689.3942460550946,1353,134,0,0
689.3977147546161,1181,269,0,0
689.4885416700532,1295,259,0,0
689.4959008505011,7592,600,1,1
689.610268592031,1524,386,0,0
689.612840735403,1855,222,0,0
690.3807644180872,8114,78,1,0
690.3958180960142,1284,422,0,0
690.4192341690444,72,151,0,0
690.430236557992,27,543,0,0
690.4463730793755,664,28,0,0
690.4648245287674,1575,524,0,0
690.4739882189544,215,189,0,0
690.6860553253515,1211,87,0,0
690.6862506282295,510,3530,0,1
690.6878178609624,1900,58,0,0
690.6962066462522,342,335,0,0
690.7098065668175,280,769,0,0
691.0259894193166,963,298,0,0
691.0795056672417,7450,280,1,0
691.0972213478229,388,310,0,0
691.1007812982963,750,520,0,0
692.0023647538874,357,295,0,0
692.1036271522872,7425,767,1,0
695.0258024500984,595,325,0,0
695.0267047091942,1700,404,0,0
695.5858569803057,1686,394,0,0
695.6004763451629,65,355,0,0
695.6037159838097,640,240,0,0
695.6268178139333,464,520,0,1
695.6495041638001,654,294,0,0
695.6590654567271,8095,97,1,0
695.6600502059458,15,616,0,0
695.6689577680968,1258,394,0,0
695.6703327963747,1952,228,0,0
695.6917474570985,997,421,0,0
695.6929233583775,1569,203,0,0
695.7206661005891,404,275,0,0
695.7285139359246,1156,308,0,0
695.8493513931318,1659,1180,0,1
695.8530514830348,1328,155,0,0
695.8542358132513,1789,771,0,0
695.8553025051035,258,534,0,0
695.8853923999086,803,614,0,0
742.815186396748,1614,649,0,0
742.816300904889,230,125,0,0
742.8213274509243,4510,17,1,0
743.2038487613909,14,165,0,0
743.2684430603148,1753,164,0,0
743.4896608736487,35,8,0,0
743.5216679462817,894,604,0,0
743.5671757819543,846,327,0,0
743.586230664151,952,315,0,0
743.5880775997136,953,228,0,0
743.6141375421375,1766,78,0,0
743.6165570644887,676,571,0,0
743.6758998100426,886,226,0,0
743.6759716722186,605,263,0,0
743.6762319451468,17,331,0,0
743.6884300651748,923,35,0,0
743.7078362355364,421,278,0,0
744.3486074412043,25,164,0,0
744.3516634219844,1369,292,0,0
744.4066989034797,1325,541,0,0
744.4071160125218,763,640,0,1
746.1844680689046,226,161,0,0
746.1845505053818,1353,191,0,0
746.4942175823952,819,56,0,0
746.5013376146264,553,421,0,0
746.5017220296554,61,2500,0,1
746.5063505171304,219,732,0,0
746.5896484412115,7,308,0,0
746.6001920538216,1697,2790,0,1
746.6027691784901,161,20,0,0
746.6224655429253,1032,351,0,0
746.6360162861274,945,20,0,0
746.7213649368484,1451,211,0,0
746.7748645153926,1658,155,0,0
746.780125968754,532,209,0,0
746.7829939736444,1021,154,0,0
746.7976374955866,1922,225,0,0
746.8074448428046,1670,3520,0,1
746.8301160941619,373,769,0,0
746.8318244273047,401,123,0,0
746.8489554117269,9,252,0,0
746.8515341084592,1297,4,0,0
746.8927241655609,706,401,0,0
746.9155092009435,366,267,0,0
746.923628915101,1069,58,0,0
746.9241945316006,20,267,0,0
747.0512915215097,39,242,0,0
747.0537144228367,550,634,0,0
747.058845628067,108,114,0,0
747.0701018720189,1344,1700,0,1
747.1004544188391,496,335,0,0
747.1049469515855,1226,369,0,0
747.1096540335886,529,302,0,0
747.1104247391689,6190,707,1,0
747.219333673985,807,186,0,0
747.2243628213071,5,130,0,0
747.2296432282452,972,1006,0,0
747.2298525436926,1261,627,0,0
747.2340095896898,1460,166,0,0
747.3128899590569,1246,100,0,0
747.4257535857636,1604,431,0,0
747.4274583674058,271,38,0,0
747.4428059239204,500,138,0,0
747.4910932480169,351,347,0,0
747.4918829795463,7844,348,1,0
747.498315653135,1866,33,0,0
747.5550613578056,29,202,0,0
747.6793678594128,21,418,0,0
747.6801312177571,1007,302,0,0
747.6816466485808,2580,533,1,0
747.8233801146704,1170,537,0,0
747.8295445917116,68,246,0,0
747.857979251509,1340,327,0,0
747.8593272490178,31,418,0,0
748.0022930404147,223,178,0,0
748.032456201406,1005,201,0,0
748.266989434237,902,209,0,0
748.2690797665033,1727,528,0,0
748.2736942406036,1867,474,0,0
748.2748901498064,1331,1020,0,1
748.2760417469705,318,336,0,0
748.2769787091037,545,36,0,0
748.2954707551687,303,131,0,0
748.2974901783411,1032,340,0,0
748.3092810867062,426,93,0,0
748.3123117267871,765,340,0,0
748.3367653263809,162,96,0,0
748.3996278402169,1605,559,0,0
748.4594756937654,1487,50,0,0
748.5277945881736,7947,245,1,0
748.5368276685236,1002,254,0,0
748.58631512267,687,535,0,0
748.5934501703896,1103,119,0,0
748.5958142508698,202,82,0,0
748.596821160611,716,363,0,0
748.6078925752859,1052,290,0,0
748.6289324665087,937,487,0,0
748.9569051415357,387,594,0,0
748.961685052862,9,102,0,0
749.2011652949814,349,650,0,0
749.2017213211917,1175,158,0,0
749.2123502944506,598,406,0,0
750.6228825570157,583,480,0,0
750.6295065408052,568,188,0,0
750.6316607660646,1248,651,0,0
750.6333620233788,836,229,0,0
751.791703558479,524,8,0,0
751.9545288877704,316,120,0,0
751.9589451256627,13,172,0,0
751.9643450919165,46,227,0,0
751.9644377873534,461,132,0,0
751.9738641127897,512,369,0,0
752.2807213157953,1191,359,0,0
752.281005059958,520,494,0,0
752.4009991956513,906,345,0,0
752.4494943395459,751,176,0,0
752.7814076489011,1299,258,0,0
752.7862305835716,7957,235,1,0
752.8105903725923,521,414,0,0
753.0302486502961,428,137,0,0
753.0692586210226,168,345,0,0
753.1302452910319,1778,379,0,0
753.1380880428823,1459,208,0,0
753.1483781449477,1297,192,0,0
753.152995982989,1000,135,0,0
753.1718976250459,3530,9,1,0
753.1879542063273,285,258,0,0
753.1969631586182,422,440,0,0
753.1971690519053,1706,80,0,0
753.1980444286928,25,7,0,0
753.2111260598867,463,321,0,0
753.3682784557715,1289,315,0,0
753.3708161205078,1596,239,0,0
753.3760154754307,1394,618,0,0
753.3897990210081,276,55,0,0
753.4951369492472,1223,12,0,0
753.922900246344,1029,741,0,0
753.9493550680107,7,28,0,0
753.9646653361802,992,265,0,0
753.9677117453218,901,373,0,0
754.0008517078209,1131,122,0,0
754.0092664548041,1712,516,0,0
754.0298530331606,931,22,0,0
754.0323898647209,683,116,0,0
754.1664606380326,635,191,0,0
754.1731476060706,1944,426,0,0
754.1738354815708,958,358,0,0
754.1878702026564,943,75,0,0
754.1894961157751,1926,400,0,0
754.2338236931539,908,303,0,0
754.4511573504843,1077,241,0,0
754.4965407990964,986,79,0,0
754.5076946385607,422,96,0,0
754.5105673713766,1281,316,0,0
754.5163327541935,528,163,0,0
755.6182067774034,183,281,0,0
755.7480230440411,786,140,0,0
755.7500513994378,300,216,0,0
755.752402521819,1126,239,0,0
755.7857980908746,716,183,0,0
755.8051253475398,844,402,0,0
755.8250904157566,672,406,0,0
755.880907181215,943,75,0,0
755.8827760199619,1929,143,0,0
755.8860414214072,45,63,0,0
756.0105508680373,442,339,0,0
756.0420408377869,1116,366,0,0
756.0522067449044,1086,328,0,0
756.0660824812704,752,93,0,0
756.127545914389,717,183,0,0
756.1586464569854,826,186,0,0
756.1630704524163,936,286,0,0
756.1647225494909,852,364,0,0
756.2485348981461,577,118,0,0
756.250034014692,1377,295,0,0
757.2714935533845,1983,308,0,0
757.2732020132365,1297,273,0,0
757.2781832194157,941,581,0,0
757.4290117531715,7423,769,1,0
757.7402200813002,114,256,0,0
757.7599980574479,31,581,0,0
757.7600813268751,1293,77,0,0
757.7735414448688,828,296,0,0
757.773802575217,1343,206,0,0
757.7800907790865,173,754,0,0
757.8741828758343,1514,459,0,0
757.9585064499248,1018,296,0,0
757.9807269638708,1357,26,0,0
758.0091293893272,240,306,0,0
758.0694473719597,758,475,0,0
758.0773207852702,310,565,0,0
758.0855252748993,1816,76,0,0
758.2792426414559,83,443,0,0
758.3250655358033,1174,477,0,0
758.5210614340076,565,153,0,0
758.5601985422599,759,147,0,0
758.5980269686665,1555,771,0,0
758.6897622547518,554,85,0,0
758.7629084488888,630,164,0,0
759.3015598621854,1102,422,0,0
759.3592419272038,588,595,0,0
759.3660828844841,1407,104,0,0
759.3740797758267,1489,590,0,0
759.3767204147351,592,49,0,0
759.4044597114677,974,118,0,0
759.4087653716251,985,352,0,0
759.4100478374626,504,505,0,0
759.4737476268219,340,497,0,0
759.8096698854132,7951,241,1,0
759.8103870058353,845,324,0,0
759.931500515115,10,240,0,0
759.9584048387417,207,252,0,0
759.9606592119849,534,218,0,0
759.9650651848863,419,75,0,0
759.9769909795285,1747,89,0,0
761.6943337826638,722,95,0,0
761.7224811552716,393,112,0,0
762.1369852846359,10,42,0,0
762.1422624904139,1437,12,0,0
762.2887257991284,593,447,0,0
762.3772727773755,28,307,0,0
762.3818320122163,679,110,0,0
762.3873549648864,582,230,0,0
762.4341024451436,1479,111,0,0
762.434848243518,680,17,1,0
762.4515031880803,1008,49,0,0
762.4528192404633,592,107,0,0
762.4705134713868,1186,109,0,0
762.5117015344952,1039,176,0,0
762.5818453913142,158,739,0,0
762.6208771694056,54,62,0,0
762.6329914304865,154,186,0,0
762.6390175504234,955,100,0,0
762.6422246971852,900,141,0,0
762.64746405258,1714,485,0,0
762.6549663334856,1939,59,0,0
762.6612261014883,1286,257,0,0
762.6863004682639,255,69,0,0
762.6908238285947,1082,105,0,0
762.6915592411029,1183,324,0,0
762.7588500334807,364,767,0,0
762.762730342945,938,205,0,0
762.7633544133436,10,770,0,0
762.7661145255153,651,4040,0,1
762.7748867663772,1458,718,0,0
762.7860616207691,85,104,0,0
762.8124622682324,1480,491,0,0
763.6160720050668,1421,91,0,0
763.6173271228471,571,551,0,0
764.0488617283186,1712,224,0,0
764.0731927172558,862,354,0,0
764.0824017807134,568,203,0,0
764.0825977008581,30,565,0,0
764.0923522787837,1516,285,0,0
764.1562946760627,886,290,0,0
764.1584004121597,18,29,0,0
764.1592155167602,1109,396,0,0
764.1604786345243,1101,205,0,0
764.1847088352006,1081,206,0,0
764.2031963186695,204,189,0,0
764.621552962643,1731,294,0,0
764.6280803645212,110,168,0,0
764.7135240827063,260,114,0,0
764.7150073941177,2661,3890,0,1
764.7259184060439,119,124,0,0
764.879084802517,631,432,0,0
764.8886536569905,684,428,0,0
764.9372210518784,135,767,0,0
764.9385503984452,1101,56,0,0
764.9411403169349,2846,112,0,0
764.9468485349446,2530,260,1,0
764.948607565067,1067,254,0,0
764.9553058528418,1474,763,0,0
765.2748116133332,2897,89,0,0
765.2855148700739,1226,486,0,0
765.3137999278505,754,277,0,0
765.7083007932872,763,322,0,0
765.7263427602097,581,93,0,0
765.7391628851899,274,446,0,0
765.745688953107,1141,427,0,0
765.9084696833863,643,60,0,0
766.0164018562086,1490,146,0,0
767.083693101357,30,145,0,0
768.1918703101607,458,376,0,0
768.1927557882146,338,109,0,0
768.2751274747908,1539,167,0,0
769.5104857662902,1465,437,0,0
769.5446848236411,293,21,0,0
769.5699768624281,675,275,0,0
769.5718027633629,1546,374,0,0
769.7529949772163,21,71,0,0
769.7554229148252,419,141,0,0
769.7815858604215,270,36,0,0
769.7910378334999,622,520,0,0
769.8378168569748,607,545,0,0
769.8455992919188,409,59,0,0
769.8535630672578,3510,290,1,0
770.0009789394435,919,298,0,0
770.018203246919,337,445,0,0
770.1337459774292,473,739,0,0
770.1386347050736,10,409,0,0
770.5021318819215,712,238,0,0
770.5554515143733,1663,91,0,0
770.7727072763065,40,228,0,0
770.8610739812574,1188,335,0,0
770.8618694233529,24,93,0,0
770.8619762333651,16,143,0,0
771.0175990209401,270,442,0,0
771.0246489499224,1857,96,0,0
771.032846220917,861,91,0,0
771.0362901079659,1333,18,0,0
771.0423092596691,900,175,0,0
771.075816781912,1486,399,0,0
771.1838784055607,27,401,0,0
771.1940452724424,1438,96,0,0
771.1942735067328,376,275,0,0
771.2541900149996,471,279,0,0
771.2871111497991,15,451,0,0
771.2923882801232,1232,57,0,0
771.2937367202763,803,321,0,0
771.294971981401,147,126,0,0
771.5168276502127,701,702,0,0
771.5220831298553,686,526,0,0
771.7236124995217,1589,241,0,0
771.7345633961654,54,40,0,0
771.8392409056122,32,401,0,0
771.8420610585943,909,4250,0,1
771.8434921529677,292,193,0,0
771.8555234337663,232,188,0,0
771.8560776828565,647,152,0,0
771.857301709594,534,81,0,0
771.9032209842359,555,310,0,0
772.3166725082651,617,119,0,0
772.342486342928,849,105,0,0
772.343142138437,586,288,0,0
772.3454388265394,8143,49,1,0
772.3711024261974,1178,159,0,0
772.3846367863556,136,375,0,0
774.5914084875847,23,767,0,0
775.3894481585472,1113,485,0,0
775.3993740866531,1217,218,0,0
776.615414548408,899,136,0,0
776.6180954921007,6,91,0,0
776.6207891871181,78,679,0,0
776.9421278560034,1598,12,0,0
776.9443435670798,1516,5760,0,1
776.9502293005645,762,320,0,0
777.4033907750675,546,297,0,0
777.4113087339771,107,596,0,0
777.6933435959619,1012,198,0,0
777.7695119074428,13,274,0,0
777.7773473500844,173,242,0,0
777.8444017966036,697,799,0,0
778.0223797972196,503,520,0,0
778.119853900241,1603,132,0,0
778.1232388363665,1858,196,0,0
778.246637140536,256,215,0,0
778.2468019912404,304,89,0,0
778.2565352116281,1124,115,0,0
778.2764341951488,3500,101,1,0
778.396691062672,38,25,0,0
778.6834702634152,90,80,1,0
778.6846542721978,24,85,0,0
778.6904423333244,81,605,0,0
778.7041740505391,357,293,0,0
778.7109396799694,1255,148,0,0
778.7482653476004,778,577,0,0
778.8127977710025,1616,324,0,0
778.8825665737604,1760,629,0,0
778.8913946664962,1216,428,0,0
789.9454630848743,1346,507,0,0
789.947165194721,350,279,0,0
789.9589450117209,491,122,0,0
790.372015403258,278,251,0,0
790.4667059936055,18,209,0,0
790.5568005020517,354,187,0,0
790.7932010172615,1020,7,1,0
790.8059854179133,418,99,0,0
790.829289996503,560,514,0,0
791.0143362636409,115,400,0,0
791.5175035851694,1035,275,0,0
791.5189595365758,377,43,0,0
791.5257717598108,3290,215,1,0
791.5457075101872,256,327,0,0
791.6682775968716,1694,169,0,0
791.6699289622641,1133,380,0,0
791.803212795257,1841,499,0,0
791.808268075946,104,20,0,0
791.899627662725,318,95,0,0
791.9333442318468,730,136,0,0
792.333892482642,1270,204,0,0
792.3364391332778,1355,292,0,0
792.4003506581737,892,452,0,0
792.4116636888754,1579,106,0,0
792.4165758529473,24,570,0,0
792.5521126381665,60,355,0,0
792.5549743382702,1201,424,0,0
792.6433531256299,187,223,0,0
792.6458395592589,344,442,0,0
792.6476726536707,571,386,0,0
792.7274921712681,1021,2660,0,1
794.2285891432847,1315,227,0,0
794.2788362527142,1822,292,0,0
794.2817460125998,1910,241,0,0
794.3197983832234,873,717,0,0
794.3302707185533,787,582,0,0
794.335287489081,62,41,0,0
794.3646095010766,515,204,0,0
794.4206004248614,785,41,0,0
794.5178408211669,563,135,0,0
794.5202373430184,2234,1056,0,0
795.021916495195,1243,136,0,0
795.0322383379336,1616,364,0,0
795.0329786452523,1795,261,0,0
795.0363649887163,668,95,0,0
795.0600028408559,340,279,0,0
795.0632986328171,1722,768,0,0
795.0907132179717,8,2830,0,1
795.0936648322825,1383,407,0,0
795.2359807345398,54,2290,0,1
795.2614869211475,998,554,0,0
795.2720712501706,742,497,0,0
795.3999133502642,1736,699,0,0
795.402578902758,410,769,0,0
795.4154054566379,1076,2710,0,1
795.4725919354146,606,366,0,0
795.5097014441798,433,279,0,0
795.5292830729323,1315,146,0,0
795.6303769135307,1747,781,0,0
795.636465405468,447,130,0,0
795.6531632885351,987,290,0,0
795.6561398902857,106,6980,0,1
795.6712474498089,884,254,0,0
795.6729073273793,1615,114,0,0
795.674541724311,575,39,0,0
795.691200024125,942,187,0,0
795.693385975487,1432,387,0,0
795.7719778965609,818,463,0,0
795.891447003097,1130,247,0,0
795.9460112278376,842,14,0,0
796.0232599331257,1299,39,0,0
796.0710981415535,1345,50,0,0
796.0719205074458,353,75,0,0
796.0737744038508,4522,3670,1,1
796.1066596452689,1611,505,0,0
796.1085975095258,506,748,0,0
796.1129365338338,1441,131,0,0
796.1286904211028,1224,126,0,0
796.1603855943312,507,223,0,0
796.1611055808718,372,399,0,0
796.1790157165592,795,302,0,0
796.2735628053491,924,461,0,0
796.3098197963365,14,291,0,0
796.6549967623865,31,146,0,0
796.6616902953102,488,428,0,0
796.8824704135761,974,383,0,0
798.1881520578235,242,248,0,0
798.2604071416483,2021,487,0,0
798.3873123517035,166,130,0,0
798.5186341414635,577,135,0,0
798.5188548048606,778,68,0,0
798.5230992924752,1647,124,0,0
798.675935555235,1736,463,0,0
798.6772797435465,479,142,0,0
798.7086730158818,16,454,0,0
798.7602947862619,493,121,0,0
798.9779692938386,24,177,0,0
798.9912010816311,20,325,0,0
799.0896189936994,476,398,0,0
799.1062530478298,153,140,0,0
799.515650803478,755,76,0,0
799.5204324451462,528,52,0,0
799.5263176358833,1117,180,0,1
799.5644141576203,890,222,0,0
800.0528599473781,656,506,0,0
800.0814513715569,1521,750,0,1
800.0975222759755,1781,167,0,0
800.1024289505773,1000,423,0,0
800.2420150204018,547,54,0,0
800.2462987708269,1811,8,0,0
800.2566741478935,180,130,0,0
800.2663532246203,732,155,0,0
800.4249030735845,1768,195,0,0
800.4279752549188,271,307,0,0
800.4311304606745,183,331,0,0
800.4566283090411,2170,118,1,0
800.4750505015764,1243,211,0,0
800.4759275231036,7,213,0,0
800.4788046567611,1146,196,0,0
800.4834907743607,81,180,0,0
800.5018236102826,1152,748,0,0
800.5049635199028,1581,174,0,0
801.3800251299117,1742,408,0,0
801.4091393039309,186,12,0,0
801.5995918736043,110,165,0,0
801.632343139371,1139,254,0,0
801.6599161706247,1269,132,0,0
801.7335555253429,11,151,0,0
801.7420789326685,246,334,0,0
801.7425287255313,23,48,0,0
801.7834644519966,193,267,0,0
801.787270610384,638,525,0,0
802.022678550041,1534,288,0,0
802.025457947873,1686,357,0,0
802.048556290258,1465,66,0,0
802.0666076353824,424,325,0,0
802.0720737335594,1056,270,0,0
802.0800003930424,922,755,0,0
802.09198370506,480,372,0,0
802.1163830337771,514,359,0,0
802.1449698923087,562,71,0,0
802.1638210061086,683,394,0,0
802.1805357766654,792,755,0,0
802.1807349103107,1806,117,0,0
802.4528619579844,1455,222,0,0
802.5203958114341,1194,537,0,0
802.5217659163075,516,769,0,0
802.5249698885899,1089,581,0,0
802.5252092927188,411,510,0,0
802.5252558380527,6,215,0,0
802.5320242771045,519,495,0,0
803.0177481710075,432,220,0,0
803.04118741831,766,260,0,0
803.0681319937767,772,4950,0,1
803.0883754210791,91,3610,0,1
803.1449342653748,1376,282,0,0
803.1610531701267,8041,151,1,0
803.1644090352576,973,327,0,0
803.1697989781295,145,126,0,0
803.2392935241569,1432,221,0,0
803.247265793362,1521,3280,0,1
803.2476520620091,699,379,0,0
803.3009257171339,985,352,0,0
803.3289572309617,12,177,0,0
803.5886322874479,997,255,0,0
803.6106609147421,1874,446,0,0
803.6289859294678,8062,130,1,0
803.6433607269732,1147,311,0,0
803.6470167544078,882,8,0,0
803.6779089847256,7750,442,1,0
803.6842510503027,1428,523,0,0
803.6865073250306,318,18,0,0
803.7010188861102,1241,244,0,0
803.722603601451,17,365,0,0
803.7594745190596,369,366,0,0
803.8280014522353,162,234,0,0
805.2574492335654,1014,634,0,0
805.267852546926,955,1580,0,1
805.5322446065459,1557,282,0,0
805.5502725111196,532,63,0,0
805.5732281016045,484,268,0,0
805.6638397387073,537,117,0,0
805.6670739908598,60,118,0,0
805.6823498461433,728,2860,0,1
805.7530138602224,1203,244,0,0
805.7540021922359,84,316,0,0
805.7567162120441,147,158,0,0
805.7639606514525,557,149,0,0
805.7807358007858,908,605,0,0
805.8637238243028,1064,439,0,0
805.8650831536869,7997,195,1,0
806.1521424477871,17,162,0,0
806.2244324064117,1466,435,0,0
806.2840731477474,1007,428,0,0
806.2844189169756,1239,820,0,1
806.3184761091625,1165,335,0,0
806.3221914369441,530,139,0,0
806.398891238613,29,121,0,0
806.4135575887431,1782,750,0,0
806.4210054316783,1082,2560,0,1
806.4237987053838,788,42,0,0
806.4348148337453,91,511,0,0
806.5022663296829,856,175,0,0
806.5029315857902,838,196,0,0
806.5068344861361,1421,157,0,0
806.5173920507663,308,82,0,0
806.5291660536936,796,195,0,0
806.5360054162905,1528,68,0,0
806.5618048290805,5,263,0,0
806.5822367764828,350,176,0,0
806.5824991488231,64,98,0,0
806.7174588611792,683,616,0,0
806.7184767372732,252,161,0,0
806.8995645988495,641,151,0,0
806.9820214097405,96,39,0,0
806.9825377478568,1010,751,0,0
807.0042697991255,1601,549,0,0
807.2727039891503,1555,67,0,0
807.5555705791945,815,155,0,0
807.580970378323,499,90,0,0
807.5847270081426,833,296,0,0
807.7832107774847,7879,313,1,0
807.7840846700093,103,91,0,0
807.7849755789897,770,238,0,0
807.8684323141752,904,96,0,0
807.8699911070879,1517,157,0,0
807.9234553130559,820,769,0,0
807.9255322424943,35,367,0,0
807.9305402228882,4,103,0,0
808.1119502866691,214,300,0,0
808.127214121979,115,18,0,0
808.1914592085242,24,153,0,0
808.2036588525564,102,100,0,1
808.2108118343217,180,204,0,0
808.2152762580756,88,42,0,0
808.2180808176232,156,211,0,0
808.2577408909058,17,157,0,0
808.301766289872,1006,193,0,0
808.8026206014291,1573,684,0,0
808.8343858566874,24,297,0,0
808.8450219980288,8106,86,1,0
808.8937969641556,739,266,0,0
809.2157130970712,562,396,0,0
809.2167189518732,88,357,0,0
809.7219554737935,8015,177,1,0
809.7254877220796,288,290,0,0
809.7290757371886,812,241,0,0
812.8200513120495,1811,250,0,0
812.98022186991,1279,229,0,0
812.9862772229203,535,160,0,0
813.0866703037897,230,201,0,0
813.3601299253392,8040,152,1,0
813.4313653364628,540,509,1,0
813.59365331528,1350,32,0,0
813.6307811801196,843,222,0,0
813.6817838806878,1068,367,0,0
813.683621448702,1609,305,0,0
813.685926145738,636,562,0,0
813.7123782291821,20,524,0,0
813.7136058457077,359,123,0,0
813.7827808270773,657,210,0,0
813.798056898013,47,153,0,0
813.9901567888041,475,117,0,0
814.0980065757681,597,268,0,0
814.1059506889144,938,563,0,0
814.1060332383139,250,295,0,0
814.107032673061,1110,369,0,0
814.125098584543,431,69,0,0
815.2100796245929,337,349,0,0
815.2287611814653,719,445,0,0
815.2869091577718,12,194,0,0
815.3041943077039,1031,162,0,0
815.3042818383658,77,261,0,0
815.3647706127286,145,2450,0,1
815.3756956786323,869,309,0,0
815.3765878805257,636,690,0,0
815.4491648408047,1167,748,0,0
815.4655148374263,303,107,0,0
822.056581636217,1075,60,0,0
822.0567940758134,80,200,0,0
822.0604152285514,974,191,0,0
822.0803442898006,423,460,0,0
822.0887303079221,45,22,0,0
822.155100101475,1172,290,0,0
822.262214891728,66,432,0,0
822.3093956144353,1191,69,0,0
822.3300183608762,795,151,0,0
822.334524115953,727,104,0,0
822.360562978009,872,177,0,0
822.4687891234774,1043,275,0,0
822.4918415335922,220,375,0,0
822.4921132748391,1685,480,0,0
823.0202505479517,1189,355,0,0
823.0269707105441,1392,370,0,0
823.1325778664057,44,403,0,0
823.1392804359962,33,263,0,0
823.2973054189307,772,210,0,0
823.3067291308771,583,255,0,0
823.6664465279684,7422,770,1,0
823.9152948954373,732,224,0,0
823.9203054930086,777,272,0,0
823.9203585812764,1153,246,0,0
823.9567752707021,774,140,0,0
823.9592958033132,1453,374,0,0
824.0891022522623,459,145,0,0
824.1278645639064,1052,209,0,0
824.1364973680425,862,395,0,0
824.1392279687731,1702,329,0,0
824.1425517905669,1721,617,0,0
824.4860391672164,1774,468,0,0
824.6113828625223,359,157,0,0
824.6232011426009,809,791,0,0
824.6579947091117,136,7,0,0
824.7727368110455,656,261,0,0
824.7853318784605,257,305,0,0
824.7858228422601,1239,173,0,0
825.2922771402452,3920,378,1,0
825.301841273296,1574,50,0,0
825.3071953984725,835,285,0,0
825.326496049837,1524,261,0,0
825.3291943142195,81,427,0,0
825.3312825943459,312,12,0,0
825.3599025134162,240,309,0,0
825.364333688487,476,573,0,0
825.407526296779,1795,299,0,0
825.4487533956664,1232,266,0,0
826.4143988387684,1329,397,0,0
826.4252104901548,1419,48,0,0
826.4473640877292,1495,310,0,0
826.4536149157223,349,219,0,0
826.6553406995953,688,285,0,0
826.7046627222571,483,50,0,0
826.7447410855431,520,368,0,0
827.564770057216,1096,197,0,0
827.5980467169857,500,230,0,0
827.6301804954903,634,149,0,0
827.6315360550954,985,244,0,0
827.6321034588599,429,292,0,0
827.6387997387245,926,124,0,0
827.6617125663122,7911,281,1,0
827.6638132082489,107,15,0,0
827.6665780084719,722,616,0,0
827.7519651429677,1674,331,0,0
827.7579963672081,1369,147,0,0
827.7638202457597,49,47,0,0
827.7733072927332,237,293,0,0
827.7754097804394,734,158,0,0
827.8810580937078,210,298,1,0
828.2110478195762,1701,551,0,0
828.3622105152224,1126,425,0,0
828.7724095987066,773,258,0,0
828.7727738421838,407,371,0,0
828.888680366445,1047,343,0,0
828.9032094561434,961,311,0,0
829.2028605384108,1695,181,0,0
829.2080762009648,142,118,0,0
829.3054928489814,149,144,0,0
829.9855074948357,754,703,0,0
830.051760129432,683,167,0,0
830.0772454506341,903,697,0,0
830.0915334968154,37,3880,0,1
830.1486085261363,16,6,0,0
830.1623025622625,261,35,0,0
830.164251356189,31,243,0,0
830.234494668422,323,208,0,0
830.8020143516014,1513,152,0,0
830.8471754518987,41,260,0,1
831.0250139777962,1586,312,0,0
831.2626466375452,239,745,0,0
831.2851700489375,113,279,0,0
831.3033546807094,37,11,0,0
831.307488473574,1670,493,0,0
831.3406290346772,533,110,0,0
831.3977541735385,1028,162,0,0
831.4009504292552,121,97,0,0
831.4126116664538,10,284,0,0
831.5852916510173,579,158,0,0
831.5908432999228,698,193,0,0
831.6830739354222,1089,320,0,0
831.7271738623059,1404,313,0,0
831.7384765626667,188,254,0,0
831.8634412045773,1512,217,0,0
831.9354727658472,1376,24,0,0
831.9541641214928,1862,343,0,0
831.9797417651162,1376,502,0,0
832.0259054287122,324,110,0,0
832.082734228538,1330,144,0,0
832.1331574447651,1275,253,0,0
832.2203464141852,99,290,0,0
832.2281254223806,20,168,0,0
832.62797784186,1074,462,0,0
832.6452078326508,1697,47,0,0
832.6599973300486,20,4140,0,1
832.9484741942979,767,43,0,0
833.1048915256289,648,284,0,0
833.1054053284331,522,154,0,0
833.1263888792433,379,182,0,0
833.2244380227116,752,284,0,0
833.2871647223444,1014,140,0,0
833.2879135704335,882,249,0,0
833.293086935763,176,274,0,0
833.2975846736484,999,250,0,0
833.3717639135646,32,763,0,0
833.4918014748118,1715,244,0,0
833.5354209401198,7879,313,1,0
833.5551750329429,8161,31,1,0
833.5593634024945,679,445,0,0
833.7398930070518,1336,322,0,0
833.7401515390486,1061,201,0,0
833.8028057791228,200,191,0,0
833.8733206915065,369,369,0,0
833.9123760053078,6200,292,1,0
833.9332774939405,442,769,0,0
833.9613170976595,966,264,0,0
834.041515633543,1286,356,0,0
834.0471093959176,788,162,0,0
834.1380499513667,600,133,0,0
834.1591761311247,1380,606,0,0
834.1845745542665,4,58,0,0
834.1846768077088,496,272,0,0
834.1861293113654,1836,270,0,0
834.1993996142943,602,359,0,0
834.204920808467,531,299,0,0
834.3320028951119,622,307,0,0
834.3330483428531,497,382,0,0
834.5623850643195,253,384,0,0
834.6653428826914,1082,7110,0,1
834.6970680735056,629,351,0,0
834.7047597488294,1412,511,0,0
834.7067454405988,249,237,0,0
834.708545420334,220,249,0,0
834.7133779052817,1400,238,0,0
834.7331873669929,1242,301,0,0
834.8104497008368,707,94,0,0
834.894236295144,982,384,0,0
835.0696000782846,1153,281,0,0
835.227117417537,425,130,0,0
835.2321714295493,159,10,0,0
835.2391464922158,136,14,0,0
835.4121569018033,7690,57,1,0
835.4162076527684,331,167,0,0
835.5723173836005,1558,386,0,0
835.594903631958,6,330,0,0
835.5961999417683,1609,180,0,0
835.6457634200498,780,385,0,0
835.6777156358644,1070,66,0,0
835.681789858572,1299,336,0,0
835.681960316863,11,361,0,0
835.717682287996,1273,202,0,0
835.7672379081584,621,231,0,0
835.8733704840289,35,259,0,0
835.9209384266172,7857,335,1,0
835.9258529693902,222,202,0,0
835.9265811646076,22,19,0,0
835.9424026299736,1048,47,0,0
836.0838116414122,139,234,0,0
836.1006359360365,1080,372,1,0
836.102421545138,926,53,0,0
836.1031395044827,13,156,0,0
836.103245759249,238,535,0,0
836.1331431388409,1901,713,0,0
836.1833986260723,649,768,0,0
836.1836675880254,24,361,0,0
836.1896782346766,146,767,0,0
836.5355214836061,370,2410,0,1
836.5358089974071,1435,197,0,0
836.9375705552451,303,192,0,0
837.1457228461991,596,290,0,0
837.2601761362511,804,316,0,0
837.3157934860532,374,93,0,0
837.3724917798465,6,98,0,0
837.4464936733698,403,154,0,0
838.0079221090123,1490,454,0,0
838.0101879289667,423,43,0,0
838.0107945088918,17,218,0,0
838.0111876742869,512,100,0,0
838.0438698110715,32,292,0,0
838.2045789058376,1775,263,0,0
838.209501567586,434,170,0,0
838.2581475802841,875,137,0,0
838.2900548697529,1609,268,0,0
838.504404899268,1020,187,0,0
838.5949767675681,368,302,0,0
838.6433614107169,927,467,0,0
838.648858985222,7890,302,1,0
838.6585817960462,480,171,0,0
838.7818011749383,637,253,0,0
838.810796490879,313,143,0,0
839.098983818909,1423,175,0,0
839.1049039525095,764,673,0,0
839.2447067808084,1403,42,0,0
839.2589966626398,84,76,0,0
839.306680572825,472,350,0,0
839.3073465261394,16,144,0,0
839.3883484841151,397,308,0,0
839.3917387995695,171,294,0,0
839.610915246607,277,223,0,0
839.725271286658,238,264,0,0
839.7311009078281,22,235,0,0
840.1227759199805,280,237,0,0
840.5469265500269,683,10,0,0
841.222313986542,1583,65,0,0
841.469229419275,208,320,0,0
841.479557204106,957,289,0,0
841.8609952013397,322,213,0,0
841.8627865003701,1683,26,0,0
841.8740911611671,880,91,0,0
841.9163357602931,669,592,0,0
841.9172121346292,280,253,0,0
842.1545701891341,1487,308,0,0
842.2297217714042,908,564,0,0
842.2464444298904,277,1290,0,1
842.2467506625918,1157,60,0,0
842.2524667419294,1997,108,0,0
842.3597240435828,281,292,0,0
842.4385472865164,72,427,0,0
842.442133568082,1660,352,0,0
842.4437570247476,1042,489,0,0
842.466373105215,1236,361,0,0
842.4684862070728,810,83,0,0
842.4693299522769,7825,367,1,0
842.8495352214976,491,276,0,0
842.8709806048646,630,218,0,0
842.914881085841,467,480,0,0
842.9277649355067,382,2190,0,1
843.0696159352707,380,4300,0,1
843.2141665151181,725,185,0,0
843.2294886375431,1760,177,1,0
843.2383490614784,1614,135,0,0
843.2477242811636,1743,213,0,0
843.3734808614964,1197,336,0,0
843.400851986529,12,292,0,0
843.4027940132071,1618,234,0,0
843.699006463335,554,377,0,0
843.7210186994013,4030,30,1,0
843.7772909514996,91,54,0,0
844.1349326870023,1704,384,0,0
844.1924580130327,1030,406,0,0
844.2993927021729,1281,754,0,0
844.3170996323595,527,132,0,0
844.386137610686,1468,427,0,0
844.5124938215105,160,17,0,0
844.5584583759785,240,227,0,0
844.5759723623069,5,138,0,0
844.5908494195062,1055,199,0,0
844.6030481512595,1239,334,0,0
844.6373456472858,459,3040,0,1
844.6453574287211,493,349,0,0
844.7083199826532,1519,15,0,0
844.716675447759,808,222,0,0
844.8665181952903,1562,373,0,0
844.8926715832719,1027,17,0,0
844.8984136361869,1280,182,0,0
844.9469670913472,1078,584,0,0
844.9493723962577,1050,84,1,0
852.7386332193823,72,55,0,0
852.7438591652932,772,132,0,0
852.7594587029889,30,60,0,0
853.0909031785413,571,255,0,0
853.097707591744,8,283,0,0
853.1010355492665,1644,283,0,0
853.1039925567828,511,403,0,0
853.2940617428618,310,36,0,0
853.2962488312877,295,3120,0,1
853.867528922604,1090,21,0,0
853.9364295490734,1615,218,0,0
853.9522566332242,759,330,0,0
854.1425370695667,1061,337,0,0
854.1626564533315,36,308,0,0
854.1742352319277,656,261,0,0
854.1758950471873,662,583,0,0
854.1770718046422,1612,432,0,0
854.2092824895411,1699,36,0,0
854.2096450509663,1614,249,0,0
854.2105361580059,988,46,0,0
854.2114672633962,832,345,0,0
854.228333956939,26,82,0,0
854.2295540669231,771,26,0,0
854.2424427651011,182,332,0,0
856.9471904342946,1375,382,0,0
856.9662205403454,1660,207,0,0
857.5445472787877,64,44,0,0
857.5685785531679,23,209,0,0
857.5705748544797,1653,82,0,0
857.5763113867199,1533,463,0,0
857.5810172819537,381,3860,0,1
857.6216485180881,640,910,0,1
857.6873599489447,451,453,0,0
857.7113237729312,952,77,0,0
857.7189887583149,7988,204,1,0
857.7225390149134,1143,259,0,0
857.7299231192876,7639,553,1,0
857.7327856779876,231,187,0,0
857.7362394475433,578,206,0,0
859.9725309894459,1267,269,0,0
860.0689110636919,9,418,0,0
860.0709742063124,350,393,0,0
860.0878670786839,167,132,0,0
860.119561799985,1271,158,0,0
860.1345397844439,1340,351,0,0
860.1387672024833,1479,339,0,0
860.1714675460632,1299,321,0,0
860.1924197068696,921,327,0,0
860.2344584187249,1130,285,0,0
860.3820646684386,970,32,0,0
860.3874701924999,1253,291,0,0
860.4110310780527,601,94,0,0
860.4172277113502,977,243,0,0
860.4201272195808,445,418,0,0
860.4256247406436,900,329,0,0
860.449782302072,456,38,0,0
860.4549971401344,542,229,0,0
860.4573988640215,60,154,0,0
860.4611712414829,1220,16,0,0
860.482634919454,1379,271,0,0
860.7516431820643,1571,111,0,0
860.95998944209,364,350,0,0
860.9607099913857,577,280,0,0
860.9695961754163,156,97,0,0
861.0214740123113,388,413,0,0
861.0287333672458,794,287,0,0
861.0409617724733,992,324,0,0
861.0435535255846,1589,413,0,0
861.0662088776245,1157,721,0,0
861.0789415127732,1130,205,0,0
861.0819563644833,121,38,0,0
861.1287121777541,427,481,0,0
861.2575718603116,513,419,0,0
861.3011249392817,11,231,0,0
861.3028792543641,978,258,0,0
861.3314422152419,1256,471,0,0
861.4100767106353,48,186,0,0
861.5619233740478,1389,220,0,0
861.7430041714077,1432,519,0,0
861.8513118190523,1154,17,0,0
861.8631300385384,551,353,0,0
861.9099183728605,1286,389,0,0
861.9773035503771,312,12,0,0
861.9986630043136,2012,340,0,0
862.0312175843541,672,499,0,0
862.0334809296846,1430,272,0,0
862.0645084636964,8,490,0,0
862.0716525693149,469,680,0,1
862.0844000208875,1003,66,0,0
862.5789140458907,1974,345,0,0
862.6055545146044,358,275,0,0
862.6371216112072,1638,37,0,0
862.6420861565634,1093,32,0,0
862.6430044217901,840,253,0,0
862.6445852837732,1855,767,0,0
862.6534162726556,22,24,0,0
862.6643028510117,1241,635,0,0
862.6647934032114,458,379,0,0
862.6693369355186,1904,289,0,0
862.686397369523,1246,364,0,0
862.6897982217984,1077,360,0,0
862.6978659018918,177,293,0,0
862.7192187855364,554,167,0,0
862.9062731786183,174,89,0,0
862.9391967269004,458,376,0,0
863.2775733059015,30,393,0,0
863.2786949849609,716,716,0,0
863.4945382443988,1005,152,0,0
863.5065349870642,1209,175,0,0
863.6265127344612,36,19,0,0
864.4810361831585,1610,35,0,0
864.5926263659641,317,276,0,0
864.6321695548189,1605,168,0,0
865.030318757211,597,188,0,0
865.0369966363584,17,85,0,0
865.1712287786892,926,391,0,0
865.2084506369878,728,51,0,0
865.245390435614,1615,16,0,0
865.2506850068803,593,471,0,0
865.2842596635228,864,220,0,0
865.3200078326452,764,254,0,0
865.3368115848976,24,930,0,1
865.370395385198,1030,60,0,1
865.3715311601715,479,58,0,0
865.4822610822501,1196,274,0,0
865.4929283260467,964,318,0,0
865.5212344899253,954,417,0,0
865.526274755619,362,345,0,0
865.5350566264691,571,655,0,0
865.5399733653119,500,752,0,0
865.7466255395353,1749,232,0,0
865.7500691327523,1270,229,0,0
865.7540769722397,1700,284,0,0
865.7664432574262,716,64,0,0
865.7680349996269,650,225,0,0
865.7703714197606,57,22,0,0
865.7966640967788,1008,116,0,0
865.8274779003946,1623,298,0,0
865.9042803336945,62,561,0,0
865.9461741937082,128,76,0,0
865.9493199103996,301,219,0,0
865.9515564218373,7792,400,1,0
866.0839588592795,545,625,0,0
866.0841925756341,1319,361,0,0
866.107627098935,12,331,0,0
866.17357855577,439,1660,0,1
866.3474953160323,1445,399,0,0
866.6013022933512,638,136,0,0
866.745420641951,555,606,0,0
867.492442875723,1462,260,0,0
867.4929368516997,816,203,0,0
867.5026645271004,1290,241,1,0
867.5367731101932,969,313,0,0
867.5369744226224,1464,377,0,0
867.5408460415855,770,644,0,0
867.7159819120961,1213,264,0,0
867.7207002306197,542,163,0,0
867.846625786792,350,629,0,0
867.9082912835152,649,494,0,0
868.090413520107,21,156,0,0
868.180550141165,552,444,0,0
868.2319652275885,258,330,0,0
868.3000989200821,543,213,0,0
868.3032704008216,362,13,0,0
868.7901842447764,387,399,0,0
868.8015424868097,592,526,0,0
868.8051954979647,469,341,0,0
868.8496346023496,8051,141,1,0
868.8507962089698,919,550,0,0
869.9424812322529,724,312,0,0
871.9171610333938,1172,237,0,0
872.1097019462569,1379,45,0,0
872.1126686262769,44,350,0,0
872.1586135961184,1145,75,0,0
872.1914094155826,76,14,0,0
872.1981221199234,1443,652,0,0
872.2088655406999,991,767,0,0
872.2557150585204,599,279,0,0
872.2629780426478,1589,376,0,0
872.2812868278313,1210,1370,0,1
872.3027504933477,1358,28,0,0
872.3043856435924,2017,234,0,0
872.3148220207235,1542,254,0,0
872.3236776660556,1282,211,0,0
872.8290004216565,1422,246,0,0
872.8561686789693,489,10,0,0
872.9035459609732,8,269,0,0
872.9370078704377,8069,123,1,0
872.9577243370475,379,349,0,0
872.9826383654624,27,358,0,0
872.9995097977807,683,311,0,0
872.9998398276815,27,201,0,0
873.0225440710389,920,436,0,0
873.028703690996,1427,631,0,0
873.0404221208452,1627,301,0,0
873.0436004388553,1812,198,0,0
873.0470560539273,1290,744,0,0
873.0683819439572,1350,286,0,0
873.0768181354774,713,84,0,0
873.1001216617796,1866,186,0,0
873.1332919959106,759,196,0,0
873.1538952162485,1016,51,0,0
873.1800612393566,63,41,0,0
873.1865393326132,3847,178,0,0
873.2001241620393,772,340,0,0
873.2730826679978,13,243,0,0
873.2878775979137,1647,193,0,0
873.354972190578,630,125,0,0
873.3787472187172,1309,71,0,0
873.5353885814253,862,106,0,0
873.5384643478213,1116,208,0,0
873.5749286583087,865,333,0,0
873.6860994049161,403,195,0,0
873.6907199485305,450,72,0,0
873.7190013541916,1299,418,0,0
873.7604480385329,1261,193,0,0
873.7769387903928,520,190,0,0
873.907383386627,7372,820,1,1
873.9488591204532,693,239,0,0
873.9619474891126,48,19,0,0
874.0710227109245,1518,679,0,0
874.1146588269985,851,263,0,0
879.5537818239669,47,35,0,0
879.5547203486358,7744,448,1,0
879.5831244494973,1877,280,0,0
879.6018782322307,465,163,0,0
879.6220886137978,1465,247,0,0
879.6224758234304,1838,352,0,0
879.6465275596047,378,280,0,0
879.6530332267733,822,211,0,0
879.733409583922,13,184,0,0
879.7356691116729,1272,503,0,0
880.2947971388049,584,219,0,0
880.3123658203735,15,375,0,0
880.3196260366199,638,129,0,0
880.3546974922228,1505,385,0,0
880.3557701061558,564,264,0,0
880.358157377155,523,43,0,0
880.4165490450027,443,393,0,0
880.4264613414683,8089,103,1,0
880.4477890466137,27,170,0,0
880.4479997749726,1269,63,0,0
880.4491909258462,1500,16,0,0
880.449794851978,998,98,0,0
880.8967022463296,35,559,0,0
880.9089813770167,916,440,0,0
881.1182503925572,852,570,0,0
881.1278771027949,675,30,0,0
881.2560292521941,282,574,0,0
881.2615710801759,29,68,0,0
881.2679862209324,2014,383,0,0
881.2799904519899,164,108,0,0
881.2987188189245,138,334,0,0
881.2990153515553,406,26,0,0
881.3141484424133,1931,44,0,0
881.3165111304439,19,68,0,0
881.3204748808132,650,140,0,0
881.3291302501868,756,134,0,0
881.3359739757348,357,57,0,0
881.3492050401941,1462,471,0,0
881.4757249261464,1037,368,0,0
881.6123350654805,837,366,0,0
882.0913280362344,414,311,0,0
882.0954807885514,875,499,0,0
882.1078747490503,677,71,0,0
882.1164458579432,8171,21,1,0
882.1229559413105,1755,386,0,0
882.1759231124356,556,216,0,0
882.2457143895574,425,219,0,0
882.2590724657939,876,613,0,0
882.2813672745729,1007,84,0,0
882.4773155723709,546,262,0,0
882.4903164683159,1652,127,0,0
882.6422738635865,12,4390,0,1
882.6603464236363,124,392,0,0
882.705961008411,44,31,0,0
883.4095629233087,1507,233,0,0
883.4159786336184,83,376,0,0
883.4543783761671,1724,293,0,0
883.6807519038322,708,522,0,0
883.7062309306218,578,93,0,0
883.9735677474033,97,151,0,0
887.0160600856824,500,24,1,0
887.3474751479619,6,99,0,0
887.3656765550185,96,474,0,0
887.369925478036,1382,97,0,0
887.4012985057104,404,257,0,0
887.4083810723404,1786,284,0,0
887.4130207140133,1130,80,0,0
887.5016099491161,1022,204,0,0
887.5786433277427,84,121,0,0
887.5794704860892,20,331,0,0
887.5870854219228,742,299,0,0
887.5898800369356,581,316,0,0
887.6671140241026,783,139,0,0
887.7120836440295,263,161,0,0
887.8489803952073,875,265,0,0
887.8692841811313,202,343,0,0
887.9292944170247,559,68,0,0
888.0144337597178,485,353,0,0
888.0339709589305,1962,3980,0,1
888.1560204017977,1244,105,0,0
888.1566367893606,1523,95,0,0
888.3145758534845,587,359,0,0
888.3160926478887,496,272,0,0
888.3264331560898,102,96,0,0
888.3602822053906,1612,301,0,0
888.3872981548487,284,230,0,0
888.3886584284321,6420,346,1,0
888.4105277614515,1395,111,0,0
888.4107924650954,1662,254,0,0
888.4231713217715,1371,2250,0,1
888.430881979746,8139,53,1,0
888.8018614038672,152,70,0,0
888.8123862193098,8040,25,1,0
888.8167657530416,449,42,0,0
888.8213934778299,1144,480,0,0
888.8248740118099,16,653,0,0
888.8429006344204,659,774,0,0
888.8707086059171,1597,535,0,0
889.3140091288915,1699,36,0,0
889.3154535154217,455,30,0,0
889.3725670294631,1843,335,0,0
889.3737117439817,1059,84,0,0
889.3838686089896,996,675,0,0
889.5487507672935,1797,396,0,0
889.7472015959801,219,156,0,0
889.8446068183738,1310,215,0,0
889.8505698342173,24,567,0,0
889.9705317558744,1457,438,0,0
890.332096651745,179,232,0,0
890.3333139221809,592,4060,0,1
890.3395762839494,655,94,0,0
890.3616967419753,931,52,0,0
890.3921574627798,18,149,0,0
890.4271247379373,1739,639,0,0
890.4396980041818,1036,83,0,0
890.4448429661664,3982,4210,1,1
890.4978801887708,94,21,0,0
890.50236704071,560,767,0,0
890.5159402499125,1563,565,0,0
890.5637480280808,1522,172,0,0
890.610003898322,81,460,0,0
890.7170427081088,261,271,0,0
890.8348125082123,1605,378,0,0
890.9114484525767,223,384,0,0
891.2993483921538,561,488,0,0
891.3007689138568,12,81,0,0
891.3307428137045,1754,126,0,0
891.3606957266882,586,465,0,0
891.3735292605174,348,152,0,0
891.3934319371779,1765,486,0,0
891.4354282269076,1429,83,0,0
891.4457820748153,6090,170,1,0
892.5644293211644,1758,347,0,0
893.6071223287795,5550,769,1,0
893.6152324232866,1806,23,0,0
893.7755350232558,1568,491,0,0
893.885492952211,1107,419,0,0
893.9188811338876,13,290,0,0
893.9334767324866,544,367,0,0
893.9915812342743,1211,25,0,0
894.0204510412808,22,364,0,0
894.0278475513051,658,14,0,0
894.1474865470893,801,769,0,0
894.1771775651322,1219,304,0,0
894.3679874532468,485,248,0,0
894.3696370211145,61,471,0,0
894.3741719658454,450,47,0,0
894.3742177483775,1646,496,0,0
894.3833925440775,621,123,0,0
894.3855377610251,90,242,0,0
894.4488240105743,1716,143,0,0
894.5955287159697,172,243,0,0
894.6200689437933,216,259,0,0
894.7389717030512,1307,53,0,0
894.7440278393599,634,162,0,0
894.745782708475,673,3720,0,1
895.0443549387056,703,249,0,0
895.1850106755948,758,125,0,0
895.2689509530938,847,319,0,0
895.2791938786609,987,3540,0,1
895.4277561925103,582,135,0,0
895.4940997192505,1162,492,0,0
898.9873884018712,1692,363,0,0
898.9874935545892,444,203,0,0
898.9892883791559,354,123,0,0
899.0953273548722,1864,564,0,0
899.1813683389452,851,158,0,0
899.2189782909463,156,749,0,0
899.2328042008567,632,387,0,0
899.2382116503167,598,220,0,0
899.7413181090287,1546,291,0,0
899.9273454168284,182,125,0,0
899.9661993428836,1626,5770,0,1
900.0111894890853,1604,259,0,0
900.5764950450774,1405,308,0,0
900.5792690221315,8,53,0,0
900.5813160795892,576,31,0,0
900.5970937847391,309,74,0,0
900.5996715851575,1307,292,0,0
900.7108598505159,505,266,0,0
900.7910530794318,6710,262,1,0
900.8739930342838,1692,166,0,0
900.8865516275457,880,354,0,0
900.892718964625,1434,129,0,0
900.9376388876099,1802,418,0,0
900.9379591961429,1128,397,0,0
900.9388954570172,5,224,0,0
900.9414995391152,1259,298,0,0
900.9427373488695,229,106,0,0
900.9622901442467,792,510,0,0
900.9642635128644,1035,4540,0,1
901.0347222356538,168,35,0,0
901.0500808077423,1515,331,0,0
901.0507975824117,90,363,1,0
901.0509409387636,730,88,1,0
901.7824070035416,1540,244,0,0
901.8162508404793,12,296,0,0
901.8590793227148,1780,168,0,0
901.8659181497688,1203,123,0,0
901.8685437301763,110,97,1,0
902.123392381031,218,96,0,0
902.1251387177452,1250,158,0,0
902.1329916621092,1487,55,0,0
902.1508499232762,485,28,0,0
902.1539676656824,50,277,0,0
902.159994149465,633,64,0,0
902.1660991436513,826,236,0,0
902.1727180335981,888,105,0,0
902.5491361178525,520,286,0,0
902.5686086222449,56,330,0,0
902.6941418634331,22,138,0,0
902.6972289361722,23,170,0,0
902.7030920545158,25,115,0,0
902.7081045653863,468,29,0,0
902.7088683812106,1428,440,0,1
902.7265916846706,1637,61,0,0
902.7276231947774,438,326,0,0
902.7293141675992,10,266,0,0
902.7466488608101,350,290,0,0
902.7777808791253,7982,210,1,0
902.7813593642616,889,128,0,0
902.8047353620832,29,336,0,0
902.9904599969714,63,278,0,0
903.2992913657305,367,669,0,0
903.4060042623569,616,91,0,0
903.415481130237,11,434,0,0
903.6358230066036,13,295,0,0
903.6458294152186,29,285,0,0
903.6554497698759,675,77,0,0
903.7753061269945,1513,166,0,0
903.812489068486,1898,101,0,0
903.8606269723094,722,177,0,0
903.8640411545282,1326,62,0,0
903.8744959046977,17,461,0,0
903.9082723236525,7,218,0,0
903.9594085903449,10,17,0,0
904.0140374627146,1035,392,0,0
904.0145647333975,811,461,0,0
905.5784686187443,65,342,0,0
905.667733607737,1083,248,0,0
905.6712843269996,943,260,0,0
905.8620778656009,21,328,0,0
905.8763340777779,359,15,0,0
905.8849497398992,1914,46,0,0
906.370960893318,495,233,0,0
906.3729899388622,1326,333,0,0
906.3754881280067,554,386,0,0
906.3788114166515,58,126,0,0
906.3847255068089,1691,2340,0,1
918.3463115936884,14,262,0,0
918.3540036448529,151,388,0,0
918.3565462690066,950,387,0,0
918.383057443233,1076,237,0,0
918.4671540395512,112,274,0,0
918.7000176903935,131,92,0,0
918.703444575436,789,17,0,0
919.6515588376205,1154,232,0,0
919.6791443203532,625,134,0,0
919.6825787344219,24,147,0,0
919.6866806799903,47,255,0,0
919.7370069059739,913,405,0,0
919.7568721671399,8000,192,1,0
919.7650803658435,34,621,0,0
919.791224067148,1620,154,0,0
921.8392424697543,690,76,0,0
922.1864523664431,306,204,0,0
922.1936871423628,572,110,0,0
922.198376223608,972,2410,0,1
922.3408449020466,287,134,0,0
922.3431676660757,156,127,0,0
922.3436544655474,136,530,0,0
922.3464314925063,7150,82,1,0
922.3477660170304,561,339,0,0
922.3487276213934,1651,47,0,0
922.3601005745492,505,113,0,0
922.3637877909587,1282,425,0,0
922.3729007089414,6300,484,1,0
922.4096548887504,11,598,0,0
922.4158563392265,1305,172,0,0
922.4168285844293,1086,383,0,0
922.4196006321223,279,332,0,0
922.5172523002507,1382,3200,0,1
922.5192955537593,124,206,0,0
922.5211353998823,5710,569,1,0
922.562398180881,395,248,0,0
922.5651308097197,136,78,0,0
922.5678470469165,31,16,0,0
922.5972391888531,594,103,0,0
922.6108331870112,1196,57,0,0
922.6166640675854,1498,501,0,0
922.6244525977803,271,134,0,0
922.7781600176622,395,259,0,0
922.8130658055376,1368,32,0,0
922.8175150064263,11,192,0,0
922.8252199208539,269,399,0,0
923.2596757094867,1397,18,0,0
923.2711879534512,35,152,0,0
923.3078535644892,803,283,0,0
923.3415561481639,1252,2190,0,1
923.3481996107947,646,3750,0,1
923.3739968249956,1112,236,0,0
923.3767650197049,707,214,0,0
923.3876560168219,1019,97,0,0
923.5766616557869,226,665,0,0
923.5901013223324,104,28,0,0
923.9929755655278,24,321,0,0
924.0212254415029,333,44,0,0
924.0740986513482,1403,449,0,0
924.0982934688138,63,278,0,0
924.1015258010185,1225,165,0,0
924.2624704112511,1883,1930,0,1
924.5833851980913,10,201,0,0
924.6183909568815,1586,3820,0,1
924.637729064097,475,183,0,0
924.6494222247941,1476,67,0,0
924.701033897206,1418,16,0,0
924.8632533457511,778,398,0,0
924.9797842901075,1422,208,0,0
925.0121826383388,450,2820,0,1
925.0322586712251,1045,321,0,0
925.0575540093688,297,72,0,0
925.071563957932,288,224,0,0
925.0738004980527,1130,194,0,0
926.1602909665854,1445,487,0,0
926.1640136572524,18,55,0,0
926.1668510011477,1637,626,0,0
926.4941816247856,1184,250,0,0
926.545248743992,205,122,0,0
926.6012010503392,1718,288,0,0
926.6077560322931,442,29,0,0
926.6261053298707,1061,1650,0,1
926.7153218104147,1603,182,0,0
931.4840702724389,1697,321,0,0
931.5392582742513,732,360,0,0
931.5641075212471,1735,151,0,0
931.6358786417561,9,244,0,0
931.6566318923229,365,287,0,0
931.6605766601335,270,214,0,0
931.6611057409691,1058,175,0,0
931.711819066909,1538,768,0,0
931.7128387896072,644,576,0,0
931.9151063554966,1606,737,0,0
931.9214602347727,972,295,0,0
931.9285994695852,657,112,0,0
931.9302303987323,1133,390,0,0
931.9322931908436,67,840,0,1
931.9369665139357,259,296,0,0
931.9682622610466,643,584,0,0
931.9746094379243,782,121,0,0
931.9867939148706,1115,100,0,0
931.9923997884833,398,332,0,0
932.0379801226007,1582,249,0,0
932.0739317032859,3008,124,0,0
932.1158313399259,883,3570,0,1
932.1179509885753,598,494,0,0
932.1212822785603,133,285,0,0
932.1224649617106,763,657,0,0
932.1885054860836,83,6,0,0
932.1885881799121,1797,130,0,0
932.5252909179446,1287,310,0,0
932.5340414731348,476,432,0,0
932.538398487484,692,649,0,0
932.5613869824522,50,266,1,0
932.5707383197381,1870,625,0,0
932.5785139054304,1205,254,0,0
932.6129318268273,634,152,0,0
932.6649333016591,330,252,0,0
932.6705732596673,42,236,0,0
933.0663278377705,1012,289,0,0
933.0674896191844,919,430,0,0
933.1566270069136,1711,446,0,0
933.1836178897964,521,302,0,0
933.1856967425266,488,60,0,0
933.2760202319284,1044,211,0,0
933.5013645404006,1799,78,0,0
933.50206330369,50,22,0,0
933.5554098982478,1821,18,0,0
933.5688538605793,394,156,0,0
933.5945432334032,1653,403,0,0
933.5951208673245,7,411,0,0
933.6509119783522,929,196,0,0
933.821818423633,774,672,0,0
933.8506651653192,27,2080,0,1
933.8548667553464,1388,360,0,0
933.8631318070833,927,252,0,0
933.894329110499,20,423,0,0
933.9053412312492,1155,115,0,0
933.9064173800123,7606,586,1,0
933.9079638306192,1928,348,0,0
933.9087952880408,9,729,0,0
933.9264013178068,699,44,0,0
934.5727719062576,9,292,0,0
934.8052452533346,13,159,0,0
934.8155386839636,1669,51,0,0
934.826434500215,1579,383,0,0
934.9329385671082,319,300,0,0
934.9970674835718,7170,93,1,0
935.2025749567687,927,129,0,0
935.2423597134775,1311,116,0,0
935.2499010324739,1601,559,0,0
935.3040461850348,266,755,0,0
935.8601890716211,1765,769,0,0
935.8890960205307,183,250,0,0
936.9283475961355,518,161,0,0
936.931300241164,1099,82,0,0
936.9405238045887,1073,522,0,0
936.9675514745999,531,487,0,0
936.9813832086494,110,36,0,0
937.0891041866092,1497,44,0,0
937.1215241388809,1169,333,0,0
937.1857519799727,1876,280,0,0
937.5324867951858,1663,203,0,0
937.5340837066213,947,311,0,0
937.5438436409394,339,18,0,0
938.4662891182336,7,247,0,0
938.4750888914881,49,1590,0,1
938.4771240678735,975,201,0,0
938.4803209520925,71,17,0,0
938.4820237588463,88,236,0,0
938.4945512602649,821,178,0,0
938.5230441057173,108,133,0,0
938.5562559576716,603,197,0,0
938.6333449093846,958,13,0,0
938.6458342262979,1952,679,0,0
938.7321993942052,1123,192,0,0
938.8889177758825,1104,53,0,0
938.8899582572054,1285,336,0,0
938.8922956202643,10,301,0,0
938.9354407376302,1371,769,0,0
938.9370616958605,524,44,0,0
939.0827101460471,2910,56,1,0
939.0878158201314,437,73,0,0
939.0926092873872,43,124,0,0
939.1149064491697,376,374,0,0
940.8914166834896,747,293,0,0
940.8931899345489,314,355,0,0
940.9085682690567,13,611,0,0
940.9123438301026,488,4620,0,1
940.9647904108838,1292,218,0,0
940.9773321380924,1631,192,0,0
940.9921101150833,479,142,0,0
941.0341347026925,26,228,0,0
941.0445651548728,1733,770,0,0
941.0623589064376,2002,46,0,0
941.1094399498056,1710,293,0,0
941.1249625134725,811,738,0,0
941.1349827393246,707,707,0,0
941.137878738061,25,138,0,0
941.176555863571,1342,429,0,0
941.1982023873358,778,309,0,0
941.2108110980383,469,208,0,0
941.2155396388706,711,556,0,0
941.2218740973079,1094,769,0,0
941.2242836519157,261,646,0,0
941.7926340821236,401,390,0,0
941.8507590482379,361,182,0,0
942.7703985555253,449,145,0,0
942.7709372118929,1708,88,0,0
942.7716343170111,1750,334,0,0
942.801560065646,748,85,0,0
942.8130982903941,44,127,0,0
942.8196783707974,75,280,0,0
942.8246315750021,1244,399,0,0
942.8346290160284,115,83,0,0
942.8347262179216,1622,51,0,0
945.0354665800735,1663,720,0,0
945.0440896535699,942,254,0,0
945.0551762279687,925,140,0,0
945.1666604994977,1220,288,0,0
945.1786409213374,1041,287,0,0
945.2117773787868,859,70,0,0
945.2828242691489,371,349,0,0
945.3642593072699,1020,767,0,0
945.4155130521625,1840,277,0,0
945.5756090790844,1853,490,0,0
945.7434138986931,11,9,0,0
945.7676828932508,18,494,0,0
945.8247289379474,992,619,0,0
945.8315839036676,1188,3550,0,1
945.9293988207969,520,120,0,0
945.9308800570464,379,4,0,0
945.9321121455988,20,702,0,0
945.9364507150194,919,142,0,0
945.9914773955089,1616,131,0,0
945.9978108087191,438,318,0,0
946.0084861680808,421,246,0,0
946.2573662288081,912,64,0,0
946.8012111609669,899,427,0,0
948.4210986276388,691,107,0,0
948.6167824548539,1632,320,0,0
948.6990770386263,1792,298,0,0
948.7615935406487,1396,210,0,0
948.7641709399966,1623,226,0,0
948.7943273922559,631,35,0,0
948.8122762701216,1032,197,0,0
948.9957599117187,449,60,0,0
949.0615262889788,688,318,0,0
949.0650212472816,12,322,0,0
949.0774018026303,750,364,0,0
949.1430114322752,7942,250,1,0
949.1744602258677,921,592,0,0
949.1809547985173,1122,24,0,0
949.3017698432693,1284,284,0,0
949.3022824090773,243,170,0,0
949.36822295644,7470,328,1,0
949.3720427666301,8,7680,0,1
949.3731323379237,629,390,0,0
949.3835431722079,1137,144,0,0
949.5755202371075,405,655,0,0
949.5763759203016,1310,54,0,0
949.5901326366272,4,451,0,0
949.6092936108902,1427,465,0,0
949.6170683702493,950,728,0,0
949.6253721538427,532,442,0,0
949.640108474333,1257,300,0,0
949.6679993290139,1266,133,0,0
950.0072949884168,111,16,0,0
950.0073741084086,339,18,0,0
950.0380244286807,297,96,0,0
950.1461586762275,1167,394,0,0
950.1467228067432,6290,190,1,0
950.2111066639844,1692,1610,0,1
950.3369471869129,1033,64,0,0
950.3451507594148,1154,415,0,0
950.3754355641865,10,12,0,0
950.3810655021849,1320,174,0,0
950.3826095867995,959,708,0,0
950.3887820838037,4090,12,1,0
950.3934419803225,754,230,0,0
950.510316766002,912,15,0,0
950.5154383364411,434,617,0,0
950.5837415805656,40,604,0,0
950.6909401412073,14,2340,0,1
950.8860501503407,128,27,0,0
950.9059731050239,202,301,0,0
950.9564326469043,757,18,0,0
950.9602503472217,143,15,0,0
950.9626704972818,983,13,0,0
951.4001505218603,654,305,0,0
951.5545345817767,238,292,0,0
951.5569533385972,437,141,0,0
951.5602384892641,1850,442,0,0
952.1161178472342,1578,356,0,0
952.1495226012368,470,20,0,0
952.3417683613799,883,4,0,0
952.705345990464,1560,324,0,0
952.7191607692938,350,177,0,0
952.8344727993607,26,271,0,0
952.8362952538138,989,214,0,0
952.8535735892331,1971,397,0,0
952.9445127466281,1441,771,0,0
953.2377563101267,1552,767,0,0
953.2568482811131,933,86,0,0
953.311091162055,646,233,0,0
953.3146185696359,818,215,0,0
953.431349066915,290,106,0,0
953.4327175635065,775,306,0,0
953.4419202105328,17,498,0,0
953.4557846147226,480,208,0,0
953.4586833408174,1150,216,1,0
953.4642151201191,1772,421,0,0
953.4740800860149,1214,527,0,0
953.5966462251845,509,770,0,0
953.6611757422742,38,99,0,0
953.6974818791432,3610,33,1,0
953.7352468998889,182,205,0,0
953.7751073851633,353,469,0,0
953.7778696003893,347,292,0,0
953.7873205836622,1022,306,0,0
953.7990486078013,610,291,1,0
953.8809449246739,1192,281,0,0
953.9150621007695,1143,243,0,0
953.9694582263785,79,272,0,0
953.9712362512686,1718,706,0,0
954.3942026178815,30,220,0,0
954.399320466383,368,407,0,0
954.4018784588872,1924,240,0,0
954.4212279947529,289,19,0,0
954.4520260015166,130,278,0,0
954.4641411825336,1703,310,0,0
954.7964100213546,1211,272,0,0
954.8023594846209,780,186,0,0
954.8092320610781,701,300,0,0
954.8104992165481,796,222,0,0
955.046211963756,1788,525,0,0
955.0548263071407,1420,64,1,0
955.062828260745,597,216,0,0
955.0632981192948,1959,196,0,0
955.0665268360126,11,183,0,0
955.0725630140295,1335,14,0,0
955.1095187386745,824,4920,0,1
955.2159294088757,792,144,0,0
955.373684494626,380,527,0,0
955.377603925517,353,418,0,0
955.4040521415354,917,262,0,0
955.7606564442899,208,88,0,0
955.8226866640165,1559,177,0,0
955.9149665787827,510,206,0,0
956.147943128015,4090,183,1,0
956.2028325121955,23,259,0,0
956.2255515035838,14,1540,0,1
959.1072654064985,1304,317,0,0
959.1083032439292,278,289,0,0
959.1393276428768,1296,257,0,0
959.2140918982356,1033,268,0,0
959.2395081633432,13,145,0,0
959.2602717476398,849,180,0,0
959.269738562867,1107,277,0,0
959.452255218829,282,290,0,0
959.4528394388511,390,172,0,0
959.4549687965855,245,189,0,0
959.456227093407,1520,213,0,0
959.4612341591053,5,30,0,0
959.467897023466,1669,59,0,0
959.5081432326215,430,185,0,0
959.6489476727427,905,239,0,0
959.6527259791601,39,163,0,0
959.673925941095,6,180,0,0
960.9120110125151,345,133,0,0
961.0057022874421,806,164,0,0
961.0065460134264,889,291,0,0
961.0942032118711,478,34,0,0
961.11811620535,395,3510,0,1
961.1404031680776,1711,177,0,0
961.1811407486977,774,200,0,0
961.2879685541363,1171,3310,0,1
961.3241786163168,993,556,0,0
961.4719967285929,1732,17,0,0
961.5132958196303,646,61,0,0
961.6335835856702,502,256,0,0
961.6959125753243,1195,327,0,0
961.6995282835754,1300,308,0,0
961.7005716807984,654,226,0,0
962.5599528577549,1786,199,0,0
962.5635823342141,500,389,0,0
962.5658950454895,3100,288,1,0
962.7240496041439,9,523,0,0
962.9087369262621,1764,382,0,0
962.9227323703489,9,189,0,0
963.182961294794,661,193,0,0
963.1899027676565,933,169,0,0
963.1992525484815,3570,68,1,0
963.2005673971477,1230,389,0,0
964.3753146441034,1265,167,0,0
964.4007631276397,1209,56,0,0
964.486005079057,688,633,0,0
964.4868445856868,1074,354,0,0
964.541174798045,23,2950,0,1
964.541746129605,20,115,0,0
964.5471519102848,414,127,0,0
964.6269067716125,501,301,0,0
964.9941263386517,755,3100,0,1
965.5105816658066,338,364,0,0
965.5302885082397,363,2350,0,1
965.5318679161833,1386,471,0,0
965.5771372930908,3310,336,1,0
965.585893762204,432,153,0,0
965.6772441731102,837,20,0,0
965.733800933573,782,324,0,0
966.442109389485,1663,1730,0,1
966.520234645545,1389,140,0,0
966.5367529574277,243,767,0,0
966.5920382799231,331,167,0,0
966.6040883126282,1319,117,0,0
966.6127318699804,1563,323,0,0
966.619533638406,894,246,0,0
966.6329662455147,1131,21,0,0
966.6392509051018,74,243,0,0
966.6624858344348,1008,332,0,0
966.6635827562761,389,387,0,0
966.6719005367204,5760,275,1,0
966.7399294092113,1104,767,0,0
966.7443975783834,8059,133,1,0
966.7471188161313,225,127,0,0
967.489246351712,479,16,0,0
967.4965805257112,371,213,0,0
968.1771002242416,1661,315,0,0
968.1949639840584,828,99,0,0
968.250921325061,178,225,0,0
968.3707240837405,1622,780,0,0
968.3764757198888,891,588,0,0
968.3807560016658,1683,83,0,0
968.4050996814457,829,17,0,0
968.4233182101992,1636,204,0,0
968.51617938817,1712,1940,0,1
968.5241481988405,7751,441,1,0
968.5296389457657,1917,365,0,0
968.5622509560693,8064,128,1,0
968.5668969178741,1125,9,0,0
968.5701543061309,1460,166,0,0
968.6064900053284,1488,293,0,0
968.6156255803674,1146,72,0,0
968.6170394859371,148,732,0,0
968.7295340542871,2326,373,0,0
968.7421884167535,1447,109,0,0
968.7424155496453,664,413,0,0
968.7467054963519,34,96,0,0
968.8899357383109,905,502,0,0
968.9095771324303,1329,227,0,0
968.9146258425787,450,244,0,0
968.944473942452,963,48,0,0
968.9495408520448,209,21,0,0
968.9590164796203,350,34,1,0
968.999846735155,378,251,0,0
969.0026825693159,1484,398,0,0
969.7089340159577,365,173,0,0
969.7090411283914,1156,5950,0,1
969.7098997367766,13,350,0,0
969.8225998639298,128,240,0,0
969.8596532843824,9,380,0,0
970.6690696219712,437,606,0,0
970.7395274457615,66,121,0,0
970.923147918651,1712,23,0,0
970.9982521943684,1589,746,0,0
971.0115958167694,926,332,0,0
971.0121395874035,879,27,0,0
971.0232034636557,304,310,0,0
971.069624166899,557,343,0,0
971.1020213626542,514,50,0,0
971.1051441278072,1282,131,0,0
971.2359803411797,340,313,0,0
971.2444645485357,1413,63,0,0
971.247185629004,1122,93,0,0
971.2698053475402,1786,769,0,0
971.2871435179621,389,222,0,0
971.2890167352888,63,267,0,0
971.2918593494363,531,541,0,0
971.3191788045596,21,306,0,0
971.977947150754,566,139,0,0
971.9780854111624,7606,586,1,0
971.9782452012287,1440,2850,0,1
971.982957283243,284,113,0,0
971.99103491495,477,36,0,0
972.0867732407023,113,135,0,0
972.0875335102404,452,767,0,0
972.1209330139824,1655,229,0,0
972.1589921177801,771,729,0,0
972.276480986107,1750,239,0,0
972.2821422293289,585,121,0,0
972.2860905382992,7426,766,1,0
972.2983584442695,1354,45,0,0
972.3053008644114,1337,200,0,0
972.3125282884479,1481,173,0,0
972.3198999118648,978,15,0,0
972.4039917540243,1085,120,0,0
972.4161968560178,964,262,0,0
972.4299063374065,807,396,0,0
972.497430165144,576,419,0,0
972.5093608805192,10,1080,0,1
972.5418120269591,8,359,0,0
972.5429029476932,1329,53,0,0
972.5674157750861,1165,534,0,0
972.5900070742931,808,455,0,0
972.5959201841016,7839,353,1,0
972.602935098738,240,388,0,0
972.6069221933265,1223,126,0,0
972.8191908188551,170,247,1,0
972.8350588647559,764,214,0,0
972.8402479184217,120,453,1,0
972.846022072006,966,746,0,0
972.8491224769688,6,174,0,0
972.880512008883,1005,601,0,0
972.9075678298539,95,18,0,0
972.9116380274743,468,211,0,0
972.9163803761764,995,267,0,0
972.9502743127008,1781,377,0,0
972.9523376315612,1666,446,0,0
973.3083867054758,472,305,0,0
973.3339143523082,437,73,0,0
973.3406495341079,1572,99,0,0
973.3726880510571,1717,769,0,0
973.3732254103236,1024,199,0,0
973.4312460506711,7722,470,1,0
973.4372264728836,956,114,0,0
973.5651945013411,1751,195,0,0
973.6761500313627,1795,173,0,0
973.6802843512958,1883,69,0,0
974.031720042527,875,137,0,0
974.042555006104,1700,188,0,0
974.0537595534989,1271,233,0,0
974.211402042262,618,399,0,0
974.3419357557243,1150,336,0,0
974.3476211040379,843,623,0,0
974.3756085796158,1872,249,0,0
974.381702175479,988,354,0,0
974.3848549803636,536,2040,0,1
974.3899989897607,107,29,0,0
974.4318573409,18,499,0,0
974.4324107143863,280,134,0,0
974.4631204580477,426,575,0,0
974.4670914598382,219,232,0,0
974.4781344503027,20,520,0,0
974.693592743445,1854,334,0,0
974.7387962062869,1872,137,0,0
974.7479483986194,1212,265,0,0
975.3814999019966,7950,117,1,0
975.382338886947,979,243,0,0
975.4029481509201,1585,325,0,0
975.5249364295937,7989,203,1,0
975.5263192772596,253,73,0,0
975.5740995032394,876,118,0,0
975.5855578688527,1650,349,1,0
976.0556634939783,588,589,0,0
976.1603727690235,903,332,0,0
976.216300246507,594,231,0,0
976.217267604524,18,359,0,0
976.2281865881159,324,260,0,0
976.7204504601335,1301,291,0,0
976.8111234004757,7752,440,1,0
976.8157218770287,258,90,0,0
976.8280274464579,1127,373,0,0
976.8285729919969,721,38,0,0
976.8521704331256,169,162,0,0
976.854743665932,368,371,0,0
976.8558369297168,1032,248,0,0
976.8584105237985,590,205,0,0
976.9430631968579,1064,264,0,0
976.9439266452847,1516,21,0,0
976.943995344517,1594,284,0,0
978.1761905468072,698,284,0,0
978.1835631814861,677,231,0,0
978.1908886286427,1268,116,0,0
978.1927192832653,1274,308,0,0
978.3703966116582,1807,144,0,0
978.4402090421288,1075,581,0,0
978.5205112881041,1682,366,0,0
978.5666225483316,194,248,0,0
978.6744791875844,1427,157,0,0
978.7164368083402,1881,517,0,0
978.7291871948796,1065,353,0,0
978.8643545377217,1083,71,0,0
978.8933894226403,437,414,0,0
978.899569609012,46,40,0,0
978.9359500840858,1828,187,0,0
978.9363506571901,1657,450,0,0
978.9604728644059,7,306,0,0
978.9652330521353,140,242,1,0
978.9661628402149,226,195,0,0
979.0230208500434,411,319,0,0
979.9506478119959,9,20,0,0
980.1691194934513,386,5340,0,1
980.2298003339316,16,62,0,0
980.2337345871942,7625,567,1,0
980.234842114036,1254,656,0,0
980.2440556274312,9,310,0,0
980.2487267067613,739,90,0,0
980.277504957232,740,306,0,0
980.8372652233681,397,21,0,0
980.9313943669354,735,302,0,0
980.9688069309793,70,265,1,0
981.0085557748388,674,496,0,0
981.0094402834937,1276,99,0,0
981.0864569753037,5870,278,1,0
981.11317121191,123,591,0,0
981.1174776481698,349,178,0,0
981.1335084185035,699,504,0,0
981.1458835929976,19,394,0,0
981.2070186624032,734,33,0,0
981.214010058562,1860,597,0,0
981.3883370485274,1933,268,0,0
981.4085499183982,93,267,0,0
981.4156698301579,684,99,0,0
981.7195055055619,704,283,0,0
981.7330408902159,665,293,0,0
981.7517415469035,318,368,0,0
981.7540379593884,1419,281,0,0
981.9474936941547,1401,100,0,0
981.9651251203475,910,47,0,0
982.021271760193,5850,466,1,0
982.0319676608342,8054,138,1,0
982.0645240422876,451,50,0,0
982.0660006578167,613,18,0,0
982.0735556750412,704,10,0,0
982.0750377535646,1052,71,0,0
982.0849533879009,79,6190,0,1
982.1657358506949,1543,265,0,0
982.1724659663863,323,131,0,0
982.1883025549828,1446,27,0,0
982.215518496586,36,130,0,0
982.7215655995881,67,13,0,0
982.8144646371087,498,22,0,0
982.8151881898734,5,249,0,0
983.079335498538,756,302,0,0
983.0799811423666,985,456,0,0
983.0809442466943,681,216,0,0
983.1085919345347,754,164,0,0
983.5119250290635,1065,429,0,0
983.5156330484,259,132,0,0
983.5172695398882,259,622,0,0
983.5265982148119,608,307,0,0
983.5511285749379,634,516,0,0
983.8133055301768,375,304,0,0
983.833917900706,815,304,0,0
983.8420912075708,422,406,0,0
983.8498419316701,1729,403,0,0
983.8728593757783,783,614,0,0
983.9183734031071,668,18,0,0
983.9208190991424,794,192,0,0
983.932829844368,523,245,0,0
984.0092552468752,513,37,0,0
985.4357013934125,1198,144,0,0
985.4805318619581,1323,394,0,0
985.4807418151415,1563,333,0,0
985.4862168117298,488,193,0,0
985.5251145783786,388,320,0,0
985.5338906182174,1107,2930,0,1
985.7131369294865,963,232,0,0
985.7234343487429,503,127,0,0
985.7736328803358,7966,226,1,0
985.8191244718928,439,440,0,0
985.8261055696297,865,213,0,0
985.8322351185737,717,768,0,0
985.8407256881493,1607,148,0,0
985.8426973696373,8087,105,1,0
985.8615169046876,851,361,0,0
985.8659266965313,1066,127,0,0
985.8831924411709,9,260,0,0
985.8852533846148,132,1560,0,1
986.3036429084328,937,696,0,0
986.3525329880132,1325,279,0,0
986.620474137635,1591,531,0,0
986.6253707143436,4830,2920,1,1
986.6336821216895,53,113,0,0
986.6792438637767,88,218,0,0
986.7137875987889,705,356,0,0
986.7460343353538,15,500,0,0
986.8327633986545,773,8,0,0
986.8797562713451,1324,290,0,0
987.0497760690631,957,210,0,0
987.0559159185498,431,387,0,0
987.183970518318,17,106,0,0
987.1839867762212,12,185,0,0
987.2172414069581,1280,560,0,0
987.2278299997643,124,4490,0,1
987.2344552435335,533,136,0,0
987.2512985093662,1589,63,0,0
987.2656460137374,768,68,0,0
987.3029070838293,19,93,0,0
987.3052437131871,1541,326,0,0
987.3105417587536,7571,621,1,0
987.3472519740666,669,254,0,0
987.3534986931264,267,262,0,0
987.3610315658897,1751,111,0,0
987.4101386555988,5,231,0,0
987.4361723210674,1263,439,0,0
987.4419532017857,70,292,0,0
987.445643464701,884,436,0,0
987.4961764493237,253,565,0,0
987.5748501809489,479,485,0,0
987.6345326707286,1663,338,0,0
987.6831554546773,623,626,0,0
987.6931136392661,263,32,0,0
987.6965879001577,901,233,0,0
987.7117434683731,434,403,0,0
987.7244513527676,51,30,0,0
987.7294539838407,1812,125,0,0
987.7573730163085,635,352,0,0
992.9825024447147,510,6330,0,1
992.9888453556557,1217,218,0,0
992.9974973949064,5,26,0,0
993.0671753601764,26,648,0,0
993.0712623237885,661,291,0,0
993.078726941181,531,618,0,0
993.0859561457308,11,220,0,0
993.1010195531857,1870,374,0,0
993.1868880965472,778,594,0,0
993.2353925381306,21,241,0,0
993.236408753129,89,142,0,0
993.2454482126169,1514,280,0,0
993.2478284974655,183,174,0,0
993.2794547060499,802,194,0,0
993.2858791650077,566,165,0,0
993.4259884848135,40,23,1,0
994.1889016577443,599,570,0,0
994.1982441904149,635,698,0,0
994.2228535140154,22,99,0,0
994.2997441505165,1663,720,0,0
994.3041301073357,761,142,0,0
994.3050693864154,1403,140,0,0
994.3482633388267,397,40,0,0
994.3793072893403,1483,594,0,0
994.3797210957457,218,96,0,0
994.3937771173219,347,37,0,0
994.3998017883156,10,216,0,0
994.4044308309773,245,278,0,0
994.4216706353454,8163,29,1,0
994.4226090591376,1501,676,0,0
994.4236470940253,15,282,0,0
994.611055438342,190,303,1,0
994.6667053550362,1444,111,0,0
994.6803521768344,629,325,0,0
994.7002769731947,12,221,0,0
994.7297270046715,1180,235,0,0
994.7470376164265,51,685,0,0
996.3910865432566,796,769,0,0
996.3962938742837,244,340,0,0
996.4495268084092,129,64,0,0
996.4512386088217,334,180,0,0
996.5069579907903,398,166,0,0
997.0262088417669,4,769,0,0
997.0409329083315,769,104,0,0
997.0445646802046,1222,39,0,0
997.0452493275292,1520,236,0,0
997.194628409993,502,5510,0,1
997.1988964876318,1816,657,0,0
997.2244248306881,18,237,0,0
997.290621663718,171,263,0,0
997.2932373008838,1452,290,0,0
997.3123228481119,42,182,0,0
997.5512240631606,8173,19,1,0
997.554471312602,785,330,0,0
997.5640703443438,1711,5,0,0
997.5819565410482,1060,360,0,0
997.5826646464385,6550,602,1,0
997.5899524667497,816,771,0,0
997.6895995646155,1655,91,0,0
998.6010503430931,218,19,0,0
998.6037741525548,772,403,0,0
998.6232367858671,52,445,0,0
998.6582594693266,502,178,0,0
998.6680556809572,1713,178,0,0
998.6733015270402,1378,429,0,0
998.6847371826584,723,2860,0,1
998.6920254711372,343,285,0,0
998.6954112497932,1460,768,0,0
998.7063067730752,16,305,0,0
998.7196375472046,1809,478,0,0
998.7198385753129,1607,512,0,0
998.7424984899844,1701,183,0,0
998.7543485795114,1037,80,0,0
998.7742025153917,698,369,0,0
998.7745459929854,2750,37,1,0
999.6236545508027,276,251,0,0
999.6414177856575,1670,322,0,0
999.6421416321162,806,329,0,0
999.7872661088704,942,412,0,0
999.8478779564729,1308,60,0,0
999.8538801800291,946,396,0,0
