arrived_at,num_prefill_tokens,num_decode_tokens,prefill_inflated,decode_inflated
0.0,86,293,0,0
0.6300724835830342,401,30,0,0
0.6301817756552819,1545,120,0,0
0.6438752875411348,639,282,0,0
0.7809177847794757,415,246,0,0
1.0505707745190196,1447,490,0,0
1.1172857219528174,7725,467,1,0
1.4776401118515778,596,210,0,0
1.5098659140174537,135,767,0,0
1.5642127568312127,1479,338,0,0
1.5900115479141923,647,213,0,0
1.5921182734335177,487,338,0,0
1.5954370437441816,1364,393,0,0
1.6339895360994396,907,59,0,0
1.6396440935884633,874,1830,0,1
1.869156023734499,495,405,0,0
2.10843387762381,1143,581,0,0
2.7672371302046135,92,69,0,0
2.7843649594746456,423,360,0,0
3.071591651328041,256,327,0,0
3.074539766309559,106,3510,0,1
3.0780659733450175,1357,22,0,0
3.0992968882782224,657,525,0,0
3.130977786878641,1105,316,0,0
3.131714818565524,1085,349,0,0
3.1322811384912246,920,19,0,0
3.1689896652474245,446,58,0,0
3.172206751671776,7,201,0,0
3.374469253495371,11,198,0,0
3.4141928210377173,8,264,0,0
3.4475482810341567,778,483,0,0
3.4749262192597667,1511,260,0,0
3.5831068614745574,1290,416,0,0
3.596393514076744,1838,55,0,0
3.7546337308264723,589,767,0,0
3.760936717645636,11,236,0,0
3.772442581707093,133,28,0,0
3.777069272439365,2220,169,1,0
3.8367002992570387,489,9,0,0
3.856087648458863,3855,244,0,0
3.8593042267259907,787,90,0,0
4.84822294637209,18,373,0,0
4.856941245815642,88,407,0,0
4.871241148203115,1150,49,0,0
4.910934424214622,755,312,0,0
5.5056921160547665,1668,548,0,0
5.519103246489136,274,97,0,0
5.592745484891542,1122,114,0,0
5.614732299411922,1045,616,0,0
5.615698160674806,379,235,0,0
5.703651529838828,566,262,0,0
5.842603845871011,454,185,0,0
5.853769915779776,697,172,0,0
5.871266043508568,492,280,0,0
5.872162074740597,682,180,0,0
5.873020160113218,780,768,1,0
5.881266853965754,1192,92,0,0
5.944366743024151,441,5310,0,1
5.951421506411205,370,269,0,0
5.983780694887537,27,410,0,0
6.1087898477950615,522,7670,0,1
6.130643696478977,955,386,0,0
6.187571790919886,871,531,0,0
6.514127080160459,518,125,0,0
6.515620092851174,1123,492,0,0
6.595538196684014,1238,222,0,0
6.595954426825704,548,501,0,0
6.6387372810693135,10,767,0,0
6.665818529302566,377,276,0,0
6.671905695954804,1876,144,0,0
6.673997916918954,331,18,0,0
6.689943631946847,1415,2920,0,1
6.697887298403843,1106,187,0,0
6.719822559796016,769,555,0,0
6.722759148998829,1793,554,0,0
6.776485679439422,1298,60,0,0
6.778758795867038,270,88,0,0
6.788578408849522,918,75,0,0
6.796817385537832,863,176,0,0
7.024653652135565,15,261,0,0
7.025559815791098,44,359,0,0
7.0334435730672515,1476,100,0,0
7.225496997629805,1426,23,0,0
7.230333393470851,517,305,0,0
7.231846114446494,407,509,0,0
7.263616520697161,380,320,0,0
7.27371910681752,15,399,0,0
7.369528631636888,614,382,0,0
7.372392209823474,349,542,0,0
7.3988272573941565,613,45,0,0
7.467209070210669,778,82,0,0
7.610416758070476,1374,28,0,0
7.612391744996293,490,565,0,0
7.923589876398431,427,83,0,0
7.9265684929601505,424,114,0,0
7.9274446159149345,837,185,0,0
7.930118985949196,407,202,0,0
7.954714174272521,1106,184,0,0
7.964195119897418,1032,288,0,0
8.007738753037252,474,124,0,0
8.056359912303176,218,199,0,0
8.090454588902537,294,138,0,0
8.101300589998054,3980,392,1,0
8.780563477586174,1271,469,0,0
8.780778027080782,1101,318,0,0
8.781340256198835,9,32,0,0
8.787887736926107,1466,429,0,0
8.789353561181764,702,612,0,0
8.789462279122937,14,28,0,0
8.79314155223379,1155,69,0,0
8.79717382461287,332,282,0,0
8.797308586426338,1225,355,0,0
8.897816667842255,344,71,0,0
9.140334777824116,500,281,0,0
9.353369356386734,278,429,0,0
9.359897815102787,1510,42,0,0
9.384139570883743,8,313,0,0
9.386057472703262,1591,53,0,0
9.413325827906366,1775,299,0,0
9.418011463382317,136,170,0,0
9.458972393655404,1490,472,0,0
9.468059964890355,426,305,0,0
9.610706119024083,77,52,0,0
9.704967140113315,117,200,0,0
9.919989424705667,1065,580,0,0
9.920717217252706,1738,204,0,0
9.921191305323733,1922,2850,0,1
9.961733241672853,348,307,0,0
9.967422226978668,13,290,0,0
10.007407454608362,22,282,0,0
10.04021353829906,3210,206,1,0
10.066088664478755,1268,232,0,0
10.179538337543967,8081,111,1,0
10.23446974589172,177,58,0,0
10.28089039140645,1652,374,0,0
10.28391025759884,834,385,0,0
10.851945145524345,1710,156,0,0
10.875189899461555,914,176,0,0
11.040355870456365,785,541,0,0
11.075064436187317,514,196,0,0
11.303575160603337,1159,27,0,0
11.328105799787323,397,598,0,0
11.355990372575963,172,338,0,0
11.379761673551895,681,59,0,0
11.384134867316996,1840,26,1,0
11.389882679598971,1302,311,0,0
11.403332349891002,1289,552,0,0
11.417612770184823,1525,28,0,0
11.420140859057842,11,403,0,0
13.430334118586195,1015,304,0,0
13.432868910242297,19,437,0,0
13.442653953478452,563,165,0,0
15.843140895284296,49,658,0,0
15.847964282485503,809,24,0,0
15.931454442489418,1096,159,0,0
15.999122882988122,8,208,0,0
16.011026127137548,1618,28,0,0
16.01206174084291,1575,358,0,0
16.012869738187938,987,416,0,0
16.030630965213756,1680,570,0,0
16.07249739971844,1549,770,0,0
16.072739262029554,1620,125,1,0
16.097236209592037,1693,650,0,0
16.102113579715407,1468,712,0,0
16.210235574564397,1452,323,0,0
16.2359120621067,1760,543,0,0
16.23954481449042,730,372,0,0
16.247280018369626,1171,395,0,0
16.2671621718272,996,767,0,0
16.535563965954456,19,330,0,0
24.596715624684244,236,198,0,0
24.634265995087752,670,79,0,0
24.657670087522792,1025,134,0,0
24.732729405935455,1897,762,0,0
24.752509963843234,442,170,0,0
24.827226997281993,1605,172,0,0
24.873333339031806,1724,48,0,0
24.894827145754853,1808,180,0,0
24.899219709009056,449,30,0,0
24.928953405262828,596,48,0,0
25.060787501266,5680,155,1,0
25.086033460471352,250,149,0,0
25.535921570517495,730,382,0,0
25.679597695568383,644,431,0,0
25.696431120550063,10,238,0,0
26.40585168534354,440,26,0,0
26.40816913753928,540,309,0,0
26.63738249304297,1638,481,0,0
27.542188451341076,311,119,0,0
27.5555318804995,930,297,1,0
27.573641848707627,1493,150,0,0
27.71923503863503,972,250,0,0
28.111270176992026,8,358,0,0
28.165787774476637,1037,231,0,0
28.202495562485662,414,260,0,0
28.34515231885006,656,567,0,0
28.38359790695671,320,173,0,0
28.38563951639071,1820,324,0,0
28.401357975588922,361,187,0,0
28.423584241321727,100,14,0,0
28.42472478960323,285,353,0,0
28.47563632655624,16,171,0,0
28.48082482076896,1740,2030,0,1
28.581875066272858,711,178,0,0
28.583037886368754,300,670,0,1
28.586726793282057,1377,471,0,0
28.58796476614742,13,214,0,0
28.886028157885494,148,356,0,0
29.177925515544025,553,534,0,0
29.60857004357744,17,286,0,0
30.04530217851402,1287,565,0,0
30.184622778025094,1929,513,0,0
30.321193862481156,163,110,0,0
30.321957922805343,1098,621,0,0
30.366042140977534,1571,266,0,0
30.374444543270513,251,263,0,0
30.386461247063124,765,82,0,0
30.388419414929857,382,384,0,0
30.704587532142032,759,196,0,0
30.735998170647765,715,133,0,0
30.73716838727226,1011,435,0,0
30.80026688612876,15,452,0,0
30.819465361219024,769,579,0,0
30.82218881462327,622,364,0,0
30.833935616441284,423,115,0,0
30.83838027553712,1271,247,0,0
30.838587852661483,23,245,0,0
30.839534988878604,529,116,0,0
30.893328574314662,1788,57,0,0
30.93137372297865,347,6520,0,1
30.96357513892228,1548,48,0,0
30.965324642999537,1239,187,0,0
30.97081970801879,7985,207,1,0
30.99139783705001,207,253,0,0
31.06321162675438,348,720,0,0
31.066554491968926,1503,299,0,0
31.068720641334373,1311,213,0,0
31.24506883265543,1572,676,0,0
31.265682718930456,1509,720,0,0
31.274105967251657,931,302,0,0
31.278212204420278,1347,62,0,0
31.28305552638774,299,144,0,0
31.712315655432192,351,330,0,0
31.837728298004734,662,219,0,0
31.84555319900494,1480,491,0,0
31.847022960554366,34,166,0,0
32.35979276602722,1672,305,0,0
32.77690199638266,1409,266,0,0
32.97746791824363,3465,224,0,0
33.074587648464565,319,23,0,0
33.07500187927557,1300,277,0,0
33.07636614050519,202,390,0,0
33.13221956414798,374,338,0,0
33.14242603471667,13,242,0,0
33.17250370365498,272,253,0,0
33.17881257812985,355,381,0,0
33.18366186502014,509,435,0,0
33.23823455412714,1089,186,0,0
33.2463314397296,1574,640,0,0
33.26427716564565,1216,506,0,0
33.29434933211277,1474,504,0,0
33.32302786529912,1237,445,0,0
33.5061430759529,908,166,0,0
33.78463897231829,267,51,0,0
33.78580775921966,505,528,0,0
33.79633426462995,209,108,0,0
33.80126353744294,170,102,0,0
33.88266774328305,1086,233,0,0
33.8847896250896,134,453,0,0
33.96950495573991,854,767,0,0
34.042441940924135,1908,339,0,0
34.09950641118762,1867,420,0,0
34.10206829667412,1301,261,0,0
34.11374363109556,740,767,0,0
34.11581077258516,1042,5980,0,1
34.155483548227835,346,338,0,0
34.27663031971197,265,146,0,0
34.27748671586844,1039,3180,0,1
34.28091780207089,677,115,0,0
34.2938515808476,1626,16,0,0
34.30005045718392,937,314,0,0
34.655336152958945,1232,206,0,0
34.66874771219427,9,26,0,0
34.698475538025335,296,377,0,0
34.70041708498205,45,226,0,0
35.09318363869519,513,768,0,0
35.11817560413868,1361,124,0,0
35.20253386457096,1349,54,0,0
35.22388500003457,1163,209,0,0
35.22414316947587,605,492,0,0
35.2248777722725,1750,589,0,0
35.226243263872306,1229,323,0,0
35.27232107179031,302,227,0,0
35.27879962820124,159,170,0,0
35.32113096185337,348,272,0,0
35.35302458302618,761,355,0,0
35.38262469402874,116,122,0,0
35.495597539557785,1120,78,0,0
35.52148940092578,122,456,0,0
35.52216344172034,409,183,0,0
35.52678676031665,2861,1010,0,1
36.025178556893664,395,288,0,0
36.02728609866046,1679,68,0,0
36.30230724237028,1289,465,0,0
36.79391952803728,1506,673,0,0
36.79940794955822,1007,20,0,0
36.835329949919334,336,221,0,0
36.83642202490369,252,253,0,0
36.920977930286746,6,23,0,0
36.92478628617736,348,111,0,0
36.92609881335513,1533,643,0,0
36.93432049702296,929,178,0,0
36.94154932274895,98,219,0,0
36.947146190785396,1584,432,0,0
36.97386527670479,253,309,0,0
36.98673500270438,24,430,0,0
36.99152194308958,636,545,0,0
37.11187731017954,1447,490,0,0
39.40089942688086,1927,581,0,0
39.42145102303895,900,107,0,0
39.42586177735489,271,246,0,0
39.428339406759086,1090,151,0,0
39.48705871747907,7,182,0,0
39.49786085421358,647,155,0,0
39.51645721671628,1329,345,0,0
39.5167912335155,13,203,0,0
39.51866644982108,658,175,0,0
39.520431812237746,1206,100,0,0
39.63955859476689,897,1600,0,1
39.650066866328466,603,319,0,0
39.650192020309554,1413,27,0,0
39.69749844886126,118,156,0,0
39.8712886365228,7660,331,1,0
40.116272697814736,538,4,0,0
40.11633918064955,216,497,0,0
40.140830811800065,7865,327,1,0
40.23223063772459,724,316,0,0
40.292820988367204,1186,416,0,0
40.30407633027185,348,428,0,0
40.30456806045828,1314,273,0,0
40.312148978022755,29,435,0,0
40.32159811915372,1591,721,0,0
40.37845828991749,1817,214,0,0
40.44332287919695,1162,7030,0,1
40.45442948673702,734,356,0,0
40.55263409132886,781,487,0,0
40.55481472056186,1276,646,0,0
40.55942172031526,38,195,0,0
40.57637994898975,946,27,0,0
40.63320828527296,358,284,0,0
40.64268225358407,417,342,0,0
40.85416553014893,250,264,0,0
40.89521041573765,1739,334,0,0
40.897913952022336,941,357,0,0
40.91932759063664,684,99,0,0
40.922385846449124,252,35,0,0
40.92501779513499,1774,55,0,0
40.92605658606504,11,224,0,0
41.22135736733829,797,597,0,0
41.33259628192743,1327,66,0,0
41.333330974796965,1223,346,0,0
41.500446162878056,10,221,0,0
41.6237641401078,6,100,0,0
41.63248872525469,971,392,0,0
41.68224965007093,1301,312,0,0
43.29030507506598,120,375,1,0
43.322291582791074,1862,652,0,0
43.36424872303597,1488,390,0,0
43.534548415148365,580,354,0,0
43.53682694596573,1778,579,0,0
43.53826171900756,746,606,0,0
43.539338560893896,1179,141,0,0
43.55480247173818,1561,279,0,0
43.65817911727259,196,99,0,0
43.66141838206272,24,767,0,0
43.66258543120838,290,311,0,0
43.690449553340066,30,726,0,0
43.69942078277485,1352,606,0,0
43.762999299258446,1767,126,0,0
43.77782742416961,1300,478,0,0
43.79122467649695,106,25,0,0
43.80767227643415,1353,23,0,0
43.82865834332941,1832,90,0,0
43.83151122272399,1041,11,0,0
43.83358518069112,605,432,0,0
44.30539277269834,966,261,0,0
53.821739237742705,614,642,0,0
54.00737583898977,1281,167,0,0
54.00813626104017,7850,342,1,0
54.029224353502,203,202,0,0
54.244156118516415,1030,99,0,0
54.24493631922884,1142,156,0,0
54.25247971296623,1322,618,0,0
54.261315471831516,1177,537,0,0
54.264523766971784,574,3490,0,1
54.268282341655016,618,689,0,0
54.42105014557357,1423,112,0,0
54.42920050868381,1339,626,0,0
54.44197851177469,959,105,0,0
55.06847718003314,6,263,0,0
55.07216467737472,510,25,0,0
55.07260234318934,7982,210,1,0
55.146516169633756,1241,237,0,0
56.28196508406672,1139,90,0,0
56.3127979563186,916,246,0,0
56.350127157816004,284,769,0,0
56.351662491996265,1631,1340,0,1
56.35475439131707,1466,163,0,0
56.73373559896804,11,189,0,0
56.98462036879509,964,68,0,0
57.04999321454528,1675,83,0,0
57.05554226708454,298,145,0,0
57.057383730987205,70,291,1,0
57.05983395285168,556,480,0,0
57.06172325375303,444,255,0,0
57.128706969528885,914,383,0,0
57.13273393978327,1552,735,0,0
57.13990199269944,851,326,0,0
57.21679965057979,978,174,0,0
57.29010239679217,1157,306,0,0
57.31095097454501,541,199,0,0
57.35981034362884,8114,78,1,0
57.37861047310176,747,399,0,0
57.378994073343065,189,1350,0,1
57.394703692693454,405,243,0,0
57.40252879805584,345,437,0,0
57.41146019050686,1579,334,0,0
57.44093086434759,677,4310,0,1
57.44676590214401,25,255,0,0
57.65684866880608,343,41,0,0
57.66970516242245,629,63,0,0
57.69496829893103,1152,252,0,0
57.73002292493126,597,607,0,0
57.74283288043415,5300,206,1,0
57.80906659824983,7962,230,1,0
57.89148607345027,733,1980,0,1
57.955580008223016,609,200,0,0
57.9599269672282,810,766,0,0
57.96283887489304,1292,76,0,0
57.96809965674135,1310,374,0,0
57.98590062595102,1401,226,0,0
57.98631229055923,1091,294,0,0
57.98951311193112,341,179,0,0
57.99124082802409,28,233,0,0
57.99571574381331,57,161,0,0
57.998426757233005,1618,386,0,0
58.08647075233509,1035,334,0,0
58.12863556596665,410,144,0,0
58.24584920166918,1297,5360,0,1
58.248224175226994,1235,12,0,0
58.25183410821342,7912,280,1,0
58.26130452020611,9,368,0,0
58.73908515287052,974,36,0,0
59.239420239037244,769,767,0,0
59.244449181709605,1254,442,0,0
59.3059815012431,1461,136,0,0
60.59780725177547,240,394,0,0
60.60004336200945,1302,115,0,0
60.612067648179256,552,129,0,0
60.85018393750219,1069,58,0,0
60.92552692314447,628,167,0,0
60.9279412747985,47,306,0,0
61.300664057174664,7972,220,1,1
61.42813967210051,4280,447,1,0
61.49944651861366,647,100,0,0
61.50093064230892,1288,108,0,0
61.51374858442295,884,495,0,0
61.76417219988784,599,122,0,0
61.81200569679758,1617,769,0,0
61.900658873307435,341,246,0,0
61.91114650823383,844,407,0,0
62.28118033747537,342,63,0,0
62.29224298569953,706,310,0,0
62.40614266349309,801,769,0,0
62.440453536054214,2640,156,1,0
62.4430552602582,496,363,0,0
62.79416458145562,262,185,0,0
62.79560380420133,1351,418,0,0
62.79971052623785,1392,358,0,0
62.8235325818805,183,92,0,0
62.82460756935042,568,150,0,0
62.8250889107969,387,409,0,0
62.83918576369352,621,66,0,0
62.84675944340681,108,36,0,0
62.85700970975355,1302,160,0,1
62.90550604641601,762,26,0,0
64.54095656175976,390,329,0,0
64.5486326195819,382,684,0,0
66.92213829588492,1595,160,0,0
66.95071596836834,996,203,0,0
66.96520889979999,552,168,0,0
66.96528722012977,537,91,0,0
66.96609990167065,1596,57,0,0
66.99535136554132,1656,128,0,0
67.04789797973014,1000,435,0,0
67.05113208374266,1010,441,0,0
67.08240102996243,229,29,0,0
67.18506896821785,775,94,0,0
67.19053029515712,1867,19,0,0
67.19118645527523,3035,357,0,0
67.19354158367463,10,605,0,0
67.20268950439626,7896,296,1,0
67.23228597348636,8176,16,1,0
67.31131615077166,1830,327,0,0
67.3139253310249,1764,2410,0,1
67.33181120900649,261,217,0,0
67.34172791634934,1471,63,0,0
67.35959969553586,238,6710,0,1
67.5108003651964,1319,384,0,0
67.73460464158507,521,216,0,0
67.74103409071215,283,56,0,0
67.74598081718915,361,99,0,0
67.75017216196169,292,385,0,0
67.75599613422357,643,767,0,0
67.76330228925498,49,356,0,0
67.77523192508387,12,22,0,0
67.78134159994653,110,497,0,0
67.78330198042237,253,324,0,0
67.784918263473,522,7670,0,1
67.80376501633002,1323,343,0,0
70.03376585964686,1704,41,0,0
70.08523145278296,1504,331,0,0
70.14708137928302,418,116,0,0
70.18111715072772,19,425,0,0
70.19335486438645,1249,181,0,0
71.12155905544952,11,323,0,0
71.13057657640039,316,294,0,0
71.13297948225808,323,268,0,0
71.13440528003733,495,98,0,0
71.15890814336264,333,583,0,0
71.161203878684,322,662,0,0
71.16414574747269,605,19,0,0
71.16710885740817,71,530,0,0
71.16832209080793,508,434,0,0
71.19194341586012,143,37,0,0
71.19252949655862,3420,395,1,0
72.81983340443898,1128,262,0,0
72.81990055583243,1672,38,0,0
72.82094011984832,1311,267,0,0
72.84020648941033,460,179,0,0
72.87955340803533,668,361,0,0
72.88816430095345,236,99,0,0
72.91859209665283,1542,2270,0,1
72.94316443035363,1930,386,0,0
72.9656033493195,1343,498,0,0
73.02215263196773,956,335,0,0
73.05084665998274,667,601,0,0
73.06536581687787,1316,310,0,0
73.07879332183398,178,476,0,0
73.18365575363481,250,222,0,0
73.19606389703115,1043,88,0,0
73.25243545312995,922,58,0,0
73.67955527162871,558,345,0,0
73.71883253971716,1453,72,0,0
73.92295102859757,557,114,0,0
73.9306571423708,486,233,0,0
73.96224818530487,528,2600,0,1
74.01315266956395,126,35,0,0
74.04229495627715,486,395,0,0
74.09028956100966,1610,258,0,0
74.39646309724529,1579,452,0,0
74.40622342664088,1074,660,0,0
74.411015933066,219,523,0,0
74.44622411273977,964,181,0,0
74.44721154795252,1182,184,0,0
74.46488573146672,74,185,0,0
74.6615147141585,1615,61,0,0
74.67917823055049,683,292,0,0
74.73308676919312,1321,2880,0,1
74.77199837860222,1618,371,0,0
74.97197781023124,510,366,0,0
75.02164793110701,615,252,0,0
75.0487355557173,717,2490,0,1
75.04875863129047,4,10,0,0
75.05506657351124,1832,111,0,0
75.1290628164895,17,253,0,0
75.14239995913158,7903,289,1,0
75.14634838970781,28,238,0,0
75.25358909544852,173,152,0,0
75.2565687926762,999,413,0,0
75.26530869702262,13,542,0,0
75.33274051736262,846,159,0,0
75.33882943271288,7735,457,1,0
75.3627694090304,1050,473,0,0
75.37903608279817,415,110,0,0
75.38055586072679,1422,96,0,0
75.38635125883964,340,288,0,0
75.39429508465564,1127,2620,0,1
75.39878303737474,745,344,0,0
75.54382941210291,8114,78,1,0
75.55929658370235,390,38,0,0
75.56377844053435,1078,709,0,0
75.56477276236592,477,513,0,0
75.5731354255628,1086,414,0,0
75.79146542685781,169,146,0,0
75.80005874925529,160,89,0,0
75.87149398660011,995,280,0,0
75.91039877298326,250,587,0,0
75.91597324767956,723,566,0,0
75.91831656924121,449,294,0,0
75.96449096622165,640,55,0,0
75.96503317752304,1030,389,0,0
76.01427663843123,1054,642,0,0
76.01574409521227,278,335,0,0
76.10339317207841,1651,159,0,0
76.11064918201663,568,5,0,0
76.12402330678152,228,278,0,0
76.25495615142631,836,771,0,0
76.25712806405487,560,249,0,0
76.27495797306133,1541,660,0,0
76.28352657819431,1189,363,0,0
76.32839178017457,429,49,0,0
76.39680726245297,822,253,0,0
76.42573443792786,375,264,0,0
76.45042690659109,712,255,0,0
76.45771469051581,1191,325,0,0
76.51266452811053,7603,589,1,0
76.52292435456366,7455,737,1,0
76.54424460858839,177,262,0,0
76.56810856397911,373,315,0,0
76.56920041529452,1433,334,0,0
76.57093023586108,107,34,0,0
76.59667835216952,427,363,0,0
76.61269422913817,202,183,0,0
76.81610834816344,845,42,0,0
76.81623838665543,563,135,0,0
76.84166416730076,865,327,0,0
76.98899488220464,597,369,0,0
77.00914935925961,1618,284,0,0
77.08906338688348,238,359,0,0
77.10663323072828,27,5770,0,1
77.12173377183126,1162,306,0,0
77.22413833451861,993,302,0,0
77.22542178905549,1366,169,0,0
77.22561613986488,1190,342,0,0
77.26947415114766,1665,320,0,0
77.29113333632249,28,153,0,0
77.312426584265,749,352,0,0
77.34248955048724,640,303,0,0
77.40161751821114,1148,167,0,0
77.40836731833211,1170,294,0,0
77.45190709425646,710,326,0,0
77.48375263703024,307,80,0,0
77.48549094963671,16,615,0,0
77.49814809715491,1377,99,0,0
77.52755405096526,276,719,0,0
77.53111210242844,855,37,0,0
77.66753231909998,286,377,0,0
77.67697988481143,27,111,0,0
77.76216779451333,1508,88,0,0
78.07391099288061,1077,257,0,0
78.07482555245412,190,79,0,0
78.07606497377773,1409,251,0,0
78.13202180179333,40,767,0,0
78.14396565588348,205,366,0,0
78.192661582332,12,109,0,0
78.73838085514076,450,439,0,0
78.74506694647532,1554,767,0,0
78.84279533756276,1456,134,0,0
78.85335487464374,48,246,0,0
78.85825026049405,1002,252,0,0
78.90356802100851,1693,4,0,0
78.93316708371287,181,239,0,0
79.08479447222919,456,101,0,0
79.11790659578553,376,349,0,0
79.21927287872627,1557,195,0,0
79.26986311021946,379,220,0,0
79.2704634442804,70,309,0,0
79.27917128798161,643,535,0,0
79.28861045137512,375,55,0,0
79.39474723648935,479,249,0,0
79.39697316589708,662,33,0,0
79.4231934318036,110,153,0,0
79.43112013087487,1192,3510,0,1
79.431602778982,111,39,0,0
79.44495421008335,1586,88,0,0
79.50937424722281,428,453,0,0
79.51809315137578,802,236,0,0
79.63299646905864,11,70,0,0
79.67212102605548,1513,190,0,0
79.70590610056139,136,200,0,1
79.7124609881665,24,321,0,0
79.72557303591914,1145,246,0,0
79.77157417599885,1646,228,0,0
79.79057158558889,1281,196,0,0
79.7921339581883,1815,435,0,0
79.80496508905269,806,424,0,0
79.84512049942707,8153,39,1,0
80.01579577379135,5,649,0,0
80.11283191512018,82,664,0,0
80.11540188762874,353,282,0,0
80.18821925734657,1875,111,0,0
80.18895662412568,61,177,0,0
80.19393370129633,1904,42,0,0
80.1975176802506,512,2360,0,1
80.57509864696378,1276,728,0,0
80.64632996487565,939,144,0,0
80.67918476816246,1161,484,0,0
80.68445785954772,8160,32,1,0
80.89985457129937,668,366,0,0
80.91099346295249,1011,160,0,0
80.95773632379915,616,607,0,0
81.12290285036369,746,4130,0,1
81.13295176241544,1159,270,0,0
81.1867636177851,1207,398,0,0
81.18711627014206,1341,70,0,0
81.24537335445567,872,609,0,0
81.24599583239349,765,549,0,0
81.28783785619865,1947,412,0,0
81.3207409772548,7,473,0,0
81.36868948949878,16,56,0,0
83.24465517350832,1668,263,0,0
83.24478393037403,1125,29,0,0
83.29107388230987,381,423,0,0
83.29949562399189,788,19,0,0
83.383564183794,1332,709,0,0
83.41840186256167,348,88,0,0
83.4414150661529,545,476,0,0
83.4482595841177,299,68,0,0
83.45278300806706,36,28,0,0
83.49074975530215,1542,769,0,0
83.4916702832465,789,181,0,0
83.65177678834635,309,89,0,0
83.65773500695587,859,491,0,0
83.70488661374597,15,342,0,0
83.70665577834812,1808,710,0,0
83.75388582860629,13,180,0,0
83.76577075340766,962,189,0,0
83.85427290503739,736,447,0,0
84.07335462750628,814,437,0,0
84.07978214466074,1186,109,0,0
84.10320979482366,303,767,0,0
84.1340727847455,11,325,0,0
84.48265683797278,1298,495,0,0
84.48408424870289,1578,228,0,0
84.54671734637706,21,20,0,0
84.56507011545881,150,272,0,0
84.56680328502574,1837,82,0,0
84.5766907401372,460,277,1,0
84.58173064843011,1398,329,0,0
84.75649312074822,1143,293,0,0
84.75941689473846,1330,564,0,0
84.90705205721757,781,488,0,0
84.91475446680893,479,172,0,0
84.98985767303542,1086,189,0,0
84.99049458278185,2080,166,1,0
84.99472346185084,1617,154,0,0
85.02148691923585,488,157,0,0
85.0246033765726,25,435,0,0
85.02546933563119,1197,338,0,0
85.04569098855502,119,163,0,0
85.13849068860385,1495,477,0,0
85.15833579603853,223,470,0,0
85.17107154297312,387,184,0,0
85.21480563367119,1493,476,0,0
85.22311198278463,592,414,0,0
85.34614925227616,2670,55,0,0
85.5226384928767,102,36,0,0
85.52416540278963,973,588,0,0
85.68178049094163,499,265,0,0
85.75800700546287,1374,14,0,0
85.79280576595683,1259,179,0,0
85.87052637916089,15,525,0,0
86.21192005885295,1327,769,0,0
87.1332787602738,1586,70,0,0
87.63816836908957,625,654,0,0
87.65038584013601,1639,156,0,0
87.93934548016925,1120,627,1,0
87.94005439814664,986,13,0,0
88.0609644965392,866,321,0,0
88.1433740712532,153,122,0,0
88.28649977171276,795,768,0,0
88.28987515637337,1640,82,0,0
88.65118168208126,869,190,0,0
88.9122113461732,1675,767,0,0
88.9430995542157,1593,326,0,0
88.94429218719216,11,241,0,0
88.98351379674891,33,184,0,0
88.98725026260813,375,45,0,0
88.98814191443944,1462,230,0,0
88.99297518428284,2002,393,0,0
91.17860524173034,27,296,0,0
91.17965568365317,1710,340,0,0
91.18963235052017,60,305,0,0
91.21814475009846,1372,420,0,0
91.34526194204766,595,212,0,0
91.34786587425444,1699,564,0,0
91.35053654172539,717,482,0,0
91.46116818247393,604,443,0,0
91.49320253188291,80,767,1,0
91.71043285194051,1642,231,0,0
91.71224336041608,1104,110,0,0
91.7269512530762,370,4,0,0
91.84273940211378,1392,2050,0,1
91.86588519029708,7220,223,1,0
91.86779551274745,646,442,0,0
91.89074705255828,686,2290,0,1
91.89115648532498,1456,216,0,0
91.89501305365819,1301,269,0,0
91.97816845130762,244,190,0,0
92.08343336714437,1326,2330,0,1
92.12304543817307,339,160,0,0
92.19318803754506,487,415,0,0
92.19405873424908,1767,377,0,0
92.1988416338901,746,20,0,0
92.33984961059762,1214,235,0,0
94.03649700706403,10,268,0,0
94.07972758792769,16,106,0,0
94.08253372898078,1275,300,0,0
94.0851163297563,347,173,0,0
94.2788913141955,321,159,0,0
94.4329188381564,347,103,0,0
94.43449324576036,966,46,0,0
94.45767786512077,1194,770,0,0
94.7366553931407,7,111,0,0
95.02821898610836,488,47,0,0
95.034453735819,1341,219,0,0
95.04684851972532,402,161,0,0
95.09157283492432,1091,506,0,0
95.09355861338089,1692,73,0,0
95.09424425049976,575,183,0,0
95.09876335300453,1185,336,0,0
95.2956272232188,13,368,0,0
95.44990568894286,1613,770,0,0
95.49529458720394,1433,79,0,0
95.49698061989749,7906,286,1,0
95.4973254887302,260,130,0,0
95.49947556151328,1254,13,0,0
95.51762367620061,1697,221,0,0
95.64760055968942,1551,166,0,0
95.65042122814981,1052,451,0,0
95.6692594834984,452,531,0,0
95.66970866463625,1013,496,0,0
95.6699445357752,547,234,0,0
95.6854876437995,592,215,0,0
95.68693551467487,928,769,0,0
95.68887025567862,333,268,0,0
95.68903314726226,34,490,0,0
95.76463785738397,248,72,0,0
95.76504637991643,229,15,0,0
95.78029165835632,489,214,0,0
95.78101058073206,1822,245,0,0
95.78757937725013,1603,133,0,0
95.99067243699551,48,541,0,0
96.01322410112006,1520,60,0,0
96.03081829267958,1358,333,0,0
96.11352287663274,11,32,0,0
96.15369483235143,632,486,0,0
96.37704463255133,4,76,0,0
96.37780060157051,37,672,0,0
96.58928453346664,1664,267,0,0
96.60540893152493,705,214,0,0
96.60718750716735,1254,274,0,0
96.6543568649843,15,201,0,0
96.69616348751967,163,12,0,0
96.71028837344042,309,250,0,0
96.79025625874662,356,875,0,0
96.79131150763729,1760,211,0,0
96.79184164297307,1051,232,0,0
96.79629356842509,1226,698,0,0
96.92618105395512,641,96,0,0
96.96889043127797,42,112,0,0
96.98389188181906,1294,676,0,0
96.98813543475566,834,408,0,0
97.0029504249399,53,446,0,0
97.15850026347157,844,272,0,0
97.16352333531036,1397,3790,0,1
97.16827790027946,1479,415,0,0
97.20519770748774,308,199,0,0
97.26232971924851,357,218,0,0
97.28319502301065,1191,497,0,0
97.56372213141205,164,79,0,0
97.58782235268279,1283,285,0,0
97.59015928457502,1483,45,0,0
97.59036053336621,588,125,0,0
97.76304069928537,1849,95,0,0
97.77504505604898,442,7750,1,1
97.80740049050883,1595,286,0,0
97.84949271776122,1448,333,0,0
98.10350084465239,74,276,0,0
98.24281327436302,8,52,0,0
98.37065109789548,1379,4,0,0
98.40215511552942,1172,1450,0,1
98.41366704835417,938,228,0,0
98.44488086374659,1539,423,0,0
98.44847496398205,160,114,0,0
98.48696987071224,1408,185,0,0
98.64433156288607,390,99,0,0
98.72308796257084,1452,156,0,0
98.74840580923842,407,424,0,0
98.75167494023343,1037,103,0,0
98.75489658493775,219,161,0,0
98.75930829871407,1470,251,0,0
98.76766072964807,107,370,0,0
98.81304393495378,33,233,0,0
98.86281998590638,540,133,0,0
98.92164349028472,1469,3170,0,1
99.06209163885255,7903,289,1,0
99.06475755750174,615,337,0,0
99.07697705548935,1084,481,0,0
99.13049826654303,1315,346,0,0
99.22135362165659,427,474,0,0
99.22620117111666,1343,2500,0,1
99.23082256759669,1018,615,0,0
99.41282602235808,748,674,0,0
99.48567846148451,84,129,0,0
99.53120927760756,627,403,0,0
99.54178942405485,956,342,0,0
99.54456940830427,39,556,0,0
99.56216840511844,81,533,0,0
99.59678441430627,20,327,0,0
99.64716430769708,416,400,0,0
99.75119392850242,441,341,0,0
99.77452421653935,1315,66,0,0
99.99995384765877,320,335,0,0
100.00952023715551,650,498,0,0
100.04613106506783,655,262,0,0
100.06743454128296,1740,113,0,0
100.06796401926745,396,188,0,0
100.06934706062515,947,165,0,0
100.07582996666693,183,3880,0,1
100.10068151157623,770,769,0,0
100.13616929792889,117,285,0,0
100.37019914996186,1048,678,0,0
100.3880094759072,728,473,0,0
100.39755821977467,819,27,0,0
100.4321602335107,1328,62,0,0
100.43378026288411,1766,198,0,0
100.44616179681216,231,343,0,0
100.44858736862268,341,169,0,0
100.46881811689535,551,2880,0,1
100.4732681304266,976,217,0,0
100.48099924236489,1503,353,0,0
101.26888387728104,961,205,0,0
101.42869518592029,893,238,0,0
103.949073298994,526,352,0,0
103.97483989407701,52,264,0,0
103.98721235115285,1039,236,0,0
103.9908876477722,386,311,0,0
104.00731402212836,17,55,0,0
104.0078491650709,5,280,0,0
104.02876571053477,559,337,0,0
104.03448098214196,7811,381,1,0
104.03569437701252,16,346,0,0
104.03617557795113,693,278,0,0
104.03904494312877,1311,405,0,0
104.04671851424212,500,512,0,0
104.0627395462902,1373,390,0,0
104.06341328703463,420,482,0,0
104.07895180572724,476,767,0,0
104.11078822150299,8183,9,1,0
105.5144688979925,1839,322,0,0
105.54999999360294,7841,351,1,0
105.65781499603204,350,303,0,0
105.66199964056793,501,771,0,0
105.67935746715258,1684,124,0,0
105.68346171159016,68,370,0,0
105.68679332280202,1103,640,0,0
105.73370942044401,1901,198,0,0
105.7448589902872,219,20,0,0
106.06299849968939,566,333,0,0
106.079616851407,1467,412,0,0
106.12068337571289,577,205,0,0
106.12225717664339,101,392,0,0
106.12467347347393,1047,265,0,0
106.19105210188245,968,61,0,0
106.19559185334236,1340,84,0,0
106.41833399714999,1670,557,0,0
106.42180662902437,1516,285,0,0
106.42485033464905,386,199,0,0
107.24813423643292,1185,336,0,0
107.24873650282775,391,462,0,0
107.25517124911354,1389,416,0,0
107.30545131855298,12,83,0,0
107.36409459100942,114,250,0,0
107.3659598410004,404,104,0,0
108.65320777045542,704,10,0,0
108.66043469557292,216,94,0,0
108.66082740648972,398,108,0,0
108.77006166962573,152,98,0,0
108.77694179262015,1342,437,0,0
108.79723972388452,71,89,0,0
108.87986081082771,1232,28,0,0
108.88283293353446,660,174,0,0
108.88710857404769,1491,204,0,0
108.90172628221313,1800,313,0,0
108.99740944472518,4320,377,1,0
108.99870850439312,719,342,0,0
109.3174976628849,1820,342,0,0
109.35465056898798,645,26,0,0
109.35655666331921,1043,29,0,0
109.37601514381397,1043,598,0,0
109.43145067307061,1172,195,0,0
109.63903070703095,232,167,0,0
109.7391898090526,1064,274,0,0
109.90807735305967,1724,146,0,0
109.92159986477567,421,421,0,0
109.99891567523512,436,301,0,0
109.99900512813117,1742,408,0,0
110.13385226276749,439,777,0,0
110.15045628189733,24,206,0,0
110.58287587860026,677,281,0,0
110.58841024705069,150,91,1,0
110.59539436003948,1296,521,0,0
110.61511834143465,256,305,0,0
110.7071204834655,150,63,0,0
110.74220415851272,1100,2310,0,1
110.8844131393861,1202,618,0,0
110.9045835710101,100,267,1,0
111.05096679337845,1224,294,0,0
115.94970522133565,136,211,0,0
116.16833066185049,1438,605,0,0
116.23168401250483,345,232,0,0
116.23268763767932,440,464,0,0
116.2977856978404,526,254,0,0
116.4591930265017,84,153,0,0
116.47224738329234,1258,150,0,0
116.62130467906742,238,87,0,0
116.62154152556609,14,232,0,0
116.62634757449203,1846,767,0,0
116.62925421081542,1392,659,0,0
116.68341172759028,31,252,0,0
116.68711404517225,1507,40,0,0
116.68985295691127,26,224,0,0
117.04224855456809,18,156,0,0
117.0432796072241,1063,351,0,0
117.09434863377403,1272,30,0,0
117.26093844403549,791,273,0,0
117.27175532008175,1245,74,0,0
117.27478912437591,127,126,0,0
117.28749341421303,1126,769,0,0
117.2933252936536,1850,183,0,0
117.29710952478275,621,207,0,0
117.3260394288332,19,361,0,0
117.3430009877574,1558,163,0,0
126.78021602621948,728,525,0,0
127.02781461147909,957,121,0,0
127.05484856355447,1050,288,0,0
127.11260483563441,815,127,0,0
127.6531584155432,279,320,0,0
127.85000266775276,1145,282,0,0
127.87102976285033,1776,466,0,0
127.87500098368318,12,3020,0,1
128.52999484532893,1100,554,0,0
128.54868451337603,1023,2150,0,1
128.57959791427962,166,164,0,0
128.87019085453437,538,539,0,0
128.8980374449466,1521,113,0,0
129.15336455611725,148,88,0,0
129.16409045301793,792,200,0,0
129.19193122283028,773,259,0,0
129.204891241213,150,35,0,0
130.47120955094772,1280,195,0,0
130.47224955446657,833,36,0,0
130.48513677806946,729,104,0,0
130.48834835006457,7780,412,1,0
130.49265260421703,340,497,0,0
130.49406055892973,23,764,0,0
130.49763813918634,79,59,0,0
130.7041133869182,34,554,0,0
131.0337380745492,464,617,0,0
131.0386191363617,340,149,1,0
131.04016852904135,1400,617,0,0
131.04698604582123,1547,401,0,0
131.51732277583642,1175,286,0,0
131.5326442564878,8078,114,1,0
131.53289198149974,1374,324,0,0
131.62897033972695,1455,180,0,0
131.64269964563246,2890,109,0,0
131.70263485457747,389,357,0,0
131.74213395884777,453,288,0,0
131.74343631533245,74,160,0,0
131.87817210271683,879,314,0,0
131.94460963508348,120,95,1,0
131.94912945413785,1690,8,0,0
131.94931354238878,1485,308,0,0
131.95099764788557,1062,880,0,1
131.95277309267397,1140,455,0,0
132.02112631659375,325,340,0,0
132.0264210199112,768,50,0,0
132.03350412615845,1481,358,0,0
132.05186929309383,761,351,0,0
132.05894290594495,715,152,0,0
132.0963663944205,352,333,0,0
132.12858088388728,3970,264,1,0
132.24149633587902,1505,187,0,0
132.2429530557626,466,255,0,0
132.27779920977736,419,325,0,0
132.28778138419563,1895,238,0,0
133.46437718081827,32,4820,0,1
133.78949992794594,1446,608,0,0
133.79724027141737,688,410,0,0
133.91455159117993,1977,574,0,0
133.91506994780926,1983,740,0,0
133.91717859366787,20,5430,0,1
133.92741671055168,268,581,0,0
133.9571729674815,1443,427,0,0
133.9590929212819,80,30,0,0
133.97780997356202,5190,423,1,0
134.19000875910294,1050,357,0,0
134.19070807282995,234,48,0,0
134.19187125515705,271,307,0,0
134.19224832474507,1777,278,0,0
134.36315601546843,196,85,0,0
134.36516732448501,1805,364,0,0
134.37308533028667,1298,299,0,0
134.37598427190687,1509,518,0,0
134.39018606905032,13,325,0,0
134.39890606810224,1564,495,0,0
134.4234288930012,337,465,0,0
134.44724644670072,229,220,0,0
134.86060763816923,1023,78,0,0
134.86317013366562,401,548,0,0
134.88711807458574,928,261,0,0
134.90145636306013,41,210,0,0
134.9041596525348,1815,768,0,0
134.99344665819032,1925,391,0,0
135.62921642178046,1759,370,0,0
135.63102662968578,20,38,0,0
137.80685619038593,1040,767,0,0
137.81902015372867,1124,137,0,0
137.8328080654111,215,71,0,0
137.83289696210923,1850,301,0,0
137.85132907518388,1638,394,0,0
137.86395331378785,1075,472,0,0
137.87361329086792,101,17,0,0
137.93499494002552,968,142,0,0
137.94640085043076,554,179,0,0
137.9801667211793,780,198,0,0
137.98452919091827,200,76,0,0
137.9862022214037,490,9,0,0
138.00647105981903,219,298,0,0
138.0585355843429,1271,159,0,0
138.12337940280787,1742,94,0,0
138.1434374361193,1415,495,0,0
138.1471285716037,1264,382,0,0
138.16486876487954,1044,240,0,0
138.1745916384944,579,270,0,0
138.175909879888,1736,516,0,0
138.20746688731518,207,32,0,0
138.21883473726177,1607,443,0,0
138.22063008934975,498,582,0,0
138.2295798084657,411,286,0,0
138.28353087740416,1353,1150,0,1
138.61358560510746,1560,104,1,0
138.61401214372265,459,138,0,0
138.62188540394416,5,4060,0,1
138.67108622725613,1739,30,0,0
138.8374506600883,3380,310,1,1
138.8728124918354,217,242,0,0
138.87493318675712,108,23,0,0
138.8810226463463,6422,1770,1,1
138.89621598553163,985,244,0,0
138.8995779788446,560,183,0,0
138.901529926794,10,110,0,0
138.90277230545325,546,56,0,0
141.63579197226056,20,170,0,0
141.65304365763294,50,93,0,0
141.6631369269452,829,334,0,0
141.72875911317655,1180,552,0,0
141.74719872391174,12,211,0,0
141.75953631169241,123,12,0,0
141.7857468495804,1199,5890,0,1
141.7893969798306,1315,100,0,0
141.7969064387289,1163,478,0,0
141.90255294473795,404,146,0,0
141.96104365472016,332,461,0,0
141.96298156997545,8,5530,0,1
142.30781000236104,705,770,0,0
142.31560653537403,625,307,0,0
142.31632260175817,935,542,0,0
142.38867119142014,8,194,0,0
142.45284691771886,264,107,0,0
142.48602308796472,1317,9,0,0
142.48851890486222,753,237,0,0
142.68330826805888,17,251,0,0
142.73373244113844,143,321,0,0
142.77002915262858,269,812,0,0
142.79853725378902,676,9,0,0
142.83642614570775,1492,363,0,0
144.38665599720235,657,215,0,0
144.39334787418642,765,789,0,0
144.4267733573029,383,295,0,0
144.60485091997552,1225,356,0,0
144.69493189747243,1054,581,0,0
144.69894991925122,872,110,0,0
144.7141413740792,922,493,0,0
144.72311860380705,237,86,0,0
144.72417095862141,1203,597,0,0
144.73719139453038,534,222,0,0
144.86795004279628,1876,49,0,0
144.90192589647475,976,310,0,0
145.07895102263606,311,531,0,0
145.12549814529268,604,268,0,0
145.1301525401321,808,141,0,0
145.18632691978252,833,45,0,0
145.1869245798646,1442,252,0,0
145.4201041950355,183,464,0,0
145.42892123015136,1113,3310,0,1
145.94503542593034,861,585,0,0
145.94623521399635,1808,225,0,0
145.94889969656862,865,520,0,0
145.95652667569678,1840,47,1,0
145.96727183146243,1593,3320,0,1
145.9680251613895,56,660,0,1
145.9694280854102,536,113,0,0
146.0161312804925,404,385,0,0
146.01960138326487,315,170,0,0
146.12084624026164,774,212,0,0
146.59192979387456,1740,285,0,0
146.59284663269352,824,4080,0,1
146.60091965021581,705,433,0,0
147.1764992439684,1348,174,0,0
147.33201156650952,207,431,0,0
147.33319879666013,564,304,0,0
147.37108289192454,248,289,0,0
147.8740422242146,2369,11,0,0
147.87428222981904,461,178,0,0
147.9116523489056,1754,52,0,0
148.06940507861827,685,265,0,0
148.0761407132611,1596,3540,0,1
148.08116522748008,923,307,0,0
148.163511117786,123,117,0,0
148.16425336262287,718,261,0,0
148.22061413254877,1087,357,0,0
148.4371963774564,1731,399,0,0
148.4593379911254,1377,61,0,0
148.46013079303756,1817,713,0,0
148.90293474973757,756,673,0,0
148.92026884008507,1612,262,0,0
148.97716388783343,7786,406,1,0
148.98030022360862,4,103,0,0
148.9956194444166,1429,316,0,0
149.1624845682141,868,654,0,0
149.16334813577498,130,82,1,0
149.16460523529136,131,126,0,0
149.16487915776557,1096,52,0,0
149.20843273703554,716,43,0,0
149.25206643998334,428,339,0,0
149.25523722566408,1162,306,0,0
149.29014273066423,1832,184,0,0
149.3087160698729,908,697,0,0
150.18861506752415,708,132,0,0
150.1902067958777,765,267,0,0
150.2193275251194,491,257,0,0
150.22655432344217,1485,587,0,0
150.92980765135457,451,191,0,0
150.97340811149354,1541,213,0,0
150.97499155080905,574,138,0,0
151.01721895842778,823,298,0,0
151.02992807615308,1836,10,0,0
151.03248962110203,1411,637,0,0
151.0715231846357,208,60,0,0
151.09422972888441,1407,156,0,0
151.09584129987385,407,28,0,0
151.10267257039436,9,230,0,0
151.27534541093496,171,104,0,0
151.4026724735114,1287,306,0,0
151.41575878056733,1203,768,0,0
151.42416324048082,1505,477,0,0
151.45392914186039,310,37,0,0
151.46744326941334,122,900,0,1
151.46894250965053,98,320,0,0
151.52967611268747,8058,134,1,0
151.5330434966641,5280,254,1,0
151.85363884882713,158,129,0,0
151.90914721244593,998,462,0,0
151.9822543370247,530,459,0,0
151.99132646755257,23,223,0,0
152.01547929371327,1317,68,0,0
152.02077545812506,364,164,0,0
152.02854855872187,1853,495,0,0
152.0307141312192,449,232,0,0
152.3329570032047,30,237,0,0
152.33476643748156,760,203,0,0
152.85957193276778,1775,305,0,0
152.93770386094613,825,615,0,0
152.94053674063642,3267,424,0,0
153.18768220522747,720,264,0,0
153.2287942536603,1260,6120,0,1
153.23239480870163,1136,112,0,0
153.26199918798147,380,258,0,0
153.27121103644313,4390,226,1,0
153.2751157860893,359,250,0,0
153.2910614014094,222,286,0,0
153.3221606318546,29,433,0,0
153.33151318813844,435,424,0,0
153.34822379144842,1240,252,0,0
153.4361361339819,318,123,0,0
153.45033261154003,1092,767,0,0
153.45879588754494,1283,769,0,0
153.4601513565614,1419,13,0,0
153.47600924194913,4460,485,1,0
153.48307580642162,450,412,0,0
153.4946855313679,1009,52,0,0
153.5844375637651,1149,78,0,0
153.687323036786,738,182,0,0
153.70690634184933,13,364,0,0
153.71264948460842,546,273,0,0
153.7368713952266,374,360,0,0
153.77168746654408,7816,376,1,0
153.80172411034977,40,437,0,0
153.8027843032138,8,33,0,0
153.83722982451056,426,81,0,0
153.8396733912457,1288,768,0,0
153.873916423693,882,432,0,0
153.91550030892665,833,336,0,0
153.94050906260836,1426,60,0,0
154.14256875233818,1637,314,0,0
154.16115521093494,547,9,0,0
154.1958002862915,657,246,0,0
154.19889876109727,693,297,0,0
154.21367169653942,572,541,0,0
154.22529480738396,843,245,0,0
154.24584056749464,945,451,0,0
154.25872022354284,16,373,0,0
154.25888236233627,184,271,0,0
154.34923001292057,1534,13,0,0
154.42157596212903,358,495,0,0
154.42185791195698,347,19,0,0
154.4522245834445,916,294,0,0
154.5892779740839,2701,134,0,0
154.6678337175357,1416,35,0,0
154.74325384047765,400,201,0,0
154.75591336975992,67,25,0,0
154.76249049970372,1093,176,0,0
155.58896996317156,1129,93,0,0
155.6324606814046,705,194,0,0
156.12185822528434,11,309,0,0
156.138110842516,1839,273,0,0
156.25730304084624,1337,90,0,1
156.35436670721086,670,215,0,0
156.44718193323124,1365,376,0,0
156.44885635358617,6,125,0,0
158.60860715361605,954,31,0,0
158.64390709574067,22,458,0,0
158.65385862122602,1180,298,0,0
158.68840992874775,495,85,0,0
158.68897596413984,421,306,0,0
158.99712015959966,633,25,0,0
159.00613533749555,341,3090,0,1
159.04039472080674,80,230,0,0
159.0687287071845,1950,118,1,0
159.06932118396264,320,189,0,0
159.0796317651457,1422,340,0,0
159.32267139936002,10,220,0,0
159.32685971859408,64,405,0,0
159.35996216844808,1910,374,0,0
159.51200580391674,318,340,0,0
159.99200599243304,1004,90,0,0
159.99588075476427,153,90,0,0
160.1592662530247,9,156,0,0
160.23937209480582,1086,571,0,0
160.30058962191697,1845,210,0,0
160.44473040442782,441,151,0,0
160.53778987415555,239,38,0,0
160.54077187811296,62,468,0,0
160.59629354554258,1344,77,0,0
160.6026331470105,1825,229,0,0
160.64372605949345,778,205,0,0
160.65302744343091,7973,219,1,0
161.06654832532794,1326,5410,0,1
161.20450268293058,2168,305,0,0
161.26224421992575,178,775,0,0
161.26789211170936,40,588,0,0
161.3183204985759,1709,3370,0,1
161.32074508922508,1436,274,0,0
161.32460184555967,10,292,0,0
161.32538011871284,1467,157,0,0
161.4493594682912,1026,301,0,0
161.45742764346676,777,940,0,1
161.59156871059375,601,563,0,0
161.79786992107546,675,627,0,0
161.9628013581105,138,627,0,0
161.97255130007215,106,402,0,0
162.36358143529353,1277,616,0,0
162.59010588079605,258,215,0,0
162.5918989751094,1540,244,0,0
162.63793051562615,673,131,0,0
162.6424236721942,10,413,0,0
162.65965930726978,401,390,0,0
162.90439826855214,545,202,0,0
162.94640260338784,751,668,0,0
163.46935743552953,1051,121,0,0
163.54664827865375,918,258,0,0
163.64542471440902,940,126,0,0
164.26027484224159,852,208,0,0
164.52526145460317,1268,424,0,0
164.6369923561749,1451,248,0,0
164.9802802656478,1392,186,0,0
165.238413554354,585,427,0,0
165.23991337211248,1367,282,0,0
165.24286492377027,1754,312,0,0
165.2705114072422,9,21,0,0
165.47254103050182,1409,295,0,0
165.47776891562796,544,295,0,0
165.47859893443274,238,267,0,0
165.49874354552836,1338,767,0,0
165.50567594851842,140,394,1,0
165.9268575328185,1412,610,0,0
165.92705884625985,1698,227,0,0
166.03796388325554,1017,408,0,0
166.11838895942222,598,245,0,0
166.11849664600553,492,225,0,0
166.1213465928333,525,173,0,0
166.1342590619007,911,99,0,0
166.178638322331,323,244,0,0
166.20055492953287,680,318,1,0
166.27227530985786,1300,524,0,0
166.30354575000237,254,36,0,0
166.30786090336554,516,435,0,0
166.88991963132776,1503,102,0,0
166.9273065166098,106,21,0,0
166.93114580224304,122,23,0,0
166.98688746548927,1658,3380,0,1
167.0028540741,7649,543,1,0
167.0119075884514,9,267,0,0
167.01781739946998,1353,224,0,0
167.01888917666346,35,259,0,0
167.02247682328155,854,172,0,0
167.02413362666664,1654,339,0,0
167.0245389491888,694,727,0,0
167.07885083703422,51,125,0,0
167.11613095244354,711,13,0,0
167.12947592497855,924,298,0,0
167.13172684463242,144,380,0,0
167.13602986075793,1165,97,0,0
167.60602517067062,107,92,0,0
167.60969787500954,594,286,0,0
167.72150123934657,1021,457,0,0
167.76298702858685,1397,300,0,0
167.81917305014525,1136,485,0,0
167.82728734192364,357,186,0,0
167.84044495856122,965,517,0,0
167.85861049405904,1331,138,0,0
167.860961997698,50,664,0,0
168.17680896896601,758,171,0,0
168.18082984053623,1097,253,0,0
168.20997910177803,1675,496,0,0
168.90167102548008,5510,388,1,0
169.29455500631343,1773,83,0,0
169.3007923287461,10,326,0,0
169.35764679310094,270,46,0,0
169.5164535155693,252,191,0,0
169.5168645113153,603,694,0,0
170.74627707084235,587,21,0,0
170.80678156909272,500,368,1,0
170.8184941564341,587,218,0,0
170.8359866943064,896,78,0,0
170.83622470157405,934,240,0,0
170.92060710926475,819,187,0,0
171.4133777761554,810,30,0,0
171.4278233356717,1430,565,0,0
171.9453961569118,161,38,0,0
172.0264849180082,935,240,0,0
172.0279200336782,25,346,0,0
172.09150870016788,742,220,0,0
172.09187142673423,1082,418,0,0
172.09235795406565,1807,418,0,0
172.1675868584075,1436,50,0,0
172.23126654056153,1245,127,0,0
172.24843928446472,735,728,0,0
172.26508918192238,903,44,0,0
172.26605007509275,11,323,0,0
172.42190776600648,160,115,0,0
172.4417929510291,1700,269,0,0
172.4556067880835,1545,292,0,0
200.2268654084704,784,119,0,0
200.2634041862051,1171,515,0,0
200.28345642310885,1292,466,0,0
201.46931104138847,11,40,0,0
201.50843445109547,2045,34,0,0
201.51680032999872,8,417,0,0
201.99543720584026,792,262,0,0
202.01228709694638,365,257,0,0
202.01685359738514,1633,460,0,0
202.02808116815513,313,127,0,0
202.05180188704833,126,21,0,0
202.198758658616,1562,768,0,0
202.50166128902157,1252,103,0,0
202.50373720847438,6,191,0,0
202.79747016399753,510,120,0,0
202.8040860209359,947,311,0,0
202.81343073665116,1759,188,0,0
202.81355479535324,60,49,0,0
203.44355453611126,10,88,0,0
203.5199337840383,591,625,0,0
203.5350196742956,278,320,0,0
203.55147384003394,1006,645,0,0
203.71804748936233,7929,263,1,0
203.74252434747055,1478,3400,0,1
203.74258410136687,90,85,0,0
203.78311187315703,350,506,0,0
203.80534097265055,276,245,0,0
203.83553302049242,899,255,0,0
203.86137419273427,403,344,0,0
203.9934875312948,1306,221,0,0
203.99887966304166,7911,281,1,0
206.41748304492484,1661,172,0,0
206.4481081297968,1246,370,0,0
206.45348260935495,443,182,0,0
206.48185787613616,780,293,0,0
206.48259571338906,903,20,0,0
206.49938640058744,403,401,0,0
206.5045471183077,466,154,0,0
206.50771837873646,1118,381,0,0
206.62707669659713,723,280,0,0
206.66835392476787,625,38,0,0
206.67160871153692,520,266,0,0
206.67809498137953,373,36,0,0
206.7224810682023,604,276,0,0
209.00742085803142,33,569,0,0
209.02514700848565,359,12,0,0
209.04169512617077,1430,258,0,0
209.1012401743515,1433,62,0,0
209.10304486966814,1376,324,0,0
209.12144537557216,37,210,0,0
209.21777060200156,1456,753,0,0
209.26759036947138,174,140,0,0
209.3124799626722,1114,435,0,0
209.31444369762036,673,209,0,0
209.33877269025615,300,273,0,0
209.74634565092967,1472,222,0,0
214.79699325153652,452,601,0,0
214.96589711381594,610,50,0,0
214.97376279973207,1039,204,0,0
214.98323134666487,218,256,0,0
214.99967101030236,145,17,0,0
216.7527011819375,1421,2920,0,1
216.7542661100348,552,447,0,0
216.7693194563518,896,362,0,0
216.77014057648296,998,98,0,0
216.78034280749776,1232,34,0,0
216.7932122577277,834,108,0,0
216.93916863488874,552,453,0,0
217.05739209765957,1237,37,0,0
217.09357451315523,384,354,0,0
217.1069662502126,717,338,0,0
217.11712412567607,1718,371,0,0
217.75682635071593,1604,224,0,0
217.7752867216759,1206,289,0,0
217.77777203543064,218,269,0,0
217.7828638398678,1332,370,0,0
217.80756386417264,51,326,0,0
217.81222768329417,1716,143,0,0
217.81318477738398,664,318,0,0
217.96402489748064,298,292,0,0
217.96957773541817,1459,15,0,0
217.9868431080348,12,81,0,0
218.01381780366617,1365,770,0,0
218.02687698352423,62,540,0,0
218.04267524587664,86,25,0,0
218.04279702816652,827,376,0,0
218.06664042027035,638,295,0,0
218.0802642538057,1419,13,0,0
218.08969869607597,543,687,0,0
218.1084380159788,525,212,0,0
219.98710230029985,1828,208,0,0
220.60647149567168,299,165,0,0
220.70294992087133,1035,168,0,0
221.2064473290625,482,427,0,0
221.21572394024804,167,9,0,0
221.23508461639514,567,212,0,0
221.29158394556575,232,6,0,0
221.4252785030677,1812,270,0,0
221.54149326586048,182,453,0,0
222.44259817981884,698,313,0,0
222.45955104117147,493,250,0,0
222.79731459839715,490,420,0,0
222.8035389181421,1182,289,0,0
222.870981477154,6960,631,1,0
222.87409592806796,177,106,0,0
223.15022832916574,1630,310,0,0
223.157792050493,483,415,0,0
223.4734131449031,1377,92,0,0
223.47388531161073,1703,250,0,0
224.3342512206358,1550,593,0,0
224.35540489590772,1711,175,0,0
224.40963855223794,1363,293,0,0
224.44915969204104,699,127,0,0
224.44990414896873,560,85,0,0
224.45640731641708,66,668,0,0
224.46265909797407,833,343,0,0
224.4805076068938,607,253,0,0
224.4814196060186,356,229,0,0
224.48720185498055,1867,2530,0,1
224.5119172714693,565,44,0,0
224.71719205682308,1237,215,0,0
224.80773661882026,814,83,0,0
224.80967179695716,1438,311,0,0
224.92932233692173,539,187,0,0
225.4502773261688,1069,258,0,0
225.55051942255986,778,340,0,0
225.56105511532186,169,16,0,0
225.56452153601228,1280,214,0,0
225.5735367292453,1157,222,0,0
226.14112922455095,1488,261,0,0
226.14394981564482,135,15,0,0
226.14409264471237,275,820,0,1
226.27525057744998,13,200,0,0
226.28095875238463,19,7,0,0
226.2993838126519,629,271,0,0
226.30886003698825,1786,416,0,0
226.50622248807753,2490,176,0,0
226.51585472895553,675,452,0,0
226.52070664024077,282,493,0,0
226.52495998967868,1214,184,0,0
227.2598844372177,886,492,0,0
227.69993659842027,236,235,0,0
227.71028852971895,3470,193,1,0
227.71826221863935,1089,325,0,0
227.73591263359523,7711,481,1,0
227.8045926021437,1091,501,0,0
227.80863054726538,965,395,0,0
228.29970967660344,1140,330,0,0
228.33846181391635,805,294,0,0
228.3385728343355,445,29,0,0
228.3411880946453,916,63,0,0
228.35319961556542,125,125,0,0
231.1818765888726,524,363,0,0
231.73343882354834,1181,219,0,0
231.76713982930247,839,372,0,0
231.76929741178463,1405,557,0,0
231.78780697366346,1044,333,0,0
231.8105964827256,227,120,0,0
231.81907665943686,738,385,0,0
231.84594669550046,477,266,0,0
231.93089879479567,31,57,0,0
231.938479070524,1674,740,0,0
231.94045824932965,224,30,0,0
231.9666315109179,6,21,0,0
231.96746119066333,87,440,0,0
231.97475108120284,359,161,0,0
232.17045293234344,1123,492,0,0
232.196215919293,253,129,0,0
232.19771485924875,239,23,0,0
232.21291042878406,768,58,0,0
232.22235591312295,1598,543,0,0
232.2428490336914,419,223,0,0
232.3664339170305,944,638,0,0
232.37196840958325,1290,306,0,0
232.37325303116884,799,230,0,0
232.7424305755685,334,235,0,0
232.74521536384873,352,499,0,0
232.79833996055197,687,200,0,0
232.83411301733554,1734,133,0,0
232.84232792460102,1531,1410,0,1
232.89221826044934,1152,95,0,0
232.92370530384662,96,338,0,0
232.94734149618853,139,8,0,0
233.02255445833427,1207,187,0,0
233.02646655999771,889,196,0,0
233.13547730111802,687,555,0,0
233.1384715752001,400,335,0,0
233.25902927312868,129,129,0,0
233.50857906344254,1579,118,0,0
233.51188112199654,1168,297,0,0
234.41122065499096,1360,23,0,0
234.41585134990348,1126,112,0,0
234.43061852050133,473,252,0,0
234.43375144701872,926,206,0,0
234.44287411036245,338,527,0,0
234.4616762016542,178,50,0,0
234.46642197491488,286,338,0,0
234.5813234500743,1186,255,0,0
234.58461446002804,1841,50,0,0
234.6151488738468,6670,264,1,0
234.61699120424845,1144,291,0,0
234.619423819626,1779,566,0,0
234.63880783649614,941,131,0,0
234.66729587133935,780,107,0,0
234.6746467976022,3710,26,1,0
234.7043291465195,194,14,0,0
234.7433514457677,870,134,0,0
234.74736985615476,915,468,0,0
234.7641013857286,10,37,0,0
234.766867742988,418,2560,0,1
234.767992485528,740,137,0,0
234.77265462762156,436,421,0,0
234.78264663133157,1329,83,0,0
234.9515178672481,1174,289,0,0
234.9962505363508,623,603,0,0
235.01646267519814,264,94,0,0
235.01667297662715,323,201,0,0
235.0192235481994,174,527,0,0
235.06323081777109,447,280,0,0
235.11648806804322,1017,371,0,0
235.13302013076674,474,244,0,0
235.1345290979812,607,302,0,0
235.1348636742704,1677,210,0,0
235.13545250400267,807,29,0,0
235.15887496733023,15,385,0,0
235.19646538506424,501,356,0,0
235.8219074194177,212,40,0,0
235.82648331381816,1824,376,0,0
235.86032865352067,1652,223,0,0
235.86402611954406,1045,362,0,0
235.8758209458859,675,497,0,0
235.8974363430127,779,608,0,0
235.90364542401346,3990,280,1,0
236.21182585045065,8053,139,1,0
236.2138692871319,1415,382,0,0
236.3032690442844,1331,356,0,0
236.3151655672165,420,139,1,0
236.32195912706018,705,469,0,0
236.46840504380967,22,144,0,0
236.47405150840407,1550,445,0,0
236.5078011335875,1122,126,0,0
236.52637013084575,592,31,0,0
236.6040075048531,657,111,0,0
236.60574727493463,307,256,0,0
236.63885541129457,1216,769,0,0
236.68840649849733,1217,421,0,0
236.69356124012825,131,296,0,0
236.69607329757972,858,129,0,0
236.6984860988783,726,24,0,0
236.71608953650548,1199,113,0,0
236.72009454242547,11,80,0,0
236.77537457375718,337,127,0,0
236.79015423544178,1472,238,0,0
236.80137950308128,1371,181,0,0
236.8186934878159,1307,99,0,0
236.8402945077759,765,668,0,0
236.86377464380655,1911,240,0,0
236.92393045070327,1182,417,0,0
237.11290319524818,969,357,0,0
237.15775327326193,1385,93,0,0
237.21091286625202,195,58,0,0
237.61094110244926,7858,334,1,0
238.0184005007552,1190,294,0,0
238.0414856800465,4060,60,1,0
238.04386971669675,318,301,0,0
238.25548965385047,569,252,0,0
238.25957739771445,13,478,0,0
238.26406015829104,394,219,0,0
238.26811669849315,5,234,0,0
238.2781301487813,77,160,0,0
238.27832035665753,1824,1350,0,1
238.28555123564288,8,223,0,0
238.47638904537868,946,93,0,0
241.88695834090404,472,322,0,0
241.94000240349158,685,683,0,0
242.04423469931103,198,473,0,0
242.1696566590184,1641,261,0,0
242.17638236388436,113,237,0,0
242.1795990233737,1745,43,0,0
242.225541915523,41,601,0,0
242.43580639312145,732,611,0,0
242.4648980253253,1206,20,0,0
242.50967832085712,1148,370,0,0
242.5310876354383,262,212,0,0
242.54838821204123,1171,303,0,0
242.55646275206215,277,64,0,0
242.7567024984611,49,37,0,0
242.88179799061226,1421,218,0,0
242.89979452258748,1436,274,0,0
242.94051784317637,560,201,0,0
243.02161374389863,922,206,0,0
243.2420881355642,1384,252,0,0
244.4094948098419,1443,3650,0,1
245.2014907941304,858,374,0,0
245.22660568871544,771,313,0,0
245.26723984864415,3490,316,1,0
245.28183196614293,770,25,0,0
245.40121713340687,1541,260,0,0
245.62652181456016,8,312,0,0
245.6275153328635,1140,768,0,0
245.65927245994772,16,24,0,0
246.1022668293765,1831,30,0,0
246.10371711655873,185,53,0,0
246.63228241555814,1218,74,0,0
246.86940265578053,552,190,0,0
246.87838623110716,39,48,0,0
246.88171909123741,220,404,0,0
247.6580754239066,1642,133,0,0
247.66966825663178,71,291,0,0
247.67162283901104,7837,355,1,0
247.6992340897998,1763,219,0,0
247.70072582298292,133,220,0,0
247.70384802667982,8070,122,1,0
248.47684229377717,159,234,0,0
248.48635957514418,254,52,0,0
248.50281573581674,1424,215,0,0
248.50361547471886,1377,767,0,0
248.50734454705383,528,262,0,0
248.6716586702593,935,436,0,0
248.71832298264195,551,192,0,0
248.88663489811051,5,293,0,0
249.029959177128,1598,84,0,0
249.0618174828837,125,215,0,0
249.07053375043154,598,80,0,0
249.07079126070118,1768,291,0,0
249.2479157059275,873,26,0,0
249.27249806892277,1250,465,0,0
252.69519172351454,8067,125,1,0
252.71026196674703,845,42,0,0
252.72585044498024,1304,65,0,0
252.73342980364086,452,390,0,0
252.73514603365876,528,273,0,0
252.7556242347564,830,68,0,0
252.79300073109755,1312,321,0,0
252.8231823226307,475,424,0,0
252.83403632935654,181,268,0,0
252.83811268814196,895,767,0,0
253.0284813565375,496,484,0,0
253.16948105706277,637,254,0,0
253.17492115163625,65,350,0,0
253.17644975075328,830,618,0,0
253.18171346486452,1271,10,0,0
253.1868607730772,1339,626,0,0
253.34363626311048,829,155,0,0
253.34725337090322,692,700,0,0
253.39010417610362,14,331,0,0
253.39280559531477,3460,210,1,0
253.40947211995214,1547,1110,0,1
257.4692266384276,936,304,0,0
257.4748472220297,68,69,0,0
257.5242008499991,340,70,0,0
257.5326591883731,4,107,0,0
257.74572173880586,928,605,0,0
257.78954206863875,189,101,0,0
257.8121908047967,1834,14,0,0
258.2113056089606,208,366,0,0
258.3290253057739,1610,260,0,0
258.41117310366957,815,122,0,0
258.41328319190904,150,150,0,0
258.4169630252249,1302,162,0,0
258.8074820330541,518,89,0,0
258.80955087002053,56,36,0,0
259.3522013574481,1265,128,0,0
259.8737102806661,700,292,0,0
259.8871073262663,1278,247,0,0
259.89074674280164,45,713,0,0
259.8924529880333,1371,1230,0,1
259.989311134722,1400,435,0,0
260.04631932851663,428,408,0,0
260.05027268095574,238,92,0,0
260.0525528517858,13,244,0,0
260.09991416913226,6,293,0,0
260.1049232609933,724,338,0,0
260.12184221693065,75,235,0,0
260.12268839964605,1443,5540,0,1
260.16300927873556,244,2320,0,1
260.18603417681135,815,182,0,0
260.192702240903,69,626,0,0
260.194346513365,1898,124,0,0
260.20913082278304,94,123,0,0
260.2442660871212,495,258,0,0
260.283079110109,36,508,0,0
260.30472233978156,652,597,0,0
260.3085197206817,1406,647,0,0
260.37233512344187,1146,105,0,0
260.54215476926527,172,338,0,0
260.5473192032327,21,290,0,0
260.54869617187353,198,348,0,0
260.86080121680374,752,424,0,0
260.88581565616056,857,29,0,0
260.8861883232929,1699,36,0,0
260.9727962075124,233,356,0,0
260.99591389293045,635,3220,0,1
260.99998257577954,1047,4580,0,1
261.0190592491981,278,238,0,0
261.02087317222635,1199,120,0,0
261.02367793216905,738,3850,0,1
261.0242541144335,4100,158,1,0
261.17522345149007,821,238,0,0
261.18031435755756,175,1940,0,1
261.2017039756632,936,78,0,0
261.22955209073933,705,300,0,0
261.22962847822936,910,114,0,0
261.2481885864962,750,306,0,0
261.249541083812,1451,344,0,0
261.4010539570666,1426,317,0,0
261.40219506191164,5060,33,1,0
261.4695798723029,993,146,0,0
261.81215895145044,622,90,0,0
261.83362022465957,428,160,0,0
261.9340811452887,279,766,0,0
262.1309227591121,1833,293,0,0
262.15000393121414,1245,769,0,0
262.15829228782195,38,114,0,0
262.1590442188631,697,554,0,0
262.6945706861409,776,443,0,0
262.7966725478669,374,285,0,0
262.84634610411206,438,170,0,0
262.84679807597246,891,214,0,0
262.9737285236729,1036,72,0,0
262.9802419614145,33,5370,0,1
262.9998980186532,239,73,0,0
263.0282136344207,1838,536,0,0
263.1630994450739,724,190,0,0
263.1708901583745,7832,360,1,0
263.1746048837342,1647,124,0,0
263.2210964024281,1483,437,0,0
263.24593315121604,253,305,0,0
263.250388916286,1752,165,0,0
264.2503069729271,1455,400,0,0
264.39573689344587,1834,336,0,0
264.39637974946965,284,253,0,0
264.3965607682582,568,21,0,0
264.39689405797117,7549,643,1,0
264.40318492647964,711,2230,0,1
264.43968711806366,1658,768,0,0
264.90814026950557,592,160,0,0
264.9293971297071,889,2010,0,1
264.93354847637534,118,38,0,0
264.9536673567036,419,316,0,0
264.97026841413305,985,283,0,0
264.9727005063533,4440,478,1,0
264.9934472276268,1497,223,0,0
264.99382536553355,1045,221,0,0
265.00136281696706,1540,245,0,0
265.0402378216446,33,283,0,0
265.05045490759454,549,33,0,0
265.0963596073667,548,2200,0,1
265.2360244230738,373,120,0,0
265.2901594708716,734,12,0,0
265.3528740144646,7670,522,1,0
265.4150316218353,1202,199,0,0
265.4266897420179,79,236,0,0
265.5554347538357,322,69,0,0
265.5854952561419,694,377,0,0
265.5881179663663,1530,512,0,0
265.7099515306632,30,56,0,0
265.7279788078252,252,187,0,0
265.728017998958,830,138,0,0
266.3084134167992,172,76,0,0
266.32984220176655,329,180,0,0
266.334217993298,18,294,0,0
266.4283190664912,632,345,0,0
266.47307637511295,461,701,0,0
266.50802413561547,906,123,0,0
267.2066722282324,1848,15,0,0
267.4195202601091,498,408,0,0
267.43316217296444,75,131,0,0
267.4392353375788,560,605,0,0
267.44120011353317,1703,28,0,0
267.4976630200616,1673,157,0,0
267.5280658214252,258,227,0,0
267.7397270176075,1508,309,0,0
267.776679511084,315,393,0,0
267.8809386894396,1083,341,0,0
268.24574735278367,1332,279,0,0
268.2554266054981,1456,287,0,0
268.2594177366389,378,307,0,0
268.28563204999466,978,232,0,0
268.2877220726858,64,372,0,0
268.30625644471144,6,189,0,0
268.321933557659,1801,256,0,0
268.76625741837427,928,32,0,0
268.7797411893007,757,127,0,0
269.06316724555813,349,126,0,0
269.0752815251308,736,280,0,0
269.09929351786184,635,198,0,0
269.1094984861598,209,295,0,0
269.1315623840554,335,323,0,0
269.1394907305349,1262,332,0,0
269.1424102575077,1612,229,0,0
269.1445008781396,1466,407,0,0
269.2925308672224,256,180,0,0
269.32763646721344,558,145,0,0
269.9298501100633,1345,566,0,0
270.42005819094044,1314,260,0,0
270.42344389293515,1004,243,0,0
271.48461692182724,1230,259,0,0
271.49479943672793,20,329,0,0
271.49586167261754,1053,422,0,0
271.49831388031237,526,608,0,0
271.5065687887381,322,345,0,0
271.5067678296011,1332,223,0,0
271.56678679817617,456,407,0,0
271.57862628416973,1870,1820,0,1
271.661607788383,8117,75,1,0
271.7083197860728,1317,113,0,0
271.7488017636876,350,6,1,0
271.84832434478636,1246,326,0,0
271.9120498824219,692,286,0,0
271.9135375407149,1368,350,0,0
272.4381402733279,570,274,0,0
272.44763892972685,1343,88,0,0
272.473417149515,1855,308,0,0
272.5712942414718,1517,160,0,0
272.5770264376392,292,312,0,0
272.58519051395473,587,17,0,0
272.58583737667294,1209,186,0,0
272.67063258243576,188,220,0,1
272.75608101030275,676,308,0,0
272.765999403105,2066,219,0,0
272.77065505170276,638,154,0,0
272.7707730523729,1473,81,0,0
272.82368198860047,1648,2930,0,1
272.8269732187814,1092,237,0,0
272.83467996850413,483,231,0,0
272.8446480450017,1548,165,0,0
272.8542954571547,997,439,0,0
272.88052712371996,1326,394,0,0
272.94414241873505,978,51,0,0
272.97101867933907,890,529,0,0
272.973249975443,723,304,0,0
272.99056949109354,1512,160,0,0
273.0057457884637,677,430,0,0
273.0087055981795,1295,720,0,0
273.0202971596456,1531,15,0,0
273.13126402323735,959,357,0,0
273.2180561093118,1474,93,0,0
273.27373038621715,282,12,0,0
273.34211007547646,429,274,0,0
273.3426118189863,480,215,0,0
273.37327770535416,744,761,0,0
273.7699364814872,1251,291,0,0
273.78161790652223,377,403,0,0
273.7933965692273,162,136,0,0
273.79854070661094,646,271,0,0
273.8384682479216,1178,564,0,0
273.8595016422557,1386,397,0,0
273.86277886937626,980,447,0,0
273.88982696787696,33,200,0,0
273.913351383305,995,416,0,0
273.9597690768756,1740,261,0,0
274.0105763953064,1575,344,0,0
274.01596380295854,1670,463,0,0
274.06752773732813,1088,293,0,0
274.0888450693191,482,91,0,0
274.10805221213735,536,288,0,0
274.11864821146855,1543,621,0,0
274.14497592364984,564,2230,0,1
274.15174382754964,649,627,0,0
274.1544053391626,433,62,0,0
274.34324639676873,230,77,0,0
274.34523593306,353,45,0,0
274.38022916400695,759,205,0,0
274.47065102157643,110,212,1,0
274.5028948614739,552,440,0,0
274.5141372087762,491,79,0,0
274.5289858532812,629,249,0,0
274.53003911699864,13,343,0,0
274.56725729822404,4,423,0,0
274.5705789700341,109,79,0,0
274.5858614572328,1639,418,0,0
274.58929224811453,71,239,0,0
274.6905054720826,9,92,0,0
274.69940658821037,559,769,0,0
274.7169711978266,739,357,0,0
275.0108950457111,834,188,0,0
275.01394367409307,1590,299,0,0
275.0256808125116,585,466,0,0
275.0259541390723,1811,382,0,0
275.035773448242,508,331,0,0
275.04351996906587,209,3620,0,1
275.04886234378364,447,146,0,0
275.1150814011866,1735,9,0,0
275.4465823333881,56,280,0,0
275.53359312760495,804,230,0,0
275.6099392886411,1277,104,0,0
275.7469892417535,94,75,0,0
275.7531215412315,425,48,0,0
275.75732095349986,1302,140,0,0
275.792061345446,862,152,0,0
276.3197085193689,1188,768,0,0
276.3262628832769,4860,256,1,0
276.32739967526845,480,485,0,0
276.34903622777995,1669,247,0,0
276.4847424904866,268,16,0,0
276.5583864650452,858,32,0,0
276.60663398762284,1590,526,0,0
276.62299387089166,1172,197,0,0
276.7083591520566,7938,254,1,0
276.71780843897795,997,446,0,0
276.93099425511434,1066,523,0,0
277.1950190539104,25,233,0,0
277.2935503164055,1822,330,0,0
278.27234285109256,405,365,0,0
280.49937561695936,989,315,0,0
280.5039957397174,771,501,0,0
280.51881041767535,1128,372,0,0
280.52219541979855,750,413,0,0
280.5230261544369,10,195,0,0
280.5254708453418,867,25,0,0
280.54032921079875,1808,2590,0,1
280.5957989858712,1954,307,0,0
280.64164481754347,1370,5740,0,1
280.6417874979226,1007,13,0,0
280.6592698268789,418,418,0,0
280.66133489025606,1564,285,0,0
280.7287958538286,764,1270,0,1
280.7326244070109,1733,175,0,0
280.86006541534636,925,380,0,1
281.40132862744264,338,562,0,0
282.1462469654017,115,137,0,0
282.15947825672373,1724,88,0,0
282.18988525718885,892,44,0,0
282.20000517026733,321,3720,0,1
282.21812850354894,1297,82,0,0
282.77701419306845,1466,274,0,0
282.7776008494912,844,346,0,0
282.78352022384263,792,114,0,0
282.80531235491173,11,313,0,0
282.8126056099694,1061,380,0,0
282.8146610727512,361,42,0,0
282.9618869168009,724,261,0,0
282.97765030141045,7270,332,1,0
282.9854056901047,1180,200,0,0
282.986692170403,1406,205,0,0
283.00061201888633,1461,462,0,0
283.1108457449551,1370,3640,0,1
283.123788856277,70,202,1,0
283.28828588931515,1963,231,0,0
283.297920081445,1536,765,0,0
283.30137855113605,10,495,0,0
283.32105530505265,329,326,0,0
283.324045591038,1956,122,0,0
283.3249938158216,1985,516,0,0
283.3764028214279,1331,480,0,0
283.5007634969926,17,90,0,0
283.9983652688902,909,364,0,0
283.9988159662127,1875,770,0,0
284.1190394466828,198,15,0,0
284.18586109296666,1376,139,0,0
284.21103796402855,1509,62,0,0
284.2591188130232,1273,769,0,0
284.3312151060824,998,209,0,0
284.38379491051904,768,212,0,0
284.4420742195394,8167,25,1,0
284.4529933754563,437,227,0,0
285.02794163186786,404,366,0,0
285.04658912998093,459,152,0,0
285.21007980323213,1580,735,0,0
285.21925925311024,1187,237,0,0
285.23677304874735,1348,660,0,0
285.25185061561416,1304,327,0,0
285.28184671655293,165,59,0,0
285.56572018440767,816,753,0,0
285.56669952481525,312,292,0,0
285.77901271080697,1897,187,0,0
285.78377898744884,26,2650,0,1
286.950712596526,1273,222,0,0
286.9535779812401,460,146,0,0
286.97950787059574,313,113,0,0
287.04664477704813,633,266,0,0
287.0474557787911,992,324,0,0
287.0661809032596,644,377,0,0
287.08790247695566,1820,226,0,0
287.12858250840117,297,40,0,0
287.1416662889729,660,161,0,0
287.1441114263484,2014,205,0,0
287.14458923147384,1375,382,0,0
287.1508057693577,19,272,0,0
287.15938066668906,1242,1910,0,1
287.16832997934074,1818,143,0,0
287.26461397966597,1653,381,0,0
287.2876684955501,1268,199,0,0
287.28830777173806,254,97,0,0
287.2917471729689,1673,214,0,0
287.4672687383268,289,1870,0,1
287.53541707420436,1777,94,0,0
287.5607956353558,7370,19,1,0
287.5705159759189,127,59,0,0
287.72973658916936,14,542,0,0
287.7338430555692,211,25,0,0
287.7388664688571,1693,260,0,0
287.90556124428673,334,122,0,0
287.90606622860304,1267,114,0,0
288.08030803840546,38,602,0,0
288.0879759990888,189,7,0,0
288.1302383235604,1826,581,0,0
288.13844602886155,8074,118,1,0
288.1389327271469,1247,767,0,0
288.17905763348364,6620,4,1,0
288.18395990207387,368,550,0,0
288.20001847845293,611,278,0,0
288.2426985568092,613,227,0,0
288.27003899708336,1754,581,0,0
288.29522693682486,1409,170,0,0
288.3637482922314,357,14,0,0
288.36495714919494,1774,403,0,0
289.56136066967144,178,51,0,0
289.56228823112934,8,269,0,0
289.57520890544487,474,411,0,0
289.5944107822048,689,305,0,0
289.60146138835927,401,533,0,0
289.6877887252252,956,594,0,0
289.6950448204867,806,426,0,0
289.71643098744926,271,351,0,0
293.4947766270258,22,385,0,0
293.50288455850944,625,293,0,0
295.57403447587564,309,230,0,0
295.57525093382725,794,769,0,0
295.638135697106,2551,37,0,0
295.6684473505868,72,597,0,0
295.7427110826265,1630,353,0,0
295.74290355855067,1519,286,0,0
295.74322979359545,11,24,0,0
295.81518008287196,1653,444,0,0
295.92006474773444,1301,460,0,0
295.9956518480534,1279,462,0,0
296.00314995992704,454,394,0,0
296.0572270926241,569,156,0,0
296.10035312953875,438,326,0,0
296.1063697696371,8,195,0,0
296.9456942365925,5,170,0,0
296.9637272392542,568,532,0,0
296.9707828412008,229,323,0,0
297.01244256328357,12,397,0,0
297.0213616009459,1805,292,0,0
297.0542624311127,8024,168,1,0
297.05740306768536,412,524,0,0
297.06090928197295,128,123,0,0
297.0676517110982,1212,222,0,0
297.22519201575415,1340,32,0,0
297.23703011774757,1200,281,1,0
297.7152065819712,1461,64,0,0
298.0752811257145,29,335,0,0
298.08187034911833,1789,27,0,0
298.08958469962795,201,616,0,0
298.295806366165,125,82,0,0
298.3066442353144,610,2550,0,1
298.31651354443176,1064,163,0,0
299.0058771765434,989,212,0,0
299.259412735694,1878,52,0,0
299.32535230104384,7794,398,1,0
299.32590906837385,131,113,0,0
299.3537550396315,1636,272,0,0
299.35444153186353,740,94,0,0
299.38658898196985,1687,16,0,0
299.428713424381,30,88,0,0
300.21098811527014,1719,49,0,0
300.21249607046497,1202,242,0,0
300.24178935119056,684,614,0,0
300.282779455624,763,329,0,0
300.3331243330012,1556,353,0,0
300.3963436195867,80,790,0,0
300.615201234809,557,182,0,0
300.6773166823101,685,147,0,0
300.68742687579504,1291,79,0,0
300.70117818107946,1146,61,0,0
300.9047884556009,4,14,0,0
300.91662908653973,58,298,0,0
300.91705890416955,477,249,0,0
300.9180085949494,310,215,0,0
300.9199503332491,595,350,0,0
300.9216585958113,690,4660,0,1
300.95843945391,116,45,0,0
300.98977265638274,17,35,0,0
300.9904232901946,92,56,0,0
300.99321188754703,379,258,0,0
301.04393652422914,556,5450,0,1
301.0935516633906,1370,111,0,0
301.11044839012663,185,219,0,0
302.70195033918554,578,46,0,0
302.70578854417874,1038,112,0,0
302.9057888081442,1080,356,0,0
302.940584501079,1392,413,0,0
302.94089952597824,14,417,0,0
302.94312843356664,370,232,0,0
302.9667883388017,16,13,0,0
302.9707941337182,571,255,0,0
302.97974842282684,11,228,0,0
302.99383904531686,227,234,0,0
303.0297040524227,30,212,0,0
303.0397159013645,358,490,0,0
303.1080869592839,726,85,0,0
303.1202107667605,69,497,0,0
303.12260842964923,258,163,0,0
303.1304816885792,181,756,0,0
303.132008895116,8012,180,1,0
303.2206366200214,1655,72,0,0
303.2215509384679,1084,215,0,0
303.2272951182455,715,22,0,0
303.2349798410553,1110,246,0,0
303.28609198569416,8,870,0,1
303.5980331924327,228,1060,0,1
303.59973146292276,1070,525,0,0
303.60851046512863,866,745,0,0
303.61493930414287,1836,4620,0,1
303.6188236422793,1730,160,0,0
303.6194180262963,1554,768,0,0
303.6401706289397,1116,186,0,0
303.6405601365132,1953,177,0,0
303.9705280748006,518,156,0,0
304.0656628452156,100,160,1,0
304.2165928150291,12,99,0,0
304.9656335263805,161,212,0,0
304.9798053489702,11,412,0,0
304.98373202333863,413,431,0,0
304.9841239697137,468,370,0,0
305.1585744744555,888,286,0,0
305.24568420420246,78,361,0,0
305.2520496522545,1589,288,0,0
305.2540048808418,431,82,0,0
305.28691637939056,872,237,0,0
305.31691993213246,708,3960,0,1
305.31857207268024,224,143,0,0
305.6515829192387,15,3260,0,1
305.6572641834717,1385,103,0,0
305.7134651275061,84,315,0,0
305.7138765227036,165,237,0,0
305.71576841667184,432,101,0,0
305.7373181615708,1792,5,0,0
305.73931319951635,239,7,0,0
306.3064226551397,759,418,0,0
306.3067274714864,275,1590,0,1
306.31233833691283,10,235,0,0
306.31272273030885,638,255,0,0
306.31980431957356,892,135,0,0
306.52035312269925,1668,177,0,0
306.5472126164096,490,402,0,0
306.55767071980256,488,288,0,0
306.75709108834076,1705,234,0,0
306.7577484484722,744,154,0,0
306.75896983640746,781,35,0,0
306.7595830649496,1215,548,0,0
306.90200589975245,471,124,0,0
306.9025565155728,1289,1340,0,1
307.14707263756395,1721,33,0,0
307.1506742284449,751,2660,0,1
307.1608051713531,56,90,0,0
307.1681682997911,71,123,0,0
307.25653051986046,916,231,0,0
307.2623400108734,1609,219,0,0
307.27101410358154,734,158,0,0
307.2797907719236,791,767,0,0
307.29208874929077,516,212,0,0
307.2946292922071,780,770,0,0
307.3112443068083,123,48,0,0
307.3131661686098,950,386,0,0
307.3623334923621,18,531,0,0
307.36826339388114,549,198,0,0
307.6485350719547,1905,310,0,0
307.64949032259125,2640,255,1,0
307.67176089352057,206,154,0,0
307.6845552729298,499,90,0,0
308.2677094267174,474,246,0,0
308.31406915627207,1929,417,0,0
308.3249824871963,15,486,0,0
308.3361227870349,1006,348,0,0
308.33994809445784,599,278,0,0
309.3646280427037,44,247,0,0
310.59520451625053,913,460,0,1
310.6087110589785,1509,258,0,0
310.61209913994946,1603,270,0,0
310.65080478800974,442,406,0,0
310.7202229154735,742,7450,0,1
310.7225704676588,640,425,0,0
310.72930132739793,7740,452,1,0
310.73447555558624,533,233,0,0
310.7430195653972,1148,27,0,0
310.7838469813044,556,381,0,0
310.78563269787793,539,418,0,0
310.7860094890142,554,273,0,0
311.77238832687783,24,427,0,0
311.779621317714,59,306,0,0
311.81912954538535,723,275,0,0
311.8245373815027,1838,338,0,0
311.84377873347006,733,184,0,0
311.87066637939546,412,118,0,0
311.88151918803294,616,205,0,0
314.3595989241997,1567,386,0,0
314.4134160368516,1376,767,0,0
314.4211169702614,579,197,0,0
314.43851306955776,1863,261,0,0
314.45309416147336,32,37,0,0
314.46222675830785,925,23,0,0
314.595325607824,13,380,0,0
314.7245317096699,465,401,0,0
314.7375818017512,967,289,0,0
314.7612816869249,391,359,0,0
314.76242309587013,1478,258,0,0
314.8017981296285,1675,242,0,0
314.81282805057674,1081,124,0,0
314.8154072454175,397,249,0,0
314.8223812003382,890,241,0,0
315.0936434754828,571,299,0,0
315.09567898282216,7881,311,1,0
315.0980401564276,1747,366,0,0
315.1293987854424,7695,497,1,0
315.16515538491586,21,289,0,0
315.17598866697347,464,174,0,0
315.177663169825,197,174,0,0
315.18177876533167,791,670,0,0
315.9721004972424,31,184,0,0
315.9729564343775,11,302,0,0
315.9947173758787,21,283,0,0
316.08424903719487,300,760,0,1
316.1460893883824,198,90,0,0
317.67733802903655,26,648,0,0
317.7106198470116,198,133,0,0
317.7169835745257,472,290,0,0
317.7205455962397,1535,409,0,0
317.72929041932025,412,627,0,0
317.97617493273344,1257,726,0,0
317.9777668407306,924,460,0,0
318.0033190176245,829,254,0,0
318.0061988951827,1330,15,0,0
318.01844977440146,828,571,0,0
318.8865157599837,1420,179,0,0
318.9115278006117,1692,304,0,0
318.949025714967,714,143,0,0
318.9545107998116,508,387,0,0
318.95516978815454,654,1790,0,1
318.9578432265335,740,94,0,0
318.96383718852866,1824,125,0,0
318.9778822687723,1906,355,0,0
318.97816494847393,453,3280,0,1
318.9896043387965,1075,278,0,0
319.2770790236897,441,654,0,0
319.28283621784385,2573,224,0,0
319.35585445359715,1165,432,0,0
319.38075595627464,121,388,0,0
319.3950380501978,722,95,0,0
319.4042666530328,1461,360,0,0
319.4738755773885,75,24,0,0
319.96175362695186,6,415,0,0
319.96217516925697,717,41,0,0
320.0945142978129,29,2040,0,1
320.1018517209602,492,307,0,0
320.1355660583287,1335,420,0,0
320.2822636861217,571,307,0,0
320.3060469845363,1806,323,0,0
321.15829076828936,239,641,0,0
321.3075241047062,1567,135,0,0
321.31670350844655,781,68,0,0
321.41568251248066,977,237,0,0
321.4165450480657,3053,12,0,0
321.444778441718,1166,417,0,0
321.4503181137901,952,85,0,0
321.453480328318,1683,341,0,0
321.5927969021123,1741,383,0,0
321.62068741675773,15,40,0,0
321.6272441516547,334,24,0,0
321.6633387981198,1292,42,0,0
321.67803431961096,495,106,0,0
321.69130261817673,980,156,0,0
321.6920056083216,22,396,0,0
321.6982252560316,997,251,0,0
321.750048908964,1758,404,0,0
321.7887703575443,368,533,0,0
321.80917570142793,934,481,0,0
321.81088205292434,1487,379,0,0
321.81474309854906,104,28,0,0
321.81487439364435,114,1370,0,1
321.8170337417375,62,79,0,0
322.04038380608614,1644,62,0,0
322.612297871412,611,215,0,0
322.6333903856797,1183,555,0,0
322.65078269170505,404,157,0,0
322.6517594068452,1708,241,0,0
322.679829550054,889,42,0,0
322.6857588256812,5760,186,1,0
324.061419595716,1715,327,0,0
324.1120383395837,1527,247,0,0
324.1270546054265,456,2210,0,1
324.1278452782783,528,509,0,0
324.4869593640184,285,97,0,0
324.50860665591557,178,1520,0,1
325.78340224763815,1756,303,0,0
325.8552262895533,1205,96,0,0
325.8691117704762,1000,602,0,0
325.9541740181104,282,201,0,0
326.051588366307,270,83,0,0
326.057781059726,543,170,0,0
326.36642538405766,1231,102,0,0
327.36786011145085,508,51,0,0
327.3727714654951,1364,236,0,0
327.3729337183827,372,167,0,0
327.46158114682703,168,207,0,0
327.48680582576105,773,767,0,0
327.5072060775979,228,50,0,0
327.51022939591167,4600,1460,1,1
327.9576050804141,639,309,0,0
327.9578749658482,781,77,0,0
328.2076065944817,309,44,0,0
328.21477894829746,1013,177,0,0
328.21503795536506,1129,229,0,0
328.2185596316296,1061,250,0,1
328.2358863352678,843,454,0,0
329.34909200876666,567,403,0,0
329.55014709242,1796,643,0,0
329.5634833737313,961,82,0,0
329.583374014145,620,262,1,0
329.8640949838044,1555,43,0,0
329.96116011416694,226,140,0,0
331.74630132155056,355,273,0,0
331.75098044709057,1708,431,0,0
331.79544184593436,7893,299,1,0
331.8015256790227,1208,502,0,0
331.8263848260645,269,50,0,0
331.8272852870942,1813,328,0,0
331.8467080160098,1633,180,0,0
331.8476757110274,1381,768,0,0
331.88545307492683,363,622,0,0
332.2557975593797,42,383,0,0
332.286684134102,669,112,0,0
332.3124771238747,733,535,0,0
332.32599024592787,2950,241,1,0
332.3271296098154,542,648,0,0
332.33143571429673,920,482,0,0
332.339020495081,1933,225,0,0
332.34119082230063,779,695,0,0
332.5035146921013,726,41,0,0
332.50392417057355,1009,159,0,0
332.5059502465674,444,98,0,0
332.50866964409744,1838,136,0,0
332.5179212886372,1271,32,0,0
332.51965323651154,761,396,0,0
332.52060938524517,404,499,0,0
332.5219040581379,23,151,0,0
332.5259877822859,1283,285,0,0
332.52691867293646,1074,767,0,0
332.6753814287527,161,97,0,0
332.6917717119577,1846,162,0,0
332.8998728759094,175,26,0,0
332.90505369299007,206,305,0,0
332.961513097532,461,170,0,0
332.97630325582344,1418,74,0,0
333.00140106467313,1452,82,0,0
333.4182862388778,678,272,0,0
333.49308430876795,1507,256,0,0
333.5220036560397,536,364,0,0
333.53477860803577,77,425,0,0
333.5352518599421,109,34,0,0
333.5461085268352,718,599,0,0
333.550660216318,810,328,0,0
334.22078104913123,877,120,0,1
334.22674449560685,1796,92,0,0
334.25007611738187,1680,572,0,0
334.2633679808205,1930,407,0,0
334.26816284880204,1297,252,0,0
334.4037477274755,841,110,0,0
334.4056613323709,42,301,0,0
334.4616386957586,1433,105,0,0
334.4620088721741,1241,51,0,0
334.46733504445206,1691,890,0,1
334.98534343238003,27,610,0,0
334.99693831550314,338,404,0,0
335.02472750310926,1498,305,0,0
335.0557635918242,1766,768,0,0
335.0748720411736,20,258,0,0
335.0749573795268,544,240,0,0
335.0757071353026,178,151,0,0
335.18017376564603,1459,244,0,0
335.20289422440743,1028,314,0,0
335.20386515277147,654,272,0,0
335.2049498345009,107,82,0,0
335.4066136873882,1671,74,0,0
335.41269833431886,4000,611,1,0
335.4229454215328,1259,255,0,0
335.42952071014344,1232,36,0,0
335.4326471484477,1183,233,0,0
335.46209567488415,7430,253,1,0
335.5064019436836,983,662,0,0
335.5162195618358,567,44,0,0
335.53027799448546,661,30,0,0
335.53333310915895,1520,312,0,0
335.7590451881855,903,20,0,0
335.75988381828637,24,408,0,0
335.7879959671249,416,11,0,0
335.8526045136808,295,319,0,0
336.01040479490814,705,435,0,0
336.02778165906807,1093,465,0,0
336.0722818599447,797,225,0,0
336.083110236637,904,119,0,0
336.0861727633164,280,178,0,0
336.1066266136477,1175,139,0,0
336.2338431317064,128,179,0,0
336.29912030963146,1004,671,0,0
336.3005377824518,1065,129,0,0
336.3188222172028,879,2180,0,1
336.5370991552915,770,711,0,0
336.57233991175906,318,50,0,0
336.88739155780297,1635,61,0,0
336.90706081528174,738,465,0,0
336.91945807009415,922,90,0,0
336.91947940490684,1196,768,0,0
337.15225239688806,2750,257,1,0
337.15284327796104,1615,393,0,0
337.1595116394931,1728,131,0,0
337.1618835831074,1131,629,0,0
337.165628032801,420,239,0,0
337.2529215671684,1069,278,0,0
337.2535720379418,408,338,0,0
337.284962999611,1154,287,0,0
337.2863350390353,134,11,0,0
337.30193662041216,491,171,0,0
337.3403950624747,132,767,0,0
337.3513601248314,85,632,0,0
337.36034753032163,256,302,0,0
337.37247689928984,8132,60,1,0
337.38391734927,877,237,0,0
337.4400491061472,1765,769,0,0
337.4764464245938,2490,176,0,0
337.48368919094105,427,433,0,0
338.9634417694601,1221,236,0,0
338.9676196491179,1034,157,0,0
339.59808241608437,734,391,0,0
339.60968497625703,921,176,0,0
339.84554319035664,144,74,0,0
339.9879664880538,158,768,0,0
339.9967857499849,702,375,0,0
340.0831769780592,1494,52,0,0
341.1245062498586,1354,319,0,0
341.1252393141727,1409,189,0,0
341.1265176416446,492,7700,0,1
341.1298874283764,7922,270,1,0
341.79422579165305,784,384,0,0
341.84292984961303,434,311,0,0
341.84737559513843,1055,174,0,0
341.8595266389165,345,270,0,0
341.89026719384066,1677,4300,0,1
341.8936051377494,476,217,0,0
341.90416589885973,251,70,0,0
341.9266062235719,1834,387,0,0
341.9749095152124,115,34,0,0
342.09926843571833,22,249,0,0
342.10618469287715,896,458,0,0
342.1183965519981,336,120,0,0
342.11982673913616,442,529,0,0
342.13409022958956,7,260,0,1
342.15681975351947,473,386,0,0
342.1727816110865,7610,582,1,0
342.217280977042,821,29,0,0
342.2194031444758,1758,200,0,0
342.3889649655387,257,118,0,0
342.41410546343775,1457,51,0,0
342.61197717616557,2690,187,1,0
342.6146846943362,287,228,0,0
342.62698839400383,712,371,0,0
342.64964914629644,1110,519,0,0
342.6546321096403,427,225,0,0
342.81294092942585,641,171,0,0
342.83091295013327,130,139,1,0
342.8320408036443,1366,42,0,0
342.9566172121716,652,181,0,0
342.9617910489445,912,342,0,0
342.99416540389626,192,4760,0,1
343.0864335433181,5630,211,1,0
343.08874579769946,1031,188,0,0
343.3650795517829,51,326,0,0
343.4524195582092,8,230,0,0
343.45326047477914,703,612,0,0
343.64085335107546,357,229,0,0
343.64425458502245,449,145,0,0
343.6482296759475,851,71,0,0
344.10835684552404,1058,126,0,0
344.1094668817149,220,173,0,0
344.10957170958574,1094,451,0,0
344.1346989668321,862,345,0,0
344.1462077726712,1854,93,0,0
344.14903945226325,11,211,0,0
344.27728785966207,1998,50,0,0
344.27814465371875,530,384,0,0
344.28069962652006,1575,524,0,0
344.3637764652631,709,225,0,0
344.36814604510744,1836,289,0,0
344.3707377749029,1000,88,0,0
344.37900013468106,1796,767,0,0
344.3804704849502,1302,199,0,0
344.3817959753676,240,186,0,0
344.39531675568287,1591,670,0,1
344.4015142979521,403,11,0,0
344.4138274456537,1316,118,0,0
344.41693086972975,194,120,0,0
344.4419865194731,349,1000,0,1
344.4799304602205,18,236,0,0
344.5560275262447,250,397,0,0
344.5609623573915,364,321,0,0
344.5653466346405,1054,166,0,0
344.56689824400837,470,380,0,0
344.5951983752716,798,760,0,0
344.68906186929894,544,367,0,0
344.7882023400005,892,23,0,0
344.86230769046307,962,541,0,0
345.0279432177064,963,186,0,0
345.5369795971695,284,230,0,0
345.5630036106324,1528,403,0,0
345.6219799271829,188,569,0,0
345.6257484452968,260,71,0,0
345.6666427936047,831,394,0,0
345.76920314495214,900,129,0,0
345.7746472701859,1536,178,0,0
346.70626383142474,1928,23,0,0
346.76140414035865,105,29,0,0
346.8544537830945,1570,41,0,0
346.88805888784356,234,248,0,0
347.84419059248347,259,23,0,0
347.8751853730986,137,299,0,0
347.9939285731316,12,232,0,0
348.02757494467636,1309,373,0,0
348.0364701308688,292,459,0,0
348.0522960636475,1146,316,0,0
348.05931741745366,1173,560,0,0
348.06998920796065,13,139,0,0
348.178504601829,1145,185,0,0
348.1829869561889,791,1960,0,1
348.1942202958984,363,276,0,0
348.2906065802179,328,19,0,0
348.5028409254071,1116,495,0,0
348.5262666150378,17,142,0,0
348.53736213841665,1415,715,0,0
348.53897807254697,8,283,0,0
348.6107020418725,41,310,0,0
348.6150315944733,884,316,0,0
348.6216196438472,482,6990,0,1
348.7033889491972,324,415,0,0
348.710830214319,148,596,0,0
348.7656953183931,435,304,0,0
348.8190673780875,1419,275,0,0
348.8241165885849,337,738,0,0
348.83885362578167,156,769,0,0
349.06337422331234,356,668,0,0
349.10257214900713,1579,265,0,0
349.13274052392137,345,341,0,0
349.1341550723314,6,227,0,0
349.1497815016995,1496,127,0,0
349.3732445647752,753,228,0,0
349.3844775406242,1789,286,0,0
349.4261717569668,261,8,0,0
349.5533144479141,340,122,0,0
351.6221554216125,1706,196,0,0
351.6228734480436,462,161,0,0
351.7741569313076,18,236,0,0
351.9559996430381,579,516,0,0
351.9783145449673,508,315,0,0
352.9274833472455,969,744,0,0
352.929158697312,345,34,0,0
352.93024746315643,84,82,0,0
352.9450196138629,373,310,0,0
353.0213416527383,1015,171,0,0
353.02375563961306,1320,337,0,0
353.0423960841724,851,400,0,0
353.0491756166893,539,356,0,0
354.00523283148465,356,229,0,0
354.0115583529448,1080,198,1,0
354.2952893912707,76,127,0,0
354.29560758035035,1801,618,0,0
354.3117550136688,1149,262,0,0
354.33118639710585,1538,163,0,0
354.33260407660674,1493,270,0,0
354.3427299785978,330,429,0,0
354.37897037423625,441,336,0,0
354.389654498722,1351,193,0,0
354.39638654652714,5360,364,1,0
354.411618045116,16,1320,0,1
354.45508064508255,887,1950,0,1
354.5064457565152,363,173,0,0
354.5120804626945,139,970,0,1
354.62788206466496,788,179,0,0
354.6426398953302,1194,344,0,0
357.0856190865978,1750,91,0,0
357.1028944655045,7860,332,1,0
357.1313047030399,1690,444,0,0
357.1335755461542,517,545,0,0
357.49920709160324,991,328,0,0
357.51127551276613,213,127,0,0
357.5481332442244,568,341,0,0
357.6687361721834,998,391,0,0
357.67762576974326,1602,264,0,0
357.7072958232943,1010,303,0,0
357.71547792168025,677,332,0,0
357.7193024966143,1763,360,0,0
357.7207579369413,1172,252,0,0
357.7210945664508,15,207,0,0
357.72331021865307,942,240,0,0
357.7236997845542,267,183,0,0
357.8014555343526,810,57,0,0
357.80330253867805,65,372,0,0
361.4700421506504,7,140,0,0
361.48152690100653,1358,276,0,0
361.48571420691275,591,231,0,0
361.81050292214474,1088,145,0,0
361.83823186602183,1165,493,0,0
361.8497199009362,984,293,0,0
361.86067472310975,161,327,0,0
362.1668617046599,707,289,0,0
362.1706939626851,1966,285,0,0
362.17238574730845,629,232,0,0
362.1850518919899,1062,4650,0,1
362.21990411540787,298,105,0,0
362.2201622582887,21,202,0,0
362.2213687390629,1084,437,0,0
362.22426771628574,624,284,0,0
362.2306951526003,303,198,0,0
362.2452305540197,2058,458,0,0
362.24560004892396,1045,248,0,0
362.25248636036054,1390,453,0,0
362.25286444031855,444,2400,0,1
362.3258667734712,955,22,0,0
362.3344203519616,67,471,0,0
362.40911283508876,942,382,0,0
362.6645570604253,596,319,0,0
362.69162717079905,19,597,0,0
362.71208513960966,1548,379,0,0
362.71647022444915,16,298,0,0
362.72209986521983,129,2060,0,1
362.7764992462332,591,709,0,0
362.88564149455055,898,486,0,0
363.54452177288715,699,579,0,0
363.54860838765876,454,26,0,0
363.5511737580654,33,119,0,0
364.4051750182859,658,306,0,0
364.4255395736354,1225,191,0,0
364.42805554472795,1213,308,0,0
364.5680458850689,781,25,0,0
364.5808230554526,1645,337,0,0
364.58802618660616,80,498,0,0
364.589505828932,590,367,0,0
364.69135840017896,9,220,0,0
364.7997844959533,861,511,0,0
365.2992047123464,715,23,0,0
365.3246287323101,926,139,0,0
365.3338885459219,346,187,0,0
365.3602595757091,261,573,0,0
365.39103970494034,17,302,0,0
365.40099719136344,1183,241,0,0
365.40232253528217,33,3210,0,1
365.4045983689759,19,395,0,0
365.4197055465626,763,353,0,0
365.4282232372801,404,393,0,0
365.9781799820439,336,133,0,0
366.0044596495486,747,236,0,0
366.01804082875464,53,39,0,0
366.0236183345681,1608,201,0,0
366.0918770328167,252,220,0,0
366.1062898518328,692,598,0,0
366.2473890380141,148,169,0,0
366.2728905790604,320,326,0,0
366.461263920292,15,360,0,0
366.47751781250355,1475,153,0,0
366.55891039115744,1189,136,0,0
366.8145257911827,1800,272,0,0
366.8235632910247,772,380,0,0
367.2004218093644,90,38,0,0
367.21971844888543,231,80,0,0
368.8092905511725,1311,395,0,0
369.2395612170185,100,1630,0,1
369.4412222912418,73,48,0,0
369.59827568656203,7809,383,1,0
370.37715022968354,55,365,0,0
370.3860703481953,346,179,0,0
370.54579075220346,477,330,0,0
370.5671042631174,7,300,0,0
370.6145491986381,11,238,0,0
370.6875606542283,6,89,0,0
370.9074724966956,949,370,0,0
370.91370777686285,651,235,0,0
370.91693538233875,402,249,0,0
370.91826565144225,1458,269,0,0
370.99503844483394,1145,141,0,0
371.0042287128317,1315,279,0,0
371.0901068986309,740,41,0,0
371.2822604609266,5720,388,1,0
371.53355062062997,1002,352,0,0
371.53403030815116,659,95,0,0
371.5668801944831,1854,177,0,0
371.5970836337781,595,182,0,0
371.6001805137168,165,83,0,0
371.60112618482947,11,4890,0,1
371.6489512776249,405,157,0,0
373.52960791976386,647,316,0,0
373.53140014512434,541,153,0,0
373.54598030191534,1371,143,0,0
373.60090122610495,476,96,0,0
373.6010405895467,372,241,0,0
374.236124325466,316,298,0,0
374.2398589126667,820,494,0,0
374.414636985635,1357,234,0,0
380.13038525237073,818,136,0,0
380.16498832049575,1126,81,0,0
380.16750029616105,16,331,0,0
380.1872702528258,1679,65,0,0
380.19515068202713,938,39,0,0
380.2708640700307,313,389,0,0
380.27379664389144,126,14,0,0
380.4589540008298,1299,134,0,0
380.46406348219756,177,90,0,0
393.6505826873862,602,159,0,0
393.6517096461852,1077,416,0,0
393.7673527573289,7894,298,1,0
393.76852473009154,24,85,0,0
394.0008721570186,7849,343,1,0
394.0214047583637,871,357,0,0
394.021783936925,7730,462,1,0
394.02454443748906,245,180,0,0
394.0295992989712,1653,146,0,0
394.0308595306374,87,41,0,0
394.05059217871764,89,47,0,0
394.05268267267274,1183,35,0,0
394.06824319718794,1043,241,0,0
394.11893906450666,578,62,0,0
394.1381391883041,959,273,0,0
394.1467212699524,807,359,0,0
394.1552026847612,12,326,0,0
394.20527759221164,1067,3590,0,1
394.21187271087126,1570,327,0,0
394.2276634023666,1309,397,0,0
394.22784607167046,9,386,0,0
394.2305273491086,1787,271,0,0
394.2690657830363,288,352,0,0
394.2817911528124,902,118,0,0
394.3035954430236,483,207,0,0
394.3255309644111,559,197,0,0
394.6338898772892,1565,671,0,0
394.6389255388751,1016,167,0,0
394.6394740554807,895,34,0,0
394.838299280438,11,113,0,0
394.8636971843154,5340,390,1,0
394.86711902966033,13,236,0,0
394.8683590545921,583,139,0,0
394.86866116298086,1781,370,0,1
394.8714935374181,802,236,0,0
394.8824816255889,1484,233,0,0
395.10207953871566,1729,1970,0,1
395.1091889180376,295,47,0,0
395.11861171180846,1559,554,0,0
395.1220689535043,326,87,0,0
395.1231563883358,536,451,0,0
395.15443988325353,130,170,0,0
395.1772909623657,725,367,0,0
395.1873155874508,480,9,0,0
395.26799710622913,733,59,0,0
395.2687432265134,408,624,0,0
395.283230448609,752,83,0,0
395.29053333366164,1585,342,0,0
395.3460920438296,277,324,0,0
395.3489225700703,1206,51,0,0
395.35508263355973,837,237,0,0
395.360402337736,686,374,0,0
395.38176898970335,625,204,0,0
395.38872040587853,1147,6,0,0
395.39470146898117,745,143,0,0
395.3962881100103,880,398,0,0
395.3986256527982,792,167,0,0
395.4351467202674,51,13,0,0
395.43794332866696,326,93,0,0
395.5394943729615,1249,38,0,0
396.11597927818315,1828,92,0,0
396.371645446813,690,76,0,0
396.41192081926823,278,165,0,0
396.44706422031425,1339,426,0,0
396.50224393017606,425,173,0,0
396.51738320418866,1671,3240,0,1
396.5276925535734,1501,226,0,0
396.53929596560556,1514,22,0,0
396.54194833921287,1273,154,0,0
396.5470171695002,1181,278,0,0
396.9974696334549,4100,470,1,0
396.99853782290546,8024,168,1,0
396.9998516444852,1782,353,0,0
397.0001747515508,1532,390,0,0
397.0589970748164,515,525,0,0
397.6923566142521,421,414,0,0
397.8378752199966,457,545,0,0
397.8461589246222,6,162,0,0
397.9244996675634,8046,146,1,0
397.9613756375927,340,145,0,0
398.02185491812224,585,202,0,0
398.024059005098,105,589,0,0
398.1186343911805,1711,374,0,0
398.1221755520969,447,417,0,0
398.1544488745095,13,237,0,0
398.21718827907563,966,203,0,0
398.3098280013812,1880,349,0,0
398.920451398192,1106,229,0,0
399.2557660028557,4,767,0,0
399.2678518198082,705,768,0,0
400.85912291191767,928,494,0,0
400.8597767108866,155,23,0,0
400.8646488906998,1064,378,0,0
400.89115344302303,1181,510,0,0
400.94856874718823,981,3200,0,1
400.9668644605032,250,240,1,0
400.9832085218964,7783,409,1,0
401.3990559175043,707,27,0,0
401.3996105304863,767,132,0,0
401.41072305965554,1555,354,0,0
401.41455269240686,634,312,0,0
401.4294012275269,1195,2110,0,1
401.43518768521244,841,172,0,0
401.4803118955737,995,567,0,0
401.65900988127527,79,60,0,0
402.13066005008125,710,382,0,0
402.1308764477159,825,3310,0,1
402.13702226352837,329,191,0,0
402.33375847739904,33,126,0,0
402.3534782497749,582,190,0,0
402.3632414021364,1381,132,0,0
402.37781930601005,771,621,0,0
402.49793557556825,12,113,0,0
402.51193066220003,742,739,0,0
402.53898517948215,873,2710,0,1
402.55037105529135,19,200,0,0
402.5710967466762,678,187,0,0
402.6043717715583,453,248,0,0
403.58087416200425,505,217,0,0
403.6545852362864,4810,173,1,0
403.6833458139457,2850,709,1,0
403.8789840325053,502,6070,0,1
403.8798374668776,1078,561,0,0
403.88932361295065,59,159,0,0
403.9136134728133,1098,317,0,0
403.91554938441277,889,141,0,0
403.9285908660913,114,329,0,0
403.93904721328335,7456,736,1,0
403.946262941384,831,328,0,0
403.95192916469176,313,65,0,0
403.9726194049155,933,22,0,0
404.10773506908197,72,53,0,0
404.11585578405516,1420,422,0,0
404.15256548900317,1060,85,0,0
404.20306378307293,28,290,0,0
404.20951535577626,512,70,0,0
404.22305011201655,1674,449,0,0
404.36296178322874,1638,364,0,0
404.36401488171487,403,9,0,0
404.3865761260188,1003,724,0,0
404.4065389936838,970,196,0,0
404.41270729593305,555,218,0,0
404.41294387086685,539,2950,0,1
404.4895647069882,29,301,0,0
406.7703056589084,163,324,0,0
406.7827661502946,273,237,0,0
406.88597490899156,883,383,0,0
406.9183464673193,801,21,0,0
406.9494073847673,390,312,0,0
406.9609865211216,8178,14,1,0
406.9993170152312,461,160,0,0
407.00194980470604,492,7700,0,1
407.01823377541234,1075,190,0,0
407.03973680726637,727,583,0,0
407.06207710870535,678,339,0,0
407.065625145243,1161,572,0,0
407.1554596492226,1088,16,0,0
407.15633390649185,780,247,0,0
407.1577212536146,462,769,0,0
407.1828817091459,435,98,0,0
407.18340293239277,393,138,0,0
408.54102975441464,922,491,0,0
408.54234694354216,735,374,0,0
408.54891633966315,68,1150,0,1
408.80129174634294,221,152,0,0
408.80261451763135,1279,473,0,0
409.19642081198145,7975,217,1,0
409.46635381374904,1244,767,0,0
409.64560717573744,12,255,0,0
409.66487695213874,646,374,0,0
410.0131959769593,1482,169,0,0
410.02884525684374,87,286,0,0
410.15073524808565,782,683,0,0
410.15373048517205,579,323,0,0
410.28434066487046,536,136,0,0
410.37753145696524,4680,280,1,0
410.44890673264905,1862,366,0,0
410.5688200149341,86,184,0,0
410.57142957324385,1805,292,0,0
410.7130513194137,927,166,0,0
410.7268561130336,44,31,0,0
410.75079501457986,6860,23,1,0
410.80782895546923,729,104,0,0
410.8137948114723,1167,312,0,0
410.9229454436523,742,3350,0,1
410.9360233046122,1326,272,0,0
411.01871885523826,1295,349,0,0
411.03932525653465,774,507,0,0
411.04295727594626,338,133,0,0
411.16657278801085,1772,250,0,0
411.18488966367374,364,1370,0,1
411.2390715145856,763,590,0,0
411.2465429761658,727,47,0,0
411.24738259438794,558,145,0,0
411.34873045207775,1567,22,0,0
411.34903211491206,58,775,0,0
411.3533182204925,180,244,0,0
411.3537877791101,323,302,0,0
411.38925927532085,773,94,0,0
411.38954668953096,5440,38,1,0
411.4621903825154,1776,3750,0,1
413.9137612613473,20,97,0,0
413.9165163131939,1827,203,0,0
414.0669578540927,94,392,0,0
414.9244075316937,1428,230,0,0
414.92589323220216,51,47,0,0
414.94646919433984,302,392,0,0
414.9516164368914,304,1490,0,1
414.9715082527959,737,464,0,0
414.98147962550235,1124,139,0,0
415.88811369350304,11,193,0,0
415.9187768018103,1435,292,0,0
418.78622303328217,339,35,0,0
420.67130768757704,529,36,0,0
420.9384732323688,339,92,0,0
420.9489174746506,1200,264,0,0
420.9577483913621,235,373,0,0
420.9632666563158,286,137,0,0
421.06253373106955,5,274,0,0
421.08982652120056,389,222,0,0
421.12153369542244,1039,468,0,0
421.1570734729766,1184,154,0,0
422.36083200164563,463,195,0,0
422.37900121863345,1756,287,0,0
422.3919557937824,649,3850,0,1
422.4422120290197,22,331,0,0
422.49213319989633,1618,161,0,0
422.8049952504051,1129,77,0,0
423.1917041825167,10,49,0,0
423.1962042276016,390,236,0,0
423.2615112472249,289,355,0,0
423.27207783801055,266,2770,0,1
423.34167185919296,242,250,0,0
423.3537379914776,51,166,0,0
423.3578668856348,497,60,0,0
423.37204268005064,14,212,0,0
423.42457716757843,1767,502,0,0
423.4272458898737,1510,320,1,0
423.4777311204901,1260,212,0,0
423.49830308247766,717,193,0,0
423.51024461737603,704,279,0,0
423.56373512528353,376,206,0,0
423.65778115658475,1184,83,0,0
423.6722798163919,545,569,0,0
423.6723204971966,1264,236,0,0
423.6762361691767,343,2810,0,1
423.87445466197937,517,209,0,0
423.8759181662557,118,116,0,0
423.91385136996183,1830,307,0,0
423.91441566783675,290,52,0,0
425.3632593184418,1769,308,0,0
425.3666809417323,1649,688,0,0
425.4428301180806,1453,174,0,0
425.44944150727054,730,140,0,0
425.4775560700396,1025,134,0,0
425.70270050871517,13,234,0,0
425.7219915341574,22,138,0,0
425.7246374313842,20,545,0,0
426.1170338657602,1271,10,0,0
426.1315732956912,1690,463,0,0
426.4924536628916,622,21,0,0
426.49695677112646,1406,332,0,0
426.5073695373235,790,276,0,0
426.5928622223194,7,180,0,0
426.72234340936035,409,65,0,0
426.80356866435153,1428,249,0,0
426.8077882248458,7588,604,1,0
426.8657437181953,532,19,0,0
426.86680324914363,734,212,0,0
426.987059055409,918,32,0,0
427.0162399824078,60,305,0,0
427.1270426768127,355,470,0,0
427.135777262691,302,176,0,0
427.1517903679127,1865,232,0,0
427.22353188672673,780,252,0,0
427.22496494985876,694,27,0,0
427.2330186366225,203,191,0,0
427.37184060964535,119,219,0,0
427.45213953361224,214,32,0,0
427.4631239938059,1073,361,0,0
427.46949895966185,7953,239,1,0
427.4717329940428,1846,666,0,0
427.4843261714253,883,462,0,0
427.5738824479212,1189,331,0,0
427.6048917047438,487,118,0,0
427.6071192568536,14,198,0,0
427.61113681094275,1221,910,0,1
427.6909609927299,785,314,0,0
427.6911593500546,59,124,0,0
428.19779471236467,254,267,0,0
428.1978515516366,387,409,0,0
428.21763450341786,709,178,0,0
428.22238108305146,9,310,0,0
428.22653766445455,193,151,0,0
428.2309422796289,1831,519,0,0
428.26243915408156,159,115,0,0
428.2751269479821,584,247,0,0
428.28459297175715,347,193,0,0
428.7607118439296,205,659,0,0
428.79972393057045,24,2270,0,1
428.8150936960423,1648,201,0,0
428.815984064389,10,732,0,0
428.82809295523566,1672,267,0,0
428.8462101350268,7900,292,1,0
428.9021077896484,115,11,0,0
428.9217770385068,65,466,0,0
428.9382575099438,1398,25,0,0
428.9448478105684,1485,62,0,0
429.04707867290637,826,65,0,0
429.04769024883973,741,52,0,0
429.0705584403544,135,181,0,0
429.31527092252253,1346,172,0,0
429.31534205617106,1526,579,0,0
429.58612334931735,1874,350,0,0
429.63343363380045,58,18,0,0
429.6696442801347,17,118,0,0
429.6729364455298,442,59,0,0
429.6766464294602,1341,599,0,0
429.6792973646112,468,768,0,0
448.39833656461917,1352,371,0,0
448.40122861589316,1121,168,0,0
450.1400589462481,1938,287,0,0
450.1522166197904,1455,206,0,0
450.1547675889641,1157,769,0,0
450.2239372882878,24,385,0,0
450.23502612376,1334,298,0,0
450.23819216641624,1800,167,0,0
450.2458402109992,1475,541,0,0
450.3240556063215,145,93,0,0
450.3339502483825,194,4240,0,1
450.3392421949509,685,264,0,0
450.3635664569827,900,166,0,0
450.4106415397101,156,1900,0,1
450.4119009979614,993,241,0,0
450.67393123897614,1106,166,0,0
450.67603872076205,665,44,0,0
450.6910445738804,407,342,0,0
450.8418044634054,248,237,0,0
450.8976438736542,236,195,0,0
450.90959237810506,1743,482,0,0
450.91939530005095,825,452,0,0
450.9430323029114,505,321,0,0
451.18437589773214,792,561,0,0
451.20590978885576,833,4360,0,1
451.451329933305,1505,211,0,0
451.4690732124661,1029,229,0,0
453.0559543095619,415,231,0,0
453.0927038646973,1078,222,0,0
453.41653274569387,732,231,0,0
453.4185029090544,585,325,0,0
453.43964272826906,28,18,0,0
453.5309908697138,1439,405,0,0
453.5315391259615,923,33,0,0
453.5372675436714,469,142,0,0
453.5396610281784,1640,312,0,0
453.6051346137438,271,239,0,0
453.6088552080411,361,203,0,0
453.6358873029825,207,287,0,0
453.65075771575664,1706,295,0,0
453.66662454478154,1408,520,0,0
453.66729008096587,1360,321,0,0
453.7348505371801,7,122,0,0
453.73525108058277,1533,401,0,0
453.9106620102199,874,19,0,0
453.93280647029366,6490,253,1,0
453.9358900667528,425,154,0,0
453.9479015651184,1748,206,0,0
453.9484196190964,1048,179,0,0
453.95403923505484,546,328,0,0
453.97302034475973,9,152,0,0
455.7153037097122,570,87,0,0
455.7163318331524,946,454,0,0
455.7296116094531,424,335,0,0
455.7322494660227,10,92,0,0
455.77909290382604,372,399,0,0
456.09212833391143,376,349,0,0
456.09428052433066,887,540,0,0
456.12043296837487,1635,405,0,0
456.28792325771917,190,73,0,0
456.29601338489545,723,3390,0,1
456.30752299730017,499,59,0,0
456.3163207989881,7970,222,1,0
456.3364571535821,743,95,0,0
456.36684328823725,113,108,0,0
456.3711276070207,1729,290,0,0
456.3821008834776,1356,19,0,0
456.3842342586637,323,256,0,0
456.411587378563,1630,353,0,0
456.43663464306127,912,640,0,0
456.5948152616376,1279,258,0,0
456.60855404562227,1085,386,0,0
456.6207978419998,1395,94,0,0
456.62180556204004,1775,48,0,0
456.7087346038838,568,196,0,0
456.7340948342004,382,160,0,0
456.7411825360919,899,104,0,0
456.78040840875883,222,289,0,0
456.9683930472683,1244,2790,0,1
457.03541649319226,1453,322,0,0
457.0917588152288,570,103,0,0
457.1780208230036,1195,227,0,0
457.18080013810965,305,338,0,0
457.19471746212463,865,553,0,0
457.2362914323639,312,346,0,0
457.2373843891511,766,147,0,0
457.24737717164913,1279,59,0,0
457.50535911043016,29,231,0,0
457.5074223550471,1688,288,0,0
457.51569090993837,692,370,0,0
457.5311639420353,1676,475,0,0
457.657097744166,253,361,0,0
457.65880620813346,1334,758,0,0
457.7376366120889,298,158,0,0
458.0907046074277,212,440,0,0
458.1180023603051,646,267,0,0
458.12044239167454,271,308,0,0
458.60834456252906,6300,229,1,0
458.6739523194048,693,332,0,0
458.733215916083,22,39,0,0
459.0887694081938,731,657,0,0
459.14880500432224,1645,61,0,0
459.1608671527765,182,541,0,0
459.1617085353743,414,90,0,0
459.77925449325227,1097,618,0,0
459.79861992930097,1217,18,0,0
459.8116870986095,1628,333,0,0
459.8763913056124,13,313,0,0
460.0109124468714,659,206,0,0
460.0135792307414,719,302,0,0
460.0321144825562,306,373,0,0
460.03734127355773,797,364,0,0
460.03954591458506,12,534,0,0
460.0453933255713,748,370,0,0
460.0516565003666,463,38,0,0
460.06439357065443,1047,602,0,0
460.0655080443445,250,389,0,0
460.0687975240082,195,234,0,0
460.1621985675961,1058,397,0,0
460.1632094774206,346,769,0,0
460.17591366194995,368,262,0,0
460.17713478480465,395,197,0,0
460.18223223891863,419,510,0,0
460.20259552600544,1815,271,0,0
460.2741869642484,1114,392,0,0
460.3688830798182,229,246,0,0
460.3714089140899,814,763,0,0
460.59555419315063,8,165,0,0
460.5968250374618,1192,24,0,0
460.78214082088624,1114,165,0,0
460.7832464345353,95,129,0,0
460.7859179717454,1363,195,0,0
460.8426608313626,1031,293,0,0
460.8531448328462,1882,655,0,0
460.95035393977116,212,200,0,0
460.9805746559624,138,106,0,0
461.00562351757543,1192,521,0,0
461.16502209799074,1794,415,0,0
461.17453082254383,60,54,1,0
461.1826794176813,1762,263,0,0
461.22102567943244,494,70,0,0
461.2451048227152,596,13,0,0
461.28386037304386,344,211,0,0
461.34319828574047,887,285,0,0
461.48615701958727,270,154,0,0
461.49122482575126,1440,175,0,0
461.49190057896976,40,175,0,0
461.5150652230525,1751,15,0,0
461.58938915685627,533,250,0,0
461.62314832986954,443,181,0,0
461.6249330587045,220,561,0,0
461.6255620670516,1357,219,0,0
461.626218421413,942,240,0,0
461.6624012751712,7975,217,1,0
461.6672022954375,305,337,0,0
461.82099460755046,579,275,0,0
462.78354613832835,257,495,0,0
462.8777747328838,810,211,0,0
462.91617491002705,702,467,0,0
462.9431539221011,235,310,0,0
462.9945394055809,962,228,0,0
464.1139842097659,4590,1950,1,1
464.1243128475704,6,291,0,0
464.126019347707,1051,218,0,0
464.1870531395153,3474,44,0,0
464.4561661634357,1138,716,0,0
464.45833906293836,1427,373,0,0
464.45978374620796,1048,295,0,0
464.46035581263317,494,211,0,0
464.4747609404299,480,171,0,0
464.47595139293674,307,18,0,0
464.8875005720364,391,234,0,0
464.88962676085885,770,767,0,0
465.12837026943004,1476,3990,0,1
465.1636456402734,847,192,0,0
465.1639689287428,297,286,0,0
465.1913654027972,375,331,0,0
465.71549429340257,14,118,0,0
465.8088227942161,14,232,0,0
465.8167326998429,942,93,0,0
465.8306862412312,1078,198,0,0
465.85418544708006,9,291,0,0
465.8799195550394,1863,371,0,0
465.89529778298146,460,130,0,0
465.89859951025164,1760,321,0,0
465.9008309139841,1648,177,0,0
465.9011939415205,51,384,0,0
465.9208738608274,37,173,0,0
465.93427534643564,46,256,0,0
465.93644006005576,1163,417,0,0
466.1406486656565,17,233,0,0
466.1453796438238,1641,299,0,0
466.4366259202989,982,409,0,0
466.4458675826847,1257,164,0,0
466.4514959473914,997,312,0,0
466.4965135660842,1645,240,0,0
466.4985859069906,133,113,0,0
466.74245375131136,297,3960,0,1
467.28167761311903,642,4540,0,1
467.29467258718836,7950,242,1,0
467.33740986819987,36,29,0,0
467.3397975060518,583,196,0,0
467.3859260605618,609,17,0,0
467.5847753548265,1857,583,0,0
467.59223993301407,1189,331,0,0
467.6324342022929,1245,607,0,0
467.66675569480964,397,290,0,0
467.6781287770142,1051,217,0,0
468.2132372951421,584,190,0,0
470.3137129907155,201,378,0,0
470.3163608661226,1600,480,0,0
470.38689412404256,694,70,0,0
470.3871934334282,1218,767,0,0
470.40683747232384,513,154,0,0
470.4396610983533,1781,267,0,0
470.45146347938646,726,528,0,0
470.47760120452955,532,612,0,0
470.51730632470975,547,155,0,0
470.896240456075,929,343,0,0
470.91322344849846,779,289,0,0
470.91691161668984,520,210,0,0
470.95776511204457,1140,174,0,0
472.19834451800705,367,1700,0,1
472.2064391797579,1227,269,0,0
472.60610616008137,1412,282,0,0
472.6541640569897,779,107,0,0
472.6556630263749,19,400,0,0
472.6731858255204,479,43,0,0
472.68038254260773,1249,81,0,0
472.75615464164827,921,86,0,0
472.7572057999006,1059,148,0,0
472.7924068388759,1163,426,0,0
472.815503430029,595,305,0,0
472.8156842361895,15,222,0,0
472.8293250286287,482,1780,0,1
472.8342760680885,7897,295,1,0
473.01567420654885,30,68,0,0
473.0825664730762,761,142,0,0
473.19816943201783,623,206,0,0
473.22272253762486,748,240,0,0
473.22526257810176,823,421,0,0
473.4435026500036,1618,32,0,0
473.53520465794907,1635,235,0,0
473.55452002222427,1149,265,0,0
473.5772470413493,208,92,0,0
473.7074393617219,1558,768,0,0
473.8154267233746,1515,90,0,0
473.83389270851427,661,724,0,0
473.84455702093936,593,278,0,0
474.0365453168397,1045,326,0,0
474.0610333404159,741,101,0,0
474.0688048856884,1650,545,0,0
474.0904787264105,2034,201,0,0
474.1001360743392,1609,261,0,0
474.1376956882768,896,721,0,0
474.14668000523034,224,160,0,0
474.16672040229156,1652,504,0,0
474.2263615952539,1534,322,0,0
474.2358736635149,574,18,0,0
474.24250241969185,687,339,0,0
474.27504930313876,1433,638,0,0
474.2783486656563,25,226,0,0
474.2898752208862,514,233,0,0
474.30128979965826,674,131,0,0
474.3308511572964,708,308,0,0
474.3619077327343,666,125,0,0
474.3764193399861,658,333,0,0
474.7809785146673,979,368,0,0
474.78411646103933,1733,237,0,0
474.7970316536919,62,540,0,0
475.10771459220217,7,211,0,0
475.1171455734611,6570,399,1,0
475.13356443082654,837,288,0,0
475.1367428279871,1906,281,0,0
475.1687950447447,204,61,0,0
475.51726067651776,133,68,0,0
475.5308667861283,1161,206,0,0
475.534500242821,5422,2770,1,1
475.54847005131535,1336,670,0,0
475.5494043330205,167,382,0,0
475.5535150742632,1233,255,0,0
477.8038654158876,1367,88,0,0
477.80512436298744,696,734,0,0
477.80623938974884,1293,338,0,0
477.8177935959049,1714,128,0,0
477.8202019296558,328,321,0,0
477.83251755299017,868,585,0,0
478.81467161029616,13,19,0,0
478.96480622770673,1109,455,0,0
478.9675149300191,527,21,0,0
479.1333142475801,1652,331,0,0
479.27249239317035,738,76,0,0
479.4862174647081,380,516,0,0
479.49346599699254,1351,115,0,0
479.52918092434106,778,360,0,0
479.5377360867079,928,25,0,0
479.5870008949873,552,64,0,0
479.6192129709434,924,1920,0,1
479.87230618516946,1146,259,0,0
479.93631086305646,1373,141,0,0
479.94825762836257,1216,214,0,0
479.9484444916135,81,77,0,0
479.99223190742543,1407,198,0,0
480.05984265143223,881,43,0,0
480.192953356629,13,13,0,0
480.2183054324952,896,203,0,0
480.2489784618385,1400,92,0,0
480.26793426969243,633,577,0,0
480.2810262954228,1590,258,0,0
480.2817048538511,21,395,0,0
480.2869699037775,921,336,0,0
480.2966696709231,601,306,0,0
480.29735932158303,641,180,0,0
480.3107519323882,979,328,0,0
480.3131285460705,189,773,0,0
480.378027504452,26,52,0,0
480.4100419776846,1608,35,0,0
480.4106856489731,853,421,0,0
480.4109577928317,621,395,0,0
480.47363633134654,279,5440,0,1
480.64613552105686,23,80,0,0
480.7386211673669,1203,295,0,0
480.7391096236513,200,191,0,0
480.84163085555934,1195,11,0,0
480.85348123045617,1300,323,0,0
481.0024041272627,1457,453,0,0
481.02891423846347,17,299,0,0
481.0372214051449,7330,75,1,0
481.0520970241408,967,559,0,0
481.138646235529,165,538,0,0
481.1847812838405,40,122,0,0
481.18573097957756,1432,203,0,0
481.19766267985847,1536,280,0,0
481.2583569984134,1854,116,0,0
481.28957782040465,1016,314,0,0
481.3066333017916,1790,220,0,0
481.3263148414136,1619,268,0,0
481.3273763859784,767,182,0,0
481.3288158476429,16,80,0,0
481.3445243494536,1664,272,0,0
481.3583203597467,1745,437,0,0
481.3860580736103,372,3020,0,1
481.3894060313303,403,240,0,1
481.39329381864064,11,155,0,0
481.39608518144775,160,24,0,0
481.4112814231402,1306,4440,0,1
481.4326094156758,1770,11,0,0
481.5124283844638,1512,187,0,0
481.5956876267425,1145,264,0,0
481.66351074671456,27,257,0,0
481.7364275038152,1690,759,0,0
482.08836999138254,1602,360,0,0
482.3518292705293,1036,432,0,0
482.36729546267054,297,327,0,0
482.36833967719616,1586,578,0,0
482.3767887176043,1390,242,0,0
482.40248376633025,1856,253,0,0
482.42523253455806,1512,239,0,0
482.4304244608895,12,456,0,0
482.56435785274437,19,214,0,0
482.5651814108917,651,120,0,0
482.58506991888294,48,461,0,0
482.59902786426693,751,328,0,0
482.86325707335465,126,238,0,0
482.912111731744,25,442,0,0
482.9171735172538,768,586,0,0
482.91816930185524,1579,722,0,0
482.9217961767527,841,124,0,0
483.0177686129743,515,154,0,0
483.0271402451102,1612,716,0,0
483.0821063439426,470,242,0,0
483.12802399736154,419,369,0,0
483.14335644281266,875,377,0,0
483.3375233916588,273,96,0,0
483.3428263482297,65,195,0,0
483.3730885194213,276,2580,0,1
483.4993588540284,465,76,0,0
483.52471800468936,186,55,0,0
483.55334637916985,1184,341,0,0
483.55833317059785,1341,196,0,0
483.56097385359215,404,523,0,0
483.5866828742777,114,5,0,0
483.6139912604547,800,26,0,0
483.61905044168117,1093,27,0,0
483.62667631769807,712,441,0,0
483.63947935058883,217,580,0,1
483.67850121038333,852,340,0,0
483.9879994809533,362,377,0,0
484.0253360223236,217,263,0,0
484.04374727235864,984,282,0,0
485.15413285810143,740,216,0,0
485.15475100531296,1190,589,0,0
485.20132061186854,1242,767,0,0
485.21141478029887,761,123,0,0
485.2474446638069,231,516,0,0
486.02470604148215,458,320,0,0
486.02687164518807,5360,181,1,0
486.0297429744177,1464,17,0,0
486.056687639473,24,254,0,0
486.37501919877474,948,284,0,0
486.38869713974066,2870,2070,1,1
486.41638923790197,653,177,0,0
486.4436222044788,166,164,0,0
486.44648128243847,1363,82,0,0
486.4783753871703,1410,170,0,0
486.48719381335167,808,681,0,0
486.503917715646,291,44,0,0
486.5339789525809,1632,354,0,0
486.53479375139375,83,198,0,0
486.5498771773916,1639,2270,0,1
486.55976074762737,1588,20,0,0
486.5713800530436,1454,170,0,0
486.57766254014416,642,48,0,0
486.6294684338781,10,48,0,0
487.6335934909594,313,246,0,0
487.64909277488596,1475,257,0,0
487.97474959298887,615,151,0,0
487.9870772722482,153,122,0,0
488.01635308680153,181,268,0,0
488.16022012176956,406,218,0,0
488.16998564140704,5250,238,1,0
488.18436418851763,289,237,0,0
488.186432657185,1315,103,0,0
488.6950984935651,1656,708,0,0
488.6959686345782,1821,415,0,0
488.7263432410987,1445,355,0,0
488.73906634899424,1432,59,0,0
488.76441244569145,1063,276,0,0
488.76707539574164,466,324,0,0
488.7903135359579,345,265,0,0
488.84290913427117,1548,243,0,0
488.84771816238714,1411,229,0,0
488.85171791229584,7813,379,1,0
488.930666941392,1030,162,0,0
488.9877944476248,290,360,0,0
489.03100075173205,1272,262,0,0
489.1617647869918,845,511,0,0
489.18541161754496,5,226,0,0
489.1937953045782,525,58,0,0
489.201380136565,4016,209,0,0
489.2940195028789,600,69,0,0
489.296517195517,7685,507,1,0
489.31101895149465,408,430,0,0
489.3120386230792,1237,187,0,0
489.32053066212734,745,128,0,0
489.57795256949953,1153,576,0,0
489.6285193221631,1415,51,0,0
489.63885219863454,229,246,0,0
489.6405337250528,286,275,0,0
489.6423598114826,23,214,0,0
489.64450784189046,1721,335,0,0
489.66628086232424,356,108,0,0
489.66959041905506,578,194,0,0
489.7364630805377,960,297,0,0
489.73830137208125,395,261,0,0
490.9579556985473,10,12,0,0
490.98619509055675,298,344,0,0
491.05733481524703,1047,178,0,0
491.1030213625489,1513,149,0,0
491.10843724494794,41,299,0,0
491.11297103585036,4240,568,1,0
491.11617369982287,272,356,0,0
491.1230457657763,951,314,0,0
492.55946982523847,523,630,0,0
492.5834622058718,107,126,0,0
492.64604557940015,544,245,0,0
492.6492345310658,1169,294,0,0
492.6576994415335,1430,311,0,0
492.66545814911456,468,250,0,0
492.6657584612826,1956,233,0,0
492.66584452513234,12,87,0,0
492.67089835894257,275,426,0,0
492.6740181161638,282,459,0,0
492.67491392615534,7425,767,1,0
492.84132559828373,853,172,0,0
493.1241717410126,881,230,0,0
493.12510839170466,1296,737,0,0
493.3110794845646,431,561,0,0
493.3421366504369,7580,428,1,0
493.3440093326885,800,286,0,0
493.34475869610776,1152,482,0,0
493.3574668787533,780,379,0,0
493.3588429388205,8024,168,1,0
493.38463859381056,352,21,0,0
493.5070461841089,296,256,0,0
493.5491531194884,642,389,0,0
498.1208913496344,961,345,0,0
498.2153309773471,587,64,0,0
498.3647893354253,1175,311,0,0
498.4421779142405,435,114,0,0
498.47955582229645,11,83,0,0
498.5039188206261,1272,339,0,0
498.5439824822031,209,183,0,0
498.54701733082624,941,246,0,0
499.3690201517945,431,12,0,0
499.37283798836495,23,639,0,0
499.94098428409785,1907,242,0,0
499.979082209394,1419,337,0,0
500.12011936870425,388,369,0,0
500.12214382379807,385,499,0,0
500.1246372115098,1583,276,0,0
500.5616584364268,251,285,0,0
500.6083800028998,150,183,0,0
500.6117572027595,1527,304,0,0
500.6139086576291,1804,160,0,0
500.61759923641057,226,65,0,0
500.62264802537373,817,259,0,0
500.75824117612154,440,343,0,0
501.4503212408912,927,426,0,0
501.53165424871634,725,633,0,0
501.6759695876852,1544,88,0,0
501.75546558675137,381,138,0,0
501.75963836316623,1029,165,0,0
501.7893092965152,720,63,0,0
501.8492343628847,578,149,0,0
501.98298120731255,1049,179,0,0
501.99099494948314,1083,147,0,0
502.064782433324,584,371,0,0
502.81312784084685,1697,120,0,0
504.43250741394843,218,212,0,0
504.5714592948095,184,76,0,0
504.57301200296007,1303,117,0,0
504.5826732714356,490,286,0,0
504.6745083425405,225,67,0,0
504.6788007803033,1211,103,0,0
504.68743862395064,801,392,0,0
504.78320033068337,478,492,0,0
504.78410012332415,23,361,0,0
505.208536403878,16,4940,0,1
505.23263101151423,30,7670,0,1
505.2473316669541,714,339,0,0
505.25892941633543,211,268,0,0
505.2638784496086,891,345,0,0
505.7916928739798,31,128,0,0
505.8931367284668,666,61,0,0
505.908560099623,670,19,0,0
506.0882804035592,267,632,0,0
506.1333366375882,1988,201,0,0
506.14618800606104,210,332,0,0
506.15187611170717,13,204,0,0
506.3545061295312,1744,619,0,0
506.35977670082985,517,255,0,0
506.36724779205633,1752,422,0,0
506.36903748477965,19,464,0,0
506.3827546087619,339,420,0,0
506.38333972320623,1023,374,0,0
506.3866823758044,648,729,0,0
506.41904052760987,761,26,0,0
506.48407313212863,515,330,0,0
508.8202684623422,536,174,0,0
508.83272183808896,133,540,0,0
508.83848040399727,770,312,0,0
508.8434640717305,165,212,0,0
508.9680642242468,89,13,0,0
508.98955649834994,5,8,0,0
508.9926272869174,103,308,0,0
509.03410228788726,1258,241,0,0
509.0538382013831,632,3840,0,1
509.0758616965111,1111,382,0,0
509.08529370739234,696,101,0,0
509.30958606022716,731,329,0,0
509.3255025310745,1251,133,0,0
509.3823594301058,1412,364,0,0
509.39845415329364,371,141,0,0
510.0098232242022,223,63,0,0
510.01757190055383,572,214,0,0
510.09820794398087,957,394,0,0
510.0988904588958,609,85,0,0
510.461934449111,1075,279,0,0
510.46323836715464,1919,4040,0,1
510.4670975414399,754,339,0,0
510.47930087714224,623,553,0,0
510.54195677255586,639,389,0,0
510.5479342172425,1180,309,0,0
510.6534677597838,1718,346,0,0
510.7070385498484,782,4320,0,1
510.82952529448835,247,135,0,0
510.8307853700323,1612,232,0,0
510.8361903254075,922,125,0,0
510.84024511876737,1048,753,0,0
510.86491262969713,7,210,0,0
510.88360208531867,1655,265,0,0
510.9272579528457,3237,296,0,0
510.9675734067218,435,347,0,0
511.1500089083666,1494,455,0,0
511.1562719586768,328,290,0,0
511.15836789964345,640,102,1,0
511.2063218790597,1014,121,0,0
511.26986126158187,192,423,0,0
511.31554927146937,197,164,0,0
511.3219727450886,38,90,0,0
511.32205529498833,167,380,0,0
511.5388078312772,12,28,0,0
511.5724604362614,6880,396,1,0
512.910775402095,344,253,0,0
512.9183330811745,27,63,0,0
512.9267711249904,11,430,0,0
512.926909131634,1075,136,0,0
512.9288433858563,363,359,0,0
512.9378812330698,11,378,0,0
512.952519637001,1946,316,0,0
513.5880641472578,940,414,0,0
514.7630431553252,738,47,0,0
514.7675489480687,803,148,0,0
514.8483594561624,762,138,0,0
515.0685951201319,1744,423,0,0
515.1329284601653,1503,402,0,0
515.2607334132864,194,46,0,0
518.3148435780763,788,767,0,0
518.3553922589407,679,768,0,0
518.4010725210547,809,592,0,0
518.4161983932686,1280,251,0,0
518.448769034056,741,45,0,0
518.4741211354241,7815,377,1,0
518.4848147958949,1055,211,0,0
518.4989361020184,1356,147,0,0
518.5054239337999,18,243,0,0
518.5126289376759,179,725,0,0
518.515063535058,1484,226,0,0
518.5492822164099,77,306,0,0
518.5745865322614,304,226,0,0
518.5751208596827,332,137,0,0
518.7470713288684,411,71,0,0
518.9995423553901,9,106,0,0
519.1095217476052,592,219,0,0
519.168047998986,1628,400,0,1
519.2148850526544,1572,502,0,0
519.251333667249,19,155,0,0
519.2578852222201,740,544,0,0
519.2697416990741,1194,619,0,0
519.2730626325566,23,154,0,0
519.2785677496493,964,185,0,0
519.2794576057217,529,364,0,0
519.303180609666,517,102,0,0
519.3344515471506,740,94,0,0
520.2224180558417,518,103,0,0
520.2730366150998,529,363,0,0
520.3283820338629,1606,2770,0,1
520.3334549661952,174,165,0,0
520.3512752323111,266,236,0,0
520.3535114958656,770,341,0,0
520.3950362585148,1605,770,0,0
533.0405980140758,822,378,0,0
533.0519787653216,1483,275,0,0
533.0521933061775,751,627,0,0
533.4678985405736,664,199,0,0
533.6395803908213,1378,422,0,0
533.642678439032,8,42,0,0
533.6830692378835,1093,242,0,0
533.6891709677143,199,85,0,0
533.7808186168224,609,212,0,0
533.7835503571266,186,49,0,0
533.8116956041944,572,61,0,0
534.069446989959,2030,171,0,0
534.1069915608923,852,88,0,0
534.2532878958732,1002,238,0,0
534.3351227225982,257,188,0,0
534.3505352094637,1032,663,0,0
534.375542398685,1499,239,0,0
534.3890520396936,650,162,0,0
534.4540342502793,716,202,0,0
534.4965958234222,297,188,0,0
534.7910230563424,257,345,0,0
534.8330047160619,26,508,0,0
534.8609865038312,1807,359,0,0
534.8713738018705,304,88,0,0
534.8921864984624,1040,203,0,0
534.9326805426582,1399,259,0,0
535.2281038882015,970,188,0,0
535.3468051246114,882,404,0,0
536.355808140579,513,491,0,0
536.3641130958283,428,453,0,0
536.373575644416,1763,147,0,0
536.3794047458931,25,222,0,0
536.4738691174905,769,641,0,0
536.4826291741149,930,398,0,0
536.7015940073178,534,191,0,0
536.7576196907784,292,12,0,0
536.7579366041429,512,245,0,0
538.2215392629628,1882,297,0,0
538.241950297348,18,65,0,0
538.2496574505233,1352,62,0,0
538.3359523579359,7,91,0,0
538.3395887476331,913,184,0,0
538.3571384852607,1736,270,0,0
538.3626442908453,173,9,0,0
538.3644904780518,16,713,0,0
538.3658071591643,1642,385,0,0
538.4322036124425,155,578,0,0
538.4511168598104,15,715,0,0
538.4705991828306,1012,230,0,0
538.4804980741386,442,81,0,0
538.4834544414297,1618,526,0,0
538.5112716320228,534,301,0,0
538.5259057711106,3680,370,1,0
538.8456376441086,542,531,0,0
538.8516977348878,980,267,0,0
538.8836765565475,1764,10,0,0
538.8869092291329,809,42,0,0
538.9025305962674,267,178,0,0
538.906211654858,1175,745,0,0
542.900954838397,1695,115,0,0
543.1281214833882,237,286,0,0
543.1517596910155,1075,472,0,0
543.355165860322,66,20,0,0
543.9276638854466,1145,582,0,0
544.047530719057,8118,74,1,0
544.0478482542803,1776,27,0,0
544.2155452521889,1892,204,0,0
544.2373362623705,658,235,0,0
544.2495370098017,435,648,0,0
544.3609208542358,104,410,0,1
544.3876971742571,1780,225,1,0
544.3884381889236,678,631,0,0
544.3914906738873,340,278,0,0
544.4016174649696,1592,52,0,0
544.4844613910079,1844,644,0,0
544.5259278037242,524,227,0,0
544.526125829282,870,466,0,0
544.5345849162194,590,160,0,0
544.5353597236181,1088,690,0,0
544.5356474908031,1392,94,0,0
544.5365918248912,1219,291,0,0
544.5381698423181,319,246,0,0
544.5425933681084,372,151,0,0
544.5550380956338,835,154,0,0
544.9933694915546,610,415,0,0
545.0545133836323,497,309,0,0
545.1361993850953,30,254,0,0
545.1609632653983,642,6710,0,1
545.416528864713,1542,347,0,0
553.6036759821126,432,475,0,0
553.7397395153635,385,50,0,0
553.7479568016657,1993,320,0,0
553.7517767692505,558,95,0,0
553.7651707616677,1775,169,0,0
553.895914480539,740,306,0,0
553.9020733988491,453,139,0,0
553.903611581477,1167,174,0,0
553.9518722590734,1137,279,0,0
556.0026081262995,140,127,0,0
556.0199839254195,402,53,0,0
556.0786877747192,1763,364,0,0
556.1226371472037,266,24,0,0
556.136380899052,40,620,0,0
556.1854839376762,955,240,0,0
556.6086577452221,608,638,0,0
556.6155756079373,424,127,0,0
556.7102676846367,575,533,0,0
556.83864218894,5642,2550,1,1
556.9821071449489,836,316,0,0
557.0074909328044,576,521,0,0
557.0076066955085,268,202,0,0
557.1048352161944,323,2200,0,1
557.163027027652,15,353,0,0
557.1860543713196,779,246,0,0
557.1933480010985,1013,24,0,0
557.1974105232483,1188,517,0,0
557.2573366933627,1737,251,0,0
557.3906951212329,776,767,0,0
557.3968976048182,1695,101,0,0
557.4038170281651,1606,445,0,0
557.4234096753524,1492,111,0,0
557.4287531590853,7994,198,1,0
557.4484444776748,1055,5990,0,1
557.6218538784145,41,132,0,0
557.6488952236729,253,137,0,0
557.6624134553797,1880,194,0,0
557.7354445524519,858,237,0,0
557.7358361390051,7846,346,1,0
557.7374062917335,1681,1600,0,1
557.7946433528462,903,229,0,0
557.8934477764177,821,185,0,0
557.8964704703085,35,519,0,0
558.7398391945057,638,255,0,0
559.4744203872821,977,68,0,0
559.4997366017051,34,32,0,0
559.7388000766293,1434,343,0,0
559.8613745501171,7140,486,1,0
559.8631463610649,1992,211,0,0
559.9236385037882,276,305,0,0
559.9354121499134,17,773,0,0
559.9515358315286,1726,88,0,0
559.9676823974238,72,426,0,0
559.9680634934201,8,282,0,0
559.9896991167923,1048,26,0,0
560.9604684180833,5210,212,1,0
560.9706806778755,5,340,0,1
561.112555592815,5830,544,1,0
561.1131774580069,11,107,0,0
561.2334101999261,1575,117,0,0
561.2372296397341,73,303,0,0
561.2895158879213,345,347,0,0
561.4090774148317,1832,308,0,0
561.4099321287782,130,65,0,0
561.4197215284623,578,319,0,0
561.5214867978729,542,301,0,0
561.5609427998548,797,769,0,0
561.5612145510554,172,12,0,0
561.5850207642452,1130,211,0,0
561.5860137143816,365,104,0,0
561.6020053228561,1367,168,0,0
561.6025844124514,1621,627,0,0
561.6027530918886,117,137,0,0
561.6253277070292,742,448,0,0
561.6270836615362,744,185,0,0
561.7169394593838,1120,107,0,0
561.764338444241,482,147,0,0
561.7820691602512,868,194,0,0
561.899689465995,415,348,0,0
561.909290757842,282,501,0,0
561.9742012734248,528,126,0,0
561.9896005046838,7961,231,1,0
561.9896924725128,16,275,0,0
562.0070361960873,730,206,0,0
562.0078291927234,769,183,0,0
562.0138890856438,473,4870,0,1
562.117884720879,1248,606,0,0
562.11976784102,815,352,0,0
562.2014330728107,147,264,0,0
562.2968178614232,180,183,0,0
563.1639413992463,163,4770,0,1
563.2379105575519,1802,397,0,0
563.239195045338,547,260,0,0
563.2518843533609,21,717,0,0
563.2527337725825,929,109,0,0
563.2687728528316,1182,394,0,0
563.2784007715412,121,265,0,0
563.5104350387296,323,363,0,0
563.5218593194314,20,768,0,0
563.5245556109603,240,211,0,0
563.5274928363621,614,327,0,0
563.5352929823059,421,19,0,0
563.5364309050523,1284,708,0,0
563.5459631498009,769,226,0,0
563.5562569992264,1162,78,0,0
563.5625535648684,7,36,0,0
563.5642762521724,973,328,0,0
563.5735992287443,627,714,0,0
563.5915119129545,1663,555,0,0
563.6760576544201,1803,75,0,0
563.6872519592773,775,86,0,0
563.7791042037136,1237,187,0,0
563.7797082864961,315,762,0,0
563.8803600433491,1835,269,0,0
563.8805948593083,1004,287,0,0
563.8822894701404,923,343,0,0
563.9005056353991,555,214,0,0
563.9110030196542,8059,133,1,0
564.0024744024478,15,341,0,0
564.0652665205457,1735,766,0,0
564.1211516497981,911,427,0,0
564.1350039046052,312,256,0,0
564.1392095462433,1253,291,0,0
564.2077316022016,1526,499,0,0
564.2234285540346,3840,17,1,0
564.2500753858474,740,332,0,0
564.276437916241,938,122,0,0
564.2958022701138,1137,463,0,0
564.3379248849092,464,127,0,0
564.37533963237,1153,242,0,0
564.3838490767495,1615,75,0,0
564.385190557751,976,264,0,0
564.4159861209299,12,249,0,0
564.4227697081367,927,1550,0,1
564.4309440058555,1714,187,0,0
564.4598688053127,717,341,0,0
564.4633772050636,8,112,0,0
564.4747063534053,120,259,0,0
564.4897659669202,283,325,0,0
564.5915969300942,1437,300,0,0
565.9808526389467,640,635,0,0
565.996653850594,900,145,0,0
566.0302764203368,1331,483,0,0
566.0399382436188,306,271,0,0
566.2692814418805,55,221,0,0
566.300444393653,1194,459,0,0
566.4471004774218,1791,62,0,0
566.8572572504439,2000,69,0,0
568.4036712093447,257,769,0,0
568.4210903050711,647,574,0,0
568.4229990059468,1244,126,0,0
568.4426492435286,78,58,0,0
568.4433242914225,637,173,0,0
581.8707060514753,1410,330,0,0
581.892312006631,506,148,0,0
581.9014538916967,1570,716,0,0
582.2695008605374,631,243,0,0
582.2789759131792,210,174,0,0
582.5162516579243,697,381,0,0
582.5176501538758,854,382,0,0
582.5183048984411,648,262,0,0
582.5601726937145,1544,769,0,0
582.5612033593869,1447,248,0,0
582.56285135076,33,542,0,0
582.7092956790357,1591,53,0,0
582.7146545899984,1064,276,0,0
582.7297109047902,34,300,0,0
582.7370188977224,893,351,0,0
582.8915463318373,624,115,0,0
582.9089565761053,207,157,0,0
582.9199592119826,1904,115,0,0
582.925869365473,341,900,0,1
582.9623946200638,451,138,0,0
583.0415003888203,223,16,0,0
583.0426059632605,1065,128,0,0
583.1524382447285,1373,276,0,0
583.1646643373131,300,36,0,0
583.1971342234586,1517,443,0,0
583.2710637123577,617,79,0,0
583.2777511890775,303,333,0,0
583.2781079131582,140,693,0,0
583.278771237331,572,448,0,0
583.4081513661864,736,534,0,0
583.6412821311707,885,9,0,0
591.6069836894673,1213,287,0,0
591.6182675535207,867,20,0,0
591.7085734417743,434,460,0,0
591.721241007277,662,429,0,0
591.7241366652249,625,346,0,0
591.8128177858251,374,219,0,0
591.8482112894933,147,111,0,0
591.8939654503761,3950,489,1,0
591.9180505243033,1603,766,0,0
591.9933719132215,715,349,0,0
592.0095120557413,423,185,0,0
592.1319878764484,310,83,0,0
592.1428456114786,343,48,0,0
592.1482031084961,434,143,0,0
592.6807254167564,1556,465,0,0
593.3655427353843,656,3200,0,1
593.4828683014796,1540,2100,0,1
593.4856334274731,1358,767,0,0
593.4948925052609,1300,81,0,0
593.4950122076355,999,65,0,0
593.4958224398054,1583,180,0,0
595.0688252271464,1758,207,0,0
595.0692207262209,863,251,0,0
595.1088811769077,296,280,0,0
595.1966992545335,426,60,0,0
595.2009789970706,409,212,0,0
595.2889210303948,1009,193,0,0
595.29405261019,443,182,0,0
595.4291947399538,20,662,0,0
595.460543111597,352,637,0,0
595.4814277194291,785,272,0,0
595.5002515358908,53,176,0,0
595.7391687640755,121,205,0,0
595.7407812277792,57,91,0,0
595.7470285902626,149,320,0,0
595.7478977588432,474,124,0,0
595.7588430369086,480,569,0,0
595.7834911563821,958,387,0,0
595.7924358099434,1092,5070,0,1
595.817018123895,323,256,0,0
595.8250269662952,360,273,0,0
596.4912215076299,691,117,0,0
596.5778944956077,13,237,0,0
596.5925052762047,1050,357,0,0
596.6246710348121,983,145,0,0
596.6338339528896,696,236,0,0
596.8196872491698,1628,217,0,0
596.8205452992003,792,147,0,0
596.8213600637883,1625,293,0,0
596.8222088751209,16,705,0,0
596.9565108232006,484,268,0,0
600.6101342327275,1161,314,0,0
600.8719228979915,429,195,0,0
600.8801776205993,1105,3040,0,1
600.9026983370354,25,289,0,0
600.9556539973254,1492,322,0,0
600.9666975560498,1030,124,0,0
600.9758451946519,749,352,0,0
601.0588387830669,1270,1260,0,1
601.0621459937458,404,126,0,0
601.0621848585083,1706,262,0,0
601.9266004510297,692,644,0,0
602.1041281853709,535,212,0,0
602.1104110038846,515,555,0,0
602.8461224865233,831,368,0,0
602.849215945538,836,310,0,0
602.8732251130449,539,517,0,0
602.8859430966127,143,5,0,0
602.9150870345001,270,278,0,0
602.9166809647896,1282,768,0,0
602.958017073613,923,1810,0,1
603.0565769119345,893,421,0,0
603.0666255647633,1195,342,0,0
603.0952408171883,1095,159,0,0
603.150313452093,1359,16,0,0
603.2331396928655,1661,33,0,0
603.2603047499368,8009,183,1,0
603.3095755854515,1709,470,0,1
603.3258303417607,6,175,0,0
603.3314296133058,13,238,0,0
603.3315034823753,1100,302,0,0
603.8050694370891,593,650,0,0
603.8204831617334,5112,3080,1,1
603.8705897527457,426,343,0,0
603.9660306696821,290,298,0,0
603.9719251389375,46,285,0,0
604.0422254772723,10,129,0,0
604.0514621654949,8,42,0,0
604.067983849804,875,69,0,0
604.0684382677753,1824,288,0,0
604.1308887782943,638,305,0,0
604.1661781188725,1544,224,0,0
604.1673105731045,82,3030,0,1
604.2586148108064,9,294,0,0
604.358097802305,37,476,0,0
604.3663484506931,1403,679,0,0
604.3674508146953,1135,2300,0,1
604.3865537669465,889,217,0,0
604.3879821160112,1140,326,0,0
604.4199845445993,1876,190,0,0
604.4765797191404,881,307,0,0
604.4792247105935,17,227,0,0
604.6047539276032,1511,429,0,0
604.6062547487107,229,95,0,0
604.861322708203,285,182,0,0
604.9406444334746,711,156,0,0
604.9518720596307,1111,549,0,0
605.057414524512,1763,298,0,0
605.1438749123262,1233,14,0,0
606.2355054286921,977,235,0,0
606.2734638328892,1681,317,0,0
606.2822168452226,1888,170,0,0
606.606995774868,660,222,0,0
606.612895477068,1141,166,0,0
606.615878548525,103,31,0,0
606.6217637409076,16,327,0,0
606.6264322760675,1535,502,0,0
606.6296906339305,1643,472,0,0
606.6298563877313,1809,473,0,0
607.0349426085679,298,180,0,0
607.0433581113357,1384,176,0,0
607.0751817352259,1263,10,0,0
607.1431609555335,1236,107,0,0
607.1938366665629,1634,259,0,0
607.1953730583461,1861,367,0,0
607.1984431762854,1809,304,0,0
607.3339236326914,8040,152,1,0
607.3422337778129,140,260,1,0
607.3567222007907,774,345,0,0
607.4131415864523,1598,84,0,0
607.4583791521076,333,327,0,0
607.46959947514,698,123,0,0
607.5889443108812,1201,134,0,0
607.5922154402077,1002,258,0,0
607.5931070147121,405,167,0,0
607.5983042653804,1702,264,0,0
607.6857220708017,8082,110,1,0
607.700927190019,155,228,0,0
607.7052348857267,414,625,0,0
607.7144960632459,603,327,0,0
607.7221909849895,1921,361,0,0
607.906314591716,937,219,0,0
607.9191839037302,1019,207,0,0
608.3678120095717,654,572,0,0
608.3688315814837,806,318,0,0
608.374578625388,551,263,0,0
608.4103877956213,747,143,0,0
608.4300657803312,801,136,0,0
608.4304783545174,1702,15,0,0
608.7581124860781,671,352,0,0
608.7833845787143,1900,391,0,0
608.7882580341485,135,684,0,0
608.7895043128989,1395,40,0,0
608.8058180957557,424,69,0,0
608.8440722772834,94,420,0,0
608.8684333431254,1087,63,0,0
608.8848442911899,177,178,0,0
608.8906544236901,1349,294,0,0
609.0524072486866,57,1540,0,1
609.0991707540858,1965,605,0,0
609.1338935238263,1179,368,0,0
609.1504242777987,144,1400,0,1
609.1886854784805,844,147,0,0
609.2634319117409,1022,45,0,0
609.4405747990322,636,397,0,0
609.4503834094089,83,475,0,0
609.456595765539,116,719,0,0
609.4589364449728,237,134,0,0
609.4608085001352,1818,456,0,0
609.5888518991228,691,422,0,0
610.4002776913545,1382,391,0,0
610.4192077329213,383,141,0,0
610.4260565645966,1169,69,0,0
610.5542748818913,60,282,0,0
611.9609164666267,591,42,0,0
611.9652572500638,1147,215,0,0
612.0028300055245,1119,334,0,0
612.0075222233409,1702,515,0,0
612.033674108633,70,114,1,0
612.0359690596763,1028,260,0,0
612.0380617234579,815,515,0,0
612.0406514272019,1363,103,0,0
612.110736179572,1614,208,0,0
612.1282823043907,1644,31,0,0
612.1468622718534,200,239,0,0
612.1670861254415,9,289,0,0
612.1790385515668,348,119,0,0
612.200143635407,796,767,0,0
612.212027811855,1789,368,0,0
612.4595125805924,1793,167,0,0
612.7250922992508,1473,497,0,0
612.7757851937175,154,782,0,0
612.973322030317,312,122,0,0
613.0101541326197,1361,73,0,0
613.0209581354451,707,262,0,0
613.0396319666619,139,58,0,0
613.0732349973887,323,51,0,0
613.0774634880316,302,276,0,0
613.0783982203048,11,220,0,0
613.1287352021311,1186,562,0,0
613.2212610001209,180,223,0,0
613.2226296333326,478,767,0,0
613.9676107823962,1630,396,0,0
613.9727059892498,351,273,0,0
613.99769950592,1527,193,0,0
614.0056466283614,1280,58,0,0
614.0087418956696,2970,188,1,0
614.0447005902026,1421,258,0,0
614.0484403897025,1034,573,0,0
614.0988491767166,469,456,0,0
614.1283322052861,1137,331,0,0
614.1402597446579,7792,400,1,0
614.2973025852905,32,290,0,0
614.3642788967398,1826,267,0,0
614.3816168086239,890,222,0,0
614.4012619476661,1454,59,0,0
614.4222074008139,14,87,0,0
614.4764589569838,415,21,0,0
614.4794005274794,1832,176,0,0
614.4808206129002,95,88,0,0
614.5103186852133,1159,215,0,0
614.5225025305374,1157,315,0,0
614.5861240091915,1400,352,0,0
614.5989208023099,889,13,0,0
614.6123931780361,871,231,0,0
614.6480203218713,1154,258,0,0
614.7144637682555,17,180,0,0
614.777213935329,102,60,0,0
614.8280488755877,28,343,0,0
614.8729206995015,1176,584,0,0
614.8740212150024,408,140,0,0
615.199038767334,1295,264,0,0
615.2232818277345,1878,437,0,0
615.2376966747145,1203,100,0,0
615.2388208949211,1435,105,0,0
615.2587536621759,777,767,0,0
615.2912697050087,1794,31,0,0
615.3311025766917,389,533,0,0
615.3824742541059,679,201,0,0
615.3832486003754,235,181,0,0
615.3842713693759,1102,205,0,0
618.4194036340555,1136,208,0,0
618.4204466703858,75,421,0,0
618.4480635228161,1252,770,0,0
618.4860629209492,217,212,0,0
618.498689948265,1091,518,0,0
618.4990471892824,592,9,0,0
618.5035757715564,774,82,0,0
618.5183083876676,1198,605,0,0
618.5183984303001,705,264,0,0
618.5747843404652,231,516,0,0
618.5974922863436,10,109,0,0
618.6029007194654,1039,146,0,0
618.6049902002886,1151,76,0,0
618.6070522017543,402,363,0,0
618.830659057316,389,342,0,0
618.9454543245209,139,13,0,0
619.0082109168535,828,509,0,0
619.0803195730953,1025,47,0,0
619.0814290845962,1677,36,0,0
619.1095460496083,555,186,0,0
619.1240410347775,7427,765,1,0
619.1424231229596,6590,107,1,0
619.1455210965893,7230,292,1,0
619.1610499695124,46,374,0,0
619.1641522332577,216,76,0,0
619.2452100936464,1142,172,0,0
619.2578312669879,779,191,0,0
619.4155820021464,201,302,0,0
619.4416994341179,1784,225,0,0
619.4517659760174,1824,224,0,0
619.5412025816792,1234,358,0,0
619.6644165243239,806,297,0,0
619.6787519738511,754,311,0,0
619.7160029607433,370,454,0,0
619.7241219348583,1138,65,0,0
619.7488528141396,408,141,0,0
619.7607441997378,2051,260,0,0
619.805681931041,521,767,0,0
619.8103799970195,51,380,0,0
619.8112787433238,843,178,0,0
619.8318301067815,2018,163,0,0
619.8340967035907,449,235,0,0
619.8373947529358,1244,294,0,0
619.838094181913,661,3330,0,1
620.1426314083882,280,346,0,0
620.1581947010682,7776,416,1,0
620.1712410115417,1430,7,0,0
620.175248030063,6,180,0,0
620.1914590635043,1030,58,0,0
620.197279355497,104,311,0,0
620.2072453274861,18,674,0,0
620.3722880839985,65,330,0,0
620.9403839691385,1300,495,0,0
620.9404993898461,1139,270,0,0
620.9422249893696,1766,155,0,0
620.9494304419359,1376,276,0,0
620.9515475447532,795,574,0,0
620.9586782503313,108,92,0,0
620.9745524721375,1340,292,0,0
620.9944905753293,103,199,0,0
620.9969325363893,1327,62,0,0
620.997682208854,830,204,0,0
620.99779776548,240,52,0,0
621.0358503239534,636,544,0,0
621.2041177220501,1357,606,0,0
621.4526158418757,1450,72,0,0
621.4618096430753,1385,273,0,0
621.4627618434444,1471,284,0,0
621.4633262851922,422,224,0,0
621.5863677211995,1656,77,0,0
621.6018340222696,1081,214,0,0
623.7137779812082,948,366,0,0
623.7992656021861,67,173,0,0
623.808931579316,1821,243,0,0
623.9827812434593,5510,106,1,0
623.9935560168656,23,5260,0,1
624.0132325222539,858,701,0,0
624.018009788826,1161,301,0,0
624.0709614295283,644,326,0,0
624.0742611951057,1401,100,0,0
624.0836152167393,1567,505,0,0
624.089247278873,1639,19,0,0
624.1465225754722,1728,327,0,0
624.2240719876061,482,339,0,0
624.2355776422845,785,286,0,0
624.2737750173488,460,243,0,0
624.2748996684026,1290,343,0,0
624.2799832171362,781,284,0,0
624.2827762581278,1447,103,0,0
624.2829066587908,190,217,0,0
624.2839455407469,135,246,0,0
624.2914561216639,304,301,0,0
624.3043684250293,723,718,0,0
624.334224056579,275,261,0,0
624.8385588176299,13,101,0,0
624.8584254000814,1515,375,0,0
625.0364302754375,1186,201,0,0
625.0507852476958,616,392,0,0
625.059104550387,358,27,0,0
625.0744782878919,1014,15,0,0
625.0752297820513,1589,374,0,0
625.0784375266899,990,212,0,0
625.0836530279123,20,421,0,0
625.1704066414117,494,435,0,0
625.2007497700428,309,294,0,0
625.2286994742396,1415,141,0,0
625.2327328407367,1974,466,0,0
625.2515702714294,860,88,0,0
625.2537120510282,105,596,0,0
631.7555940884938,557,653,0,0
631.7714282761043,32,218,0,0
631.771852349059,7,142,0,0
631.8443069950273,1050,517,0,0
631.8493727929798,1166,196,0,0
631.9711936398031,1258,137,0,0
631.9841158175872,462,647,0,0
631.9856556683867,1484,223,0,0
632.047952354057,247,38,0,0
632.0554213119946,1201,304,0,0
635.205653006131,37,242,0,0
635.4804536833508,171,88,0,0
635.4815710637273,889,209,0,0
635.6151356303992,1440,101,0,0
635.6154887804894,807,324,0,0
635.637067975335,784,336,0,0
635.6524311097791,981,5060,0,1
635.7308408364526,1072,66,0,0
635.7369382063308,364,419,0,0
635.7420320659493,522,7670,0,1
635.7460659768931,1685,283,0,0
635.8283914003125,30,662,0,0
635.8676368923591,18,148,0,0
635.922619209835,1768,18,0,0
635.9611631264258,687,197,0,0
635.9728631352792,500,138,0,0
636.3614820275374,493,343,0,0
636.3657034377691,483,595,0,0
636.7249042024368,353,5030,0,1
636.903544339596,325,352,0,0
636.9058229634626,1490,184,0,0
636.9633041518429,1346,141,0,0
637.0288653335184,19,305,0,0
637.1040427209374,383,298,0,0
637.1061694657609,842,330,0,0
637.2159498499075,482,495,0,0
637.2660253402563,218,256,0,0
637.2668703532571,1241,342,0,0
637.2748986140722,91,210,0,0
637.3734768090201,300,86,0,0
637.3811048095868,1560,681,0,0
637.4244776480093,423,206,0,0
637.4322410096718,901,251,0,0
637.4350444072353,817,470,0,0
637.4499961604574,587,298,0,0
637.4948774054852,944,7,0,0
637.5034472810667,334,322,0,0
637.5049673393702,410,198,0,0
637.5055304080888,401,601,0,0
637.5747453336609,10,413,0,0
637.6110776211925,163,236,0,0
637.9054857104744,443,392,0,0
637.9260709797121,1078,774,0,0
638.2075032365498,788,335,0,0
638.2130897958317,1438,36,0,0
638.3277796638637,1298,4850,0,1
638.3285092589553,273,573,0,0
638.328676195332,1209,670,0,1
638.3627490503685,1538,81,0,0
638.3663614800113,987,316,0,0
638.3808054912959,393,363,0,0
638.3925269603029,15,91,0,0
638.3941934823501,69,236,0,0
638.4040465711843,432,99,0,0
638.4051920173669,1589,323,0,0
638.4163062802933,262,258,0,0
638.4186335168384,1453,110,0,0
638.4370696919052,275,672,0,0
638.4457909922569,7140,363,1,0
638.8048758328814,538,770,0,0
638.8169568688388,877,337,0,0
639.3974627840123,612,326,0,0
639.4028825667297,1288,139,0,0
639.5019249591894,1484,256,0,0
639.5805991817472,709,330,0,0
639.5911169221291,209,23,0,0
639.6576721180014,66,303,0,0
639.6628935753206,203,271,0,0
639.6751615496652,1616,62,0,0
639.755864979879,7719,473,1,0
639.7738733421924,306,70,0,0
639.7741125352454,1633,232,0,0
639.7769579477522,11,419,0,0
640.150169718257,19,1530,0,1
640.2030808667405,69,288,0,0
640.2282657695076,56,31,0,0
640.2362123995152,5230,120,1,0
640.2453550312596,1212,188,0,0
640.2470801983401,1337,381,0,0
640.326603967094,7793,399,1,0
640.3574659551832,186,276,0,0
640.6630258180498,964,232,0,0
640.8292159236721,965,276,0,0
640.8434513344508,1087,20,0,0
640.8639752734191,1105,98,0,0
640.8775731391038,496,268,0,0
640.9222614951043,774,103,0,0
640.9296471008576,693,26,0,0
640.9297905280024,73,290,0,1
640.9339540643501,141,2850,0,1
640.9436108434693,614,213,0,0
641.1810878004472,880,207,1,0
641.1866881840938,115,260,0,0
641.189984225097,1370,301,0,0
641.195079434587,912,382,0,0
641.202752461418,218,370,0,0
641.2879270220524,1213,1730,0,1
641.28843903736,1062,174,0,0
642.2519420737367,493,133,0,0
642.3014801064754,514,381,0,0
642.5018434228621,424,382,0,0
642.5176073838489,1890,148,0,0
642.5567149838494,635,235,0,0
642.5571010083736,1432,94,0,0
642.5859083062012,1426,363,0,0
642.6079040531893,973,116,0,0
642.7862383226069,1706,350,0,0
642.80803296965,384,3140,0,1
642.8411822657711,31,243,0,0
642.8878965502888,1029,442,0,0
642.8895862917312,1486,413,0,0
642.9462489084311,152,133,0,0
645.565639667558,487,182,0,0
645.5817011978758,1142,16,0,0
645.8623301580174,1139,12,0,0
645.8780231915207,414,278,0,0
646.6598011057457,1110,105,0,0
647.4055036418474,13,82,0,0
647.4208597434019,988,769,0,0
647.4276854069675,272,129,0,0
647.4737251777431,9,207,0,0
647.4974470396513,107,92,0,0
647.504239986621,66,274,0,0
647.5084734700246,1570,83,0,0
647.5091404620059,6000,768,1,0
647.514137771735,355,298,0,0
647.5225223084853,410,267,0,0
647.9992925885819,1243,114,0,0
648.1206139614382,1502,258,0,0
648.1250469154604,781,640,0,0
648.1383546566975,966,151,0,0
648.1421504863062,40,260,0,0
648.2828895765253,1818,233,0,0
649.4617601630969,4510,609,1,0
649.4786284784726,1918,318,0,0
649.5084481721883,1774,322,0,0
649.6264778822757,1271,32,0,0
649.6300153152907,7360,91,1,0
649.9120688695324,641,153,0,0
649.954712618774,5,46,0,0
649.9554182895863,1281,287,0,0
649.9582374642953,37,111,0,0
649.9665108285548,602,212,0,0
649.9909841351088,782,484,0,0
650.0209317289226,504,130,0,0
650.0455669723823,608,250,0,0
650.0786246265626,130,203,1,0
650.1171050100487,832,696,0,0
650.1553500959849,7628,564,1,0
650.220311395952,1324,1820,0,1
650.5395023857608,1249,381,0,0
650.6045150198948,400,353,0,0
650.6581026065422,1719,203,0,0
650.6598203708369,1921,55,0,0
650.6711482276514,1564,130,0,0
650.6885511023041,1471,533,0,0
650.7778847158559,19,11,0,0
650.7994930880235,770,524,1,0
650.8031606633552,537,430,0,0
650.883964820146,1184,139,0,0
650.942946989521,669,209,0,0
650.9760414292859,1003,8,0,0
650.9769478236364,1260,470,0,1
650.9891766229489,879,98,0,0
650.9990583857322,884,244,0,0
651.0091323255863,197,245,0,0
651.4891082364286,1599,653,0,0
651.4913191304925,962,278,0,0
651.4914426688991,1359,293,0,0
651.53678752261,1386,311,0,0
651.5439211894501,377,477,0,0
651.5778930685251,174,126,0,0
652.0238004074192,7,198,0,0
652.1026993291642,593,48,0,0
652.1029776155099,302,118,0,0
652.1094565710218,1595,418,0,0
652.1263121260037,593,242,0,0
652.1400559471871,64,295,0,0
652.1426728847151,987,555,0,0
652.143895743152,745,34,0,0
652.540211705231,389,146,0,0
652.5531916149954,371,230,0,0
652.5610367087081,175,224,0,0
652.7883737131522,1160,119,0,0
652.7890554389028,1710,445,0,0
652.7897430718714,547,90,0,0
652.9227565405217,476,304,0,0
652.94723883188,344,105,0,0
652.9644631364064,418,177,0,0
653.0776272512852,1551,277,0,0
653.0804615905923,721,1120,0,1
653.1340135978992,547,69,0,0
653.2025125009343,165,75,0,0
653.2352557557917,570,389,0,0
653.360582909124,32,412,0,0
653.374193212266,526,195,0,0
653.3744302108436,1489,365,0,0
653.8462522664785,53,366,0,0
653.8910676349514,529,86,0,0
653.8985313781099,1250,263,0,0
653.8996961691278,1478,767,0,0
653.9009243474247,1873,674,0,0
653.9022836688531,1214,340,0,0
653.9038071732865,1045,493,0,0
653.9814381009272,347,126,0,0
654.0172603080756,424,96,0,0
654.0672849014869,126,264,0,0
654.1317761371937,1184,259,0,0
654.1450083920598,1176,509,0,0
654.1951158572784,1603,289,0,0
654.2096056593371,760,30,0,0
654.2441410504881,982,191,0,0
654.3534704046715,500,229,0,0
654.3600700232499,290,52,0,0
654.3659983654597,603,396,0,0
654.4185539468355,1044,117,0,0
654.4309729439287,8052,140,1,0
654.5175843071615,845,333,0,0
654.530196471389,12,233,0,0
654.5413204851686,1579,265,0,0
654.5421540347006,467,21,0,0
654.5517123312967,1085,3350,0,1
654.5572513578566,1650,212,0,0
654.5896624111323,91,208,0,0
654.5916855013987,1567,376,0,0
654.5977194948395,1354,147,0,0
654.616048724208,304,311,0,0
655.6898931843691,1309,769,0,0
655.7306331029442,7905,287,1,0
655.7744643684756,1500,174,0,0
655.786315617733,364,381,0,0
655.8056170776637,695,194,0,0
655.8154367217201,1700,346,0,0
655.8440460668523,3250,94,1,0
656.5598055026086,1621,446,0,0
656.5651095863864,49,112,0,0
656.5677217968644,1197,222,0,0
656.5690425374451,656,404,0,0
656.6442337077659,611,278,0,0
656.6548694786875,1470,296,0,0
656.669935181722,5,158,0,0
657.1322243033334,1109,621,0,0
659.8671311891189,392,43,0,0
659.9248072918307,517,397,0,0
659.9340434029693,929,380,0,0
660.2768242652878,799,253,0,0
660.3033323155285,350,222,0,0
660.5574375595412,7758,434,1,0
660.6112202495617,1506,274,0,0
660.620987921787,768,259,0,0
660.6239982483327,1122,283,0,0
660.6551535189172,19,2950,0,1
660.6724511636039,1369,23,0,0
661.0803353621903,502,249,0,0
661.0883105845562,198,293,0,0
661.1037734548803,627,188,0,0
661.1050313531102,1126,303,0,0
661.1090695107832,1523,56,0,0
661.1507475643995,780,163,0,0
661.1573384303882,369,117,0,0
661.2175174396975,268,218,0,0
661.2205405403386,1637,271,0,0
661.2333305792371,916,280,0,0
661.2958722624967,189,13,0,0
661.5836068164206,738,260,0,0
661.5908713677865,803,359,0,0
661.5910074879237,1423,434,0,0
661.8842391817946,71,472,0,0
661.9699224992751,1399,221,0,0
661.980423195117,1803,146,0,0
662.8714607051947,1395,174,0,0
662.9063088535114,956,78,0,0
662.9488832717988,195,343,0,0
662.9582844017684,1072,447,0,0
662.967826804064,989,267,0,0
662.9742657571849,11,228,0,0
662.9932178438002,39,370,0,0
663.2292647899118,309,22,0,0
663.3394940301779,9,334,0,0
663.3710095847713,254,267,0,0
663.522894417541,744,290,0,0
663.5656160613705,7802,390,1,0
663.5702294873678,696,353,0,0
663.5745592407039,150,237,0,0
663.5746361124219,1483,767,0,0
663.611621225642,73,312,0,0
663.7196092747196,25,167,0,0
663.7623722476912,965,431,0,0
663.9520822836286,1788,546,0,0
664.1262974700333,1416,3770,0,1
664.32804285014,1421,287,0,0
664.3313273848645,20,514,0,0
664.354927113464,1871,322,0,0
664.4817505195695,522,7670,0,1
664.4837016270579,1934,204,0,0
664.4876029657131,16,451,0,0
664.5028472884073,1222,313,0,0
664.5154910282898,1556,66,0,0
664.5732456373598,1184,630,0,0
664.8373589101824,6780,197,1,0
664.9178241305088,170,1130,0,1
664.9232021461784,734,358,0,0
665.1136786668241,888,217,0,0
665.1307360640936,1538,315,0,0
665.2266065859295,1572,69,0,0
665.2530502169693,1511,397,0,0
665.4070966783964,618,235,0,0
665.4097618086676,11,107,0,0
665.562960113451,97,543,0,0
668.3677123904589,212,101,0,0
668.3997267595181,1632,205,0,0
668.4027331932014,960,577,0,0
668.4059955219814,376,321,0,0
668.5525813722892,1731,215,0,0
668.5752795646442,788,138,0,0
668.6322001667893,1588,93,0,0
668.6606084025688,1259,286,0,0
668.6891392553762,1250,29,0,0
671.507710805626,394,148,0,0
671.5077928504471,1900,270,0,0
671.5605730724101,329,300,0,0
671.7132430785902,878,418,0,0
671.7372854149368,1026,254,0,0
671.7381212979832,428,34,0,0
671.7641066439511,443,52,0,0
671.7699267467826,13,153,0,0
671.7836097697125,1735,275,0,0
671.882561545782,7423,769,1,0
671.8863636172448,886,371,0,0
671.890138873512,320,285,0,0
672.2386397901939,1273,74,0,0
672.2441119853505,1524,278,0,0
672.2536729895701,1504,178,0,0
672.3725165412314,86,82,0,0
672.3765197941104,289,775,0,0
672.4235528741868,17,702,0,0
672.427464393287,659,850,0,1
672.4308373642053,207,266,0,0
672.4329180521321,869,77,0,0
672.4378367057029,1196,471,0,0
673.7298391816449,431,199,0,0
673.7648842248959,25,272,0,0
673.7656326353715,1603,104,0,0
673.7675873408135,15,283,0,0
673.7739043151672,1111,182,0,0
673.8206798572561,274,488,0,0
673.8219241929742,1619,155,0,0
673.9346907960806,514,381,0,0
673.9358519926128,919,298,0,0
673.9363007607031,1492,765,0,0
673.9432936961443,1343,207,0,0
673.9472069401966,484,151,0,0
673.947581748048,168,313,0,0
673.963387463239,13,201,0,0
673.9721911986624,19,330,0,0
673.9920496668386,6,363,0,0
673.9990981578754,1369,304,0,0
674.021033904658,75,52,0,0
674.3323149898656,11,296,0,0
674.3342606709365,14,769,0,0
674.3519061508182,1193,697,0,0
674.3581681073446,189,263,0,0
674.3795792039747,347,311,0,0
674.4149924609503,764,767,0,0
674.4180099276568,619,336,0,0
674.5233076384434,1128,238,0,0
674.5521412041919,1783,2400,0,1
674.5567145479909,1107,48,0,0
674.6031732017766,1702,336,0,0
674.6046817275387,415,560,0,0
678.8250022533878,1114,196,0,0
678.82787173084,340,269,0,0
679.0321205437257,785,227,0,0
679.056768364558,982,91,0,0
679.1114413865166,567,331,0,0
679.1708035435896,607,95,0,0
679.1746652998884,62,145,0,0
679.1764077112689,1055,468,0,0
679.2607358879075,4,170,0,0
679.2690696100182,3950,175,1,0
679.2733065752558,1009,85,0,0
679.5991364208097,1816,509,0,0
680.1049825952798,1431,252,0,0
680.1085341589211,437,24,0,0
680.2588054434129,659,339,0,0
680.3107751024304,226,643,0,0
680.31831392496,82,327,0,0
680.3599874280014,575,486,0,0
680.360087763088,7823,369,1,0
680.6670633600932,105,122,0,0
680.8749763687583,1188,336,0,0
680.9947872570206,968,429,0,0
680.9978471202558,1480,465,0,0
681.0499818530287,699,97,0,0
681.0631089897,965,280,0,0
681.0651211679284,252,1700,0,1
681.0671439521974,1524,352,0,0
681.0740245389526,1733,465,0,0
681.0842888136058,110,21,1,0
681.0852643795862,1205,96,0,0
681.1140497084353,1743,400,0,0
681.1430010031776,999,188,0,0
681.4048326721733,1529,215,0,0
681.4329675018859,47,180,0,0
681.5639863037001,28,87,0,0
681.7792198024686,130,252,0,0
681.7800084724378,261,296,0,0
681.9342113574642,905,282,0,0
681.9366643407823,928,105,0,0
682.017266165627,638,406,0,0
682.0399736462158,105,120,0,0
682.0428215174128,34,418,0,0
682.2098715556249,635,595,0,0
682.2130668428376,526,260,0,0
682.217814480456,368,144,0,0
682.2221020660397,1653,482,0,0
682.2223969511897,494,241,0,0
682.4309065914596,837,360,0,0
682.6209196596867,881,594,0,0
682.7415875470678,803,199,0,0
682.985580152005,1360,4690,0,1
683.012474811501,347,283,0,0
683.0281519732886,705,300,0,0
683.0368993549052,8085,107,1,0
683.0370499996328,1576,245,0,0
683.0440756140771,961,111,0,0
683.0452466245301,259,298,0,0
683.0767274730206,1187,314,0,0
683.0858026106959,89,246,0,0
683.0903453016418,1385,302,0,0
684.1915168711818,312,155,0,0
684.4904628229634,8082,110,1,0
684.4914938662243,989,209,0,0
684.4952848223045,14,64,0,0
684.4971767931718,1818,134,0,0
684.5356454929848,171,84,0,0
684.8348138888222,408,543,0,0
684.8617325958297,1442,244,0,0
685.1757497654229,1819,98,0,0
685.1783948361035,8092,100,1,0
685.1837803642376,1386,74,0,0
685.1934585936957,1735,1090,0,1
685.7173417417829,11,291,0,0
685.8215164190472,7521,671,1,0
685.8222774919144,17,234,0,0
685.8227344724894,1818,226,0,0
685.846779676333,1091,136,0,0
688.6799898789285,213,155,0,0
688.7278088216257,290,161,0,0
688.7289691335922,481,77,0,0
688.8007022404324,285,375,0,0
688.806948149493,1283,169,0,0
688.8354330838955,957,117,0,0
688.8481397303786,18,105,0,0
688.8525460341381,217,255,0,0
688.853034160707,1904,88,0,0
688.9697188093485,530,82,0,0
689.0758951155549,1491,200,0,0
689.12243740373,1747,312,0,0
689.1259923307322,829,210,0,0
689.1450119116537,788,327,0,0
689.1817250516485,1260,2510,0,1
689.2699132241503,1354,207,0,0
689.2807214711363,240,157,0,0
689.2883317518668,346,261,0,0
689.3344714868193,1077,241,0,0
689.3802961865005,698,308,0,0
689.3826061804326,781,3590,0,1
689.6952676201694,7935,257,1,0
689.6974841895644,265,295,0,0
689.8840990794006,443,397,0,0
689.8987369883548,709,415,0,0
690.1608388410127,1280,233,0,0
690.1624381257651,845,595,0,0
690.1968338985725,825,603,0,0
690.2010747387288,2000,300,0,0
690.2015871770071,1185,315,0,0
690.2197784262706,1257,374,0,0
690.2200020770146,10,176,0,0
690.4164266700329,1252,409,0,0
690.5140559285735,955,220,0,0
690.5339901918111,1579,25,0,0
690.538668327205,869,165,0,0
690.5462291963192,243,279,0,0
690.5907189587684,1058,47,0,0
690.5926800878659,976,65,0,0
690.593151477934,806,120,0,1
690.6596094439091,1455,595,0,0
690.716169388923,12,97,0,0
690.716622482801,961,84,0,0
690.7337386197324,867,168,0,0
690.817941177988,43,339,0,0
690.8668389547591,7,115,0,0
690.8707477590331,681,277,0,0
691.0202584035054,471,215,0,0
691.6570417620413,1162,335,0,0
691.6681501484352,273,316,0,0
691.699084367868,4120,366,1,0
691.7246151584865,487,397,0,0
691.7410866709196,1036,286,0,0
691.7986245770685,735,151,0,0
691.8073543515147,251,379,0,0
691.8121038100119,1637,135,0,0
692.0426395494784,873,717,0,0
692.0443146610511,1681,331,0,0
692.0750915857261,1889,554,0,0
692.0852971932745,268,3300,0,1
692.1045392552214,1082,290,0,0
692.7064627636134,1610,334,0,0
692.7145442996568,528,458,0,0
692.8058520509987,5152,3040,1,1
692.8184198014613,694,25,0,0
692.8204789134716,347,103,0,0
692.8577617680786,725,333,0,0
692.8602780651852,682,28,0,0
692.8617835231463,1499,200,0,0
692.870280582832,1569,500,0,1
692.8761045688226,17,2620,0,1
692.8802726699956,6040,160,1,1
692.9250089578408,1051,82,0,0
692.9288726155606,466,474,0,0
693.2822258064527,501,403,0,0
693.2876676123806,1198,294,0,0
693.5409929670449,329,356,0,0
693.5692688886456,1165,119,0,0
693.5736478094427,234,92,0,0
693.5812018371331,775,185,0,0
693.6106293994851,1748,475,0,0
693.6325111490299,96,46,0,0
693.6659223219629,685,375,0,0
693.7643517302824,1889,72,0,0
693.7655112756808,30,131,0,0
693.8110374492313,34,384,0,0
693.8281261383465,25,575,0,0
693.86067034214,754,277,0,0
693.9180150579633,1081,397,0,0
693.9480053965893,97,306,0,0
693.9521797373776,616,382,0,0
693.9535090047818,210,330,1,1
693.9772274300545,536,13,0,0
694.1754112981802,11,248,0,0
694.176437865139,1359,3520,0,1
694.1841299392084,50,153,0,0
694.1865546753331,536,343,0,0
694.1881029902383,805,338,0,0
694.2512259678938,632,40,0,0
694.4519194414736,425,45,0,0
694.4632053971629,381,194,0,0
694.511126728425,1504,16,0,0
694.5435573117026,290,218,0,0
694.5567335199934,1215,387,0,0
695.0677868793492,144,296,0,0
696.022018410315,962,185,0,0
696.0489222804339,1264,52,0,0
696.0500141151076,700,3580,0,1
696.054644909825,1471,464,0,0
696.0691213815281,716,1770,0,1
696.0758334498615,1127,307,0,0
696.1258437875485,1467,257,0,0
696.1418827063399,455,593,0,0
696.1470800146869,396,197,0,0
696.149138650586,1148,367,0,0
696.2507476462221,616,228,0,0
696.259012942279,513,367,0,0
696.2680591886356,715,201,0,0
696.2864775461701,396,35,0,0
696.2945216891422,1836,112,0,0
696.6138018825536,750,36,0,0
696.6210488254136,443,692,0,0
698.3195261490625,906,28,0,0
698.3464028298476,1266,4650,0,1
698.3555388342087,1570,88,0,0
698.3673176087543,1137,178,0,0
698.4997856512986,1609,71,0,0
698.5249321079959,579,585,0,0
698.531482842197,1913,335,0,0
698.5334951035193,357,320,0,0
698.5344957860189,384,38,0,0
698.6084166312095,1748,768,0,0
698.6697421387842,293,553,0,0
698.6697718648278,1900,225,0,0
698.7442460198758,1366,357,0,0
698.7513625560982,1839,168,0,0
698.7871200733553,106,117,0,0
698.8807360061103,739,227,0,0
698.9811969357548,406,347,0,0
698.9854459136048,637,332,0,0
698.9881255042786,1787,259,0,0
698.9960745097976,9,768,0,0
698.9997025364758,941,29,0,0
699.0019135118391,475,237,0,0
699.0054996756742,8,400,0,0
699.0122997819286,395,492,0,0
699.0133275886201,321,477,0,0
699.157809256922,593,221,0,0
699.1805923918444,369,144,0,0
699.2892016930132,1613,304,0,0
699.2902239998143,1494,348,0,0
699.3001802095336,1150,253,0,0
699.3187626892679,1246,681,0,0
699.3217199239297,321,279,0,0
704.3423025536181,673,114,0,0
704.4185623149137,1536,519,0,0
704.842689935488,1238,117,0,0
704.8964861332651,1791,1110,0,1
705.1621549679952,322,312,0,0
705.3030927112939,357,6460,0,1
705.3749758295037,1413,97,0,0
705.643775544246,786,600,0,0
706.349681865332,709,345,0,0
706.3578409273845,1092,767,0,0
706.3842217894812,770,393,0,0
706.3960870590815,857,177,0,0
706.3994457221207,465,350,0,0
706.4046556500849,22,351,0,0
706.4219115208211,1876,149,0,0
706.5527309742633,546,400,0,0
706.6950791871119,356,294,0,0
707.1445792602342,1671,167,0,0
707.1471400059289,1837,105,0,0
707.1534396267133,1292,383,0,0
707.1734932157807,982,405,0,0
707.1964035603023,1536,483,0,0
713.3003982551437,372,111,0,0
713.3349443821066,1418,387,0,0
713.360262298372,736,374,0,0
713.3778671056525,1888,165,0,0
713.3809119681623,607,198,0,0
713.4230866024327,4,194,0,0
713.427531835346,226,177,0,0
713.984815527967,16,213,0,0
713.9854394254778,1628,208,0,0
714.0786449687254,11,304,0,0
714.08161107816,918,372,0,0
714.1742895811982,247,158,0,0
714.1765575571794,303,65,0,0
714.2425808790792,426,209,0,0
714.3126705753292,18,398,0,0
714.331513374128,1562,296,0,0
714.3358304366668,1448,221,0,0
714.3742227754768,457,537,0,0
714.3767547694555,52,391,0,0
714.3980977178006,1283,295,0,0
714.4039861231946,1105,378,0,0
714.5895225272512,18,474,0,0
714.6118557233887,16,24,0,0
714.6269330189995,1616,576,0,0
714.633114017887,769,233,0,0
714.6470714830039,93,266,0,0
714.74661558363,951,148,0,0
714.8934022071611,612,194,0,0
714.9133299141303,1317,327,0,0
714.958991758865,569,371,0,0
714.970868714792,1050,197,0,0
714.9725792183652,1300,190,0,0
715.0311378186037,72,195,0,0
715.0440861119904,848,311,0,0
715.0552566918669,894,246,0,0
715.2186027138886,1453,308,0,0
715.2312760558325,1342,394,0,0
715.3353801677252,411,87,0,0
715.3365908810932,557,68,0,0
715.7759496083887,50,80,1,0
716.0781188300327,241,131,0,0
716.121923459238,23,21,0,0
716.4680502828511,1096,399,0,0
716.4751194492334,701,497,0,0
716.6204445531254,1628,254,0,0
716.6236049970427,8074,118,1,0
716.6275027149219,5,225,0,0
716.6349091042844,30,768,0,0
716.6479767532895,27,278,0,0
716.649263320717,1783,278,0,0
716.7213582381626,1147,177,0,0
716.7383457146723,1281,323,0,0
716.7474392227565,1694,314,0,0
716.8580753502443,311,234,0,0
716.8619272733616,1740,251,0,0
716.8635374547788,1363,616,0,0
716.8709955685923,6,350,0,0
716.9342412296152,485,308,0,0
716.9439337266518,974,106,0,0
716.9557382208731,1303,591,0,0
717.2773551156332,908,182,0,0
717.2780319294111,139,146,0,0
717.9147346987087,12,64,0,0
717.9614178536111,20,511,0,0
717.9920666399569,517,413,0,0
717.9976520795581,852,108,0,0
718.007492871487,676,421,0,0
718.0086064837736,359,62,0,0
718.0198710697885,959,433,0,0
718.0208873215895,1500,492,0,0
718.0321757223521,736,446,0,0
718.1503458467353,386,598,0,0
718.1521281965717,11,376,0,0
718.1989036471974,836,2140,0,1
718.2254964695935,467,104,0,0
718.2610312463898,1511,2610,0,1
718.2726553069622,767,182,0,0
718.2745222845203,648,146,0,0
718.2748807257669,10,128,0,0
718.2754541896378,1646,588,0,0
718.2761177819051,1202,261,0,0
718.3974308870958,1435,534,0,0
718.4058077675758,1036,24,0,0
718.4095641009253,113,91,0,0
718.4614862249741,1134,50,0,0
718.4784904454041,1768,18,0,0
718.6032862085607,1379,198,0,0
718.6241103319849,643,243,0,0
718.6247168418897,1925,391,0,0
718.6403275369167,444,169,0,0
718.6440095842655,216,92,0,0
718.7242156138321,1669,115,0,0
718.7403458901222,1027,230,0,0
718.7443477151248,8,262,0,0
718.8005438637384,919,169,0,0
718.8115060121332,1890,102,1,0
718.8664178572238,107,355,0,0
718.8849474258465,1374,387,0,0
718.886196921936,728,217,0,0
718.9338405850871,861,63,0,0
721.318933524256,985,661,0,0
721.3196984500755,7776,416,1,0
721.3235048887788,1257,349,0,0
721.331408483447,1429,419,0,0
721.3583108245567,1285,3690,0,1
723.5371137517659,1778,112,0,0
723.5436749370247,1041,126,0,0
723.5455914352024,567,43,0,0
723.5461091989295,1665,686,0,0
723.5469096319739,330,286,0,0
723.6018636891095,825,363,0,0
723.6072413375753,337,159,0,0
723.6077142947912,3770,59,1,0
723.6099559471496,930,112,0,0
723.6115979150375,675,219,0,0
723.6250436756526,1633,240,0,0
723.6837387101463,280,197,1,0
723.7033041077814,769,409,0,0
723.7042563858176,1457,176,0,0
723.7180841558746,206,217,0,0
725.2121814610545,14,139,0,0
725.2125790256702,1497,201,0,0
725.36391932016,372,218,0,0
726.0170477263187,580,713,0,0
726.0186306305419,1721,231,0,0
726.0216977768429,1459,127,0,0
726.2200151757563,1065,364,0,0
726.2714053666888,527,213,0,0
726.278800572926,15,770,0,0
726.3745801088825,834,295,0,0
726.385819330637,1406,268,0,0
726.3967190850701,1393,242,0,0
726.4256387103779,1283,222,0,0
726.4354248626478,12,309,0,0
726.4388310733455,767,209,0,0
726.4413477104594,604,360,0,0
726.4601470465157,1031,204,0,0
726.4677011820406,1638,280,0,0
726.4771698592975,769,233,0,0
726.4819209079918,1114,1020,0,1
726.5667645040302,5550,769,1,0
727.2374140725585,1489,145,0,0
727.4954682565904,17,191,0,0
727.5162475848948,97,398,0,0
727.5207311816156,216,382,0,0
727.560369590822,350,106,0,0
727.6988741295341,1169,4710,0,1
727.7252591448608,899,278,0,0
727.727400636036,759,211,0,0
727.7328031799864,978,384,0,0
727.8456921034419,1238,127,0,0
727.8538752200008,454,170,0,0
727.8539479829794,7814,378,1,0
727.8603506494708,1831,363,0,0
727.8610052123836,368,50,0,0
727.989792814142,1460,204,0,0
728.0074651410922,165,385,0,0
728.0397262814972,4160,54,1,0
728.0642168617038,18,151,0,0
728.1140176593425,1074,291,0,0
728.1213280610101,1845,215,0,0
728.1943846185076,747,304,0,0
728.6934972207591,571,362,0,0
728.7002924197901,332,3560,0,1
728.706563745136,1660,112,0,0
728.7087126564327,505,502,0,0
728.7257526076359,1465,754,0,0
728.7282047385394,767,468,0,0
729.1103161211106,224,175,0,0
729.1711207518495,1009,451,0,0
729.1942366768607,766,56,0,0
729.1989430720909,6,371,0,0
729.4135086407553,407,270,0,0
729.4142356607638,1524,83,0,0
729.5784570743466,1018,215,0,0
729.627878355444,6,106,0,0
729.6316590592169,1841,281,0,0
729.6382715826005,738,160,0,0
729.6405100187876,1420,198,0,0
729.7207070391613,775,212,0,0
729.7257950415907,958,278,0,0
729.7315633801268,1813,74,0,0
729.7321857886881,1202,14,0,0
730.8812437295946,485,370,0,0
730.8937514238887,576,279,0,0
730.8954384241848,1099,425,0,0
730.9447625586109,1710,90,0,1
730.9636178703181,1244,269,0,0
730.9647145031073,634,322,0,0
731.0805252445242,802,83,0,0
731.088636050753,2910,350,1,0
731.2043168888762,1017,241,0,0
731.2143659658586,22,64,0,0
731.2160029538275,982,468,0,0
731.2168420769169,726,483,0,0
731.2405436287506,172,64,0,0
731.2424133545941,344,345,0,0
731.2881882075632,514,489,0,0
731.6562125814243,1087,189,0,0
731.6627662705719,1309,196,0,0
731.6795355263157,1969,168,0,0
732.1455632838981,53,316,0,0
732.1667700458821,1773,145,0,0
732.2711209977367,573,441,0,0
732.2907985063453,687,361,0,0
732.4260147991527,503,371,0,0
732.4277796103489,452,363,0,0
732.4306121463087,1953,8,0,0
732.4842636419805,8,35,0,0
732.4864567630659,8,392,0,0
732.4869605682004,1410,144,0,0
732.4930794906943,498,330,0,0
732.663235544081,1328,418,0,0
732.6997287691929,7896,296,1,0
732.7099088393165,1710,282,0,0
732.7626688474395,777,769,0,0
732.8206897915195,1099,34,0,0
732.8805158222691,1102,290,0,0
732.8955930484004,1156,326,0,0
732.9144068934858,656,129,0,0
732.9394780036956,768,140,0,1
732.9439980525581,12,574,0,0
733.0185106170193,1320,130,0,0
733.174882413139,1384,563,0,0
733.2038587779011,1908,2680,0,1
733.2243923310026,479,58,0,0
733.2298277582456,623,179,0,0
733.232496578578,441,115,0,0
733.2417829655069,776,312,0,0
733.2439707814805,818,108,0,0
733.267677120705,10,128,0,0
733.3480563511482,354,182,0,0
733.349684212627,41,174,0,0
733.4663514327073,1243,15,0,0
733.4814060319205,5710,655,1,0
733.4923207906618,110,767,0,0
733.5057990784279,900,352,0,0
733.5100468051241,552,272,0,0
733.5488704900877,270,94,0,0
734.474397422388,1017,396,0,0
734.4819877831836,317,4600,0,1
734.484844092148,1214,134,0,0
734.6645670912411,861,138,0,0
734.7519617712755,773,289,0,0
734.758737689234,734,366,0,0
734.7746037895464,1662,509,0,0
734.7805009595484,522,164,0,0
734.7885224951215,260,209,0,0
734.9756433092432,8,274,0,0
734.9777381870304,1672,245,0,0
734.9907599145408,283,223,0,0
737.3156037379609,504,297,0,0
737.7844884734625,584,384,0,0
737.786055005801,607,366,0,0
737.7879981648728,1994,482,0,0
737.7883509129141,94,47,0,0
737.8647824892538,705,335,0,0
738.2439993465242,21,33,0,0
738.254163669756,652,2620,0,1
738.2765388299644,1540,202,0,0
738.2881355672662,6,191,0,0
738.4020507745023,916,220,0,0
738.6746454480999,435,449,0,0
738.6833296461767,167,313,0,0
738.7117626562956,723,44,0,0
739.5322819076052,13,298,0,0
739.5335486336218,199,85,0,0
739.6607404432282,1306,444,0,0
739.7908928839767,338,303,0,0
739.8156187533715,770,27,0,0
739.8632439907559,421,190,0,0
739.868163820346,88,225,0,0
739.8806310347665,295,386,0,0
739.9438627591221,1801,391,0,0
739.9548776971982,45,402,0,0
739.9782769376346,1149,368,0,0
740.1304272638721,257,386,0,0
740.2008784953166,1208,273,0,0
740.3552576789989,992,770,0,0
740.3937920656656,109,34,0,0
740.5155721009637,429,214,0,0
740.7676035837926,1243,404,0,0
740.7850723618196,204,136,0,0
740.7874827941279,638,23,0,0
740.9081161013037,1504,101,0,0
740.9121626775885,1218,253,0,0
740.9355765418243,1272,324,0,0
740.9716817501643,627,201,0,0
741.6107485782002,1415,438,0,0
741.6250828149879,731,355,0,0
741.989927140801,1154,141,0,0
742.1655347402467,785,632,0,0
742.273565274257,1529,379,0,0
742.2845939043556,5030,186,1,0
742.3025560819151,1242,340,0,0
742.9475986817207,7,229,0,0
743.0647258401211,880,434,0,0
743.0662397263661,1709,330,0,0
743.0666499113244,1582,51,0,0
743.0675270238636,728,180,0,0
743.1054765394341,309,358,0,0
743.1522176421788,207,281,0,0
743.1812265376512,1789,202,0,0
743.1838753419776,991,257,0,0
743.1897291481281,491,444,0,0
743.1947046304134,1224,543,0,0
743.2038526413653,310,233,0,0
743.7336658825586,1530,647,0,0
743.739467314799,75,353,0,0
743.7509563446346,510,325,0,0
743.7675343508902,722,206,0,0
744.1273492980827,962,71,0,0
744.1374839885449,1103,261,0,0
744.1398680880296,112,23,0,0
744.1401011980474,1087,495,0,0
745.1367719001255,7774,418,1,0
745.1381452891719,1730,69,0,0
745.1929102420664,1758,404,0,0
745.2133605144577,970,622,0,0
745.2141220183491,1495,87,0,0
745.2507473765058,62,646,0,0
745.2616556883614,492,7700,0,1
745.2909794616509,20,83,0,0
745.2930535677681,8054,138,1,0
745.4291196241588,303,316,0,0
746.26755958138,8,1780,0,1
746.2677042750955,31,225,0,0
746.2832587572451,1635,55,0,0
746.3462161751131,967,383,0,0
746.3603349625067,115,109,0,0
746.4147840286469,472,4,0,0
746.4192915246808,1480,171,0,0
746.4257478021775,772,210,0,0
746.4260250678901,383,767,0,0
746.4319231425826,768,427,0,0
746.4408171058087,1329,206,0,0
746.46536899341,169,160,0,0
746.4837059164167,1730,209,0,0
746.5289457870567,353,114,0,0
746.6152350258023,186,57,0,0
746.7995907962784,12,53,0,0
746.8915998563693,1768,195,0,0
746.9001427838876,689,150,0,0
746.9011267391592,10,338,0,0
746.9015832281484,566,249,0,0
747.1199874650931,847,282,0,0
747.123905831524,7874,318,1,0
747.3401612080136,887,52,0,0
747.375046184711,200,266,1,0
747.389756735868,783,253,0,0
747.6524032129162,133,99,0,0
747.7030025923891,309,195,0,0
747.7809142328214,1616,141,0,0
747.8619414245114,234,240,0,0
747.8826737446117,379,254,0,0
747.9614070352762,849,187,0,0
747.9618123581453,501,27,0,0
748.0334059602009,1743,256,0,0
748.0584624062329,1562,561,0,0
748.0648393381077,1287,567,0,0
748.1210466390115,1314,130,0,0
748.2362798438747,1598,23,0,0
748.3453007896984,14,159,0,0
748.3699969008428,806,274,0,0
748.39989302022,1093,246,0,0
748.4152559592972,318,452,0,0
748.4160564167978,1142,373,0,0
748.4397004964474,1060,12,0,0
748.458781277739,2980,258,1,0
748.7038088891436,7,175,0,0
748.7059702444124,414,307,0,0
751.468106325219,110,528,1,0
751.4710223116067,720,185,0,0
751.479496440064,766,176,0,0
751.4799906054809,1438,148,0,0
751.6215853617263,1369,279,0,0
751.6266880064741,1654,322,0,0
751.661706981822,857,5,0,0
751.680799902966,1366,351,0,0
751.7415549587319,1905,402,0,0
751.7446262242953,389,62,0,0
751.7603338897663,268,13,0,0
751.7645986763235,373,327,0,0
751.7765985479593,311,448,0,0
751.7770571964382,232,172,0,0
751.861828525681,106,75,0,0
751.8770774084884,786,105,0,0
751.8968239990448,123,136,0,0
751.8977092726109,20,351,0,0
751.9230350242842,672,155,0,0
751.9313418882527,16,633,0,0
752.0137943054256,1872,145,0,0
752.0518781902438,1156,323,0,0
752.3483276817651,119,5,0,0
752.3569755939992,33,270,0,0
752.359831648669,1311,213,0,0
753.1868353013973,1653,332,0,0
753.201877104714,513,404,0,0
753.2192395174936,5,166,0,0
753.4582771141578,748,256,0,0
753.6938237830708,1731,396,0,0
753.704076361682,1392,76,0,0
753.7048320847822,271,246,0,0
753.9993899224828,34,239,0,0
754.0049669651088,230,900,1,1
754.0075124967804,1555,293,0,0
754.0285634182068,1523,333,0,0
754.1406588458512,70,390,0,0
754.197544533456,92,109,0,0
754.2183694448424,12,742,0,0
757.3969561788251,311,278,0,0
757.8994860751415,1227,490,0,0
757.9510291091106,597,109,0,0
757.9705583526527,784,343,0,0
757.971338900656,1572,163,0,0
758.0747403980455,319,318,0,0
758.0791642524786,1127,163,0,0
758.3851118374672,1626,147,0,0
761.2005679689471,12,254,0,0
761.2006727981691,1506,68,0,0
761.2460673825332,1173,501,0,0
761.3017588973825,810,161,0,0
761.3056298898902,675,358,0,0
761.6244801501226,560,175,0,0
761.6288446782838,1734,134,0,0
761.6336916533702,473,76,0,0
761.6357118057849,1261,627,0,0
761.6432258225004,576,490,0,0
761.6433378982468,1885,5620,0,1
761.9106341772739,9,775,0,0
761.9174403855843,15,345,0,0
761.9356385400266,1631,203,0,0
762.0349751838924,623,347,0,0
762.0626168658281,909,442,0,0
762.1142779848446,71,48,0,0
762.4747463837173,1032,492,0,0
762.4754921733482,395,326,0,0
762.6928111269275,449,311,0,0
762.6940104029579,1074,457,0,0
762.6955705598082,194,366,0,0
762.7227476878443,1795,438,0,0
762.8440937249627,409,178,0,0
762.8447326936156,1609,206,0,0
762.9343052921478,7,203,0,0
762.9579220060689,1214,649,0,0
763.0086199702963,1150,198,0,0
763.026432172875,985,564,0,0
763.0431371750433,939,239,0,0
763.1845631241856,874,183,0,0
763.201996140555,1477,480,0,0
763.2425138268237,1336,228,0,0
763.9240157213418,859,185,0,0
763.9722288378528,791,183,0,0
764.0196182063244,56,4110,0,1
764.0303773016182,1471,188,0,0
764.0418072493426,566,622,0,0
765.0746840150928,1860,280,0,0
765.2471842630716,804,504,0,0
765.367948854978,327,335,0,0
765.3774384064625,1130,551,0,0
765.3854810052928,543,243,0,0
765.4153703910142,672,597,0,0
765.9174128151463,13,182,0,0
765.9189885132946,557,110,0,0
765.9373424428985,761,452,0,0
765.94336679764,809,141,0,0
765.9517708471267,5,51,0,0
765.9557369152275,1195,329,0,0
765.9790686706355,237,197,0,0
766.0703385712584,864,432,0,0
766.1068842550568,842,693,0,0
766.1121945253834,983,145,0,0
766.1306257356025,45,256,0,0
766.251877246626,892,226,0,0
766.2536955671014,1161,550,0,0
766.2586983508393,1403,288,0,0
766.2690174469969,1160,370,0,0
766.5084220996541,733,202,0,0
766.5088915175786,15,376,0,0
766.7965263840189,6,26,0,0
766.7970812893888,1092,580,0,0
767.0118039834991,534,459,0,0
767.0133039114897,8,31,0,0
767.0164834036358,568,1740,0,1
767.0945670505876,877,54,0,0
767.1646635671499,1255,228,0,0
767.1782803187268,299,244,0,0
767.1809776511078,9,43,0,0
767.6412615842548,220,4670,0,1
767.706552996385,319,653,0,0
767.7534983766244,37,219,0,0
767.7784572789374,953,150,0,0
767.8013580613203,1328,270,0,0
767.8229701132441,858,308,0,0
768.0382764375187,891,749,0,0
768.0385626439112,293,16,0,0
768.0684903256397,454,14,0,0
768.2005893724362,651,299,0,0
768.2007484205963,1541,252,0,0
768.2261425838332,1079,523,0,0
768.2309694752549,442,65,0,0
774.9464869628343,883,729,0,0
775.0255719111123,1848,767,0,0
775.0289815312115,1164,115,0,0
775.0445643008636,4160,163,1,0
775.0829090046166,12,221,0,0
775.0844118047602,4,17,0,0
775.0871131593856,1037,475,0,0
775.1148812617387,304,350,0,0
775.8608432105466,518,10,0,0
775.8630860813151,59,308,0,0
784.2285696448836,178,39,0,0
784.2309986582401,992,439,0,0
784.2364189384645,386,350,0,0
784.2450130126423,312,179,0,0
784.2911001009029,692,598,0,0
784.3123699980606,568,171,0,0
784.375016213239,1879,180,0,0
784.3765938890751,1123,260,0,0
784.3783942950304,1347,31,0,0
784.3930196667477,541,460,0,0
784.404621139828,40,400,0,0
784.4054197931856,409,26,0,0
784.4324034216223,53,248,0,0
784.4371892432722,518,247,0,0
784.500571048723,978,279,0,0
784.5157608419784,673,2840,0,1
784.5173853115355,1343,644,0,0
784.9060426958818,20,717,0,0
785.0133967927568,978,350,0,0
785.2571187490881,278,281,0,0
785.2580155893962,989,90,0,0
785.4948267221126,21,388,0,0
785.4951086886543,604,155,0,0
785.5276620162757,924,92,0,0
785.5317591126586,377,294,0,0
785.5347581381639,1071,1650,0,1
785.5913489474154,1237,311,0,0
785.8309606996706,6,243,0,0
785.8384407510637,503,496,0,0
785.9670504591834,710,234,0,0
785.970703246877,120,86,0,0
786.0391227320176,74,276,0,0
786.0397305267215,1765,76,0,0
786.0625306988637,604,12,0,0
786.0639717797552,11,237,0,0
786.0712530387832,1998,3570,0,1
786.2242333356767,907,640,0,0
786.4621172006792,629,264,0,0
786.4704155550686,13,92,0,0
786.6094632119358,197,232,0,0
786.6145285071863,1002,166,0,0
786.688596586721,193,21,0,0
786.7605293722626,7757,435,1,0
786.7731501352059,747,419,0,0
786.9463509053577,4590,41,1,0
787.0418691514487,985,471,0,0
787.306451321176,428,560,0,0
787.5494229737752,819,746,0,0
787.6106528149957,1605,770,0,0
787.6332719167514,1733,545,0,0
787.6406780778941,1490,265,0,0
787.6410116486056,846,167,0,0
787.6557371344062,10,157,0,0
787.6884886859272,1171,459,0,0
787.6905483441907,1802,351,0,0
787.6961445241916,163,19,0,0
787.6963645066571,642,263,0,0
787.7110678558628,636,340,0,0
787.7116133721771,1561,324,0,0
787.7293291967815,6230,354,1,0
787.7520519126409,344,250,0,0
787.772474367397,1839,296,0,0
787.7757799728201,1521,599,0,0
787.8276862193986,7855,337,1,0
787.8319446609923,1049,415,0,0
787.8336021890217,735,206,0,0
787.8474621901593,572,323,0,0
788.030921477498,851,315,0,0
788.257192484532,1531,714,0,0
788.2680328451813,613,448,0,0
788.2741309611301,14,172,0,0
788.2867888600466,863,320,0,0
789.1574732987269,67,229,0,0
789.1681866670048,2580,41,1,0
789.3072494553619,363,433,0,0
789.3221136387192,9,293,0,0
789.3233907383774,1182,135,0,0
789.4829726653896,1854,1390,0,1
789.4895044163599,1257,269,0,0
790.8180367867944,1374,69,0,0
790.8185206156488,1021,769,0,0
791.2437158890782,542,106,0,0
791.2558695286326,19,280,0,0
791.2571852470608,108,27,0,0
791.259424286761,1546,348,0,0
791.2716144909135,1283,211,0,0
791.6887756504614,842,378,0,0
791.7051777509973,179,139,0,0
791.7465897876867,1511,218,0,0
791.7553805725977,788,209,0,0
791.8325368218118,1074,141,0,0
791.8680604522278,1337,580,0,0
791.8705922426766,814,20,0,0
791.8722635196884,1311,343,0,0
792.0703148341654,1719,234,0,0
792.0723884948761,1224,3320,0,1
792.293393078977,476,497,0,0
792.3067743573978,387,462,0,0
792.3158944684487,1711,132,0,0
792.5141124729222,4,10,0,0
792.7650057356263,866,388,0,0
793.1092658213765,191,64,0,0
793.1656971047673,88,767,0,0
793.3856195386461,895,246,0,0
793.6254648857746,1018,340,0,0
794.4494160771852,1553,132,0,0
794.5368131937176,236,34,0,0
794.5525316863487,257,152,0,0
794.5952458767013,918,4100,0,1
794.8355663230931,1911,673,0,0
794.8365908403129,100,314,1,0
794.8400489101283,374,315,0,0
794.9076376013147,194,5210,0,1
794.919605125032,8030,162,1,0
794.9207108064289,784,69,0,0
799.1810941751834,503,360,0,0
799.1941363634645,1090,531,0,0
799.2062363861982,157,105,0,0
799.2691593435056,749,87,0,0
799.3284634563065,2131,155,0,0
799.3537471387154,406,414,0,0
799.379158280048,33,282,0,0
799.3829474407395,756,406,0,0
799.4163655321273,36,397,0,0
799.4172664113503,772,327,0,0
799.4175923537005,1268,766,0,0
799.4210269276053,29,2620,0,1
799.5412650989574,404,149,0,0
799.5523516479745,883,380,0,0
799.5651675997951,774,246,0,0
799.7105213735715,1195,61,0,0
799.7111493988853,389,200,0,0
799.7976419070067,34,407,0,0
799.8032468574801,801,576,0,0
799.8175864364595,2277,328,0,0
799.843177818663,480,627,0,0
799.8435523796434,93,432,0,0
799.8960494632789,747,312,0,0
800.0285432570017,1400,251,0,0
800.0391140661349,1468,43,0,0
800.0908549758411,1527,450,0,0
800.097489894182,2395,326,0,0
801.1403421849882,451,218,0,0
801.1462879194349,517,255,0,0
801.1470410614224,1630,176,0,0
801.1546352549585,75,158,0,0
801.697938014688,400,461,0,0
801.6986516969577,36,445,0,0
803.3452284284396,7915,277,1,0
803.4101530842743,403,397,0,0
803.469480389465,1827,3570,0,1
803.4916129967997,280,180,0,0
803.492739169955,1194,167,0,0
803.5157646393902,444,127,0,0
803.5208574434673,287,183,0,0
803.8366784661507,236,72,0,0
803.8550519260307,830,138,0,0
803.8684726278412,766,728,0,0
803.872079574639,245,1800,0,1
803.8789785837471,385,19,0,0
804.0370741305812,1066,51,0,0
804.0430629547761,1506,3590,0,1
804.0593874560238,1466,71,0,0
804.0611730048478,1547,629,0,0
804.302022813942,1205,242,0,0
804.4040694220895,1373,206,0,0
804.4050331982043,1843,267,0,0
804.9251550700861,10,323,0,0
804.971849035399,1763,3070,0,1
804.9730913187058,383,230,0,0
804.9971124273744,1448,5070,0,1
805.2616337510932,1215,330,0,0
805.3059017941321,865,721,0,0
805.4523141727813,927,580,0,0
805.4659244895144,9,315,0,0
805.4720370249023,1652,106,0,0
805.9811651051406,472,221,0,0
806.0884717164543,309,288,0,0
806.2734165761464,8,771,0,0
806.3362142799076,51,19,0,0
806.3393538074515,1015,309,0,0
806.3418921366588,1364,435,0,0
806.3519435859514,1148,160,0,0
806.3538765576034,581,146,0,0
806.3894523734905,382,25,0,0
806.3899629229161,27,74,0,0
806.3906118762625,442,152,0,0
806.4259718799924,1187,16,0,0
806.4670129812941,1106,286,0,0
806.5474444225549,909,359,0,0
806.5930137622249,109,645,0,0
806.5942362682237,1266,768,0,0
806.6923697938075,1716,312,0,0
807.1155190667896,770,200,0,0
807.1299821647284,384,487,0,0
807.1307380516115,1532,231,0,0
807.7015482418303,551,576,0,0
807.7945571211933,8,68,0,0
807.7952266550445,1549,623,0,0
807.8341007462873,834,386,0,0
808.2335473457722,1682,87,0,0
808.238706210042,989,60,0,0
808.291561751184,1678,299,0,0
808.2921382781017,937,283,0,0
808.3010509062199,292,208,0,0
808.3316554170126,10,281,0,0
808.419931574518,804,744,0,0
808.5556324087624,7813,379,1,0
808.8392749406248,1650,259,0,0
808.850683477487,13,774,0,0
808.9487329156835,1298,437,0,0
808.9517849079859,353,282,0,0
808.9960134545288,810,211,0,0
811.7546955411339,678,142,0,0
811.9537541236697,696,33,0,0
811.9599352411387,768,270,0,0
812.0545975843078,733,1290,0,1
812.2097770571156,13,770,0,0
812.4036083342778,124,31,0,0
812.5874552930312,366,265,0,0
812.6275974709278,357,229,0,0
812.6302947999675,487,259,0,0
812.6834277719095,1210,206,0,0
812.6881538139123,291,208,0,0
812.6994485202231,748,119,0,0
812.7016281528581,925,346,0,0
812.7129531966194,747,24,0,0
815.8732665334468,1198,365,0,0
815.8906050040384,269,232,0,0
815.9327126028325,602,319,0,0
815.9396841673496,1789,747,0,0
815.9778046767395,883,482,0,0
816.252068369768,1064,490,0,0
816.4142748754381,1262,332,0,0
816.4279125906586,1281,366,0,0
816.4320768465549,1336,245,0,0
816.4362844139035,1419,541,0,0
816.4395065462154,902,27,0,0
816.4445904307412,1864,90,0,0
816.6201407794557,1584,365,0,0
816.6213531026543,681,306,0,0
816.6424322427788,1291,392,0,0
816.6572198658783,7674,518,1,0
816.7028477408608,162,160,0,0
816.7353819069161,1109,643,0,0
816.7832478432969,1569,26,0,0
816.7867048179269,1332,466,0,0
816.8857552918178,1649,695,0,0
816.8858318919773,13,265,0,0
817.1034559560607,995,192,0,0
817.1279882258809,470,17,1,0
817.135210729432,708,149,0,0
817.2036001148742,1356,410,0,0
817.238107345743,15,3410,0,1
817.2626504358377,26,272,0,0
817.2638209073284,815,386,0,0
817.2648747957653,467,358,0,0
817.2765338848812,952,236,0,0
817.312616040651,65,258,0,0
817.315474939868,9,121,0,0
817.4835024429697,271,1990,0,1
817.7271046997095,805,767,0,0
817.7718829940202,26,121,0,0
817.9424273815573,1400,179,0,0
817.9611425688597,1565,475,0,0
817.9639104224433,166,27,0,0
817.9675977834377,47,18,0,0
817.9854027952584,467,195,0,0
818.0843859954933,21,267,0,0
818.1161887479806,737,492,0,0
818.5484073666158,12,240,0,0
818.549582177291,658,515,0,0
818.5580334709489,1089,106,0,0
818.5629392296195,7875,317,1,0
818.5768794942351,301,250,0,0
818.5820202781388,459,226,0,0
818.7015171859015,846,229,0,0
818.7040920743117,846,444,0,0
819.4940712091717,2248,292,0,0
819.502180829863,83,412,0,0
819.6182445252405,1624,212,0,0
819.9001776375067,358,93,0,0
819.900812702685,66,6,0,0
819.9603108212671,1242,673,0,0
819.9727925497139,1638,147,0,0
819.9853499178951,1380,2720,0,1
820.0048856140567,1298,2400,0,1
820.0575075390237,894,148,0,0
820.084617958774,330,277,0,0
820.0862482509382,1666,269,0,0
820.1326119771234,127,200,0,1
820.2441312066642,8013,179,1,0
820.2807813256576,1494,439,0,0
820.2810887223872,1842,63,0,0
820.2829646082857,49,312,0,0
820.3089794198715,859,109,0,0
820.3322826126977,311,147,0,0
820.378217975945,721,29,0,0
820.3911693637584,957,532,0,0
820.4007419451856,474,416,0,0
820.4116223629692,25,387,0,0
820.4219810132422,831,17,0,0
820.4314478537448,83,475,0,0
820.4330508128088,8,132,0,0
820.4698228600591,1541,604,0,0
820.4859098675647,1670,557,0,0
820.615673832551,1400,135,0,0
820.6193824053263,462,234,0,0
820.626641669617,776,363,0,0
820.645963893224,1161,566,0,0
820.676408818494,688,387,0,0
820.7515802959394,169,272,0,0
820.7562733014464,503,128,0,0
821.2203259869939,1311,268,0,0
821.2551884691204,1513,184,0,0
821.257833469862,1312,534,0,0
821.2670748207687,1700,148,0,0
821.2882524225719,653,499,0,0
821.3410927117854,1247,530,0,0
821.4627171399045,403,2120,0,1
821.4750809538988,1807,328,0,0
821.4863655928366,499,26,0,0
821.4864971847373,1857,628,0,0
821.4874429172229,646,768,0,0
821.4876294356407,933,363,0,0
821.4888009637236,1548,646,0,0
821.6201041749972,678,65,0,0
821.6313104193983,726,322,0,0
821.6317595457366,1897,264,0,0
821.6332234852435,1985,29,0,0
821.8279006045902,92,35,0,0
821.8294788614631,1259,571,0,0
821.8296313999449,1135,683,0,0
821.8304805380504,262,222,0,0
821.8403037688838,1002,16,0,0
821.8552749184266,318,392,0,0
821.991359102286,1400,680,0,0
822.0183504265302,1337,2350,0,1
822.0474077901696,183,125,0,0
822.0493494020851,1358,510,0,0
822.0637254210948,1678,230,0,0
822.065645999696,1058,319,0,0
822.067148868272,1794,467,0,0
822.0688075967281,696,769,0,0
822.126213699713,633,663,0,0
822.1675098616605,1193,207,0,0
822.1957745173494,638,265,0,0
822.1994096674197,615,255,0,0
823.9246790125092,875,240,0,1
823.9307267082756,91,1710,0,1
823.9657803483012,412,165,0,0
823.9915091395392,607,226,0,0
824.224843903562,20,330,0,0
824.251843839833,232,226,0,0
824.3012116695633,818,261,0,0
824.325820794311,1124,350,0,0
824.3307060016544,1364,22,0,0
824.3341486547565,1793,370,0,0
824.338509237717,93,404,0,0
824.3556162789162,27,273,0,0
824.3903592785736,554,28,0,0
824.3910271578023,1521,122,0,0
824.4155654086987,173,172,0,0
824.4275410633816,566,35,0,0
824.4285723715294,1558,722,0,0
824.4510082972514,702,82,0,0
824.4666047381243,562,724,0,0
824.4701890712169,180,66,1,0
824.4776484527274,920,361,0,0
824.5837633699222,1011,156,0,0
824.6316996423787,54,3270,0,1
824.6563881120687,120,425,0,0
824.6574739238646,973,325,0,0
824.6749204023079,124,235,0,0
824.7303525978613,1470,767,0,0
824.7650676607669,1176,539,0,0
826.4475682901895,303,157,0,0
826.4572444942754,12,188,0,0
827.0016895776914,1178,5,0,0
827.2731736575361,176,3100,0,1
827.2780261738174,4,79,0,0
827.2790878829509,1920,541,0,0
827.9593848063273,696,150,0,0
827.9882515233429,1879,317,0,0
827.994709613717,1053,238,0,0
828.5631298383253,551,253,0,0
828.571585405612,767,207,0,0
828.5772504606957,268,143,0,0
828.6046553202937,1670,20,0,0
828.8447087311642,916,139,0,0
828.8457792986578,1424,124,0,0
828.8469886707061,1832,192,0,0
828.8539103278555,579,470,0,0
828.8707138087148,279,459,0,0
828.8707519917273,1892,469,0,0
828.9271635691734,786,770,0,0
828.9275731302682,1934,612,0,0
828.928802718131,326,79,0,0
829.2967069874223,135,110,0,1
829.297855819145,600,168,0,0
829.3217293474812,898,289,0,0
829.3372569273286,1382,68,0,0
829.401484332424,13,168,0,0
829.4056857276447,312,299,0,0
829.4353076986383,8,103,0,0
829.4434892155172,366,270,0,0
829.4734178181254,1891,534,0,0
829.4780409258447,1503,719,0,0
829.5031268318393,971,141,0,0
829.5176046822739,276,767,0,0
829.5348405488387,271,251,0,0
829.5392636115572,21,148,0,0
829.5420168781465,873,172,0,0
829.6232512311178,347,326,0,0
829.6342243844398,724,319,0,0
829.6590453054482,1621,190,0,0
829.8182619714084,327,27,0,0
829.824429359659,12,65,0,0
829.8849234573881,847,28,0,0
829.9044686529497,825,564,0,0
829.9294474417791,1585,224,0,0
830.5361846104255,121,78,0,0
830.5522086109121,6312,1880,1,1
830.596658078853,438,99,0,0
830.628839700795,1388,279,0,0
830.7180769025279,392,930,0,1
830.7218943459242,1341,342,0,0
830.9102225066694,361,628,0,0
830.9102762442711,191,40,0,0
830.910655710596,1148,430,0,0
830.9110053375676,1855,207,0,0
830.9371832728397,7510,622,1,0
830.9849298748355,587,337,0,0
830.9890087648752,24,85,0,0
831.2331990378817,7910,186,1,0
831.2772295328126,784,137,0,0
831.2779341915763,485,544,0,0
831.2790732849093,134,206,0,0
831.2838995022312,940,4910,0,1
831.2919921979233,1746,647,0,0
831.3254459481934,510,765,0,0
831.3273355034175,500,454,0,0
831.4011068409395,973,179,0,0
831.4130889441411,313,348,0,0
831.4154080925291,673,116,0,0
831.6492558459108,306,4910,0,1
832.1864340834126,1156,207,0,0
832.1901407230374,1016,523,0,0
832.2014053149397,1140,137,0,0
832.2280613122499,1734,183,0,0
832.2490372985711,597,65,0,0
832.2571518569288,1862,327,0,0
832.2637639334606,758,441,0,0
832.2948691619422,1684,162,0,0
832.510619981517,876,304,0,0
832.5112226151123,14,203,0,0
832.5143073845384,1672,73,0,0
832.7611711593177,506,663,0,0
832.7791167256308,1589,14,0,0
832.7806786678044,1239,109,0,0
832.7857730901513,720,63,0,0
832.8256440152273,1107,272,0,0
832.857286991661,289,355,0,0
832.947121859711,585,524,0,0
832.960821982523,864,357,0,0
832.966019015388,1491,92,0,0
832.9665808706852,130,79,0,0
832.977884042716,1587,551,0,0
832.9876026514576,1206,318,0,0
833.520220658367,406,408,0,0
833.6828428862386,266,140,0,0
833.6929052419958,664,311,0,0
833.6944398401796,419,3890,0,1
833.6950925100235,800,990,0,1
833.6951958662378,331,484,0,0
833.7171799923111,983,175,0,0
833.8744431777951,1722,581,0,0
833.8884129360715,725,139,0,0
833.9455168771987,896,324,0,0
833.949667818578,673,67,0,0
834.3433426466909,12,379,0,0
840.3138475933545,114,350,0,0
840.4525692031069,1182,184,0,0
840.5050310715419,1631,486,0,0
840.5710690061949,1056,270,0,0
840.581965237952,1807,69,0,0
840.5905914957624,348,1100,0,1
840.5992423366775,642,264,0,0
840.6115637624827,1176,335,0,0
840.6313348571929,1217,415,0,0
840.6695311219731,92,3240,0,1
840.6849560967584,539,4880,0,1
840.770089403969,159,29,0,0
840.7716436712017,1694,343,0,0
840.781705972747,461,414,0,0
840.795040056007,345,89,0,0
840.8265837388691,1036,302,0,0
840.8466460895274,20,224,0,0
840.8902450003251,7570,213,1,0
840.8973907602284,348,428,0,0
840.9002243100059,699,3420,0,1
840.910874677135,652,231,0,0
840.9406800418502,5272,2920,1,1
841.0022410302071,197,146,0,0
841.7042157147135,404,422,0,0
841.7259936306974,52,55,0,0
841.7304755740165,5,280,0,0
841.7703686674354,823,6,0,0
841.7792024033902,1378,611,0,0
841.8480132599609,7423,769,1,0
842.2462339728343,30,328,0,0
842.2717891977268,1229,225,0,0
843.2982978456491,805,126,0,0
843.3102916044877,1701,344,0,0
843.3157210153825,339,17,0,0
843.3158998630195,68,27,0,0
843.3327811910011,1032,178,0,0
843.3346862569842,1271,428,0,0
843.3429716876254,1525,176,0,0
843.35864985222,79,228,0,0
843.359223067097,676,365,0,0
843.3595495660993,1122,170,0,0
843.4785511544679,506,218,0,0
843.486073979645,18,329,0,0
843.7155726764627,1002,240,0,0
843.7164350516447,457,107,0,0
843.7174033721387,600,4230,1,1
843.8057034209356,1234,99,0,0
844.2194225741258,1049,15,0,0
844.2200004058628,753,224,0,0
844.2578752397359,995,767,0,0
845.1638210093373,140,108,0,0
845.3502841933728,75,23,0,0
845.4514145068088,354,741,0,0
845.4648948956756,1236,1060,0,1
845.4684538260506,825,505,0,0
845.540997244925,619,328,0,0
845.5739495660255,1653,31,0,0
845.5752558455505,1010,25,0,0
845.5757511113901,22,543,0,0
845.5769722236988,715,241,0,0
845.6068750669692,267,74,0,0
845.6434958215233,382,347,0,0
845.6463146124496,2005,422,0,0
845.8879726162343,1327,371,0,0
845.9502318326827,1453,753,0,0
846.0047735149437,5,351,0,0
846.0233764782108,352,523,0,0
846.0280697659391,803,408,0,0
846.0286808509934,492,310,0,0
846.0303243904442,1560,97,1,0
846.038162761953,894,334,0,0
846.0653012278431,1172,64,0,0
846.073435773874,979,328,0,0
846.0879895711367,512,7680,0,1
846.1051429968563,7820,372,1,0
846.1511843526474,723,71,0,0
846.2073538649713,275,288,0,0
846.215682074681,1437,108,0,0
846.2332328491586,998,499,0,0
846.2447037868769,691,180,0,0
846.2459454933163,11,114,0,0
846.9257947777375,8111,81,1,0
846.9346283643439,7962,230,1,0
846.9386189225648,1333,194,0,0
846.9396379333665,7480,712,1,0
846.9677483376241,630,91,0,0
846.9720316928365,1502,366,0,0
846.9990497207484,822,368,0,0
847.0091256608091,1260,442,0,0
847.0572329073483,652,290,0,0
847.0668173146252,888,164,0,0
847.0686102546327,418,638,0,0
847.0826624961567,686,18,0,0
847.1786735056334,1503,102,0,0
847.2064167220741,153,560,0,1
847.2231228002738,250,125,0,0
847.3636037483511,1844,249,0,0
847.3981124575131,1275,315,0,0
847.4768545356519,17,250,0,0
847.4825051716384,21,740,0,0
847.493452789786,889,173,0,0
847.5014879827613,579,258,0,0
847.7663397695233,126,194,0,0
847.9672304313464,19,202,0,0
850.1299956320875,211,501,0,0
850.2781598007981,53,512,0,0
850.2784249455957,8,352,0,0
850.2872673894942,87,139,0,0
850.3440924123453,1346,299,0,0
854.1868058529909,138,128,0,0
854.1888748833023,7909,283,1,0
854.2999221592859,1012,491,0,0
854.337877379852,352,12,0,0
854.3380730510718,1052,451,0,0
854.3453146940956,1343,88,0,0
854.4456393318411,270,184,0,0
854.4695027830495,368,50,0,0
854.470836898728,107,431,0,0
854.4802123082385,175,196,0,0
854.4911488231023,1059,220,0,0
854.8781930927055,1238,238,0,0
855.0512995876028,763,379,0,0
859.3698485909933,840,316,0,0
859.414690112686,254,302,0,0
859.5265168477733,1312,260,0,0
859.5268014585154,1093,485,0,0
859.5284573167055,1376,540,0,0
859.5354863266208,88,161,0,0
859.5463259096401,1248,690,0,0
859.5470612323855,767,320,0,0
859.5581537834566,1826,181,0,0
859.5631584646707,195,209,0,0
859.695381704808,997,297,0,0
859.7422649566671,35,288,0,0
859.7478946822362,810,63,1,0
859.767271918638,1108,385,0,0
860.1112685215622,266,1970,0,1
860.11200365487,84,357,0,0
860.6326878139598,6632,1560,1,1
860.6331512413595,1278,375,0,0
860.6481467838739,1196,176,0,0
860.650865322634,1207,281,0,0
860.6669176503211,21,114,0,0
860.6823683907918,1307,159,0,0
860.6836822596491,941,416,0,0
860.7131039929616,380,222,0,0
860.7200843372726,578,93,0,0
860.7275549780982,1591,103,0,0
860.7453882726851,1537,3750,0,1
860.7644340584012,1056,209,0,0
860.7810710776324,1484,291,0,0
860.796526915067,1963,260,0,0
860.8143525488787,378,405,0,0
860.8205499892151,1570,770,0,0
860.8223683213619,1044,211,0,0
860.9625027114286,17,210,0,0
860.9642222696875,1615,182,0,0
860.990537942711,23,265,0,0
861.4449201952175,1334,138,0,0
861.4534194299384,1441,668,0,0
861.4654443212605,916,5760,0,1
861.4827588412744,4780,418,1,0
861.538190925492,307,186,0,0
861.5725047129467,392,433,0,0
869.6159411691168,5,109,0,0
869.6164193588031,401,304,0,0
869.621875893018,1766,13,0,0
869.638074256327,1085,238,0,0
869.7000911113599,26,15,0,0
869.7625510528273,622,766,0,0
869.784425299574,22,572,0,0
870.0797116273668,280,217,0,0
870.0839033541578,957,19,0,0
870.1114312645493,3217,185,0,0
870.1655318079646,12,480,0,0
870.1661348312776,113,297,0,0
870.1916541464302,1523,255,0,0
870.1965452980949,10,76,0,0
870.356199178384,486,482,0,0
870.5009772924641,1532,19,0,0
870.5011002300375,1413,210,0,0
870.5225515014628,1758,200,0,0
870.7389593660035,1550,202,0,0
870.7424842818939,1021,246,0,0
870.7562180603398,6340,504,1,0
870.7685278270046,1101,470,0,0
870.7765704261656,534,473,0,0
870.7775170612102,21,413,0,0
870.7786549337271,259,683,0,0
870.7807705806275,1136,141,0,0
871.1703838249942,639,410,0,0
871.1823692218798,537,179,0,0
871.1847232359457,1326,469,0,0
871.1890970758341,228,1570,0,1
871.2015003716606,1058,767,0,0
871.4060047014814,1145,107,0,0
871.4144918897458,806,317,0,0
871.5169282204149,208,93,0,0
871.6132640935539,600,585,0,0
871.6498466777274,944,134,0,0
871.655574369452,49,413,0,0
871.7775565661348,1302,322,0,0
871.7782957343421,240,119,0,0
871.8010536724328,545,191,0,0
871.801547701129,80,767,0,0
871.801909625747,52,24,0,0
871.8306395408844,843,61,0,0
871.8622321146283,275,89,0,0
871.9364169454537,1408,380,0,0
871.9519006859639,837,400,0,0
872.8319451870238,1814,286,0,0
872.9253081671619,570,161,0,0
872.9271935811909,978,368,0,0
872.9842946328129,1282,167,0,0
872.9847749103894,10,140,0,0
873.0097523544227,1686,281,0,0
873.0441328968986,1036,5,0,0
873.0492361886885,554,717,0,0
873.0971608182848,1481,484,0,0
873.1826784048226,1236,461,0,0
873.1910164945632,1789,433,0,0
873.3102716311505,1573,352,0,0
873.3212953374688,350,385,0,0
873.357432261959,7770,209,1,0
873.3588900832716,390,4340,0,1
873.4338815398379,348,108,0,0
873.4375261799796,1730,438,0,0
873.454959537342,639,289,0,0
873.5517118507088,1862,550,0,0
873.6058392210135,1136,412,0,0
873.6785035593979,430,25,1,0
873.6809147437095,933,445,0,0
873.8988470367167,1045,314,0,0
873.9034216780549,1285,564,0,0
873.9093788261405,141,477,0,0
874.0488535507958,1217,320,0,0
874.0603384126605,1557,324,0,0
874.0768437991507,7050,645,1,0
874.0865195102353,7920,272,1,0
874.0876123695798,459,80,0,1
874.1156987335771,1837,118,0,0
874.252831394612,987,46,0,0
874.2640259633115,387,8,0,0
874.4248783225987,1662,380,0,0
874.4305128529627,7840,342,1,0
874.4441494960158,1694,96,0,0
874.4559027253794,1153,185,0,0
874.4676722409572,1100,132,1,0
874.4818839613644,1663,305,0,0
874.4831433928113,8001,191,1,0
874.4901405137871,473,477,0,0
874.5074925192681,40,268,0,0
874.5099053009933,9,10,0,0
874.5144562342236,1751,132,0,0
874.5279330902355,35,74,0,0
874.5490542534167,128,32,0,0
877.3129481201443,1329,52,0,0
877.3159589627849,1080,181,0,0
877.4278410654175,247,271,0,0
877.4421643220159,810,302,0,0
877.5305116349726,99,206,0,0
877.6250780188374,1230,394,0,0
877.6321136952865,6,88,0,0
877.6593423991318,563,212,0,0
877.6645234253041,53,255,0,0
877.6751369300041,1977,653,0,0
877.675414826518,342,309,0,0
877.6862817992575,4380,17,0,0
877.7008674536298,9,49,0,0
877.7087251772148,925,262,0,0
878.3573928539079,639,433,0,0
878.3620394578097,1496,41,0,0
878.3746108278406,68,13,0,0
878.3823019724844,429,680,0,0
878.3830859965537,5,194,0,0
878.4404897056855,1711,64,0,0
878.4430271323506,156,154,0,0
878.4477566931308,6,2400,0,1
878.4583190717357,790,574,0,0
878.4963248796313,1611,360,0,0
878.8093088705482,1494,347,0,0
879.6505975521872,438,370,0,0
879.7524537044726,278,215,0,0
879.9144385430584,67,236,0,0
879.9160716310954,1004,355,0,0
879.9212366133323,1378,158,0,0
879.9378387583503,487,166,0,0
880.0045634145523,95,269,0,0
880.0690126966651,1215,72,0,0
880.123427815443,320,40,0,0
880.5615304435335,721,354,0,0
880.5775233593546,791,210,0,0
880.5940317587163,1606,529,0,0
881.3893307921358,4920,395,1,0
881.6559442316731,1249,106,0,0
881.6689033476996,892,333,0,0
881.6716737290653,521,212,0,0
881.7037909191738,1463,320,0,0
881.710893935477,29,438,0,0
881.8311532172664,456,337,0,0
881.867365554719,6,87,0,0
884.7322567550628,1782,234,0,0
884.7658645649543,9,370,0,0
884.8872648992525,1090,171,0,0
884.9869420467606,530,24,0,0
885.0054841187927,1200,203,0,0
885.0174757632304,5130,190,1,0
885.0223728157632,1917,248,0,0
885.0271541399329,417,392,0,0
885.0356309404706,809,458,0,0
885.0575286035264,7782,410,1,0
885.0915392579035,214,207,0,0
885.137347465231,21,98,0,0
885.1390602958786,746,272,0,0
885.3303303228756,404,2540,0,1
885.5120019830402,1631,33,0,0
885.5286441986185,1124,117,0,0
886.1171791719888,1405,424,0,0
886.1871811759086,1884,143,0,0
886.1888641486261,333,343,0,0
887.4678921576404,1314,24,0,0
887.4695801428884,1086,88,0,0
887.5360455672629,7843,349,1,0
887.548091812245,17,197,0,0
887.5694753471016,1622,125,0,0
887.5710343423654,321,20,0,0
887.5725021856551,380,483,0,0
887.5736202631844,286,1620,0,1
887.5851765486643,159,102,0,0
887.5863851443496,724,271,0,0
887.600030336355,471,189,0,0
887.6138820704759,1046,283,0,0
887.7213152472875,1601,414,0,0
888.4285874832557,16,282,0,0
888.4313541412517,8099,93,1,0
888.4518075158135,891,182,0,0
888.4524474034667,625,613,0,0
888.4827156494912,670,1150,0,1
888.5803561239877,892,371,0,0
888.6901064824419,491,91,0,0
888.709833958984,1557,21,0,0
888.7399779761772,1312,374,0,0
888.7483611202231,43,278,0,0
888.7497944320137,571,428,0,0
888.895671789394,501,123,0,0
890.399244100786,1536,345,0,0
890.410402576718,449,278,0,0
890.4131241857025,6,50,0,0
890.417954491356,721,633,0,0
890.4261164454547,276,435,0,0
891.3322011470933,1540,289,0,0
891.3813055730991,21,353,0,0
891.4279830168106,7984,208,1,0
891.5124582050579,616,769,0,0
891.5171258650188,435,424,0,0
891.5268541035352,851,659,0,0
891.5274618347601,1566,285,0,0
891.615375970979,1354,429,0,0
891.6175095297964,5,101,0,0
891.6281910128481,631,573,0,0
891.6304451896401,349,67,0,0
891.6484842206263,17,32,0,0
891.7527329422593,1316,450,0,0
891.855196242067,1305,252,0,0
891.8760356480075,9,3080,0,1
891.9536442999064,600,444,0,0
891.9547685438692,718,334,0,0
891.9771420307145,856,283,0,0
891.9837443295469,508,283,0,0
892.0012836140363,342,101,0,0
892.0048907137142,27,208,0,0
892.0058736709702,825,442,0,0
892.0168717262848,253,384,0,0
892.0242196187122,1359,352,0,0
892.0260851005714,310,344,0,0
892.0262424242844,1624,601,0,0
892.485275113671,218,131,0,0
892.5080758664524,1400,170,1,0
892.6420643462068,1462,395,0,0
896.3943853726747,712,255,0,0
896.3958877841427,262,81,0,0
896.5728657130699,1875,207,0,0
896.5801356695162,39,84,0,0
896.7106470423568,1564,107,0,0
896.7297232461851,69,319,0,0
896.8086079363453,681,199,0,0
897.9988550596238,686,255,0,0
898.652453166691,507,542,0,0
898.6848498483517,4420,527,1,0
898.6928629657283,27,211,0,0
898.7411956141736,758,286,0,0
898.7441965348337,1053,182,0,0
898.8405903314141,7,156,0,0
900.373777843301,473,147,0,0
900.3795903440559,1692,171,0,0
900.3885096528176,1233,482,0,0
900.4380908537826,522,108,0,0
900.4446464153597,169,6,0,0
900.4524813623718,1130,588,0,0
900.4960643080564,1055,445,0,0
900.7747690940691,975,499,0,0
900.8635774794828,875,30,0,0
900.8873056146206,546,187,0,0
900.8930097100889,182,103,0,0
900.9917720851396,90,573,0,0
901.0669479051909,7791,401,1,0
901.5737157286339,1733,293,0,0
901.7102423440626,110,3630,0,1
901.7309083249069,1805,357,0,0
902.3488840742242,7894,298,1,0
902.564694267958,660,736,0,0
902.5702991023597,1147,192,0,0
902.7206071495925,591,20,0,0
902.9117495544259,994,36,0,0
903.0282099426161,837,285,0,0
903.0310885428303,316,205,0,0
903.1236804005205,195,302,0,0
903.1683089124766,1056,516,0,0
903.1750428790508,1742,379,0,0
903.182364161101,1674,410,0,1
903.1844493053675,7943,249,1,0
903.2474531204919,764,97,0,0
903.2500056460127,1420,218,0,0
903.2839673519497,715,192,0,0
903.3226611624974,2100,332,1,0
903.3242405271709,1600,770,0,0
903.3257978843551,1517,196,0,0
903.3342801784506,302,573,0,0
903.3408562927109,1291,766,0,0
903.3413032996825,1091,17,0,0
903.4030927263223,556,74,0,0
903.4957907893518,531,89,0,0
903.5871176073545,1246,768,0,0
903.6473320220601,662,7530,0,1
903.6477011689735,312,235,0,0
903.6477378265139,881,181,0,0
903.6645289252344,906,160,0,0
903.6667433193907,1574,150,0,0
903.7067712423276,401,357,0,0
903.7104297375116,27,252,0,0
903.738432546355,1643,287,0,0
903.8707016671054,1851,639,0,0
903.875465271263,1286,161,0,0
903.8835539074677,726,368,0,0
903.9879302403086,494,241,0,0
903.9890093592762,826,290,0,0
904.0214293676057,1233,6140,0,1
904.0225527059367,413,366,0,0
904.0230271882034,1204,4,0,0
904.0861443446892,1104,299,0,0
904.0867928168227,166,414,0,0
908.9945275837428,715,431,0,0
909.0141019215395,882,388,0,0
909.1351642573343,1138,390,0,0
909.1893492357626,1254,478,0,0
909.1932970630656,584,339,0,0
909.2108109682845,65,204,0,0
909.2122066632853,221,145,0,0
909.2135735968194,1725,53,0,0
909.2196766308294,1373,159,0,0
909.2294192996875,10,166,0,0
910.2814391931033,1006,129,0,0
910.3062048686671,31,415,0,0
910.3637220575325,502,607,0,0
910.4055457980379,6,25,0,0
910.4132080145121,3773,1050,0,1
910.4985766834399,14,249,0,0
910.5076992821394,471,226,0,0
910.5451974487345,5,200,0,0
910.5497239970696,1442,339,0,0
910.6244659262004,35,306,0,0
910.6246832303773,450,297,1,0
910.6762787238337,22,441,0,0
910.9306598399165,869,280,0,0
910.9799657854991,1511,550,0,0
910.9835014279081,70,387,0,0
911.1977562500466,339,121,0,0
911.2013300158019,1536,43,0,0
911.2452087032378,24,570,0,0
911.262974512855,1324,232,0,0
911.3253930896536,972,313,0,0
911.3780708480639,494,88,0,0
911.4411961051983,1878,112,0,0
911.6205652705631,573,220,0,0
911.6275444899593,8094,98,1,0
912.2997181721903,1570,21,0,0
912.3239092628368,379,392,0,0
912.5039519098653,93,523,0,0
912.564623064626,337,5550,0,1
912.5824225104768,444,156,0,0
912.606405224838,337,43,0,0
912.7379546579901,1812,165,0,0
912.7630690573378,1639,127,0,0
913.002137282904,213,176,0,0
913.0142429111426,256,327,0,0
913.0152463416387,664,315,0,0
913.0280745827343,213,481,0,0
913.1166789014264,1140,304,0,0
913.1203433447356,1650,340,0,0
913.1240259124664,1452,636,0,0
913.133666649166,580,184,0,0
913.1358493566629,600,367,0,0
913.1420852742173,8,720,0,0
913.2152421064559,105,589,0,0
913.3116545774228,1396,20,0,0
913.320566628643,1219,618,0,0
913.3270873926571,690,263,0,0
913.3504710531959,1771,343,0,0
913.4301748783163,194,80,0,0
913.6279006784451,1232,35,0,0
913.7004349606523,780,111,1,0
914.0878629381957,27,333,0,0
914.1514238153334,1370,288,0,0
914.165723252963,8,274,0,0
914.2495758682376,1457,213,0,0
914.2684063547794,1714,459,0,0
914.269012357759,464,343,0,0
914.2698690495254,45,398,0,0
916.942930999186,841,415,0,0
916.9716169810202,387,90,0,0
916.9783593901481,197,16,0,0
916.9785827676328,392,79,0,0
917.3073359212581,165,688,0,0
917.4360227244623,603,179,0,0
917.4538760739439,872,293,0,0
917.4547621264877,1724,402,0,0
917.4844882543289,1381,695,0,0
917.5427511114607,614,347,0,0
917.5479222501532,701,490,0,0
917.5894805102525,1396,229,0,0
917.677669157776,654,20,0,0
917.7107413160347,1255,297,0,0
917.7328720741059,1697,221,0,0
917.7485903871158,1058,175,0,0
917.8335725132259,957,359,0,0
917.8338268233379,1654,163,0,0
917.8341511262806,11,3150,0,1
917.8343294082146,60,247,1,0
917.8361474840162,1570,200,0,0
917.8402876606312,280,220,0,0
917.8404439769112,224,213,0,0
917.8420228774181,1792,319,0,0
917.8480116888368,960,429,0,0
917.9598821061835,501,426,0,0
917.9620713738809,660,437,0,0
917.9873360739831,293,442,0,0
917.994916017617,39,148,0,0
918.0160399985791,28,392,0,0
918.0180910005661,118,115,0,0
918.021804714544,355,389,0,0
918.0410641324996,1232,10,0,0
918.070958149204,359,221,0,0
918.109202783643,339,287,0,0
918.3275217040466,708,272,0,0
919.3192322123286,1377,665,0,0
919.5473800823817,1634,314,0,0
919.61922613044,3180,144,1,0
919.6218045139963,370,87,0,0
919.6280449379907,8,178,0,0
919.838389555601,1775,272,0,0
919.8840822288147,949,22,0,0
919.8891811709434,555,284,0,0
920.3451736295551,1224,333,0,0
920.8214651865721,1867,20,0,0
920.893883223496,11,247,0,0
921.0743472577159,585,185,0,0
921.1985728794232,671,240,0,0
921.210279422474,454,256,0,0
921.3697966532716,1214,269,0,0
921.4016428632114,76,400,0,0
921.5670836740179,1311,307,0,0
921.7935261577182,1821,172,0,0
921.7948565524704,681,135,0,0
921.8123196372553,21,143,0,0
921.8210539496212,1717,221,0,0
921.8309775754499,1004,421,0,0
921.8341003599833,10,9,0,0
921.8458899273732,935,126,0,0
921.8512377432356,552,7640,0,1
921.8513933230092,153,175,0,0
922.0694607834513,1466,187,0,0
922.0778469005159,403,197,0,0
922.0798354511169,916,340,0,0
922.0976786742444,416,768,0,0
922.0982368636353,106,58,0,0
922.1037009644955,766,323,0,0
922.1040714364036,813,61,0,0
922.155950873773,485,1200,0,1
922.1618762532423,7,116,0,0
922.5582115265219,1030,246,1,0
922.6175057854038,6,377,0,0
922.7304452817922,1165,294,0,0
922.9504706592337,953,239,0,0
922.9545856013158,4995,690,0,0
922.9594730322967,1304,119,0,0
922.9598041628952,902,463,0,0
922.9598653698297,1235,465,0,0
922.9643576832676,567,408,0,0
922.970305668221,596,547,0,0
922.9995338185975,837,215,0,0
923.006207064661,11,221,0,0
923.0065566850151,1187,170,0,0
923.1113165306803,8022,170,1,0
923.1221504310524,2500,1160,0,1
923.1424501647873,1331,117,0,0
923.1687090562566,733,22,0,0
923.174564374843,2230,221,1,0
923.1751563248388,914,255,0,0
923.1756415476525,1742,549,0,0
923.2513309110972,720,324,0,0
923.2517521869748,506,59,0,0
923.2794726831945,33,27,0,0
925.7463804366367,13,21,0,0
925.7466923075567,1487,990,0,1
925.9269122900082,902,263,0,0
925.9311655993864,35,38,0,0
925.9413051491028,1478,326,0,0
925.9615036114161,635,150,0,1
926.2934013883839,51,362,0,0
926.300692225908,1221,387,0,0
926.304890180888,1249,308,0,0
926.4516049488564,855,547,0,0
926.4648731319302,1325,255,0,0
926.4653829226585,1722,6470,1,1
926.469338812065,727,417,0,0
926.5817991086897,1504,476,0,0
926.5855220381252,740,49,1,0
926.6972802648729,23,529,0,0
926.6985625823476,1682,389,0,0
926.8617085366667,159,167,0,0
926.8621711985259,1076,121,0,0
926.8759385790813,223,330,0,0
926.9324069026603,1170,409,0,0
926.9330127186352,780,194,0,0
926.9386834634574,994,449,0,0
939.1175463390105,1618,347,0,0
939.1630656189224,689,423,0,0
939.1760030975242,587,310,0,0
939.20154055963,1316,661,0,0
939.2025173352362,5,58,0,0
939.4429208282945,1311,76,0,0
939.4445334920338,22,164,0,0
939.522672293455,650,327,0,0
939.5361919424923,374,595,0,0
939.546830347146,1483,710,0,0
939.5496403849302,1321,637,0,0
939.5861628051873,29,136,0,0
939.5906553080924,1097,77,0,0
939.5957673678826,1002,27,0,0
939.6735003750958,161,82,0,0
939.6735967552545,1371,352,0,0
940.040668637114,1264,331,0,0
940.0417250081455,1282,300,0,0
940.0580342743117,662,3010,0,1
940.1619817300336,17,43,0,0
940.1646073325193,713,267,0,0
940.7778337116539,93,50,0,0
940.8011856387429,489,237,0,0
940.8051288438801,704,250,0,0
940.8351108538882,856,400,0,0
940.8419516260748,181,159,0,0
940.8422193658404,1878,313,0,0
940.9045734712852,763,329,0,0
940.91237518005,40,37,0,0
940.9180279567386,1318,753,0,0
941.0606880565585,1589,288,0,0
941.0608371935293,1569,278,0,0
941.0614951940113,6,268,0,0
941.0737517710801,336,74,0,0
941.07567856816,1458,56,0,0
941.077468755121,758,214,0,0
941.1055155438378,1183,245,0,0
941.1625864796808,1628,297,0,0
941.1683270952941,776,750,0,0
941.7559144657381,478,215,0,0
941.8469372535803,341,324,0,0
941.8602024873301,6,53,0,0
941.877409792624,494,95,0,0
941.9552574750335,742,350,0,0
941.9576995486383,734,4190,0,1
941.9659403749065,960,363,0,0
941.9741995603451,392,524,0,0
941.9805705155113,892,49,0,0
941.9845856546254,334,278,0,0
942.0104608408551,1748,221,0,0
942.0286444154531,814,766,0,0
942.141934000579,2723,144,0,0
942.5959522510337,7879,313,1,0
942.6020623055152,3960,81,1,0
942.6210072718114,300,140,0,0
942.7202164478344,1636,565,0,0
942.7249950823522,497,235,0,0
942.7829120885114,748,47,0,0
942.7846996057638,113,93,0,0
942.821993925967,12,304,0,0
942.8259703222129,995,445,0,0
942.9829788237882,843,373,0,0
943.0266483107046,1785,439,0,0
943.1315855892532,363,364,0,0
943.153075709235,723,361,0,0
943.161864220042,802,280,0,0
943.6548657895809,15,122,0,0
943.6713840361878,75,3880,0,1
943.67930359645,4,72,0,0
943.7005941591095,191,399,0,0
943.7040048362082,39,237,0,0
943.7159357466691,792,131,0,0
943.7342792133574,1439,595,0,0
943.7445620383915,350,2710,0,1
943.8461964703955,613,128,0,0
943.8589726196916,830,357,0,0
943.918746333345,1164,377,0,0
943.9334603508947,1110,278,0,0
943.9417296319866,11,36,0,0
943.9438843489799,1209,170,0,0
943.9767783644896,869,250,0,0
943.9899610060734,613,207,0,0
944.0080752831725,1659,106,0,0
944.0110801364872,105,979,0,0
944.018829326892,8013,179,1,0
944.0222473599786,1845,239,0,0
944.0234708229881,1741,102,0,0
944.0236701813911,134,190,0,0
944.0552179805024,1783,163,0,0
944.1689974882145,1035,302,0,0
944.3564456859708,1491,194,0,0
944.6718347634744,563,39,0,0
944.6811009688629,528,125,0,0
944.6893121525729,80,112,0,0
944.7290029336173,392,313,0,0
944.7590671820343,500,237,0,0
944.7593496985438,1320,267,0,0
944.7694681352572,783,653,0,0
944.8614116068502,20,199,0,0
944.8746551331776,1707,202,0,0
945.2199561832019,822,5990,0,1
945.222614667246,681,115,0,0
945.4579938185565,775,5780,0,1
945.4854181891415,1517,2960,0,1
945.4978897117293,698,399,0,0
945.8663859578201,922,422,0,0
945.950983667769,1479,5030,0,1
946.0500657044856,1600,300,0,0
946.0629593722787,25,94,0,0
946.0650476358037,1716,23,0,0
946.1562612275778,1296,490,0,1
946.1567987087969,46,10,0,0
946.1687586639265,23,230,0,0
946.4147541089044,482,193,0,0
946.4212141227064,223,2160,0,1
946.5702780760143,1506,274,0,0
950.4838180872051,161,2170,0,1
950.5002447881058,1732,379,0,0
950.5008254997666,1435,551,0,0
950.5012017834199,1739,184,0,0
950.51254678152,1026,97,0,0
950.5346265568273,1407,173,0,0
950.9760195895018,717,278,0,0
952.8935703849387,1412,6100,0,1
953.0498448246612,1835,504,0,0
953.0664703860125,907,10,0,0
953.0789308758777,661,768,0,0
953.2433196245138,12,768,0,0
953.2466221642449,231,181,0,0
953.3722353771234,72,273,0,0
953.3816233590095,1786,174,0,0
953.3967463593746,129,561,0,0
953.4179706132599,1377,21,0,0
953.6648316033742,1119,233,0,0
953.6675593294357,716,54,0,0
953.6745384365992,295,259,0,0
953.7099812596313,776,149,0,0
953.7283231345492,741,237,0,0
953.7437382592958,1539,250,0,0
953.7632885543438,259,119,0,0
953.7966542501871,1749,583,0,0
953.8781349634634,1632,170,0,0
953.8814786192954,1723,112,0,0
953.8815837981042,761,130,0,0
954.0547056320883,332,14,0,0
954.0709863868607,1315,218,0,0
954.0762077139308,1477,333,0,0
954.0776693654547,274,185,0,0
954.0908002628053,8,643,0,0
954.0963839873835,1436,617,0,0
954.1476426644313,1373,146,0,0
954.4011864319199,378,218,0,0
954.4063524585757,8180,12,1,0
954.4529855853306,1734,231,0,0
954.4554497435801,137,137,0,0
954.4558356151689,453,213,0,0
954.4571478701666,345,79,0,0
954.4588466198408,674,169,0,0
954.5610213710443,7797,395,1,0
954.5847343985625,31,57,0,0
954.5943053413174,7628,564,1,0
954.5950871121918,40,268,0,0
954.5954746413472,49,680,0,0
954.5963106761923,1065,289,0,0
954.6069633789868,397,326,0,0
954.6133249223864,923,102,0,0
954.6143872204328,719,406,0,0
954.6713507649472,1615,75,0,0
954.794533543784,378,216,0,0
954.8184892590201,1656,339,0,0
954.8262019260746,861,29,0,0
954.8316545159923,379,179,0,0
954.854559771374,1323,767,0,0
954.8584492059251,1019,316,0,0
954.9613134384393,686,255,0,0
955.0102270047005,1547,83,0,0
955.0400088182275,676,253,0,0
955.0621801909701,447,226,0,0
955.0694306681963,13,202,0,0
955.1209755718103,1876,186,0,0
955.1448359977018,331,330,0,0
955.1556418873747,1826,79,0,0
955.158760190439,8171,21,1,0
955.1987271078956,1711,258,0,0
955.2101122581535,755,297,0,0
955.239578530133,1908,318,0,0
955.2507622803053,1050,176,0,0
955.5719495737134,41,768,0,0
955.5744713203835,475,88,0,0
955.5761995657876,1561,144,0,0
955.5927017951317,299,506,0,0
955.6021791795977,419,11,0,0
956.3871389792062,579,323,0,0
956.4663245366345,371,635,0,0
956.5784273671444,588,175,0,0
956.7751232134641,10,392,0,0
956.7770247380117,163,156,0,0
956.7869446727145,1502,769,0,0
956.8026217308019,1428,653,0,0
956.838788339064,11,234,0,0
957.3428404441547,1475,4720,0,1
957.4017987417503,6320,342,1,0
957.4029123854681,1142,26,0,0
958.9650817772937,1197,26,0,0
959.0393522602599,54,635,0,0
959.0404434337659,408,472,0,0
959.1588094557239,1493,171,0,0
959.21100852076,584,388,0,0
959.2179407839109,145,468,0,0
959.2391443475109,327,158,0,0
959.2803702991686,1383,354,0,0
959.2806627844706,1047,208,0,0
959.3632438200832,766,127,0,0
959.4177867321066,648,69,0,0
959.4418347637496,1280,415,0,0
959.4436913686384,661,464,0,0
959.4847868344988,19,109,0,0
959.5494351151469,1344,307,0,0
959.6925982456221,782,770,0,0
959.6929872696425,1485,364,0,0
959.7230076646465,469,15,0,0
959.7254310798023,2860,110,0,0
959.7722878785794,1721,696,0,0
959.773036157965,461,117,0,0
959.7774968970836,202,82,0,0
959.7775886322913,380,142,0,0
959.780517799474,827,153,0,0
959.8989838250313,746,457,0,0
959.9020126568217,971,211,0,0
959.9033856043703,1497,299,0,0
959.9063153275872,654,26,0,0
959.9110671572307,789,312,0,0
959.9133856648681,336,26,0,0
959.9229183696123,1385,67,0,0
959.9325600236049,850,248,0,0
959.947503874268,456,93,0,0
960.9719563038971,1131,217,0,0
960.9727042029353,1302,203,0,0
961.1589955887016,481,205,0,0
961.3296514327814,49,113,0,0
961.3298195899051,680,76,0,0
961.64438006313,607,265,0,0
962.284433021301,890,186,0,0
962.3497849852517,758,479,0,0
962.3507270835632,1293,378,0,0
962.3540942313443,1369,304,0,0
962.3734900049716,593,166,0,0
962.5933470392032,998,1650,0,1
962.6123926583755,646,250,0,0
962.6149846437352,239,231,0,0
962.7346139730533,868,259,0,0
962.90187202282,808,490,0,0
962.9660914213795,727,29,0,0
963.0184885326282,848,121,0,0
963.0393539642466,1712,737,0,0
963.0460775555482,1085,280,0,0
963.0489809926054,432,69,0,0
963.0705195365641,111,389,0,0
963.5534039863912,321,350,0,0
969.1731670506805,1663,718,0,0
969.1755471389577,1510,510,0,0
969.1779486529199,1737,333,0,0
969.1858628733894,511,437,0,0
969.189131838121,19,208,0,0
969.1898511066099,12,408,0,0
969.346254352887,435,96,0,0
969.3537777846677,1037,116,0,0
969.3542819206594,1474,486,0,0
969.3636833583861,1873,418,0,0
969.5000315370961,1120,286,0,0
969.5362157518643,1522,159,0,0
969.5441704793614,1123,93,0,0
969.555487590135,1795,3280,0,1
969.6283594500862,1018,2840,0,1
969.9638117395441,4779,128,0,0
970.0271491525091,3910,290,1,0
970.0750235766723,1523,60,0,0
970.1142181210121,199,392,0,0
970.1167865503338,272,249,0,0
970.169987938662,87,495,0,0
970.1824377850024,7694,498,1,0
970.2179779337218,7543,649,1,0
970.2231897714634,1482,302,0,0
970.2446078246978,413,330,0,1
970.2570979066642,1653,173,0,0
970.2573811907752,1284,220,0,0
970.2647278023398,652,372,0,0
970.2858852878161,1697,353,0,0
970.2885887771694,1444,326,0,0
970.2887483694167,513,529,0,0
970.3002786225114,531,727,0,0
970.3751980630961,794,525,0,0
970.3879763389546,547,9,0,0
970.4906636184668,733,960,0,1
970.4916505959267,1857,261,0,0
970.523387570597,831,303,0,0
970.5402415720853,1028,289,0,0
970.5402954912066,1725,28,0,0
970.5593360405252,1602,310,0,1
970.6621362177975,742,16,0,0
970.6675702676317,322,3350,0,1
970.6715834961656,1397,565,0,0
970.6724383567622,163,337,0,0
970.7831815851478,791,318,0,0
970.8140894130997,210,408,0,0
970.8175940413645,231,153,0,0
970.8792899248566,7722,470,1,0
970.89718587006,45,67,0,0
971.3856167191122,520,690,0,1
971.86043508652,176,118,0,0
971.9089655620398,17,32,0,0
971.9127595449552,1240,63,0,0
972.1815381152967,1680,318,0,0
972.1908487679078,1070,38,1,0
972.2104650286713,475,256,0,0
972.225031197802,108,27,0,0
972.239322410094,1040,709,0,0
972.2573037971666,1727,314,0,0
972.2613964516139,3960,363,1,0
972.2688767588724,1825,354,0,0
972.2751251521881,1330,110,0,0
972.2757635930573,380,483,0,0
972.2759824223891,1632,601,0,0
972.2861327059906,1413,210,0,0
972.3009491766426,1808,385,0,0
972.314260260964,40,162,0,0
972.3379600443095,8,278,0,0
972.3701181734837,228,370,0,0
972.3826498641205,176,346,0,0
972.3898959024569,870,368,0,0
972.39628481831,1173,281,0,0
972.4080333864039,74,499,0,0
972.4107611686586,7844,348,1,0
972.4134162120234,321,292,0,0
972.4169133827546,1523,278,0,0
972.4259276222208,1151,115,0,0
972.4350450464193,14,161,0,0
972.477479545846,583,188,0,0
972.4856095678884,1280,651,0,0
972.4899454681592,1933,573,0,0
972.4960731595394,8,99,0,0
972.7004899416537,1283,103,0,0
972.758931188153,341,309,0,0
972.8807120745058,347,80,0,0
972.903574528458,9,281,0,0
972.9646491480413,7983,209,1,0
972.9882647749318,1418,291,0,0
972.996555021968,218,559,0,0
972.9994737648173,1036,479,0,0
973.0052615389162,1019,322,0,0
973.0064785649188,124,118,0,0
973.0160998649026,1279,395,0,0
973.0194342561762,81,38,0,0
973.117061234703,7906,286,1,0
973.4587501299732,551,106,0,0
973.5244198798513,1647,310,0,0
973.5340020225583,418,445,0,0
973.5785401357724,369,63,0,0
973.5793222767358,759,4240,0,1
973.5967047040585,2640,136,1,0
973.5970452280823,469,175,0,0
973.5979036058843,1652,81,0,0
973.6239190226598,1710,84,0,0
973.6696468258763,1496,105,0,0
973.8021276342628,71,156,0,0
973.8061874394106,20,234,0,0
973.9176418079966,209,216,0,0
973.9197627411459,25,98,0,0
973.9263607083836,755,762,0,0
973.9443201776352,704,278,0,0
973.9603810120726,481,424,0,0
974.2311840033462,642,148,0,0
974.2374248789324,1286,328,0,0
974.2488946724171,1175,158,0,0
974.256706469886,239,62,0,0
974.2752664759702,1192,370,0,0
974.2778143613707,107,89,0,0
974.2813595796562,69,718,0,0
974.2818930431348,464,227,0,0
974.3962034423587,40,604,0,0
974.4084418782013,34,623,0,0
975.1447123792078,9,376,0,0
975.1528773913928,842,32,0,0
975.8698551038457,1163,237,0,0
975.8943444214123,1400,255,0,0
975.8967100596261,762,336,0,0
975.9124432220283,590,151,0,0
976.002169301306,526,176,0,0
976.0595637470316,413,8,0,0
976.24825175203,402,248,0,0
976.2592252846416,1525,814,0,0
976.7736032464937,1375,134,0,0
976.8471250874061,475,122,0,0
976.8613596665704,1270,209,0,0
976.8720411034176,804,306,0,0
976.8863304072676,1811,584,0,0
976.8909249242408,62,85,0,0
977.116210081192,1375,148,0,0
977.1463503654643,199,10,0,0
977.1507801368748,416,146,0,0
977.1779002727403,949,23,0,0
977.1823807417956,783,59,0,0
977.2020847368734,462,770,0,0
977.2372127349847,1494,459,0,0
977.427465192022,1439,179,0,0
977.4531035640323,437,175,0,0
977.4685898398591,40,374,0,0
977.4749735297298,1750,161,0,0
977.4860630587378,543,270,0,0
977.4909276862677,7720,291,1,0
977.4951748756675,1330,136,0,0
977.4983946948142,435,141,0,0
977.5439196110002,1736,303,0,0
978.7912322659998,61,140,0,0
978.7933693210118,355,319,0,0
978.8468272456181,227,32,0,0
978.8626573967535,11,389,0,0
978.8777658573983,14,523,0,0
978.9493377219635,874,438,0,0
980.6007211225293,426,117,0,0
981.8237103369768,1598,4210,0,1
981.8251120947103,370,4450,0,1
982.0144160685262,196,200,0,0
982.0249613262575,584,515,0,0
982.0730161310247,770,354,0,0
982.0818328839957,1411,83,0,0
982.231056443488,1302,379,0,0
982.2322582689944,672,406,0,0
982.2478891348991,1098,215,0,0
982.2601281345444,45,409,0,0
982.2652442203397,272,70,0,0
982.2727810459162,1503,402,0,0
982.4310145738932,1561,74,0,0
982.4326854244089,1762,264,0,0
982.5736367736041,324,195,0,0
982.6376424415945,1453,674,0,0
982.7058901427324,768,766,0,0
982.7206113738027,1116,296,0,0
982.7267393051757,124,102,0,0
982.7323486433909,1345,1700,0,1
982.7667159883517,1052,412,0,0
982.9866990757895,875,239,0,0
983.005575552302,290,288,0,0
983.1408499148067,777,566,0,0
983.1457610543213,320,419,1,0
983.1523914277718,708,23,0,0
983.1712081557132,1874,332,0,0
983.1850764658955,693,737,0,0
983.4000864446859,394,263,0,0
983.4274202033134,1636,175,0,0
983.4388698033084,1539,376,0,0
983.4844136603401,61,389,0,0
983.7846658778349,34,462,0,0
983.9082296163901,851,259,0,0
984.9303250368681,769,5710,0,1
985.0052138609735,36,308,0,0
985.0056504576277,308,625,0,0
985.0131766553504,478,150,0,0
985.0286961227582,751,149,0,0
985.0452399637071,1803,78,0,0
985.1750876088561,1606,410,0,0
985.231621763231,204,70,0,0
985.2547714937223,271,216,0,0
985.5176530606786,918,332,0,0
985.5215862964178,59,323,0,0
985.5487185368353,478,158,0,0
985.5494565417907,6,64,0,0
985.9408516685661,80,36,0,0
985.9415462660842,1252,485,0,0
986.0291964654951,1806,333,0,0
986.0531843190852,316,134,0,0
986.078952134637,7831,361,1,0
986.1097708193528,1927,2200,0,1
986.1207445992047,372,206,0,0
989.1449994411871,209,21,0,0
989.1651886080438,45,368,0,0
989.1725770105028,870,299,0,0
990.9985311655437,543,175,0,0
991.0936725578057,444,68,0,0
991.095768081445,92,128,0,0
991.1458973864039,66,6,0,0
991.164532799818,512,123,0,0
991.2703956699582,1446,170,0,1
991.2850252303101,1658,238,0,0
991.3019171318199,7989,203,1,0
991.3216022725345,956,38,0,0
991.3259334559995,1872,66,0,0
991.8889785470905,455,164,0,0
991.9321646801131,304,317,0,0
991.9662438044084,338,228,0,0
991.9950671993984,10,366,0,0
992.0238743776943,469,347,0,0
992.0324763109207,1485,129,0,0
992.1593608146111,865,42,0,0
992.1801464972033,509,316,0,0
992.1821955829154,1146,44,0,0
992.2009969996487,1046,532,0,0
992.2362212745293,1025,390,0,0
992.3411963832242,1621,133,0,0
992.3475236562521,311,223,0,0
992.3492934249784,23,660,0,0
992.4153429300732,926,123,0,0
992.4626010926374,49,350,0,0
992.6019482090423,1818,310,0,0
992.6653417629257,1032,244,0,0
992.7215257995906,1675,1220,0,1
992.7281175643815,1746,535,0,0
992.7584808664693,1168,251,0,0
992.7668710002524,1662,132,0,0
992.8431990136916,543,468,0,0
992.8496847556479,480,62,0,0
992.8636551101654,445,241,0,0
992.8714860292617,575,547,0,0
992.8772874913982,429,368,0,0
992.8795862709696,2990,366,1,0
997.1429513332185,668,255,0,0
997.1485680928828,1459,485,0,0
997.1526644115819,14,356,0,0
997.1739620075517,7562,630,1,0
997.1826576072655,9,186,0,0
997.185334847719,1193,403,0,0
997.3088960323728,770,304,0,0
997.3148813406834,516,106,0,0
997.3229792790128,11,2960,0,1
997.5091106145129,140,27,0,0
997.5338014441609,21,113,0,0
997.6321362387986,325,277,0,0
997.7911938903787,121,142,0,0
997.7949879814078,6,259,0,0
997.8810636377505,1564,38,0,0
997.9743831295402,553,165,0,0
998.0165777304109,1201,362,0,0
998.0742684671324,1147,180,0,1
998.0776712724131,1592,644,0,0
998.0813735432685,1527,140,0,0
998.0890140550291,10,4680,0,1
998.1022923375357,971,429,0,0
998.1063083290031,67,197,0,0
999.7129743203836,428,272,0,0
999.7646634359131,1140,356,0,0
999.8215316852002,667,159,0,0
